Pedido;Logger;Tipo Datalogger;Agente;Motorista;UF;Data de Entrega;Status Retorno;UF Destino;Cidade Destino;Destinatario;Ultimo_Historico
569040;A0239;ARES;BEL - MH FROTA TRANSPORTE;;PA;21/09/2026 18:30:00;Pendente de Retorno;PA;Belem;AYLA ANDRADE LOBO MONTEIRO;26/06/2026 17:35:14
569027;TA0183;ARES;BEL - MH FROTA TRANSPORTE;;PA;21/09/2026 18:28:00;Pendente de Retorno;PA;Belem;LETICIA DE SOUZA BRAGA;21/09/2026 18:28:00
569118;A5094;ARES;CGR - LH TRANSPORTES;;MS;21/09/2026 18:15:29;Pendente de Retorno;MS;Campo Grande;LETÍCIA TOSTA CARVALHO - 00737.024203/2022-09;22/07/2026 09:01:36
568026;A0189;ARES;MCZ - MCZ EXPRESS SERVICE LTDA;;AL;21/09/2026 17:27:04;Pendente de Retorno;AL;Maceio;SECRETARIA DE ESTADO DA SAUDE;27/07/2026 16:48:01
568026;A3663;ARES;MCZ - MCZ EXPRESS SERVICE LTDA;;AL;21/09/2026 17:27:04;Pendente de Retorno;AL;Maceio;SECRETARIA DE ESTADO DA SAUDE;01/07/2026 13:19:30
568026;A3677;ARES;MCZ - MCZ EXPRESS SERVICE LTDA;;AL;21/09/2026 17:27:04;Pendente de Retorno;AL;Maceio;SECRETARIA DE ESTADO DA SAUDE;21/07/2026 00:01:41
568026;A4618;ARES;MCZ - MCZ EXPRESS SERVICE LTDA;;AL;21/09/2026 17:27:04;Pendente de Retorno;AL;Maceio;SECRETARIA DE ESTADO DA SAUDE;25/07/2026 21:24:55
568038;A4593;ARES;MCZ - MCZ EXPRESS SERVICE LTDA;;AL;21/09/2026 17:15:32;Pendente de Retorno;AL;Maceio;SECRETARIA DE ESTADO DA SAUDE;23/06/2026 17:10:26
568201;0741700248;ARES;VTCLOG CNF - CONTAGEM;;MG;21/09/2026 16:46:29;Pendente de Retorno;MG;Contagem;SEC EST DA SAUDE - MG 9003799;21/09/2026 16:46:29
568201;A2152;ARES;VTCLOG CNF - CONTAGEM;;MG;21/09/2026 16:46:29;Pendente de Retorno;MG;Contagem;SEC EST DA SAUDE - MG 9003799;29/06/2026 16:53:55
568201;A6303;ARES;VTCLOG CNF - CONTAGEM;;MG;21/09/2026 16:46:29;Pendente de Retorno;MG;Contagem;SEC EST DA SAUDE - MG 9003799;13/07/2026 08:41:55
568201;A9259;ARES;VTCLOG CNF - CONTAGEM;;MG;21/09/2026 16:46:29;Pendente de Retorno;MG;Contagem;SEC EST DA SAUDE - MG 9003799;18/07/2026 10:15:06
568201;TA0451;ARES;VTCLOG CNF - CONTAGEM;;MG;21/09/2026 16:46:29;Pendente de Retorno;MG;Contagem;SEC EST DA SAUDE - MG 9003799;02/07/2026 17:04:38
567987;0741700049;ARES;VTCLOG CNF - CONTAGEM;;MG;21/09/2026 16:35:58;Pendente de Retorno;MG;Contagem;HEMOCENTRO COORDENADOR DE MINAS GERAIS - ALMOXARIF;21/09/2026 16:35:58
567987;0741700195;ARES;VTCLOG CNF - CONTAGEM;;MG;21/09/2026 16:35:58;Pendente de Retorno;MG;Contagem;HEMOCENTRO COORDENADOR DE MINAS GERAIS - ALMOXARIF;21/09/2026 16:35:58
567987;0741700492;ARES;VTCLOG CNF - CONTAGEM;;MG;21/09/2026 16:35:58;Pendente de Retorno;MG;Contagem;HEMOCENTRO COORDENADOR DE MINAS GERAIS - ALMOXARIF;21/09/2026 16:35:58
567987;0741700945;ARES;VTCLOG CNF - CONTAGEM;;MG;21/09/2026 16:35:58;Pendente de Retorno;MG;Contagem;HEMOCENTRO COORDENADOR DE MINAS GERAIS - ALMOXARIF;21/09/2026 16:35:58
567987;A0158;ARES;VTCLOG CNF - CONTAGEM;;MG;21/09/2026 16:35:58;Pendente de Retorno;MG;Contagem;HEMOCENTRO COORDENADOR DE MINAS GERAIS - ALMOXARIF;27/07/2026 17:16:08
567987;A0276;ARES;VTCLOG CNF - CONTAGEM;;MG;21/09/2026 16:35:58;Pendente de Retorno;MG;Contagem;HEMOCENTRO COORDENADOR DE MINAS GERAIS - ALMOXARIF;28/07/2026 03:03:34
567987;A0641;ARES;VTCLOG CNF - CONTAGEM;;MG;21/09/2026 16:35:58;Pendente de Retorno;MG;Contagem;HEMOCENTRO COORDENADOR DE MINAS GERAIS - ALMOXARIF;21/09/2026 16:35:58
567987;A1158;ARES;VTCLOG CNF - CONTAGEM;;MG;21/09/2026 16:35:58;Pendente de Retorno;MG;Contagem;HEMOCENTRO COORDENADOR DE MINAS GERAIS - ALMOXARIF;21/09/2026 16:35:58
567987;A1275;ARES;VTCLOG CNF - CONTAGEM;;MG;21/09/2026 16:35:58;Pendente de Retorno;MG;Contagem;HEMOCENTRO COORDENADOR DE MINAS GERAIS - ALMOXARIF;23/07/2026 20:42:45
567987;A1290;ARES;VTCLOG CNF - CONTAGEM;;MG;21/09/2026 16:35:58;Pendente de Retorno;MG;Contagem;HEMOCENTRO COORDENADOR DE MINAS GERAIS - ALMOXARIF;21/07/2026 17:45:32
567987;A1390;ARES;VTCLOG CNF - CONTAGEM;;MG;21/09/2026 16:35:58;Pendente de Retorno;MG;Contagem;HEMOCENTRO COORDENADOR DE MINAS GERAIS - ALMOXARIF;21/07/2026 09:44:12
567987;A1881;ARES;VTCLOG CNF - CONTAGEM;;MG;21/09/2026 16:35:58;Pendente de Retorno;MG;Contagem;HEMOCENTRO COORDENADOR DE MINAS GERAIS - ALMOXARIF;27/06/2026 10:56:31
567987;A3289;ARES;VTCLOG CNF - CONTAGEM;;MG;21/09/2026 16:35:58;Pendente de Retorno;MG;Contagem;HEMOCENTRO COORDENADOR DE MINAS GERAIS - ALMOXARIF;08/07/2026 08:00:17
567987;A3666;ARES;VTCLOG CNF - CONTAGEM;;MG;21/09/2026 16:35:58;Pendente de Retorno;MG;Contagem;HEMOCENTRO COORDENADOR DE MINAS GERAIS - ALMOXARIF;21/07/2026 17:29:45
567987;A3712;ARES;VTCLOG CNF - CONTAGEM;;MG;21/09/2026 16:35:58;Pendente de Retorno;MG;Contagem;HEMOCENTRO COORDENADOR DE MINAS GERAIS - ALMOXARIF;25/07/2026 22:23:58
567987;A3783;ARES;VTCLOG CNF - CONTAGEM;;MG;21/09/2026 16:35:58;Pendente de Retorno;MG;Contagem;HEMOCENTRO COORDENADOR DE MINAS GERAIS - ALMOXARIF;23/06/2026 17:10:19
567987;A4274;ARES;VTCLOG CNF - CONTAGEM;;MG;21/09/2026 16:35:58;Pendente de Retorno;MG;Contagem;HEMOCENTRO COORDENADOR DE MINAS GERAIS - ALMOXARIF;21/07/2026 17:29:42
567987;A4384;ARES;VTCLOG CNF - CONTAGEM;;MG;21/09/2026 16:35:58;Pendente de Retorno;MG;Contagem;HEMOCENTRO COORDENADOR DE MINAS GERAIS - ALMOXARIF;14/07/2026 14:38:13
567987;A5011;ARES;VTCLOG CNF - CONTAGEM;;MG;21/09/2026 16:35:58;Pendente de Retorno;MG;Contagem;HEMOCENTRO COORDENADOR DE MINAS GERAIS - ALMOXARIF;21/09/2026 16:35:58
567987;A5254;ARES;VTCLOG CNF - CONTAGEM;;MG;21/09/2026 16:35:58;Pendente de Retorno;MG;Contagem;HEMOCENTRO COORDENADOR DE MINAS GERAIS - ALMOXARIF;18/07/2026 08:02:33
567987;A5522;ARES;VTCLOG CNF - CONTAGEM;;MG;21/09/2026 16:35:58;Pendente de Retorno;MG;Contagem;HEMOCENTRO COORDENADOR DE MINAS GERAIS - ALMOXARIF;21/07/2026 09:42:02
567987;A5728;ARES;VTCLOG CNF - CONTAGEM;;MG;21/09/2026 16:35:58;Pendente de Retorno;MG;Contagem;HEMOCENTRO COORDENADOR DE MINAS GERAIS - ALMOXARIF;28/07/2026 03:01:33
567987;A6033;ARES;VTCLOG CNF - CONTAGEM;;MG;21/09/2026 16:35:58;Pendente de Retorno;MG;Contagem;HEMOCENTRO COORDENADOR DE MINAS GERAIS - ALMOXARIF;27/07/2026 15:38:53
567987;A6266;ARES;VTCLOG CNF - CONTAGEM;;MG;21/09/2026 16:35:58;Pendente de Retorno;MG;Contagem;HEMOCENTRO COORDENADOR DE MINAS GERAIS - ALMOXARIF;29/06/2026 17:05:16
567987;A6316;ARES;VTCLOG CNF - CONTAGEM;;MG;21/09/2026 16:35:58;Pendente de Retorno;MG;Contagem;HEMOCENTRO COORDENADOR DE MINAS GERAIS - ALMOXARIF;18/07/2026 10:11:55
567987;A6397;ARES;VTCLOG CNF - CONTAGEM;;MG;21/09/2026 16:35:58;Pendente de Retorno;MG;Contagem;HEMOCENTRO COORDENADOR DE MINAS GERAIS - ALMOXARIF;28/07/2026 03:01:28
567987;A6691;ARES;VTCLOG CNF - CONTAGEM;;MG;21/09/2026 16:35:58;Pendente de Retorno;MG;Contagem;HEMOCENTRO COORDENADOR DE MINAS GERAIS - ALMOXARIF;27/07/2026 12:29:21
567987;A6739;ARES;VTCLOG CNF - CONTAGEM;;MG;21/09/2026 16:35:58;Pendente de Retorno;MG;Contagem;HEMOCENTRO COORDENADOR DE MINAS GERAIS - ALMOXARIF;13/07/2026 16:47:34
567987;A6811;ARES;VTCLOG CNF - CONTAGEM;;MG;21/09/2026 16:35:58;Pendente de Retorno;MG;Contagem;HEMOCENTRO COORDENADOR DE MINAS GERAIS - ALMOXARIF;18/07/2026 10:19:04
567987;A6930;ARES;VTCLOG CNF - CONTAGEM;;MG;21/09/2026 16:35:58;Pendente de Retorno;MG;Contagem;HEMOCENTRO COORDENADOR DE MINAS GERAIS - ALMOXARIF;21/07/2026 17:20:17
567987;A7064;ARES;VTCLOG CNF - CONTAGEM;;MG;21/09/2026 16:35:58;Pendente de Retorno;MG;Contagem;HEMOCENTRO COORDENADOR DE MINAS GERAIS - ALMOXARIF;13/07/2026 16:50:45
567987;A7336;ARES;VTCLOG CNF - CONTAGEM;;MG;21/09/2026 16:35:58;Pendente de Retorno;MG;Contagem;HEMOCENTRO COORDENADOR DE MINAS GERAIS - ALMOXARIF;22/07/2026 23:45:37
567987;A7478;ARES;VTCLOG CNF - CONTAGEM;;MG;21/09/2026 16:35:58;Pendente de Retorno;MG;Contagem;HEMOCENTRO COORDENADOR DE MINAS GERAIS - ALMOXARIF;17/07/2026 15:30:13
567987;A7746;ARES;VTCLOG CNF - CONTAGEM;;MG;21/09/2026 16:35:58;Pendente de Retorno;MG;Contagem;HEMOCENTRO COORDENADOR DE MINAS GERAIS - ALMOXARIF;21/07/2026 17:46:00
567987;A7961;ARES;VTCLOG CNF - CONTAGEM;;MG;21/09/2026 16:35:58;Pendente de Retorno;MG;Contagem;HEMOCENTRO COORDENADOR DE MINAS GERAIS - ALMOXARIF;18/07/2026 08:02:22
567987;A8196;ARES;VTCLOG CNF - CONTAGEM;;MG;21/09/2026 16:35:58;Pendente de Retorno;MG;Contagem;HEMOCENTRO COORDENADOR DE MINAS GERAIS - ALMOXARIF;29/06/2026 16:17:28
567987;A8429;ARES;VTCLOG CNF - CONTAGEM;;MG;21/09/2026 16:35:58;Pendente de Retorno;MG;Contagem;HEMOCENTRO COORDENADOR DE MINAS GERAIS - ALMOXARIF;10/07/2026 02:09:11
567987;A8573;ARES;VTCLOG CNF - CONTAGEM;;MG;21/09/2026 16:35:58;Pendente de Retorno;MG;Contagem;HEMOCENTRO COORDENADOR DE MINAS GERAIS - ALMOXARIF;21/07/2026 17:25:15
567987;A8583;ARES;VTCLOG CNF - CONTAGEM;;MG;21/09/2026 16:35:58;Pendente de Retorno;MG;Contagem;HEMOCENTRO COORDENADOR DE MINAS GERAIS - ALMOXARIF;15/07/2026 21:27:58
567987;A8700;ARES;VTCLOG CNF - CONTAGEM;;MG;21/09/2026 16:35:58;Pendente de Retorno;MG;Contagem;HEMOCENTRO COORDENADOR DE MINAS GERAIS - ALMOXARIF;01/07/2026 08:23:53
567987;A9280;ARES;VTCLOG CNF - CONTAGEM;;MG;21/09/2026 16:35:58;Pendente de Retorno;MG;Contagem;HEMOCENTRO COORDENADOR DE MINAS GERAIS - ALMOXARIF;10/06/2026 11:30:21
567987;A9588;ARES;VTCLOG CNF - CONTAGEM;;MG;21/09/2026 16:35:58;Pendente de Retorno;MG;Contagem;HEMOCENTRO COORDENADOR DE MINAS GERAIS - ALMOXARIF;13/07/2026 16:47:27
567987;A9618;ARES;VTCLOG CNF - CONTAGEM;;MG;21/09/2026 16:35:58;Pendente de Retorno;MG;Contagem;HEMOCENTRO COORDENADOR DE MINAS GERAIS - ALMOXARIF;13/07/2026 08:41:19
567987;A9676;ARES;VTCLOG CNF - CONTAGEM;;MG;21/09/2026 16:35:58;Pendente de Retorno;MG;Contagem;HEMOCENTRO COORDENADOR DE MINAS GERAIS - ALMOXARIF;15/07/2026 10:53:11
567987;TA0010;ARES;VTCLOG CNF - CONTAGEM;;MG;21/09/2026 16:35:58;Pendente de Retorno;MG;Contagem;HEMOCENTRO COORDENADOR DE MINAS GERAIS - ALMOXARIF;28/07/2026 03:02:30
567987;TA0090;ARES;VTCLOG CNF - CONTAGEM;;MG;21/09/2026 16:35:58;Pendente de Retorno;MG;Contagem;HEMOCENTRO COORDENADOR DE MINAS GERAIS - ALMOXARIF;21/09/2026 16:35:58
567987;TA0355;ARES;VTCLOG CNF - CONTAGEM;;MG;21/09/2026 16:35:58;Pendente de Retorno;MG;Contagem;HEMOCENTRO COORDENADOR DE MINAS GERAIS - ALMOXARIF;21/09/2026 16:35:58
567987;TA1023;ARES;VTCLOG CNF - CONTAGEM;;MG;21/09/2026 16:35:58;Pendente de Retorno;MG;Contagem;HEMOCENTRO COORDENADOR DE MINAS GERAIS - ALMOXARIF;21/07/2026 09:41:32
569148;0741700086;ARES;VTCLOG - GRU;;SP;21/09/2026 16:31:55;Pendente de Retorno;SP;Franca;ALICE GUEDES STEFANI 00737.025048/2023-11;21/09/2026 16:31:55
569154;A8146;ARES;VTCLOG - GRU;;SP;21/09/2026 16:04:00;Pendente de Retorno;SP;SAO PAULO;GABRIEL LIMA MARQUES 00737.027423/2023-67;17/07/2026 08:33:36
569069;0741700760;ARES;VTCLOG - GRU;;SP;21/09/2026 15:52:00;Pendente de Retorno;SP;SAO PAULO;NATAN TEODORO MATTOS - 00737.014641/2024-12;21/09/2026 15:52:00
568274;A8551;ARES;SLZ - REIS CAVALCANTE EXPRESSO;;MA;21/09/2026 15:49:44;Pendente de Retorno;MA;Sao Luis;HOSPITAL MACRORREGIONAL DRA RUTH NOLETO;23/07/2026 21:14:27
569112;V741701204;SHIELD;VTCLOG - GRU;;SP;21/09/2026 15:42:00;Pendente de Retorno;SP;SAO PAULO;GABRIEL LUCAS BATISTA DA COSTA SEI 00737.016076/20;21/09/2026 15:42:00
567757;0741700336;ARES;BVB - J PIMENTEL S. CUNHA LTDA;;RR;21/09/2026 15:40:00;Pendente de Retorno;RR;Boa Vista;HEMOCENTRO COORDENADOR DE RORAIMA RR;21/09/2026 15:40:00
567757;0741700394;ARES;BVB - J PIMENTEL S. CUNHA LTDA;;RR;21/09/2026 15:40:00;Pendente de Retorno;RR;Boa Vista;HEMOCENTRO COORDENADOR DE RORAIMA RR;21/09/2026 15:40:00
567757;0741700514;ARES;BVB - J PIMENTEL S. CUNHA LTDA;;RR;21/09/2026 15:40:00;Pendente de Retorno;RR;Boa Vista;HEMOCENTRO COORDENADOR DE RORAIMA RR;21/09/2026 15:40:00
567757;0741700807;ARES;BVB - J PIMENTEL S. CUNHA LTDA;;RR;21/09/2026 15:40:00;Pendente de Retorno;RR;Boa Vista;HEMOCENTRO COORDENADOR DE RORAIMA RR;21/09/2026 15:40:00
567757;A0727;ARES;BVB - J PIMENTEL S. CUNHA LTDA;;RR;21/09/2026 15:40:00;Pendente de Retorno;RR;Boa Vista;HEMOCENTRO COORDENADOR DE RORAIMA RR;22/07/2026 09:01:40
567757;A0854;ARES;BVB - J PIMENTEL S. CUNHA LTDA;;RR;21/09/2026 15:40:00;Pendente de Retorno;RR;Boa Vista;HEMOCENTRO COORDENADOR DE RORAIMA RR;23/07/2026 20:46:13
567757;A1299;ARES;BVB - J PIMENTEL S. CUNHA LTDA;;RR;21/09/2026 15:40:00;Pendente de Retorno;RR;Boa Vista;HEMOCENTRO COORDENADOR DE RORAIMA RR;22/07/2026 21:44:48
567757;A2815;ARES;BVB - J PIMENTEL S. CUNHA LTDA;;RR;21/09/2026 15:40:00;Pendente de Retorno;RR;Boa Vista;HEMOCENTRO COORDENADOR DE RORAIMA RR;29/06/2026 17:04:24
567757;A3580;ARES;BVB - J PIMENTEL S. CUNHA LTDA;;RR;21/09/2026 15:40:00;Pendente de Retorno;RR;Boa Vista;HEMOCENTRO COORDENADOR DE RORAIMA RR;17/07/2026 07:37:18
567757;A3838;ARES;BVB - J PIMENTEL S. CUNHA LTDA;;RR;21/09/2026 15:40:00;Pendente de Retorno;RR;Boa Vista;HEMOCENTRO COORDENADOR DE RORAIMA RR;27/07/2026 17:13:01
567757;A4113;ARES;BVB - J PIMENTEL S. CUNHA LTDA;;RR;21/09/2026 15:40:00;Pendente de Retorno;RR;Boa Vista;HEMOCENTRO COORDENADOR DE RORAIMA RR;14/07/2026 14:40:03
567757;A4727;ARES;BVB - J PIMENTEL S. CUNHA LTDA;;RR;21/09/2026 15:40:00;Pendente de Retorno;RR;Boa Vista;HEMOCENTRO COORDENADOR DE RORAIMA RR;27/06/2026 10:44:44
567757;A5386;ARES;BVB - J PIMENTEL S. CUNHA LTDA;;RR;21/09/2026 15:40:00;Pendente de Retorno;RR;Boa Vista;HEMOCENTRO COORDENADOR DE RORAIMA RR;21/07/2026 17:28:42
567757;A5769;ARES;BVB - J PIMENTEL S. CUNHA LTDA;;RR;21/09/2026 15:40:00;Pendente de Retorno;RR;Boa Vista;HEMOCENTRO COORDENADOR DE RORAIMA RR;13/07/2026 16:32:55
567757;A6242;ARES;BVB - J PIMENTEL S. CUNHA LTDA;;RR;21/09/2026 15:40:00;Pendente de Retorno;RR;Boa Vista;HEMOCENTRO COORDENADOR DE RORAIMA RR;27/07/2026 16:42:27
567757;A7302;ARES;BVB - J PIMENTEL S. CUNHA LTDA;;RR;21/09/2026 15:40:00;Pendente de Retorno;RR;Boa Vista;HEMOCENTRO COORDENADOR DE RORAIMA RR;21/07/2026 17:46:50
567757;A7668;ARES;BVB - J PIMENTEL S. CUNHA LTDA;;RR;21/09/2026 15:40:00;Pendente de Retorno;RR;Boa Vista;HEMOCENTRO COORDENADOR DE RORAIMA RR;22/07/2026 08:59:14
567757;A7760;ARES;BVB - J PIMENTEL S. CUNHA LTDA;;RR;21/09/2026 15:40:00;Pendente de Retorno;RR;Boa Vista;HEMOCENTRO COORDENADOR DE RORAIMA RR;27/07/2026 15:22:39
567757;A8270;ARES;BVB - J PIMENTEL S. CUNHA LTDA;;RR;21/09/2026 15:40:00;Pendente de Retorno;RR;Boa Vista;HEMOCENTRO COORDENADOR DE RORAIMA RR;27/07/2026 12:29:47
567757;A8968;ARES;BVB - J PIMENTEL S. CUNHA LTDA;;RR;21/09/2026 15:40:00;Pendente de Retorno;RR;Boa Vista;HEMOCENTRO COORDENADOR DE RORAIMA RR;22/07/2026 09:29:25
567757;TA0441;ARES;BVB - J PIMENTEL S. CUNHA LTDA;;RR;21/09/2026 15:40:00;Pendente de Retorno;RR;Boa Vista;HEMOCENTRO COORDENADOR DE RORAIMA RR;21/07/2026 17:31:17
567757;TA0533;ARES;BVB - J PIMENTEL S. CUNHA LTDA;;RR;21/09/2026 15:40:00;Pendente de Retorno;RR;Boa Vista;HEMOCENTRO COORDENADOR DE RORAIMA RR;24/07/2026 08:33:50
567757;TA0993;ARES;BVB - J PIMENTEL S. CUNHA LTDA;;RR;21/09/2026 15:40:00;Pendente de Retorno;RR;Boa Vista;HEMOCENTRO COORDENADOR DE RORAIMA RR;20/07/2026 11:21:11
568749;A0075;ARES;MCP - A A CARVALHO ROCHA ME;;AP;21/09/2026 15:29:14;Pendente de Retorno;AP;Macapa;COORDENAÇÃO ESTADUAL DST/AIDS - ALMOXARIFADO - AP;23/07/2026 00:30:10
568749;A7409;ARES;MCP - A A CARVALHO ROCHA ME;;AP;21/09/2026 15:29:14;Pendente de Retorno;AP;Macapa;COORDENAÇÃO ESTADUAL DST/AIDS - ALMOXARIFADO - AP;21/09/2026 15:29:14
568749;A8368;ARES;MCP - A A CARVALHO ROCHA ME;;AP;21/09/2026 15:29:14;Pendente de Retorno;AP;Macapa;COORDENAÇÃO ESTADUAL DST/AIDS - ALMOXARIFADO - AP;15/05/2026 14:43:30
568749;TA0016;ARES;MCP - A A CARVALHO ROCHA ME;;AP;21/09/2026 15:29:14;Pendente de Retorno;AP;Macapa;COORDENAÇÃO ESTADUAL DST/AIDS - ALMOXARIFADO - AP;27/07/2026 15:27:12
569231;A7456;ARES;VTCLOG - GRU;;SP;21/09/2026 15:23:00;Pendente de Retorno;SP;Franco da Rocha;HELENA FREITAS MONTEIRO;26/07/2026 20:50:18
567503;A6190;ARES;NAT - CSM CARGO;;RN;21/09/2026 15:00:00;Pendente de Retorno;RN;Natal;ALMOXARIFADO ESTADUAL DE MEDICAMENTOS;20/07/2026 09:49:56
568125;A6498;ARES;SSA - LUTY LOG;;BA;21/09/2026 14:56:39;Pendente de Retorno;BA;Salvador;BAHIA SSA GABINETE DO SECRETARIO;27/07/2026 15:27:39
568273;A7364;ARES;FOR - NT TRANSPORTE LTDA;;CE;21/09/2026 14:50:00;Pendente de Retorno;CE;Maracanau;ALMOXARIFADO ESTADUAL DE MEDICAMENTOS;18/07/2026 10:20:17
568273;A9303;ARES;FOR - NT TRANSPORTE LTDA;;CE;21/09/2026 14:50:00;Pendente de Retorno;CE;Maracanau;ALMOXARIFADO ESTADUAL DE MEDICAMENTOS;18/07/2026 10:10:06
568132;A9448;ARES;FOR - NT TRANSPORTE LTDA;;CE;21/09/2026 14:50:00;Pendente de Retorno;CE;Maracanau;ALMOXARIFADO ESTADUAL DE MEDICAMENTOS;26/07/2026 20:51:55
568132;TA1047;ARES;FOR - NT TRANSPORTE LTDA;;CE;21/09/2026 14:50:00;Pendente de Retorno;CE;Maracanau;ALMOXARIFADO ESTADUAL DE MEDICAMENTOS;06/07/2026 10:45:38
568959;A8639;ARES;AJU - CASSIMIRO TRANSPORTES;;SE;21/09/2026 14:47:42;Pendente de Retorno;SE;Aracaju;ATAÍDE SANTIAGO BARROS;27/07/2026 10:02:52
569232;V741701140;SHIELD;AJU - CASSIMIRO TRANSPORTES;;SE;21/09/2026 14:38:53;Pendente de Retorno;SE;Aracaju;MATHEUS BORGES DO NASCIMENTO GONCALVES 0;21/09/2026 14:38:53
569092;V741701358;SHIELD;VTCLOG - GRU;;SP;21/09/2026 14:18:00;Pendente de Retorno;SP;Barretos;SANTA CASA DA MISERICÓRDIA DE BARRETOS;21/09/2026 14:18:00
569226;V741701436;SHIELD;VTCLOG - GRU;;SP;21/09/2026 14:17:00;Retornado;SP;Bertioga;GAEL KURIBAIASHI NASCIMENTO;21/09/2026 23:06:17
569079;A4293;ARES;VTCLOG - GRU;;SP;21/09/2026 14:16:00;Pendente de Retorno;SP;Barretos;SANTA CASA DA MISERICÓRDIA DE BARRETOS;21/07/2026 09:42:05
568761;0741700123;ARES;VIX - SOULOG EXPRESS;;ES;21/09/2026 14:04:16;Retornado;ES;VITORIA;LABORATORIO CENTRAL SAUDE PUBLICA ESPIRITO SANTO -;21/09/2026 16:25:55
568761;0741700367;ARES;VIX - SOULOG EXPRESS;;ES;21/09/2026 14:04:16;Retornado;ES;VITORIA;LABORATORIO CENTRAL SAUDE PUBLICA ESPIRITO SANTO -;21/09/2026 16:25:41
568761;0741700558;ARES;VIX - SOULOG EXPRESS;;ES;21/09/2026 14:04:16;Retornado;ES;VITORIA;LABORATORIO CENTRAL SAUDE PUBLICA ESPIRITO SANTO -;21/09/2026 16:22:21
568761;0741700585;ARES;VIX - SOULOG EXPRESS;;ES;21/09/2026 14:04:16;Pendente de Retorno;ES;VITORIA;LABORATORIO CENTRAL SAUDE PUBLICA ESPIRITO SANTO -;21/09/2026 14:04:16
568761;0741700802;ARES;VIX - SOULOG EXPRESS;;ES;21/09/2026 14:04:16;Retornado;ES;VITORIA;LABORATORIO CENTRAL SAUDE PUBLICA ESPIRITO SANTO -;21/09/2026 16:21:01
568761;A0188;ARES;VIX - SOULOG EXPRESS;;ES;21/09/2026 14:04:16;Pendente de Retorno;ES;VITORIA;LABORATORIO CENTRAL SAUDE PUBLICA ESPIRITO SANTO -;27/07/2026 17:09:19
568761;A0310;ARES;VIX - SOULOG EXPRESS;;ES;21/09/2026 14:04:16;Pendente de Retorno;ES;VITORIA;LABORATORIO CENTRAL SAUDE PUBLICA ESPIRITO SANTO -;24/07/2026 08:35:49
568761;A1464;ARES;VIX - SOULOG EXPRESS;;ES;21/09/2026 14:04:16;Pendente de Retorno;ES;VITORIA;LABORATORIO CENTRAL SAUDE PUBLICA ESPIRITO SANTO -;24/07/2026 15:22:42
568761;A1632;ARES;VIX - SOULOG EXPRESS;;ES;21/09/2026 14:04:16;Pendente de Retorno;ES;VITORIA;LABORATORIO CENTRAL SAUDE PUBLICA ESPIRITO SANTO -;18/07/2026 10:13:46
568761;A1817;ARES;VIX - SOULOG EXPRESS;;ES;21/09/2026 14:04:16;Pendente de Retorno;ES;VITORIA;LABORATORIO CENTRAL SAUDE PUBLICA ESPIRITO SANTO -;22/07/2026 09:29:23
568761;A2080;ARES;VIX - SOULOG EXPRESS;;ES;21/09/2026 14:04:16;Retornado;ES;VITORIA;LABORATORIO CENTRAL SAUDE PUBLICA ESPIRITO SANTO -;21/09/2026 16:23:17
568761;A2271;ARES;VIX - SOULOG EXPRESS;;ES;21/09/2026 14:04:16;Retornado;ES;VITORIA;LABORATORIO CENTRAL SAUDE PUBLICA ESPIRITO SANTO -;21/09/2026 16:14:17
568761;A2419;ARES;VIX - SOULOG EXPRESS;;ES;21/09/2026 14:04:16;Pendente de Retorno;ES;VITORIA;LABORATORIO CENTRAL SAUDE PUBLICA ESPIRITO SANTO -;21/07/2026 17:43:49
568761;A2503;ARES;VIX - SOULOG EXPRESS;;ES;21/09/2026 14:04:16;Pendente de Retorno;ES;VITORIA;LABORATORIO CENTRAL SAUDE PUBLICA ESPIRITO SANTO -;27/07/2026 03:15:13
568761;A2868;ARES;VIX - SOULOG EXPRESS;;ES;21/09/2026 14:04:16;Pendente de Retorno;ES;VITORIA;LABORATORIO CENTRAL SAUDE PUBLICA ESPIRITO SANTO -;21/07/2026 17:17:13
568761;A2989;ARES;VIX - SOULOG EXPRESS;;ES;21/09/2026 14:04:16;Pendente de Retorno;ES;VITORIA;LABORATORIO CENTRAL SAUDE PUBLICA ESPIRITO SANTO -;17/07/2026 07:35:26
568761;A3116;ARES;VIX - SOULOG EXPRESS;;ES;21/09/2026 14:04:16;Pendente de Retorno;ES;VITORIA;LABORATORIO CENTRAL SAUDE PUBLICA ESPIRITO SANTO -;26/07/2026 22:22:30
568761;A3259;ARES;VIX - SOULOG EXPRESS;;ES;21/09/2026 14:04:16;Pendente de Retorno;ES;VITORIA;LABORATORIO CENTRAL SAUDE PUBLICA ESPIRITO SANTO -;18/07/2026 10:11:52
568761;A3514;ARES;VIX - SOULOG EXPRESS;;ES;21/09/2026 14:04:16;Pendente de Retorno;ES;VITORIA;LABORATORIO CENTRAL SAUDE PUBLICA ESPIRITO SANTO -;09/07/2026 15:30:59
568761;A4468;ARES;VIX - SOULOG EXPRESS;;ES;21/09/2026 14:04:16;Pendente de Retorno;ES;VITORIA;LABORATORIO CENTRAL SAUDE PUBLICA ESPIRITO SANTO -;14/07/2026 11:21:56
568761;A4526;ARES;VIX - SOULOG EXPRESS;;ES;21/09/2026 14:04:16;Retornado;ES;VITORIA;LABORATORIO CENTRAL SAUDE PUBLICA ESPIRITO SANTO -;21/09/2026 16:28:39
568761;A4755;ARES;VIX - SOULOG EXPRESS;;ES;21/09/2026 14:04:16;Pendente de Retorno;ES;VITORIA;LABORATORIO CENTRAL SAUDE PUBLICA ESPIRITO SANTO -;25/07/2026 21:25:06
568761;A4790;ARES;VIX - SOULOG EXPRESS;;ES;21/09/2026 14:04:16;Pendente de Retorno;ES;VITORIA;LABORATORIO CENTRAL SAUDE PUBLICA ESPIRITO SANTO -;28/07/2026 03:03:29
568761;A5514;ARES;VIX - SOULOG EXPRESS;;ES;21/09/2026 14:04:16;Pendente de Retorno;ES;VITORIA;LABORATORIO CENTRAL SAUDE PUBLICA ESPIRITO SANTO -;22/07/2026 09:29:45
568761;A5700;ARES;VIX - SOULOG EXPRESS;;ES;21/09/2026 14:04:16;Pendente de Retorno;ES;VITORIA;LABORATORIO CENTRAL SAUDE PUBLICA ESPIRITO SANTO -;21/07/2026 17:42:00
568761;A6385;ARES;VIX - SOULOG EXPRESS;;ES;21/09/2026 14:04:16;Pendente de Retorno;ES;VITORIA;LABORATORIO CENTRAL SAUDE PUBLICA ESPIRITO SANTO -;23/07/2026 07:43:21
568761;A6609;ARES;VIX - SOULOG EXPRESS;;ES;21/09/2026 14:04:16;Pendente de Retorno;ES;VITORIA;LABORATORIO CENTRAL SAUDE PUBLICA ESPIRITO SANTO -;10/07/2026 02:12:22
568761;A6848;ARES;VIX - SOULOG EXPRESS;;ES;21/09/2026 14:04:16;Retornado;ES;VITORIA;LABORATORIO CENTRAL SAUDE PUBLICA ESPIRITO SANTO -;21/09/2026 16:14:53
568761;A6894;ARES;VIX - SOULOG EXPRESS;;ES;21/09/2026 14:04:16;Pendente de Retorno;ES;VITORIA;LABORATORIO CENTRAL SAUDE PUBLICA ESPIRITO SANTO -;26/07/2026 22:20:26
568761;A6908;ARES;VIX - SOULOG EXPRESS;;ES;21/09/2026 14:04:16;Pendente de Retorno;ES;VITORIA;LABORATORIO CENTRAL SAUDE PUBLICA ESPIRITO SANTO -;18/07/2026 07:59:17
568761;A6959;ARES;VIX - SOULOG EXPRESS;;ES;21/09/2026 14:04:16;Pendente de Retorno;ES;VITORIA;LABORATORIO CENTRAL SAUDE PUBLICA ESPIRITO SANTO -;16/06/2026 12:02:07
568761;A7442;ARES;VIX - SOULOG EXPRESS;;ES;21/09/2026 14:04:16;Pendente de Retorno;ES;VITORIA;LABORATORIO CENTRAL SAUDE PUBLICA ESPIRITO SANTO -;10/07/2026 07:50:51
568761;A7797;ARES;VIX - SOULOG EXPRESS;;ES;21/09/2026 14:04:16;Pendente de Retorno;ES;VITORIA;LABORATORIO CENTRAL SAUDE PUBLICA ESPIRITO SANTO -;27/07/2026 15:23:28
568761;A8154;ARES;VIX - SOULOG EXPRESS;;ES;21/09/2026 14:04:16;Pendente de Retorno;ES;VITORIA;LABORATORIO CENTRAL SAUDE PUBLICA ESPIRITO SANTO -;27/07/2026 12:33:05
568761;A8285;ARES;VIX - SOULOG EXPRESS;;ES;21/09/2026 14:04:16;Pendente de Retorno;ES;VITORIA;LABORATORIO CENTRAL SAUDE PUBLICA ESPIRITO SANTO -;21/07/2026 17:23:24
568761;A8389;ARES;VIX - SOULOG EXPRESS;;ES;21/09/2026 14:04:16;Pendente de Retorno;ES;VITORIA;LABORATORIO CENTRAL SAUDE PUBLICA ESPIRITO SANTO -;22/07/2026 09:00:23
568761;A8644;ARES;VIX - SOULOG EXPRESS;;ES;21/09/2026 14:04:16;Pendente de Retorno;ES;VITORIA;LABORATORIO CENTRAL SAUDE PUBLICA ESPIRITO SANTO -;24/07/2026 08:33:22
568761;A8936;ARES;VIX - SOULOG EXPRESS;;ES;21/09/2026 14:04:16;Pendente de Retorno;ES;VITORIA;LABORATORIO CENTRAL SAUDE PUBLICA ESPIRITO SANTO -;24/07/2026 08:30:50
568761;A9176;ARES;VIX - SOULOG EXPRESS;;ES;21/09/2026 14:04:16;Pendente de Retorno;ES;VITORIA;LABORATORIO CENTRAL SAUDE PUBLICA ESPIRITO SANTO -;30/06/2026 08:30:50
568761;A9421;ARES;VIX - SOULOG EXPRESS;;ES;21/09/2026 14:04:16;Pendente de Retorno;ES;VITORIA;LABORATORIO CENTRAL SAUDE PUBLICA ESPIRITO SANTO -;20/07/2026 09:49:55
568761;A9499;ARES;VIX - SOULOG EXPRESS;;ES;21/09/2026 14:04:16;Pendente de Retorno;ES;VITORIA;LABORATORIO CENTRAL SAUDE PUBLICA ESPIRITO SANTO -;23/07/2026 21:11:32
568761;A9593;ARES;VIX - SOULOG EXPRESS;;ES;21/09/2026 14:04:16;Pendente de Retorno;ES;VITORIA;LABORATORIO CENTRAL SAUDE PUBLICA ESPIRITO SANTO -;18/07/2026 07:58:09
568761;A9685;ARES;VIX - SOULOG EXPRESS;;ES;21/09/2026 14:04:16;Pendente de Retorno;ES;VITORIA;LABORATORIO CENTRAL SAUDE PUBLICA ESPIRITO SANTO -;23/07/2026 21:12:20
568761;TA0013;ARES;VIX - SOULOG EXPRESS;;ES;21/09/2026 14:04:16;Pendente de Retorno;ES;VITORIA;LABORATORIO CENTRAL SAUDE PUBLICA ESPIRITO SANTO -;25/07/2026 21:26:13
568761;TA0070;ARES;VIX - SOULOG EXPRESS;;ES;21/09/2026 14:04:16;Pendente de Retorno;ES;VITORIA;LABORATORIO CENTRAL SAUDE PUBLICA ESPIRITO SANTO -;14/07/2026 11:27:43
568761;TA0137;ARES;VIX - SOULOG EXPRESS;;ES;21/09/2026 14:04:16;Retornado;ES;VITORIA;LABORATORIO CENTRAL SAUDE PUBLICA ESPIRITO SANTO -;21/09/2026 16:18:03
568761;TA0240;ARES;VIX - SOULOG EXPRESS;;ES;21/09/2026 14:04:16;Pendente de Retorno;ES;VITORIA;LABORATORIO CENTRAL SAUDE PUBLICA ESPIRITO SANTO -;21/07/2026 09:42:22
568761;TA0637;ARES;VIX - SOULOG EXPRESS;;ES;21/09/2026 14:04:16;Pendente de Retorno;ES;VITORIA;LABORATORIO CENTRAL SAUDE PUBLICA ESPIRITO SANTO -;23/07/2026 21:11:48
568761;TA1236;ARES;VIX - SOULOG EXPRESS;;ES;21/09/2026 14:04:16;Pendente de Retorno;ES;VITORIA;LABORATORIO CENTRAL SAUDE PUBLICA ESPIRITO SANTO -;21/07/2026 17:43:32
568019;0741700541;ARES;CGB - JR TRANSPORTES;;MT;21/09/2026 13:58:06;Retornado;MT;Cuiaba;HEMOCENTRO COORDENADOR DE MATO GROSSO;21/09/2026 16:28:11
568019;A3304;ARES;CGB - JR TRANSPORTES;;MT;21/09/2026 13:58:06;Pendente de Retorno;MT;Cuiaba;HEMOCENTRO COORDENADOR DE MATO GROSSO;13/07/2026 16:38:17
568019;A4841;ARES;CGB - JR TRANSPORTES;;MT;21/09/2026 13:58:06;Pendente de Retorno;MT;Cuiaba;HEMOCENTRO COORDENADOR DE MATO GROSSO;13/07/2026 08:40:45
568019;A7281;ARES;CGB - JR TRANSPORTES;;MT;21/09/2026 13:58:06;Pendente de Retorno;MT;Cuiaba;HEMOCENTRO COORDENADOR DE MATO GROSSO;27/07/2026 15:24:42
568019;A7525;ARES;CGB - JR TRANSPORTES;;MT;21/09/2026 13:58:06;Pendente de Retorno;MT;Cuiaba;HEMOCENTRO COORDENADOR DE MATO GROSSO;18/07/2026 11:45:38
568019;A8601;ARES;CGB - JR TRANSPORTES;;MT;21/09/2026 13:58:06;Pendente de Retorno;MT;Cuiaba;HEMOCENTRO COORDENADOR DE MATO GROSSO;23/07/2026 20:46:11
568019;A9024;ARES;CGB - JR TRANSPORTES;;MT;21/09/2026 13:58:06;Pendente de Retorno;MT;Cuiaba;HEMOCENTRO COORDENADOR DE MATO GROSSO;23/06/2026 15:14:12
568019;A9287;ARES;CGB - JR TRANSPORTES;;MT;21/09/2026 13:58:06;Pendente de Retorno;MT;Cuiaba;HEMOCENTRO COORDENADOR DE MATO GROSSO;18/07/2026 10:20:57
568019;TA0109;ARES;CGB - JR TRANSPORTES;;MT;21/09/2026 13:58:06;Retornado;MT;Cuiaba;HEMOCENTRO COORDENADOR DE MATO GROSSO;21/09/2026 16:26:22
568019;TA0321;ARES;CGB - JR TRANSPORTES;;MT;21/09/2026 13:58:06;Pendente de Retorno;MT;Cuiaba;HEMOCENTRO COORDENADOR DE MATO GROSSO;17/07/2026 08:46:38
568019;TA1178;ARES;CGB - JR TRANSPORTES;;MT;21/09/2026 13:58:06;Pendente de Retorno;MT;Cuiaba;HEMOCENTRO COORDENADOR DE MATO GROSSO;22/07/2026 23:49:16
568798;A1969;ARES;RAO- GATTO LOG TRANSPORTES E SERVICOS LTDA;;MG;21/09/2026 13:40:00;Pendente de Retorno;MG;Passos;EBERSON MAGALHÃES FILHO 00737.017788/2026-26;23/07/2026 20:42:00
568195;A6895;ARES;NAT - CSM CARGO;;RN;21/09/2026 13:30:00;Pendente de Retorno;RN;Natal;ALMOXARIFADO ESTADUAL DE MEDICAMENTOS;30/06/2026 08:28:26
568282;A5690;ARES;FLN - TGEX TRANSPORTES E LOCACAO DE VEIC;;SC;21/09/2026 13:12:56;Pendente de Retorno;SC;Sao Jose;ALMOXARIFADO ESTADUAL DE MEDICAMENTOS;27/07/2026 15:25:41
567921;0741700231;ARES;NAT - CSM CARGO;;RN;21/09/2026 12:59:49;Pendente de Retorno;RN;Natal;ALMOXARIFADO ESTADUAL DE MEDICAMENTOS;21/09/2026 12:59:49
567921;0741700313;ARES;NAT - CSM CARGO;;RN;21/09/2026 12:59:49;Pendente de Retorno;RN;Natal;ALMOXARIFADO ESTADUAL DE MEDICAMENTOS;21/09/2026 12:59:49
567921;0741700782;ARES;NAT - CSM CARGO;;RN;21/09/2026 12:59:49;Pendente de Retorno;RN;Natal;ALMOXARIFADO ESTADUAL DE MEDICAMENTOS;21/09/2026 12:59:49
567921;0741700783;ARES;NAT - CSM CARGO;;RN;21/09/2026 12:59:49;Pendente de Retorno;RN;Natal;ALMOXARIFADO ESTADUAL DE MEDICAMENTOS;21/09/2026 12:59:49
567921;0741700858;ARES;NAT - CSM CARGO;;RN;21/09/2026 12:59:49;Pendente de Retorno;RN;Natal;ALMOXARIFADO ESTADUAL DE MEDICAMENTOS;21/09/2026 12:59:49
567921;0741700872;ARES;NAT - CSM CARGO;;RN;21/09/2026 12:59:49;Pendente de Retorno;RN;Natal;ALMOXARIFADO ESTADUAL DE MEDICAMENTOS;21/09/2026 12:59:49
567921;0741700898;ARES;NAT - CSM CARGO;;RN;21/09/2026 12:59:49;Pendente de Retorno;RN;Natal;ALMOXARIFADO ESTADUAL DE MEDICAMENTOS;21/09/2026 12:59:49
567921;0741700952;ARES;NAT - CSM CARGO;;RN;21/09/2026 12:59:49;Pendente de Retorno;RN;Natal;ALMOXARIFADO ESTADUAL DE MEDICAMENTOS;21/09/2026 12:59:49
567921;A2929;ARES;NAT - CSM CARGO;;RN;21/09/2026 12:59:49;Pendente de Retorno;RN;Natal;ALMOXARIFADO ESTADUAL DE MEDICAMENTOS;21/09/2026 12:59:49
567921;A3127;ARES;NAT - CSM CARGO;;RN;21/09/2026 12:59:49;Pendente de Retorno;RN;Natal;ALMOXARIFADO ESTADUAL DE MEDICAMENTOS;23/07/2026 21:13:48
567921;A4957;ARES;NAT - CSM CARGO;;RN;21/09/2026 12:59:49;Pendente de Retorno;RN;Natal;ALMOXARIFADO ESTADUAL DE MEDICAMENTOS;13/07/2026 08:28:34
567921;A6719;ARES;NAT - CSM CARGO;;RN;21/09/2026 12:59:49;Pendente de Retorno;RN;Natal;ALMOXARIFADO ESTADUAL DE MEDICAMENTOS;23/07/2026 08:39:17
567921;A6980;ARES;NAT - CSM CARGO;;RN;21/09/2026 12:59:49;Pendente de Retorno;RN;Natal;ALMOXARIFADO ESTADUAL DE MEDICAMENTOS;27/07/2026 15:21:23
567921;A7563;ARES;NAT - CSM CARGO;;RN;21/09/2026 12:59:49;Pendente de Retorno;RN;Natal;ALMOXARIFADO ESTADUAL DE MEDICAMENTOS;09/07/2026 09:13:17
567921;A7951;ARES;NAT - CSM CARGO;;RN;21/09/2026 12:59:49;Pendente de Retorno;RN;Natal;ALMOXARIFADO ESTADUAL DE MEDICAMENTOS;30/06/2026 07:21:59
567921;A8494;ARES;NAT - CSM CARGO;;RN;21/09/2026 12:59:49;Pendente de Retorno;RN;Natal;ALMOXARIFADO ESTADUAL DE MEDICAMENTOS;21/07/2026 17:46:16
567921;A8933;ARES;NAT - CSM CARGO;;RN;21/09/2026 12:59:49;Pendente de Retorno;RN;Natal;ALMOXARIFADO ESTADUAL DE MEDICAMENTOS;21/09/2026 12:59:49
567921;A9379;ARES;NAT - CSM CARGO;;RN;21/09/2026 12:59:49;Pendente de Retorno;RN;Natal;ALMOXARIFADO ESTADUAL DE MEDICAMENTOS;24/07/2026 08:25:44
567921;A9643;ARES;NAT - CSM CARGO;;RN;21/09/2026 12:59:49;Pendente de Retorno;RN;Natal;ALMOXARIFADO ESTADUAL DE MEDICAMENTOS;20/07/2026 15:12:28
567921;TA0042;ARES;NAT - CSM CARGO;;RN;21/09/2026 12:59:49;Pendente de Retorno;RN;Natal;ALMOXARIFADO ESTADUAL DE MEDICAMENTOS;21/07/2026 00:01:54
567921;TA0169;ARES;NAT - CSM CARGO;;RN;21/09/2026 12:59:49;Pendente de Retorno;RN;Natal;ALMOXARIFADO ESTADUAL DE MEDICAMENTOS;25/07/2026 22:21:23
567921;TA0258;ARES;NAT - CSM CARGO;;RN;21/09/2026 12:59:49;Pendente de Retorno;RN;Natal;ALMOXARIFADO ESTADUAL DE MEDICAMENTOS;22/07/2026 21:46:46
567921;TA0710;ARES;NAT - CSM CARGO;;RN;21/09/2026 12:59:49;Pendente de Retorno;RN;Natal;ALMOXARIFADO ESTADUAL DE MEDICAMENTOS;20/07/2026 15:12:06
567921;TA0797;ARES;NAT - CSM CARGO;;RN;21/09/2026 12:59:49;Pendente de Retorno;RN;Natal;ALMOXARIFADO ESTADUAL DE MEDICAMENTOS;21/07/2026 17:44:09
568746;A5694;ARES;BVB - J PIMENTEL S. CUNHA LTDA;;RR;21/09/2026 12:30:00;Pendente de Retorno;RR;Boa Vista;HEMOCENTRO COORDENADOR DE RORAIMA RR;23/07/2026 21:12:53
568746;A7527;ARES;BVB - J PIMENTEL S. CUNHA LTDA;;RR;21/09/2026 12:30:00;Pendente de Retorno;RR;Boa Vista;HEMOCENTRO COORDENADOR DE RORAIMA RR;22/07/2026 23:45:24
568746;TA0844;ARES;BVB - J PIMENTEL S. CUNHA LTDA;;RR;21/09/2026 12:30:00;Pendente de Retorno;RR;Boa Vista;HEMOCENTRO COORDENADOR DE RORAIMA RR;30/06/2026 08:38:03
568767;0741700290;ARES;AJU - CASSIMIRO TRANSPORTES;;SE;21/09/2026 11:58:20;Retornado;SE;Aracaju;FUNDO ESTADUAL DE SAUDE;21/09/2026 13:21:28
568767;A0447;ARES;AJU - CASSIMIRO TRANSPORTES;;SE;21/09/2026 11:58:20;Pendente de Retorno;SE;Aracaju;FUNDO ESTADUAL DE SAUDE;07/07/2026 11:15:42
568767;A1559;ARES;AJU - CASSIMIRO TRANSPORTES;;SE;21/09/2026 11:58:20;Pendente de Retorno;SE;Aracaju;FUNDO ESTADUAL DE SAUDE;27/07/2026 12:32:31
568767;A2622;ARES;AJU - CASSIMIRO TRANSPORTES;;SE;21/09/2026 11:58:20;Pendente de Retorno;SE;Aracaju;FUNDO ESTADUAL DE SAUDE;17/07/2026 07:36:42
568767;A2701;ARES;AJU - CASSIMIRO TRANSPORTES;;SE;21/09/2026 11:58:20;Pendente de Retorno;SE;Aracaju;FUNDO ESTADUAL DE SAUDE;18/07/2026 07:58:21
568767;A3129;ARES;AJU - CASSIMIRO TRANSPORTES;;SE;21/09/2026 11:58:20;Pendente de Retorno;SE;Aracaju;FUNDO ESTADUAL DE SAUDE;27/07/2026 17:18:29
568767;A4311;ARES;AJU - CASSIMIRO TRANSPORTES;;SE;21/09/2026 11:58:20;Pendente de Retorno;SE;Aracaju;FUNDO ESTADUAL DE SAUDE;18/07/2026 08:00:16
568767;A4405;ARES;AJU - CASSIMIRO TRANSPORTES;;SE;21/09/2026 11:58:20;Pendente de Retorno;SE;Aracaju;FUNDO ESTADUAL DE SAUDE;23/06/2026 15:14:17
568767;A4992;ARES;AJU - CASSIMIRO TRANSPORTES;;SE;21/09/2026 11:58:20;Pendente de Retorno;SE;Aracaju;FUNDO ESTADUAL DE SAUDE;21/07/2026 09:40:46
568767;A5901;ARES;AJU - CASSIMIRO TRANSPORTES;;SE;21/09/2026 11:58:20;Pendente de Retorno;SE;Aracaju;FUNDO ESTADUAL DE SAUDE;27/07/2026 12:31:28
568767;A6296;ARES;AJU - CASSIMIRO TRANSPORTES;;SE;21/09/2026 11:58:20;Pendente de Retorno;SE;Aracaju;FUNDO ESTADUAL DE SAUDE;21/07/2026 17:23:07
568767;A6327;ARES;AJU - CASSIMIRO TRANSPORTES;;SE;21/09/2026 11:58:20;Pendente de Retorno;SE;Aracaju;FUNDO ESTADUAL DE SAUDE;23/07/2026 07:42:50
568767;A6398;ARES;AJU - CASSIMIRO TRANSPORTES;;SE;21/09/2026 11:58:20;Pendente de Retorno;SE;Aracaju;FUNDO ESTADUAL DE SAUDE;17/07/2026 14:09:22
568767;A6418;ARES;AJU - CASSIMIRO TRANSPORTES;;SE;21/09/2026 11:58:20;Pendente de Retorno;SE;Aracaju;FUNDO ESTADUAL DE SAUDE;22/07/2026 09:32:36
568767;A6504;ARES;AJU - CASSIMIRO TRANSPORTES;;SE;21/09/2026 11:58:20;Retornado;SE;Aracaju;FUNDO ESTADUAL DE SAUDE;21/09/2026 13:23:12
568767;A6875;ARES;AJU - CASSIMIRO TRANSPORTES;;SE;21/09/2026 11:58:20;Pendente de Retorno;SE;Aracaju;FUNDO ESTADUAL DE SAUDE;17/07/2026 07:37:21
568767;A7922;ARES;AJU - CASSIMIRO TRANSPORTES;;SE;21/09/2026 11:58:20;Retornado;SE;Aracaju;FUNDO ESTADUAL DE SAUDE;21/09/2026 13:31:09
568767;A8540;ARES;AJU - CASSIMIRO TRANSPORTES;;SE;21/09/2026 11:58:20;Pendente de Retorno;SE;Aracaju;FUNDO ESTADUAL DE SAUDE;18/07/2026 08:02:23
568767;TA0004;ARES;AJU - CASSIMIRO TRANSPORTES;;SE;21/09/2026 11:58:20;Pendente de Retorno;SE;Aracaju;FUNDO ESTADUAL DE SAUDE;20/07/2026 11:22:20
568767;TA0188;ARES;AJU - CASSIMIRO TRANSPORTES;;SE;21/09/2026 11:58:20;Pendente de Retorno;SE;Aracaju;FUNDO ESTADUAL DE SAUDE;30/06/2026 09:01:02
568767;TA0472;ARES;AJU - CASSIMIRO TRANSPORTES;;SE;21/09/2026 11:58:20;Pendente de Retorno;SE;Aracaju;FUNDO ESTADUAL DE SAUDE;24/07/2026 08:31:44
568767;TA0735;ARES;AJU - CASSIMIRO TRANSPORTES;;SE;21/09/2026 11:58:20;Pendente de Retorno;SE;Aracaju;FUNDO ESTADUAL DE SAUDE;28/07/2026 03:05:27
568767;TA0814;ARES;AJU - CASSIMIRO TRANSPORTES;;SE;21/09/2026 11:58:20;Pendente de Retorno;SE;Aracaju;FUNDO ESTADUAL DE SAUDE;21/07/2026 00:05:18
568765;0741700036;ARES;SSA - LUTY LOG;;BA;21/09/2026 11:56:02;Retornado;BA;Simoes Filho;CENTRAL FARMACÊUTICA DO ESTADO DA BAHIA - CEFARBA;22/09/2026 02:24:32
568765;0741700057;ARES;SSA - LUTY LOG;;BA;21/09/2026 11:56:02;Retornado;BA;Simoes Filho;CENTRAL FARMACÊUTICA DO ESTADO DA BAHIA - CEFARBA;22/09/2026 02:24:32
568765;0741700147;ARES;SSA - LUTY LOG;;BA;21/09/2026 11:56:02;Pendente de Retorno;BA;Simoes Filho;CENTRAL FARMACÊUTICA DO ESTADO DA BAHIA - CEFARBA;21/09/2026 11:56:02
568765;0741700244;ARES;SSA - LUTY LOG;;BA;21/09/2026 11:56:02;Pendente de Retorno;BA;Simoes Filho;CENTRAL FARMACÊUTICA DO ESTADO DA BAHIA - CEFARBA;21/09/2026 11:56:02
568765;0741700298;ARES;SSA - LUTY LOG;;BA;21/09/2026 11:56:02;Pendente de Retorno;BA;Simoes Filho;CENTRAL FARMACÊUTICA DO ESTADO DA BAHIA - CEFARBA;21/09/2026 11:56:02
568765;0741700343;ARES;SSA - LUTY LOG;;BA;21/09/2026 11:56:02;Pendente de Retorno;BA;Simoes Filho;CENTRAL FARMACÊUTICA DO ESTADO DA BAHIA - CEFARBA;21/09/2026 11:56:02
568765;0741700456;ARES;SSA - LUTY LOG;;BA;21/09/2026 11:56:02;Pendente de Retorno;BA;Simoes Filho;CENTRAL FARMACÊUTICA DO ESTADO DA BAHIA - CEFARBA;21/09/2026 11:56:02
568765;0741700507;ARES;SSA - LUTY LOG;;BA;21/09/2026 11:56:02;Pendente de Retorno;BA;Simoes Filho;CENTRAL FARMACÊUTICA DO ESTADO DA BAHIA - CEFARBA;21/09/2026 11:56:02
568765;0741700575;ARES;SSA - LUTY LOG;;BA;21/09/2026 11:56:02;Pendente de Retorno;BA;Simoes Filho;CENTRAL FARMACÊUTICA DO ESTADO DA BAHIA - CEFARBA;21/09/2026 11:56:02
568765;0741700654;ARES;SSA - LUTY LOG;;BA;21/09/2026 11:56:02;Pendente de Retorno;BA;Simoes Filho;CENTRAL FARMACÊUTICA DO ESTADO DA BAHIA - CEFARBA;21/09/2026 11:56:02
568765;0741700868;ARES;SSA - LUTY LOG;;BA;21/09/2026 11:56:02;Pendente de Retorno;BA;Simoes Filho;CENTRAL FARMACÊUTICA DO ESTADO DA BAHIA - CEFARBA;21/09/2026 11:56:02
568765;A0373;ARES;SSA - LUTY LOG;;BA;21/09/2026 11:56:02;Pendente de Retorno;BA;Simoes Filho;CENTRAL FARMACÊUTICA DO ESTADO DA BAHIA - CEFARBA;20/07/2026 15:09:50
568765;A0438;ARES;SSA - LUTY LOG;;BA;21/09/2026 11:56:02;Pendente de Retorno;BA;Simoes Filho;CENTRAL FARMACÊUTICA DO ESTADO DA BAHIA - CEFARBA;21/07/2026 17:47:29
568765;A0940;ARES;SSA - LUTY LOG;;BA;21/09/2026 11:56:02;Pendente de Retorno;BA;Simoes Filho;CENTRAL FARMACÊUTICA DO ESTADO DA BAHIA - CEFARBA;21/07/2026 17:23:51
568765;A1081;ARES;SSA - LUTY LOG;;BA;21/09/2026 11:56:02;Pendente de Retorno;BA;Simoes Filho;CENTRAL FARMACÊUTICA DO ESTADO DA BAHIA - CEFARBA;23/07/2026 20:46:19
568765;A1583;ARES;SSA - LUTY LOG;;BA;21/09/2026 11:56:02;Pendente de Retorno;BA;Simoes Filho;CENTRAL FARMACÊUTICA DO ESTADO DA BAHIA - CEFARBA;27/07/2026 00:14:05
568765;A2142;ARES;SSA - LUTY LOG;;BA;21/09/2026 11:56:02;Pendente de Retorno;BA;Simoes Filho;CENTRAL FARMACÊUTICA DO ESTADO DA BAHIA - CEFARBA;17/07/2026 14:10:03
568765;A2414;ARES;SSA - LUTY LOG;;BA;21/09/2026 11:56:02;Pendente de Retorno;BA;Simoes Filho;CENTRAL FARMACÊUTICA DO ESTADO DA BAHIA - CEFARBA;15/07/2026 21:25:44
568765;A2545;ARES;SSA - LUTY LOG;;BA;21/09/2026 11:56:02;Pendente de Retorno;BA;Simoes Filho;CENTRAL FARMACÊUTICA DO ESTADO DA BAHIA - CEFARBA;13/07/2026 08:27:39
568765;A2695;ARES;SSA - LUTY LOG;;BA;21/09/2026 11:56:02;Pendente de Retorno;BA;Simoes Filho;CENTRAL FARMACÊUTICA DO ESTADO DA BAHIA - CEFARBA;27/07/2026 17:17:10
568765;A2935;ARES;SSA - LUTY LOG;;BA;21/09/2026 11:56:02;Pendente de Retorno;BA;Simoes Filho;CENTRAL FARMACÊUTICA DO ESTADO DA BAHIA - CEFARBA;23/07/2026 21:08:58
568765;A3033;ARES;SSA - LUTY LOG;;BA;21/09/2026 11:56:02;Pendente de Retorno;BA;Simoes Filho;CENTRAL FARMACÊUTICA DO ESTADO DA BAHIA - CEFARBA;23/07/2026 20:43:44
568765;A3217;ARES;SSA - LUTY LOG;;BA;21/09/2026 11:56:02;Pendente de Retorno;BA;Simoes Filho;CENTRAL FARMACÊUTICA DO ESTADO DA BAHIA - CEFARBA;09/07/2026 02:52:14
568765;A3278;ARES;SSA - LUTY LOG;;BA;21/09/2026 11:56:02;Pendente de Retorno;BA;Simoes Filho;CENTRAL FARMACÊUTICA DO ESTADO DA BAHIA - CEFARBA;21/07/2026 17:12:08
568765;A3373;ARES;SSA - LUTY LOG;;BA;21/09/2026 11:56:02;Pendente de Retorno;BA;Simoes Filho;CENTRAL FARMACÊUTICA DO ESTADO DA BAHIA - CEFARBA;25/07/2026 21:26:26
568765;A3402;ARES;SSA - LUTY LOG;;BA;21/09/2026 11:56:02;Pendente de Retorno;BA;Simoes Filho;CENTRAL FARMACÊUTICA DO ESTADO DA BAHIA - CEFARBA;20/07/2026 09:50:01
568765;A3581;ARES;SSA - LUTY LOG;;BA;21/09/2026 11:56:02;Pendente de Retorno;BA;Simoes Filho;CENTRAL FARMACÊUTICA DO ESTADO DA BAHIA - CEFARBA;21/07/2026 17:46:52
568765;A3614;ARES;SSA - LUTY LOG;;BA;21/09/2026 11:56:02;Pendente de Retorno;BA;Simoes Filho;CENTRAL FARMACÊUTICA DO ESTADO DA BAHIA - CEFARBA;16/07/2026 09:08:01
568765;A3659;ARES;SSA - LUTY LOG;;BA;21/09/2026 11:56:02;Pendente de Retorno;BA;Simoes Filho;CENTRAL FARMACÊUTICA DO ESTADO DA BAHIA - CEFARBA;21/07/2026 17:27:31
568765;A3821;ARES;SSA - LUTY LOG;;BA;21/09/2026 11:56:02;Pendente de Retorno;BA;Simoes Filho;CENTRAL FARMACÊUTICA DO ESTADO DA BAHIA - CEFARBA;20/07/2026 11:37:52
568765;A4118;ARES;SSA - LUTY LOG;;BA;21/09/2026 11:56:02;Pendente de Retorno;BA;Simoes Filho;CENTRAL FARMACÊUTICA DO ESTADO DA BAHIA - CEFARBA;22/07/2026 12:12:14
568765;A4296;ARES;SSA - LUTY LOG;;BA;21/09/2026 11:56:02;Pendente de Retorno;BA;Simoes Filho;CENTRAL FARMACÊUTICA DO ESTADO DA BAHIA - CEFARBA;30/06/2026 08:20:14
568765;A4340;ARES;SSA - LUTY LOG;;BA;21/09/2026 11:56:02;Pendente de Retorno;BA;Simoes Filho;CENTRAL FARMACÊUTICA DO ESTADO DA BAHIA - CEFARBA;20/07/2026 15:12:26
568765;A4360;ARES;SSA - LUTY LOG;;BA;21/09/2026 11:56:02;Pendente de Retorno;BA;Simoes Filho;CENTRAL FARMACÊUTICA DO ESTADO DA BAHIA - CEFARBA;26/07/2026 22:20:13
568765;A4450;ARES;SSA - LUTY LOG;;BA;21/09/2026 11:56:02;Pendente de Retorno;BA;Simoes Filho;CENTRAL FARMACÊUTICA DO ESTADO DA BAHIA - CEFARBA;10/07/2026 17:15:41
568765;A4708;ARES;SSA - LUTY LOG;;BA;21/09/2026 11:56:02;Pendente de Retorno;BA;Simoes Filho;CENTRAL FARMACÊUTICA DO ESTADO DA BAHIA - CEFARBA;13/07/2026 08:24:46
568765;A4953;ARES;SSA - LUTY LOG;;BA;21/09/2026 11:56:02;Pendente de Retorno;BA;Simoes Filho;CENTRAL FARMACÊUTICA DO ESTADO DA BAHIA - CEFARBA;22/07/2026 21:44:41
568765;A5392;ARES;SSA - LUTY LOG;;BA;21/09/2026 11:56:02;Pendente de Retorno;BA;Simoes Filho;CENTRAL FARMACÊUTICA DO ESTADO DA BAHIA - CEFARBA;13/07/2026 08:23:43
568765;A5480;ARES;SSA - LUTY LOG;;BA;21/09/2026 11:56:02;Pendente de Retorno;BA;Simoes Filho;CENTRAL FARMACÊUTICA DO ESTADO DA BAHIA - CEFARBA;02/07/2026 17:04:03
568765;A5550;ARES;SSA - LUTY LOG;;BA;21/09/2026 11:56:02;Pendente de Retorno;BA;Simoes Filho;CENTRAL FARMACÊUTICA DO ESTADO DA BAHIA - CEFARBA;27/05/2026 14:34:38
568765;A5703;ARES;SSA - LUTY LOG;;BA;21/09/2026 11:56:02;Pendente de Retorno;BA;Simoes Filho;CENTRAL FARMACÊUTICA DO ESTADO DA BAHIA - CEFARBA;13/07/2026 08:24:41
568765;A5785;ARES;SSA - LUTY LOG;;BA;21/09/2026 11:56:02;Pendente de Retorno;BA;Simoes Filho;CENTRAL FARMACÊUTICA DO ESTADO DA BAHIA - CEFARBA;18/07/2026 10:10:08
568765;A5808;ARES;SSA - LUTY LOG;;BA;21/09/2026 11:56:02;Pendente de Retorno;BA;Simoes Filho;CENTRAL FARMACÊUTICA DO ESTADO DA BAHIA - CEFARBA;17/07/2026 14:10:32
568765;A6043;ARES;SSA - LUTY LOG;;BA;21/09/2026 11:56:02;Pendente de Retorno;BA;Simoes Filho;CENTRAL FARMACÊUTICA DO ESTADO DA BAHIA - CEFARBA;27/07/2026 00:14:24
568765;A6254;ARES;SSA - LUTY LOG;;BA;21/09/2026 11:56:02;Pendente de Retorno;BA;Simoes Filho;CENTRAL FARMACÊUTICA DO ESTADO DA BAHIA - CEFARBA;27/07/2026 00:12:48
568765;A6346;ARES;SSA - LUTY LOG;;BA;21/09/2026 11:56:02;Pendente de Retorno;BA;Simoes Filho;CENTRAL FARMACÊUTICA DO ESTADO DA BAHIA - CEFARBA;17/07/2026 08:43:23
568765;A6521;ARES;SSA - LUTY LOG;;BA;21/09/2026 11:56:02;Pendente de Retorno;BA;Simoes Filho;CENTRAL FARMACÊUTICA DO ESTADO DA BAHIA - CEFARBA;20/07/2026 11:27:36
568765;A6585;ARES;SSA - LUTY LOG;;BA;21/09/2026 11:56:02;Pendente de Retorno;BA;Simoes Filho;CENTRAL FARMACÊUTICA DO ESTADO DA BAHIA - CEFARBA;20/07/2026 11:26:23
568765;A6590;ARES;SSA - LUTY LOG;;BA;21/09/2026 11:56:02;Pendente de Retorno;BA;Simoes Filho;CENTRAL FARMACÊUTICA DO ESTADO DA BAHIA - CEFARBA;20/07/2026 11:38:13
568765;A6713;ARES;SSA - LUTY LOG;;BA;21/09/2026 11:56:02;Pendente de Retorno;BA;Simoes Filho;CENTRAL FARMACÊUTICA DO ESTADO DA BAHIA - CEFARBA;26/07/2026 22:20:24
568765;A6780;ARES;SSA - LUTY LOG;;BA;21/09/2026 11:56:02;Pendente de Retorno;BA;Simoes Filho;CENTRAL FARMACÊUTICA DO ESTADO DA BAHIA - CEFARBA;22/07/2026 12:21:25
568765;A6880;ARES;SSA - LUTY LOG;;BA;21/09/2026 11:56:02;Pendente de Retorno;BA;Simoes Filho;CENTRAL FARMACÊUTICA DO ESTADO DA BAHIA - CEFARBA;21/07/2026 17:42:18
568765;A6992;ARES;SSA - LUTY LOG;;BA;21/09/2026 11:56:02;Pendente de Retorno;BA;Simoes Filho;CENTRAL FARMACÊUTICA DO ESTADO DA BAHIA - CEFARBA;30/06/2026 08:38:46
568765;A7092;ARES;SSA - LUTY LOG;;BA;21/09/2026 11:56:02;Pendente de Retorno;BA;Simoes Filho;CENTRAL FARMACÊUTICA DO ESTADO DA BAHIA - CEFARBA;10/07/2026 17:32:48
568765;A7665;ARES;SSA - LUTY LOG;;BA;21/09/2026 11:56:02;Pendente de Retorno;BA;Simoes Filho;CENTRAL FARMACÊUTICA DO ESTADO DA BAHIA - CEFARBA;16/06/2026 08:20:25
568765;A7680;ARES;SSA - LUTY LOG;;BA;21/09/2026 11:56:02;Pendente de Retorno;BA;Simoes Filho;CENTRAL FARMACÊUTICA DO ESTADO DA BAHIA - CEFARBA;20/07/2026 11:37:03
568765;A7696;ARES;SSA - LUTY LOG;;BA;21/09/2026 11:56:02;Pendente de Retorno;BA;Simoes Filho;CENTRAL FARMACÊUTICA DO ESTADO DA BAHIA - CEFARBA;14/07/2026 17:27:37
568765;A7792;ARES;SSA - LUTY LOG;;BA;21/09/2026 11:56:02;Pendente de Retorno;BA;Simoes Filho;CENTRAL FARMACÊUTICA DO ESTADO DA BAHIA - CEFARBA;21/07/2026 17:16:32
568765;A7860;ARES;SSA - LUTY LOG;;BA;21/09/2026 11:56:02;Pendente de Retorno;BA;Simoes Filho;CENTRAL FARMACÊUTICA DO ESTADO DA BAHIA - CEFARBA;18/07/2026 08:00:40
568765;A7991;ARES;SSA - LUTY LOG;;BA;21/09/2026 11:56:02;Pendente de Retorno;BA;Simoes Filho;CENTRAL FARMACÊUTICA DO ESTADO DA BAHIA - CEFARBA;26/05/2026 15:28:05
568765;A8006;ARES;SSA - LUTY LOG;;BA;21/09/2026 11:56:02;Pendente de Retorno;BA;Simoes Filho;CENTRAL FARMACÊUTICA DO ESTADO DA BAHIA - CEFARBA;17/07/2026 08:22:40
568765;A8013;ARES;SSA - LUTY LOG;;BA;21/09/2026 11:56:02;Pendente de Retorno;BA;Simoes Filho;CENTRAL FARMACÊUTICA DO ESTADO DA BAHIA - CEFARBA;26/07/2026 22:23:05
568765;A8023;ARES;SSA - LUTY LOG;;BA;21/09/2026 11:56:02;Pendente de Retorno;BA;Simoes Filho;CENTRAL FARMACÊUTICA DO ESTADO DA BAHIA - CEFARBA;04/07/2026 13:59:48
568765;A8064;ARES;SSA - LUTY LOG;;BA;21/09/2026 11:56:02;Pendente de Retorno;BA;Simoes Filho;CENTRAL FARMACÊUTICA DO ESTADO DA BAHIA - CEFARBA;03/07/2026 08:38:03
568765;A8237;ARES;SSA - LUTY LOG;;BA;21/09/2026 11:56:02;Pendente de Retorno;BA;Simoes Filho;CENTRAL FARMACÊUTICA DO ESTADO DA BAHIA - CEFARBA;23/07/2026 20:46:25
568765;A8425;ARES;SSA - LUTY LOG;;BA;21/09/2026 11:56:02;Pendente de Retorno;BA;Simoes Filho;CENTRAL FARMACÊUTICA DO ESTADO DA BAHIA - CEFARBA;08/07/2026 00:32:27
568765;A8459;ARES;SSA - LUTY LOG;;BA;21/09/2026 11:56:02;Pendente de Retorno;BA;Simoes Filho;CENTRAL FARMACÊUTICA DO ESTADO DA BAHIA - CEFARBA;18/07/2026 10:15:49
568765;A8498;ARES;SSA - LUTY LOG;;BA;21/09/2026 11:56:02;Pendente de Retorno;BA;Simoes Filho;CENTRAL FARMACÊUTICA DO ESTADO DA BAHIA - CEFARBA;28/05/2026 20:38:32
568765;A8519;ARES;SSA - LUTY LOG;;BA;21/09/2026 11:56:02;Pendente de Retorno;BA;Simoes Filho;CENTRAL FARMACÊUTICA DO ESTADO DA BAHIA - CEFARBA;20/07/2026 15:11:16
568765;A8673;ARES;SSA - LUTY LOG;;BA;21/09/2026 11:56:02;Pendente de Retorno;BA;Simoes Filho;CENTRAL FARMACÊUTICA DO ESTADO DA BAHIA - CEFARBA;21/07/2026 17:23:23
568765;A8710;ARES;SSA - LUTY LOG;;BA;21/09/2026 11:56:02;Pendente de Retorno;BA;Simoes Filho;CENTRAL FARMACÊUTICA DO ESTADO DA BAHIA - CEFARBA;21/09/2026 11:56:02
568765;A8775;ARES;SSA - LUTY LOG;;BA;21/09/2026 11:56:02;Pendente de Retorno;BA;Simoes Filho;CENTRAL FARMACÊUTICA DO ESTADO DA BAHIA - CEFARBA;22/07/2026 23:45:03
568765;A8865;ARES;SSA - LUTY LOG;;BA;21/09/2026 11:56:02;Pendente de Retorno;BA;Simoes Filho;CENTRAL FARMACÊUTICA DO ESTADO DA BAHIA - CEFARBA;14/07/2026 17:26:58
568765;A9060;ARES;SSA - LUTY LOG;;BA;21/09/2026 11:56:02;Pendente de Retorno;BA;Simoes Filho;CENTRAL FARMACÊUTICA DO ESTADO DA BAHIA - CEFARBA;08/05/2026 10:46:25
568765;A9250;ARES;SSA - LUTY LOG;;BA;21/09/2026 11:56:02;Pendente de Retorno;BA;Simoes Filho;CENTRAL FARMACÊUTICA DO ESTADO DA BAHIA - CEFARBA;29/04/2026 16:47:38
568765;A9277;ARES;SSA - LUTY LOG;;BA;21/09/2026 11:56:02;Pendente de Retorno;BA;Simoes Filho;CENTRAL FARMACÊUTICA DO ESTADO DA BAHIA - CEFARBA;13/07/2026 16:39:32
568765;A9318;ARES;SSA - LUTY LOG;;BA;21/09/2026 11:56:02;Pendente de Retorno;BA;Simoes Filho;CENTRAL FARMACÊUTICA DO ESTADO DA BAHIA - CEFARBA;10/07/2026 13:10:55
568765;A9440;ARES;SSA - LUTY LOG;;BA;21/09/2026 11:56:02;Pendente de Retorno;BA;Simoes Filho;CENTRAL FARMACÊUTICA DO ESTADO DA BAHIA - CEFARBA;13/07/2026 16:38:55
568765;A9625;ARES;SSA - LUTY LOG;;BA;21/09/2026 11:56:02;Pendente de Retorno;BA;Simoes Filho;CENTRAL FARMACÊUTICA DO ESTADO DA BAHIA - CEFARBA;26/07/2026 20:46:20
568765;A9631;ARES;SSA - LUTY LOG;;BA;21/09/2026 11:56:02;Pendente de Retorno;BA;Simoes Filho;CENTRAL FARMACÊUTICA DO ESTADO DA BAHIA - CEFARBA;17/07/2026 07:37:29
568765;A9645;ARES;SSA - LUTY LOG;;BA;21/09/2026 11:56:02;Pendente de Retorno;BA;Simoes Filho;CENTRAL FARMACÊUTICA DO ESTADO DA BAHIA - CEFARBA;10/07/2026 13:14:11
568765;TA0021;ARES;SSA - LUTY LOG;;BA;21/09/2026 11:56:02;Pendente de Retorno;BA;Simoes Filho;CENTRAL FARMACÊUTICA DO ESTADO DA BAHIA - CEFARBA;25/06/2026 04:03:32
568765;TA0091;ARES;SSA - LUTY LOG;;BA;21/09/2026 11:56:02;Pendente de Retorno;BA;Simoes Filho;CENTRAL FARMACÊUTICA DO ESTADO DA BAHIA - CEFARBA;21/07/2026 17:25:12
568765;TA0171;ARES;SSA - LUTY LOG;;BA;21/09/2026 11:56:02;Pendente de Retorno;BA;Simoes Filho;CENTRAL FARMACÊUTICA DO ESTADO DA BAHIA - CEFARBA;30/06/2026 08:31:34
568765;TA0641;ARES;SSA - LUTY LOG;;BA;21/09/2026 11:56:02;Pendente de Retorno;BA;Simoes Filho;CENTRAL FARMACÊUTICA DO ESTADO DA BAHIA - CEFARBA;21/07/2026 17:14:21
568765;TA0704;ARES;SSA - LUTY LOG;;BA;21/09/2026 11:56:02;Pendente de Retorno;BA;Simoes Filho;CENTRAL FARMACÊUTICA DO ESTADO DA BAHIA - CEFARBA;13/07/2026 16:50:48
568765;TA0789;ARES;SSA - LUTY LOG;;BA;21/09/2026 11:56:02;Pendente de Retorno;BA;Simoes Filho;CENTRAL FARMACÊUTICA DO ESTADO DA BAHIA - CEFARBA;12/06/2026 17:10:41
568765;TA0847;ARES;SSA - LUTY LOG;;BA;21/09/2026 11:56:02;Pendente de Retorno;BA;Simoes Filho;CENTRAL FARMACÊUTICA DO ESTADO DA BAHIA - CEFARBA;22/07/2026 21:43:44
568765;TA0910;ARES;SSA - LUTY LOG;;BA;21/09/2026 11:56:02;Pendente de Retorno;BA;Simoes Filho;CENTRAL FARMACÊUTICA DO ESTADO DA BAHIA - CEFARBA;21/07/2026 09:42:08
568765;TA1005;ARES;SSA - LUTY LOG;;BA;21/09/2026 11:56:02;Pendente de Retorno;BA;Simoes Filho;CENTRAL FARMACÊUTICA DO ESTADO DA BAHIA - CEFARBA;22/07/2026 21:44:37
568765;TA1017;ARES;SSA - LUTY LOG;;BA;21/09/2026 11:56:02;Pendente de Retorno;BA;Simoes Filho;CENTRAL FARMACÊUTICA DO ESTADO DA BAHIA - CEFARBA;21/07/2026 22:24:29
568765;V741701132;SHIELD;SSA - LUTY LOG;;BA;21/09/2026 11:56:02;Pendente de Retorno;BA;Simoes Filho;CENTRAL FARMACÊUTICA DO ESTADO DA BAHIA - CEFARBA;21/09/2026 11:56:02
568765;V741701210;SHIELD;SSA - LUTY LOG;;BA;21/09/2026 11:56:02;Pendente de Retorno;BA;Simoes Filho;CENTRAL FARMACÊUTICA DO ESTADO DA BAHIA - CEFARBA;21/09/2026 11:56:02
568765;V741701224;SHIELD;SSA - LUTY LOG;;BA;21/09/2026 11:56:02;Pendente de Retorno;BA;Simoes Filho;CENTRAL FARMACÊUTICA DO ESTADO DA BAHIA - CEFARBA;21/09/2026 11:56:02
568765;V741701235;SHIELD;SSA - LUTY LOG;;BA;21/09/2026 11:56:02;Pendente de Retorno;BA;Simoes Filho;CENTRAL FARMACÊUTICA DO ESTADO DA BAHIA - CEFARBA;21/09/2026 11:56:02
568765;V741701237;SHIELD;SSA - LUTY LOG;;BA;21/09/2026 11:56:02;Pendente de Retorno;BA;Simoes Filho;CENTRAL FARMACÊUTICA DO ESTADO DA BAHIA - CEFARBA;21/09/2026 11:56:02
568765;V741701252;SHIELD;SSA - LUTY LOG;;BA;21/09/2026 11:56:02;Pendente de Retorno;BA;Simoes Filho;CENTRAL FARMACÊUTICA DO ESTADO DA BAHIA - CEFARBA;21/09/2026 11:56:02
568765;V741701267;SHIELD;SSA - LUTY LOG;;BA;21/09/2026 11:56:02;Pendente de Retorno;BA;Simoes Filho;CENTRAL FARMACÊUTICA DO ESTADO DA BAHIA - CEFARBA;21/09/2026 11:56:02
568765;V741701272;SHIELD;SSA - LUTY LOG;;BA;21/09/2026 11:56:02;Pendente de Retorno;BA;Simoes Filho;CENTRAL FARMACÊUTICA DO ESTADO DA BAHIA - CEFARBA;21/09/2026 11:56:02
568765;V741701383;SHIELD;SSA - LUTY LOG;;BA;21/09/2026 11:56:02;Pendente de Retorno;BA;Simoes Filho;CENTRAL FARMACÊUTICA DO ESTADO DA BAHIA - CEFARBA;21/09/2026 11:56:02
568765;V741701391;SHIELD;SSA - LUTY LOG;;BA;21/09/2026 11:56:02;Pendente de Retorno;BA;Simoes Filho;CENTRAL FARMACÊUTICA DO ESTADO DA BAHIA - CEFARBA;21/09/2026 11:56:02
568765;V741701453;SHIELD;SSA - LUTY LOG;;BA;21/09/2026 11:56:02;Pendente de Retorno;BA;Simoes Filho;CENTRAL FARMACÊUTICA DO ESTADO DA BAHIA - CEFARBA;21/09/2026 11:56:02
568765;V741701476;SHIELD;SSA - LUTY LOG;;BA;21/09/2026 11:56:02;Pendente de Retorno;BA;Simoes Filho;CENTRAL FARMACÊUTICA DO ESTADO DA BAHIA - CEFARBA;21/09/2026 11:56:02
20261518;A6886;ARES;VTCLOG RIO GALEAO;;RJ;21/09/2026 11:52:00;Pendente de Retorno;RJ;RIO DE JANEIRO;FUNDACAO OSWALDO CRUZ;27/07/2026 00:18:35
20261519;A9493;ARES;VTCLOG RIO GALEAO;;RJ;21/09/2026 11:52:00;Pendente de Retorno;RJ;RIO DE JANEIRO;FUNDACAO OSWALDO CRUZ;21/09/2026 11:52:00
568743;0741700151;ARES;VTCLOG - BSB;;DF;21/09/2026 11:35:00;Retornado;DF;BRASILIA;ALMOXARIFADO ESTADUAL DE MEDICAMENTOS;21/09/2026 15:03:35
568743;A0430;ARES;VTCLOG - BSB;;DF;21/09/2026 11:35:00;Pendente de Retorno;DF;BRASILIA;ALMOXARIFADO ESTADUAL DE MEDICAMENTOS;21/07/2026 17:25:41
568743;A1077;ARES;VTCLOG - BSB;;DF;21/09/2026 11:35:00;Pendente de Retorno;DF;BRASILIA;ALMOXARIFADO ESTADUAL DE MEDICAMENTOS;27/07/2026 15:28:06
568743;A1117;ARES;VTCLOG - BSB;;DF;21/09/2026 11:35:00;Pendente de Retorno;DF;BRASILIA;ALMOXARIFADO ESTADUAL DE MEDICAMENTOS;22/07/2026 21:46:39
568743;A1128;ARES;VTCLOG - BSB;;DF;21/09/2026 11:35:00;Pendente de Retorno;DF;BRASILIA;ALMOXARIFADO ESTADUAL DE MEDICAMENTOS;27/07/2026 00:16:04
568743;A1992;ARES;VTCLOG - BSB;;DF;21/09/2026 11:35:00;Pendente de Retorno;DF;BRASILIA;ALMOXARIFADO ESTADUAL DE MEDICAMENTOS;23/07/2026 08:39:27
568743;A2214;ARES;VTCLOG - BSB;;DF;21/09/2026 11:35:00;Pendente de Retorno;DF;BRASILIA;ALMOXARIFADO ESTADUAL DE MEDICAMENTOS;17/07/2026 15:28:56
568743;A2990;ARES;VTCLOG - BSB;;DF;21/09/2026 11:35:00;Pendente de Retorno;DF;BRASILIA;ALMOXARIFADO ESTADUAL DE MEDICAMENTOS;18/07/2026 10:20:09
568743;A3221;ARES;VTCLOG - BSB;;DF;21/09/2026 11:35:00;Pendente de Retorno;DF;BRASILIA;ALMOXARIFADO ESTADUAL DE MEDICAMENTOS;21/07/2026 17:30:24
568743;A4690;ARES;VTCLOG - BSB;;DF;21/09/2026 11:35:00;Pendente de Retorno;DF;BRASILIA;ALMOXARIFADO ESTADUAL DE MEDICAMENTOS;13/07/2026 16:35:12
568743;A4704;ARES;VTCLOG - BSB;;DF;21/09/2026 11:35:00;Pendente de Retorno;DF;BRASILIA;ALMOXARIFADO ESTADUAL DE MEDICAMENTOS;28/07/2026 03:04:00
568743;A4763;ARES;VTCLOG - BSB;;DF;21/09/2026 11:35:00;Pendente de Retorno;DF;BRASILIA;ALMOXARIFADO ESTADUAL DE MEDICAMENTOS;22/07/2026 09:32:34
568743;A5431;ARES;VTCLOG - BSB;;DF;21/09/2026 11:35:00;Pendente de Retorno;DF;BRASILIA;ALMOXARIFADO ESTADUAL DE MEDICAMENTOS;26/07/2026 20:49:06
568743;A5641;ARES;VTCLOG - BSB;;DF;21/09/2026 11:35:00;Pendente de Retorno;DF;BRASILIA;ALMOXARIFADO ESTADUAL DE MEDICAMENTOS;27/07/2026 16:42:45
568743;A6102;ARES;VTCLOG - BSB;;DF;21/09/2026 11:35:00;Pendente de Retorno;DF;BRASILIA;ALMOXARIFADO ESTADUAL DE MEDICAMENTOS;09/07/2026 08:57:25
568743;A6159;ARES;VTCLOG - BSB;;DF;21/09/2026 11:35:00;Pendente de Retorno;DF;BRASILIA;ALMOXARIFADO ESTADUAL DE MEDICAMENTOS;23/07/2026 08:40:16
568743;A6947;ARES;VTCLOG - BSB;;DF;21/09/2026 11:35:00;Pendente de Retorno;DF;BRASILIA;ALMOXARIFADO ESTADUAL DE MEDICAMENTOS;23/07/2026 08:39:02
568743;A7275;ARES;VTCLOG - BSB;;DF;21/09/2026 11:35:00;Pendente de Retorno;DF;BRASILIA;ALMOXARIFADO ESTADUAL DE MEDICAMENTOS;14/07/2026 14:39:57
568743;A7402;ARES;VTCLOG - BSB;;DF;21/09/2026 11:35:00;Pendente de Retorno;DF;BRASILIA;ALMOXARIFADO ESTADUAL DE MEDICAMENTOS;24/07/2026 13:24:08
568743;A7658;ARES;VTCLOG - BSB;;DF;21/09/2026 11:35:00;Pendente de Retorno;DF;BRASILIA;ALMOXARIFADO ESTADUAL DE MEDICAMENTOS;24/07/2026 15:28:44
568743;A7855;ARES;VTCLOG - BSB;;DF;21/09/2026 11:35:00;Pendente de Retorno;DF;BRASILIA;ALMOXARIFADO ESTADUAL DE MEDICAMENTOS;26/07/2026 20:47:59
568743;A7948;ARES;VTCLOG - BSB;;DF;21/09/2026 11:35:00;Pendente de Retorno;DF;BRASILIA;ALMOXARIFADO ESTADUAL DE MEDICAMENTOS;27/07/2026 16:47:37
568743;A8150;ARES;VTCLOG - BSB;;DF;21/09/2026 11:35:00;Pendente de Retorno;DF;BRASILIA;ALMOXARIFADO ESTADUAL DE MEDICAMENTOS;20/07/2026 11:34:45
568743;A8223;ARES;VTCLOG - BSB;;DF;21/09/2026 11:35:00;Pendente de Retorno;DF;BRASILIA;ALMOXARIFADO ESTADUAL DE MEDICAMENTOS;20/07/2026 09:51:48
568743;A9431;ARES;VTCLOG - BSB;;DF;21/09/2026 11:35:00;Pendente de Retorno;DF;BRASILIA;ALMOXARIFADO ESTADUAL DE MEDICAMENTOS;04/07/2026 14:00:14
568743;TA0050;ARES;VTCLOG - BSB;;DF;21/09/2026 11:35:00;Pendente de Retorno;DF;BRASILIA;ALMOXARIFADO ESTADUAL DE MEDICAMENTOS;18/07/2026 10:09:40
568743;TA0160;ARES;VTCLOG - BSB;;DF;21/09/2026 11:35:00;Pendente de Retorno;DF;BRASILIA;ALMOXARIFADO ESTADUAL DE MEDICAMENTOS;27/07/2026 15:22:47
568743;TA0241;ARES;VTCLOG - BSB;;DF;21/09/2026 11:35:00;Pendente de Retorno;DF;BRASILIA;ALMOXARIFADO ESTADUAL DE MEDICAMENTOS;09/07/2026 02:51:35
569119;A5627;ARES;VTCLOG - GRU;;SP;21/09/2026 11:33:00;Pendente de Retorno;SP;Diadema;ENZO DOS REIS RODRIGUES SEI;20/07/2026 11:24:31
568152;0741700584;ARES;CGB - JR TRANSPORTES;;MT;21/09/2026 11:25:49;Retornado;MT;Cuiaba;SECRETARIA DE ESTADO DE SAUDE DE MA GROSSO - SES;21/09/2026 16:23:25
567750;0741700324;ARES;AJU - CASSIMIRO TRANSPORTES;;SE;21/09/2026 11:17:58;Retornado;SE;Aracaju;ALMOXARIFADO ESTADUAL DE MEDICAMENTOS - SERGIPE;21/09/2026 13:25:11
567750;A0941;ARES;AJU - CASSIMIRO TRANSPORTES;;SE;21/09/2026 11:17:58;Pendente de Retorno;SE;Aracaju;ALMOXARIFADO ESTADUAL DE MEDICAMENTOS - SERGIPE;22/07/2026 21:43:46
567750;A1494;ARES;AJU - CASSIMIRO TRANSPORTES;;SE;21/09/2026 11:17:58;Pendente de Retorno;SE;Aracaju;ALMOXARIFADO ESTADUAL DE MEDICAMENTOS - SERGIPE;17/07/2026 07:35:06
567750;A3003;ARES;AJU - CASSIMIRO TRANSPORTES;;SE;21/09/2026 11:17:58;Pendente de Retorno;SE;Aracaju;ALMOXARIFADO ESTADUAL DE MEDICAMENTOS - SERGIPE;21/07/2026 17:27:04
567750;A4838;ARES;AJU - CASSIMIRO TRANSPORTES;;SE;21/09/2026 11:17:58;Pendente de Retorno;SE;Aracaju;ALMOXARIFADO ESTADUAL DE MEDICAMENTOS - SERGIPE;23/07/2026 20:46:56
567750;A5428;ARES;AJU - CASSIMIRO TRANSPORTES;;SE;21/09/2026 11:17:58;Pendente de Retorno;SE;Aracaju;ALMOXARIFADO ESTADUAL DE MEDICAMENTOS - SERGIPE;22/07/2026 21:42:10
567750;A5875;ARES;AJU - CASSIMIRO TRANSPORTES;;SE;21/09/2026 11:17:58;Pendente de Retorno;SE;Aracaju;ALMOXARIFADO ESTADUAL DE MEDICAMENTOS - SERGIPE;21/07/2026 17:28:24
567750;A5883;ARES;AJU - CASSIMIRO TRANSPORTES;;SE;21/09/2026 11:17:58;Pendente de Retorno;SE;Aracaju;ALMOXARIFADO ESTADUAL DE MEDICAMENTOS - SERGIPE;14/07/2026 17:28:59
567750;A6870;ARES;AJU - CASSIMIRO TRANSPORTES;;SE;21/09/2026 11:17:58;Pendente de Retorno;SE;Aracaju;ALMOXARIFADO ESTADUAL DE MEDICAMENTOS - SERGIPE;15/07/2026 21:26:32
567750;A6937;ARES;AJU - CASSIMIRO TRANSPORTES;;SE;21/09/2026 11:17:58;Pendente de Retorno;SE;Aracaju;ALMOXARIFADO ESTADUAL DE MEDICAMENTOS - SERGIPE;14/07/2026 17:04:31
567750;A7206;ARES;AJU - CASSIMIRO TRANSPORTES;;SE;21/09/2026 11:17:58;Pendente de Retorno;SE;Aracaju;ALMOXARIFADO ESTADUAL DE MEDICAMENTOS - SERGIPE;09/07/2026 15:31:37
567750;A7299;ARES;AJU - CASSIMIRO TRANSPORTES;;SE;21/09/2026 11:17:58;Pendente de Retorno;SE;Aracaju;ALMOXARIFADO ESTADUAL DE MEDICAMENTOS - SERGIPE;21/07/2026 17:46:34
567750;A7669;ARES;AJU - CASSIMIRO TRANSPORTES;;SE;21/09/2026 11:17:58;Retornado;SE;Aracaju;ALMOXARIFADO ESTADUAL DE MEDICAMENTOS - SERGIPE;21/09/2026 13:28:53
567750;A8062;ARES;AJU - CASSIMIRO TRANSPORTES;;SE;21/09/2026 11:17:58;Pendente de Retorno;SE;Aracaju;ALMOXARIFADO ESTADUAL DE MEDICAMENTOS - SERGIPE;22/07/2026 08:57:08
567750;A8433;ARES;AJU - CASSIMIRO TRANSPORTES;;SE;21/09/2026 11:17:58;Pendente de Retorno;SE;Aracaju;ALMOXARIFADO ESTADUAL DE MEDICAMENTOS - SERGIPE;10/07/2026 17:33:21
567750;A8482;ARES;AJU - CASSIMIRO TRANSPORTES;;SE;21/09/2026 11:17:58;Pendente de Retorno;SE;Aracaju;ALMOXARIFADO ESTADUAL DE MEDICAMENTOS - SERGIPE;09/07/2026 02:51:28
567750;A8580;ARES;AJU - CASSIMIRO TRANSPORTES;;SE;21/09/2026 11:17:58;Pendente de Retorno;SE;Aracaju;ALMOXARIFADO ESTADUAL DE MEDICAMENTOS - SERGIPE;21/07/2026 17:16:19
567750;A8898;ARES;AJU - CASSIMIRO TRANSPORTES;;SE;21/09/2026 11:17:58;Pendente de Retorno;SE;Aracaju;ALMOXARIFADO ESTADUAL DE MEDICAMENTOS - SERGIPE;27/07/2026 12:29:23
567750;A9698;ARES;AJU - CASSIMIRO TRANSPORTES;;SE;21/09/2026 11:17:58;Pendente de Retorno;SE;Aracaju;ALMOXARIFADO ESTADUAL DE MEDICAMENTOS - SERGIPE;25/07/2026 13:02:54
567750;TA0970;ARES;AJU - CASSIMIRO TRANSPORTES;;SE;21/09/2026 11:17:58;Pendente de Retorno;SE;Aracaju;ALMOXARIFADO ESTADUAL DE MEDICAMENTOS - SERGIPE;30/06/2026 08:21:55
569128;A7529;ARES;VTCLOG - GRU;;SP;21/09/2026 11:15:00;Pendente de Retorno;SP;Sao Jose dos Campos;ALMOXARIFADO DA SAUDE DA PREFEITURA DE SÃO JOSÉ DO;21/07/2026 17:29:09
568792;A6918;ARES;CGR - LH TRANSPORTES;;MS;21/09/2026 10:14:00;Pendente de Retorno;MS;Dourados;EUCLIDES MIQUELETTI 00737.022504/2025-32;21/07/2026 17:46:31
568276;A1904;ARES;JPA - LIDER CARGAS;;PB;21/09/2026 10:12:07;Pendente de Retorno;PB;Cabedelo;SEC DE SAUDE DA PARAIBA;18/07/2026 11:41:42
568969;A4999;ARES;VTCLOG - BSB;;DF;21/09/2026 10:04:00;Pendente de Retorno;DF;BRASILIA;DAVI HENRIQUE PEREIRA RAMOS 00737.007220/2022-73;21/07/2026 17:27:45
569150;A6051;ARES;VTCLOG - GRU;;SP;21/09/2026 10:00:00;Pendente de Retorno;SP;Sao Carlos;GABRIELA VITORIA DE OLIVEIRA;26/07/2026 22:21:35
569151;A3179;ARES;VTCLOG - GRU;;SP;21/09/2026 08:41:00;Pendente de Retorno;SP;Atibaia;ANA BEATRIZ PERES SEI 00737.008988/2022-64;20/07/2026 15:11:54
568912;0741700983;ARES;VTCLOG - BSB;;DF;19/09/2026 11:46:04;Retornado;DF;BRASILIA;LEONARDO BASSAN PRADO;19/09/2026 13:16:58
569022;A7638;ARES;VTCLOG - BSB;;DF;19/09/2026 10:32:38;Pendente de Retorno;DF;BRASILIA;BERNARDO LOPES DE LIMA SEI 00737.020403/2022-84;22/07/2026 23:46:22
568756;0741700106;ARES;FOR - NT TRANSPORTE LTDA;;CE;19/09/2026 08:42:10;Retornado;CE;Fortaleza;ALMOXARIFADO ESTADUAL DE MEDICAMENTOS;21/09/2026 03:17:41
568756;0741700227;ARES;FOR - NT TRANSPORTE LTDA;;CE;19/09/2026 08:42:10;Retornado;CE;Fortaleza;ALMOXARIFADO ESTADUAL DE MEDICAMENTOS;22/09/2026 00:49:24
568756;0741700302;ARES;FOR - NT TRANSPORTE LTDA;;CE;19/09/2026 08:42:10;Retornado;CE;Fortaleza;ALMOXARIFADO ESTADUAL DE MEDICAMENTOS;21/09/2026 16:04:56
568756;0741700348;ARES;FOR - NT TRANSPORTE LTDA;;CE;19/09/2026 08:42:10;Retornado;CE;Fortaleza;ALMOXARIFADO ESTADUAL DE MEDICAMENTOS;22/09/2026 00:49:25
568756;0741700407;ARES;FOR - NT TRANSPORTE LTDA;;CE;19/09/2026 08:42:10;Retornado;CE;Fortaleza;ALMOXARIFADO ESTADUAL DE MEDICAMENTOS;21/09/2026 03:07:23
568756;0741700416;ARES;FOR - NT TRANSPORTE LTDA;;CE;19/09/2026 08:42:10;Retornado;CE;Fortaleza;ALMOXARIFADO ESTADUAL DE MEDICAMENTOS;22/09/2026 00:49:24
568756;0741700419;ARES;FOR - NT TRANSPORTE LTDA;;CE;19/09/2026 08:42:10;Pendente de Retorno;CE;Fortaleza;ALMOXARIFADO ESTADUAL DE MEDICAMENTOS;19/09/2026 08:42:10
568756;0741700423;ARES;FOR - NT TRANSPORTE LTDA;;CE;19/09/2026 08:42:10;Retornado;CE;Fortaleza;ALMOXARIFADO ESTADUAL DE MEDICAMENTOS;21/09/2026 16:04:52
568756;0741700444;ARES;FOR - NT TRANSPORTE LTDA;;CE;19/09/2026 08:42:10;Pendente de Retorno;CE;Fortaleza;ALMOXARIFADO ESTADUAL DE MEDICAMENTOS;19/09/2026 08:42:10
568756;0741700445;ARES;FOR - NT TRANSPORTE LTDA;;CE;19/09/2026 08:42:10;Retornado;CE;Fortaleza;ALMOXARIFADO ESTADUAL DE MEDICAMENTOS;21/09/2026 16:04:47
568756;0741700454;ARES;FOR - NT TRANSPORTE LTDA;;CE;19/09/2026 08:42:10;Pendente de Retorno;CE;Fortaleza;ALMOXARIFADO ESTADUAL DE MEDICAMENTOS;19/09/2026 08:42:10
568756;0741700455;ARES;FOR - NT TRANSPORTE LTDA;;CE;19/09/2026 08:42:10;Retornado;CE;Fortaleza;ALMOXARIFADO ESTADUAL DE MEDICAMENTOS;21/09/2026 16:19:29
568756;0741700532;ARES;FOR - NT TRANSPORTE LTDA;;CE;19/09/2026 08:42:10;Pendente de Retorno;CE;Fortaleza;ALMOXARIFADO ESTADUAL DE MEDICAMENTOS;19/09/2026 08:42:10
568756;0741700594;ARES;FOR - NT TRANSPORTE LTDA;;CE;19/09/2026 08:42:10;Retornado;CE;Fortaleza;ALMOXARIFADO ESTADUAL DE MEDICAMENTOS;22/09/2026 00:37:22
568756;0741700599;ARES;FOR - NT TRANSPORTE LTDA;;CE;19/09/2026 08:42:10;Pendente de Retorno;CE;Fortaleza;ALMOXARIFADO ESTADUAL DE MEDICAMENTOS;19/09/2026 08:42:10
568756;0741700665;ARES;FOR - NT TRANSPORTE LTDA;;CE;19/09/2026 08:42:10;Pendente de Retorno;CE;Fortaleza;ALMOXARIFADO ESTADUAL DE MEDICAMENTOS;19/09/2026 08:42:10
568756;0741700701;ARES;FOR - NT TRANSPORTE LTDA;;CE;19/09/2026 08:42:10;Retornado;CE;Fortaleza;ALMOXARIFADO ESTADUAL DE MEDICAMENTOS;21/09/2026 16:17:30
568756;A0199;ARES;FOR - NT TRANSPORTE LTDA;;CE;19/09/2026 08:42:10;Pendente de Retorno;CE;Fortaleza;ALMOXARIFADO ESTADUAL DE MEDICAMENTOS;27/07/2026 00:15:38
568756;A0299;ARES;FOR - NT TRANSPORTE LTDA;;CE;19/09/2026 08:42:10;Pendente de Retorno;CE;Fortaleza;ALMOXARIFADO ESTADUAL DE MEDICAMENTOS;28/07/2026 03:02:42
568756;A0361;ARES;FOR - NT TRANSPORTE LTDA;;CE;19/09/2026 08:42:10;Pendente de Retorno;CE;Fortaleza;ALMOXARIFADO ESTADUAL DE MEDICAMENTOS;19/09/2026 08:42:10
568756;A0388;ARES;FOR - NT TRANSPORTE LTDA;;CE;19/09/2026 08:42:10;Pendente de Retorno;CE;Fortaleza;ALMOXARIFADO ESTADUAL DE MEDICAMENTOS;20/07/2026 09:52:15
568756;A0905;ARES;FOR - NT TRANSPORTE LTDA;;CE;19/09/2026 08:42:10;Pendente de Retorno;CE;Fortaleza;ALMOXARIFADO ESTADUAL DE MEDICAMENTOS;18/07/2026 10:22:42
568756;A1049;ARES;FOR - NT TRANSPORTE LTDA;;CE;19/09/2026 08:42:10;Pendente de Retorno;CE;Fortaleza;ALMOXARIFADO ESTADUAL DE MEDICAMENTOS;27/07/2026 15:21:20
568756;A1105;ARES;FOR - NT TRANSPORTE LTDA;;CE;19/09/2026 08:42:10;Pendente de Retorno;CE;Fortaleza;ALMOXARIFADO ESTADUAL DE MEDICAMENTOS;01/07/2026 08:14:07
568756;A1144;ARES;FOR - NT TRANSPORTE LTDA;;CE;19/09/2026 08:42:10;Pendente de Retorno;CE;Fortaleza;ALMOXARIFADO ESTADUAL DE MEDICAMENTOS;26/07/2026 20:46:52
568756;A1324;ARES;FOR - NT TRANSPORTE LTDA;;CE;19/09/2026 08:42:10;Pendente de Retorno;CE;Fortaleza;ALMOXARIFADO ESTADUAL DE MEDICAMENTOS;21/07/2026 17:29:44
568756;A1360;ARES;FOR - NT TRANSPORTE LTDA;;CE;19/09/2026 08:42:10;Pendente de Retorno;CE;Fortaleza;ALMOXARIFADO ESTADUAL DE MEDICAMENTOS;27/07/2026 16:42:39
568756;A1485;ARES;FOR - NT TRANSPORTE LTDA;;CE;19/09/2026 08:42:10;Pendente de Retorno;CE;Fortaleza;ALMOXARIFADO ESTADUAL DE MEDICAMENTOS;13/07/2026 16:28:57
568756;A1526;ARES;FOR - NT TRANSPORTE LTDA;;CE;19/09/2026 08:42:10;Pendente de Retorno;CE;Fortaleza;ALMOXARIFADO ESTADUAL DE MEDICAMENTOS;14/07/2026 14:37:32
568756;A1689;ARES;FOR - NT TRANSPORTE LTDA;;CE;19/09/2026 08:42:10;Retornado;CE;Fortaleza;ALMOXARIFADO ESTADUAL DE MEDICAMENTOS;22/09/2026 00:49:24
568756;A1826;ARES;FOR - NT TRANSPORTE LTDA;;CE;19/09/2026 08:42:10;Retornado;CE;Fortaleza;ALMOXARIFADO ESTADUAL DE MEDICAMENTOS;21/09/2026 16:19:21
568756;A2041;ARES;FOR - NT TRANSPORTE LTDA;;CE;19/09/2026 08:42:10;Pendente de Retorno;CE;Fortaleza;ALMOXARIFADO ESTADUAL DE MEDICAMENTOS;10/07/2026 17:17:31
568756;A2430;ARES;FOR - NT TRANSPORTE LTDA;;CE;19/09/2026 08:42:10;Pendente de Retorno;CE;Fortaleza;ALMOXARIFADO ESTADUAL DE MEDICAMENTOS;19/09/2026 08:42:10
568756;A2570;ARES;FOR - NT TRANSPORTE LTDA;;CE;19/09/2026 08:42:10;Pendente de Retorno;CE;Fortaleza;ALMOXARIFADO ESTADUAL DE MEDICAMENTOS;24/07/2026 08:31:47
568756;A2733;ARES;FOR - NT TRANSPORTE LTDA;;CE;19/09/2026 08:42:10;Pendente de Retorno;CE;Fortaleza;ALMOXARIFADO ESTADUAL DE MEDICAMENTOS;27/07/2026 00:12:59
568756;A2808;ARES;FOR - NT TRANSPORTE LTDA;;CE;19/09/2026 08:42:10;Pendente de Retorno;CE;Fortaleza;ALMOXARIFADO ESTADUAL DE MEDICAMENTOS;18/07/2026 10:21:20
568756;A3046;ARES;FOR - NT TRANSPORTE LTDA;;CE;19/09/2026 08:42:10;Pendente de Retorno;CE;Fortaleza;ALMOXARIFADO ESTADUAL DE MEDICAMENTOS;22/07/2026 23:46:37
568756;A3240;ARES;FOR - NT TRANSPORTE LTDA;;CE;19/09/2026 08:42:10;Pendente de Retorno;CE;Fortaleza;ALMOXARIFADO ESTADUAL DE MEDICAMENTOS;19/09/2026 08:42:10
568756;A3313;ARES;FOR - NT TRANSPORTE LTDA;;CE;19/09/2026 08:42:10;Pendente de Retorno;CE;Fortaleza;ALMOXARIFADO ESTADUAL DE MEDICAMENTOS;18/07/2026 08:00:50
568756;A3434;ARES;FOR - NT TRANSPORTE LTDA;;CE;19/09/2026 08:42:10;Pendente de Retorno;CE;Fortaleza;ALMOXARIFADO ESTADUAL DE MEDICAMENTOS;23/07/2026 20:42:33
568756;A3457;ARES;FOR - NT TRANSPORTE LTDA;;CE;19/09/2026 08:42:10;Pendente de Retorno;CE;Fortaleza;ALMOXARIFADO ESTADUAL DE MEDICAMENTOS;22/07/2026 09:00:01
568756;A3645;ARES;FOR - NT TRANSPORTE LTDA;;CE;19/09/2026 08:42:10;Pendente de Retorno;CE;Fortaleza;ALMOXARIFADO ESTADUAL DE MEDICAMENTOS;27/07/2026 17:10:19
568756;A3693;ARES;FOR - NT TRANSPORTE LTDA;;CE;19/09/2026 08:42:10;Pendente de Retorno;CE;Fortaleza;ALMOXARIFADO ESTADUAL DE MEDICAMENTOS;15/07/2026 10:52:09
568756;A3773;ARES;FOR - NT TRANSPORTE LTDA;;CE;19/09/2026 08:42:10;Pendente de Retorno;CE;Fortaleza;ALMOXARIFADO ESTADUAL DE MEDICAMENTOS;25/07/2026 21:34:35
568756;A4011;ARES;FOR - NT TRANSPORTE LTDA;;CE;19/09/2026 08:42:10;Pendente de Retorno;CE;Fortaleza;ALMOXARIFADO ESTADUAL DE MEDICAMENTOS;27/07/2026 00:18:25
568756;A4222;ARES;FOR - NT TRANSPORTE LTDA;;CE;19/09/2026 08:42:10;Pendente de Retorno;CE;Fortaleza;ALMOXARIFADO ESTADUAL DE MEDICAMENTOS;25/07/2026 22:23:04
568756;A4231;ARES;FOR - NT TRANSPORTE LTDA;;CE;19/09/2026 08:42:10;Pendente de Retorno;CE;Fortaleza;ALMOXARIFADO ESTADUAL DE MEDICAMENTOS;27/07/2026 15:25:07
568756;A4242;ARES;FOR - NT TRANSPORTE LTDA;;CE;19/09/2026 08:42:10;Pendente de Retorno;CE;Fortaleza;ALMOXARIFADO ESTADUAL DE MEDICAMENTOS;20/07/2026 09:50:52
568756;A4304;ARES;FOR - NT TRANSPORTE LTDA;;CE;19/09/2026 08:42:10;Pendente de Retorno;CE;Fortaleza;ALMOXARIFADO ESTADUAL DE MEDICAMENTOS;27/07/2026 12:33:11
568756;A4597;ARES;FOR - NT TRANSPORTE LTDA;;CE;19/09/2026 08:42:10;Pendente de Retorno;CE;Fortaleza;ALMOXARIFADO ESTADUAL DE MEDICAMENTOS;21/07/2026 17:45:15
568756;A4599;ARES;FOR - NT TRANSPORTE LTDA;;CE;19/09/2026 08:42:10;Pendente de Retorno;CE;Fortaleza;ALMOXARIFADO ESTADUAL DE MEDICAMENTOS;30/06/2026 08:28:37
568756;A4685;ARES;FOR - NT TRANSPORTE LTDA;;CE;19/09/2026 08:42:10;Pendente de Retorno;CE;Fortaleza;ALMOXARIFADO ESTADUAL DE MEDICAMENTOS;26/07/2026 22:22:04
568756;A4696;ARES;FOR - NT TRANSPORTE LTDA;;CE;19/09/2026 08:42:10;Pendente de Retorno;CE;Fortaleza;ALMOXARIFADO ESTADUAL DE MEDICAMENTOS;21/07/2026 17:42:36
568756;A4751;ARES;FOR - NT TRANSPORTE LTDA;;CE;19/09/2026 08:42:10;Pendente de Retorno;CE;Fortaleza;ALMOXARIFADO ESTADUAL DE MEDICAMENTOS;25/07/2026 21:28:29
568756;A4843;ARES;FOR - NT TRANSPORTE LTDA;;CE;19/09/2026 08:42:10;Pendente de Retorno;CE;Fortaleza;ALMOXARIFADO ESTADUAL DE MEDICAMENTOS;16/07/2026 20:49:53
568756;A4891;ARES;FOR - NT TRANSPORTE LTDA;;CE;19/09/2026 08:42:10;Pendente de Retorno;CE;Fortaleza;ALMOXARIFADO ESTADUAL DE MEDICAMENTOS;22/07/2026 23:49:43
568756;A4955;ARES;FOR - NT TRANSPORTE LTDA;;CE;19/09/2026 08:42:10;Pendente de Retorno;CE;Fortaleza;ALMOXARIFADO ESTADUAL DE MEDICAMENTOS;15/07/2026 21:03:13
568756;A5194;ARES;FOR - NT TRANSPORTE LTDA;;CE;19/09/2026 08:42:10;Pendente de Retorno;CE;Fortaleza;ALMOXARIFADO ESTADUAL DE MEDICAMENTOS;25/07/2026 21:48:19
568756;A5215;ARES;FOR - NT TRANSPORTE LTDA;;CE;19/09/2026 08:42:10;Pendente de Retorno;CE;Fortaleza;ALMOXARIFADO ESTADUAL DE MEDICAMENTOS;20/07/2026 11:34:47
568756;A5423;ARES;FOR - NT TRANSPORTE LTDA;;CE;19/09/2026 08:42:10;Pendente de Retorno;CE;Fortaleza;ALMOXARIFADO ESTADUAL DE MEDICAMENTOS;21/07/2026 17:27:21
568756;A5686;ARES;FOR - NT TRANSPORTE LTDA;;CE;19/09/2026 08:42:10;Pendente de Retorno;CE;Fortaleza;ALMOXARIFADO ESTADUAL DE MEDICAMENTOS;23/07/2026 20:42:22
568756;A5750;ARES;FOR - NT TRANSPORTE LTDA;;CE;19/09/2026 08:42:10;Pendente de Retorno;CE;Fortaleza;ALMOXARIFADO ESTADUAL DE MEDICAMENTOS;13/07/2026 08:42:46
568756;A5866;ARES;FOR - NT TRANSPORTE LTDA;;CE;19/09/2026 08:42:10;Pendente de Retorno;CE;Fortaleza;ALMOXARIFADO ESTADUAL DE MEDICAMENTOS;23/07/2026 08:40:35
568756;A5955;ARES;FOR - NT TRANSPORTE LTDA;;CE;19/09/2026 08:42:10;Pendente de Retorno;CE;Fortaleza;ALMOXARIFADO ESTADUAL DE MEDICAMENTOS;27/07/2026 15:27:52
568756;A6041;ARES;FOR - NT TRANSPORTE LTDA;;CE;19/09/2026 08:42:10;Pendente de Retorno;CE;Fortaleza;ALMOXARIFADO ESTADUAL DE MEDICAMENTOS;21/07/2026 17:24:04
568756;A6157;ARES;FOR - NT TRANSPORTE LTDA;;CE;19/09/2026 08:42:10;Pendente de Retorno;CE;Fortaleza;ALMOXARIFADO ESTADUAL DE MEDICAMENTOS;23/07/2026 07:44:02
568756;A6383;ARES;FOR - NT TRANSPORTE LTDA;;CE;19/09/2026 08:42:10;Pendente de Retorno;CE;Fortaleza;ALMOXARIFADO ESTADUAL DE MEDICAMENTOS;20/07/2026 15:10:33
568756;A6564;ARES;FOR - NT TRANSPORTE LTDA;;CE;19/09/2026 08:42:10;Pendente de Retorno;CE;Fortaleza;ALMOXARIFADO ESTADUAL DE MEDICAMENTOS;24/07/2026 08:37:25
568756;A6625;ARES;FOR - NT TRANSPORTE LTDA;;CE;19/09/2026 08:42:10;Pendente de Retorno;CE;Fortaleza;ALMOXARIFADO ESTADUAL DE MEDICAMENTOS;27/07/2026 12:29:44
568756;A6651;ARES;FOR - NT TRANSPORTE LTDA;;CE;19/09/2026 08:42:10;Pendente de Retorno;CE;Fortaleza;ALMOXARIFADO ESTADUAL DE MEDICAMENTOS;09/07/2026 23:51:09
568756;A6669;ARES;FOR - NT TRANSPORTE LTDA;;CE;19/09/2026 08:42:10;Pendente de Retorno;CE;Fortaleza;ALMOXARIFADO ESTADUAL DE MEDICAMENTOS;14/07/2026 17:23:13
568756;A6744;ARES;FOR - NT TRANSPORTE LTDA;;CE;19/09/2026 08:42:10;Retornado;CE;Fortaleza;ALMOXARIFADO ESTADUAL DE MEDICAMENTOS;21/09/2026 03:07:23
568756;A6825;ARES;FOR - NT TRANSPORTE LTDA;;CE;19/09/2026 08:42:10;Pendente de Retorno;CE;Fortaleza;ALMOXARIFADO ESTADUAL DE MEDICAMENTOS;14/07/2026 17:27:44
568756;A6828;ARES;FOR - NT TRANSPORTE LTDA;;CE;19/09/2026 08:42:10;Retornado;CE;Fortaleza;ALMOXARIFADO ESTADUAL DE MEDICAMENTOS;21/09/2026 16:05:01
568756;A6866;ARES;FOR - NT TRANSPORTE LTDA;;CE;19/09/2026 08:42:10;Pendente de Retorno;CE;Fortaleza;ALMOXARIFADO ESTADUAL DE MEDICAMENTOS;13/07/2026 02:22:02
568756;A7160;ARES;FOR - NT TRANSPORTE LTDA;;CE;19/09/2026 08:42:10;Pendente de Retorno;CE;Fortaleza;ALMOXARIFADO ESTADUAL DE MEDICAMENTOS;28/07/2026 03:04:54
568756;A7231;ARES;FOR - NT TRANSPORTE LTDA;;CE;19/09/2026 08:42:10;Pendente de Retorno;CE;Fortaleza;ALMOXARIFADO ESTADUAL DE MEDICAMENTOS;26/07/2026 20:48:36
568756;A7383;ARES;FOR - NT TRANSPORTE LTDA;;CE;19/09/2026 08:42:10;Pendente de Retorno;CE;Fortaleza;ALMOXARIFADO ESTADUAL DE MEDICAMENTOS;09/07/2026 21:56:56
568756;A7430;ARES;FOR - NT TRANSPORTE LTDA;;CE;19/09/2026 08:42:10;Pendente de Retorno;CE;Fortaleza;ALMOXARIFADO ESTADUAL DE MEDICAMENTOS;09/07/2026 15:31:54
568756;A7544;ARES;FOR - NT TRANSPORTE LTDA;;CE;19/09/2026 08:42:10;Pendente de Retorno;CE;Fortaleza;ALMOXARIFADO ESTADUAL DE MEDICAMENTOS;24/07/2026 08:32:05
568756;A7635;ARES;FOR - NT TRANSPORTE LTDA;;CE;19/09/2026 08:42:10;Pendente de Retorno;CE;Fortaleza;ALMOXARIFADO ESTADUAL DE MEDICAMENTOS;21/07/2026 22:23:49
568756;A7672;ARES;FOR - NT TRANSPORTE LTDA;;CE;19/09/2026 08:42:10;Pendente de Retorno;CE;Fortaleza;ALMOXARIFADO ESTADUAL DE MEDICAMENTOS;24/07/2026 08:25:38
568756;A7701;ARES;FOR - NT TRANSPORTE LTDA;;CE;19/09/2026 08:42:10;Pendente de Retorno;CE;Fortaleza;ALMOXARIFADO ESTADUAL DE MEDICAMENTOS;21/07/2026 17:17:42
568756;A7753;ARES;FOR - NT TRANSPORTE LTDA;;CE;19/09/2026 08:42:10;Pendente de Retorno;CE;Fortaleza;ALMOXARIFADO ESTADUAL DE MEDICAMENTOS;24/07/2026 08:26:01
568756;A7849;ARES;FOR - NT TRANSPORTE LTDA;;CE;19/09/2026 08:42:10;Pendente de Retorno;CE;Fortaleza;ALMOXARIFADO ESTADUAL DE MEDICAMENTOS;20/07/2026 09:52:10
568756;A7935;ARES;FOR - NT TRANSPORTE LTDA;;CE;19/09/2026 08:42:10;Pendente de Retorno;CE;Fortaleza;ALMOXARIFADO ESTADUAL DE MEDICAMENTOS;27/07/2026 15:25:29
568756;A7936;ARES;FOR - NT TRANSPORTE LTDA;;CE;19/09/2026 08:42:10;Pendente de Retorno;CE;Fortaleza;ALMOXARIFADO ESTADUAL DE MEDICAMENTOS;26/07/2026 20:51:03
568756;A8000;ARES;FOR - NT TRANSPORTE LTDA;;CE;19/09/2026 08:42:10;Pendente de Retorno;CE;Fortaleza;ALMOXARIFADO ESTADUAL DE MEDICAMENTOS;27/07/2026 17:15:41
568756;A8090;ARES;FOR - NT TRANSPORTE LTDA;;CE;19/09/2026 08:42:10;Pendente de Retorno;CE;Fortaleza;ALMOXARIFADO ESTADUAL DE MEDICAMENTOS;26/06/2026 07:48:06
568756;A8096;ARES;FOR - NT TRANSPORTE LTDA;;CE;19/09/2026 08:42:10;Pendente de Retorno;CE;Fortaleza;ALMOXARIFADO ESTADUAL DE MEDICAMENTOS;27/07/2026 16:49:27
568756;A8136;ARES;FOR - NT TRANSPORTE LTDA;;CE;19/09/2026 08:42:10;Pendente de Retorno;CE;Fortaleza;ALMOXARIFADO ESTADUAL DE MEDICAMENTOS;26/07/2026 22:21:59
568756;A8229;ARES;FOR - NT TRANSPORTE LTDA;;CE;19/09/2026 08:42:10;Pendente de Retorno;CE;Fortaleza;ALMOXARIFADO ESTADUAL DE MEDICAMENTOS;21/07/2026 17:42:15
568756;A8321;ARES;FOR - NT TRANSPORTE LTDA;;CE;19/09/2026 08:42:10;Pendente de Retorno;CE;Fortaleza;ALMOXARIFADO ESTADUAL DE MEDICAMENTOS;14/07/2026 10:50:55
568756;A8344;ARES;FOR - NT TRANSPORTE LTDA;;CE;19/09/2026 08:42:10;Pendente de Retorno;CE;Fortaleza;ALMOXARIFADO ESTADUAL DE MEDICAMENTOS;13/07/2026 16:37:45
568756;A8365;ARES;FOR - NT TRANSPORTE LTDA;;CE;19/09/2026 08:42:10;Pendente de Retorno;CE;Fortaleza;ALMOXARIFADO ESTADUAL DE MEDICAMENTOS;28/07/2026 03:05:45
568756;A8648;ARES;FOR - NT TRANSPORTE LTDA;;CE;19/09/2026 08:42:10;Pendente de Retorno;CE;Fortaleza;ALMOXARIFADO ESTADUAL DE MEDICAMENTOS;10/07/2026 17:23:48
568756;A8787;ARES;FOR - NT TRANSPORTE LTDA;;CE;19/09/2026 08:42:10;Pendente de Retorno;CE;Fortaleza;ALMOXARIFADO ESTADUAL DE MEDICAMENTOS;21/07/2026 17:30:59
568756;A8879;ARES;FOR - NT TRANSPORTE LTDA;;CE;19/09/2026 08:42:10;Pendente de Retorno;CE;Fortaleza;ALMOXARIFADO ESTADUAL DE MEDICAMENTOS;18/07/2026 08:01:58
568756;A8913;ARES;FOR - NT TRANSPORTE LTDA;;CE;19/09/2026 08:42:10;Pendente de Retorno;CE;Fortaleza;ALMOXARIFADO ESTADUAL DE MEDICAMENTOS;23/07/2026 00:30:21
568756;A9063;ARES;FOR - NT TRANSPORTE LTDA;;CE;19/09/2026 08:42:10;Pendente de Retorno;CE;Fortaleza;ALMOXARIFADO ESTADUAL DE MEDICAMENTOS;24/07/2026 08:31:14
568756;A9096;ARES;FOR - NT TRANSPORTE LTDA;;CE;19/09/2026 08:42:10;Pendente de Retorno;CE;Fortaleza;ALMOXARIFADO ESTADUAL DE MEDICAMENTOS;24/07/2026 08:34:44
568756;A9118;ARES;FOR - NT TRANSPORTE LTDA;;CE;19/09/2026 08:42:10;Pendente de Retorno;CE;Fortaleza;ALMOXARIFADO ESTADUAL DE MEDICAMENTOS;29/06/2026 17:03:56
568756;A9227;ARES;FOR - NT TRANSPORTE LTDA;;CE;19/09/2026 08:42:10;Pendente de Retorno;CE;Fortaleza;ALMOXARIFADO ESTADUAL DE MEDICAMENTOS;14/05/2026 16:52:21
568756;A9300;ARES;FOR - NT TRANSPORTE LTDA;;CE;19/09/2026 08:42:10;Pendente de Retorno;CE;Fortaleza;ALMOXARIFADO ESTADUAL DE MEDICAMENTOS;10/07/2026 02:09:08
568756;A9343;ARES;FOR - NT TRANSPORTE LTDA;;CE;19/09/2026 08:42:10;Pendente de Retorno;CE;Fortaleza;ALMOXARIFADO ESTADUAL DE MEDICAMENTOS;23/07/2026 08:39:55
568756;A9622;ARES;FOR - NT TRANSPORTE LTDA;;CE;19/09/2026 08:42:10;Pendente de Retorno;CE;Fortaleza;ALMOXARIFADO ESTADUAL DE MEDICAMENTOS;13/07/2026 08:44:08
568756;TA0029;ARES;FOR - NT TRANSPORTE LTDA;;CE;19/09/2026 08:42:10;Pendente de Retorno;CE;Fortaleza;ALMOXARIFADO ESTADUAL DE MEDICAMENTOS;25/06/2026 10:51:37
568756;TA0041;ARES;FOR - NT TRANSPORTE LTDA;;CE;19/09/2026 08:42:10;Pendente de Retorno;CE;Fortaleza;ALMOXARIFADO ESTADUAL DE MEDICAMENTOS;25/07/2026 22:21:56
568756;TA0139;ARES;FOR - NT TRANSPORTE LTDA;;CE;19/09/2026 08:42:10;Pendente de Retorno;CE;Fortaleza;ALMOXARIFADO ESTADUAL DE MEDICAMENTOS;19/09/2026 08:42:10
568756;TA0163;ARES;FOR - NT TRANSPORTE LTDA;;CE;19/09/2026 08:42:10;Pendente de Retorno;CE;Fortaleza;ALMOXARIFADO ESTADUAL DE MEDICAMENTOS;21/07/2026 09:44:14
568756;TA0164;ARES;FOR - NT TRANSPORTE LTDA;;CE;19/09/2026 08:42:10;Retornado;CE;Fortaleza;ALMOXARIFADO ESTADUAL DE MEDICAMENTOS;22/09/2026 00:49:24
568756;TA0167;ARES;FOR - NT TRANSPORTE LTDA;;CE;19/09/2026 08:42:10;Pendente de Retorno;CE;Fortaleza;ALMOXARIFADO ESTADUAL DE MEDICAMENTOS;21/07/2026 17:12:15
568756;TA0512;ARES;FOR - NT TRANSPORTE LTDA;;CE;19/09/2026 08:42:10;Pendente de Retorno;CE;Fortaleza;ALMOXARIFADO ESTADUAL DE MEDICAMENTOS;17/07/2026 07:39:23
568756;TA0608;ARES;FOR - NT TRANSPORTE LTDA;;CE;19/09/2026 08:42:10;Pendente de Retorno;CE;Fortaleza;ALMOXARIFADO ESTADUAL DE MEDICAMENTOS;13/07/2026 08:22:49
568756;TA0670;ARES;FOR - NT TRANSPORTE LTDA;;CE;19/09/2026 08:42:10;Pendente de Retorno;CE;Fortaleza;ALMOXARIFADO ESTADUAL DE MEDICAMENTOS;30/06/2026 08:31:12
568756;TA0885;ARES;FOR - NT TRANSPORTE LTDA;;CE;19/09/2026 08:42:10;Pendente de Retorno;CE;Fortaleza;ALMOXARIFADO ESTADUAL DE MEDICAMENTOS;24/07/2026 08:34:42
568756;TA0941;ARES;FOR - NT TRANSPORTE LTDA;;CE;19/09/2026 08:42:10;Pendente de Retorno;CE;Fortaleza;ALMOXARIFADO ESTADUAL DE MEDICAMENTOS;24/07/2026 08:32:03
568756;TA1024;ARES;FOR - NT TRANSPORTE LTDA;;CE;19/09/2026 08:42:10;Pendente de Retorno;CE;Fortaleza;ALMOXARIFADO ESTADUAL DE MEDICAMENTOS;22/07/2026 23:45:31
568756;TA1149;ARES;FOR - NT TRANSPORTE LTDA;;CE;19/09/2026 08:42:10;Pendente de Retorno;CE;Fortaleza;ALMOXARIFADO ESTADUAL DE MEDICAMENTOS;28/07/2026 03:02:19
568756;V741701145;SHIELD;FOR - NT TRANSPORTE LTDA;;CE;19/09/2026 08:42:10;Retornado;CE;Fortaleza;ALMOXARIFADO ESTADUAL DE MEDICAMENTOS;21/09/2026 03:07:24
568756;V741701274;SHIELD;FOR - NT TRANSPORTE LTDA;;CE;19/09/2026 08:42:10;Retornado;CE;Fortaleza;ALMOXARIFADO ESTADUAL DE MEDICAMENTOS;21/09/2026 03:07:23
568756;V741701415;SHIELD;FOR - NT TRANSPORTE LTDA;;CE;19/09/2026 08:42:10;Retornado;CE;Fortaleza;ALMOXARIFADO ESTADUAL DE MEDICAMENTOS;21/09/2026 03:07:23
568756;V741701418;SHIELD;FOR - NT TRANSPORTE LTDA;;CE;19/09/2026 08:42:10;Retornado;CE;Fortaleza;ALMOXARIFADO ESTADUAL DE MEDICAMENTOS;21/09/2026 03:07:23
568820;0741700408;ARES;CWB - TGEX TRANSPORTES E LOCACAO DE VEIC;;PR;18/09/2026 20:20:00;Pendente de Retorno;PR;Curitiba;ALISSON XIMENA AYALA VEGA;18/09/2026 20:20:00
569056;A1510;ARES;VTCLOG - GRU;;SP;18/09/2026 19:08:00;Pendente de Retorno;SP;Indaiatuba;JOÃO VICENTE ALVES PEDRO;23/07/2026 20:45:58
568292;0741700924;ARES;PVH - RODOTEC;;RO;18/09/2026 18:00:00;Pendente de Retorno;RO;Porto Velho;CENTRO DE MEDICINA TROPICAL DE RONDÔNIA (CEMETRON);18/09/2026 18:00:00
568774;A7594;ARES;NAT - CSM CARGO;;RN;18/09/2026 18:00:00;Pendente de Retorno;RN;Mossoro;HOSPITAL RAFAEL FERNANDES;27/07/2026 16:49:09
568180;A8772;ARES;PVH - RODOTEC;;RO;18/09/2026 18:00:00;Pendente de Retorno;RO;Porto Velho;CENTRO DE MEDICINA TROPICAL DE RONDÔNIA (CEMETRON);29/06/2026 16:58:26
568292;AS-0166;ARES COM SONDA;PVH - RODOTEC;;RO;18/09/2026 18:00:00;Pendente de Retorno;RO;Porto Velho;CENTRO DE MEDICINA TROPICAL DE RONDÔNIA (CEMETRON);22/07/2026 11:42:51
568180;AS-0213;ARES COM SONDA;PVH - RODOTEC;;RO;18/09/2026 18:00:00;Pendente de Retorno;RO;Porto Velho;CENTRO DE MEDICINA TROPICAL DE RONDÔNIA (CEMETRON);24/07/2026 13:00:03
568180;AS-0245;ARES COM SONDA;PVH - RODOTEC;;RO;18/09/2026 18:00:00;Pendente de Retorno;RO;Porto Velho;CENTRO DE MEDICINA TROPICAL DE RONDÔNIA (CEMETRON);14/07/2026 15:16:34
568180;AS-0259;ARES COM SONDA;PVH - RODOTEC;;RO;18/09/2026 18:00:00;Pendente de Retorno;RO;Porto Velho;CENTRO DE MEDICINA TROPICAL DE RONDÔNIA (CEMETRON);21/07/2026 09:23:02
568180;AS-0263;ARES COM SONDA;PVH - RODOTEC;;RO;18/09/2026 18:00:00;Pendente de Retorno;RO;Porto Velho;CENTRO DE MEDICINA TROPICAL DE RONDÔNIA (CEMETRON);09/06/2026 11:05:37
568180;AS-0356;ARES COM SONDA;PVH - RODOTEC;;RO;18/09/2026 18:00:00;Pendente de Retorno;RO;Porto Velho;CENTRO DE MEDICINA TROPICAL DE RONDÔNIA (CEMETRON);21/07/2026 09:30:22
568180;AS-0462;ARES COM SONDA;PVH - RODOTEC;;RO;18/09/2026 18:00:00;Pendente de Retorno;RO;Porto Velho;CENTRO DE MEDICINA TROPICAL DE RONDÔNIA (CEMETRON);22/07/2026 11:43:19
568180;AS-0683;ARES COM SONDA;PVH - RODOTEC;;RO;18/09/2026 18:00:00;Pendente de Retorno;RO;Porto Velho;CENTRO DE MEDICINA TROPICAL DE RONDÔNIA (CEMETRON);14/07/2026 15:16:37
568180;AS-0699;ARES COM SONDA;PVH - RODOTEC;;RO;18/09/2026 18:00:00;Pendente de Retorno;RO;Porto Velho;CENTRO DE MEDICINA TROPICAL DE RONDÔNIA (CEMETRON);20/07/2026 09:30:24
568180;AS-0851;ARES COM SONDA;PVH - RODOTEC;;RO;18/09/2026 18:00:00;Pendente de Retorno;RO;Porto Velho;CENTRO DE MEDICINA TROPICAL DE RONDÔNIA (CEMETRON);21/07/2026 09:26:34
568180;AS-0869;ARES COM SONDA;PVH - RODOTEC;;RO;18/09/2026 18:00:00;Pendente de Retorno;RO;Porto Velho;CENTRO DE MEDICINA TROPICAL DE RONDÔNIA (CEMETRON);25/05/2026 14:42:57
568180;TA0765;ARES;PVH - RODOTEC;;RO;18/09/2026 18:00:00;Pendente de Retorno;RO;Porto Velho;CENTRO DE MEDICINA TROPICAL DE RONDÔNIA (CEMETRON);21/07/2026 17:42:14
568866;A9635;ARES;FOR - NT TRANSPORTE LTDA;;CE;18/09/2026 16:45:00;Pendente de Retorno;CE;Fortaleza;HOSPITAL INFANTIL DR ALBERT SABIN;24/07/2026 08:25:34
568805;A0288;ARES;FOR - NT TRANSPORTE LTDA;;CE;18/09/2026 16:40:00;Pendente de Retorno;CE;Fortaleza;HOSPITAL INFANTIL ALBERT SABIN;20/07/2026 11:36:16
567618;A3576;ARES;PVH - RODOTEC;;RO;18/09/2026 16:31:00;Pendente de Retorno;RO;Cacoal;PEDRO ALVINHO MOCELIN 00737.002912/2026-59;09/07/2026 16:03:04
568853;A8753;ARES;CWB - TGEX TRANSPORTES E LOCACAO DE VEIC;;PR;18/09/2026 16:23:00;Pendente de Retorno;PR;Curitiba;HOSPITAL DAS CLÍNICAS DA UNIVERSIDADE FEDERAL DO P;26/07/2026 22:20:45
567448;0741700107;ARES;THE - AERONEIVA EXPRESS;;PI;18/09/2026 16:00:00;Pendente de Retorno;PI;Teresina;PROGRAMA ESTADUAL DE IMUNIZAÇÕES - SES-PI;18/09/2026 16:00:00
567448;0741700326;ARES;THE - AERONEIVA EXPRESS;;PI;18/09/2026 16:00:00;Pendente de Retorno;PI;Teresina;PROGRAMA ESTADUAL DE IMUNIZAÇÕES - SES-PI;18/09/2026 16:00:00
568039;0741700341;ARES;FOR - NT TRANSPORTE LTDA;;CE;18/09/2026 16:00:00;Pendente de Retorno;CE;Fortaleza;HEMOCENTRO COORDENADOR DO CEARA;18/09/2026 16:00:00
567448;0741700458;ARES;THE - AERONEIVA EXPRESS;;PI;18/09/2026 16:00:00;Pendente de Retorno;PI;Teresina;PROGRAMA ESTADUAL DE IMUNIZAÇÕES - SES-PI;18/09/2026 16:00:00
567448;0741700566;ARES;THE - AERONEIVA EXPRESS;;PI;18/09/2026 16:00:00;Pendente de Retorno;PI;Teresina;PROGRAMA ESTADUAL DE IMUNIZAÇÕES - SES-PI;18/09/2026 16:00:00
568732;0741700610;ARES;CWB - TGEX TRANSPORTES E LOCACAO DE VEIC;;PR;18/09/2026 16:00:00;Pendente de Retorno;PR;Guarapuava;JOSÉ ODAIR QUIRINO 00737.021313/2026-34;18/09/2026 16:00:00
567448;0741700707;ARES;THE - AERONEIVA EXPRESS;;PI;18/09/2026 16:00:00;Pendente de Retorno;PI;Teresina;PROGRAMA ESTADUAL DE IMUNIZAÇÕES - SES-PI;18/09/2026 16:00:00
567448;0741700712;ARES;THE - AERONEIVA EXPRESS;;PI;18/09/2026 16:00:00;Pendente de Retorno;PI;Teresina;PROGRAMA ESTADUAL DE IMUNIZAÇÕES - SES-PI;18/09/2026 16:00:00
567448;A0313;ARES;THE - AERONEIVA EXPRESS;;PI;18/09/2026 16:00:00;Pendente de Retorno;PI;Teresina;PROGRAMA ESTADUAL DE IMUNIZAÇÕES - SES-PI;22/07/2026 17:03:13
567448;A0504;ARES;THE - AERONEIVA EXPRESS;;PI;18/09/2026 16:00:00;Pendente de Retorno;PI;Teresina;PROGRAMA ESTADUAL DE IMUNIZAÇÕES - SES-PI;22/07/2026 21:45:04
567448;A1490;ARES;THE - AERONEIVA EXPRESS;;PI;18/09/2026 16:00:00;Pendente de Retorno;PI;Teresina;PROGRAMA ESTADUAL DE IMUNIZAÇÕES - SES-PI;18/09/2026 16:00:00
567448;A1940;ARES;THE - AERONEIVA EXPRESS;;PI;18/09/2026 16:00:00;Pendente de Retorno;PI;Teresina;PROGRAMA ESTADUAL DE IMUNIZAÇÕES - SES-PI;27/07/2026 15:26:46
567448;A3483;ARES;THE - AERONEIVA EXPRESS;;PI;18/09/2026 16:00:00;Pendente de Retorno;PI;Teresina;PROGRAMA ESTADUAL DE IMUNIZAÇÕES - SES-PI;18/09/2026 16:00:00
567448;A4810;ARES;THE - AERONEIVA EXPRESS;;PI;18/09/2026 16:00:00;Pendente de Retorno;PI;Teresina;PROGRAMA ESTADUAL DE IMUNIZAÇÕES - SES-PI;18/09/2026 16:00:00
567448;A5230;ARES;THE - AERONEIVA EXPRESS;;PI;18/09/2026 16:00:00;Pendente de Retorno;PI;Teresina;PROGRAMA ESTADUAL DE IMUNIZAÇÕES - SES-PI;21/07/2026 17:26:54
567448;A6781;ARES;THE - AERONEIVA EXPRESS;;PI;18/09/2026 16:00:00;Pendente de Retorno;PI;Teresina;PROGRAMA ESTADUAL DE IMUNIZAÇÕES - SES-PI;14/07/2026 14:41:24
567448;A6865;ARES;THE - AERONEIVA EXPRESS;;PI;18/09/2026 16:00:00;Pendente de Retorno;PI;Teresina;PROGRAMA ESTADUAL DE IMUNIZAÇÕES - SES-PI;09/07/2026 16:01:48
567448;A7007;ARES;THE - AERONEIVA EXPRESS;;PI;18/09/2026 16:00:00;Pendente de Retorno;PI;Teresina;PROGRAMA ESTADUAL DE IMUNIZAÇÕES - SES-PI;27/07/2026 17:09:37
567448;A7420;ARES;THE - AERONEIVA EXPRESS;;PI;18/09/2026 16:00:00;Pendente de Retorno;PI;Teresina;PROGRAMA ESTADUAL DE IMUNIZAÇÕES - SES-PI;13/07/2026 08:47:22
567448;A7486;ARES;THE - AERONEIVA EXPRESS;;PI;18/09/2026 16:00:00;Pendente de Retorno;PI;Teresina;PROGRAMA ESTADUAL DE IMUNIZAÇÕES - SES-PI;30/06/2026 08:36:05
567448;A7831;ARES;THE - AERONEIVA EXPRESS;;PI;18/09/2026 16:00:00;Pendente de Retorno;PI;Teresina;PROGRAMA ESTADUAL DE IMUNIZAÇÕES - SES-PI;23/07/2026 08:40:05
567448;A8111;ARES;THE - AERONEIVA EXPRESS;;PI;18/09/2026 16:00:00;Pendente de Retorno;PI;Teresina;PROGRAMA ESTADUAL DE IMUNIZAÇÕES - SES-PI;30/06/2026 08:47:08
568039;A8713;ARES;FOR - NT TRANSPORTE LTDA;;CE;18/09/2026 16:00:00;Pendente de Retorno;CE;Fortaleza;HEMOCENTRO COORDENADOR DO CEARA;09/07/2026 08:56:55
567448;A8912;ARES;THE - AERONEIVA EXPRESS;;PI;18/09/2026 16:00:00;Pendente de Retorno;PI;Teresina;PROGRAMA ESTADUAL DE IMUNIZAÇÕES - SES-PI;21/07/2026 17:44:29
567448;TA0018;ARES;THE - AERONEIVA EXPRESS;;PI;18/09/2026 16:00:00;Pendente de Retorno;PI;Teresina;PROGRAMA ESTADUAL DE IMUNIZAÇÕES - SES-PI;18/09/2026 16:00:00
567448;TA0527;ARES;THE - AERONEIVA EXPRESS;;PI;18/09/2026 16:00:00;Pendente de Retorno;PI;Teresina;PROGRAMA ESTADUAL DE IMUNIZAÇÕES - SES-PI;26/07/2026 22:21:54
567448;TA0747;ARES;THE - AERONEIVA EXPRESS;;PI;18/09/2026 16:00:00;Pendente de Retorno;PI;Teresina;PROGRAMA ESTADUAL DE IMUNIZAÇÕES - SES-PI;21/07/2026 17:25:46
567408;0741700074;ARES;CGB - JR TRANSPORTES;;MT;18/09/2026 15:59:39;Retornado;MT;Cuiaba;SECRETARIA DE ESTADO DE SAUDE DE MA GROSSO - SES;18/09/2026 17:38:19
567408;0741700358;ARES;CGB - JR TRANSPORTES;;MT;18/09/2026 15:59:39;Retornado;MT;Cuiaba;SECRETARIA DE ESTADO DE SAUDE DE MA GROSSO - SES;18/09/2026 17:39:59
567408;0741700389;ARES;CGB - JR TRANSPORTES;;MT;18/09/2026 15:59:39;Retornado;MT;Cuiaba;SECRETARIA DE ESTADO DE SAUDE DE MA GROSSO - SES;18/09/2026 17:43:18
567408;0741700510;ARES;CGB - JR TRANSPORTES;;MT;18/09/2026 15:59:39;Retornado;MT;Cuiaba;SECRETARIA DE ESTADO DE SAUDE DE MA GROSSO - SES;18/09/2026 17:43:43
567408;0741700602;ARES;CGB - JR TRANSPORTES;;MT;18/09/2026 15:59:39;Retornado;MT;Cuiaba;SECRETARIA DE ESTADO DE SAUDE DE MA GROSSO - SES;18/09/2026 17:41:20
567408;0741700710;ARES;CGB - JR TRANSPORTES;;MT;18/09/2026 15:59:39;Retornado;MT;Cuiaba;SECRETARIA DE ESTADO DE SAUDE DE MA GROSSO - SES;18/09/2026 17:34:52
567408;A0042;ARES;CGB - JR TRANSPORTES;;MT;18/09/2026 15:59:39;Pendente de Retorno;MT;Cuiaba;SECRETARIA DE ESTADO DE SAUDE DE MA GROSSO - SES;22/07/2026 21:42:44
567408;A0550;ARES;CGB - JR TRANSPORTES;;MT;18/09/2026 15:59:39;Pendente de Retorno;MT;Cuiaba;SECRETARIA DE ESTADO DE SAUDE DE MA GROSSO - SES;18/07/2026 11:42:08
567408;A0621;ARES;CGB - JR TRANSPORTES;;MT;18/09/2026 15:59:39;Pendente de Retorno;MT;Cuiaba;SECRETARIA DE ESTADO DE SAUDE DE MA GROSSO - SES;20/07/2026 09:50:27
567408;A1013;ARES;CGB - JR TRANSPORTES;;MT;18/09/2026 15:59:39;Pendente de Retorno;MT;Cuiaba;SECRETARIA DE ESTADO DE SAUDE DE MA GROSSO - SES;08/07/2026 07:58:57
567408;A1395;ARES;CGB - JR TRANSPORTES;;MT;18/09/2026 15:59:39;Pendente de Retorno;MT;Cuiaba;SECRETARIA DE ESTADO DE SAUDE DE MA GROSSO - SES;18/07/2026 10:09:58
567408;A2349;ARES;CGB - JR TRANSPORTES;;MT;18/09/2026 15:59:39;Pendente de Retorno;MT;Cuiaba;SECRETARIA DE ESTADO DE SAUDE DE MA GROSSO - SES;09/07/2026 09:00:50
567408;A2518;ARES;CGB - JR TRANSPORTES;;MT;18/09/2026 15:59:39;Pendente de Retorno;MT;Cuiaba;SECRETARIA DE ESTADO DE SAUDE DE MA GROSSO - SES;22/07/2026 21:44:01
567408;A3175;ARES;CGB - JR TRANSPORTES;;MT;18/09/2026 15:59:39;Pendente de Retorno;MT;Cuiaba;SECRETARIA DE ESTADO DE SAUDE DE MA GROSSO - SES;23/06/2026 17:09:44
567408;A3255;ARES;CGB - JR TRANSPORTES;;MT;18/09/2026 15:59:39;Pendente de Retorno;MT;Cuiaba;SECRETARIA DE ESTADO DE SAUDE DE MA GROSSO - SES;22/07/2026 21:43:06
567408;A4088;ARES;CGB - JR TRANSPORTES;;MT;18/09/2026 15:59:39;Pendente de Retorno;MT;Cuiaba;SECRETARIA DE ESTADO DE SAUDE DE MA GROSSO - SES;27/07/2026 16:47:16
567408;A4551;ARES;CGB - JR TRANSPORTES;;MT;18/09/2026 15:59:39;Pendente de Retorno;MT;Cuiaba;SECRETARIA DE ESTADO DE SAUDE DE MA GROSSO - SES;25/07/2026 21:28:21
567408;A4658;ARES;CGB - JR TRANSPORTES;;MT;18/09/2026 15:59:39;Pendente de Retorno;MT;Cuiaba;SECRETARIA DE ESTADO DE SAUDE DE MA GROSSO - SES;20/07/2026 11:37:38
567408;A4909;ARES;CGB - JR TRANSPORTES;;MT;18/09/2026 15:59:39;Pendente de Retorno;MT;Cuiaba;SECRETARIA DE ESTADO DE SAUDE DE MA GROSSO - SES;22/07/2026 23:47:11
567408;A6071;ARES;CGB - JR TRANSPORTES;;MT;18/09/2026 15:59:39;Pendente de Retorno;MT;Cuiaba;SECRETARIA DE ESTADO DE SAUDE DE MA GROSSO - SES;21/07/2026 17:19:13
567408;A6484;ARES;CGB - JR TRANSPORTES;;MT;18/09/2026 15:59:39;Pendente de Retorno;MT;Cuiaba;SECRETARIA DE ESTADO DE SAUDE DE MA GROSSO - SES;10/07/2026 17:35:01
567408;A6725;ARES;CGB - JR TRANSPORTES;;MT;18/09/2026 15:59:39;Pendente de Retorno;MT;Cuiaba;SECRETARIA DE ESTADO DE SAUDE DE MA GROSSO - SES;23/07/2026 21:14:56
567408;A7101;ARES;CGB - JR TRANSPORTES;;MT;18/09/2026 15:59:39;Pendente de Retorno;MT;Cuiaba;SECRETARIA DE ESTADO DE SAUDE DE MA GROSSO - SES;10/07/2026 17:21:45
567408;A7199;ARES;CGB - JR TRANSPORTES;;MT;18/09/2026 15:59:39;Pendente de Retorno;MT;Cuiaba;SECRETARIA DE ESTADO DE SAUDE DE MA GROSSO - SES;20/07/2026 09:51:58
567408;A7277;ARES;CGB - JR TRANSPORTES;;MT;18/09/2026 15:59:39;Pendente de Retorno;MT;Cuiaba;SECRETARIA DE ESTADO DE SAUDE DE MA GROSSO - SES;11/06/2026 15:11:48
567408;A7391;ARES;CGB - JR TRANSPORTES;;MT;18/09/2026 15:59:39;Pendente de Retorno;MT;Cuiaba;SECRETARIA DE ESTADO DE SAUDE DE MA GROSSO - SES;09/07/2026 22:14:15
567408;A7779;ARES;CGB - JR TRANSPORTES;;MT;18/09/2026 15:59:39;Pendente de Retorno;MT;Cuiaba;SECRETARIA DE ESTADO DE SAUDE DE MA GROSSO - SES;30/06/2026 08:28:45
567408;A7846;ARES;CGB - JR TRANSPORTES;;MT;18/09/2026 15:59:39;Pendente de Retorno;MT;Cuiaba;SECRETARIA DE ESTADO DE SAUDE DE MA GROSSO - SES;17/07/2026 07:35:08
567408;A7915;ARES;CGB - JR TRANSPORTES;;MT;18/09/2026 15:59:39;Pendente de Retorno;MT;Cuiaba;SECRETARIA DE ESTADO DE SAUDE DE MA GROSSO - SES;17/07/2026 07:37:30
567408;A8127;ARES;CGB - JR TRANSPORTES;;MT;18/09/2026 15:59:39;Pendente de Retorno;MT;Cuiaba;SECRETARIA DE ESTADO DE SAUDE DE MA GROSSO - SES;24/07/2026 08:36:26
567408;A8820;ARES;CGB - JR TRANSPORTES;;MT;18/09/2026 15:59:39;Pendente de Retorno;MT;Cuiaba;SECRETARIA DE ESTADO DE SAUDE DE MA GROSSO - SES;21/07/2026 17:13:33
567408;A8942;ARES;CGB - JR TRANSPORTES;;MT;18/09/2026 15:59:39;Pendente de Retorno;MT;Cuiaba;SECRETARIA DE ESTADO DE SAUDE DE MA GROSSO - SES;21/07/2026 17:43:12
567408;A8986;ARES;CGB - JR TRANSPORTES;;MT;18/09/2026 15:59:39;Pendente de Retorno;MT;Cuiaba;SECRETARIA DE ESTADO DE SAUDE DE MA GROSSO - SES;13/07/2026 16:37:23
567408;A9037;ARES;CGB - JR TRANSPORTES;;MT;18/09/2026 15:59:39;Pendente de Retorno;MT;Cuiaba;SECRETARIA DE ESTADO DE SAUDE DE MA GROSSO - SES;03/06/2026 08:38:15
567408;A9302;ARES;CGB - JR TRANSPORTES;;MT;18/09/2026 15:59:39;Pendente de Retorno;MT;Cuiaba;SECRETARIA DE ESTADO DE SAUDE DE MA GROSSO - SES;14/07/2026 14:35:25
567408;TA0860;ARES;CGB - JR TRANSPORTES;;MT;18/09/2026 15:59:39;Pendente de Retorno;MT;Cuiaba;SECRETARIA DE ESTADO DE SAUDE DE MA GROSSO - SES;17/07/2026 07:37:14
568863;A3008;ARES;VTCLOG RIO GALEAO;;RJ;18/09/2026 15:45:00;Pendente de Retorno;RJ;Nova Iguacu;HOSPITAL GERAL DE NOVA IGUACU  RJ;18/07/2026 10:22:25
568488;0741700081;ARES;POA - GMB TRANSPORTES E LOGISTICA ME;;RS;18/09/2026 15:41:00;Pendente de Retorno;RS;Caxias do Sul;FUNDAÇÃO UNIVERSIDADE DE CAXIAS DO SUL;18/09/2026 15:41:00
568678;A5092;ARES;FLN - TGEX TRANSPORTES E LOCACAO DE VEIC;;SC;18/09/2026 15:00:00;Pendente de Retorno;SC;Lages;AYLA APARECIDA SOUZA DE LIZ 00737.019097/2025-86;18/07/2026 08:01:26
568481;TA0234;ARES;VIX - SOULOG EXPRESS;;ES;18/09/2026 14:55:42;Pendente de Retorno;ES;VITORIA;LABORATORIO CENTRAL SAUDE PUBLICA ESPIRITO SANTO -;18/07/2026 11:41:39
568481;TA0715;ARES;VIX - SOULOG EXPRESS;;ES;18/09/2026 14:55:42;Pendente de Retorno;ES;VITORIA;LABORATORIO CENTRAL SAUDE PUBLICA ESPIRITO SANTO -;09/07/2026 23:52:12
567572;A8054;ARES;MCZ - MCZ EXPRESS SERVICE LTDA;;AL;18/09/2026 14:49:15;Pendente de Retorno;AL;Maceio;SECRETARIA DE ESTADO DA SAUDE;21/07/2026 17:42:39
569002;A9413;ARES;VTCLOG - GRU;;SP;18/09/2026 14:45:00;Pendente de Retorno;SP;SAO PAULO;MARIA FERNANDA RODRIGUES MONTEIRO SEI;23/07/2026 21:13:44
567749;0741700750;ARES;PMW - MK BILLIG TRANSPORTES E LOGISTICA EIRELLI;;TO;18/09/2026 14:30:00;Pendente de Retorno;TO;Palmas;CAF PALMAS - CENTRAL DE ABASTECIMENTO FARMACÊUTICO;18/09/2026 14:30:00
567749;A4389;ARES;PMW - MK BILLIG TRANSPORTES E LOGISTICA EIRELLI;;TO;18/09/2026 14:30:00;Pendente de Retorno;TO;Palmas;CAF PALMAS - CENTRAL DE ABASTECIMENTO FARMACÊUTICO;10/07/2026 15:34:52
567749;A7036;ARES;PMW - MK BILLIG TRANSPORTES E LOGISTICA EIRELLI;;TO;18/09/2026 14:30:00;Pendente de Retorno;TO;Palmas;CAF PALMAS - CENTRAL DE ABASTECIMENTO FARMACÊUTICO;29/06/2026 17:05:30
567749;A8590;ARES;PMW - MK BILLIG TRANSPORTES E LOGISTICA EIRELLI;;TO;18/09/2026 14:30:00;Pendente de Retorno;TO;Palmas;CAF PALMAS - CENTRAL DE ABASTECIMENTO FARMACÊUTICO;27/07/2026 17:18:28
567749;A8625;ARES;PMW - MK BILLIG TRANSPORTES E LOGISTICA EIRELLI;;TO;18/09/2026 14:30:00;Pendente de Retorno;TO;Palmas;CAF PALMAS - CENTRAL DE ABASTECIMENTO FARMACÊUTICO;21/07/2026 17:19:25
567749;TA0433;ARES;PMW - MK BILLIG TRANSPORTES E LOGISTICA EIRELLI;;TO;18/09/2026 14:30:00;Pendente de Retorno;TO;Palmas;CAF PALMAS - CENTRAL DE ABASTECIMENTO FARMACÊUTICO;10/07/2026 17:24:23
567749;TA0656;ARES;PMW - MK BILLIG TRANSPORTES E LOGISTICA EIRELLI;;TO;18/09/2026 14:30:00;Pendente de Retorno;TO;Palmas;CAF PALMAS - CENTRAL DE ABASTECIMENTO FARMACÊUTICO;14/07/2026 14:37:21
567749;TA0669;ARES;PMW - MK BILLIG TRANSPORTES E LOGISTICA EIRELLI;;TO;18/09/2026 14:30:00;Pendente de Retorno;TO;Palmas;CAF PALMAS - CENTRAL DE ABASTECIMENTO FARMACÊUTICO;16/07/2026 04:39:09
567749;TA1115;ARES;PMW - MK BILLIG TRANSPORTES E LOGISTICA EIRELLI;;TO;18/09/2026 14:30:00;Pendente de Retorno;TO;Palmas;CAF PALMAS - CENTRAL DE ABASTECIMENTO FARMACÊUTICO;21/07/2026 09:42:18
568925;TA0530;ARES;VTCLOG - GRU;;SP;18/09/2026 14:24:00;Pendente de Retorno;SP;Americana;HAROLDO SALLATI SEI 00737011523202291;10/07/2026 17:18:20
567925;0741700004;ARES;BEL - MH FROTA TRANSPORTE;;PA;18/09/2026 14:16:57;Pendente de Retorno;PA;Ananindeua;SEC DE ESTADO DE SAUDE PULB DO PARA;18/09/2026 14:16:57
567925;0741700289;ARES;BEL - MH FROTA TRANSPORTE;;PA;18/09/2026 14:16:57;Pendente de Retorno;PA;Ananindeua;SEC DE ESTADO DE SAUDE PULB DO PARA;18/09/2026 14:16:57
567925;0741700505;ARES;BEL - MH FROTA TRANSPORTE;;PA;18/09/2026 14:16:57;Pendente de Retorno;PA;Ananindeua;SEC DE ESTADO DE SAUDE PULB DO PARA;18/09/2026 14:16:57
567925;0741700800;ARES;BEL - MH FROTA TRANSPORTE;;PA;18/09/2026 14:16:57;Pendente de Retorno;PA;Ananindeua;SEC DE ESTADO DE SAUDE PULB DO PARA;18/09/2026 14:16:57
567925;0741700866;ARES;BEL - MH FROTA TRANSPORTE;;PA;18/09/2026 14:16:57;Pendente de Retorno;PA;Ananindeua;SEC DE ESTADO DE SAUDE PULB DO PARA;18/09/2026 14:16:57
567925;A0029;ARES;BEL - MH FROTA TRANSPORTE;;PA;18/09/2026 14:16:57;Pendente de Retorno;PA;Ananindeua;SEC DE ESTADO DE SAUDE PULB DO PARA;27/07/2026 15:21:43
567925;A0086;ARES;BEL - MH FROTA TRANSPORTE;;PA;18/09/2026 14:16:57;Pendente de Retorno;PA;Ananindeua;SEC DE ESTADO DE SAUDE PULB DO PARA;26/07/2026 22:22:09
567925;A0303;ARES;BEL - MH FROTA TRANSPORTE;;PA;18/09/2026 14:16:57;Pendente de Retorno;PA;Ananindeua;SEC DE ESTADO DE SAUDE PULB DO PARA;22/07/2026 09:01:25
567925;A0337;ARES;BEL - MH FROTA TRANSPORTE;;PA;18/09/2026 14:16:57;Pendente de Retorno;PA;Ananindeua;SEC DE ESTADO DE SAUDE PULB DO PARA;18/07/2026 10:12:00
567925;A0810;ARES;BEL - MH FROTA TRANSPORTE;;PA;18/09/2026 14:16:57;Pendente de Retorno;PA;Ananindeua;SEC DE ESTADO DE SAUDE PULB DO PARA;25/07/2026 21:27:32
567925;A1252;ARES;BEL - MH FROTA TRANSPORTE;;PA;18/09/2026 14:16:57;Pendente de Retorno;PA;Ananindeua;SEC DE ESTADO DE SAUDE PULB DO PARA;21/07/2026 17:28:24
567925;A1574;ARES;BEL - MH FROTA TRANSPORTE;;PA;18/09/2026 14:16:57;Pendente de Retorno;PA;Ananindeua;SEC DE ESTADO DE SAUDE PULB DO PARA;21/07/2026 17:19:37
567925;A2241;ARES;BEL - MH FROTA TRANSPORTE;;PA;18/09/2026 14:16:57;Pendente de Retorno;PA;Ananindeua;SEC DE ESTADO DE SAUDE PULB DO PARA;24/07/2026 08:26:00
567925;A2549;ARES;BEL - MH FROTA TRANSPORTE;;PA;18/09/2026 14:16:57;Pendente de Retorno;PA;Ananindeua;SEC DE ESTADO DE SAUDE PULB DO PARA;26/07/2026 20:47:42
567925;A2662;ARES;BEL - MH FROTA TRANSPORTE;;PA;18/09/2026 14:16:57;Pendente de Retorno;PA;Ananindeua;SEC DE ESTADO DE SAUDE PULB DO PARA;21/07/2026 17:28:09
567925;A2712;ARES;BEL - MH FROTA TRANSPORTE;;PA;18/09/2026 14:16:57;Pendente de Retorno;PA;Ananindeua;SEC DE ESTADO DE SAUDE PULB DO PARA;27/07/2026 15:33:27
567925;A3423;ARES;BEL - MH FROTA TRANSPORTE;;PA;18/09/2026 14:16:57;Pendente de Retorno;PA;Ananindeua;SEC DE ESTADO DE SAUDE PULB DO PARA;21/07/2026 17:29:17
567925;A3852;ARES;BEL - MH FROTA TRANSPORTE;;PA;18/09/2026 14:16:57;Pendente de Retorno;PA;Ananindeua;SEC DE ESTADO DE SAUDE PULB DO PARA;27/07/2026 15:24:38
567925;A4126;ARES;BEL - MH FROTA TRANSPORTE;;PA;18/09/2026 14:16:57;Pendente de Retorno;PA;Ananindeua;SEC DE ESTADO DE SAUDE PULB DO PARA;17/07/2026 07:34:30
567925;A4325;ARES;BEL - MH FROTA TRANSPORTE;;PA;18/09/2026 14:16:57;Pendente de Retorno;PA;Ananindeua;SEC DE ESTADO DE SAUDE PULB DO PARA;25/07/2026 22:22:27
567925;A4416;ARES;BEL - MH FROTA TRANSPORTE;;PA;18/09/2026 14:16:57;Pendente de Retorno;PA;Ananindeua;SEC DE ESTADO DE SAUDE PULB DO PARA;30/06/2026 08:15:57
567925;A4457;ARES;BEL - MH FROTA TRANSPORTE;;PA;18/09/2026 14:16:57;Pendente de Retorno;PA;Ananindeua;SEC DE ESTADO DE SAUDE PULB DO PARA;17/07/2026 17:06:50
567925;A4577;ARES;BEL - MH FROTA TRANSPORTE;;PA;18/09/2026 14:16:57;Pendente de Retorno;PA;Ananindeua;SEC DE ESTADO DE SAUDE PULB DO PARA;21/07/2026 17:31:13
567925;A4788;ARES;BEL - MH FROTA TRANSPORTE;;PA;18/09/2026 14:16:57;Pendente de Retorno;PA;Ananindeua;SEC DE ESTADO DE SAUDE PULB DO PARA;27/07/2026 17:18:24
567925;A4808;ARES;BEL - MH FROTA TRANSPORTE;;PA;18/09/2026 14:16:57;Pendente de Retorno;PA;Ananindeua;SEC DE ESTADO DE SAUDE PULB DO PARA;24/07/2026 08:32:40
567925;A4960;ARES;BEL - MH FROTA TRANSPORTE;;PA;18/09/2026 14:16:57;Pendente de Retorno;PA;Ananindeua;SEC DE ESTADO DE SAUDE PULB DO PARA;23/06/2026 17:09:28
567925;A5150;ARES;BEL - MH FROTA TRANSPORTE;;PA;18/09/2026 14:16:57;Pendente de Retorno;PA;Ananindeua;SEC DE ESTADO DE SAUDE PULB DO PARA;26/07/2026 22:24:02
567925;A5828;ARES;BEL - MH FROTA TRANSPORTE;;PA;18/09/2026 14:16:57;Pendente de Retorno;PA;Ananindeua;SEC DE ESTADO DE SAUDE PULB DO PARA;20/07/2026 15:12:21
567925;A6065;ARES;BEL - MH FROTA TRANSPORTE;;PA;18/09/2026 14:16:57;Pendente de Retorno;PA;Ananindeua;SEC DE ESTADO DE SAUDE PULB DO PARA;27/07/2026 17:13:45
567925;A6097;ARES;BEL - MH FROTA TRANSPORTE;;PA;18/09/2026 14:16:57;Pendente de Retorno;PA;Ananindeua;SEC DE ESTADO DE SAUDE PULB DO PARA;24/07/2026 08:37:05
567925;A6343;ARES;BEL - MH FROTA TRANSPORTE;;PA;18/09/2026 14:16:57;Pendente de Retorno;PA;Ananindeua;SEC DE ESTADO DE SAUDE PULB DO PARA;27/07/2026 17:21:11
567925;A6525;ARES;BEL - MH FROTA TRANSPORTE;;PA;18/09/2026 14:16:57;Pendente de Retorno;PA;Ananindeua;SEC DE ESTADO DE SAUDE PULB DO PARA;21/07/2026 17:23:05
567925;A6694;ARES;BEL - MH FROTA TRANSPORTE;;PA;18/09/2026 14:16:57;Pendente de Retorno;PA;Ananindeua;SEC DE ESTADO DE SAUDE PULB DO PARA;27/07/2026 12:34:25
567925;A6791;ARES;BEL - MH FROTA TRANSPORTE;;PA;18/09/2026 14:16:57;Pendente de Retorno;PA;Ananindeua;SEC DE ESTADO DE SAUDE PULB DO PARA;20/07/2026 15:11:51
567925;A6829;ARES;BEL - MH FROTA TRANSPORTE;;PA;18/09/2026 14:16:57;Pendente de Retorno;PA;Ananindeua;SEC DE ESTADO DE SAUDE PULB DO PARA;21/07/2026 17:28:38
567925;A6970;ARES;BEL - MH FROTA TRANSPORTE;;PA;18/09/2026 14:16:57;Pendente de Retorno;PA;Ananindeua;SEC DE ESTADO DE SAUDE PULB DO PARA;18/07/2026 10:20:29
567925;A6987;ARES;BEL - MH FROTA TRANSPORTE;;PA;18/09/2026 14:16:57;Pendente de Retorno;PA;Ananindeua;SEC DE ESTADO DE SAUDE PULB DO PARA;03/07/2026 08:40:17
567925;A6996;ARES;BEL - MH FROTA TRANSPORTE;;PA;18/09/2026 14:16:57;Pendente de Retorno;PA;Ananindeua;SEC DE ESTADO DE SAUDE PULB DO PARA;18/07/2026 11:46:43
567925;A7136;ARES;BEL - MH FROTA TRANSPORTE;;PA;18/09/2026 14:16:57;Pendente de Retorno;PA;Ananindeua;SEC DE ESTADO DE SAUDE PULB DO PARA;10/07/2026 17:23:25
567925;A7169;ARES;BEL - MH FROTA TRANSPORTE;;PA;18/09/2026 14:16:57;Pendente de Retorno;PA;Ananindeua;SEC DE ESTADO DE SAUDE PULB DO PARA;22/07/2026 08:57:43
567925;A7460;ARES;BEL - MH FROTA TRANSPORTE;;PA;18/09/2026 14:16:57;Pendente de Retorno;PA;Ananindeua;SEC DE ESTADO DE SAUDE PULB DO PARA;17/07/2026 08:45:35
567925;A7480;ARES;BEL - MH FROTA TRANSPORTE;;PA;18/09/2026 14:16:57;Pendente de Retorno;PA;Ananindeua;SEC DE ESTADO DE SAUDE PULB DO PARA;17/07/2026 08:43:11
567925;A7583;ARES;BEL - MH FROTA TRANSPORTE;;PA;18/09/2026 14:16:57;Pendente de Retorno;PA;Ananindeua;SEC DE ESTADO DE SAUDE PULB DO PARA;27/07/2026 12:29:50
567925;A7877;ARES;BEL - MH FROTA TRANSPORTE;;PA;18/09/2026 14:16:57;Pendente de Retorno;PA;Ananindeua;SEC DE ESTADO DE SAUDE PULB DO PARA;27/07/2026 16:47:41
567925;A7962;ARES;BEL - MH FROTA TRANSPORTE;;PA;18/09/2026 14:16:57;Pendente de Retorno;PA;Ananindeua;SEC DE ESTADO DE SAUDE PULB DO PARA;26/07/2026 22:20:15
567925;A8553;ARES;BEL - MH FROTA TRANSPORTE;;PA;18/09/2026 14:16:57;Pendente de Retorno;PA;Ananindeua;SEC DE ESTADO DE SAUDE PULB DO PARA;24/07/2026 08:26:07
567925;A8574;ARES;BEL - MH FROTA TRANSPORTE;;PA;18/09/2026 14:16:57;Pendente de Retorno;PA;Ananindeua;SEC DE ESTADO DE SAUDE PULB DO PARA;13/07/2026 16:33:54
567925;A8980;ARES;BEL - MH FROTA TRANSPORTE;;PA;18/09/2026 14:16:57;Pendente de Retorno;PA;Ananindeua;SEC DE ESTADO DE SAUDE PULB DO PARA;18/07/2026 10:11:21
567925;A9314;ARES;BEL - MH FROTA TRANSPORTE;;PA;18/09/2026 14:16:57;Pendente de Retorno;PA;Ananindeua;SEC DE ESTADO DE SAUDE PULB DO PARA;21/07/2026 17:47:25
567925;A9327;ARES;BEL - MH FROTA TRANSPORTE;;PA;18/09/2026 14:16:57;Pendente de Retorno;PA;Ananindeua;SEC DE ESTADO DE SAUDE PULB DO PARA;18/07/2026 08:01:56
567925;A9358;ARES;BEL - MH FROTA TRANSPORTE;;PA;18/09/2026 14:16:57;Pendente de Retorno;PA;Ananindeua;SEC DE ESTADO DE SAUDE PULB DO PARA;27/07/2026 16:47:01
567925;A9362;ARES;BEL - MH FROTA TRANSPORTE;;PA;18/09/2026 14:16:57;Pendente de Retorno;PA;Ananindeua;SEC DE ESTADO DE SAUDE PULB DO PARA;15/07/2026 10:08:30
567925;A9553;ARES;BEL - MH FROTA TRANSPORTE;;PA;18/09/2026 14:16:57;Pendente de Retorno;PA;Ananindeua;SEC DE ESTADO DE SAUDE PULB DO PARA;26/07/2026 22:20:28
567925;A9641;ARES;BEL - MH FROTA TRANSPORTE;;PA;18/09/2026 14:16:57;Pendente de Retorno;PA;Ananindeua;SEC DE ESTADO DE SAUDE PULB DO PARA;27/07/2026 16:42:12
567925;A9716;ARES;BEL - MH FROTA TRANSPORTE;;PA;18/09/2026 14:16:57;Pendente de Retorno;PA;Ananindeua;SEC DE ESTADO DE SAUDE PULB DO PARA;22/07/2026 21:45:27
567925;TA0235;ARES;BEL - MH FROTA TRANSPORTE;;PA;18/09/2026 14:16:57;Pendente de Retorno;PA;Ananindeua;SEC DE ESTADO DE SAUDE PULB DO PARA;26/07/2026 22:20:08
567925;TA0267;ARES;BEL - MH FROTA TRANSPORTE;;PA;18/09/2026 14:16:57;Pendente de Retorno;PA;Ananindeua;SEC DE ESTADO DE SAUDE PULB DO PARA;21/07/2026 17:30:31
567925;TA0272;ARES;BEL - MH FROTA TRANSPORTE;;PA;18/09/2026 14:16:57;Pendente de Retorno;PA;Ananindeua;SEC DE ESTADO DE SAUDE PULB DO PARA;26/07/2026 22:20:03
567925;TA0330;ARES;BEL - MH FROTA TRANSPORTE;;PA;18/09/2026 14:16:57;Pendente de Retorno;PA;Ananindeua;SEC DE ESTADO DE SAUDE PULB DO PARA;18/07/2026 11:45:49
567925;TA0369;ARES;BEL - MH FROTA TRANSPORTE;;PA;18/09/2026 14:16:57;Pendente de Retorno;PA;Ananindeua;SEC DE ESTADO DE SAUDE PULB DO PARA;06/07/2026 10:47:29
567925;TA0562;ARES;BEL - MH FROTA TRANSPORTE;;PA;18/09/2026 14:16:57;Pendente de Retorno;PA;Ananindeua;SEC DE ESTADO DE SAUDE PULB DO PARA;21/07/2026 17:28:26
567925;TA0839;ARES;BEL - MH FROTA TRANSPORTE;;PA;18/09/2026 14:16:57;Pendente de Retorno;PA;Ananindeua;SEC DE ESTADO DE SAUDE PULB DO PARA;27/07/2026 12:32:09
567925;TA1074;ARES;BEL - MH FROTA TRANSPORTE;;PA;18/09/2026 14:16:57;Pendente de Retorno;PA;Ananindeua;SEC DE ESTADO DE SAUDE PULB DO PARA;22/07/2026 08:59:15
567925;TA1152;ARES;BEL - MH FROTA TRANSPORTE;;PA;18/09/2026 14:16:57;Pendente de Retorno;PA;Ananindeua;SEC DE ESTADO DE SAUDE PULB DO PARA;18/07/2026 10:12:03
568871;A7167;ARES;VTCLOG CNF - CONTAGEM;;MG;18/09/2026 14:09:11;Pendente de Retorno;MG;Ponte Nova;IRMANDADE DO HOSPITAL NOSSA SENHORA DAS DORES;27/07/2026 17:11:47
567893;0741700207;ARES;VDC - MASPEX CARGO;;BA;18/09/2026 14:00:00;Pendente de Retorno;BA;Ibotirama;ANA LUIZA COSTA DE OLIVEIRA;18/09/2026 14:00:00
567204;0741700989;ARES;CWB - TGEX TRANSPORTES E LOCACAO DE VEIC;;PR;18/09/2026 14:00:00;Retornado;PR;Curitiba;SECRETARIA ESTADUAL DE SAUDE DO PARANA;21/09/2026 09:06:26
568656;A3139;ARES;POA - GMB TRANSPORTES E LOGISTICA ME;;RS;18/09/2026 14:00:00;Pendente de Retorno;RS;Feliz;LUCAS VOHLBRECHT;20/07/2026 11:36:50
567204;A7139;ARES;CWB - TGEX TRANSPORTES E LOCACAO DE VEIC;;PR;18/09/2026 14:00:00;Pendente de Retorno;PR;Curitiba;SECRETARIA ESTADUAL DE SAUDE DO PARANA;26/07/2026 21:17:34
567204;TA1182;ARES;CWB - TGEX TRANSPORTES E LOCACAO DE VEIC;;PR;18/09/2026 14:00:00;Pendente de Retorno;PR;Curitiba;SECRETARIA ESTADUAL DE SAUDE DO PARANA;27/07/2026 00:17:20
566961;0741700511;ARES;CWB - TGEX TRANSPORTES E LOCACAO DE VEIC;;PR;18/09/2026 13:57:04;Retornado;PR;Curitiba;SECRETARIA ESTADUAL DE SAUDE DO PARANA;21/09/2026 08:59:04
566961;0741700526;ARES;CWB - TGEX TRANSPORTES E LOCACAO DE VEIC;;PR;18/09/2026 13:57:04;Retornado;PR;Curitiba;SECRETARIA ESTADUAL DE SAUDE DO PARANA;21/09/2026 15:50:33
566961;0741700808;ARES;CWB - TGEX TRANSPORTES E LOCACAO DE VEIC;;PR;18/09/2026 13:57:04;Retornado;PR;Curitiba;SECRETARIA ESTADUAL DE SAUDE DO PARANA;19/09/2026 14:20:11
566961;0741700835;ARES;CWB - TGEX TRANSPORTES E LOCACAO DE VEIC;;PR;18/09/2026 13:57:04;Retornado;PR;Curitiba;SECRETARIA ESTADUAL DE SAUDE DO PARANA;19/09/2026 14:20:47
566961;A1596;ARES;CWB - TGEX TRANSPORTES E LOCACAO DE VEIC;;PR;18/09/2026 13:57:04;Pendente de Retorno;PR;Curitiba;SECRETARIA ESTADUAL DE SAUDE DO PARANA;21/07/2026 17:23:10
566961;A1637;ARES;CWB - TGEX TRANSPORTES E LOCACAO DE VEIC;;PR;18/09/2026 13:57:04;Pendente de Retorno;PR;Curitiba;SECRETARIA ESTADUAL DE SAUDE DO PARANA;20/07/2026 11:24:11
566961;A3058;ARES;CWB - TGEX TRANSPORTES E LOCACAO DE VEIC;;PR;18/09/2026 13:57:04;Pendente de Retorno;PR;Curitiba;SECRETARIA ESTADUAL DE SAUDE DO PARANA;22/07/2026 09:00:04
566961;A3195;ARES;CWB - TGEX TRANSPORTES E LOCACAO DE VEIC;;PR;18/09/2026 13:57:04;Pendente de Retorno;PR;Curitiba;SECRETARIA ESTADUAL DE SAUDE DO PARANA;17/07/2026 07:39:06
566961;A3389;ARES;CWB - TGEX TRANSPORTES E LOCACAO DE VEIC;;PR;18/09/2026 13:57:04;Pendente de Retorno;PR;Curitiba;SECRETARIA ESTADUAL DE SAUDE DO PARANA;25/07/2026 22:21:10
566961;A3863;ARES;CWB - TGEX TRANSPORTES E LOCACAO DE VEIC;;PR;18/09/2026 13:57:04;Pendente de Retorno;PR;Curitiba;SECRETARIA ESTADUAL DE SAUDE DO PARANA;14/07/2026 17:24:25
566961;A4538;ARES;CWB - TGEX TRANSPORTES E LOCACAO DE VEIC;;PR;18/09/2026 13:57:04;Pendente de Retorno;PR;Curitiba;SECRETARIA ESTADUAL DE SAUDE DO PARANA;27/07/2026 15:28:09
566961;A4660;ARES;CWB - TGEX TRANSPORTES E LOCACAO DE VEIC;;PR;18/09/2026 13:57:04;Pendente de Retorno;PR;Curitiba;SECRETARIA ESTADUAL DE SAUDE DO PARANA;29/06/2026 23:28:59
566961;A6657;ARES;CWB - TGEX TRANSPORTES E LOCACAO DE VEIC;;PR;18/09/2026 13:57:04;Pendente de Retorno;PR;Curitiba;SECRETARIA ESTADUAL DE SAUDE DO PARANA;27/07/2026 12:31:56
566961;A6808;ARES;CWB - TGEX TRANSPORTES E LOCACAO DE VEIC;;PR;18/09/2026 13:57:04;Pendente de Retorno;PR;Curitiba;SECRETARIA ESTADUAL DE SAUDE DO PARANA;27/07/2026 15:33:34
566961;A7511;ARES;CWB - TGEX TRANSPORTES E LOCACAO DE VEIC;;PR;18/09/2026 13:57:04;Pendente de Retorno;PR;Curitiba;SECRETARIA ESTADUAL DE SAUDE DO PARANA;20/07/2026 11:38:24
566961;A7641;ARES;CWB - TGEX TRANSPORTES E LOCACAO DE VEIC;;PR;18/09/2026 13:57:04;Pendente de Retorno;PR;Curitiba;SECRETARIA ESTADUAL DE SAUDE DO PARANA;29/06/2026 17:04:18
566961;A8077;ARES;CWB - TGEX TRANSPORTES E LOCACAO DE VEIC;;PR;18/09/2026 13:57:04;Pendente de Retorno;PR;Curitiba;SECRETARIA ESTADUAL DE SAUDE DO PARANA;27/07/2026 17:12:42
566961;A8133;ARES;CWB - TGEX TRANSPORTES E LOCACAO DE VEIC;;PR;18/09/2026 13:57:04;Pendente de Retorno;PR;Curitiba;SECRETARIA ESTADUAL DE SAUDE DO PARANA;24/07/2026 08:34:38
566961;A8230;ARES;CWB - TGEX TRANSPORTES E LOCACAO DE VEIC;;PR;18/09/2026 13:57:04;Pendente de Retorno;PR;Curitiba;SECRETARIA ESTADUAL DE SAUDE DO PARANA;22/07/2026 23:45:59
566961;A8849;ARES;CWB - TGEX TRANSPORTES E LOCACAO DE VEIC;;PR;18/09/2026 13:57:04;Pendente de Retorno;PR;Curitiba;SECRETARIA ESTADUAL DE SAUDE DO PARANA;27/07/2026 15:22:16
566961;A8987;ARES;CWB - TGEX TRANSPORTES E LOCACAO DE VEIC;;PR;18/09/2026 13:57:04;Pendente de Retorno;PR;Curitiba;SECRETARIA ESTADUAL DE SAUDE DO PARANA;09/07/2026 09:13:31
566961;A9226;ARES;CWB - TGEX TRANSPORTES E LOCACAO DE VEIC;;PR;18/09/2026 13:57:04;Pendente de Retorno;PR;Curitiba;SECRETARIA ESTADUAL DE SAUDE DO PARANA;21/07/2026 17:43:45
566961;A9305;ARES;CWB - TGEX TRANSPORTES E LOCACAO DE VEIC;;PR;18/09/2026 13:57:04;Pendente de Retorno;PR;Curitiba;SECRETARIA ESTADUAL DE SAUDE DO PARANA;13/07/2026 16:37:38
566961;A9468;ARES;CWB - TGEX TRANSPORTES E LOCACAO DE VEIC;;PR;18/09/2026 13:57:04;Pendente de Retorno;PR;Curitiba;SECRETARIA ESTADUAL DE SAUDE DO PARANA;24/07/2026 08:26:33
566961;A9659;ARES;CWB - TGEX TRANSPORTES E LOCACAO DE VEIC;;PR;18/09/2026 13:57:04;Pendente de Retorno;PR;Curitiba;SECRETARIA ESTADUAL DE SAUDE DO PARANA;29/06/2026 23:27:06
566961;TA0556;ARES;CWB - TGEX TRANSPORTES E LOCACAO DE VEIC;;PR;18/09/2026 13:57:04;Pendente de Retorno;PR;Curitiba;SECRETARIA ESTADUAL DE SAUDE DO PARANA;21/07/2026 17:45:26
566961;TA0875;ARES;CWB - TGEX TRANSPORTES E LOCACAO DE VEIC;;PR;18/09/2026 13:57:04;Pendente de Retorno;PR;Curitiba;SECRETARIA ESTADUAL DE SAUDE DO PARANA;22/07/2026 21:43:28
566961;TA1091;ARES;CWB - TGEX TRANSPORTES E LOCACAO DE VEIC;;PR;18/09/2026 13:57:04;Pendente de Retorno;PR;Curitiba;SECRETARIA ESTADUAL DE SAUDE DO PARANA;27/06/2026 11:43:20
566961;TA1247;ARES;CWB - TGEX TRANSPORTES E LOCACAO DE VEIC;;PR;18/09/2026 13:57:04;Pendente de Retorno;PR;Curitiba;SECRETARIA ESTADUAL DE SAUDE DO PARANA;23/07/2026 20:46:00
568664;A9267;ARES;VTCLOG CNF - CONTAGEM;;MG;18/09/2026 13:44:27;Pendente de Retorno;MG;Belo Horizonte;ANA LUISA VIEIRA SANTOS MOREIRA  0073700;27/07/2026 15:21:10
568652;TA0243;ARES;RBR - RODOTEC;;AC;18/09/2026 13:43:00;Pendente de Retorno;AC;Rio Branco;BÁRBARA DE SOUZA VIANA 00737.015981/2026-22;24/07/2026 08:26:17
568659;A8259;ARES;VTCLOG - BSB;;PI;18/09/2026 13:34:00;Pendente de Retorno;PI;Curimata;JOAQUIM VOGADO ALVES;26/07/2026 22:20:51
568736;A6881;ARES;MCZ - MCZ EXPRESS SERVICE LTDA;;AL;18/09/2026 13:05:35;Pendente de Retorno;AL;Maceio;FRANCISCA DA SILVA SANTOS;21/07/2026 17:20:22
568211;A3966;ARES;VTCLOG RIO GALEAO;;RJ;18/09/2026 13:00:00;Pendente de Retorno;RJ;RIO DE JANEIRO;HEMOCENTRO COORDENADOR DO RIO DE JANEIRO;22/07/2026 23:48:31
568338;A1658;ARES;VTCLOG - GRU;;MG;18/09/2026 12:50:13;Pendente de Retorno;MG;Contagem;HEMOCENTRO COORDENADOR DE MINAS GERAIS - ALMOXARIF;27/07/2026 16:48:23
568338;A2648;ARES;VTCLOG - GRU;;MG;18/09/2026 12:50:13;Pendente de Retorno;MG;Contagem;HEMOCENTRO COORDENADOR DE MINAS GERAIS - ALMOXARIF;17/07/2026 08:22:03
568338;A3295;ARES;VTCLOG - GRU;;MG;18/09/2026 12:50:13;Pendente de Retorno;MG;Contagem;HEMOCENTRO COORDENADOR DE MINAS GERAIS - ALMOXARIF;22/07/2026 21:43:58
567994;A8161;ARES;VTCLOG CNF - CONTAGEM;;MG;18/09/2026 12:48:12;Pendente de Retorno;MG;Contagem;HEMOCENTRO COORDENADOR DE MINAS GERAIS - ALMOXARIF;15/07/2026 10:08:21
567994;A9605;ARES;VTCLOG CNF - CONTAGEM;;MG;18/09/2026 12:48:12;Pendente de Retorno;MG;Contagem;HEMOCENTRO COORDENADOR DE MINAS GERAIS - ALMOXARIF;27/07/2026 00:14:22
567525;0741700111;ARES;FOR - NT TRANSPORTE LTDA;;CE;18/09/2026 12:37:00;Pendente de Retorno;CE;Maracanau;ALMOXARIFADO ESTADUAL DE MEDICAMENTOS;18/09/2026 12:37:00
567428;A2321;ARES;FOR - NT TRANSPORTE LTDA;;CE;18/09/2026 12:37:00;Pendente de Retorno;CE;Maracanau;ALMOXARIFADO ESTADUAL DE MEDICAMENTOS;13/07/2026 16:37:50
567428;A3201;ARES;FOR - NT TRANSPORTE LTDA;;CE;18/09/2026 12:37:00;Pendente de Retorno;CE;Maracanau;ALMOXARIFADO ESTADUAL DE MEDICAMENTOS;02/07/2026 16:58:09
567428;A4706;ARES;FOR - NT TRANSPORTE LTDA;;CE;18/09/2026 12:37:00;Pendente de Retorno;CE;Maracanau;ALMOXARIFADO ESTADUAL DE MEDICAMENTOS;27/07/2026 15:33:31
567428;A6568;ARES;FOR - NT TRANSPORTE LTDA;;CE;18/09/2026 12:37:00;Pendente de Retorno;CE;Maracanau;ALMOXARIFADO ESTADUAL DE MEDICAMENTOS;28/07/2026 03:05:38
567428;TA0506;ARES;FOR - NT TRANSPORTE LTDA;;CE;18/09/2026 12:37:00;Pendente de Retorno;CE;Maracanau;ALMOXARIFADO ESTADUAL DE MEDICAMENTOS;25/07/2026 21:34:19
567428;TA0816;ARES;FOR - NT TRANSPORTE LTDA;;CE;18/09/2026 12:37:00;Pendente de Retorno;CE;Maracanau;ALMOXARIFADO ESTADUAL DE MEDICAMENTOS;21/07/2026 00:09:01
568875;0741700825;ARES;CGB - JR TRANSPORTES;;MT;18/09/2026 12:15:00;Retornado;MT;Cuiaba;SOCIEDADE BENEF ISRAETITABRAS HOSPITAL ALBERT EINS;18/09/2026 17:37:20
568788;A3932;ARES;VTCLOG RIO GALEAO;;RJ;18/09/2026 12:04:00;Pendente de Retorno;RJ;RIO DE JANEIRO;INSTITUTO NACIONAL DE CONTROLE DE QUALIDADE EM SAU;27/07/2026 16:42:15
569072;A7027;ARES;VTCLOG - GRU;;SP;18/09/2026 12:00:37;Pendente de Retorno;SP;Itaquaquecetuba;CASA DE SAUDE SANTA MARCELINA;26/07/2026 22:21:52
568783;A6750;ARES;POA - GMB TRANSPORTES E LOGISTICA ME;;RS;18/09/2026 12:00:00;Pendente de Retorno;RS;Parobe;MUNICIPIO DE PAROBE;23/07/2026 13:40:41
568846;0741700767;ARES;VTCLOG - REC;;PE;18/09/2026 11:51:00;Retornado;PE;RECIFE;HOSPITAL METROPOLITANO OESTE PELÓPIDAS SILVEIRA;18/09/2026 15:56:58
568850;A6081;ARES;FOR - NT TRANSPORTE LTDA;;CE;18/09/2026 11:45:00;Retornado;CE;Fortaleza;HOSPITAL SÃO JOSÉ DE DOENÇAS INFECCIOSAS;21/09/2026 16:20:05
568850;A6786;ARES;FOR - NT TRANSPORTE LTDA;;CE;18/09/2026 11:45:00;Pendente de Retorno;CE;Fortaleza;HOSPITAL SÃO JOSÉ DE DOENÇAS INFECCIOSAS;04/07/2026 11:33:56
568850;A6836;ARES;FOR - NT TRANSPORTE LTDA;;CE;18/09/2026 11:45:00;Pendente de Retorno;CE;Fortaleza;HOSPITAL SÃO JOSÉ DE DOENÇAS INFECCIOSAS;14/07/2026 10:48:44
568850;A7695;ARES;FOR - NT TRANSPORTE LTDA;;CE;18/09/2026 11:45:00;Pendente de Retorno;CE;Fortaleza;HOSPITAL SÃO JOSÉ DE DOENÇAS INFECCIOSAS;27/07/2026 15:24:44
568850;A9708;ARES;FOR - NT TRANSPORTE LTDA;;CE;18/09/2026 11:45:00;Pendente de Retorno;CE;Fortaleza;HOSPITAL SÃO JOSÉ DE DOENÇAS INFECCIOSAS;27/07/2026 00:17:32
568745;A9580;ARES;VTCLOG CNF - CONTAGEM;;MG;18/09/2026 11:41:52;Pendente de Retorno;MG;Belo Horizonte;ORLANDO SOUZA DOS REIS 00737.011097/2026-19;26/07/2026 21:17:30
568034;0741700092;ARES;VTCLOG - REC;;PE;18/09/2026 11:18:15;Pendente de Retorno;PE;RECIFE;HEMOCENTRO COORDENADOR PERNAMBUCO;18/09/2026 11:18:15
568034;0741700152;ARES;VTCLOG - REC;;PE;18/09/2026 11:18:15;Pendente de Retorno;PE;RECIFE;HEMOCENTRO COORDENADOR PERNAMBUCO;18/09/2026 11:18:15
568034;0741700167;ARES;VTCLOG - REC;;PE;18/09/2026 11:18:15;Pendente de Retorno;PE;RECIFE;HEMOCENTRO COORDENADOR PERNAMBUCO;18/09/2026 11:18:15
568034;0741700237;ARES;VTCLOG - REC;;PE;18/09/2026 11:18:15;Pendente de Retorno;PE;RECIFE;HEMOCENTRO COORDENADOR PERNAMBUCO;18/09/2026 11:18:15
568034;0741700295;ARES;VTCLOG - REC;;PE;18/09/2026 11:18:15;Pendente de Retorno;PE;RECIFE;HEMOCENTRO COORDENADOR PERNAMBUCO;18/09/2026 11:18:15
568034;0741700556;ARES;VTCLOG - REC;;PE;18/09/2026 11:18:15;Pendente de Retorno;PE;RECIFE;HEMOCENTRO COORDENADOR PERNAMBUCO;18/09/2026 11:18:15
568034;0741700717;ARES;VTCLOG - REC;;PE;18/09/2026 11:18:15;Pendente de Retorno;PE;RECIFE;HEMOCENTRO COORDENADOR PERNAMBUCO;18/09/2026 11:18:15
568034;0741700748;ARES;VTCLOG - REC;;PE;18/09/2026 11:18:15;Pendente de Retorno;PE;RECIFE;HEMOCENTRO COORDENADOR PERNAMBUCO;18/09/2026 11:18:15
568034;0741700953;ARES;VTCLOG - REC;;PE;18/09/2026 11:18:15;Pendente de Retorno;PE;RECIFE;HEMOCENTRO COORDENADOR PERNAMBUCO;18/09/2026 11:18:15
568034;A1377;ARES;VTCLOG - REC;;PE;18/09/2026 11:18:15;Pendente de Retorno;PE;RECIFE;HEMOCENTRO COORDENADOR PERNAMBUCO;10/07/2026 02:11:48
568034;A1437;ARES;VTCLOG - REC;;PE;18/09/2026 11:18:15;Pendente de Retorno;PE;RECIFE;HEMOCENTRO COORDENADOR PERNAMBUCO;21/07/2026 17:43:54
568034;A1813;ARES;VTCLOG - REC;;PE;18/09/2026 11:18:15;Pendente de Retorno;PE;RECIFE;HEMOCENTRO COORDENADOR PERNAMBUCO;27/07/2026 15:22:49
568034;A2225;ARES;VTCLOG - REC;;PE;18/09/2026 11:18:15;Pendente de Retorno;PE;RECIFE;HEMOCENTRO COORDENADOR PERNAMBUCO;21/07/2026 17:29:26
568034;A2883;ARES;VTCLOG - REC;;PE;18/09/2026 11:18:15;Pendente de Retorno;PE;RECIFE;HEMOCENTRO COORDENADOR PERNAMBUCO;23/07/2026 21:12:17
568034;A2957;ARES;VTCLOG - REC;;PE;18/09/2026 11:18:15;Pendente de Retorno;PE;RECIFE;HEMOCENTRO COORDENADOR PERNAMBUCO;18/07/2026 08:00:47
568034;A3000;ARES;VTCLOG - REC;;PE;18/09/2026 11:18:15;Pendente de Retorno;PE;RECIFE;HEMOCENTRO COORDENADOR PERNAMBUCO;24/07/2026 13:24:30
568034;A3566;ARES;VTCLOG - REC;;PE;18/09/2026 11:18:15;Pendente de Retorno;PE;RECIFE;HEMOCENTRO COORDENADOR PERNAMBUCO;17/07/2026 08:23:24
568034;A3755;ARES;VTCLOG - REC;;PE;18/09/2026 11:18:15;Pendente de Retorno;PE;RECIFE;HEMOCENTRO COORDENADOR PERNAMBUCO;13/07/2026 16:41:52
568034;A3993;ARES;VTCLOG - REC;;PE;18/09/2026 11:18:15;Pendente de Retorno;PE;RECIFE;HEMOCENTRO COORDENADOR PERNAMBUCO;01/07/2026 14:28:29
568034;A4620;ARES;VTCLOG - REC;;PE;18/09/2026 11:18:15;Pendente de Retorno;PE;RECIFE;HEMOCENTRO COORDENADOR PERNAMBUCO;06/07/2026 13:46:33
568034;A5636;ARES;VTCLOG - REC;;PE;18/09/2026 11:18:15;Pendente de Retorno;PE;RECIFE;HEMOCENTRO COORDENADOR PERNAMBUCO;23/07/2026 08:40:00
568034;A5708;ARES;VTCLOG - REC;;PE;18/09/2026 11:18:15;Pendente de Retorno;PE;RECIFE;HEMOCENTRO COORDENADOR PERNAMBUCO;20/06/2026 10:08:29
568034;A6720;ARES;VTCLOG - REC;;PE;18/09/2026 11:18:15;Pendente de Retorno;PE;RECIFE;HEMOCENTRO COORDENADOR PERNAMBUCO;10/07/2026 17:24:18
568034;A6793;ARES;VTCLOG - REC;;PE;18/09/2026 11:18:15;Pendente de Retorno;PE;RECIFE;HEMOCENTRO COORDENADOR PERNAMBUCO;21/07/2026 17:16:21
568034;A7416;ARES;VTCLOG - REC;;PE;18/09/2026 11:18:15;Pendente de Retorno;PE;RECIFE;HEMOCENTRO COORDENADOR PERNAMBUCO;26/07/2026 20:51:23
568034;A7482;ARES;VTCLOG - REC;;PE;18/09/2026 11:18:15;Pendente de Retorno;PE;RECIFE;HEMOCENTRO COORDENADOR PERNAMBUCO;29/06/2026 23:27:32
568034;A7818;ARES;VTCLOG - REC;;PE;18/09/2026 11:18:15;Pendente de Retorno;PE;RECIFE;HEMOCENTRO COORDENADOR PERNAMBUCO;17/07/2026 08:22:34
568034;A7863;ARES;VTCLOG - REC;;PE;18/09/2026 11:18:15;Pendente de Retorno;PE;RECIFE;HEMOCENTRO COORDENADOR PERNAMBUCO;09/07/2026 22:14:18
568034;A8555;ARES;VTCLOG - REC;;PE;18/09/2026 11:18:15;Pendente de Retorno;PE;RECIFE;HEMOCENTRO COORDENADOR PERNAMBUCO;21/07/2026 17:15:28
568034;TA0802;ARES;VTCLOG - REC;;PE;18/09/2026 11:18:15;Pendente de Retorno;PE;RECIFE;HEMOCENTRO COORDENADOR PERNAMBUCO;23/07/2026 07:43:30
568034;TA0902;ARES;VTCLOG - REC;;PE;18/09/2026 11:18:15;Pendente de Retorno;PE;RECIFE;HEMOCENTRO COORDENADOR PERNAMBUCO;27/07/2026 00:15:36
568034;TA0996;ARES;VTCLOG - REC;;PE;18/09/2026 11:18:15;Pendente de Retorno;PE;RECIFE;HEMOCENTRO COORDENADOR PERNAMBUCO;20/07/2026 11:20:58
568194;A7980;ARES;AJU - CASSIMIRO TRANSPORTES;;SE;18/09/2026 11:09:24;Pendente de Retorno;SE;Aracaju;ALMOXARIFADO ESTADUAL DE MEDICAMENTOS - SERGIPE;30/06/2026 08:22:12
568199;A5906;ARES;AJU - CASSIMIRO TRANSPORTES;;SE;18/09/2026 10:56:16;Pendente de Retorno;SE;Aracaju;ALMOXARIFADO ESTADUAL DE MEDICAMENTOS - SERGIPE;21/07/2026 17:24:14
568400;0741700126;ARES;SSA - LUTY LOG;;BA;18/09/2026 10:47:20;Retornado;BA;Simoes Filho;CENTRAL FARMACÊUTICA DO ESTADO DA BAHIA - CEFARBA;22/09/2026 00:49:31
568400;0741700141;ARES;SSA - LUTY LOG;;BA;18/09/2026 10:47:20;Pendente de Retorno;BA;Simoes Filho;CENTRAL FARMACÊUTICA DO ESTADO DA BAHIA - CEFARBA;18/09/2026 10:47:20
568400;0741700146;ARES;SSA - LUTY LOG;;BA;18/09/2026 10:47:20;Pendente de Retorno;BA;Simoes Filho;CENTRAL FARMACÊUTICA DO ESTADO DA BAHIA - CEFARBA;18/09/2026 10:47:20
568400;0741700148;ARES;SSA - LUTY LOG;;BA;18/09/2026 10:47:20;Retornado;BA;Simoes Filho;CENTRAL FARMACÊUTICA DO ESTADO DA BAHIA - CEFARBA;22/09/2026 01:13:42
568400;0741700245;ARES;SSA - LUTY LOG;;BA;18/09/2026 10:47:20;Pendente de Retorno;BA;Simoes Filho;CENTRAL FARMACÊUTICA DO ESTADO DA BAHIA - CEFARBA;18/09/2026 10:47:20
568400;0741700263;ARES;SSA - LUTY LOG;;BA;18/09/2026 10:47:20;Pendente de Retorno;BA;Simoes Filho;CENTRAL FARMACÊUTICA DO ESTADO DA BAHIA - CEFARBA;18/09/2026 10:47:20
568400;0741700268;ARES;SSA - LUTY LOG;;BA;18/09/2026 10:47:20;Pendente de Retorno;BA;Simoes Filho;CENTRAL FARMACÊUTICA DO ESTADO DA BAHIA - CEFARBA;18/09/2026 10:47:20
568400;0741700333;ARES;SSA - LUTY LOG;;BA;18/09/2026 10:47:20;Retornado;BA;Simoes Filho;CENTRAL FARMACÊUTICA DO ESTADO DA BAHIA - CEFARBA;22/09/2026 00:49:32
568400;0741700352;ARES;SSA - LUTY LOG;;BA;18/09/2026 10:47:20;Pendente de Retorno;BA;Simoes Filho;CENTRAL FARMACÊUTICA DO ESTADO DA BAHIA - CEFARBA;18/09/2026 10:47:20
568400;0741700355;ARES;SSA - LUTY LOG;;BA;18/09/2026 10:47:20;Pendente de Retorno;BA;Simoes Filho;CENTRAL FARMACÊUTICA DO ESTADO DA BAHIA - CEFARBA;18/09/2026 10:47:20
568400;0741700376;ARES;SSA - LUTY LOG;;BA;18/09/2026 10:47:20;Pendente de Retorno;BA;Simoes Filho;CENTRAL FARMACÊUTICA DO ESTADO DA BAHIA - CEFARBA;18/09/2026 10:47:20
568400;0741700382;ARES;SSA - LUTY LOG;;BA;18/09/2026 10:47:20;Pendente de Retorno;BA;Simoes Filho;CENTRAL FARMACÊUTICA DO ESTADO DA BAHIA - CEFARBA;18/09/2026 10:47:20
568400;0741700422;ARES;SSA - LUTY LOG;;BA;18/09/2026 10:47:20;Retornado;BA;Simoes Filho;CENTRAL FARMACÊUTICA DO ESTADO DA BAHIA - CEFARBA;22/09/2026 01:13:42
568400;0741700436;ARES;SSA - LUTY LOG;;BA;18/09/2026 10:47:20;Pendente de Retorno;BA;Simoes Filho;CENTRAL FARMACÊUTICA DO ESTADO DA BAHIA - CEFARBA;18/09/2026 10:47:20
568400;0741700540;ARES;SSA - LUTY LOG;;BA;18/09/2026 10:47:20;Pendente de Retorno;BA;Simoes Filho;CENTRAL FARMACÊUTICA DO ESTADO DA BAHIA - CEFARBA;18/09/2026 10:47:20
568400;0741700680;ARES;SSA - LUTY LOG;;BA;18/09/2026 10:47:20;Pendente de Retorno;BA;Simoes Filho;CENTRAL FARMACÊUTICA DO ESTADO DA BAHIA - CEFARBA;18/09/2026 10:47:20
568400;0741700689;ARES;SSA - LUTY LOG;;BA;18/09/2026 10:47:20;Retornado;BA;Simoes Filho;CENTRAL FARMACÊUTICA DO ESTADO DA BAHIA - CEFARBA;22/09/2026 00:49:32
568400;0741700773;ARES;SSA - LUTY LOG;;BA;18/09/2026 10:47:20;Pendente de Retorno;BA;Simoes Filho;CENTRAL FARMACÊUTICA DO ESTADO DA BAHIA - CEFARBA;18/09/2026 10:47:20
568400;0741700809;ARES;SSA - LUTY LOG;;BA;18/09/2026 10:47:20;Retornado;BA;Simoes Filho;CENTRAL FARMACÊUTICA DO ESTADO DA BAHIA - CEFARBA;22/09/2026 00:49:32
568400;0741700876;ARES;SSA - LUTY LOG;;BA;18/09/2026 10:47:20;Pendente de Retorno;BA;Simoes Filho;CENTRAL FARMACÊUTICA DO ESTADO DA BAHIA - CEFARBA;18/09/2026 10:47:20
568400;0741700905;ARES;SSA - LUTY LOG;;BA;18/09/2026 10:47:20;Retornado;BA;Simoes Filho;CENTRAL FARMACÊUTICA DO ESTADO DA BAHIA - CEFARBA;22/09/2026 01:13:41
568400;A0159;ARES;SSA - LUTY LOG;;BA;18/09/2026 10:47:20;Retornado;BA;Simoes Filho;CENTRAL FARMACÊUTICA DO ESTADO DA BAHIA - CEFARBA;22/09/2026 00:49:32
568400;A0204;ARES;SSA - LUTY LOG;;BA;18/09/2026 10:47:20;Pendente de Retorno;BA;Simoes Filho;CENTRAL FARMACÊUTICA DO ESTADO DA BAHIA - CEFARBA;21/07/2026 17:14:25
568400;A0525;ARES;SSA - LUTY LOG;;BA;18/09/2026 10:47:20;Pendente de Retorno;BA;Simoes Filho;CENTRAL FARMACÊUTICA DO ESTADO DA BAHIA - CEFARBA;22/07/2026 23:45:42
568400;A1304;ARES;SSA - LUTY LOG;;BA;18/09/2026 10:47:20;Pendente de Retorno;BA;Simoes Filho;CENTRAL FARMACÊUTICA DO ESTADO DA BAHIA - CEFARBA;18/07/2026 07:57:56
568400;A1539;ARES;SSA - LUTY LOG;;BA;18/09/2026 10:47:20;Pendente de Retorno;BA;Simoes Filho;CENTRAL FARMACÊUTICA DO ESTADO DA BAHIA - CEFARBA;21/07/2026 17:24:10
568400;A1802;ARES;SSA - LUTY LOG;;BA;18/09/2026 10:47:20;Pendente de Retorno;BA;Simoes Filho;CENTRAL FARMACÊUTICA DO ESTADO DA BAHIA - CEFARBA;25/07/2026 21:25:52
568400;A1808;ARES;SSA - LUTY LOG;;BA;18/09/2026 10:47:20;Pendente de Retorno;BA;Simoes Filho;CENTRAL FARMACÊUTICA DO ESTADO DA BAHIA - CEFARBA;18/07/2026 10:14:54
568400;A2077;ARES;SSA - LUTY LOG;;BA;18/09/2026 10:47:20;Pendente de Retorno;BA;Simoes Filho;CENTRAL FARMACÊUTICA DO ESTADO DA BAHIA - CEFARBA;14/07/2026 17:27:27
568400;A2817;ARES;SSA - LUTY LOG;;BA;18/09/2026 10:47:20;Pendente de Retorno;BA;Simoes Filho;CENTRAL FARMACÊUTICA DO ESTADO DA BAHIA - CEFARBA;21/07/2026 00:10:41
568400;A2846;ARES;SSA - LUTY LOG;;BA;18/09/2026 10:47:20;Pendente de Retorno;BA;Simoes Filho;CENTRAL FARMACÊUTICA DO ESTADO DA BAHIA - CEFARBA;23/07/2026 20:43:25
568400;A3082;ARES;SSA - LUTY LOG;;BA;18/09/2026 10:47:20;Pendente de Retorno;BA;Simoes Filho;CENTRAL FARMACÊUTICA DO ESTADO DA BAHIA - CEFARBA;13/07/2026 16:28:04
568400;A3334;ARES;SSA - LUTY LOG;;BA;18/09/2026 10:47:20;Pendente de Retorno;BA;Simoes Filho;CENTRAL FARMACÊUTICA DO ESTADO DA BAHIA - CEFARBA;21/07/2026 17:30:51
568400;A3679;ARES;SSA - LUTY LOG;;BA;18/09/2026 10:47:20;Pendente de Retorno;BA;Simoes Filho;CENTRAL FARMACÊUTICA DO ESTADO DA BAHIA - CEFARBA;10/07/2026 17:30:08
568400;A3721;ARES;SSA - LUTY LOG;;BA;18/09/2026 10:47:20;Pendente de Retorno;BA;Simoes Filho;CENTRAL FARMACÊUTICA DO ESTADO DA BAHIA - CEFARBA;23/06/2026 08:04:52
568400;A3927;ARES;SSA - LUTY LOG;;BA;18/09/2026 10:47:20;Pendente de Retorno;BA;Simoes Filho;CENTRAL FARMACÊUTICA DO ESTADO DA BAHIA - CEFARBA;21/07/2026 00:00:52
568400;A3977;ARES;SSA - LUTY LOG;;BA;18/09/2026 10:47:20;Pendente de Retorno;BA;Simoes Filho;CENTRAL FARMACÊUTICA DO ESTADO DA BAHIA - CEFARBA;20/07/2026 11:37:41
568400;A4306;ARES;SSA - LUTY LOG;;BA;18/09/2026 10:47:20;Pendente de Retorno;BA;Simoes Filho;CENTRAL FARMACÊUTICA DO ESTADO DA BAHIA - CEFARBA;09/05/2026 13:45:24
568400;A4496;ARES;SSA - LUTY LOG;;BA;18/09/2026 10:47:20;Pendente de Retorno;BA;Simoes Filho;CENTRAL FARMACÊUTICA DO ESTADO DA BAHIA - CEFARBA;18/09/2026 10:47:20
568400;A4595;ARES;SSA - LUTY LOG;;BA;18/09/2026 10:47:20;Pendente de Retorno;BA;Simoes Filho;CENTRAL FARMACÊUTICA DO ESTADO DA BAHIA - CEFARBA;21/07/2026 17:28:13
568400;A5006;ARES;SSA - LUTY LOG;;BA;18/09/2026 10:47:20;Pendente de Retorno;BA;Simoes Filho;CENTRAL FARMACÊUTICA DO ESTADO DA BAHIA - CEFARBA;21/07/2026 17:46:53
568400;A5015;ARES;SSA - LUTY LOG;;BA;18/09/2026 10:47:20;Pendente de Retorno;BA;Simoes Filho;CENTRAL FARMACÊUTICA DO ESTADO DA BAHIA - CEFARBA;27/07/2026 16:49:02
568400;A5035;ARES;SSA - LUTY LOG;;BA;18/09/2026 10:47:20;Pendente de Retorno;BA;Simoes Filho;CENTRAL FARMACÊUTICA DO ESTADO DA BAHIA - CEFARBA;17/07/2026 08:22:46
568400;A5087;ARES;SSA - LUTY LOG;;BA;18/09/2026 10:47:20;Pendente de Retorno;BA;Simoes Filho;CENTRAL FARMACÊUTICA DO ESTADO DA BAHIA - CEFARBA;10/07/2026 15:35:10
568400;A5247;ARES;SSA - LUTY LOG;;BA;18/09/2026 10:47:20;Pendente de Retorno;BA;Simoes Filho;CENTRAL FARMACÊUTICA DO ESTADO DA BAHIA - CEFARBA;25/07/2026 21:24:59
568400;A5303;ARES;SSA - LUTY LOG;;BA;18/09/2026 10:47:20;Pendente de Retorno;BA;Simoes Filho;CENTRAL FARMACÊUTICA DO ESTADO DA BAHIA - CEFARBA;10/07/2026 07:57:22
568400;A5680;ARES;SSA - LUTY LOG;;BA;18/09/2026 10:47:20;Pendente de Retorno;BA;Simoes Filho;CENTRAL FARMACÊUTICA DO ESTADO DA BAHIA - CEFARBA;21/07/2026 17:46:03
568400;A5737;ARES;SSA - LUTY LOG;;BA;18/09/2026 10:47:20;Pendente de Retorno;BA;Simoes Filho;CENTRAL FARMACÊUTICA DO ESTADO DA BAHIA - CEFARBA;18/09/2026 10:47:20
568400;A5987;ARES;SSA - LUTY LOG;;BA;18/09/2026 10:47:20;Pendente de Retorno;BA;Simoes Filho;CENTRAL FARMACÊUTICA DO ESTADO DA BAHIA - CEFARBA;13/07/2026 08:45:55
568400;A6283;ARES;SSA - LUTY LOG;;BA;18/09/2026 10:47:20;Pendente de Retorno;BA;Simoes Filho;CENTRAL FARMACÊUTICA DO ESTADO DA BAHIA - CEFARBA;21/07/2026 17:46:24
568400;A6600;ARES;SSA - LUTY LOG;;BA;18/09/2026 10:47:20;Pendente de Retorno;BA;Simoes Filho;CENTRAL FARMACÊUTICA DO ESTADO DA BAHIA - CEFARBA;27/07/2026 15:25:57
568400;A6817;ARES;SSA - LUTY LOG;;BA;18/09/2026 10:47:20;Pendente de Retorno;BA;Simoes Filho;CENTRAL FARMACÊUTICA DO ESTADO DA BAHIA - CEFARBA;23/06/2026 15:15:06
568400;A6936;ARES;SSA - LUTY LOG;;BA;18/09/2026 10:47:20;Pendente de Retorno;BA;Simoes Filho;CENTRAL FARMACÊUTICA DO ESTADO DA BAHIA - CEFARBA;27/07/2026 12:30:36
568400;A7291;ARES;SSA - LUTY LOG;;BA;18/09/2026 10:47:20;Pendente de Retorno;BA;Simoes Filho;CENTRAL FARMACÊUTICA DO ESTADO DA BAHIA - CEFARBA;20/07/2026 15:09:28
568400;A7372;ARES;SSA - LUTY LOG;;BA;18/09/2026 10:47:20;Pendente de Retorno;BA;Simoes Filho;CENTRAL FARMACÊUTICA DO ESTADO DA BAHIA - CEFARBA;24/07/2026 08:22:51
568400;A7438;ARES;SSA - LUTY LOG;;BA;18/09/2026 10:47:20;Pendente de Retorno;BA;Simoes Filho;CENTRAL FARMACÊUTICA DO ESTADO DA BAHIA - CEFARBA;18/07/2026 10:15:35
568400;A7718;ARES;SSA - LUTY LOG;;BA;18/09/2026 10:47:20;Pendente de Retorno;BA;Simoes Filho;CENTRAL FARMACÊUTICA DO ESTADO DA BAHIA - CEFARBA;21/07/2026 22:24:20
568400;A7727;ARES;SSA - LUTY LOG;;BA;18/09/2026 10:47:20;Pendente de Retorno;BA;Simoes Filho;CENTRAL FARMACÊUTICA DO ESTADO DA BAHIA - CEFARBA;18/09/2026 10:47:20
568400;A7894;ARES;SSA - LUTY LOG;;BA;18/09/2026 10:47:20;Pendente de Retorno;BA;Simoes Filho;CENTRAL FARMACÊUTICA DO ESTADO DA BAHIA - CEFARBA;14/07/2026 17:23:40
568400;A8202;ARES;SSA - LUTY LOG;;BA;18/09/2026 10:47:20;Pendente de Retorno;BA;Simoes Filho;CENTRAL FARMACÊUTICA DO ESTADO DA BAHIA - CEFARBA;30/06/2026 07:26:58
568400;A8249;ARES;SSA - LUTY LOG;;BA;18/09/2026 10:47:20;Pendente de Retorno;BA;Simoes Filho;CENTRAL FARMACÊUTICA DO ESTADO DA BAHIA - CEFARBA;10/07/2026 17:33:20
568400;A8392;ARES;SSA - LUTY LOG;;BA;18/09/2026 10:47:20;Pendente de Retorno;BA;Simoes Filho;CENTRAL FARMACÊUTICA DO ESTADO DA BAHIA - CEFARBA;23/07/2026 07:43:19
568400;A8541;ARES;SSA - LUTY LOG;;BA;18/09/2026 10:47:20;Pendente de Retorno;BA;Simoes Filho;CENTRAL FARMACÊUTICA DO ESTADO DA BAHIA - CEFARBA;27/07/2026 17:13:31
568400;A8738;ARES;SSA - LUTY LOG;;BA;18/09/2026 10:47:20;Pendente de Retorno;BA;Simoes Filho;CENTRAL FARMACÊUTICA DO ESTADO DA BAHIA - CEFARBA;27/07/2026 16:48:14
568400;A8978;ARES;SSA - LUTY LOG;;BA;18/09/2026 10:47:20;Pendente de Retorno;BA;Simoes Filho;CENTRAL FARMACÊUTICA DO ESTADO DA BAHIA - CEFARBA;22/07/2026 23:46:13
568400;A9013;ARES;SSA - LUTY LOG;;BA;18/09/2026 10:47:20;Pendente de Retorno;BA;Simoes Filho;CENTRAL FARMACÊUTICA DO ESTADO DA BAHIA - CEFARBA;21/07/2026 17:15:40
568400;A9279;ARES;SSA - LUTY LOG;;BA;18/09/2026 10:47:20;Pendente de Retorno;BA;Simoes Filho;CENTRAL FARMACÊUTICA DO ESTADO DA BAHIA - CEFARBA;27/07/2026 00:13:32
568400;A9494;ARES;SSA - LUTY LOG;;BA;18/09/2026 10:47:20;Pendente de Retorno;BA;Simoes Filho;CENTRAL FARMACÊUTICA DO ESTADO DA BAHIA - CEFARBA;27/07/2026 00:16:31
568400;A9544;ARES;SSA - LUTY LOG;;BA;18/09/2026 10:47:20;Pendente de Retorno;BA;Simoes Filho;CENTRAL FARMACÊUTICA DO ESTADO DA BAHIA - CEFARBA;19/06/2026 17:31:57
568400;A9550;ARES;SSA - LUTY LOG;;BA;18/09/2026 10:47:20;Pendente de Retorno;BA;Simoes Filho;CENTRAL FARMACÊUTICA DO ESTADO DA BAHIA - CEFARBA;16/07/2026 04:17:16
568400;TA0084;ARES;SSA - LUTY LOG;;BA;18/09/2026 10:47:20;Pendente de Retorno;BA;Simoes Filho;CENTRAL FARMACÊUTICA DO ESTADO DA BAHIA - CEFARBA;18/09/2026 10:47:20
568400;TA0101;ARES;SSA - LUTY LOG;;BA;18/09/2026 10:47:20;Pendente de Retorno;BA;Simoes Filho;CENTRAL FARMACÊUTICA DO ESTADO DA BAHIA - CEFARBA;18/09/2026 10:47:20
568400;TA0108;ARES;SSA - LUTY LOG;;BA;18/09/2026 10:47:20;Retornado;BA;Simoes Filho;CENTRAL FARMACÊUTICA DO ESTADO DA BAHIA - CEFARBA;22/09/2026 00:49:31
568400;TA0281;ARES;SSA - LUTY LOG;;BA;18/09/2026 10:47:20;Pendente de Retorno;BA;Simoes Filho;CENTRAL FARMACÊUTICA DO ESTADO DA BAHIA - CEFARBA;13/07/2026 08:20:06
568400;TA0554;ARES;SSA - LUTY LOG;;BA;18/09/2026 10:47:20;Pendente de Retorno;BA;Simoes Filho;CENTRAL FARMACÊUTICA DO ESTADO DA BAHIA - CEFARBA;10/07/2026 17:22:19
568400;TA0580;ARES;SSA - LUTY LOG;;BA;18/09/2026 10:47:20;Pendente de Retorno;BA;Simoes Filho;CENTRAL FARMACÊUTICA DO ESTADO DA BAHIA - CEFARBA;25/07/2026 21:27:15
568400;TA0628;ARES;SSA - LUTY LOG;;BA;18/09/2026 10:47:20;Pendente de Retorno;BA;Simoes Filho;CENTRAL FARMACÊUTICA DO ESTADO DA BAHIA - CEFARBA;22/07/2026 09:02:46
568400;TA0737;ARES;SSA - LUTY LOG;;BA;18/09/2026 10:47:20;Pendente de Retorno;BA;Simoes Filho;CENTRAL FARMACÊUTICA DO ESTADO DA BAHIA - CEFARBA;23/07/2026 21:13:33
568400;TA0933;ARES;SSA - LUTY LOG;;BA;18/09/2026 10:47:20;Pendente de Retorno;BA;Simoes Filho;CENTRAL FARMACÊUTICA DO ESTADO DA BAHIA - CEFARBA;14/07/2026 14:41:20
568400;TA0951;ARES;SSA - LUTY LOG;;BA;18/09/2026 10:47:20;Pendente de Retorno;BA;Simoes Filho;CENTRAL FARMACÊUTICA DO ESTADO DA BAHIA - CEFARBA;04/07/2026 11:29:26
568400;TA0983;ARES;SSA - LUTY LOG;;BA;18/09/2026 10:47:20;Pendente de Retorno;BA;Simoes Filho;CENTRAL FARMACÊUTICA DO ESTADO DA BAHIA - CEFARBA;24/07/2026 13:24:19
568400;TA1021;ARES;SSA - LUTY LOG;;BA;18/09/2026 10:47:20;Pendente de Retorno;BA;Simoes Filho;CENTRAL FARMACÊUTICA DO ESTADO DA BAHIA - CEFARBA;24/07/2026 08:37:30
568400;TA1194;ARES;SSA - LUTY LOG;;BA;18/09/2026 10:47:20;Pendente de Retorno;BA;Simoes Filho;CENTRAL FARMACÊUTICA DO ESTADO DA BAHIA - CEFARBA;14/07/2026 14:36:48
568400;TA1234;ARES;SSA - LUTY LOG;;BA;18/09/2026 10:47:20;Pendente de Retorno;BA;Simoes Filho;CENTRAL FARMACÊUTICA DO ESTADO DA BAHIA - CEFARBA;09/06/2026 20:27:55
568400;V741701197;SHIELD;SSA - LUTY LOG;;BA;18/09/2026 10:47:20;Retornado;BA;Simoes Filho;CENTRAL FARMACÊUTICA DO ESTADO DA BAHIA - CEFARBA;22/09/2026 00:49:31
568400;V741701518;SHIELD;SSA - LUTY LOG;;BA;18/09/2026 10:47:20;Retornado;BA;Simoes Filho;CENTRAL FARMACÊUTICA DO ESTADO DA BAHIA - CEFARBA;22/09/2026 01:13:42
568175;0741700564;ARES;VTCLOG - REC;;PE;18/09/2026 10:45:46;Retornado;PE;RECIFE;PERNAMBUCO SECRET DE SAUDE;18/09/2026 14:33:54
568175;A4313;ARES;VTCLOG - REC;;PE;18/09/2026 10:45:46;Pendente de Retorno;PE;RECIFE;PERNAMBUCO SECRET DE SAUDE;26/05/2026 17:41:37
568175;A7212;ARES;VTCLOG - REC;;PE;18/09/2026 10:45:46;Pendente de Retorno;PE;RECIFE;PERNAMBUCO SECRET DE SAUDE;09/07/2026 02:51:12
568175;A9108;ARES;VTCLOG - REC;;PE;18/09/2026 10:45:46;Pendente de Retorno;PE;RECIFE;PERNAMBUCO SECRET DE SAUDE;03/07/2026 08:32:32
568175;AS-0060;ARES COM SONDA;VTCLOG - REC;;PE;18/09/2026 10:45:46;Pendente de Retorno;PE;RECIFE;PERNAMBUCO SECRET DE SAUDE;13/07/2026 16:13:02
568175;AS-0078;ARES COM SONDA;VTCLOG - REC;;PE;18/09/2026 10:45:46;Pendente de Retorno;PE;RECIFE;PERNAMBUCO SECRET DE SAUDE;14/07/2026 15:16:54
568175;AS-0085;ARES COM SONDA;VTCLOG - REC;;PE;18/09/2026 10:45:46;Pendente de Retorno;PE;RECIFE;PERNAMBUCO SECRET DE SAUDE;30/06/2026 09:19:06
568175;AS-0107;ARES COM SONDA;VTCLOG - REC;;PE;18/09/2026 10:45:46;Pendente de Retorno;PE;RECIFE;PERNAMBUCO SECRET DE SAUDE;21/07/2026 09:30:30
568175;AS-0138;ARES COM SONDA;VTCLOG - REC;;PE;18/09/2026 10:45:46;Pendente de Retorno;PE;RECIFE;PERNAMBUCO SECRET DE SAUDE;14/07/2026 15:16:45
568175;AS-0154;ARES COM SONDA;VTCLOG - REC;;PE;18/09/2026 10:45:46;Pendente de Retorno;PE;RECIFE;PERNAMBUCO SECRET DE SAUDE;24/07/2026 12:59:32
568175;AS-0159;ARES COM SONDA;VTCLOG - REC;;PE;18/09/2026 10:45:46;Pendente de Retorno;PE;RECIFE;PERNAMBUCO SECRET DE SAUDE;29/06/2026 17:25:59
568175;AS-0172;ARES COM SONDA;VTCLOG - REC;;PE;18/09/2026 10:45:46;Pendente de Retorno;PE;RECIFE;PERNAMBUCO SECRET DE SAUDE;14/07/2026 15:16:47
568175;AS-0286;ARES COM SONDA;VTCLOG - REC;;PE;18/09/2026 10:45:46;Pendente de Retorno;PE;RECIFE;PERNAMBUCO SECRET DE SAUDE;29/06/2026 17:35:43
568175;AS-0446;ARES COM SONDA;VTCLOG - REC;;PE;18/09/2026 10:45:46;Pendente de Retorno;PE;RECIFE;PERNAMBUCO SECRET DE SAUDE;29/06/2026 16:13:40
568175;AS-0541;ARES COM SONDA;VTCLOG - REC;;PE;18/09/2026 10:45:46;Pendente de Retorno;PE;RECIFE;PERNAMBUCO SECRET DE SAUDE;29/06/2026 17:22:59
568175;AS-0615;ARES COM SONDA;VTCLOG - REC;;PE;18/09/2026 10:45:46;Pendente de Retorno;PE;RECIFE;PERNAMBUCO SECRET DE SAUDE;14/07/2026 15:16:42
568175;AS-0636;ARES COM SONDA;VTCLOG - REC;;PE;18/09/2026 10:45:46;Pendente de Retorno;PE;RECIFE;PERNAMBUCO SECRET DE SAUDE;29/06/2026 13:42:47
568175;AS-0692;ARES COM SONDA;VTCLOG - REC;;PE;18/09/2026 10:45:46;Pendente de Retorno;PE;RECIFE;PERNAMBUCO SECRET DE SAUDE;29/06/2026 17:36:04
568175;AS-0761;ARES COM SONDA;VTCLOG - REC;;PE;18/09/2026 10:45:46;Pendente de Retorno;PE;RECIFE;PERNAMBUCO SECRET DE SAUDE;29/06/2026 16:28:59
568175;AS-0785;ARES COM SONDA;VTCLOG - REC;;PE;18/09/2026 10:45:46;Pendente de Retorno;PE;RECIFE;PERNAMBUCO SECRET DE SAUDE;18/07/2026 13:00:30
568175;AS-0804;ARES COM SONDA;VTCLOG - REC;;PE;18/09/2026 10:45:46;Pendente de Retorno;PE;RECIFE;PERNAMBUCO SECRET DE SAUDE;03/06/2026 17:11:59
568175;AS-0826;ARES COM SONDA;VTCLOG - REC;;PE;18/09/2026 10:45:46;Pendente de Retorno;PE;RECIFE;PERNAMBUCO SECRET DE SAUDE;22/05/2026 13:25:22
568175;AS-0846;ARES COM SONDA;VTCLOG - REC;;PE;18/09/2026 10:45:46;Pendente de Retorno;PE;RECIFE;PERNAMBUCO SECRET DE SAUDE;29/06/2026 16:29:52
568175;AS-0858;ARES COM SONDA;VTCLOG - REC;;PE;18/09/2026 10:45:46;Pendente de Retorno;PE;RECIFE;PERNAMBUCO SECRET DE SAUDE;30/06/2026 09:19:09
568175;AS-0866;ARES COM SONDA;VTCLOG - REC;;PE;18/09/2026 10:45:46;Pendente de Retorno;PE;RECIFE;PERNAMBUCO SECRET DE SAUDE;29/06/2026 16:13:48
568175;AS-0877;ARES COM SONDA;VTCLOG - REC;;PE;18/09/2026 10:45:46;Pendente de Retorno;PE;RECIFE;PERNAMBUCO SECRET DE SAUDE;20/07/2026 08:04:26
568175;AS-0914;ARES COM SONDA;VTCLOG - REC;;PE;18/09/2026 10:45:46;Pendente de Retorno;PE;RECIFE;PERNAMBUCO SECRET DE SAUDE;29/06/2026 17:40:20
568175;AS-0917;ARES COM SONDA;VTCLOG - REC;;PE;18/09/2026 10:45:46;Pendente de Retorno;PE;RECIFE;PERNAMBUCO SECRET DE SAUDE;29/06/2026 16:29:38
568175;TA0918;ARES;VTCLOG - REC;;PE;18/09/2026 10:45:46;Pendente de Retorno;PE;RECIFE;PERNAMBUCO SECRET DE SAUDE;25/07/2026 21:26:43
568838;A6308;ARES;VTCLOG - GRU;;SP;18/09/2026 10:44:44;Pendente de Retorno;SP;Sao Jose dos Campos;GUILHERME OLIVEIRA SILVA SEI 00737.012256/2021-98;10/07/2026 17:34:16
568691;0741700297;ARES;VTCLOG CNF - CONTAGEM;;MG;18/09/2026 10:42:53;Pendente de Retorno;MG;Contagem;HEMOCENTRO COORDENADOR DE MINAS GERAIS - ALMOXARIF;18/09/2026 10:42:53
568691;0741700347;ARES;VTCLOG CNF - CONTAGEM;;MG;18/09/2026 10:42:53;Pendente de Retorno;MG;Contagem;HEMOCENTRO COORDENADOR DE MINAS GERAIS - ALMOXARIF;18/09/2026 10:42:53
568691;0741700420;ARES;VTCLOG CNF - CONTAGEM;;MG;18/09/2026 10:42:53;Pendente de Retorno;MG;Contagem;HEMOCENTRO COORDENADOR DE MINAS GERAIS - ALMOXARIF;18/09/2026 10:42:53
568691;0741700457;ARES;VTCLOG CNF - CONTAGEM;;MG;18/09/2026 10:42:53;Pendente de Retorno;MG;Contagem;HEMOCENTRO COORDENADOR DE MINAS GERAIS - ALMOXARIF;18/09/2026 10:42:53
568691;0741700485;ARES;VTCLOG CNF - CONTAGEM;;MG;18/09/2026 10:42:53;Pendente de Retorno;MG;Contagem;HEMOCENTRO COORDENADOR DE MINAS GERAIS - ALMOXARIF;18/09/2026 10:42:53
568691;0741700489;ARES;VTCLOG CNF - CONTAGEM;;MG;18/09/2026 10:42:53;Pendente de Retorno;MG;Contagem;HEMOCENTRO COORDENADOR DE MINAS GERAIS - ALMOXARIF;18/09/2026 10:42:53
568691;0741700494;ARES;VTCLOG CNF - CONTAGEM;;MG;18/09/2026 10:42:53;Pendente de Retorno;MG;Contagem;HEMOCENTRO COORDENADOR DE MINAS GERAIS - ALMOXARIF;18/09/2026 10:42:53
568691;0741700632;ARES;VTCLOG CNF - CONTAGEM;;MG;18/09/2026 10:42:53;Pendente de Retorno;MG;Contagem;HEMOCENTRO COORDENADOR DE MINAS GERAIS - ALMOXARIF;18/09/2026 10:42:53
568691;0741700633;ARES;VTCLOG CNF - CONTAGEM;;MG;18/09/2026 10:42:53;Pendente de Retorno;MG;Contagem;HEMOCENTRO COORDENADOR DE MINAS GERAIS - ALMOXARIF;18/09/2026 10:42:53
568691;0741700703;ARES;VTCLOG CNF - CONTAGEM;;MG;18/09/2026 10:42:53;Pendente de Retorno;MG;Contagem;HEMOCENTRO COORDENADOR DE MINAS GERAIS - ALMOXARIF;18/09/2026 10:42:53
568691;0741700789;ARES;VTCLOG CNF - CONTAGEM;;MG;18/09/2026 10:42:53;Pendente de Retorno;MG;Contagem;HEMOCENTRO COORDENADOR DE MINAS GERAIS - ALMOXARIF;18/09/2026 10:42:53
568691;A0378;ARES;VTCLOG CNF - CONTAGEM;;MG;18/09/2026 10:42:53;Pendente de Retorno;MG;Contagem;HEMOCENTRO COORDENADOR DE MINAS GERAIS - ALMOXARIF;18/09/2026 10:42:53
568691;A1501;ARES;VTCLOG CNF - CONTAGEM;;MG;18/09/2026 10:42:53;Pendente de Retorno;MG;Contagem;HEMOCENTRO COORDENADOR DE MINAS GERAIS - ALMOXARIF;16/07/2026 20:54:11
568691;A2655;ARES;VTCLOG CNF - CONTAGEM;;MG;18/09/2026 10:42:53;Pendente de Retorno;MG;Contagem;HEMOCENTRO COORDENADOR DE MINAS GERAIS - ALMOXARIF;21/07/2026 17:28:31
568691;A3489;ARES;VTCLOG CNF - CONTAGEM;;MG;18/09/2026 10:42:53;Pendente de Retorno;MG;Contagem;HEMOCENTRO COORDENADOR DE MINAS GERAIS - ALMOXARIF;27/07/2026 15:22:43
568691;A3678;ARES;VTCLOG CNF - CONTAGEM;;MG;18/09/2026 10:42:53;Pendente de Retorno;MG;Contagem;HEMOCENTRO COORDENADOR DE MINAS GERAIS - ALMOXARIF;23/07/2026 21:13:50
568691;A4307;ARES;VTCLOG CNF - CONTAGEM;;MG;18/09/2026 10:42:53;Pendente de Retorno;MG;Contagem;HEMOCENTRO COORDENADOR DE MINAS GERAIS - ALMOXARIF;13/07/2026 08:28:01
568691;A4403;ARES;VTCLOG CNF - CONTAGEM;;MG;18/09/2026 10:42:53;Pendente de Retorno;MG;Contagem;HEMOCENTRO COORDENADOR DE MINAS GERAIS - ALMOXARIF;25/07/2026 21:25:11
568691;A4418;ARES;VTCLOG CNF - CONTAGEM;;MG;18/09/2026 10:42:53;Pendente de Retorno;MG;Contagem;HEMOCENTRO COORDENADOR DE MINAS GERAIS - ALMOXARIF;21/07/2026 17:47:20
568691;A4479;ARES;VTCLOG CNF - CONTAGEM;;MG;18/09/2026 10:42:53;Pendente de Retorno;MG;Contagem;HEMOCENTRO COORDENADOR DE MINAS GERAIS - ALMOXARIF;10/07/2026 17:21:46
568691;A4816;ARES;VTCLOG CNF - CONTAGEM;;MG;18/09/2026 10:42:53;Pendente de Retorno;MG;Contagem;HEMOCENTRO COORDENADOR DE MINAS GERAIS - ALMOXARIF;18/09/2026 10:42:53
568691;A4869;ARES;VTCLOG CNF - CONTAGEM;;MG;18/09/2026 10:42:53;Pendente de Retorno;MG;Contagem;HEMOCENTRO COORDENADOR DE MINAS GERAIS - ALMOXARIF;18/09/2026 10:42:53
568691;A4966;ARES;VTCLOG CNF - CONTAGEM;;MG;18/09/2026 10:42:53;Pendente de Retorno;MG;Contagem;HEMOCENTRO COORDENADOR DE MINAS GERAIS - ALMOXARIF;16/07/2026 15:33:22
568691;A5058;ARES;VTCLOG CNF - CONTAGEM;;MG;18/09/2026 10:42:53;Pendente de Retorno;MG;Contagem;HEMOCENTRO COORDENADOR DE MINAS GERAIS - ALMOXARIF;22/07/2026 09:32:38
568691;A5325;ARES;VTCLOG CNF - CONTAGEM;;MG;18/09/2026 10:42:53;Pendente de Retorno;MG;Contagem;HEMOCENTRO COORDENADOR DE MINAS GERAIS - ALMOXARIF;21/07/2026 17:11:39
568691;A5365;ARES;VTCLOG CNF - CONTAGEM;;MG;18/09/2026 10:42:53;Pendente de Retorno;MG;Contagem;HEMOCENTRO COORDENADOR DE MINAS GERAIS - ALMOXARIF;27/07/2026 17:19:59
568691;A5654;ARES;VTCLOG CNF - CONTAGEM;;MG;18/09/2026 10:42:53;Pendente de Retorno;MG;Contagem;HEMOCENTRO COORDENADOR DE MINAS GERAIS - ALMOXARIF;25/07/2026 22:22:17
568691;A5884;ARES;VTCLOG CNF - CONTAGEM;;MG;18/09/2026 10:42:53;Pendente de Retorno;MG;Contagem;HEMOCENTRO COORDENADOR DE MINAS GERAIS - ALMOXARIF;22/07/2026 23:47:40
568691;A6491;ARES;VTCLOG CNF - CONTAGEM;;MG;18/09/2026 10:42:53;Pendente de Retorno;MG;Contagem;HEMOCENTRO COORDENADOR DE MINAS GERAIS - ALMOXARIF;30/06/2026 08:27:41
568691;A6492;ARES;VTCLOG CNF - CONTAGEM;;MG;18/09/2026 10:42:53;Pendente de Retorno;MG;Contagem;HEMOCENTRO COORDENADOR DE MINAS GERAIS - ALMOXARIF;27/07/2026 15:21:48
568691;A6514;ARES;VTCLOG CNF - CONTAGEM;;MG;18/09/2026 10:42:53;Pendente de Retorno;MG;Contagem;HEMOCENTRO COORDENADOR DE MINAS GERAIS - ALMOXARIF;20/07/2026 09:50:12
568691;A6548;ARES;VTCLOG CNF - CONTAGEM;;MG;18/09/2026 10:42:53;Pendente de Retorno;MG;Contagem;HEMOCENTRO COORDENADOR DE MINAS GERAIS - ALMOXARIF;27/07/2026 10:29:34
568691;A6644;ARES;VTCLOG CNF - CONTAGEM;;MG;18/09/2026 10:42:53;Pendente de Retorno;MG;Contagem;HEMOCENTRO COORDENADOR DE MINAS GERAIS - ALMOXARIF;21/07/2026 17:46:02
568691;A7020;ARES;VTCLOG CNF - CONTAGEM;;MG;18/09/2026 10:42:53;Pendente de Retorno;MG;Contagem;HEMOCENTRO COORDENADOR DE MINAS GERAIS - ALMOXARIF;14/07/2026 14:34:00
568691;A7034;ARES;VTCLOG CNF - CONTAGEM;;MG;18/09/2026 10:42:53;Pendente de Retorno;MG;Contagem;HEMOCENTRO COORDENADOR DE MINAS GERAIS - ALMOXARIF;26/07/2026 20:51:42
568691;A7567;ARES;VTCLOG CNF - CONTAGEM;;MG;18/09/2026 10:42:53;Pendente de Retorno;MG;Contagem;HEMOCENTRO COORDENADOR DE MINAS GERAIS - ALMOXARIF;10/07/2026 02:10:16
568691;A7587;ARES;VTCLOG CNF - CONTAGEM;;MG;18/09/2026 10:42:53;Pendente de Retorno;MG;Contagem;HEMOCENTRO COORDENADOR DE MINAS GERAIS - ALMOXARIF;21/07/2026 17:24:17
568691;A7619;ARES;VTCLOG CNF - CONTAGEM;;MG;18/09/2026 10:42:53;Pendente de Retorno;MG;Contagem;HEMOCENTRO COORDENADOR DE MINAS GERAIS - ALMOXARIF;23/07/2026 21:11:30
568691;A7974;ARES;VTCLOG CNF - CONTAGEM;;MG;18/09/2026 10:42:53;Pendente de Retorno;MG;Contagem;HEMOCENTRO COORDENADOR DE MINAS GERAIS - ALMOXARIF;22/07/2026 08:57:03
568691;A8055;ARES;VTCLOG CNF - CONTAGEM;;MG;18/09/2026 10:42:53;Pendente de Retorno;MG;Contagem;HEMOCENTRO COORDENADOR DE MINAS GERAIS - ALMOXARIF;04/07/2026 11:32:27
568691;A8069;ARES;VTCLOG CNF - CONTAGEM;;MG;18/09/2026 10:42:53;Pendente de Retorno;MG;Contagem;HEMOCENTRO COORDENADOR DE MINAS GERAIS - ALMOXARIF;08/07/2026 08:00:19
568691;A8206;ARES;VTCLOG CNF - CONTAGEM;;MG;18/09/2026 10:42:53;Pendente de Retorno;MG;Contagem;HEMOCENTRO COORDENADOR DE MINAS GERAIS - ALMOXARIF;17/07/2026 14:10:10
568691;A8390;ARES;VTCLOG CNF - CONTAGEM;;MG;18/09/2026 10:42:53;Pendente de Retorno;MG;Contagem;HEMOCENTRO COORDENADOR DE MINAS GERAIS - ALMOXARIF;23/07/2026 08:39:34
568691;A8394;ARES;VTCLOG CNF - CONTAGEM;;MG;18/09/2026 10:42:53;Pendente de Retorno;MG;Contagem;HEMOCENTRO COORDENADOR DE MINAS GERAIS - ALMOXARIF;21/07/2026 17:15:10
568691;A8430;ARES;VTCLOG CNF - CONTAGEM;;MG;18/09/2026 10:42:53;Pendente de Retorno;MG;Contagem;HEMOCENTRO COORDENADOR DE MINAS GERAIS - ALMOXARIF;27/07/2026 16:47:11
568691;A8689;ARES;VTCLOG CNF - CONTAGEM;;MG;18/09/2026 10:42:53;Pendente de Retorno;MG;Contagem;HEMOCENTRO COORDENADOR DE MINAS GERAIS - ALMOXARIF;20/07/2026 09:51:59
568691;A8967;ARES;VTCLOG CNF - CONTAGEM;;MG;18/09/2026 10:42:53;Pendente de Retorno;MG;Contagem;HEMOCENTRO COORDENADOR DE MINAS GERAIS - ALMOXARIF;24/07/2026 08:36:25
568691;A9261;ARES;VTCLOG CNF - CONTAGEM;;MG;18/09/2026 10:42:53;Pendente de Retorno;MG;Contagem;HEMOCENTRO COORDENADOR DE MINAS GERAIS - ALMOXARIF;20/07/2026 11:23:29
568691;A9352;ARES;VTCLOG CNF - CONTAGEM;;MG;18/09/2026 10:42:53;Pendente de Retorno;MG;Contagem;HEMOCENTRO COORDENADOR DE MINAS GERAIS - ALMOXARIF;23/06/2026 15:12:49
568691;A9689;ARES;VTCLOG CNF - CONTAGEM;;MG;18/09/2026 10:42:53;Pendente de Retorno;MG;Contagem;HEMOCENTRO COORDENADOR DE MINAS GERAIS - ALMOXARIF;17/07/2026 07:36:18
568691;TA0151;ARES;VTCLOG CNF - CONTAGEM;;MG;18/09/2026 10:42:53;Pendente de Retorno;MG;Contagem;HEMOCENTRO COORDENADOR DE MINAS GERAIS - ALMOXARIF;18/09/2026 10:42:53
568691;TA0191;ARES;VTCLOG CNF - CONTAGEM;;MG;18/09/2026 10:42:53;Pendente de Retorno;MG;Contagem;HEMOCENTRO COORDENADOR DE MINAS GERAIS - ALMOXARIF;18/09/2026 10:42:53
568691;TA0294;ARES;VTCLOG CNF - CONTAGEM;;MG;18/09/2026 10:42:53;Pendente de Retorno;MG;Contagem;HEMOCENTRO COORDENADOR DE MINAS GERAIS - ALMOXARIF;17/07/2026 17:07:03
568691;TA0475;ARES;VTCLOG CNF - CONTAGEM;;MG;18/09/2026 10:42:53;Pendente de Retorno;MG;Contagem;HEMOCENTRO COORDENADOR DE MINAS GERAIS - ALMOXARIF;18/07/2026 10:22:46
568691;TA0826;ARES;VTCLOG CNF - CONTAGEM;;MG;18/09/2026 10:42:53;Pendente de Retorno;MG;Contagem;HEMOCENTRO COORDENADOR DE MINAS GERAIS - ALMOXARIF;17/07/2026 14:10:29
568691;TA1046;ARES;VTCLOG CNF - CONTAGEM;;MG;18/09/2026 10:42:53;Pendente de Retorno;MG;Contagem;HEMOCENTRO COORDENADOR DE MINAS GERAIS - ALMOXARIF;21/07/2026 17:47:19
568691;TA1206;ARES;VTCLOG CNF - CONTAGEM;;MG;18/09/2026 10:42:53;Pendente de Retorno;MG;Contagem;HEMOCENTRO COORDENADOR DE MINAS GERAIS - ALMOXARIF;18/07/2026 07:59:56
568691;TA1217;ARES;VTCLOG CNF - CONTAGEM;;MG;18/09/2026 10:42:53;Pendente de Retorno;MG;Contagem;HEMOCENTRO COORDENADOR DE MINAS GERAIS - ALMOXARIF;28/07/2026 03:02:52
568848;0741700530;ARES;VTCLOG CNF - CONTAGEM;;MG;18/09/2026 10:38:39;Pendente de Retorno;MG;Belo Horizonte;HOSPITAL DAS CLÍNICAS DA UNIVERSIDADE FEDERAL DE M;18/09/2026 10:38:39
568623;A2029;ARES;VTCLOG CNF - CONTAGEM;;MG;18/09/2026 10:22:47;Pendente de Retorno;MG;Belo Horizonte;LÚCIO EVANGELISTA MARQUES 00737.017664/2026-41;22/07/2026 08:57:21
567752;0741700047;ARES;AJU - CASSIMIRO TRANSPORTES;;SE;18/09/2026 10:19:14;Retornado;SE;Aracaju;COORDENAÇÃO MUNICIPAL DST/AIDS ALMOXARIFADO/SE;18/09/2026 12:52:59
567752;0741700256;ARES;AJU - CASSIMIRO TRANSPORTES;;SE;18/09/2026 10:19:14;Retornado;SE;Aracaju;COORDENAÇÃO MUNICIPAL DST/AIDS ALMOXARIFADO/SE;18/09/2026 12:55:12
567752;0741700381;ARES;AJU - CASSIMIRO TRANSPORTES;;SE;18/09/2026 10:19:14;Retornado;SE;Aracaju;COORDENAÇÃO MUNICIPAL DST/AIDS ALMOXARIFADO/SE;18/09/2026 12:55:35
567752;0741700973;ARES;AJU - CASSIMIRO TRANSPORTES;;SE;18/09/2026 10:19:14;Retornado;SE;Aracaju;COORDENAÇÃO MUNICIPAL DST/AIDS ALMOXARIFADO/SE;18/09/2026 12:50:53
567752;A0133;ARES;AJU - CASSIMIRO TRANSPORTES;;SE;18/09/2026 10:19:14;Pendente de Retorno;SE;Aracaju;COORDENAÇÃO MUNICIPAL DST/AIDS ALMOXARIFADO/SE;27/07/2026 17:13:10
567752;A1436;ARES;AJU - CASSIMIRO TRANSPORTES;;SE;18/09/2026 10:19:14;Pendente de Retorno;SE;Aracaju;COORDENAÇÃO MUNICIPAL DST/AIDS ALMOXARIFADO/SE;18/07/2026 10:23:07
567752;A1477;ARES;AJU - CASSIMIRO TRANSPORTES;;SE;18/09/2026 10:19:14;Pendente de Retorno;SE;Aracaju;COORDENAÇÃO MUNICIPAL DST/AIDS ALMOXARIFADO/SE;21/07/2026 17:23:43
567752;A2378;ARES;AJU - CASSIMIRO TRANSPORTES;;SE;18/09/2026 10:19:14;Pendente de Retorno;SE;Aracaju;COORDENAÇÃO MUNICIPAL DST/AIDS ALMOXARIFADO/SE;27/07/2026 17:20:50
567752;A2753;ARES;AJU - CASSIMIRO TRANSPORTES;;SE;18/09/2026 10:19:14;Pendente de Retorno;SE;Aracaju;COORDENAÇÃO MUNICIPAL DST/AIDS ALMOXARIFADO/SE;09/07/2026 16:02:04
567752;A3104;ARES;AJU - CASSIMIRO TRANSPORTES;;SE;18/09/2026 10:19:14;Pendente de Retorno;SE;Aracaju;COORDENAÇÃO MUNICIPAL DST/AIDS ALMOXARIFADO/SE;27/07/2026 16:42:36
567752;A3437;ARES;AJU - CASSIMIRO TRANSPORTES;;SE;18/09/2026 10:19:14;Pendente de Retorno;SE;Aracaju;COORDENAÇÃO MUNICIPAL DST/AIDS ALMOXARIFADO/SE;26/07/2026 20:50:27
567752;A3438;ARES;AJU - CASSIMIRO TRANSPORTES;;SE;18/09/2026 10:19:14;Pendente de Retorno;SE;Aracaju;COORDENAÇÃO MUNICIPAL DST/AIDS ALMOXARIFADO/SE;10/07/2026 17:35:15
567752;A3797;ARES;AJU - CASSIMIRO TRANSPORTES;;SE;18/09/2026 10:19:14;Pendente de Retorno;SE;Aracaju;COORDENAÇÃO MUNICIPAL DST/AIDS ALMOXARIFADO/SE;13/07/2026 08:25:25
567752;A3960;ARES;AJU - CASSIMIRO TRANSPORTES;;SE;18/09/2026 10:19:14;Pendente de Retorno;SE;Aracaju;COORDENAÇÃO MUNICIPAL DST/AIDS ALMOXARIFADO/SE;27/07/2026 15:24:28
567752;A4270;ARES;AJU - CASSIMIRO TRANSPORTES;;SE;18/09/2026 10:19:14;Pendente de Retorno;SE;Aracaju;COORDENAÇÃO MUNICIPAL DST/AIDS ALMOXARIFADO/SE;08/07/2026 07:59:06
567752;A4732;ARES;AJU - CASSIMIRO TRANSPORTES;;SE;18/09/2026 10:19:14;Pendente de Retorno;SE;Aracaju;COORDENAÇÃO MUNICIPAL DST/AIDS ALMOXARIFADO/SE;21/07/2026 00:11:12
567752;A5208;ARES;AJU - CASSIMIRO TRANSPORTES;;SE;18/09/2026 10:19:14;Pendente de Retorno;SE;Aracaju;COORDENAÇÃO MUNICIPAL DST/AIDS ALMOXARIFADO/SE;27/07/2026 16:42:32
567752;A5209;ARES;AJU - CASSIMIRO TRANSPORTES;;SE;18/09/2026 10:19:14;Pendente de Retorno;SE;Aracaju;COORDENAÇÃO MUNICIPAL DST/AIDS ALMOXARIFADO/SE;18/07/2026 07:59:12
567752;A6337;ARES;AJU - CASSIMIRO TRANSPORTES;;SE;18/09/2026 10:19:14;Pendente de Retorno;SE;Aracaju;COORDENAÇÃO MUNICIPAL DST/AIDS ALMOXARIFADO/SE;27/07/2026 15:25:51
567752;A6366;ARES;AJU - CASSIMIRO TRANSPORTES;;SE;18/09/2026 10:19:14;Pendente de Retorno;SE;Aracaju;COORDENAÇÃO MUNICIPAL DST/AIDS ALMOXARIFADO/SE;08/07/2026 23:32:58
567752;A6522;ARES;AJU - CASSIMIRO TRANSPORTES;;SE;18/09/2026 10:19:14;Pendente de Retorno;SE;Aracaju;COORDENAÇÃO MUNICIPAL DST/AIDS ALMOXARIFADO/SE;10/07/2026 07:50:41
567752;A6554;ARES;AJU - CASSIMIRO TRANSPORTES;;SE;18/09/2026 10:19:14;Pendente de Retorno;SE;Aracaju;COORDENAÇÃO MUNICIPAL DST/AIDS ALMOXARIFADO/SE;13/07/2026 02:21:08
567752;A7270;ARES;AJU - CASSIMIRO TRANSPORTES;;SE;18/09/2026 10:19:14;Pendente de Retorno;SE;Aracaju;COORDENAÇÃO MUNICIPAL DST/AIDS ALMOXARIFADO/SE;22/07/2026 23:47:08
567752;A7589;ARES;AJU - CASSIMIRO TRANSPORTES;;SE;18/09/2026 10:19:14;Pendente de Retorno;SE;Aracaju;COORDENAÇÃO MUNICIPAL DST/AIDS ALMOXARIFADO/SE;27/07/2026 15:24:50
567752;A7799;ARES;AJU - CASSIMIRO TRANSPORTES;;SE;18/09/2026 10:19:14;Pendente de Retorno;SE;Aracaju;COORDENAÇÃO MUNICIPAL DST/AIDS ALMOXARIFADO/SE;27/07/2026 15:27:45
567752;A7895;ARES;AJU - CASSIMIRO TRANSPORTES;;SE;18/09/2026 10:19:14;Pendente de Retorno;SE;Aracaju;COORDENAÇÃO MUNICIPAL DST/AIDS ALMOXARIFADO/SE;23/07/2026 20:41:56
567752;A8219;ARES;AJU - CASSIMIRO TRANSPORTES;;SE;18/09/2026 10:19:14;Pendente de Retorno;SE;Aracaju;COORDENAÇÃO MUNICIPAL DST/AIDS ALMOXARIFADO/SE;20/07/2026 11:27:57
567752;A8320;ARES;AJU - CASSIMIRO TRANSPORTES;;SE;18/09/2026 10:19:14;Pendente de Retorno;SE;Aracaju;COORDENAÇÃO MUNICIPAL DST/AIDS ALMOXARIFADO/SE;18/07/2026 11:43:13
567752;A8650;ARES;AJU - CASSIMIRO TRANSPORTES;;SE;18/09/2026 10:19:14;Pendente de Retorno;SE;Aracaju;COORDENAÇÃO MUNICIPAL DST/AIDS ALMOXARIFADO/SE;21/07/2026 17:25:33
567752;A8938;ARES;AJU - CASSIMIRO TRANSPORTES;;SE;18/09/2026 10:19:14;Pendente de Retorno;SE;Aracaju;COORDENAÇÃO MUNICIPAL DST/AIDS ALMOXARIFADO/SE;19/06/2026 17:21:07
567752;A9133;ARES;AJU - CASSIMIRO TRANSPORTES;;SE;18/09/2026 10:19:14;Pendente de Retorno;SE;Aracaju;COORDENAÇÃO MUNICIPAL DST/AIDS ALMOXARIFADO/SE;13/07/2026 16:37:35
567752;A9240;ARES;AJU - CASSIMIRO TRANSPORTES;;SE;18/09/2026 10:19:14;Pendente de Retorno;SE;Aracaju;COORDENAÇÃO MUNICIPAL DST/AIDS ALMOXARIFADO/SE;13/07/2026 08:24:11
567752;A9317;ARES;AJU - CASSIMIRO TRANSPORTES;;SE;18/09/2026 10:19:14;Retornado;SE;Aracaju;COORDENAÇÃO MUNICIPAL DST/AIDS ALMOXARIFADO/SE;18/09/2026 13:00:01
567752;TA0349;ARES;AJU - CASSIMIRO TRANSPORTES;;SE;18/09/2026 10:19:14;Pendente de Retorno;SE;Aracaju;COORDENAÇÃO MUNICIPAL DST/AIDS ALMOXARIFADO/SE;27/07/2026 15:27:50
567752;TA0485;ARES;AJU - CASSIMIRO TRANSPORTES;;SE;18/09/2026 10:19:14;Pendente de Retorno;SE;Aracaju;COORDENAÇÃO MUNICIPAL DST/AIDS ALMOXARIFADO/SE;28/07/2026 03:03:04
567752;TA0499;ARES;AJU - CASSIMIRO TRANSPORTES;;SE;18/09/2026 10:19:14;Pendente de Retorno;SE;Aracaju;COORDENAÇÃO MUNICIPAL DST/AIDS ALMOXARIFADO/SE;22/07/2026 21:43:26
567752;TA0541;ARES;AJU - CASSIMIRO TRANSPORTES;;SE;18/09/2026 10:19:14;Pendente de Retorno;SE;Aracaju;COORDENAÇÃO MUNICIPAL DST/AIDS ALMOXARIFADO/SE;27/07/2026 17:15:37
567752;TA0824;ARES;AJU - CASSIMIRO TRANSPORTES;;SE;18/09/2026 10:19:14;Pendente de Retorno;SE;Aracaju;COORDENAÇÃO MUNICIPAL DST/AIDS ALMOXARIFADO/SE;23/07/2026 08:40:03
567752;TA0845;ARES;AJU - CASSIMIRO TRANSPORTES;;SE;18/09/2026 10:19:14;Pendente de Retorno;SE;Aracaju;COORDENAÇÃO MUNICIPAL DST/AIDS ALMOXARIFADO/SE;17/07/2026 15:32:34
567752;TA0972;ARES;AJU - CASSIMIRO TRANSPORTES;;SE;18/09/2026 10:19:14;Pendente de Retorno;SE;Aracaju;COORDENAÇÃO MUNICIPAL DST/AIDS ALMOXARIFADO/SE;27/07/2026 00:18:39
567752;TA1034;ARES;AJU - CASSIMIRO TRANSPORTES;;SE;18/09/2026 10:19:14;Pendente de Retorno;SE;Aracaju;COORDENAÇÃO MUNICIPAL DST/AIDS ALMOXARIFADO/SE;18/07/2026 08:02:01
568775;A1391;ARES;POA - GMB TRANSPORTES E LOGISTICA ME;;RS;18/09/2026 10:10:00;Pendente de Retorno;RS;Pelotas;HOSPITAL ESCOLA DA UFPEL;21/07/2026 00:05:10
567797;A4277;ARES;GYN - RBR EXPERIENCIA EM TRANSPORTES;;GO;18/09/2026 10:07:42;Pendente de Retorno;GO;Goiania;HEMOCENTRO COORDENADOR DE GOIAS;22/07/2026 08:56:33
567797;A4318;ARES;GYN - RBR EXPERIENCIA EM TRANSPORTES;;GO;18/09/2026 10:07:42;Pendente de Retorno;GO;Goiania;HEMOCENTRO COORDENADOR DE GOIAS;20/07/2026 11:25:26
567797;TA0310;ARES;GYN - RBR EXPERIENCIA EM TRANSPORTES;;GO;18/09/2026 10:07:42;Pendente de Retorno;GO;Goiania;HEMOCENTRO COORDENADOR DE GOIAS;17/07/2026 08:46:29
568455;0741700415;ARES;MAO- GR TRANSPORTES E LOGISTICA MULTIMODAL;;AM;18/09/2026 09:59:15;Retornado;AM;Manaus;SES DE AMAZONAS;18/09/2026 11:48:16
568455;0741700595;ARES;MAO- GR TRANSPORTES E LOGISTICA MULTIMODAL;;AM;18/09/2026 09:59:15;Retornado;AM;Manaus;SES DE AMAZONAS;18/09/2026 11:46:52
568455;0741700656;ARES;MAO- GR TRANSPORTES E LOGISTICA MULTIMODAL;;AM;18/09/2026 09:59:15;Retornado;AM;Manaus;SES DE AMAZONAS;18/09/2026 11:47:36
568455;0741700889;ARES;MAO- GR TRANSPORTES E LOGISTICA MULTIMODAL;;AM;18/09/2026 09:59:15;Retornado;AM;Manaus;SES DE AMAZONAS;18/09/2026 11:48:50
568455;A2398;ARES;MAO- GR TRANSPORTES E LOGISTICA MULTIMODAL;;AM;18/09/2026 09:59:15;Pendente de Retorno;AM;Manaus;SES DE AMAZONAS;15/07/2026 21:26:50
568455;A4580;ARES;MAO- GR TRANSPORTES E LOGISTICA MULTIMODAL;;AM;18/09/2026 09:59:15;Pendente de Retorno;AM;Manaus;SES DE AMAZONAS;26/07/2026 20:51:48
568455;A5175;ARES;MAO- GR TRANSPORTES E LOGISTICA MULTIMODAL;;AM;18/09/2026 09:59:15;Pendente de Retorno;AM;Manaus;SES DE AMAZONAS;22/07/2026 21:46:32
568455;A6054;ARES;MAO- GR TRANSPORTES E LOGISTICA MULTIMODAL;;AM;18/09/2026 09:59:15;Pendente de Retorno;AM;Manaus;SES DE AMAZONAS;09/07/2026 09:00:21
568455;A6257;ARES;MAO- GR TRANSPORTES E LOGISTICA MULTIMODAL;;AM;18/09/2026 09:59:15;Retornado;AM;Manaus;SES DE AMAZONAS;18/09/2026 11:47:02
568455;A7597;ARES;MAO- GR TRANSPORTES E LOGISTICA MULTIMODAL;;AM;18/09/2026 09:59:15;Pendente de Retorno;AM;Manaus;SES DE AMAZONAS;22/07/2026 09:31:07
568455;A8949;ARES;MAO- GR TRANSPORTES E LOGISTICA MULTIMODAL;;AM;18/09/2026 09:59:15;Pendente de Retorno;AM;Manaus;SES DE AMAZONAS;09/07/2026 16:00:38
568455;A8965;ARES;MAO- GR TRANSPORTES E LOGISTICA MULTIMODAL;;AM;18/09/2026 09:59:15;Pendente de Retorno;AM;Manaus;SES DE AMAZONAS;14/07/2026 10:52:26
568455;A8975;ARES;MAO- GR TRANSPORTES E LOGISTICA MULTIMODAL;;AM;18/09/2026 09:59:15;Pendente de Retorno;AM;Manaus;SES DE AMAZONAS;27/07/2026 17:13:36
568456;A4068;ARES;MAO- GR TRANSPORTES E LOGISTICA MULTIMODAL;;AM;18/09/2026 09:57:24;Pendente de Retorno;AM;Manaus;SES DE AMAZONAS;21/07/2026 17:43:58
568291;0741700780;ARES;RBR - RODOTEC;;AC;18/09/2026 09:25:00;Pendente de Retorno;AC;Rio Branco;NÚCLEO DE DOENÇAS DE TRANSMISSÃO VETORIAL - SESACR;18/09/2026 09:25:00
568291;AS-0559;ARES COM SONDA;RBR - RODOTEC;;AC;18/09/2026 09:25:00;Pendente de Retorno;AC;Rio Branco;NÚCLEO DE DOENÇAS DE TRANSMISSÃO VETORIAL - SESACR;23/07/2026 07:48:11
569243;A9201;ARES;BEL - MH FROTA TRANSPORTE;;PA;18/09/2026 09:19:08;Pendente de Retorno;PA;Belem;FRANCISCO ALEXANDRE C. MARINHO 00737.014665/2020-4;20/07/2026 11:25:56
568485;0741700620;ARES;VTCLOG CNF - CONTAGEM;;MG;18/09/2026 08:33:38;Pendente de Retorno;MG;Barbacena;HOSPITAL REGIONAL DE BARBACENA DR JOSE;18/09/2026 08:33:38
568991;A0057;ARES;VTCLOG - GRU;;SP;18/09/2026 08:32:00;Pendente de Retorno;SP;Cotia;VINICIUS HENRIQUE FERREIRA DE MELO;24/07/2026 08:36:44
568851;A9027;ARES;UDI - ENTREGAS URGENTES LTDA;;GO;18/09/2026 08:00:00;Pendente de Retorno;GO;Itumbiara;HEI - HOSPITAL ESTADUAL DE ITUMBIARA SAO MARCOS;15/07/2026 10:52:12
568482;TA0392;ARES;XAP-MARILEI SILVEIRA FERNANDES;;RS;18/09/2026 07:46:58;Pendente de Retorno;RS;Passo Fundo;HOSPITAL SÃO VICENTE DE PAULO;21/07/2026 17:29:47
568460;A3724;ARES;VTCLOG - GRU;;SP;18/09/2026 07:34:53;Pendente de Retorno;SP;SAO PAULO;SECRETARIA MUNICIPAL DA SAUDE;12/07/2026 21:36:30
568615;0741700567;ARES;CWB - TGEX TRANSPORTES E LOCACAO DE VEIC;;PR;17/09/2026 19:20:00;Pendente de Retorno;PR;Curitiba;DILAIR DE LIMA ALVES DO NASCIMENTO;17/09/2026 19:20:00
568496;0741700721;ARES;SSA - LUTY LOG;;BA;17/09/2026 18:26:00;Pendente de Retorno;BA;Salvador;HOSPITAL CENTRAL ROBERTO SANTOS;17/09/2026 18:26:00
568205;TA0989;ARES;PVH - RODOTEC;;RO;17/09/2026 18:00:00;Pendente de Retorno;RO;SANTA LUZIA DO OESTE;JOSÉ ALENCAR CAVALCANTE 00737.022575/2025-35;26/07/2026 22:23:00
20261517;A8020;ARES;VTCLOG RIO GALEAO;;RJ;17/09/2026 17:40:00;Pendente de Retorno;RJ;RIO DE JANEIRO;FUNDACAO OSWALDO CRUZ;26/07/2026 22:20:05
568667;A5195;ARES;THE - AERONEIVA EXPRESS;;PI;17/09/2026 17:38:00;Pendente de Retorno;PI;Teresina;MARTHINHA COSTA DO NASCIMENTO;18/07/2026 10:14:14
567084;A6641;ARES;FOR - NT TRANSPORTE LTDA;;CE;17/09/2026 17:30:00;Pendente de Retorno;CE;Fortaleza;HEMOCENTRO COORDENADOR DO CEARA;20/07/2026 11:24:54
567497;A6647;ARES;VTCLOG - REC;;PE;17/09/2026 17:28:00;Pendente de Retorno;PE;JABOATAO DOS GUARARAPES;ALMOXARIFADO ESTADUAL DE MEDICAMENTOS - PERNAMBUCO;27/07/2026 15:21:18
567497;A8756;ARES;VTCLOG - REC;;PE;17/09/2026 17:28:00;Pendente de Retorno;PE;JABOATAO DOS GUARARAPES;ALMOXARIFADO ESTADUAL DE MEDICAMENTOS - PERNAMBUCO;30/06/2026 08:26:59
567527;0741700054;ARES;VTCLOG - REC;;PE;17/09/2026 17:25:00;Retornado;PE;JABOATAO DOS GUARARAPES;ALMOXARIFADO ESTADUAL DE MEDICAMENTOS - PERNAMBUCO;18/09/2026 09:46:56
567527;0741700487;ARES;VTCLOG - REC;;PE;17/09/2026 17:25:00;Retornado;PE;JABOATAO DOS GUARARAPES;ALMOXARIFADO ESTADUAL DE MEDICAMENTOS - PERNAMBUCO;18/09/2026 09:46:53
567527;0741700921;ARES;VTCLOG - REC;;PE;17/09/2026 17:25:00;Retornado;PE;JABOATAO DOS GUARARAPES;ALMOXARIFADO ESTADUAL DE MEDICAMENTOS - PERNAMBUCO;18/09/2026 09:46:22
567527;TA0184;ARES;VTCLOG - REC;;PE;17/09/2026 17:25:00;Retornado;PE;JABOATAO DOS GUARARAPES;ALMOXARIFADO ESTADUAL DE MEDICAMENTOS - PERNAMBUCO;18/09/2026 09:46:16
567903;0741700104;ARES;PMW - MK BILLIG TRANSPORTES E LOGISTICA EIRELLI;;TO;17/09/2026 17:20:00;Pendente de Retorno;TO;Palmas;LABORATÓRIO DE SAÚDE PÚBLICA DE ARAGUAÍNA (LSPA);17/09/2026 17:20:00
567903;0741700161;ARES;PMW - MK BILLIG TRANSPORTES E LOGISTICA EIRELLI;;TO;17/09/2026 17:20:00;Pendente de Retorno;TO;Palmas;LABORATÓRIO DE SAÚDE PÚBLICA DE ARAGUAÍNA (LSPA);17/09/2026 17:20:00
567903;0741700175;ARES;PMW - MK BILLIG TRANSPORTES E LOGISTICA EIRELLI;;TO;17/09/2026 17:20:00;Pendente de Retorno;TO;Palmas;LABORATÓRIO DE SAÚDE PÚBLICA DE ARAGUAÍNA (LSPA);17/09/2026 17:20:00
567903;0741700951;ARES;PMW - MK BILLIG TRANSPORTES E LOGISTICA EIRELLI;;TO;17/09/2026 17:20:00;Pendente de Retorno;TO;Palmas;LABORATÓRIO DE SAÚDE PÚBLICA DE ARAGUAÍNA (LSPA);17/09/2026 17:20:00
567903;A7942;ARES;PMW - MK BILLIG TRANSPORTES E LOGISTICA EIRELLI;;TO;17/09/2026 17:20:00;Pendente de Retorno;TO;Palmas;LABORATÓRIO DE SAÚDE PÚBLICA DE ARAGUAÍNA (LSPA);23/07/2026 08:39:21
567903;TA0129;ARES;PMW - MK BILLIG TRANSPORTES E LOGISTICA EIRELLI;;TO;17/09/2026 17:20:00;Pendente de Retorno;TO;Palmas;LABORATÓRIO DE SAÚDE PÚBLICA DE ARAGUAÍNA (LSPA);17/09/2026 17:20:00
567915;A2051;ARES;PVH - RODOTEC;;RO;17/09/2026 17:10:00;Pendente de Retorno;RO;Porto Velho;CENTRO DE MEDICINA TROPICAL DE RONDÔNIA (CEMETRON);21/07/2026 17:43:10
567915;A2716;ARES;PVH - RODOTEC;;RO;17/09/2026 17:10:00;Pendente de Retorno;RO;Porto Velho;CENTRO DE MEDICINA TROPICAL DE RONDÔNIA (CEMETRON);22/07/2026 23:46:43
567915;A6321;ARES;PVH - RODOTEC;;RO;17/09/2026 17:10:00;Pendente de Retorno;RO;Porto Velho;CENTRO DE MEDICINA TROPICAL DE RONDÔNIA (CEMETRON);30/06/2026 08:55:06
567927;A8080;ARES;PVH - RODOTEC;;RO;17/09/2026 17:10:00;Pendente de Retorno;RO;Porto Velho;CENTRO DE MEDICINA TROPICAL DE RONDÔNIA (CEMETRON);23/07/2026 07:43:57
567927;A8284;ARES;PVH - RODOTEC;;RO;17/09/2026 17:10:00;Pendente de Retorno;RO;Porto Velho;CENTRO DE MEDICINA TROPICAL DE RONDÔNIA (CEMETRON);17/09/2026 17:10:00
568049;0741700078;ARES;FLN - TGEX TRANSPORTES E LOCACAO DE VEIC;;SC;17/09/2026 17:00:00;Retornado;SC;Florianopolis;HEMOCENTRO COORDENADOR DE SANTA CATARINA;21/09/2026 10:36:27
567917;0741700270;ARES;VTCLOG RIO GALEAO;;RJ;17/09/2026 17:00:00;Pendente de Retorno;RJ;Niteroi;SECRETARIA ESTADUAL DE SAUDE;17/09/2026 17:00:00
568049;0741700504;ARES;FLN - TGEX TRANSPORTES E LOCACAO DE VEIC;;SC;17/09/2026 17:00:00;Retornado;SC;Florianopolis;HEMOCENTRO COORDENADOR DE SANTA CATARINA;21/09/2026 10:42:42
568049;0741700519;ARES;FLN - TGEX TRANSPORTES E LOCACAO DE VEIC;;SC;17/09/2026 17:00:00;Retornado;SC;Florianopolis;HEMOCENTRO COORDENADOR DE SANTA CATARINA;21/09/2026 10:40:32
568049;0741700819;ARES;FLN - TGEX TRANSPORTES E LOCACAO DE VEIC;;SC;17/09/2026 17:00:00;Retornado;SC;Florianopolis;HEMOCENTRO COORDENADOR DE SANTA CATARINA;21/09/2026 10:39:48
567917;A0252;ARES;VTCLOG RIO GALEAO;;RJ;17/09/2026 17:00:00;Pendente de Retorno;RJ;Niteroi;SECRETARIA ESTADUAL DE SAUDE;21/07/2026 17:44:42
567372;A0298;ARES;THE - AERONEIVA EXPRESS;;PI;17/09/2026 17:00:00;Pendente de Retorno;PI;Teresina;PROGRAMA ESTADUAL DE IMUNIZAÇÕES - SES-PI;20/07/2026 11:25:58
568049;A0508;ARES;FLN - TGEX TRANSPORTES E LOCACAO DE VEIC;;SC;17/09/2026 17:00:00;Retornado;SC;Florianopolis;HEMOCENTRO COORDENADOR DE SANTA CATARINA;21/09/2026 10:42:25
567372;A0766;ARES;THE - AERONEIVA EXPRESS;;PI;17/09/2026 17:00:00;Pendente de Retorno;PI;Teresina;PROGRAMA ESTADUAL DE IMUNIZAÇÕES - SES-PI;14/07/2026 14:34:47
568049;A1072;ARES;FLN - TGEX TRANSPORTES E LOCACAO DE VEIC;;SC;17/09/2026 17:00:00;Pendente de Retorno;SC;Florianopolis;HEMOCENTRO COORDENADOR DE SANTA CATARINA;09/07/2026 16:02:02
568049;A1305;ARES;FLN - TGEX TRANSPORTES E LOCACAO DE VEIC;;SC;17/09/2026 17:00:00;Pendente de Retorno;SC;Florianopolis;HEMOCENTRO COORDENADOR DE SANTA CATARINA;14/07/2026 10:49:23
568049;A1768;ARES;FLN - TGEX TRANSPORTES E LOCACAO DE VEIC;;SC;17/09/2026 17:00:00;Pendente de Retorno;SC;Florianopolis;HEMOCENTRO COORDENADOR DE SANTA CATARINA;23/07/2026 21:13:03
567372;A2250;ARES;THE - AERONEIVA EXPRESS;;PI;17/09/2026 17:00:00;Pendente de Retorno;PI;Teresina;PROGRAMA ESTADUAL DE IMUNIZAÇÕES - SES-PI;25/07/2026 21:25:01
567372;A2296;ARES;THE - AERONEIVA EXPRESS;;PI;17/09/2026 17:00:00;Pendente de Retorno;PI;Teresina;PROGRAMA ESTADUAL DE IMUNIZAÇÕES - SES-PI;17/09/2026 17:00:00
568049;A2410;ARES;FLN - TGEX TRANSPORTES E LOCACAO DE VEIC;;SC;17/09/2026 17:00:00;Pendente de Retorno;SC;Florianopolis;HEMOCENTRO COORDENADOR DE SANTA CATARINA;18/07/2026 11:46:07
568049;A2690;ARES;FLN - TGEX TRANSPORTES E LOCACAO DE VEIC;;SC;17/09/2026 17:00:00;Pendente de Retorno;SC;Florianopolis;HEMOCENTRO COORDENADOR DE SANTA CATARINA;21/07/2026 17:43:02
567372;A3264;ARES;THE - AERONEIVA EXPRESS;;PI;17/09/2026 17:00:00;Pendente de Retorno;PI;Teresina;PROGRAMA ESTADUAL DE IMUNIZAÇÕES - SES-PI;23/07/2026 08:39:09
567372;A3292;ARES;THE - AERONEIVA EXPRESS;;PI;17/09/2026 17:00:00;Pendente de Retorno;PI;Teresina;PROGRAMA ESTADUAL DE IMUNIZAÇÕES - SES-PI;18/07/2026 10:12:37
568049;A3642;ARES;FLN - TGEX TRANSPORTES E LOCACAO DE VEIC;;SC;17/09/2026 17:00:00;Pendente de Retorno;SC;Florianopolis;HEMOCENTRO COORDENADOR DE SANTA CATARINA;23/06/2026 15:13:29
568049;A3730;ARES;FLN - TGEX TRANSPORTES E LOCACAO DE VEIC;;SC;17/09/2026 17:00:00;Pendente de Retorno;SC;Florianopolis;HEMOCENTRO COORDENADOR DE SANTA CATARINA;26/07/2026 20:47:51
567372;A3754;ARES;THE - AERONEIVA EXPRESS;;PI;17/09/2026 17:00:00;Pendente de Retorno;PI;Teresina;PROGRAMA ESTADUAL DE IMUNIZAÇÕES - SES-PI;04/07/2026 11:30:19
567372;A3926;ARES;THE - AERONEIVA EXPRESS;;PI;17/09/2026 17:00:00;Pendente de Retorno;PI;Teresina;PROGRAMA ESTADUAL DE IMUNIZAÇÕES - SES-PI;24/07/2026 08:30:02
568049;A3980;ARES;FLN - TGEX TRANSPORTES E LOCACAO DE VEIC;;SC;17/09/2026 17:00:00;Pendente de Retorno;SC;Florianopolis;HEMOCENTRO COORDENADOR DE SANTA CATARINA;21/07/2026 00:00:33
567372;A4209;ARES;THE - AERONEIVA EXPRESS;;PI;17/09/2026 17:00:00;Pendente de Retorno;PI;Teresina;PROGRAMA ESTADUAL DE IMUNIZAÇÕES - SES-PI;29/06/2026 16:56:03
568049;A4621;ARES;FLN - TGEX TRANSPORTES E LOCACAO DE VEIC;;SC;17/09/2026 17:00:00;Pendente de Retorno;SC;Florianopolis;HEMOCENTRO COORDENADOR DE SANTA CATARINA;27/07/2026 15:38:45
567372;A5128;ARES;THE - AERONEIVA EXPRESS;;PI;17/09/2026 17:00:00;Pendente de Retorno;PI;Teresina;PROGRAMA ESTADUAL DE IMUNIZAÇÕES - SES-PI;21/07/2026 17:17:55
568049;A5909;ARES;FLN - TGEX TRANSPORTES E LOCACAO DE VEIC;;SC;17/09/2026 17:00:00;Pendente de Retorno;SC;Florianopolis;HEMOCENTRO COORDENADOR DE SANTA CATARINA;14/07/2026 17:27:53
568049;A6046;ARES;FLN - TGEX TRANSPORTES E LOCACAO DE VEIC;;SC;17/09/2026 17:00:00;Pendente de Retorno;SC;Florianopolis;HEMOCENTRO COORDENADOR DE SANTA CATARINA;09/07/2026 23:50:37
568049;A6053;ARES;FLN - TGEX TRANSPORTES E LOCACAO DE VEIC;;SC;17/09/2026 17:00:00;Pendente de Retorno;SC;Florianopolis;HEMOCENTRO COORDENADOR DE SANTA CATARINA;23/07/2026 21:12:36
568049;A6162;ARES;FLN - TGEX TRANSPORTES E LOCACAO DE VEIC;;SC;17/09/2026 17:00:00;Pendente de Retorno;SC;Florianopolis;HEMOCENTRO COORDENADOR DE SANTA CATARINA;28/07/2026 03:04:06
568049;A6235;ARES;FLN - TGEX TRANSPORTES E LOCACAO DE VEIC;;SC;17/09/2026 17:00:00;Pendente de Retorno;SC;Florianopolis;HEMOCENTRO COORDENADOR DE SANTA CATARINA;27/07/2026 00:16:03
568049;A6733;ARES;FLN - TGEX TRANSPORTES E LOCACAO DE VEIC;;SC;17/09/2026 17:00:00;Pendente de Retorno;SC;Florianopolis;HEMOCENTRO COORDENADOR DE SANTA CATARINA;27/07/2026 16:46:57
568096;A7335;ARES;CGR - LH TRANSPORTES;;MS;17/09/2026 17:00:00;Pendente de Retorno;MS;Campo Grande;ALMOXARIFADO ESTADUAL DE MEDICAMENTOS;21/07/2026 17:16:16
567372;A7720;ARES;THE - AERONEIVA EXPRESS;;PI;17/09/2026 17:00:00;Pendente de Retorno;PI;Teresina;PROGRAMA ESTADUAL DE IMUNIZAÇÕES - SES-PI;10/07/2026 17:34:53
567372;A7892;ARES;THE - AERONEIVA EXPRESS;;PI;17/09/2026 17:00:00;Pendente de Retorno;PI;Teresina;PROGRAMA ESTADUAL DE IMUNIZAÇÕES - SES-PI;17/09/2026 17:00:00
568049;A8106;ARES;FLN - TGEX TRANSPORTES E LOCACAO DE VEIC;;SC;17/09/2026 17:00:00;Pendente de Retorno;SC;Florianopolis;HEMOCENTRO COORDENADOR DE SANTA CATARINA;06/07/2026 10:26:52
567917;A8257;ARES;VTCLOG RIO GALEAO;;RJ;17/09/2026 17:00:00;Pendente de Retorno;RJ;Niteroi;SECRETARIA ESTADUAL DE SAUDE;27/07/2026 00:14:12
567917;A8356;ARES;VTCLOG RIO GALEAO;;RJ;17/09/2026 17:00:00;Pendente de Retorno;RJ;Niteroi;SECRETARIA ESTADUAL DE SAUDE;23/07/2026 20:46:35
568106;A8448;ARES;THE - AERONEIVA EXPRESS;;PI;17/09/2026 17:00:00;Pendente de Retorno;PI;Teresina;PROGRAMA ESTADUAL DE IMUNIZAÇÕES - SES-PI;22/07/2026 23:45:29
567372;A8818;ARES;THE - AERONEIVA EXPRESS;;PI;17/09/2026 17:00:00;Pendente de Retorno;PI;Teresina;PROGRAMA ESTADUAL DE IMUNIZAÇÕES - SES-PI;22/07/2026 09:00:41
567917;A8880;ARES;VTCLOG RIO GALEAO;;RJ;17/09/2026 17:00:00;Pendente de Retorno;RJ;Niteroi;SECRETARIA ESTADUAL DE SAUDE;28/07/2026 03:03:45
567917;A9105;ARES;VTCLOG RIO GALEAO;;RJ;17/09/2026 17:00:00;Pendente de Retorno;RJ;Niteroi;SECRETARIA ESTADUAL DE SAUDE;21/07/2026 17:22:59
567372;A9610;ARES;THE - AERONEIVA EXPRESS;;PI;17/09/2026 17:00:00;Pendente de Retorno;PI;Teresina;PROGRAMA ESTADUAL DE IMUNIZAÇÕES - SES-PI;23/07/2026 20:42:43
568049;TA0103;ARES;FLN - TGEX TRANSPORTES E LOCACAO DE VEIC;;SC;17/09/2026 17:00:00;Retornado;SC;Florianopolis;HEMOCENTRO COORDENADOR DE SANTA CATARINA;21/09/2026 10:31:59
568049;TA0261;ARES;FLN - TGEX TRANSPORTES E LOCACAO DE VEIC;;SC;17/09/2026 17:00:00;Pendente de Retorno;SC;Florianopolis;HEMOCENTRO COORDENADOR DE SANTA CATARINA;27/07/2026 15:23:32
568049;TA0277;ARES;FLN - TGEX TRANSPORTES E LOCACAO DE VEIC;;SC;17/09/2026 17:00:00;Pendente de Retorno;SC;Florianopolis;HEMOCENTRO COORDENADOR DE SANTA CATARINA;21/07/2026 00:11:37
567372;TA0382;ARES;THE - AERONEIVA EXPRESS;;PI;17/09/2026 17:00:00;Pendente de Retorno;PI;Teresina;PROGRAMA ESTADUAL DE IMUNIZAÇÕES - SES-PI;26/07/2026 20:48:47
567372;TA0620;ARES;THE - AERONEIVA EXPRESS;;PI;17/09/2026 17:00:00;Pendente de Retorno;PI;Teresina;PROGRAMA ESTADUAL DE IMUNIZAÇÕES - SES-PI;18/07/2026 10:16:11
567917;TA0800;ARES;VTCLOG RIO GALEAO;;RJ;17/09/2026 17:00:00;Pendente de Retorno;RJ;Niteroi;SECRETARIA ESTADUAL DE SAUDE;17/09/2026 17:00:00
568049;TA0873;ARES;FLN - TGEX TRANSPORTES E LOCACAO DE VEIC;;SC;17/09/2026 17:00:00;Pendente de Retorno;SC;Florianopolis;HEMOCENTRO COORDENADOR DE SANTA CATARINA;13/07/2026 07:45:24
567372;TA0942;ARES;THE - AERONEIVA EXPRESS;;PI;17/09/2026 17:00:00;Pendente de Retorno;PI;Teresina;PROGRAMA ESTADUAL DE IMUNIZAÇÕES - SES-PI;10/07/2026 16:53:32
568049;TA0992;ARES;FLN - TGEX TRANSPORTES E LOCACAO DE VEIC;;SC;17/09/2026 17:00:00;Pendente de Retorno;SC;Florianopolis;HEMOCENTRO COORDENADOR DE SANTA CATARINA;20/07/2026 15:12:07
567681;A1831;ARES;SLZ - REIS CAVALCANTE EXPRESSO;;MA;17/09/2026 16:40:00;Pendente de Retorno;MA;Sao Luis;SMS DE SÃO LUÍS (SM);27/07/2026 16:49:25
567681;A2915;ARES;SLZ - REIS CAVALCANTE EXPRESSO;;MA;17/09/2026 16:40:00;Pendente de Retorno;MA;Sao Luis;SMS DE SÃO LUÍS (SM);27/07/2026 15:21:56
567681;A3415;ARES;SLZ - REIS CAVALCANTE EXPRESSO;;MA;17/09/2026 16:40:00;Pendente de Retorno;MA;Sao Luis;SMS DE SÃO LUÍS (SM);21/07/2026 00:02:33
567681;A4267;ARES;SLZ - REIS CAVALCANTE EXPRESSO;;MA;17/09/2026 16:40:00;Pendente de Retorno;MA;Sao Luis;SMS DE SÃO LUÍS (SM);25/07/2026 22:23:07
567681;A4624;ARES;SLZ - REIS CAVALCANTE EXPRESSO;;MA;17/09/2026 16:40:00;Pendente de Retorno;MA;Sao Luis;SMS DE SÃO LUÍS (SM);21/07/2026 17:44:55
567681;A4911;ARES;SLZ - REIS CAVALCANTE EXPRESSO;;MA;17/09/2026 16:40:00;Pendente de Retorno;MA;Sao Luis;SMS DE SÃO LUÍS (SM);27/06/2026 10:35:45
567681;A4939;ARES;SLZ - REIS CAVALCANTE EXPRESSO;;MA;17/09/2026 16:40:00;Pendente de Retorno;MA;Sao Luis;SMS DE SÃO LUÍS (SM);25/07/2026 21:40:47
567681;A4985;ARES;SLZ - REIS CAVALCANTE EXPRESSO;;MA;17/09/2026 16:40:00;Pendente de Retorno;MA;Sao Luis;SMS DE SÃO LUÍS (SM);24/07/2026 13:23:28
567681;A5368;ARES;SLZ - REIS CAVALCANTE EXPRESSO;;MA;17/09/2026 16:40:00;Pendente de Retorno;MA;Sao Luis;SMS DE SÃO LUÍS (SM);20/07/2026 15:10:12
567681;A5487;ARES;SLZ - REIS CAVALCANTE EXPRESSO;;MA;17/09/2026 16:40:00;Pendente de Retorno;MA;Sao Luis;SMS DE SÃO LUÍS (SM);27/07/2026 15:27:42
567681;A5493;ARES;SLZ - REIS CAVALCANTE EXPRESSO;;MA;17/09/2026 16:40:00;Pendente de Retorno;MA;Sao Luis;SMS DE SÃO LUÍS (SM);28/07/2026 03:01:23
567681;A5494;ARES;SLZ - REIS CAVALCANTE EXPRESSO;;MA;17/09/2026 16:40:00;Pendente de Retorno;MA;Sao Luis;SMS DE SÃO LUÍS (SM);28/07/2026 08:57:13
567681;A6218;ARES;SLZ - REIS CAVALCANTE EXPRESSO;;MA;17/09/2026 16:40:00;Pendente de Retorno;MA;Sao Luis;SMS DE SÃO LUÍS (SM);02/07/2026 16:51:37
567681;A6528;ARES;SLZ - REIS CAVALCANTE EXPRESSO;;MA;17/09/2026 16:40:00;Pendente de Retorno;MA;Sao Luis;SMS DE SÃO LUÍS (SM);13/07/2026 08:20:29
567681;A6955;ARES;SLZ - REIS CAVALCANTE EXPRESSO;;MA;17/09/2026 16:40:00;Pendente de Retorno;MA;Sao Luis;SMS DE SÃO LUÍS (SM);14/07/2026 17:29:13
567681;A7711;ARES;SLZ - REIS CAVALCANTE EXPRESSO;;MA;17/09/2026 16:40:00;Pendente de Retorno;MA;Sao Luis;SMS DE SÃO LUÍS (SM);20/07/2026 15:11:02
567681;A8726;ARES;SLZ - REIS CAVALCANTE EXPRESSO;;MA;17/09/2026 16:40:00;Pendente de Retorno;MA;Sao Luis;SMS DE SÃO LUÍS (SM);27/07/2026 12:33:07
567681;A8783;ARES;SLZ - REIS CAVALCANTE EXPRESSO;;MA;17/09/2026 16:40:00;Pendente de Retorno;MA;Sao Luis;SMS DE SÃO LUÍS (SM);24/07/2026 08:31:16
567681;A9344;ARES;SLZ - REIS CAVALCANTE EXPRESSO;;MA;17/09/2026 16:40:00;Pendente de Retorno;MA;Sao Luis;SMS DE SÃO LUÍS (SM);15/07/2026 21:02:37
567681;A9660;ARES;SLZ - REIS CAVALCANTE EXPRESSO;;MA;17/09/2026 16:40:00;Pendente de Retorno;MA;Sao Luis;SMS DE SÃO LUÍS (SM);23/06/2026 08:09:23
567681;TA0081;ARES;SLZ - REIS CAVALCANTE EXPRESSO;;MA;17/09/2026 16:40:00;Pendente de Retorno;MA;Sao Luis;SMS DE SÃO LUÍS (SM);26/07/2026 22:23:42
567681;TA0215;ARES;SLZ - REIS CAVALCANTE EXPRESSO;;MA;17/09/2026 16:40:00;Pendente de Retorno;MA;Sao Luis;SMS DE SÃO LUÍS (SM);18/07/2026 11:42:02
567681;TA1020;ARES;SLZ - REIS CAVALCANTE EXPRESSO;;MA;17/09/2026 16:40:00;Pendente de Retorno;MA;Sao Luis;SMS DE SÃO LUÍS (SM);16/07/2026 09:11:27
568032;A5055;ARES;FOR - NT TRANSPORTE LTDA;;CE;17/09/2026 16:35:00;Pendente de Retorno;CE;Fortaleza;HEMOCENTRO COORDENADOR DO CEARA;13/07/2026 16:49:06
568032;A5304;ARES;FOR - NT TRANSPORTE LTDA;;CE;17/09/2026 16:35:00;Pendente de Retorno;CE;Fortaleza;HEMOCENTRO COORDENADOR DO CEARA;21/07/2026 17:23:29
568032;A5720;ARES;FOR - NT TRANSPORTE LTDA;;CE;17/09/2026 16:35:00;Pendente de Retorno;CE;Fortaleza;HEMOCENTRO COORDENADOR DO CEARA;24/07/2026 08:38:17
568032;A6145;ARES;FOR - NT TRANSPORTE LTDA;;CE;17/09/2026 16:35:00;Pendente de Retorno;CE;Fortaleza;HEMOCENTRO COORDENADOR DO CEARA;27/07/2026 00:16:29
568032;A9234;ARES;FOR - NT TRANSPORTE LTDA;;CE;17/09/2026 16:35:00;Pendente de Retorno;CE;Fortaleza;HEMOCENTRO COORDENADOR DO CEARA;23/07/2026 20:44:09
568032;TA0083;ARES;FOR - NT TRANSPORTE LTDA;;CE;17/09/2026 16:35:00;Pendente de Retorno;CE;Fortaleza;HEMOCENTRO COORDENADOR DO CEARA;21/07/2026 09:41:30
568032;TA0486;ARES;FOR - NT TRANSPORTE LTDA;;CE;17/09/2026 16:35:00;Pendente de Retorno;CE;Fortaleza;HEMOCENTRO COORDENADOR DO CEARA;17/07/2026 08:44:38
568032;TA1090;ARES;FOR - NT TRANSPORTE LTDA;;CE;17/09/2026 16:35:00;Pendente de Retorno;CE;Fortaleza;HEMOCENTRO COORDENADOR DO CEARA;17/09/2026 16:35:00
568686;A6531;ARES;NAT - CSM CARGO;;RN;17/09/2026 16:15:00;Pendente de Retorno;RN;Natal;VANIA MARIA PEREIRA DE FIGUEIREDO 00737.013538/2026-17;23/07/2026 20:42:30
568733;0741700976;ARES;LDB - ND CARGAS LTDA;;PR;17/09/2026 16:13:00;Retornado;PR;Londrina;ROSEMEIRE MARCILIO FREIRE VERRI;17/09/2026 18:39:44
568033;0741700400;ARES;SLZ - REIS CAVALCANTE EXPRESSO;;MA;17/09/2026 15:50:00;Retornado;MA;Sao Luis;HEMOCENTRO COORDENADOR DO MARANHAO;18/09/2026 09:25:31
568033;0741700450;ARES;SLZ - REIS CAVALCANTE EXPRESSO;;MA;17/09/2026 15:50:00;Retornado;MA;Sao Luis;HEMOCENTRO COORDENADOR DO MARANHAO;18/09/2026 09:26:07
568033;A5913;ARES;SLZ - REIS CAVALCANTE EXPRESSO;;MA;17/09/2026 15:50:00;Pendente de Retorno;MA;Sao Luis;HEMOCENTRO COORDENADOR DO MARANHAO;26/07/2026 22:22:20
568033;A7328;ARES;SLZ - REIS CAVALCANTE EXPRESSO;;MA;17/09/2026 15:50:00;Pendente de Retorno;MA;Sao Luis;HEMOCENTRO COORDENADOR DO MARANHAO;20/07/2026 15:11:21
568033;A9190;ARES;SLZ - REIS CAVALCANTE EXPRESSO;;MA;17/09/2026 15:50:00;Pendente de Retorno;MA;Sao Luis;HEMOCENTRO COORDENADOR DO MARANHAO;21/07/2026 17:29:48
568033;TA0904;ARES;SLZ - REIS CAVALCANTE EXPRESSO;;MA;17/09/2026 15:50:00;Pendente de Retorno;MA;Sao Luis;HEMOCENTRO COORDENADOR DO MARANHAO;27/07/2026 15:26:54
568094;A9410;ARES;SLZ - REIS CAVALCANTE EXPRESSO;;MA;17/09/2026 15:46:00;Pendente de Retorno;MA;Sao Luis;HOSPITAL MACRORREGIONAL DRA RUTH NOLETO;18/07/2026 10:12:13
568865;A2802;ARES;IGU - FOZEXPRESS;;PR;17/09/2026 15:45:00;Pendente de Retorno;PR;Foz do Iguacu;HOSPITAL MUNICIPAL PADRE GERMANO LAUCK;30/06/2026 07:24:34
568773;A7763;ARES;XAP-MARILEI SILVEIRA FERNANDES;;RS;17/09/2026 15:45:00;Pendente de Retorno;RS;Frederico Westphalen;HOSPITAL DIVINA PROVIDENCIA;27/07/2026 16:42:04
568675;A9309;ARES;NAT - CSM CARGO;;RN;17/09/2026 15:45:00;Pendente de Retorno;RN;Natal;ANDEROSON GABRIEL DA SILVA GERONIMO;13/07/2026 16:47:46
567908;0741700370;ARES;FLN - TGEX TRANSPORTES E LOCACAO DE VEIC;;SC;17/09/2026 15:44:42;Retornado;SC;Sao Jose;SECRETARIA ESTADUAL DE SAÚDE DE SANTA CATARINA;21/09/2026 11:03:38
567908;0741700958;ARES;FLN - TGEX TRANSPORTES E LOCACAO DE VEIC;;SC;17/09/2026 15:44:42;Retornado;SC;Sao Jose;SECRETARIA ESTADUAL DE SAÚDE DE SANTA CATARINA;21/09/2026 10:38:43
567908;A2684;ARES;FLN - TGEX TRANSPORTES E LOCACAO DE VEIC;;SC;17/09/2026 15:44:42;Pendente de Retorno;SC;Sao Jose;SECRETARIA ESTADUAL DE SAÚDE DE SANTA CATARINA;14/07/2026 17:22:56
567908;A7405;ARES;FLN - TGEX TRANSPORTES E LOCACAO DE VEIC;;SC;17/09/2026 15:44:42;Pendente de Retorno;SC;Sao Jose;SECRETARIA ESTADUAL DE SAÚDE DE SANTA CATARINA;26/07/2026 20:48:56
567908;TA0223;ARES;FLN - TGEX TRANSPORTES E LOCACAO DE VEIC;;SC;17/09/2026 15:44:42;Pendente de Retorno;SC;Sao Jose;SECRETARIA ESTADUAL DE SAÚDE DE SANTA CATARINA;21/07/2026 17:25:13
568673;A8455;ARES;NAT - CSM CARGO;;RN;17/09/2026 15:40:00;Pendente de Retorno;RN;Natal;MARIA JULIANA DE SOUZA;22/07/2026 08:57:06
568661;A8870;ARES;NAT - CSM CARGO;;RN;17/09/2026 15:40:00;Pendente de Retorno;RN;Natal;GUILHERME DA COSTA SILVEIRA 00737.004527/2018-36;24/07/2026 08:23:38
568670;A6983;ARES;NAT - CSM CARGO;;RN;17/09/2026 15:35:00;Pendente de Retorno;RN;Natal;TIAGO JERÔNIMO DE OLIVEIRA;23/07/2026 00:29:52
568066;A5019;ARES;JPA - LIDER CARGAS;;PB;17/09/2026 15:31:00;Pendente de Retorno;PB;Joao Pessoa;RIVALDO JOSE COUTINHO 00737.015510/2026-14;27/07/2026 00:13:46
567909;A0092;ARES;SLZ - REIS CAVALCANTE EXPRESSO;;MA;17/09/2026 15:30:00;Pendente de Retorno;MA;Sao Luis;HOSPITAL MACRORREGIONAL DRA RUTH NOLETO;27/07/2026 00:16:53
567909;A0191;ARES;SLZ - REIS CAVALCANTE EXPRESSO;;MA;17/09/2026 15:30:00;Pendente de Retorno;MA;Sao Luis;HOSPITAL MACRORREGIONAL DRA RUTH NOLETO;24/07/2026 08:26:04
567909;A1102;ARES;SLZ - REIS CAVALCANTE EXPRESSO;;MA;17/09/2026 15:30:00;Pendente de Retorno;MA;Sao Luis;HOSPITAL MACRORREGIONAL DRA RUTH NOLETO;30/06/2026 08:22:06
567909;A2588;ARES;SLZ - REIS CAVALCANTE EXPRESSO;;MA;17/09/2026 15:30:00;Pendente de Retorno;MA;Sao Luis;HOSPITAL MACRORREGIONAL DRA RUTH NOLETO;27/07/2026 17:20:37
567909;A4287;ARES;SLZ - REIS CAVALCANTE EXPRESSO;;MA;17/09/2026 15:30:00;Pendente de Retorno;MA;Sao Luis;HOSPITAL MACRORREGIONAL DRA RUTH NOLETO;08/07/2026 23:31:08
567909;A4750;ARES;SLZ - REIS CAVALCANTE EXPRESSO;;MA;17/09/2026 15:30:00;Pendente de Retorno;MA;Sao Luis;HOSPITAL MACRORREGIONAL DRA RUTH NOLETO;26/07/2026 20:50:32
567909;A5245;ARES;SLZ - REIS CAVALCANTE EXPRESSO;;MA;17/09/2026 15:30:00;Pendente de Retorno;MA;Sao Luis;HOSPITAL MACRORREGIONAL DRA RUTH NOLETO;23/06/2026 15:10:12
567909;A6476;ARES;SLZ - REIS CAVALCANTE EXPRESSO;;MA;17/09/2026 15:30:00;Pendente de Retorno;MA;Sao Luis;HOSPITAL MACRORREGIONAL DRA RUTH NOLETO;22/07/2026 09:01:28
567909;A7474;ARES;SLZ - REIS CAVALCANTE EXPRESSO;;MA;17/09/2026 15:30:00;Pendente de Retorno;MA;Sao Luis;HOSPITAL MACRORREGIONAL DRA RUTH NOLETO;21/07/2026 17:21:00
567909;A8355;ARES;SLZ - REIS CAVALCANTE EXPRESSO;;MA;17/09/2026 15:30:00;Pendente de Retorno;MA;Sao Luis;HOSPITAL MACRORREGIONAL DRA RUTH NOLETO;27/07/2026 15:28:04
567909;A9050;ARES;SLZ - REIS CAVALCANTE EXPRESSO;;MA;17/09/2026 15:30:00;Pendente de Retorno;MA;Sao Luis;HOSPITAL MACRORREGIONAL DRA RUTH NOLETO;18/07/2026 07:59:05
567909;A9197;ARES;SLZ - REIS CAVALCANTE EXPRESSO;;MA;17/09/2026 15:30:00;Pendente de Retorno;MA;Sao Luis;HOSPITAL MACRORREGIONAL DRA RUTH NOLETO;25/07/2026 21:27:39
567909;TA0097;ARES;SLZ - REIS CAVALCANTE EXPRESSO;;MA;17/09/2026 15:30:00;Pendente de Retorno;MA;Sao Luis;HOSPITAL MACRORREGIONAL DRA RUTH NOLETO;20/07/2026 11:26:17
567914;0741700236;ARES;CGR - LH TRANSPORTES;;MS;17/09/2026 15:20:14;Retornado;MS;Campo Grande;LIM - LOGISTICA INTELIGENTE DE MEDICAMENTOS;18/09/2026 17:31:19
567914;A0259;ARES;CGR - LH TRANSPORTES;;MS;17/09/2026 15:20:14;Pendente de Retorno;MS;Campo Grande;LIM - LOGISTICA INTELIGENTE DE MEDICAMENTOS;17/07/2026 08:27:21
567914;A3705;ARES;CGR - LH TRANSPORTES;;MS;17/09/2026 15:20:14;Pendente de Retorno;MS;Campo Grande;LIM - LOGISTICA INTELIGENTE DE MEDICAMENTOS;17/07/2026 08:22:42
567914;A5181;ARES;CGR - LH TRANSPORTES;;MS;17/09/2026 15:20:14;Pendente de Retorno;MS;Campo Grande;LIM - LOGISTICA INTELIGENTE DE MEDICAMENTOS;22/07/2026 21:44:11
567914;A6062;ARES;CGR - LH TRANSPORTES;;MS;17/09/2026 15:20:14;Pendente de Retorno;MS;Campo Grande;LIM - LOGISTICA INTELIGENTE DE MEDICAMENTOS;20/07/2026 09:51:13
567914;A6220;ARES;CGR - LH TRANSPORTES;;MS;17/09/2026 15:20:14;Retornado;MS;Campo Grande;LIM - LOGISTICA INTELIGENTE DE MEDICAMENTOS;17/09/2026 17:10:09
567914;A7058;ARES;CGR - LH TRANSPORTES;;MS;17/09/2026 15:20:14;Pendente de Retorno;MS;Campo Grande;LIM - LOGISTICA INTELIGENTE DE MEDICAMENTOS;23/07/2026 07:43:34
567914;TA1084;ARES;CGR - LH TRANSPORTES;;MS;17/09/2026 15:20:14;Pendente de Retorno;MS;Campo Grande;LIM - LOGISTICA INTELIGENTE DE MEDICAMENTOS;23/07/2026 20:47:20
567914;TA1225;ARES;CGR - LH TRANSPORTES;;MS;17/09/2026 15:20:14;Pendente de Retorno;MS;Campo Grande;LIM - LOGISTICA INTELIGENTE DE MEDICAMENTOS;22/07/2026 21:44:05
568087;A8576;ARES;MCZ - MCZ EXPRESS SERVICE LTDA;;AL;17/09/2026 15:18:28;Pendente de Retorno;AL;Maceio;SECRETARIA DE ESTADO DA SAUDE;14/07/2026 11:46:35
568110;A8931;ARES;NAT - CSM CARGO;;RN;17/09/2026 15:17:00;Pendente de Retorno;RN;Natal;ALMOXARIFADO ESTADUAL DE MEDICAMENTOS;21/07/2026 17:30:23
567214;A8252;ARES;PVH - RODOTEC;;RO;17/09/2026 15:09:00;Pendente de Retorno;RO;Porto Velho;ALMOXARIFADO ESTADUAL DE MEDICAMENTOS - RONDÔNIA;17/09/2026 15:09:00
567381;0741700046;ARES;SSA - LUTY LOG;;BA;17/09/2026 15:00:00;Retornado;BA;Salvador;BAHIA SSA GABINETE DO SECRETARIO;21/09/2026 16:59:05
567381;0741700063;ARES;SSA - LUTY LOG;;BA;17/09/2026 15:00:00;Retornado;BA;Salvador;BAHIA SSA GABINETE DO SECRETARIO;21/09/2026 16:53:00
567381;0741700379;ARES;SSA - LUTY LOG;;BA;17/09/2026 15:00:00;Retornado;BA;Salvador;BAHIA SSA GABINETE DO SECRETARIO;21/09/2026 16:47:37
567381;0741700385;ARES;SSA - LUTY LOG;;BA;17/09/2026 15:00:00;Retornado;BA;Salvador;BAHIA SSA GABINETE DO SECRETARIO;21/09/2026 16:50:50
567381;0741700443;ARES;SSA - LUTY LOG;;BA;17/09/2026 15:00:00;Retornado;BA;Salvador;BAHIA SSA GABINETE DO SECRETARIO;21/09/2026 17:00:12
567381;0741700860;ARES;SSA - LUTY LOG;;BA;17/09/2026 15:00:00;Retornado;BA;Salvador;BAHIA SSA GABINETE DO SECRETARIO;21/09/2026 16:58:04
567381;0741700993;ARES;SSA - LUTY LOG;;BA;17/09/2026 15:00:00;Retornado;BA;Salvador;BAHIA SSA GABINETE DO SECRETARIO;21/09/2026 16:50:39
567383;A0184;ARES;PVH - RODOTEC;;RO;17/09/2026 15:00:00;Pendente de Retorno;RO;Porto Velho;ALMOXARIFADO ESTADUAL DE MEDICAMENTOS - RONDÔNIA;27/07/2026 00:14:03
567381;A1150;ARES;SSA - LUTY LOG;;BA;17/09/2026 15:00:00;Pendente de Retorno;BA;Salvador;BAHIA SSA GABINETE DO SECRETARIO;14/07/2026 17:27:39
567381;A1220;ARES;SSA - LUTY LOG;;BA;17/09/2026 15:00:00;Pendente de Retorno;BA;Salvador;BAHIA SSA GABINETE DO SECRETARIO;23/07/2026 20:42:56
567381;A1798;ARES;SSA - LUTY LOG;;BA;17/09/2026 15:00:00;Pendente de Retorno;BA;Salvador;BAHIA SSA GABINETE DO SECRETARIO;10/07/2026 17:24:15
567383;A2963;ARES;PVH - RODOTEC;;RO;17/09/2026 15:00:00;Pendente de Retorno;RO;Porto Velho;ALMOXARIFADO ESTADUAL DE MEDICAMENTOS - RONDÔNIA;13/07/2026 08:41:13
567381;A2966;ARES;SSA - LUTY LOG;;BA;17/09/2026 15:00:00;Pendente de Retorno;BA;Salvador;BAHIA SSA GABINETE DO SECRETARIO;27/07/2026 00:13:13
567383;A4440;ARES;PVH - RODOTEC;;RO;17/09/2026 15:00:00;Pendente de Retorno;RO;Porto Velho;ALMOXARIFADO ESTADUAL DE MEDICAMENTOS - RONDÔNIA;27/07/2026 00:17:47
567383;A5139;ARES;PVH - RODOTEC;;RO;17/09/2026 15:00:00;Pendente de Retorno;RO;Porto Velho;ALMOXARIFADO ESTADUAL DE MEDICAMENTOS - RONDÔNIA;22/07/2026 21:43:17
568492;A5749;ARES;LDB - ND CARGAS LTDA;;PR;17/09/2026 15:00:00;Pendente de Retorno;PR;Londrina;HOSPITAL UNIVERSITÁRIO REGIONAL NO NORTE DO PARANÁ;20/07/2026 15:12:13
567381;A6207;ARES;SSA - LUTY LOG;;BA;17/09/2026 15:00:00;Pendente de Retorno;BA;Salvador;BAHIA SSA GABINETE DO SECRETARIO;22/07/2026 21:43:48
567381;A6267;ARES;SSA - LUTY LOG;;BA;17/09/2026 15:00:00;Pendente de Retorno;BA;Salvador;BAHIA SSA GABINETE DO SECRETARIO;22/07/2026 23:45:35
567383;A6312;ARES;PVH - RODOTEC;;RO;17/09/2026 15:00:00;Pendente de Retorno;RO;Porto Velho;ALMOXARIFADO ESTADUAL DE MEDICAMENTOS - RONDÔNIA;02/07/2026 16:53:52
568090;A6776;ARES;SSA - LUTY LOG;;BA;17/09/2026 15:00:00;Pendente de Retorno;BA;Salvador;BAHIA SSA GABINETE DO SECRETARIO;27/07/2026 16:48:59
567383;A7102;ARES;PVH - RODOTEC;;RO;17/09/2026 15:00:00;Pendente de Retorno;RO;Porto Velho;ALMOXARIFADO ESTADUAL DE MEDICAMENTOS - RONDÔNIA;27/07/2026 16:42:42
567381;A7608;ARES;SSA - LUTY LOG;;BA;17/09/2026 15:00:00;Pendente de Retorno;BA;Salvador;BAHIA SSA GABINETE DO SECRETARIO;13/07/2026 02:20:37
567381;A8019;ARES;SSA - LUTY LOG;;BA;17/09/2026 15:00:00;Pendente de Retorno;BA;Salvador;BAHIA SSA GABINETE DO SECRETARIO;09/07/2026 02:50:42
568009;A8194;ARES;PVH - RODOTEC;;RO;17/09/2026 15:00:00;Pendente de Retorno;RO;Porto Velho;HEMOCENTRO COORDENADOR DE RONDONIA;17/09/2026 15:00:00
567381;A8559;ARES;SSA - LUTY LOG;;BA;17/09/2026 15:00:00;Pendente de Retorno;BA;Salvador;BAHIA SSA GABINETE DO SECRETARIO;18/07/2026 07:58:56
567381;A8782;ARES;SSA - LUTY LOG;;BA;17/09/2026 15:00:00;Pendente de Retorno;BA;Salvador;BAHIA SSA GABINETE DO SECRETARIO;23/07/2026 21:14:29
567383;A8899;ARES;PVH - RODOTEC;;RO;17/09/2026 15:00:00;Pendente de Retorno;RO;Porto Velho;ALMOXARIFADO ESTADUAL DE MEDICAMENTOS - RONDÔNIA;27/07/2026 00:15:23
567381;A9241;ARES;SSA - LUTY LOG;;BA;17/09/2026 15:00:00;Pendente de Retorno;BA;Salvador;BAHIA SSA GABINETE DO SECRETARIO;27/07/2026 16:47:04
568009;A9278;ARES;PVH - RODOTEC;;RO;17/09/2026 15:00:00;Pendente de Retorno;RO;Porto Velho;HEMOCENTRO COORDENADOR DE RONDONIA;17/07/2026 14:10:21
567381;A9400;ARES;SSA - LUTY LOG;;BA;17/09/2026 15:00:00;Pendente de Retorno;BA;Salvador;BAHIA SSA GABINETE DO SECRETARIO;23/07/2026 21:12:05
568009;A9423;ARES;PVH - RODOTEC;;RO;17/09/2026 15:00:00;Pendente de Retorno;RO;Porto Velho;HEMOCENTRO COORDENADOR DE RONDONIA;10/07/2026 17:24:30
568009;TA0189;ARES;PVH - RODOTEC;;RO;17/09/2026 15:00:00;Pendente de Retorno;RO;Porto Velho;HEMOCENTRO COORDENADOR DE RONDONIA;17/09/2026 15:00:00
567381;TA0275;ARES;SSA - LUTY LOG;;BA;17/09/2026 15:00:00;Pendente de Retorno;BA;Salvador;BAHIA SSA GABINETE DO SECRETARIO;25/07/2026 21:34:22
567381;TA0335;ARES;SSA - LUTY LOG;;BA;17/09/2026 15:00:00;Pendente de Retorno;BA;Salvador;BAHIA SSA GABINETE DO SECRETARIO;13/06/2026 15:29:15
567383;TA0350;ARES;PVH - RODOTEC;;RO;17/09/2026 15:00:00;Pendente de Retorno;RO;Porto Velho;ALMOXARIFADO ESTADUAL DE MEDICAMENTOS - RONDÔNIA;21/07/2026 17:28:47
567381;TA0809;ARES;SSA - LUTY LOG;;BA;17/09/2026 15:00:00;Pendente de Retorno;BA;Salvador;BAHIA SSA GABINETE DO SECRETARIO;20/07/2026 11:35:14
567381;TA0856;ARES;SSA - LUTY LOG;;BA;17/09/2026 15:00:00;Pendente de Retorno;BA;Salvador;BAHIA SSA GABINETE DO SECRETARIO;20/07/2026 11:27:19
567381;TA0883;ARES;SSA - LUTY LOG;;BA;17/09/2026 15:00:00;Pendente de Retorno;BA;Salvador;BAHIA SSA GABINETE DO SECRETARIO;27/07/2026 17:10:33
568682;0741700192;ARES;NAT - CSM CARGO;;RN;17/09/2026 14:52:04;Pendente de Retorno;RN;Natal;RAYLLY VICTORIA FERNANDES FREITAS;17/09/2026 14:52:04
568103;0741700048;ARES;BEL - MH FROTA TRANSPORTE;;PA;17/09/2026 14:41:37;Retornado;PA;Ananindeua;SEC DE ESTADO DE SAUDE PULB DO PARA;17/09/2026 17:50:32
568103;0741700059;ARES;BEL - MH FROTA TRANSPORTE;;PA;17/09/2026 14:41:37;Retornado;PA;Ananindeua;SEC DE ESTADO DE SAUDE PULB DO PARA;17/09/2026 17:45:15
568103;0741700197;ARES;BEL - MH FROTA TRANSPORTE;;PA;17/09/2026 14:41:37;Retornado;PA;Ananindeua;SEC DE ESTADO DE SAUDE PULB DO PARA;19/09/2026 08:56:57
568103;0741700204;ARES;BEL - MH FROTA TRANSPORTE;;PA;17/09/2026 14:41:37;Retornado;PA;Ananindeua;SEC DE ESTADO DE SAUDE PULB DO PARA;17/09/2026 17:44:47
568103;0741700224;ARES;BEL - MH FROTA TRANSPORTE;;PA;17/09/2026 14:41:37;Retornado;PA;Ananindeua;SEC DE ESTADO DE SAUDE PULB DO PARA;17/09/2026 17:50:47
568103;0741700234;ARES;BEL - MH FROTA TRANSPORTE;;PA;17/09/2026 14:41:37;Retornado;PA;Ananindeua;SEC DE ESTADO DE SAUDE PULB DO PARA;19/09/2026 08:57:46
568103;0741700350;ARES;BEL - MH FROTA TRANSPORTE;;PA;17/09/2026 14:41:37;Retornado;PA;Ananindeua;SEC DE ESTADO DE SAUDE PULB DO PARA;17/09/2026 17:30:41
568103;0741700404;ARES;BEL - MH FROTA TRANSPORTE;;PA;17/09/2026 14:41:37;Retornado;PA;Ananindeua;SEC DE ESTADO DE SAUDE PULB DO PARA;17/09/2026 17:35:20
568103;0741700521;ARES;BEL - MH FROTA TRANSPORTE;;PA;17/09/2026 14:41:37;Retornado;PA;Ananindeua;SEC DE ESTADO DE SAUDE PULB DO PARA;17/09/2026 17:45:46
568103;0741700529;ARES;BEL - MH FROTA TRANSPORTE;;PA;17/09/2026 14:41:37;Retornado;PA;Ananindeua;SEC DE ESTADO DE SAUDE PULB DO PARA;19/09/2026 08:57:14
568103;0741700551;ARES;BEL - MH FROTA TRANSPORTE;;PA;17/09/2026 14:41:37;Retornado;PA;Ananindeua;SEC DE ESTADO DE SAUDE PULB DO PARA;19/09/2026 08:58:23
568103;0741700597;ARES;BEL - MH FROTA TRANSPORTE;;PA;17/09/2026 14:41:37;Retornado;PA;Ananindeua;SEC DE ESTADO DE SAUDE PULB DO PARA;17/09/2026 17:39:58
568103;0741700715;ARES;BEL - MH FROTA TRANSPORTE;;PA;17/09/2026 14:41:37;Retornado;PA;Ananindeua;SEC DE ESTADO DE SAUDE PULB DO PARA;19/09/2026 08:56:41
568103;0741700920;ARES;BEL - MH FROTA TRANSPORTE;;PA;17/09/2026 14:41:37;Retornado;PA;Ananindeua;SEC DE ESTADO DE SAUDE PULB DO PARA;17/09/2026 17:33:51
568103;0741700940;ARES;BEL - MH FROTA TRANSPORTE;;PA;17/09/2026 14:41:37;Retornado;PA;Ananindeua;SEC DE ESTADO DE SAUDE PULB DO PARA;17/09/2026 17:33:06
568103;A0480;ARES;BEL - MH FROTA TRANSPORTE;;PA;17/09/2026 14:41:37;Pendente de Retorno;PA;Ananindeua;SEC DE ESTADO DE SAUDE PULB DO PARA;20/07/2026 09:50:19
568103;A0960;ARES;BEL - MH FROTA TRANSPORTE;;PA;17/09/2026 14:41:37;Retornado;PA;Ananindeua;SEC DE ESTADO DE SAUDE PULB DO PARA;17/09/2026 17:31:56
568103;A1537;ARES;BEL - MH FROTA TRANSPORTE;;PA;17/09/2026 14:41:37;Pendente de Retorno;PA;Ananindeua;SEC DE ESTADO DE SAUDE PULB DO PARA;23/07/2026 21:14:09
568103;A1959;ARES;BEL - MH FROTA TRANSPORTE;;PA;17/09/2026 14:41:37;Pendente de Retorno;PA;Ananindeua;SEC DE ESTADO DE SAUDE PULB DO PARA;17/07/2026 17:05:48
568103;A2428;ARES;BEL - MH FROTA TRANSPORTE;;PA;17/09/2026 14:41:37;Pendente de Retorno;PA;Ananindeua;SEC DE ESTADO DE SAUDE PULB DO PARA;21/07/2026 17:43:09
568103;A4495;ARES;BEL - MH FROTA TRANSPORTE;;PA;17/09/2026 14:41:37;Pendente de Retorno;PA;Ananindeua;SEC DE ESTADO DE SAUDE PULB DO PARA;25/07/2026 21:27:10
568103;A5777;ARES;BEL - MH FROTA TRANSPORTE;;PA;17/09/2026 14:41:37;Pendente de Retorno;PA;Ananindeua;SEC DE ESTADO DE SAUDE PULB DO PARA;24/07/2026 08:32:59
568103;A5783;ARES;BEL - MH FROTA TRANSPORTE;;PA;17/09/2026 14:41:37;Pendente de Retorno;PA;Ananindeua;SEC DE ESTADO DE SAUDE PULB DO PARA;27/07/2026 16:42:17
568103;A6089;ARES;BEL - MH FROTA TRANSPORTE;;PA;17/09/2026 14:41:37;Pendente de Retorno;PA;Ananindeua;SEC DE ESTADO DE SAUDE PULB DO PARA;20/07/2026 11:23:31
568103;A6367;ARES;BEL - MH FROTA TRANSPORTE;;PA;17/09/2026 14:41:37;Pendente de Retorno;PA;Ananindeua;SEC DE ESTADO DE SAUDE PULB DO PARA;18/07/2026 10:13:33
568103;A7677;ARES;BEL - MH FROTA TRANSPORTE;;PA;17/09/2026 14:41:37;Pendente de Retorno;PA;Ananindeua;SEC DE ESTADO DE SAUDE PULB DO PARA;21/07/2026 17:44:01
568103;A7813;ARES;BEL - MH FROTA TRANSPORTE;;PA;17/09/2026 14:41:37;Pendente de Retorno;PA;Ananindeua;SEC DE ESTADO DE SAUDE PULB DO PARA;23/07/2026 20:43:23
568103;A9036;ARES;BEL - MH FROTA TRANSPORTE;;PA;17/09/2026 14:41:37;Pendente de Retorno;PA;Ananindeua;SEC DE ESTADO DE SAUDE PULB DO PARA;21/07/2026 17:24:51
568103;A9569;ARES;BEL - MH FROTA TRANSPORTE;;PA;17/09/2026 14:41:37;Pendente de Retorno;PA;Ananindeua;SEC DE ESTADO DE SAUDE PULB DO PARA;23/07/2026 21:13:15
568103;TA0581;ARES;BEL - MH FROTA TRANSPORTE;;PA;17/09/2026 14:41:37;Pendente de Retorno;PA;Ananindeua;SEC DE ESTADO DE SAUDE PULB DO PARA;21/07/2026 17:16:27
568103;TA1032;ARES;BEL - MH FROTA TRANSPORTE;;PA;17/09/2026 14:41:37;Pendente de Retorno;PA;Ananindeua;SEC DE ESTADO DE SAUDE PULB DO PARA;20/06/2026 11:02:30
568103;TA1086;ARES;BEL - MH FROTA TRANSPORTE;;PA;17/09/2026 14:41:37;Pendente de Retorno;PA;Ananindeua;SEC DE ESTADO DE SAUDE PULB DO PARA;26/07/2026 21:17:32
568786;A3126;ARES;JPA - LIDER CARGAS;;PB;17/09/2026 14:31:00;Pendente de Retorno;PB;SANTA RITA (UIRAUNA);HOSPITAL METROPOLITANO DOM JOSÉ MARIA PIRES;21/07/2026 17:23:53
568685;A4038;ARES;VTCLOG - REC;;PE;17/09/2026 14:17:55;Pendente de Retorno;PE;RECIFE;JOSÉ FRANCISCO DA SILVA NETO 00737.018147/2026-99;17/07/2026 08:22:08
568782;0741700736;ARES;VTCLOG - REC;;PE;17/09/2026 14:17:00;Retornado;PE;RECIFE;HOSPITAL METROPOLITANO OESTE PELÓPIDAS SILVEIRA;17/09/2026 16:23:34
568785;0741700286;ARES;VTCLOG - REC;;PE;17/09/2026 14:13:00;Retornado;PE;RECIFE;LARISSA CAMILA DA CONCEIÇÃO 00737.021099/2026-16;17/09/2026 16:23:28
567924;0741700282;ARES;VTCLOG - REC;;PE;17/09/2026 14:10:42;Retornado;PE;RECIFE;PERNAMBUCO SECRET DE SAUDE;18/09/2026 09:47:05
567924;0741700320;ARES;VTCLOG - REC;;PE;17/09/2026 14:10:42;Retornado;PE;RECIFE;PERNAMBUCO SECRET DE SAUDE;22/09/2026 02:12:57
567924;0741700353;ARES;VTCLOG - REC;;PE;17/09/2026 14:10:42;Retornado;PE;RECIFE;PERNAMBUCO SECRET DE SAUDE;22/09/2026 02:12:57
567924;0741700552;ARES;VTCLOG - REC;;PE;17/09/2026 14:10:42;Retornado;PE;RECIFE;PERNAMBUCO SECRET DE SAUDE;22/09/2026 02:12:57
567924;0741700571;ARES;VTCLOG - REC;;PE;17/09/2026 14:10:42;Retornado;PE;RECIFE;PERNAMBUCO SECRET DE SAUDE;22/09/2026 02:01:09
567924;0741700861;ARES;VTCLOG - REC;;PE;17/09/2026 14:10:42;Retornado;PE;RECIFE;PERNAMBUCO SECRET DE SAUDE;22/09/2026 02:01:09
567924;0741700862;ARES;VTCLOG - REC;;PE;17/09/2026 14:10:42;Retornado;PE;RECIFE;PERNAMBUCO SECRET DE SAUDE;18/09/2026 09:46:43
567924;0741700954;ARES;VTCLOG - REC;;PE;17/09/2026 14:10:42;Retornado;PE;RECIFE;PERNAMBUCO SECRET DE SAUDE;18/09/2026 09:45:42
567924;A0017;ARES;VTCLOG - REC;;PE;17/09/2026 14:10:42;Pendente de Retorno;PE;RECIFE;PERNAMBUCO SECRET DE SAUDE;21/07/2026 17:28:07
567924;A0278;ARES;VTCLOG - REC;;PE;17/09/2026 14:10:42;Pendente de Retorno;PE;RECIFE;PERNAMBUCO SECRET DE SAUDE;21/07/2026 17:43:47
567924;A0342;ARES;VTCLOG - REC;;PE;17/09/2026 14:10:42;Pendente de Retorno;PE;RECIFE;PERNAMBUCO SECRET DE SAUDE;13/07/2026 08:47:16
567924;A0675;ARES;VTCLOG - REC;;PE;17/09/2026 14:10:42;Pendente de Retorno;PE;RECIFE;PERNAMBUCO SECRET DE SAUDE;27/07/2026 10:19:39
567924;A1612;ARES;VTCLOG - REC;;PE;17/09/2026 14:10:42;Pendente de Retorno;PE;RECIFE;PERNAMBUCO SECRET DE SAUDE;13/07/2026 07:46:02
567924;A2170;ARES;VTCLOG - REC;;PE;17/09/2026 14:10:42;Pendente de Retorno;PE;RECIFE;PERNAMBUCO SECRET DE SAUDE;20/07/2026 11:34:56
567924;A2200;ARES;VTCLOG - REC;;PE;17/09/2026 14:10:42;Pendente de Retorno;PE;RECIFE;PERNAMBUCO SECRET DE SAUDE;13/07/2026 08:43:44
567924;A2282;ARES;VTCLOG - REC;;PE;17/09/2026 14:10:42;Pendente de Retorno;PE;RECIFE;PERNAMBUCO SECRET DE SAUDE;25/07/2026 21:25:34
567924;A3744;ARES;VTCLOG - REC;;PE;17/09/2026 14:10:42;Pendente de Retorno;PE;RECIFE;PERNAMBUCO SECRET DE SAUDE;18/07/2026 10:13:40
567924;A4430;ARES;VTCLOG - REC;;PE;17/09/2026 14:10:42;Pendente de Retorno;PE;RECIFE;PERNAMBUCO SECRET DE SAUDE;17/07/2026 08:39:27
567924;A5508;ARES;VTCLOG - REC;;PE;17/09/2026 14:10:42;Pendente de Retorno;PE;RECIFE;PERNAMBUCO SECRET DE SAUDE;06/07/2026 13:47:42
567924;A6362;ARES;VTCLOG - REC;;PE;17/09/2026 14:10:42;Pendente de Retorno;PE;RECIFE;PERNAMBUCO SECRET DE SAUDE;27/07/2026 17:11:51
567924;A6374;ARES;VTCLOG - REC;;PE;17/09/2026 14:10:42;Pendente de Retorno;PE;RECIFE;PERNAMBUCO SECRET DE SAUDE;24/07/2026 08:23:33
567924;A6393;ARES;VTCLOG - REC;;PE;17/09/2026 14:10:42;Pendente de Retorno;PE;RECIFE;PERNAMBUCO SECRET DE SAUDE;27/07/2026 12:29:54
567924;A7061;ARES;VTCLOG - REC;;PE;17/09/2026 14:10:42;Pendente de Retorno;PE;RECIFE;PERNAMBUCO SECRET DE SAUDE;27/07/2026 17:11:06
567924;A7315;ARES;VTCLOG - REC;;PE;17/09/2026 14:10:42;Pendente de Retorno;PE;RECIFE;PERNAMBUCO SECRET DE SAUDE;14/07/2026 10:51:02
567924;A7426;ARES;VTCLOG - REC;;PE;17/09/2026 14:10:42;Pendente de Retorno;PE;RECIFE;PERNAMBUCO SECRET DE SAUDE;24/07/2026 13:23:38
567924;A7513;ARES;VTCLOG - REC;;PE;17/09/2026 14:10:42;Pendente de Retorno;PE;RECIFE;PERNAMBUCO SECRET DE SAUDE;13/07/2026 08:41:08
567924;A7571;ARES;VTCLOG - REC;;PE;17/09/2026 14:10:42;Pendente de Retorno;PE;RECIFE;PERNAMBUCO SECRET DE SAUDE;01/07/2026 08:21:12
567924;A8004;ARES;VTCLOG - REC;;PE;17/09/2026 14:10:42;Pendente de Retorno;PE;RECIFE;PERNAMBUCO SECRET DE SAUDE;21/07/2026 17:45:10
567924;A8275;ARES;VTCLOG - REC;;PE;17/09/2026 14:10:42;Pendente de Retorno;PE;RECIFE;PERNAMBUCO SECRET DE SAUDE;14/07/2026 10:49:02
567924;A8891;ARES;VTCLOG - REC;;PE;17/09/2026 14:10:42;Pendente de Retorno;PE;RECIFE;PERNAMBUCO SECRET DE SAUDE;21/07/2026 17:19:17
567924;A9079;ARES;VTCLOG - REC;;PE;17/09/2026 14:10:42;Pendente de Retorno;PE;RECIFE;PERNAMBUCO SECRET DE SAUDE;22/07/2026 23:49:28
567924;A9360;ARES;VTCLOG - REC;;PE;17/09/2026 14:10:42;Pendente de Retorno;PE;RECIFE;PERNAMBUCO SECRET DE SAUDE;21/07/2026 17:43:13
567924;TA0269;ARES;VTCLOG - REC;;PE;17/09/2026 14:10:42;Pendente de Retorno;PE;RECIFE;PERNAMBUCO SECRET DE SAUDE;15/07/2026 22:51:46
567924;TA0664;ARES;VTCLOG - REC;;PE;17/09/2026 14:10:42;Pendente de Retorno;PE;RECIFE;PERNAMBUCO SECRET DE SAUDE;09/07/2026 02:51:39
567924;TA0943;ARES;VTCLOG - REC;;PE;17/09/2026 14:10:42;Pendente de Retorno;PE;RECIFE;PERNAMBUCO SECRET DE SAUDE;20/07/2026 11:35:11
567924;TA1131;ARES;VTCLOG - REC;;PE;17/09/2026 14:10:42;Pendente de Retorno;PE;RECIFE;PERNAMBUCO SECRET DE SAUDE;18/07/2026 10:12:35
567924;V741701135;SHIELD;VTCLOG - REC;;PE;17/09/2026 14:10:42;Retornado;PE;RECIFE;PERNAMBUCO SECRET DE SAUDE;22/09/2026 02:12:57
567924;V741701198;SHIELD;VTCLOG - REC;;PE;17/09/2026 14:10:42;Retornado;PE;RECIFE;PERNAMBUCO SECRET DE SAUDE;22/09/2026 02:01:09
567924;V741701229;SHIELD;VTCLOG - REC;;PE;17/09/2026 14:10:42;Retornado;PE;RECIFE;PERNAMBUCO SECRET DE SAUDE;22/09/2026 02:01:09
567924;V741701462;SHIELD;VTCLOG - REC;;PE;17/09/2026 14:10:42;Retornado;PE;RECIFE;PERNAMBUCO SECRET DE SAUDE;22/09/2026 02:01:09
567910;A3523;ARES;GYN - RBR EXPERIENCIA EM TRANSPORTES;;GO;17/09/2026 14:05:26;Pendente de Retorno;GO;Goiania;ALMOXARIFADO ESTADUAL DE MEDICAMENTOS;27/07/2026 16:47:56
567910;A3965;ARES;GYN - RBR EXPERIENCIA EM TRANSPORTES;;GO;17/09/2026 14:05:26;Pendente de Retorno;GO;Goiania;ALMOXARIFADO ESTADUAL DE MEDICAMENTOS;30/06/2026 07:27:04
567910;A8469;ARES;GYN - RBR EXPERIENCIA EM TRANSPORTES;;GO;17/09/2026 14:05:26;Pendente de Retorno;GO;Goiania;ALMOXARIFADO ESTADUAL DE MEDICAMENTOS;15/07/2026 10:52:19
567910;A8666;ARES;GYN - RBR EXPERIENCIA EM TRANSPORTES;;GO;17/09/2026 14:05:26;Pendente de Retorno;GO;Goiania;ALMOXARIFADO ESTADUAL DE MEDICAMENTOS;11/06/2026 15:10:38
567910;A8911;ARES;GYN - RBR EXPERIENCIA EM TRANSPORTES;;GO;17/09/2026 14:05:26;Pendente de Retorno;GO;Goiania;ALMOXARIFADO ESTADUAL DE MEDICAMENTOS;27/07/2026 15:26:34
567910;TA0892;ARES;GYN - RBR EXPERIENCIA EM TRANSPORTES;;GO;17/09/2026 14:05:26;Pendente de Retorno;GO;Goiania;ALMOXARIFADO ESTADUAL DE MEDICAMENTOS;22/07/2026 21:46:20
567901;0741700130;ARES;SSA - LUTY LOG;;BA;17/09/2026 14:03:58;Retornado;BA;Simoes Filho;CENTRAL FARMACÊUTICA DO ESTADO DA BAHIA - CEFARBA;21/09/2026 16:57:20
567901;0741700971;ARES;SSA - LUTY LOG;;BA;17/09/2026 14:03:58;Retornado;BA;Simoes Filho;CENTRAL FARMACÊUTICA DO ESTADO DA BAHIA - CEFARBA;21/09/2026 17:00:16
567901;A0033;ARES;SSA - LUTY LOG;;BA;17/09/2026 14:03:58;Pendente de Retorno;BA;Simoes Filho;CENTRAL FARMACÊUTICA DO ESTADO DA BAHIA - CEFARBA;22/07/2026 23:47:01
567901;A1577;ARES;SSA - LUTY LOG;;BA;17/09/2026 14:03:58;Pendente de Retorno;BA;Simoes Filho;CENTRAL FARMACÊUTICA DO ESTADO DA BAHIA - CEFARBA;09/07/2026 16:00:43
567901;A2135;ARES;SSA - LUTY LOG;;BA;17/09/2026 14:03:58;Pendente de Retorno;BA;Simoes Filho;CENTRAL FARMACÊUTICA DO ESTADO DA BAHIA - CEFARBA;26/06/2026 17:35:07
567901;A3065;ARES;SSA - LUTY LOG;;BA;17/09/2026 14:03:58;Pendente de Retorno;BA;Simoes Filho;CENTRAL FARMACÊUTICA DO ESTADO DA BAHIA - CEFARBA;17/07/2026 07:31:18
567901;A3443;ARES;SSA - LUTY LOG;;BA;17/09/2026 14:03:58;Pendente de Retorno;BA;Simoes Filho;CENTRAL FARMACÊUTICA DO ESTADO DA BAHIA - CEFARBA;27/07/2026 17:11:20
567901;A4188;ARES;SSA - LUTY LOG;;BA;17/09/2026 14:03:58;Pendente de Retorno;BA;Simoes Filho;CENTRAL FARMACÊUTICA DO ESTADO DA BAHIA - CEFARBA;20/07/2026 15:11:06
567901;A6456;ARES;SSA - LUTY LOG;;BA;17/09/2026 14:03:58;Pendente de Retorno;BA;Simoes Filho;CENTRAL FARMACÊUTICA DO ESTADO DA BAHIA - CEFARBA;27/07/2026 15:25:46
567901;A7005;ARES;SSA - LUTY LOG;;BA;17/09/2026 14:03:58;Pendente de Retorno;BA;Simoes Filho;CENTRAL FARMACÊUTICA DO ESTADO DA BAHIA - CEFARBA;20/07/2026 11:26:57
567901;A7683;ARES;SSA - LUTY LOG;;BA;17/09/2026 14:03:58;Pendente de Retorno;BA;Simoes Filho;CENTRAL FARMACÊUTICA DO ESTADO DA BAHIA - CEFARBA;27/07/2026 12:33:09
567901;A8711;ARES;SSA - LUTY LOG;;BA;17/09/2026 14:03:58;Pendente de Retorno;BA;Simoes Filho;CENTRAL FARMACÊUTICA DO ESTADO DA BAHIA - CEFARBA;22/07/2026 08:56:21
567901;TA0198;ARES;SSA - LUTY LOG;;BA;17/09/2026 14:03:58;Retornado;BA;Simoes Filho;CENTRAL FARMACÊUTICA DO ESTADO DA BAHIA - CEFARBA;21/09/2026 16:58:45
567901;TA0278;ARES;SSA - LUTY LOG;;BA;17/09/2026 14:03:58;Pendente de Retorno;BA;Simoes Filho;CENTRAL FARMACÊUTICA DO ESTADO DA BAHIA - CEFARBA;22/07/2026 09:31:20
568200;A4958;ARES;VTCLOG - GRU;;SP;17/09/2026 14:03:00;Pendente de Retorno;SP;GUARULHOS;SECRETARIA DE ESTADO DA SAUDE.;21/07/2026 09:40:41
567911;A3291;ARES;VTCLOG - GRU;;RS;17/09/2026 14:02:00;Pendente de Retorno;RS;Porto Alegre;SECRETARIA ESTADUAL DE SAÚDE;17/07/2026 08:45:05
567911;A3582;ARES;VTCLOG - GRU;;RS;17/09/2026 14:02:00;Pendente de Retorno;RS;Porto Alegre;SECRETARIA ESTADUAL DE SAÚDE;23/06/2026 15:14:52
567911;A8238;ARES;VTCLOG - GRU;;RS;17/09/2026 14:02:00;Pendente de Retorno;RS;Porto Alegre;SECRETARIA ESTADUAL DE SAÚDE;23/07/2026 21:11:26
567911;A8952;ARES;VTCLOG - GRU;;RS;17/09/2026 14:02:00;Pendente de Retorno;RS;Porto Alegre;SECRETARIA ESTADUAL DE SAÚDE;23/07/2026 20:46:59
568091;A2555;ARES;FOR - NT TRANSPORTE LTDA;;CE;17/09/2026 14:00:00;Pendente de Retorno;CE;Maracanau;ALMOXARIFADO ESTADUAL DE MEDICAMENTOS;21/07/2026 00:02:41
568086;A5747;ARES;RBR - RODOTEC;;AC;17/09/2026 14:00:00;Pendente de Retorno;AC;Rio Branco;NÚCLEO DE DOENÇAS DE TRANSMISSÃO VETORIAL - SESACR;18/07/2026 10:13:23
568662;A4447;ARES;FOR - NT TRANSPORTE LTDA;;CE;17/09/2026 13:50:00;Pendente de Retorno;CE;Fortaleza;MAURO REIS ALBUQUERQUE;21/07/2026 17:26:58
568784;0741700432;ARES;VTCLOG - GRU;;SP;17/09/2026 13:48:16;Retornado;SP;Sao Jose dos Campos;HOSPITAL MUNICIPAL DR JOSE DE CARVALHO FLORENCE;19/09/2026 11:05:04
568872;A7899;ARES;VTCLOG - GRU;;SP;17/09/2026 13:44:00;Pendente de Retorno;SP;Sao Jose dos Campos;ALMOXARIFADO DA SAUDE DA PREFEITURA DE SÃO JOSÉ DO;15/07/2026 21:25:16
568506;A0539;ARES;VIX - SOULOG EXPRESS;;ES;17/09/2026 13:42:57;Pendente de Retorno;ES;VITORIA;HOSPITAL UNIVERSITÁRIO CASSIANO ANTONIO MORAES;21/07/2026 00:05:26
567920;0741700390;ARES;VTCLOG - REC;;PE;17/09/2026 13:16:02;Retornado;PE;RECIFE;PERNAMBUCO SECRET DE SAUDE;18/09/2026 09:46:25
567920;0741700520;ARES;VTCLOG - REC;;PE;17/09/2026 13:16:02;Retornado;PE;RECIFE;PERNAMBUCO SECRET DE SAUDE;18/09/2026 09:45:39
567920;A0403;ARES;VTCLOG - REC;;PE;17/09/2026 13:16:02;Pendente de Retorno;PE;RECIFE;PERNAMBUCO SECRET DE SAUDE;27/07/2026 12:29:46
567920;A5353;ARES;VTCLOG - REC;;PE;17/09/2026 13:16:02;Pendente de Retorno;PE;RECIFE;PERNAMBUCO SECRET DE SAUDE;10/07/2026 17:29:40
567920;A6662;ARES;VTCLOG - REC;;PE;17/09/2026 13:16:02;Pendente de Retorno;PE;RECIFE;PERNAMBUCO SECRET DE SAUDE;27/07/2026 17:13:41
567920;A7902;ARES;VTCLOG - REC;;PE;17/09/2026 13:16:02;Pendente de Retorno;PE;RECIFE;PERNAMBUCO SECRET DE SAUDE;13/07/2026 16:50:41
567920;A8220;ARES;VTCLOG - REC;;PE;17/09/2026 13:16:02;Pendente de Retorno;PE;RECIFE;PERNAMBUCO SECRET DE SAUDE;20/07/2026 11:37:10
567920;A9294;ARES;VTCLOG - REC;;PE;17/09/2026 13:16:02;Pendente de Retorno;PE;RECIFE;PERNAMBUCO SECRET DE SAUDE;18/07/2026 11:41:31
567920;TA0316;ARES;VTCLOG - REC;;PE;17/09/2026 13:16:02;Retornado;PE;RECIFE;PERNAMBUCO SECRET DE SAUDE;18/09/2026 09:45:53
567920;TA0740;ARES;VTCLOG - REC;;PE;17/09/2026 13:16:02;Pendente de Retorno;PE;RECIFE;PERNAMBUCO SECRET DE SAUDE;27/07/2026 00:18:50
568854;TA0493;ARES;VTCLOG - GRU;;SP;17/09/2026 13:13:27;Pendente de Retorno;SP;Sao Jose dos Campos;ALMOXARIFADO DA SAUDE DA PREFEITURA DE SÃO JOSÉ DO;17/07/2026 14:09:47
568502;0741700734;ARES;VTCLOG - REC;;PE;17/09/2026 13:09:00;Retornado;PE;RECIFE;HOSPITAL UNIVERSITÁRIO OSWALDO CRUZ;17/09/2026 16:23:47
568777;TA0628;ARES;VTCLOG RIO GALEAO;;RJ;17/09/2026 13:00:00;Pendente de Retorno;RJ;RIO DE JANEIRO;HOSPITAL DOS SERVIDORES DO ESTADO;22/07/2026 09:02:46
567906;0741700113;ARES;VIX - SOULOG EXPRESS;;ES;17/09/2026 12:37:29;Retornado;ES;VITORIA;LABORATORIO CENTRAL SAUDE PUBLICA ESPIRITO SANTO -;17/09/2026 15:01:53
567906;0741700249;ARES;VIX - SOULOG EXPRESS;;ES;17/09/2026 12:37:29;Retornado;ES;VITORIA;LABORATORIO CENTRAL SAUDE PUBLICA ESPIRITO SANTO -;17/09/2026 15:24:21
567906;0741700818;ARES;VIX - SOULOG EXPRESS;;ES;17/09/2026 12:37:29;Retornado;ES;VITORIA;LABORATORIO CENTRAL SAUDE PUBLICA ESPIRITO SANTO -;17/09/2026 15:22:25
567906;A8598;ARES;VIX - SOULOG EXPRESS;;ES;17/09/2026 12:37:29;Pendente de Retorno;ES;VITORIA;LABORATORIO CENTRAL SAUDE PUBLICA ESPIRITO SANTO -;18/07/2026 08:00:25
567906;TA0098;ARES;VIX - SOULOG EXPRESS;;ES;17/09/2026 12:37:29;Retornado;ES;VITORIA;LABORATORIO CENTRAL SAUDE PUBLICA ESPIRITO SANTO -;17/09/2026 15:20:23
568088;0741700375;ARES;MAO- GR TRANSPORTES E LOGISTICA MULTIMODAL;;AM;17/09/2026 12:11:06;Retornado;AM;Manaus;CENTRAL MEDIC SECR EST SAUDE AMAZONA;17/09/2026 14:20:11
567418;A5413;ARES;MCZ - MCZ EXPRESS SERVICE LTDA;;AL;17/09/2026 12:10:38;Pendente de Retorno;AL;Maceio;SECRETARIA DE ESTADO DA SAUDE;20/07/2026 11:37:39
567418;A6615;ARES;MCZ - MCZ EXPRESS SERVICE LTDA;;AL;17/09/2026 12:10:38;Pendente de Retorno;AL;Maceio;SECRETARIA DE ESTADO DA SAUDE;18/07/2026 08:02:07
567418;A9185;ARES;MCZ - MCZ EXPRESS SERVICE LTDA;;AL;17/09/2026 12:10:38;Pendente de Retorno;AL;Maceio;SECRETARIA DE ESTADO DA SAUDE;22/07/2026 23:49:53
568503;0741700991;ARES;POA - GMB TRANSPORTES E LOGISTICA ME;;RS;17/09/2026 12:00:00;Retornado;RS;Porto Alegre;HOSPITAL DE CLINICAS DE PORTO ALEGRE;21/09/2026 13:37:52
568503;A4754;ARES;POA - GMB TRANSPORTES E LOGISTICA ME;;RS;17/09/2026 12:00:00;Pendente de Retorno;RS;Porto Alegre;HOSPITAL DE CLINICAS DE PORTO ALEGRE;28/07/2026 03:06:14
568738;A9530;ARES;VTCLOG RIO GALEAO;;RJ;17/09/2026 12:00:00;Pendente de Retorno;RJ;Niteroi;ANTONIO CARLOS COSTA 25000042589201610;27/07/2026 17:10:22
567912;0741700070;ARES;VTCLOG CNF - CONTAGEM;;MG;17/09/2026 11:52:28;Pendente de Retorno;MG;Belo Horizonte;SECRETARIA ESTADUAL DE SAÚDE DE MINAS GERAIS - UF;17/09/2026 11:52:28
567912;0741700155;ARES;VTCLOG CNF - CONTAGEM;;MG;17/09/2026 11:52:28;Pendente de Retorno;MG;Belo Horizonte;SECRETARIA ESTADUAL DE SAÚDE DE MINAS GERAIS - UF;17/09/2026 11:52:28
567912;0741700795;ARES;VTCLOG CNF - CONTAGEM;;MG;17/09/2026 11:52:28;Pendente de Retorno;MG;Belo Horizonte;SECRETARIA ESTADUAL DE SAÚDE DE MINAS GERAIS - UF;17/09/2026 11:52:28
567912;A0336;ARES;VTCLOG CNF - CONTAGEM;;MG;17/09/2026 11:52:28;Pendente de Retorno;MG;Belo Horizonte;SECRETARIA ESTADUAL DE SAÚDE DE MINAS GERAIS - UF;23/07/2026 20:43:32
567912;A2715;ARES;VTCLOG CNF - CONTAGEM;;MG;17/09/2026 11:52:28;Pendente de Retorno;MG;Belo Horizonte;SECRETARIA ESTADUAL DE SAÚDE DE MINAS GERAIS - UF;17/07/2026 08:38:27
567912;A2814;ARES;VTCLOG CNF - CONTAGEM;;MG;17/09/2026 11:52:28;Pendente de Retorno;MG;Belo Horizonte;SECRETARIA ESTADUAL DE SAÚDE DE MINAS GERAIS - UF;27/07/2026 17:09:54
567912;A3001;ARES;VTCLOG CNF - CONTAGEM;;MG;17/09/2026 11:52:28;Pendente de Retorno;MG;Belo Horizonte;SECRETARIA ESTADUAL DE SAÚDE DE MINAS GERAIS - UF;23/07/2026 20:42:41
567912;A4205;ARES;VTCLOG CNF - CONTAGEM;;MG;17/09/2026 11:52:28;Pendente de Retorno;MG;Belo Horizonte;SECRETARIA ESTADUAL DE SAÚDE DE MINAS GERAIS - UF;27/07/2026 16:49:13
567912;A5563;ARES;VTCLOG CNF - CONTAGEM;;MG;17/09/2026 11:52:28;Pendente de Retorno;MG;Belo Horizonte;SECRETARIA ESTADUAL DE SAÚDE DE MINAS GERAIS - UF;30/06/2026 08:57:44
567912;A6335;ARES;VTCLOG CNF - CONTAGEM;;MG;17/09/2026 11:52:28;Pendente de Retorno;MG;Belo Horizonte;SECRETARIA ESTADUAL DE SAÚDE DE MINAS GERAIS - UF;23/07/2026 20:43:47
567912;A6436;ARES;VTCLOG CNF - CONTAGEM;;MG;17/09/2026 11:52:28;Pendente de Retorno;MG;Belo Horizonte;SECRETARIA ESTADUAL DE SAÚDE DE MINAS GERAIS - UF;27/07/2026 15:39:26
567912;A6552;ARES;VTCLOG CNF - CONTAGEM;;MG;17/09/2026 11:52:28;Pendente de Retorno;MG;Belo Horizonte;SECRETARIA ESTADUAL DE SAÚDE DE MINAS GERAIS - UF;17/09/2026 11:52:28
567912;A6906;ARES;VTCLOG CNF - CONTAGEM;;MG;17/09/2026 11:52:28;Pendente de Retorno;MG;Belo Horizonte;SECRETARIA ESTADUAL DE SAÚDE DE MINAS GERAIS - UF;17/07/2026 14:09:27
567912;A7030;ARES;VTCLOG CNF - CONTAGEM;;MG;17/09/2026 11:52:28;Pendente de Retorno;MG;Belo Horizonte;SECRETARIA ESTADUAL DE SAÚDE DE MINAS GERAIS - UF;17/09/2026 11:52:28
567912;A8215;ARES;VTCLOG CNF - CONTAGEM;;MG;17/09/2026 11:52:28;Pendente de Retorno;MG;Belo Horizonte;SECRETARIA ESTADUAL DE SAÚDE DE MINAS GERAIS - UF;17/09/2026 11:52:28
567912;A8988;ARES;VTCLOG CNF - CONTAGEM;;MG;17/09/2026 11:52:28;Pendente de Retorno;MG;Belo Horizonte;SECRETARIA ESTADUAL DE SAÚDE DE MINAS GERAIS - UF;27/07/2026 12:30:34
567912;A9214;ARES;VTCLOG CNF - CONTAGEM;;MG;17/09/2026 11:52:28;Pendente de Retorno;MG;Belo Horizonte;SECRETARIA ESTADUAL DE SAÚDE DE MINAS GERAIS - UF;15/07/2026 10:53:25
567912;A9408;ARES;VTCLOG CNF - CONTAGEM;;MG;17/09/2026 11:52:28;Pendente de Retorno;MG;Belo Horizonte;SECRETARIA ESTADUAL DE SAÚDE DE MINAS GERAIS - UF;21/07/2026 17:29:03
567912;A9519;ARES;VTCLOG CNF - CONTAGEM;;MG;17/09/2026 11:52:28;Pendente de Retorno;MG;Belo Horizonte;SECRETARIA ESTADUAL DE SAÚDE DE MINAS GERAIS - UF;21/07/2026 17:29:11
567912;TA0074;ARES;VTCLOG CNF - CONTAGEM;;MG;17/09/2026 11:52:28;Pendente de Retorno;MG;Belo Horizonte;SECRETARIA ESTADUAL DE SAÚDE DE MINAS GERAIS - UF;22/07/2026 09:30:30
568553;A5549;ARES;VTCLOG CNF - CONTAGEM;;MG;17/09/2026 11:44:08;Pendente de Retorno;MG;Belo Horizonte;LUIZ ANTÔNIO ZAMARO 00737.017173/2026-08;17/07/2026 17:05:50
567922;0741700073;ARES;VIX - SOULOG EXPRESS;;ES;17/09/2026 11:35:12;Retornado;ES;VITORIA;LABORATORIO CENTRAL SAUDE PUBLICA ESPIRITO SANTO -;17/09/2026 15:24:01
567922;0741700122;ARES;VIX - SOULOG EXPRESS;;ES;17/09/2026 11:35:12;Retornado;ES;VITORIA;LABORATORIO CENTRAL SAUDE PUBLICA ESPIRITO SANTO -;17/09/2026 15:22:06
567922;0741700559;ARES;VIX - SOULOG EXPRESS;;ES;17/09/2026 11:35:12;Retornado;ES;VITORIA;LABORATORIO CENTRAL SAUDE PUBLICA ESPIRITO SANTO -;17/09/2026 15:20:35
567922;0741700718;ARES;VIX - SOULOG EXPRESS;;ES;17/09/2026 11:35:12;Retornado;ES;VITORIA;LABORATORIO CENTRAL SAUDE PUBLICA ESPIRITO SANTO -;17/09/2026 15:24:51
567922;0741700865;ARES;VIX - SOULOG EXPRESS;;ES;17/09/2026 11:35:12;Retornado;ES;VITORIA;LABORATORIO CENTRAL SAUDE PUBLICA ESPIRITO SANTO -;17/09/2026 15:19:14
567922;0741700879;ARES;VIX - SOULOG EXPRESS;;ES;17/09/2026 11:35:12;Retornado;ES;VITORIA;LABORATORIO CENTRAL SAUDE PUBLICA ESPIRITO SANTO -;17/09/2026 15:23:01
567922;0741700928;ARES;VIX - SOULOG EXPRESS;;ES;17/09/2026 11:35:12;Retornado;ES;VITORIA;LABORATORIO CENTRAL SAUDE PUBLICA ESPIRITO SANTO -;17/09/2026 15:19:45
567922;A2697;ARES;VIX - SOULOG EXPRESS;;ES;17/09/2026 11:35:12;Pendente de Retorno;ES;VITORIA;LABORATORIO CENTRAL SAUDE PUBLICA ESPIRITO SANTO -;21/07/2026 17:43:41
567922;A3331;ARES;VIX - SOULOG EXPRESS;;ES;17/09/2026 11:35:12;Pendente de Retorno;ES;VITORIA;LABORATORIO CENTRAL SAUDE PUBLICA ESPIRITO SANTO -;21/07/2026 17:47:35
567922;A4862;ARES;VIX - SOULOG EXPRESS;;ES;17/09/2026 11:35:12;Pendente de Retorno;ES;VITORIA;LABORATORIO CENTRAL SAUDE PUBLICA ESPIRITO SANTO -;21/07/2026 17:12:29
567922;A5727;ARES;VIX - SOULOG EXPRESS;;ES;17/09/2026 11:35:12;Pendente de Retorno;ES;VITORIA;LABORATORIO CENTRAL SAUDE PUBLICA ESPIRITO SANTO -;24/07/2026 15:28:37
567922;A5867;ARES;VIX - SOULOG EXPRESS;;ES;17/09/2026 11:35:12;Pendente de Retorno;ES;VITORIA;LABORATORIO CENTRAL SAUDE PUBLICA ESPIRITO SANTO -;14/07/2026 14:36:52
567922;A6477;ARES;VIX - SOULOG EXPRESS;;ES;17/09/2026 11:35:12;Pendente de Retorno;ES;VITORIA;LABORATORIO CENTRAL SAUDE PUBLICA ESPIRITO SANTO -;18/07/2026 10:18:52
567922;A6748;ARES;VIX - SOULOG EXPRESS;;ES;17/09/2026 11:35:12;Pendente de Retorno;ES;VITORIA;LABORATORIO CENTRAL SAUDE PUBLICA ESPIRITO SANTO -;24/07/2026 08:25:46
567922;A7604;ARES;VIX - SOULOG EXPRESS;;ES;17/09/2026 11:35:12;Pendente de Retorno;ES;VITORIA;LABORATORIO CENTRAL SAUDE PUBLICA ESPIRITO SANTO -;17/07/2026 15:29:40
567922;A9107;ARES;VIX - SOULOG EXPRESS;;ES;17/09/2026 11:35:12;Pendente de Retorno;ES;VITORIA;LABORATORIO CENTRAL SAUDE PUBLICA ESPIRITO SANTO -;04/07/2026 11:36:02
567922;A9122;ARES;VIX - SOULOG EXPRESS;;ES;17/09/2026 11:35:12;Pendente de Retorno;ES;VITORIA;LABORATORIO CENTRAL SAUDE PUBLICA ESPIRITO SANTO -;27/07/2026 15:26:31
567922;A9714;ARES;VIX - SOULOG EXPRESS;;ES;17/09/2026 11:35:12;Pendente de Retorno;ES;VITORIA;LABORATORIO CENTRAL SAUDE PUBLICA ESPIRITO SANTO -;21/07/2026 17:25:00
567742;A4329;ARES;CGB - JR TRANSPORTES;;MT;17/09/2026 11:35:00;Retornado;MT;Cuiaba;HEMOCENTRO COORDENADOR DE MATO GROSSO;17/09/2026 16:29:15
568100;0741700722;ARES;CGB - JR TRANSPORTES;;MT;17/09/2026 11:33:08;Retornado;MT;Cuiaba;SECRETARIA DE ESTADO DE SAUDE DE MA GROSSO - SES;17/09/2026 16:29:41
567807;0741700852;ARES;VTCLOG - REC;;PE;17/09/2026 11:32:00;Retornado;PE;RECIFE;HEMOCENTRO COORDENADOR PERNAMBUCO;17/09/2026 16:23:38
568505;A2493;ARES;VTCLOG CNF - CONTAGEM;;MG;17/09/2026 11:24:30;Pendente de Retorno;MG;Belo Horizonte;ALMOXARIFADO DA SANTA CASA MESERICORDIA;21/07/2026 17:42:48
568505;TA0701;ARES;VTCLOG CNF - CONTAGEM;;MG;17/09/2026 11:24:30;Pendente de Retorno;MG;Belo Horizonte;ALMOXARIFADO DA SANTA CASA MESERICORDIA;10/07/2026 17:18:15
568001;0741700132;ARES;MAO- GR TRANSPORTES E LOGISTICA MULTIMODAL;;AM;17/09/2026 11:22:30;Retornado;AM;Manaus;HEMOCENTRO COORDENADOR DO AMAZONAS - AM;17/09/2026 14:20:53
568001;A6813;ARES;MAO- GR TRANSPORTES E LOGISTICA MULTIMODAL;;AM;17/09/2026 11:22:30;Pendente de Retorno;AM;Manaus;HEMOCENTRO COORDENADOR DO AMAZONAS - AM;25/07/2026 13:02:24
568001;A8051;ARES;MAO- GR TRANSPORTES E LOGISTICA MULTIMODAL;;AM;17/09/2026 11:22:30;Pendente de Retorno;AM;Manaus;HEMOCENTRO COORDENADOR DO AMAZONAS - AM;17/07/2026 17:06:42
568001;TA0946;ARES;MAO- GR TRANSPORTES E LOGISTICA MULTIMODAL;;AM;17/09/2026 11:22:30;Pendente de Retorno;AM;Manaus;HEMOCENTRO COORDENADOR DO AMAZONAS - AM;17/07/2026 08:37:37
567528;A9247;ARES;PVH - RODOTEC;;RO;17/09/2026 11:21:00;Pendente de Retorno;RO;Porto Velho;ALMOXARIFADO ESTADUAL DE MEDICAMENTOS - RONDÔNIA;22/07/2026 23:49:23
567470;A9511;ARES;PVH - RODOTEC;;RO;17/09/2026 11:21:00;Pendente de Retorno;RO;Porto Velho;ALMOXARIFADO ESTADUAL DE MEDICAMENTOS - RONDÔNIA;27/06/2026 10:50:25
567926;0741700056;ARES;CGB - JR TRANSPORTES;;MT;17/09/2026 11:00:03;Pendente de Retorno;MT;Cuiaba;ALMOXARIFADO ESTADUAL DE MEDICAMENTOS - MATO GROSS;17/09/2026 11:00:03
567926;0741700235;ARES;CGB - JR TRANSPORTES;;MT;17/09/2026 11:00:03;Pendente de Retorno;MT;Cuiaba;ALMOXARIFADO ESTADUAL DE MEDICAMENTOS - MATO GROSS;17/09/2026 11:00:03
567926;A1420;ARES;CGB - JR TRANSPORTES;;MT;17/09/2026 11:00:03;Pendente de Retorno;MT;Cuiaba;ALMOXARIFADO ESTADUAL DE MEDICAMENTOS - MATO GROSS;22/07/2026 23:46:21
567926;A3562;ARES;CGB - JR TRANSPORTES;;MT;17/09/2026 11:00:03;Pendente de Retorno;MT;Cuiaba;ALMOXARIFADO ESTADUAL DE MEDICAMENTOS - MATO GROSS;20/07/2026 11:38:28
567926;A5054;ARES;CGB - JR TRANSPORTES;;MT;17/09/2026 11:00:03;Pendente de Retorno;MT;Cuiaba;ALMOXARIFADO ESTADUAL DE MEDICAMENTOS - MATO GROSS;13/07/2026 16:27:14
567926;A5958;ARES;CGB - JR TRANSPORTES;;MT;17/09/2026 11:00:03;Pendente de Retorno;MT;Cuiaba;ALMOXARIFADO ESTADUAL DE MEDICAMENTOS - MATO GROSS;27/07/2026 17:11:39
567926;A9014;ARES;CGB - JR TRANSPORTES;;MT;17/09/2026 11:00:03;Pendente de Retorno;MT;Cuiaba;ALMOXARIFADO ESTADUAL DE MEDICAMENTOS - MATO GROSS;20/07/2026 11:24:26
567926;TA0411;ARES;CGB - JR TRANSPORTES;;MT;17/09/2026 11:00:03;Pendente de Retorno;MT;Cuiaba;ALMOXARIFADO ESTADUAL DE MEDICAMENTOS - MATO GROSS;18/07/2026 08:02:13
568486;0741700116;ARES;POA - GMB TRANSPORTES E LOGISTICA ME;;RS;17/09/2026 11:00:00;Retornado;RS;Porto Alegre;HOSPITAL NOSSA SENHORA DA CONCEIÇÃO;18/09/2026 09:43:14
568486;0741700246;ARES;POA - GMB TRANSPORTES E LOGISTICA ME;;RS;17/09/2026 11:00:00;Retornado;RS;Porto Alegre;HOSPITAL NOSSA SENHORA DA CONCEIÇÃO;18/09/2026 09:42:59
567898;A7975;ARES;MCP - A A CARVALHO ROCHA ME;;AP;17/09/2026 10:55:18;Pendente de Retorno;AP;Macapa;COORDENAÇÃO ESTADUAL DST/AIDS - ALMOXARIFADO - AP;24/07/2026 08:30:20
567898;A9140;ARES;MCP - A A CARVALHO ROCHA ME;;AP;17/09/2026 10:55:18;Pendente de Retorno;AP;Macapa;COORDENAÇÃO ESTADUAL DST/AIDS - ALMOXARIFADO - AP;23/07/2026 21:13:01
568115;0741700337;ARES;AJU - CASSIMIRO TRANSPORTES;;SE;17/09/2026 10:55:14;Retornado;SE;Aracaju;ALMOXARIFADO ESTADUAL DE MEDICAMENTOS - SERGIPE;17/09/2026 11:45:08
568035;0741700242;ARES;THE - AERONEIVA EXPRESS;;PI;17/09/2026 10:52:00;Pendente de Retorno;PI;Teresina;HEMOCENTRO COORDENADOR DO PIAUI;17/09/2026 10:52:00
568035;0741700287;ARES;THE - AERONEIVA EXPRESS;;PI;17/09/2026 10:52:00;Pendente de Retorno;PI;Teresina;HEMOCENTRO COORDENADOR DO PIAUI;17/09/2026 10:52:00
568035;0741700461;ARES;THE - AERONEIVA EXPRESS;;PI;17/09/2026 10:52:00;Pendente de Retorno;PI;Teresina;HEMOCENTRO COORDENADOR DO PIAUI;17/09/2026 10:52:00
568035;0741700508;ARES;THE - AERONEIVA EXPRESS;;PI;17/09/2026 10:52:00;Pendente de Retorno;PI;Teresina;HEMOCENTRO COORDENADOR DO PIAUI;17/09/2026 10:52:00
568035;0741700676;ARES;THE - AERONEIVA EXPRESS;;PI;17/09/2026 10:52:00;Pendente de Retorno;PI;Teresina;HEMOCENTRO COORDENADOR DO PIAUI;17/09/2026 10:52:00
568035;0741700911;ARES;THE - AERONEIVA EXPRESS;;PI;17/09/2026 10:52:00;Pendente de Retorno;PI;Teresina;HEMOCENTRO COORDENADOR DO PIAUI;17/09/2026 10:52:00
568035;A6665;ARES;THE - AERONEIVA EXPRESS;;PI;17/09/2026 10:52:00;Pendente de Retorno;PI;Teresina;HEMOCENTRO COORDENADOR DO PIAUI;18/07/2026 10:19:58
568035;TA0057;ARES;THE - AERONEIVA EXPRESS;;PI;17/09/2026 10:52:00;Pendente de Retorno;PI;Teresina;HEMOCENTRO COORDENADOR DO PIAUI;22/07/2026 21:42:56
568606;A8626;ARES;VTCLOG - REC;;PE;17/09/2026 10:50:34;Pendente de Retorno;PE;RECIFE;Marta Alves Pereira;13/07/2026 07:33:03
567905;A0406;ARES;VTCLOG - BSB;;DF;17/09/2026 10:47:00;Pendente de Retorno;DF;BRASILIA;ALMOXARIFADO ESTADUAL DE MEDICAMENTOS;14/07/2026 10:49:28
567905;A0807;ARES;VTCLOG - BSB;;DF;17/09/2026 10:47:00;Pendente de Retorno;DF;BRASILIA;ALMOXARIFADO ESTADUAL DE MEDICAMENTOS;22/07/2026 23:49:33
567905;A2651;ARES;VTCLOG - BSB;;DF;17/09/2026 10:47:00;Pendente de Retorno;DF;BRASILIA;ALMOXARIFADO ESTADUAL DE MEDICAMENTOS;21/07/2026 17:31:11
567905;A6846;ARES;VTCLOG - BSB;;DF;17/09/2026 10:47:00;Pendente de Retorno;DF;BRASILIA;ALMOXARIFADO ESTADUAL DE MEDICAMENTOS;24/07/2026 12:11:07
567905;A7844;ARES;VTCLOG - BSB;;DF;17/09/2026 10:47:00;Pendente de Retorno;DF;BRASILIA;ALMOXARIFADO ESTADUAL DE MEDICAMENTOS;23/07/2026 20:42:40
567512;0741700613;ARES;AJU - CASSIMIRO TRANSPORTES;;SE;17/09/2026 10:45:01;Retornado;SE;Aracaju;ALMOXARIFADO ESTADUAL DE MEDICAMENTOS - SERGIPE;17/09/2026 11:44:42
567512;TA1134;ARES;AJU - CASSIMIRO TRANSPORTES;;SE;17/09/2026 10:45:01;Pendente de Retorno;SE;Aracaju;ALMOXARIFADO ESTADUAL DE MEDICAMENTOS - SERGIPE;27/07/2026 00:17:42
567626;A0312;ARES;MCP - A A CARVALHO ROCHA ME;;AP;17/09/2026 10:33:43;Pendente de Retorno;AP;Macapa;COORDENAÇÃO ESTADUAL DST/AIDS - ALMOXARIFADO - AP;22/07/2026 08:57:23
567626;A2642;ARES;MCP - A A CARVALHO ROCHA ME;;AP;17/09/2026 10:33:43;Pendente de Retorno;AP;Macapa;COORDENAÇÃO ESTADUAL DST/AIDS - ALMOXARIFADO - AP;26/07/2026 20:46:31
567626;A5445;ARES;MCP - A A CARVALHO ROCHA ME;;AP;17/09/2026 10:33:43;Pendente de Retorno;AP;Macapa;COORDENAÇÃO ESTADUAL DST/AIDS - ALMOXARIFADO - AP;23/07/2026 08:39:36
567626;A5834;ARES;MCP - A A CARVALHO ROCHA ME;;AP;17/09/2026 10:33:43;Pendente de Retorno;AP;Macapa;COORDENAÇÃO ESTADUAL DST/AIDS - ALMOXARIFADO - AP;22/07/2026 08:59:47
567626;A6152;ARES;MCP - A A CARVALHO ROCHA ME;;AP;17/09/2026 10:33:43;Pendente de Retorno;AP;Macapa;COORDENAÇÃO ESTADUAL DST/AIDS - ALMOXARIFADO - AP;09/07/2026 08:57:51
567626;A6240;ARES;MCP - A A CARVALHO ROCHA ME;;AP;17/09/2026 10:33:43;Pendente de Retorno;AP;Macapa;COORDENAÇÃO ESTADUAL DST/AIDS - ALMOXARIFADO - AP;24/07/2026 08:23:22
567626;A6538;ARES;MCP - A A CARVALHO ROCHA ME;;AP;17/09/2026 10:33:43;Pendente de Retorno;AP;Macapa;COORDENAÇÃO ESTADUAL DST/AIDS - ALMOXARIFADO - AP;23/07/2026 08:39:42
567626;A7197;ARES;MCP - A A CARVALHO ROCHA ME;;AP;17/09/2026 10:33:43;Pendente de Retorno;AP;Macapa;COORDENAÇÃO ESTADUAL DST/AIDS - ALMOXARIFADO - AP;22/07/2026 09:29:26
567626;A8417;ARES;MCP - A A CARVALHO ROCHA ME;;AP;17/09/2026 10:33:43;Pendente de Retorno;AP;Macapa;COORDENAÇÃO ESTADUAL DST/AIDS - ALMOXARIFADO - AP;16/07/2026 11:40:56
567626;A8500;ARES;MCP - A A CARVALHO ROCHA ME;;AP;17/09/2026 10:33:43;Pendente de Retorno;AP;Macapa;COORDENAÇÃO ESTADUAL DST/AIDS - ALMOXARIFADO - AP;21/07/2026 17:25:10
567626;TA0727;ARES;MCP - A A CARVALHO ROCHA ME;;AP;17/09/2026 10:33:43;Pendente de Retorno;AP;Macapa;COORDENAÇÃO ESTADUAL DST/AIDS - ALMOXARIFADO - AP;18/07/2026 10:14:46
568498;0741700850;ARES;VTCLOG CNF - CONTAGEM;;MG;17/09/2026 10:16:20;Pendente de Retorno;MG;Belo Horizonte;FUNDACAO DE DESENVOLVIMENTO DA PESQUISA;17/09/2026 10:16:20
568868;A6043;ARES;VTCLOG - GRU;;SP;17/09/2026 10:15:51;Pendente de Retorno;SP;SAO PAULO;UNIVERSIDADE FEDERAL DE SAO PAULO;27/07/2026 00:14:24
567907;0741700135;ARES;AJU - CASSIMIRO TRANSPORTES;;SE;17/09/2026 10:14:07;Retornado;SE;Aracaju;FUNDO ESTADUAL DE SAUDE;17/09/2026 11:45:57
567907;0741700215;ARES;AJU - CASSIMIRO TRANSPORTES;;SE;17/09/2026 10:14:07;Retornado;SE;Aracaju;FUNDO ESTADUAL DE SAUDE;17/09/2026 11:44:03
567907;0741700480;ARES;AJU - CASSIMIRO TRANSPORTES;;SE;17/09/2026 10:14:07;Retornado;SE;Aracaju;FUNDO ESTADUAL DE SAUDE;17/09/2026 11:43:40
567907;A1717;ARES;AJU - CASSIMIRO TRANSPORTES;;SE;17/09/2026 10:14:07;Pendente de Retorno;SE;Aracaju;FUNDO ESTADUAL DE SAUDE;17/07/2026 14:10:17
567907;A4195;ARES;AJU - CASSIMIRO TRANSPORTES;;SE;17/09/2026 10:14:07;Pendente de Retorno;SE;Aracaju;FUNDO ESTADUAL DE SAUDE;26/07/2026 20:49:35
567907;A5635;ARES;AJU - CASSIMIRO TRANSPORTES;;SE;17/09/2026 10:14:07;Pendente de Retorno;SE;Aracaju;FUNDO ESTADUAL DE SAUDE;22/07/2026 09:01:04
567907;A8281;ARES;AJU - CASSIMIRO TRANSPORTES;;SE;17/09/2026 10:14:07;Pendente de Retorno;SE;Aracaju;FUNDO ESTADUAL DE SAUDE;25/07/2026 12:08:14
567907;TA0478;ARES;AJU - CASSIMIRO TRANSPORTES;;SE;17/09/2026 10:14:07;Pendente de Retorno;SE;Aracaju;FUNDO ESTADUAL DE SAUDE;17/07/2026 08:46:59
567907;TA0974;ARES;AJU - CASSIMIRO TRANSPORTES;;SE;17/09/2026 10:14:07;Pendente de Retorno;SE;Aracaju;FUNDO ESTADUAL DE SAUDE;30/06/2026 08:22:39
567796;0741700378;ARES;GYN - RBR EXPERIENCIA EM TRANSPORTES;;GO;17/09/2026 10:00:00;Retornado;GO;Goiania;HEMOCENTRO COORDENADOR DE GOIAS;21/09/2026 10:23:04
568016;A0781;ARES;GYN - RBR EXPERIENCIA EM TRANSPORTES;;GO;17/09/2026 10:00:00;Pendente de Retorno;GO;Goiania;HEMOCENTRO COORDENADOR DE GOIAS;13/07/2026 08:22:53
568016;A0816;ARES;GYN - RBR EXPERIENCIA EM TRANSPORTES;;GO;17/09/2026 10:00:00;Pendente de Retorno;GO;Goiania;HEMOCENTRO COORDENADOR DE GOIAS;21/07/2026 17:14:53
568016;A1850;ARES;GYN - RBR EXPERIENCIA EM TRANSPORTES;;GO;17/09/2026 10:00:00;Pendente de Retorno;GO;Goiania;HEMOCENTRO COORDENADOR DE GOIAS;22/07/2026 08:56:16
567796;A2119;ARES;GYN - RBR EXPERIENCIA EM TRANSPORTES;;GO;17/09/2026 10:00:00;Pendente de Retorno;GO;Goiania;HEMOCENTRO COORDENADOR DE GOIAS;09/07/2026 16:02:27
568000;A2331;ARES;RBR - RODOTEC;;AC;17/09/2026 10:00:00;Pendente de Retorno;AC;Rio Branco;HEMOCENTRO COORDENADOR DO ACRE;18/06/2026 09:02:24
567796;A2368;ARES;GYN - RBR EXPERIENCIA EM TRANSPORTES;;GO;17/09/2026 10:00:00;Retornado;GO;Goiania;HEMOCENTRO COORDENADOR DE GOIAS;21/09/2026 10:23:10
568016;A2759;ARES;GYN - RBR EXPERIENCIA EM TRANSPORTES;;GO;17/09/2026 10:00:00;Pendente de Retorno;GO;Goiania;HEMOCENTRO COORDENADOR DE GOIAS;09/07/2026 15:30:35
568000;A2897;ARES;RBR - RODOTEC;;AC;17/09/2026 10:00:00;Pendente de Retorno;AC;Rio Branco;HEMOCENTRO COORDENADOR DO ACRE;27/07/2026 00:12:27
567796;A3122;ARES;GYN - RBR EXPERIENCIA EM TRANSPORTES;;GO;17/09/2026 10:00:00;Pendente de Retorno;GO;Goiania;HEMOCENTRO COORDENADOR DE GOIAS;10/07/2026 17:23:14
568016;A4282;ARES;GYN - RBR EXPERIENCIA EM TRANSPORTES;;GO;17/09/2026 10:00:00;Pendente de Retorno;GO;Goiania;HEMOCENTRO COORDENADOR DE GOIAS;18/07/2026 10:14:20
568000;A4839;ARES;RBR - RODOTEC;;AC;17/09/2026 10:00:00;Pendente de Retorno;AC;Rio Branco;HEMOCENTRO COORDENADOR DO ACRE;27/07/2026 15:27:01
568000;A5518;ARES;RBR - RODOTEC;;AC;17/09/2026 10:00:00;Pendente de Retorno;AC;Rio Branco;HEMOCENTRO COORDENADOR DO ACRE;20/07/2026 11:26:43
568000;A5755;ARES;RBR - RODOTEC;;AC;17/09/2026 10:00:00;Pendente de Retorno;AC;Rio Branco;HEMOCENTRO COORDENADOR DO ACRE;17/07/2026 08:47:23
568000;A5887;ARES;RBR - RODOTEC;;AC;17/09/2026 10:00:00;Pendente de Retorno;AC;Rio Branco;HEMOCENTRO COORDENADOR DO ACRE;21/07/2026 00:11:41
568000;A6156;ARES;RBR - RODOTEC;;AC;17/09/2026 10:00:00;Pendente de Retorno;AC;Rio Branco;HEMOCENTRO COORDENADOR DO ACRE;23/07/2026 07:42:37
568016;A6302;ARES;GYN - RBR EXPERIENCIA EM TRANSPORTES;;GO;17/09/2026 10:00:00;Pendente de Retorno;GO;Goiania;HEMOCENTRO COORDENADOR DE GOIAS;24/07/2026 15:22:48
568016;A7091;ARES;GYN - RBR EXPERIENCIA EM TRANSPORTES;;GO;17/09/2026 10:00:00;Pendente de Retorno;GO;Goiania;HEMOCENTRO COORDENADOR DE GOIAS;21/07/2026 17:19:33
568000;A7343;ARES;RBR - RODOTEC;;AC;17/09/2026 10:00:00;Pendente de Retorno;AC;Rio Branco;HEMOCENTRO COORDENADOR DO ACRE;17/07/2026 17:06:41
568000;A7517;ARES;RBR - RODOTEC;;AC;17/09/2026 10:00:00;Pendente de Retorno;AC;Rio Branco;HEMOCENTRO COORDENADOR DO ACRE;24/07/2026 08:23:17
568016;A7791;ARES;GYN - RBR EXPERIENCIA EM TRANSPORTES;;GO;17/09/2026 10:00:00;Pendente de Retorno;GO;Goiania;HEMOCENTRO COORDENADOR DE GOIAS;14/05/2026 15:09:24
568016;A8492;ARES;GYN - RBR EXPERIENCIA EM TRANSPORTES;;GO;17/09/2026 10:00:00;Pendente de Retorno;GO;Goiania;HEMOCENTRO COORDENADOR DE GOIAS;10/07/2026 17:35:46
568016;A9083;ARES;GYN - RBR EXPERIENCIA EM TRANSPORTES;;GO;17/09/2026 10:00:00;Pendente de Retorno;GO;Goiania;HEMOCENTRO COORDENADOR DE GOIAS;09/07/2026 23:11:03
568016;TA0327;ARES;GYN - RBR EXPERIENCIA EM TRANSPORTES;;GO;17/09/2026 10:00:00;Pendente de Retorno;GO;Goiania;HEMOCENTRO COORDENADOR DE GOIAS;25/07/2026 21:25:28
568000;TA0511;ARES;RBR - RODOTEC;;AC;17/09/2026 10:00:00;Pendente de Retorno;AC;Rio Branco;HEMOCENTRO COORDENADOR DO ACRE;30/06/2026 07:27:21
568085;0741700178;ARES;MAO- GR TRANSPORTES E LOGISTICA MULTIMODAL;;AM;17/09/2026 09:57:54;Retornado;AM;Manaus;SES DE AMAZONAS;17/09/2026 14:16:43
568085;0741700190;ARES;MAO- GR TRANSPORTES E LOGISTICA MULTIMODAL;;AM;17/09/2026 09:57:54;Retornado;AM;Manaus;SES DE AMAZONAS;17/09/2026 14:17:14
568085;0741700239;ARES;MAO- GR TRANSPORTES E LOGISTICA MULTIMODAL;;AM;17/09/2026 09:57:54;Retornado;AM;Manaus;SES DE AMAZONAS;17/09/2026 14:17:33
568085;A3382;ARES;MAO- GR TRANSPORTES E LOGISTICA MULTIMODAL;;AM;17/09/2026 09:57:54;Pendente de Retorno;AM;Manaus;SES DE AMAZONAS;23/07/2026 20:47:15
568085;A5261;ARES;MAO- GR TRANSPORTES E LOGISTICA MULTIMODAL;;AM;17/09/2026 09:57:54;Pendente de Retorno;AM;Manaus;SES DE AMAZONAS;21/07/2026 17:25:05
568085;A6263;ARES;MAO- GR TRANSPORTES E LOGISTICA MULTIMODAL;;AM;17/09/2026 09:57:54;Pendente de Retorno;AM;Manaus;SES DE AMAZONAS;21/07/2026 17:13:30
568085;A7805;ARES;MAO- GR TRANSPORTES E LOGISTICA MULTIMODAL;;AM;17/09/2026 09:57:54;Pendente de Retorno;AM;Manaus;SES DE AMAZONAS;27/07/2026 15:26:57
568085;A9490;ARES;MAO- GR TRANSPORTES E LOGISTICA MULTIMODAL;;AM;17/09/2026 09:57:54;Pendente de Retorno;AM;Manaus;SES DE AMAZONAS;12/07/2026 22:15:36
568085;TA0965;ARES;MAO- GR TRANSPORTES E LOGISTICA MULTIMODAL;;AM;17/09/2026 09:57:54;Pendente de Retorno;AM;Manaus;SES DE AMAZONAS;24/07/2026 08:32:57
568849;A7383;ARES;VTCLOG - GRU;;SP;17/09/2026 09:47:00;Pendente de Retorno;SP;SAO PAULO;CENTRO DE REFERENCIA E TREINAMENTO AIDS;09/07/2026 21:56:56
567950;A9416;ARES;AJU - CASSIMIRO TRANSPORTES;;SE;17/09/2026 09:33:02;Pendente de Retorno;SE;Aracaju;HEMOCENTRO COORDENADOR DE SERGIPE;10/07/2026 17:36:35
568084;A4273;ARES;RBR - RODOTEC;;AC;17/09/2026 09:30:00;Pendente de Retorno;AC;Rio Branco;NÚCLEO DE DOENÇAS DE TRANSMISSÃO VETORIAL - SESACR;27/07/2026 00:14:26
567895;TA0672;ARES;RBR - RODOTEC;;AC;17/09/2026 09:30:00;Pendente de Retorno;AC;Rio Branco;NÚCLEO DE DOENÇAS DE TRANSMISSÃO VETORIAL - SESACR;13/07/2026 07:45:16
567895;TA0808;ARES;RBR - RODOTEC;;AC;17/09/2026 09:30:00;Pendente de Retorno;AC;Rio Branco;NÚCLEO DE DOENÇAS DE TRANSMISSÃO VETORIAL - SESACR;10/07/2026 07:50:38
568037;A6353;ARES;AJU - CASSIMIRO TRANSPORTES;;SE;17/09/2026 09:00:00;Pendente de Retorno;SE;Aracaju;HEMOCENTRO COORDENADOR DE SERGIPE;23/07/2026 07:43:26
568818;A6713;ARES;VTCLOG - GRU;;SP;17/09/2026 08:25:00;Pendente de Retorno;SP;Americana;REGINA VENÂNCIO;26/07/2026 22:20:24
568454;A5059;ARES;VTCLOG - GRU;;SP;17/09/2026 08:12:31;Pendente de Retorno;SP;SAO PAULO;SECRETARIA DE ESTADO DA SAUDE;22/07/2026 23:44:57
568174;A4827;ARES;CWB - TGEX TRANSPORTES E LOCACAO DE VEIC;;PR;16/09/2026 19:05:00;Pendente de Retorno;PR;Curitiba;SECRETARIA ESTADUAL DE SAUDE DO PARANA;22/07/2026 23:45:11
568174;A6842;ARES;CWB - TGEX TRANSPORTES E LOCACAO DE VEIC;;PR;16/09/2026 19:05:00;Pendente de Retorno;PR;Curitiba;SECRETARIA ESTADUAL DE SAUDE DO PARANA;27/07/2026 15:24:21
568174;A7026;ARES;CWB - TGEX TRANSPORTES E LOCACAO DE VEIC;;PR;16/09/2026 19:05:00;Pendente de Retorno;PR;Curitiba;SECRETARIA ESTADUAL DE SAUDE DO PARANA;10/07/2026 13:14:53
567495;A0026;ARES;CWB - TGEX TRANSPORTES E LOCACAO DE VEIC;;PR;16/09/2026 19:04:00;Pendente de Retorno;PR;Curitiba;SECRETARIA ESTADUAL DE SAUDE DO PARANA;10/07/2026 17:22:09
567495;A2510;ARES;CWB - TGEX TRANSPORTES E LOCACAO DE VEIC;;PR;16/09/2026 19:04:00;Pendente de Retorno;PR;Curitiba;SECRETARIA ESTADUAL DE SAUDE DO PARANA;15/07/2026 21:30:33
567495;A6301;ARES;CWB - TGEX TRANSPORTES E LOCACAO DE VEIC;;PR;16/09/2026 19:04:00;Pendente de Retorno;PR;Curitiba;SECRETARIA ESTADUAL DE SAUDE DO PARANA;01/07/2026 08:16:15
567495;A6900;ARES;CWB - TGEX TRANSPORTES E LOCACAO DE VEIC;;PR;16/09/2026 19:04:00;Pendente de Retorno;PR;Curitiba;SECRETARIA ESTADUAL DE SAUDE DO PARANA;21/07/2026 17:28:15
567495;A9274;ARES;CWB - TGEX TRANSPORTES E LOCACAO DE VEIC;;PR;16/09/2026 19:04:00;Pendente de Retorno;PR;Curitiba;SECRETARIA ESTADUAL DE SAUDE DO PARANA;10/06/2026 13:54:30
567495;TA1193;ARES;CWB - TGEX TRANSPORTES E LOCACAO DE VEIC;;PR;16/09/2026 19:04:00;Pendente de Retorno;PR;Curitiba;SECRETARIA ESTADUAL DE SAUDE DO PARANA;22/07/2026 21:44:27
567961;0741700779;ARES;VTCLOG - GRU;;SP;16/09/2026 18:33:00;Retornado;SP;Fernandopolis;SANTA CASA DE MISERICÓRDIA DE FERNANDÓPOLIS;22/09/2026 03:05:04
568137;A2047;ARES;IOS - MASPEX CARGO;;BA;16/09/2026 18:00:00;Pendente de Retorno;BA;Ilheus;BAHIA SSA GABINETE DO SECRETARIO;04/07/2026 11:28:37
568776;TA0432;ARES;VTCLOG - GRU;;SP;16/09/2026 17:18:00;Pendente de Retorno;SP;Sao Carlos;HOSPITAL UNIVERSITÁRIO DA UNIVERSIDADE FEDERAL DE;17/07/2026 07:36:35
568171;869170034873522;SENSOR WEB;VTCLOG - GRU;;MG;16/09/2026 17:04:00;Pendente de Retorno;MG;Belo Horizonte;SECRETARIA ESTADUAL DE SAÚDE DE MINAS GERAIS - UF;21/07/2026 17:12:48
568171;869170034876806;SENSOR WEB;VTCLOG - GRU;;MG;16/09/2026 17:04:00;Pendente de Retorno;MG;Belo Horizonte;SECRETARIA ESTADUAL DE SAÚDE DE MINAS GERAIS - UF;24/07/2026 08:28:52
568171;869170034877499;SENSOR WEB;VTCLOG - GRU;;MG;16/09/2026 17:04:00;Pendente de Retorno;MG;Belo Horizonte;SECRETARIA ESTADUAL DE SAÚDE DE MINAS GERAIS - UF;23/06/2026 15:08:46
568171;869170034880170;SENSOR WEB;VTCLOG - GRU;;MG;16/09/2026 17:04:00;Pendente de Retorno;MG;Belo Horizonte;SECRETARIA ESTADUAL DE SAÚDE DE MINAS GERAIS - UF;05/06/2026 10:29:26
568171;869170034884206;SENSOR WEB;VTCLOG - GRU;;MG;16/09/2026 17:04:00;Pendente de Retorno;MG;Belo Horizonte;SECRETARIA ESTADUAL DE SAÚDE DE MINAS GERAIS - UF;11/05/2026 16:34:07
568171;869170034889643;SENSOR WEB;VTCLOG - GRU;;MG;16/09/2026 17:04:00;Pendente de Retorno;MG;Belo Horizonte;SECRETARIA ESTADUAL DE SAÚDE DE MINAS GERAIS - UF;25/06/2026 15:31:45
568171;869170034890062;SENSOR WEB;VTCLOG - GRU;;MG;16/09/2026 17:04:00;Pendente de Retorno;MG;Belo Horizonte;SECRETARIA ESTADUAL DE SAÚDE DE MINAS GERAIS - UF;21/07/2026 17:09:36
568171;869170034890153;SENSOR WEB;VTCLOG - GRU;;MG;16/09/2026 17:04:00;Pendente de Retorno;MG;Belo Horizonte;SECRETARIA ESTADUAL DE SAÚDE DE MINAS GERAIS - UF;28/07/2026 07:43:25
568171;869170035496273;SENSOR WEB;VTCLOG - GRU;;MG;16/09/2026 17:04:00;Pendente de Retorno;MG;Belo Horizonte;SECRETARIA ESTADUAL DE SAÚDE DE MINAS GERAIS - UF;21/07/2026 17:09:33
568171;869170035501478;SENSOR WEB;VTCLOG - GRU;;MG;16/09/2026 17:04:00;Pendente de Retorno;MG;Belo Horizonte;SECRETARIA ESTADUAL DE SAÚDE DE MINAS GERAIS - UF;24/07/2026 08:27:08
568171;869170035503821;SENSOR WEB;VTCLOG - GRU;;MG;16/09/2026 17:04:00;Pendente de Retorno;MG;Belo Horizonte;SECRETARIA ESTADUAL DE SAÚDE DE MINAS GERAIS - UF;24/07/2026 08:27:24
568171;869170035521245;SENSOR WEB;VTCLOG - GRU;;MG;16/09/2026 17:04:00;Pendente de Retorno;MG;Belo Horizonte;SECRETARIA ESTADUAL DE SAÚDE DE MINAS GERAIS - UF;25/05/2026 17:51:49
568171;A4011;ARES;VTCLOG - GRU;;MG;16/09/2026 17:04:00;Pendente de Retorno;MG;Belo Horizonte;SECRETARIA ESTADUAL DE SAÚDE DE MINAS GERAIS - UF;27/07/2026 00:18:25
568171;A4233;ARES;VTCLOG - GRU;;MG;16/09/2026 17:04:00;Pendente de Retorno;MG;Belo Horizonte;SECRETARIA ESTADUAL DE SAÚDE DE MINAS GERAIS - UF;20/07/2026 11:37:16
568171;A4846;ARES;VTCLOG - GRU;;MG;16/09/2026 17:04:00;Pendente de Retorno;MG;Belo Horizonte;SECRETARIA ESTADUAL DE SAÚDE DE MINAS GERAIS - UF;22/07/2026 23:49:24
568171;A9671;ARES;VTCLOG - GRU;;MG;16/09/2026 17:04:00;Pendente de Retorno;MG;Belo Horizonte;SECRETARIA ESTADUAL DE SAÚDE DE MINAS GERAIS - UF;23/06/2026 08:05:25
568171;TA1148;ARES;VTCLOG - GRU;;MG;16/09/2026 17:04:00;Pendente de Retorno;MG;Belo Horizonte;SECRETARIA ESTADUAL DE SAÚDE DE MINAS GERAIS - UF;13/07/2026 07:44:36
568772;A9412;ARES;VTCLOG - GRU;;SP;16/09/2026 16:45:00;Retornado;SP;SAO PAULO;NICOLLAS HENRIQUE DA SILVA AMORIM 00737.020821/2026-03;21/09/2026 08:52:39
567562;A8705;ARES;FLN - TGEX TRANSPORTES E LOCACAO DE VEIC;;SC;16/09/2026 16:40:00;Pendente de Retorno;SC;Sao Jose;SECRETARIA ESTADUAL DE SAÚDE DE SANTA CATARINA;27/07/2026 00:11:15
567562;A8737;ARES;FLN - TGEX TRANSPORTES E LOCACAO DE VEIC;;SC;16/09/2026 16:40:00;Pendente de Retorno;SC;Sao Jose;SECRETARIA ESTADUAL DE SAÚDE DE SANTA CATARINA;27/07/2026 15:26:14
567562;TA0130;ARES;FLN - TGEX TRANSPORTES E LOCACAO DE VEIC;;SC;16/09/2026 16:40:00;Pendente de Retorno;SC;Sao Jose;SECRETARIA ESTADUAL DE SAÚDE DE SANTA CATARINA;21/07/2026 09:42:25
567562;TA1050;ARES;FLN - TGEX TRANSPORTES E LOCACAO DE VEIC;;SC;16/09/2026 16:40:00;Pendente de Retorno;SC;Sao Jose;SECRETARIA ESTADUAL DE SAÚDE DE SANTA CATARINA;27/07/2026 15:33:28
567678;A1100;ARES;CGR - LH TRANSPORTES;;MS;16/09/2026 16:16:50;Pendente de Retorno;MS;Campo Grande;COORDENAÇÃO MUNICIPAL DE DST/AIDS ALMOXARIFADO/MS;23/06/2026 09:05:02
567678;A2999;ARES;CGR - LH TRANSPORTES;;MS;16/09/2026 16:16:50;Pendente de Retorno;MS;Campo Grande;COORDENAÇÃO MUNICIPAL DE DST/AIDS ALMOXARIFADO/MS;27/07/2026 15:24:15
567678;A3103;ARES;CGR - LH TRANSPORTES;;MS;16/09/2026 16:16:50;Pendente de Retorno;MS;Campo Grande;COORDENAÇÃO MUNICIPAL DE DST/AIDS ALMOXARIFADO/MS;13/07/2026 08:27:52
567678;A3265;ARES;CGR - LH TRANSPORTES;;MS;16/09/2026 16:16:50;Pendente de Retorno;MS;Campo Grande;COORDENAÇÃO MUNICIPAL DE DST/AIDS ALMOXARIFADO/MS;21/07/2026 17:31:08
567678;A3957;ARES;CGR - LH TRANSPORTES;;MS;16/09/2026 16:16:50;Pendente de Retorno;MS;Campo Grande;COORDENAÇÃO MUNICIPAL DE DST/AIDS ALMOXARIFADO/MS;21/07/2026 17:23:05
567678;A4201;ARES;CGR - LH TRANSPORTES;;MS;16/09/2026 16:16:50;Pendente de Retorno;MS;Campo Grande;COORDENAÇÃO MUNICIPAL DE DST/AIDS ALMOXARIFADO/MS;13/07/2026 08:47:05
567678;A5034;ARES;CGR - LH TRANSPORTES;;MS;16/09/2026 16:16:50;Pendente de Retorno;MS;Campo Grande;COORDENAÇÃO MUNICIPAL DE DST/AIDS ALMOXARIFADO/MS;21/07/2026 17:45:55
567678;A5291;ARES;CGR - LH TRANSPORTES;;MS;16/09/2026 16:16:50;Pendente de Retorno;MS;Campo Grande;COORDENAÇÃO MUNICIPAL DE DST/AIDS ALMOXARIFADO/MS;23/07/2026 20:47:22
567678;A7447;ARES;CGR - LH TRANSPORTES;;MS;16/09/2026 16:16:50;Pendente de Retorno;MS;Campo Grande;COORDENAÇÃO MUNICIPAL DE DST/AIDS ALMOXARIFADO/MS;26/07/2026 22:22:13
567678;A8306;ARES;CGR - LH TRANSPORTES;;MS;16/09/2026 16:16:50;Pendente de Retorno;MS;Campo Grande;COORDENAÇÃO MUNICIPAL DE DST/AIDS ALMOXARIFADO/MS;13/07/2026 08:40:41
567678;A9171;ARES;CGR - LH TRANSPORTES;;MS;16/09/2026 16:16:50;Pendente de Retorno;MS;Campo Grande;COORDENAÇÃO MUNICIPAL DE DST/AIDS ALMOXARIFADO/MS;20/07/2026 11:24:41
567678;A9567;ARES;CGR - LH TRANSPORTES;;MS;16/09/2026 16:16:50;Pendente de Retorno;MS;Campo Grande;COORDENAÇÃO MUNICIPAL DE DST/AIDS ALMOXARIFADO/MS;17/07/2026 08:34:52
567678;TA0168;ARES;CGR - LH TRANSPORTES;;MS;16/09/2026 16:16:50;Pendente de Retorno;MS;Campo Grande;COORDENAÇÃO MUNICIPAL DE DST/AIDS ALMOXARIFADO/MS;13/07/2026 16:17:32
568002;A1474;ARES;BEL - MH FROTA TRANSPORTE;;PA;16/09/2026 16:16:00;Pendente de Retorno;PA;Ananindeua;SEC DE ESTADO DE SAUDE PULB DO PARA;25/07/2026 22:24:00
568229;A4773;ARES;BEL - MH FROTA TRANSPORTE;;PA;16/09/2026 16:16:00;Pendente de Retorno;PA;Ananindeua;SEC DE ESTADO DE SAUDE PULB DO PARA;26/07/2026 22:20:11
567717;A2834;ARES;PVH - RODOTEC;;RO;16/09/2026 16:10:00;Pendente de Retorno;RO;Porto Velho;RAIMUNDA ALVES DE OLIVEIRA NOBRE 00737.016646/2026-41;03/07/2026 08:39:19
568778;A6843;ARES;VTCLOG - GRU;;SP;16/09/2026 15:33:43;Pendente de Retorno;SP;SAO PAULO;HOSPITAL GERAL DE VILA NOVA CACHOEIRINHA;27/07/2026 15:23:12
567989;A1354;ARES;VTCLOG RIO GALEAO;;RJ;16/09/2026 15:00:00;Pendente de Retorno;RJ;RIO DE JANEIRO;HEMOCENTRO COORDENADOR DO RIO DE JANEIRO;27/07/2026 00:19:42
567989;A1502;ARES;VTCLOG RIO GALEAO;;RJ;16/09/2026 15:00:00;Pendente de Retorno;RJ;RIO DE JANEIRO;HEMOCENTRO COORDENADOR DO RIO DE JANEIRO;22/07/2026 08:56:50
567989;A1689;ARES;VTCLOG RIO GALEAO;;RJ;16/09/2026 15:00:00;Retornado;RJ;RIO DE JANEIRO;HEMOCENTRO COORDENADOR DO RIO DE JANEIRO;22/09/2026 00:49:24
567989;A2608;ARES;VTCLOG RIO GALEAO;;RJ;16/09/2026 15:00:00;Pendente de Retorno;RJ;RIO DE JANEIRO;HEMOCENTRO COORDENADOR DO RIO DE JANEIRO;27/07/2026 17:11:08
567989;A2633;ARES;VTCLOG RIO GALEAO;;RJ;16/09/2026 15:00:00;Pendente de Retorno;RJ;RIO DE JANEIRO;HEMOCENTRO COORDENADOR DO RIO DE JANEIRO;20/07/2026 11:36:52
567989;A2700;ARES;VTCLOG RIO GALEAO;;RJ;16/09/2026 15:00:00;Pendente de Retorno;RJ;RIO DE JANEIRO;HEMOCENTRO COORDENADOR DO RIO DE JANEIRO;23/07/2026 08:39:03
567989;A3061;ARES;VTCLOG RIO GALEAO;;RJ;16/09/2026 15:00:00;Pendente de Retorno;RJ;RIO DE JANEIRO;HEMOCENTRO COORDENADOR DO RIO DE JANEIRO;21/07/2026 09:41:14
567989;A3094;ARES;VTCLOG RIO GALEAO;;RJ;16/09/2026 15:00:00;Pendente de Retorno;RJ;RIO DE JANEIRO;HEMOCENTRO COORDENADOR DO RIO DE JANEIRO;24/07/2026 08:29:26
567989;A3478;ARES;VTCLOG RIO GALEAO;;RJ;16/09/2026 15:00:00;Pendente de Retorno;RJ;RIO DE JANEIRO;HEMOCENTRO COORDENADOR DO RIO DE JANEIRO;17/07/2026 15:31:26
567989;A3821;ARES;VTCLOG RIO GALEAO;;RJ;16/09/2026 15:00:00;Pendente de Retorno;RJ;RIO DE JANEIRO;HEMOCENTRO COORDENADOR DO RIO DE JANEIRO;20/07/2026 11:37:52
567989;A4164;ARES;VTCLOG RIO GALEAO;;RJ;16/09/2026 15:00:00;Retornado;RJ;RIO DE JANEIRO;HEMOCENTRO COORDENADOR DO RIO DE JANEIRO;21/09/2026 19:06:17
567989;A4595;ARES;VTCLOG RIO GALEAO;;RJ;16/09/2026 15:00:00;Pendente de Retorno;RJ;RIO DE JANEIRO;HEMOCENTRO COORDENADOR DO RIO DE JANEIRO;21/07/2026 17:28:13
567989;A5018;ARES;VTCLOG RIO GALEAO;;RJ;16/09/2026 15:00:00;Pendente de Retorno;RJ;RIO DE JANEIRO;HEMOCENTRO COORDENADOR DO RIO DE JANEIRO;17/07/2026 15:32:06
567989;A5210;ARES;VTCLOG RIO GALEAO;;RJ;16/09/2026 15:00:00;Pendente de Retorno;RJ;RIO DE JANEIRO;HEMOCENTRO COORDENADOR DO RIO DE JANEIRO;27/07/2026 16:42:53
567989;A5361;ARES;VTCLOG RIO GALEAO;;RJ;16/09/2026 15:00:00;Pendente de Retorno;RJ;RIO DE JANEIRO;HEMOCENTRO COORDENADOR DO RIO DE JANEIRO;14/07/2026 17:04:23
567964;A5401;ARES;PMW - MK BILLIG TRANSPORTES E LOGISTICA EIRELLI;;TO;16/09/2026 15:00:00;Pendente de Retorno;TO;Palmas;LABORATÓRIO DE SAÚDE PÚBLICA DE ARAGUAÍNA (LSPA);10/07/2026 07:50:40
567989;A6027;ARES;VTCLOG RIO GALEAO;;RJ;16/09/2026 15:00:00;Pendente de Retorno;RJ;RIO DE JANEIRO;HEMOCENTRO COORDENADOR DO RIO DE JANEIRO;22/07/2026 23:49:18
567989;A6144;ARES;VTCLOG RIO GALEAO;;RJ;16/09/2026 15:00:00;Pendente de Retorno;RJ;RIO DE JANEIRO;HEMOCENTRO COORDENADOR DO RIO DE JANEIRO;09/07/2026 09:14:01
567989;A6502;ARES;VTCLOG RIO GALEAO;;RJ;16/09/2026 15:00:00;Pendente de Retorno;RJ;RIO DE JANEIRO;HEMOCENTRO COORDENADOR DO RIO DE JANEIRO;27/07/2026 12:31:07
567989;A6505;ARES;VTCLOG RIO GALEAO;;RJ;16/09/2026 15:00:00;Pendente de Retorno;RJ;RIO DE JANEIRO;HEMOCENTRO COORDENADOR DO RIO DE JANEIRO;20/06/2026 11:07:14
567989;A6511;ARES;VTCLOG RIO GALEAO;;RJ;16/09/2026 15:00:00;Pendente de Retorno;RJ;RIO DE JANEIRO;HEMOCENTRO COORDENADOR DO RIO DE JANEIRO;21/07/2026 17:24:38
567989;A6582;ARES;VTCLOG RIO GALEAO;;RJ;16/09/2026 15:00:00;Pendente de Retorno;RJ;RIO DE JANEIRO;HEMOCENTRO COORDENADOR DO RIO DE JANEIRO;14/07/2026 17:28:38
567989;A6589;ARES;VTCLOG RIO GALEAO;;RJ;16/09/2026 15:00:00;Pendente de Retorno;RJ;RIO DE JANEIRO;HEMOCENTRO COORDENADOR DO RIO DE JANEIRO;22/07/2026 23:45:13
567989;A6678;ARES;VTCLOG RIO GALEAO;;RJ;16/09/2026 15:00:00;Pendente de Retorno;RJ;RIO DE JANEIRO;HEMOCENTRO COORDENADOR DO RIO DE JANEIRO;17/07/2026 08:46:41
568120;A6932;ARES;PMW - MK BILLIG TRANSPORTES E LOGISTICA EIRELLI;;TO;16/09/2026 15:00:00;Pendente de Retorno;TO;Palmas;LABORATÓRIO DE SAÚDE PÚBLICA DE ARAGUAÍNA (LSPA);22/07/2026 08:58:29
567989;A7279;ARES;VTCLOG RIO GALEAO;;RJ;16/09/2026 15:00:00;Pendente de Retorno;RJ;RIO DE JANEIRO;HEMOCENTRO COORDENADOR DO RIO DE JANEIRO;21/07/2026 17:10:22
567989;A7753;ARES;VTCLOG RIO GALEAO;;RJ;16/09/2026 15:00:00;Pendente de Retorno;RJ;RIO DE JANEIRO;HEMOCENTRO COORDENADOR DO RIO DE JANEIRO;24/07/2026 08:26:01
567989;A7957;ARES;VTCLOG RIO GALEAO;;RJ;16/09/2026 15:00:00;Pendente de Retorno;RJ;RIO DE JANEIRO;HEMOCENTRO COORDENADOR DO RIO DE JANEIRO;05/06/2026 17:02:54
567989;A8185;ARES;VTCLOG RIO GALEAO;;RJ;16/09/2026 15:00:00;Pendente de Retorno;RJ;RIO DE JANEIRO;HEMOCENTRO COORDENADOR DO RIO DE JANEIRO;23/07/2026 21:11:10
567989;A8253;ARES;VTCLOG RIO GALEAO;;RJ;16/09/2026 15:00:00;Pendente de Retorno;RJ;RIO DE JANEIRO;HEMOCENTRO COORDENADOR DO RIO DE JANEIRO;10/07/2026 02:10:02
567989;A8301;ARES;VTCLOG RIO GALEAO;;RJ;16/09/2026 15:00:00;Pendente de Retorno;RJ;RIO DE JANEIRO;HEMOCENTRO COORDENADOR DO RIO DE JANEIRO;10/07/2026 17:29:51
567989;A8459;ARES;VTCLOG RIO GALEAO;;RJ;16/09/2026 15:00:00;Pendente de Retorno;RJ;RIO DE JANEIRO;HEMOCENTRO COORDENADOR DO RIO DE JANEIRO;18/07/2026 10:15:49
567989;A8488;ARES;VTCLOG RIO GALEAO;;RJ;16/09/2026 15:00:00;Pendente de Retorno;RJ;RIO DE JANEIRO;HEMOCENTRO COORDENADOR DO RIO DE JANEIRO;20/07/2026 11:25:33
567989;A8779;ARES;VTCLOG RIO GALEAO;;RJ;16/09/2026 15:00:00;Pendente de Retorno;RJ;RIO DE JANEIRO;HEMOCENTRO COORDENADOR DO RIO DE JANEIRO;22/07/2026 23:49:48
567989;TA0108;ARES;VTCLOG RIO GALEAO;;RJ;16/09/2026 15:00:00;Retornado;RJ;RIO DE JANEIRO;HEMOCENTRO COORDENADOR DO RIO DE JANEIRO;22/09/2026 00:49:31
567989;TA0210;ARES;VTCLOG RIO GALEAO;;RJ;16/09/2026 15:00:00;Pendente de Retorno;RJ;RIO DE JANEIRO;HEMOCENTRO COORDENADOR DO RIO DE JANEIRO;26/07/2026 20:50:25
567989;TA0239;ARES;VTCLOG RIO GALEAO;;RJ;16/09/2026 15:00:00;Pendente de Retorno;RJ;RIO DE JANEIRO;HEMOCENTRO COORDENADOR DO RIO DE JANEIRO;15/07/2026 21:03:09
567989;TA0288;ARES;VTCLOG RIO GALEAO;;RJ;16/09/2026 15:00:00;Pendente de Retorno;RJ;RIO DE JANEIRO;HEMOCENTRO COORDENADOR DO RIO DE JANEIRO;27/07/2026 00:16:26
567989;TA0289;ARES;VTCLOG RIO GALEAO;;RJ;16/09/2026 15:00:00;Pendente de Retorno;RJ;RIO DE JANEIRO;HEMOCENTRO COORDENADOR DO RIO DE JANEIRO;22/07/2026 09:31:39
567989;TA0569;ARES;VTCLOG RIO GALEAO;;RJ;16/09/2026 15:00:00;Pendente de Retorno;RJ;RIO DE JANEIRO;HEMOCENTRO COORDENADOR DO RIO DE JANEIRO;29/06/2026 17:05:39
567989;TA0584;ARES;VTCLOG RIO GALEAO;;RJ;16/09/2026 15:00:00;Pendente de Retorno;RJ;RIO DE JANEIRO;HEMOCENTRO COORDENADOR DO RIO DE JANEIRO;25/07/2026 21:34:56
567989;TA0700;ARES;VTCLOG RIO GALEAO;;RJ;16/09/2026 15:00:00;Pendente de Retorno;RJ;RIO DE JANEIRO;HEMOCENTRO COORDENADOR DO RIO DE JANEIRO;01/07/2026 14:27:02
567989;TA0763;ARES;VTCLOG RIO GALEAO;;RJ;16/09/2026 15:00:00;Pendente de Retorno;RJ;RIO DE JANEIRO;HEMOCENTRO COORDENADOR DO RIO DE JANEIRO;13/07/2026 08:27:37
567989;TA0878;ARES;VTCLOG RIO GALEAO;;RJ;16/09/2026 15:00:00;Pendente de Retorno;RJ;RIO DE JANEIRO;HEMOCENTRO COORDENADOR DO RIO DE JANEIRO;13/07/2026 08:23:37
567989;TA0917;ARES;VTCLOG RIO GALEAO;;RJ;16/09/2026 15:00:00;Pendente de Retorno;RJ;RIO DE JANEIRO;HEMOCENTRO COORDENADOR DO RIO DE JANEIRO;21/07/2026 17:25:49
567530;A7099;ARES;AJU - CASSIMIRO TRANSPORTES;;SE;16/09/2026 14:59:06;Pendente de Retorno;SE;Aracaju;ALMOXARIFADO ESTADUAL DE MEDICAMENTOS - SERGIPE;27/07/2026 15:23:53
568245;TA0256;ARES;VTCLOG - BSB;;DF;16/09/2026 14:58:50;Pendente de Retorno;DF;BRASILIA;VITOR JOSÉ BATISTA 00737.023627/2025-91;15/07/2026 21:27:47
568504;A7518;ARES;VTCLOG - GRU;;SP;16/09/2026 14:42:00;Pendente de Retorno;SP;SAO PAULO;HOSPITAL SÃO PAULO- UNIFESP-SP;09/07/2026 23:52:04
568653;TA1149;ARES;VTCLOG - GRU;;SP;16/09/2026 14:35:13;Pendente de Retorno;SP;SAO PAULO;ALISSON RICHARD SOUZA LEITE SEI;28/07/2026 03:02:19
568779;A7968;ARES;VTCLOG - GRU;;SP;16/09/2026 14:08:00;Pendente de Retorno;SP;Sumare;HOSPITAL ESTADUAL DE SUMARE;17/07/2026 08:23:11
566200;A3668;ARES;SLZ - REIS CAVALCANTE EXPRESSO;;MA;16/09/2026 14:04:40;Pendente de Retorno;MA;Sao Luis;HOSPITAL MACRORREGIONAL DRA RUTH NOLETO;25/07/2026 21:29:02
566200;A5226;ARES;SLZ - REIS CAVALCANTE EXPRESSO;;MA;16/09/2026 14:04:40;Pendente de Retorno;MA;Sao Luis;HOSPITAL MACRORREGIONAL DRA RUTH NOLETO;22/07/2026 08:58:31
566200;A5661;ARES;SLZ - REIS CAVALCANTE EXPRESSO;;MA;16/09/2026 14:04:40;Pendente de Retorno;MA;Sao Luis;HOSPITAL MACRORREGIONAL DRA RUTH NOLETO;13/07/2026 16:35:14
566200;A7750;ARES;SLZ - REIS CAVALCANTE EXPRESSO;;MA;16/09/2026 14:04:40;Pendente de Retorno;MA;Sao Luis;HOSPITAL MACRORREGIONAL DRA RUTH NOLETO;26/07/2026 22:22:34
568184;869170034872755;SENSOR WEB;FLN - TGEX TRANSPORTES E LOCACAO DE VEIC;;SC;16/09/2026 14:04:07;Pendente de Retorno;SC;Sao Jose;SECRETARIA ESTADUAL DE SAÚDE DE SANTA CATARINA;24/07/2026 08:27:09
568184;869170034882366;SENSOR WEB;FLN - TGEX TRANSPORTES E LOCACAO DE VEIC;;SC;16/09/2026 14:04:07;Pendente de Retorno;SC;Sao Jose;SECRETARIA ESTADUAL DE SAÚDE DE SANTA CATARINA;27/07/2026 19:14:30
568184;869170034882887;SENSOR WEB;FLN - TGEX TRANSPORTES E LOCACAO DE VEIC;;SC;16/09/2026 14:04:07;Pendente de Retorno;SC;Sao Jose;SECRETARIA ESTADUAL DE SAÚDE DE SANTA CATARINA;21/07/2026 17:09:29
568184;869170034884032;SENSOR WEB;FLN - TGEX TRANSPORTES E LOCACAO DE VEIC;;SC;16/09/2026 14:04:07;Pendente de Retorno;SC;Sao Jose;SECRETARIA ESTADUAL DE SAÚDE DE SANTA CATARINA;21/07/2026 17:09:44
568184;869170034885773;SENSOR WEB;FLN - TGEX TRANSPORTES E LOCACAO DE VEIC;;SC;16/09/2026 14:04:07;Pendente de Retorno;SC;Sao Jose;SECRETARIA ESTADUAL DE SAÚDE DE SANTA CATARINA;21/07/2026 17:16:03
568184;869170034885807;SENSOR WEB;FLN - TGEX TRANSPORTES E LOCACAO DE VEIC;;SC;16/09/2026 14:04:07;Pendente de Retorno;SC;Sao Jose;SECRETARIA ESTADUAL DE SAÚDE DE SANTA CATARINA;21/07/2026 17:10:55
568184;869170034888389;SENSOR WEB;FLN - TGEX TRANSPORTES E LOCACAO DE VEIC;;SC;16/09/2026 14:04:07;Pendente de Retorno;SC;Sao Jose;SECRETARIA ESTADUAL DE SAÚDE DE SANTA CATARINA;04/05/2026 17:28:22
568184;869170034889734;SENSOR WEB;FLN - TGEX TRANSPORTES E LOCACAO DE VEIC;;SC;16/09/2026 14:04:07;Pendente de Retorno;SC;Sao Jose;SECRETARIA ESTADUAL DE SAÚDE DE SANTA CATARINA;27/07/2026 19:18:03
568184;869170035494781;SENSOR WEB;FLN - TGEX TRANSPORTES E LOCACAO DE VEIC;;SC;16/09/2026 14:04:07;Pendente de Retorno;SC;Sao Jose;SECRETARIA ESTADUAL DE SAÚDE DE SANTA CATARINA;20/07/2026 08:53:43
568184;869170035502492;SENSOR WEB;FLN - TGEX TRANSPORTES E LOCACAO DE VEIC;;SC;16/09/2026 14:04:07;Pendente de Retorno;SC;Sao Jose;SECRETARIA ESTADUAL DE SAÚDE DE SANTA CATARINA;23/07/2026 08:51:26
568184;A7286;ARES;FLN - TGEX TRANSPORTES E LOCACAO DE VEIC;;SC;16/09/2026 14:04:07;Pendente de Retorno;SC;Sao Jose;SECRETARIA ESTADUAL DE SAÚDE DE SANTA CATARINA;21/07/2026 09:43:38
568184;A7966;ARES;FLN - TGEX TRANSPORTES E LOCACAO DE VEIC;;SC;16/09/2026 14:04:07;Pendente de Retorno;SC;Sao Jose;SECRETARIA ESTADUAL DE SAÚDE DE SANTA CATARINA;18/07/2026 11:46:16
568184;A8172;ARES;FLN - TGEX TRANSPORTES E LOCACAO DE VEIC;;SC;16/09/2026 14:04:07;Pendente de Retorno;SC;Sao Jose;SECRETARIA ESTADUAL DE SAÚDE DE SANTA CATARINA;12/05/2026 15:02:20
568184;A8181;ARES;FLN - TGEX TRANSPORTES E LOCACAO DE VEIC;;SC;16/09/2026 14:04:07;Pendente de Retorno;SC;Sao Jose;SECRETARIA ESTADUAL DE SAÚDE DE SANTA CATARINA;26/07/2026 22:24:20
568184;A9611;ARES;FLN - TGEX TRANSPORTES E LOCACAO DE VEIC;;SC;16/09/2026 14:04:07;Pendente de Retorno;SC;Sao Jose;SECRETARIA ESTADUAL DE SAÚDE DE SANTA CATARINA;17/07/2026 14:09:57
568184;A9688;ARES;FLN - TGEX TRANSPORTES E LOCACAO DE VEIC;;SC;16/09/2026 14:04:07;Pendente de Retorno;SC;Sao Jose;SECRETARIA ESTADUAL DE SAÚDE DE SANTA CATARINA;27/07/2026 16:47:51
568184;TA0999;ARES;FLN - TGEX TRANSPORTES E LOCACAO DE VEIC;;SC;16/09/2026 14:04:07;Pendente de Retorno;SC;Sao Jose;SECRETARIA ESTADUAL DE SAÚDE DE SANTA CATARINA;13/07/2026 08:41:42
567619;A8523;ARES;CGR - LH TRANSPORTES;;MS;16/09/2026 14:00:00;Pendente de Retorno;MS;Campo Grande;SECRETARIA DE SAUDE;13/07/2026 16:49:35
568179;869170034872250;SENSOR WEB;POA - GMB TRANSPORTES E LOGISTICA ME;;RS;16/09/2026 12:50:08;Pendente de Retorno;RS;Porto Alegre;SECRETARIA ESTADUAL DE SAÚDE;28/07/2026 07:42:46
568179;869170034872433;SENSOR WEB;POA - GMB TRANSPORTES E LOGISTICA ME;;RS;16/09/2026 12:50:08;Pendente de Retorno;RS;Porto Alegre;SECRETARIA ESTADUAL DE SAÚDE;21/07/2026 17:17:06
568179;869170034886250;SENSOR WEB;POA - GMB TRANSPORTES E LOGISTICA ME;;RS;16/09/2026 12:50:08;Pendente de Retorno;RS;Porto Alegre;SECRETARIA ESTADUAL DE SAÚDE;26/06/2026 13:04:45
568179;869170035502807;SENSOR WEB;POA - GMB TRANSPORTES E LOGISTICA ME;;RS;16/09/2026 12:50:08;Pendente de Retorno;RS;Porto Alegre;SECRETARIA ESTADUAL DE SAÚDE;17/07/2026 13:09:21
568179;869170035503680;SENSOR WEB;POA - GMB TRANSPORTES E LOGISTICA ME;;RS;16/09/2026 12:50:08;Pendente de Retorno;RS;Porto Alegre;SECRETARIA ESTADUAL DE SAÚDE;21/07/2026 17:09:40
568179;869170035518597;SENSOR WEB;POA - GMB TRANSPORTES E LOGISTICA ME;;RS;16/09/2026 12:50:08;Pendente de Retorno;RS;Porto Alegre;SECRETARIA ESTADUAL DE SAÚDE;24/06/2026 17:20:22
568179;A0543;ARES;POA - GMB TRANSPORTES E LOGISTICA ME;;RS;16/09/2026 12:50:08;Pendente de Retorno;RS;Porto Alegre;SECRETARIA ESTADUAL DE SAÚDE;14/07/2026 14:41:53
568179;A0763;ARES;POA - GMB TRANSPORTES E LOGISTICA ME;;RS;16/09/2026 12:50:08;Pendente de Retorno;RS;Porto Alegre;SECRETARIA ESTADUAL DE SAÚDE;21/05/2026 10:06:54
568179;A3676;ARES;POA - GMB TRANSPORTES E LOGISTICA ME;;RS;16/09/2026 12:50:08;Pendente de Retorno;RS;Porto Alegre;SECRETARIA ESTADUAL DE SAÚDE;27/07/2026 00:17:26
568179;A4056;ARES;POA - GMB TRANSPORTES E LOGISTICA ME;;RS;16/09/2026 12:50:08;Pendente de Retorno;RS;Porto Alegre;SECRETARIA ESTADUAL DE SAÚDE;21/07/2026 17:23:08
568179;A6032;ARES;POA - GMB TRANSPORTES E LOGISTICA ME;;RS;16/09/2026 12:50:08;Pendente de Retorno;RS;Porto Alegre;SECRETARIA ESTADUAL DE SAÚDE;27/07/2026 16:47:14
568179;A6170;ARES;POA - GMB TRANSPORTES E LOGISTICA ME;;RS;16/09/2026 12:50:08;Pendente de Retorno;RS;Porto Alegre;SECRETARIA ESTADUAL DE SAÚDE;23/07/2026 00:30:23
568179;A6653;ARES;POA - GMB TRANSPORTES E LOGISTICA ME;;RS;16/09/2026 12:50:08;Pendente de Retorno;RS;Porto Alegre;SECRETARIA ESTADUAL DE SAÚDE;17/07/2026 08:30:04
568179;A7970;ARES;POA - GMB TRANSPORTES E LOGISTICA ME;;RS;16/09/2026 12:50:08;Pendente de Retorno;RS;Porto Alegre;SECRETARIA ESTADUAL DE SAÚDE;29/06/2026 23:27:13
568179;A9066;ARES;POA - GMB TRANSPORTES E LOGISTICA ME;;RS;16/09/2026 12:50:08;Pendente de Retorno;RS;Porto Alegre;SECRETARIA ESTADUAL DE SAÚDE;10/07/2026 13:14:35
568179;AS-0269;ARES COM SONDA;POA - GMB TRANSPORTES E LOGISTICA ME;;RS;16/09/2026 12:50:08;Pendente de Retorno;RS;Porto Alegre;SECRETARIA ESTADUAL DE SAÚDE;14/07/2026 15:16:40
568179;AS-0363;ARES COM SONDA;POA - GMB TRANSPORTES E LOGISTICA ME;;RS;16/09/2026 12:50:08;Pendente de Retorno;RS;Porto Alegre;SECRETARIA ESTADUAL DE SAÚDE;16/07/2026 17:12:12
568179;AS-0511;ARES COM SONDA;POA - GMB TRANSPORTES E LOGISTICA ME;;RS;16/09/2026 12:50:08;Pendente de Retorno;RS;Porto Alegre;SECRETARIA ESTADUAL DE SAÚDE;14/07/2026 15:16:56
568179;TA0331;ARES;POA - GMB TRANSPORTES E LOGISTICA ME;;RS;16/09/2026 12:50:08;Pendente de Retorno;RS;Porto Alegre;SECRETARIA ESTADUAL DE SAÚDE;26/06/2026 17:40:15
568179;TA0419;ARES;POA - GMB TRANSPORTES E LOGISTICA ME;;RS;16/09/2026 12:50:08;Pendente de Retorno;RS;Porto Alegre;SECRETARIA ESTADUAL DE SAÚDE;18/07/2026 10:12:21
568179;TA0898;ARES;POA - GMB TRANSPORTES E LOGISTICA ME;;RS;16/09/2026 12:50:08;Pendente de Retorno;RS;Porto Alegre;SECRETARIA ESTADUAL DE SAÚDE;18/07/2026 07:57:59
568681;A8623;ARES;VTCLOG - GRU;;SP;16/09/2026 12:46:00;Pendente de Retorno;SP;SAO PAULO;WILLIAM DE ALENCAR;20/07/2026 15:11:35
20261398;A5408;ARES;VTCLOG RIO GALEAO;;RJ;16/09/2026 12:40:00;Pendente de Retorno;RJ;RIO DE JANEIRO;FUNDACAO OSWALDO CRUZ;28/07/2026 03:03:50
567421;A4345;ARES;MAO- GR TRANSPORTES E LOGISTICA MULTIMODAL;;AM;16/09/2026 12:37:22;Pendente de Retorno;AM;Manaus;CENTRAL MEDIC SECR EST SAUDE AMAZONA;23/06/2026 08:18:35
567421;A5262;ARES;MAO- GR TRANSPORTES E LOGISTICA MULTIMODAL;;AM;16/09/2026 12:37:22;Pendente de Retorno;AM;Manaus;CENTRAL MEDIC SECR EST SAUDE AMAZONA;18/07/2026 10:18:58
567913;A0444;ARES;BVB - J PIMENTEL S. CUNHA LTDA;;RR;16/09/2026 12:35:12;Pendente de Retorno;RR;Boa Vista;HEMOCENTRO COORDENADOR DE RORAIMA RR;27/07/2026 15:20:58
567913;A3181;ARES;BVB - J PIMENTEL S. CUNHA LTDA;;RR;16/09/2026 12:35:12;Pendente de Retorno;RR;Boa Vista;HEMOCENTRO COORDENADOR DE RORAIMA RR;27/07/2026 00:20:03
567913;A3743;ARES;BVB - J PIMENTEL S. CUNHA LTDA;;RR;16/09/2026 12:35:12;Pendente de Retorno;RR;Boa Vista;HEMOCENTRO COORDENADOR DE RORAIMA RR;30/06/2026 08:34:05
567913;A8484;ARES;BVB - J PIMENTEL S. CUNHA LTDA;;RR;16/09/2026 12:35:12;Pendente de Retorno;RR;Boa Vista;HEMOCENTRO COORDENADOR DE RORAIMA RR;23/06/2026 15:13:32
567913;A8725;ARES;BVB - J PIMENTEL S. CUNHA LTDA;;RR;16/09/2026 12:35:12;Pendente de Retorno;RR;Boa Vista;HEMOCENTRO COORDENADOR DE RORAIMA RR;10/07/2026 17:25:24
567913;A9562;ARES;BVB - J PIMENTEL S. CUNHA LTDA;;RR;16/09/2026 12:35:12;Pendente de Retorno;RR;Boa Vista;HEMOCENTRO COORDENADOR DE RORAIMA RR;24/07/2026 08:23:42
567913;TA0053;ARES;BVB - J PIMENTEL S. CUNHA LTDA;;RR;16/09/2026 12:35:12;Pendente de Retorno;RR;Boa Vista;HEMOCENTRO COORDENADOR DE RORAIMA RR;16/09/2026 12:35:12
567913;TA0152;ARES;BVB - J PIMENTEL S. CUNHA LTDA;;RR;16/09/2026 12:35:12;Pendente de Retorno;RR;Boa Vista;HEMOCENTRO COORDENADOR DE RORAIMA RR;28/07/2026 03:04:23
567913;TA0156;ARES;BVB - J PIMENTEL S. CUNHA LTDA;;RR;16/09/2026 12:35:12;Pendente de Retorno;RR;Boa Vista;HEMOCENTRO COORDENADOR DE RORAIMA RR;26/07/2026 22:20:29
567449;A2505;ARES;VIX - SOULOG EXPRESS;;ES;16/09/2026 12:29:05;Pendente de Retorno;ES;VITORIA;LABORATORIO CENTRAL SAUDE PUBLICA ESPIRITO SANTO -;18/07/2026 08:01:54
567449;A2973;ARES;VIX - SOULOG EXPRESS;;ES;16/09/2026 12:29:05;Pendente de Retorno;ES;VITORIA;LABORATORIO CENTRAL SAUDE PUBLICA ESPIRITO SANTO -;14/07/2026 17:04:29
567449;A9621;ARES;VIX - SOULOG EXPRESS;;ES;16/09/2026 12:29:05;Pendente de Retorno;ES;VITORIA;LABORATORIO CENTRAL SAUDE PUBLICA ESPIRITO SANTO -;18/07/2026 10:16:14
568286;A7873;ARES;POA - GMB TRANSPORTES E LOGISTICA ME;;RS;16/09/2026 12:04:14;Pendente de Retorno;RS;Porto Alegre;LACEN DO RIO GRANDE DO SUL;17/07/2026 08:46:53
567582;A6802;ARES;MAO- GR TRANSPORTES E LOGISTICA MULTIMODAL;;AM;16/09/2026 12:03:08;Pendente de Retorno;AM;Manaus;HEMOCENTRO COORDENADOR DO AMAZONAS - AM;23/07/2026 20:43:50
567377;A7624;ARES;FLN - TGEX TRANSPORTES E LOCACAO DE VEIC;;SC;16/09/2026 12:01:36;Pendente de Retorno;SC;Florianopolis;HEMOCENTRO COORDENADOR DE SANTA CATARINA;18/07/2026 10:15:21
568089;A8346;ARES;MCP - A A CARVALHO ROCHA ME;;AP;16/09/2026 11:43:50;Pendente de Retorno;AP;Macapa;COORDENAÇÃO ESTADUAL DST/AIDS - ALMOXARIFADO - AP;09/07/2026 02:50:37
568154;869170034885120;SENSOR WEB;VTCLOG - BSB;;DF;16/09/2026 11:31:00;Pendente de Retorno;DF;BRASILIA;ALMOXARIFADO ESTADUAL DE MEDICAMENTOS;24/07/2026 08:28:59
568154;869170034888124;SENSOR WEB;VTCLOG - BSB;;DF;16/09/2026 11:31:00;Pendente de Retorno;DF;BRASILIA;ALMOXARIFADO ESTADUAL DE MEDICAMENTOS;27/07/2026 19:14:39
568154;869170035510180;SENSOR WEB;VTCLOG - BSB;;DF;16/09/2026 11:31:00;Pendente de Retorno;DF;BRASILIA;ALMOXARIFADO ESTADUAL DE MEDICAMENTOS;09/06/2026 16:32:40
568154;A1514;ARES;VTCLOG - BSB;;DF;16/09/2026 11:31:00;Pendente de Retorno;DF;BRASILIA;ALMOXARIFADO ESTADUAL DE MEDICAMENTOS;27/07/2026 15:22:01
568154;A4098;ARES;VTCLOG - BSB;;DF;16/09/2026 11:31:00;Pendente de Retorno;DF;BRASILIA;ALMOXARIFADO ESTADUAL DE MEDICAMENTOS;20/07/2026 09:51:38
568209;TA0557;ARES;VTCLOG - BSB;;DF;16/09/2026 11:28:00;Pendente de Retorno;DF;BRASILIA;ALMOXARIFADO ESTADUAL DE MEDICAMENTOS;18/07/2026 07:57:58
568209;TA0772;ARES;VTCLOG - BSB;;DF;16/09/2026 11:28:00;Pendente de Retorno;DF;BRASILIA;ALMOXARIFADO ESTADUAL DE MEDICAMENTOS;09/07/2026 16:02:49
568003;A3740;ARES;MCP - A A CARVALHO ROCHA ME;;AP;16/09/2026 11:07:39;Pendente de Retorno;AP;Macapa;HEMOCENTRO COORDENADOR DO AMAPA;10/07/2026 13:11:56
567818;A1427;ARES;VTCLOG - REC;;PE;16/09/2026 11:05:37;Pendente de Retorno;PE;RECIFE;PERNAMBUCO SECRET DE SAUDE;23/06/2026 08:06:48
567818;A1913;ARES;VTCLOG - REC;;PE;16/09/2026 11:05:37;Pendente de Retorno;PE;RECIFE;PERNAMBUCO SECRET DE SAUDE;21/07/2026 17:10:36
567818;A6255;ARES;VTCLOG - REC;;PE;16/09/2026 11:05:37;Pendente de Retorno;PE;RECIFE;PERNAMBUCO SECRET DE SAUDE;20/07/2026 11:24:13
567818;A9175;ARES;VTCLOG - REC;;PE;16/09/2026 11:05:37;Retornado;PE;RECIFE;PERNAMBUCO SECRET DE SAUDE;16/09/2026 16:23:53
567818;A9647;ARES;VTCLOG - REC;;PE;16/09/2026 11:05:37;Pendente de Retorno;PE;RECIFE;PERNAMBUCO SECRET DE SAUDE;21/07/2026 17:25:43
567818;TA0157;ARES;VTCLOG - REC;;PE;16/09/2026 11:05:37;Pendente de Retorno;PE;RECIFE;PERNAMBUCO SECRET DE SAUDE;10/07/2026 07:57:45
567818;TA0395;ARES;VTCLOG - REC;;PE;16/09/2026 11:05:37;Pendente de Retorno;PE;RECIFE;PERNAMBUCO SECRET DE SAUDE;22/07/2026 08:57:40
567818;TA0721;ARES;VTCLOG - REC;;PE;16/09/2026 11:05:37;Pendente de Retorno;PE;RECIFE;PERNAMBUCO SECRET DE SAUDE;16/07/2026 11:44:57
567818;TA0821;ARES;VTCLOG - REC;;PE;16/09/2026 11:05:37;Pendente de Retorno;PE;RECIFE;PERNAMBUCO SECRET DE SAUDE;14/07/2026 17:24:32
567818;TA1000;ARES;VTCLOG - REC;;PE;16/09/2026 11:05:37;Pendente de Retorno;PE;RECIFE;PERNAMBUCO SECRET DE SAUDE;27/07/2026 16:47:06
568109;A8175;ARES;VTCLOG - BSB;;DF;16/09/2026 10:58:16;Pendente de Retorno;DF;BRASILIA;LABORATÓRIO CENTRAL DE SAÚDE PÚBLICA - DISTRITO FE;18/07/2026 10:11:34
568210;TA0273;ARES;JPA - LIDER CARGAS;;PB;16/09/2026 10:46:17;Pendente de Retorno;PB;Joao Pessoa;SEC DE SAUDE DA PARAIBA;26/06/2026 17:40:09
567425;A4796;ARES;SSA - LUTY LOG;;BA;16/09/2026 10:30:28;Pendente de Retorno;BA;Salvador;BAHIA SSA GABINETE DO SECRETARIO;24/07/2026 08:30:47
567425;A6365;ARES;SSA - LUTY LOG;;BA;16/09/2026 10:30:28;Pendente de Retorno;BA;Salvador;BAHIA SSA GABINETE DO SECRETARIO;30/06/2026 07:24:54
567425;A7626;ARES;SSA - LUTY LOG;;BA;16/09/2026 10:30:28;Pendente de Retorno;BA;Salvador;BAHIA SSA GABINETE DO SECRETARIO;22/07/2026 08:57:42
567524;A9694;ARES;SSA - LUTY LOG;;BA;16/09/2026 10:30:28;Pendente de Retorno;BA;Salvador;BAHIA SSA GABINETE DO SECRETARIO;30/06/2026 07:26:10
567425;TA0832;ARES;SSA - LUTY LOG;;BA;16/09/2026 10:30:28;Pendente de Retorno;BA;Salvador;BAHIA SSA GABINETE DO SECRETARIO;13/07/2026 08:22:35
567972;A2165;ARES;JPA - LIDER CARGAS;;PB;16/09/2026 10:25:58;Pendente de Retorno;PB;Joao Pessoa;HEMOCENTRO COORDENADOR DE PARAÍBA;23/06/2026 15:14:54
567972;A2795;ARES;JPA - LIDER CARGAS;;PB;16/09/2026 10:25:58;Pendente de Retorno;PB;Joao Pessoa;HEMOCENTRO COORDENADOR DE PARAÍBA;24/07/2026 08:29:20
567972;A3106;ARES;JPA - LIDER CARGAS;;PB;16/09/2026 10:25:58;Pendente de Retorno;PB;Joao Pessoa;HEMOCENTRO COORDENADOR DE PARAÍBA;23/07/2026 21:12:57
567972;A3112;ARES;JPA - LIDER CARGAS;;PB;16/09/2026 10:25:58;Pendente de Retorno;PB;Joao Pessoa;HEMOCENTRO COORDENADOR DE PARAÍBA;23/07/2026 07:42:28
567972;A3922;ARES;JPA - LIDER CARGAS;;PB;16/09/2026 10:25:58;Pendente de Retorno;PB;Joao Pessoa;HEMOCENTRO COORDENADOR DE PARAÍBA;14/07/2026 10:48:58
567972;A4778;ARES;JPA - LIDER CARGAS;;PB;16/09/2026 10:25:58;Pendente de Retorno;PB;Joao Pessoa;HEMOCENTRO COORDENADOR DE PARAÍBA;10/07/2026 02:11:59
567972;A5156;ARES;JPA - LIDER CARGAS;;PB;16/09/2026 10:25:58;Pendente de Retorno;PB;Joao Pessoa;HEMOCENTRO COORDENADOR DE PARAÍBA;23/07/2026 20:44:03
567972;A5398;ARES;JPA - LIDER CARGAS;;PB;16/09/2026 10:25:58;Pendente de Retorno;PB;Joao Pessoa;HEMOCENTRO COORDENADOR DE PARAÍBA;26/07/2026 22:23:02
567972;A6387;ARES;JPA - LIDER CARGAS;;PB;16/09/2026 10:25:58;Pendente de Retorno;PB;Joao Pessoa;HEMOCENTRO COORDENADOR DE PARAÍBA;01/07/2026 13:22:28
567972;A6709;ARES;JPA - LIDER CARGAS;;PB;16/09/2026 10:25:58;Pendente de Retorno;PB;Joao Pessoa;HEMOCENTRO COORDENADOR DE PARAÍBA;09/07/2026 02:53:05
567972;A6867;ARES;JPA - LIDER CARGAS;;PB;16/09/2026 10:25:58;Pendente de Retorno;PB;Joao Pessoa;HEMOCENTRO COORDENADOR DE PARAÍBA;26/07/2026 22:23:46
567972;A7237;ARES;JPA - LIDER CARGAS;;PB;16/09/2026 10:25:58;Pendente de Retorno;PB;Joao Pessoa;HEMOCENTRO COORDENADOR DE PARAÍBA;21/07/2026 17:27:56
567972;A7327;ARES;JPA - LIDER CARGAS;;PB;16/09/2026 10:25:58;Pendente de Retorno;PB;Joao Pessoa;HEMOCENTRO COORDENADOR DE PARAÍBA;21/07/2026 17:31:28
567972;A7519;ARES;JPA - LIDER CARGAS;;PB;16/09/2026 10:25:58;Pendente de Retorno;PB;Joao Pessoa;HEMOCENTRO COORDENADOR DE PARAÍBA;21/07/2026 17:45:52
567972;A7785;ARES;JPA - LIDER CARGAS;;PB;16/09/2026 10:25:58;Pendente de Retorno;PB;Joao Pessoa;HEMOCENTRO COORDENADOR DE PARAÍBA;18/07/2026 08:01:37
567972;A7995;ARES;JPA - LIDER CARGAS;;PB;16/09/2026 10:25:58;Pendente de Retorno;PB;Joao Pessoa;HEMOCENTRO COORDENADOR DE PARAÍBA;30/06/2026 08:30:02
567972;A8001;ARES;JPA - LIDER CARGAS;;PB;16/09/2026 10:25:58;Pendente de Retorno;PB;Joao Pessoa;HEMOCENTRO COORDENADOR DE PARAÍBA;13/07/2026 08:42:37
567972;A8009;ARES;JPA - LIDER CARGAS;;PB;16/09/2026 10:25:58;Pendente de Retorno;PB;Joao Pessoa;HEMOCENTRO COORDENADOR DE PARAÍBA;09/07/2026 23:11:08
567972;A8045;ARES;JPA - LIDER CARGAS;;PB;16/09/2026 10:25:58;Pendente de Retorno;PB;Joao Pessoa;HEMOCENTRO COORDENADOR DE PARAÍBA;26/07/2026 22:21:01
567972;A8156;ARES;JPA - LIDER CARGAS;;PB;16/09/2026 10:25:58;Pendente de Retorno;PB;Joao Pessoa;HEMOCENTRO COORDENADOR DE PARAÍBA;22/07/2026 09:00:25
567972;A8182;ARES;JPA - LIDER CARGAS;;PB;16/09/2026 10:25:58;Pendente de Retorno;PB;Joao Pessoa;HEMOCENTRO COORDENADOR DE PARAÍBA;20/07/2026 11:23:26
567972;A8371;ARES;JPA - LIDER CARGAS;;PB;16/09/2026 10:25:58;Pendente de Retorno;PB;Joao Pessoa;HEMOCENTRO COORDENADOR DE PARAÍBA;27/07/2026 16:47:07
567972;A8491;ARES;JPA - LIDER CARGAS;;PB;16/09/2026 10:25:58;Pendente de Retorno;PB;Joao Pessoa;HEMOCENTRO COORDENADOR DE PARAÍBA;17/07/2026 08:29:05
567972;A8805;ARES;JPA - LIDER CARGAS;;PB;16/09/2026 10:25:58;Pendente de Retorno;PB;Joao Pessoa;HEMOCENTRO COORDENADOR DE PARAÍBA;23/06/2026 15:14:49
567972;A8860;ARES;JPA - LIDER CARGAS;;PB;16/09/2026 10:25:58;Pendente de Retorno;PB;Joao Pessoa;HEMOCENTRO COORDENADOR DE PARAÍBA;13/07/2026 16:47:49
567972;A9047;ARES;JPA - LIDER CARGAS;;PB;16/09/2026 10:25:58;Pendente de Retorno;PB;Joao Pessoa;HEMOCENTRO COORDENADOR DE PARAÍBA;04/07/2026 11:35:52
567972;A9126;ARES;JPA - LIDER CARGAS;;PB;16/09/2026 10:25:58;Pendente de Retorno;PB;Joao Pessoa;HEMOCENTRO COORDENADOR DE PARAÍBA;27/06/2026 10:50:36
567972;A9364;ARES;JPA - LIDER CARGAS;;PB;16/09/2026 10:25:58;Pendente de Retorno;PB;Joao Pessoa;HEMOCENTRO COORDENADOR DE PARAÍBA;17/07/2026 07:31:00
567972;A9581;ARES;JPA - LIDER CARGAS;;PB;16/09/2026 10:25:58;Pendente de Retorno;PB;Joao Pessoa;HEMOCENTRO COORDENADOR DE PARAÍBA;17/07/2026 08:44:01
567972;A9603;ARES;JPA - LIDER CARGAS;;PB;16/09/2026 10:25:58;Pendente de Retorno;PB;Joao Pessoa;HEMOCENTRO COORDENADOR DE PARAÍBA;15/07/2026 21:26:09
567972;A9717;ARES;JPA - LIDER CARGAS;;PB;16/09/2026 10:25:58;Pendente de Retorno;PB;Joao Pessoa;HEMOCENTRO COORDENADOR DE PARAÍBA;14/07/2026 17:25:48
567972;TA0039;ARES;JPA - LIDER CARGAS;;PB;16/09/2026 10:25:58;Pendente de Retorno;PB;Joao Pessoa;HEMOCENTRO COORDENADOR DE PARAÍBA;27/07/2026 00:12:32
567972;TA0226;ARES;JPA - LIDER CARGAS;;PB;16/09/2026 10:25:58;Pendente de Retorno;PB;Joao Pessoa;HEMOCENTRO COORDENADOR DE PARAÍBA;20/07/2026 15:11:36
567972;TA0251;ARES;JPA - LIDER CARGAS;;PB;16/09/2026 10:25:58;Pendente de Retorno;PB;Joao Pessoa;HEMOCENTRO COORDENADOR DE PARAÍBA;21/07/2026 00:12:12
567972;TA0338;ARES;JPA - LIDER CARGAS;;PB;16/09/2026 10:25:58;Pendente de Retorno;PB;Joao Pessoa;HEMOCENTRO COORDENADOR DE PARAÍBA;09/07/2026 08:57:27
567972;TA0469;ARES;JPA - LIDER CARGAS;;PB;16/09/2026 10:25:58;Pendente de Retorno;PB;Joao Pessoa;HEMOCENTRO COORDENADOR DE PARAÍBA;27/07/2026 10:29:05
567972;TA0525;ARES;JPA - LIDER CARGAS;;PB;16/09/2026 10:25:58;Pendente de Retorno;PB;Joao Pessoa;HEMOCENTRO COORDENADOR DE PARAÍBA;10/07/2026 17:24:01
567972;TA0607;ARES;JPA - LIDER CARGAS;;PB;16/09/2026 10:25:58;Pendente de Retorno;PB;Joao Pessoa;HEMOCENTRO COORDENADOR DE PARAÍBA;13/07/2026 16:49:02
567972;TA1103;ARES;JPA - LIDER CARGAS;;PB;16/09/2026 10:25:58;Pendente de Retorno;PB;Joao Pessoa;HEMOCENTRO COORDENADOR DE PARAÍBA;27/07/2026 15:22:35
567972;TA1104;ARES;JPA - LIDER CARGAS;;PB;16/09/2026 10:25:58;Pendente de Retorno;PB;Joao Pessoa;HEMOCENTRO COORDENADOR DE PARAÍBA;21/07/2026 17:46:11
567248;A6283;ARES;VTCLOG RIO GALEAO;;RJ;16/09/2026 10:20:26;Pendente de Retorno;RJ;RIO DE JANEIRO;LABORATORIO DE FLAVIVIRUS DA FIOCRUZ;21/07/2026 17:46:24
567248;A9501;ARES;VTCLOG RIO GALEAO;;RJ;16/09/2026 10:20:26;Pendente de Retorno;RJ;RIO DE JANEIRO;LABORATORIO DE FLAVIVIRUS DA FIOCRUZ;10/07/2026 17:22:00
568337;A4484;ARES;VTCLOG - GRU;;SP;16/09/2026 10:01:00;Pendente de Retorno;SP;SAO PAULO;MARIA CLARA LIMA SILVA 00737.024452/2024-58;14/07/2026 10:50:52
568093;A4196;ARES;VTCLOG RIO GALEAO;;RJ;16/09/2026 10:00:00;Pendente de Retorno;RJ;RIO DE JANEIRO;INSTITUTO NACIONAL DE CANCER;16/07/2026 09:07:43
568196;TA0366;ARES;BVB - J PIMENTEL S. CUNHA LTDA;;RR;16/09/2026 10:00:00;Pendente de Retorno;RR;Boa Vista;HEMOCENTRO COORDENADOR DE RORAIMA RR;14/07/2026 17:27:40
567462;A1954;ARES;GYN - RBR EXPERIENCIA EM TRANSPORTES;;GO;16/09/2026 09:55:11;Pendente de Retorno;GO;Goiania;ALMOXARIFADO ESTADUAL DE MEDICAMENTOS;18/07/2026 10:14:58
567462;A2556;ARES;GYN - RBR EXPERIENCIA EM TRANSPORTES;;GO;16/09/2026 09:55:11;Pendente de Retorno;GO;Goiania;ALMOXARIFADO ESTADUAL DE MEDICAMENTOS;26/07/2026 20:51:51
567462;TA0712;ARES;GYN - RBR EXPERIENCIA EM TRANSPORTES;;GO;16/09/2026 09:55:11;Pendente de Retorno;GO;Goiania;ALMOXARIFADO ESTADUAL DE MEDICAMENTOS;28/07/2026 03:02:55
567526;A7032;ARES;GYN - RBR EXPERIENCIA EM TRANSPORTES;;GO;16/09/2026 09:55:10;Pendente de Retorno;GO;Goiania;ALMOXARIFADO ESTADUAL DE MEDICAMENTOS;21/07/2026 22:23:54
567323;A7884;ARES;VTCLOG CNF - CONTAGEM;;MG;16/09/2026 09:49:33;Pendente de Retorno;MG;Contagem;HEMOCENTRO COORDENADOR DE MINAS GERAIS - ALMOXARIF;13/07/2026 08:41:18
568162;869170034872300;SENSOR WEB;GYN - RBR EXPERIENCIA EM TRANSPORTES;;GO;16/09/2026 09:32:56;Pendente de Retorno;GO;Goiania;ALMOXARIFADO ESTADUAL DE MEDICAMENTOS;23/07/2026 08:51:24
568162;869170034874660;SENSOR WEB;GYN - RBR EXPERIENCIA EM TRANSPORTES;;GO;16/09/2026 09:32:56;Pendente de Retorno;GO;Goiania;ALMOXARIFADO ESTADUAL DE MEDICAMENTOS;17/07/2026 08:17:49
568162;869170034876368;SENSOR WEB;GYN - RBR EXPERIENCIA EM TRANSPORTES;;GO;16/09/2026 09:32:56;Pendente de Retorno;GO;Goiania;ALMOXARIFADO ESTADUAL DE MEDICAMENTOS;27/07/2026 19:16:51
568162;869170034879289;SENSOR WEB;GYN - RBR EXPERIENCIA EM TRANSPORTES;;GO;16/09/2026 09:32:56;Pendente de Retorno;GO;Goiania;ALMOXARIFADO ESTADUAL DE MEDICAMENTOS;05/06/2026 10:25:08
568162;869170034880758;SENSOR WEB;GYN - RBR EXPERIENCIA EM TRANSPORTES;;GO;16/09/2026 09:32:56;Pendente de Retorno;GO;Goiania;ALMOXARIFADO ESTADUAL DE MEDICAMENTOS;27/05/2026 17:09:24
568162;869170034884719;SENSOR WEB;GYN - RBR EXPERIENCIA EM TRANSPORTES;;GO;16/09/2026 09:32:56;Pendente de Retorno;GO;Goiania;ALMOXARIFADO ESTADUAL DE MEDICAMENTOS;21/07/2026 17:10:51
568162;869170035502823;SENSOR WEB;GYN - RBR EXPERIENCIA EM TRANSPORTES;;GO;16/09/2026 09:32:56;Pendente de Retorno;GO;Goiania;ALMOXARIFADO ESTADUAL DE MEDICAMENTOS;09/07/2026 09:54:35
568162;A3528;ARES;GYN - RBR EXPERIENCIA EM TRANSPORTES;;GO;16/09/2026 09:32:56;Pendente de Retorno;GO;Goiania;ALMOXARIFADO ESTADUAL DE MEDICAMENTOS;24/07/2026 08:30:23
568162;A7898;ARES;GYN - RBR EXPERIENCIA EM TRANSPORTES;;GO;16/09/2026 09:32:56;Pendente de Retorno;GO;Goiania;ALMOXARIFADO ESTADUAL DE MEDICAMENTOS;20/07/2026 11:34:58
568162;TA0339;ARES;GYN - RBR EXPERIENCIA EM TRANSPORTES;;GO;16/09/2026 09:32:56;Pendente de Retorno;GO;Goiania;ALMOXARIFADO ESTADUAL DE MEDICAMENTOS;20/07/2026 11:25:17
567363;0741700735;ARES;VTCLOG - GRU;;SP;15/09/2026 19:51:00;Retornado;SP;Barretos;ROSELI ANTONIO QUINTINO 00737.026573/2025-15;21/09/2026 20:17:06
566908;A0003;ARES;VTCLOG - GRU;;SC;15/09/2026 18:34:00;Pendente de Retorno;SC;Sao Jose;ALMOXARIFADO ESTADUAL DE MEDICAMENTOS;22/07/2026 23:46:52
566908;A0771;ARES;VTCLOG - GRU;;SC;15/09/2026 18:34:00;Pendente de Retorno;SC;Sao Jose;ALMOXARIFADO ESTADUAL DE MEDICAMENTOS;13/07/2026 16:42:36
566908;A0888;ARES;VTCLOG - GRU;;SC;15/09/2026 18:34:00;Pendente de Retorno;SC;Sao Jose;ALMOXARIFADO ESTADUAL DE MEDICAMENTOS;02/07/2026 17:05:15
566908;A2031;ARES;VTCLOG - GRU;;SC;15/09/2026 18:34:00;Pendente de Retorno;SC;Sao Jose;ALMOXARIFADO ESTADUAL DE MEDICAMENTOS;13/07/2026 02:21:03
566908;A2705;ARES;VTCLOG - GRU;;SC;15/09/2026 18:34:00;Pendente de Retorno;SC;Sao Jose;ALMOXARIFADO ESTADUAL DE MEDICAMENTOS;30/06/2026 08:35:03
566981;A3033;ARES;VTCLOG - GRU;;SC;15/09/2026 18:34:00;Pendente de Retorno;SC;Sao Jose;ALMOXARIFADO ESTADUAL DE MEDICAMENTOS;23/07/2026 20:43:44
566908;A3193;ARES;VTCLOG - GRU;;SC;15/09/2026 18:34:00;Pendente de Retorno;SC;Sao Jose;ALMOXARIFADO ESTADUAL DE MEDICAMENTOS;17/07/2026 07:32:01
566908;A3207;ARES;VTCLOG - GRU;;SC;15/09/2026 18:34:00;Pendente de Retorno;SC;Sao Jose;ALMOXARIFADO ESTADUAL DE MEDICAMENTOS;21/07/2026 17:24:03
566908;A3631;ARES;VTCLOG - GRU;;SC;15/09/2026 18:34:00;Pendente de Retorno;SC;Sao Jose;ALMOXARIFADO ESTADUAL DE MEDICAMENTOS;23/06/2026 08:08:17
566908;A3649;ARES;VTCLOG - GRU;;SC;15/09/2026 18:34:00;Pendente de Retorno;SC;Sao Jose;ALMOXARIFADO ESTADUAL DE MEDICAMENTOS;18/07/2026 10:14:37
566908;A3657;ARES;VTCLOG - GRU;;SC;15/09/2026 18:34:00;Pendente de Retorno;SC;Sao Jose;ALMOXARIFADO ESTADUAL DE MEDICAMENTOS;21/07/2026 17:45:45
566908;A4096;ARES;VTCLOG - GRU;;SC;15/09/2026 18:34:00;Pendente de Retorno;SC;Sao Jose;ALMOXARIFADO ESTADUAL DE MEDICAMENTOS;22/07/2026 21:45:32
566981;A4705;ARES;VTCLOG - GRU;;SC;15/09/2026 18:34:00;Pendente de Retorno;SC;Sao Jose;ALMOXARIFADO ESTADUAL DE MEDICAMENTOS;25/07/2026 21:25:45
566908;A4953;ARES;VTCLOG - GRU;;SC;15/09/2026 18:34:00;Pendente de Retorno;SC;Sao Jose;ALMOXARIFADO ESTADUAL DE MEDICAMENTOS;22/07/2026 21:44:41
567216;A5236;ARES;VTCLOG - GRU;;SC;15/09/2026 18:34:00;Pendente de Retorno;SC;Sao Jose;ALMOXARIFADO ESTADUAL DE MEDICAMENTOS;20/06/2026 11:11:28
566908;A5751;ARES;VTCLOG - GRU;;SC;15/09/2026 18:34:00;Pendente de Retorno;SC;Sao Jose;ALMOXARIFADO ESTADUAL DE MEDICAMENTOS;22/07/2026 12:21:33
566908;A5808;ARES;VTCLOG - GRU;;SC;15/09/2026 18:34:00;Pendente de Retorno;SC;Sao Jose;ALMOXARIFADO ESTADUAL DE MEDICAMENTOS;17/07/2026 14:10:32
566908;A6165;ARES;VTCLOG - GRU;;SC;15/09/2026 18:34:00;Pendente de Retorno;SC;Sao Jose;ALMOXARIFADO ESTADUAL DE MEDICAMENTOS;27/07/2026 16:49:23
566908;A6179;ARES;VTCLOG - GRU;;SC;15/09/2026 18:34:00;Pendente de Retorno;SC;Sao Jose;ALMOXARIFADO ESTADUAL DE MEDICAMENTOS;20/07/2026 11:27:27
566908;A6333;ARES;VTCLOG - GRU;;SC;15/09/2026 18:34:00;Pendente de Retorno;SC;Sao Jose;ALMOXARIFADO ESTADUAL DE MEDICAMENTOS;10/07/2026 17:23:07
566981;A6630;ARES;VTCLOG - GRU;;SC;15/09/2026 18:34:00;Retornado;SC;Sao Jose;ALMOXARIFADO ESTADUAL DE MEDICAMENTOS;22/09/2026 00:29:39
566908;A6707;ARES;VTCLOG - GRU;;SC;15/09/2026 18:34:00;Pendente de Retorno;SC;Sao Jose;ALMOXARIFADO ESTADUAL DE MEDICAMENTOS;27/07/2026 15:22:02
566981;A6831;ARES;VTCLOG - GRU;;SC;15/09/2026 18:34:00;Pendente de Retorno;SC;Sao Jose;ALMOXARIFADO ESTADUAL DE MEDICAMENTOS;20/07/2026 11:35:23
566908;A7103;ARES;VTCLOG - GRU;;SC;15/09/2026 18:34:00;Pendente de Retorno;SC;Sao Jose;ALMOXARIFADO ESTADUAL DE MEDICAMENTOS;09/07/2026 08:56:50
566981;A7209;ARES;VTCLOG - GRU;;SC;15/09/2026 18:34:00;Pendente de Retorno;SC;Sao Jose;ALMOXARIFADO ESTADUAL DE MEDICAMENTOS;10/07/2026 17:25:58
566908;A7678;ARES;VTCLOG - GRU;;SC;15/09/2026 18:34:00;Pendente de Retorno;SC;Sao Jose;ALMOXARIFADO ESTADUAL DE MEDICAMENTOS;18/07/2026 10:19:15
566908;A7885;ARES;VTCLOG - GRU;;SC;15/09/2026 18:34:00;Pendente de Retorno;SC;Sao Jose;ALMOXARIFADO ESTADUAL DE MEDICAMENTOS;27/07/2026 16:48:03
566908;A8120;ARES;VTCLOG - GRU;;SC;15/09/2026 18:34:00;Pendente de Retorno;SC;Sao Jose;ALMOXARIFADO ESTADUAL DE MEDICAMENTOS;17/07/2026 07:32:16
566981;A8902;ARES;VTCLOG - GRU;;SC;15/09/2026 18:34:00;Retornado;SC;Sao Jose;ALMOXARIFADO ESTADUAL DE MEDICAMENTOS;21/09/2026 08:50:38
566908;A9151;ARES;VTCLOG - GRU;;SC;15/09/2026 18:34:00;Pendente de Retorno;SC;Sao Jose;ALMOXARIFADO ESTADUAL DE MEDICAMENTOS;23/07/2026 21:14:04
566908;A9208;ARES;VTCLOG - GRU;;SC;15/09/2026 18:34:00;Pendente de Retorno;SC;Sao Jose;ALMOXARIFADO ESTADUAL DE MEDICAMENTOS;04/07/2026 11:34:42
566908;A9337;ARES;VTCLOG - GRU;;SC;15/09/2026 18:34:00;Pendente de Retorno;SC;Sao Jose;ALMOXARIFADO ESTADUAL DE MEDICAMENTOS;20/07/2026 11:25:00
566908;A9645;ARES;VTCLOG - GRU;;SC;15/09/2026 18:34:00;Pendente de Retorno;SC;Sao Jose;ALMOXARIFADO ESTADUAL DE MEDICAMENTOS;10/07/2026 13:14:11
566908;A9696;ARES;VTCLOG - GRU;;SC;15/09/2026 18:34:00;Pendente de Retorno;SC;Sao Jose;ALMOXARIFADO ESTADUAL DE MEDICAMENTOS;10/07/2026 17:34:48
566908;TA0174;ARES;VTCLOG - GRU;;SC;15/09/2026 18:34:00;Pendente de Retorno;SC;Sao Jose;ALMOXARIFADO ESTADUAL DE MEDICAMENTOS;01/07/2026 08:25:14
566908;TA0434;ARES;VTCLOG - GRU;;SC;15/09/2026 18:34:00;Pendente de Retorno;SC;Sao Jose;ALMOXARIFADO ESTADUAL DE MEDICAMENTOS;20/07/2026 09:50:47
566908;TA0453;ARES;VTCLOG - GRU;;SC;15/09/2026 18:34:00;Pendente de Retorno;SC;Sao Jose;ALMOXARIFADO ESTADUAL DE MEDICAMENTOS;24/07/2026 08:26:24
566908;TA0546;ARES;VTCLOG - GRU;;SC;15/09/2026 18:34:00;Pendente de Retorno;SC;Sao Jose;ALMOXARIFADO ESTADUAL DE MEDICAMENTOS;22/07/2026 09:00:31
566908;TA0597;ARES;VTCLOG - GRU;;SC;15/09/2026 18:34:00;Pendente de Retorno;SC;Sao Jose;ALMOXARIFADO ESTADUAL DE MEDICAMENTOS;18/07/2026 10:18:50
566908;TA0789;ARES;VTCLOG - GRU;;SC;15/09/2026 18:34:00;Pendente de Retorno;SC;Sao Jose;ALMOXARIFADO ESTADUAL DE MEDICAMENTOS;12/06/2026 17:10:41
566908;TA0958;ARES;VTCLOG - GRU;;SC;15/09/2026 18:34:00;Pendente de Retorno;SC;Sao Jose;ALMOXARIFADO ESTADUAL DE MEDICAMENTOS;19/06/2026 17:20:46
567345;0741700276;ARES;MAO- GR TRANSPORTES E LOGISTICA MULTIMODAL;;AM;15/09/2026 18:21:52;Retornado;AM;Manaus;CENTRAL MEDIC SECR EST SAUDE AMAZONA;21/09/2026 12:59:06
567345;A0387;ARES;MAO- GR TRANSPORTES E LOGISTICA MULTIMODAL;;AM;15/09/2026 18:21:52;Pendente de Retorno;AM;Manaus;CENTRAL MEDIC SECR EST SAUDE AMAZONA;20/07/2026 11:23:13
567345;A1645;ARES;MAO- GR TRANSPORTES E LOGISTICA MULTIMODAL;;AM;15/09/2026 18:21:52;Pendente de Retorno;AM;Manaus;CENTRAL MEDIC SECR EST SAUDE AMAZONA;21/07/2026 17:12:28
567345;A4791;ARES;MAO- GR TRANSPORTES E LOGISTICA MULTIMODAL;;AM;15/09/2026 18:21:52;Pendente de Retorno;AM;Manaus;CENTRAL MEDIC SECR EST SAUDE AMAZONA;21/07/2026 00:06:20
567345;A4836;ARES;MAO- GR TRANSPORTES E LOGISTICA MULTIMODAL;;AM;15/09/2026 18:21:52;Pendente de Retorno;AM;Manaus;CENTRAL MEDIC SECR EST SAUDE AMAZONA;22/07/2026 21:43:34
567345;A4967;ARES;MAO- GR TRANSPORTES E LOGISTICA MULTIMODAL;;AM;15/09/2026 18:21:52;Pendente de Retorno;AM;Manaus;CENTRAL MEDIC SECR EST SAUDE AMAZONA;26/07/2026 22:20:40
567345;A5841;ARES;MAO- GR TRANSPORTES E LOGISTICA MULTIMODAL;;AM;15/09/2026 18:21:52;Pendente de Retorno;AM;Manaus;CENTRAL MEDIC SECR EST SAUDE AMAZONA;01/07/2026 07:48:37
567345;A6737;ARES;MAO- GR TRANSPORTES E LOGISTICA MULTIMODAL;;AM;15/09/2026 18:21:52;Pendente de Retorno;AM;Manaus;CENTRAL MEDIC SECR EST SAUDE AMAZONA;14/07/2026 10:49:26
567345;A6854;ARES;MAO- GR TRANSPORTES E LOGISTICA MULTIMODAL;;AM;15/09/2026 18:21:52;Pendente de Retorno;AM;Manaus;CENTRAL MEDIC SECR EST SAUDE AMAZONA;30/06/2026 09:00:47
567345;A7182;ARES;MAO- GR TRANSPORTES E LOGISTICA MULTIMODAL;;AM;15/09/2026 18:21:52;Pendente de Retorno;AM;Manaus;CENTRAL MEDIC SECR EST SAUDE AMAZONA;13/07/2026 08:43:07
567345;A7649;ARES;MAO- GR TRANSPORTES E LOGISTICA MULTIMODAL;;AM;15/09/2026 18:21:52;Pendente de Retorno;AM;Manaus;CENTRAL MEDIC SECR EST SAUDE AMAZONA;24/07/2026 08:29:18
567345;A8420;ARES;MAO- GR TRANSPORTES E LOGISTICA MULTIMODAL;;AM;15/09/2026 18:21:52;Pendente de Retorno;AM;Manaus;CENTRAL MEDIC SECR EST SAUDE AMAZONA;17/07/2026 08:29:03
567345;TA0209;ARES;MAO- GR TRANSPORTES E LOGISTICA MULTIMODAL;;AM;15/09/2026 18:21:52;Pendente de Retorno;AM;Manaus;CENTRAL MEDIC SECR EST SAUDE AMAZONA;18/07/2026 08:02:32
567345;TA0739;ARES;MAO- GR TRANSPORTES E LOGISTICA MULTIMODAL;;AM;15/09/2026 18:21:52;Pendente de Retorno;AM;Manaus;CENTRAL MEDIC SECR EST SAUDE AMAZONA;18/07/2026 10:20:18
567342;A4803;ARES;RBR - RODOTEC;;AC;15/09/2026 18:19:00;Pendente de Retorno;AC;Rio Branco;NÚCLEO DE DOENÇAS DE TRANSMISSÃO VETORIAL - SESACR;27/07/2026 17:14:13
567342;A8325;ARES;RBR - RODOTEC;;AC;15/09/2026 18:19:00;Pendente de Retorno;AC;Rio Branco;NÚCLEO DE DOENÇAS DE TRANSMISSÃO VETORIAL - SESACR;10/07/2026 17:36:04
567342;A9467;ARES;RBR - RODOTEC;;AC;15/09/2026 18:19:00;Pendente de Retorno;AC;Rio Branco;NÚCLEO DE DOENÇAS DE TRANSMISSÃO VETORIAL - SESACR;27/07/2026 00:15:54
567334;A3214;ARES;RBR - RODOTEC;;AC;15/09/2026 18:17:00;Pendente de Retorno;AC;Rio Branco;NÚCLEO DE DOENÇAS DE TRANSMISSÃO VETORIAL - SESACR;21/07/2026 17:31:30
567334;A5287;ARES;RBR - RODOTEC;;AC;15/09/2026 18:17:00;Pendente de Retorno;AC;Rio Branco;NÚCLEO DE DOENÇAS DE TRANSMISSÃO VETORIAL - SESACR;25/07/2026 21:28:35
567334;A6035;ARES;RBR - RODOTEC;;AC;15/09/2026 18:17:00;Pendente de Retorno;AC;Rio Branco;NÚCLEO DE DOENÇAS DE TRANSMISSÃO VETORIAL - SESACR;24/07/2026 15:22:39
567334;A6200;ARES;RBR - RODOTEC;;AC;15/09/2026 18:17:00;Pendente de Retorno;AC;Rio Branco;NÚCLEO DE DOENÇAS DE TRANSMISSÃO VETORIAL - SESACR;21/07/2026 17:10:39
567334;A8549;ARES;RBR - RODOTEC;;AC;15/09/2026 18:17:00;Pendente de Retorno;AC;Rio Branco;NÚCLEO DE DOENÇAS DE TRANSMISSÃO VETORIAL - SESACR;22/07/2026 08:56:30
567334;A8624;ARES;RBR - RODOTEC;;AC;15/09/2026 18:17:00;Pendente de Retorno;AC;Rio Branco;NÚCLEO DE DOENÇAS DE TRANSMISSÃO VETORIAL - SESACR;27/07/2026 00:17:58
567374;A0218;ARES;MAO- GR TRANSPORTES E LOGISTICA MULTIMODAL;;AM;15/09/2026 18:02:09;Pendente de Retorno;AM;Manaus;CENTRAL MEDIC SECR EST SAUDE AMAZONA;25/07/2026 21:42:06
567374;A0548;ARES;MAO- GR TRANSPORTES E LOGISTICA MULTIMODAL;;AM;15/09/2026 18:02:09;Pendente de Retorno;AM;Manaus;CENTRAL MEDIC SECR EST SAUDE AMAZONA;25/07/2026 21:26:18
567374;A1680;ARES;MAO- GR TRANSPORTES E LOGISTICA MULTIMODAL;;AM;15/09/2026 18:02:09;Retornado;AM;Manaus;CENTRAL MEDIC SECR EST SAUDE AMAZONA;21/09/2026 13:02:47
567374;A2459;ARES;MAO- GR TRANSPORTES E LOGISTICA MULTIMODAL;;AM;15/09/2026 18:02:09;Pendente de Retorno;AM;Manaus;CENTRAL MEDIC SECR EST SAUDE AMAZONA;27/07/2026 12:31:33
567374;A2863;ARES;MAO- GR TRANSPORTES E LOGISTICA MULTIMODAL;;AM;15/09/2026 18:02:09;Pendente de Retorno;AM;Manaus;CENTRAL MEDIC SECR EST SAUDE AMAZONA;20/07/2026 15:11:48
567374;A3722;ARES;MAO- GR TRANSPORTES E LOGISTICA MULTIMODAL;;AM;15/09/2026 18:02:09;Pendente de Retorno;AM;Manaus;CENTRAL MEDIC SECR EST SAUDE AMAZONA;01/07/2026 07:48:52
567374;A3785;ARES;MAO- GR TRANSPORTES E LOGISTICA MULTIMODAL;;AM;15/09/2026 18:02:09;Pendente de Retorno;AM;Manaus;CENTRAL MEDIC SECR EST SAUDE AMAZONA;18/07/2026 10:10:51
567374;A6519;ARES;MAO- GR TRANSPORTES E LOGISTICA MULTIMODAL;;AM;15/09/2026 18:02:09;Pendente de Retorno;AM;Manaus;CENTRAL MEDIC SECR EST SAUDE AMAZONA;22/07/2026 23:48:25
567374;A7743;ARES;MAO- GR TRANSPORTES E LOGISTICA MULTIMODAL;;AM;15/09/2026 18:02:09;Retornado;AM;Manaus;CENTRAL MEDIC SECR EST SAUDE AMAZONA;21/09/2026 13:42:26
567374;A7784;ARES;MAO- GR TRANSPORTES E LOGISTICA MULTIMODAL;;AM;15/09/2026 18:02:09;Pendente de Retorno;AM;Manaus;CENTRAL MEDIC SECR EST SAUDE AMAZONA;18/07/2026 07:58:48
567374;A8579;ARES;MAO- GR TRANSPORTES E LOGISTICA MULTIMODAL;;AM;15/09/2026 18:02:09;Pendente de Retorno;AM;Manaus;CENTRAL MEDIC SECR EST SAUDE AMAZONA;27/07/2026 12:30:04
567374;A9154;ARES;MAO- GR TRANSPORTES E LOGISTICA MULTIMODAL;;AM;15/09/2026 18:02:09;Pendente de Retorno;AM;Manaus;CENTRAL MEDIC SECR EST SAUDE AMAZONA;27/07/2026 16:47:35
567374;TA1195;ARES;MAO- GR TRANSPORTES E LOGISTICA MULTIMODAL;;AM;15/09/2026 18:02:09;Pendente de Retorno;AM;Manaus;CENTRAL MEDIC SECR EST SAUDE AMAZONA;02/07/2026 16:16:01
568221;A6470;ARES;MCZ - MCZ EXPRESS SERVICE LTDA;;AL;15/09/2026 18:00:00;Pendente de Retorno;AL;Tanque D Arca;IRONNY ROBERTA SANTOS DE ANDRADE  007370;17/07/2026 14:09:38
567367;A2575;ARES;MCP - A A CARVALHO ROCHA ME;;AP;15/09/2026 17:56:51;Pendente de Retorno;AP;Macapa;COORDENAÇÃO ESTADUAL DST/AIDS - ALMOXARIFADO - AP;18/07/2026 08:00:38
567684;TA0585;ARES;MAO- GR TRANSPORTES E LOGISTICA MULTIMODAL;;AM;15/09/2026 17:55:59;Pendente de Retorno;AM;Manaus;CENTRAL MEDIC SECR EST SAUDE AMAZONA;13/07/2026 07:43:40
567346;A5793;ARES;MCP - A A CARVALHO ROCHA ME;;AP;15/09/2026 17:50:00;Pendente de Retorno;AP;Macapa;COORDENAÇÃO ESTADUAL DST/AIDS - ALMOXARIFADO - AP;12/05/2026 11:38:34
567808;A6313;ARES;BEL - MH FROTA TRANSPORTE;;PA;15/09/2026 17:21:49;Pendente de Retorno;PA;Belem;HEMOCENTRO COORDENADOR DO PARA - HEMOPA;22/07/2026 23:48:54
568135;A7603;ARES;VTCLOG - BSB;;BA;15/09/2026 17:02:30;Pendente de Retorno;BA;Barreiras;BAHIA SSA GABINETE DO SECRETARIO;22/07/2026 23:45:20
566967;A2204;ARES;VTCLOG RIO GALEAO;;RJ;15/09/2026 17:00:00;Pendente de Retorno;RJ;Niteroi;SECRETARIA ESTADUAL DE SAUDE;08/07/2026 08:00:04
567004;A2348;ARES;VTCLOG RIO GALEAO;;RJ;15/09/2026 17:00:00;Pendente de Retorno;RJ;Niteroi;SECRETARIA ESTADUAL DE SAUDE;27/07/2026 17:17:34
567004;A3674;ARES;VTCLOG RIO GALEAO;;RJ;15/09/2026 17:00:00;Pendente de Retorno;RJ;Niteroi;SECRETARIA ESTADUAL DE SAUDE;17/07/2026 07:39:18
567004;A6823;ARES;VTCLOG RIO GALEAO;;RJ;15/09/2026 17:00:00;Pendente de Retorno;RJ;Niteroi;SECRETARIA ESTADUAL DE SAUDE;27/07/2026 16:48:11
567004;A7498;ARES;VTCLOG RIO GALEAO;;RJ;15/09/2026 17:00:00;Pendente de Retorno;RJ;Niteroi;SECRETARIA ESTADUAL DE SAUDE;10/07/2026 13:14:38
567004;A8945;ARES;VTCLOG RIO GALEAO;;RJ;15/09/2026 17:00:00;Pendente de Retorno;RJ;Niteroi;SECRETARIA ESTADUAL DE SAUDE;27/07/2026 00:19:50
566967;A9336;ARES;VTCLOG RIO GALEAO;;RJ;15/09/2026 17:00:00;Pendente de Retorno;RJ;Niteroi;SECRETARIA ESTADUAL DE SAUDE;09/07/2026 02:52:42
567209;TA0216;ARES;VTCLOG RIO GALEAO;;RJ;15/09/2026 17:00:00;Pendente de Retorno;RJ;Niteroi;SECRETARIA ESTADUAL DE SAUDE;21/07/2026 17:23:58
568208;A5132;ARES;VTCLOG CNF - CONTAGEM;;MG;15/09/2026 16:45:00;Pendente de Retorno;MG;Leopoldina;GESSICA ROSA BAPTISTA;24/07/2026 08:37:59
568208;A8530;ARES;VTCLOG CNF - CONTAGEM;;MG;15/09/2026 16:45:00;Pendente de Retorno;MG;Leopoldina;GESSICA ROSA BAPTISTA;09/07/2026 23:10:50
568208;A8834;ARES;VTCLOG CNF - CONTAGEM;;MG;15/09/2026 16:45:00;Pendente de Retorno;MG;Leopoldina;GESSICA ROSA BAPTISTA;27/07/2026 00:15:31
567413;0741700388;ARES;CGR - LH TRANSPORTES;;MS;15/09/2026 16:32:28;Retornado;MS;Campo Grande;ALMOXARIFADO ESTADUAL DE MEDICAMENTOS;21/09/2026 13:36:27
567413;0741700606;ARES;CGR - LH TRANSPORTES;;MS;15/09/2026 16:32:28;Retornado;MS;Campo Grande;ALMOXARIFADO ESTADUAL DE MEDICAMENTOS;21/09/2026 13:41:47
567413;A0868;ARES;CGR - LH TRANSPORTES;;MS;15/09/2026 16:32:28;Retornado;MS;Campo Grande;ALMOXARIFADO ESTADUAL DE MEDICAMENTOS;21/09/2026 13:41:10
567413;A0893;ARES;CGR - LH TRANSPORTES;;MS;15/09/2026 16:32:28;Pendente de Retorno;MS;Campo Grande;ALMOXARIFADO ESTADUAL DE MEDICAMENTOS;17/07/2026 08:33:23
567413;A1899;ARES;CGR - LH TRANSPORTES;;MS;15/09/2026 16:32:28;Pendente de Retorno;MS;Campo Grande;ALMOXARIFADO ESTADUAL DE MEDICAMENTOS;26/07/2026 21:17:36
567413;A3453;ARES;CGR - LH TRANSPORTES;;MS;15/09/2026 16:32:28;Pendente de Retorno;MS;Campo Grande;ALMOXARIFADO ESTADUAL DE MEDICAMENTOS;22/07/2026 21:44:22
567413;A3822;ARES;CGR - LH TRANSPORTES;;MS;15/09/2026 16:32:28;Pendente de Retorno;MS;Campo Grande;ALMOXARIFADO ESTADUAL DE MEDICAMENTOS;30/06/2026 07:23:54
567413;A4200;ARES;CGR - LH TRANSPORTES;;MS;15/09/2026 16:32:28;Pendente de Retorno;MS;Campo Grande;ALMOXARIFADO ESTADUAL DE MEDICAMENTOS;27/07/2026 12:29:58
567413;A4477;ARES;CGR - LH TRANSPORTES;;MS;15/09/2026 16:32:28;Pendente de Retorno;MS;Campo Grande;ALMOXARIFADO ESTADUAL DE MEDICAMENTOS;26/07/2026 20:47:53
567413;A4486;ARES;CGR - LH TRANSPORTES;;MS;15/09/2026 16:32:28;Pendente de Retorno;MS;Campo Grande;ALMOXARIFADO ESTADUAL DE MEDICAMENTOS;22/07/2026 23:48:35
567413;A5053;ARES;CGR - LH TRANSPORTES;;MS;15/09/2026 16:32:28;Pendente de Retorno;MS;Campo Grande;ALMOXARIFADO ESTADUAL DE MEDICAMENTOS;13/07/2026 16:34:56
567413;A5869;ARES;CGR - LH TRANSPORTES;;MS;15/09/2026 16:32:28;Pendente de Retorno;MS;Campo Grande;ALMOXARIFADO ESTADUAL DE MEDICAMENTOS;09/07/2026 02:52:08
567413;A6177;ARES;CGR - LH TRANSPORTES;;MS;15/09/2026 16:32:28;Pendente de Retorno;MS;Campo Grande;ALMOXARIFADO ESTADUAL DE MEDICAMENTOS;23/07/2026 07:42:47
567413;A6446;ARES;CGR - LH TRANSPORTES;;MS;15/09/2026 16:32:28;Pendente de Retorno;MS;Campo Grande;ALMOXARIFADO ESTADUAL DE MEDICAMENTOS;27/07/2026 15:33:55
567413;A6767;ARES;CGR - LH TRANSPORTES;;MS;15/09/2026 16:32:28;Pendente de Retorno;MS;Campo Grande;ALMOXARIFADO ESTADUAL DE MEDICAMENTOS;21/07/2026 17:17:10
567413;A6864;ARES;CGR - LH TRANSPORTES;;MS;15/09/2026 16:32:28;Pendente de Retorno;MS;Campo Grande;ALMOXARIFADO ESTADUAL DE MEDICAMENTOS;17/07/2026 08:47:16
567413;A7065;ARES;CGR - LH TRANSPORTES;;MS;15/09/2026 16:32:28;Pendente de Retorno;MS;Campo Grande;ALMOXARIFADO ESTADUAL DE MEDICAMENTOS;26/07/2026 20:50:15
567413;A7472;ARES;CGR - LH TRANSPORTES;;MS;15/09/2026 16:32:28;Pendente de Retorno;MS;Campo Grande;ALMOXARIFADO ESTADUAL DE MEDICAMENTOS;21/07/2026 17:28:41
567413;A7810;ARES;CGR - LH TRANSPORTES;;MS;15/09/2026 16:32:28;Pendente de Retorno;MS;Campo Grande;ALMOXARIFADO ESTADUAL DE MEDICAMENTOS;26/07/2026 22:21:48
567413;A7938;ARES;CGR - LH TRANSPORTES;;MS;15/09/2026 16:32:28;Retornado;MS;Campo Grande;ALMOXARIFADO ESTADUAL DE MEDICAMENTOS;21/09/2026 13:40:24
567413;A7941;ARES;CGR - LH TRANSPORTES;;MS;15/09/2026 16:32:28;Pendente de Retorno;MS;Campo Grande;ALMOXARIFADO ESTADUAL DE MEDICAMENTOS;21/07/2026 17:30:56
567413;A9363;ARES;CGR - LH TRANSPORTES;;MS;15/09/2026 16:32:28;Pendente de Retorno;MS;Campo Grande;ALMOXARIFADO ESTADUAL DE MEDICAMENTOS;14/07/2026 14:34:38
567413;TA0002;ARES;CGR - LH TRANSPORTES;;MS;15/09/2026 16:32:28;Pendente de Retorno;MS;Campo Grande;ALMOXARIFADO ESTADUAL DE MEDICAMENTOS;17/07/2026 17:06:08
567413;TA0014;ARES;CGR - LH TRANSPORTES;;MS;15/09/2026 16:32:28;Pendente de Retorno;MS;Campo Grande;ALMOXARIFADO ESTADUAL DE MEDICAMENTOS;04/07/2026 11:33:52
567413;TA0367;ARES;CGR - LH TRANSPORTES;;MS;15/09/2026 16:32:28;Pendente de Retorno;MS;Campo Grande;ALMOXARIFADO ESTADUAL DE MEDICAMENTOS;21/07/2026 17:27:23
567413;TA0611;ARES;CGR - LH TRANSPORTES;;MS;15/09/2026 16:32:28;Pendente de Retorno;MS;Campo Grande;ALMOXARIFADO ESTADUAL DE MEDICAMENTOS;21/07/2026 17:47:43
567413;TA1079;ARES;CGR - LH TRANSPORTES;;MS;15/09/2026 16:32:28;Pendente de Retorno;MS;Campo Grande;ALMOXARIFADO ESTADUAL DE MEDICAMENTOS;17/07/2026 07:35:13
567413;TA1114;ARES;CGR - LH TRANSPORTES;;MS;15/09/2026 16:32:28;Pendente de Retorno;MS;Campo Grande;ALMOXARIFADO ESTADUAL DE MEDICAMENTOS;21/07/2026 17:15:01
567197;A3075;ARES;CGR - LH TRANSPORTES;;MS;15/09/2026 16:32:01;Pendente de Retorno;MS;Campo Grande;ALMOXARIFADO ESTADUAL DE MEDICAMENTOS;23/07/2026 21:14:26
566955;A1612;ARES;VTCLOG CNF - CONTAGEM;;MG;15/09/2026 16:13:00;Pendente de Retorno;MG;Contagem;SEC EST DA SAUDE - MG 9003799;13/07/2026 07:46:02
566955;A2282;ARES;VTCLOG CNF - CONTAGEM;;MG;15/09/2026 16:13:00;Pendente de Retorno;MG;Contagem;SEC EST DA SAUDE - MG 9003799;25/07/2026 21:25:34
566955;A2355;ARES;VTCLOG CNF - CONTAGEM;;MG;15/09/2026 16:13:00;Pendente de Retorno;MG;Contagem;SEC EST DA SAUDE - MG 9003799;27/07/2026 17:11:11
566955;A2695;ARES;VTCLOG CNF - CONTAGEM;;MG;15/09/2026 16:13:00;Pendente de Retorno;MG;Contagem;SEC EST DA SAUDE - MG 9003799;27/07/2026 17:17:10
566955;A2789;ARES;VTCLOG CNF - CONTAGEM;;MG;15/09/2026 16:13:00;Pendente de Retorno;MG;Contagem;SEC EST DA SAUDE - MG 9003799;22/07/2026 08:56:43
566955;A3032;ARES;VTCLOG CNF - CONTAGEM;;MG;15/09/2026 16:13:00;Pendente de Retorno;MG;Contagem;SEC EST DA SAUDE - MG 9003799;27/07/2026 15:21:12
566955;A4047;ARES;VTCLOG CNF - CONTAGEM;;MG;15/09/2026 16:13:00;Pendente de Retorno;MG;Contagem;SEC EST DA SAUDE - MG 9003799;22/07/2026 08:58:14
566955;A4430;ARES;VTCLOG CNF - CONTAGEM;;MG;15/09/2026 16:13:00;Pendente de Retorno;MG;Contagem;SEC EST DA SAUDE - MG 9003799;17/07/2026 08:39:27
566955;A5067;ARES;VTCLOG CNF - CONTAGEM;;MG;15/09/2026 16:13:00;Pendente de Retorno;MG;Contagem;SEC EST DA SAUDE - MG 9003799;13/07/2026 16:47:31
566955;A5603;ARES;VTCLOG CNF - CONTAGEM;;MG;15/09/2026 16:13:00;Pendente de Retorno;MG;Contagem;SEC EST DA SAUDE - MG 9003799;18/07/2026 10:15:05
566955;A9258;ARES;VTCLOG CNF - CONTAGEM;;MG;15/09/2026 16:13:00;Pendente de Retorno;MG;Contagem;SEC EST DA SAUDE - MG 9003799;04/07/2026 11:35:20
566955;TA0096;ARES;VTCLOG CNF - CONTAGEM;;MG;15/09/2026 16:13:00;Pendente de Retorno;MG;Contagem;SEC EST DA SAUDE - MG 9003799;02/07/2026 17:12:59
566955;TA0164;ARES;VTCLOG CNF - CONTAGEM;;MG;15/09/2026 16:13:00;Retornado;MG;Contagem;SEC EST DA SAUDE - MG 9003799;22/09/2026 00:49:24
566955;TA0737;ARES;VTCLOG CNF - CONTAGEM;;MG;15/09/2026 16:13:00;Pendente de Retorno;MG;Contagem;SEC EST DA SAUDE - MG 9003799;23/07/2026 21:13:33
566955;TA0943;ARES;VTCLOG CNF - CONTAGEM;;MG;15/09/2026 16:13:00;Pendente de Retorno;MG;Contagem;SEC EST DA SAUDE - MG 9003799;20/07/2026 11:35:11
566955;TA1063;ARES;VTCLOG CNF - CONTAGEM;;MG;15/09/2026 16:13:00;Pendente de Retorno;MG;Contagem;SEC EST DA SAUDE - MG 9003799;24/07/2026 15:29:11
566759;A0280;ARES;VTCLOG CNF - CONTAGEM;;MG;15/09/2026 16:12:00;Pendente de Retorno;MG;Contagem;SEC EST DA SAUDE - MG 9003799;27/07/2026 15:25:31
566759;A0680;ARES;VTCLOG CNF - CONTAGEM;;MG;15/09/2026 16:12:00;Pendente de Retorno;MG;Contagem;SEC EST DA SAUDE - MG 9003799;25/06/2026 17:34:24
566759;A3252;ARES;VTCLOG CNF - CONTAGEM;;MG;15/09/2026 16:12:00;Pendente de Retorno;MG;Contagem;SEC EST DA SAUDE - MG 9003799;25/07/2026 21:27:03
566759;A3781;ARES;VTCLOG CNF - CONTAGEM;;MG;15/09/2026 16:12:00;Pendente de Retorno;MG;Contagem;SEC EST DA SAUDE - MG 9003799;22/07/2026 21:45:47
566759;A4619;ARES;VTCLOG CNF - CONTAGEM;;MG;15/09/2026 16:12:00;Pendente de Retorno;MG;Contagem;SEC EST DA SAUDE - MG 9003799;21/07/2026 17:24:26
566759;A5337;ARES;VTCLOG CNF - CONTAGEM;;MG;15/09/2026 16:12:00;Pendente de Retorno;MG;Contagem;SEC EST DA SAUDE - MG 9003799;27/07/2026 16:42:23
566759;A5800;ARES;VTCLOG CNF - CONTAGEM;;MG;15/09/2026 16:12:00;Pendente de Retorno;MG;Contagem;SEC EST DA SAUDE - MG 9003799;27/07/2026 17:13:05
566759;A6364;ARES;VTCLOG CNF - CONTAGEM;;MG;15/09/2026 16:12:00;Pendente de Retorno;MG;Contagem;SEC EST DA SAUDE - MG 9003799;20/07/2026 11:35:16
566759;A6386;ARES;VTCLOG CNF - CONTAGEM;;MG;15/09/2026 16:12:00;Pendente de Retorno;MG;Contagem;SEC EST DA SAUDE - MG 9003799;14/07/2026 17:26:29
566759;A6825;ARES;VTCLOG CNF - CONTAGEM;;MG;15/09/2026 16:12:00;Pendente de Retorno;MG;Contagem;SEC EST DA SAUDE - MG 9003799;14/07/2026 17:27:44
566759;A7018;ARES;VTCLOG CNF - CONTAGEM;;MG;15/09/2026 16:12:00;Pendente de Retorno;MG;Contagem;SEC EST DA SAUDE - MG 9003799;21/07/2026 17:30:21
566759;A8004;ARES;VTCLOG CNF - CONTAGEM;;MG;15/09/2026 16:12:00;Pendente de Retorno;MG;Contagem;SEC EST DA SAUDE - MG 9003799;21/07/2026 17:45:10
566759;A8307;ARES;VTCLOG CNF - CONTAGEM;;MG;15/09/2026 16:12:00;Pendente de Retorno;MG;Contagem;SEC EST DA SAUDE - MG 9003799;20/07/2026 15:10:16
566759;A8399;ARES;VTCLOG CNF - CONTAGEM;;MG;15/09/2026 16:12:00;Pendente de Retorno;MG;Contagem;SEC EST DA SAUDE - MG 9003799;13/07/2026 16:47:48
566759;A8561;ARES;VTCLOG CNF - CONTAGEM;;MG;15/09/2026 16:12:00;Pendente de Retorno;MG;Contagem;SEC EST DA SAUDE - MG 9003799;21/07/2026 17:46:32
566759;A9260;ARES;VTCLOG CNF - CONTAGEM;;MG;15/09/2026 16:12:00;Pendente de Retorno;MG;Contagem;SEC EST DA SAUDE - MG 9003799;23/06/2026 15:14:51
566759;A9563;ARES;VTCLOG CNF - CONTAGEM;;MG;15/09/2026 16:12:00;Pendente de Retorno;MG;Contagem;SEC EST DA SAUDE - MG 9003799;17/07/2026 08:46:02
566759;TA0570;ARES;VTCLOG CNF - CONTAGEM;;MG;15/09/2026 16:12:00;Pendente de Retorno;MG;Contagem;SEC EST DA SAUDE - MG 9003799;22/07/2026 23:48:56
566759;TA0924;ARES;VTCLOG CNF - CONTAGEM;;MG;15/09/2026 16:12:00;Pendente de Retorno;MG;Contagem;SEC EST DA SAUDE - MG 9003799;27/07/2026 00:16:21
566759;TA0986;ARES;VTCLOG CNF - CONTAGEM;;MG;15/09/2026 16:12:00;Pendente de Retorno;MG;Contagem;SEC EST DA SAUDE - MG 9003799;20/07/2026 11:38:01
566759;TA1107;ARES;VTCLOG CNF - CONTAGEM;;MG;15/09/2026 16:12:00;Pendente de Retorno;MG;Contagem;SEC EST DA SAUDE - MG 9003799;10/07/2026 17:18:13
566759;TA1240;ARES;VTCLOG CNF - CONTAGEM;;MG;15/09/2026 16:12:00;Pendente de Retorno;MG;Contagem;SEC EST DA SAUDE - MG 9003799;25/07/2026 22:22:07
568499;A7167;ARES;VTCLOG - GRU;;SP;15/09/2026 16:04:00;Pendente de Retorno;SP;Atibaia;SANTA CASA DE ATIBAIA;27/07/2026 17:11:47
567823;A2442;ARES;BVB - J PIMENTEL S. CUNHA LTDA;;RR;15/09/2026 16:00:38;Pendente de Retorno;RR;Boa Vista;HEMOCENTRO COORDENADOR DE RORAIMA RR;25/07/2026 21:27:13
567393;A3121;ARES;PMW - MK BILLIG TRANSPORTES E LOGISTICA EIRELLI;;TO;15/09/2026 15:36:00;Pendente de Retorno;TO;Palmas;LABORATÓRIO DE SAÚDE PÚBLICA DE ARAGUAÍNA (LSPA);23/07/2026 07:43:47
567393;A5071;ARES;PMW - MK BILLIG TRANSPORTES E LOGISTICA EIRELLI;;TO;15/09/2026 15:36:00;Pendente de Retorno;TO;Palmas;LABORATÓRIO DE SAÚDE PÚBLICA DE ARAGUAÍNA (LSPA);21/07/2026 17:28:13
567485;A8268;ARES;PMW - MK BILLIG TRANSPORTES E LOGISTICA EIRELLI;;TO;15/09/2026 15:34:00;Pendente de Retorno;TO;Palmas;LABORATÓRIO DE SAÚDE PÚBLICA DE ARAGUAÍNA (LSPA);21/07/2026 17:28:52
567839;0741700623;ARES;PVH - RODOTEC;;RO;15/09/2026 15:32:00;Pendente de Retorno;RO;Porto Velho;HEMOCENTRO COORDENADOR DE RONDONIA;15/09/2026 15:32:00
564755;A0339;ARES;MCP - A A CARVALHO ROCHA ME;;AP;15/09/2026 15:26:02;Pendente de Retorno;AP;Macapa;ALMOXARIFADO DO MUNICÍPIO DE MACAPÁ;26/07/2026 20:46:27
564755;A1046;ARES;MCP - A A CARVALHO ROCHA ME;;AP;15/09/2026 15:26:02;Pendente de Retorno;AP;Macapa;ALMOXARIFADO DO MUNICÍPIO DE MACAPÁ;26/07/2026 20:49:25
564755;A2998;ARES;MCP - A A CARVALHO ROCHA ME;;AP;15/09/2026 15:26:02;Pendente de Retorno;AP;Macapa;ALMOXARIFADO DO MUNICÍPIO DE MACAPÁ;13/07/2026 08:23:45
564755;A3296;ARES;MCP - A A CARVALHO ROCHA ME;;AP;15/09/2026 15:26:02;Pendente de Retorno;AP;Macapa;ALMOXARIFADO DO MUNICÍPIO DE MACAPÁ;10/07/2026 17:30:34
564755;A3520;ARES;MCP - A A CARVALHO ROCHA ME;;AP;15/09/2026 15:26:02;Pendente de Retorno;AP;Macapa;ALMOXARIFADO DO MUNICÍPIO DE MACAPÁ;17/07/2026 08:45:03
564755;A3732;ARES;MCP - A A CARVALHO ROCHA ME;;AP;15/09/2026 15:26:02;Pendente de Retorno;AP;Macapa;ALMOXARIFADO DO MUNICÍPIO DE MACAPÁ;27/07/2026 15:33:51
564755;A4492;ARES;MCP - A A CARVALHO ROCHA ME;;AP;15/09/2026 15:26:02;Pendente de Retorno;AP;Macapa;ALMOXARIFADO DO MUNICÍPIO DE MACAPÁ;14/07/2026 14:43:01
564755;A6087;ARES;MCP - A A CARVALHO ROCHA ME;;AP;15/09/2026 15:26:02;Pendente de Retorno;AP;Macapa;ALMOXARIFADO DO MUNICÍPIO DE MACAPÁ;09/07/2026 09:12:18
564755;A6478;ARES;MCP - A A CARVALHO ROCHA ME;;AP;15/09/2026 15:26:02;Pendente de Retorno;AP;Macapa;ALMOXARIFADO DO MUNICÍPIO DE MACAPÁ;10/07/2026 17:33:30
564755;A6722;ARES;MCP - A A CARVALHO ROCHA ME;;AP;15/09/2026 15:26:02;Pendente de Retorno;AP;Macapa;ALMOXARIFADO DO MUNICÍPIO DE MACAPÁ;24/07/2026 08:29:23
564755;A6849;ARES;MCP - A A CARVALHO ROCHA ME;;AP;15/09/2026 15:26:02;Pendente de Retorno;AP;Macapa;ALMOXARIFADO DO MUNICÍPIO DE MACAPÁ;18/07/2026 10:14:04
564755;A7194;ARES;MCP - A A CARVALHO ROCHA ME;;AP;15/09/2026 15:26:02;Pendente de Retorno;AP;Macapa;ALMOXARIFADO DO MUNICÍPIO DE MACAPÁ;26/07/2026 22:22:44
564755;A7273;ARES;MCP - A A CARVALHO ROCHA ME;;AP;15/09/2026 15:26:02;Pendente de Retorno;AP;Macapa;ALMOXARIFADO DO MUNICÍPIO DE MACAPÁ;14/07/2026 14:42:50
564755;TA0526;ARES;MCP - A A CARVALHO ROCHA ME;;AP;15/09/2026 15:26:02;Pendente de Retorno;AP;Macapa;ALMOXARIFADO DO MUNICÍPIO DE MACAPÁ;13/07/2026 08:21:22
564755;TA0668;ARES;MCP - A A CARVALHO ROCHA ME;;AP;15/09/2026 15:26:02;Pendente de Retorno;AP;Macapa;ALMOXARIFADO DO MUNICÍPIO DE MACAPÁ;09/07/2026 08:58:55
567364;0741700158;ARES;MCZ - MCZ EXPRESS SERVICE LTDA;;AL;15/09/2026 15:09:00;Retornado;AL;Maceio;SECRETARIA DE ESTADO DA SAUDE;21/09/2026 13:37:16
567364;0741700892;ARES;MCZ - MCZ EXPRESS SERVICE LTDA;;AL;15/09/2026 15:09:00;Retornado;AL;Maceio;SECRETARIA DE ESTADO DA SAUDE;21/09/2026 13:41:34
567364;A0222;ARES;MCZ - MCZ EXPRESS SERVICE LTDA;;AL;15/09/2026 15:09:00;Pendente de Retorno;AL;Maceio;SECRETARIA DE ESTADO DA SAUDE;20/07/2026 11:35:51
567364;A1613;ARES;MCZ - MCZ EXPRESS SERVICE LTDA;;AL;15/09/2026 15:09:00;Pendente de Retorno;AL;Maceio;SECRETARIA DE ESTADO DA SAUDE;25/07/2026 12:09:14
567344;A2341;ARES;MCZ - MCZ EXPRESS SERVICE LTDA;;AL;15/09/2026 15:09:00;Pendente de Retorno;AL;Maceio;SECRETARIA DE ESTADO DA SAUDE;13/07/2026 08:21:20
567344;A3142;ARES;MCZ - MCZ EXPRESS SERVICE LTDA;;AL;15/09/2026 15:09:00;Pendente de Retorno;AL;Maceio;SECRETARIA DE ESTADO DA SAUDE;24/07/2026 08:36:22
567344;A3749;ARES;MCZ - MCZ EXPRESS SERVICE LTDA;;AL;15/09/2026 15:09:00;Pendente de Retorno;AL;Maceio;SECRETARIA DE ESTADO DA SAUDE;17/07/2026 08:45:37
567344;A4665;ARES;MCZ - MCZ EXPRESS SERVICE LTDA;;AL;15/09/2026 15:09:00;Pendente de Retorno;AL;Maceio;SECRETARIA DE ESTADO DA SAUDE;26/07/2026 22:19:58
567344;A5809;ARES;MCZ - MCZ EXPRESS SERVICE LTDA;;AL;15/09/2026 15:09:00;Pendente de Retorno;AL;Maceio;SECRETARIA DE ESTADO DA SAUDE;20/07/2026 11:26:49
567364;A5960;ARES;MCZ - MCZ EXPRESS SERVICE LTDA;;AL;15/09/2026 15:09:00;Pendente de Retorno;AL;Maceio;SECRETARIA DE ESTADO DA SAUDE;27/07/2026 15:22:13
567344;A6206;ARES;MCZ - MCZ EXPRESS SERVICE LTDA;;AL;15/09/2026 15:09:00;Pendente de Retorno;AL;Maceio;SECRETARIA DE ESTADO DA SAUDE;18/07/2026 10:22:15
567344;A6680;ARES;MCZ - MCZ EXPRESS SERVICE LTDA;;AL;15/09/2026 15:09:00;Pendente de Retorno;AL;Maceio;SECRETARIA DE ESTADO DA SAUDE;27/07/2026 16:47:58
567344;A6732;ARES;MCZ - MCZ EXPRESS SERVICE LTDA;;AL;15/09/2026 15:09:00;Pendente de Retorno;AL;Maceio;SECRETARIA DE ESTADO DA SAUDE;20/07/2026 15:09:46
567344;A7086;ARES;MCZ - MCZ EXPRESS SERVICE LTDA;;AL;15/09/2026 15:09:00;Pendente de Retorno;AL;Maceio;SECRETARIA DE ESTADO DA SAUDE;23/07/2026 07:42:35
567344;A7331;ARES;MCZ - MCZ EXPRESS SERVICE LTDA;;AL;15/09/2026 15:09:00;Pendente de Retorno;AL;Maceio;SECRETARIA DE ESTADO DA SAUDE;27/07/2026 10:02:31
567364;A7353;ARES;MCZ - MCZ EXPRESS SERVICE LTDA;;AL;15/09/2026 15:09:00;Pendente de Retorno;AL;Maceio;SECRETARIA DE ESTADO DA SAUDE;24/07/2026 08:29:50
567344;A7443;ARES;MCZ - MCZ EXPRESS SERVICE LTDA;;AL;15/09/2026 15:09:00;Pendente de Retorno;AL;Maceio;SECRETARIA DE ESTADO DA SAUDE;10/07/2026 02:12:20
567344;A7632;ARES;MCZ - MCZ EXPRESS SERVICE LTDA;;AL;15/09/2026 15:09:00;Pendente de Retorno;AL;Maceio;SECRETARIA DE ESTADO DA SAUDE;09/07/2026 08:54:50
567364;A7981;ARES;MCZ - MCZ EXPRESS SERVICE LTDA;;AL;15/09/2026 15:09:00;Pendente de Retorno;AL;Maceio;SECRETARIA DE ESTADO DA SAUDE;13/07/2026 16:32:20
567344;A8180;ARES;MCZ - MCZ EXPRESS SERVICE LTDA;;AL;15/09/2026 15:09:00;Retornado;AL;Maceio;SECRETARIA DE ESTADO DA SAUDE;21/09/2026 13:39:32
567344;A8527;ARES;MCZ - MCZ EXPRESS SERVICE LTDA;;AL;15/09/2026 15:09:00;Pendente de Retorno;AL;Maceio;SECRETARIA DE ESTADO DA SAUDE;10/07/2026 17:23:30
567364;A8916;ARES;MCZ - MCZ EXPRESS SERVICE LTDA;;AL;15/09/2026 15:09:00;Pendente de Retorno;AL;Maceio;SECRETARIA DE ESTADO DA SAUDE;24/07/2026 08:23:35
567364;A8994;ARES;MCZ - MCZ EXPRESS SERVICE LTDA;;AL;15/09/2026 15:09:00;Pendente de Retorno;AL;Maceio;SECRETARIA DE ESTADO DA SAUDE;25/07/2026 22:21:33
567344;A9560;ARES;MCZ - MCZ EXPRESS SERVICE LTDA;;AL;15/09/2026 15:09:00;Pendente de Retorno;AL;Maceio;SECRETARIA DE ESTADO DA SAUDE;17/07/2026 07:39:25
567894;A9427;ARES;VTCLOG - GRU;;SP;15/09/2026 15:00:40;Pendente de Retorno;SP;Santa Lucia;VALENTINA MANCINI PEREIRA;14/07/2026 17:25:08
568055;A7346;ARES;VDC - MASPEX CARGO;;BA;15/09/2026 15:00:00;Pendente de Retorno;BA;Vitoria da Conquista;DIOGO GONÇALVES SANTOS 00737.010851/2026-01;23/07/2026 21:13:25
568215;A8507;ARES;MCZ - MCZ EXPRESS SERVICE LTDA;;AL;15/09/2026 15:00:00;Pendente de Retorno;AL;Maceio;CYNTHIA RAFAELA PEREIRA DE MENEZES;27/07/2026 15:21:02
566995;0741700065;ARES;SLZ - REIS CAVALCANTE EXPRESSO;;MA;15/09/2026 14:34:00;Retornado;MA;Sao Luis;HOSPITAL MACRORREGIONAL DRA RUTH NOLETO;15/09/2026 15:44:51
568141;TA0713;ARES;SLZ - REIS CAVALCANTE EXPRESSO;;MA;15/09/2026 14:34:00;Pendente de Retorno;MA;Sao Luis;HOSPITAL MACRORREGIONAL DRA RUTH NOLETO;20/07/2026 11:35:55
564697;A9691;ARES;SSA - LUTY LOG;;BA;15/09/2026 14:19:00;Pendente de Retorno;BA;Salvador;HEMOCENTRO COORDENADOR DA BAHIA;20/07/2026 09:51:28
568490;A2419;ARES;VTCLOG - GRU;;SP;15/09/2026 14:02:16;Pendente de Retorno;SP;Bebedouro;HOSPITAL REGIONAL DE BEBEDOURO;21/07/2026 17:43:49
566460;A7129;ARES;VIX - SOULOG EXPRESS;;ES;15/09/2026 13:09:19;Pendente de Retorno;ES;VITORIA;LABORATORIO CENTRAL SAUDE PUBLICA ESPIRITO SANTO -;14/07/2026 14:37:31
568142;TA0698;ARES;CHAPPA BRASIL;;CE;15/09/2026 13:09:00;Pendente de Retorno;CE;Fortaleza;COMPLEXO HOSPITALAR DA UNIVERSIDADE FEDERAL DO CEA;18/07/2026 07:59:15
567825;0741700812;ARES;VTCLOG RIO GALEAO;;RJ;15/09/2026 13:00:00;Retornado;RJ;RIO DE JANEIRO;HEMOCENTRO COORDENADOR DO RIO DE JANEIRO;22/09/2026 00:28:53
567825;0741700937;ARES;VTCLOG RIO GALEAO;;RJ;15/09/2026 13:00:00;Retornado;RJ;RIO DE JANEIRO;HEMOCENTRO COORDENADOR DO RIO DE JANEIRO;22/09/2026 02:52:01
566969;A0014;ARES;NAT - CSM CARGO;;RN;15/09/2026 13:00:00;Pendente de Retorno;RN;Natal;ALMOXARIFADO ESTADUAL DE MEDICAMENTOS;27/07/2026 00:12:36
566969;A1567;ARES;NAT - CSM CARGO;;RN;15/09/2026 13:00:00;Pendente de Retorno;RN;Natal;ALMOXARIFADO ESTADUAL DE MEDICAMENTOS;20/07/2026 09:52:03
566905;A3733;ARES;NAT - CSM CARGO;;RN;15/09/2026 13:00:00;Pendente de Retorno;RN;Natal;ALMOXARIFADO ESTADUAL DE MEDICAMENTOS;17/07/2026 08:21:33
566969;A4116;ARES;NAT - CSM CARGO;;RN;15/09/2026 13:00:00;Retornado;RN;Natal;ALMOXARIFADO ESTADUAL DE MEDICAMENTOS;18/09/2026 15:04:04
566905;A4343;ARES;NAT - CSM CARGO;;RN;15/09/2026 13:00:00;Pendente de Retorno;RN;Natal;ALMOXARIFADO ESTADUAL DE MEDICAMENTOS;10/07/2026 17:23:52
566775;A6061;ARES;NAT - CSM CARGO;;RN;15/09/2026 13:00:00;Pendente de Retorno;RN;Natal;ALMOXARIFADO ESTADUAL DE MEDICAMENTOS;27/07/2026 15:24:19
566969;A6270;ARES;NAT - CSM CARGO;;RN;15/09/2026 13:00:00;Retornado;RN;Natal;ALMOXARIFADO ESTADUAL DE MEDICAMENTOS;18/09/2026 15:25:34
567210;A8083;ARES;NAT - CSM CARGO;;RN;15/09/2026 13:00:00;Pendente de Retorno;RN;Natal;ALMOXARIFADO ESTADUAL DE MEDICAMENTOS;25/07/2026 13:02:41
566969;A8340;ARES;NAT - CSM CARGO;;RN;15/09/2026 13:00:00;Pendente de Retorno;RN;Natal;ALMOXARIFADO ESTADUAL DE MEDICAMENTOS;26/07/2026 20:50:35
566905;TA0340;ARES;NAT - CSM CARGO;;RN;15/09/2026 13:00:00;Pendente de Retorno;RN;Natal;ALMOXARIFADO ESTADUAL DE MEDICAMENTOS;27/07/2026 15:24:56
567249;A1068;ARES;FOR - NT TRANSPORTE LTDA;;CE;15/09/2026 12:45:00;Pendente de Retorno;CE;Fortaleza;LABORATÓRIO CENTRAL DE SAÚDE PÚBLICA LACEN/CE;13/07/2026 08:24:45
567249;A3933;ARES;FOR - NT TRANSPORTE LTDA;;CE;15/09/2026 12:45:00;Pendente de Retorno;CE;Fortaleza;LABORATÓRIO CENTRAL DE SAÚDE PÚBLICA LACEN/CE;13/07/2026 16:30:35
567249;A4602;ARES;FOR - NT TRANSPORTE LTDA;;CE;15/09/2026 12:45:00;Pendente de Retorno;CE;Fortaleza;LABORATÓRIO CENTRAL DE SAÚDE PÚBLICA LACEN/CE;13/07/2026 08:24:48
567249;A4906;ARES;FOR - NT TRANSPORTE LTDA;;CE;15/09/2026 12:45:00;Pendente de Retorno;CE;Fortaleza;LABORATÓRIO CENTRAL DE SAÚDE PÚBLICA LACEN/CE;13/07/2026 16:33:10
567249;A5124;ARES;FOR - NT TRANSPORTE LTDA;;CE;15/09/2026 12:45:00;Pendente de Retorno;CE;Fortaleza;LABORATÓRIO CENTRAL DE SAÚDE PÚBLICA LACEN/CE;24/07/2026 08:38:22
567249;A5370;ARES;FOR - NT TRANSPORTE LTDA;;CE;15/09/2026 12:45:00;Pendente de Retorno;CE;Fortaleza;LABORATÓRIO CENTRAL DE SAÚDE PÚBLICA LACEN/CE;23/07/2026 21:11:56
567249;A6286;ARES;FOR - NT TRANSPORTE LTDA;;CE;15/09/2026 12:45:00;Pendente de Retorno;CE;Fortaleza;LABORATÓRIO CENTRAL DE SAÚDE PÚBLICA LACEN/CE;30/06/2026 08:19:15
567249;A8101;ARES;FOR - NT TRANSPORTE LTDA;;CE;15/09/2026 12:45:00;Pendente de Retorno;CE;Fortaleza;LABORATÓRIO CENTRAL DE SAÚDE PÚBLICA LACEN/CE;09/07/2026 23:10:12
567249;A8755;ARES;FOR - NT TRANSPORTE LTDA;;CE;15/09/2026 12:45:00;Pendente de Retorno;CE;Fortaleza;LABORATÓRIO CENTRAL DE SAÚDE PÚBLICA LACEN/CE;21/07/2026 17:28:52
567249;A9403;ARES;FOR - NT TRANSPORTE LTDA;;CE;15/09/2026 12:45:00;Pendente de Retorno;CE;Fortaleza;LABORATÓRIO CENTRAL DE SAÚDE PÚBLICA LACEN/CE;30/06/2026 08:22:30
567249;TA0599;ARES;FOR - NT TRANSPORTE LTDA;;CE;15/09/2026 12:45:00;Pendente de Retorno;CE;Fortaleza;LABORATÓRIO CENTRAL DE SAÚDE PÚBLICA LACEN/CE;21/07/2026 00:00:41
567829;A6652;ARES;THE - AERONEIVA EXPRESS;;PI;15/09/2026 12:42:00;Pendente de Retorno;PI;Teresina;HEMOCENTRO COORDENADOR DO PIAUI;20/07/2026 11:36:48
567183;A9629;ARES;VIX - SOULOG EXPRESS;;ES;15/09/2026 12:40:47;Pendente de Retorno;ES;VITORIA;LABORATORIO CENTRAL SAUDE PUBLICA ESPIRITO SANTO -;18/07/2026 07:59:14
567916;A0330;ARES;NAT - CSM CARGO;;RN;15/09/2026 12:29:00;Pendente de Retorno;RN;Natal;ALMOXARIFADO ESTADUAL DE MEDICAMENTOS;21/07/2026 09:41:10
567916;A1456;ARES;NAT - CSM CARGO;;RN;15/09/2026 12:29:00;Pendente de Retorno;RN;Natal;ALMOXARIFADO ESTADUAL DE MEDICAMENTOS;10/07/2026 16:17:39
567916;A3709;ARES;NAT - CSM CARGO;;RN;15/09/2026 12:29:00;Pendente de Retorno;RN;Natal;ALMOXARIFADO ESTADUAL DE MEDICAMENTOS;27/07/2026 12:29:32
567916;A6402;ARES;NAT - CSM CARGO;;RN;15/09/2026 12:29:00;Pendente de Retorno;RN;Natal;ALMOXARIFADO ESTADUAL DE MEDICAMENTOS;15/07/2026 10:08:40
567916;A6909;ARES;NAT - CSM CARGO;;RN;15/09/2026 12:29:00;Pendente de Retorno;RN;Natal;ALMOXARIFADO ESTADUAL DE MEDICAMENTOS;17/07/2026 08:21:41
567916;A8338;ARES;NAT - CSM CARGO;;RN;15/09/2026 12:29:00;Pendente de Retorno;RN;Natal;ALMOXARIFADO ESTADUAL DE MEDICAMENTOS;14/07/2026 10:53:09
567916;A8743;ARES;NAT - CSM CARGO;;RN;15/09/2026 12:29:00;Pendente de Retorno;RN;Natal;ALMOXARIFADO ESTADUAL DE MEDICAMENTOS;27/07/2026 16:47:38
567916;A9600;ARES;NAT - CSM CARGO;;RN;15/09/2026 12:29:00;Pendente de Retorno;RN;Natal;ALMOXARIFADO ESTADUAL DE MEDICAMENTOS;26/07/2026 20:49:42
567579;0741700223;ARES;VTCLOG - GRU;;SP;15/09/2026 12:25:08;Pendente de Retorno;SP;Sao Jose do Rio Preto;ANTÔNIO DINIZ LISBOA NETO;15/09/2026 12:25:08
567207;A2986;ARES;THE - AERONEIVA EXPRESS;;PI;15/09/2026 12:20:00;Pendente de Retorno;PI;Teresina;PROGRAMA ESTADUAL DE IMUNIZAÇÕES - SES-PI;17/07/2026 07:34:33
568191;A4509;ARES;CGR - LH TRANSPORTES;;MS;15/09/2026 12:00:00;Pendente de Retorno;MS;Ponta Pora;PEDRO HENRIQUE ALVES ROMANHOLI 00737.031508/2024-21;10/07/2026 17:24:03
568130;A6501;ARES;UDI - ENTREGAS URGENTES LTDA;;MG;15/09/2026 12:00:00;Pendente de Retorno;MG;Uberaba;HOSPITAL DAS CLINICAS DA UNIVERSIDADE FEDERAL DO T;25/07/2026 12:08:26
567815;A2160;ARES;BVB - J PIMENTEL S. CUNHA LTDA;;RR;15/09/2026 11:50:00;Pendente de Retorno;RR;Boa Vista;HEMOCENTRO COORDENADOR DE RORAIMA RR;21/07/2026 17:47:01
567645;A8868;ARES;CGB - JR TRANSPORTES;;MT;15/09/2026 11:38:23;Pendente de Retorno;MT;Cuiaba;SECRETARIA DE ESTADO DE SAUDE DE MA GROSSO - SES;02/07/2026 16:51:14
567594;A1938;ARES;VTCLOG - BSB;;DF;15/09/2026 11:33:16;Pendente de Retorno;DF;BRASILIA;HEMOCENTRO COORDENADOR DE BRASILIA;23/07/2026 21:12:34
567919;A3314;ARES;THE - AERONEIVA EXPRESS;;PI;15/09/2026 11:30:00;Pendente de Retorno;PI;Teresina;PROGRAMA ESTADUAL DE IMUNIZAÇÕES - SES-PI;24/07/2026 08:33:52
567919;A3595;ARES;THE - AERONEIVA EXPRESS;;PI;15/09/2026 11:30:00;Pendente de Retorno;PI;Teresina;PROGRAMA ESTADUAL DE IMUNIZAÇÕES - SES-PI;14/07/2026 11:46:37
567919;A4286;ARES;THE - AERONEIVA EXPRESS;;PI;15/09/2026 11:30:00;Pendente de Retorno;PI;Teresina;PROGRAMA ESTADUAL DE IMUNIZAÇÕES - SES-PI;21/07/2026 17:22:51
567919;TA0227;ARES;THE - AERONEIVA EXPRESS;;PI;15/09/2026 11:30:00;Pendente de Retorno;PI;Teresina;PROGRAMA ESTADUAL DE IMUNIZAÇÕES - SES-PI;21/07/2026 09:42:15
567919;TA1039;ARES;THE - AERONEIVA EXPRESS;;PI;15/09/2026 11:30:00;Pendente de Retorno;PI;Teresina;PROGRAMA ESTADUAL DE IMUNIZAÇÕES - SES-PI;21/07/2026 00:05:15
567196;A6975;ARES;CGB - JR TRANSPORTES;;MT;15/09/2026 11:25:24;Pendente de Retorno;MT;Cuiaba;SECRETARIA DE ESTADO DE SAUDE DE MA GROSSO - SES;21/07/2026 17:26:46
568123;0741700188;ARES;AJU - CASSIMIRO TRANSPORTES;;SE;15/09/2026 10:44:26;Retornado;SE;Nossa Senhora do Socorro;BEATRIZ DE JESUS CARVALHO 00737.019622/2026-44;15/09/2026 14:24:09
567193;A1099;ARES;VTCLOG RIO GALEAO;;RJ;15/09/2026 10:40:00;Pendente de Retorno;RJ;RIO DE JANEIRO;INSTITUTO NACIONAL DE CANCER;21/07/2026 22:24:01
566964;A0071;ARES;VTCLOG - REC;;PE;15/09/2026 10:24:25;Pendente de Retorno;PE;JABOATAO DOS GUARARAPES;ALMOXARIFADO ESTADUAL DE MEDICAMENTOS - PERNAMBUCO;26/07/2026 22:24:30
566884;A0381;ARES;VTCLOG - REC;;PE;15/09/2026 10:24:25;Pendente de Retorno;PE;JABOATAO DOS GUARARAPES;ALMOXARIFADO ESTADUAL DE MEDICAMENTOS - PERNAMBUCO;29/06/2026 23:28:30
566964;A3098;ARES;VTCLOG - REC;;PE;15/09/2026 10:24:25;Pendente de Retorno;PE;JABOATAO DOS GUARARAPES;ALMOXARIFADO ESTADUAL DE MEDICAMENTOS - PERNAMBUCO;18/07/2026 11:41:20
566884;A3409;ARES;VTCLOG - REC;;PE;15/09/2026 10:24:25;Pendente de Retorno;PE;JABOATAO DOS GUARARAPES;ALMOXARIFADO ESTADUAL DE MEDICAMENTOS - PERNAMBUCO;22/07/2026 23:45:44
566964;A3522;ARES;VTCLOG - REC;;PE;15/09/2026 10:24:25;Pendente de Retorno;PE;JABOATAO DOS GUARARAPES;ALMOXARIFADO ESTADUAL DE MEDICAMENTOS - PERNAMBUCO;23/07/2026 08:40:27
566884;A3806;ARES;VTCLOG - REC;;PE;15/09/2026 10:24:25;Pendente de Retorno;PE;JABOATAO DOS GUARARAPES;ALMOXARIFADO ESTADUAL DE MEDICAMENTOS - PERNAMBUCO;21/07/2026 17:14:55
566964;A4693;ARES;VTCLOG - REC;;PE;15/09/2026 10:24:25;Pendente de Retorno;PE;JABOATAO DOS GUARARAPES;ALMOXARIFADO ESTADUAL DE MEDICAMENTOS - PERNAMBUCO;22/07/2026 08:56:47
566964;A6111;ARES;VTCLOG - REC;;PE;15/09/2026 10:24:25;Pendente de Retorno;PE;JABOATAO DOS GUARARAPES;ALMOXARIFADO ESTADUAL DE MEDICAMENTOS - PERNAMBUCO;27/07/2026 15:27:41
566884;A6400;ARES;VTCLOG - REC;;PE;15/09/2026 10:24:25;Pendente de Retorno;PE;JABOATAO DOS GUARARAPES;ALMOXARIFADO ESTADUAL DE MEDICAMENTOS - PERNAMBUCO;16/06/2026 08:38:40
566964;A7133;ARES;VTCLOG - REC;;PE;15/09/2026 10:24:25;Pendente de Retorno;PE;JABOATAO DOS GUARARAPES;ALMOXARIFADO ESTADUAL DE MEDICAMENTOS - PERNAMBUCO;27/07/2026 15:24:46
567205;A7255;ARES;VTCLOG - REC;;PE;15/09/2026 10:24:25;Pendente de Retorno;PE;JABOATAO DOS GUARARAPES;ALMOXARIFADO ESTADUAL DE MEDICAMENTOS - PERNAMBUCO;10/07/2026 17:34:37
566884;A7546;ARES;VTCLOG - REC;;PE;15/09/2026 10:24:25;Pendente de Retorno;PE;JABOATAO DOS GUARARAPES;ALMOXARIFADO ESTADUAL DE MEDICAMENTOS - PERNAMBUCO;30/06/2026 08:21:28
566884;A7702;ARES;VTCLOG - REC;;PE;15/09/2026 10:24:25;Pendente de Retorno;PE;JABOATAO DOS GUARARAPES;ALMOXARIFADO ESTADUAL DE MEDICAMENTOS - PERNAMBUCO;13/07/2026 13:15:38
566884;A8478;ARES;VTCLOG - REC;;PE;15/09/2026 10:24:25;Pendente de Retorno;PE;JABOATAO DOS GUARARAPES;ALMOXARIFADO ESTADUAL DE MEDICAMENTOS - PERNAMBUCO;10/07/2026 17:23:18
566964;A8591;ARES;VTCLOG - REC;;PE;15/09/2026 10:24:25;Pendente de Retorno;PE;JABOATAO DOS GUARARAPES;ALMOXARIFADO ESTADUAL DE MEDICAMENTOS - PERNAMBUCO;20/06/2026 10:32:21
566964;A8613;ARES;VTCLOG - REC;;PE;15/09/2026 10:24:25;Pendente de Retorno;PE;JABOATAO DOS GUARARAPES;ALMOXARIFADO ESTADUAL DE MEDICAMENTOS - PERNAMBUCO;17/07/2026 07:32:42
566884;A8643;ARES;VTCLOG - REC;;PE;15/09/2026 10:24:25;Pendente de Retorno;PE;JABOATAO DOS GUARARAPES;ALMOXARIFADO ESTADUAL DE MEDICAMENTOS - PERNAMBUCO;27/07/2026 12:32:55
566884;A9284;ARES;VTCLOG - REC;;PE;15/09/2026 10:24:25;Retornado;PE;JABOATAO DOS GUARARAPES;ALMOXARIFADO ESTADUAL DE MEDICAMENTOS - PERNAMBUCO;16/09/2026 16:24:22
567205;A9311;ARES;VTCLOG - REC;;PE;15/09/2026 10:24:25;Pendente de Retorno;PE;JABOATAO DOS GUARARAPES;ALMOXARIFADO ESTADUAL DE MEDICAMENTOS - PERNAMBUCO;09/07/2026 02:52:25
566884;TA0011;ARES;VTCLOG - REC;;PE;15/09/2026 10:24:25;Retornado;PE;JABOATAO DOS GUARARAPES;ALMOXARIFADO ESTADUAL DE MEDICAMENTOS - PERNAMBUCO;18/09/2026 14:17:55
566884;TA0116;ARES;VTCLOG - REC;;PE;15/09/2026 10:24:25;Retornado;PE;JABOATAO DOS GUARARAPES;ALMOXARIFADO ESTADUAL DE MEDICAMENTOS - PERNAMBUCO;16/09/2026 16:22:59
566964;TA0213;ARES;VTCLOG - REC;;PE;15/09/2026 10:24:25;Pendente de Retorno;PE;JABOATAO DOS GUARARAPES;ALMOXARIFADO ESTADUAL DE MEDICAMENTOS - PERNAMBUCO;13/07/2026 08:20:16
566884;TA0299;ARES;VTCLOG - REC;;PE;15/09/2026 10:24:25;Pendente de Retorno;PE;JABOATAO DOS GUARARAPES;ALMOXARIFADO ESTADUAL DE MEDICAMENTOS - PERNAMBUCO;21/07/2026 17:27:39
566884;TA0783;ARES;VTCLOG - REC;;PE;15/09/2026 10:24:25;Pendente de Retorno;PE;JABOATAO DOS GUARARAPES;ALMOXARIFADO ESTADUAL DE MEDICAMENTOS - PERNAMBUCO;27/07/2026 00:13:19
567816;TA1185;ARES;JPA - LIDER CARGAS;;PB;15/09/2026 10:24:13;Pendente de Retorno;PB;Joao Pessoa;HEMOCENTRO COORDENADOR DE PARAÍBA;13/07/2026 08:22:45
567923;A2955;ARES;JPA - LIDER CARGAS;;PB;15/09/2026 10:10:30;Pendente de Retorno;PB;Joao Pessoa;SEC DE SAUDE DA PARAIBA;10/07/2026 16:17:34
567923;A3105;ARES;JPA - LIDER CARGAS;;PB;15/09/2026 10:10:30;Pendente de Retorno;PB;Joao Pessoa;SEC DE SAUDE DA PARAIBA;23/06/2026 08:12:37
567923;A3841;ARES;JPA - LIDER CARGAS;;PB;15/09/2026 10:10:30;Pendente de Retorno;PB;Joao Pessoa;SEC DE SAUDE DA PARAIBA;15/07/2026 21:27:35
567923;A4240;ARES;JPA - LIDER CARGAS;;PB;15/09/2026 10:10:30;Pendente de Retorno;PB;Joao Pessoa;SEC DE SAUDE DA PARAIBA;13/07/2026 16:29:11
567923;A4568;ARES;JPA - LIDER CARGAS;;PB;15/09/2026 10:10:30;Pendente de Retorno;PB;Joao Pessoa;SEC DE SAUDE DA PARAIBA;25/07/2026 21:27:45
567923;A4703;ARES;JPA - LIDER CARGAS;;PB;15/09/2026 10:10:30;Pendente de Retorno;PB;Joao Pessoa;SEC DE SAUDE DA PARAIBA;25/07/2026 22:22:20
567923;A5870;ARES;JPA - LIDER CARGAS;;PB;15/09/2026 10:10:30;Pendente de Retorno;PB;Joao Pessoa;SEC DE SAUDE DA PARAIBA;15/07/2026 10:51:42
567923;A5971;ARES;JPA - LIDER CARGAS;;PB;15/09/2026 10:10:30;Pendente de Retorno;PB;Joao Pessoa;SEC DE SAUDE DA PARAIBA;13/07/2026 16:33:55
567923;A6945;ARES;JPA - LIDER CARGAS;;PB;15/09/2026 10:10:30;Pendente de Retorno;PB;Joao Pessoa;SEC DE SAUDE DA PARAIBA;22/07/2026 09:00:07
567923;A9304;ARES;JPA - LIDER CARGAS;;PB;15/09/2026 10:10:30;Pendente de Retorno;PB;Joao Pessoa;SEC DE SAUDE DA PARAIBA;22/07/2026 21:46:18
567923;A9446;ARES;JPA - LIDER CARGAS;;PB;15/09/2026 10:10:30;Pendente de Retorno;PB;Joao Pessoa;SEC DE SAUDE DA PARAIBA;17/07/2026 08:27:28
567923;TA0092;ARES;JPA - LIDER CARGAS;;PB;15/09/2026 10:10:30;Pendente de Retorno;PB;Joao Pessoa;SEC DE SAUDE DA PARAIBA;22/07/2026 08:58:59
567923;TA0180;ARES;JPA - LIDER CARGAS;;PB;15/09/2026 10:10:30;Pendente de Retorno;PB;Joao Pessoa;SEC DE SAUDE DA PARAIBA;21/07/2026 09:40:17
567923;TA0471;ARES;JPA - LIDER CARGAS;;PB;15/09/2026 10:10:30;Pendente de Retorno;PB;Joao Pessoa;SEC DE SAUDE DA PARAIBA;22/07/2026 23:48:00
567923;TA0998;ARES;JPA - LIDER CARGAS;;PB;15/09/2026 10:10:30;Pendente de Retorno;PB;Joao Pessoa;SEC DE SAUDE DA PARAIBA;23/07/2026 07:43:01
567923;TA1075;ARES;JPA - LIDER CARGAS;;PB;15/09/2026 10:10:30;Pendente de Retorno;PB;Joao Pessoa;SEC DE SAUDE DA PARAIBA;23/07/2026 21:11:43
566715;0741700512;ARES;SSA - LUTY LOG;;BA;15/09/2026 10:10:00;Retornado;BA;Salvador;BAHIA SSA GABINETE DO SECRETARIO;21/09/2026 16:48:26
566715;0741700724;ARES;SSA - LUTY LOG;;BA;15/09/2026 10:10:00;Retornado;BA;Salvador;BAHIA SSA GABINETE DO SECRETARIO;21/09/2026 17:00:00
566431;0741700934;ARES;SSA - LUTY LOG;;BA;15/09/2026 10:10:00;Retornado;BA;Salvador;BAHIA SSA GABINETE DO SECRETARIO;21/09/2026 16:53:21
566431;0741700972;ARES;SSA - LUTY LOG;;BA;15/09/2026 10:10:00;Retornado;BA;Salvador;BAHIA SSA GABINETE DO SECRETARIO;21/09/2026 16:51:29
567172;A6215;ARES;SSA - LUTY LOG;;BA;15/09/2026 10:10:00;Pendente de Retorno;BA;Salvador;BAHIA SSA GABINETE DO SECRETARIO;18/07/2026 10:13:25
566431;A6977;ARES;SSA - LUTY LOG;;BA;15/09/2026 10:10:00;Pendente de Retorno;BA;Salvador;BAHIA SSA GABINETE DO SECRETARIO;30/06/2026 08:47:04
567172;A9333;ARES;SSA - LUTY LOG;;BA;15/09/2026 10:10:00;Pendente de Retorno;BA;Salvador;BAHIA SSA GABINETE DO SECRETARIO;22/07/2026 09:00:22
567643;TA0114;ARES;SSA - LUTY LOG;;BA;15/09/2026 10:10:00;Retornado;BA;Salvador;BAHIA SSA GABINETE DO SECRETARIO;21/09/2026 16:57:43
566715;TA0452;ARES;SSA - LUTY LOG;;BA;15/09/2026 10:10:00;Pendente de Retorno;BA;Salvador;BAHIA SSA GABINETE DO SECRETARIO;22/07/2026 09:01:58
567185;A5064;ARES;GYN - RBR EXPERIENCIA EM TRANSPORTES;;GO;15/09/2026 09:54:47;Pendente de Retorno;GO;Goiania;ALMOXARIFADO ESTADUAL DE MEDICAMENTOS;21/07/2026 17:14:15
567176;0741700655;ARES;PVH - RODOTEC;;RO;15/09/2026 09:30:00;Pendente de Retorno;RO;Porto Velho;LABORATÓRIO DE SAÚDE PÚBLICA DE RONDÔNIA- LACEN/RO;15/09/2026 09:30:00
567176;A3250;ARES;PVH - RODOTEC;;RO;15/09/2026 09:30:00;Pendente de Retorno;RO;Porto Velho;LABORATÓRIO DE SAÚDE PÚBLICA DE RONDÔNIA- LACEN/RO;20/07/2026 11:23:16
567176;A7756;ARES;PVH - RODOTEC;;RO;15/09/2026 09:30:00;Pendente de Retorno;RO;Porto Velho;LABORATÓRIO DE SAÚDE PÚBLICA DE RONDÔNIA- LACEN/RO;09/07/2026 16:02:52
567176;TA0931;ARES;PVH - RODOTEC;;RO;15/09/2026 09:30:00;Pendente de Retorno;RO;Porto Velho;LABORATÓRIO DE SAÚDE PÚBLICA DE RONDÔNIA- LACEN/RO;27/07/2026 10:29:02
567718;A5014;ARES;GYN - RBR EXPERIENCIA EM TRANSPORTES;;GO;15/09/2026 09:13:06;Pendente de Retorno;GO;Goiania;HEMOCENTRO COORDENADOR DE GOIAS;30/06/2026 08:47:10
567296;A7860;ARES;GYN - RBR EXPERIENCIA EM TRANSPORTES;;GO;15/09/2026 09:13:06;Pendente de Retorno;GO;Goiania;HEMOCENTRO COORDENADOR DE GOIAS;18/07/2026 08:00:40
568246;A4698;ARES;JPA - LIDER CARGAS;;PB;15/09/2026 09:00:00;Pendente de Retorno;PB;Campina Grande;CAMPINA GRANDE GABINETE DO PREFEITO;21/07/2026 00:10:45
568150;A5962;ARES;RBR - RODOTEC;;AC;15/09/2026 08:40:00;Pendente de Retorno;AC;Rio Branco;FUNDAÇÃO HOSPITAL ESTADUAL DO ACRE - FUNDHACRE;26/07/2026 20:46:55
567150;0741700873;ARES;MAO- GR TRANSPORTES E LOGISTICA MULTIMODAL;;AM;14/09/2026 20:36:39;Retornado;AM;Manaus;FIOCRUZ AM;21/09/2026 13:42:25
567150;A8008;ARES;MAO- GR TRANSPORTES E LOGISTICA MULTIMODAL;;AM;14/09/2026 20:36:39;Pendente de Retorno;AM;Manaus;FIOCRUZ AM;25/07/2026 13:02:21
567566;A7556;ARES;MAO- GR TRANSPORTES E LOGISTICA MULTIMODAL;;AM;14/09/2026 20:27:23;Pendente de Retorno;AM;Manaus;LABORATÓRIO CENTRAL DE SAÚDE PÚBLICA - AMAZONAS;21/07/2026 00:06:37
567159;A2568;ARES;MAO- GR TRANSPORTES E LOGISTICA MULTIMODAL;;AM;14/09/2026 20:25:22;Pendente de Retorno;AM;Manaus;LABORATÓRIO CENTRAL DE SAÚDE PÚBLICA - AMAZONAS;23/07/2026 20:46:21
567159;A3274;ARES;MAO- GR TRANSPORTES E LOGISTICA MULTIMODAL;;AM;14/09/2026 20:25:22;Pendente de Retorno;AM;Manaus;LABORATÓRIO CENTRAL DE SAÚDE PÚBLICA - AMAZONAS;09/07/2026 23:11:31
567159;A3330;ARES;MAO- GR TRANSPORTES E LOGISTICA MULTIMODAL;;AM;14/09/2026 20:25:22;Pendente de Retorno;AM;Manaus;LABORATÓRIO CENTRAL DE SAÚDE PÚBLICA - AMAZONAS;23/07/2026 21:14:51
567159;A6131;ARES;MAO- GR TRANSPORTES E LOGISTICA MULTIMODAL;;AM;14/09/2026 20:25:22;Pendente de Retorno;AM;Manaus;LABORATÓRIO CENTRAL DE SAÚDE PÚBLICA - AMAZONAS;20/07/2026 11:21:21
567159;A6919;ARES;MAO- GR TRANSPORTES E LOGISTICA MULTIMODAL;;AM;14/09/2026 20:25:22;Pendente de Retorno;AM;Manaus;LABORATÓRIO CENTRAL DE SAÚDE PÚBLICA - AMAZONAS;13/07/2026 07:42:16
567159;A7435;ARES;MAO- GR TRANSPORTES E LOGISTICA MULTIMODAL;;AM;14/09/2026 20:25:22;Pendente de Retorno;AM;Manaus;LABORATÓRIO CENTRAL DE SAÚDE PÚBLICA - AMAZONAS;20/07/2026 11:23:09
567159;A7495;ARES;MAO- GR TRANSPORTES E LOGISTICA MULTIMODAL;;AM;14/09/2026 20:25:22;Pendente de Retorno;AM;Manaus;LABORATÓRIO CENTRAL DE SAÚDE PÚBLICA - AMAZONAS;13/07/2026 16:30:48
567159;A7829;ARES;MAO- GR TRANSPORTES E LOGISTICA MULTIMODAL;;AM;14/09/2026 20:25:22;Pendente de Retorno;AM;Manaus;LABORATÓRIO CENTRAL DE SAÚDE PÚBLICA - AMAZONAS;09/07/2026 22:14:47
567159;A8699;ARES;MAO- GR TRANSPORTES E LOGISTICA MULTIMODAL;;AM;14/09/2026 20:25:22;Pendente de Retorno;AM;Manaus;LABORATÓRIO CENTRAL DE SAÚDE PÚBLICA - AMAZONAS;22/07/2026 08:57:01
567159;A9207;ARES;MAO- GR TRANSPORTES E LOGISTICA MULTIMODAL;;AM;14/09/2026 20:25:22;Pendente de Retorno;AM;Manaus;LABORATÓRIO CENTRAL DE SAÚDE PÚBLICA - AMAZONAS;24/07/2026 08:25:54
567159;TA0107;ARES;MAO- GR TRANSPORTES E LOGISTICA MULTIMODAL;;AM;14/09/2026 20:25:22;Pendente de Retorno;AM;Manaus;LABORATÓRIO CENTRAL DE SAÚDE PÚBLICA - AMAZONAS;21/07/2026 09:41:34
567159;TA0206;ARES;MAO- GR TRANSPORTES E LOGISTICA MULTIMODAL;;AM;14/09/2026 20:25:22;Pendente de Retorno;AM;Manaus;LABORATÓRIO CENTRAL DE SAÚDE PÚBLICA - AMAZONAS;25/07/2026 21:29:03
567159;TA0332;ARES;MAO- GR TRANSPORTES E LOGISTICA MULTIMODAL;;AM;14/09/2026 20:25:22;Pendente de Retorno;AM;Manaus;LABORATÓRIO CENTRAL DE SAÚDE PÚBLICA - AMAZONAS;27/07/2026 15:26:43
567159;TA0421;ARES;MAO- GR TRANSPORTES E LOGISTICA MULTIMODAL;;AM;14/09/2026 20:25:22;Pendente de Retorno;AM;Manaus;LABORATÓRIO CENTRAL DE SAÚDE PÚBLICA - AMAZONAS;13/07/2026 08:43:13
567332;0741700541;ARES;VTCLOG - GRU;;MG;14/09/2026 19:38:00;Retornado;MG;Pouso Alegre;HOSPITAL DAS CLINICAS SAMUEL LIBANIO/MG;21/09/2026 16:28:11
567714;A4405;ARES;VTCLOG - GRU;;MG;14/09/2026 19:36:00;Pendente de Retorno;MG;Pocos de Caldas;JOSÉ CARLOS PEREIRA 00737.016053/2026-85;23/06/2026 15:14:17
567237;A5636;ARES;VTCLOG - GRU;;MG;14/09/2026 19:34:00;Pendente de Retorno;MG;Itajuba;ELENA SANTANA PEREIRA 00737.011012/2022-79;23/07/2026 08:40:00
567484;A5345;ARES;AJU - CASSIMIRO TRANSPORTES;;SE;14/09/2026 19:21:02;Pendente de Retorno;SE;Aracaju;ALMOXARIFADO ESTADUAL DE MEDICAMENTOS - SERGIPE;27/07/2026 16:42:09
566892;A1069;ARES;AJU - CASSIMIRO TRANSPORTES;;SE;14/09/2026 19:18:14;Pendente de Retorno;SE;Aracaju;ALMOXARIFADO ESTADUAL DE MEDICAMENTOS - SERGIPE;27/07/2026 15:21:50
566892;A5731;ARES;AJU - CASSIMIRO TRANSPORTES;;SE;14/09/2026 19:18:14;Pendente de Retorno;SE;Aracaju;ALMOXARIFADO ESTADUAL DE MEDICAMENTOS - SERGIPE;21/07/2026 17:44:37
566892;TA0936;ARES;AJU - CASSIMIRO TRANSPORTES;;SE;14/09/2026 19:18:14;Pendente de Retorno;SE;Aracaju;ALMOXARIFADO ESTADUAL DE MEDICAMENTOS - SERGIPE;23/06/2026 08:25:03
568242;A9436;ARES;VTCLOG CNF - CONTAGEM;;MG;14/09/2026 19:17:53;Pendente de Retorno;MG;Ipatinga;HOSPITAL MARIO CUNHA - UNIDADE I;25/07/2026 13:02:30
567059;A6855;ARES;AJU - CASSIMIRO TRANSPORTES;;SE;14/09/2026 19:14:55;Pendente de Retorno;SE;Aracaju;ALMOXARIFADO ESTADUAL DE MEDICAMENTOS - SERGIPE;27/07/2026 10:18:44
567059;TA1124;ARES;AJU - CASSIMIRO TRANSPORTES;;SE;14/09/2026 19:14:55;Pendente de Retorno;SE;Aracaju;ALMOXARIFADO ESTADUAL DE MEDICAMENTOS - SERGIPE;09/07/2026 15:31:08
566298;A0256;ARES;AJU - CASSIMIRO TRANSPORTES;;SE;14/09/2026 19:11:30;Pendente de Retorno;SE;Aracaju;ALMOXARIFADO ESTADUAL DE MEDICAMENTOS - SERGIPE;20/07/2026 11:36:09
566298;A7050;ARES;AJU - CASSIMIRO TRANSPORTES;;SE;14/09/2026 19:11:30;Pendente de Retorno;SE;Aracaju;ALMOXARIFADO ESTADUAL DE MEDICAMENTOS - SERGIPE;21/07/2026 17:24:22
566298;A8664;ARES;AJU - CASSIMIRO TRANSPORTES;;SE;14/09/2026 19:11:30;Pendente de Retorno;SE;Aracaju;ALMOXARIFADO ESTADUAL DE MEDICAMENTOS - SERGIPE;13/07/2026 16:32:37
566298;A8744;ARES;AJU - CASSIMIRO TRANSPORTES;;SE;14/09/2026 19:11:30;Pendente de Retorno;SE;Aracaju;ALMOXARIFADO ESTADUAL DE MEDICAMENTOS - SERGIPE;14/07/2026 14:33:10
566298;TA1133;ARES;AJU - CASSIMIRO TRANSPORTES;;SE;14/09/2026 19:11:30;Pendente de Retorno;SE;Aracaju;ALMOXARIFADO ESTADUAL DE MEDICAMENTOS - SERGIPE;20/07/2026 11:34:44
567500;A6253;ARES;THE - AERONEIVA EXPRESS;;PI;14/09/2026 18:00:00;Pendente de Retorno;PI;Teresina;PROGRAMA ESTADUAL DE IMUNIZAÇÕES - SES-PI;27/07/2026 12:34:23
567860;A6908;ARES;VTCLOG - GRU;;SP;14/09/2026 17:38:00;Pendente de Retorno;SP;Penapolis;PENAPOLIS GABINETE DO PREFEITO;18/07/2026 07:59:17
567287;0741700986;ARES;CGB - JR TRANSPORTES;;MT;14/09/2026 17:22:49;Pendente de Retorno;MT;Cuiaba;LABORATÓRIO CENTRAL DE SAÚDE PÚBLICA - MATO GROSSO;14/09/2026 17:22:49
567287;A3348;ARES;CGB - JR TRANSPORTES;;MT;14/09/2026 17:22:49;Pendente de Retorno;MT;Cuiaba;LABORATÓRIO CENTRAL DE SAÚDE PÚBLICA - MATO GROSSO;30/06/2026 08:36:07
567287;A5632;ARES;CGB - JR TRANSPORTES;;MT;14/09/2026 17:22:49;Pendente de Retorno;MT;Cuiaba;LABORATÓRIO CENTRAL DE SAÚDE PÚBLICA - MATO GROSSO;29/06/2026 16:57:27
567287;A6031;ARES;CGB - JR TRANSPORTES;;MT;14/09/2026 17:22:49;Pendente de Retorno;MT;Cuiaba;LABORATÓRIO CENTRAL DE SAÚDE PÚBLICA - MATO GROSSO;21/07/2026 17:12:31
567287;A7569;ARES;CGB - JR TRANSPORTES;;MT;14/09/2026 17:22:49;Pendente de Retorno;MT;Cuiaba;LABORATÓRIO CENTRAL DE SAÚDE PÚBLICA - MATO GROSSO;22/07/2026 21:42:21
567287;A8123;ARES;CGB - JR TRANSPORTES;;MT;14/09/2026 17:22:49;Pendente de Retorno;MT;Cuiaba;LABORATÓRIO CENTRAL DE SAÚDE PÚBLICA - MATO GROSSO;27/07/2026 15:38:41
567287;A9533;ARES;CGB - JR TRANSPORTES;;MT;14/09/2026 17:22:49;Pendente de Retorno;MT;Cuiaba;LABORATÓRIO CENTRAL DE SAÚDE PÚBLICA - MATO GROSSO;24/07/2026 13:23:41
567287;TA0009;ARES;CGB - JR TRANSPORTES;;MT;14/09/2026 17:22:49;Retornado;MT;Cuiaba;LABORATÓRIO CENTRAL DE SAÚDE PÚBLICA - MATO GROSSO;15/09/2026 12:46:18
567287;TA0154;ARES;CGB - JR TRANSPORTES;;MT;14/09/2026 17:22:49;Retornado;MT;Cuiaba;LABORATÓRIO CENTRAL DE SAÚDE PÚBLICA - MATO GROSSO;15/09/2026 12:45:54
567287;TA0777;ARES;CGB - JR TRANSPORTES;;MT;14/09/2026 17:22:49;Pendente de Retorno;MT;Cuiaba;LABORATÓRIO CENTRAL DE SAÚDE PÚBLICA - MATO GROSSO;27/07/2026 00:18:23
568145;A4529;ARES;XAP-MARILEI SILVEIRA FERNANDES;;SC;14/09/2026 17:19:36;Pendente de Retorno;SC;Concordia;HOSPITAL SAO FRANCISCO;27/07/2026 17:11:29
568121;0741700664;ARES;XAP-MARILEI SILVEIRA FERNANDES;;PR;14/09/2026 17:16:09;Retornado;PR;Pato Branco;ANTHONY VALENTIM PEREIRA DA SILVA 00737.019414/2026-45;18/09/2026 09:49:02
567561;0741700460;ARES;VTCLOG - GRU;;SP;14/09/2026 17:04:00;Retornado;SP;Sao Sebastiao;MARCOS RENAN MARTINS PAIXAO SEI 00737.022390/2022-;16/09/2026 17:21:17
567384;A2216;ARES;BVB - J PIMENTEL S. CUNHA LTDA;;RR;14/09/2026 16:53:49;Pendente de Retorno;RR;Boa Vista;HEMOCENTRO COORDENADOR DE RORAIMA RR;21/07/2026 17:43:51
567384;A8748;ARES;BVB - J PIMENTEL S. CUNHA LTDA;;RR;14/09/2026 16:53:49;Pendente de Retorno;RR;Boa Vista;HEMOCENTRO COORDENADOR DE RORAIMA RR;18/07/2026 10:11:27
567475;TA0404;ARES;BVB - J PIMENTEL S. CUNHA LTDA;;RR;14/09/2026 16:53:49;Pendente de Retorno;RR;Boa Vista;HEMOCENTRO COORDENADOR DE RORAIMA RR;18/07/2026 10:11:10
567896;A0117;ARES;MCZ - MCZ EXPRESS SERVICE LTDA;;AL;14/09/2026 16:45:00;Pendente de Retorno;AL;Maceio;SECRETARIA DE ESTADO DA SAUDE;21/07/2026 17:46:19
567896;A1677;ARES;MCZ - MCZ EXPRESS SERVICE LTDA;;AL;14/09/2026 16:45:00;Pendente de Retorno;AL;Maceio;SECRETARIA DE ESTADO DA SAUDE;21/07/2026 17:25:31
567896;A1886;ARES;MCZ - MCZ EXPRESS SERVICE LTDA;;AL;14/09/2026 16:45:00;Pendente de Retorno;AL;Maceio;SECRETARIA DE ESTADO DA SAUDE;13/07/2026 16:39:06
567896;A3741;ARES;MCZ - MCZ EXPRESS SERVICE LTDA;;AL;14/09/2026 16:45:00;Pendente de Retorno;AL;Maceio;SECRETARIA DE ESTADO DA SAUDE;25/07/2026 13:03:00
567896;A4590;ARES;MCZ - MCZ EXPRESS SERVICE LTDA;;AL;14/09/2026 16:45:00;Pendente de Retorno;AL;Maceio;SECRETARIA DE ESTADO DA SAUDE;10/07/2026 16:53:05
567896;A5318;ARES;MCZ - MCZ EXPRESS SERVICE LTDA;;AL;14/09/2026 16:45:00;Pendente de Retorno;AL;Maceio;SECRETARIA DE ESTADO DA SAUDE;21/07/2026 17:21:04
567130;A7294;ARES;MCZ - MCZ EXPRESS SERVICE LTDA;;AL;14/09/2026 16:45:00;Pendente de Retorno;AL;Maceio;SECRETARIA DE ESTADO DA SAUDE;17/07/2026 17:05:57
567130;A7755;ARES;MCZ - MCZ EXPRESS SERVICE LTDA;;AL;14/09/2026 16:45:00;Pendente de Retorno;AL;Maceio;SECRETARIA DE ESTADO DA SAUDE;21/07/2026 17:46:35
567896;A7789;ARES;MCZ - MCZ EXPRESS SERVICE LTDA;;AL;14/09/2026 16:45:00;Pendente de Retorno;AL;Maceio;SECRETARIA DE ESTADO DA SAUDE;13/07/2026 16:49:39
567130;A8850;ARES;MCZ - MCZ EXPRESS SERVICE LTDA;;AL;14/09/2026 16:45:00;Pendente de Retorno;AL;Maceio;SECRETARIA DE ESTADO DA SAUDE;17/07/2026 07:39:31
567896;A9286;ARES;MCZ - MCZ EXPRESS SERVICE LTDA;;AL;14/09/2026 16:45:00;Pendente de Retorno;AL;Maceio;SECRETARIA DE ESTADO DA SAUDE;17/07/2026 15:31:53
567130;A9654;ARES;MCZ - MCZ EXPRESS SERVICE LTDA;;AL;14/09/2026 16:45:00;Pendente de Retorno;AL;Maceio;SECRETARIA DE ESTADO DA SAUDE;21/07/2026 17:30:04
567896;TA0714;ARES;MCZ - MCZ EXPRESS SERVICE LTDA;;AL;14/09/2026 16:45:00;Pendente de Retorno;AL;Maceio;SECRETARIA DE ESTADO DA SAUDE;27/07/2026 15:27:05
567896;TA0792;ARES;MCZ - MCZ EXPRESS SERVICE LTDA;;AL;14/09/2026 16:45:00;Pendente de Retorno;AL;Maceio;SECRETARIA DE ESTADO DA SAUDE;22/07/2026 09:00:02
567793;A3425;ARES;AJU - CASSIMIRO TRANSPORTES;;SE;14/09/2026 16:31:59;Pendente de Retorno;SE;Aracaju;HEMOCENTRO COORDENADOR DE SERGIPE;22/07/2026 08:56:36
568284;TA0455;ARES;BEL - MH FROTA TRANSPORTE;;PA;14/09/2026 16:31:00;Pendente de Retorno;PA;Belem;MARIA ELI MORAES DO PRADO DA SILVA 00737.018031/2026-50;21/07/2026 09:41:58
568266;A4424;ARES;SLZ - REIS CAVALCANTE EXPRESSO;;MA;14/09/2026 16:27:11;Pendente de Retorno;MA;Sao Luis;HOSPITAL UNIVERSITÁRIO DA UNIVERSIDADE FEDERAL DO;22/07/2026 21:42:14
568144;A3702;ARES;MAO- GR TRANSPORTES E LOGISTICA MULTIMODAL;;AM;14/09/2026 16:25:53;Pendente de Retorno;AM;Manaus;RAIMUNDO MARINHO BARBOZA SEI 00737.006779/2023-67;27/07/2026 12:34:18
567283;0741700085;ARES;CGR - LH TRANSPORTES;;MS;14/09/2026 16:21:42;Retornado;MS;Campo Grande;ALMOXARIFADO ESTADUAL DE MEDICAMENTOS;21/09/2026 13:37:22
567283;0741700572;ARES;CGR - LH TRANSPORTES;;MS;14/09/2026 16:21:42;Retornado;MS;Campo Grande;ALMOXARIFADO ESTADUAL DE MEDICAMENTOS;21/09/2026 13:42:28
567283;A3737;ARES;CGR - LH TRANSPORTES;;MS;14/09/2026 16:21:42;Pendente de Retorno;MS;Campo Grande;ALMOXARIFADO ESTADUAL DE MEDICAMENTOS;27/07/2026 15:22:54
567283;A7068;ARES;CGR - LH TRANSPORTES;;MS;14/09/2026 16:21:42;Pendente de Retorno;MS;Campo Grande;ALMOXARIFADO ESTADUAL DE MEDICAMENTOS;22/07/2026 08:56:49
567283;A7303;ARES;CGR - LH TRANSPORTES;;MS;14/09/2026 16:21:42;Retornado;MS;Campo Grande;ALMOXARIFADO ESTADUAL DE MEDICAMENTOS;21/09/2026 13:01:42
567283;A7964;ARES;CGR - LH TRANSPORTES;;MS;14/09/2026 16:21:42;Pendente de Retorno;MS;Campo Grande;ALMOXARIFADO ESTADUAL DE MEDICAMENTOS;27/07/2026 00:11:12
567283;A9093;ARES;CGR - LH TRANSPORTES;;MS;14/09/2026 16:21:42;Pendente de Retorno;MS;Campo Grande;ALMOXARIFADO ESTADUAL DE MEDICAMENTOS;24/07/2026 08:22:46
568053;A1807;ARES;CGR - LH TRANSPORTES;;MS;14/09/2026 16:14:18;Pendente de Retorno;MS;Campo Grande;ALMOXARIFADO ESTADUAL DE MEDICAMENTOS;21/07/2026 17:28:06
568207;TA0211;ARES;VTCLOG CNF - CONTAGEM;;MG;14/09/2026 16:04:54;Pendente de Retorno;MG;Belo Horizonte;VIVIANE KELEM DA SILVA 00737.019058/2026-60;20/07/2026 15:10:37
567258;0741700322;ARES;VTCLOG RIO GALEAO;;RJ;14/09/2026 16:00:00;Retornado;RJ;RIO DE JANEIRO;LAB. CENTRAL DE SAÚDE PÚBLICA NOEL NUTELS - LACEN/;22/09/2026 02:00:49
567258;0741700328;ARES;VTCLOG RIO GALEAO;;RJ;14/09/2026 16:00:00;Retornado;RJ;RIO DE JANEIRO;LAB. CENTRAL DE SAÚDE PÚBLICA NOEL NUTELS - LACEN/;21/09/2026 21:16:58
567258;0741700641;ARES;VTCLOG RIO GALEAO;;RJ;14/09/2026 16:00:00;Retornado;RJ;RIO DE JANEIRO;LAB. CENTRAL DE SAÚDE PÚBLICA NOEL NUTELS - LACEN/;21/09/2026 18:51:11
567258;0741700663;ARES;VTCLOG RIO GALEAO;;RJ;14/09/2026 16:00:00;Retornado;RJ;RIO DE JANEIRO;LAB. CENTRAL DE SAÚDE PÚBLICA NOEL NUTELS - LACEN/;21/09/2026 08:59:46
567258;A0204;ARES;VTCLOG RIO GALEAO;;RJ;14/09/2026 16:00:00;Pendente de Retorno;RJ;RIO DE JANEIRO;LAB. CENTRAL DE SAÚDE PÚBLICA NOEL NUTELS - LACEN/;21/07/2026 17:14:25
567258;A1552;ARES;VTCLOG RIO GALEAO;;RJ;14/09/2026 16:00:00;Pendente de Retorno;RJ;RIO DE JANEIRO;LAB. CENTRAL DE SAÚDE PÚBLICA NOEL NUTELS - LACEN/;25/07/2026 22:21:19
567258;A1665;ARES;VTCLOG RIO GALEAO;;RJ;14/09/2026 16:00:00;Pendente de Retorno;RJ;RIO DE JANEIRO;LAB. CENTRAL DE SAÚDE PÚBLICA NOEL NUTELS - LACEN/;22/07/2026 21:43:22
567258;A1824;ARES;VTCLOG RIO GALEAO;;RJ;14/09/2026 16:00:00;Pendente de Retorno;RJ;RIO DE JANEIRO;LAB. CENTRAL DE SAÚDE PÚBLICA NOEL NUTELS - LACEN/;27/07/2026 00:16:37
567258;A2344;ARES;VTCLOG RIO GALEAO;;RJ;14/09/2026 16:00:00;Pendente de Retorno;RJ;RIO DE JANEIRO;LAB. CENTRAL DE SAÚDE PÚBLICA NOEL NUTELS - LACEN/;17/07/2026 08:47:17
567258;A4875;ARES;VTCLOG RIO GALEAO;;RJ;14/09/2026 16:00:00;Pendente de Retorno;RJ;RIO DE JANEIRO;LAB. CENTRAL DE SAÚDE PÚBLICA NOEL NUTELS - LACEN/;10/07/2026 02:12:04
567258;A5006;ARES;VTCLOG RIO GALEAO;;RJ;14/09/2026 16:00:00;Pendente de Retorno;RJ;RIO DE JANEIRO;LAB. CENTRAL DE SAÚDE PÚBLICA NOEL NUTELS - LACEN/;21/07/2026 17:46:53
567258;A5093;ARES;VTCLOG RIO GALEAO;;RJ;14/09/2026 16:00:00;Pendente de Retorno;RJ;RIO DE JANEIRO;LAB. CENTRAL DE SAÚDE PÚBLICA NOEL NUTELS - LACEN/;27/07/2026 15:23:30
567258;A7011;ARES;VTCLOG RIO GALEAO;;RJ;14/09/2026 16:00:00;Pendente de Retorno;RJ;RIO DE JANEIRO;LAB. CENTRAL DE SAÚDE PÚBLICA NOEL NUTELS - LACEN/;26/07/2026 22:21:45
568214;A7329;ARES;CGB - JR TRANSPORTES;;MT;14/09/2026 16:00:00;Pendente de Retorno;MT;Cuiaba;ODETE ANSELMO DESZCZYNSK;17/07/2026 07:31:26
567258;A7881;ARES;VTCLOG RIO GALEAO;;RJ;14/09/2026 16:00:00;Pendente de Retorno;RJ;RIO DE JANEIRO;LAB. CENTRAL DE SAÚDE PÚBLICA NOEL NUTELS - LACEN/;22/07/2026 09:01:07
567258;A8686;ARES;VTCLOG RIO GALEAO;;RJ;14/09/2026 16:00:00;Pendente de Retorno;RJ;RIO DE JANEIRO;LAB. CENTRAL DE SAÚDE PÚBLICA NOEL NUTELS - LACEN/;18/07/2026 10:11:07
567258;A8708;ARES;VTCLOG RIO GALEAO;;RJ;14/09/2026 16:00:00;Pendente de Retorno;RJ;RIO DE JANEIRO;LAB. CENTRAL DE SAÚDE PÚBLICA NOEL NUTELS - LACEN/;21/07/2026 17:11:44
567258;A8730;ARES;VTCLOG RIO GALEAO;;RJ;14/09/2026 16:00:00;Pendente de Retorno;RJ;RIO DE JANEIRO;LAB. CENTRAL DE SAÚDE PÚBLICA NOEL NUTELS - LACEN/;10/07/2026 17:30:18
567258;A8846;ARES;VTCLOG RIO GALEAO;;RJ;14/09/2026 16:00:00;Pendente de Retorno;RJ;RIO DE JANEIRO;LAB. CENTRAL DE SAÚDE PÚBLICA NOEL NUTELS - LACEN/;04/07/2026 11:36:06
567258;TA0025;ARES;VTCLOG RIO GALEAO;;RJ;14/09/2026 16:00:00;Pendente de Retorno;RJ;RIO DE JANEIRO;LAB. CENTRAL DE SAÚDE PÚBLICA NOEL NUTELS - LACEN/;13/07/2026 16:30:41
567258;TA0874;ARES;VTCLOG RIO GALEAO;;RJ;14/09/2026 16:00:00;Pendente de Retorno;RJ;RIO DE JANEIRO;LAB. CENTRAL DE SAÚDE PÚBLICA NOEL NUTELS - LACEN/;10/07/2026 08:28:45
567258;TA0914;ARES;VTCLOG RIO GALEAO;;RJ;14/09/2026 16:00:00;Pendente de Retorno;RJ;RIO DE JANEIRO;LAB. CENTRAL DE SAÚDE PÚBLICA NOEL NUTELS - LACEN/;25/07/2026 21:26:15
567258;TA0947;ARES;VTCLOG RIO GALEAO;;RJ;14/09/2026 16:00:00;Pendente de Retorno;RJ;RIO DE JANEIRO;LAB. CENTRAL DE SAÚDE PÚBLICA NOEL NUTELS - LACEN/;14/07/2026 17:23:34
568148;A4289;ARES;UDI - ENTREGAS URGENTES LTDA;;MG;14/09/2026 15:31:00;Pendente de Retorno;MG;Uberlandia;HOSPITAL DE CLINICAS DE UBERLANDIA;21/07/2026 17:28:47
568149;A5582;ARES;JPA - LIDER CARGAS;;PB;14/09/2026 15:30:51;Pendente de Retorno;PB;Joao Pessoa;HOSPITAL UNIVERSITÁRIO LAURO WANDERLEY;28/07/2026 03:04:51
567292;0741700018;ARES;BEL - MH FROTA TRANSPORTE;;PA;14/09/2026 15:09:17;Retornado;PA;Belem;SEC DE ESTADO DE SAUDE PULB DO PARA;16/09/2026 13:32:34
567292;0741700292;ARES;BEL - MH FROTA TRANSPORTE;;PA;14/09/2026 15:09:17;Retornado;PA;Belem;SEC DE ESTADO DE SAUDE PULB DO PARA;16/09/2026 13:28:13
567292;0741700518;ARES;BEL - MH FROTA TRANSPORTE;;PA;14/09/2026 15:09:17;Retornado;PA;Belem;SEC DE ESTADO DE SAUDE PULB DO PARA;16/09/2026 13:19:11
567292;0741700581;ARES;BEL - MH FROTA TRANSPORTE;;PA;14/09/2026 15:09:17;Retornado;PA;Belem;SEC DE ESTADO DE SAUDE PULB DO PARA;16/09/2026 17:11:04
567292;0741700777;ARES;BEL - MH FROTA TRANSPORTE;;PA;14/09/2026 15:09:17;Retornado;PA;Belem;SEC DE ESTADO DE SAUDE PULB DO PARA;16/09/2026 13:25:28
567292;0741700830;ARES;BEL - MH FROTA TRANSPORTE;;PA;14/09/2026 15:09:17;Retornado;PA;Belem;SEC DE ESTADO DE SAUDE PULB DO PARA;16/09/2026 13:41:46
567292;0741700925;ARES;BEL - MH FROTA TRANSPORTE;;PA;14/09/2026 15:09:17;Retornado;PA;Belem;SEC DE ESTADO DE SAUDE PULB DO PARA;16/09/2026 17:11:42
567292;A3226;ARES;BEL - MH FROTA TRANSPORTE;;PA;14/09/2026 15:09:17;Pendente de Retorno;PA;Belem;SEC DE ESTADO DE SAUDE PULB DO PARA;21/07/2026 00:12:01
567292;A5521;ARES;BEL - MH FROTA TRANSPORTE;;PA;14/09/2026 15:09:17;Pendente de Retorno;PA;Belem;SEC DE ESTADO DE SAUDE PULB DO PARA;23/07/2026 20:43:09
567292;A6785;ARES;BEL - MH FROTA TRANSPORTE;;PA;14/09/2026 15:09:17;Pendente de Retorno;PA;Belem;SEC DE ESTADO DE SAUDE PULB DO PARA;13/07/2026 16:49:19
567292;A8696;ARES;BEL - MH FROTA TRANSPORTE;;PA;14/09/2026 15:09:17;Pendente de Retorno;PA;Belem;SEC DE ESTADO DE SAUDE PULB DO PARA;17/07/2026 07:34:08
567292;TA1139;ARES;BEL - MH FROTA TRANSPORTE;;PA;14/09/2026 15:09:17;Pendente de Retorno;PA;Belem;SEC DE ESTADO DE SAUDE PULB DO PARA;27/07/2026 15:39:32
568128;A4322;ARES;SSA - LUTY LOG;;BA;14/09/2026 15:00:00;Pendente de Retorno;BA;Salvador;HOSPITAL ANA NERY;27/07/2026 16:47:33
568113;TA0110;ARES;SSA - LUTY LOG;;BA;14/09/2026 14:57:36;Pendente de Retorno;BA;Salvador;CATIANE DOS REIS LIMA BATISTA 00737.015131/2026-24;18/07/2026 10:19:49
567060;A3130;ARES;PMW - MK BILLIG TRANSPORTES E LOGISTICA EIRELLI;;TO;14/09/2026 14:55:00;Pendente de Retorno;TO;Palmas;LABORATÓRIO DE SAÚDE PÚBLICA DE ARAGUAÍNA (LSPA);21/07/2026 17:45:31
567060;A6057;ARES;PMW - MK BILLIG TRANSPORTES E LOGISTICA EIRELLI;;TO;14/09/2026 14:55:00;Pendente de Retorno;TO;Palmas;LABORATÓRIO DE SAÚDE PÚBLICA DE ARAGUAÍNA (LSPA);20/07/2026 09:51:01
567060;A9039;ARES;PMW - MK BILLIG TRANSPORTES E LOGISTICA EIRELLI;;TO;14/09/2026 14:55:00;Pendente de Retorno;TO;Palmas;LABORATÓRIO DE SAÚDE PÚBLICA DE ARAGUAÍNA (LSPA);21/07/2026 17:28:56
567060;TA0038;ARES;PMW - MK BILLIG TRANSPORTES E LOGISTICA EIRELLI;;TO;14/09/2026 14:55:00;Pendente de Retorno;TO;Palmas;LABORATÓRIO DE SAÚDE PÚBLICA DE ARAGUAÍNA (LSPA);14/09/2026 14:55:00
567288;A3480;ARES;JPA - LIDER CARGAS;;PB;14/09/2026 14:51:05;Pendente de Retorno;PB;Joao Pessoa;LABORATÓRIO CENTRAL DE SAÚDE PÚBLICA DA PARAÍBA -;27/07/2026 16:42:59
567288;A5863;ARES;JPA - LIDER CARGAS;;PB;14/09/2026 14:51:05;Pendente de Retorno;PB;Joao Pessoa;LABORATÓRIO CENTRAL DE SAÚDE PÚBLICA DA PARAÍBA -;27/07/2026 00:13:25
567288;A8097;ARES;JPA - LIDER CARGAS;;PB;14/09/2026 14:51:05;Pendente de Retorno;PB;Joao Pessoa;LABORATÓRIO CENTRAL DE SAÚDE PÚBLICA DA PARAÍBA -;20/07/2026 15:10:48
567288;TA0707;ARES;JPA - LIDER CARGAS;;PB;14/09/2026 14:51:05;Pendente de Retorno;PB;Joao Pessoa;LABORATÓRIO CENTRAL DE SAÚDE PÚBLICA DA PARAÍBA -;21/07/2026 09:41:51
568476;A7319;ARES;VIX - SOULOG EXPRESS;;ES;14/09/2026 14:50:00;Pendente de Retorno;ES;VITORIA;LABORATORIO CENTRAL SAUDE PUBLICA ESPIRITO SANTO -;17/07/2026 15:29:17
568476;A8379;ARES;VIX - SOULOG EXPRESS;;ES;14/09/2026 14:50:00;Pendente de Retorno;ES;VITORIA;LABORATORIO CENTRAL SAUDE PUBLICA ESPIRITO SANTO -;11/07/2026 13:39:10
567281;0741700325;ARES;VTCLOG - REC;;PE;14/09/2026 14:49:00;Retornado;PE;RECIFE;LABORATÓRIO CENTRAL DE SAÚDE PÚBLICA -LACEN/PE;21/09/2026 16:47:26
567281;0741700611;ARES;VTCLOG - REC;;PE;14/09/2026 14:49:00;Retornado;PE;RECIFE;LABORATÓRIO CENTRAL DE SAÚDE PÚBLICA -LACEN/PE;21/09/2026 16:33:10
567281;0741700668;ARES;VTCLOG - REC;;PE;14/09/2026 14:49:00;Retornado;PE;RECIFE;LABORATÓRIO CENTRAL DE SAÚDE PÚBLICA -LACEN/PE;21/09/2026 16:52:27
567281;A3395;ARES;VTCLOG - REC;;PE;14/09/2026 14:49:00;Pendente de Retorno;PE;RECIFE;LABORATÓRIO CENTRAL DE SAÚDE PÚBLICA -LACEN/PE;25/07/2026 21:25:19
567281;A4420;ARES;VTCLOG - REC;;PE;14/09/2026 14:49:00;Pendente de Retorno;PE;RECIFE;LABORATÓRIO CENTRAL DE SAÚDE PÚBLICA -LACEN/PE;25/07/2026 21:28:59
567281;A4914;ARES;VTCLOG - REC;;PE;14/09/2026 14:49:00;Pendente de Retorno;PE;RECIFE;LABORATÓRIO CENTRAL DE SAÚDE PÚBLICA -LACEN/PE;15/07/2026 21:30:20
567281;A6931;ARES;VTCLOG - REC;;PE;14/09/2026 14:49:00;Pendente de Retorno;PE;RECIFE;LABORATÓRIO CENTRAL DE SAÚDE PÚBLICA -LACEN/PE;10/07/2026 13:14:06
567281;A7165;ARES;VTCLOG - REC;;PE;14/09/2026 14:49:00;Pendente de Retorno;PE;RECIFE;LABORATÓRIO CENTRAL DE SAÚDE PÚBLICA -LACEN/PE;27/07/2026 00:12:24
567281;A8140;ARES;VTCLOG - REC;;PE;14/09/2026 14:49:00;Pendente de Retorno;PE;RECIFE;LABORATÓRIO CENTRAL DE SAÚDE PÚBLICA -LACEN/PE;22/07/2026 23:47:05
567281;TA0966;ARES;VTCLOG - REC;;PE;14/09/2026 14:49:00;Pendente de Retorno;PE;RECIFE;LABORATÓRIO CENTRAL DE SAÚDE PÚBLICA -LACEN/PE;24/07/2026 15:29:03
567281;TA0988;ARES;VTCLOG - REC;;PE;14/09/2026 14:49:00;Pendente de Retorno;PE;RECIFE;LABORATÓRIO CENTRAL DE SAÚDE PÚBLICA -LACEN/PE;21/07/2026 17:24:53
568248;A4135;ARES;VTCLOG - REC;;PE;14/09/2026 14:45:00;Pendente de Retorno;PE;RECIFE;HEMOCENTRO COORDENADOR PERNAMBUCO;17/07/2026 14:09:01
567955;A1044;ARES;FLN - TGEX TRANSPORTES E LOCACAO DE VEIC;;SC;14/09/2026 14:40:00;Pendente de Retorno;SC;Itajai;HOSPITAL E MATERNIDADE MARIETA KONDER BORNHAUSEN;09/07/2026 09:14:03
568220;A4907;ARES;VTCLOG - GRU;;SP;14/09/2026 13:58:00;Pendente de Retorno;SP;CAMPINAS;JOSELITO UBERACI DA SILVA 00737.010034/2026-45;20/07/2026 09:51:25
568146;A8524;ARES;SSA - LUTY LOG;;BA;14/09/2026 13:56:36;Pendente de Retorno;BA;Salvador;EMPRESA BRASILEIRA DE SERVIÇOS HOSP = EBSERH;20/07/2026 15:09:30
567243;A3222;ARES;VTCLOG RIO GALEAO;;RJ;14/09/2026 13:24:00;Pendente de Retorno;RJ;RIO DE JANEIRO;INSTITUTO NACIONAL DE CONTROLE DE QUALIDADE EM SAU;21/07/2026 17:30:38
567947;A7928;ARES;FLN - TGEX TRANSPORTES E LOCACAO DE VEIC;;SC;14/09/2026 13:15:00;Pendente de Retorno;SC;Imbituba;HOSPITAL SAO CAMILO SOCIEDADE BENEFICENTE;08/07/2026 11:28:08
567167;A0163;ARES;BVB - J PIMENTEL S. CUNHA LTDA;;RR;14/09/2026 13:04:57;Pendente de Retorno;RR;Boa Vista;LABORATÓRIO CENTRAL DE SAÚDE PÚBLICA - RORAIMA;25/07/2026 22:23:10
567167;A1037;ARES;BVB - J PIMENTEL S. CUNHA LTDA;;RR;14/09/2026 13:04:57;Pendente de Retorno;RR;Boa Vista;LABORATÓRIO CENTRAL DE SAÚDE PÚBLICA - RORAIMA;18/07/2026 10:11:57
567167;A5077;ARES;BVB - J PIMENTEL S. CUNHA LTDA;;RR;14/09/2026 13:04:57;Pendente de Retorno;RR;Boa Vista;LABORATÓRIO CENTRAL DE SAÚDE PÚBLICA - RORAIMA;17/07/2026 08:46:57
567167;A9323;ARES;BVB - J PIMENTEL S. CUNHA LTDA;;RR;14/09/2026 13:04:57;Pendente de Retorno;RR;Boa Vista;LABORATÓRIO CENTRAL DE SAÚDE PÚBLICA - RORAIMA;27/07/2026 00:18:16
567267;0741700609;ARES;VIX - SOULOG EXPRESS;;ES;14/09/2026 12:43:52;Retornado;ES;VITORIA;LABORATORIO CENTRAL SAUDE PUBLICA ESPIRITO SANTO -;14/09/2026 13:39:08
567267;0741700704;ARES;VIX - SOULOG EXPRESS;;ES;14/09/2026 12:43:52;Retornado;ES;VITORIA;LABORATORIO CENTRAL SAUDE PUBLICA ESPIRITO SANTO -;14/09/2026 13:39:45
567267;0741700752;ARES;VIX - SOULOG EXPRESS;;ES;14/09/2026 12:43:52;Retornado;ES;VITORIA;LABORATORIO CENTRAL SAUDE PUBLICA ESPIRITO SANTO -;14/09/2026 13:39:33
567267;0741700970;ARES;VIX - SOULOG EXPRESS;;ES;14/09/2026 12:43:52;Retornado;ES;VITORIA;LABORATORIO CENTRAL SAUDE PUBLICA ESPIRITO SANTO -;14/09/2026 13:39:20
567267;A3287;ARES;VIX - SOULOG EXPRESS;;ES;14/09/2026 12:43:52;Pendente de Retorno;ES;VITORIA;LABORATORIO CENTRAL SAUDE PUBLICA ESPIRITO SANTO -;15/07/2026 10:08:55
567267;A7098;ARES;VIX - SOULOG EXPRESS;;ES;14/09/2026 12:43:52;Pendente de Retorno;ES;VITORIA;LABORATORIO CENTRAL SAUDE PUBLICA ESPIRITO SANTO -;17/07/2026 07:35:15
567267;A9620;ARES;VIX - SOULOG EXPRESS;;ES;14/09/2026 12:43:52;Pendente de Retorno;ES;VITORIA;LABORATORIO CENTRAL SAUDE PUBLICA ESPIRITO SANTO -;02/07/2026 17:03:58
567241;0741700153;ARES;VTCLOG RIO GALEAO;;RJ;14/09/2026 12:30:00;Retornado;RJ;RIO DE JANEIRO;FUNDACAO OSWALDO CRUZ;21/09/2026 18:59:21
567241;0741700181;ARES;VTCLOG RIO GALEAO;;RJ;14/09/2026 12:30:00;Retornado;RJ;RIO DE JANEIRO;FUNDACAO OSWALDO CRUZ;21/09/2026 18:47:44
567241;0741700233;ARES;VTCLOG RIO GALEAO;;RJ;14/09/2026 12:30:00;Retornado;RJ;RIO DE JANEIRO;FUNDACAO OSWALDO CRUZ;21/09/2026 20:40:30
567241;0741700594;ARES;VTCLOG RIO GALEAO;;RJ;14/09/2026 12:30:00;Retornado;RJ;RIO DE JANEIRO;FUNDACAO OSWALDO CRUZ;22/09/2026 00:37:22
567241;0741700598;ARES;VTCLOG RIO GALEAO;;RJ;14/09/2026 12:30:00;Retornado;RJ;RIO DE JANEIRO;FUNDACAO OSWALDO CRUZ;19/09/2026 10:30:13
567241;A5031;ARES;VTCLOG RIO GALEAO;;RJ;14/09/2026 12:30:00;Pendente de Retorno;RJ;RIO DE JANEIRO;FUNDACAO OSWALDO CRUZ;18/07/2026 10:15:38
567241;A6244;ARES;VTCLOG RIO GALEAO;;RJ;14/09/2026 12:30:00;Pendente de Retorno;RJ;RIO DE JANEIRO;FUNDACAO OSWALDO CRUZ;04/07/2026 11:34:54
567241;A7950;ARES;VTCLOG RIO GALEAO;;RJ;14/09/2026 12:30:00;Pendente de Retorno;RJ;RIO DE JANEIRO;FUNDACAO OSWALDO CRUZ;09/07/2026 08:56:52
567241;A8063;ARES;VTCLOG RIO GALEAO;;RJ;14/09/2026 12:30:00;Pendente de Retorno;RJ;RIO DE JANEIRO;FUNDACAO OSWALDO CRUZ;23/07/2026 00:30:18
567241;A8453;ARES;VTCLOG RIO GALEAO;;RJ;14/09/2026 12:30:00;Pendente de Retorno;RJ;RIO DE JANEIRO;FUNDACAO OSWALDO CRUZ;22/07/2026 08:56:25
567241;TA0566;ARES;VTCLOG RIO GALEAO;;RJ;14/09/2026 12:30:00;Pendente de Retorno;RJ;RIO DE JANEIRO;FUNDACAO OSWALDO CRUZ;30/06/2026 08:48:00
568240;A6162;ARES;VTCLOG - GRU;;SP;14/09/2026 12:16:19;Pendente de Retorno;SP;SAO PAULO;UNIVERSIDADE FEDERAL DE SAO PAULO;28/07/2026 03:04:06
567168;A2994;ARES;MCP - A A CARVALHO ROCHA ME;;AP;14/09/2026 12:13:24;Pendente de Retorno;AP;Macapa;LACEN/AP PROFESSOR REINALDO DAMASCENO;22/07/2026 21:42:49
567168;A4317;ARES;MCP - A A CARVALHO ROCHA ME;;AP;14/09/2026 12:13:24;Pendente de Retorno;AP;Macapa;LACEN/AP PROFESSOR REINALDO DAMASCENO;18/07/2026 10:09:54
567168;TA0218;ARES;MCP - A A CARVALHO ROCHA ME;;AP;14/09/2026 12:13:24;Pendente de Retorno;AP;Macapa;LACEN/AP PROFESSOR REINALDO DAMASCENO;26/06/2026 17:40:07
567278;0741700522;ARES;THE - AERONEIVA EXPRESS;;PI;14/09/2026 12:10:00;Retornado;PI;Teresina;LAB. CENTRAL DE SAUDE PUBLICA - LACEN/PI;14/09/2026 14:33:23
567278;A5647;ARES;THE - AERONEIVA EXPRESS;;PI;14/09/2026 12:10:00;Pendente de Retorno;PI;Teresina;LAB. CENTRAL DE SAUDE PUBLICA - LACEN/PI;17/07/2026 08:51:51
567278;A6560;ARES;THE - AERONEIVA EXPRESS;;PI;14/09/2026 12:10:00;Pendente de Retorno;PI;Teresina;LAB. CENTRAL DE SAUDE PUBLICA - LACEN/PI;04/07/2026 11:29:56
567278;A7357;ARES;THE - AERONEIVA EXPRESS;;PI;14/09/2026 12:10:00;Pendente de Retorno;PI;Teresina;LAB. CENTRAL DE SAUDE PUBLICA - LACEN/PI;21/07/2026 17:47:44
568265;A4003;ARES;SSA - LUTY LOG;;BA;14/09/2026 12:00:00;Pendente de Retorno;BA;Salvador;FARMÁCIA DO INSTITUTO COUTO MAIA;27/07/2026 12:32:18
568076;A5111;ARES;MCP - A A CARVALHO ROCHA ME;;AP;14/09/2026 12:00:00;Pendente de Retorno;AP;Macapa;ILCIANGELA RODRIGUES OLIVEIRA;22/07/2026 21:45:34
20261516;0741700140;ARES;VTCLOG - GRU;;RJ;14/09/2026 11:55:00;Retornado;RJ;RIO DE JANEIRO;FUNDACAO OSWALDO CRUZ;19/09/2026 10:30:17
20261400;A3583;ARES;VTCLOG RIO GALEAO;;RJ;14/09/2026 11:55:00;Pendente de Retorno;RJ;RIO DE JANEIRO;FUNDACAO OSWALDO CRUZ;10/07/2026 17:35:08
20261399;A6461;ARES;VTCLOG RIO GALEAO;;RJ;14/09/2026 11:55:00;Pendente de Retorno;RJ;RIO DE JANEIRO;FUNDACAO OSWALDO CRUZ;27/07/2026 15:23:03
567252;A8733;ARES;VTCLOG RIO GALEAO;;RJ;14/09/2026 11:50:00;Pendente de Retorno;RJ;RIO DE JANEIRO;INSTITUTO NACIONAL DE CONTROLE DE QUALIDADE EM SAU;15/07/2026 10:53:48
567523;A7986;ARES;MCP - A A CARVALHO ROCHA ME;;AP;14/09/2026 11:40:14;Pendente de Retorno;AP;Macapa;COORDENAÇÃO ESTADUAL DST/AIDS - ALMOXARIFADO - AP;14/07/2026 17:23:18
567422;A3429;ARES;MCP - A A CARVALHO ROCHA ME;;AP;14/09/2026 11:38:06;Pendente de Retorno;AP;Macapa;COORDENAÇÃO ESTADUAL DST/AIDS - ALMOXARIFADO - AP;22/07/2026 09:01:38
568118;A4337;ARES;AJU - CASSIMIRO TRANSPORTES;;SE;14/09/2026 11:19:35;Pendente de Retorno;SE;Aracaju;JOAO MIGUEL SANTOS OLIVEIRA;28/07/2026 03:03:57
568244;A8428;ARES;VTCLOG - REC;;PE;14/09/2026 11:02:00;Pendente de Retorno;PE;RECIFE;HOSPITAL PORTUGUES;24/07/2026 15:38:32
568218;A9426;ARES;AJU - CASSIMIRO TRANSPORTES;;SE;14/09/2026 10:52:53;Pendente de Retorno;SE;Aracaju;ADEILSON MESSIAS DOS SANTOS 00737.019233/2026-19;27/07/2026 17:14:16
567236;0741700201;ARES;SSA - LUTY LOG;;BA;14/09/2026 10:51:24;Retornado;BA;Salvador;CENTRAL FARMACÊUTICA DO ESTADO DA BAHIA - CEFARBA;21/09/2026 16:58:08
567236;0741700311;ARES;SSA - LUTY LOG;;BA;14/09/2026 10:51:24;Retornado;BA;Salvador;CENTRAL FARMACÊUTICA DO ESTADO DA BAHIA - CEFARBA;21/09/2026 16:57:09
567236;0741700950;ARES;SSA - LUTY LOG;;BA;14/09/2026 10:51:24;Retornado;BA;Salvador;CENTRAL FARMACÊUTICA DO ESTADO DA BAHIA - CEFARBA;21/09/2026 16:31:23
567236;A0497;ARES;SSA - LUTY LOG;;BA;14/09/2026 10:51:24;Pendente de Retorno;BA;Salvador;CENTRAL FARMACÊUTICA DO ESTADO DA BAHIA - CEFARBA;15/07/2026 21:29:33
567236;A1454;ARES;SSA - LUTY LOG;;BA;14/09/2026 10:51:24;Pendente de Retorno;BA;Salvador;CENTRAL FARMACÊUTICA DO ESTADO DA BAHIA - CEFARBA;16/07/2026 09:07:47
567236;A3825;ARES;SSA - LUTY LOG;;BA;14/09/2026 10:51:24;Pendente de Retorno;BA;Salvador;CENTRAL FARMACÊUTICA DO ESTADO DA BAHIA - CEFARBA;22/07/2026 21:44:44
567236;A3946;ARES;SSA - LUTY LOG;;BA;14/09/2026 10:51:24;Pendente de Retorno;BA;Salvador;CENTRAL FARMACÊUTICA DO ESTADO DA BAHIA - CEFARBA;18/07/2026 07:57:54
567236;A4249;ARES;SSA - LUTY LOG;;BA;14/09/2026 10:51:24;Pendente de Retorno;BA;Salvador;CENTRAL FARMACÊUTICA DO ESTADO DA BAHIA - CEFARBA;12/07/2026 22:15:48
567236;A4459;ARES;SSA - LUTY LOG;;BA;14/09/2026 10:51:24;Pendente de Retorno;BA;Salvador;CENTRAL FARMACÊUTICA DO ESTADO DA BAHIA - CEFARBA;21/07/2026 17:28:11
567236;A5005;ARES;SSA - LUTY LOG;;BA;14/09/2026 10:51:24;Pendente de Retorno;BA;Salvador;CENTRAL FARMACÊUTICA DO ESTADO DA BAHIA - CEFARBA;27/07/2026 15:21:34
567236;A5282;ARES;SSA - LUTY LOG;;BA;14/09/2026 10:51:24;Pendente de Retorno;BA;Salvador;CENTRAL FARMACÊUTICA DO ESTADO DA BAHIA - CEFARBA;13/07/2026 07:46:10
567236;A5670;ARES;SSA - LUTY LOG;;BA;14/09/2026 10:51:24;Pendente de Retorno;BA;Salvador;CENTRAL FARMACÊUTICA DO ESTADO DA BAHIA - CEFARBA;03/07/2026 08:26:53
567236;A6182;ARES;SSA - LUTY LOG;;BA;14/09/2026 10:51:24;Pendente de Retorno;BA;Salvador;CENTRAL FARMACÊUTICA DO ESTADO DA BAHIA - CEFARBA;20/07/2026 11:23:17
567236;A6681;ARES;SSA - LUTY LOG;;BA;14/09/2026 10:51:24;Pendente de Retorno;BA;Salvador;CENTRAL FARMACÊUTICA DO ESTADO DA BAHIA - CEFARBA;18/07/2026 10:21:15
567236;A8067;ARES;SSA - LUTY LOG;;BA;14/09/2026 10:51:24;Pendente de Retorno;BA;Salvador;CENTRAL FARMACÊUTICA DO ESTADO DA BAHIA - CEFARBA;14/07/2026 17:04:44
567236;A8531;ARES;SSA - LUTY LOG;;BA;14/09/2026 10:51:24;Pendente de Retorno;BA;Salvador;CENTRAL FARMACÊUTICA DO ESTADO DA BAHIA - CEFARBA;17/07/2026 15:32:23
567236;A8661;ARES;SSA - LUTY LOG;;BA;14/09/2026 10:51:24;Pendente de Retorno;BA;Salvador;CENTRAL FARMACÊUTICA DO ESTADO DA BAHIA - CEFARBA;17/07/2026 07:36:55
567236;A9369;ARES;SSA - LUTY LOG;;BA;14/09/2026 10:51:24;Pendente de Retorno;BA;Salvador;CENTRAL FARMACÊUTICA DO ESTADO DA BAHIA - CEFARBA;21/07/2026 22:24:11
567236;A9559;ARES;SSA - LUTY LOG;;BA;14/09/2026 10:51:24;Pendente de Retorno;BA;Salvador;CENTRAL FARMACÊUTICA DO ESTADO DA BAHIA - CEFARBA;21/07/2026 17:42:58
567236;TA0238;ARES;SSA - LUTY LOG;;BA;14/09/2026 10:51:24;Pendente de Retorno;BA;Salvador;CENTRAL FARMACÊUTICA DO ESTADO DA BAHIA - CEFARBA;21/07/2026 17:46:43
567236;TA0295;ARES;SSA - LUTY LOG;;BA;14/09/2026 10:51:24;Pendente de Retorno;BA;Salvador;CENTRAL FARMACÊUTICA DO ESTADO DA BAHIA - CEFARBA;22/07/2026 23:47:42
567236;TA0964;ARES;SSA - LUTY LOG;;BA;14/09/2026 10:51:24;Pendente de Retorno;BA;Salvador;CENTRAL FARMACÊUTICA DO ESTADO DA BAHIA - CEFARBA;22/07/2026 23:48:59
567236;TA1155;ARES;SSA - LUTY LOG;;BA;14/09/2026 10:51:24;Pendente de Retorno;BA;Salvador;CENTRAL FARMACÊUTICA DO ESTADO DA BAHIA - CEFARBA;21/07/2026 17:28:05
567236;TA1184;ARES;SSA - LUTY LOG;;BA;14/09/2026 10:51:24;Pendente de Retorno;BA;Salvador;CENTRAL FARMACÊUTICA DO ESTADO DA BAHIA - CEFARBA;21/07/2026 17:10:49
567132;0741700144;ARES;AJU - CASSIMIRO TRANSPORTES;;SE;14/09/2026 10:34:04;Retornado;SE;Aracaju;FUNDO ESTADUAL DE SAUDE;15/09/2026 08:13:58
567132;A6358;ARES;AJU - CASSIMIRO TRANSPORTES;;SE;14/09/2026 10:34:04;Pendente de Retorno;SE;Aracaju;FUNDO ESTADUAL DE SAUDE;27/07/2026 15:34:02
567132;A7142;ARES;AJU - CASSIMIRO TRANSPORTES;;SE;14/09/2026 10:34:04;Pendente de Retorno;SE;Aracaju;FUNDO ESTADUAL DE SAUDE;18/07/2026 11:43:00
567272;A8638;ARES;GYN - RBR EXPERIENCIA EM TRANSPORTES;;GO;14/09/2026 10:23:59;Pendente de Retorno;GO;Goiania;LAB.DE SAÚDE PÚBLICA DR GIOVANNI CYSNEIROS-LACEN/G;27/07/2026 12:31:25
567272;A8657;ARES;GYN - RBR EXPERIENCIA EM TRANSPORTES;;GO;14/09/2026 10:23:59;Pendente de Retorno;GO;Goiania;LAB.DE SAÚDE PÚBLICA DR GIOVANNI CYSNEIROS-LACEN/G;22/07/2026 09:00:45
567272;A8723;ARES;GYN - RBR EXPERIENCIA EM TRANSPORTES;;GO;14/09/2026 10:23:59;Pendente de Retorno;GO;Goiania;LAB.DE SAÚDE PÚBLICA DR GIOVANNI CYSNEIROS-LACEN/G;25/07/2026 21:34:58
567272;A9150;ARES;GYN - RBR EXPERIENCIA EM TRANSPORTES;;GO;14/09/2026 10:23:59;Pendente de Retorno;GO;Goiania;LAB.DE SAÚDE PÚBLICA DR GIOVANNI CYSNEIROS-LACEN/G;10/07/2026 17:30:03
567826;A5417;ARES;SLZ - REIS CAVALCANTE EXPRESSO;;MA;14/09/2026 09:22:34;Pendente de Retorno;MA;Sao Luis;MARLUCE RODRIGUES FERREIRA 00737.001634/2025-31;29/06/2026 23:27:23
567888;TA0159;ARES;VTCLOG RIO GALEAO;;RJ;12/09/2026 18:00:00;Retornado;RJ;Sao Pedro da Aldeia;DAVI MARQUES DOS SANTOS;21/09/2026 15:41:33
567593;0741700418;ARES;CGR - LH TRANSPORTES;;MS;12/09/2026 17:00:00;Retornado;MS;Dourados;HOSPITAL UNIVERSITÁRIO DA GRANDE DOURADOS;16/09/2026 18:28:37
568143;0741700377;ARES;VTCLOG RIO GALEAO;;RJ;12/09/2026 15:00:00;Retornado;RJ;RIO DE JANEIRO;HOSPITAL FEDERAL DA LAGOA;21/09/2026 15:00:36
567965;0741700698;ARES;VTCLOG - GRU;;MG;12/09/2026 13:00:00;Retornado;MG;Juiz de Fora;HOSPITAL E MATERNIDADE TEREZINHA DE JESUS;21/09/2026 23:24:57
567892;0741700791;ARES;XAP-MARILEI SILVEIRA FERNANDES;;SC;12/09/2026 12:12:00;Retornado;SC;Dionisio Cerqueira;MURILO ZAPALAI BOROWICC;18/09/2026 09:49:21
568140;A6649;ARES;POA - GMB TRANSPORTES E LOGISTICA ME;;RS;12/09/2026 12:05:00;Pendente de Retorno;RS;Porto Alegre;ASSOCIAÇÃO HOSPITALAR VILA NOVA;27/07/2026 15:25:02
567975;0741700788;ARES;VTCLOG RIO GALEAO;;MG;12/09/2026 12:00:00;Retornado;MG;Juiz de Fora;(TR) GRS JUIZ DE FORA;19/09/2026 10:40:45
568219;A3034;ARES;SLZ - REIS CAVALCANTE EXPRESSO;;MA;12/09/2026 11:42:30;Pendente de Retorno;MA;Sao Luis;HEMOCENTRO COORDENADOR DO MARANHAO;27/07/2026 17:10:25
568219;A6396;ARES;SLZ - REIS CAVALCANTE EXPRESSO;;MA;12/09/2026 11:42:30;Pendente de Retorno;MA;Sao Luis;HEMOCENTRO COORDENADOR DO MARANHAO;23/07/2026 21:12:32
568219;TA1221;ARES;SLZ - REIS CAVALCANTE EXPRESSO;;MA;12/09/2026 11:42:30;Pendente de Retorno;MA;Sao Luis;HEMOCENTRO COORDENADOR DO MARANHAO;25/07/2026 22:23:38
567259;0741700550;ARES;VTCLOG - BSB;;DF;12/09/2026 09:28:00;Retornado;DF;BRASILIA;LABORATÓRIO CENTRAL DE SAÚDE PÚBLICA - DISTRITO FE;21/09/2026 23:44:17
567259;0741700742;ARES;VTCLOG - BSB;;DF;12/09/2026 09:28:00;Retornado;DF;BRASILIA;LABORATÓRIO CENTRAL DE SAÚDE PÚBLICA - DISTRITO FE;22/09/2026 02:37:00
567259;0741700760;ARES;VTCLOG - BSB;;DF;12/09/2026 09:28:00;Retornado;DF;BRASILIA;LABORATÓRIO CENTRAL DE SAÚDE PÚBLICA - DISTRITO FE;21/09/2026 15:52:00
567259;A0942;ARES;VTCLOG - BSB;;DF;12/09/2026 09:28:00;Pendente de Retorno;DF;BRASILIA;LABORATÓRIO CENTRAL DE SAÚDE PÚBLICA - DISTRITO FE;09/07/2026 21:56:47
567259;A4428;ARES;VTCLOG - BSB;;DF;12/09/2026 09:28:00;Pendente de Retorno;DF;BRASILIA;LABORATÓRIO CENTRAL DE SAÚDE PÚBLICA - DISTRITO FE;10/07/2026 07:49:48
567259;A4630;ARES;VTCLOG - BSB;;DF;12/09/2026 09:28:00;Pendente de Retorno;DF;BRASILIA;LABORATÓRIO CENTRAL DE SAÚDE PÚBLICA - DISTRITO FE;25/07/2026 22:23:14
567259;A5216;ARES;VTCLOG - BSB;;DF;12/09/2026 09:28:00;Pendente de Retorno;DF;BRASILIA;LABORATÓRIO CENTRAL DE SAÚDE PÚBLICA - DISTRITO FE;21/07/2026 00:02:58
567259;A6744;ARES;VTCLOG - BSB;;DF;12/09/2026 09:28:00;Retornado;DF;BRASILIA;LABORATÓRIO CENTRAL DE SAÚDE PÚBLICA - DISTRITO FE;21/09/2026 03:07:23
567259;A7121;ARES;VTCLOG - BSB;;DF;12/09/2026 09:28:00;Pendente de Retorno;DF;BRASILIA;LABORATÓRIO CENTRAL DE SAÚDE PÚBLICA - DISTRITO FE;21/07/2026 17:29:32
567259;A7200;ARES;VTCLOG - BSB;;DF;12/09/2026 09:28:00;Pendente de Retorno;DF;BRASILIA;LABORATÓRIO CENTRAL DE SAÚDE PÚBLICA - DISTRITO FE;09/07/2026 09:12:06
567259;A9067;ARES;VTCLOG - BSB;;DF;12/09/2026 09:28:00;Pendente de Retorno;DF;BRASILIA;LABORATÓRIO CENTRAL DE SAÚDE PÚBLICA - DISTRITO FE;18/07/2026 10:19:30
567269;A4250;ARES;CWB - TGEX TRANSPORTES E LOCACAO DE VEIC;;PR;11/09/2026 19:00:00;Pendente de Retorno;PR;Curitiba;INSTITUTO CARLOS CHAGAS FIOCRUZ;21/07/2026 00:00:18
567963;A8915;ARES;FLN - TGEX TRANSPORTES E LOCACAO DE VEIC;;SC;11/09/2026 18:59:00;Pendente de Retorno;SC;Florianopolis;HOSPITAL GOVERNADOR CELSO RAMOS;21/07/2026 22:23:59
567187;0741700041;ARES;NAT - CSM CARGO;;RN;11/09/2026 18:00:00;Retornado;RN;Natal;ALMOXARIFADO ESTADUAL DE MEDICAMENTOS;18/09/2026 15:25:12
567187;0741700090;ARES;NAT - CSM CARGO;;RN;11/09/2026 18:00:00;Retornado;RN;Natal;ALMOXARIFADO ESTADUAL DE MEDICAMENTOS;18/09/2026 14:58:27
567187;0741700539;ARES;NAT - CSM CARGO;;RN;11/09/2026 18:00:00;Retornado;RN;Natal;ALMOXARIFADO ESTADUAL DE MEDICAMENTOS;18/09/2026 15:21:20
567187;0741700546;ARES;NAT - CSM CARGO;;RN;11/09/2026 18:00:00;Retornado;RN;Natal;ALMOXARIFADO ESTADUAL DE MEDICAMENTOS;18/09/2026 14:58:18
567187;0741700801;ARES;NAT - CSM CARGO;;RN;11/09/2026 18:00:00;Retornado;RN;Natal;ALMOXARIFADO ESTADUAL DE MEDICAMENTOS;18/09/2026 15:21:30
567187;0741700902;ARES;NAT - CSM CARGO;;RN;11/09/2026 18:00:00;Retornado;RN;Natal;ALMOXARIFADO ESTADUAL DE MEDICAMENTOS;18/09/2026 14:57:36
567187;0741700977;ARES;NAT - CSM CARGO;;RN;11/09/2026 18:00:00;Retornado;RN;Natal;ALMOXARIFADO ESTADUAL DE MEDICAMENTOS;18/09/2026 15:25:56
567187;A1958;ARES;NAT - CSM CARGO;;RN;11/09/2026 18:00:00;Pendente de Retorno;RN;Natal;ALMOXARIFADO ESTADUAL DE MEDICAMENTOS;25/07/2026 21:34:46
567187;A4623;ARES;NAT - CSM CARGO;;RN;11/09/2026 18:00:00;Pendente de Retorno;RN;Natal;ALMOXARIFADO ESTADUAL DE MEDICAMENTOS;24/07/2026 15:28:39
567187;A6428;ARES;NAT - CSM CARGO;;RN;11/09/2026 18:00:00;Pendente de Retorno;RN;Natal;ALMOXARIFADO ESTADUAL DE MEDICAMENTOS;25/07/2026 12:08:37
567187;A7166;ARES;NAT - CSM CARGO;;RN;11/09/2026 18:00:00;Pendente de Retorno;RN;Natal;ALMOXARIFADO ESTADUAL DE MEDICAMENTOS;17/07/2026 07:35:24
567187;A8819;ARES;NAT - CSM CARGO;;RN;11/09/2026 18:00:00;Pendente de Retorno;RN;Natal;ALMOXARIFADO ESTADUAL DE MEDICAMENTOS;09/07/2026 23:51:19
567187;A9152;ARES;NAT - CSM CARGO;;RN;11/09/2026 18:00:00;Pendente de Retorno;RN;Natal;ALMOXARIFADO ESTADUAL DE MEDICAMENTOS;01/06/2026 11:13:02
567187;A9449;ARES;NAT - CSM CARGO;;RN;11/09/2026 18:00:00;Pendente de Retorno;RN;Natal;ALMOXARIFADO ESTADUAL DE MEDICAMENTOS;14/07/2026 14:40:02
566506;0741700538;ARES;MAO- GR TRANSPORTES E LOGISTICA MULTIMODAL;;AM;11/09/2026 17:56:26;Retornado;AM;Manaus;CENTRAL MEDIC SECR EST SAUDE AMAZONA;16/09/2026 17:17:32
566740;0741700309;ARES;MAO- GR TRANSPORTES E LOGISTICA MULTIMODAL;;AM;11/09/2026 17:51:27;Retornado;AM;Manaus;CENTRAL MEDIC SECR EST SAUDE AMAZONA;19/09/2026 12:00:26
566928;TA0924;ARES;MAO- GR TRANSPORTES E LOGISTICA MULTIMODAL;;AM;11/09/2026 17:47:03;Pendente de Retorno;AM;Manaus;CENTRAL MEDIC SECR EST SAUDE AMAZONA;27/07/2026 00:16:21
567948;0741700678;ARES;MOC - LOG SERVIÇOS;;MG;11/09/2026 17:41:00;Pendente de Retorno;MG;Montes Claros;SANTA CASA DE MONTES CLAROS - IRMANDADE N.SA. DAS;11/09/2026 17:41:00
566927;A8151;ARES;MCZ - MCZ EXPRESS SERVICE LTDA;;AL;11/09/2026 17:32:00;Pendente de Retorno;AL;Maceio;SECRETARIA DE ESTADO DA SAUDE;27/07/2026 16:46:59
567134;0741700259;ARES;FLN - TGEX TRANSPORTES E LOCACAO DE VEIC;;SC;11/09/2026 17:29:00;Retornado;SC;Florianopolis;LABORATÓRIO CENTRAL DE SAÚDE PÚBLICA DE SANTA CATA;21/09/2026 09:01:23
567134;0741700280;ARES;FLN - TGEX TRANSPORTES E LOCACAO DE VEIC;;SC;11/09/2026 17:29:00;Retornado;SC;Florianopolis;LABORATÓRIO CENTRAL DE SAÚDE PÚBLICA DE SANTA CATA;21/09/2026 14:45:12
567134;0741700314;ARES;FLN - TGEX TRANSPORTES E LOCACAO DE VEIC;;SC;11/09/2026 17:29:00;Retornado;SC;Florianopolis;LABORATÓRIO CENTRAL DE SAÚDE PÚBLICA DE SANTA CATA;21/09/2026 14:59:13
567134;0741700428;ARES;FLN - TGEX TRANSPORTES E LOCACAO DE VEIC;;SC;11/09/2026 17:29:00;Retornado;SC;Florianopolis;LABORATÓRIO CENTRAL DE SAÚDE PÚBLICA DE SANTA CATA;21/09/2026 17:27:47
567134;0741700618;ARES;FLN - TGEX TRANSPORTES E LOCACAO DE VEIC;;SC;11/09/2026 17:29:00;Retornado;SC;Florianopolis;LABORATÓRIO CENTRAL DE SAÚDE PÚBLICA DE SANTA CATA;21/09/2026 09:01:48
567134;0741700673;ARES;FLN - TGEX TRANSPORTES E LOCACAO DE VEIC;;SC;11/09/2026 17:29:00;Retornado;SC;Florianopolis;LABORATÓRIO CENTRAL DE SAÚDE PÚBLICA DE SANTA CATA;21/09/2026 10:38:54
567134;0741700694;ARES;FLN - TGEX TRANSPORTES E LOCACAO DE VEIC;;SC;11/09/2026 17:29:00;Retornado;SC;Florianopolis;LABORATÓRIO CENTRAL DE SAÚDE PÚBLICA DE SANTA CATA;21/09/2026 09:01:39
567134;0741700738;ARES;FLN - TGEX TRANSPORTES E LOCACAO DE VEIC;;SC;11/09/2026 17:29:00;Pendente de Retorno;SC;Florianopolis;LABORATÓRIO CENTRAL DE SAÚDE PÚBLICA DE SANTA CATA;11/09/2026 17:29:00
567134;0741700987;ARES;FLN - TGEX TRANSPORTES E LOCACAO DE VEIC;;SC;11/09/2026 17:29:00;Retornado;SC;Florianopolis;LABORATÓRIO CENTRAL DE SAÚDE PÚBLICA DE SANTA CATA;19/09/2026 13:51:13
567134;A3607;ARES;FLN - TGEX TRANSPORTES E LOCACAO DE VEIC;;SC;11/09/2026 17:29:00;Pendente de Retorno;SC;Florianopolis;LABORATÓRIO CENTRAL DE SAÚDE PÚBLICA DE SANTA CATA;27/07/2026 17:17:06
567134;A5312;ARES;FLN - TGEX TRANSPORTES E LOCACAO DE VEIC;;SC;11/09/2026 17:29:00;Pendente de Retorno;SC;Florianopolis;LABORATÓRIO CENTRAL DE SAÚDE PÚBLICA DE SANTA CATA;18/07/2026 11:42:41
567134;A9498;ARES;FLN - TGEX TRANSPORTES E LOCACAO DE VEIC;;SC;11/09/2026 17:29:00;Pendente de Retorno;SC;Florianopolis;LABORATÓRIO CENTRAL DE SAÚDE PÚBLICA DE SANTA CATA;23/07/2026 08:39:49
567134;TA1161;ARES;FLN - TGEX TRANSPORTES E LOCACAO DE VEIC;;SC;11/09/2026 17:29:00;Pendente de Retorno;SC;Florianopolis;LABORATÓRIO CENTRAL DE SAÚDE PÚBLICA DE SANTA CATA;22/07/2026 21:44:09
567783;0741700346;ARES;FLN - TGEX TRANSPORTES E LOCACAO DE VEIC;;SC;11/09/2026 17:27:00;Retornado;SC;Florianopolis;LABORATÓRIO CENTRAL DE SAÚDE PÚBLICA DE SANTA CATA;21/09/2026 08:56:36
566464;A3168;ARES;SLZ - REIS CAVALCANTE EXPRESSO;;MA;11/09/2026 17:17:28;Pendente de Retorno;MA;Sao Luis;HOSPITAL MACRORREGIONAL DRA RUTH NOLETO;27/07/2026 10:19:30
567942;0741700716;ARES;SSA - LUTY LOG;;BA;11/09/2026 17:15:00;Retornado;BA;Feira de Santana;ARTHUR FERNANDES SALDANHA 00737.014536/2026-45;21/09/2026 16:49:00
566758;A2619;ARES;CGR - LH TRANSPORTES;;MS;11/09/2026 17:11:13;Pendente de Retorno;MS;Campo Grande;ALMOXARIFADO ESTADUAL DE MEDICAMENTOS;21/07/2026 00:00:14
566758;A8742;ARES;CGR - LH TRANSPORTES;;MS;11/09/2026 17:11:13;Pendente de Retorno;MS;Campo Grande;ALMOXARIFADO ESTADUAL DE MEDICAMENTOS;14/07/2026 14:33:08
567956;0741700586;ARES;NAT - CSM CARGO;;RN;11/09/2026 17:10:00;Retornado;RN;Natal;HOSPITAL GISELDA TRIGUEIRO;18/09/2026 14:58:52
567956;A4807;ARES;NAT - CSM CARGO;;RN;11/09/2026 17:10:00;Pendente de Retorno;RN;Natal;HOSPITAL GISELDA TRIGUEIRO;17/07/2026 08:43:19
566756;0741700026;ARES;SLZ - REIS CAVALCANTE EXPRESSO;;MA;11/09/2026 17:09:17;Retornado;MA;Sao Luis;HOSPITAL MACRORREGIONAL DRA RUTH NOLETO;15/09/2026 07:57:22
566756;0741700088;ARES;SLZ - REIS CAVALCANTE EXPRESSO;;MA;11/09/2026 17:09:17;Retornado;MA;Sao Luis;HOSPITAL MACRORREGIONAL DRA RUTH NOLETO;15/09/2026 07:57:52
566756;0741700365;ARES;SLZ - REIS CAVALCANTE EXPRESSO;;MA;11/09/2026 17:09:17;Retornado;MA;Sao Luis;HOSPITAL MACRORREGIONAL DRA RUTH NOLETO;15/09/2026 07:55:57
566996;0741700691;ARES;CGR - LH TRANSPORTES;;MS;11/09/2026 17:08:31;Retornado;MS;Campo Grande;ALMOXARIFADO ESTADUAL DE MEDICAMENTOS;21/09/2026 13:38:23
566996;0741700737;ARES;CGR - LH TRANSPORTES;;MS;11/09/2026 17:08:31;Retornado;MS;Campo Grande;ALMOXARIFADO ESTADUAL DE MEDICAMENTOS;21/09/2026 13:38:21
566468;0741700723;ARES;CGR - LH TRANSPORTES;;MS;11/09/2026 17:05:46;Retornado;MS;Campo Grande;ALMOXARIFADO ESTADUAL DE MEDICAMENTOS;21/09/2026 13:38:33
566468;A7613;ARES;CGR - LH TRANSPORTES;;MS;11/09/2026 17:05:46;Pendente de Retorno;MS;Campo Grande;ALMOXARIFADO ESTADUAL DE MEDICAMENTOS;27/07/2026 15:21:55
566468;TA0872;ARES;CGR - LH TRANSPORTES;;MS;11/09/2026 17:05:46;Pendente de Retorno;MS;Campo Grande;ALMOXARIFADO ESTADUAL DE MEDICAMENTOS;27/07/2026 00:11:33
566876;A0094;ARES;CGR - LH TRANSPORTES;;MS;11/09/2026 17:02:05;Pendente de Retorno;MS;Campo Grande;ALMOXARIFADO ESTADUAL DE MEDICAMENTOS;18/07/2026 08:00:42
566868;0741700006;ARES;SLZ - REIS CAVALCANTE EXPRESSO;;MA;11/09/2026 17:01:57;Retornado;MA;Sao Luis;HOSPITAL MACRORREGIONAL DRA RUTH NOLETO;15/09/2026 07:58:05
566868;0741700035;ARES;SLZ - REIS CAVALCANTE EXPRESSO;;MA;11/09/2026 17:01:57;Retornado;MA;Sao Luis;HOSPITAL MACRORREGIONAL DRA RUTH NOLETO;15/09/2026 07:58:17
566868;0741700496;ARES;SLZ - REIS CAVALCANTE EXPRESSO;;MA;11/09/2026 17:01:57;Retornado;MA;Sao Luis;HOSPITAL MACRORREGIONAL DRA RUTH NOLETO;15/09/2026 07:58:34
566868;0741700596;ARES;SLZ - REIS CAVALCANTE EXPRESSO;;MA;11/09/2026 17:01:57;Retornado;MA;Sao Luis;HOSPITAL MACRORREGIONAL DRA RUTH NOLETO;15/09/2026 07:59:02
566868;0741700682;ARES;SLZ - REIS CAVALCANTE EXPRESSO;;MA;11/09/2026 17:01:57;Retornado;MA;Sao Luis;HOSPITAL MACRORREGIONAL DRA RUTH NOLETO;15/09/2026 07:56:58
566868;0741700687;ARES;SLZ - REIS CAVALCANTE EXPRESSO;;MA;11/09/2026 17:01:57;Retornado;MA;Sao Luis;HOSPITAL MACRORREGIONAL DRA RUTH NOLETO;15/09/2026 07:56:17
566868;0741700820;ARES;SLZ - REIS CAVALCANTE EXPRESSO;;MA;11/09/2026 17:01:57;Retornado;MA;Sao Luis;HOSPITAL MACRORREGIONAL DRA RUTH NOLETO;15/09/2026 07:58:48
566868;0741700881;ARES;SLZ - REIS CAVALCANTE EXPRESSO;;MA;11/09/2026 17:01:57;Retornado;MA;Sao Luis;HOSPITAL MACRORREGIONAL DRA RUTH NOLETO;15/09/2026 07:56:30
566868;A5543;ARES;SLZ - REIS CAVALCANTE EXPRESSO;;MA;11/09/2026 17:01:57;Pendente de Retorno;MA;Sao Luis;HOSPITAL MACRORREGIONAL DRA RUTH NOLETO;14/07/2026 17:25:38
566868;A7490;ARES;SLZ - REIS CAVALCANTE EXPRESSO;;MA;11/09/2026 17:01:57;Pendente de Retorno;MA;Sao Luis;HOSPITAL MACRORREGIONAL DRA RUTH NOLETO;17/07/2026 07:32:13
566494;0741700020;ARES;VTCLOG RIO GALEAO;;RJ;11/09/2026 17:00:00;Retornado;RJ;Niteroi;SECRETARIA ESTADUAL DE SAUDE;21/09/2026 08:57:48
566770;0741700571;ARES;VTCLOG RIO GALEAO;;RJ;11/09/2026 17:00:00;Retornado;RJ;Niteroi;SECRETARIA ESTADUAL DE SAUDE;22/09/2026 02:01:09
566770;0741700689;ARES;VTCLOG RIO GALEAO;;RJ;11/09/2026 17:00:00;Retornado;RJ;Niteroi;SECRETARIA ESTADUAL DE SAUDE;22/09/2026 00:49:32
566770;0741700847;ARES;VTCLOG RIO GALEAO;;RJ;11/09/2026 17:00:00;Retornado;RJ;Niteroi;SECRETARIA ESTADUAL DE SAUDE;19/09/2026 10:31:43
566494;0741700890;ARES;VTCLOG RIO GALEAO;;RJ;11/09/2026 17:00:00;Retornado;RJ;Niteroi;SECRETARIA ESTADUAL DE SAUDE;21/09/2026 08:55:18
566770;A4731;ARES;VTCLOG RIO GALEAO;;RJ;11/09/2026 17:00:00;Pendente de Retorno;RJ;Niteroi;SECRETARIA ESTADUAL DE SAUDE;26/07/2026 22:20:19
566770;A9705;ARES;VTCLOG RIO GALEAO;;RJ;11/09/2026 17:00:00;Pendente de Retorno;RJ;Niteroi;SECRETARIA ESTADUAL DE SAUDE;21/07/2026 17:46:55
566770;TA0372;ARES;VTCLOG RIO GALEAO;;RJ;11/09/2026 17:00:00;Pendente de Retorno;RJ;Niteroi;SECRETARIA ESTADUAL DE SAUDE;16/06/2026 08:41:17
566770;TA1143;ARES;VTCLOG RIO GALEAO;;RJ;11/09/2026 17:00:00;Pendente de Retorno;RJ;Niteroi;SECRETARIA ESTADUAL DE SAUDE;22/06/2026 11:32:56
567853;A7019;ARES;RBR - RODOTEC;;AC;11/09/2026 16:55:00;Pendente de Retorno;AC;Rio Branco;FUNDAÇÃO HOSPITAL ESTADUAL DO ACRE - FUNDHACRE;27/07/2026 17:13:50
567977;TA0819;ARES;VTCLOG - REC;;PE;11/09/2026 16:54:19;Pendente de Retorno;PE;RECIFE;SECRETARIA DA SAUDE - HOSPITAL OTAVIO DE FREITAS;27/07/2026 00:17:08
567981;A6464;ARES;VTCLOG - GRU;;SP;11/09/2026 16:40:00;Pendente de Retorno;SP;SAO PAULO;HEITOR BATISTA DE ALBUQUERQUE;26/07/2026 22:20:47
567855;A4267;ARES;VTCLOG - GRU;;SP;11/09/2026 16:37:00;Pendente de Retorno;SP;SAO PAULO;CENTRO DE REFERENCIA E TREINAMENTO AIDS;25/07/2026 22:23:07
567855;A6039;ARES;VTCLOG - GRU;;SP;11/09/2026 16:37:00;Pendente de Retorno;SP;SAO PAULO;CENTRO DE REFERENCIA E TREINAMENTO AIDS;21/07/2026 17:24:56
566294;0741700042;ARES;FLN - TGEX TRANSPORTES E LOCACAO DE VEIC;;SC;11/09/2026 16:36:00;Retornado;SC;Sao Jose;ALMOXARIFADO ESTADUAL DE MEDICAMENTOS;21/09/2026 08:59:34
566294;0741700091;ARES;FLN - TGEX TRANSPORTES E LOCACAO DE VEIC;;SC;11/09/2026 16:36:00;Retornado;SC;Sao Jose;ALMOXARIFADO ESTADUAL DE MEDICAMENTOS;21/09/2026 08:55:43
566294;0741700174;ARES;FLN - TGEX TRANSPORTES E LOCACAO DE VEIC;;SC;11/09/2026 16:36:00;Retornado;SC;Sao Jose;ALMOXARIFADO ESTADUAL DE MEDICAMENTOS;21/09/2026 08:51:54
566294;0741700184;ARES;FLN - TGEX TRANSPORTES E LOCACAO DE VEIC;;SC;11/09/2026 16:36:00;Retornado;SC;Sao Jose;ALMOXARIFADO ESTADUAL DE MEDICAMENTOS;21/09/2026 17:27:00
566294;0741700191;ARES;FLN - TGEX TRANSPORTES E LOCACAO DE VEIC;;SC;11/09/2026 16:36:00;Retornado;SC;Sao Jose;ALMOXARIFADO ESTADUAL DE MEDICAMENTOS;21/09/2026 08:58:50
566294;0741700203;ARES;FLN - TGEX TRANSPORTES E LOCACAO DE VEIC;;SC;11/09/2026 16:36:00;Retornado;SC;Sao Jose;ALMOXARIFADO ESTADUAL DE MEDICAMENTOS;21/09/2026 08:59:48
566294;0741700229;ARES;FLN - TGEX TRANSPORTES E LOCACAO DE VEIC;;SC;11/09/2026 16:36:00;Retornado;SC;Sao Jose;ALMOXARIFADO ESTADUAL DE MEDICAMENTOS;21/09/2026 09:02:02
566294;0741700273;ARES;FLN - TGEX TRANSPORTES E LOCACAO DE VEIC;;SC;11/09/2026 16:36:00;Retornado;SC;Sao Jose;ALMOXARIFADO ESTADUAL DE MEDICAMENTOS;21/09/2026 15:08:12
566294;0741700279;ARES;FLN - TGEX TRANSPORTES E LOCACAO DE VEIC;;SC;11/09/2026 16:36:00;Retornado;SC;Sao Jose;ALMOXARIFADO ESTADUAL DE MEDICAMENTOS;21/09/2026 17:15:59
566294;0741700306;ARES;FLN - TGEX TRANSPORTES E LOCACAO DE VEIC;;SC;11/09/2026 16:36:00;Retornado;SC;Sao Jose;ALMOXARIFADO ESTADUAL DE MEDICAMENTOS;21/09/2026 08:55:36
566294;0741700307;ARES;FLN - TGEX TRANSPORTES E LOCACAO DE VEIC;;SC;11/09/2026 16:36:00;Retornado;SC;Sao Jose;ALMOXARIFADO ESTADUAL DE MEDICAMENTOS;21/09/2026 15:42:26
566294;0741700331;ARES;FLN - TGEX TRANSPORTES E LOCACAO DE VEIC;;SC;11/09/2026 16:36:00;Retornado;SC;Sao Jose;ALMOXARIFADO ESTADUAL DE MEDICAMENTOS;21/09/2026 15:04:57
566294;0741700344;ARES;FLN - TGEX TRANSPORTES E LOCACAO DE VEIC;;SC;11/09/2026 16:36:00;Retornado;SC;Sao Jose;ALMOXARIFADO ESTADUAL DE MEDICAMENTOS;21/09/2026 08:54:50
566294;0741700348;ARES;FLN - TGEX TRANSPORTES E LOCACAO DE VEIC;;SC;11/09/2026 16:36:00;Retornado;SC;Sao Jose;ALMOXARIFADO ESTADUAL DE MEDICAMENTOS;22/09/2026 00:49:25
566294;0741700380;ARES;FLN - TGEX TRANSPORTES E LOCACAO DE VEIC;;SC;11/09/2026 16:36:00;Retornado;SC;Sao Jose;ALMOXARIFADO ESTADUAL DE MEDICAMENTOS;21/09/2026 08:58:37
566294;0741700425;ARES;FLN - TGEX TRANSPORTES E LOCACAO DE VEIC;;SC;11/09/2026 16:36:00;Retornado;SC;Sao Jose;ALMOXARIFADO ESTADUAL DE MEDICAMENTOS;19/09/2026 13:45:59
566294;0741700472;ARES;FLN - TGEX TRANSPORTES E LOCACAO DE VEIC;;SC;11/09/2026 16:36:00;Retornado;SC;Sao Jose;ALMOXARIFADO ESTADUAL DE MEDICAMENTOS;21/09/2026 10:43:01
566294;0741700515;ARES;FLN - TGEX TRANSPORTES E LOCACAO DE VEIC;;SC;11/09/2026 16:36:00;Retornado;SC;Sao Jose;ALMOXARIFADO ESTADUAL DE MEDICAMENTOS;21/09/2026 17:14:58
566294;0741700528;ARES;FLN - TGEX TRANSPORTES E LOCACAO DE VEIC;;SC;11/09/2026 16:36:00;Retornado;SC;Sao Jose;ALMOXARIFADO ESTADUAL DE MEDICAMENTOS;21/09/2026 09:00:29
566294;0741700537;ARES;FLN - TGEX TRANSPORTES E LOCACAO DE VEIC;;SC;11/09/2026 16:36:00;Retornado;SC;Sao Jose;ALMOXARIFADO ESTADUAL DE MEDICAMENTOS;21/09/2026 09:10:15
566294;0741700542;ARES;FLN - TGEX TRANSPORTES E LOCACAO DE VEIC;;SC;11/09/2026 16:36:00;Retornado;SC;Sao Jose;ALMOXARIFADO ESTADUAL DE MEDICAMENTOS;21/09/2026 09:08:11
566294;0741700569;ARES;FLN - TGEX TRANSPORTES E LOCACAO DE VEIC;;SC;11/09/2026 16:36:00;Retornado;SC;Sao Jose;ALMOXARIFADO ESTADUAL DE MEDICAMENTOS;21/09/2026 17:13:41
566294;0741700593;ARES;FLN - TGEX TRANSPORTES E LOCACAO DE VEIC;;SC;11/09/2026 16:36:00;Retornado;SC;Sao Jose;ALMOXARIFADO ESTADUAL DE MEDICAMENTOS;19/09/2026 13:47:09
566294;0741700600;ARES;FLN - TGEX TRANSPORTES E LOCACAO DE VEIC;;SC;11/09/2026 16:36:00;Retornado;SC;Sao Jose;ALMOXARIFADO ESTADUAL DE MEDICAMENTOS;21/09/2026 08:59:01
566294;0741700614;ARES;FLN - TGEX TRANSPORTES E LOCACAO DE VEIC;;SC;11/09/2026 16:36:00;Retornado;SC;Sao Jose;ALMOXARIFADO ESTADUAL DE MEDICAMENTOS;21/09/2026 15:06:21
566294;0741700645;ARES;FLN - TGEX TRANSPORTES E LOCACAO DE VEIC;;SC;11/09/2026 16:36:00;Retornado;SC;Sao Jose;ALMOXARIFADO ESTADUAL DE MEDICAMENTOS;21/09/2026 08:50:37
566294;0741700647;ARES;FLN - TGEX TRANSPORTES E LOCACAO DE VEIC;;SC;11/09/2026 16:36:00;Retornado;SC;Sao Jose;ALMOXARIFADO ESTADUAL DE MEDICAMENTOS;19/09/2026 13:46:26
566294;0741700649;ARES;FLN - TGEX TRANSPORTES E LOCACAO DE VEIC;;SC;11/09/2026 16:36:00;Retornado;SC;Sao Jose;ALMOXARIFADO ESTADUAL DE MEDICAMENTOS;21/09/2026 14:58:40
566294;0741700661;ARES;FLN - TGEX TRANSPORTES E LOCACAO DE VEIC;;SC;11/09/2026 16:36:00;Retornado;SC;Sao Jose;ALMOXARIFADO ESTADUAL DE MEDICAMENTOS;21/09/2026 08:52:02
566294;0741700670;ARES;FLN - TGEX TRANSPORTES E LOCACAO DE VEIC;;SC;11/09/2026 16:36:00;Retornado;SC;Sao Jose;ALMOXARIFADO ESTADUAL DE MEDICAMENTOS;21/09/2026 10:35:00
566294;0741700675;ARES;FLN - TGEX TRANSPORTES E LOCACAO DE VEIC;;SC;11/09/2026 16:36:00;Retornado;SC;Sao Jose;ALMOXARIFADO ESTADUAL DE MEDICAMENTOS;19/09/2026 13:43:50
566294;0741700681;ARES;FLN - TGEX TRANSPORTES E LOCACAO DE VEIC;;SC;11/09/2026 16:36:00;Retornado;SC;Sao Jose;ALMOXARIFADO ESTADUAL DE MEDICAMENTOS;21/09/2026 15:01:00
566294;0741700684;ARES;FLN - TGEX TRANSPORTES E LOCACAO DE VEIC;;SC;11/09/2026 16:36:00;Retornado;SC;Sao Jose;ALMOXARIFADO ESTADUAL DE MEDICAMENTOS;21/09/2026 15:04:39
566294;0741700697;ARES;FLN - TGEX TRANSPORTES E LOCACAO DE VEIC;;SC;11/09/2026 16:36:00;Retornado;SC;Sao Jose;ALMOXARIFADO ESTADUAL DE MEDICAMENTOS;21/09/2026 15:39:05
566294;0741700714;ARES;FLN - TGEX TRANSPORTES E LOCACAO DE VEIC;;SC;11/09/2026 16:36:00;Retornado;SC;Sao Jose;ALMOXARIFADO ESTADUAL DE MEDICAMENTOS;21/09/2026 14:59:32
566294;0741700763;ARES;FLN - TGEX TRANSPORTES E LOCACAO DE VEIC;;SC;11/09/2026 16:36:00;Retornado;SC;Sao Jose;ALMOXARIFADO ESTADUAL DE MEDICAMENTOS;21/09/2026 09:08:13
566294;0741700768;ARES;FLN - TGEX TRANSPORTES E LOCACAO DE VEIC;;SC;11/09/2026 16:36:00;Retornado;SC;Sao Jose;ALMOXARIFADO ESTADUAL DE MEDICAMENTOS;21/09/2026 15:35:05
566294;0741700792;ARES;FLN - TGEX TRANSPORTES E LOCACAO DE VEIC;;SC;11/09/2026 16:36:00;Retornado;SC;Sao Jose;ALMOXARIFADO ESTADUAL DE MEDICAMENTOS;21/09/2026 08:57:45
566294;0741700817;ARES;FLN - TGEX TRANSPORTES E LOCACAO DE VEIC;;SC;11/09/2026 16:36:00;Pendente de Retorno;SC;Sao Jose;ALMOXARIFADO ESTADUAL DE MEDICAMENTOS;11/09/2026 16:36:00
566294;0741700833;ARES;FLN - TGEX TRANSPORTES E LOCACAO DE VEIC;;SC;11/09/2026 16:36:00;Retornado;SC;Sao Jose;ALMOXARIFADO ESTADUAL DE MEDICAMENTOS;21/09/2026 08:52:56
566294;0741700854;ARES;FLN - TGEX TRANSPORTES E LOCACAO DE VEIC;;SC;11/09/2026 16:36:00;Retornado;SC;Sao Jose;ALMOXARIFADO ESTADUAL DE MEDICAMENTOS;21/09/2026 09:07:49
566294;0741700885;ARES;FLN - TGEX TRANSPORTES E LOCACAO DE VEIC;;SC;11/09/2026 16:36:00;Retornado;SC;Sao Jose;ALMOXARIFADO ESTADUAL DE MEDICAMENTOS;21/09/2026 15:43:38
566294;0741700891;ARES;FLN - TGEX TRANSPORTES E LOCACAO DE VEIC;;SC;11/09/2026 16:36:00;Retornado;SC;Sao Jose;ALMOXARIFADO ESTADUAL DE MEDICAMENTOS;21/09/2026 17:13:13
566294;0741700904;ARES;FLN - TGEX TRANSPORTES E LOCACAO DE VEIC;;SC;11/09/2026 16:36:00;Retornado;SC;Sao Jose;ALMOXARIFADO ESTADUAL DE MEDICAMENTOS;21/09/2026 10:37:19
566294;0741700932;ARES;FLN - TGEX TRANSPORTES E LOCACAO DE VEIC;;SC;11/09/2026 16:36:00;Retornado;SC;Sao Jose;ALMOXARIFADO ESTADUAL DE MEDICAMENTOS;21/09/2026 10:40:23
566294;0741700942;ARES;FLN - TGEX TRANSPORTES E LOCACAO DE VEIC;;SC;11/09/2026 16:36:00;Retornado;SC;Sao Jose;ALMOXARIFADO ESTADUAL DE MEDICAMENTOS;21/09/2026 08:44:40
566294;0741700956;ARES;FLN - TGEX TRANSPORTES E LOCACAO DE VEIC;;SC;11/09/2026 16:36:00;Retornado;SC;Sao Jose;ALMOXARIFADO ESTADUAL DE MEDICAMENTOS;21/09/2026 16:16:37
566294;0741700981;ARES;FLN - TGEX TRANSPORTES E LOCACAO DE VEIC;;SC;11/09/2026 16:36:00;Retornado;SC;Sao Jose;ALMOXARIFADO ESTADUAL DE MEDICAMENTOS;21/09/2026 08:59:55
566294;A0016;ARES;FLN - TGEX TRANSPORTES E LOCACAO DE VEIC;;SC;11/09/2026 16:36:00;Pendente de Retorno;SC;Sao Jose;ALMOXARIFADO ESTADUAL DE MEDICAMENTOS;27/07/2026 12:32:01
566294;A0017;ARES;FLN - TGEX TRANSPORTES E LOCACAO DE VEIC;;SC;11/09/2026 16:36:00;Pendente de Retorno;SC;Sao Jose;ALMOXARIFADO ESTADUAL DE MEDICAMENTOS;21/07/2026 17:28:07
566294;A0034;ARES;FLN - TGEX TRANSPORTES E LOCACAO DE VEIC;;SC;11/09/2026 16:36:00;Pendente de Retorno;SC;Sao Jose;ALMOXARIFADO ESTADUAL DE MEDICAMENTOS;21/07/2026 00:09:27
566294;A0431;ARES;FLN - TGEX TRANSPORTES E LOCACAO DE VEIC;;SC;11/09/2026 16:36:00;Pendente de Retorno;SC;Sao Jose;ALMOXARIFADO ESTADUAL DE MEDICAMENTOS;27/07/2026 16:42:21
566294;A0830;ARES;FLN - TGEX TRANSPORTES E LOCACAO DE VEIC;;SC;11/09/2026 16:36:00;Pendente de Retorno;SC;Sao Jose;ALMOXARIFADO ESTADUAL DE MEDICAMENTOS;24/07/2026 13:23:16
566294;A1936;ARES;FLN - TGEX TRANSPORTES E LOCACAO DE VEIC;;SC;11/09/2026 16:36:00;Pendente de Retorno;SC;Sao Jose;ALMOXARIFADO ESTADUAL DE MEDICAMENTOS;27/07/2026 17:09:45
566294;A2111;ARES;FLN - TGEX TRANSPORTES E LOCACAO DE VEIC;;SC;11/09/2026 16:36:00;Pendente de Retorno;SC;Sao Jose;ALMOXARIFADO ESTADUAL DE MEDICAMENTOS;13/07/2026 08:40:54
566294;A2175;ARES;FLN - TGEX TRANSPORTES E LOCACAO DE VEIC;;SC;11/09/2026 16:36:00;Pendente de Retorno;SC;Sao Jose;ALMOXARIFADO ESTADUAL DE MEDICAMENTOS;08/07/2026 11:34:49
566294;A2569;ARES;FLN - TGEX TRANSPORTES E LOCACAO DE VEIC;;SC;11/09/2026 16:36:00;Retornado;SC;Sao Jose;ALMOXARIFADO ESTADUAL DE MEDICAMENTOS;21/09/2026 15:03:55
566294;A2980;ARES;FLN - TGEX TRANSPORTES E LOCACAO DE VEIC;;SC;11/09/2026 16:36:00;Pendente de Retorno;SC;Sao Jose;ALMOXARIFADO ESTADUAL DE MEDICAMENTOS;21/07/2026 00:04:59
566294;A3383;ARES;FLN - TGEX TRANSPORTES E LOCACAO DE VEIC;;SC;11/09/2026 16:36:00;Pendente de Retorno;SC;Sao Jose;ALMOXARIFADO ESTADUAL DE MEDICAMENTOS;21/07/2026 00:02:08
566294;A3627;ARES;FLN - TGEX TRANSPORTES E LOCACAO DE VEIC;;SC;11/09/2026 16:36:00;Pendente de Retorno;SC;Sao Jose;ALMOXARIFADO ESTADUAL DE MEDICAMENTOS;03/07/2026 08:41:19
566294;A3714;ARES;FLN - TGEX TRANSPORTES E LOCACAO DE VEIC;;SC;11/09/2026 16:36:00;Pendente de Retorno;SC;Sao Jose;ALMOXARIFADO ESTADUAL DE MEDICAMENTOS;27/06/2026 10:39:25
566294;A4057;ARES;FLN - TGEX TRANSPORTES E LOCACAO DE VEIC;;SC;11/09/2026 16:36:00;Pendente de Retorno;SC;Sao Jose;ALMOXARIFADO ESTADUAL DE MEDICAMENTOS;13/07/2026 16:42:11
566294;A5419;ARES;FLN - TGEX TRANSPORTES E LOCACAO DE VEIC;;SC;11/09/2026 16:36:00;Pendente de Retorno;SC;Sao Jose;ALMOXARIFADO ESTADUAL DE MEDICAMENTOS;21/07/2026 17:11:18
566294;A5846;ARES;FLN - TGEX TRANSPORTES E LOCACAO DE VEIC;;SC;11/09/2026 16:36:00;Pendente de Retorno;SC;Sao Jose;ALMOXARIFADO ESTADUAL DE MEDICAMENTOS;27/07/2026 17:12:36
566294;A6090;ARES;FLN - TGEX TRANSPORTES E LOCACAO DE VEIC;;SC;11/09/2026 16:36:00;Pendente de Retorno;SC;Sao Jose;ALMOXARIFADO ESTADUAL DE MEDICAMENTOS;22/07/2026 23:46:46
566294;A8221;ARES;FLN - TGEX TRANSPORTES E LOCACAO DE VEIC;;SC;11/09/2026 16:36:00;Pendente de Retorno;SC;Sao Jose;ALMOXARIFADO ESTADUAL DE MEDICAMENTOS;30/06/2026 08:35:47
566294;A9594;ARES;FLN - TGEX TRANSPORTES E LOCACAO DE VEIC;;SC;11/09/2026 16:36:00;Pendente de Retorno;SC;Sao Jose;ALMOXARIFADO ESTADUAL DE MEDICAMENTOS;20/07/2026 15:11:31
566294;TA0140;ARES;FLN - TGEX TRANSPORTES E LOCACAO DE VEIC;;SC;11/09/2026 16:36:00;Pendente de Retorno;SC;Sao Jose;ALMOXARIFADO ESTADUAL DE MEDICAMENTOS;22/07/2026 08:56:35
566294;TA1029;ARES;FLN - TGEX TRANSPORTES E LOCACAO DE VEIC;;SC;11/09/2026 16:36:00;Pendente de Retorno;SC;Sao Jose;ALMOXARIFADO ESTADUAL DE MEDICAMENTOS;26/07/2026 20:46:38
566294;TA1053;ARES;FLN - TGEX TRANSPORTES E LOCACAO DE VEIC;;SC;11/09/2026 16:36:00;Pendente de Retorno;SC;Sao Jose;ALMOXARIFADO ESTADUAL DE MEDICAMENTOS;30/06/2026 07:26:50
566294;TA1059;ARES;FLN - TGEX TRANSPORTES E LOCACAO DE VEIC;;SC;11/09/2026 16:36:00;Pendente de Retorno;SC;Sao Jose;ALMOXARIFADO ESTADUAL DE MEDICAMENTOS;26/07/2026 20:49:12
566294;TA1072;ARES;FLN - TGEX TRANSPORTES E LOCACAO DE VEIC;;SC;11/09/2026 16:36:00;Pendente de Retorno;SC;Sao Jose;ALMOXARIFADO ESTADUAL DE MEDICAMENTOS;23/07/2026 20:43:18
568104;A7754;ARES;VTCLOG - GRU;;SP;11/09/2026 16:35:00;Pendente de Retorno;SP;SAO PAULO;CARLOS EDUARDO CERQUEIRA GONÇALVES SEI;17/07/2026 07:39:55
567857;0741700141;ARES;VTCLOG - GRU;;SP;11/09/2026 16:24:00;Retornado;SP;Sao Jose do Rio Preto;HOSPITAL DE BASE DE SÃO JOSÉ DO RIO PRETO;18/09/2026 10:47:20
567578;0741700789;ARES;VTCLOG - GRU;;SP;11/09/2026 16:22:00;Retornado;SP;Sao Jose do Rio Preto;ADAUTO TAROUCO MARTINS 00737.027242/2025-01;18/09/2026 10:42:53
564577;0741700185;ARES;VTCLOG CNF - CONTAGEM;;MG;11/09/2026 16:08:32;Retornado;MG;Contagem;SEC EST DA SAUDE - MG 9003799;19/09/2026 10:18:51
567002;0741700971;ARES;CWB - TGEX TRANSPORTES E LOCACAO DE VEIC;;PR;11/09/2026 16:04:35;Retornado;PR;Curitiba;SECRETARIA ESTADUAL DE SAUDE DO PARANA;21/09/2026 17:00:16
567002;A6436;ARES;CWB - TGEX TRANSPORTES E LOCACAO DE VEIC;;PR;11/09/2026 16:04:35;Pendente de Retorno;PR;Curitiba;SECRETARIA ESTADUAL DE SAUDE DO PARANA;27/07/2026 15:39:26
567002;A6456;ARES;CWB - TGEX TRANSPORTES E LOCACAO DE VEIC;;PR;11/09/2026 16:04:35;Pendente de Retorno;PR;Curitiba;SECRETARIA ESTADUAL DE SAUDE DO PARANA;27/07/2026 15:25:46
567002;A8666;ARES;CWB - TGEX TRANSPORTES E LOCACAO DE VEIC;;PR;11/09/2026 16:04:35;Pendente de Retorno;PR;Curitiba;SECRETARIA ESTADUAL DE SAUDE DO PARANA;11/06/2026 15:10:38
567156;0741700501;ARES;POA - GMB TRANSPORTES E LOGISTICA ME;;RS;11/09/2026 16:00:00;Retornado;RS;Porto Alegre;LACEN DO RIO GRANDE DO SUL;18/09/2026 09:44:47
567156;0741700531;ARES;POA - GMB TRANSPORTES E LOGISTICA ME;;RS;11/09/2026 16:00:00;Retornado;RS;Porto Alegre;LACEN DO RIO GRANDE DO SUL;18/09/2026 09:45:03
567156;0741700545;ARES;POA - GMB TRANSPORTES E LOGISTICA ME;;RS;11/09/2026 16:00:00;Retornado;RS;Porto Alegre;LACEN DO RIO GRANDE DO SUL;18/09/2026 09:45:17
567156;0741700639;ARES;POA - GMB TRANSPORTES E LOGISTICA ME;;RS;11/09/2026 16:00:00;Retornado;RS;Porto Alegre;LACEN DO RIO GRANDE DO SUL;21/09/2026 13:41:14
567576;0741700734;ARES;VTCLOG - GRU;;SP;11/09/2026 16:00:00;Retornado;SP;SAO PAULO;INSTITUTO DE INFECTOLOGIA EMÍLIO RIBAS;17/09/2026 16:23:47
567156;0741700821;ARES;POA - GMB TRANSPORTES E LOGISTICA ME;;RS;11/09/2026 16:00:00;Retornado;RS;Porto Alegre;LACEN DO RIO GRANDE DO SUL;21/09/2026 13:39:08
567958;0741700919;ARES;FLN - TGEX TRANSPORTES E LOCACAO DE VEIC;;SC;11/09/2026 16:00:00;Pendente de Retorno;SC;Sao Jose;HOSPITAL REGIONAL DE SÃO JOSÉ DR. HOMERO DE MIRAND;11/09/2026 16:00:00
567576;0741700976;ARES;VTCLOG - GRU;;SP;11/09/2026 16:00:00;Retornado;SP;SAO PAULO;INSTITUTO DE INFECTOLOGIA EMÍLIO RIBAS;17/09/2026 18:39:44
567156;0741700980;ARES;POA - GMB TRANSPORTES E LOGISTICA ME;;RS;11/09/2026 16:00:00;Retornado;RS;Porto Alegre;LACEN DO RIO GRANDE DO SUL;21/09/2026 13:40:37
567156;A1294;ARES;POA - GMB TRANSPORTES E LOGISTICA ME;;RS;11/09/2026 16:00:00;Pendente de Retorno;RS;Porto Alegre;LACEN DO RIO GRANDE DO SUL;09/07/2026 23:11:00
567576;A4245;ARES;VTCLOG - GRU;;SP;11/09/2026 16:00:00;Pendente de Retorno;SP;SAO PAULO;INSTITUTO DE INFECTOLOGIA EMÍLIO RIBAS;21/07/2026 17:47:00
567576;A6643;ARES;VTCLOG - GRU;;SP;11/09/2026 16:00:00;Pendente de Retorno;SP;SAO PAULO;INSTITUTO DE INFECTOLOGIA EMÍLIO RIBAS;20/07/2026 09:51:10
567156;A7979;ARES;POA - GMB TRANSPORTES E LOGISTICA ME;;RS;11/09/2026 16:00:00;Pendente de Retorno;RS;Porto Alegre;LACEN DO RIO GRANDE DO SUL;15/07/2026 10:08:33
566761;0741700352;ARES;CWB - TGEX TRANSPORTES E LOCACAO DE VEIC;;PR;11/09/2026 15:59:37;Retornado;PR;Curitiba;SECRETARIA ESTADUAL DE SAUDE DO PARANA;18/09/2026 10:47:20
566761;0741700436;ARES;CWB - TGEX TRANSPORTES E LOCACAO DE VEIC;;PR;11/09/2026 15:59:37;Retornado;PR;Curitiba;SECRETARIA ESTADUAL DE SAUDE DO PARANA;18/09/2026 10:47:20
566761;0741700513;ARES;CWB - TGEX TRANSPORTES E LOCACAO DE VEIC;;PR;11/09/2026 15:59:37;Retornado;PR;Curitiba;SECRETARIA ESTADUAL DE SAUDE DO PARANA;20/09/2026 06:49:53
566761;0741700514;ARES;CWB - TGEX TRANSPORTES E LOCACAO DE VEIC;;PR;11/09/2026 15:59:37;Retornado;PR;Curitiba;SECRETARIA ESTADUAL DE SAUDE DO PARANA;21/09/2026 15:40:00
566761;0741700556;ARES;CWB - TGEX TRANSPORTES E LOCACAO DE VEIC;;PR;11/09/2026 15:59:37;Retornado;PR;Curitiba;SECRETARIA ESTADUAL DE SAUDE DO PARANA;18/09/2026 11:18:15
566761;0741700710;ARES;CWB - TGEX TRANSPORTES E LOCACAO DE VEIC;;PR;11/09/2026 15:59:37;Retornado;PR;Curitiba;SECRETARIA ESTADUAL DE SAUDE DO PARANA;18/09/2026 17:34:52
566761;0741700974;ARES;CWB - TGEX TRANSPORTES E LOCACAO DE VEIC;;PR;11/09/2026 15:59:37;Retornado;PR;Curitiba;SECRETARIA ESTADUAL DE SAUDE DO PARANA;16/09/2026 13:30:00
566761;0741700983;ARES;CWB - TGEX TRANSPORTES E LOCACAO DE VEIC;;PR;11/09/2026 15:59:37;Retornado;PR;Curitiba;SECRETARIA ESTADUAL DE SAUDE DO PARANA;19/09/2026 13:16:58
566761;A1275;ARES;CWB - TGEX TRANSPORTES E LOCACAO DE VEIC;;PR;11/09/2026 15:59:37;Pendente de Retorno;PR;Curitiba;SECRETARIA ESTADUAL DE SAUDE DO PARANA;23/07/2026 20:42:45
566761;A2690;ARES;CWB - TGEX TRANSPORTES E LOCACAO DE VEIC;;PR;11/09/2026 15:59:37;Pendente de Retorno;PR;Curitiba;SECRETARIA ESTADUAL DE SAUDE DO PARANA;21/07/2026 17:43:02
567976;0741700829;ARES;SSA - LUTY LOG;;BA;11/09/2026 15:54:56;Retornado;BA;Salvador;MELANIE GUIMARÃES VAZ LEWIS;21/09/2026 16:31:32
567139;A4748;ARES;MCZ - MCZ EXPRESS SERVICE LTDA;;AL;11/09/2026 15:47:00;Pendente de Retorno;AL;Maceio;SECRETARIA DE ESTADO DA SAUDE;21/07/2026 00:12:23
567969;0741700543;ARES;VTCLOG - REC;;PE;11/09/2026 15:38:54;Retornado;PE;RECIFE;HOSPITAL UNIVERSITÁRIO OSWALDO CRUZ;21/09/2026 16:31:49
567822;0741700363;ARES;FLN - TGEX TRANSPORTES E LOCACAO DE VEIC;;SC;11/09/2026 15:30:00;Pendente de Retorno;SC;Itajai;GABRIEL VALENTE PENNA REY;11/09/2026 15:30:00
567974;0741700688;ARES;SSA - LUTY LOG;;BA;11/09/2026 15:13:57;Retornado;BA;Salvador;HOSPITAL GERAL DO ESTADO (HGE);21/09/2026 16:52:07
566952;0741700007;ARES;CGB - JR TRANSPORTES;;MT;11/09/2026 15:12:00;Retornado;MT;Cuiaba;SECRETARIA DE ESTADO DE SAUDE DE MA GROSSO - SES;14/09/2026 10:01:27
566952;0741700589;ARES;CGB - JR TRANSPORTES;;MT;11/09/2026 15:12:00;Retornado;MT;Cuiaba;SECRETARIA DE ESTADO DE SAUDE DE MA GROSSO - SES;14/09/2026 10:01:07
566530;0741700823;ARES;AJU - CASSIMIRO TRANSPORTES;;SE;11/09/2026 15:03:52;Retornado;SE;Aracaju;ALMOXARIFADO ESTADUAL DE MEDICAMENTOS - SERGIPE;21/09/2026 17:28:17
567944;0741700527;ARES;UDI - ENTREGAS URGENTES LTDA;;MG;11/09/2026 15:01:00;Pendente de Retorno;MG;Uberlandia;HOSPITAL DE CLINICAS DE UBERLANDIA;11/09/2026 15:01:00
566263;0741700037;ARES;SSA - LUTY LOG;;BA;11/09/2026 15:00:00;Retornado;BA;Salvador;BAHIA SSA GABINETE DO SECRETARIO;21/09/2026 16:51:44
566744;0741700043;ARES;SSA - LUTY LOG;;BA;11/09/2026 15:00:00;Retornado;BA;Salvador;BAHIA SSA GABINETE DO SECRETARIO;21/09/2026 16:52:10
566263;0741700134;ARES;SSA - LUTY LOG;;BA;11/09/2026 15:00:00;Retornado;BA;Salvador;BAHIA SSA GABINETE DO SECRETARIO;21/09/2026 16:49:51
566263;0741700164;ARES;SSA - LUTY LOG;;BA;11/09/2026 15:00:00;Retornado;BA;Salvador;BAHIA SSA GABINETE DO SECRETARIO;21/09/2026 16:58:50
566263;0741700179;ARES;SSA - LUTY LOG;;BA;11/09/2026 15:00:00;Retornado;BA;Salvador;BAHIA SSA GABINETE DO SECRETARIO;21/09/2026 16:50:08
566263;0741700183;ARES;SSA - LUTY LOG;;BA;11/09/2026 15:00:00;Retornado;BA;Salvador;BAHIA SSA GABINETE DO SECRETARIO;21/09/2026 16:49:21
566979;0741700206;ARES;PVH - RODOTEC;;RO;11/09/2026 15:00:00;Pendente de Retorno;RO;Porto Velho;ALMOXARIFADO ESTADUAL DE MEDICAMENTOS - RONDÔNIA;11/09/2026 15:00:00
566744;0741700210;ARES;SSA - LUTY LOG;;BA;11/09/2026 15:00:00;Retornado;BA;Salvador;BAHIA SSA GABINETE DO SECRETARIO;21/09/2026 14:21:26
566263;0741700243;ARES;SSA - LUTY LOG;;BA;11/09/2026 15:00:00;Retornado;BA;Salvador;BAHIA SSA GABINETE DO SECRETARIO;21/09/2026 16:38:54
566263;0741700330;ARES;SSA - LUTY LOG;;BA;11/09/2026 15:00:00;Retornado;BA;Salvador;BAHIA SSA GABINETE DO SECRETARIO;21/09/2026 16:59:56
566744;0741700371;ARES;SSA - LUTY LOG;;BA;11/09/2026 15:00:00;Retornado;BA;Salvador;BAHIA SSA GABINETE DO SECRETARIO;21/09/2026 16:57:06
566263;0741700374;ARES;SSA - LUTY LOG;;BA;11/09/2026 15:00:00;Retornado;BA;Salvador;BAHIA SSA GABINETE DO SECRETARIO;21/09/2026 16:58:57
566783;0741700523;ARES;PVH - RODOTEC;;RO;11/09/2026 15:00:00;Pendente de Retorno;RO;Porto Velho;ALMOXARIFADO ESTADUAL DE MEDICAMENTOS - RONDÔNIA;11/09/2026 15:00:00
566979;0741700524;ARES;PVH - RODOTEC;;RO;11/09/2026 15:00:00;Pendente de Retorno;RO;Porto Velho;ALMOXARIFADO ESTADUAL DE MEDICAMENTOS - RONDÔNIA;11/09/2026 15:00:00
566263;0741700547;ARES;SSA - LUTY LOG;;BA;11/09/2026 15:00:00;Retornado;BA;Salvador;BAHIA SSA GABINETE DO SECRETARIO;21/09/2026 16:35:37
566744;0741700560;ARES;SSA - LUTY LOG;;BA;11/09/2026 15:00:00;Retornado;BA;Salvador;BAHIA SSA GABINETE DO SECRETARIO;21/09/2026 16:50:36
566907;0741700561;ARES;PVH - RODOTEC;;RO;11/09/2026 15:00:00;Pendente de Retorno;RO;Porto Velho;ALMOXARIFADO ESTADUAL DE MEDICAMENTOS - RONDÔNIA;11/09/2026 15:00:00
566263;0741700573;ARES;SSA - LUTY LOG;;BA;11/09/2026 15:00:00;Retornado;BA;Salvador;BAHIA SSA GABINETE DO SECRETARIO;21/09/2026 16:57:51
566263;0741700579;ARES;SSA - LUTY LOG;;BA;11/09/2026 15:00:00;Retornado;BA;Salvador;BAHIA SSA GABINETE DO SECRETARIO;21/09/2026 16:47:13
566263;0741700583;ARES;SSA - LUTY LOG;;BA;11/09/2026 15:00:00;Retornado;BA;Salvador;BAHIA SSA GABINETE DO SECRETARIO;21/09/2026 16:52:34
566263;0741700587;ARES;SSA - LUTY LOG;;BA;11/09/2026 15:00:00;Retornado;BA;Salvador;BAHIA SSA GABINETE DO SECRETARIO;21/09/2026 16:50:19
566263;0741700588;ARES;SSA - LUTY LOG;;BA;11/09/2026 15:00:00;Retornado;BA;Salvador;BAHIA SSA GABINETE DO SECRETARIO;21/09/2026 17:00:11
566263;0741700590;ARES;SSA - LUTY LOG;;BA;11/09/2026 15:00:00;Retornado;BA;Salvador;BAHIA SSA GABINETE DO SECRETARIO;21/09/2026 16:48:08
566263;0741700605;ARES;SSA - LUTY LOG;;BA;11/09/2026 15:00:00;Retornado;BA;Salvador;BAHIA SSA GABINETE DO SECRETARIO;21/09/2026 16:58:13
566263;0741700617;ARES;SSA - LUTY LOG;;BA;11/09/2026 15:00:00;Retornado;BA;Salvador;BAHIA SSA GABINETE DO SECRETARIO;21/09/2026 16:57:38
566263;0741700619;ARES;SSA - LUTY LOG;;BA;11/09/2026 15:00:00;Retornado;BA;Salvador;BAHIA SSA GABINETE DO SECRETARIO;21/09/2026 16:58:36
567271;0741700631;ARES;CWB - TGEX TRANSPORTES E LOCACAO DE VEIC;;PR;11/09/2026 15:00:00;Retornado;PR;Sao Jose dos Pinhais;FUNDO EST SAUDE PARANA;16/09/2026 17:21:15
566263;0741700637;ARES;SSA - LUTY LOG;;BA;11/09/2026 15:00:00;Retornado;BA;Salvador;BAHIA SSA GABINETE DO SECRETARIO;21/09/2026 16:48:12
566263;0741700638;ARES;SSA - LUTY LOG;;BA;11/09/2026 15:00:00;Retornado;BA;Salvador;BAHIA SSA GABINETE DO SECRETARIO;21/09/2026 16:57:26
566263;0741700642;ARES;SSA - LUTY LOG;;BA;11/09/2026 15:00:00;Retornado;BA;Salvador;BAHIA SSA GABINETE DO SECRETARIO;21/09/2026 16:48:54
566263;0741700651;ARES;SSA - LUTY LOG;;BA;11/09/2026 15:00:00;Retornado;BA;Salvador;BAHIA SSA GABINETE DO SECRETARIO;21/09/2026 16:36:17
566263;0741700657;ARES;SSA - LUTY LOG;;BA;11/09/2026 15:00:00;Retornado;BA;Salvador;BAHIA SSA GABINETE DO SECRETARIO;21/09/2026 16:47:45
567271;0741700672;ARES;CWB - TGEX TRANSPORTES E LOCACAO DE VEIC;;PR;11/09/2026 15:00:00;Retornado;PR;Sao Jose dos Pinhais;FUNDO EST SAUDE PARANA;16/09/2026 17:17:36
566263;0741700679;ARES;SSA - LUTY LOG;;BA;11/09/2026 15:00:00;Retornado;BA;Salvador;BAHIA SSA GABINETE DO SECRETARIO;21/09/2026 16:58:00
566263;0741700685;ARES;SSA - LUTY LOG;;BA;11/09/2026 15:00:00;Retornado;BA;Salvador;BAHIA SSA GABINETE DO SECRETARIO;21/09/2026 16:38:33
566263;0741700699;ARES;SSA - LUTY LOG;;BA;11/09/2026 15:00:00;Retornado;BA;Salvador;BAHIA SSA GABINETE DO SECRETARIO;21/09/2026 16:32:10
566263;0741700702;ARES;SSA - LUTY LOG;;BA;11/09/2026 15:00:00;Retornado;BA;Salvador;BAHIA SSA GABINETE DO SECRETARIO;21/09/2026 16:31:27
566263;0741700711;ARES;SSA - LUTY LOG;;BA;11/09/2026 15:00:00;Retornado;BA;Salvador;BAHIA SSA GABINETE DO SECRETARIO;21/09/2026 16:53:56
566744;0741700728;ARES;SSA - LUTY LOG;;BA;11/09/2026 15:00:00;Retornado;BA;Salvador;BAHIA SSA GABINETE DO SECRETARIO;21/09/2026 16:38:16
566263;0741700732;ARES;SSA - LUTY LOG;;BA;11/09/2026 15:00:00;Retornado;BA;Salvador;BAHIA SSA GABINETE DO SECRETARIO;21/09/2026 16:32:37
566263;0741700755;ARES;SSA - LUTY LOG;;BA;11/09/2026 15:00:00;Retornado;BA;Salvador;BAHIA SSA GABINETE DO SECRETARIO;21/09/2026 16:50:06
566263;0741700764;ARES;SSA - LUTY LOG;;BA;11/09/2026 15:00:00;Retornado;BA;Salvador;BAHIA SSA GABINETE DO SECRETARIO;21/09/2026 16:52:18
566263;0741700774;ARES;SSA - LUTY LOG;;BA;11/09/2026 15:00:00;Retornado;BA;Salvador;BAHIA SSA GABINETE DO SECRETARIO;21/09/2026 16:32:18
566744;0741700778;ARES;SSA - LUTY LOG;;BA;11/09/2026 15:00:00;Retornado;BA;Salvador;BAHIA SSA GABINETE DO SECRETARIO;21/09/2026 16:49:25
566263;0741700814;ARES;SSA - LUTY LOG;;BA;11/09/2026 15:00:00;Retornado;BA;Salvador;BAHIA SSA GABINETE DO SECRETARIO;21/09/2026 16:49:09
566979;0741700826;ARES;PVH - RODOTEC;;RO;11/09/2026 15:00:00;Pendente de Retorno;RO;Porto Velho;ALMOXARIFADO ESTADUAL DE MEDICAMENTOS - RONDÔNIA;11/09/2026 15:00:00
566263;0741700828;ARES;SSA - LUTY LOG;;BA;11/09/2026 15:00:00;Retornado;BA;Salvador;BAHIA SSA GABINETE DO SECRETARIO;21/09/2026 16:59:09
566263;0741700838;ARES;SSA - LUTY LOG;;BA;11/09/2026 15:00:00;Retornado;BA;Salvador;BAHIA SSA GABINETE DO SECRETARIO;21/09/2026 16:57:14
566263;0741700842;ARES;SSA - LUTY LOG;;BA;11/09/2026 15:00:00;Retornado;BA;Salvador;BAHIA SSA GABINETE DO SECRETARIO;21/09/2026 16:47:12
566263;0741700845;ARES;SSA - LUTY LOG;;BA;11/09/2026 15:00:00;Retornado;BA;Salvador;BAHIA SSA GABINETE DO SECRETARIO;21/09/2026 16:58:23
567271;0741700866;ARES;CWB - TGEX TRANSPORTES E LOCACAO DE VEIC;;PR;11/09/2026 15:00:00;Retornado;PR;Sao Jose dos Pinhais;FUNDO EST SAUDE PARANA;18/09/2026 14:16:57
566907;0741700896;ARES;PVH - RODOTEC;;RO;11/09/2026 15:00:00;Pendente de Retorno;RO;Porto Velho;ALMOXARIFADO ESTADUAL DE MEDICAMENTOS - RONDÔNIA;11/09/2026 15:00:00
566907;0741700903;ARES;PVH - RODOTEC;;RO;11/09/2026 15:00:00;Pendente de Retorno;RO;Porto Velho;ALMOXARIFADO ESTADUAL DE MEDICAMENTOS - RONDÔNIA;11/09/2026 15:00:00
566263;0741700906;ARES;SSA - LUTY LOG;;BA;11/09/2026 15:00:00;Retornado;BA;Salvador;BAHIA SSA GABINETE DO SECRETARIO;21/09/2026 16:59:45
566263;0741700912;ARES;SSA - LUTY LOG;;BA;11/09/2026 15:00:00;Retornado;BA;Salvador;BAHIA SSA GABINETE DO SECRETARIO;21/09/2026 16:57:23
566907;0741700916;ARES;PVH - RODOTEC;;RO;11/09/2026 15:00:00;Pendente de Retorno;RO;Porto Velho;ALMOXARIFADO ESTADUAL DE MEDICAMENTOS - RONDÔNIA;11/09/2026 15:00:00
566263;0741700933;ARES;SSA - LUTY LOG;;BA;11/09/2026 15:00:00;Retornado;BA;Salvador;BAHIA SSA GABINETE DO SECRETARIO;21/09/2026 16:32:01
566263;0741700939;ARES;SSA - LUTY LOG;;BA;11/09/2026 15:00:00;Retornado;BA;Salvador;BAHIA SSA GABINETE DO SECRETARIO;21/09/2026 16:32:23
566263;0741700961;ARES;SSA - LUTY LOG;;BA;11/09/2026 15:00:00;Retornado;BA;Salvador;BAHIA SSA GABINETE DO SECRETARIO;21/09/2026 16:53:01
566744;0741700962;ARES;SSA - LUTY LOG;;BA;11/09/2026 15:00:00;Retornado;BA;Salvador;BAHIA SSA GABINETE DO SECRETARIO;21/09/2026 16:32:47
566263;0741700985;ARES;SSA - LUTY LOG;;BA;11/09/2026 15:00:00;Retornado;BA;Salvador;BAHIA SSA GABINETE DO SECRETARIO;21/09/2026 16:31:30
567271;0741700989;ARES;CWB - TGEX TRANSPORTES E LOCACAO DE VEIC;;PR;11/09/2026 15:00:00;Retornado;PR;Sao Jose dos Pinhais;FUNDO EST SAUDE PARANA;21/09/2026 09:06:26
567271;0741700993;ARES;CWB - TGEX TRANSPORTES E LOCACAO DE VEIC;;PR;11/09/2026 15:00:00;Retornado;PR;Sao Jose dos Pinhais;FUNDO EST SAUDE PARANA;21/09/2026 16:50:39
566263;0741700994;ARES;SSA - LUTY LOG;;BA;11/09/2026 15:00:00;Retornado;BA;Salvador;BAHIA SSA GABINETE DO SECRETARIO;21/09/2026 16:47:59
567271;A1391;ARES;CWB - TGEX TRANSPORTES E LOCACAO DE VEIC;;PR;11/09/2026 15:00:00;Pendente de Retorno;PR;Sao Jose dos Pinhais;FUNDO EST SAUDE PARANA;21/07/2026 00:05:10
566263;A1609;ARES;SSA - LUTY LOG;;BA;11/09/2026 15:00:00;Pendente de Retorno;BA;Salvador;BAHIA SSA GABINETE DO SECRETARIO;20/07/2026 11:23:37
567271;A2715;ARES;CWB - TGEX TRANSPORTES E LOCACAO DE VEIC;;PR;11/09/2026 15:00:00;Pendente de Retorno;PR;Sao Jose dos Pinhais;FUNDO EST SAUDE PARANA;17/07/2026 08:38:27
566263;A2981;ARES;SSA - LUTY LOG;;BA;11/09/2026 15:00:00;Pendente de Retorno;BA;Salvador;BAHIA SSA GABINETE DO SECRETARIO;18/07/2026 07:57:26
566263;A3432;ARES;SSA - LUTY LOG;;BA;11/09/2026 15:00:00;Pendente de Retorno;BA;Salvador;BAHIA SSA GABINETE DO SECRETARIO;17/07/2026 08:43:56
566263;A3628;ARES;SSA - LUTY LOG;;BA;11/09/2026 15:00:00;Pendente de Retorno;BA;Salvador;BAHIA SSA GABINETE DO SECRETARIO;21/07/2026 17:23:32
566263;A3639;ARES;SSA - LUTY LOG;;BA;11/09/2026 15:00:00;Pendente de Retorno;BA;Salvador;BAHIA SSA GABINETE DO SECRETARIO;10/07/2026 17:16:22
567271;A3705;ARES;CWB - TGEX TRANSPORTES E LOCACAO DE VEIC;;PR;11/09/2026 15:00:00;Pendente de Retorno;PR;Sao Jose dos Pinhais;FUNDO EST SAUDE PARANA;17/07/2026 08:22:42
566263;A3792;ARES;SSA - LUTY LOG;;BA;11/09/2026 15:00:00;Pendente de Retorno;BA;Salvador;BAHIA SSA GABINETE DO SECRETARIO;21/07/2026 00:10:29
566263;A4182;ARES;SSA - LUTY LOG;;BA;11/09/2026 15:00:00;Pendente de Retorno;BA;Salvador;BAHIA SSA GABINETE DO SECRETARIO;13/07/2026 16:47:51
566263;A4723;ARES;SSA - LUTY LOG;;BA;11/09/2026 15:00:00;Pendente de Retorno;BA;Salvador;BAHIA SSA GABINETE DO SECRETARIO;08/07/2026 11:30:14
567220;A4912;ARES;PMW - MK BILLIG TRANSPORTES E LOGISTICA EIRELLI;;TO;11/09/2026 15:00:00;Pendente de Retorno;TO;Palmas;LABORATÓRIO DE SAÚDE PÚBLICA DE ARAGUAÍNA (LSPA);10/07/2026 07:57:32
566263;A5414;ARES;SSA - LUTY LOG;;BA;11/09/2026 15:00:00;Pendente de Retorno;BA;Salvador;BAHIA SSA GABINETE DO SECRETARIO;21/07/2026 17:24:11
566263;A5456;ARES;SSA - LUTY LOG;;BA;11/09/2026 15:00:00;Pendente de Retorno;BA;Salvador;BAHIA SSA GABINETE DO SECRETARIO;27/07/2026 15:21:13
566744;A6012;ARES;SSA - LUTY LOG;;BA;11/09/2026 15:00:00;Pendente de Retorno;BA;Salvador;BAHIA SSA GABINETE DO SECRETARIO;27/07/2026 17:20:27
566263;A6184;ARES;SSA - LUTY LOG;;BA;11/09/2026 15:00:00;Pendente de Retorno;BA;Salvador;BAHIA SSA GABINETE DO SECRETARIO;22/07/2026 08:58:16
567271;A6334;ARES;CWB - TGEX TRANSPORTES E LOCACAO DE VEIC;;PR;11/09/2026 15:00:00;Pendente de Retorno;PR;Sao Jose dos Pinhais;FUNDO EST SAUDE PARANA;20/07/2026 11:35:42
566263;A6596;ARES;SSA - LUTY LOG;;BA;11/09/2026 15:00:00;Retornado;BA;Salvador;BAHIA SSA GABINETE DO SECRETARIO;21/09/2026 16:50:29
566263;A6994;ARES;SSA - LUTY LOG;;BA;11/09/2026 15:00:00;Pendente de Retorno;BA;Salvador;BAHIA SSA GABINETE DO SECRETARIO;26/07/2026 20:51:17
567968;A7383;ARES;VTCLOG - GRU;;SP;11/09/2026 15:00:00;Pendente de Retorno;SP;SAO PAULO;HOSPITAL SANTA MARCELINA;09/07/2026 21:56:56
566263;A7399;ARES;SSA - LUTY LOG;;BA;11/09/2026 15:00:00;Pendente de Retorno;BA;Salvador;BAHIA SSA GABINETE DO SECRETARIO;22/07/2026 12:21:19
566263;A7433;ARES;SSA - LUTY LOG;;BA;11/09/2026 15:00:00;Pendente de Retorno;BA;Salvador;BAHIA SSA GABINETE DO SECRETARIO;20/07/2026 11:35:24
566263;A7648;ARES;SSA - LUTY LOG;;BA;11/09/2026 15:00:00;Pendente de Retorno;BA;Salvador;BAHIA SSA GABINETE DO SECRETARIO;22/07/2026 23:49:04
566263;A7690;ARES;SSA - LUTY LOG;;BA;11/09/2026 15:00:00;Pendente de Retorno;BA;Salvador;BAHIA SSA GABINETE DO SECRETARIO;30/06/2026 07:27:39
567960;A8169;ARES;MCZ - MCZ EXPRESS SERVICE LTDA;;AL;11/09/2026 15:00:00;Pendente de Retorno;AL;Maceio;HOSPITAL ESCOLA DR. HÉLVIO DE FARIAS AUTO;13/07/2026 16:35:39
566263;A8335;ARES;SSA - LUTY LOG;;BA;11/09/2026 15:00:00;Pendente de Retorno;BA;Salvador;BAHIA SSA GABINETE DO SECRETARIO;17/07/2026 07:35:04
567271;A8356;ARES;CWB - TGEX TRANSPORTES E LOCACAO DE VEIC;;PR;11/09/2026 15:00:00;Pendente de Retorno;PR;Sao Jose dos Pinhais;FUNDO EST SAUDE PARANA;23/07/2026 20:46:35
566263;A9002;ARES;SSA - LUTY LOG;;BA;11/09/2026 15:00:00;Pendente de Retorno;BA;Salvador;BAHIA SSA GABINETE DO SECRETARIO;18/07/2026 10:21:17
566263;A9075;ARES;SSA - LUTY LOG;;BA;11/09/2026 15:00:00;Pendente de Retorno;BA;Salvador;BAHIA SSA GABINETE DO SECRETARIO;15/07/2026 10:08:53
567271;A9232;ARES;CWB - TGEX TRANSPORTES E LOCACAO DE VEIC;;PR;11/09/2026 15:00:00;Pendente de Retorno;PR;Sao Jose dos Pinhais;FUNDO EST SAUDE PARANA;23/07/2026 21:13:28
566744;A9483;ARES;SSA - LUTY LOG;;BA;11/09/2026 15:00:00;Pendente de Retorno;BA;Salvador;BAHIA SSA GABINETE DO SECRETARIO;10/07/2026 13:13:05
566263;A9547;ARES;SSA - LUTY LOG;;BA;11/09/2026 15:00:00;Pendente de Retorno;BA;Salvador;BAHIA SSA GABINETE DO SECRETARIO;22/07/2026 23:49:41
567271;TA0041;ARES;CWB - TGEX TRANSPORTES E LOCACAO DE VEIC;;PR;11/09/2026 15:00:00;Pendente de Retorno;PR;Sao Jose dos Pinhais;FUNDO EST SAUDE PARANA;25/07/2026 22:21:56
566263;TA0061;ARES;SSA - LUTY LOG;;BA;11/09/2026 15:00:00;Pendente de Retorno;BA;Salvador;BAHIA SSA GABINETE DO SECRETARIO;20/07/2026 11:25:44
566263;TA0088;ARES;SSA - LUTY LOG;;BA;11/09/2026 15:00:00;Pendente de Retorno;BA;Salvador;BAHIA SSA GABINETE DO SECRETARIO;27/07/2026 17:17:04
566744;TA0146;ARES;SSA - LUTY LOG;;BA;11/09/2026 15:00:00;Pendente de Retorno;BA;Salvador;BAHIA SSA GABINETE DO SECRETARIO;27/07/2026 17:10:02
566757;TA0283;ARES;CGB - JR TRANSPORTES;;MT;11/09/2026 15:00:00;Pendente de Retorno;MT;Cuiaba;SECRETARIA DE ESTADO DE SAUDE DE MA GROSSO - SES;20/06/2026 09:51:07
566263;TA0744;ARES;SSA - LUTY LOG;;BA;11/09/2026 15:00:00;Pendente de Retorno;BA;Salvador;BAHIA SSA GABINETE DO SECRETARIO;27/07/2026 16:42:56
566263;TA0920;ARES;SSA - LUTY LOG;;BA;11/09/2026 15:00:00;Pendente de Retorno;BA;Salvador;BAHIA SSA GABINETE DO SECRETARIO;21/07/2026 17:31:19
566263;TA0956;ARES;SSA - LUTY LOG;;BA;11/09/2026 15:00:00;Pendente de Retorno;BA;Salvador;BAHIA SSA GABINETE DO SECRETARIO;22/06/2026 14:26:12
567271;TA0992;ARES;CWB - TGEX TRANSPORTES E LOCACAO DE VEIC;;PR;11/09/2026 15:00:00;Pendente de Retorno;PR;Sao Jose dos Pinhais;FUNDO EST SAUDE PARANA;20/07/2026 15:12:07
566788;0741700837;ARES;AJU - CASSIMIRO TRANSPORTES;;SE;11/09/2026 14:59:56;Retornado;SE;Aracaju;ALMOXARIFADO ESTADUAL DE MEDICAMENTOS - SERGIPE;21/09/2026 14:54:27
566479;0741700574;ARES;CGB - JR TRANSPORTES;;MT;11/09/2026 14:58:00;Retornado;MT;Cuiaba;SECRETARIA DE ESTADO DE SAUDE DE MA GROSSO - SES;14/09/2026 10:03:07
566479;A6056;ARES;CGB - JR TRANSPORTES;;MT;11/09/2026 14:58:00;Pendente de Retorno;MT;Cuiaba;SECRETARIA DE ESTADO DE SAUDE DE MA GROSSO - SES;27/07/2026 00:15:11
566479;A7489;ARES;CGB - JR TRANSPORTES;;MT;11/09/2026 14:58:00;Pendente de Retorno;MT;Cuiaba;SECRETARIA DE ESTADO DE SAUDE DE MA GROSSO - SES;30/06/2026 07:26:14
567862;TA0957;ARES;PMW - MK BILLIG TRANSPORTES E LOGISTICA EIRELLI;;TO;11/09/2026 14:52:00;Pendente de Retorno;TO;Araguaina;HOSPITAL DE DOENÇAS TROPICAIS;27/07/2026 00:18:45
567967;A8533;ARES;VTCLOG - REC;;PE;11/09/2026 14:45:10;Pendente de Retorno;PE;RECIFE;HOSPITAL PORTUGUES;21/07/2026 17:23:55
567890;A9180;ARES;CGR - LH TRANSPORTES;;MS;11/09/2026 14:45:00;Pendente de Retorno;MS;Campo Grande;CECILIA LEAL TRENTIN SEI;30/06/2026 08:29:51
566483;0741700304;ARES;BEL - MH FROTA TRANSPORTE;;PA;11/09/2026 14:43:43;Retornado;PA;Ananindeua;SEC DE ESTADO DE SAUDE PULB DO PARA;16/09/2026 13:27:55
566483;0741700391;ARES;BEL - MH FROTA TRANSPORTE;;PA;11/09/2026 14:43:43;Retornado;PA;Ananindeua;SEC DE ESTADO DE SAUDE PULB DO PARA;16/09/2026 17:10:35
566483;0741700413;ARES;BEL - MH FROTA TRANSPORTE;;PA;11/09/2026 14:43:43;Retornado;PA;Ananindeua;SEC DE ESTADO DE SAUDE PULB DO PARA;16/09/2026 17:14:43
565940;A0971;ARES;BEL - MH FROTA TRANSPORTE;;PA;11/09/2026 14:43:43;Pendente de Retorno;PA;Ananindeua;SEC DE ESTADO DE SAUDE PULB DO PARA;24/07/2026 15:38:28
567953;A7904;ARES;VIX - SOULOG EXPRESS;;ES;11/09/2026 14:41:00;Pendente de Retorno;ES;CACHOEIRO DE ITAPEMIRIM;HOSPITAL EVANGELICO DE CACHOEIRO DE ITAPEMIRIM;06/07/2026 10:43:31
566303;0741700189;ARES;NAT - CSM CARGO;;RN;11/09/2026 14:30:00;Retornado;RN;Natal;ALMOXARIFADO ESTADUAL DE MEDICAMENTOS;18/09/2026 15:27:00
566303;0741700269;ARES;NAT - CSM CARGO;;RN;11/09/2026 14:30:00;Retornado;RN;Natal;ALMOXARIFADO ESTADUAL DE MEDICAMENTOS;18/09/2026 15:04:32
566303;0741700274;ARES;NAT - CSM CARGO;;RN;11/09/2026 14:30:00;Retornado;RN;Natal;ALMOXARIFADO ESTADUAL DE MEDICAMENTOS;18/09/2026 15:05:28
566303;0741700339;ARES;NAT - CSM CARGO;;RN;11/09/2026 14:30:00;Retornado;RN;Natal;ALMOXARIFADO ESTADUAL DE MEDICAMENTOS;18/09/2026 15:04:15
566303;0741700384;ARES;NAT - CSM CARGO;;RN;11/09/2026 14:30:00;Retornado;RN;Natal;ALMOXARIFADO ESTADUAL DE MEDICAMENTOS;18/09/2026 15:27:03
566303;0741700414;ARES;NAT - CSM CARGO;;RN;11/09/2026 14:30:00;Retornado;RN;Natal;ALMOXARIFADO ESTADUAL DE MEDICAMENTOS;18/09/2026 15:04:11
566303;0741700434;ARES;NAT - CSM CARGO;;RN;11/09/2026 14:30:00;Retornado;RN;Natal;ALMOXARIFADO ESTADUAL DE MEDICAMENTOS;18/09/2026 15:26:40
566303;0741700452;ARES;NAT - CSM CARGO;;RN;11/09/2026 14:30:00;Retornado;RN;Natal;ALMOXARIFADO ESTADUAL DE MEDICAMENTOS;18/09/2026 14:58:58
566303;0741700459;ARES;NAT - CSM CARGO;;RN;11/09/2026 14:30:00;Retornado;RN;Natal;ALMOXARIFADO ESTADUAL DE MEDICAMENTOS;18/09/2026 15:05:39
566303;0741700484;ARES;NAT - CSM CARGO;;RN;11/09/2026 14:30:00;Retornado;RN;Natal;ALMOXARIFADO ESTADUAL DE MEDICAMENTOS;18/09/2026 15:26:46
566303;0741700578;ARES;NAT - CSM CARGO;;RN;11/09/2026 14:30:00;Retornado;RN;Natal;ALMOXARIFADO ESTADUAL DE MEDICAMENTOS;18/09/2026 14:58:34
566303;0741700582;ARES;NAT - CSM CARGO;;RN;11/09/2026 14:30:00;Retornado;RN;Natal;ALMOXARIFADO ESTADUAL DE MEDICAMENTOS;18/09/2026 15:04:44
566303;0741700612;ARES;NAT - CSM CARGO;;RN;11/09/2026 14:30:00;Retornado;RN;Natal;ALMOXARIFADO ESTADUAL DE MEDICAMENTOS;18/09/2026 14:58:55
566303;0741700622;ARES;NAT - CSM CARGO;;RN;11/09/2026 14:30:00;Retornado;RN;Natal;ALMOXARIFADO ESTADUAL DE MEDICAMENTOS;18/09/2026 15:04:56
566303;0741700652;ARES;NAT - CSM CARGO;;RN;11/09/2026 14:30:00;Retornado;RN;Natal;ALMOXARIFADO ESTADUAL DE MEDICAMENTOS;18/09/2026 14:58:48
566303;0741700660;ARES;NAT - CSM CARGO;;RN;11/09/2026 14:30:00;Retornado;RN;Natal;ALMOXARIFADO ESTADUAL DE MEDICAMENTOS;18/09/2026 15:03:39
566303;0741700692;ARES;NAT - CSM CARGO;;RN;11/09/2026 14:30:00;Retornado;RN;Natal;ALMOXARIFADO ESTADUAL DE MEDICAMENTOS;18/09/2026 15:21:09
566303;0741700733;ARES;NAT - CSM CARGO;;RN;11/09/2026 14:30:00;Retornado;RN;Natal;ALMOXARIFADO ESTADUAL DE MEDICAMENTOS;18/09/2026 15:25:42
566303;0741700754;ARES;NAT - CSM CARGO;;RN;11/09/2026 14:30:00;Retornado;RN;Natal;ALMOXARIFADO ESTADUAL DE MEDICAMENTOS;18/09/2026 15:05:18
566303;0741700781;ARES;NAT - CSM CARGO;;RN;11/09/2026 14:30:00;Retornado;RN;Natal;ALMOXARIFADO ESTADUAL DE MEDICAMENTOS;18/09/2026 15:05:07
566303;0741700784;ARES;NAT - CSM CARGO;;RN;11/09/2026 14:30:00;Retornado;RN;Natal;ALMOXARIFADO ESTADUAL DE MEDICAMENTOS;18/09/2026 14:57:07
566303;0741700857;ARES;NAT - CSM CARGO;;RN;11/09/2026 14:30:00;Retornado;RN;Natal;ALMOXARIFADO ESTADUAL DE MEDICAMENTOS;18/09/2026 15:20:52
566303;0741700877;ARES;NAT - CSM CARGO;;RN;11/09/2026 14:30:00;Retornado;RN;Natal;ALMOXARIFADO ESTADUAL DE MEDICAMENTOS;18/09/2026 14:58:41
566303;0741700884;ARES;NAT - CSM CARGO;;RN;11/09/2026 14:30:00;Retornado;RN;Natal;ALMOXARIFADO ESTADUAL DE MEDICAMENTOS;18/09/2026 15:03:42
566303;0741700963;ARES;NAT - CSM CARGO;;RN;11/09/2026 14:30:00;Retornado;RN;Natal;ALMOXARIFADO ESTADUAL DE MEDICAMENTOS;18/09/2026 15:26:49
566303;A0212;ARES;NAT - CSM CARGO;;RN;11/09/2026 14:30:00;Pendente de Retorno;RN;Natal;ALMOXARIFADO ESTADUAL DE MEDICAMENTOS;02/07/2026 16:49:19
566303;A1094;ARES;NAT - CSM CARGO;;RN;11/09/2026 14:30:00;Pendente de Retorno;RN;Natal;ALMOXARIFADO ESTADUAL DE MEDICAMENTOS;21/07/2026 17:25:47
566303;A1846;ARES;NAT - CSM CARGO;;RN;11/09/2026 14:30:00;Pendente de Retorno;RN;Natal;ALMOXARIFADO ESTADUAL DE MEDICAMENTOS;20/07/2026 11:25:05
566303;A2139;ARES;NAT - CSM CARGO;;RN;11/09/2026 14:30:00;Pendente de Retorno;RN;Natal;ALMOXARIFADO ESTADUAL DE MEDICAMENTOS;30/06/2026 08:20:10
566303;A2469;ARES;NAT - CSM CARGO;;RN;11/09/2026 14:30:00;Pendente de Retorno;RN;Natal;ALMOXARIFADO ESTADUAL DE MEDICAMENTOS;09/07/2026 09:00:32
566303;A2656;ARES;NAT - CSM CARGO;;RN;11/09/2026 14:30:00;Pendente de Retorno;RN;Natal;ALMOXARIFADO ESTADUAL DE MEDICAMENTOS;13/07/2026 16:43:28
566303;A2735;ARES;NAT - CSM CARGO;;RN;11/09/2026 14:30:00;Pendente de Retorno;RN;Natal;ALMOXARIFADO ESTADUAL DE MEDICAMENTOS;21/07/2026 17:20:25
566303;A3072;ARES;NAT - CSM CARGO;;RN;11/09/2026 14:30:00;Pendente de Retorno;RN;Natal;ALMOXARIFADO ESTADUAL DE MEDICAMENTOS;27/07/2026 00:27:25
566303;A3215;ARES;NAT - CSM CARGO;;RN;11/09/2026 14:30:00;Pendente de Retorno;RN;Natal;ALMOXARIFADO ESTADUAL DE MEDICAMENTOS;17/07/2026 07:32:51
566303;A3276;ARES;NAT - CSM CARGO;;RN;11/09/2026 14:30:00;Pendente de Retorno;RN;Natal;ALMOXARIFADO ESTADUAL DE MEDICAMENTOS;15/07/2026 08:17:38
566303;A3327;ARES;NAT - CSM CARGO;;RN;11/09/2026 14:30:00;Pendente de Retorno;RN;Natal;ALMOXARIFADO ESTADUAL DE MEDICAMENTOS;09/07/2026 15:32:16
566303;A3358;ARES;NAT - CSM CARGO;;RN;11/09/2026 14:30:00;Pendente de Retorno;RN;Natal;ALMOXARIFADO ESTADUAL DE MEDICAMENTOS;12/07/2026 21:36:19
566303;A4111;ARES;NAT - CSM CARGO;;RN;11/09/2026 14:30:00;Pendente de Retorno;RN;Natal;ALMOXARIFADO ESTADUAL DE MEDICAMENTOS;28/07/2026 03:05:49
566303;A4141;ARES;NAT - CSM CARGO;;RN;11/09/2026 14:30:00;Retornado;RN;Natal;ALMOXARIFADO ESTADUAL DE MEDICAMENTOS;18/09/2026 15:21:16
566303;A4198;ARES;NAT - CSM CARGO;;RN;11/09/2026 14:30:00;Pendente de Retorno;RN;Natal;ALMOXARIFADO ESTADUAL DE MEDICAMENTOS;21/07/2026 17:15:26
566303;A4439;ARES;NAT - CSM CARGO;;RN;11/09/2026 14:30:00;Pendente de Retorno;RN;Natal;ALMOXARIFADO ESTADUAL DE MEDICAMENTOS;02/07/2026 17:39:40
566303;A4446;ARES;NAT - CSM CARGO;;RN;11/09/2026 14:30:00;Pendente de Retorno;RN;Natal;ALMOXARIFADO ESTADUAL DE MEDICAMENTOS;27/06/2026 15:15:13
566303;A4555;ARES;NAT - CSM CARGO;;RN;11/09/2026 14:30:00;Pendente de Retorno;RN;Natal;ALMOXARIFADO ESTADUAL DE MEDICAMENTOS;25/07/2026 21:26:36
566303;A4585;ARES;NAT - CSM CARGO;;RN;11/09/2026 14:30:00;Pendente de Retorno;RN;Natal;ALMOXARIFADO ESTADUAL DE MEDICAMENTOS;25/07/2026 21:28:27
566303;A5080;ARES;NAT - CSM CARGO;;RN;11/09/2026 14:30:00;Pendente de Retorno;RN;Natal;ALMOXARIFADO ESTADUAL DE MEDICAMENTOS;27/07/2026 00:14:54
566303;A5300;ARES;NAT - CSM CARGO;;RN;11/09/2026 14:30:00;Pendente de Retorno;RN;Natal;ALMOXARIFADO ESTADUAL DE MEDICAMENTOS;18/07/2026 10:13:21
566303;A5424;ARES;NAT - CSM CARGO;;RN;11/09/2026 14:30:00;Pendente de Retorno;RN;Natal;ALMOXARIFADO ESTADUAL DE MEDICAMENTOS;30/06/2026 08:54:52
566303;A5451;ARES;NAT - CSM CARGO;;RN;11/09/2026 14:30:00;Pendente de Retorno;RN;Natal;ALMOXARIFADO ESTADUAL DE MEDICAMENTOS;27/07/2026 00:19:47
566303;A5715;ARES;NAT - CSM CARGO;;RN;11/09/2026 14:30:00;Pendente de Retorno;RN;Natal;ALMOXARIFADO ESTADUAL DE MEDICAMENTOS;30/06/2026 08:35:07
566303;A6000;ARES;NAT - CSM CARGO;;RN;11/09/2026 14:30:00;Pendente de Retorno;RN;Natal;ALMOXARIFADO ESTADUAL DE MEDICAMENTOS;21/07/2026 17:19:28
566303;A6068;ARES;NAT - CSM CARGO;;RN;11/09/2026 14:30:00;Pendente de Retorno;RN;Natal;ALMOXARIFADO ESTADUAL DE MEDICAMENTOS;29/06/2026 16:55:34
566303;A6114;ARES;NAT - CSM CARGO;;RN;11/09/2026 14:30:00;Pendente de Retorno;RN;Natal;ALMOXARIFADO ESTADUAL DE MEDICAMENTOS;13/07/2026 16:29:04
566303;A6217;ARES;NAT - CSM CARGO;;RN;11/09/2026 14:30:00;Pendente de Retorno;RN;Natal;ALMOXARIFADO ESTADUAL DE MEDICAMENTOS;27/07/2026 17:17:16
566303;A6355;ARES;NAT - CSM CARGO;;RN;11/09/2026 14:30:00;Pendente de Retorno;RN;Natal;ALMOXARIFADO ESTADUAL DE MEDICAMENTOS;27/07/2026 17:17:39
566303;A6617;ARES;NAT - CSM CARGO;;RN;11/09/2026 14:30:00;Pendente de Retorno;RN;Natal;ALMOXARIFADO ESTADUAL DE MEDICAMENTOS;21/07/2026 17:42:46
566303;A6716;ARES;NAT - CSM CARGO;;RN;11/09/2026 14:30:00;Pendente de Retorno;RN;Natal;ALMOXARIFADO ESTADUAL DE MEDICAMENTOS;21/07/2026 17:43:59
566303;A6856;ARES;NAT - CSM CARGO;;RN;11/09/2026 14:30:00;Pendente de Retorno;RN;Natal;ALMOXARIFADO ESTADUAL DE MEDICAMENTOS;13/07/2026 16:25:10
566303;A7107;ARES;NAT - CSM CARGO;;RN;11/09/2026 14:30:00;Pendente de Retorno;RN;Natal;ALMOXARIFADO ESTADUAL DE MEDICAMENTOS;29/06/2026 13:39:07
566303;A7259;ARES;NAT - CSM CARGO;;RN;11/09/2026 14:30:00;Pendente de Retorno;RN;Natal;ALMOXARIFADO ESTADUAL DE MEDICAMENTOS;08/07/2026 11:30:15
566303;A7312;ARES;NAT - CSM CARGO;;RN;11/09/2026 14:30:00;Pendente de Retorno;RN;Natal;ALMOXARIFADO ESTADUAL DE MEDICAMENTOS;17/07/2026 08:29:22
566303;A7323;ARES;NAT - CSM CARGO;;RN;11/09/2026 14:30:00;Pendente de Retorno;RN;Natal;ALMOXARIFADO ESTADUAL DE MEDICAMENTOS;13/07/2026 16:25:48
566303;A7451;ARES;NAT - CSM CARGO;;RN;11/09/2026 14:30:00;Pendente de Retorno;RN;Natal;ALMOXARIFADO ESTADUAL DE MEDICAMENTOS;18/07/2026 11:44:59
566303;A7997;ARES;NAT - CSM CARGO;;RN;11/09/2026 14:30:00;Pendente de Retorno;RN;Natal;ALMOXARIFADO ESTADUAL DE MEDICAMENTOS;21/07/2026 17:16:23
566303;A8164;ARES;NAT - CSM CARGO;;RN;11/09/2026 14:30:00;Pendente de Retorno;RN;Natal;ALMOXARIFADO ESTADUAL DE MEDICAMENTOS;13/07/2026 16:41:35
566303;A8401;ARES;NAT - CSM CARGO;;RN;11/09/2026 14:30:00;Pendente de Retorno;RN;Natal;ALMOXARIFADO ESTADUAL DE MEDICAMENTOS;21/07/2026 17:24:42
566303;A8593;ARES;NAT - CSM CARGO;;RN;11/09/2026 14:30:00;Pendente de Retorno;RN;Natal;ALMOXARIFADO ESTADUAL DE MEDICAMENTOS;30/06/2026 08:47:27
566303;A8735;ARES;NAT - CSM CARGO;;RN;11/09/2026 14:30:00;Pendente de Retorno;RN;Natal;ALMOXARIFADO ESTADUAL DE MEDICAMENTOS;26/07/2026 22:20:31
566303;A9112;ARES;NAT - CSM CARGO;;RN;11/09/2026 14:30:00;Pendente de Retorno;RN;Natal;ALMOXARIFADO ESTADUAL DE MEDICAMENTOS;01/07/2026 08:24:41
566303;A9262;ARES;NAT - CSM CARGO;;RN;11/09/2026 14:30:00;Retornado;RN;Natal;ALMOXARIFADO ESTADUAL DE MEDICAMENTOS;18/09/2026 14:57:28
566303;A9401;ARES;NAT - CSM CARGO;;RN;11/09/2026 14:30:00;Pendente de Retorno;RN;Natal;ALMOXARIFADO ESTADUAL DE MEDICAMENTOS;21/07/2026 17:19:02
566303;TA0505;ARES;NAT - CSM CARGO;;RN;11/09/2026 14:30:00;Pendente de Retorno;RN;Natal;ALMOXARIFADO ESTADUAL DE MEDICAMENTOS;27/07/2026 10:02:55
566303;TA0509;ARES;NAT - CSM CARGO;;RN;11/09/2026 14:30:00;Pendente de Retorno;RN;Natal;ALMOXARIFADO ESTADUAL DE MEDICAMENTOS;23/07/2026 21:14:47
566303;TA0683;ARES;NAT - CSM CARGO;;RN;11/09/2026 14:30:00;Retornado;RN;Natal;ALMOXARIFADO ESTADUAL DE MEDICAMENTOS;18/09/2026 15:19:56
566303;TA0770;ARES;NAT - CSM CARGO;;RN;11/09/2026 14:30:00;Pendente de Retorno;RN;Natal;ALMOXARIFADO ESTADUAL DE MEDICAMENTOS;21/07/2026 17:24:28
566303;TA1064;ARES;NAT - CSM CARGO;;RN;11/09/2026 14:30:00;Pendente de Retorno;RN;Natal;ALMOXARIFADO ESTADUAL DE MEDICAMENTOS;14/07/2026 14:35:31
566303;TA1176;ARES;NAT - CSM CARGO;;RN;11/09/2026 14:30:00;Pendente de Retorno;RN;Natal;ALMOXARIFADO ESTADUAL DE MEDICAMENTOS;22/07/2026 21:46:09
567938;A6201;ARES;GYN - RBR EXPERIENCIA EM TRANSPORTES;;GO;11/09/2026 14:06:00;Pendente de Retorno;GO;Jatai;ELIAS MODESTO DOS SANTOS NETO 00737.018767/2026-28;26/07/2026 22:21:30
566286;0741700040;ARES;NAT - CSM CARGO;;RN;11/09/2026 14:00:00;Retornado;RN;Natal;ALMOXARIFADO ESTADUAL DE MEDICAMENTOS;18/09/2026 15:20:19
566286;0741700133;ARES;NAT - CSM CARGO;;RN;11/09/2026 14:00:00;Retornado;RN;Natal;ALMOXARIFADO ESTADUAL DE MEDICAMENTOS;18/09/2026 15:05:03
566286;0741700193;ARES;NAT - CSM CARGO;;RN;11/09/2026 14:00:00;Retornado;RN;Natal;ALMOXARIFADO ESTADUAL DE MEDICAMENTOS;18/09/2026 14:57:24
566286;0741700196;ARES;NAT - CSM CARGO;;RN;11/09/2026 14:00:00;Retornado;RN;Natal;ALMOXARIFADO ESTADUAL DE MEDICAMENTOS;18/09/2026 15:26:09
566286;0741700208;ARES;NAT - CSM CARGO;;RN;11/09/2026 14:00:00;Retornado;RN;Natal;ALMOXARIFADO ESTADUAL DE MEDICAMENTOS;18/09/2026 15:05:25
566286;0741700293;ARES;NAT - CSM CARGO;;RN;11/09/2026 14:00:00;Retornado;RN;Natal;ALMOXARIFADO ESTADUAL DE MEDICAMENTOS;18/09/2026 15:25:59
566286;0741700299;ARES;NAT - CSM CARGO;;RN;11/09/2026 14:00:00;Retornado;RN;Natal;ALMOXARIFADO ESTADUAL DE MEDICAMENTOS;18/09/2026 15:26:33
566286;0741700316;ARES;NAT - CSM CARGO;;RN;11/09/2026 14:00:00;Retornado;RN;Natal;ALMOXARIFADO ESTADUAL DE MEDICAMENTOS;18/09/2026 14:59:28
566286;0741700332;ARES;NAT - CSM CARGO;;RN;11/09/2026 14:00:00;Retornado;RN;Natal;ALMOXARIFADO ESTADUAL DE MEDICAMENTOS;18/09/2026 15:26:17
566286;0741700345;ARES;NAT - CSM CARGO;;RN;11/09/2026 14:00:00;Retornado;RN;Natal;ALMOXARIFADO ESTADUAL DE MEDICAMENTOS;18/09/2026 15:20:26
566286;0741700372;ARES;NAT - CSM CARGO;;RN;11/09/2026 14:00:00;Retornado;RN;Natal;ALMOXARIFADO ESTADUAL DE MEDICAMENTOS;18/09/2026 15:25:05
566286;0741700495;ARES;NAT - CSM CARGO;;RN;11/09/2026 14:00:00;Pendente de Retorno;RN;Natal;ALMOXARIFADO ESTADUAL DE MEDICAMENTOS;11/09/2026 14:00:00
566286;0741700557;ARES;NAT - CSM CARGO;;RN;11/09/2026 14:00:00;Retornado;RN;Natal;ALMOXARIFADO ESTADUAL DE MEDICAMENTOS;18/09/2026 15:04:18
566286;0741700568;ARES;NAT - CSM CARGO;;RN;11/09/2026 14:00:00;Retornado;RN;Natal;ALMOXARIFADO ESTADUAL DE MEDICAMENTOS;18/09/2026 14:58:11
566286;0741700603;ARES;NAT - CSM CARGO;;RN;11/09/2026 14:00:00;Retornado;RN;Natal;ALMOXARIFADO ESTADUAL DE MEDICAMENTOS;18/09/2026 15:26:06
566286;0741700775;ARES;NAT - CSM CARGO;;RN;11/09/2026 14:00:00;Retornado;RN;Natal;ALMOXARIFADO ESTADUAL DE MEDICAMENTOS;18/09/2026 15:03:56
566286;0741700797;ARES;NAT - CSM CARGO;;RN;11/09/2026 14:00:00;Retornado;RN;Natal;ALMOXARIFADO ESTADUAL DE MEDICAMENTOS;18/09/2026 14:57:53
566286;0741700822;ARES;NAT - CSM CARGO;;RN;11/09/2026 14:00:00;Retornado;RN;Natal;ALMOXARIFADO ESTADUAL DE MEDICAMENTOS;18/09/2026 15:25:23
566286;0741700843;ARES;NAT - CSM CARGO;;RN;11/09/2026 14:00:00;Retornado;RN;Natal;ALMOXARIFADO ESTADUAL DE MEDICAMENTOS;18/09/2026 14:57:12
566286;0741700859;ARES;NAT - CSM CARGO;;RN;11/09/2026 14:00:00;Retornado;RN;Natal;ALMOXARIFADO ESTADUAL DE MEDICAMENTOS;18/09/2026 15:26:36
566286;0741700864;ARES;NAT - CSM CARGO;;RN;11/09/2026 14:00:00;Retornado;RN;Natal;ALMOXARIFADO ESTADUAL DE MEDICAMENTOS;18/09/2026 15:26:29
566286;0741700887;ARES;NAT - CSM CARGO;;RN;11/09/2026 14:00:00;Retornado;RN;Natal;ALMOXARIFADO ESTADUAL DE MEDICAMENTOS;18/09/2026 14:58:15
566286;0741700895;ARES;NAT - CSM CARGO;;RN;11/09/2026 14:00:00;Retornado;RN;Natal;ALMOXARIFADO ESTADUAL DE MEDICAMENTOS;18/09/2026 15:04:00
566286;0741700900;ARES;NAT - CSM CARGO;;RN;11/09/2026 14:00:00;Retornado;RN;Natal;ALMOXARIFADO ESTADUAL DE MEDICAMENTOS;18/09/2026 14:58:38
566286;0741700914;ARES;NAT - CSM CARGO;;RN;11/09/2026 14:00:00;Retornado;RN;Natal;ALMOXARIFADO ESTADUAL DE MEDICAMENTOS;18/09/2026 14:57:40
566286;0741700930;ARES;NAT - CSM CARGO;;RN;11/09/2026 14:00:00;Retornado;RN;Natal;ALMOXARIFADO ESTADUAL DE MEDICAMENTOS;18/09/2026 15:04:22
566497;A5190;ARES;NAT - CSM CARGO;;RN;11/09/2026 14:00:00;Pendente de Retorno;RN;Natal;ALMOXARIFADO ESTADUAL DE MEDICAMENTOS;23/07/2026 07:42:33
566504;0741700628;ARES;MCZ - MCZ EXPRESS SERVICE LTDA;;AL;11/09/2026 13:56:07;Retornado;AL;Maceio;SECRETARIA DE ESTADO DA SAUDE;19/09/2026 14:21:09
566504;0741700630;ARES;MCZ - MCZ EXPRESS SERVICE LTDA;;AL;11/09/2026 13:56:07;Retornado;AL;Maceio;SECRETARIA DE ESTADO DA SAUDE;21/09/2026 08:54:02
566504;0741700776;ARES;MCZ - MCZ EXPRESS SERVICE LTDA;;AL;11/09/2026 13:56:07;Retornado;AL;Maceio;SECRETARIA DE ESTADO DA SAUDE;19/09/2026 14:22:19
566504;A1323;ARES;MCZ - MCZ EXPRESS SERVICE LTDA;;AL;11/09/2026 13:56:07;Retornado;AL;Maceio;SECRETARIA DE ESTADO DA SAUDE;21/09/2026 09:06:40
566504;A3047;ARES;MCZ - MCZ EXPRESS SERVICE LTDA;;AL;11/09/2026 13:56:07;Pendente de Retorno;AL;Maceio;SECRETARIA DE ESTADO DA SAUDE;09/07/2026 21:57:20
566504;A4781;ARES;MCZ - MCZ EXPRESS SERVICE LTDA;;AL;11/09/2026 13:56:07;Pendente de Retorno;AL;Maceio;SECRETARIA DE ESTADO DA SAUDE;20/07/2026 09:49:51
566504;TA0252;ARES;MCZ - MCZ EXPRESS SERVICE LTDA;;AL;11/09/2026 13:56:07;Pendente de Retorno;AL;Maceio;SECRETARIA DE ESTADO DA SAUDE;21/07/2026 17:28:48
567891;0741700231;ARES;VTCLOG - GRU;;SP;11/09/2026 13:25:00;Retornado;SP;Sao Jose dos Campos;HENRIQUE PIANUCCI PEREIRA;21/09/2026 12:59:49
566935;A1420;ARES;VTCLOG - BSB;;DF;11/09/2026 13:19:56;Pendente de Retorno;DF;BRASILIA;ALMOXARIFADO ESTADUAL DE MEDICAMENTOS;22/07/2026 23:46:21
566935;A5286;ARES;VTCLOG - BSB;;DF;11/09/2026 13:19:56;Pendente de Retorno;DF;BRASILIA;ALMOXARIFADO ESTADUAL DE MEDICAMENTOS;14/07/2026 14:36:43
566935;A5680;ARES;VTCLOG - BSB;;DF;11/09/2026 13:19:56;Pendente de Retorno;DF;BRASILIA;ALMOXARIFADO ESTADUAL DE MEDICAMENTOS;21/07/2026 17:46:03
567359;0741700795;ARES;VTCLOG - GRU;;SP;11/09/2026 13:18:00;Retornado;SP;Barretos;MAXIMA SELAGE MEDINA 00737.013042/2026-43;17/09/2026 11:52:28
567978;A6564;ARES;FOR - NT TRANSPORTE LTDA;;CE;11/09/2026 13:00:00;Pendente de Retorno;CE;Quixeramobim;HOSPITAL REGIONAL DO SERTAO CENTRAL;24/07/2026 08:37:25
567859;0741700597;ARES;VTCLOG - GRU;;SP;11/09/2026 12:57:00;Retornado;SP;Diadema;HOSPITAL ESTADUAL DE DIADEMA GOVERNADOR ORESTES QUERCIA;17/09/2026 17:39:58
566753;0741700544;ARES;VIX - SOULOG EXPRESS;;ES;11/09/2026 12:48:39;Retornado;ES;VITORIA;LABORATORIO CENTRAL SAUDE PUBLICA ESPIRITO SANTO -;11/09/2026 14:16:23
566753;0741700978;ARES;VIX - SOULOG EXPRESS;;ES;11/09/2026 12:48:39;Retornado;ES;VITORIA;LABORATORIO CENTRAL SAUDE PUBLICA ESPIRITO SANTO -;11/09/2026 14:14:27
566753;0741700984;ARES;VIX - SOULOG EXPRESS;;ES;11/09/2026 12:48:39;Retornado;ES;VITORIA;LABORATORIO CENTRAL SAUDE PUBLICA ESPIRITO SANTO -;11/09/2026 14:13:57
566493;0741700595;ARES;CHAPPA BRASIL;;PR;11/09/2026 12:47:17;Retornado;PR;Curitiba;SECRETARIA ESTADUAL DE SAUDE DO PARANA;18/09/2026 11:46:52
567935;0741700910;ARES;AJU - CASSIMIRO TRANSPORTES;;SE;11/09/2026 12:28:09;Retornado;SE;Aracaju;JOSILVALDO PEREIRA DIAS;21/09/2026 16:38:30
566860;0741700349;ARES;VIX - SOULOG EXPRESS;;ES;11/09/2026 12:23:51;Retornado;ES;VITORIA;LABORATORIO CENTRAL SAUDE PUBLICA ESPIRITO SANTO -;11/09/2026 14:14:41
566860;0741700666;ARES;VIX - SOULOG EXPRESS;;ES;11/09/2026 12:23:51;Retornado;ES;VITORIA;LABORATORIO CENTRAL SAUDE PUBLICA ESPIRITO SANTO -;11/09/2026 14:13:39
566860;A4935;ARES;VIX - SOULOG EXPRESS;;ES;11/09/2026 12:23:51;Pendente de Retorno;ES;VITORIA;LABORATORIO CENTRAL SAUDE PUBLICA ESPIRITO SANTO -;17/07/2026 08:45:59
566860;A7023;ARES;VIX - SOULOG EXPRESS;;ES;11/09/2026 12:23:51;Pendente de Retorno;ES;VITORIA;LABORATORIO CENTRAL SAUDE PUBLICA ESPIRITO SANTO -;14/07/2026 17:04:41
566860;A8961;ARES;VIX - SOULOG EXPRESS;;ES;11/09/2026 12:23:51;Pendente de Retorno;ES;VITORIA;LABORATORIO CENTRAL SAUDE PUBLICA ESPIRITO SANTO -;10/07/2026 13:11:34
566860;TA1062;ARES;VIX - SOULOG EXPRESS;;ES;11/09/2026 12:23:51;Pendente de Retorno;ES;VITORIA;LABORATORIO CENTRAL SAUDE PUBLICA ESPIRITO SANTO -;17/07/2026 14:09:41
567962;0741700632;ARES;GYN - RBR EXPERIENCIA EM TRANSPORTES;;GO;11/09/2026 12:05:18;Retornado;GO;Goiania;HOSPITAL DE DOENÇAS TROPICAIS - H.D.T. - HOSPITAL;18/09/2026 10:42:53
567962;0741700680;ARES;GYN - RBR EXPERIENCIA EM TRANSPORTES;;GO;11/09/2026 12:05:18;Retornado;GO;Goiania;HOSPITAL DE DOENÇAS TROPICAIS - H.D.T. - HOSPITAL;18/09/2026 10:47:20
567589;0741700403;ARES;RAO- GATTO LOG TRANSPORTES E SERVICOS LTDA;;MG;11/09/2026 12:00:00;Retornado;MG;Passos;SANTA CASA;21/09/2026 17:37:52
567076;A2516;ARES;RBR - RODOTEC;;AC;11/09/2026 12:00:00;Pendente de Retorno;AC;Rio Branco;NÚCLEO DE DOENÇAS DE TRANSMISSÃO VETORIAL - SESACR;25/07/2026 21:24:17
567076;A7804;ARES;RBR - RODOTEC;;AC;11/09/2026 12:00:00;Pendente de Retorno;AC;Rio Branco;NÚCLEO DE DOENÇAS DE TRANSMISSÃO VETORIAL - SESACR;27/07/2026 17:16:54
567076;TA0742;ARES;RBR - RODOTEC;;AC;11/09/2026 12:00:00;Pendente de Retorno;AC;Rio Branco;NÚCLEO DE DOENÇAS DE TRANSMISSÃO VETORIAL - SESACR;21/07/2026 17:47:04
567076;TA1203;ARES;RBR - RODOTEC;;AC;11/09/2026 12:00:00;Pendente de Retorno;AC;Rio Branco;NÚCLEO DE DOENÇAS DE TRANSMISSÃO VETORIAL - SESACR;25/07/2026 21:24:22
567945;0741700762;ARES;VTCLOG CNF - CONTAGEM;;MG;11/09/2026 11:17:27;Retornado;MG;Belo Horizonte;HOSPITAL EVANGÉLICO;21/09/2026 22:07:36
567824;0741700851;ARES;FOR - NT TRANSPORTE LTDA;;CE;11/09/2026 11:10:00;Retornado;CE;Quixada;MAISA MONTEIRO ALMEIDA;21/09/2026 20:00:23
566994;0741700526;ARES;GYN - RBR EXPERIENCIA EM TRANSPORTES;;GO;11/09/2026 10:56:11;Retornado;GO;Goiania;ALMOXARIFADO ESTADUAL DE MEDICAMENTOS;21/09/2026 15:50:33
566994;0741700564;ARES;GYN - RBR EXPERIENCIA EM TRANSPORTES;;GO;11/09/2026 10:56:11;Retornado;GO;Goiania;ALMOXARIFADO ESTADUAL DE MEDICAMENTOS;18/09/2026 14:33:54
566994;0741700918;ARES;GYN - RBR EXPERIENCIA EM TRANSPORTES;;GO;11/09/2026 10:56:11;Retornado;GO;Goiania;ALMOXARIFADO ESTADUAL DE MEDICAMENTOS;16/09/2026 17:19:52
566994;0741700958;ARES;GYN - RBR EXPERIENCIA EM TRANSPORTES;;GO;11/09/2026 10:56:11;Retornado;GO;Goiania;ALMOXARIFADO ESTADUAL DE MEDICAMENTOS;21/09/2026 10:38:43
567242;0741700148;ARES;VTCLOG RIO GALEAO;;RJ;11/09/2026 10:40:00;Retornado;RJ;RIO DE JANEIRO;LABORATÓRIO DE BACTERIOLOGIA E BIOENSAIOS - INI;22/09/2026 01:13:42
567242;0741700225;ARES;VTCLOG RIO GALEAO;;RJ;11/09/2026 10:40:00;Retornado;RJ;RIO DE JANEIRO;LABORATÓRIO DE BACTERIOLOGIA E BIOENSAIOS - INI;21/09/2026 09:08:36
567242;0741700291;ARES;VTCLOG RIO GALEAO;;RJ;11/09/2026 10:40:00;Retornado;RJ;RIO DE JANEIRO;LABORATÓRIO DE BACTERIOLOGIA E BIOENSAIOS - INI;22/09/2026 03:05:04
567242;0741700320;ARES;VTCLOG RIO GALEAO;;RJ;11/09/2026 10:40:00;Retornado;RJ;RIO DE JANEIRO;LABORATÓRIO DE BACTERIOLOGIA E BIOENSAIOS - INI;22/09/2026 02:12:57
567242;0741700745;ARES;VTCLOG RIO GALEAO;;RJ;11/09/2026 10:40:00;Retornado;RJ;RIO DE JANEIRO;LABORATÓRIO DE BACTERIOLOGIA E BIOENSAIOS - INI;21/09/2026 08:50:38
567242;0741700799;ARES;VTCLOG RIO GALEAO;;RJ;11/09/2026 10:40:00;Retornado;RJ;RIO DE JANEIRO;LABORATÓRIO DE BACTERIOLOGIA E BIOENSAIOS - INI;21/09/2026 09:10:04
567242;0741700861;ARES;VTCLOG RIO GALEAO;;RJ;11/09/2026 10:40:00;Retornado;RJ;RIO DE JANEIRO;LABORATÓRIO DE BACTERIOLOGIA E BIOENSAIOS - INI;22/09/2026 02:01:09
567242;0741700888;ARES;VTCLOG RIO GALEAO;;RJ;11/09/2026 10:40:00;Retornado;RJ;RIO DE JANEIRO;LABORATÓRIO DE BACTERIOLOGIA E BIOENSAIOS - INI;21/09/2026 20:16:01
567242;0741700982;ARES;VTCLOG RIO GALEAO;;RJ;11/09/2026 10:40:00;Retornado;RJ;RIO DE JANEIRO;LABORATÓRIO DE BACTERIOLOGIA E BIOENSAIOS - INI;22/09/2026 03:17:20
567242;A0618;ARES;VTCLOG RIO GALEAO;;RJ;11/09/2026 10:40:00;Pendente de Retorno;RJ;RIO DE JANEIRO;LABORATÓRIO DE BACTERIOLOGIA E BIOENSAIOS - INI;27/07/2026 15:33:38
567242;A5251;ARES;VTCLOG RIO GALEAO;;RJ;11/09/2026 10:40:00;Pendente de Retorno;RJ;RIO DE JANEIRO;LABORATÓRIO DE BACTERIOLOGIA E BIOENSAIOS - INI;21/07/2026 00:10:35
567242;A7291;ARES;VTCLOG RIO GALEAO;;RJ;11/09/2026 10:40:00;Pendente de Retorno;RJ;RIO DE JANEIRO;LABORATÓRIO DE BACTERIOLOGIA E BIOENSAIOS - INI;20/07/2026 15:09:28
567242;A7438;ARES;VTCLOG RIO GALEAO;;RJ;11/09/2026 10:40:00;Pendente de Retorno;RJ;RIO DE JANEIRO;LABORATÓRIO DE BACTERIOLOGIA E BIOENSAIOS - INI;18/07/2026 10:15:35
567189;A9639;ARES;VTCLOG RIO GALEAO;;RJ;11/09/2026 10:40:00;Pendente de Retorno;RJ;RIO DE JANEIRO;HEMOCENTRO COORDENADOR DO RIO DE JANEIRO;10/07/2026 17:22:27
567946;A6600;ARES;VTCLOG CNF - CONTAGEM;;MG;11/09/2026 10:33:29;Pendente de Retorno;MG;Belo Horizonte;HOSPITAL EDUARDO DE MENEZES;27/07/2026 15:25:57
566959;0741700149;ARES;JPA - LIDER CARGAS;;PB;11/09/2026 10:13:00;Retornado;PB;Cabedelo;SEC DE SAUDE DA PARAIBA;21/09/2026 23:03:29
566959;0741700427;ARES;JPA - LIDER CARGAS;;PB;11/09/2026 10:13:00;Retornado;PB;Cabedelo;SEC DE SAUDE DA PARAIBA;21/09/2026 23:14:03
566760;0741700580;ARES;JPA - LIDER CARGAS;;PB;11/09/2026 10:13:00;Retornado;PB;Cabedelo;SEC DE SAUDE DA PARAIBA;21/09/2026 23:10:56
566486;0741700615;ARES;JPA - LIDER CARGAS;;PB;11/09/2026 10:13:00;Retornado;PB;Cabedelo;SEC DE SAUDE DA PARAIBA;21/09/2026 23:06:24
566486;0741700624;ARES;JPA - LIDER CARGAS;;PB;11/09/2026 10:13:00;Retornado;PB;Cabedelo;SEC DE SAUDE DA PARAIBA;21/09/2026 23:14:28
566486;0741700635;ARES;JPA - LIDER CARGAS;;PB;11/09/2026 10:13:00;Retornado;PB;Cabedelo;SEC DE SAUDE DA PARAIBA;21/09/2026 23:09:08
566959;0741700683;ARES;JPA - LIDER CARGAS;;PB;11/09/2026 10:13:00;Retornado;PB;Cabedelo;SEC DE SAUDE DA PARAIBA;21/09/2026 23:25:07
566959;0741700927;ARES;JPA - LIDER CARGAS;;PB;11/09/2026 10:13:00;Retornado;PB;Cabedelo;SEC DE SAUDE DA PARAIBA;21/09/2026 23:12:16
566959;A0080;ARES;JPA - LIDER CARGAS;;PB;11/09/2026 10:13:00;Pendente de Retorno;PB;Cabedelo;SEC DE SAUDE DA PARAIBA;25/07/2026 22:22:16
566959;A4542;ARES;JPA - LIDER CARGAS;;PB;11/09/2026 10:13:00;Pendente de Retorno;PB;Cabedelo;SEC DE SAUDE DA PARAIBA;27/07/2026 15:25:16
566486;A5583;ARES;JPA - LIDER CARGAS;;PB;11/09/2026 10:13:00;Retornado;PB;Cabedelo;SEC DE SAUDE DA PARAIBA;21/09/2026 23:14:17
566486;A6871;ARES;JPA - LIDER CARGAS;;PB;11/09/2026 10:13:00;Pendente de Retorno;PB;Cabedelo;SEC DE SAUDE DA PARAIBA;21/07/2026 17:26:38
566486;A7215;ARES;JPA - LIDER CARGAS;;PB;11/09/2026 10:13:00;Pendente de Retorno;PB;Cabedelo;SEC DE SAUDE DA PARAIBA;23/06/2026 15:13:22
566486;A8443;ARES;JPA - LIDER CARGAS;;PB;11/09/2026 10:13:00;Pendente de Retorno;PB;Cabedelo;SEC DE SAUDE DA PARAIBA;27/05/2026 08:28:27
566760;TA0244;ARES;JPA - LIDER CARGAS;;PB;11/09/2026 10:13:00;Pendente de Retorno;PB;Cabedelo;SEC DE SAUDE DA PARAIBA;21/07/2026 17:25:03
565555;0741700009;ARES;MAO- GR TRANSPORTES E LOGISTICA MULTIMODAL;;AM;11/09/2026 10:12:36;Retornado;AM;Manaus;SES DE AMAZONAS;14/09/2026 14:26:15
565555;0741700078;ARES;MAO- GR TRANSPORTES E LOGISTICA MULTIMODAL;;AM;11/09/2026 10:12:36;Retornado;AM;Manaus;SES DE AMAZONAS;21/09/2026 10:36:27
565555;0741700161;ARES;MAO- GR TRANSPORTES E LOGISTICA MULTIMODAL;;AM;11/09/2026 10:12:36;Retornado;AM;Manaus;SES DE AMAZONAS;17/09/2026 17:20:00
565555;0741700195;ARES;MAO- GR TRANSPORTES E LOGISTICA MULTIMODAL;;AM;11/09/2026 10:12:36;Retornado;AM;Manaus;SES DE AMAZONAS;21/09/2026 16:35:58
565555;0741700323;ARES;MAO- GR TRANSPORTES E LOGISTICA MULTIMODAL;;AM;11/09/2026 10:12:36;Retornado;AM;Manaus;SES DE AMAZONAS;16/09/2026 00:33:52
565555;0741700358;ARES;MAO- GR TRANSPORTES E LOGISTICA MULTIMODAL;;AM;11/09/2026 10:12:36;Retornado;AM;Manaus;SES DE AMAZONAS;18/09/2026 17:39:59
565555;0741700370;ARES;MAO- GR TRANSPORTES E LOGISTICA MULTIMODAL;;AM;11/09/2026 10:12:36;Retornado;AM;Manaus;SES DE AMAZONAS;21/09/2026 11:03:38
565555;0741700379;ARES;MAO- GR TRANSPORTES E LOGISTICA MULTIMODAL;;AM;11/09/2026 10:12:36;Retornado;AM;Manaus;SES DE AMAZONAS;21/09/2026 16:47:37
565555;0741700530;ARES;MAO- GR TRANSPORTES E LOGISTICA MULTIMODAL;;AM;11/09/2026 10:12:36;Retornado;AM;Manaus;SES DE AMAZONAS;18/09/2026 10:38:39
565555;0741700540;ARES;MAO- GR TRANSPORTES E LOGISTICA MULTIMODAL;;AM;11/09/2026 10:12:36;Retornado;AM;Manaus;SES DE AMAZONAS;18/09/2026 10:47:20
565555;0741700602;ARES;MAO- GR TRANSPORTES E LOGISTICA MULTIMODAL;;AM;11/09/2026 10:12:36;Retornado;AM;Manaus;SES DE AMAZONAS;18/09/2026 17:41:20
565555;0741700610;ARES;MAO- GR TRANSPORTES E LOGISTICA MULTIMODAL;;AM;11/09/2026 10:12:36;Retornado;AM;Manaus;SES DE AMAZONAS;18/09/2026 16:00:00
565555;0741700613;ARES;MAO- GR TRANSPORTES E LOGISTICA MULTIMODAL;;AM;11/09/2026 10:12:36;Retornado;AM;Manaus;SES DE AMAZONAS;17/09/2026 11:44:42
565555;0741700620;ARES;MAO- GR TRANSPORTES E LOGISTICA MULTIMODAL;;AM;11/09/2026 10:12:36;Retornado;AM;Manaus;SES DE AMAZONAS;18/09/2026 08:33:38
565555;0741700633;ARES;MAO- GR TRANSPORTES E LOGISTICA MULTIMODAL;;AM;11/09/2026 10:12:36;Retornado;AM;Manaus;SES DE AMAZONAS;18/09/2026 10:42:53
565555;0741700690;ARES;MAO- GR TRANSPORTES E LOGISTICA MULTIMODAL;;AM;11/09/2026 10:12:36;Retornado;AM;Manaus;SES DE AMAZONAS;16/09/2026 17:18:01
565555;0741700701;ARES;MAO- GR TRANSPORTES E LOGISTICA MULTIMODAL;;AM;11/09/2026 10:12:36;Retornado;AM;Manaus;SES DE AMAZONAS;21/09/2026 16:17:30
565555;0741700703;ARES;MAO- GR TRANSPORTES E LOGISTICA MULTIMODAL;;AM;11/09/2026 10:12:36;Retornado;AM;Manaus;SES DE AMAZONAS;18/09/2026 10:42:53
565555;0741700835;ARES;MAO- GR TRANSPORTES E LOGISTICA MULTIMODAL;;AM;11/09/2026 10:12:36;Retornado;AM;Manaus;SES DE AMAZONAS;19/09/2026 14:20:47
565555;0741700850;ARES;MAO- GR TRANSPORTES E LOGISTICA MULTIMODAL;;AM;11/09/2026 10:12:36;Retornado;AM;Manaus;SES DE AMAZONAS;17/09/2026 10:16:20
565555;0741700923;ARES;MAO- GR TRANSPORTES E LOGISTICA MULTIMODAL;;AM;11/09/2026 10:12:36;Retornado;AM;Manaus;SES DE AMAZONAS;16/09/2026 17:17:58
565555;0741700973;ARES;MAO- GR TRANSPORTES E LOGISTICA MULTIMODAL;;AM;11/09/2026 10:12:36;Retornado;AM;Manaus;SES DE AMAZONAS;18/09/2026 12:50:53
565555;A1577;ARES;MAO- GR TRANSPORTES E LOGISTICA MULTIMODAL;;AM;11/09/2026 10:12:36;Pendente de Retorno;AM;Manaus;SES DE AMAZONAS;09/07/2026 16:00:43
565555;A2989;ARES;MAO- GR TRANSPORTES E LOGISTICA MULTIMODAL;;AM;11/09/2026 10:12:36;Pendente de Retorno;AM;Manaus;SES DE AMAZONAS;17/07/2026 07:35:26
565555;A3104;ARES;MAO- GR TRANSPORTES E LOGISTICA MULTIMODAL;;AM;11/09/2026 10:12:36;Pendente de Retorno;AM;Manaus;SES DE AMAZONAS;27/07/2026 16:42:36
565555;A4270;ARES;MAO- GR TRANSPORTES E LOGISTICA MULTIMODAL;;AM;11/09/2026 10:12:36;Pendente de Retorno;AM;Manaus;SES DE AMAZONAS;08/07/2026 07:59:06
565555;A4403;ARES;MAO- GR TRANSPORTES E LOGISTICA MULTIMODAL;;AM;11/09/2026 10:12:36;Pendente de Retorno;AM;Manaus;SES DE AMAZONAS;25/07/2026 21:25:11
565555;A5054;ARES;MAO- GR TRANSPORTES E LOGISTICA MULTIMODAL;;AM;11/09/2026 10:12:36;Pendente de Retorno;AM;Manaus;SES DE AMAZONAS;13/07/2026 16:27:14
565555;A5058;ARES;MAO- GR TRANSPORTES E LOGISTICA MULTIMODAL;;AM;11/09/2026 10:12:36;Pendente de Retorno;AM;Manaus;SES DE AMAZONAS;22/07/2026 09:32:38
565555;A6209;ARES;MAO- GR TRANSPORTES E LOGISTICA MULTIMODAL;;AM;11/09/2026 10:12:36;Pendente de Retorno;AM;Manaus;SES DE AMAZONAS;27/07/2026 00:14:43
565555;A6786;ARES;MAO- GR TRANSPORTES E LOGISTICA MULTIMODAL;;AM;11/09/2026 10:12:36;Pendente de Retorno;AM;Manaus;SES DE AMAZONAS;04/07/2026 11:33:56
565555;A7745;ARES;MAO- GR TRANSPORTES E LOGISTICA MULTIMODAL;;AM;11/09/2026 10:12:36;Pendente de Retorno;AM;Manaus;SES DE AMAZONAS;24/07/2026 08:26:29
565555;A8360;ARES;MAO- GR TRANSPORTES E LOGISTICA MULTIMODAL;;AM;11/09/2026 10:12:36;Pendente de Retorno;AM;Manaus;SES DE AMAZONAS;13/07/2026 08:41:06
565555;A9318;ARES;MAO- GR TRANSPORTES E LOGISTICA MULTIMODAL;;AM;11/09/2026 10:12:36;Pendente de Retorno;AM;Manaus;SES DE AMAZONAS;10/07/2026 13:10:55
565555;A9526;ARES;MAO- GR TRANSPORTES E LOGISTICA MULTIMODAL;;AM;11/09/2026 10:12:36;Pendente de Retorno;AM;Manaus;SES DE AMAZONAS;29/06/2026 23:29:04
565555;TA0191;ARES;MAO- GR TRANSPORTES E LOGISTICA MULTIMODAL;;AM;11/09/2026 10:12:36;Retornado;AM;Manaus;SES DE AMAZONAS;18/09/2026 10:42:53
565555;TA1131;ARES;MAO- GR TRANSPORTES E LOGISTICA MULTIMODAL;;AM;11/09/2026 10:12:36;Pendente de Retorno;AM;Manaus;SES DE AMAZONAS;18/07/2026 10:12:35
567973;0741700786;ARES;JPA - LIDER CARGAS;;PB;11/09/2026 09:43:00;Retornado;PB;SANTA RITA (UIRAUNA);HOSPITAL METROPOLITANO DOM JOSÉ MARIA PIRES;21/09/2026 23:16:36
567728;0741700796;ARES;VTCLOG CNF - CONTAGEM;;MG;11/09/2026 08:43:00;Retornado;MG;Barbacena;MARIA JOSE DAMASCENO 00737.016640/2026-74;21/09/2026 09:06:44
567828;0741700870;ARES;VTCLOG CNF - CONTAGEM;;MG;11/09/2026 08:07:51;Retornado;MG;Curvelo;EDRIANE FERNANDES MOREIRA 00737.009202/2026-50;21/09/2026 09:10:12
566262;A2316;ARES;MAO- GR TRANSPORTES E LOGISTICA MULTIMODAL;;AM;10/09/2026 20:07:36;Pendente de Retorno;AM;Manaus;CENTRAL MEDIC SECR EST SAUDE AMAZONA;22/07/2026 09:32:32
566262;A3730;ARES;MAO- GR TRANSPORTES E LOGISTICA MULTIMODAL;;AM;10/09/2026 20:07:36;Pendente de Retorno;AM;Manaus;CENTRAL MEDIC SECR EST SAUDE AMAZONA;26/07/2026 20:47:51
566262;A4068;ARES;MAO- GR TRANSPORTES E LOGISTICA MULTIMODAL;;AM;10/09/2026 20:07:36;Pendente de Retorno;AM;Manaus;CENTRAL MEDIC SECR EST SAUDE AMAZONA;21/07/2026 17:43:58
566262;A4580;ARES;MAO- GR TRANSPORTES E LOGISTICA MULTIMODAL;;AM;10/09/2026 20:07:36;Pendente de Retorno;AM;Manaus;CENTRAL MEDIC SECR EST SAUDE AMAZONA;26/07/2026 20:51:48
566262;A5628;ARES;MAO- GR TRANSPORTES E LOGISTICA MULTIMODAL;;AM;10/09/2026 20:07:36;Retornado;AM;Manaus;CENTRAL MEDIC SECR EST SAUDE AMAZONA;16/09/2026 16:54:56
566262;A6254;ARES;MAO- GR TRANSPORTES E LOGISTICA MULTIMODAL;;AM;10/09/2026 20:07:36;Pendente de Retorno;AM;Manaus;CENTRAL MEDIC SECR EST SAUDE AMAZONA;27/07/2026 00:12:48
566262;A6288;ARES;MAO- GR TRANSPORTES E LOGISTICA MULTIMODAL;;AM;10/09/2026 20:07:36;Pendente de Retorno;AM;Manaus;CENTRAL MEDIC SECR EST SAUDE AMAZONA;30/06/2026 08:55:04
566262;A6294;ARES;MAO- GR TRANSPORTES E LOGISTICA MULTIMODAL;;AM;10/09/2026 20:07:36;Pendente de Retorno;AM;Manaus;CENTRAL MEDIC SECR EST SAUDE AMAZONA;28/07/2026 03:01:58
566262;A7669;ARES;MAO- GR TRANSPORTES E LOGISTICA MULTIMODAL;;AM;10/09/2026 20:07:36;Retornado;AM;Manaus;CENTRAL MEDIC SECR EST SAUDE AMAZONA;21/09/2026 13:28:53
566262;A7840;ARES;MAO- GR TRANSPORTES E LOGISTICA MULTIMODAL;;AM;10/09/2026 20:07:36;Pendente de Retorno;AM;Manaus;CENTRAL MEDIC SECR EST SAUDE AMAZONA;24/07/2026 08:37:07
566262;A8729;ARES;MAO- GR TRANSPORTES E LOGISTICA MULTIMODAL;;AM;10/09/2026 20:07:36;Pendente de Retorno;AM;Manaus;CENTRAL MEDIC SECR EST SAUDE AMAZONA;24/07/2026 08:33:26
566262;A8970;ARES;MAO- GR TRANSPORTES E LOGISTICA MULTIMODAL;;AM;10/09/2026 20:07:36;Pendente de Retorno;AM;Manaus;CENTRAL MEDIC SECR EST SAUDE AMAZONA;22/07/2026 23:45:05
566262;TA0084;ARES;MAO- GR TRANSPORTES E LOGISTICA MULTIMODAL;;AM;10/09/2026 20:07:36;Retornado;AM;Manaus;CENTRAL MEDIC SECR EST SAUDE AMAZONA;18/09/2026 10:47:20
566262;TA0103;ARES;MAO- GR TRANSPORTES E LOGISTICA MULTIMODAL;;AM;10/09/2026 20:07:36;Retornado;AM;Manaus;CENTRAL MEDIC SECR EST SAUDE AMAZONA;21/09/2026 10:31:59
566262;TA0316;ARES;MAO- GR TRANSPORTES E LOGISTICA MULTIMODAL;;AM;10/09/2026 20:07:36;Retornado;AM;Manaus;CENTRAL MEDIC SECR EST SAUDE AMAZONA;18/09/2026 09:45:53
566262;TA0570;ARES;MAO- GR TRANSPORTES E LOGISTICA MULTIMODAL;;AM;10/09/2026 20:07:36;Pendente de Retorno;AM;Manaus;CENTRAL MEDIC SECR EST SAUDE AMAZONA;22/07/2026 23:48:56
566262;TA0608;ARES;MAO- GR TRANSPORTES E LOGISTICA MULTIMODAL;;AM;10/09/2026 20:07:36;Pendente de Retorno;AM;Manaus;CENTRAL MEDIC SECR EST SAUDE AMAZONA;13/07/2026 08:22:49
566262;TA0810;ARES;MAO- GR TRANSPORTES E LOGISTICA MULTIMODAL;;AM;10/09/2026 20:07:36;Pendente de Retorno;AM;Manaus;CENTRAL MEDIC SECR EST SAUDE AMAZONA;13/07/2026 08:40:51
566262;TA1021;ARES;MAO- GR TRANSPORTES E LOGISTICA MULTIMODAL;;AM;10/09/2026 20:07:36;Pendente de Retorno;AM;Manaus;CENTRAL MEDIC SECR EST SAUDE AMAZONA;24/07/2026 08:37:30
566262;TA1107;ARES;MAO- GR TRANSPORTES E LOGISTICA MULTIMODAL;;AM;10/09/2026 20:07:36;Pendente de Retorno;AM;Manaus;CENTRAL MEDIC SECR EST SAUDE AMAZONA;10/07/2026 17:18:13
566262;TA1240;ARES;MAO- GR TRANSPORTES E LOGISTICA MULTIMODAL;;AM;10/09/2026 20:07:36;Pendente de Retorno;AM;Manaus;CENTRAL MEDIC SECR EST SAUDE AMAZONA;25/07/2026 22:22:07
566177;A3423;ARES;MAO- GR TRANSPORTES E LOGISTICA MULTIMODAL;;AM;10/09/2026 18:51:04;Pendente de Retorno;AM;Manaus;CENTRAL MEDIC SECR EST SAUDE AMAZONA;21/07/2026 17:29:17
566177;A3642;ARES;MAO- GR TRANSPORTES E LOGISTICA MULTIMODAL;;AM;10/09/2026 18:51:04;Pendente de Retorno;AM;Manaus;CENTRAL MEDIC SECR EST SAUDE AMAZONA;23/06/2026 15:13:29
566177;A5932;ARES;MAO- GR TRANSPORTES E LOGISTICA MULTIMODAL;;AM;10/09/2026 18:51:04;Pendente de Retorno;AM;Manaus;CENTRAL MEDIC SECR EST SAUDE AMAZONA;02/07/2026 11:24:39
566177;A7486;ARES;MAO- GR TRANSPORTES E LOGISTICA MULTIMODAL;;AM;10/09/2026 18:51:04;Pendente de Retorno;AM;Manaus;CENTRAL MEDIC SECR EST SAUDE AMAZONA;30/06/2026 08:36:05
566177;A8467;ARES;MAO- GR TRANSPORTES E LOGISTICA MULTIMODAL;;AM;10/09/2026 18:51:04;Pendente de Retorno;AM;Manaus;CENTRAL MEDIC SECR EST SAUDE AMAZONA;27/07/2026 17:14:55
566177;A8676;ARES;MAO- GR TRANSPORTES E LOGISTICA MULTIMODAL;;AM;10/09/2026 18:51:04;Pendente de Retorno;AM;Manaus;CENTRAL MEDIC SECR EST SAUDE AMAZONA;22/07/2026 23:48:48
566177;A8988;ARES;MAO- GR TRANSPORTES E LOGISTICA MULTIMODAL;;AM;10/09/2026 18:51:04;Pendente de Retorno;AM;Manaus;CENTRAL MEDIC SECR EST SAUDE AMAZONA;27/07/2026 12:30:34
566177;TA1052;ARES;MAO- GR TRANSPORTES E LOGISTICA MULTIMODAL;;AM;10/09/2026 18:51:04;Pendente de Retorno;AM;Manaus;CENTRAL MEDIC SECR EST SAUDE AMAZONA;15/07/2026 10:53:55
566177;TA1206;ARES;MAO- GR TRANSPORTES E LOGISTICA MULTIMODAL;;AM;10/09/2026 18:51:04;Pendente de Retorno;AM;Manaus;CENTRAL MEDIC SECR EST SAUDE AMAZONA;18/07/2026 07:59:56
566281;A0714;ARES;THE - AERONEIVA EXPRESS;;PI;10/09/2026 18:00:00;Pendente de Retorno;PI;Teresina;PROGRAMA ESTADUAL DE IMUNIZAÇÕES - SES-PI;25/07/2026 21:24:39
566281;A0791;ARES;THE - AERONEIVA EXPRESS;;PI;10/09/2026 18:00:00;Pendente de Retorno;PI;Teresina;PROGRAMA ESTADUAL DE IMUNIZAÇÕES - SES-PI;10/07/2026 17:36:01
566281;A1312;ARES;THE - AERONEIVA EXPRESS;;PI;10/09/2026 18:00:00;Pendente de Retorno;PI;Teresina;PROGRAMA ESTADUAL DE IMUNIZAÇÕES - SES-PI;27/07/2026 15:23:05
566281;A2083;ARES;THE - AERONEIVA EXPRESS;;PI;10/09/2026 18:00:00;Pendente de Retorno;PI;Teresina;PROGRAMA ESTADUAL DE IMUNIZAÇÕES - SES-PI;09/07/2026 15:30:37
566281;A5234;ARES;THE - AERONEIVA EXPRESS;;PI;10/09/2026 18:00:00;Pendente de Retorno;PI;Teresina;PROGRAMA ESTADUAL DE IMUNIZAÇÕES - SES-PI;10/07/2026 17:22:49
566281;A6011;ARES;THE - AERONEIVA EXPRESS;;PI;10/09/2026 18:00:00;Pendente de Retorno;PI;Teresina;PROGRAMA ESTADUAL DE IMUNIZAÇÕES - SES-PI;13/07/2026 02:25:37
566281;A6435;ARES;THE - AERONEIVA EXPRESS;;PI;10/09/2026 18:00:00;Pendente de Retorno;PI;Teresina;PROGRAMA ESTADUAL DE IMUNIZAÇÕES - SES-PI;27/07/2026 15:27:09
566343;A6946;ARES;THE - AERONEIVA EXPRESS;;PI;10/09/2026 18:00:00;Pendente de Retorno;PI;Teresina;PROGRAMA ESTADUAL DE IMUNIZAÇÕES - SES-PI;10/07/2026 17:30:20
566281;A7108;ARES;THE - AERONEIVA EXPRESS;;PI;10/09/2026 18:00:00;Pendente de Retorno;PI;Teresina;PROGRAMA ESTADUAL DE IMUNIZAÇÕES - SES-PI;24/07/2026 08:36:42
566281;A7271;ARES;THE - AERONEIVA EXPRESS;;PI;10/09/2026 18:00:00;Pendente de Retorno;PI;Teresina;PROGRAMA ESTADUAL DE IMUNIZAÇÕES - SES-PI;30/06/2026 08:53:01
566281;A7278;ARES;THE - AERONEIVA EXPRESS;;PI;10/09/2026 18:00:00;Pendente de Retorno;PI;Teresina;PROGRAMA ESTADUAL DE IMUNIZAÇÕES - SES-PI;09/07/2026 16:02:10
566281;A7311;ARES;THE - AERONEIVA EXPRESS;;PI;10/09/2026 18:00:00;Pendente de Retorno;PI;Teresina;PROGRAMA ESTADUAL DE IMUNIZAÇÕES - SES-PI;11/05/2026 14:37:18
566281;A8036;ARES;THE - AERONEIVA EXPRESS;;PI;10/09/2026 18:00:00;Pendente de Retorno;PI;Teresina;PROGRAMA ESTADUAL DE IMUNIZAÇÕES - SES-PI;20/07/2026 11:35:28
566281;A8411;ARES;THE - AERONEIVA EXPRESS;;PI;10/09/2026 18:00:00;Pendente de Retorno;PI;Teresina;PROGRAMA ESTADUAL DE IMUNIZAÇÕES - SES-PI;27/07/2026 17:09:17
566402;AS-0035;ARES COM SONDA;THE - AERONEIVA EXPRESS;;PI;10/09/2026 18:00:00;Pendente de Retorno;PI;Teresina;PROGRAMA ESTADUAL DE IMUNIZAÇÕES - SES-PI;07/07/2026 13:44:54
566402;AS-0182;ARES COM SONDA;THE - AERONEIVA EXPRESS;;PI;10/09/2026 18:00:00;Pendente de Retorno;PI;Teresina;PROGRAMA ESTADUAL DE IMUNIZAÇÕES - SES-PI;11/05/2026 08:51:38
566402;AS-0499;ARES COM SONDA;THE - AERONEIVA EXPRESS;;PI;10/09/2026 18:00:00;Pendente de Retorno;PI;Teresina;PROGRAMA ESTADUAL DE IMUNIZAÇÕES - SES-PI;14/07/2026 15:17:09
567959;0741700720;ARES;VTCLOG - GRU;;SP;10/09/2026 17:13:00;Retornado;SP;Guaratingueta;HOSPITAL E MATERNIDADE FREI GALVAO;21/09/2026 12:57:50
566016;A1989;ARES;VTCLOG RIO GALEAO;;RJ;10/09/2026 17:00:00;Pendente de Retorno;RJ;Niteroi;SECRETARIA ESTADUAL DE SAUDE;17/07/2026 14:09:07
563728;A2896;ARES;VTCLOG - GRU;;RJ;10/09/2026 17:00:00;Pendente de Retorno;RJ;Niteroi;SECRETARIA ESTADUAL DE SAUDE;14/07/2026 14:43:00
563728;A3313;ARES;VTCLOG - GRU;;RJ;10/09/2026 17:00:00;Pendente de Retorno;RJ;Niteroi;SECRETARIA ESTADUAL DE SAUDE;18/07/2026 08:00:50
563728;A3424;ARES;VTCLOG - GRU;;RJ;10/09/2026 17:00:00;Pendente de Retorno;RJ;Niteroi;SECRETARIA ESTADUAL DE SAUDE;30/06/2026 08:46:19
566016;A4881;ARES;VTCLOG RIO GALEAO;;RJ;10/09/2026 17:00:00;Pendente de Retorno;RJ;Niteroi;SECRETARIA ESTADUAL DE SAUDE;25/07/2026 21:25:58
566016;A7028;ARES;VTCLOG RIO GALEAO;;RJ;10/09/2026 17:00:00;Pendente de Retorno;RJ;Niteroi;SECRETARIA ESTADUAL DE SAUDE;26/07/2026 20:51:05
563728;A7168;ARES;VTCLOG - GRU;;RJ;10/09/2026 17:00:00;Pendente de Retorno;RJ;Niteroi;SECRETARIA ESTADUAL DE SAUDE;09/07/2026 23:51:45
563728;A7752;ARES;VTCLOG - GRU;;RJ;10/09/2026 17:00:00;Pendente de Retorno;RJ;Niteroi;SECRETARIA ESTADUAL DE SAUDE;27/07/2026 15:33:43
566016;A7806;ARES;VTCLOG RIO GALEAO;;RJ;10/09/2026 17:00:00;Pendente de Retorno;RJ;Niteroi;SECRETARIA ESTADUAL DE SAUDE;20/07/2026 20:04:46
566016;A7894;ARES;VTCLOG RIO GALEAO;;RJ;10/09/2026 17:00:00;Pendente de Retorno;RJ;Niteroi;SECRETARIA ESTADUAL DE SAUDE;14/07/2026 17:23:40
566016;A8034;ARES;VTCLOG RIO GALEAO;;RJ;10/09/2026 17:00:00;Pendente de Retorno;RJ;Niteroi;SECRETARIA ESTADUAL DE SAUDE;27/07/2026 17:21:23
566016;A8388;ARES;VTCLOG RIO GALEAO;;RJ;10/09/2026 17:00:00;Pendente de Retorno;RJ;Niteroi;SECRETARIA ESTADUAL DE SAUDE;18/07/2026 10:10:59
563728;A8498;ARES;VTCLOG - GRU;;RJ;10/09/2026 17:00:00;Pendente de Retorno;RJ;Niteroi;SECRETARIA ESTADUAL DE SAUDE;28/05/2026 20:38:32
566341;0741700289;ARES;CWB - TGEX TRANSPORTES E LOCACAO DE VEIC;;PR;10/09/2026 16:46:00;Retornado;PR;Curitiba;SECRETARIA ESTADUAL DE SAUDE DO PARANA;18/09/2026 14:16:57
566341;0741700721;ARES;CWB - TGEX TRANSPORTES E LOCACAO DE VEIC;;PR;10/09/2026 16:46:00;Retornado;PR;Curitiba;SECRETARIA ESTADUAL DE SAUDE DO PARANA;17/09/2026 18:26:00
566342;0741700294;ARES;VTCLOG - REC;;PE;10/09/2026 16:45:56;Retornado;PE;JABOATAO DOS GUARARAPES;ALMOXARIFADO ESTADUAL DE MEDICAMENTOS - PERNAMBUCO;21/09/2026 16:59:58
567294;0741700341;ARES;MCZ - MCZ EXPRESS SERVICE LTDA;;AL;10/09/2026 16:26:31;Retornado;AL;Maceio;SECRETARIA DE ESTADO DA SAUDE;18/09/2026 16:00:00
567565;0741700005;ARES;VTCLOG CNF - CONTAGEM;;MG;10/09/2026 16:26:00;Retornado;MG;Belo Horizonte;SECRETARIA ESTADUAL DE SAÚDE DE MINAS GERAIS - UF;15/09/2026 17:21:57
567565;0741700048;ARES;VTCLOG CNF - CONTAGEM;;MG;10/09/2026 16:26:00;Retornado;MG;Belo Horizonte;SECRETARIA ESTADUAL DE SAÚDE DE MINAS GERAIS - UF;17/09/2026 17:50:32
567565;0741700059;ARES;VTCLOG CNF - CONTAGEM;;MG;10/09/2026 16:26:00;Retornado;MG;Belo Horizonte;SECRETARIA ESTADUAL DE SAÚDE DE MINAS GERAIS - UF;17/09/2026 17:45:15
567565;0741700063;ARES;VTCLOG CNF - CONTAGEM;;MG;10/09/2026 16:26:00;Retornado;MG;Belo Horizonte;SECRETARIA ESTADUAL DE SAÚDE DE MINAS GERAIS - UF;21/09/2026 16:53:00
567565;0741700069;ARES;VTCLOG CNF - CONTAGEM;;MG;10/09/2026 16:26:00;Retornado;MG;Belo Horizonte;SECRETARIA ESTADUAL DE SAÚDE DE MINAS GERAIS - UF;21/09/2026 17:37:32
567565;0741700072;ARES;VTCLOG CNF - CONTAGEM;;MG;10/09/2026 16:26:00;Retornado;MG;Belo Horizonte;SECRETARIA ESTADUAL DE SAÚDE DE MINAS GERAIS - UF;21/09/2026 08:54:18
567565;0741700073;ARES;VTCLOG CNF - CONTAGEM;;MG;10/09/2026 16:26:00;Retornado;MG;Belo Horizonte;SECRETARIA ESTADUAL DE SAÚDE DE MINAS GERAIS - UF;17/09/2026 15:24:01
567565;0741700081;ARES;VTCLOG CNF - CONTAGEM;;MG;10/09/2026 16:26:00;Retornado;MG;Belo Horizonte;SECRETARIA ESTADUAL DE SAÚDE DE MINAS GERAIS - UF;18/09/2026 15:41:00
567565;0741700087;ARES;VTCLOG CNF - CONTAGEM;;MG;10/09/2026 16:26:00;Retornado;MG;Belo Horizonte;SECRETARIA ESTADUAL DE SAÚDE DE MINAS GERAIS - UF;17/09/2026 17:00:00
567565;0741700096;ARES;VTCLOG CNF - CONTAGEM;;MG;10/09/2026 16:26:00;Retornado;MG;Belo Horizonte;SECRETARIA ESTADUAL DE SAÚDE DE MINAS GERAIS - UF;21/09/2026 16:17:25
567565;0741700104;ARES;VTCLOG CNF - CONTAGEM;;MG;10/09/2026 16:26:00;Retornado;MG;Belo Horizonte;SECRETARIA ESTADUAL DE SAÚDE DE MINAS GERAIS - UF;17/09/2026 17:20:00
567565;0741700122;ARES;VTCLOG CNF - CONTAGEM;;MG;10/09/2026 16:26:00;Retornado;MG;Belo Horizonte;SECRETARIA ESTADUAL DE SAÚDE DE MINAS GERAIS - UF;17/09/2026 15:22:06
567565;0741700135;ARES;VTCLOG CNF - CONTAGEM;;MG;10/09/2026 16:26:00;Retornado;MG;Belo Horizonte;SECRETARIA ESTADUAL DE SAÚDE DE MINAS GERAIS - UF;17/09/2026 11:45:57
567565;0741700163;ARES;VTCLOG CNF - CONTAGEM;;MG;10/09/2026 16:26:00;Retornado;MG;Belo Horizonte;SECRETARIA ESTADUAL DE SAÚDE DE MINAS GERAIS - UF;17/09/2026 17:00:00
567565;0741700167;ARES;VTCLOG CNF - CONTAGEM;;MG;10/09/2026 16:26:00;Retornado;MG;Belo Horizonte;SECRETARIA ESTADUAL DE SAÚDE DE MINAS GERAIS - UF;18/09/2026 11:18:15
567565;0741700175;ARES;VTCLOG CNF - CONTAGEM;;MG;10/09/2026 16:26:00;Retornado;MG;Belo Horizonte;SECRETARIA ESTADUAL DE SAÚDE DE MINAS GERAIS - UF;17/09/2026 17:20:00
567565;0741700178;ARES;VTCLOG CNF - CONTAGEM;;MG;10/09/2026 16:26:00;Retornado;MG;Belo Horizonte;SECRETARIA ESTADUAL DE SAÚDE DE MINAS GERAIS - UF;17/09/2026 14:16:43
567565;0741700187;ARES;VTCLOG CNF - CONTAGEM;;MG;10/09/2026 16:26:00;Pendente de Retorno;MG;Belo Horizonte;SECRETARIA ESTADUAL DE SAÚDE DE MINAS GERAIS - UF;10/09/2026 16:26:00
567565;0741700190;ARES;VTCLOG CNF - CONTAGEM;;MG;10/09/2026 16:26:00;Retornado;MG;Belo Horizonte;SECRETARIA ESTADUAL DE SAÚDE DE MINAS GERAIS - UF;17/09/2026 14:17:14
567565;0741700192;ARES;VTCLOG CNF - CONTAGEM;;MG;10/09/2026 16:26:00;Retornado;MG;Belo Horizonte;SECRETARIA ESTADUAL DE SAÚDE DE MINAS GERAIS - UF;17/09/2026 14:52:04
567565;0741700197;ARES;VTCLOG CNF - CONTAGEM;;MG;10/09/2026 16:26:00;Retornado;MG;Belo Horizonte;SECRETARIA ESTADUAL DE SAÚDE DE MINAS GERAIS - UF;19/09/2026 08:56:57
567565;0741700204;ARES;VTCLOG CNF - CONTAGEM;;MG;10/09/2026 16:26:00;Retornado;MG;Belo Horizonte;SECRETARIA ESTADUAL DE SAÚDE DE MINAS GERAIS - UF;17/09/2026 17:44:47
567565;0741700215;ARES;VTCLOG CNF - CONTAGEM;;MG;10/09/2026 16:26:00;Retornado;MG;Belo Horizonte;SECRETARIA ESTADUAL DE SAÚDE DE MINAS GERAIS - UF;17/09/2026 11:44:03
567565;0741700224;ARES;VTCLOG CNF - CONTAGEM;;MG;10/09/2026 16:26:00;Retornado;MG;Belo Horizonte;SECRETARIA ESTADUAL DE SAÚDE DE MINAS GERAIS - UF;17/09/2026 17:50:47
567565;0741700234;ARES;VTCLOG CNF - CONTAGEM;;MG;10/09/2026 16:26:00;Retornado;MG;Belo Horizonte;SECRETARIA ESTADUAL DE SAÚDE DE MINAS GERAIS - UF;19/09/2026 08:57:46
567565;0741700237;ARES;VTCLOG CNF - CONTAGEM;;MG;10/09/2026 16:26:00;Retornado;MG;Belo Horizonte;SECRETARIA ESTADUAL DE SAÚDE DE MINAS GERAIS - UF;18/09/2026 11:18:15
567565;0741700242;ARES;VTCLOG CNF - CONTAGEM;;MG;10/09/2026 16:26:00;Retornado;MG;Belo Horizonte;SECRETARIA ESTADUAL DE SAÚDE DE MINAS GERAIS - UF;17/09/2026 10:52:00
567565;0741700247;ARES;VTCLOG CNF - CONTAGEM;;MG;10/09/2026 16:26:00;Retornado;MG;Belo Horizonte;SECRETARIA ESTADUAL DE SAÚDE DE MINAS GERAIS - UF;17/09/2026 17:00:00
567565;0741700249;ARES;VTCLOG CNF - CONTAGEM;;MG;10/09/2026 16:26:00;Retornado;MG;Belo Horizonte;SECRETARIA ESTADUAL DE SAÚDE DE MINAS GERAIS - UF;17/09/2026 15:24:21
567565;0741700252;ARES;VTCLOG CNF - CONTAGEM;;MG;10/09/2026 16:26:00;Retornado;MG;Belo Horizonte;SECRETARIA ESTADUAL DE SAÚDE DE MINAS GERAIS - UF;17/09/2026 17:00:00
567565;0741700254;ARES;VTCLOG CNF - CONTAGEM;;MG;10/09/2026 16:26:00;Retornado;MG;Belo Horizonte;SECRETARIA ESTADUAL DE SAÚDE DE MINAS GERAIS - UF;17/09/2026 17:00:00
567565;0741700282;ARES;VTCLOG CNF - CONTAGEM;;MG;10/09/2026 16:26:00;Retornado;MG;Belo Horizonte;SECRETARIA ESTADUAL DE SAÚDE DE MINAS GERAIS - UF;18/09/2026 09:47:05
567565;0741700286;ARES;VTCLOG CNF - CONTAGEM;;MG;10/09/2026 16:26:00;Retornado;MG;Belo Horizonte;SECRETARIA ESTADUAL DE SAÚDE DE MINAS GERAIS - UF;17/09/2026 16:23:28
567565;0741700287;ARES;VTCLOG CNF - CONTAGEM;;MG;10/09/2026 16:26:00;Retornado;MG;Belo Horizonte;SECRETARIA ESTADUAL DE SAÚDE DE MINAS GERAIS - UF;17/09/2026 10:52:00
567565;0741700337;ARES;VTCLOG CNF - CONTAGEM;;MG;10/09/2026 16:26:00;Retornado;MG;Belo Horizonte;SECRETARIA ESTADUAL DE SAÚDE DE MINAS GERAIS - UF;17/09/2026 11:45:08
567565;0741700338;ARES;VTCLOG CNF - CONTAGEM;;MG;10/09/2026 16:26:00;Retornado;MG;Belo Horizonte;SECRETARIA ESTADUAL DE SAÚDE DE MINAS GERAIS - UF;16/09/2026 00:44:22
567565;0741700350;ARES;VTCLOG CNF - CONTAGEM;;MG;10/09/2026 16:26:00;Retornado;MG;Belo Horizonte;SECRETARIA ESTADUAL DE SAÚDE DE MINAS GERAIS - UF;17/09/2026 17:30:41
567565;0741700396;ARES;VTCLOG CNF - CONTAGEM;;MG;10/09/2026 16:26:00;Retornado;MG;Belo Horizonte;SECRETARIA ESTADUAL DE SAÚDE DE MINAS GERAIS - UF;20/09/2026 06:40:05
567565;0741700400;ARES;VTCLOG CNF - CONTAGEM;;MG;10/09/2026 16:26:00;Retornado;MG;Belo Horizonte;SECRETARIA ESTADUAL DE SAÚDE DE MINAS GERAIS - UF;18/09/2026 09:25:31
567565;0741700401;ARES;VTCLOG CNF - CONTAGEM;;MG;10/09/2026 16:26:00;Retornado;MG;Belo Horizonte;SECRETARIA ESTADUAL DE SAÚDE DE MINAS GERAIS - UF;16/09/2026 00:33:52
567565;0741700404;ARES;VTCLOG CNF - CONTAGEM;;MG;10/09/2026 16:26:00;Retornado;MG;Belo Horizonte;SECRETARIA ESTADUAL DE SAÚDE DE MINAS GERAIS - UF;17/09/2026 17:35:20
567565;0741700443;ARES;VTCLOG CNF - CONTAGEM;;MG;10/09/2026 16:26:00;Retornado;MG;Belo Horizonte;SECRETARIA ESTADUAL DE SAÚDE DE MINAS GERAIS - UF;21/09/2026 17:00:12
567565;0741700444;ARES;VTCLOG CNF - CONTAGEM;;MG;10/09/2026 16:26:00;Retornado;MG;Belo Horizonte;SECRETARIA ESTADUAL DE SAÚDE DE MINAS GERAIS - UF;19/09/2026 08:42:10
567565;0741700446;ARES;VTCLOG CNF - CONTAGEM;;MG;10/09/2026 16:26:00;Retornado;MG;Belo Horizonte;SECRETARIA ESTADUAL DE SAÚDE DE MINAS GERAIS - UF;17/09/2026 17:00:00
567565;0741700450;ARES;VTCLOG CNF - CONTAGEM;;MG;10/09/2026 16:26:00;Retornado;MG;Belo Horizonte;SECRETARIA ESTADUAL DE SAÚDE DE MINAS GERAIS - UF;18/09/2026 09:26:07
567565;0741700461;ARES;VTCLOG CNF - CONTAGEM;;MG;10/09/2026 16:26:00;Retornado;MG;Belo Horizonte;SECRETARIA ESTADUAL DE SAÚDE DE MINAS GERAIS - UF;17/09/2026 10:52:00
567565;0741700465;ARES;VTCLOG CNF - CONTAGEM;;MG;10/09/2026 16:26:00;Retornado;MG;Belo Horizonte;SECRETARIA ESTADUAL DE SAÚDE DE MINAS GERAIS - UF;21/09/2026 11:17:12
567565;0741700471;ARES;VTCLOG CNF - CONTAGEM;;MG;10/09/2026 16:26:00;Retornado;MG;Belo Horizonte;SECRETARIA ESTADUAL DE SAÚDE DE MINAS GERAIS - UF;18/09/2026 08:52:41
567565;0741700480;ARES;VTCLOG CNF - CONTAGEM;;MG;10/09/2026 16:26:00;Retornado;MG;Belo Horizonte;SECRETARIA ESTADUAL DE SAÚDE DE MINAS GERAIS - UF;17/09/2026 11:43:40
567565;0741700490;ARES;VTCLOG CNF - CONTAGEM;;MG;10/09/2026 16:26:00;Retornado;MG;Belo Horizonte;SECRETARIA ESTADUAL DE SAÚDE DE MINAS GERAIS - UF;17/09/2026 16:23:41
567565;0741700508;ARES;VTCLOG CNF - CONTAGEM;;MG;10/09/2026 16:26:00;Retornado;MG;Belo Horizonte;SECRETARIA ESTADUAL DE SAÚDE DE MINAS GERAIS - UF;17/09/2026 10:52:00
567565;0741700516;ARES;VTCLOG CNF - CONTAGEM;;MG;10/09/2026 16:26:00;Retornado;MG;Belo Horizonte;SECRETARIA ESTADUAL DE SAÚDE DE MINAS GERAIS - UF;16/09/2026 00:54:50
567565;0741700529;ARES;VTCLOG CNF - CONTAGEM;;MG;10/09/2026 16:26:00;Retornado;MG;Belo Horizonte;SECRETARIA ESTADUAL DE SAÚDE DE MINAS GERAIS - UF;19/09/2026 08:57:14
567565;0741700535;ARES;VTCLOG CNF - CONTAGEM;;MG;10/09/2026 16:26:00;Retornado;MG;Belo Horizonte;SECRETARIA ESTADUAL DE SAÚDE DE MINAS GERAIS - UF;21/09/2026 15:53:33
567565;0741700551;ARES;VTCLOG CNF - CONTAGEM;;MG;10/09/2026 16:26:00;Retornado;MG;Belo Horizonte;SECRETARIA ESTADUAL DE SAÚDE DE MINAS GERAIS - UF;19/09/2026 08:58:23
567565;0741700584;ARES;VTCLOG CNF - CONTAGEM;;MG;10/09/2026 16:26:00;Retornado;MG;Belo Horizonte;SECRETARIA ESTADUAL DE SAÚDE DE MINAS GERAIS - UF;21/09/2026 16:23:25
567565;0741700585;ARES;VTCLOG CNF - CONTAGEM;;MG;10/09/2026 16:26:00;Retornado;MG;Belo Horizonte;SECRETARIA ESTADUAL DE SAÚDE DE MINAS GERAIS - UF;21/09/2026 14:04:16
567565;0741700676;ARES;VTCLOG CNF - CONTAGEM;;MG;10/09/2026 16:26:00;Retornado;MG;Belo Horizonte;SECRETARIA ESTADUAL DE SAÚDE DE MINAS GERAIS - UF;17/09/2026 10:52:00
567565;0741700715;ARES;VTCLOG CNF - CONTAGEM;;MG;10/09/2026 16:26:00;Retornado;MG;Belo Horizonte;SECRETARIA ESTADUAL DE SAÚDE DE MINAS GERAIS - UF;19/09/2026 08:56:41
567565;0741700722;ARES;VTCLOG CNF - CONTAGEM;;MG;10/09/2026 16:26:00;Retornado;MG;Belo Horizonte;SECRETARIA ESTADUAL DE SAÚDE DE MINAS GERAIS - UF;17/09/2026 16:29:41
567565;0741700727;ARES;VTCLOG CNF - CONTAGEM;;MG;10/09/2026 16:26:00;Retornado;MG;Belo Horizonte;SECRETARIA ESTADUAL DE SAÚDE DE MINAS GERAIS - UF;17/09/2026 17:00:00
567565;0741700736;ARES;VTCLOG CNF - CONTAGEM;;MG;10/09/2026 16:26:00;Retornado;MG;Belo Horizonte;SECRETARIA ESTADUAL DE SAÚDE DE MINAS GERAIS - UF;17/09/2026 16:23:34
567565;0741700748;ARES;VTCLOG CNF - CONTAGEM;;MG;10/09/2026 16:26:00;Retornado;MG;Belo Horizonte;SECRETARIA ESTADUAL DE SAÚDE DE MINAS GERAIS - UF;18/09/2026 11:18:15
567565;0741700765;ARES;VTCLOG CNF - CONTAGEM;;MG;10/09/2026 16:26:00;Retornado;MG;Belo Horizonte;SECRETARIA ESTADUAL DE SAÚDE DE MINAS GERAIS - UF;19/09/2026 10:40:33
567565;0741700767;ARES;VTCLOG CNF - CONTAGEM;;MG;10/09/2026 16:26:00;Retornado;MG;Belo Horizonte;SECRETARIA ESTADUAL DE SAÚDE DE MINAS GERAIS - UF;18/09/2026 15:56:58
567565;0741700783;ARES;VTCLOG CNF - CONTAGEM;;MG;10/09/2026 16:26:00;Retornado;MG;Belo Horizonte;SECRETARIA ESTADUAL DE SAÚDE DE MINAS GERAIS - UF;21/09/2026 12:59:49
567565;0741700818;ARES;VTCLOG CNF - CONTAGEM;;MG;10/09/2026 16:26:00;Retornado;MG;Belo Horizonte;SECRETARIA ESTADUAL DE SAÚDE DE MINAS GERAIS - UF;17/09/2026 15:22:25
567565;0741700841;ARES;VTCLOG CNF - CONTAGEM;;MG;10/09/2026 16:26:00;Pendente de Retorno;MG;Belo Horizonte;SECRETARIA ESTADUAL DE SAÚDE DE MINAS GERAIS - UF;10/09/2026 16:26:00
567565;0741700844;ARES;VTCLOG CNF - CONTAGEM;;MG;10/09/2026 16:26:00;Pendente de Retorno;MG;Belo Horizonte;SECRETARIA ESTADUAL DE SAÚDE DE MINAS GERAIS - UF;10/09/2026 16:26:00
567565;0741700860;ARES;VTCLOG CNF - CONTAGEM;;MG;10/09/2026 16:26:00;Retornado;MG;Belo Horizonte;SECRETARIA ESTADUAL DE SAÚDE DE MINAS GERAIS - UF;21/09/2026 16:58:04
567565;0741700865;ARES;VTCLOG CNF - CONTAGEM;;MG;10/09/2026 16:26:00;Retornado;MG;Belo Horizonte;SECRETARIA ESTADUAL DE SAÚDE DE MINAS GERAIS - UF;17/09/2026 15:19:14
567565;0741700872;ARES;VTCLOG CNF - CONTAGEM;;MG;10/09/2026 16:26:00;Retornado;MG;Belo Horizonte;SECRETARIA ESTADUAL DE SAÚDE DE MINAS GERAIS - UF;21/09/2026 12:59:49
567565;0741700879;ARES;VTCLOG CNF - CONTAGEM;;MG;10/09/2026 16:26:00;Retornado;MG;Belo Horizonte;SECRETARIA ESTADUAL DE SAÚDE DE MINAS GERAIS - UF;17/09/2026 15:23:01
567565;0741700889;ARES;VTCLOG CNF - CONTAGEM;;MG;10/09/2026 16:26:00;Retornado;MG;Belo Horizonte;SECRETARIA ESTADUAL DE SAÚDE DE MINAS GERAIS - UF;18/09/2026 11:48:50
567565;0741700898;ARES;VTCLOG CNF - CONTAGEM;;MG;10/09/2026 16:26:00;Retornado;MG;Belo Horizonte;SECRETARIA ESTADUAL DE SAÚDE DE MINAS GERAIS - UF;21/09/2026 12:59:49
567565;0741700908;ARES;VTCLOG CNF - CONTAGEM;;MG;10/09/2026 16:26:00;Retornado;MG;Belo Horizonte;SECRETARIA ESTADUAL DE SAÚDE DE MINAS GERAIS - UF;17/09/2026 17:00:00
567565;0741700911;ARES;VTCLOG CNF - CONTAGEM;;MG;10/09/2026 16:26:00;Retornado;MG;Belo Horizonte;SECRETARIA ESTADUAL DE SAÚDE DE MINAS GERAIS - UF;17/09/2026 10:52:00
567565;0741700915;ARES;VTCLOG CNF - CONTAGEM;;MG;10/09/2026 16:26:00;Retornado;MG;Belo Horizonte;SECRETARIA ESTADUAL DE SAÚDE DE MINAS GERAIS - UF;16/09/2026 00:54:51
567565;0741700920;ARES;VTCLOG CNF - CONTAGEM;;MG;10/09/2026 16:26:00;Retornado;MG;Belo Horizonte;SECRETARIA ESTADUAL DE SAÚDE DE MINAS GERAIS - UF;17/09/2026 17:33:51
567565;0741700940;ARES;VTCLOG CNF - CONTAGEM;;MG;10/09/2026 16:26:00;Retornado;MG;Belo Horizonte;SECRETARIA ESTADUAL DE SAÚDE DE MINAS GERAIS - UF;17/09/2026 17:33:06
567565;0741700954;ARES;VTCLOG CNF - CONTAGEM;;MG;10/09/2026 16:26:00;Retornado;MG;Belo Horizonte;SECRETARIA ESTADUAL DE SAÚDE DE MINAS GERAIS - UF;18/09/2026 09:45:42
567565;0741700967;ARES;VTCLOG CNF - CONTAGEM;;MG;10/09/2026 16:26:00;Retornado;MG;Belo Horizonte;SECRETARIA ESTADUAL DE SAÚDE DE MINAS GERAIS - UF;21/09/2026 08:54:49
567565;0741700991;ARES;VTCLOG CNF - CONTAGEM;;MG;10/09/2026 16:26:00;Retornado;MG;Belo Horizonte;SECRETARIA ESTADUAL DE SAÚDE DE MINAS GERAIS - UF;21/09/2026 13:37:52
567565;A0902;ARES;VTCLOG CNF - CONTAGEM;;MG;10/09/2026 16:26:00;Pendente de Retorno;MG;Belo Horizonte;SECRETARIA ESTADUAL DE SAÚDE DE MINAS GERAIS - UF;17/07/2026 08:35:14
567565;A1630;ARES;VTCLOG CNF - CONTAGEM;;MG;10/09/2026 16:26:00;Pendente de Retorno;MG;Belo Horizonte;SECRETARIA ESTADUAL DE SAÚDE DE MINAS GERAIS - UF;08/05/2026 19:46:20
567565;A1904;ARES;VTCLOG CNF - CONTAGEM;;MG;10/09/2026 16:26:00;Pendente de Retorno;MG;Belo Horizonte;SECRETARIA ESTADUAL DE SAÚDE DE MINAS GERAIS - UF;18/07/2026 11:41:42
567565;A3366;ARES;VTCLOG CNF - CONTAGEM;;MG;10/09/2026 16:26:00;Pendente de Retorno;MG;Belo Horizonte;SECRETARIA ESTADUAL DE SAÚDE DE MINAS GERAIS - UF;27/07/2026 12:29:38
567565;A4041;ARES;VTCLOG CNF - CONTAGEM;;MG;10/09/2026 16:26:00;Pendente de Retorno;MG;Belo Horizonte;SECRETARIA ESTADUAL DE SAÚDE DE MINAS GERAIS - UF;21/07/2026 00:05:32
567565;A5019;ARES;VTCLOG CNF - CONTAGEM;;MG;10/09/2026 16:26:00;Pendente de Retorno;MG;Belo Horizonte;SECRETARIA ESTADUAL DE SAÚDE DE MINAS GERAIS - UF;27/07/2026 00:13:46
567565;A5508;ARES;VTCLOG CNF - CONTAGEM;;MG;10/09/2026 16:26:00;Pendente de Retorno;MG;Belo Horizonte;SECRETARIA ESTADUAL DE SAÚDE DE MINAS GERAIS - UF;06/07/2026 13:47:42
567565;A5693;ARES;VTCLOG CNF - CONTAGEM;;MG;10/09/2026 16:26:00;Pendente de Retorno;MG;Belo Horizonte;SECRETARIA ESTADUAL DE SAÚDE DE MINAS GERAIS - UF;25/07/2026 21:28:39
567565;A5777;ARES;VTCLOG CNF - CONTAGEM;;MG;10/09/2026 16:26:00;Pendente de Retorno;MG;Belo Horizonte;SECRETARIA ESTADUAL DE SAÚDE DE MINAS GERAIS - UF;24/07/2026 08:32:59
567565;A6647;ARES;VTCLOG CNF - CONTAGEM;;MG;10/09/2026 16:26:00;Pendente de Retorno;MG;Belo Horizonte;SECRETARIA ESTADUAL DE SAÚDE DE MINAS GERAIS - UF;27/07/2026 15:21:18
567565;A7058;ARES;VTCLOG CNF - CONTAGEM;;MG;10/09/2026 16:26:00;Pendente de Retorno;MG;Belo Horizonte;SECRETARIA ESTADUAL DE SAÚDE DE MINAS GERAIS - UF;23/07/2026 07:43:34
567565;A7164;ARES;VTCLOG CNF - CONTAGEM;;MG;10/09/2026 16:26:00;Pendente de Retorno;MG;Belo Horizonte;SECRETARIA ESTADUAL DE SAÚDE DE MINAS GERAIS - UF;20/07/2026 11:38:03
567565;A7416;ARES;VTCLOG CNF - CONTAGEM;;MG;10/09/2026 16:26:00;Pendente de Retorno;MG;Belo Horizonte;SECRETARIA ESTADUAL DE SAÚDE DE MINAS GERAIS - UF;26/07/2026 20:51:23
567565;A8281;ARES;VTCLOG CNF - CONTAGEM;;MG;10/09/2026 16:26:00;Pendente de Retorno;MG;Belo Horizonte;SECRETARIA ESTADUAL DE SAÚDE DE MINAS GERAIS - UF;25/07/2026 12:08:14
567565;A8469;ARES;VTCLOG CNF - CONTAGEM;;MG;10/09/2026 16:26:00;Pendente de Retorno;MG;Belo Horizonte;SECRETARIA ESTADUAL DE SAÚDE DE MINAS GERAIS - UF;15/07/2026 10:52:19
567565;A8975;ARES;VTCLOG CNF - CONTAGEM;;MG;10/09/2026 16:26:00;Pendente de Retorno;MG;Belo Horizonte;SECRETARIA ESTADUAL DE SAÚDE DE MINAS GERAIS - UF;27/07/2026 17:13:36
567565;A9569;ARES;VTCLOG CNF - CONTAGEM;;MG;10/09/2026 16:26:00;Pendente de Retorno;MG;Belo Horizonte;SECRETARIA ESTADUAL DE SAÚDE DE MINAS GERAIS - UF;23/07/2026 21:13:15
567565;A9583;ARES;VTCLOG CNF - CONTAGEM;;MG;10/09/2026 16:26:00;Pendente de Retorno;MG;Belo Horizonte;SECRETARIA ESTADUAL DE SAÚDE DE MINAS GERAIS - UF;27/07/2026 17:11:35
567565;TA0324;ARES;VTCLOG CNF - CONTAGEM;;MG;10/09/2026 16:26:00;Pendente de Retorno;MG;Belo Horizonte;SECRETARIA ESTADUAL DE SAÚDE DE MINAS GERAIS - UF;23/07/2026 08:39:31
567565;TA0765;ARES;VTCLOG CNF - CONTAGEM;;MG;10/09/2026 16:26:00;Pendente de Retorno;MG;Belo Horizonte;SECRETARIA ESTADUAL DE SAÚDE DE MINAS GERAIS - UF;21/07/2026 17:42:14
567565;TA0844;ARES;VTCLOG CNF - CONTAGEM;;MG;10/09/2026 16:26:00;Pendente de Retorno;MG;Belo Horizonte;SECRETARIA ESTADUAL DE SAÚDE DE MINAS GERAIS - UF;30/06/2026 08:38:03
567565;TA0974;ARES;VTCLOG CNF - CONTAGEM;;MG;10/09/2026 16:26:00;Pendente de Retorno;MG;Belo Horizonte;SECRETARIA ESTADUAL DE SAÚDE DE MINAS GERAIS - UF;30/06/2026 08:22:39
566271;A0078;ARES;SLZ - REIS CAVALCANTE EXPRESSO;;MA;10/09/2026 16:23:34;Pendente de Retorno;MA;Sao Luis;HOSPITAL MACRORREGIONAL DRA RUTH NOLETO;27/07/2026 17:14:49
566271;A1108;ARES;SLZ - REIS CAVALCANTE EXPRESSO;;MA;10/09/2026 16:23:34;Pendente de Retorno;MA;Sao Luis;HOSPITAL MACRORREGIONAL DRA RUTH NOLETO;18/07/2026 08:01:44
566271;A1339;ARES;SLZ - REIS CAVALCANTE EXPRESSO;;MA;10/09/2026 16:23:34;Pendente de Retorno;MA;Sao Luis;HOSPITAL MACRORREGIONAL DRA RUTH NOLETO;09/07/2026 21:56:37
566271;A1633;ARES;SLZ - REIS CAVALCANTE EXPRESSO;;MA;10/09/2026 16:23:34;Pendente de Retorno;MA;Sao Luis;HOSPITAL MACRORREGIONAL DRA RUTH NOLETO;26/07/2026 22:22:23
566271;A1742;ARES;SLZ - REIS CAVALCANTE EXPRESSO;;MA;10/09/2026 16:23:34;Pendente de Retorno;MA;Sao Luis;HOSPITAL MACRORREGIONAL DRA RUTH NOLETO;09/07/2026 08:58:59
566271;A2953;ARES;SLZ - REIS CAVALCANTE EXPRESSO;;MA;10/09/2026 16:23:34;Pendente de Retorno;MA;Sao Luis;HOSPITAL MACRORREGIONAL DRA RUTH NOLETO;25/07/2026 21:40:19
566271;A3447;ARES;SLZ - REIS CAVALCANTE EXPRESSO;;MA;10/09/2026 16:23:34;Pendente de Retorno;MA;Sao Luis;HOSPITAL MACRORREGIONAL DRA RUTH NOLETO;14/07/2026 14:39:45
566271;A3590;ARES;SLZ - REIS CAVALCANTE EXPRESSO;;MA;10/09/2026 16:23:34;Pendente de Retorno;MA;Sao Luis;HOSPITAL MACRORREGIONAL DRA RUTH NOLETO;10/07/2026 02:11:54
566271;A3715;ARES;SLZ - REIS CAVALCANTE EXPRESSO;;MA;10/09/2026 16:23:34;Pendente de Retorno;MA;Sao Luis;HOSPITAL MACRORREGIONAL DRA RUTH NOLETO;24/07/2026 08:32:44
566271;A3959;ARES;SLZ - REIS CAVALCANTE EXPRESSO;;MA;10/09/2026 16:23:34;Pendente de Retorno;MA;Sao Luis;HOSPITAL MACRORREGIONAL DRA RUTH NOLETO;21/07/2026 17:28:29
566271;A5001;ARES;SLZ - REIS CAVALCANTE EXPRESSO;;MA;10/09/2026 16:23:34;Pendente de Retorno;MA;Sao Luis;HOSPITAL MACRORREGIONAL DRA RUTH NOLETO;17/07/2026 08:23:03
566271;A5706;ARES;SLZ - REIS CAVALCANTE EXPRESSO;;MA;10/09/2026 16:23:34;Pendente de Retorno;MA;Sao Luis;HOSPITAL MACRORREGIONAL DRA RUTH NOLETO;23/07/2026 07:42:22
566271;A5772;ARES;SLZ - REIS CAVALCANTE EXPRESSO;;MA;10/09/2026 16:23:34;Pendente de Retorno;MA;Sao Luis;HOSPITAL MACRORREGIONAL DRA RUTH NOLETO;21/07/2026 17:10:16
566271;A6214;ARES;SLZ - REIS CAVALCANTE EXPRESSO;;MA;10/09/2026 16:23:34;Pendente de Retorno;MA;Sao Luis;HOSPITAL MACRORREGIONAL DRA RUTH NOLETO;27/07/2026 12:29:37
566271;A6429;ARES;SLZ - REIS CAVALCANTE EXPRESSO;;MA;10/09/2026 16:23:34;Pendente de Retorno;MA;Sao Luis;HOSPITAL MACRORREGIONAL DRA RUTH NOLETO;27/07/2026 17:12:56
566271;A7070;ARES;SLZ - REIS CAVALCANTE EXPRESSO;;MA;10/09/2026 16:23:34;Pendente de Retorno;MA;Sao Luis;HOSPITAL MACRORREGIONAL DRA RUTH NOLETO;03/07/2026 08:18:35
566271;A7808;ARES;SLZ - REIS CAVALCANTE EXPRESSO;;MA;10/09/2026 16:23:34;Pendente de Retorno;MA;Sao Luis;HOSPITAL MACRORREGIONAL DRA RUTH NOLETO;14/07/2026 17:28:15
566271;A7882;ARES;SLZ - REIS CAVALCANTE EXPRESSO;;MA;10/09/2026 16:23:34;Pendente de Retorno;MA;Sao Luis;HOSPITAL MACRORREGIONAL DRA RUTH NOLETO;21/07/2026 17:13:00
566271;A8197;ARES;SLZ - REIS CAVALCANTE EXPRESSO;;MA;10/09/2026 16:23:34;Pendente de Retorno;MA;Sao Luis;HOSPITAL MACRORREGIONAL DRA RUTH NOLETO;13/05/2026 16:41:22
566271;A8210;ARES;SLZ - REIS CAVALCANTE EXPRESSO;;MA;10/09/2026 16:23:34;Pendente de Retorno;MA;Sao Luis;HOSPITAL MACRORREGIONAL DRA RUTH NOLETO;30/06/2026 08:37:46
566271;A8222;ARES;SLZ - REIS CAVALCANTE EXPRESSO;;MA;10/09/2026 16:23:34;Pendente de Retorno;MA;Sao Luis;HOSPITAL MACRORREGIONAL DRA RUTH NOLETO;21/07/2026 17:23:50
566271;A8410;ARES;SLZ - REIS CAVALCANTE EXPRESSO;;MA;10/09/2026 16:23:34;Pendente de Retorno;MA;Sao Luis;HOSPITAL MACRORREGIONAL DRA RUTH NOLETO;22/07/2026 08:58:32
566271;A9135;ARES;SLZ - REIS CAVALCANTE EXPRESSO;;MA;10/09/2026 16:23:34;Pendente de Retorno;MA;Sao Luis;HOSPITAL MACRORREGIONAL DRA RUTH NOLETO;27/07/2026 00:14:44
566271;A9534;ARES;SLZ - REIS CAVALCANTE EXPRESSO;;MA;10/09/2026 16:23:34;Pendente de Retorno;MA;Sao Luis;HOSPITAL MACRORREGIONAL DRA RUTH NOLETO;18/07/2026 11:43:25
566271;TA0390;ARES;SLZ - REIS CAVALCANTE EXPRESSO;;MA;10/09/2026 16:23:34;Pendente de Retorno;MA;Sao Luis;HOSPITAL MACRORREGIONAL DRA RUTH NOLETO;13/07/2026 16:42:38
566271;TA1187;ARES;SLZ - REIS CAVALCANTE EXPRESSO;;MA;10/09/2026 16:23:34;Pendente de Retorno;MA;Sao Luis;HOSPITAL MACRORREGIONAL DRA RUTH NOLETO;13/07/2026 08:27:08
566982;A3849;ARES;PMW - MK BILLIG TRANSPORTES E LOGISTICA EIRELLI;;TO;10/09/2026 16:20:00;Pendente de Retorno;TO;Palmas;LABORATÓRIO DE SAÚDE PÚBLICA DE ARAGUAÍNA (LSPA);10/09/2026 16:20:00
566909;TA0071;ARES;PMW - MK BILLIG TRANSPORTES E LOGISTICA EIRELLI;;TO;10/09/2026 16:20:00;Pendente de Retorno;TO;Palmas;LABORATÓRIO DE SAÚDE PÚBLICA DE ARAGUAÍNA (LSPA);21/07/2026 09:43:50
566192;A1631;ARES;SLZ - REIS CAVALCANTE EXPRESSO;;MA;10/09/2026 16:15:14;Pendente de Retorno;MA;Sao Luis;HOSPITAL MACRORREGIONAL DRA RUTH NOLETO;20/06/2026 10:16:40
566192;A4942;ARES;SLZ - REIS CAVALCANTE EXPRESSO;;MA;10/09/2026 16:15:14;Pendente de Retorno;MA;Sao Luis;HOSPITAL MACRORREGIONAL DRA RUTH NOLETO;14/07/2026 14:42:00
566192;A7155;ARES;SLZ - REIS CAVALCANTE EXPRESSO;;MA;10/09/2026 16:15:14;Pendente de Retorno;MA;Sao Luis;HOSPITAL MACRORREGIONAL DRA RUTH NOLETO;17/07/2026 15:30:33
566192;A7293;ARES;SLZ - REIS CAVALCANTE EXPRESSO;;MA;10/09/2026 16:15:14;Pendente de Retorno;MA;Sao Luis;HOSPITAL MACRORREGIONAL DRA RUTH NOLETO;18/07/2026 10:22:45
566192;A7977;ARES;SLZ - REIS CAVALCANTE EXPRESSO;;MA;10/09/2026 16:15:14;Pendente de Retorno;MA;Sao Luis;HOSPITAL MACRORREGIONAL DRA RUTH NOLETO;22/07/2026 23:49:13
566192;A9220;ARES;SLZ - REIS CAVALCANTE EXPRESSO;;MA;10/09/2026 16:15:14;Pendente de Retorno;MA;Sao Luis;HOSPITAL MACRORREGIONAL DRA RUTH NOLETO;13/07/2026 08:42:38
566192;TA0207;ARES;SLZ - REIS CAVALCANTE EXPRESSO;;MA;10/09/2026 16:15:14;Pendente de Retorno;MA;Sao Luis;HOSPITAL MACRORREGIONAL DRA RUTH NOLETO;10/07/2026 15:35:02
567715;A7347;ARES;JPA - LIDER CARGAS;;PB;10/09/2026 16:09:00;Pendente de Retorno;PB;Campina Grande;JOÃO MENDES DA SILVA NETO 00737.003530/2026-42;30/06/2026 08:20:11
565250;0741700051;ARES;CGR - LH TRANSPORTES;;MS;10/09/2026 16:08:41;Retornado;MS;Campo Grande;LIM - LOGISTICA INTELIGENTE DE MEDICAMENTOS;20/09/2026 20:02:02
565250;0741700052;ARES;CGR - LH TRANSPORTES;;MS;10/09/2026 16:08:41;Retornado;MS;Campo Grande;LIM - LOGISTICA INTELIGENTE DE MEDICAMENTOS;20/09/2026 20:09:54
565250;0741700058;ARES;CGR - LH TRANSPORTES;;MS;10/09/2026 16:08:41;Retornado;MS;Campo Grande;LIM - LOGISTICA INTELIGENTE DE MEDICAMENTOS;21/09/2026 09:58:40
565250;0741700066;ARES;CGR - LH TRANSPORTES;;MS;10/09/2026 16:08:41;Retornado;MS;Campo Grande;LIM - LOGISTICA INTELIGENTE DE MEDICAMENTOS;22/09/2026 00:29:44
565250;0741700076;ARES;CGR - LH TRANSPORTES;;MS;10/09/2026 16:08:41;Retornado;MS;Campo Grande;LIM - LOGISTICA INTELIGENTE DE MEDICAMENTOS;20/09/2026 20:47:14
565250;0741700083;ARES;CGR - LH TRANSPORTES;;MS;10/09/2026 16:08:41;Retornado;MS;Campo Grande;LIM - LOGISTICA INTELIGENTE DE MEDICAMENTOS;20/09/2026 09:36:31
565250;0741700086;ARES;CGR - LH TRANSPORTES;;MS;10/09/2026 16:08:41;Retornado;MS;Campo Grande;LIM - LOGISTICA INTELIGENTE DE MEDICAMENTOS;21/09/2026 16:31:55
565250;0741700094;ARES;CGR - LH TRANSPORTES;;MS;10/09/2026 16:08:41;Retornado;MS;Campo Grande;LIM - LOGISTICA INTELIGENTE DE MEDICAMENTOS;20/09/2026 20:23:40
565250;0741700099;ARES;CGR - LH TRANSPORTES;;MS;10/09/2026 16:08:41;Retornado;MS;Campo Grande;LIM - LOGISTICA INTELIGENTE DE MEDICAMENTOS;21/09/2026 23:25:12
565250;0741700102;ARES;CGR - LH TRANSPORTES;;MS;10/09/2026 16:08:41;Retornado;MS;Campo Grande;LIM - LOGISTICA INTELIGENTE DE MEDICAMENTOS;20/09/2026 20:47:14
565250;0741700105;ARES;CGR - LH TRANSPORTES;;MS;10/09/2026 16:08:41;Retornado;MS;Campo Grande;LIM - LOGISTICA INTELIGENTE DE MEDICAMENTOS;20/09/2026 20:09:54
565250;0741700108;ARES;CGR - LH TRANSPORTES;;MS;10/09/2026 16:08:41;Retornado;MS;Campo Grande;LIM - LOGISTICA INTELIGENTE DE MEDICAMENTOS;20/09/2026 20:05:55
565250;0741700110;ARES;CGR - LH TRANSPORTES;;MS;10/09/2026 16:08:41;Retornado;MS;Campo Grande;LIM - LOGISTICA INTELIGENTE DE MEDICAMENTOS;20/09/2026 20:25:35
565250;0741700120;ARES;CGR - LH TRANSPORTES;;MS;10/09/2026 16:08:41;Retornado;MS;Campo Grande;LIM - LOGISTICA INTELIGENTE DE MEDICAMENTOS;19/09/2026 11:59:08
565250;0741700248;ARES;CGR - LH TRANSPORTES;;MS;10/09/2026 16:08:41;Retornado;MS;Campo Grande;LIM - LOGISTICA INTELIGENTE DE MEDICAMENTOS;21/09/2026 16:46:29
565250;0741700261;ARES;CGR - LH TRANSPORTES;;MS;10/09/2026 16:08:41;Retornado;MS;Campo Grande;LIM - LOGISTICA INTELIGENTE DE MEDICAMENTOS;20/09/2026 20:25:35
565250;0741700275;ARES;CGR - LH TRANSPORTES;;MS;10/09/2026 16:08:41;Retornado;MS;Campo Grande;LIM - LOGISTICA INTELIGENTE DE MEDICAMENTOS;20/09/2026 10:03:55
565250;0741700343;ARES;CGR - LH TRANSPORTES;;MS;10/09/2026 16:08:41;Retornado;MS;Campo Grande;LIM - LOGISTICA INTELIGENTE DE MEDICAMENTOS;21/09/2026 11:56:02
565250;0741700373;ARES;CGR - LH TRANSPORTES;;MS;10/09/2026 16:08:41;Retornado;MS;Campo Grande;LIM - LOGISTICA INTELIGENTE DE MEDICAMENTOS;20/09/2026 20:07:53
565250;0741700386;ARES;CGR - LH TRANSPORTES;;MS;10/09/2026 16:08:41;Retornado;MS;Campo Grande;LIM - LOGISTICA INTELIGENTE DE MEDICAMENTOS;20/09/2026 20:25:35
565250;0741700392;ARES;CGR - LH TRANSPORTES;;MS;10/09/2026 16:08:41;Retornado;MS;Campo Grande;LIM - LOGISTICA INTELIGENTE DE MEDICAMENTOS;18/09/2026 15:43:26
565250;0741700397;ARES;CGR - LH TRANSPORTES;;MS;10/09/2026 16:08:41;Retornado;MS;Campo Grande;LIM - LOGISTICA INTELIGENTE DE MEDICAMENTOS;20/09/2026 20:43:10
565250;0741700399;ARES;CGR - LH TRANSPORTES;;MS;10/09/2026 16:08:41;Retornado;MS;Campo Grande;LIM - LOGISTICA INTELIGENTE DE MEDICAMENTOS;21/09/2026 08:50:38
565250;0741700407;ARES;CGR - LH TRANSPORTES;;MS;10/09/2026 16:08:41;Retornado;MS;Campo Grande;LIM - LOGISTICA INTELIGENTE DE MEDICAMENTOS;21/09/2026 03:07:23
565250;0741700429;ARES;CGR - LH TRANSPORTES;;MS;10/09/2026 16:08:41;Retornado;MS;Campo Grande;LIM - LOGISTICA INTELIGENTE DE MEDICAMENTOS;21/09/2026 08:54:49
565250;0741700435;ARES;CGR - LH TRANSPORTES;;MS;10/09/2026 16:08:41;Retornado;MS;Campo Grande;LIM - LOGISTICA INTELIGENTE DE MEDICAMENTOS;18/09/2026 02:41:35
565250;0741700449;ARES;CGR - LH TRANSPORTES;;MS;10/09/2026 16:08:41;Retornado;MS;Campo Grande;LIM - LOGISTICA INTELIGENTE DE MEDICAMENTOS;21/09/2026 12:23:55
565250;0741700462;ARES;CGR - LH TRANSPORTES;;MS;10/09/2026 16:08:41;Retornado;MS;Campo Grande;LIM - LOGISTICA INTELIGENTE DE MEDICAMENTOS;20/09/2026 20:21:45
565250;0741700500;ARES;CGR - LH TRANSPORTES;;MS;10/09/2026 16:08:41;Retornado;MS;Campo Grande;LIM - LOGISTICA INTELIGENTE DE MEDICAMENTOS;21/09/2026 09:58:40
565250;A0372;ARES;CGR - LH TRANSPORTES;;MS;10/09/2026 16:08:41;Pendente de Retorno;MS;Campo Grande;LIM - LOGISTICA INTELIGENTE DE MEDICAMENTOS;23/06/2026 17:10:06
565250;A2254;ARES;CGR - LH TRANSPORTES;;MS;10/09/2026 16:08:41;Retornado;MS;Campo Grande;LIM - LOGISTICA INTELIGENTE DE MEDICAMENTOS;21/09/2026 17:16:47
565250;A5094;ARES;CGR - LH TRANSPORTES;;MS;10/09/2026 16:08:41;Pendente de Retorno;MS;Campo Grande;LIM - LOGISTICA INTELIGENTE DE MEDICAMENTOS;22/07/2026 09:01:36
565250;A5694;ARES;CGR - LH TRANSPORTES;;MS;10/09/2026 16:08:41;Pendente de Retorno;MS;Campo Grande;LIM - LOGISTICA INTELIGENTE DE MEDICAMENTOS;23/07/2026 21:12:53
565250;A5712;ARES;CGR - LH TRANSPORTES;;MS;10/09/2026 16:08:41;Pendente de Retorno;MS;Campo Grande;LIM - LOGISTICA INTELIGENTE DE MEDICAMENTOS;24/07/2026 08:37:09
565250;A5890;ARES;CGR - LH TRANSPORTES;;MS;10/09/2026 16:08:41;Pendente de Retorno;MS;Campo Grande;LIM - LOGISTICA INTELIGENTE DE MEDICAMENTOS;14/07/2026 14:41:27
565250;A6336;ARES;CGR - LH TRANSPORTES;;MS;10/09/2026 16:08:41;Pendente de Retorno;MS;Campo Grande;LIM - LOGISTICA INTELIGENTE DE MEDICAMENTOS;27/07/2026 17:17:02
565250;A6584;ARES;CGR - LH TRANSPORTES;;MS;10/09/2026 16:08:41;Pendente de Retorno;MS;Campo Grande;LIM - LOGISTICA INTELIGENTE DE MEDICAMENTOS;30/06/2026 08:20:59
565250;A7382;ARES;CGR - LH TRANSPORTES;;MS;10/09/2026 16:08:41;Pendente de Retorno;MS;Campo Grande;LIM - LOGISTICA INTELIGENTE DE MEDICAMENTOS;22/07/2026 23:46:07
565250;A8809;ARES;CGR - LH TRANSPORTES;;MS;10/09/2026 16:08:41;Pendente de Retorno;MS;Campo Grande;LIM - LOGISTICA INTELIGENTE DE MEDICAMENTOS;09/07/2026 23:50:27
565250;A8969;ARES;CGR - LH TRANSPORTES;;MS;10/09/2026 16:08:41;Pendente de Retorno;MS;Campo Grande;LIM - LOGISTICA INTELIGENTE DE MEDICAMENTOS;22/07/2026 08:58:34
565250;A9570;ARES;CGR - LH TRANSPORTES;;MS;10/09/2026 16:08:41;Pendente de Retorno;MS;Campo Grande;LIM - LOGISTICA INTELIGENTE DE MEDICAMENTOS;27/07/2026 12:33:13
565250;TA0535;ARES;CGR - LH TRANSPORTES;;MS;10/09/2026 16:08:41;Pendente de Retorno;MS;Campo Grande;LIM - LOGISTICA INTELIGENTE DE MEDICAMENTOS;23/06/2026 08:39:22
566055;0741700046;ARES;CWB - TGEX TRANSPORTES E LOCACAO DE VEIC;;PR;10/09/2026 16:00:00;Retornado;PR;Curitiba;SECRETARIA ESTADUAL DE SAUDE DO PARANA;21/09/2026 16:59:05
566055;0741700092;ARES;CWB - TGEX TRANSPORTES E LOCACAO DE VEIC;;PR;10/09/2026 16:00:00;Retornado;PR;Curitiba;SECRETARIA ESTADUAL DE SAUDE DO PARANA;18/09/2026 11:18:15
566018;0741700152;ARES;CWB - TGEX TRANSPORTES E LOCACAO DE VEIC;;PR;10/09/2026 16:00:00;Retornado;PR;Curitiba;SECRETARIA ESTADUAL DE SAUDE DO PARANA;18/09/2026 11:18:15
566018;0741700155;ARES;CWB - TGEX TRANSPORTES E LOCACAO DE VEIC;;PR;10/09/2026 16:00:00;Retornado;PR;Curitiba;SECRETARIA ESTADUAL DE SAUDE DO PARANA;17/09/2026 11:52:28
566055;0741700214;ARES;CWB - TGEX TRANSPORTES E LOCACAO DE VEIC;;PR;10/09/2026 16:00:00;Retornado;PR;Curitiba;SECRETARIA ESTADUAL DE SAUDE DO PARANA;21/09/2026 12:24:15
566018;0741700235;ARES;CWB - TGEX TRANSPORTES E LOCACAO DE VEIC;;PR;10/09/2026 16:00:00;Retornado;PR;Curitiba;SECRETARIA ESTADUAL DE SAUDE DO PARANA;17/09/2026 11:00:03
566018;0741700290;ARES;CWB - TGEX TRANSPORTES E LOCACAO DE VEIC;;PR;10/09/2026 16:00:00;Retornado;PR;Curitiba;SECRETARIA ESTADUAL DE SAUDE DO PARANA;21/09/2026 13:21:28
566018;0741700321;ARES;CWB - TGEX TRANSPORTES E LOCACAO DE VEIC;;PR;10/09/2026 16:00:00;Retornado;PR;Curitiba;SECRETARIA ESTADUAL DE SAUDE DO PARANA;16/09/2026 17:17:34
566018;0741700351;ARES;CWB - TGEX TRANSPORTES E LOCACAO DE VEIC;;PR;10/09/2026 16:00:00;Retornado;PR;Curitiba;SECRETARIA ESTADUAL DE SAUDE DO PARANA;21/09/2026 08:54:48
566018;0741700412;ARES;CWB - TGEX TRANSPORTES E LOCACAO DE VEIC;;PR;10/09/2026 16:00:00;Retornado;PR;Curitiba;SECRETARIA ESTADUAL DE SAUDE DO PARANA;16/09/2026 17:17:51
566018;0741700559;ARES;CWB - TGEX TRANSPORTES E LOCACAO DE VEIC;;PR;10/09/2026 16:00:00;Retornado;PR;Curitiba;SECRETARIA ESTADUAL DE SAUDE DO PARANA;17/09/2026 15:20:35
566055;0741700717;ARES;CWB - TGEX TRANSPORTES E LOCACAO DE VEIC;;PR;10/09/2026 16:00:00;Retornado;PR;Curitiba;SECRETARIA ESTADUAL DE SAUDE DO PARANA;18/09/2026 11:18:15
566018;0741700719;ARES;CWB - TGEX TRANSPORTES E LOCACAO DE VEIC;;PR;10/09/2026 16:00:00;Retornado;PR;Curitiba;SECRETARIA ESTADUAL DE SAUDE DO PARANA;21/09/2026 04:15:42
566018;0741700780;ARES;CWB - TGEX TRANSPORTES E LOCACAO DE VEIC;;PR;10/09/2026 16:00:00;Retornado;PR;Curitiba;SECRETARIA ESTADUAL DE SAUDE DO PARANA;18/09/2026 09:25:00
566018;0741700782;ARES;CWB - TGEX TRANSPORTES E LOCACAO DE VEIC;;PR;10/09/2026 16:00:00;Retornado;PR;Curitiba;SECRETARIA ESTADUAL DE SAUDE DO PARANA;21/09/2026 12:59:49
566055;0741700955;ARES;CWB - TGEX TRANSPORTES E LOCACAO DE VEIC;;PR;10/09/2026 16:00:00;Retornado;PR;Curitiba;SECRETARIA ESTADUAL DE SAUDE DO PARANA;21/09/2026 08:52:39
566018;0741700988;ARES;CWB - TGEX TRANSPORTES E LOCACAO DE VEIC;;PR;10/09/2026 16:00:00;Pendente de Retorno;PR;Curitiba;SECRETARIA ESTADUAL DE SAUDE DO PARANA;10/09/2026 16:00:00
567810;A3802;ARES;JPA - LIDER CARGAS;;PB;10/09/2026 15:40:00;Pendente de Retorno;PB;Campina Grande;MABEL BATISTA SANTOS;16/07/2026 04:16:23
567611;TA0937;ARES;LDB - ND CARGAS LTDA;;PR;10/09/2026 15:30:00;Pendente de Retorno;PR;Maringa;VALDERES DE LOURDES GIGLIOLLI BONDAN 00737.018978/2026-61;16/07/2026 09:07:26
566046;0741700004;ARES;GYN - RBR EXPERIENCIA EM TRANSPORTES;;GO;10/09/2026 15:00:00;Retornado;GO;Goiania;ALMOXARIFADO ESTADUAL DE MEDICAMENTOS;18/09/2026 14:16:57
566046;0741700032;ARES;GYN - RBR EXPERIENCIA EM TRANSPORTES;;GO;10/09/2026 15:00:00;Retornado;GO;Goiania;ALMOXARIFADO ESTADUAL DE MEDICAMENTOS;14/09/2026 08:05:04
566015;0741700236;ARES;GYN - RBR EXPERIENCIA EM TRANSPORTES;;GO;10/09/2026 15:00:00;Retornado;GO;Goiania;ALMOXARIFADO ESTADUAL DE MEDICAMENTOS;18/09/2026 17:31:19
566015;0741700295;ARES;GYN - RBR EXPERIENCIA EM TRANSPORTES;;GO;10/09/2026 15:00:00;Retornado;GO;Goiania;ALMOXARIFADO ESTADUAL DE MEDICAMENTOS;18/09/2026 11:18:15
566046;0741700297;ARES;GYN - RBR EXPERIENCIA EM TRANSPORTES;;GO;10/09/2026 15:00:00;Retornado;GO;Goiania;ALMOXARIFADO ESTADUAL DE MEDICAMENTOS;18/09/2026 10:42:53
566046;0741700302;ARES;GYN - RBR EXPERIENCIA EM TRANSPORTES;;GO;10/09/2026 15:00:00;Retornado;GO;Goiania;ALMOXARIFADO ESTADUAL DE MEDICAMENTOS;21/09/2026 16:04:56
566046;0741700315;ARES;GYN - RBR EXPERIENCIA EM TRANSPORTES;;GO;10/09/2026 15:00:00;Retornado;GO;Goiania;ALMOXARIFADO ESTADUAL DE MEDICAMENTOS;21/09/2026 08:52:56
566046;0741700324;ARES;GYN - RBR EXPERIENCIA EM TRANSPORTES;;GO;10/09/2026 15:00:00;Retornado;GO;Goiania;ALMOXARIFADO ESTADUAL DE MEDICAMENTOS;21/09/2026 13:25:11
566046;0741700326;ARES;GYN - RBR EXPERIENCIA EM TRANSPORTES;;GO;10/09/2026 15:00:00;Retornado;GO;Goiania;ALMOXARIFADO ESTADUAL DE MEDICAMENTOS;18/09/2026 16:00:00
566046;0741700336;ARES;GYN - RBR EXPERIENCIA EM TRANSPORTES;;GO;10/09/2026 15:00:00;Retornado;GO;Goiania;ALMOXARIFADO ESTADUAL DE MEDICAMENTOS;21/09/2026 15:40:00
566272;0741700366;ARES;CGR - LH TRANSPORTES;;MS;10/09/2026 15:00:00;Retornado;MS;Campo Grande;ALMOXARIFADO ESTADUAL DE MEDICAMENTOS;20/09/2026 20:47:14
566046;0741700367;ARES;GYN - RBR EXPERIENCIA EM TRANSPORTES;;GO;10/09/2026 15:00:00;Retornado;GO;Goiania;ALMOXARIFADO ESTADUAL DE MEDICAMENTOS;21/09/2026 16:25:41
566015;0741700423;ARES;GYN - RBR EXPERIENCIA EM TRANSPORTES;;GO;10/09/2026 15:00:00;Retornado;GO;Goiania;ALMOXARIFADO ESTADUAL DE MEDICAMENTOS;21/09/2026 16:04:52
566046;0741700558;ARES;GYN - RBR EXPERIENCIA EM TRANSPORTES;;GO;10/09/2026 15:00:00;Retornado;GO;Goiania;ALMOXARIFADO ESTADUAL DE MEDICAMENTOS;21/09/2026 16:22:21
566046;0741700566;ARES;GYN - RBR EXPERIENCIA EM TRANSPORTES;;GO;10/09/2026 15:00:00;Retornado;GO;Goiania;ALMOXARIFADO ESTADUAL DE MEDICAMENTOS;18/09/2026 16:00:00
566046;0741700567;ARES;GYN - RBR EXPERIENCIA EM TRANSPORTES;;GO;10/09/2026 15:00:00;Retornado;GO;Goiania;ALMOXARIFADO ESTADUAL DE MEDICAMENTOS;17/09/2026 19:20:00
566046;0741700604;ARES;GYN - RBR EXPERIENCIA EM TRANSPORTES;;GO;10/09/2026 15:00:00;Retornado;GO;Goiania;ALMOXARIFADO ESTADUAL DE MEDICAMENTOS;20/09/2026 06:49:53
566046;0741700712;ARES;GYN - RBR EXPERIENCIA EM TRANSPORTES;;GO;10/09/2026 15:00:00;Retornado;GO;Goiania;ALMOXARIFADO ESTADUAL DE MEDICAMENTOS;18/09/2026 16:00:00
566046;0741700771;ARES;GYN - RBR EXPERIENCIA EM TRANSPORTES;;GO;10/09/2026 15:00:00;Retornado;GO;Goiania;ALMOXARIFADO ESTADUAL DE MEDICAMENTOS;21/09/2026 12:23:55
566046;0741700800;ARES;GYN - RBR EXPERIENCIA EM TRANSPORTES;;GO;10/09/2026 15:00:00;Retornado;GO;Goiania;ALMOXARIFADO ESTADUAL DE MEDICAMENTOS;18/09/2026 14:16:57
566015;0741700807;ARES;GYN - RBR EXPERIENCIA EM TRANSPORTES;;GO;10/09/2026 15:00:00;Retornado;GO;Goiania;ALMOXARIFADO ESTADUAL DE MEDICAMENTOS;21/09/2026 15:40:00
566046;0741700819;ARES;GYN - RBR EXPERIENCIA EM TRANSPORTES;;GO;10/09/2026 15:00:00;Retornado;GO;Goiania;ALMOXARIFADO ESTADUAL DE MEDICAMENTOS;21/09/2026 10:39:48
566046;0741700836;ARES;GYN - RBR EXPERIENCIA EM TRANSPORTES;;GO;10/09/2026 15:00:00;Retornado;GO;Goiania;ALMOXARIFADO ESTADUAL DE MEDICAMENTOS;17/09/2026 02:59:55
566015;0741700868;ARES;GYN - RBR EXPERIENCIA EM TRANSPORTES;;GO;10/09/2026 15:00:00;Retornado;GO;Goiania;ALMOXARIFADO ESTADUAL DE MEDICAMENTOS;21/09/2026 11:56:02
566046;0741700876;ARES;GYN - RBR EXPERIENCIA EM TRANSPORTES;;GO;10/09/2026 15:00:00;Retornado;GO;Goiania;ALMOXARIFADO ESTADUAL DE MEDICAMENTOS;18/09/2026 10:47:20
566046;0741700921;ARES;GYN - RBR EXPERIENCIA EM TRANSPORTES;;GO;10/09/2026 15:00:00;Retornado;GO;Goiania;ALMOXARIFADO ESTADUAL DE MEDICAMENTOS;18/09/2026 09:46:22
567854;0741700173;ARES;VTCLOG - REC;;PE;10/09/2026 14:47:00;Retornado;PE;RECIFE;INSTITUTO DE MEDICINA INTEGRAL PROFESSOR FERNANDO;21/09/2026 16:53:34
565919;0741700055;ARES;BEL - MH FROTA TRANSPORTE;;PA;10/09/2026 14:33:40;Retornado;PA;Ananindeua;SEC DE ESTADO DE SAUDE PULB DO PARA;16/09/2026 13:24:30
565919;0741700060;ARES;BEL - MH FROTA TRANSPORTE;;PA;10/09/2026 14:33:40;Retornado;PA;Ananindeua;SEC DE ESTADO DE SAUDE PULB DO PARA;16/09/2026 13:41:25
565919;0741700061;ARES;BEL - MH FROTA TRANSPORTE;;PA;10/09/2026 14:33:40;Retornado;PA;Ananindeua;SEC DE ESTADO DE SAUDE PULB DO PARA;16/09/2026 13:31:01
565919;0741700075;ARES;BEL - MH FROTA TRANSPORTE;;PA;10/09/2026 14:33:40;Retornado;PA;Ananindeua;SEC DE ESTADO DE SAUDE PULB DO PARA;16/09/2026 17:14:27
565919;0741700077;ARES;BEL - MH FROTA TRANSPORTE;;PA;10/09/2026 14:33:40;Retornado;PA;Ananindeua;SEC DE ESTADO DE SAUDE PULB DO PARA;16/09/2026 13:20:30
565919;0741700098;ARES;BEL - MH FROTA TRANSPORTE;;PA;10/09/2026 14:33:40;Retornado;PA;Ananindeua;SEC DE ESTADO DE SAUDE PULB DO PARA;16/09/2026 13:42:51
565919;0741700109;ARES;BEL - MH FROTA TRANSPORTE;;PA;10/09/2026 14:33:40;Retornado;PA;Ananindeua;SEC DE ESTADO DE SAUDE PULB DO PARA;16/09/2026 17:10:51
565919;0741700124;ARES;BEL - MH FROTA TRANSPORTE;;PA;10/09/2026 14:33:40;Retornado;PA;Ananindeua;SEC DE ESTADO DE SAUDE PULB DO PARA;16/09/2026 13:35:54
565919;0741700255;ARES;BEL - MH FROTA TRANSPORTE;;PA;10/09/2026 14:33:40;Retornado;PA;Ananindeua;SEC DE ESTADO DE SAUDE PULB DO PARA;16/09/2026 13:42:31
565919;0741700257;ARES;BEL - MH FROTA TRANSPORTE;;PA;10/09/2026 14:33:40;Retornado;PA;Ananindeua;SEC DE ESTADO DE SAUDE PULB DO PARA;16/09/2026 13:21:08
565919;0741700260;ARES;BEL - MH FROTA TRANSPORTE;;PA;10/09/2026 14:33:40;Retornado;PA;Ananindeua;SEC DE ESTADO DE SAUDE PULB DO PARA;16/09/2026 13:39:03
565919;0741700265;ARES;BEL - MH FROTA TRANSPORTE;;PA;10/09/2026 14:33:40;Retornado;PA;Ananindeua;SEC DE ESTADO DE SAUDE PULB DO PARA;16/09/2026 13:37:04
565919;0741700272;ARES;BEL - MH FROTA TRANSPORTE;;PA;10/09/2026 14:33:40;Retornado;PA;Ananindeua;SEC DE ESTADO DE SAUDE PULB DO PARA;16/09/2026 13:23:53
565919;0741700387;ARES;BEL - MH FROTA TRANSPORTE;;PA;10/09/2026 14:33:40;Retornado;PA;Ananindeua;SEC DE ESTADO DE SAUDE PULB DO PARA;16/09/2026 17:12:15
565919;0741700393;ARES;BEL - MH FROTA TRANSPORTE;;PA;10/09/2026 14:33:40;Retornado;PA;Ananindeua;SEC DE ESTADO DE SAUDE PULB DO PARA;16/09/2026 17:15:08
565919;0741700440;ARES;BEL - MH FROTA TRANSPORTE;;PA;10/09/2026 14:33:40;Retornado;PA;Ananindeua;SEC DE ESTADO DE SAUDE PULB DO PARA;16/09/2026 13:34:02
565919;0741700453;ARES;BEL - MH FROTA TRANSPORTE;;PA;10/09/2026 14:33:40;Retornado;PA;Ananindeua;SEC DE ESTADO DE SAUDE PULB DO PARA;16/09/2026 13:30:27
565919;0741700470;ARES;BEL - MH FROTA TRANSPORTE;;PA;10/09/2026 14:33:40;Retornado;PA;Ananindeua;SEC DE ESTADO DE SAUDE PULB DO PARA;16/09/2026 13:37:56
565919;0741700476;ARES;BEL - MH FROTA TRANSPORTE;;PA;10/09/2026 14:33:40;Retornado;PA;Ananindeua;SEC DE ESTADO DE SAUDE PULB DO PARA;16/09/2026 17:14:14
565919;0741700478;ARES;BEL - MH FROTA TRANSPORTE;;PA;10/09/2026 14:33:40;Retornado;PA;Ananindeua;SEC DE ESTADO DE SAUDE PULB DO PARA;16/09/2026 17:12:30
565919;0741700534;ARES;BEL - MH FROTA TRANSPORTE;;PA;10/09/2026 14:33:40;Retornado;PA;Ananindeua;SEC DE ESTADO DE SAUDE PULB DO PARA;16/09/2026 13:37:21
566276;A1247;ARES;BEL - MH FROTA TRANSPORTE;;PA;10/09/2026 14:33:40;Pendente de Retorno;PA;Ananindeua;SEC DE ESTADO DE SAUDE PULB DO PARA;22/07/2026 21:46:23
566276;A1610;ARES;BEL - MH FROTA TRANSPORTE;;PA;10/09/2026 14:33:40;Pendente de Retorno;PA;Ananindeua;SEC DE ESTADO DE SAUDE PULB DO PARA;22/07/2026 08:59:28
566276;A2374;ARES;BEL - MH FROTA TRANSPORTE;;PA;10/09/2026 14:33:40;Retornado;PA;Ananindeua;SEC DE ESTADO DE SAUDE PULB DO PARA;16/09/2026 13:36:28
566276;A2625;ARES;BEL - MH FROTA TRANSPORTE;;PA;10/09/2026 14:33:40;Pendente de Retorno;PA;Ananindeua;SEC DE ESTADO DE SAUDE PULB DO PARA;09/07/2026 16:02:21
566276;A2943;ARES;BEL - MH FROTA TRANSPORTE;;PA;10/09/2026 14:33:40;Pendente de Retorno;PA;Ananindeua;SEC DE ESTADO DE SAUDE PULB DO PARA;09/07/2026 02:51:44
566276;A3154;ARES;BEL - MH FROTA TRANSPORTE;;PA;10/09/2026 14:33:40;Pendente de Retorno;PA;Ananindeua;SEC DE ESTADO DE SAUDE PULB DO PARA;23/06/2026 08:38:34
566276;A3245;ARES;BEL - MH FROTA TRANSPORTE;;PA;10/09/2026 14:33:40;Pendente de Retorno;PA;Ananindeua;SEC DE ESTADO DE SAUDE PULB DO PARA;27/07/2026 15:21:17
566276;A3656;ARES;BEL - MH FROTA TRANSPORTE;;PA;10/09/2026 14:33:40;Pendente de Retorno;PA;Ananindeua;SEC DE ESTADO DE SAUDE PULB DO PARA;25/07/2026 21:28:19
566276;A4101;ARES;BEL - MH FROTA TRANSPORTE;;PA;10/09/2026 14:33:40;Pendente de Retorno;PA;Ananindeua;SEC DE ESTADO DE SAUDE PULB DO PARA;20/07/2026 11:35:54
566276;A4156;ARES;BEL - MH FROTA TRANSPORTE;;PA;10/09/2026 14:33:40;Pendente de Retorno;PA;Ananindeua;SEC DE ESTADO DE SAUDE PULB DO PARA;26/07/2026 22:20:01
566276;A4161;ARES;BEL - MH FROTA TRANSPORTE;;PA;10/09/2026 14:33:40;Pendente de Retorno;PA;Ananindeua;SEC DE ESTADO DE SAUDE PULB DO PARA;24/07/2026 08:35:47
565919;A4178;ARES;BEL - MH FROTA TRANSPORTE;;PA;10/09/2026 14:33:40;Pendente de Retorno;PA;Ananindeua;SEC DE ESTADO DE SAUDE PULB DO PARA;21/07/2026 17:45:50
566276;A4554;ARES;BEL - MH FROTA TRANSPORTE;;PA;10/09/2026 14:33:40;Pendente de Retorno;PA;Ananindeua;SEC DE ESTADO DE SAUDE PULB DO PARA;24/07/2026 08:30:07
566276;A5449;ARES;BEL - MH FROTA TRANSPORTE;;PA;10/09/2026 14:33:40;Pendente de Retorno;PA;Ananindeua;SEC DE ESTADO DE SAUDE PULB DO PARA;27/07/2026 15:39:40
566276;A5517;ARES;BEL - MH FROTA TRANSPORTE;;PA;10/09/2026 14:33:40;Pendente de Retorno;PA;Ananindeua;SEC DE ESTADO DE SAUDE PULB DO PARA;26/07/2026 20:48:59
566276;A5651;ARES;BEL - MH FROTA TRANSPORTE;;PA;10/09/2026 14:33:40;Retornado;PA;Ananindeua;SEC DE ESTADO DE SAUDE PULB DO PARA;16/09/2026 13:24:11
566276;A5865;ARES;BEL - MH FROTA TRANSPORTE;;PA;10/09/2026 14:33:40;Pendente de Retorno;PA;Ananindeua;SEC DE ESTADO DE SAUDE PULB DO PARA;22/07/2026 08:56:39
566276;A6109;ARES;BEL - MH FROTA TRANSPORTE;;PA;10/09/2026 14:33:40;Pendente de Retorno;PA;Ananindeua;SEC DE ESTADO DE SAUDE PULB DO PARA;17/07/2026 07:31:01
566276;A6180;ARES;BEL - MH FROTA TRANSPORTE;;PA;10/09/2026 14:33:40;Pendente de Retorno;PA;Ananindeua;SEC DE ESTADO DE SAUDE PULB DO PARA;17/07/2026 07:34:26
566276;A6273;ARES;BEL - MH FROTA TRANSPORTE;;PA;10/09/2026 14:33:40;Pendente de Retorno;PA;Ananindeua;SEC DE ESTADO DE SAUDE PULB DO PARA;03/07/2026 08:20:00
566276;A6852;ARES;BEL - MH FROTA TRANSPORTE;;PA;10/09/2026 14:33:40;Pendente de Retorno;PA;Ananindeua;SEC DE ESTADO DE SAUDE PULB DO PARA;14/07/2026 17:24:18
566276;A6933;ARES;BEL - MH FROTA TRANSPORTE;;PA;10/09/2026 14:33:40;Pendente de Retorno;PA;Ananindeua;SEC DE ESTADO DE SAUDE PULB DO PARA;25/07/2026 21:34:24
566276;A6966;ARES;BEL - MH FROTA TRANSPORTE;;PA;10/09/2026 14:33:40;Pendente de Retorno;PA;Ananindeua;SEC DE ESTADO DE SAUDE PULB DO PARA;17/07/2026 08:43:07
566276;A7029;ARES;BEL - MH FROTA TRANSPORTE;;PA;10/09/2026 14:33:40;Pendente de Retorno;PA;Ananindeua;SEC DE ESTADO DE SAUDE PULB DO PARA;15/07/2026 10:52:36
566276;A7154;ARES;BEL - MH FROTA TRANSPORTE;;PA;10/09/2026 14:33:40;Pendente de Retorno;PA;Ananindeua;SEC DE ESTADO DE SAUDE PULB DO PARA;13/07/2026 16:25:36
566276;A7193;ARES;BEL - MH FROTA TRANSPORTE;;PA;10/09/2026 14:33:40;Pendente de Retorno;PA;Ananindeua;SEC DE ESTADO DE SAUDE PULB DO PARA;18/07/2026 08:00:37
566276;A7304;ARES;BEL - MH FROTA TRANSPORTE;;PA;10/09/2026 14:33:40;Pendente de Retorno;PA;Ananindeua;SEC DE ESTADO DE SAUDE PULB DO PARA;26/07/2026 20:51:38
566276;A7493;ARES;BEL - MH FROTA TRANSPORTE;;PA;10/09/2026 14:33:40;Pendente de Retorno;PA;Ananindeua;SEC DE ESTADO DE SAUDE PULB DO PARA;10/07/2026 17:23:39
566276;A7673;ARES;BEL - MH FROTA TRANSPORTE;;PA;10/09/2026 14:33:40;Pendente de Retorno;PA;Ananindeua;SEC DE ESTADO DE SAUDE PULB DO PARA;22/07/2026 08:56:44
566276;A7691;ARES;BEL - MH FROTA TRANSPORTE;;PA;10/09/2026 14:33:40;Pendente de Retorno;PA;Ananindeua;SEC DE ESTADO DE SAUDE PULB DO PARA;27/07/2026 17:14:09
566276;A7856;ARES;BEL - MH FROTA TRANSPORTE;;PA;10/09/2026 14:33:40;Pendente de Retorno;PA;Ananindeua;SEC DE ESTADO DE SAUDE PULB DO PARA;22/07/2026 23:47:26
565919;A7944;ARES;BEL - MH FROTA TRANSPORTE;;PA;10/09/2026 14:33:40;Pendente de Retorno;PA;Ananindeua;SEC DE ESTADO DE SAUDE PULB DO PARA;20/07/2026 11:26:38
566276;A8526;ARES;BEL - MH FROTA TRANSPORTE;;PA;10/09/2026 14:33:40;Pendente de Retorno;PA;Ananindeua;SEC DE ESTADO DE SAUDE PULB DO PARA;26/07/2026 20:50:36
566276;A8671;ARES;BEL - MH FROTA TRANSPORTE;;PA;10/09/2026 14:33:40;Pendente de Retorno;PA;Ananindeua;SEC DE ESTADO DE SAUDE PULB DO PARA;21/07/2026 17:29:07
566276;A8677;ARES;BEL - MH FROTA TRANSPORTE;;PA;10/09/2026 14:33:40;Pendente de Retorno;PA;Ananindeua;SEC DE ESTADO DE SAUDE PULB DO PARA;12/05/2026 11:29:33
566276;A8882;ARES;BEL - MH FROTA TRANSPORTE;;PA;10/09/2026 14:33:40;Pendente de Retorno;PA;Ananindeua;SEC DE ESTADO DE SAUDE PULB DO PARA;17/07/2026 15:29:57
566276;A9521;ARES;BEL - MH FROTA TRANSPORTE;;PA;10/09/2026 14:33:40;Pendente de Retorno;PA;Ananindeua;SEC DE ESTADO DE SAUDE PULB DO PARA;30/06/2026 09:00:15
566276;A9619;ARES;BEL - MH FROTA TRANSPORTE;;PA;10/09/2026 14:33:40;Pendente de Retorno;PA;Ananindeua;SEC DE ESTADO DE SAUDE PULB DO PARA;20/07/2026 11:25:37
566276;TA0179;ARES;BEL - MH FROTA TRANSPORTE;;PA;10/09/2026 14:33:40;Pendente de Retorno;PA;Ananindeua;SEC DE ESTADO DE SAUDE PULB DO PARA;09/07/2026 02:52:21
565919;TA1162;ARES;BEL - MH FROTA TRANSPORTE;;PA;10/09/2026 14:33:40;Pendente de Retorno;PA;Ananindeua;SEC DE ESTADO DE SAUDE PULB DO PARA;01/07/2026 07:47:10
567861;0741700909;ARES;VTCLOG - REC;;PE;10/09/2026 14:32:24;Retornado;PE;RECIFE;HOSPITAL DAS CLINICAS DA UFPE;21/09/2026 16:51:34
567585;0741700825;ARES;GYN - RBR EXPERIENCIA EM TRANSPORTES;;GO;10/09/2026 14:30:00;Retornado;GO;Goiania;WALDEVINO RIBEIRO DA SILVA SOBRINHO;18/09/2026 17:37:20
567601;0741700953;ARES;VTCLOG CNF - CONTAGEM;;MG;10/09/2026 14:07:00;Retornado;MG;Belo Horizonte;HOSPITAL EDUARDO DE MENEZES;18/09/2026 11:18:15
567583;0741700226;ARES;GYN - RBR EXPERIENCIA EM TRANSPORTES;;GO;10/09/2026 14:00:00;Retornado;GO;Goiania;DIEGO DONIZETE OLÍMPIO GOMES;20/09/2026 06:38:02
567557;A7935;ARES;UDI - ENTREGAS URGENTES LTDA;;MG;10/09/2026 13:50:00;Pendente de Retorno;MG;Uberaba;LINCOLN CESAR BIBIANO SEI-00737.007856/2022-15;27/07/2026 15:25:29
567001;0741700448;ARES;VIX - SOULOG EXPRESS;;ES;10/09/2026 13:49:44;Retornado;ES;VITORIA;LABORATORIO CENTRAL SAUDE PUBLICA ESPIRITO SANTO -;16/09/2026 13:45:29
567001;0741700455;ARES;VIX - SOULOG EXPRESS;;ES;10/09/2026 13:49:44;Retornado;ES;VITORIA;LABORATORIO CENTRAL SAUDE PUBLICA ESPIRITO SANTO -;21/09/2026 16:19:29
567001;0741700511;ARES;VIX - SOULOG EXPRESS;;ES;10/09/2026 13:49:44;Retornado;ES;VITORIA;LABORATORIO CENTRAL SAUDE PUBLICA ESPIRITO SANTO -;21/09/2026 08:59:04
567001;A6645;ARES;VIX - SOULOG EXPRESS;;ES;10/09/2026 13:49:44;Pendente de Retorno;ES;VITORIA;LABORATORIO CENTRAL SAUDE PUBLICA ESPIRITO SANTO -;14/07/2026 17:27:50
567570;0741700960;ARES;VTCLOG CNF - CONTAGEM;;MG;10/09/2026 13:17:00;Retornado;MG;Belo Horizonte;DEBORA FELIX DE AVILA;17/09/2026 17:00:00
566936;0741700049;ARES;VIX - SOULOG EXPRESS;;ES;10/09/2026 13:03:05;Retornado;ES;VITORIA;LABORATORIO CENTRAL SAUDE PUBLICA ESPIRITO SANTO -;21/09/2026 16:35:58
566936;0741700445;ARES;VIX - SOULOG EXPRESS;;ES;10/09/2026 13:03:05;Retornado;ES;VITORIA;LABORATORIO CENTRAL SAUDE PUBLICA ESPIRITO SANTO -;21/09/2026 16:04:47
566936;0741700498;ARES;VIX - SOULOG EXPRESS;;ES;10/09/2026 13:03:05;Retornado;ES;VITORIA;LABORATORIO CENTRAL SAUDE PUBLICA ESPIRITO SANTO -;20/09/2026 06:40:04
566936;0741700510;ARES;VIX - SOULOG EXPRESS;;ES;10/09/2026 13:03:05;Retornado;ES;VITORIA;LABORATORIO CENTRAL SAUDE PUBLICA ESPIRITO SANTO -;18/09/2026 17:43:43
566936;0741700858;ARES;VIX - SOULOG EXPRESS;;ES;10/09/2026 13:03:05;Retornado;ES;VITORIA;LABORATORIO CENTRAL SAUDE PUBLICA ESPIRITO SANTO -;21/09/2026 12:59:49
566936;A3323;ARES;VIX - SOULOG EXPRESS;;ES;10/09/2026 13:03:05;Pendente de Retorno;ES;VITORIA;LABORATORIO CENTRAL SAUDE PUBLICA ESPIRITO SANTO -;23/07/2026 08:40:25
567858;0741700740;ARES;VTCLOG - REC;;PE;10/09/2026 12:51:47;Retornado;PE;RECIFE;HOSPITAL NOSSA SENHORA DAS GRAÇAS;21/09/2026 16:48:30
567588;A5856;ARES;JPA - LIDER CARGAS;;PB;10/09/2026 12:32:00;Pendente de Retorno;PB;Joao Pessoa;Hospital da Policia Militar General Edso;27/07/2026 17:20:19
567811;0741700951;ARES;VTCLOG RIO GALEAO;;RJ;10/09/2026 12:10:00;Retornado;RJ;RIO DE JANEIRO;NATHAN MACEDO AMARO 25000.112128/2026-93;17/09/2026 17:20:00
567215;A9246;ARES;BVB - J PIMENTEL S. CUNHA LTDA;;RR;10/09/2026 12:01:07;Pendente de Retorno;RR;Boa Vista;HEMOCENTRO COORDENADOR DE RORAIMA RR;10/07/2026 17:33:13
566980;A7802;ARES;LDB - ND CARGAS LTDA;;PR;10/09/2026 12:00:00;Pendente de Retorno;PR;Londrina;HOSPITAL DO CÂNCER DE LONDRINA;27/07/2026 15:28:03
567602;0741700117;ARES;SSA - LUTY LOG;;BA;10/09/2026 11:58:00;Retornado;BA;Salvador;HOSPITAL PORTUGUES;21/09/2026 16:33:48
565556;0741700107;ARES;MAO- GR TRANSPORTES E LOGISTICA MULTIMODAL;;AM;10/09/2026 11:55:52;Retornado;AM;Manaus;SES DE AMAZONAS;18/09/2026 16:00:00
565556;0741700113;ARES;MAO- GR TRANSPORTES E LOGISTICA MULTIMODAL;;AM;10/09/2026 11:55:52;Retornado;AM;Manaus;SES DE AMAZONAS;17/09/2026 15:01:53
565556;0741700123;ARES;MAO- GR TRANSPORTES E LOGISTICA MULTIMODAL;;AM;10/09/2026 11:55:52;Retornado;AM;Manaus;SES DE AMAZONAS;21/09/2026 16:25:55
565556;0741700129;ARES;MAO- GR TRANSPORTES E LOGISTICA MULTIMODAL;;AM;10/09/2026 11:55:52;Retornado;AM;Manaus;SES DE AMAZONAS;21/09/2026 17:45:51
565556;0741700132;ARES;MAO- GR TRANSPORTES E LOGISTICA MULTIMODAL;;AM;10/09/2026 11:55:52;Retornado;AM;Manaus;SES DE AMAZONAS;17/09/2026 14:20:53
565556;0741700246;ARES;MAO- GR TRANSPORTES E LOGISTICA MULTIMODAL;;AM;10/09/2026 11:55:52;Retornado;AM;Manaus;SES DE AMAZONAS;18/09/2026 09:42:59
565556;0741700251;ARES;MAO- GR TRANSPORTES E LOGISTICA MULTIMODAL;;AM;10/09/2026 11:55:52;Retornado;AM;Manaus;SES DE AMAZONAS;17/09/2026 17:00:00
565556;0741700256;ARES;MAO- GR TRANSPORTES E LOGISTICA MULTIMODAL;;AM;10/09/2026 11:55:52;Retornado;AM;Manaus;SES DE AMAZONAS;18/09/2026 12:55:12
565556;0741700271;ARES;MAO- GR TRANSPORTES E LOGISTICA MULTIMODAL;;AM;10/09/2026 11:55:52;Retornado;AM;Manaus;SES DE AMAZONAS;16/09/2026 00:54:51
565556;0741700375;ARES;MAO- GR TRANSPORTES E LOGISTICA MULTIMODAL;;AM;10/09/2026 11:55:52;Retornado;AM;Manaus;SES DE AMAZONAS;17/09/2026 14:20:11
565556;0741700376;ARES;MAO- GR TRANSPORTES E LOGISTICA MULTIMODAL;;AM;10/09/2026 11:55:52;Retornado;AM;Manaus;SES DE AMAZONAS;18/09/2026 10:47:20
565556;0741700378;ARES;MAO- GR TRANSPORTES E LOGISTICA MULTIMODAL;;AM;10/09/2026 11:55:52;Retornado;AM;Manaus;SES DE AMAZONAS;21/09/2026 10:23:04
565556;0741700381;ARES;MAO- GR TRANSPORTES E LOGISTICA MULTIMODAL;;AM;10/09/2026 11:55:52;Retornado;AM;Manaus;SES DE AMAZONAS;18/09/2026 12:55:35
565556;0741700385;ARES;MAO- GR TRANSPORTES E LOGISTICA MULTIMODAL;;AM;10/09/2026 11:55:52;Retornado;AM;Manaus;SES DE AMAZONAS;21/09/2026 16:50:50
565556;0741700410;ARES;MAO- GR TRANSPORTES E LOGISTICA MULTIMODAL;;AM;10/09/2026 11:55:52;Retornado;AM;Manaus;SES DE AMAZONAS;21/09/2026 16:48:34
565556;0741700419;ARES;MAO- GR TRANSPORTES E LOGISTICA MULTIMODAL;;AM;10/09/2026 11:55:52;Retornado;AM;Manaus;SES DE AMAZONAS;19/09/2026 08:42:10
565556;0741700431;ARES;MAO- GR TRANSPORTES E LOGISTICA MULTIMODAL;;AM;10/09/2026 11:55:52;Retornado;AM;Manaus;SES DE AMAZONAS;16/09/2026 04:29:20
565556;0741700432;ARES;MAO- GR TRANSPORTES E LOGISTICA MULTIMODAL;;AM;10/09/2026 11:55:52;Retornado;AM;Manaus;SES DE AMAZONAS;19/09/2026 11:05:04
565556;0741700442;ARES;MAO- GR TRANSPORTES E LOGISTICA MULTIMODAL;;AM;10/09/2026 11:55:52;Retornado;AM;Manaus;SES DE AMAZONAS;21/09/2026 08:50:38
565556;0741700456;ARES;MAO- GR TRANSPORTES E LOGISTICA MULTIMODAL;;AM;10/09/2026 11:55:52;Retornado;AM;Manaus;SES DE AMAZONAS;21/09/2026 11:56:02
565556;0741700457;ARES;MAO- GR TRANSPORTES E LOGISTICA MULTIMODAL;;AM;10/09/2026 11:55:52;Retornado;AM;Manaus;SES DE AMAZONAS;18/09/2026 10:42:53
565556;0741700475;ARES;MAO- GR TRANSPORTES E LOGISTICA MULTIMODAL;;AM;10/09/2026 11:55:52;Retornado;AM;Manaus;SES DE AMAZONAS;20/09/2026 06:49:53
565556;0741700477;ARES;MAO- GR TRANSPORTES E LOGISTICA MULTIMODAL;;AM;10/09/2026 11:55:52;Retornado;AM;Manaus;SES DE AMAZONAS;20/09/2026 06:38:02
565556;0741700487;ARES;MAO- GR TRANSPORTES E LOGISTICA MULTIMODAL;;AM;10/09/2026 11:55:52;Retornado;AM;Manaus;SES DE AMAZONAS;18/09/2026 09:46:53
565556;0741700488;ARES;MAO- GR TRANSPORTES E LOGISTICA MULTIMODAL;;AM;10/09/2026 11:55:52;Retornado;AM;Manaus;SES DE AMAZONAS;16/09/2026 17:20:25
565556;0741700504;ARES;MAO- GR TRANSPORTES E LOGISTICA MULTIMODAL;;AM;10/09/2026 11:55:52;Retornado;AM;Manaus;SES DE AMAZONAS;21/09/2026 10:42:42
565556;0741700521;ARES;MAO- GR TRANSPORTES E LOGISTICA MULTIMODAL;;AM;10/09/2026 11:55:52;Retornado;AM;Manaus;SES DE AMAZONAS;17/09/2026 17:45:46
565556;0741700852;ARES;MAO- GR TRANSPORTES E LOGISTICA MULTIMODAL;;AM;10/09/2026 11:55:52;Retornado;AM;Manaus;SES DE AMAZONAS;17/09/2026 16:23:38
565556;A0033;ARES;MAO- GR TRANSPORTES E LOGISTICA MULTIMODAL;;AM;10/09/2026 11:55:52;Pendente de Retorno;AM;Manaus;SES DE AMAZONAS;22/07/2026 23:47:01
565556;A0525;ARES;MAO- GR TRANSPORTES E LOGISTICA MULTIMODAL;;AM;10/09/2026 11:55:52;Pendente de Retorno;AM;Manaus;SES DE AMAZONAS;22/07/2026 23:45:42
565556;A0816;ARES;MAO- GR TRANSPORTES E LOGISTICA MULTIMODAL;;AM;10/09/2026 11:55:52;Pendente de Retorno;AM;Manaus;SES DE AMAZONAS;21/07/2026 17:14:53
565556;A1437;ARES;MAO- GR TRANSPORTES E LOGISTICA MULTIMODAL;;AM;10/09/2026 11:55:52;Pendente de Retorno;AM;Manaus;SES DE AMAZONAS;21/07/2026 17:43:54
565556;A1526;ARES;MAO- GR TRANSPORTES E LOGISTICA MULTIMODAL;;AM;10/09/2026 11:55:52;Pendente de Retorno;AM;Manaus;SES DE AMAZONAS;14/07/2026 14:37:32
565556;A2200;ARES;MAO- GR TRANSPORTES E LOGISTICA MULTIMODAL;;AM;10/09/2026 11:55:52;Pendente de Retorno;AM;Manaus;SES DE AMAZONAS;13/07/2026 08:43:44
565556;A2368;ARES;MAO- GR TRANSPORTES E LOGISTICA MULTIMODAL;;AM;10/09/2026 11:55:52;Retornado;AM;Manaus;SES DE AMAZONAS;21/09/2026 10:23:10
565556;A3140;ARES;MAO- GR TRANSPORTES E LOGISTICA MULTIMODAL;;AM;10/09/2026 11:55:52;Retornado;AM;Manaus;SES DE AMAZONAS;16/09/2026 16:55:11
565556;A4340;ARES;MAO- GR TRANSPORTES E LOGISTICA MULTIMODAL;;AM;10/09/2026 11:55:52;Pendente de Retorno;AM;Manaus;SES DE AMAZONAS;20/07/2026 15:12:26
565556;A4496;ARES;MAO- GR TRANSPORTES E LOGISTICA MULTIMODAL;;AM;10/09/2026 11:55:52;Retornado;AM;Manaus;SES DE AMAZONAS;18/09/2026 10:47:20
565556;A4660;ARES;MAO- GR TRANSPORTES E LOGISTICA MULTIMODAL;;AM;10/09/2026 11:55:52;Pendente de Retorno;AM;Manaus;SES DE AMAZONAS;29/06/2026 23:28:59
565556;A5027;ARES;MAO- GR TRANSPORTES E LOGISTICA MULTIMODAL;;AM;10/09/2026 11:55:52;Pendente de Retorno;AM;Manaus;SES DE AMAZONAS;10/07/2026 07:51:01
565556;A5365;ARES;MAO- GR TRANSPORTES E LOGISTICA MULTIMODAL;;AM;10/09/2026 11:55:52;Pendente de Retorno;AM;Manaus;SES DE AMAZONAS;27/07/2026 17:19:59
565556;A5542;ARES;MAO- GR TRANSPORTES E LOGISTICA MULTIMODAL;;AM;10/09/2026 11:55:52;Pendente de Retorno;AM;Manaus;SES DE AMAZONAS;27/07/2026 17:10:44
565556;A6585;ARES;MAO- GR TRANSPORTES E LOGISTICA MULTIMODAL;;AM;10/09/2026 11:55:52;Pendente de Retorno;AM;Manaus;SES DE AMAZONAS;20/07/2026 11:26:23
565556;A9079;ARES;MAO- GR TRANSPORTES E LOGISTICA MULTIMODAL;;AM;10/09/2026 11:55:52;Pendente de Retorno;AM;Manaus;SES DE AMAZONAS;22/07/2026 23:49:28
565556;A9412;ARES;MAO- GR TRANSPORTES E LOGISTICA MULTIMODAL;;AM;10/09/2026 11:55:52;Retornado;AM;Manaus;SES DE AMAZONAS;21/09/2026 08:52:39
565556;A9462;ARES;MAO- GR TRANSPORTES E LOGISTICA MULTIMODAL;;AM;10/09/2026 11:55:52;Pendente de Retorno;AM;Manaus;SES DE AMAZONAS;17/07/2026 17:06:21
565556;TA0628;ARES;MAO- GR TRANSPORTES E LOGISTICA MULTIMODAL;;AM;10/09/2026 11:55:52;Pendente de Retorno;AM;Manaus;SES DE AMAZONAS;22/07/2026 09:02:46
565556;TA0712;ARES;MAO- GR TRANSPORTES E LOGISTICA MULTIMODAL;;AM;10/09/2026 11:55:52;Pendente de Retorno;AM;Manaus;SES DE AMAZONAS;28/07/2026 03:02:55
565556;TA0968;ARES;MAO- GR TRANSPORTES E LOGISTICA MULTIMODAL;;AM;10/09/2026 11:55:52;Pendente de Retorno;AM;Manaus;SES DE AMAZONAS;25/07/2026 22:22:34
567140;A6557;ARES;MCP - A A CARVALHO ROCHA ME;;AP;10/09/2026 11:51:52;Pendente de Retorno;AP;Macapa;COORDENAÇÃO ESTADUAL DST/AIDS - ALMOXARIFADO - AP;20/07/2026 11:23:11
566340;0741700194;ARES;JPA - LIDER CARGAS;;PB;10/09/2026 11:40:00;Retornado;PB;Cabedelo;SEC DE SAUDE DA PARAIBA;21/09/2026 23:04:07
567819;0741700359;ARES;VTCLOG RIO GALEAO;;RJ;10/09/2026 11:23:00;Retornado;RJ;RIO DE JANEIRO;EMANUEL SOUZA DE CARVALHO SEI;15/09/2026 15:00:00
567331;0741700360;ARES;VTCLOG RIO GALEAO;;RJ;10/09/2026 11:20:00;Retornado;RJ;Niteroi;HOSPITAL UNIVERSITARIO ANTONIO PEDRO;19/09/2026 10:40:05
567863;0741700239;ARES;VTCLOG CNF - CONTAGEM;;MG;10/09/2026 11:16:00;Retornado;MG;Belo Horizonte;FUNDACAO DE DESENVOLVIMENTO DA PESQUISA;17/09/2026 14:17:33
567590;0741700114;ARES;VTCLOG - REC;;PE;10/09/2026 11:14:45;Retornado;PE;CABO;HOSPITAL DOM HELDER CÂMARA;21/09/2026 16:37:49
566179;0741700034;ARES;SSA - LUTY LOG;;BA;10/09/2026 11:00:00;Retornado;BA;Salvador;BAHIA SSA GABINETE DO SECRETARIO;21/09/2026 16:35:23
566179;0741700039;ARES;SSA - LUTY LOG;;BA;10/09/2026 11:00:00;Retornado;BA;Salvador;BAHIA SSA GABINETE DO SECRETARIO;21/09/2026 16:38:39
566179;0741700045;ARES;SSA - LUTY LOG;;BA;10/09/2026 11:00:00;Retornado;BA;Salvador;BAHIA SSA GABINETE DO SECRETARIO;21/09/2026 16:49:39
566330;0741700050;ARES;SSA - LUTY LOG;;BA;10/09/2026 11:00:00;Retornado;BA;Salvador;BAHIA SSA GABINETE DO SECRETARIO;21/09/2026 16:35:51
566330;0741700062;ARES;SSA - LUTY LOG;;BA;10/09/2026 11:00:00;Retornado;BA;Salvador;BAHIA SSA GABINETE DO SECRETARIO;21/09/2026 16:31:18
566330;0741700067;ARES;SSA - LUTY LOG;;BA;10/09/2026 11:00:00;Retornado;BA;Salvador;BAHIA SSA GABINETE DO SECRETARIO;21/09/2026 14:11:10
566330;0741700071;ARES;SSA - LUTY LOG;;BA;10/09/2026 11:00:00;Retornado;BA;Salvador;BAHIA SSA GABINETE DO SECRETARIO;21/09/2026 16:51:32
566216;0741700079;ARES;SSA - LUTY LOG;;BA;10/09/2026 11:00:00;Retornado;BA;Salvador;BAHIA SSA GABINETE DO SECRETARIO;21/09/2026 16:59:39
566216;0741700093;ARES;SSA - LUTY LOG;;BA;10/09/2026 11:00:00;Retornado;BA;Salvador;BAHIA SSA GABINETE DO SECRETARIO;21/09/2026 16:53:09
566330;0741700112;ARES;SSA - LUTY LOG;;BA;10/09/2026 11:00:00;Retornado;BA;Salvador;BAHIA SSA GABINETE DO SECRETARIO;21/09/2026 16:33:00
566330;0741700115;ARES;SSA - LUTY LOG;;BA;10/09/2026 11:00:00;Retornado;BA;Salvador;BAHIA SSA GABINETE DO SECRETARIO;21/09/2026 16:50:11
566330;0741700121;ARES;SSA - LUTY LOG;;BA;10/09/2026 11:00:00;Retornado;BA;Salvador;BAHIA SSA GABINETE DO SECRETARIO;21/09/2026 16:48:44
566330;0741700127;ARES;SSA - LUTY LOG;;BA;10/09/2026 11:00:00;Retornado;BA;Salvador;BAHIA SSA GABINETE DO SECRETARIO;21/09/2026 16:34:37
566330;0741700131;ARES;SSA - LUTY LOG;;BA;10/09/2026 11:00:00;Retornado;BA;Salvador;BAHIA SSA GABINETE DO SECRETARIO;21/09/2026 16:37:47
566330;0741700142;ARES;SSA - LUTY LOG;;BA;10/09/2026 11:00:00;Retornado;BA;Salvador;BAHIA SSA GABINETE DO SECRETARIO;21/09/2026 16:59:22
566179;0741700212;ARES;SSA - LUTY LOG;;BA;10/09/2026 11:00:00;Retornado;BA;Salvador;BAHIA SSA GABINETE DO SECRETARIO;21/09/2026 16:37:59
566179;0741700217;ARES;SSA - LUTY LOG;;BA;10/09/2026 11:00:00;Retornado;BA;Salvador;BAHIA SSA GABINETE DO SECRETARIO;21/09/2026 16:38:14
566179;0741700219;ARES;SSA - LUTY LOG;;BA;10/09/2026 11:00:00;Retornado;BA;Salvador;BAHIA SSA GABINETE DO SECRETARIO;21/09/2026 16:53:54
566179;0741700238;ARES;SSA - LUTY LOG;;BA;10/09/2026 11:00:00;Retornado;BA;Salvador;BAHIA SSA GABINETE DO SECRETARIO;21/09/2026 16:47:21
566330;0741700253;ARES;SSA - LUTY LOG;;BA;10/09/2026 11:00:00;Retornado;BA;Salvador;BAHIA SSA GABINETE DO SECRETARIO;21/09/2026 16:37:32
566330;0741700258;ARES;SSA - LUTY LOG;;BA;10/09/2026 11:00:00;Retornado;BA;Salvador;BAHIA SSA GABINETE DO SECRETARIO;21/09/2026 16:35:34
566179;0741700281;ARES;SSA - LUTY LOG;;BA;10/09/2026 11:00:00;Retornado;BA;Salvador;BAHIA SSA GABINETE DO SECRETARIO;21/09/2026 16:37:41
566330;0741700398;ARES;SSA - LUTY LOG;;BA;10/09/2026 11:00:00;Retornado;BA;Salvador;BAHIA SSA GABINETE DO SECRETARIO;21/09/2026 16:38:42
566330;0741700402;ARES;SSA - LUTY LOG;;BA;10/09/2026 11:00:00;Retornado;BA;Salvador;BAHIA SSA GABINETE DO SECRETARIO;21/09/2026 16:38:00
566330;0741700406;ARES;SSA - LUTY LOG;;BA;10/09/2026 11:00:00;Retornado;BA;Salvador;BAHIA SSA GABINETE DO SECRETARIO;21/09/2026 16:51:20
566330;0741700411;ARES;SSA - LUTY LOG;;BA;10/09/2026 11:00:00;Retornado;BA;Salvador;BAHIA SSA GABINETE DO SECRETARIO;21/09/2026 16:32:55
566330;0741700421;ARES;SSA - LUTY LOG;;BA;10/09/2026 11:00:00;Retornado;BA;Salvador;BAHIA SSA GABINETE DO SECRETARIO;21/09/2026 16:33:15
566179;0741700437;ARES;SSA - LUTY LOG;;BA;10/09/2026 11:00:00;Retornado;BA;Salvador;BAHIA SSA GABINETE DO SECRETARIO;21/09/2026 16:53:51
566330;0741700463;ARES;SSA - LUTY LOG;;BA;10/09/2026 11:00:00;Retornado;BA;Salvador;BAHIA SSA GABINETE DO SECRETARIO;21/09/2026 16:32:35
566330;0741700466;ARES;SSA - LUTY LOG;;BA;10/09/2026 11:00:00;Retornado;BA;Salvador;BAHIA SSA GABINETE DO SECRETARIO;21/09/2026 16:51:15
566330;0741700468;ARES;SSA - LUTY LOG;;BA;10/09/2026 11:00:00;Retornado;BA;Salvador;BAHIA SSA GABINETE DO SECRETARIO;21/09/2026 16:52:36
566330;0741700469;ARES;SSA - LUTY LOG;;BA;10/09/2026 11:00:00;Retornado;BA;Salvador;BAHIA SSA GABINETE DO SECRETARIO;21/09/2026 16:32:40
566330;0741700481;ARES;SSA - LUTY LOG;;BA;10/09/2026 11:00:00;Retornado;BA;Salvador;BAHIA SSA GABINETE DO SECRETARIO;21/09/2026 16:38:40
566179;0741700482;ARES;SSA - LUTY LOG;;BA;10/09/2026 11:00:00;Retornado;BA;Salvador;BAHIA SSA GABINETE DO SECRETARIO;21/09/2026 16:33:17
566330;0741700486;ARES;SSA - LUTY LOG;;BA;10/09/2026 11:00:00;Retornado;BA;Salvador;BAHIA SSA GABINETE DO SECRETARIO;21/09/2026 16:51:14
566216;0741700554;ARES;SSA - LUTY LOG;;BA;10/09/2026 11:00:00;Retornado;BA;Salvador;BAHIA SSA GABINETE DO SECRETARIO;21/09/2026 16:48:33
566216;0741700555;ARES;SSA - LUTY LOG;;BA;10/09/2026 11:00:00;Retornado;BA;Salvador;BAHIA SSA GABINETE DO SECRETARIO;21/09/2026 16:59:24
567856;0741700563;ARES;VTCLOG RIO GALEAO;;RJ;10/09/2026 11:00:00;Retornado;RJ;RIO DE JANEIRO;HOSPITAL UNIVERSITÁRIO CLEMENTINO FRAGA FILHO - HU;21/09/2026 19:06:50
566179;0741700565;ARES;SSA - LUTY LOG;;BA;10/09/2026 11:00:00;Retornado;BA;Salvador;BAHIA SSA GABINETE DO SECRETARIO;21/09/2026 16:35:44
566179;0741700570;ARES;SSA - LUTY LOG;;BA;10/09/2026 11:00:00;Retornado;BA;Salvador;BAHIA SSA GABINETE DO SECRETARIO;21/09/2026 16:51:56
566216;0741700591;ARES;SSA - LUTY LOG;;BA;10/09/2026 11:00:00;Retornado;BA;Salvador;BAHIA SSA GABINETE DO SECRETARIO;21/09/2026 16:59:29
566179;0741700625;ARES;SSA - LUTY LOG;;BA;10/09/2026 11:00:00;Retornado;BA;Salvador;BAHIA SSA GABINETE DO SECRETARIO;21/09/2026 16:36:15
566179;0741700674;ARES;SSA - LUTY LOG;;BA;10/09/2026 11:00:00;Retornado;BA;Salvador;BAHIA SSA GABINETE DO SECRETARIO;21/09/2026 16:34:39
566179;0741700713;ARES;SSA - LUTY LOG;;BA;10/09/2026 11:00:00;Retornado;BA;Salvador;BAHIA SSA GABINETE DO SECRETARIO;21/09/2026 16:33:55
566216;0741700790;ARES;SSA - LUTY LOG;;BA;10/09/2026 11:00:00;Retornado;BA;Salvador;BAHIA SSA GABINETE DO SECRETARIO;21/09/2026 16:34:44
566179;0741700810;ARES;SSA - LUTY LOG;;BA;10/09/2026 11:00:00;Retornado;BA;Salvador;BAHIA SSA GABINETE DO SECRETARIO;21/09/2026 16:36:19
566179;0741700831;ARES;SSA - LUTY LOG;;BA;10/09/2026 11:00:00;Retornado;BA;Salvador;BAHIA SSA GABINETE DO SECRETARIO;21/09/2026 16:38:49
566216;0741700832;ARES;SSA - LUTY LOG;;BA;10/09/2026 11:00:00;Retornado;BA;Salvador;BAHIA SSA GABINETE DO SECRETARIO;21/09/2026 16:51:50
566179;0741700849;ARES;SSA - LUTY LOG;;BA;10/09/2026 11:00:00;Retornado;BA;Salvador;BAHIA SSA GABINETE DO SECRETARIO;21/09/2026 16:31:47
566330;0741700856;ARES;SSA - LUTY LOG;;BA;10/09/2026 11:00:00;Retornado;BA;Salvador;BAHIA SSA GABINETE DO SECRETARIO;21/09/2026 16:33:06
566216;0741700878;ARES;SSA - LUTY LOG;;BA;10/09/2026 11:00:00;Retornado;BA;Salvador;BAHIA SSA GABINETE DO SECRETARIO;21/09/2026 16:32:51
566179;0741700897;ARES;SSA - LUTY LOG;;BA;10/09/2026 11:00:00;Retornado;BA;Salvador;BAHIA SSA GABINETE DO SECRETARIO;21/09/2026 16:32:27
566216;0741700907;ARES;SSA - LUTY LOG;;BA;10/09/2026 11:00:00;Retornado;BA;Salvador;BAHIA SSA GABINETE DO SECRETARIO;21/09/2026 16:59:02
566216;0741700936;ARES;SSA - LUTY LOG;;BA;10/09/2026 11:00:00;Retornado;BA;Salvador;BAHIA SSA GABINETE DO SECRETARIO;21/09/2026 16:51:21
566216;0741700965;ARES;SSA - LUTY LOG;;BA;10/09/2026 11:00:00;Retornado;BA;Salvador;BAHIA SSA GABINETE DO SECRETARIO;21/09/2026 16:33:24
566179;0741700966;ARES;SSA - LUTY LOG;;BA;10/09/2026 11:00:00;Retornado;BA;Salvador;BAHIA SSA GABINETE DO SECRETARIO;21/09/2026 16:48:03
566179;0741700999;ARES;SSA - LUTY LOG;;BA;10/09/2026 11:00:00;Retornado;BA;Salvador;BAHIA SSA GABINETE DO SECRETARIO;21/09/2026 16:38:51
566179;A0317;ARES;SSA - LUTY LOG;;BA;10/09/2026 11:00:00;Pendente de Retorno;BA;Salvador;BAHIA SSA GABINETE DO SECRETARIO;21/07/2026 17:30:36
567299;A1190;ARES;SLZ - REIS CAVALCANTE EXPRESSO;;MA;10/09/2026 11:00:00;Pendente de Retorno;MA;Sao Joao Batista;HEITOR DINIZ FERREIRA SEI 00737.022265/2023-59;21/07/2026 17:30:45
566330;A1311;ARES;SSA - LUTY LOG;;BA;10/09/2026 11:00:00;Pendente de Retorno;BA;Salvador;BAHIA SSA GABINETE DO SECRETARIO;20/07/2026 15:09:58
566330;A1965;ARES;SSA - LUTY LOG;;BA;10/09/2026 11:00:00;Pendente de Retorno;BA;Salvador;BAHIA SSA GABINETE DO SECRETARIO;16/07/2026 04:17:01
566179;A2429;ARES;SSA - LUTY LOG;;BA;10/09/2026 11:00:00;Pendente de Retorno;BA;Salvador;BAHIA SSA GABINETE DO SECRETARIO;16/07/2026 09:07:21
566216;A3128;ARES;SSA - LUTY LOG;;BA;10/09/2026 11:00:00;Pendente de Retorno;BA;Salvador;BAHIA SSA GABINETE DO SECRETARIO;27/07/2026 17:10:49
566382;A4389;ARES;MAO- GR TRANSPORTES E LOGISTICA MULTIMODAL;;AM;10/09/2026 11:00:00;Pendente de Retorno;AM;Tabatinga;SES AMAZÔNAS/AM;10/07/2026 15:34:52
566330;A5327;ARES;SSA - LUTY LOG;;BA;10/09/2026 11:00:00;Pendente de Retorno;BA;Salvador;BAHIA SSA GABINETE DO SECRETARIO;23/07/2026 20:46:10
566179;A7628;ARES;SSA - LUTY LOG;;BA;10/09/2026 11:00:00;Pendente de Retorno;BA;Salvador;BAHIA SSA GABINETE DO SECRETARIO;29/06/2026 23:28:52
566330;A7823;ARES;SSA - LUTY LOG;;BA;10/09/2026 11:00:00;Pendente de Retorno;BA;Salvador;BAHIA SSA GABINETE DO SECRETARIO;14/07/2026 17:27:23
566330;A8454;ARES;SSA - LUTY LOG;;BA;10/09/2026 11:00:00;Pendente de Retorno;BA;Salvador;BAHIA SSA GABINETE DO SECRETARIO;24/07/2026 13:24:34
566179;A8594;ARES;SSA - LUTY LOG;;BA;10/09/2026 11:00:00;Pendente de Retorno;BA;Salvador;BAHIA SSA GABINETE DO SECRETARIO;26/07/2026 22:24:07
566330;A8683;ARES;SSA - LUTY LOG;;BA;10/09/2026 11:00:00;Pendente de Retorno;BA;Salvador;BAHIA SSA GABINETE DO SECRETARIO;21/07/2026 17:16:26
566216;A9202;ARES;SSA - LUTY LOG;;BA;10/09/2026 11:00:00;Pendente de Retorno;BA;Salvador;BAHIA SSA GABINETE DO SECRETARIO;23/07/2026 07:44:01
566330;TA0468;ARES;SSA - LUTY LOG;;BA;10/09/2026 11:00:00;Pendente de Retorno;BA;Salvador;BAHIA SSA GABINETE DO SECRETARIO;25/07/2026 21:26:24
566179;TA0752;ARES;SSA - LUTY LOG;;BA;10/09/2026 11:00:00;Pendente de Retorno;BA;Salvador;BAHIA SSA GABINETE DO SECRETARIO;18/07/2026 11:41:26
566330;TA0923;ARES;SSA - LUTY LOG;;BA;10/09/2026 11:00:00;Pendente de Retorno;BA;Salvador;BAHIA SSA GABINETE DO SECRETARIO;10/07/2026 17:33:26
566150;TA0932;ARES;MAO- GR TRANSPORTES E LOGISTICA MULTIMODAL;;AM;10/09/2026 11:00:00;Pendente de Retorno;AM;Tabatinga;SES AMAZÔNAS/AM;17/07/2026 08:43:47
566179;TA1169;ARES;SSA - LUTY LOG;;BA;10/09/2026 11:00:00;Pendente de Retorno;BA;Salvador;BAHIA SSA GABINETE DO SECRETARIO;20/07/2026 11:35:40
567560;0741700262;ARES;VTCLOG - GRU;;SP;10/09/2026 10:42:00;Retornado;SP;Franca;LAHANA DE PAULA MELETTE 25000.107939/2016-09;18/09/2026 08:56:54
567063;0741700388;ARES;VTCLOG - GRU;;SP;10/09/2026 10:41:00;Retornado;SP;SAO PAULO;HOSPITAL DAS CLINICAS;21/09/2026 13:36:27
567784;0741700813;ARES;VTCLOG RIO GALEAO;;RJ;10/09/2026 10:40:00;Retornado;RJ;RIO DE JANEIRO;LAB. CENTRAL DE SAÚDE PÚBLICA NOEL NUTELS - LACEN/;22/09/2026 03:05:04
567550;0741700815;ARES;GYN - RBR EXPERIENCIA EM TRANSPORTES;;GO;10/09/2026 10:30:00;Retornado;GO;Goiania;GISELE ALVES MEDEIROS DE PAULA;16/09/2026 17:21:29
567581;0741700447;ARES;VTCLOG - GRU;;SP;10/09/2026 10:28:22;Retornado;SP;SAO PAULO;UNIVERSIDADE FEDERAL DE SAO PAULO;15/09/2026 15:00:00
566405;AS-0095;ARES COM SONDA;SSA - LUTY LOG;;BA;10/09/2026 10:13:14;Pendente de Retorno;BA;Simoes Filho;CENTRAL FARMACÊUTICA DO ESTADO DA BAHIA - CEFARBA;16/07/2026 17:12:08
566405;AS-0228;ARES COM SONDA;SSA - LUTY LOG;;BA;10/09/2026 10:13:14;Pendente de Retorno;BA;Simoes Filho;CENTRAL FARMACÊUTICA DO ESTADO DA BAHIA - CEFARBA;20/07/2026 08:04:11
566405;AS-0229;ARES COM SONDA;SSA - LUTY LOG;;BA;10/09/2026 10:13:14;Pendente de Retorno;BA;Simoes Filho;CENTRAL FARMACÊUTICA DO ESTADO DA BAHIA - CEFARBA;23/07/2026 07:47:59
566405;AS-0252;ARES COM SONDA;SSA - LUTY LOG;;BA;10/09/2026 10:13:14;Pendente de Retorno;BA;Simoes Filho;CENTRAL FARMACÊUTICA DO ESTADO DA BAHIA - CEFARBA;21/07/2026 09:30:28
566405;AS-0414;ARES COM SONDA;SSA - LUTY LOG;;BA;10/09/2026 10:13:14;Pendente de Retorno;BA;Simoes Filho;CENTRAL FARMACÊUTICA DO ESTADO DA BAHIA - CEFARBA;21/07/2026 09:30:26
566405;AS-0442;ARES COM SONDA;SSA - LUTY LOG;;BA;10/09/2026 10:13:14;Pendente de Retorno;BA;Simoes Filho;CENTRAL FARMACÊUTICA DO ESTADO DA BAHIA - CEFARBA;22/07/2026 11:44:22
566405;AS-0490;ARES COM SONDA;SSA - LUTY LOG;;BA;10/09/2026 10:13:14;Pendente de Retorno;BA;Simoes Filho;CENTRAL FARMACÊUTICA DO ESTADO DA BAHIA - CEFARBA;20/07/2026 08:04:24
566405;AS-0570;ARES COM SONDA;SSA - LUTY LOG;;BA;10/09/2026 10:13:14;Pendente de Retorno;BA;Simoes Filho;CENTRAL FARMACÊUTICA DO ESTADO DA BAHIA - CEFARBA;20/07/2026 08:04:44
566405;AS-0893;ARES COM SONDA;SSA - LUTY LOG;;BA;10/09/2026 10:13:14;Pendente de Retorno;BA;Simoes Filho;CENTRAL FARMACÊUTICA DO ESTADO DA BAHIA - CEFARBA;20/07/2026 09:30:07
566405;AS-0934;ARES COM SONDA;SSA - LUTY LOG;;BA;10/09/2026 10:13:14;Pendente de Retorno;BA;Simoes Filho;CENTRAL FARMACÊUTICA DO ESTADO DA BAHIA - CEFARBA;23/05/2026 12:19:21
566031;A1736;ARES;VTCLOG - REC;;PE;10/09/2026 09:37:14;Pendente de Retorno;PE;JABOATAO DOS GUARARAPES;ALMOXARIFADO ESTADUAL DE MEDICAMENTOS - PERNAMBUCO;10/07/2026 17:34:57
566031;A2873;ARES;VTCLOG - REC;;PE;10/09/2026 09:37:14;Pendente de Retorno;PE;JABOATAO DOS GUARARAPES;ALMOXARIFADO ESTADUAL DE MEDICAMENTOS - PERNAMBUCO;30/06/2026 08:21:37
566031;A4675;ARES;VTCLOG - REC;;PE;10/09/2026 09:37:14;Pendente de Retorno;PE;JABOATAO DOS GUARARAPES;ALMOXARIFADO ESTADUAL DE MEDICAMENTOS - PERNAMBUCO;17/07/2026 08:35:12
566031;A6704;ARES;VTCLOG - REC;;PE;10/09/2026 09:37:14;Pendente de Retorno;PE;JABOATAO DOS GUARARAPES;ALMOXARIFADO ESTADUAL DE MEDICAMENTOS - PERNAMBUCO;23/07/2026 20:43:48
566031;A6765;ARES;VTCLOG - REC;;PE;10/09/2026 09:37:14;Pendente de Retorno;PE;JABOATAO DOS GUARARAPES;ALMOXARIFADO ESTADUAL DE MEDICAMENTOS - PERNAMBUCO;18/07/2026 07:58:38
566031;A9485;ARES;VTCLOG - REC;;PE;10/09/2026 09:37:14;Pendente de Retorno;PE;JABOATAO DOS GUARARAPES;ALMOXARIFADO ESTADUAL DE MEDICAMENTOS - PERNAMBUCO;27/07/2026 00:15:13
566031;TA0867;ARES;VTCLOG - REC;;PE;10/09/2026 09:37:14;Pendente de Retorno;PE;JABOATAO DOS GUARARAPES;ALMOXARIFADO ESTADUAL DE MEDICAMENTOS - PERNAMBUCO;27/07/2026 00:19:32
567764;0741700606;ARES;VTCLOG - GRU;;SP;10/09/2026 09:32:00;Retornado;SP;SAO PAULO;SECRETARIA DE ESTADO DA SAUDE;21/09/2026 13:41:47
567764;0741700626;ARES;VTCLOG - GRU;;SP;10/09/2026 09:32:00;Retornado;SP;SAO PAULO;SECRETARIA DE ESTADO DA SAUDE;15/09/2026 15:00:00
567764;0741700726;ARES;VTCLOG - GRU;;SP;10/09/2026 09:32:00;Retornado;SP;SAO PAULO;SECRETARIA DE ESTADO DA SAUDE;21/09/2026 04:32:47
567340;A9476;ARES;SSA - LUTY LOG;;BA;09/09/2026 20:00:00;Pendente de Retorno;BA;Salvador;CAROLINE LINS ARAUJO 00737.018966/2026-36;21/07/2026 17:42:20
567307;0741700111;ARES;VTCLOG - GRU;;SP;09/09/2026 19:32:00;Retornado;SP;SAO PAULO;LORENA DE OLIVEIRA BIAJONE 00737.004491/2023-58;18/09/2026 12:37:00
567732;0741700068;ARES;VTCLOG - GRU;;SP;09/09/2026 19:24:00;Retornado;SP;SAO PAULO;ALLAN MUNIZ DE MATOS SEI 00737.015606/2021-78;21/09/2026 13:39:12
567079;0741700409;ARES;VTCLOG - GRU;;SP;09/09/2026 19:22:00;Retornado;SP;SAO PAULO;HOSPITAL SAO PAULO LABORATORIO CENTRAL;14/09/2026 07:47:05
567079;0741700492;ARES;VTCLOG - GRU;;SP;09/09/2026 19:22:00;Retornado;SP;SAO PAULO;HOSPITAL SAO PAULO LABORATORIO CENTRAL;21/09/2026 16:35:58
567305;0741700901;ARES;VTCLOG - GRU;;SP;09/09/2026 19:11:40;Retornado;SP;Tupa;ISADORA RODRIGUES VILELA DA ROCHA 00737.011941/2022-88;21/09/2026 13:39:43
567229;0741700892;ARES;VTCLOG - GRU;;SP;09/09/2026 19:09:26;Retornado;SP;Marilia;HEMOCENTRO DA FAMEMA;21/09/2026 13:41:34
567315;0741700158;ARES;VTCLOG - GRU;;SP;09/09/2026 19:05:50;Retornado;SP;Marilia;MANUELLA VITORIA PEDROZA DOS SANTOS 0073;21/09/2026 13:37:16
564613;A3805;ARES;MAB - EXPRESSO RODRIGUES LTDA;;PA;09/09/2026 18:23:00;Pendente de Retorno;PA;Ananindeua;SEC DE ESTADO DE SAUDE PULB DO PARA;11/07/2026 13:38:50
564613;A4949;ARES;MAB - EXPRESSO RODRIGUES LTDA;;PA;09/09/2026 18:23:00;Pendente de Retorno;PA;Ananindeua;SEC DE ESTADO DE SAUDE PULB DO PARA;18/07/2026 11:46:40
564613;A5491;ARES;MAB - EXPRESSO RODRIGUES LTDA;;PA;09/09/2026 18:23:00;Pendente de Retorno;PA;Ananindeua;SEC DE ESTADO DE SAUDE PULB DO PARA;22/07/2026 09:02:48
564613;A6143;ARES;MAB - EXPRESSO RODRIGUES LTDA;;PA;09/09/2026 18:23:00;Pendente de Retorno;PA;Ananindeua;SEC DE ESTADO DE SAUDE PULB DO PARA;22/07/2026 23:46:26
564613;A6168;ARES;MAB - EXPRESSO RODRIGUES LTDA;;PA;09/09/2026 18:23:00;Pendente de Retorno;PA;Ananindeua;SEC DE ESTADO DE SAUDE PULB DO PARA;23/07/2026 21:10:13
564613;A6604;ARES;MAB - EXPRESSO RODRIGUES LTDA;;PA;09/09/2026 18:23:00;Pendente de Retorno;PA;Ananindeua;SEC DE ESTADO DE SAUDE PULB DO PARA;27/07/2026 15:23:07
564613;A7135;ARES;MAB - EXPRESSO RODRIGUES LTDA;;PA;09/09/2026 18:23:00;Pendente de Retorno;PA;Ananindeua;SEC DE ESTADO DE SAUDE PULB DO PARA;20/07/2026 09:51:00
564613;A7217;ARES;MAB - EXPRESSO RODRIGUES LTDA;;PA;09/09/2026 18:23:00;Pendente de Retorno;PA;Ananindeua;SEC DE ESTADO DE SAUDE PULB DO PARA;21/07/2026 17:23:48
564613;A7338;ARES;MAB - EXPRESSO RODRIGUES LTDA;;PA;09/09/2026 18:23:00;Pendente de Retorno;PA;Ananindeua;SEC DE ESTADO DE SAUDE PULB DO PARA;27/07/2026 15:22:52
564613;A7843;ARES;MAB - EXPRESSO RODRIGUES LTDA;;PA;09/09/2026 18:23:00;Pendente de Retorno;PA;Ananindeua;SEC DE ESTADO DE SAUDE PULB DO PARA;15/07/2026 10:08:39
564613;A7960;ARES;MAB - EXPRESSO RODRIGUES LTDA;;PA;09/09/2026 18:23:00;Pendente de Retorno;PA;Ananindeua;SEC DE ESTADO DE SAUDE PULB DO PARA;24/07/2026 08:38:01
564613;A8941;ARES;MAB - EXPRESSO RODRIGUES LTDA;;PA;09/09/2026 18:23:00;Pendente de Retorno;PA;Ananindeua;SEC DE ESTADO DE SAUDE PULB DO PARA;24/07/2026 13:23:36
564613;A9296;ARES;MAB - EXPRESSO RODRIGUES LTDA;;PA;09/09/2026 18:23:00;Pendente de Retorno;PA;Ananindeua;SEC DE ESTADO DE SAUDE PULB DO PARA;26/07/2026 20:49:14
564613;A9571;ARES;MAB - EXPRESSO RODRIGUES LTDA;;PA;09/09/2026 18:23:00;Pendente de Retorno;PA;Ananindeua;SEC DE ESTADO DE SAUDE PULB DO PARA;13/07/2026 16:35:07
564613;TA0598;ARES;MAB - EXPRESSO RODRIGUES LTDA;;PA;09/09/2026 18:23:00;Pendente de Retorno;PA;Ananindeua;SEC DE ESTADO DE SAUDE PULB DO PARA;24/07/2026 15:28:34
564613;TA0857;ARES;MAB - EXPRESSO RODRIGUES LTDA;;PA;09/09/2026 18:23:00;Pendente de Retorno;PA;Ananindeua;SEC DE ESTADO DE SAUDE PULB DO PARA;09/07/2026 15:30:51
564613;TA0981;ARES;MAB - EXPRESSO RODRIGUES LTDA;;PA;09/09/2026 18:23:00;Pendente de Retorno;PA;Ananindeua;SEC DE ESTADO DE SAUDE PULB DO PARA;22/07/2026 21:44:54
567587;A1443;ARES;RAO- GATTO LOG TRANSPORTES E SERVICOS LTDA;;MG;09/09/2026 16:47:00;Retornado;MG;Passos;CAMILA ALVES LARA;18/09/2026 12:40:13
567569;0741700945;ARES;VTCLOG - GRU;;SP;09/09/2026 16:04:00;Retornado;SP;Piracicaba;VANESSA MARIN NAVARRO;21/09/2026 16:35:58
566322;0741700097;ARES;AJU - CASSIMIRO TRANSPORTES;;SE;09/09/2026 15:50:00;Retornado;SE;Aracaju;ALMOXARIFADO ESTADUAL DE MEDICAMENTOS - SERGIPE;21/09/2026 19:00:50
566322;0741700357;ARES;AJU - CASSIMIRO TRANSPORTES;;SE;09/09/2026 15:50:00;Retornado;SE;Aracaju;ALMOXARIFADO ESTADUAL DE MEDICAMENTOS - SERGIPE;21/09/2026 15:37:04
566322;0741700364;ARES;AJU - CASSIMIRO TRANSPORTES;;SE;09/09/2026 15:50:00;Retornado;SE;Aracaju;ALMOXARIFADO ESTADUAL DE MEDICAMENTOS - SERGIPE;19/09/2026 10:39:03
566322;0741700416;ARES;AJU - CASSIMIRO TRANSPORTES;;SE;09/09/2026 15:50:00;Retornado;SE;Aracaju;ALMOXARIFADO ESTADUAL DE MEDICAMENTOS - SERGIPE;22/09/2026 00:49:24
566322;0741700430;ARES;AJU - CASSIMIRO TRANSPORTES;;SE;09/09/2026 15:50:00;Retornado;SE;Aracaju;ALMOXARIFADO ESTADUAL DE MEDICAMENTOS - SERGIPE;19/09/2026 10:39:23
566322;0741700441;ARES;AJU - CASSIMIRO TRANSPORTES;;SE;09/09/2026 15:50:00;Retornado;SE;Aracaju;ALMOXARIFADO ESTADUAL DE MEDICAMENTOS - SERGIPE;21/09/2026 15:07:38
566322;0741700474;ARES;AJU - CASSIMIRO TRANSPORTES;;SE;09/09/2026 15:50:00;Retornado;SE;Aracaju;ALMOXARIFADO ESTADUAL DE MEDICAMENTOS - SERGIPE;21/09/2026 22:06:46
566322;0741700525;ARES;AJU - CASSIMIRO TRANSPORTES;;SE;09/09/2026 15:50:00;Retornado;SE;Aracaju;ALMOXARIFADO ESTADUAL DE MEDICAMENTOS - SERGIPE;22/09/2026 02:37:00
566322;0741700552;ARES;AJU - CASSIMIRO TRANSPORTES;;SE;09/09/2026 15:50:00;Retornado;SE;Aracaju;ALMOXARIFADO ESTADUAL DE MEDICAMENTOS - SERGIPE;22/09/2026 02:12:57
566322;0741700761;ARES;AJU - CASSIMIRO TRANSPORTES;;SE;09/09/2026 15:50:00;Retornado;SE;Aracaju;ALMOXARIFADO ESTADUAL DE MEDICAMENTOS - SERGIPE;19/09/2026 10:17:12
566322;0741700787;ARES;AJU - CASSIMIRO TRANSPORTES;;SE;09/09/2026 15:50:00;Retornado;SE;Aracaju;ALMOXARIFADO ESTADUAL DE MEDICAMENTOS - SERGIPE;21/09/2026 15:31:12
566322;0741700805;ARES;AJU - CASSIMIRO TRANSPORTES;;SE;09/09/2026 15:50:00;Retornado;SE;Aracaju;ALMOXARIFADO ESTADUAL DE MEDICAMENTOS - SERGIPE;19/09/2026 10:40:09
566322;0741700964;ARES;AJU - CASSIMIRO TRANSPORTES;;SE;09/09/2026 15:50:00;Retornado;SE;Aracaju;ALMOXARIFADO ESTADUAL DE MEDICAMENTOS - SERGIPE;19/09/2026 10:31:16
566322;A0379;ARES;AJU - CASSIMIRO TRANSPORTES;;SE;09/09/2026 15:50:00;Pendente de Retorno;SE;Aracaju;ALMOXARIFADO ESTADUAL DE MEDICAMENTOS - SERGIPE;22/07/2026 23:49:52
566322;A0861;ARES;AJU - CASSIMIRO TRANSPORTES;;SE;09/09/2026 15:50:00;Pendente de Retorno;SE;Aracaju;ALMOXARIFADO ESTADUAL DE MEDICAMENTOS - SERGIPE;30/06/2026 07:26:38
566322;A2919;ARES;AJU - CASSIMIRO TRANSPORTES;;SE;09/09/2026 15:50:00;Pendente de Retorno;SE;Aracaju;ALMOXARIFADO ESTADUAL DE MEDICAMENTOS - SERGIPE;30/06/2026 08:22:17
566322;A3630;ARES;AJU - CASSIMIRO TRANSPORTES;;SE;09/09/2026 15:50:00;Pendente de Retorno;SE;Aracaju;ALMOXARIFADO ESTADUAL DE MEDICAMENTOS - SERGIPE;10/07/2026 17:21:48
566322;A3641;ARES;AJU - CASSIMIRO TRANSPORTES;;SE;09/09/2026 15:50:00;Pendente de Retorno;SE;Aracaju;ALMOXARIFADO ESTADUAL DE MEDICAMENTOS - SERGIPE;17/07/2026 08:44:42
566322;A3830;ARES;AJU - CASSIMIRO TRANSPORTES;;SE;09/09/2026 15:50:00;Pendente de Retorno;SE;Aracaju;ALMOXARIFADO ESTADUAL DE MEDICAMENTOS - SERGIPE;24/07/2026 13:23:53
566322;A4473;ARES;AJU - CASSIMIRO TRANSPORTES;;SE;09/09/2026 15:50:00;Pendente de Retorno;SE;Aracaju;ALMOXARIFADO ESTADUAL DE MEDICAMENTOS - SERGIPE;25/07/2026 22:21:36
566322;A6449;ARES;AJU - CASSIMIRO TRANSPORTES;;SE;09/09/2026 15:50:00;Pendente de Retorno;SE;Aracaju;ALMOXARIFADO ESTADUAL DE MEDICAMENTOS - SERGIPE;27/07/2026 00:18:26
566322;A6458;ARES;AJU - CASSIMIRO TRANSPORTES;;SE;09/09/2026 15:50:00;Pendente de Retorno;SE;Aracaju;ALMOXARIFADO ESTADUAL DE MEDICAMENTOS - SERGIPE;24/07/2026 13:23:56
566322;A6957;ARES;AJU - CASSIMIRO TRANSPORTES;;SE;09/09/2026 15:50:00;Pendente de Retorno;SE;Aracaju;ALMOXARIFADO ESTADUAL DE MEDICAMENTOS - SERGIPE;18/07/2026 10:10:33
566322;A7060;ARES;AJU - CASSIMIRO TRANSPORTES;;SE;09/09/2026 15:50:00;Pendente de Retorno;SE;Aracaju;ALMOXARIFADO ESTADUAL DE MEDICAMENTOS - SERGIPE;26/07/2026 20:46:40
566322;A7087;ARES;AJU - CASSIMIRO TRANSPORTES;;SE;09/09/2026 15:50:00;Pendente de Retorno;SE;Aracaju;ALMOXARIFADO ESTADUAL DE MEDICAMENTOS - SERGIPE;23/07/2026 08:39:40
566322;A7506;ARES;AJU - CASSIMIRO TRANSPORTES;;SE;09/09/2026 15:50:00;Pendente de Retorno;SE;Aracaju;ALMOXARIFADO ESTADUAL DE MEDICAMENTOS - SERGIPE;10/07/2026 02:11:45
566322;A7726;ARES;AJU - CASSIMIRO TRANSPORTES;;SE;09/09/2026 15:50:00;Pendente de Retorno;SE;Aracaju;ALMOXARIFADO ESTADUAL DE MEDICAMENTOS - SERGIPE;30/06/2026 08:19:50
566322;A7751;ARES;AJU - CASSIMIRO TRANSPORTES;;SE;09/09/2026 15:50:00;Pendente de Retorno;SE;Aracaju;ALMOXARIFADO ESTADUAL DE MEDICAMENTOS - SERGIPE;19/06/2026 17:31:31
566322;A8226;ARES;AJU - CASSIMIRO TRANSPORTES;;SE;09/09/2026 15:50:00;Pendente de Retorno;SE;Aracaju;ALMOXARIFADO ESTADUAL DE MEDICAMENTOS - SERGIPE;30/06/2026 08:35:20
566322;A8311;ARES;AJU - CASSIMIRO TRANSPORTES;;SE;09/09/2026 15:50:00;Pendente de Retorno;SE;Aracaju;ALMOXARIFADO ESTADUAL DE MEDICAMENTOS - SERGIPE;25/07/2026 12:09:03
566322;A8541;ARES;AJU - CASSIMIRO TRANSPORTES;;SE;09/09/2026 15:50:00;Pendente de Retorno;SE;Aracaju;ALMOXARIFADO ESTADUAL DE MEDICAMENTOS - SERGIPE;27/07/2026 17:13:31
566322;A9566;ARES;AJU - CASSIMIRO TRANSPORTES;;SE;09/09/2026 15:50:00;Pendente de Retorno;SE;Aracaju;ALMOXARIFADO ESTADUAL DE MEDICAMENTOS - SERGIPE;20/07/2026 15:11:38
566322;A9631;ARES;AJU - CASSIMIRO TRANSPORTES;;SE;09/09/2026 15:50:00;Pendente de Retorno;SE;Aracaju;ALMOXARIFADO ESTADUAL DE MEDICAMENTOS - SERGIPE;17/07/2026 07:37:29
566428;A2651;ARES;MCP - A A CARVALHO ROCHA ME;;AP;09/09/2026 15:08:41;Pendente de Retorno;AP;Macapa;COORDENAÇÃO ESTADUAL DST/AIDS - ALMOXARIFADO - AP;21/07/2026 17:31:11
566508;A6046;ARES;MCP - A A CARVALHO ROCHA ME;;AP;09/09/2026 15:05:40;Pendente de Retorno;AP;Macapa;COORDENAÇÃO ESTADUAL DST/AIDS - ALMOXARIFADO - AP;09/07/2026 23:50:37
567599;A2224;ARES;AJU - CASSIMIRO TRANSPORTES;;SE;09/09/2026 15:02:15;Pendente de Retorno;SE;Aracaju;HOSPITAL UNIVERSITARIO DA UFS;18/07/2026 10:11:32
566325;A0461;ARES;RBR - RODOTEC;;AC;09/09/2026 15:00:00;Pendente de Retorno;AC;Rio Branco;NÚCLEO DE DOENÇAS DE TRANSMISSÃO VETORIAL - SESACR;27/07/2026 17:20:21
567010;A0662;ARES;BVB - J PIMENTEL S. CUNHA LTDA;;RR;09/09/2026 15:00:00;Pendente de Retorno;RR;Boa Vista;HEMOCENTRO COORDENADOR DE RORAIMA RR;27/07/2026 00:11:09
567010;A1317;ARES;BVB - J PIMENTEL S. CUNHA LTDA;;RR;09/09/2026 15:00:00;Pendente de Retorno;RR;Boa Vista;HEMOCENTRO COORDENADOR DE RORAIMA RR;15/07/2026 21:28:29
567010;A1968;ARES;BVB - J PIMENTEL S. CUNHA LTDA;;RR;09/09/2026 15:00:00;Pendente de Retorno;RR;Boa Vista;HEMOCENTRO COORDENADOR DE RORAIMA RR;20/07/2026 11:36:55
566325;A2190;ARES;RBR - RODOTEC;;AC;09/09/2026 15:00:00;Pendente de Retorno;AC;Rio Branco;NÚCLEO DE DOENÇAS DE TRANSMISSÃO VETORIAL - SESACR;09/09/2026 15:00:00
567010;A2229;ARES;BVB - J PIMENTEL S. CUNHA LTDA;;RR;09/09/2026 15:00:00;Pendente de Retorno;RR;Boa Vista;HEMOCENTRO COORDENADOR DE RORAIMA RR;10/07/2026 17:18:11
566325;A2649;ARES;RBR - RODOTEC;;AC;09/09/2026 15:00:00;Pendente de Retorno;AC;Rio Branco;NÚCLEO DE DOENÇAS DE TRANSMISSÃO VETORIAL - SESACR;21/07/2026 17:28:14
566325;A3336;ARES;RBR - RODOTEC;;AC;09/09/2026 15:00:00;Pendente de Retorno;AC;Rio Branco;NÚCLEO DE DOENÇAS DE TRANSMISSÃO VETORIAL - SESACR;27/07/2026 15:25:33
567010;A3349;ARES;BVB - J PIMENTEL S. CUNHA LTDA;;RR;09/09/2026 15:00:00;Pendente de Retorno;RR;Boa Vista;HEMOCENTRO COORDENADOR DE RORAIMA RR;02/07/2026 16:58:41
567137;A3487;ARES;RBR - RODOTEC;;AC;09/09/2026 15:00:00;Pendente de Retorno;AC;Rio Branco;NÚCLEO DE DOENÇAS DE TRANSMISSÃO VETORIAL - SESACR;13/07/2026 16:38:20
566500;A3603;ARES;RBR - RODOTEC;;AC;09/09/2026 15:00:00;Pendente de Retorno;AC;Rio Branco;NÚCLEO DE DOENÇAS DE TRANSMISSÃO VETORIAL - SESACR;18/07/2026 07:58:44
567010;A4645;ARES;BVB - J PIMENTEL S. CUNHA LTDA;;RR;09/09/2026 15:00:00;Pendente de Retorno;RR;Boa Vista;HEMOCENTRO COORDENADOR DE RORAIMA RR;21/07/2026 17:11:53
566992;A4756;ARES;RBR - RODOTEC;;AC;09/09/2026 15:00:00;Pendente de Retorno;AC;Rio Branco;NÚCLEO DE DOENÇAS DE TRANSMISSÃO VETORIAL - SESACR;26/07/2026 22:20:06
567010;A4844;ARES;BVB - J PIMENTEL S. CUNHA LTDA;;RR;09/09/2026 15:00:00;Pendente de Retorno;RR;Boa Vista;HEMOCENTRO COORDENADOR DE RORAIMA RR;09/07/2026 22:14:39
566992;A4856;ARES;RBR - RODOTEC;;AC;09/09/2026 15:00:00;Pendente de Retorno;AC;Rio Branco;NÚCLEO DE DOENÇAS DE TRANSMISSÃO VETORIAL - SESACR;03/07/2026 08:35:11
567010;A5714;ARES;BVB - J PIMENTEL S. CUNHA LTDA;;RR;09/09/2026 15:00:00;Pendente de Retorno;RR;Boa Vista;HEMOCENTRO COORDENADOR DE RORAIMA RR;21/07/2026 17:26:47
566325;A6439;ARES;RBR - RODOTEC;;AC;09/09/2026 15:00:00;Pendente de Retorno;AC;Rio Branco;NÚCLEO DE DOENÇAS DE TRANSMISSÃO VETORIAL - SESACR;27/07/2026 10:29:46
566423;A7246;ARES;RBR - RODOTEC;;AC;09/09/2026 15:00:00;Pendente de Retorno;AC;Rio Branco;NÚCLEO DE DOENÇAS DE TRANSMISSÃO VETORIAL - SESACR;08/07/2026 11:29:34
566325;A7566;ARES;RBR - RODOTEC;;AC;09/09/2026 15:00:00;Pendente de Retorno;AC;Rio Branco;NÚCLEO DE DOENÇAS DE TRANSMISSÃO VETORIAL - SESACR;20/07/2026 11:34:42
567010;A8776;ARES;BVB - J PIMENTEL S. CUNHA LTDA;;RR;09/09/2026 15:00:00;Pendente de Retorno;RR;Boa Vista;HEMOCENTRO COORDENADOR DE RORAIMA RR;17/07/2026 07:39:40
567010;A8794;ARES;BVB - J PIMENTEL S. CUNHA LTDA;;RR;09/09/2026 15:00:00;Pendente de Retorno;RR;Boa Vista;HEMOCENTRO COORDENADOR DE RORAIMA RR;10/07/2026 17:23:43
567010;TA0730;ARES;BVB - J PIMENTEL S. CUNHA LTDA;;RR;09/09/2026 15:00:00;Pendente de Retorno;RR;Boa Vista;HEMOCENTRO COORDENADOR DE RORAIMA RR;10/07/2026 17:21:58
566325;TA1001;ARES;RBR - RODOTEC;;AC;09/09/2026 15:00:00;Pendente de Retorno;AC;Rio Branco;NÚCLEO DE DOENÇAS DE TRANSMISSÃO VETORIAL - SESACR;24/07/2026 08:36:47
566738;TA1007;ARES;RBR - RODOTEC;;AC;09/09/2026 15:00:00;Pendente de Retorno;AC;Rio Branco;NÚCLEO DE DOENÇAS DE TRANSMISSÃO VETORIAL - SESACR;04/07/2026 13:59:02
567568;A7511;ARES;CWB - TGEX TRANSPORTES E LOCACAO DE VEIC;;PR;09/09/2026 14:19:00;Pendente de Retorno;PR;Curitiba;ELENICE QUADROS SBALCHEIRO - 00737.005982/2018-59;20/07/2026 11:38:24
567559;A3181;ARES;VTCLOG RIO GALEAO;;RJ;09/09/2026 14:00:00;Pendente de Retorno;RJ;CAMPOS DOS GOYTACAZES;GYLSA PESSANHA MACHADO DE SOUZA;27/07/2026 00:20:03
567327;TA0033;ARES;IOS - MASPEX CARGO;;BA;09/09/2026 14:00:00;Pendente de Retorno;BA;Ilheus;BAHIA SSA GABINETE DO SECRETARIO;20/07/2026 15:10:03
567580;TA0890;ARES;IOS - MASPEX CARGO;;BA;09/09/2026 14:00:00;Pendente de Retorno;BA;Ilheus;BAHIA SSA GABINETE DO SECRETARIO;26/07/2026 20:49:23
567591;0741700276;ARES;VTCLOG - GRU;;SP;09/09/2026 13:24:49;Retornado;SP;Botucatu;HOSPITAL DAS CLÍNICAS DE BOTUCATU - FACULDADE DE M;21/09/2026 12:59:06
567814;0741700022;ARES;VTCLOG - GRU;;SP;09/09/2026 13:11:00;Retornado;SP;SAO PAULO;MARIA DE OLIVEIRA LOMBARDI;10/09/2026 08:29:58
566509;A5462;ARES;PVH - RODOTEC;;RO;09/09/2026 13:06:00;Pendente de Retorno;RO;Porto Velho;ALMOXARIFADO ESTADUAL DE MEDICAMENTOS - RONDÔNIA;29/06/2026 17:04:15
567302;A8325;ARES;VTCLOG - GRU;;SP;09/09/2026 12:58:59;Pendente de Retorno;SP;Barueri;LARISSA VILAS BOAS DONATELLO  SEI 007370;10/07/2026 17:36:04
567286;0741700459;ARES;VTCLOG - GRU;;SP;09/09/2026 12:53:00;Retornado;SP;SAO PAULO;GABRIELA GALRAO COSTA LONGA SEI;18/09/2026 15:05:39
566043;A0819;ARES;SSA - LUTY LOG;;BA;09/09/2026 12:31:58;Pendente de Retorno;BA;Salvador;BAHIA SSA GABINETE DO SECRETARIO;27/06/2026 10:35:35
566043;A1226;ARES;SSA - LUTY LOG;;BA;09/09/2026 12:31:58;Pendente de Retorno;BA;Salvador;BAHIA SSA GABINETE DO SECRETARIO;22/07/2026 08:59:44
566043;A2975;ARES;SSA - LUTY LOG;;BA;09/09/2026 12:31:58;Pendente de Retorno;BA;Salvador;BAHIA SSA GABINETE DO SECRETARIO;27/07/2026 17:12:48
566043;A3217;ARES;SSA - LUTY LOG;;BA;09/09/2026 12:31:58;Pendente de Retorno;BA;Salvador;BAHIA SSA GABINETE DO SECRETARIO;09/07/2026 02:52:14
566043;A3721;ARES;SSA - LUTY LOG;;BA;09/09/2026 12:31:58;Pendente de Retorno;BA;Salvador;BAHIA SSA GABINETE DO SECRETARIO;23/06/2026 08:04:52
566043;A3784;ARES;SSA - LUTY LOG;;BA;09/09/2026 12:31:58;Pendente de Retorno;BA;Salvador;BAHIA SSA GABINETE DO SECRETARIO;25/07/2026 21:25:16
566043;A4607;ARES;SSA - LUTY LOG;;BA;09/09/2026 12:31:58;Pendente de Retorno;BA;Salvador;BAHIA SSA GABINETE DO SECRETARIO;20/07/2026 11:25:29
566043;A4955;ARES;SSA - LUTY LOG;;BA;09/09/2026 12:31:58;Pendente de Retorno;BA;Salvador;BAHIA SSA GABINETE DO SECRETARIO;15/07/2026 21:03:13
566043;A5781;ARES;SSA - LUTY LOG;;BA;09/09/2026 12:31:58;Pendente de Retorno;BA;Salvador;BAHIA SSA GABINETE DO SECRETARIO;23/07/2026 20:46:14
566043;A6199;ARES;SSA - LUTY LOG;;BA;09/09/2026 12:31:58;Pendente de Retorno;BA;Salvador;BAHIA SSA GABINETE DO SECRETARIO;12/05/2026 12:59:51
566043;A6231;ARES;SSA - LUTY LOG;;BA;09/09/2026 12:31:58;Pendente de Retorno;BA;Salvador;BAHIA SSA GABINETE DO SECRETARIO;26/07/2026 20:47:56
566043;A6697;ARES;SSA - LUTY LOG;;BA;09/09/2026 12:31:58;Pendente de Retorno;BA;Salvador;BAHIA SSA GABINETE DO SECRETARIO;22/07/2026 12:21:31
566043;A6764;ARES;SSA - LUTY LOG;;BA;09/09/2026 12:31:58;Pendente de Retorno;BA;Salvador;BAHIA SSA GABINETE DO SECRETARIO;12/07/2026 22:15:30
566043;A7013;ARES;SSA - LUTY LOG;;BA;09/09/2026 12:31:58;Pendente de Retorno;BA;Salvador;BAHIA SSA GABINETE DO SECRETARIO;26/07/2026 20:50:51
566043;A7680;ARES;SSA - LUTY LOG;;BA;09/09/2026 12:31:58;Pendente de Retorno;BA;Salvador;BAHIA SSA GABINETE DO SECRETARIO;20/07/2026 11:37:03
566043;A8810;ARES;SSA - LUTY LOG;;BA;09/09/2026 12:31:58;Pendente de Retorno;BA;Salvador;BAHIA SSA GABINETE DO SECRETARIO;10/07/2026 17:25:18
566043;A9206;ARES;SSA - LUTY LOG;;BA;09/09/2026 12:31:58;Pendente de Retorno;BA;Salvador;BAHIA SSA GABINETE DO SECRETARIO;10/07/2026 17:35:17
566043;A9481;ARES;SSA - LUTY LOG;;BA;09/09/2026 12:31:58;Pendente de Retorno;BA;Salvador;BAHIA SSA GABINETE DO SECRETARIO;10/06/2026 18:14:00
566043;TA0163;ARES;SSA - LUTY LOG;;BA;09/09/2026 12:31:58;Pendente de Retorno;BA;Salvador;BAHIA SSA GABINETE DO SECRETARIO;21/07/2026 09:44:14
566043;TA0386;ARES;SSA - LUTY LOG;;BA;09/09/2026 12:31:58;Pendente de Retorno;BA;Salvador;BAHIA SSA GABINETE DO SECRETARIO;27/07/2026 15:39:47
566043;TA1198;ARES;SSA - LUTY LOG;;BA;09/09/2026 12:31:58;Pendente de Retorno;BA;Salvador;BAHIA SSA GABINETE DO SECRETARIO;21/07/2026 09:42:28
564013;A0504;ARES;VTCLOG - BSB;;DF;09/09/2026 11:44:40;Pendente de Retorno;DF;BRASILIA;ALMOXARIFADO ESTADUAL DE MEDICAMENTOS;22/07/2026 21:45:04
564013;A0641;ARES;VTCLOG - BSB;;DF;09/09/2026 11:44:40;Retornado;DF;BRASILIA;ALMOXARIFADO ESTADUAL DE MEDICAMENTOS;21/09/2026 16:35:58
564013;A1013;ARES;VTCLOG - BSB;;DF;09/09/2026 11:44:40;Pendente de Retorno;DF;BRASILIA;ALMOXARIFADO ESTADUAL DE MEDICAMENTOS;08/07/2026 07:58:57
564013;A3596;ARES;VTCLOG - BSB;;DF;09/09/2026 11:44:40;Pendente de Retorno;DF;BRASILIA;ALMOXARIFADO ESTADUAL DE MEDICAMENTOS;17/07/2026 07:40:03
564013;A4384;ARES;VTCLOG - BSB;;DF;09/09/2026 11:44:40;Pendente de Retorno;DF;BRASILIA;ALMOXARIFADO ESTADUAL DE MEDICAMENTOS;14/07/2026 14:38:13
564013;A6257;ARES;VTCLOG - BSB;;DF;09/09/2026 11:44:40;Retornado;DF;BRASILIA;ALMOXARIFADO ESTADUAL DE MEDICAMENTOS;18/09/2026 11:47:02
564013;A7030;ARES;VTCLOG - BSB;;DF;09/09/2026 11:44:40;Retornado;DF;BRASILIA;ALMOXARIFADO ESTADUAL DE MEDICAMENTOS;17/09/2026 11:52:28
564013;A8228;ARES;VTCLOG - BSB;;DF;09/09/2026 11:44:40;Pendente de Retorno;DF;BRASILIA;ALMOXARIFADO ESTADUAL DE MEDICAMENTOS;20/07/2026 15:10:02
564013;TA0150;ARES;VTCLOG - BSB;;DF;09/09/2026 11:44:40;Pendente de Retorno;DF;BRASILIA;ALMOXARIFADO ESTADUAL DE MEDICAMENTOS;27/06/2026 10:56:25
564013;TA0883;ARES;VTCLOG - BSB;;DF;09/09/2026 11:44:40;Pendente de Retorno;DF;BRASILIA;ALMOXARIFADO ESTADUAL DE MEDICAMENTOS;27/07/2026 17:10:33
567318;A9056;ARES;VTCLOG CNF - CONTAGEM;;MG;09/09/2026 11:30:52;Pendente de Retorno;MG;Governador Valadares;FRANCISCO FONTAIN DE SÁ 00737.006509/2024-37;13/07/2026 16:33:50
567317;A3916;ARES;FLN - TGEX TRANSPORTES E LOCACAO DE VEIC;;SC;09/09/2026 11:20:00;Pendente de Retorno;SC;Rio do Sul;MARCELO FELIPE DA SILVEIRA NAGEL SEI 007;16/07/2026 20:52:25
567251;A0173;ARES;VTCLOG CNF - CONTAGEM;;MG;09/09/2026 10:52:30;Pendente de Retorno;MG;Visconde do Rio Branco;GABRIEL MEDEIROS CÂNDIDO FIDÉLIS;10/07/2026 17:24:31
567567;0741700499;ARES;VTCLOG - GRU;;SP;09/09/2026 10:27:00;Retornado;SP;Santo Andre;VIVIAN DOS ANJOS NEVES - 25000.190275/2016-22;18/09/2026 09:03:12
566511;A7404;ARES;BVB - J PIMENTEL S. CUNHA LTDA;;RR;09/09/2026 10:00:00;Pendente de Retorno;RR;Boa Vista;HEMOCENTRO COORDENADOR DE RORAIMA RR;03/06/2026 17:09:45
566943;TA0230;ARES;NAT - CSM CARGO;;RN;09/09/2026 09:06:00;Pendente de Retorno;RN;Natal;RENAN MICHEL DA SILVA SANTOS 00737.018896/2026-16;21/07/2026 17:22:45
563719;A9622;ARES;SLZ - REIS CAVALCANTE EXPRESSO;;MA;09/09/2026 09:01:23;Pendente de Retorno;MA;Sao Luis;HOSPITAL MACRORREGIONAL DRA RUTH NOLETO;13/07/2026 08:44:08
567223;A5579;ARES;VTCLOG - BSB;;BA;08/09/2026 19:40:23;Pendente de Retorno;BA;Luis Eduardo Magalhaes;AMANDA MARQUES FERREIRA REISDOERFER 25000.000779/2017-41;26/07/2026 20:51:15
565254;A0262;ARES;CGR - LH TRANSPORTES;;MS;08/09/2026 19:30:00;Pendente de Retorno;MS;Campo Grande;LIM - LOGISTICA INTELIGENTE DE MEDICAMENTOS;21/07/2026 17:45:05
565254;A0438;ARES;CGR - LH TRANSPORTES;;MS;08/09/2026 19:30:00;Pendente de Retorno;MS;Campo Grande;LIM - LOGISTICA INTELIGENTE DE MEDICAMENTOS;21/07/2026 17:47:29
565254;A0582;ARES;CGR - LH TRANSPORTES;;MS;08/09/2026 19:30:00;Pendente de Retorno;MS;Campo Grande;LIM - LOGISTICA INTELIGENTE DE MEDICAMENTOS;05/06/2026 08:56:16
565254;A1477;ARES;CGR - LH TRANSPORTES;;MS;08/09/2026 19:30:00;Pendente de Retorno;MS;Campo Grande;LIM - LOGISTICA INTELIGENTE DE MEDICAMENTOS;21/07/2026 17:23:43
565254;A1490;ARES;CGR - LH TRANSPORTES;;MS;08/09/2026 19:30:00;Retornado;MS;Campo Grande;LIM - LOGISTICA INTELIGENTE DE MEDICAMENTOS;18/09/2026 16:00:00
565254;A1657;ARES;CGR - LH TRANSPORTES;;MS;08/09/2026 19:30:00;Pendente de Retorno;MS;Campo Grande;LIM - LOGISTICA INTELIGENTE DE MEDICAMENTOS;14/07/2026 10:49:48
565254;A2817;ARES;CGR - LH TRANSPORTES;;MS;08/09/2026 19:30:00;Pendente de Retorno;MS;Campo Grande;LIM - LOGISTICA INTELIGENTE DE MEDICAMENTOS;21/07/2026 00:10:41
565254;A3252;ARES;CGR - LH TRANSPORTES;;MS;08/09/2026 19:30:00;Pendente de Retorno;MS;Campo Grande;LIM - LOGISTICA INTELIGENTE DE MEDICAMENTOS;25/07/2026 21:27:03
565254;A3660;ARES;CGR - LH TRANSPORTES;;MS;08/09/2026 19:30:00;Pendente de Retorno;MS;Campo Grande;LIM - LOGISTICA INTELIGENTE DE MEDICAMENTOS;14/07/2026 10:53:11
565254;A3734;ARES;CGR - LH TRANSPORTES;;MS;08/09/2026 19:30:00;Pendente de Retorno;MS;Campo Grande;LIM - LOGISTICA INTELIGENTE DE MEDICAMENTOS;21/07/2026 17:28:17
565254;A3863;ARES;CGR - LH TRANSPORTES;;MS;08/09/2026 19:30:00;Pendente de Retorno;MS;Campo Grande;LIM - LOGISTICA INTELIGENTE DE MEDICAMENTOS;14/07/2026 17:24:25
565254;A4282;ARES;CGR - LH TRANSPORTES;;MS;08/09/2026 19:30:00;Pendente de Retorno;MS;Campo Grande;LIM - LOGISTICA INTELIGENTE DE MEDICAMENTOS;18/07/2026 10:14:20
565254;A4447;ARES;CGR - LH TRANSPORTES;;MS;08/09/2026 19:30:00;Pendente de Retorno;MS;Campo Grande;LIM - LOGISTICA INTELIGENTE DE MEDICAMENTOS;21/07/2026 17:26:58
565254;A4619;ARES;CGR - LH TRANSPORTES;;MS;08/09/2026 19:30:00;Pendente de Retorno;MS;Campo Grande;LIM - LOGISTICA INTELIGENTE DE MEDICAMENTOS;21/07/2026 17:24:26
565254;A4621;ARES;CGR - LH TRANSPORTES;;MS;08/09/2026 19:30:00;Pendente de Retorno;MS;Campo Grande;LIM - LOGISTICA INTELIGENTE DE MEDICAMENTOS;27/07/2026 15:38:45
565254;A4754;ARES;CGR - LH TRANSPORTES;;MS;08/09/2026 19:30:00;Pendente de Retorno;MS;Campo Grande;LIM - LOGISTICA INTELIGENTE DE MEDICAMENTOS;28/07/2026 03:06:14
565254;A5055;ARES;CGR - LH TRANSPORTES;;MS;08/09/2026 19:30:00;Pendente de Retorno;MS;Campo Grande;LIM - LOGISTICA INTELIGENTE DE MEDICAMENTOS;13/07/2026 16:49:06
565254;A5654;ARES;CGR - LH TRANSPORTES;;MS;08/09/2026 19:30:00;Pendente de Retorno;MS;Campo Grande;LIM - LOGISTICA INTELIGENTE DE MEDICAMENTOS;25/07/2026 22:22:17
565254;A6062;ARES;CGR - LH TRANSPORTES;;MS;08/09/2026 19:30:00;Pendente de Retorno;MS;Campo Grande;LIM - LOGISTICA INTELIGENTE DE MEDICAMENTOS;20/07/2026 09:51:13
565254;A6220;ARES;CGR - LH TRANSPORTES;;MS;08/09/2026 19:30:00;Retornado;MS;Campo Grande;LIM - LOGISTICA INTELIGENTE DE MEDICAMENTOS;17/09/2026 17:10:09
565254;A6662;ARES;CGR - LH TRANSPORTES;;MS;08/09/2026 19:30:00;Pendente de Retorno;MS;Campo Grande;LIM - LOGISTICA INTELIGENTE DE MEDICAMENTOS;27/07/2026 17:13:41
565254;A6910;ARES;CGR - LH TRANSPORTES;;MS;08/09/2026 19:30:00;Pendente de Retorno;MS;Campo Grande;LIM - LOGISTICA INTELIGENTE DE MEDICAMENTOS;22/07/2026 21:44:29
565254;A7034;ARES;CGR - LH TRANSPORTES;;MS;08/09/2026 19:30:00;Pendente de Retorno;MS;Campo Grande;LIM - LOGISTICA INTELIGENTE DE MEDICAMENTOS;26/07/2026 20:51:42
565254;A7187;ARES;CGR - LH TRANSPORTES;;MS;08/09/2026 19:30:00;Pendente de Retorno;MS;Campo Grande;LIM - LOGISTICA INTELIGENTE DE MEDICAMENTOS;18/07/2026 10:12:55
565254;A7820;ARES;CGR - LH TRANSPORTES;;MS;08/09/2026 19:30:00;Pendente de Retorno;MS;Campo Grande;LIM - LOGISTICA INTELIGENTE DE MEDICAMENTOS;21/07/2026 17:43:39
565254;A7961;ARES;CGR - LH TRANSPORTES;;MS;08/09/2026 19:30:00;Pendente de Retorno;MS;Campo Grande;LIM - LOGISTICA INTELIGENTE DE MEDICAMENTOS;18/07/2026 08:02:22
565254;A8042;ARES;CGR - LH TRANSPORTES;;MS;08/09/2026 19:30:00;Pendente de Retorno;MS;Campo Grande;LIM - LOGISTICA INTELIGENTE DE MEDICAMENTOS;23/07/2026 20:43:21
565254;A8106;ARES;CGR - LH TRANSPORTES;;MS;08/09/2026 19:30:00;Pendente de Retorno;MS;Campo Grande;LIM - LOGISTICA INTELIGENTE DE MEDICAMENTOS;06/07/2026 10:26:52
565254;A8111;ARES;CGR - LH TRANSPORTES;;MS;08/09/2026 19:30:00;Pendente de Retorno;MS;Campo Grande;LIM - LOGISTICA INTELIGENTE DE MEDICAMENTOS;30/06/2026 08:47:08
565254;A8235;ARES;CGR - LH TRANSPORTES;;MS;08/09/2026 19:30:00;Pendente de Retorno;MS;Campo Grande;LIM - LOGISTICA INTELIGENTE DE MEDICAMENTOS;20/07/2026 11:38:18
565254;A8302;ARES;CGR - LH TRANSPORTES;;MS;08/09/2026 19:30:00;Pendente de Retorno;MS;Campo Grande;LIM - LOGISTICA INTELIGENTE DE MEDICAMENTOS;17/07/2026 08:22:19
565254;A8617;ARES;CGR - LH TRANSPORTES;;MS;08/09/2026 19:30:00;Pendente de Retorno;MS;Campo Grande;LIM - LOGISTICA INTELIGENTE DE MEDICAMENTOS;27/07/2026 17:16:06
565254;A8625;ARES;CGR - LH TRANSPORTES;;MS;08/09/2026 19:30:00;Pendente de Retorno;MS;Campo Grande;LIM - LOGISTICA INTELIGENTE DE MEDICAMENTOS;21/07/2026 17:19:25
565254;A9014;ARES;CGR - LH TRANSPORTES;;MS;08/09/2026 19:30:00;Pendente de Retorno;MS;Campo Grande;LIM - LOGISTICA INTELIGENTE DE MEDICAMENTOS;20/07/2026 11:24:26
565254;A9493;ARES;CGR - LH TRANSPORTES;;MS;08/09/2026 19:30:00;Retornado;MS;Campo Grande;LIM - LOGISTICA INTELIGENTE DE MEDICAMENTOS;21/09/2026 11:52:00
565254;TA0184;ARES;CGR - LH TRANSPORTES;;MS;08/09/2026 19:30:00;Retornado;MS;Campo Grande;LIM - LOGISTICA INTELIGENTE DE MEDICAMENTOS;18/09/2026 09:46:16
565254;TA0418;ARES;CGR - LH TRANSPORTES;;MS;08/09/2026 19:30:00;Pendente de Retorno;MS;Campo Grande;LIM - LOGISTICA INTELIGENTE DE MEDICAMENTOS;27/07/2026 17:15:43
565254;TA0454;ARES;CGR - LH TRANSPORTES;;MS;08/09/2026 19:30:00;Pendente de Retorno;MS;Campo Grande;LIM - LOGISTICA INTELIGENTE DE MEDICAMENTOS;21/07/2026 00:11:27
567337;A1152;ARES;SSA - LUTY LOG;;BA;08/09/2026 19:00:00;Pendente de Retorno;BA;Salvador;FARMÁCIA DO INSTITUTO COUTO MAIA;24/07/2026 08:32:38
567337;A3613;ARES;SSA - LUTY LOG;;BA;08/09/2026 19:00:00;Pendente de Retorno;BA;Salvador;FARMÁCIA DO INSTITUTO COUTO MAIA;27/07/2026 15:26:50
565787;A3261;ARES;SSA - LUTY LOG;;BA;08/09/2026 18:47:00;Pendente de Retorno;BA;Salvador;FARMÁCIA DO INSTITUTO COUTO MAIA;20/07/2026 11:37:00
566172;A2595;ARES;MCP - A A CARVALHO ROCHA ME;;AP;08/09/2026 17:54:40;Pendente de Retorno;AP;Macapa;COORDENAÇÃO ESTADUAL DST/AIDS - ALMOXARIFADO - AP;17/07/2026 08:43:09
566172;A3475;ARES;MCP - A A CARVALHO ROCHA ME;;AP;08/09/2026 17:54:40;Pendente de Retorno;AP;Macapa;COORDENAÇÃO ESTADUAL DST/AIDS - ALMOXARIFADO - AP;13/07/2026 07:46:12
566172;A3523;ARES;MCP - A A CARVALHO ROCHA ME;;AP;08/09/2026 17:54:40;Pendente de Retorno;AP;Macapa;COORDENAÇÃO ESTADUAL DST/AIDS - ALMOXARIFADO - AP;27/07/2026 16:47:56
566172;A3980;ARES;MCP - A A CARVALHO ROCHA ME;;AP;08/09/2026 17:54:40;Pendente de Retorno;AP;Macapa;COORDENAÇÃO ESTADUAL DST/AIDS - ALMOXARIFADO - AP;21/07/2026 00:00:33
566172;A4113;ARES;MCP - A A CARVALHO ROCHA ME;;AP;08/09/2026 17:54:40;Pendente de Retorno;AP;Macapa;COORDENAÇÃO ESTADUAL DST/AIDS - ALMOXARIFADO - AP;14/07/2026 14:40:03
566172;A6081;ARES;MCP - A A CARVALHO ROCHA ME;;AP;08/09/2026 17:54:40;Retornado;AP;Macapa;COORDENAÇÃO ESTADUAL DST/AIDS - ALMOXARIFADO - AP;21/09/2026 16:20:05
566172;A6337;ARES;MCP - A A CARVALHO ROCHA ME;;AP;08/09/2026 17:54:40;Pendente de Retorno;AP;Macapa;COORDENAÇÃO ESTADUAL DST/AIDS - ALMOXARIFADO - AP;27/07/2026 15:25:51
566172;A6614;ARES;MCP - A A CARVALHO ROCHA ME;;AP;08/09/2026 17:54:40;Pendente de Retorno;AP;Macapa;COORDENAÇÃO ESTADUAL DST/AIDS - ALMOXARIFADO - AP;23/07/2026 08:40:01
566172;A7036;ARES;MCP - A A CARVALHO ROCHA ME;;AP;08/09/2026 17:54:40;Pendente de Retorno;AP;Macapa;COORDENAÇÃO ESTADUAL DST/AIDS - ALMOXARIFADO - AP;29/06/2026 17:05:30
566172;A9013;ARES;MCP - A A CARVALHO ROCHA ME;;AP;08/09/2026 17:54:40;Pendente de Retorno;AP;Macapa;COORDENAÇÃO ESTADUAL DST/AIDS - ALMOXARIFADO - AP;21/07/2026 17:15:40
566172;A9027;ARES;MCP - A A CARVALHO ROCHA ME;;AP;08/09/2026 17:54:40;Pendente de Retorno;AP;Macapa;COORDENAÇÃO ESTADUAL DST/AIDS - ALMOXARIFADO - AP;15/07/2026 10:52:12
566172;A9082;ARES;MCP - A A CARVALHO ROCHA ME;;AP;08/09/2026 17:54:40;Pendente de Retorno;AP;Macapa;COORDENAÇÃO ESTADUAL DST/AIDS - ALMOXARIFADO - AP;13/07/2026 16:33:52
566172;A9275;ARES;MCP - A A CARVALHO ROCHA ME;;AP;08/09/2026 17:54:40;Retornado;AP;Macapa;COORDENAÇÃO ESTADUAL DST/AIDS - ALMOXARIFADO - AP;19/09/2026 11:28:37
566172;TA0580;ARES;MCP - A A CARVALHO ROCHA ME;;AP;08/09/2026 17:54:40;Pendente de Retorno;AP;Macapa;COORDENAÇÃO ESTADUAL DST/AIDS - ALMOXARIFADO - AP;25/07/2026 21:27:15
566172;TA1024;ARES;MCP - A A CARVALHO ROCHA ME;;AP;08/09/2026 17:54:40;Pendente de Retorno;AP;Macapa;COORDENAÇÃO ESTADUAL DST/AIDS - ALMOXARIFADO - AP;22/07/2026 23:45:31
566172;TA1115;ARES;MCP - A A CARVALHO ROCHA ME;;AP;08/09/2026 17:54:40;Pendente de Retorno;AP;Macapa;COORDENAÇÃO ESTADUAL DST/AIDS - ALMOXARIFADO - AP;21/07/2026 09:42:18
567232;A5092;ARES;CWB - TGEX TRANSPORTES E LOCACAO DE VEIC;;PR;08/09/2026 17:30:00;Pendente de Retorno;PR;Curitiba;GAEL CARDOSO DA SILVA 00737.028816/2024-79;18/07/2026 08:01:26
567144;A3719;ARES;MCP - A A CARVALHO ROCHA ME;;AP;08/09/2026 17:22:45;Pendente de Retorno;AP;Macapa;HEMOCENTRO COORDENADOR DO AMAPA;20/07/2026 15:11:23
566873;A4800;ARES;POA - GMB TRANSPORTES E LOGISTICA ME;;RS;08/09/2026 17:15:00;Pendente de Retorno;RS;Porto Alegre;LACEN DO RIO GRANDE DO SUL;14/07/2026 17:24:03
567338;A1622;ARES;XAP-MARILEI SILVEIRA FERNANDES;;SC;08/09/2026 17:06:53;Pendente de Retorno;SC;SAO MIGUEL DO OESTE;HOSPITAL REGIONAL TEREZINHA GAIO BASSO;17/07/2026 16:16:37
563918;A0014;ARES;VTCLOG RIO GALEAO;;RJ;08/09/2026 17:00:00;Pendente de Retorno;RJ;Niteroi;SECRETARIA ESTADUAL DE SAUDE;27/07/2026 00:12:36
563918;A0387;ARES;VTCLOG RIO GALEAO;;RJ;08/09/2026 17:00:00;Pendente de Retorno;RJ;Niteroi;SECRETARIA ESTADUAL DE SAUDE;20/07/2026 11:23:13
564017;A0763;ARES;VTCLOG RIO GALEAO;;RJ;08/09/2026 17:00:00;Pendente de Retorno;RJ;Niteroi;SECRETARIA ESTADUAL DE SAUDE;21/05/2026 10:06:54
563918;A2296;ARES;VTCLOG RIO GALEAO;;RJ;08/09/2026 17:00:00;Retornado;RJ;Niteroi;SECRETARIA ESTADUAL DE SAUDE;17/09/2026 17:00:00
563918;A2440;ARES;VTCLOG RIO GALEAO;;RJ;08/09/2026 17:00:00;Retornado;RJ;Niteroi;SECRETARIA ESTADUAL DE SAUDE;15/09/2026 15:00:00
563918;A3733;ARES;VTCLOG RIO GALEAO;;RJ;08/09/2026 17:00:00;Pendente de Retorno;RJ;Niteroi;SECRETARIA ESTADUAL DE SAUDE;17/07/2026 08:21:33
563918;A4484;ARES;VTCLOG RIO GALEAO;;RJ;08/09/2026 17:00:00;Pendente de Retorno;RJ;Niteroi;SECRETARIA ESTADUAL DE SAUDE;14/07/2026 10:50:52
563918;A5690;ARES;VTCLOG RIO GALEAO;;RJ;08/09/2026 17:00:00;Pendente de Retorno;RJ;Niteroi;SECRETARIA ESTADUAL DE SAUDE;27/07/2026 15:25:41
564017;A6190;ARES;VTCLOG RIO GALEAO;;RJ;08/09/2026 17:00:00;Pendente de Retorno;RJ;Niteroi;SECRETARIA ESTADUAL DE SAUDE;20/07/2026 09:49:56
563918;A6418;ARES;VTCLOG RIO GALEAO;;RJ;08/09/2026 17:00:00;Pendente de Retorno;RJ;Niteroi;SECRETARIA ESTADUAL DE SAUDE;22/07/2026 09:32:36
563918;A6519;ARES;VTCLOG RIO GALEAO;;RJ;08/09/2026 17:00:00;Pendente de Retorno;RJ;Niteroi;SECRETARIA ESTADUAL DE SAUDE;22/07/2026 23:48:25
564017;A6665;ARES;VTCLOG RIO GALEAO;;RJ;08/09/2026 17:00:00;Pendente de Retorno;RJ;Niteroi;SECRETARIA ESTADUAL DE SAUDE;18/07/2026 10:19:58
563918;A6837;ARES;VTCLOG RIO GALEAO;;RJ;08/09/2026 17:00:00;Pendente de Retorno;RJ;Niteroi;SECRETARIA ESTADUAL DE SAUDE;27/07/2026 00:15:17
563918;A6864;ARES;VTCLOG RIO GALEAO;;RJ;08/09/2026 17:00:00;Pendente de Retorno;RJ;Niteroi;SECRETARIA ESTADUAL DE SAUDE;17/07/2026 08:47:16
563918;A6875;ARES;VTCLOG RIO GALEAO;;RJ;08/09/2026 17:00:00;Pendente de Retorno;RJ;Niteroi;SECRETARIA ESTADUAL DE SAUDE;17/07/2026 07:37:21
563918;A7086;ARES;VTCLOG RIO GALEAO;;RJ;08/09/2026 17:00:00;Pendente de Retorno;RJ;Niteroi;SECRETARIA ESTADUAL DE SAUDE;23/07/2026 07:42:35
563918;A7402;ARES;VTCLOG RIO GALEAO;;RJ;08/09/2026 17:00:00;Pendente de Retorno;RJ;Niteroi;SECRETARIA ESTADUAL DE SAUDE;24/07/2026 13:24:08
563918;A7447;ARES;VTCLOG RIO GALEAO;;RJ;08/09/2026 17:00:00;Pendente de Retorno;RJ;Niteroi;SECRETARIA ESTADUAL DE SAUDE;26/07/2026 22:22:13
563918;A7738;ARES;VTCLOG RIO GALEAO;;RJ;08/09/2026 17:00:00;Pendente de Retorno;RJ;Niteroi;SECRETARIA ESTADUAL DE SAUDE;17/07/2026 08:21:48
563918;A7877;ARES;VTCLOG RIO GALEAO;;RJ;08/09/2026 17:00:00;Pendente de Retorno;RJ;Niteroi;SECRETARIA ESTADUAL DE SAUDE;27/07/2026 16:47:41
563918;A8182;ARES;VTCLOG RIO GALEAO;;RJ;08/09/2026 17:00:00;Pendente de Retorno;RJ;Niteroi;SECRETARIA ESTADUAL DE SAUDE;20/07/2026 11:23:26
563918;A8390;ARES;VTCLOG RIO GALEAO;;RJ;08/09/2026 17:00:00;Pendente de Retorno;RJ;Niteroi;SECRETARIA ESTADUAL DE SAUDE;23/07/2026 08:39:34
567180;A8437;ARES;FLN - TGEX TRANSPORTES E LOCACAO DE VEIC;;SC;08/09/2026 17:00:00;Pendente de Retorno;SC;Lages;JOÃO GABRIEL NERIS CAMARGO SEI 00737.018296/2023-1;10/07/2026 17:33:11
564017;A8661;ARES;VTCLOG RIO GALEAO;;RJ;08/09/2026 17:00:00;Pendente de Retorno;RJ;Niteroi;SECRETARIA ESTADUAL DE SAUDE;17/07/2026 07:36:55
563918;A8744;ARES;VTCLOG RIO GALEAO;;RJ;08/09/2026 17:00:00;Pendente de Retorno;RJ;Niteroi;SECRETARIA ESTADUAL DE SAUDE;14/07/2026 14:33:10
563918;A9111;ARES;VTCLOG RIO GALEAO;;RJ;08/09/2026 17:00:00;Pendente de Retorno;RJ;Niteroi;SECRETARIA ESTADUAL DE SAUDE;09/07/2026 22:14:10
563918;A9236;ARES;VTCLOG RIO GALEAO;;RJ;08/09/2026 17:00:00;Pendente de Retorno;RJ;Niteroi;SECRETARIA ESTADUAL DE SAUDE;27/07/2026 17:16:03
563918;A9621;ARES;VTCLOG RIO GALEAO;;RJ;08/09/2026 17:00:00;Pendente de Retorno;RJ;Niteroi;SECRETARIA ESTADUAL DE SAUDE;18/07/2026 10:16:14
567328;A5687;ARES;FOR - NT TRANSPORTE LTDA;;CE;08/09/2026 16:42:00;Pendente de Retorno;CE;Sobral;HOSPITAL SANTA CASA DE MISERICORDIA DE SOBRAL;30/06/2026 08:48:33
567328;A7267;ARES;FOR - NT TRANSPORTE LTDA;;CE;08/09/2026 16:42:00;Retornado;CE;Sobral;HOSPITAL SANTA CASA DE MISERICORDIA DE SOBRAL;20/09/2026 20:19:38
567577;A0632;ARES;POA - GMB TRANSPORTES E LOGISTICA ME;;RS;08/09/2026 16:30:00;Pendente de Retorno;RS;Porto Alegre;IRMANDADE DA SANTA CASA DE MISERICÓRDIA DE PORTO A;20/07/2026 09:50:04
567534;A5728;ARES;POA - GMB TRANSPORTES E LOGISTICA ME;;RS;08/09/2026 16:15:00;Pendente de Retorno;RS;Porto Alegre;Elizete Maria Schlumpf;28/07/2026 03:01:33
564610;A0651;ARES;STM - TRANSPORTADORA OESTE CARGAS LTDA;;PA;08/09/2026 16:05:00;Pendente de Retorno;PA;Ananindeua;SEC DE ESTADO DE SAUDE PULB DO PARA;22/07/2026 21:44:07
564610;A0857;ARES;STM - TRANSPORTADORA OESTE CARGAS LTDA;;PA;08/09/2026 16:05:00;Pendente de Retorno;PA;Ananindeua;SEC DE ESTADO DE SAUDE PULB DO PARA;18/07/2026 11:41:25
564610;A1369;ARES;STM - TRANSPORTADORA OESTE CARGAS LTDA;;PA;08/09/2026 16:05:00;Pendente de Retorno;PA;Ananindeua;SEC DE ESTADO DE SAUDE PULB DO PARA;28/07/2026 03:00:48
564610;A1503;ARES;STM - TRANSPORTADORA OESTE CARGAS LTDA;;PA;08/09/2026 16:05:00;Retornado;PA;Ananindeua;SEC DE ESTADO DE SAUDE PULB DO PARA;17/09/2026 17:32:06
564610;A2144;ARES;STM - TRANSPORTADORA OESTE CARGAS LTDA;;PA;08/09/2026 16:05:00;Pendente de Retorno;PA;Ananindeua;SEC DE ESTADO DE SAUDE PULB DO PARA;17/07/2026 14:08:43
564610;A3551;ARES;STM - TRANSPORTADORA OESTE CARGAS LTDA;;PA;08/09/2026 16:05:00;Pendente de Retorno;PA;Ananindeua;SEC DE ESTADO DE SAUDE PULB DO PARA;30/06/2026 08:21:01
564610;A3725;ARES;STM - TRANSPORTADORA OESTE CARGAS LTDA;;PA;08/09/2026 16:05:00;Pendente de Retorno;PA;Ananindeua;SEC DE ESTADO DE SAUDE PULB DO PARA;13/07/2026 16:39:34
564610;A4835;ARES;STM - TRANSPORTADORA OESTE CARGAS LTDA;;PA;08/09/2026 16:05:00;Pendente de Retorno;PA;Ananindeua;SEC DE ESTADO DE SAUDE PULB DO PARA;25/07/2026 21:26:31
564610;A5161;ARES;STM - TRANSPORTADORA OESTE CARGAS LTDA;;PA;08/09/2026 16:05:00;Pendente de Retorno;PA;Ananindeua;SEC DE ESTADO DE SAUDE PULB DO PARA;21/07/2026 17:28:21
564610;A5432;ARES;STM - TRANSPORTADORA OESTE CARGAS LTDA;;PA;08/09/2026 16:05:00;Pendente de Retorno;PA;Ananindeua;SEC DE ESTADO DE SAUDE PULB DO PARA;16/07/2026 20:52:32
564610;A5434;ARES;STM - TRANSPORTADORA OESTE CARGAS LTDA;;PA;08/09/2026 16:05:00;Pendente de Retorno;PA;Ananindeua;SEC DE ESTADO DE SAUDE PULB DO PARA;17/07/2026 08:28:47
564610;A5444;ARES;STM - TRANSPORTADORA OESTE CARGAS LTDA;;PA;08/09/2026 16:05:00;Pendente de Retorno;PA;Ananindeua;SEC DE ESTADO DE SAUDE PULB DO PARA;14/07/2026 11:28:47
564610;A5656;ARES;STM - TRANSPORTADORA OESTE CARGAS LTDA;;PA;08/09/2026 16:05:00;Pendente de Retorno;PA;Ananindeua;SEC DE ESTADO DE SAUDE PULB DO PARA;18/07/2026 10:10:02
564610;A5735;ARES;STM - TRANSPORTADORA OESTE CARGAS LTDA;;PA;08/09/2026 16:05:00;Pendente de Retorno;PA;Ananindeua;SEC DE ESTADO DE SAUDE PULB DO PARA;18/07/2026 10:16:04
564610;A5954;ARES;STM - TRANSPORTADORA OESTE CARGAS LTDA;;PA;08/09/2026 16:05:00;Pendente de Retorno;PA;Ananindeua;SEC DE ESTADO DE SAUDE PULB DO PARA;20/07/2026 15:10:19
564610;A6104;ARES;STM - TRANSPORTADORA OESTE CARGAS LTDA;;PA;08/09/2026 16:05:00;Pendente de Retorno;PA;Ananindeua;SEC DE ESTADO DE SAUDE PULB DO PARA;23/07/2026 20:46:49
564610;A6183;ARES;STM - TRANSPORTADORA OESTE CARGAS LTDA;;PA;08/09/2026 16:05:00;Pendente de Retorno;PA;Ananindeua;SEC DE ESTADO DE SAUDE PULB DO PARA;18/07/2026 10:13:18
564610;A6517;ARES;STM - TRANSPORTADORA OESTE CARGAS LTDA;;PA;08/09/2026 16:05:00;Pendente de Retorno;PA;Ananindeua;SEC DE ESTADO DE SAUDE PULB DO PARA;13/07/2026 16:33:05
564610;A6594;ARES;STM - TRANSPORTADORA OESTE CARGAS LTDA;;PA;08/09/2026 16:05:00;Pendente de Retorno;PA;Ananindeua;SEC DE ESTADO DE SAUDE PULB DO PARA;29/06/2026 23:29:01
564610;A6683;ARES;STM - TRANSPORTADORA OESTE CARGAS LTDA;;PA;08/09/2026 16:05:00;Pendente de Retorno;PA;Ananindeua;SEC DE ESTADO DE SAUDE PULB DO PARA;15/07/2026 21:31:55
564610;A6726;ARES;STM - TRANSPORTADORA OESTE CARGAS LTDA;;PA;08/09/2026 16:05:00;Pendente de Retorno;PA;Ananindeua;SEC DE ESTADO DE SAUDE PULB DO PARA;21/07/2026 17:14:13
564610;A6832;ARES;STM - TRANSPORTADORA OESTE CARGAS LTDA;;PA;08/09/2026 16:05:00;Pendente de Retorno;PA;Ananindeua;SEC DE ESTADO DE SAUDE PULB DO PARA;18/07/2026 10:15:11
564610;A7094;ARES;STM - TRANSPORTADORA OESTE CARGAS LTDA;;PA;08/09/2026 16:05:00;Pendente de Retorno;PA;Ananindeua;SEC DE ESTADO DE SAUDE PULB DO PARA;21/07/2026 17:42:02
564610;A7223;ARES;STM - TRANSPORTADORA OESTE CARGAS LTDA;;PA;08/09/2026 16:05:00;Pendente de Retorno;PA;Ananindeua;SEC DE ESTADO DE SAUDE PULB DO PARA;29/06/2026 17:06:17
564610;A7562;ARES;STM - TRANSPORTADORA OESTE CARGAS LTDA;;PA;08/09/2026 16:05:00;Pendente de Retorno;PA;Ananindeua;SEC DE ESTADO DE SAUDE PULB DO PARA;17/07/2026 08:44:45
564610;A7581;ARES;STM - TRANSPORTADORA OESTE CARGAS LTDA;;PA;08/09/2026 16:05:00;Pendente de Retorno;PA;Ananindeua;SEC DE ESTADO DE SAUDE PULB DO PARA;27/07/2026 12:30:00
564610;A7715;ARES;STM - TRANSPORTADORA OESTE CARGAS LTDA;;PA;08/09/2026 16:05:00;Pendente de Retorno;PA;Ananindeua;SEC DE ESTADO DE SAUDE PULB DO PARA;28/07/2026 03:02:05
564610;A8015;ARES;STM - TRANSPORTADORA OESTE CARGAS LTDA;;PA;08/09/2026 16:05:00;Pendente de Retorno;PA;Ananindeua;SEC DE ESTADO DE SAUDE PULB DO PARA;09/07/2026 08:54:31
564610;A8188;ARES;STM - TRANSPORTADORA OESTE CARGAS LTDA;;PA;08/09/2026 16:05:00;Pendente de Retorno;PA;Ananindeua;SEC DE ESTADO DE SAUDE PULB DO PARA;14/07/2026 17:24:55
564610;A8192;ARES;STM - TRANSPORTADORA OESTE CARGAS LTDA;;PA;08/09/2026 16:05:00;Pendente de Retorno;PA;Ananindeua;SEC DE ESTADO DE SAUDE PULB DO PARA;20/07/2026 11:34:52
564610;A8404;ARES;STM - TRANSPORTADORA OESTE CARGAS LTDA;;PA;08/09/2026 16:05:00;Pendente de Retorno;PA;Ananindeua;SEC DE ESTADO DE SAUDE PULB DO PARA;21/07/2026 17:15:36
564610;A8458;ARES;STM - TRANSPORTADORA OESTE CARGAS LTDA;;PA;08/09/2026 16:05:00;Pendente de Retorno;PA;Ananindeua;SEC DE ESTADO DE SAUDE PULB DO PARA;18/07/2026 07:58:04
564610;A8587;ARES;STM - TRANSPORTADORA OESTE CARGAS LTDA;;PA;08/09/2026 16:05:00;Pendente de Retorno;PA;Ananindeua;SEC DE ESTADO DE SAUDE PULB DO PARA;21/07/2026 17:22:38
564610;A8653;ARES;STM - TRANSPORTADORA OESTE CARGAS LTDA;;PA;08/09/2026 16:05:00;Pendente de Retorno;PA;Ananindeua;SEC DE ESTADO DE SAUDE PULB DO PARA;30/06/2026 08:56:36
564610;A8780;ARES;STM - TRANSPORTADORA OESTE CARGAS LTDA;;PA;08/09/2026 16:05:00;Pendente de Retorno;PA;Ananindeua;SEC DE ESTADO DE SAUDE PULB DO PARA;17/07/2026 14:09:09
564610;A9361;ARES;STM - TRANSPORTADORA OESTE CARGAS LTDA;;PA;08/09/2026 16:05:00;Pendente de Retorno;PA;Ananindeua;SEC DE ESTADO DE SAUDE PULB DO PARA;27/07/2026 10:03:05
564610;A9469;ARES;STM - TRANSPORTADORA OESTE CARGAS LTDA;;PA;08/09/2026 16:05:00;Retornado;PA;Ananindeua;SEC DE ESTADO DE SAUDE PULB DO PARA;17/09/2026 17:51:00
564610;TA0134;ARES;STM - TRANSPORTADORA OESTE CARGAS LTDA;;PA;08/09/2026 16:05:00;Pendente de Retorno;PA;Ananindeua;SEC DE ESTADO DE SAUDE PULB DO PARA;27/07/2026 00:13:54
564610;TA0260;ARES;STM - TRANSPORTADORA OESTE CARGAS LTDA;;PA;08/09/2026 16:05:00;Pendente de Retorno;PA;Ananindeua;SEC DE ESTADO DE SAUDE PULB DO PARA;13/07/2026 16:39:44
564610;TA0276;ARES;STM - TRANSPORTADORA OESTE CARGAS LTDA;;PA;08/09/2026 16:05:00;Pendente de Retorno;PA;Ananindeua;SEC DE ESTADO DE SAUDE PULB DO PARA;28/07/2026 03:01:14
564610;TA0595;ARES;STM - TRANSPORTADORA OESTE CARGAS LTDA;;PA;08/09/2026 16:05:00;Pendente de Retorno;PA;Ananindeua;SEC DE ESTADO DE SAUDE PULB DO PARA;25/07/2026 21:24:24
564610;TA0895;ARES;STM - TRANSPORTADORA OESTE CARGAS LTDA;;PA;08/09/2026 16:05:00;Pendente de Retorno;PA;Ananindeua;SEC DE ESTADO DE SAUDE PULB DO PARA;17/07/2026 07:39:11
564610;TA1003;ARES;STM - TRANSPORTADORA OESTE CARGAS LTDA;;PA;08/09/2026 16:05:00;Pendente de Retorno;PA;Ananindeua;SEC DE ESTADO DE SAUDE PULB DO PARA;21/07/2026 17:31:02
564610;TA1188;ARES;STM - TRANSPORTADORA OESTE CARGAS LTDA;;PA;08/09/2026 16:05:00;Pendente de Retorno;PA;Ananindeua;SEC DE ESTADO DE SAUDE PULB DO PARA;21/07/2026 17:26:44
564610;TA1204;ARES;STM - TRANSPORTADORA OESTE CARGAS LTDA;;PA;08/09/2026 16:05:00;Pendente de Retorno;PA;Ananindeua;SEC DE ESTADO DE SAUDE PULB DO PARA;26/07/2026 22:24:27
567040;A7527;ARES;FOR - NT TRANSPORTE LTDA;;CE;08/09/2026 16:00:00;Pendente de Retorno;CE;Umirim;YOHANNA SOPHIA SOUSA BRAGA;22/07/2026 23:45:24
567303;A5445;ARES;VTCLOG RIO GALEAO;;RJ;08/09/2026 15:57:00;Pendente de Retorno;RJ;RIO DE JANEIRO;LEONARDO SARMET MOREIRA MEDEIROS;23/07/2026 08:39:36
567042;A2029;ARES;GYN - RBR EXPERIENCIA EM TRANSPORTES;;GO;08/09/2026 15:00:00;Pendente de Retorno;GO;Aparecida de Goiania;ISABELLY SOUSA BORGES SEI 00737.011180/2023-45;22/07/2026 08:57:21
564696;A0905;ARES;FOR - NT TRANSPORTE LTDA;;CE;08/09/2026 14:40:00;Pendente de Retorno;CE;Fortaleza;HEMOCENTRO COORDENADOR DO CEARA;18/07/2026 10:22:42
566424;A8756;ARES;MCZ - MCZ EXPRESS SERVICE LTDA;;AL;08/09/2026 14:39:00;Pendente de Retorno;AL;Maceio;SECRETARIA DE ESTADO DA SAUDE;30/06/2026 08:26:59
566424;TA0441;ARES;MCZ - MCZ EXPRESS SERVICE LTDA;;AL;08/09/2026 14:39:00;Pendente de Retorno;AL;Maceio;SECRETARIA DE ESTADO DA SAUDE;21/07/2026 17:31:17
566678;A1802;ARES;POA - GMB TRANSPORTES E LOGISTICA ME;;RS;08/09/2026 14:30:00;Pendente de Retorno;RS;Porto Alegre;SECRETARIA ESTADUAL DE SAÚDE;25/07/2026 21:25:52
567369;A2050;ARES;GYN - RBR EXPERIENCIA EM TRANSPORTES;;GO;08/09/2026 14:30:00;Pendente de Retorno;GO;Goiania;UANDERSON SOUSA COSTA;20/07/2026 15:09:40
566344;A5087;ARES;POA - GMB TRANSPORTES E LOGISTICA ME;;RS;08/09/2026 14:30:00;Pendente de Retorno;RS;Porto Alegre;SECRETARIA ESTADUAL DE SAÚDE;10/07/2026 15:35:10
567224;A6816;ARES;CWB - TGEX TRANSPORTES E LOCACAO DE VEIC;;PR;08/09/2026 14:30:00;Pendente de Retorno;PR;Sao Jose dos Pinhais;FUNDO EST SAUDE PARANA;10/07/2026 13:14:46
566051;A0133;ARES;CGB - JR TRANSPORTES;;MT;08/09/2026 14:00:00;Pendente de Retorno;MT;Cuiaba;SECRETARIA DE ESTADO DE SAUDE DE MA GROSSO - SES;27/07/2026 17:13:10
566734;A1193;ARES;SSA - LUTY LOG;;BA;08/09/2026 14:00:00;Pendente de Retorno;BA;Salvador;CENTRAL FARMACÊUTICA DO ESTADO DA BAHIA - CEFARBA;18/07/2026 08:01:48
566871;A1596;ARES;CGB - JR TRANSPORTES;;MT;08/09/2026 14:00:00;Pendente de Retorno;MT;Cuiaba;SECRETARIA DE ESTADO DE SAUDE DE MA GROSSO - SES;21/07/2026 17:23:10
566734;A1766;ARES;SSA - LUTY LOG;;BA;08/09/2026 14:00:00;Pendente de Retorno;BA;Salvador;CENTRAL FARMACÊUTICA DO ESTADO DA BAHIA - CEFARBA;17/07/2026 08:46:30
566051;A1768;ARES;CGB - JR TRANSPORTES;;MT;08/09/2026 14:00:00;Pendente de Retorno;MT;Cuiaba;SECRETARIA DE ESTADO DE SAUDE DE MA GROSSO - SES;23/07/2026 21:13:03
566029;A3483;ARES;CGB - JR TRANSPORTES;;MT;08/09/2026 14:00:00;Retornado;MT;Cuiaba;SECRETARIA DE ESTADO DE SAUDE DE MA GROSSO - SES;18/09/2026 16:00:00
566051;A4939;ARES;CGB - JR TRANSPORTES;;MT;08/09/2026 14:00:00;Pendente de Retorno;MT;Cuiaba;SECRETARIA DE ESTADO DE SAUDE DE MA GROSSO - SES;25/07/2026 21:40:47
566051;A5750;ARES;CGB - JR TRANSPORTES;;MT;08/09/2026 14:00:00;Pendente de Retorno;MT;Cuiaba;SECRETARIA DE ESTADO DE SAUDE DE MA GROSSO - SES;13/07/2026 08:42:46
566051;A7212;ARES;CGB - JR TRANSPORTES;;MT;08/09/2026 14:00:00;Pendente de Retorno;MT;Cuiaba;SECRETARIA DE ESTADO DE SAUDE DE MA GROSSO - SES;09/07/2026 02:51:12
566051;A7302;ARES;CGB - JR TRANSPORTES;;MT;08/09/2026 14:00:00;Pendente de Retorno;MT;Cuiaba;SECRETARIA DE ESTADO DE SAUDE DE MA GROSSO - SES;21/07/2026 17:46:50
566051;A7844;ARES;CGB - JR TRANSPORTES;;MT;08/09/2026 14:00:00;Pendente de Retorno;MT;Cuiaba;SECRETARIA DE ESTADO DE SAUDE DE MA GROSSO - SES;23/07/2026 20:42:40
567311;A8259;ARES;VTCLOG RIO GALEAO;;RJ;08/09/2026 14:00:00;Pendente de Retorno;RJ;RIO DE JANEIRO;ARTUR MENEZES IACOVAZZO;26/07/2026 22:20:51
566051;A8870;ARES;CGB - JR TRANSPORTES;;MT;08/09/2026 14:00:00;Pendente de Retorno;MT;Cuiaba;SECRETARIA DE ESTADO DE SAUDE DE MA GROSSO - SES;24/07/2026 08:23:38
566051;TA0278;ARES;CGB - JR TRANSPORTES;;MT;08/09/2026 14:00:00;Pendente de Retorno;MT;Cuiaba;SECRETARIA DE ESTADO DE SAUDE DE MA GROSSO - SES;22/07/2026 09:31:20
566029;TA0970;ARES;CGB - JR TRANSPORTES;;MT;08/09/2026 14:00:00;Pendente de Retorno;MT;Cuiaba;SECRETARIA DE ESTADO DE SAUDE DE MA GROSSO - SES;30/06/2026 08:21:55
565276;A0276;ARES;VIX - SOULOG EXPRESS;;ES;08/09/2026 13:48:15;Pendente de Retorno;ES;VITORIA;LABORATORIO CENTRAL SAUDE PUBLICA ESPIRITO SANTO -;28/07/2026 03:03:34
565276;A1105;ARES;VIX - SOULOG EXPRESS;;ES;08/09/2026 13:48:15;Pendente de Retorno;ES;VITORIA;LABORATORIO CENTRAL SAUDE PUBLICA ESPIRITO SANTO -;01/07/2026 08:14:07
565276;A1144;ARES;VIX - SOULOG EXPRESS;;ES;08/09/2026 13:48:15;Pendente de Retorno;ES;VITORIA;LABORATORIO CENTRAL SAUDE PUBLICA ESPIRITO SANTO -;26/07/2026 20:46:52
565276;A1510;ARES;VIX - SOULOG EXPRESS;;ES;08/09/2026 13:48:15;Pendente de Retorno;ES;VITORIA;LABORATORIO CENTRAL SAUDE PUBLICA ESPIRITO SANTO -;23/07/2026 20:45:58
565276;A1574;ARES;VIX - SOULOG EXPRESS;;ES;08/09/2026 13:48:15;Pendente de Retorno;ES;VITORIA;LABORATORIO CENTRAL SAUDE PUBLICA ESPIRITO SANTO -;21/07/2026 17:19:37
565276;A1817;ARES;VIX - SOULOG EXPRESS;;ES;08/09/2026 13:48:15;Pendente de Retorno;ES;VITORIA;LABORATORIO CENTRAL SAUDE PUBLICA ESPIRITO SANTO -;22/07/2026 09:29:23
565276;A2120;ARES;VIX - SOULOG EXPRESS;;ES;08/09/2026 13:48:15;Pendente de Retorno;ES;VITORIA;LABORATORIO CENTRAL SAUDE PUBLICA ESPIRITO SANTO -;24/07/2026 08:32:42
565276;A2271;ARES;VIX - SOULOG EXPRESS;;ES;08/09/2026 13:48:15;Retornado;ES;VITORIA;LABORATORIO CENTRAL SAUDE PUBLICA ESPIRITO SANTO -;21/09/2026 16:14:17
565276;A3434;ARES;VIX - SOULOG EXPRESS;;ES;08/09/2026 13:48:15;Pendente de Retorno;ES;VITORIA;LABORATORIO CENTRAL SAUDE PUBLICA ESPIRITO SANTO -;23/07/2026 20:42:33
565276;A3724;ARES;VIX - SOULOG EXPRESS;;ES;08/09/2026 13:48:15;Pendente de Retorno;ES;VITORIA;LABORATORIO CENTRAL SAUDE PUBLICA ESPIRITO SANTO -;12/07/2026 21:36:30
565276;A4713;ARES;VIX - SOULOG EXPRESS;;ES;08/09/2026 13:48:15;Pendente de Retorno;ES;VITORIA;LABORATORIO CENTRAL SAUDE PUBLICA ESPIRITO SANTO -;25/07/2026 21:47:57
565276;A4734;ARES;VIX - SOULOG EXPRESS;;ES;08/09/2026 13:48:15;Pendente de Retorno;ES;VITORIA;LABORATORIO CENTRAL SAUDE PUBLICA ESPIRITO SANTO -;09/07/2026 08:58:20
565276;A4790;ARES;VIX - SOULOG EXPRESS;;ES;08/09/2026 13:48:15;Pendente de Retorno;ES;VITORIA;LABORATORIO CENTRAL SAUDE PUBLICA ESPIRITO SANTO -;28/07/2026 03:03:29
565276;A6033;ARES;VIX - SOULOG EXPRESS;;ES;08/09/2026 13:48:15;Pendente de Retorno;ES;VITORIA;LABORATORIO CENTRAL SAUDE PUBLICA ESPIRITO SANTO -;27/07/2026 15:38:53
565276;A6607;ARES;VIX - SOULOG EXPRESS;;ES;08/09/2026 13:48:15;Pendente de Retorno;ES;VITORIA;LABORATORIO CENTRAL SAUDE PUBLICA ESPIRITO SANTO -;30/06/2026 08:15:54
565276;A6873;ARES;VIX - SOULOG EXPRESS;;ES;08/09/2026 13:48:15;Pendente de Retorno;ES;VITORIA;LABORATORIO CENTRAL SAUDE PUBLICA ESPIRITO SANTO -;27/07/2026 12:34:21
565276;A6996;ARES;VIX - SOULOG EXPRESS;;ES;08/09/2026 13:48:15;Pendente de Retorno;ES;VITORIA;LABORATORIO CENTRAL SAUDE PUBLICA ESPIRITO SANTO -;18/07/2026 11:46:43
565276;A7141;ARES;VIX - SOULOG EXPRESS;;ES;08/09/2026 13:48:15;Pendente de Retorno;ES;VITORIA;LABORATORIO CENTRAL SAUDE PUBLICA ESPIRITO SANTO -;17/07/2026 08:22:38
565276;A7206;ARES;VIX - SOULOG EXPRESS;;ES;08/09/2026 13:48:15;Pendente de Retorno;ES;VITORIA;LABORATORIO CENTRAL SAUDE PUBLICA ESPIRITO SANTO -;09/07/2026 15:31:37
565276;A7430;ARES;VIX - SOULOG EXPRESS;;ES;08/09/2026 13:48:15;Pendente de Retorno;ES;VITORIA;LABORATORIO CENTRAL SAUDE PUBLICA ESPIRITO SANTO -;09/07/2026 15:31:54
565276;A8099;ARES;VIX - SOULOG EXPRESS;;ES;08/09/2026 13:48:15;Pendente de Retorno;ES;VITORIA;LABORATORIO CENTRAL SAUDE PUBLICA ESPIRITO SANTO -;12/05/2026 11:34:03
565276;A8154;ARES;VIX - SOULOG EXPRESS;;ES;08/09/2026 13:48:15;Pendente de Retorno;ES;VITORIA;LABORATORIO CENTRAL SAUDE PUBLICA ESPIRITO SANTO -;27/07/2026 12:33:05
565276;A8573;ARES;VIX - SOULOG EXPRESS;;ES;08/09/2026 13:48:15;Pendente de Retorno;ES;VITORIA;LABORATORIO CENTRAL SAUDE PUBLICA ESPIRITO SANTO -;21/07/2026 17:25:15
565276;A8949;ARES;VIX - SOULOG EXPRESS;;ES;08/09/2026 13:48:15;Pendente de Retorno;ES;VITORIA;LABORATORIO CENTRAL SAUDE PUBLICA ESPIRITO SANTO -;09/07/2026 16:00:38
565276;A8996;ARES;VIX - SOULOG EXPRESS;;ES;08/09/2026 13:48:15;Pendente de Retorno;ES;VITORIA;LABORATORIO CENTRAL SAUDE PUBLICA ESPIRITO SANTO -;23/06/2026 15:13:27
565276;A9607;ARES;VIX - SOULOG EXPRESS;;ES;08/09/2026 13:48:15;Pendente de Retorno;ES;VITORIA;LABORATORIO CENTRAL SAUDE PUBLICA ESPIRITO SANTO -;26/07/2026 20:49:22
565276;A9618;ARES;VIX - SOULOG EXPRESS;;ES;08/09/2026 13:48:15;Pendente de Retorno;ES;VITORIA;LABORATORIO CENTRAL SAUDE PUBLICA ESPIRITO SANTO -;13/07/2026 08:41:19
565276;A9685;ARES;VIX - SOULOG EXPRESS;;ES;08/09/2026 13:48:15;Pendente de Retorno;ES;VITORIA;LABORATORIO CENTRAL SAUDE PUBLICA ESPIRITO SANTO -;23/07/2026 21:12:20
565276;A9698;ARES;VIX - SOULOG EXPRESS;;ES;08/09/2026 13:48:15;Pendente de Retorno;ES;VITORIA;LABORATORIO CENTRAL SAUDE PUBLICA ESPIRITO SANTO -;25/07/2026 13:02:54
565276;TA0155;ARES;VIX - SOULOG EXPRESS;;ES;08/09/2026 13:48:15;Retornado;ES;VITORIA;LABORATORIO CENTRAL SAUDE PUBLICA ESPIRITO SANTO -;21/09/2026 08:52:39
565276;TA0240;ARES;VIX - SOULOG EXPRESS;;ES;08/09/2026 13:48:15;Pendente de Retorno;ES;VITORIA;LABORATORIO CENTRAL SAUDE PUBLICA ESPIRITO SANTO -;21/07/2026 09:42:22
565276;TA0489;ARES;VIX - SOULOG EXPRESS;;ES;08/09/2026 13:48:15;Pendente de Retorno;ES;VITORIA;LABORATORIO CENTRAL SAUDE PUBLICA ESPIRITO SANTO -;20/07/2026 09:50:17
566730;A7441;ARES;MAO- GR TRANSPORTES E LOGISTICA MULTIMODAL;;AM;08/09/2026 13:37:16;Retornado;AM;Manaus;FUNDAÇÃO HOSPITALAR ALFREDO DA MATTA (FUHAM);08/09/2026 17:03:23
566730;A8069;ARES;MAO- GR TRANSPORTES E LOGISTICA MULTIMODAL;;AM;08/09/2026 13:37:16;Pendente de Retorno;AM;Manaus;FUNDAÇÃO HOSPITALAR ALFREDO DA MATTA (FUHAM);08/07/2026 08:00:19
566730;A9285;ARES;MAO- GR TRANSPORTES E LOGISTICA MULTIMODAL;;AM;08/09/2026 13:37:16;Pendente de Retorno;AM;Manaus;FUNDAÇÃO HOSPITALAR ALFREDO DA MATTA (FUHAM);27/07/2026 12:33:01
566745;A4727;ARES;GYN - RBR EXPERIENCIA EM TRANSPORTES;;GO;08/09/2026 13:20:00;Pendente de Retorno;GO;Goiania;LAB.DE SAÚDE PÚBLICA DR GIOVANNI CYSNEIROS-LACEN/G;27/06/2026 10:44:44
566745;TA0039;ARES;GYN - RBR EXPERIENCIA EM TRANSPORTES;;GO;08/09/2026 13:20:00;Pendente de Retorno;GO;Goiania;LAB.DE SAÚDE PÚBLICA DR GIOVANNI CYSNEIROS-LACEN/G;27/07/2026 00:12:32
566302;A0508;ARES;VTCLOG RIO GALEAO;;RJ;08/09/2026 13:00:00;Retornado;RJ;RIO DE JANEIRO;INSTITUTO NACIONAL DE CANCER;21/09/2026 10:42:25
566302;A3489;ARES;VTCLOG RIO GALEAO;;RJ;08/09/2026 13:00:00;Pendente de Retorno;RJ;RIO DE JANEIRO;INSTITUTO NACIONAL DE CANCER;27/07/2026 15:22:43
566302;A3533;ARES;VTCLOG RIO GALEAO;;RJ;08/09/2026 13:00:00;Pendente de Retorno;RJ;RIO DE JANEIRO;INSTITUTO NACIONAL DE CANCER;14/07/2026 17:04:12
566302;A3921;ARES;VTCLOG RIO GALEAO;;RJ;08/09/2026 13:00:00;Pendente de Retorno;RJ;RIO DE JANEIRO;INSTITUTO NACIONAL DE CANCER;26/06/2026 07:48:32
566302;A3946;ARES;VTCLOG RIO GALEAO;;RJ;08/09/2026 13:00:00;Pendente de Retorno;RJ;RIO DE JANEIRO;INSTITUTO NACIONAL DE CANCER;18/07/2026 07:57:54
566302;A4116;ARES;VTCLOG RIO GALEAO;;RJ;08/09/2026 13:00:00;Retornado;RJ;RIO DE JANEIRO;INSTITUTO NACIONAL DE CANCER;18/09/2026 15:04:04
566302;A4201;ARES;VTCLOG RIO GALEAO;;RJ;08/09/2026 13:00:00;Pendente de Retorno;RJ;RIO DE JANEIRO;INSTITUTO NACIONAL DE CANCER;13/07/2026 08:47:05
566302;A4420;ARES;VTCLOG RIO GALEAO;;RJ;08/09/2026 13:00:00;Pendente de Retorno;RJ;RIO DE JANEIRO;INSTITUTO NACIONAL DE CANCER;25/07/2026 21:28:59
566302;A4495;ARES;VTCLOG RIO GALEAO;;RJ;08/09/2026 13:00:00;Pendente de Retorno;RJ;RIO DE JANEIRO;INSTITUTO NACIONAL DE CANCER;25/07/2026 21:27:10
566302;A4755;ARES;VTCLOG RIO GALEAO;;RJ;08/09/2026 13:00:00;Pendente de Retorno;RJ;RIO DE JANEIRO;INSTITUTO NACIONAL DE CANCER;25/07/2026 21:25:06
566302;A4772;ARES;VTCLOG RIO GALEAO;;RJ;08/09/2026 13:00:00;Pendente de Retorno;RJ;RIO DE JANEIRO;INSTITUTO NACIONAL DE CANCER;21/07/2026 17:28:44
566302;A5210;ARES;VTCLOG RIO GALEAO;;RJ;08/09/2026 13:00:00;Pendente de Retorno;RJ;RIO DE JANEIRO;INSTITUTO NACIONAL DE CANCER;27/07/2026 16:42:53
566302;A5493;ARES;VTCLOG RIO GALEAO;;RJ;08/09/2026 13:00:00;Pendente de Retorno;RJ;RIO DE JANEIRO;INSTITUTO NACIONAL DE CANCER;28/07/2026 03:01:23
566302;A5524;ARES;VTCLOG RIO GALEAO;;RJ;08/09/2026 13:00:00;Pendente de Retorno;RJ;RIO DE JANEIRO;INSTITUTO NACIONAL DE CANCER;08/07/2026 20:52:46
566302;A5867;ARES;VTCLOG RIO GALEAO;;RJ;08/09/2026 13:00:00;Pendente de Retorno;RJ;RIO DE JANEIRO;INSTITUTO NACIONAL DE CANCER;14/07/2026 14:36:52
566302;A5971;ARES;VTCLOG RIO GALEAO;;RJ;08/09/2026 13:00:00;Pendente de Retorno;RJ;RIO DE JANEIRO;INSTITUTO NACIONAL DE CANCER;13/07/2026 16:33:55
566302;A6010;ARES;VTCLOG RIO GALEAO;;RJ;08/09/2026 13:00:00;Pendente de Retorno;RJ;RIO DE JANEIRO;INSTITUTO NACIONAL DE CANCER;22/07/2026 08:58:51
566302;A6221;ARES;VTCLOG RIO GALEAO;;RJ;08/09/2026 13:00:00;Pendente de Retorno;RJ;RIO DE JANEIRO;INSTITUTO NACIONAL DE CANCER;18/07/2026 10:16:10
566302;A6528;ARES;VTCLOG RIO GALEAO;;RJ;08/09/2026 13:00:00;Pendente de Retorno;RJ;RIO DE JANEIRO;INSTITUTO NACIONAL DE CANCER;13/07/2026 08:20:29
566302;A6732;ARES;VTCLOG RIO GALEAO;;RJ;08/09/2026 13:00:00;Pendente de Retorno;RJ;RIO DE JANEIRO;INSTITUTO NACIONAL DE CANCER;20/07/2026 15:09:46
566302;A7169;ARES;VTCLOG RIO GALEAO;;RJ;08/09/2026 13:00:00;Pendente de Retorno;RJ;RIO DE JANEIRO;INSTITUTO NACIONAL DE CANCER;22/07/2026 08:57:43
566302;A7919;ARES;VTCLOG RIO GALEAO;;RJ;08/09/2026 13:00:00;Retornado;RJ;RIO DE JANEIRO;INSTITUTO NACIONAL DE CANCER;17/09/2026 17:00:00
566302;A7922;ARES;VTCLOG RIO GALEAO;;RJ;08/09/2026 13:00:00;Retornado;RJ;RIO DE JANEIRO;INSTITUTO NACIONAL DE CANCER;21/09/2026 13:31:09
566302;A7975;ARES;VTCLOG RIO GALEAO;;RJ;08/09/2026 13:00:00;Pendente de Retorno;RJ;RIO DE JANEIRO;INSTITUTO NACIONAL DE CANCER;24/07/2026 08:30:20
566302;A8448;ARES;VTCLOG RIO GALEAO;;RJ;08/09/2026 13:00:00;Pendente de Retorno;RJ;RIO DE JANEIRO;INSTITUTO NACIONAL DE CANCER;22/07/2026 23:45:29
566302;A8705;ARES;VTCLOG RIO GALEAO;;RJ;08/09/2026 13:00:00;Pendente de Retorno;RJ;RIO DE JANEIRO;INSTITUTO NACIONAL DE CANCER;27/07/2026 00:11:15
566302;A8785;ARES;VTCLOG RIO GALEAO;;RJ;08/09/2026 13:00:00;Pendente de Retorno;RJ;RIO DE JANEIRO;INSTITUTO NACIONAL DE CANCER;21/07/2026 17:23:26
566302;A8994;ARES;VTCLOG RIO GALEAO;;RJ;08/09/2026 13:00:00;Pendente de Retorno;RJ;RIO DE JANEIRO;INSTITUTO NACIONAL DE CANCER;25/07/2026 22:21:33
566302;A9140;ARES;VTCLOG RIO GALEAO;;RJ;08/09/2026 13:00:00;Pendente de Retorno;RJ;RIO DE JANEIRO;INSTITUTO NACIONAL DE CANCER;23/07/2026 21:13:01
566302;A9201;ARES;VTCLOG RIO GALEAO;;RJ;08/09/2026 13:00:00;Pendente de Retorno;RJ;RIO DE JANEIRO;INSTITUTO NACIONAL DE CANCER;20/07/2026 11:25:56
566302;A9241;ARES;VTCLOG RIO GALEAO;;RJ;08/09/2026 13:00:00;Pendente de Retorno;RJ;RIO DE JANEIRO;INSTITUTO NACIONAL DE CANCER;27/07/2026 16:47:04
566302;A9284;ARES;VTCLOG RIO GALEAO;;RJ;08/09/2026 13:00:00;Retornado;RJ;RIO DE JANEIRO;INSTITUTO NACIONAL DE CANCER;16/09/2026 16:24:22
566302;A9531;ARES;VTCLOG RIO GALEAO;;RJ;08/09/2026 13:00:00;Pendente de Retorno;RJ;RIO DE JANEIRO;INSTITUTO NACIONAL DE CANCER;28/07/2026 08:57:08
566302;A9600;ARES;VTCLOG RIO GALEAO;;RJ;08/09/2026 13:00:00;Pendente de Retorno;RJ;RIO DE JANEIRO;INSTITUTO NACIONAL DE CANCER;26/07/2026 20:49:42
566302;A9706;ARES;VTCLOG RIO GALEAO;;RJ;08/09/2026 13:00:00;Pendente de Retorno;RJ;RIO DE JANEIRO;INSTITUTO NACIONAL DE CANCER;30/06/2026 08:19:45
566302;TA0116;ARES;VTCLOG RIO GALEAO;;RJ;08/09/2026 13:00:00;Retornado;RJ;RIO DE JANEIRO;INSTITUTO NACIONAL DE CANCER;16/09/2026 16:22:59
566302;TA0156;ARES;VTCLOG RIO GALEAO;;RJ;08/09/2026 13:00:00;Pendente de Retorno;RJ;RIO DE JANEIRO;INSTITUTO NACIONAL DE CANCER;26/07/2026 22:20:29
566302;TA0367;ARES;VTCLOG RIO GALEAO;;RJ;08/09/2026 13:00:00;Pendente de Retorno;RJ;RIO DE JANEIRO;INSTITUTO NACIONAL DE CANCER;21/07/2026 17:27:23
566302;TA0664;ARES;VTCLOG RIO GALEAO;;RJ;08/09/2026 13:00:00;Pendente de Retorno;RJ;RIO DE JANEIRO;INSTITUTO NACIONAL DE CANCER;09/07/2026 02:51:39
566302;TA0802;ARES;VTCLOG RIO GALEAO;;RJ;08/09/2026 13:00:00;Pendente de Retorno;RJ;RIO DE JANEIRO;INSTITUTO NACIONAL DE CANCER;23/07/2026 07:43:30
566302;TA0998;ARES;VTCLOG RIO GALEAO;;RJ;08/09/2026 13:00:00;Pendente de Retorno;RJ;RIO DE JANEIRO;INSTITUTO NACIONAL DE CANCER;23/07/2026 07:43:01
566302;TA1075;ARES;VTCLOG RIO GALEAO;;RJ;08/09/2026 13:00:00;Pendente de Retorno;RJ;RIO DE JANEIRO;INSTITUTO NACIONAL DE CANCER;23/07/2026 21:11:43
566302;TA1119;ARES;VTCLOG RIO GALEAO;;RJ;08/09/2026 13:00:00;Pendente de Retorno;RJ;RIO DE JANEIRO;INSTITUTO NACIONAL DE CANCER;13/07/2026 16:37:59
566302;TA1155;ARES;VTCLOG RIO GALEAO;;RJ;08/09/2026 13:00:00;Pendente de Retorno;RJ;RIO DE JANEIRO;INSTITUTO NACIONAL DE CANCER;21/07/2026 17:28:05
565252;A1541;ARES;SSA - LUTY LOG;;BA;08/09/2026 12:40:00;Pendente de Retorno;BA;Simoes Filho;CENTRAL FARMACÊUTICA DO ESTADO DA BAHIA - CEFARBA;25/07/2026 21:28:56
565252;A2152;ARES;SSA - LUTY LOG;;BA;08/09/2026 12:40:00;Pendente de Retorno;BA;Simoes Filho;CENTRAL FARMACÊUTICA DO ESTADO DA BAHIA - CEFARBA;29/06/2026 16:53:55
565252;A2158;ARES;SSA - LUTY LOG;;BA;08/09/2026 12:40:00;Pendente de Retorno;BA;Simoes Filho;CENTRAL FARMACÊUTICA DO ESTADO DA BAHIA - CEFARBA;23/07/2026 21:13:20
565252;A2520;ARES;SSA - LUTY LOG;;BA;08/09/2026 12:40:00;Pendente de Retorno;BA;Simoes Filho;CENTRAL FARMACÊUTICA DO ESTADO DA BAHIA - CEFARBA;21/07/2026 00:09:37
565252;A2739;ARES;SSA - LUTY LOG;;BA;08/09/2026 12:40:00;Pendente de Retorno;BA;Simoes Filho;CENTRAL FARMACÊUTICA DO ESTADO DA BAHIA - CEFARBA;24/07/2026 13:22:56
565252;A3016;ARES;SSA - LUTY LOG;;BA;08/09/2026 12:40:00;Pendente de Retorno;BA;Simoes Filho;CENTRAL FARMACÊUTICA DO ESTADO DA BAHIA - CEFARBA;18/07/2026 11:46:38
565252;A3074;ARES;SSA - LUTY LOG;;BA;08/09/2026 12:40:00;Pendente de Retorno;BA;Simoes Filho;CENTRAL FARMACÊUTICA DO ESTADO DA BAHIA - CEFARBA;22/07/2026 08:57:45
565252;A3174;ARES;SSA - LUTY LOG;;BA;08/09/2026 12:40:00;Pendente de Retorno;BA;Simoes Filho;CENTRAL FARMACÊUTICA DO ESTADO DA BAHIA - CEFARBA;22/07/2026 21:43:08
565252;A3275;ARES;SSA - LUTY LOG;;BA;08/09/2026 12:40:00;Pendente de Retorno;BA;Simoes Filho;CENTRAL FARMACÊUTICA DO ESTADO DA BAHIA - CEFARBA;13/07/2026 08:23:27
565252;A4293;ARES;SSA - LUTY LOG;;BA;08/09/2026 12:40:00;Pendente de Retorno;BA;Simoes Filho;CENTRAL FARMACÊUTICA DO ESTADO DA BAHIA - CEFARBA;21/07/2026 09:42:05
565252;A4730;ARES;SSA - LUTY LOG;;BA;08/09/2026 12:40:00;Pendente de Retorno;BA;Simoes Filho;CENTRAL FARMACÊUTICA DO ESTADO DA BAHIA - CEFARBA;27/07/2026 15:25:09
565252;A4735;ARES;SSA - LUTY LOG;;BA;08/09/2026 12:40:00;Pendente de Retorno;BA;Simoes Filho;CENTRAL FARMACÊUTICA DO ESTADO DA BAHIA - CEFARBA;17/07/2026 08:35:55
565252;A4993;ARES;SSA - LUTY LOG;;BA;08/09/2026 12:40:00;Pendente de Retorno;BA;Simoes Filho;CENTRAL FARMACÊUTICA DO ESTADO DA BAHIA - CEFARBA;21/07/2026 17:28:53
565252;A5048;ARES;SSA - LUTY LOG;;BA;08/09/2026 12:40:00;Pendente de Retorno;BA;Simoes Filho;CENTRAL FARMACÊUTICA DO ESTADO DA BAHIA - CEFARBA;14/07/2026 10:49:00
565252;A5097;ARES;SSA - LUTY LOG;;BA;08/09/2026 12:40:00;Pendente de Retorno;BA;Simoes Filho;CENTRAL FARMACÊUTICA DO ESTADO DA BAHIA - CEFARBA;17/07/2026 15:30:06
565252;A6102;ARES;SSA - LUTY LOG;;BA;08/09/2026 12:40:00;Pendente de Retorno;BA;Simoes Filho;CENTRAL FARMACÊUTICA DO ESTADO DA BAHIA - CEFARBA;09/07/2026 08:57:25
565252;A6303;ARES;SSA - LUTY LOG;;BA;08/09/2026 12:40:00;Pendente de Retorno;BA;Simoes Filho;CENTRAL FARMACÊUTICA DO ESTADO DA BAHIA - CEFARBA;13/07/2026 08:41:55
565252;A6318;ARES;SSA - LUTY LOG;;BA;08/09/2026 12:40:00;Pendente de Retorno;BA;Simoes Filho;CENTRAL FARMACÊUTICA DO ESTADO DA BAHIA - CEFARBA;14/07/2026 14:34:50
565252;A6346;ARES;SSA - LUTY LOG;;BA;08/09/2026 12:40:00;Pendente de Retorno;BA;Simoes Filho;CENTRAL FARMACÊUTICA DO ESTADO DA BAHIA - CEFARBA;17/07/2026 08:43:23
565252;A6642;ARES;SSA - LUTY LOG;;BA;08/09/2026 12:40:00;Pendente de Retorno;BA;Simoes Filho;CENTRAL FARMACÊUTICA DO ESTADO DA BAHIA - CEFARBA;17/07/2026 08:38:00
565252;A6858;ARES;SSA - LUTY LOG;;BA;08/09/2026 12:40:00;Pendente de Retorno;BA;Simoes Filho;CENTRAL FARMACÊUTICA DO ESTADO DA BAHIA - CEFARBA;27/07/2026 17:10:57
565252;A7052;ARES;SSA - LUTY LOG;;BA;08/09/2026 12:40:00;Pendente de Retorno;BA;Simoes Filho;CENTRAL FARMACÊUTICA DO ESTADO DA BAHIA - CEFARBA;14/07/2026 14:42:41
565252;A7370;ARES;SSA - LUTY LOG;;BA;08/09/2026 12:40:00;Pendente de Retorno;BA;Simoes Filho;CENTRAL FARMACÊUTICA DO ESTADO DA BAHIA - CEFARBA;14/06/2026 09:37:13
565252;A7630;ARES;SSA - LUTY LOG;;BA;08/09/2026 12:40:00;Pendente de Retorno;BA;Simoes Filho;CENTRAL FARMACÊUTICA DO ESTADO DA BAHIA - CEFARBA;29/06/2026 17:05:28
565252;A7767;ARES;SSA - LUTY LOG;;BA;08/09/2026 12:40:00;Pendente de Retorno;BA;Simoes Filho;CENTRAL FARMACÊUTICA DO ESTADO DA BAHIA - CEFARBA;27/07/2026 00:18:18
565252;A8075;ARES;SSA - LUTY LOG;;BA;08/09/2026 12:40:00;Pendente de Retorno;BA;Simoes Filho;CENTRAL FARMACÊUTICA DO ESTADO DA BAHIA - CEFARBA;13/07/2026 08:21:45
565252;A8466;ARES;SSA - LUTY LOG;;BA;08/09/2026 12:40:00;Pendente de Retorno;BA;Simoes Filho;CENTRAL FARMACÊUTICA DO ESTADO DA BAHIA - CEFARBA;23/07/2026 20:47:12
565252;A8514;ARES;SSA - LUTY LOG;;BA;08/09/2026 12:40:00;Pendente de Retorno;BA;Simoes Filho;CENTRAL FARMACÊUTICA DO ESTADO DA BAHIA - CEFARBA;20/07/2026 11:21:10
565252;A8668;ARES;SSA - LUTY LOG;;BA;08/09/2026 12:40:00;Pendente de Retorno;BA;Simoes Filho;CENTRAL FARMACÊUTICA DO ESTADO DA BAHIA - CEFARBA;26/07/2026 22:22:15
565252;A9004;ARES;SSA - LUTY LOG;;BA;08/09/2026 12:40:00;Pendente de Retorno;BA;Simoes Filho;CENTRAL FARMACÊUTICA DO ESTADO DA BAHIA - CEFARBA;05/05/2026 02:35:04
565252;A9199;ARES;SSA - LUTY LOG;;BA;08/09/2026 12:40:00;Retornado;BA;Simoes Filho;CENTRAL FARMACÊUTICA DO ESTADO DA BAHIA - CEFARBA;21/09/2026 11:25:04
565252;A9354;ARES;SSA - LUTY LOG;;BA;08/09/2026 12:40:00;Pendente de Retorno;BA;Simoes Filho;CENTRAL FARMACÊUTICA DO ESTADO DA BAHIA - CEFARBA;04/07/2026 14:00:23
565252;TA0677;ARES;SSA - LUTY LOG;;BA;08/09/2026 12:40:00;Pendente de Retorno;BA;Simoes Filho;CENTRAL FARMACÊUTICA DO ESTADO DA BAHIA - CEFARBA;18/07/2026 11:41:48
565252;TA1017;ARES;SSA - LUTY LOG;;BA;08/09/2026 12:40:00;Pendente de Retorno;BA;Simoes Filho;CENTRAL FARMACÊUTICA DO ESTADO DA BAHIA - CEFARBA;21/07/2026 22:24:29
565233;A0531;ARES;THE - AERONEIVA EXPRESS;;PI;08/09/2026 12:20:00;Pendente de Retorno;PI;Teresina;PROGRAMA ESTADUAL DE IMUNIZAÇÕES - SES-PI;22/07/2026 21:42:37
565233;A1049;ARES;THE - AERONEIVA EXPRESS;;PI;08/09/2026 12:20:00;Pendente de Retorno;PI;Teresina;PROGRAMA ESTADUAL DE IMUNIZAÇÕES - SES-PI;27/07/2026 15:21:20
565233;A1844;ARES;THE - AERONEIVA EXPRESS;;PI;08/09/2026 12:20:00;Pendente de Retorno;PI;Teresina;PROGRAMA ESTADUAL DE IMUNIZAÇÕES - SES-PI;14/07/2026 17:26:44
565233;A1969;ARES;THE - AERONEIVA EXPRESS;;PI;08/09/2026 12:20:00;Pendente de Retorno;PI;Teresina;PROGRAMA ESTADUAL DE IMUNIZAÇÕES - SES-PI;23/07/2026 20:42:00
565233;A2080;ARES;THE - AERONEIVA EXPRESS;;PI;08/09/2026 12:20:00;Retornado;PI;Teresina;PROGRAMA ESTADUAL DE IMUNIZAÇÕES - SES-PI;21/09/2026 16:23:17
565233;A2622;ARES;THE - AERONEIVA EXPRESS;;PI;08/09/2026 12:20:00;Pendente de Retorno;PI;Teresina;PROGRAMA ESTADUAL DE IMUNIZAÇÕES - SES-PI;17/07/2026 07:36:42
565233;A2868;ARES;THE - AERONEIVA EXPRESS;;PI;08/09/2026 12:20:00;Pendente de Retorno;PI;Teresina;PROGRAMA ESTADUAL DE IMUNIZAÇÕES - SES-PI;21/07/2026 17:17:13
565233;A3111;ARES;THE - AERONEIVA EXPRESS;;PI;08/09/2026 12:20:00;Pendente de Retorno;PI;Teresina;PROGRAMA ESTADUAL DE IMUNIZAÇÕES - SES-PI;16/07/2026 09:07:34
565233;A3149;ARES;THE - AERONEIVA EXPRESS;;PI;08/09/2026 12:20:00;Pendente de Retorno;PI;Teresina;PROGRAMA ESTADUAL DE IMUNIZAÇÕES - SES-PI;25/07/2026 21:27:58
565233;A3373;ARES;THE - AERONEIVA EXPRESS;;PI;08/09/2026 12:20:00;Pendente de Retorno;PI;Teresina;PROGRAMA ESTADUAL DE IMUNIZAÇÕES - SES-PI;25/07/2026 21:26:26
565233;A3472;ARES;THE - AERONEIVA EXPRESS;;PI;08/09/2026 12:20:00;Pendente de Retorno;PI;Teresina;PROGRAMA ESTADUAL DE IMUNIZAÇÕES - SES-PI;26/07/2026 22:22:28
565233;A3614;ARES;THE - AERONEIVA EXPRESS;;PI;08/09/2026 12:20:00;Pendente de Retorno;PI;Teresina;PROGRAMA ESTADUAL DE IMUNIZAÇÕES - SES-PI;16/07/2026 09:08:01
565233;A3673;ARES;THE - AERONEIVA EXPRESS;;PI;08/09/2026 12:20:00;Pendente de Retorno;PI;Teresina;PROGRAMA ESTADUAL DE IMUNIZAÇÕES - SES-PI;22/07/2026 09:00:06
565233;A3720;ARES;THE - AERONEIVA EXPRESS;;PI;08/09/2026 12:20:00;Pendente de Retorno;PI;Teresina;PROGRAMA ESTADUAL DE IMUNIZAÇÕES - SES-PI;25/07/2026 21:27:42
565233;A4055;ARES;THE - AERONEIVA EXPRESS;;PI;08/09/2026 12:20:00;Pendente de Retorno;PI;Teresina;PROGRAMA ESTADUAL DE IMUNIZAÇÕES - SES-PI;17/07/2026 14:08:54
565233;A4999;ARES;THE - AERONEIVA EXPRESS;;PI;08/09/2026 12:20:00;Pendente de Retorno;PI;Teresina;PROGRAMA ESTADUAL DE IMUNIZAÇÕES - SES-PI;21/07/2026 17:27:45
565233;A6126;ARES;THE - AERONEIVA EXPRESS;;PI;08/09/2026 12:20:00;Pendente de Retorno;PI;Teresina;PROGRAMA ESTADUAL DE IMUNIZAÇÕES - SES-PI;26/07/2026 20:46:43
565233;A6817;ARES;THE - AERONEIVA EXPRESS;;PI;08/09/2026 12:20:00;Pendente de Retorno;PI;Teresina;PROGRAMA ESTADUAL DE IMUNIZAÇÕES - SES-PI;23/06/2026 15:15:06
565233;A6918;ARES;THE - AERONEIVA EXPRESS;;PI;08/09/2026 12:20:00;Pendente de Retorno;PI;Teresina;PROGRAMA ESTADUAL DE IMUNIZAÇÕES - SES-PI;21/07/2026 17:46:31
565233;A7275;ARES;THE - AERONEIVA EXPRESS;;PI;08/09/2026 12:20:00;Pendente de Retorno;PI;Teresina;PROGRAMA ESTADUAL DE IMUNIZAÇÕES - SES-PI;14/07/2026 14:39:57
565233;A7560;ARES;THE - AERONEIVA EXPRESS;;PI;08/09/2026 12:20:00;Pendente de Retorno;PI;Teresina;PROGRAMA ESTADUAL DE IMUNIZAÇÕES - SES-PI;20/07/2026 11:38:16
565233;A7855;ARES;THE - AERONEIVA EXPRESS;;PI;08/09/2026 12:20:00;Pendente de Retorno;PI;Teresina;PROGRAMA ESTADUAL DE IMUNIZAÇÕES - SES-PI;26/07/2026 20:47:59
565233;A9090;ARES;THE - AERONEIVA EXPRESS;;PI;08/09/2026 12:20:00;Pendente de Retorno;PI;Teresina;PROGRAMA ESTADUAL DE IMUNIZAÇÕES - SES-PI;21/07/2026 17:25:44
565233;A9219;ARES;THE - AERONEIVA EXPRESS;;PI;08/09/2026 12:20:00;Pendente de Retorno;PI;Teresina;PROGRAMA ESTADUAL DE IMUNIZAÇÕES - SES-PI;10/07/2026 13:13:55
565233;A9406;ARES;THE - AERONEIVA EXPRESS;;PI;08/09/2026 12:20:00;Pendente de Retorno;PI;Teresina;PROGRAMA ESTADUAL DE IMUNIZAÇÕES - SES-PI;21/07/2026 17:44:26
565233;A9468;ARES;THE - AERONEIVA EXPRESS;;PI;08/09/2026 12:20:00;Pendente de Retorno;PI;Teresina;PROGRAMA ESTADUAL DE IMUNIZAÇÕES - SES-PI;24/07/2026 08:26:33
565233;TA0330;ARES;THE - AERONEIVA EXPRESS;;PI;08/09/2026 12:20:00;Pendente de Retorno;PI;Teresina;PROGRAMA ESTADUAL DE IMUNIZAÇÕES - SES-PI;18/07/2026 11:45:49
565233;TA0346;ARES;THE - AERONEIVA EXPRESS;;PI;08/09/2026 12:20:00;Pendente de Retorno;PI;Teresina;PROGRAMA ESTADUAL DE IMUNIZAÇÕES - SES-PI;17/07/2026 15:33:03
565233;TA0369;ARES;THE - AERONEIVA EXPRESS;;PI;08/09/2026 12:20:00;Pendente de Retorno;PI;Teresina;PROGRAMA ESTADUAL DE IMUNIZAÇÕES - SES-PI;06/07/2026 10:47:29
565233;TA0644;ARES;THE - AERONEIVA EXPRESS;;PI;08/09/2026 12:20:00;Pendente de Retorno;PI;Teresina;PROGRAMA ESTADUAL DE IMUNIZAÇÕES - SES-PI;09/07/2026 08:57:45
565233;TA0786;ARES;THE - AERONEIVA EXPRESS;;PI;08/09/2026 12:20:00;Pendente de Retorno;PI;Teresina;PROGRAMA ESTADUAL DE IMUNIZAÇÕES - SES-PI;22/07/2026 08:56:40
567279;A0781;ARES;VTCLOG CNF - CONTAGEM;;MG;08/09/2026 12:09:00;Pendente de Retorno;MG;Belo Horizonte;LABORATORIO CENTRAL DE SAUDE PUBLICA;13/07/2026 08:22:53
567279;A6851;ARES;VTCLOG CNF - CONTAGEM;;MG;08/09/2026 12:09:00;Pendente de Retorno;MG;Belo Horizonte;LABORATORIO CENTRAL DE SAUDE PUBLICA;27/07/2026 00:13:08
567279;A7335;ARES;VTCLOG CNF - CONTAGEM;;MG;08/09/2026 12:09:00;Pendente de Retorno;MG;Belo Horizonte;LABORATORIO CENTRAL DE SAUDE PUBLICA;21/07/2026 17:16:16
567279;A7677;ARES;VTCLOG CNF - CONTAGEM;;MG;08/09/2026 12:09:00;Pendente de Retorno;MG;Belo Horizonte;LABORATORIO CENTRAL DE SAUDE PUBLICA;21/07/2026 17:44:01
567279;A8494;ARES;VTCLOG CNF - CONTAGEM;;MG;08/09/2026 12:09:00;Pendente de Retorno;MG;Belo Horizonte;LABORATORIO CENTRAL DE SAUDE PUBLICA;21/07/2026 17:46:16
567279;A9635;ARES;VTCLOG CNF - CONTAGEM;;MG;08/09/2026 12:09:00;Pendente de Retorno;MG;Belo Horizonte;LABORATORIO CENTRAL DE SAUDE PUBLICA;24/07/2026 08:25:34
567279;TA0275;ARES;VTCLOG CNF - CONTAGEM;;MG;08/09/2026 12:09:00;Pendente de Retorno;MG;Belo Horizonte;LABORATORIO CENTRAL DE SAUDE PUBLICA;25/07/2026 21:34:22
567279;TA0485;ARES;VTCLOG CNF - CONTAGEM;;MG;08/09/2026 12:09:00;Pendente de Retorno;MG;Belo Horizonte;LABORATORIO CENTRAL DE SAUDE PUBLICA;28/07/2026 03:03:04
567279;TA0710;ARES;VTCLOG CNF - CONTAGEM;;MG;08/09/2026 12:09:00;Pendente de Retorno;MG;Belo Horizonte;LABORATORIO CENTRAL DE SAUDE PUBLICA;20/07/2026 15:12:06
567571;A9227;ARES;FOR - NT TRANSPORTE LTDA;;CE;08/09/2026 11:51:00;Pendente de Retorno;CE;Fortaleza;ELENA DURSCHEI;14/05/2026 16:52:21
566739;A3514;ARES;VTCLOG - BSB;;DF;08/09/2026 11:43:32;Pendente de Retorno;DF;BRASILIA;LABORATÓRIO CENTRAL DE SAÚDE PÚBLICA - DISTRITO FE;09/07/2026 15:30:59
566739;TA1012;ARES;VTCLOG - BSB;;DF;08/09/2026 11:43:32;Pendente de Retorno;DF;BRASILIA;LABORATÓRIO CENTRAL DE SAÚDE PÚBLICA - DISTRITO FE;21/07/2026 17:25:22
567233;A6216;ARES;VTCLOG CNF - CONTAGEM;;MG;08/09/2026 11:40:10;Pendente de Retorno;MG;Belo Horizonte;DAVI GOMES DE AQUINO PEREIRA;13/07/2026 16:30:50
566237;0741700030;ARES;JPA - LIDER CARGAS;;PB;08/09/2026 11:40:00;Retornado;PB;Cabedelo;SEC DE SAUDE DA PARAIBA;21/09/2026 23:15:11
566237;0741700119;ARES;JPA - LIDER CARGAS;;PB;08/09/2026 11:40:00;Retornado;PB;Cabedelo;SEC DE SAUDE DA PARAIBA;21/09/2026 23:12:08
566237;0741700283;ARES;JPA - LIDER CARGAS;;PB;08/09/2026 11:40:00;Retornado;PB;Cabedelo;SEC DE SAUDE DA PARAIBA;21/09/2026 23:06:27
566237;0741700506;ARES;JPA - LIDER CARGAS;;PB;08/09/2026 11:40:00;Retornado;PB;Cabedelo;SEC DE SAUDE DA PARAIBA;21/09/2026 23:23:09
566237;0741700548;ARES;JPA - LIDER CARGAS;;PB;08/09/2026 11:40:00;Retornado;PB;Cabedelo;SEC DE SAUDE DA PARAIBA;21/09/2026 23:17:12
566237;0741700576;ARES;JPA - LIDER CARGAS;;PB;08/09/2026 11:40:00;Retornado;PB;Cabedelo;SEC DE SAUDE DA PARAIBA;21/09/2026 23:23:36
566237;0741700662;ARES;JPA - LIDER CARGAS;;PB;08/09/2026 11:40:00;Retornado;PB;Cabedelo;SEC DE SAUDE DA PARAIBA;21/09/2026 23:10:19
566237;0741700725;ARES;JPA - LIDER CARGAS;;PB;08/09/2026 11:40:00;Retornado;PB;Cabedelo;SEC DE SAUDE DA PARAIBA;21/09/2026 23:10:13
566237;0741700798;ARES;JPA - LIDER CARGAS;;PB;08/09/2026 11:40:00;Retornado;PB;Cabedelo;SEC DE SAUDE DA PARAIBA;21/09/2026 23:22:19
566237;0741700975;ARES;JPA - LIDER CARGAS;;PB;08/09/2026 11:40:00;Retornado;PB;Cabedelo;SEC DE SAUDE DA PARAIBA;21/09/2026 23:20:36
566237;A0077;ARES;JPA - LIDER CARGAS;;PB;08/09/2026 11:40:00;Pendente de Retorno;PB;Cabedelo;SEC DE SAUDE DA PARAIBA;27/07/2026 00:14:13
566237;A0108;ARES;JPA - LIDER CARGAS;;PB;08/09/2026 11:40:00;Retornado;PB;Cabedelo;SEC DE SAUDE DA PARAIBA;21/09/2026 23:21:28
566237;A0238;ARES;JPA - LIDER CARGAS;;PB;08/09/2026 11:40:00;Retornado;PB;Cabedelo;SEC DE SAUDE DA PARAIBA;21/09/2026 23:15:02
566237;A0744;ARES;JPA - LIDER CARGAS;;PB;08/09/2026 11:40:00;Retornado;PB;Cabedelo;SEC DE SAUDE DA PARAIBA;21/09/2026 23:21:50
566237;A0959;ARES;JPA - LIDER CARGAS;;PB;08/09/2026 11:40:00;Retornado;PB;Cabedelo;SEC DE SAUDE DA PARAIBA;21/09/2026 23:06:51
566237;A1529;ARES;JPA - LIDER CARGAS;;PB;08/09/2026 11:40:00;Retornado;PB;Cabedelo;SEC DE SAUDE DA PARAIBA;21/09/2026 23:06:10
566237;A1595;ARES;JPA - LIDER CARGAS;;PB;08/09/2026 11:40:00;Pendente de Retorno;PB;Cabedelo;SEC DE SAUDE DA PARAIBA;30/06/2026 08:45:51
566237;A1858;ARES;JPA - LIDER CARGAS;;PB;08/09/2026 11:40:00;Pendente de Retorno;PB;Cabedelo;SEC DE SAUDE DA PARAIBA;13/07/2026 08:45:02
566237;A2122;ARES;JPA - LIDER CARGAS;;PB;08/09/2026 11:40:00;Pendente de Retorno;PB;Cabedelo;SEC DE SAUDE DA PARAIBA;09/07/2026 08:57:40
566237;A2187;ARES;JPA - LIDER CARGAS;;PB;08/09/2026 11:40:00;Pendente de Retorno;PB;Cabedelo;SEC DE SAUDE DA PARAIBA;22/07/2026 09:01:09
566237;A2652;ARES;JPA - LIDER CARGAS;;PB;08/09/2026 11:40:00;Pendente de Retorno;PB;Cabedelo;SEC DE SAUDE DA PARAIBA;20/07/2026 15:10:39
566237;A2706;ARES;JPA - LIDER CARGAS;;PB;08/09/2026 11:40:00;Pendente de Retorno;PB;Cabedelo;SEC DE SAUDE DA PARAIBA;20/07/2026 11:36:29
566237;A2926;ARES;JPA - LIDER CARGAS;;PB;08/09/2026 11:40:00;Pendente de Retorno;PB;Cabedelo;SEC DE SAUDE DA PARAIBA;21/07/2026 17:43:20
566237;A2944;ARES;JPA - LIDER CARGAS;;PB;08/09/2026 11:40:00;Pendente de Retorno;PB;Cabedelo;SEC DE SAUDE DA PARAIBA;18/07/2026 10:11:42
566237;A2952;ARES;JPA - LIDER CARGAS;;PB;08/09/2026 11:40:00;Pendente de Retorno;PB;Cabedelo;SEC DE SAUDE DA PARAIBA;02/07/2026 11:26:41
566237;A3066;ARES;JPA - LIDER CARGAS;;PB;08/09/2026 11:40:00;Pendente de Retorno;PB;Cabedelo;SEC DE SAUDE DA PARAIBA;14/07/2026 14:42:47
566237;A3084;ARES;JPA - LIDER CARGAS;;PB;08/09/2026 11:40:00;Pendente de Retorno;PB;Cabedelo;SEC DE SAUDE DA PARAIBA;21/07/2026 17:28:29
566237;A3167;ARES;JPA - LIDER CARGAS;;PB;08/09/2026 11:40:00;Pendente de Retorno;PB;Cabedelo;SEC DE SAUDE DA PARAIBA;22/07/2026 21:42:07
566237;A3251;ARES;JPA - LIDER CARGAS;;PB;08/09/2026 11:40:00;Retornado;PB;Cabedelo;SEC DE SAUDE DA PARAIBA;21/09/2026 23:16:46
566237;A3307;ARES;JPA - LIDER CARGAS;;PB;08/09/2026 11:40:00;Retornado;PB;Cabedelo;SEC DE SAUDE DA PARAIBA;21/09/2026 23:07:33
566237;A3346;ARES;JPA - LIDER CARGAS;;PB;08/09/2026 11:40:00;Pendente de Retorno;PB;Cabedelo;SEC DE SAUDE DA PARAIBA;14/07/2026 10:48:52
566237;A3727;ARES;JPA - LIDER CARGAS;;PB;08/09/2026 11:40:00;Pendente de Retorno;PB;Cabedelo;SEC DE SAUDE DA PARAIBA;22/07/2026 23:46:10
566237;A3843;ARES;JPA - LIDER CARGAS;;PB;08/09/2026 11:40:00;Pendente de Retorno;PB;Cabedelo;SEC DE SAUDE DA PARAIBA;21/07/2026 17:30:57
566237;A3915;ARES;JPA - LIDER CARGAS;;PB;08/09/2026 11:40:00;Pendente de Retorno;PB;Cabedelo;SEC DE SAUDE DA PARAIBA;25/07/2026 21:42:58
566237;A3917;ARES;JPA - LIDER CARGAS;;PB;08/09/2026 11:40:00;Pendente de Retorno;PB;Cabedelo;SEC DE SAUDE DA PARAIBA;25/07/2026 21:24:19
566237;A4106;ARES;JPA - LIDER CARGAS;;PB;08/09/2026 11:40:00;Pendente de Retorno;PB;Cabedelo;SEC DE SAUDE DA PARAIBA;20/07/2026 11:26:31
566237;A4533;ARES;JPA - LIDER CARGAS;;PB;08/09/2026 11:40:00;Pendente de Retorno;PB;Cabedelo;SEC DE SAUDE DA PARAIBA;27/07/2026 15:25:04
566237;A4636;ARES;JPA - LIDER CARGAS;;PB;08/09/2026 11:40:00;Pendente de Retorno;PB;Cabedelo;SEC DE SAUDE DA PARAIBA;21/07/2026 09:40:42
566237;A4655;ARES;JPA - LIDER CARGAS;;PB;08/09/2026 11:40:00;Pendente de Retorno;PB;Cabedelo;SEC DE SAUDE DA PARAIBA;18/07/2026 11:41:40
566237;A4679;ARES;JPA - LIDER CARGAS;;PB;08/09/2026 11:40:00;Pendente de Retorno;PB;Cabedelo;SEC DE SAUDE DA PARAIBA;20/07/2026 11:26:29
566237;A4688;ARES;JPA - LIDER CARGAS;;PB;08/09/2026 11:40:00;Pendente de Retorno;PB;Cabedelo;SEC DE SAUDE DA PARAIBA;18/07/2026 11:43:16
566237;A4811;ARES;JPA - LIDER CARGAS;;PB;08/09/2026 11:40:00;Pendente de Retorno;PB;Cabedelo;SEC DE SAUDE DA PARAIBA;21/07/2026 17:28:26
566237;A5102;ARES;JPA - LIDER CARGAS;;PB;08/09/2026 11:40:00;Pendente de Retorno;PB;Cabedelo;SEC DE SAUDE DA PARAIBA;22/07/2026 21:43:38
566237;A5109;ARES;JPA - LIDER CARGAS;;PB;08/09/2026 11:40:00;Pendente de Retorno;PB;Cabedelo;SEC DE SAUDE DA PARAIBA;08/07/2026 00:33:03
566237;A5219;ARES;JPA - LIDER CARGAS;;PB;08/09/2026 11:40:00;Pendente de Retorno;PB;Cabedelo;SEC DE SAUDE DA PARAIBA;22/07/2026 23:48:29
566237;A5240;ARES;JPA - LIDER CARGAS;;PB;08/09/2026 11:40:00;Pendente de Retorno;PB;Cabedelo;SEC DE SAUDE DA PARAIBA;28/07/2026 03:05:41
566237;A5292;ARES;JPA - LIDER CARGAS;;PB;08/09/2026 11:40:00;Pendente de Retorno;PB;Cabedelo;SEC DE SAUDE DA PARAIBA;27/07/2026 00:14:15
566237;A5457;ARES;JPA - LIDER CARGAS;;PB;08/09/2026 11:40:00;Pendente de Retorno;PB;Cabedelo;SEC DE SAUDE DA PARAIBA;27/07/2026 00:13:17
566237;A5481;ARES;JPA - LIDER CARGAS;;PB;08/09/2026 11:40:00;Pendente de Retorno;PB;Cabedelo;SEC DE SAUDE DA PARAIBA;28/07/2026 03:04:03
566237;A5511;ARES;JPA - LIDER CARGAS;;PB;08/09/2026 11:40:00;Retornado;PB;Cabedelo;SEC DE SAUDE DA PARAIBA;21/09/2026 23:05:17
566237;A5533;ARES;JPA - LIDER CARGAS;;PB;08/09/2026 11:40:00;Pendente de Retorno;PB;Cabedelo;SEC DE SAUDE DA PARAIBA;17/07/2026 08:37:18
566237;A5663;ARES;JPA - LIDER CARGAS;;PB;08/09/2026 11:40:00;Pendente de Retorno;PB;Cabedelo;SEC DE SAUDE DA PARAIBA;08/07/2026 11:29:10
566237;A5679;ARES;JPA - LIDER CARGAS;;PB;08/09/2026 11:40:00;Pendente de Retorno;PB;Cabedelo;SEC DE SAUDE DA PARAIBA;27/07/2026 15:27:14
566237;A5736;ARES;JPA - LIDER CARGAS;;PB;08/09/2026 11:40:00;Pendente de Retorno;PB;Cabedelo;SEC DE SAUDE DA PARAIBA;20/07/2026 09:51:26
566237;A5844;ARES;JPA - LIDER CARGAS;;PB;08/09/2026 11:40:00;Pendente de Retorno;PB;Cabedelo;SEC DE SAUDE DA PARAIBA;17/07/2026 08:23:05
566237;A6074;ARES;JPA - LIDER CARGAS;;PB;08/09/2026 11:40:00;Pendente de Retorno;PB;Cabedelo;SEC DE SAUDE DA PARAIBA;10/07/2026 17:21:03
566237;A6117;ARES;JPA - LIDER CARGAS;;PB;08/09/2026 11:40:00;Pendente de Retorno;PB;Cabedelo;SEC DE SAUDE DA PARAIBA;10/07/2026 13:13:12
566237;A6142;ARES;JPA - LIDER CARGAS;;PB;08/09/2026 11:40:00;Pendente de Retorno;PB;Cabedelo;SEC DE SAUDE DA PARAIBA;17/07/2026 15:29:21
566237;A6153;ARES;JPA - LIDER CARGAS;;PB;08/09/2026 11:40:00;Pendente de Retorno;PB;Cabedelo;SEC DE SAUDE DA PARAIBA;26/07/2026 20:51:22
566237;A6379;ARES;JPA - LIDER CARGAS;;PB;08/09/2026 11:40:00;Pendente de Retorno;PB;Cabedelo;SEC DE SAUDE DA PARAIBA;17/07/2026 14:10:33
566237;A6399;ARES;JPA - LIDER CARGAS;;PB;08/09/2026 11:40:00;Pendente de Retorno;PB;Cabedelo;SEC DE SAUDE DA PARAIBA;21/07/2026 00:00:03
566237;A6469;ARES;JPA - LIDER CARGAS;;PB;08/09/2026 11:40:00;Pendente de Retorno;PB;Cabedelo;SEC DE SAUDE DA PARAIBA;27/07/2026 16:49:01
566237;A6556;ARES;JPA - LIDER CARGAS;;PB;08/09/2026 11:40:00;Pendente de Retorno;PB;Cabedelo;SEC DE SAUDE DA PARAIBA;20/07/2026 11:21:06
566237;A6602;ARES;JPA - LIDER CARGAS;;PB;08/09/2026 11:40:00;Pendente de Retorno;PB;Cabedelo;SEC DE SAUDE DA PARAIBA;27/07/2026 17:18:26
566237;A6721;ARES;JPA - LIDER CARGAS;;PB;08/09/2026 11:40:00;Pendente de Retorno;PB;Cabedelo;SEC DE SAUDE DA PARAIBA;21/07/2026 17:21:12
566237;A6728;ARES;JPA - LIDER CARGAS;;PB;08/09/2026 11:40:00;Retornado;PB;Cabedelo;SEC DE SAUDE DA PARAIBA;21/09/2026 23:25:15
566237;A6775;ARES;JPA - LIDER CARGAS;;PB;08/09/2026 11:40:00;Pendente de Retorno;PB;Cabedelo;SEC DE SAUDE DA PARAIBA;24/07/2026 15:22:49
566237;A6821;ARES;JPA - LIDER CARGAS;;PB;08/09/2026 11:40:00;Pendente de Retorno;PB;Cabedelo;SEC DE SAUDE DA PARAIBA;20/07/2026 11:36:43
566237;A6839;ARES;JPA - LIDER CARGAS;;PB;08/09/2026 11:40:00;Pendente de Retorno;PB;Cabedelo;SEC DE SAUDE DA PARAIBA;21/07/2026 17:29:58
566237;A6958;ARES;JPA - LIDER CARGAS;;PB;08/09/2026 11:40:00;Pendente de Retorno;PB;Cabedelo;SEC DE SAUDE DA PARAIBA;18/07/2026 10:12:59
566237;A6986;ARES;JPA - LIDER CARGAS;;PB;08/09/2026 11:40:00;Pendente de Retorno;PB;Cabedelo;SEC DE SAUDE DA PARAIBA;27/07/2026 16:48:43
566237;A7008;ARES;JPA - LIDER CARGAS;;PB;08/09/2026 11:40:00;Pendente de Retorno;PB;Cabedelo;SEC DE SAUDE DA PARAIBA;23/07/2026 20:42:07
566237;A7067;ARES;JPA - LIDER CARGAS;;PB;08/09/2026 11:40:00;Pendente de Retorno;PB;Cabedelo;SEC DE SAUDE DA PARAIBA;08/07/2026 15:21:43
566237;A7089;ARES;JPA - LIDER CARGAS;;PB;08/09/2026 11:40:00;Pendente de Retorno;PB;Cabedelo;SEC DE SAUDE DA PARAIBA;10/07/2026 13:12:51
566237;A7123;ARES;JPA - LIDER CARGAS;;PB;08/09/2026 11:40:00;Pendente de Retorno;PB;Cabedelo;SEC DE SAUDE DA PARAIBA;23/07/2026 21:11:57
566237;A7156;ARES;JPA - LIDER CARGAS;;PB;08/09/2026 11:40:00;Pendente de Retorno;PB;Cabedelo;SEC DE SAUDE DA PARAIBA;10/07/2026 13:12:38
566237;A7173;ARES;JPA - LIDER CARGAS;;PB;08/09/2026 11:40:00;Pendente de Retorno;PB;Cabedelo;SEC DE SAUDE DA PARAIBA;27/07/2026 16:48:12
566237;A7260;ARES;JPA - LIDER CARGAS;;PB;08/09/2026 11:40:00;Pendente de Retorno;PB;Cabedelo;SEC DE SAUDE DA PARAIBA;18/07/2026 10:09:50
566237;A7492;ARES;JPA - LIDER CARGAS;;PB;08/09/2026 11:40:00;Pendente de Retorno;PB;Cabedelo;SEC DE SAUDE DA PARAIBA;27/07/2026 15:25:10
566237;A7504;ARES;JPA - LIDER CARGAS;;PB;08/09/2026 11:40:00;Pendente de Retorno;PB;Cabedelo;SEC DE SAUDE DA PARAIBA;20/07/2026 09:51:30
566237;A7578;ARES;JPA - LIDER CARGAS;;PB;08/09/2026 11:40:00;Pendente de Retorno;PB;Cabedelo;SEC DE SAUDE DA PARAIBA;21/07/2026 17:47:22
566237;A7650;ARES;JPA - LIDER CARGAS;;PB;08/09/2026 11:40:00;Pendente de Retorno;PB;Cabedelo;SEC DE SAUDE DA PARAIBA;21/07/2026 17:11:41
566237;A7697;ARES;JPA - LIDER CARGAS;;PB;08/09/2026 11:40:00;Pendente de Retorno;PB;Cabedelo;SEC DE SAUDE DA PARAIBA;27/07/2026 00:13:27
566237;A7776;ARES;JPA - LIDER CARGAS;;PB;08/09/2026 11:40:00;Pendente de Retorno;PB;Cabedelo;SEC DE SAUDE DA PARAIBA;24/07/2026 08:25:36
566237;A7926;ARES;JPA - LIDER CARGAS;;PB;08/09/2026 11:40:00;Pendente de Retorno;PB;Cabedelo;SEC DE SAUDE DA PARAIBA;09/07/2026 22:14:42
566237;A7943;ARES;JPA - LIDER CARGAS;;PB;08/09/2026 11:40:00;Pendente de Retorno;PB;Cabedelo;SEC DE SAUDE DA PARAIBA;17/07/2026 15:32:18
566237;A7993;ARES;JPA - LIDER CARGAS;;PB;08/09/2026 11:40:00;Pendente de Retorno;PB;Cabedelo;SEC DE SAUDE DA PARAIBA;21/07/2026 17:23:01
566237;A8068;ARES;JPA - LIDER CARGAS;;PB;08/09/2026 11:40:00;Pendente de Retorno;PB;Cabedelo;SEC DE SAUDE DA PARAIBA;14/07/2026 14:39:58
566237;A8178;ARES;JPA - LIDER CARGAS;;PB;08/09/2026 11:40:00;Pendente de Retorno;PB;Cabedelo;SEC DE SAUDE DA PARAIBA;23/07/2026 21:10:18
566237;A8353;ARES;JPA - LIDER CARGAS;;PB;08/09/2026 11:40:00;Pendente de Retorno;PB;Cabedelo;SEC DE SAUDE DA PARAIBA;27/07/2026 16:48:45
566237;A8403;ARES;JPA - LIDER CARGAS;;PB;08/09/2026 11:40:00;Pendente de Retorno;PB;Cabedelo;SEC DE SAUDE DA PARAIBA;27/07/2026 15:20:49
566237;A8462;ARES;JPA - LIDER CARGAS;;PB;08/09/2026 11:40:00;Pendente de Retorno;PB;Cabedelo;SEC DE SAUDE DA PARAIBA;09/07/2026 16:01:55
566237;A8502;ARES;JPA - LIDER CARGAS;;PB;08/09/2026 11:40:00;Pendente de Retorno;PB;Cabedelo;SEC DE SAUDE DA PARAIBA;15/07/2026 10:08:23
566237;A8557;ARES;JPA - LIDER CARGAS;;PB;08/09/2026 11:40:00;Pendente de Retorno;PB;Cabedelo;SEC DE SAUDE DA PARAIBA;21/07/2026 17:27:42
566237;A8568;ARES;JPA - LIDER CARGAS;;PB;08/09/2026 11:40:00;Pendente de Retorno;PB;Cabedelo;SEC DE SAUDE DA PARAIBA;21/07/2026 17:43:38
566237;A8572;ARES;JPA - LIDER CARGAS;;PB;08/09/2026 11:40:00;Pendente de Retorno;PB;Cabedelo;SEC DE SAUDE DA PARAIBA;29/06/2026 16:57:14
566237;A8578;ARES;JPA - LIDER CARGAS;;PB;08/09/2026 11:40:00;Pendente de Retorno;PB;Cabedelo;SEC DE SAUDE DA PARAIBA;21/07/2026 17:43:03
566237;A8592;ARES;JPA - LIDER CARGAS;;PB;08/09/2026 11:40:00;Pendente de Retorno;PB;Cabedelo;SEC DE SAUDE DA PARAIBA;13/07/2026 16:43:34
566237;A8608;ARES;JPA - LIDER CARGAS;;PB;08/09/2026 11:40:00;Pendente de Retorno;PB;Cabedelo;SEC DE SAUDE DA PARAIBA;22/07/2026 23:47:10
566237;A8670;ARES;JPA - LIDER CARGAS;;PB;08/09/2026 11:40:00;Pendente de Retorno;PB;Cabedelo;SEC DE SAUDE DA PARAIBA;26/07/2026 20:48:28
566237;A8757;ARES;JPA - LIDER CARGAS;;PB;08/09/2026 11:40:00;Pendente de Retorno;PB;Cabedelo;SEC DE SAUDE DA PARAIBA;20/07/2026 11:38:26
566237;A8764;ARES;JPA - LIDER CARGAS;;PB;08/09/2026 11:40:00;Pendente de Retorno;PB;Cabedelo;SEC DE SAUDE DA PARAIBA;22/07/2026 23:49:02
566237;A8765;ARES;JPA - LIDER CARGAS;;PB;08/09/2026 11:40:00;Pendente de Retorno;PB;Cabedelo;SEC DE SAUDE DA PARAIBA;26/07/2026 22:22:43
566237;A8796;ARES;JPA - LIDER CARGAS;;PB;08/09/2026 11:40:00;Pendente de Retorno;PB;Cabedelo;SEC DE SAUDE DA PARAIBA;23/07/2026 21:11:39
566237;A8807;ARES;JPA - LIDER CARGAS;;PB;08/09/2026 11:40:00;Pendente de Retorno;PB;Cabedelo;SEC DE SAUDE DA PARAIBA;17/07/2026 08:45:52
566237;A8862;ARES;JPA - LIDER CARGAS;;PB;08/09/2026 11:40:00;Pendente de Retorno;PB;Cabedelo;SEC DE SAUDE DA PARAIBA;18/07/2026 10:13:38
566237;A8922;ARES;JPA - LIDER CARGAS;;PB;08/09/2026 11:40:00;Pendente de Retorno;PB;Cabedelo;SEC DE SAUDE DA PARAIBA;27/07/2026 17:09:41
566237;A8966;ARES;JPA - LIDER CARGAS;;PB;08/09/2026 11:40:00;Pendente de Retorno;PB;Cabedelo;SEC DE SAUDE DA PARAIBA;14/07/2026 17:04:17
566237;A8981;ARES;JPA - LIDER CARGAS;;PB;08/09/2026 11:40:00;Pendente de Retorno;PB;Cabedelo;SEC DE SAUDE DA PARAIBA;27/07/2026 00:11:27
566237;A9132;ARES;JPA - LIDER CARGAS;;PB;08/09/2026 11:40:00;Pendente de Retorno;PB;Cabedelo;SEC DE SAUDE DA PARAIBA;30/06/2026 08:54:18
566237;A9181;ARES;JPA - LIDER CARGAS;;PB;08/09/2026 11:40:00;Pendente de Retorno;PB;Cabedelo;SEC DE SAUDE DA PARAIBA;26/07/2026 20:50:49
566237;A9297;ARES;JPA - LIDER CARGAS;;PB;08/09/2026 11:40:00;Pendente de Retorno;PB;Cabedelo;SEC DE SAUDE DA PARAIBA;17/07/2026 15:29:29
566237;A9312;ARES;JPA - LIDER CARGAS;;PB;08/09/2026 11:40:00;Pendente de Retorno;PB;Cabedelo;SEC DE SAUDE DA PARAIBA;30/06/2026 20:47:05
566237;A9313;ARES;JPA - LIDER CARGAS;;PB;08/09/2026 11:40:00;Pendente de Retorno;PB;Cabedelo;SEC DE SAUDE DA PARAIBA;24/07/2026 08:38:24
566237;A9378;ARES;JPA - LIDER CARGAS;;PB;08/09/2026 11:40:00;Pendente de Retorno;PB;Cabedelo;SEC DE SAUDE DA PARAIBA;21/07/2026 17:29:59
566237;A9536;ARES;JPA - LIDER CARGAS;;PB;08/09/2026 11:40:00;Retornado;PB;Cabedelo;SEC DE SAUDE DA PARAIBA;21/09/2026 23:22:55
566237;A9551;ARES;JPA - LIDER CARGAS;;PB;08/09/2026 11:40:00;Pendente de Retorno;PB;Cabedelo;SEC DE SAUDE DA PARAIBA;18/07/2026 10:20:31
566237;A9608;ARES;JPA - LIDER CARGAS;;PB;08/09/2026 11:40:00;Pendente de Retorno;PB;Cabedelo;SEC DE SAUDE DA PARAIBA;27/07/2026 15:26:56
566237;TA0065;ARES;JPA - LIDER CARGAS;;PB;08/09/2026 11:40:00;Retornado;PB;Cabedelo;SEC DE SAUDE DA PARAIBA;21/09/2026 23:23:40
566237;TA0100;ARES;JPA - LIDER CARGAS;;PB;08/09/2026 11:40:00;Pendente de Retorno;PB;Cabedelo;SEC DE SAUDE DA PARAIBA;13/07/2026 16:32:35
566237;TA0121;ARES;JPA - LIDER CARGAS;;PB;08/09/2026 11:40:00;Pendente de Retorno;PB;Cabedelo;SEC DE SAUDE DA PARAIBA;17/07/2026 08:37:45
566237;TA0131;ARES;JPA - LIDER CARGAS;;PB;08/09/2026 11:40:00;Retornado;PB;Cabedelo;SEC DE SAUDE DA PARAIBA;21/09/2026 23:04:54
566237;TA0253;ARES;JPA - LIDER CARGAS;;PB;08/09/2026 11:40:00;Pendente de Retorno;PB;Cabedelo;SEC DE SAUDE DA PARAIBA;22/07/2026 09:29:40
566237;TA0481;ARES;JPA - LIDER CARGAS;;PB;08/09/2026 11:40:00;Pendente de Retorno;PB;Cabedelo;SEC DE SAUDE DA PARAIBA;10/07/2026 17:35:10
566237;TA0502;ARES;JPA - LIDER CARGAS;;PB;08/09/2026 11:40:00;Pendente de Retorno;PB;Cabedelo;SEC DE SAUDE DA PARAIBA;23/06/2026 08:59:54
566237;TA0635;ARES;JPA - LIDER CARGAS;;PB;08/09/2026 11:40:00;Retornado;PB;Cabedelo;SEC DE SAUDE DA PARAIBA;21/09/2026 23:21:07
566237;TA0879;ARES;JPA - LIDER CARGAS;;PB;08/09/2026 11:40:00;Retornado;PB;Cabedelo;SEC DE SAUDE DA PARAIBA;21/09/2026 23:06:00
566237;TA0911;ARES;JPA - LIDER CARGAS;;PB;08/09/2026 11:40:00;Pendente de Retorno;PB;Cabedelo;SEC DE SAUDE DA PARAIBA;10/07/2026 17:29:32
566237;TA0916;ARES;JPA - LIDER CARGAS;;PB;08/09/2026 11:40:00;Pendente de Retorno;PB;Cabedelo;SEC DE SAUDE DA PARAIBA;26/07/2026 20:50:59
566237;TA1082;ARES;JPA - LIDER CARGAS;;PB;08/09/2026 11:40:00;Pendente de Retorno;PB;Cabedelo;SEC DE SAUDE DA PARAIBA;22/07/2026 23:49:06
566237;TA1164;ARES;JPA - LIDER CARGAS;;PB;08/09/2026 11:40:00;Pendente de Retorno;PB;Cabedelo;SEC DE SAUDE DA PARAIBA;30/06/2026 08:54:00
566237;TA1214;ARES;JPA - LIDER CARGAS;;PB;08/09/2026 11:40:00;Pendente de Retorno;PB;Cabedelo;SEC DE SAUDE DA PARAIBA;22/07/2026 21:46:27
566237;TA1232;ARES;JPA - LIDER CARGAS;;PB;08/09/2026 11:40:00;Retornado;PB;Cabedelo;SEC DE SAUDE DA PARAIBA;21/09/2026 23:14:46
20261397;A6767;ARES;VTCLOG RIO GALEAO;;RJ;08/09/2026 11:36:00;Pendente de Retorno;RJ;RIO DE JANEIRO;FUNDACAO OSWALDO CRUZ;21/07/2026 17:17:10
20261396;A8511;ARES;VTCLOG RIO GALEAO;;RJ;08/09/2026 11:31:00;Pendente de Retorno;RJ;RIO DE JANEIRO;FUNDACAO OSWALDO CRUZ;20/07/2026 11:25:35
567227;A0868;ARES;FOR - NT TRANSPORTE LTDA;;CE;08/09/2026 11:16:34;Retornado;CE;Fortaleza;HOSPITAL DE MESSEJANA DR. CARLOS ALBERTO STAURT GO;21/09/2026 13:41:10
567227;A6063;ARES;FOR - NT TRANSPORTE LTDA;;CE;08/09/2026 11:16:34;Pendente de Retorno;CE;Fortaleza;HOSPITAL DE MESSEJANA DR. CARLOS ALBERTO STAURT GO;18/07/2026 08:00:45
563318;A8575;ARES;POA - GMB TRANSPORTES E LOGISTICA ME;;RS;08/09/2026 11:00:00;Pendente de Retorno;RS;Porto Alegre;SECRETARIA ESTADUAL DE SAÚDE;23/07/2026 08:39:23
563318;A9489;ARES;POA - GMB TRANSPORTES E LOGISTICA ME;;RS;08/09/2026 11:00:00;Pendente de Retorno;RS;Porto Alegre;SECRETARIA ESTADUAL DE SAÚDE;24/07/2026 08:23:45
565553;A0378;ARES;MAO- GR TRANSPORTES E LOGISTICA MULTIMODAL;;AM;08/09/2026 10:54:39;Retornado;AM;Manaus;SES DE AMAZONAS;18/09/2026 10:42:53
565553;A0406;ARES;MAO- GR TRANSPORTES E LOGISTICA MULTIMODAL;;AM;08/09/2026 10:54:39;Pendente de Retorno;AM;Manaus;SES DE AMAZONAS;14/07/2026 10:49:28
565553;A2349;ARES;MAO- GR TRANSPORTES E LOGISTICA MULTIMODAL;;AM;08/09/2026 10:54:39;Pendente de Retorno;AM;Manaus;SES DE AMAZONAS;09/07/2026 09:00:50
565553;A2379;ARES;MAO- GR TRANSPORTES E LOGISTICA MULTIMODAL;;AM;08/09/2026 10:54:39;Pendente de Retorno;AM;Manaus;SES DE AMAZONAS;13/07/2026 16:38:18
565553;A3334;ARES;MAO- GR TRANSPORTES E LOGISTICA MULTIMODAL;;AM;08/09/2026 10:54:39;Pendente de Retorno;AM;Manaus;SES DE AMAZONAS;21/07/2026 17:30:51
565553;A3380;ARES;MAO- GR TRANSPORTES E LOGISTICA MULTIMODAL;;AM;08/09/2026 10:54:39;Pendente de Retorno;AM;Manaus;SES DE AMAZONAS;25/07/2026 21:28:23
565553;A3625;ARES;MAO- GR TRANSPORTES E LOGISTICA MULTIMODAL;;AM;08/09/2026 10:54:39;Pendente de Retorno;AM;Manaus;SES DE AMAZONAS;22/07/2026 21:42:12
565553;A3781;ARES;MAO- GR TRANSPORTES E LOGISTICA MULTIMODAL;;AM;08/09/2026 10:54:39;Pendente de Retorno;AM;Manaus;SES DE AMAZONAS;22/07/2026 21:45:47
565553;A3927;ARES;MAO- GR TRANSPORTES E LOGISTICA MULTIMODAL;;AM;08/09/2026 10:54:39;Pendente de Retorno;AM;Manaus;SES DE AMAZONAS;21/07/2026 00:00:52
565553;A4226;ARES;MAO- GR TRANSPORTES E LOGISTICA MULTIMODAL;;AM;08/09/2026 10:54:39;Pendente de Retorno;AM;Manaus;SES DE AMAZONAS;18/07/2026 07:59:31
565553;A4418;ARES;MAO- GR TRANSPORTES E LOGISTICA MULTIMODAL;;AM;08/09/2026 10:54:39;Pendente de Retorno;AM;Manaus;SES DE AMAZONAS;21/07/2026 17:47:20
565553;A5181;ARES;MAO- GR TRANSPORTES E LOGISTICA MULTIMODAL;;AM;08/09/2026 10:54:39;Pendente de Retorno;AM;Manaus;SES DE AMAZONAS;22/07/2026 21:44:11
565553;A5568;ARES;MAO- GR TRANSPORTES E LOGISTICA MULTIMODAL;;AM;08/09/2026 10:54:39;Pendente de Retorno;AM;Manaus;SES DE AMAZONAS;27/07/2026 15:33:35
565553;A6218;ARES;MAO- GR TRANSPORTES E LOGISTICA MULTIMODAL;;AM;08/09/2026 10:54:39;Pendente de Retorno;AM;Manaus;SES DE AMAZONAS;02/07/2026 16:51:37
565553;A6366;ARES;MAO- GR TRANSPORTES E LOGISTICA MULTIMODAL;;AM;08/09/2026 10:54:39;Pendente de Retorno;AM;Manaus;SES DE AMAZONAS;08/07/2026 23:32:58
565553;A6739;ARES;MAO- GR TRANSPORTES E LOGISTICA MULTIMODAL;;AM;08/09/2026 10:54:39;Pendente de Retorno;AM;Manaus;SES DE AMAZONAS;13/07/2026 16:47:34
565553;A6813;ARES;MAO- GR TRANSPORTES E LOGISTICA MULTIMODAL;;AM;08/09/2026 10:54:39;Pendente de Retorno;AM;Manaus;SES DE AMAZONAS;25/07/2026 13:02:24
565553;A7231;ARES;MAO- GR TRANSPORTES E LOGISTICA MULTIMODAL;;AM;08/09/2026 10:54:39;Pendente de Retorno;AM;Manaus;SES DE AMAZONAS;26/07/2026 20:48:36
565553;A7405;ARES;MAO- GR TRANSPORTES E LOGISTICA MULTIMODAL;;AM;08/09/2026 10:54:39;Pendente de Retorno;AM;Manaus;SES DE AMAZONAS;26/07/2026 20:48:56
565553;A7646;ARES;MAO- GR TRANSPORTES E LOGISTICA MULTIMODAL;;AM;08/09/2026 10:54:39;Pendente de Retorno;AM;Manaus;SES DE AMAZONAS;18/07/2026 10:20:54
565553;A8161;ARES;MAO- GR TRANSPORTES E LOGISTICA MULTIMODAL;;AM;08/09/2026 10:54:39;Pendente de Retorno;AM;Manaus;SES DE AMAZONAS;15/07/2026 10:08:21
565553;A8275;ARES;MAO- GR TRANSPORTES E LOGISTICA MULTIMODAL;;AM;08/09/2026 10:54:39;Pendente de Retorno;AM;Manaus;SES DE AMAZONAS;14/07/2026 10:49:02
565553;TA0223;ARES;MAO- GR TRANSPORTES E LOGISTICA MULTIMODAL;;AM;08/09/2026 10:54:39;Pendente de Retorno;AM;Manaus;SES DE AMAZONAS;21/07/2026 17:25:13
565553;TA0411;ARES;MAO- GR TRANSPORTES E LOGISTICA MULTIMODAL;;AM;08/09/2026 10:54:39;Pendente de Retorno;AM;Manaus;SES DE AMAZONAS;18/07/2026 08:02:13
565553;TA0602;ARES;MAO- GR TRANSPORTES E LOGISTICA MULTIMODAL;;AM;08/09/2026 10:54:39;Pendente de Retorno;AM;Manaus;SES DE AMAZONAS;27/07/2026 17:20:05
565553;TA0873;ARES;MAO- GR TRANSPORTES E LOGISTICA MULTIMODAL;;AM;08/09/2026 10:54:39;Pendente de Retorno;AM;Manaus;SES DE AMAZONAS;13/07/2026 07:45:24
565553;TA1034;ARES;MAO- GR TRANSPORTES E LOGISTICA MULTIMODAL;;AM;08/09/2026 10:54:39;Pendente de Retorno;AM;Manaus;SES DE AMAZONAS;18/07/2026 08:02:01
565558;A0158;ARES;MAO- GR TRANSPORTES E LOGISTICA MULTIMODAL;;AM;08/09/2026 10:50:53;Pendente de Retorno;AM;Manaus;SES DE AMAZONAS;27/07/2026 17:16:08
565558;A1679;ARES;MAO- GR TRANSPORTES E LOGISTICA MULTIMODAL;;AM;08/09/2026 10:50:53;Pendente de Retorno;AM;Manaus;SES DE AMAZONAS;26/07/2026 22:22:41
565558;A1850;ARES;MAO- GR TRANSPORTES E LOGISTICA MULTIMODAL;;AM;08/09/2026 10:50:53;Pendente de Retorno;AM;Manaus;SES DE AMAZONAS;22/07/2026 08:56:16
565558;A2219;ARES;MAO- GR TRANSPORTES E LOGISTICA MULTIMODAL;;AM;08/09/2026 10:50:53;Pendente de Retorno;AM;Manaus;SES DE AMAZONAS;22/07/2026 08:59:26
565558;A2410;ARES;MAO- GR TRANSPORTES E LOGISTICA MULTIMODAL;;AM;08/09/2026 10:50:53;Pendente de Retorno;AM;Manaus;SES DE AMAZONAS;18/07/2026 11:46:07
565558;A3127;ARES;MAO- GR TRANSPORTES E LOGISTICA MULTIMODAL;;AM;08/09/2026 10:50:53;Pendente de Retorno;AM;Manaus;SES DE AMAZONAS;23/07/2026 21:13:48
565558;A3562;ARES;MAO- GR TRANSPORTES E LOGISTICA MULTIMODAL;;AM;08/09/2026 10:50:53;Pendente de Retorno;AM;Manaus;SES DE AMAZONAS;20/07/2026 11:38:28
565558;A3965;ARES;MAO- GR TRANSPORTES E LOGISTICA MULTIMODAL;;AM;08/09/2026 10:50:53;Pendente de Retorno;AM;Manaus;SES DE AMAZONAS;30/06/2026 07:27:04
565558;A4313;ARES;MAO- GR TRANSPORTES E LOGISTICA MULTIMODAL;;AM;08/09/2026 10:50:53;Pendente de Retorno;AM;Manaus;SES DE AMAZONAS;26/05/2026 17:41:37
565558;A4627;ARES;MAO- GR TRANSPORTES E LOGISTICA MULTIMODAL;;AM;08/09/2026 10:50:53;Pendente de Retorno;AM;Manaus;SES DE AMAZONAS;25/07/2026 21:28:43
565558;A4635;ARES;MAO- GR TRANSPORTES E LOGISTICA MULTIMODAL;;AM;08/09/2026 10:50:53;Retornado;AM;Manaus;SES DE AMAZONAS;15/09/2026 17:26:33
565558;A4965;ARES;MAO- GR TRANSPORTES E LOGISTICA MULTIMODAL;;AM;08/09/2026 10:50:53;Pendente de Retorno;AM;Manaus;SES DE AMAZONAS;21/07/2026 17:24:45
565558;A5156;ARES;MAO- GR TRANSPORTES E LOGISTICA MULTIMODAL;;AM;08/09/2026 10:50:53;Pendente de Retorno;AM;Manaus;SES DE AMAZONAS;23/07/2026 20:44:03
565558;A5512;ARES;MAO- GR TRANSPORTES E LOGISTICA MULTIMODAL;;AM;08/09/2026 10:50:53;Pendente de Retorno;AM;Manaus;SES DE AMAZONAS;17/07/2026 17:06:44
565558;A5884;ARES;MAO- GR TRANSPORTES E LOGISTICA MULTIMODAL;;AM;08/09/2026 10:50:53;Pendente de Retorno;AM;Manaus;SES DE AMAZONAS;22/07/2026 23:47:40
565558;A6495;ARES;MAO- GR TRANSPORTES E LOGISTICA MULTIMODAL;;AM;08/09/2026 10:50:53;Retornado;AM;Manaus;SES DE AMAZONAS;20/09/2026 06:58:05
565558;A6719;ARES;MAO- GR TRANSPORTES E LOGISTICA MULTIMODAL;;AM;08/09/2026 10:50:53;Pendente de Retorno;AM;Manaus;SES DE AMAZONAS;23/07/2026 08:39:17
565558;A6865;ARES;MAO- GR TRANSPORTES E LOGISTICA MULTIMODAL;;AM;08/09/2026 10:50:53;Pendente de Retorno;AM;Manaus;SES DE AMAZONAS;09/07/2026 16:01:48
565558;A6959;ARES;MAO- GR TRANSPORTES E LOGISTICA MULTIMODAL;;AM;08/09/2026 10:50:53;Pendente de Retorno;AM;Manaus;SES DE AMAZONAS;16/06/2026 12:02:07
565558;A7701;ARES;MAO- GR TRANSPORTES E LOGISTICA MULTIMODAL;;AM;08/09/2026 10:50:53;Pendente de Retorno;AM;Manaus;SES DE AMAZONAS;21/07/2026 17:17:42
565558;A7799;ARES;MAO- GR TRANSPORTES E LOGISTICA MULTIMODAL;;AM;08/09/2026 10:50:53;Pendente de Retorno;AM;Manaus;SES DE AMAZONAS;27/07/2026 15:27:45
565558;A7895;ARES;MAO- GR TRANSPORTES E LOGISTICA MULTIMODAL;;AM;08/09/2026 10:50:53;Pendente de Retorno;AM;Manaus;SES DE AMAZONAS;23/07/2026 20:41:56
565558;A8256;ARES;MAO- GR TRANSPORTES E LOGISTICA MULTIMODAL;;AM;08/09/2026 10:50:53;Pendente de Retorno;AM;Manaus;SES DE AMAZONAS;02/07/2026 16:50:23
565558;A8425;ARES;MAO- GR TRANSPORTES E LOGISTICA MULTIMODAL;;AM;08/09/2026 10:50:53;Pendente de Retorno;AM;Manaus;SES DE AMAZONAS;08/07/2026 00:32:27
565558;A8626;ARES;MAO- GR TRANSPORTES E LOGISTICA MULTIMODAL;;AM;08/09/2026 10:50:53;Pendente de Retorno;AM;Manaus;SES DE AMAZONAS;13/07/2026 07:33:03
565558;A8633;ARES;MAO- GR TRANSPORTES E LOGISTICA MULTIMODAL;;AM;08/09/2026 10:50:53;Pendente de Retorno;AM;Manaus;SES DE AMAZONAS;17/07/2026 07:36:25
565558;A8648;ARES;MAO- GR TRANSPORTES E LOGISTICA MULTIMODAL;;AM;08/09/2026 10:50:53;Pendente de Retorno;AM;Manaus;SES DE AMAZONAS;10/07/2026 17:23:48
565558;A8968;ARES;MAO- GR TRANSPORTES E LOGISTICA MULTIMODAL;;AM;08/09/2026 10:50:53;Pendente de Retorno;AM;Manaus;SES DE AMAZONAS;22/07/2026 09:29:25
565558;A9213;ARES;MAO- GR TRANSPORTES E LOGISTICA MULTIMODAL;;AM;08/09/2026 10:50:53;Pendente de Retorno;AM;Manaus;SES DE AMAZONAS;14/07/2026 14:36:37
565558;A9392;ARES;MAO- GR TRANSPORTES E LOGISTICA MULTIMODAL;;AM;08/09/2026 10:50:53;Pendente de Retorno;AM;Manaus;SES DE AMAZONAS;23/07/2026 07:43:53
565558;A9544;ARES;MAO- GR TRANSPORTES E LOGISTICA MULTIMODAL;;AM;08/09/2026 10:50:53;Pendente de Retorno;AM;Manaus;SES DE AMAZONAS;19/06/2026 17:31:57
565558;A9605;ARES;MAO- GR TRANSPORTES E LOGISTICA MULTIMODAL;;AM;08/09/2026 10:50:53;Pendente de Retorno;AM;Manaus;SES DE AMAZONAS;27/07/2026 00:14:22
565558;A9613;ARES;MAO- GR TRANSPORTES E LOGISTICA MULTIMODAL;;AM;08/09/2026 10:50:53;Pendente de Retorno;AM;Manaus;SES DE AMAZONAS;14/07/2026 17:23:09
565558;TA0285;ARES;MAO- GR TRANSPORTES E LOGISTICA MULTIMODAL;;AM;08/09/2026 10:50:53;Pendente de Retorno;AM;Manaus;SES DE AMAZONAS;24/07/2026 08:30:15
565558;TA0349;ARES;MAO- GR TRANSPORTES E LOGISTICA MULTIMODAL;;AM;08/09/2026 10:50:53;Pendente de Retorno;AM;Manaus;SES DE AMAZONAS;27/07/2026 15:27:50
565558;TA0401;ARES;MAO- GR TRANSPORTES E LOGISTICA MULTIMODAL;;AM;08/09/2026 10:50:53;Pendente de Retorno;AM;Manaus;SES DE AMAZONAS;03/07/2026 08:41:12
565558;TA0554;ARES;MAO- GR TRANSPORTES E LOGISTICA MULTIMODAL;;AM;08/09/2026 10:50:53;Pendente de Retorno;AM;Manaus;SES DE AMAZONAS;10/07/2026 17:22:19
565558;TA0636;ARES;MAO- GR TRANSPORTES E LOGISTICA MULTIMODAL;;AM;08/09/2026 10:50:53;Pendente de Retorno;AM;Manaus;SES DE AMAZONAS;24/07/2026 15:29:13
565558;TA0826;ARES;MAO- GR TRANSPORTES E LOGISTICA MULTIMODAL;;AM;08/09/2026 10:50:53;Pendente de Retorno;AM;Manaus;SES DE AMAZONAS;17/07/2026 14:10:29
565558;TA0951;ARES;MAO- GR TRANSPORTES E LOGISTICA MULTIMODAL;;AM;08/09/2026 10:50:53;Pendente de Retorno;AM;Manaus;SES DE AMAZONAS;04/07/2026 11:29:26
565558;TA1084;ARES;MAO- GR TRANSPORTES E LOGISTICA MULTIMODAL;;AM;08/09/2026 10:50:53;Pendente de Retorno;AM;Manaus;SES DE AMAZONAS;23/07/2026 20:47:20
567336;A6838;ARES;VTCLOG - BSB;;DF;08/09/2026 10:40:34;Retornado;DF;BRASILIA;WALTER FROES COUTO 00737.017236/2025-37;20/09/2026 06:40:04
567564;A8979;ARES;JPA - LIDER CARGAS;;PB;08/09/2026 10:30:00;Pendente de Retorno;PB;Joao Pessoa;SEC DE SAUDE DA PARAIBA;13/07/2026 16:42:40
567226;A8738;ARES;VTCLOG CNF - CONTAGEM;;MG;08/09/2026 09:32:49;Pendente de Retorno;MG;Belo Horizonte;BENICIO PIRES PECHIR  SEI007370088912020;27/07/2026 16:48:14
567053;A3329;ARES;VTCLOG - BSB;;BA;05/09/2026 18:19:00;Pendente de Retorno;BA;Barreiras;THIAGO VICENTE DO NASCIMENTO PEDROSA;24/07/2026 17:08:21
565261;A0330;ARES;FOR - NT TRANSPORTE LTDA;;CE;05/09/2026 18:00:00;Pendente de Retorno;CE;Fortaleza;ALMOXARIFADO ESTADUAL DE MEDICAMENTOS;21/07/2026 09:41:10
565261;A0381;ARES;FOR - NT TRANSPORTE LTDA;;CE;05/09/2026 18:00:00;Pendente de Retorno;CE;Fortaleza;ALMOXARIFADO ESTADUAL DE MEDICAMENTOS;29/06/2026 23:28:30
565261;A1001;ARES;FOR - NT TRANSPORTE LTDA;;CE;05/09/2026 18:00:00;Pendente de Retorno;CE;Fortaleza;ALMOXARIFADO ESTADUAL DE MEDICAMENTOS;27/07/2026 12:31:27
565261;A1658;ARES;FOR - NT TRANSPORTE LTDA;;CE;05/09/2026 18:00:00;Pendente de Retorno;CE;Fortaleza;ALMOXARIFADO ESTADUAL DE MEDICAMENTOS;27/07/2026 16:48:23
565261;A2509;ARES;FOR - NT TRANSPORTE LTDA;;CE;05/09/2026 18:00:00;Pendente de Retorno;CE;Fortaleza;ALMOXARIFADO ESTADUAL DE MEDICAMENTOS;22/07/2026 21:43:00
565261;A4547;ARES;FOR - NT TRANSPORTE LTDA;;CE;05/09/2026 18:00:00;Pendente de Retorno;CE;Fortaleza;ALMOXARIFADO ESTADUAL DE MEDICAMENTOS;21/07/2026 00:01:33
565261;A4620;ARES;FOR - NT TRANSPORTE LTDA;;CE;05/09/2026 18:00:00;Pendente de Retorno;CE;Fortaleza;ALMOXARIFADO ESTADUAL DE MEDICAMENTOS;06/07/2026 13:46:33
565261;A4791;ARES;FOR - NT TRANSPORTE LTDA;;CE;05/09/2026 18:00:00;Pendente de Retorno;CE;Fortaleza;ALMOXARIFADO ESTADUAL DE MEDICAMENTOS;21/07/2026 00:06:20
565261;A4821;ARES;FOR - NT TRANSPORTE LTDA;;CE;05/09/2026 18:00:00;Pendente de Retorno;CE;Fortaleza;ALMOXARIFADO ESTADUAL DE MEDICAMENTOS;24/07/2026 08:31:11
565261;A5128;ARES;FOR - NT TRANSPORTE LTDA;;CE;05/09/2026 18:00:00;Pendente de Retorno;CE;Fortaleza;ALMOXARIFADO ESTADUAL DE MEDICAMENTOS;21/07/2026 17:17:55
565261;A5378;ARES;FOR - NT TRANSPORTE LTDA;;CE;05/09/2026 18:00:00;Pendente de Retorno;CE;Fortaleza;ALMOXARIFADO ESTADUAL DE MEDICAMENTOS;26/07/2026 20:58:51
565261;A5960;ARES;FOR - NT TRANSPORTE LTDA;;CE;05/09/2026 18:00:00;Pendente de Retorno;CE;Fortaleza;ALMOXARIFADO ESTADUAL DE MEDICAMENTOS;27/07/2026 15:22:13
565261;A6027;ARES;FOR - NT TRANSPORTE LTDA;;CE;05/09/2026 18:00:00;Pendente de Retorno;CE;Fortaleza;ALMOXARIFADO ESTADUAL DE MEDICAMENTOS;22/07/2026 23:49:18
565261;A6034;ARES;FOR - NT TRANSPORTE LTDA;;CE;05/09/2026 18:00:00;Pendente de Retorno;CE;Fortaleza;ALMOXARIFADO ESTADUAL DE MEDICAMENTOS;25/07/2026 21:29:05
565261;A6855;ARES;FOR - NT TRANSPORTE LTDA;;CE;05/09/2026 18:00:00;Pendente de Retorno;CE;Fortaleza;ALMOXARIFADO ESTADUAL DE MEDICAMENTOS;27/07/2026 10:18:44
565261;A6914;ARES;FOR - NT TRANSPORTE LTDA;;CE;05/09/2026 18:00:00;Retornado;CE;Fortaleza;ALMOXARIFADO ESTADUAL DE MEDICAMENTOS;21/09/2026 15:52:44
565261;A7150;ARES;FOR - NT TRANSPORTE LTDA;;CE;05/09/2026 18:00:00;Pendente de Retorno;CE;Fortaleza;ALMOXARIFADO ESTADUAL DE MEDICAMENTOS;21/07/2026 17:23:07
565261;A7614;ARES;FOR - NT TRANSPORTE LTDA;;CE;05/09/2026 18:00:00;Pendente de Retorno;CE;Fortaleza;ALMOXARIFADO ESTADUAL DE MEDICAMENTOS;13/07/2026 02:20:30
565261;A7763;ARES;FOR - NT TRANSPORTE LTDA;;CE;05/09/2026 18:00:00;Pendente de Retorno;CE;Fortaleza;ALMOXARIFADO ESTADUAL DE MEDICAMENTOS;27/07/2026 16:42:04
565261;A7810;ARES;FOR - NT TRANSPORTE LTDA;;CE;05/09/2026 18:00:00;Pendente de Retorno;CE;Fortaleza;ALMOXARIFADO ESTADUAL DE MEDICAMENTOS;26/07/2026 22:21:48
565261;A7813;ARES;FOR - NT TRANSPORTE LTDA;;CE;05/09/2026 18:00:00;Pendente de Retorno;CE;Fortaleza;ALMOXARIFADO ESTADUAL DE MEDICAMENTOS;23/07/2026 20:43:23
565261;A8355;ARES;FOR - NT TRANSPORTE LTDA;;CE;05/09/2026 18:00:00;Pendente de Retorno;CE;Fortaleza;ALMOXARIFADO ESTADUAL DE MEDICAMENTOS;27/07/2026 15:28:04
565261;A8492;ARES;FOR - NT TRANSPORTE LTDA;;CE;05/09/2026 18:00:00;Pendente de Retorno;CE;Fortaleza;ALMOXARIFADO ESTADUAL DE MEDICAMENTOS;10/07/2026 17:35:46
565261;A8643;ARES;FOR - NT TRANSPORTE LTDA;;CE;05/09/2026 18:00:00;Pendente de Retorno;CE;Fortaleza;ALMOXARIFADO ESTADUAL DE MEDICAMENTOS;27/07/2026 12:32:55
565261;A9036;ARES;FOR - NT TRANSPORTE LTDA;;CE;05/09/2026 18:00:00;Pendente de Retorno;CE;Fortaleza;ALMOXARIFADO ESTADUAL DE MEDICAMENTOS;21/07/2026 17:24:51
565261;A9273;ARES;FOR - NT TRANSPORTE LTDA;;CE;05/09/2026 18:00:00;Pendente de Retorno;CE;Fortaleza;ALMOXARIFADO ESTADUAL DE MEDICAMENTOS;26/07/2026 20:46:32
565261;A9614;ARES;FOR - NT TRANSPORTE LTDA;;CE;05/09/2026 18:00:00;Pendente de Retorno;CE;Fortaleza;ALMOXARIFADO ESTADUAL DE MEDICAMENTOS;25/07/2026 21:24:34
565261;A9641;ARES;FOR - NT TRANSPORTE LTDA;;CE;05/09/2026 18:00:00;Pendente de Retorno;CE;Fortaleza;ALMOXARIFADO ESTADUAL DE MEDICAMENTOS;27/07/2026 16:42:12
565261;TA0138;ARES;FOR - NT TRANSPORTE LTDA;;CE;05/09/2026 18:00:00;Pendente de Retorno;CE;Fortaleza;ALMOXARIFADO ESTADUAL DE MEDICAMENTOS;22/07/2026 21:45:08
565261;TA0199;ARES;FOR - NT TRANSPORTE LTDA;;CE;05/09/2026 18:00:00;Pendente de Retorno;CE;Fortaleza;ALMOXARIFADO ESTADUAL DE MEDICAMENTOS;09/07/2026 09:13:11
565261;TA0246;ARES;FOR - NT TRANSPORTE LTDA;;CE;05/09/2026 18:00:00;Pendente de Retorno;CE;Fortaleza;ALMOXARIFADO ESTADUAL DE MEDICAMENTOS;16/07/2026 09:07:39
565261;TA0512;ARES;FOR - NT TRANSPORTE LTDA;;CE;05/09/2026 18:00:00;Pendente de Retorno;CE;Fortaleza;ALMOXARIFADO ESTADUAL DE MEDICAMENTOS;17/07/2026 07:39:23
565261;TA0878;ARES;FOR - NT TRANSPORTE LTDA;;CE;05/09/2026 18:00:00;Pendente de Retorno;CE;Fortaleza;ALMOXARIFADO ESTADUAL DE MEDICAMENTOS;13/07/2026 08:23:37
565261;TA1105;ARES;FOR - NT TRANSPORTE LTDA;;CE;05/09/2026 18:00:00;Pendente de Retorno;CE;Fortaleza;ALMOXARIFADO ESTADUAL DE MEDICAMENTOS;18/07/2026 10:14:34
565261;TA1134;ARES;FOR - NT TRANSPORTE LTDA;;CE;05/09/2026 18:00:00;Pendente de Retorno;CE;Fortaleza;ALMOXARIFADO ESTADUAL DE MEDICAMENTOS;27/07/2026 00:17:42
567339;A8025;ARES;VTCLOG - REC;;PE;05/09/2026 13:04:44;Pendente de Retorno;PE;CABO;HOSPITAL DOM HELDER CÂMARA;13/07/2026 16:49:15
567343;A9340;ARES;VTCLOG - REC;;PE;05/09/2026 11:06:39;Pendente de Retorno;PE;RECIFE;HOSPITAL DAS CLINICAS DA UFPE;27/07/2026 15:25:22
567190;A4886;ARES;VTCLOG - BSB;;GO;05/09/2026 10:03:34;Pendente de Retorno;GO;Cristalina;VITÓRIA MIRANDA CLEMENTE;27/07/2026 15:25:39
566041;A4776;ARES;MAO- GR TRANSPORTES E LOGISTICA MULTIMODAL;;AM;04/09/2026 20:25:43;Pendente de Retorno;AM;Manaus;CENTRAL MEDIC SECR EST SAUDE AMAZONA;27/07/2026 17:21:21
566041;A5910;ARES;MAO- GR TRANSPORTES E LOGISTICA MULTIMODAL;;AM;04/09/2026 20:25:43;Pendente de Retorno;AM;Manaus;CENTRAL MEDIC SECR EST SAUDE AMAZONA;14/07/2026 17:27:30
566041;A6316;ARES;MAO- GR TRANSPORTES E LOGISTICA MULTIMODAL;;AM;04/09/2026 20:25:43;Pendente de Retorno;AM;Manaus;CENTRAL MEDIC SECR EST SAUDE AMAZONA;18/07/2026 10:11:55
566041;A8371;ARES;MAO- GR TRANSPORTES E LOGISTICA MULTIMODAL;;AM;04/09/2026 20:25:43;Pendente de Retorno;AM;Manaus;CENTRAL MEDIC SECR EST SAUDE AMAZONA;27/07/2026 16:47:07
566041;TA1208;ARES;MAO- GR TRANSPORTES E LOGISTICA MULTIMODAL;;AM;04/09/2026 20:25:43;Pendente de Retorno;AM;Manaus;CENTRAL MEDIC SECR EST SAUDE AMAZONA;18/07/2026 08:01:05
567617;A0779;ARES;VTCLOG - GRU;;SP;04/09/2026 19:57:00;Retornado;SP;SAO PAULO;UNIVERSIDADE FEDERAL DE SAO PAULO;14/09/2026 17:38:47
567617;A6207;ARES;VTCLOG - GRU;;SP;04/09/2026 19:57:00;Pendente de Retorno;SP;SAO PAULO;UNIVERSIDADE FEDERAL DE SAO PAULO;22/07/2026 21:43:48
567617;A8350;ARES;VTCLOG - GRU;;SP;04/09/2026 19:57:00;Pendente de Retorno;SP;SAO PAULO;UNIVERSIDADE FEDERAL DE SAO PAULO;13/07/2026 16:25:42
567617;A9644;ARES;VTCLOG - GRU;;SP;04/09/2026 19:57:00;Pendente de Retorno;SP;SAO PAULO;UNIVERSIDADE FEDERAL DE SAO PAULO;17/07/2026 08:46:23
20261395;A9122;ARES;VTCLOG RIO GALEAO;;RJ;04/09/2026 19:30:00;Pendente de Retorno;RJ;RIO DE JANEIRO;FUNDACAO OSWALDO CRUZ;27/07/2026 15:26:31
566534;A7038;ARES;PMW - MK BILLIG TRANSPORTES E LOGISTICA EIRELLI;;TO;04/09/2026 19:04:00;Pendente de Retorno;TO;Palmas;LABORATÓRIO DE SAÚDE PÚBLICA DE ARAGUAÍNA (LSPA);18/07/2026 07:58:07
567330;A6776;ARES;VTCLOG CNF - CONTAGEM;;MG;04/09/2026 18:50:08;Pendente de Retorno;MG;Ipatinga;HOSPITAL MARIO CUNHA - UNIDADE I;27/07/2026 16:48:59
566053;A0499;ARES;VTCLOG - REC;;PE;04/09/2026 18:45:00;Pendente de Retorno;PE;JABOATAO DOS GUARARAPES;ALMOXARIFADO ESTADUAL DE MEDICAMENTOS - PERNAMBUCO;24/07/2026 08:26:09
566053;A0640;ARES;VTCLOG - REC;;PE;04/09/2026 18:45:00;Pendente de Retorno;PE;JABOATAO DOS GUARARAPES;ALMOXARIFADO ESTADUAL DE MEDICAMENTOS - PERNAMBUCO;27/07/2026 15:22:15
566053;A0970;ARES;VTCLOG - REC;;PE;04/09/2026 18:45:00;Pendente de Retorno;PE;JABOATAO DOS GUARARAPES;ALMOXARIFADO ESTADUAL DE MEDICAMENTOS - PERNAMBUCO;22/07/2026 21:42:22
565098;A2065;ARES;VTCLOG - REC;;PE;04/09/2026 18:45:00;Pendente de Retorno;PE;JABOATAO DOS GUARARAPES;ALMOXARIFADO ESTADUAL DE MEDICAMENTOS - PERNAMBUCO;26/07/2026 22:24:22
566053;A2632;ARES;VTCLOG - REC;;PE;04/09/2026 18:45:00;Pendente de Retorno;PE;JABOATAO DOS GUARARAPES;ALMOXARIFADO ESTADUAL DE MEDICAMENTOS - PERNAMBUCO;09/07/2026 09:14:13
566053;A2922;ARES;VTCLOG - REC;;PE;04/09/2026 18:45:00;Pendente de Retorno;PE;JABOATAO DOS GUARARAPES;ALMOXARIFADO ESTADUAL DE MEDICAMENTOS - PERNAMBUCO;18/07/2026 10:12:11
566053;A2983;ARES;VTCLOG - REC;;PE;04/09/2026 18:45:00;Pendente de Retorno;PE;JABOATAO DOS GUARARAPES;ALMOXARIFADO ESTADUAL DE MEDICAMENTOS - PERNAMBUCO;26/07/2026 20:47:09
566053;A3706;ARES;VTCLOG - REC;;PE;04/09/2026 18:45:00;Pendente de Retorno;PE;JABOATAO DOS GUARARAPES;ALMOXARIFADO ESTADUAL DE MEDICAMENTOS - PERNAMBUCO;23/06/2026 17:10:08
566053;A3865;ARES;VTCLOG - REC;;PE;04/09/2026 18:45:00;Pendente de Retorno;PE;JABOATAO DOS GUARARAPES;ALMOXARIFADO ESTADUAL DE MEDICAMENTOS - PERNAMBUCO;21/07/2026 17:10:30
566053;A4165;ARES;VTCLOG - REC;;PE;04/09/2026 18:45:00;Pendente de Retorno;PE;JABOATAO DOS GUARARAPES;ALMOXARIFADO ESTADUAL DE MEDICAMENTOS - PERNAMBUCO;24/07/2026 08:25:29
566053;A4482;ARES;VTCLOG - REC;;PE;04/09/2026 18:45:00;Pendente de Retorno;PE;JABOATAO DOS GUARARAPES;ALMOXARIFADO ESTADUAL DE MEDICAMENTOS - PERNAMBUCO;23/07/2026 00:30:07
566053;A4897;ARES;VTCLOG - REC;;PE;04/09/2026 18:45:00;Retornado;PE;JABOATAO DOS GUARARAPES;ALMOXARIFADO ESTADUAL DE MEDICAMENTOS - PERNAMBUCO;19/09/2026 14:21:25
566053;A4996;ARES;VTCLOG - REC;;PE;04/09/2026 18:45:00;Pendente de Retorno;PE;JABOATAO DOS GUARARAPES;ALMOXARIFADO ESTADUAL DE MEDICAMENTOS - PERNAMBUCO;18/07/2026 10:13:49
566053;A5595;ARES;VTCLOG - REC;;PE;04/09/2026 18:45:00;Pendente de Retorno;PE;JABOATAO DOS GUARARAPES;ALMOXARIFADO ESTADUAL DE MEDICAMENTOS - PERNAMBUCO;24/07/2026 13:24:23
566053;A5701;ARES;VTCLOG - REC;;PE;04/09/2026 18:45:00;Pendente de Retorno;PE;JABOATAO DOS GUARARAPES;ALMOXARIFADO ESTADUAL DE MEDICAMENTOS - PERNAMBUCO;27/07/2026 15:25:18
566053;A5713;ARES;VTCLOG - REC;;PE;04/09/2026 18:45:00;Pendente de Retorno;PE;JABOATAO DOS GUARARAPES;ALMOXARIFADO ESTADUAL DE MEDICAMENTOS - PERNAMBUCO;20/06/2026 22:57:13
566053;A5759;ARES;VTCLOG - REC;;PE;04/09/2026 18:45:00;Pendente de Retorno;PE;JABOATAO DOS GUARARAPES;ALMOXARIFADO ESTADUAL DE MEDICAMENTOS - PERNAMBUCO;18/07/2026 07:59:07
566053;A6212;ARES;VTCLOG - REC;;PE;04/09/2026 18:45:00;Pendente de Retorno;PE;JABOATAO DOS GUARARAPES;ALMOXARIFADO ESTADUAL DE MEDICAMENTOS - PERNAMBUCO;20/07/2026 11:21:30
566053;A6611;ARES;VTCLOG - REC;;PE;04/09/2026 18:45:00;Pendente de Retorno;PE;JABOATAO DOS GUARARAPES;ALMOXARIFADO ESTADUAL DE MEDICAMENTOS - PERNAMBUCO;27/07/2026 15:20:51
566053;A6628;ARES;VTCLOG - REC;;PE;04/09/2026 18:45:00;Pendente de Retorno;PE;JABOATAO DOS GUARARAPES;ALMOXARIFADO ESTADUAL DE MEDICAMENTOS - PERNAMBUCO;24/07/2026 08:35:53
566053;A7466;ARES;VTCLOG - REC;;PE;04/09/2026 18:45:00;Pendente de Retorno;PE;JABOATAO DOS GUARARAPES;ALMOXARIFADO ESTADUAL DE MEDICAMENTOS - PERNAMBUCO;23/07/2026 07:43:55
566053;A7535;ARES;VTCLOG - REC;;PE;04/09/2026 18:45:00;Pendente de Retorno;PE;JABOATAO DOS GUARARAPES;ALMOXARIFADO ESTADUAL DE MEDICAMENTOS - PERNAMBUCO;22/07/2026 09:02:00
566053;A8569;ARES;VTCLOG - REC;;PE;04/09/2026 18:45:00;Pendente de Retorno;PE;JABOATAO DOS GUARARAPES;ALMOXARIFADO ESTADUAL DE MEDICAMENTOS - PERNAMBUCO;23/07/2026 21:13:18
566053;A8997;ARES;VTCLOG - REC;;PE;04/09/2026 18:45:00;Pendente de Retorno;PE;JABOATAO DOS GUARARAPES;ALMOXARIFADO ESTADUAL DE MEDICAMENTOS - PERNAMBUCO;22/07/2026 23:46:01
566053;A9003;ARES;VTCLOG - REC;;PE;04/09/2026 18:45:00;Pendente de Retorno;PE;JABOATAO DOS GUARARAPES;ALMOXARIFADO ESTADUAL DE MEDICAMENTOS - PERNAMBUCO;21/07/2026 17:23:12
566053;TA0456;ARES;VTCLOG - REC;;PE;04/09/2026 18:45:00;Pendente de Retorno;PE;JABOATAO DOS GUARARAPES;ALMOXARIFADO ESTADUAL DE MEDICAMENTOS - PERNAMBUCO;21/07/2026 17:45:18
566053;TA0676;ARES;VTCLOG - REC;;PE;04/09/2026 18:45:00;Pendente de Retorno;PE;JABOATAO DOS GUARARAPES;ALMOXARIFADO ESTADUAL DE MEDICAMENTOS - PERNAMBUCO;22/07/2026 08:56:23
566053;TA0997;ARES;VTCLOG - REC;;PE;04/09/2026 18:45:00;Pendente de Retorno;PE;JABOATAO DOS GUARARAPES;ALMOXARIFADO ESTADUAL DE MEDICAMENTOS - PERNAMBUCO;27/07/2026 15:23:36
566053;TA1154;ARES;VTCLOG - REC;;PE;04/09/2026 18:45:00;Pendente de Retorno;PE;JABOATAO DOS GUARARAPES;ALMOXARIFADO ESTADUAL DE MEDICAMENTOS - PERNAMBUCO;22/07/2026 21:43:50
566053;TA1219;ARES;VTCLOG - REC;;PE;04/09/2026 18:45:00;Pendente de Retorno;PE;JABOATAO DOS GUARARAPES;ALMOXARIFADO ESTADUAL DE MEDICAMENTOS - PERNAMBUCO;10/07/2026 16:53:46
566026;TA0592;ARES;NAT - CSM CARGO;;RN;04/09/2026 17:24:00;Pendente de Retorno;RN;Natal;ALMOXARIFADO ESTADUAL DE MEDICAMENTOS;18/07/2026 07:59:19
566026;TA0758;ARES;NAT - CSM CARGO;;RN;04/09/2026 17:24:00;Pendente de Retorno;RN;Natal;ALMOXARIFADO ESTADUAL DE MEDICAMENTOS;30/06/2026 07:23:47
566057;A2468;ARES;NAT - CSM CARGO;;RN;04/09/2026 17:21:00;Pendente de Retorno;RN;Natal;ALMOXARIFADO ESTADUAL DE MEDICAMENTOS;25/07/2026 22:21:07
566057;A2534;ARES;NAT - CSM CARGO;;RN;04/09/2026 17:21:00;Pendente de Retorno;RN;Natal;ALMOXARIFADO ESTADUAL DE MEDICAMENTOS;27/07/2026 12:32:07
566057;A2816;ARES;NAT - CSM CARGO;;RN;04/09/2026 17:21:00;Pendente de Retorno;RN;Natal;ALMOXARIFADO ESTADUAL DE MEDICAMENTOS;24/07/2026 08:33:30
566057;A3891;ARES;NAT - CSM CARGO;;RN;04/09/2026 17:21:00;Pendente de Retorno;RN;Natal;ALMOXARIFADO ESTADUAL DE MEDICAMENTOS;21/07/2026 17:23:22
566057;A4972;ARES;NAT - CSM CARGO;;RN;04/09/2026 17:21:00;Retornado;RN;Natal;ALMOXARIFADO ESTADUAL DE MEDICAMENTOS;15/09/2026 16:36:19
566057;A5095;ARES;NAT - CSM CARGO;;RN;04/09/2026 17:21:00;Pendente de Retorno;RN;Natal;ALMOXARIFADO ESTADUAL DE MEDICAMENTOS;16/07/2026 04:16:10
566057;A6113;ARES;NAT - CSM CARGO;;RN;04/09/2026 17:21:00;Pendente de Retorno;RN;Natal;ALMOXARIFADO ESTADUAL DE MEDICAMENTOS;28/07/2026 03:02:34
566057;A6696;ARES;NAT - CSM CARGO;;RN;04/09/2026 17:21:00;Pendente de Retorno;RN;Natal;ALMOXARIFADO ESTADUAL DE MEDICAMENTOS;26/07/2026 22:22:46
566057;A8070;ARES;NAT - CSM CARGO;;RN;04/09/2026 17:21:00;Pendente de Retorno;RN;Natal;ALMOXARIFADO ESTADUAL DE MEDICAMENTOS;18/07/2026 07:58:50
566057;A8605;ARES;NAT - CSM CARGO;;RN;04/09/2026 17:21:00;Pendente de Retorno;RN;Natal;ALMOXARIFADO ESTADUAL DE MEDICAMENTOS;26/07/2026 20:51:57
566057;A8629;ARES;NAT - CSM CARGO;;RN;04/09/2026 17:21:00;Pendente de Retorno;RN;Natal;ALMOXARIFADO ESTADUAL DE MEDICAMENTOS;17/07/2026 08:45:11
566057;A8956;ARES;NAT - CSM CARGO;;RN;04/09/2026 17:21:00;Pendente de Retorno;RN;Natal;ALMOXARIFADO ESTADUAL DE MEDICAMENTOS;20/07/2026 11:37:22
566057;A9076;ARES;NAT - CSM CARGO;;RN;04/09/2026 17:21:00;Pendente de Retorno;RN;Natal;ALMOXARIFADO ESTADUAL DE MEDICAMENTOS;10/07/2026 17:25:37
566057;A9085;ARES;NAT - CSM CARGO;;RN;04/09/2026 17:21:00;Pendente de Retorno;RN;Natal;ALMOXARIFADO ESTADUAL DE MEDICAMENTOS;27/07/2026 12:29:56
566057;A9573;ARES;NAT - CSM CARGO;;RN;04/09/2026 17:21:00;Pendente de Retorno;RN;Natal;ALMOXARIFADO ESTADUAL DE MEDICAMENTOS;27/07/2026 15:23:34
566057;A9710;ARES;NAT - CSM CARGO;;RN;04/09/2026 17:21:00;Pendente de Retorno;RN;Natal;ALMOXARIFADO ESTADUAL DE MEDICAMENTOS;18/07/2026 10:11:53
566057;TA0196;ARES;NAT - CSM CARGO;;RN;04/09/2026 17:21:00;Pendente de Retorno;RN;Natal;ALMOXARIFADO ESTADUAL DE MEDICAMENTOS;28/07/2026 03:04:38
566057;TA0202;ARES;NAT - CSM CARGO;;RN;04/09/2026 17:21:00;Pendente de Retorno;RN;Natal;ALMOXARIFADO ESTADUAL DE MEDICAMENTOS;14/07/2026 10:50:17
566057;TA0387;ARES;NAT - CSM CARGO;;RN;04/09/2026 17:21:00;Pendente de Retorno;RN;Natal;ALMOXARIFADO ESTADUAL DE MEDICAMENTOS;17/07/2026 17:06:56
566057;TA0568;ARES;NAT - CSM CARGO;;RN;04/09/2026 17:21:00;Pendente de Retorno;RN;Natal;ALMOXARIFADO ESTADUAL DE MEDICAMENTOS;23/06/2026 15:13:17
567136;A8052;ARES;PMW - MK BILLIG TRANSPORTES E LOGISTICA EIRELLI;;TO;04/09/2026 16:49:00;Pendente de Retorno;TO;Palmas;HOSPITAL GERAL DE PALMAS DR.FRANCISCO AYRES;10/07/2026 17:26:03
566260;A4329;ARES;MCP - A A CARVALHO ROCHA ME;;AP;04/09/2026 16:33:20;Retornado;AP;Macapa;COORDENAÇÃO ESTADUAL DST/AIDS - ALMOXARIFADO - AP;17/09/2026 16:29:15
566260;A6053;ARES;MCP - A A CARVALHO ROCHA ME;;AP;04/09/2026 16:33:20;Pendente de Retorno;AP;Macapa;COORDENAÇÃO ESTADUAL DST/AIDS - ALMOXARIFADO - AP;23/07/2026 21:12:36
566260;A9240;ARES;MCP - A A CARVALHO ROCHA ME;;AP;04/09/2026 16:33:20;Pendente de Retorno;AP;Macapa;COORDENAÇÃO ESTADUAL DST/AIDS - ALMOXARIFADO - AP;13/07/2026 08:24:11
567230;A3258;ARES;VTCLOG CNF - CONTAGEM;;MG;04/09/2026 16:22:51;Pendente de Retorno;MG;Belo Horizonte;HOSPITAL EDUARDO DE MENEZES;27/07/2026 12:31:52
567333;A7805;ARES;VTCLOG CNF - CONTAGEM;;MG;04/09/2026 16:16:14;Pendente de Retorno;MG;Itabira;HOSPITAL NOSSA SENHORA DAS DORES;27/07/2026 15:26:57
567231;A6492;ARES;VTCLOG CNF - CONTAGEM;;MG;04/09/2026 16:08:00;Pendente de Retorno;MG;Belo Horizonte;HOSPITAL EDUARDO DE MENEZES;27/07/2026 15:21:48
566054;A1604;ARES;THE - AERONEIVA EXPRESS;;PI;04/09/2026 16:00:00;Pendente de Retorno;PI;Teresina;PROGRAMA ESTADUAL DE IMUNIZAÇÕES - SES-PI;24/07/2026 08:26:19
566054;A1777;ARES;THE - AERONEIVA EXPRESS;;PI;04/09/2026 16:00:00;Retornado;PI;Teresina;PROGRAMA ESTADUAL DE IMUNIZAÇÕES - SES-PI;10/09/2026 13:48:18
566054;A1971;ARES;THE - AERONEIVA EXPRESS;;PI;04/09/2026 16:00:00;Pendente de Retorno;PI;Teresina;PROGRAMA ESTADUAL DE IMUNIZAÇÕES - SES-PI;21/07/2026 17:19:00
566054;A2192;ARES;THE - AERONEIVA EXPRESS;;PI;04/09/2026 16:00:00;Pendente de Retorno;PI;Teresina;PROGRAMA ESTADUAL DE IMUNIZAÇÕES - SES-PI;10/07/2026 17:25:25
566012;A2437;ARES;SSA - LUTY LOG;;BA;04/09/2026 16:00:00;Retornado;BA;Salvador;BAHIA SSA GABINETE DO SECRETARIO;21/09/2026 09:58:40
566054;A2564;ARES;THE - AERONEIVA EXPRESS;;PI;04/09/2026 16:00:00;Pendente de Retorno;PI;Teresina;PROGRAMA ESTADUAL DE IMUNIZAÇÕES - SES-PI;23/06/2026 10:26:16
566054;A2933;ARES;THE - AERONEIVA EXPRESS;;PI;04/09/2026 16:00:00;Pendente de Retorno;PI;Teresina;PROGRAMA ESTADUAL DE IMUNIZAÇÕES - SES-PI;21/07/2026 17:10:47
566916;A4356;ARES;BEL - MH FROTA TRANSPORTE;;PA;04/09/2026 16:00:00;Pendente de Retorno;PA;Belem;JACKSON LAUREIRO SANTANA;21/07/2026 09:40:50
566032;A4565;ARES;THE - AERONEIVA EXPRESS;;PI;04/09/2026 16:00:00;Pendente de Retorno;PI;Teresina;PROGRAMA ESTADUAL DE IMUNIZAÇÕES - SES-PI;10/07/2026 17:29:41
566012;A4603;ARES;SSA - LUTY LOG;;BA;04/09/2026 16:00:00;Pendente de Retorno;BA;Salvador;BAHIA SSA GABINETE DO SECRETARIO;21/07/2026 17:43:36
566054;A4616;ARES;THE - AERONEIVA EXPRESS;;PI;04/09/2026 16:00:00;Retornado;PI;Teresina;PROGRAMA ESTADUAL DE IMUNIZAÇÕES - SES-PI;10/09/2026 13:48:49
566054;A4654;ARES;THE - AERONEIVA EXPRESS;;PI;04/09/2026 16:00:00;Pendente de Retorno;PI;Teresina;PROGRAMA ESTADUAL DE IMUNIZAÇÕES - SES-PI;27/07/2026 10:29:44
566054;A4894;ARES;THE - AERONEIVA EXPRESS;;PI;04/09/2026 16:00:00;Pendente de Retorno;PI;Teresina;PROGRAMA ESTADUAL DE IMUNIZAÇÕES - SES-PI;14/07/2026 10:48:47
566032;A5845;ARES;THE - AERONEIVA EXPRESS;;PI;04/09/2026 16:00:00;Pendente de Retorno;PI;Teresina;PROGRAMA ESTADUAL DE IMUNIZAÇÕES - SES-PI;20/07/2026 09:50:49
566032;A6036;ARES;THE - AERONEIVA EXPRESS;;PI;04/09/2026 16:00:00;Pendente de Retorno;PI;Teresina;PROGRAMA ESTADUAL DE IMUNIZAÇÕES - SES-PI;01/07/2026 13:20:11
566054;A6248;ARES;THE - AERONEIVA EXPRESS;;PI;04/09/2026 16:00:00;Pendente de Retorno;PI;Teresina;PROGRAMA ESTADUAL DE IMUNIZAÇÕES - SES-PI;24/07/2026 08:37:32
566054;A6646;ARES;THE - AERONEIVA EXPRESS;;PI;04/09/2026 16:00:00;Pendente de Retorno;PI;Teresina;PROGRAMA ESTADUAL DE IMUNIZAÇÕES - SES-PI;17/07/2026 08:39:31
566054;A6768;ARES;THE - AERONEIVA EXPRESS;;PI;04/09/2026 16:00:00;Pendente de Retorno;PI;Teresina;PROGRAMA ESTADUAL DE IMUNIZAÇÕES - SES-PI;21/07/2026 17:44:54
566032;A7201;ARES;THE - AERONEIVA EXPRESS;;PI;04/09/2026 16:00:00;Pendente de Retorno;PI;Teresina;PROGRAMA ESTADUAL DE IMUNIZAÇÕES - SES-PI;30/06/2026 07:27:30
566054;A7261;ARES;THE - AERONEIVA EXPRESS;;PI;04/09/2026 16:00:00;Pendente de Retorno;PI;Teresina;PROGRAMA ESTADUAL DE IMUNIZAÇÕES - SES-PI;17/07/2026 08:28:54
566012;A8246;ARES;SSA - LUTY LOG;;BA;04/09/2026 16:00:00;Pendente de Retorno;BA;Salvador;BAHIA SSA GABINETE DO SECRETARIO;20/07/2026 11:23:01
566054;A8770;ARES;THE - AERONEIVA EXPRESS;;PI;04/09/2026 16:00:00;Pendente de Retorno;PI;Teresina;PROGRAMA ESTADUAL DE IMUNIZAÇÕES - SES-PI;30/06/2026 08:22:56
566012;A9517;ARES;SSA - LUTY LOG;;BA;04/09/2026 16:00:00;Pendente de Retorno;BA;Salvador;BAHIA SSA GABINETE DO SECRETARIO;24/07/2026 13:24:28
566054;TA0482;ARES;THE - AERONEIVA EXPRESS;;PI;04/09/2026 16:00:00;Pendente de Retorno;PI;Teresina;PROGRAMA ESTADUAL DE IMUNIZAÇÕES - SES-PI;21/07/2026 17:44:04
567228;A4293;ARES;VTCLOG - GRU;;SP;04/09/2026 15:59:00;Pendente de Retorno;SP;SAO PAULO;HOSPITAL DA MULHER;21/07/2026 09:42:05
566049;A3577;ARES;CGR - LH TRANSPORTES;;MS;04/09/2026 15:57:37;Pendente de Retorno;MS;Campo Grande;ALMOXARIFADO ESTADUAL DE MEDICAMENTOS;21/07/2026 17:47:40
566049;A4492;ARES;CGR - LH TRANSPORTES;;MS;04/09/2026 15:57:37;Pendente de Retorno;MS;Campo Grande;ALMOXARIFADO ESTADUAL DE MEDICAMENTOS;14/07/2026 14:43:01
566049;A5135;ARES;CGR - LH TRANSPORTES;;MS;04/09/2026 15:57:37;Retornado;MS;Campo Grande;ALMOXARIFADO ESTADUAL DE MEDICAMENTOS;11/09/2026 17:10:40
566049;A5751;ARES;CGR - LH TRANSPORTES;;MS;04/09/2026 15:57:37;Pendente de Retorno;MS;Campo Grande;ALMOXARIFADO ESTADUAL DE MEDICAMENTOS;22/07/2026 12:21:33
566049;A7995;ARES;CGR - LH TRANSPORTES;;MS;04/09/2026 15:57:37;Pendente de Retorno;MS;Campo Grande;ALMOXARIFADO ESTADUAL DE MEDICAMENTOS;30/06/2026 08:30:02
566049;A8253;ARES;CGR - LH TRANSPORTES;;MS;04/09/2026 15:57:37;Pendente de Retorno;MS;Campo Grande;ALMOXARIFADO ESTADUAL DE MEDICAMENTOS;10/07/2026 02:10:02
566049;A8820;ARES;CGR - LH TRANSPORTES;;MS;04/09/2026 15:57:37;Pendente de Retorno;MS;Campo Grande;ALMOXARIFADO ESTADUAL DE MEDICAMENTOS;21/07/2026 17:13:33
566049;A9258;ARES;CGR - LH TRANSPORTES;;MS;04/09/2026 15:57:37;Pendente de Retorno;MS;Campo Grande;ALMOXARIFADO ESTADUAL DE MEDICAMENTOS;04/07/2026 11:35:20
566049;A9611;ARES;CGR - LH TRANSPORTES;;MS;04/09/2026 15:57:37;Pendente de Retorno;MS;Campo Grande;ALMOXARIFADO ESTADUAL DE MEDICAMENTOS;17/07/2026 14:09:57
566049;TA1172;ARES;CGR - LH TRANSPORTES;;MS;04/09/2026 15:57:37;Pendente de Retorno;MS;Campo Grande;ALMOXARIFADO ESTADUAL DE MEDICAMENTOS;10/07/2026 13:13:49
566049;TA1195;ARES;CGR - LH TRANSPORTES;;MS;04/09/2026 15:57:37;Pendente de Retorno;MS;Campo Grande;ALMOXARIFADO ESTADUAL DE MEDICAMENTOS;02/07/2026 16:16:01
567556;A0403;ARES;VTCLOG CNF - CONTAGEM;;MG;04/09/2026 15:54:08;Pendente de Retorno;MG;Contagem;HEMOCENTRO COORDENADOR DE MINAS GERAIS - ALMOXARIF;27/07/2026 12:29:46
567556;A0480;ARES;VTCLOG CNF - CONTAGEM;;MG;04/09/2026 15:54:08;Pendente de Retorno;MG;Contagem;HEMOCENTRO COORDENADOR DE MINAS GERAIS - ALMOXARIF;20/07/2026 09:50:19
567556;A3382;ARES;VTCLOG CNF - CONTAGEM;;MG;04/09/2026 15:54:08;Pendente de Retorno;MG;Contagem;HEMOCENTRO COORDENADOR DE MINAS GERAIS - ALMOXARIF;23/07/2026 20:47:15
567556;A5727;ARES;VTCLOG CNF - CONTAGEM;;MG;04/09/2026 15:54:08;Pendente de Retorno;MG;Contagem;HEMOCENTRO COORDENADOR DE MINAS GERAIS - ALMOXARIF;24/07/2026 15:28:37
567556;A8307;ARES;VTCLOG CNF - CONTAGEM;;MG;04/09/2026 15:54:08;Pendente de Retorno;MG;Contagem;HEMOCENTRO COORDENADOR DE MINAS GERAIS - ALMOXARIF;20/07/2026 15:10:16
567556;A9410;ARES;VTCLOG CNF - CONTAGEM;;MG;04/09/2026 15:54:08;Pendente de Retorno;MG;Contagem;HEMOCENTRO COORDENADOR DE MINAS GERAIS - ALMOXARIF;18/07/2026 10:12:13
567556;TA0129;ARES;VTCLOG CNF - CONTAGEM;;MG;04/09/2026 15:54:08;Retornado;MG;Contagem;HEMOCENTRO COORDENADOR DE MINAS GERAIS - ALMOXARIF;17/09/2026 17:20:00
566204;A5391;ARES;VTCLOG - BSB;;DF;04/09/2026 15:32:34;Pendente de Retorno;DF;BRASILIA;REGINALDO REZENDE DA SILVA;21/07/2026 17:27:58
563186;A4174;ARES;SSA - LUTY LOG;;BA;04/09/2026 15:26:44;Pendente de Retorno;BA;Salvador;HEMOCENTRO COORDENADOR DA BAHIA;27/07/2026 15:33:25
563186;A5033;ARES;SSA - LUTY LOG;;BA;04/09/2026 15:26:44;Pendente de Retorno;BA;Salvador;HEMOCENTRO COORDENADOR DA BAHIA;20/07/2026 11:36:07
563186;A5231;ARES;SSA - LUTY LOG;;BA;04/09/2026 15:26:44;Pendente de Retorno;BA;Salvador;HEMOCENTRO COORDENADOR DA BAHIA;20/06/2026 10:57:34
563186;A6499;ARES;SSA - LUTY LOG;;BA;04/09/2026 15:26:44;Pendente de Retorno;BA;Salvador;HEMOCENTRO COORDENADOR DA BAHIA;27/07/2026 15:21:45
563186;A7095;ARES;SSA - LUTY LOG;;BA;04/09/2026 15:26:44;Pendente de Retorno;BA;Salvador;HEMOCENTRO COORDENADOR DA BAHIA;17/07/2026 15:31:49
563186;A7234;ARES;SSA - LUTY LOG;;BA;04/09/2026 15:26:44;Pendente de Retorno;BA;Salvador;HEMOCENTRO COORDENADOR DA BAHIA;21/07/2026 17:13:32
563186;A7421;ARES;SSA - LUTY LOG;;BA;04/09/2026 15:26:44;Pendente de Retorno;BA;Salvador;HEMOCENTRO COORDENADOR DA BAHIA;14/07/2026 17:04:42
563186;A7864;ARES;SSA - LUTY LOG;;BA;04/09/2026 15:26:44;Pendente de Retorno;BA;Salvador;HEMOCENTRO COORDENADOR DA BAHIA;27/07/2026 00:16:57
563186;A8485;ARES;SSA - LUTY LOG;;BA;04/09/2026 15:26:44;Pendente de Retorno;BA;Salvador;HEMOCENTRO COORDENADOR DA BAHIA;10/07/2026 17:21:50
563186;A9128;ARES;SSA - LUTY LOG;;BA;04/09/2026 15:26:44;Pendente de Retorno;BA;Salvador;HEMOCENTRO COORDENADOR DA BAHIA;17/07/2026 15:33:13
563186;A9292;ARES;SSA - LUTY LOG;;BA;04/09/2026 15:26:44;Pendente de Retorno;BA;Salvador;HEMOCENTRO COORDENADOR DA BAHIA;14/07/2026 17:24:57
563186;TA0193;ARES;SSA - LUTY LOG;;BA;04/09/2026 15:26:44;Retornado;BA;Salvador;HEMOCENTRO COORDENADOR DA BAHIA;21/09/2026 16:47:44
563186;TA0197;ARES;SSA - LUTY LOG;;BA;04/09/2026 15:26:44;Pendente de Retorno;BA;Salvador;HEMOCENTRO COORDENADOR DA BAHIA;21/07/2026 09:44:06
563186;TA0353;ARES;SSA - LUTY LOG;;BA;04/09/2026 15:26:44;Pendente de Retorno;BA;Salvador;HEMOCENTRO COORDENADOR DA BAHIA;27/07/2026 15:25:15
566028;A2672;ARES;CGR - LH TRANSPORTES;;MS;04/09/2026 15:17:59;Pendente de Retorno;MS;Campo Grande;ALMOXARIFADO ESTADUAL DE MEDICAMENTOS;13/07/2026 02:21:25
564717;0741700033;ARES;MAO- GR TRANSPORTES E LOGISTICA MULTIMODAL;;AM;04/09/2026 15:10:00;Retornado;AM;Manaus;SECRETARIA MUNICIPAL DE SAÚDE DE MANAUS;21/09/2026 13:37:31
564717;0741700047;ARES;MAO- GR TRANSPORTES E LOGISTICA MULTIMODAL;;AM;04/09/2026 15:10:00;Retornado;AM;Manaus;SECRETARIA MUNICIPAL DE SAÚDE DE MANAUS;18/09/2026 12:52:59
564717;0741700068;ARES;MAO- GR TRANSPORTES E LOGISTICA MULTIMODAL;;AM;04/09/2026 15:10:00;Retornado;AM;Manaus;SECRETARIA MUNICIPAL DE SAÚDE DE MANAUS;21/09/2026 13:39:12
564717;0741700146;ARES;MAO- GR TRANSPORTES E LOGISTICA MULTIMODAL;;AM;04/09/2026 15:10:00;Retornado;AM;Manaus;SECRETARIA MUNICIPAL DE SAÚDE DE MANAUS;18/09/2026 10:47:20
564717;0741700394;ARES;MAO- GR TRANSPORTES E LOGISTICA MULTIMODAL;;AM;04/09/2026 15:10:00;Retornado;AM;Manaus;SECRETARIA MUNICIPAL DE SAÚDE DE MANAUS;21/09/2026 15:40:00
564717;0741700640;ARES;MAO- GR TRANSPORTES E LOGISTICA MULTIMODAL;;AM;04/09/2026 15:10:00;Retornado;AM;Manaus;SECRETARIA MUNICIPAL DE SAÚDE DE MANAUS;21/09/2026 12:58:34
564717;0741700654;ARES;MAO- GR TRANSPORTES E LOGISTICA MULTIMODAL;;AM;04/09/2026 15:10:00;Retornado;AM;Manaus;SECRETARIA MUNICIPAL DE SAÚDE DE MANAUS;21/09/2026 11:56:02
564717;0741700656;ARES;MAO- GR TRANSPORTES E LOGISTICA MULTIMODAL;;AM;04/09/2026 15:10:00;Retornado;AM;Manaus;SECRETARIA MUNICIPAL DE SAÚDE DE MANAUS;18/09/2026 11:47:36
564717;0741700665;ARES;MAO- GR TRANSPORTES E LOGISTICA MULTIMODAL;;AM;04/09/2026 15:10:00;Retornado;AM;Manaus;SECRETARIA MUNICIPAL DE SAÚDE DE MANAUS;19/09/2026 08:42:10
564717;0741700707;ARES;MAO- GR TRANSPORTES E LOGISTICA MULTIMODAL;;AM;04/09/2026 15:10:00;Retornado;AM;Manaus;SECRETARIA MUNICIPAL DE SAÚDE DE MANAUS;18/09/2026 16:00:00
564717;0741700720;ARES;MAO- GR TRANSPORTES E LOGISTICA MULTIMODAL;;AM;04/09/2026 15:10:00;Retornado;AM;Manaus;SECRETARIA MUNICIPAL DE SAÚDE DE MANAUS;21/09/2026 12:57:50
564717;0741700739;ARES;MAO- GR TRANSPORTES E LOGISTICA MULTIMODAL;;AM;04/09/2026 15:10:00;Retornado;AM;Manaus;SECRETARIA MUNICIPAL DE SAÚDE DE MANAUS;21/09/2026 00:03:04
564717;0741700894;ARES;MAO- GR TRANSPORTES E LOGISTICA MULTIMODAL;;AM;04/09/2026 15:10:00;Retornado;AM;Manaus;SECRETARIA MUNICIPAL DE SAÚDE DE MANAUS;21/09/2026 12:58:03
564717;0741700913;ARES;MAO- GR TRANSPORTES E LOGISTICA MULTIMODAL;;AM;04/09/2026 15:10:00;Retornado;AM;Manaus;SECRETARIA MUNICIPAL DE SAÚDE DE MANAUS;21/09/2026 13:02:41
564717;0741700952;ARES;MAO- GR TRANSPORTES E LOGISTICA MULTIMODAL;;AM;04/09/2026 15:10:00;Retornado;AM;Manaus;SECRETARIA MUNICIPAL DE SAÚDE DE MANAUS;21/09/2026 12:59:49
564717;A0102;ARES;MAO- GR TRANSPORTES E LOGISTICA MULTIMODAL;;AM;04/09/2026 15:10:00;Pendente de Retorno;AM;Manaus;SECRETARIA MUNICIPAL DE SAÚDE DE MANAUS;30/06/2026 08:34:25
564717;A0667;ARES;MAO- GR TRANSPORTES E LOGISTICA MULTIMODAL;;AM;04/09/2026 15:10:00;Pendente de Retorno;AM;Manaus;SECRETARIA MUNICIPAL DE SAÚDE DE MANAUS;21/07/2026 17:18:59
564717;A1100;ARES;MAO- GR TRANSPORTES E LOGISTICA MULTIMODAL;;AM;04/09/2026 15:10:00;Pendente de Retorno;AM;Manaus;SECRETARIA MUNICIPAL DE SAÚDE DE MANAUS;23/06/2026 09:05:02
564717;A1236;ARES;MAO- GR TRANSPORTES E LOGISTICA MULTIMODAL;;AM;04/09/2026 15:10:00;Pendente de Retorno;AM;Manaus;SECRETARIA MUNICIPAL DE SAÚDE DE MANAUS;14/07/2026 17:26:26
564717;A1723;ARES;MAO- GR TRANSPORTES E LOGISTICA MULTIMODAL;;AM;04/09/2026 15:10:00;Pendente de Retorno;AM;Manaus;SECRETARIA MUNICIPAL DE SAÚDE DE MANAUS;16/07/2026 09:07:37
564717;A2034;ARES;MAO- GR TRANSPORTES E LOGISTICA MULTIMODAL;;AM;04/09/2026 15:10:00;Retornado;AM;Manaus;SECRETARIA MUNICIPAL DE SAÚDE DE MANAUS;21/09/2026 13:01:03
564717;A2077;ARES;MAO- GR TRANSPORTES E LOGISTICA MULTIMODAL;;AM;04/09/2026 15:10:00;Pendente de Retorno;AM;Manaus;SECRETARIA MUNICIPAL DE SAÚDE DE MANAUS;14/07/2026 17:27:27
564717;A2149;ARES;MAO- GR TRANSPORTES E LOGISTICA MULTIMODAL;;AM;04/09/2026 15:10:00;Pendente de Retorno;AM;Manaus;SECRETARIA MUNICIPAL DE SAÚDE DE MANAUS;24/07/2026 08:30:18
564717;A2214;ARES;MAO- GR TRANSPORTES E LOGISTICA MULTIMODAL;;AM;04/09/2026 15:10:00;Pendente de Retorno;AM;Manaus;SECRETARIA MUNICIPAL DE SAÚDE DE MANAUS;17/07/2026 15:28:56
564717;A2321;ARES;MAO- GR TRANSPORTES E LOGISTICA MULTIMODAL;;AM;04/09/2026 15:10:00;Pendente de Retorno;AM;Manaus;SECRETARIA MUNICIPAL DE SAÚDE DE MANAUS;13/07/2026 16:37:50
564717;A2614;ARES;MAO- GR TRANSPORTES E LOGISTICA MULTIMODAL;;AM;04/09/2026 15:10:00;Pendente de Retorno;AM;Manaus;SECRETARIA MUNICIPAL DE SAÚDE DE MANAUS;22/07/2026 23:48:40
564717;A2753;ARES;MAO- GR TRANSPORTES E LOGISTICA MULTIMODAL;;AM;04/09/2026 15:10:00;Pendente de Retorno;AM;Manaus;SECRETARIA MUNICIPAL DE SAÚDE DE MANAUS;09/07/2026 16:02:04
564717;A2833;ARES;MAO- GR TRANSPORTES E LOGISTICA MULTIMODAL;;AM;04/09/2026 15:10:00;Pendente de Retorno;AM;Manaus;SECRETARIA MUNICIPAL DE SAÚDE DE MANAUS;09/07/2026 15:31:44
564717;A2988;ARES;MAO- GR TRANSPORTES E LOGISTICA MULTIMODAL;;AM;04/09/2026 15:10:00;Pendente de Retorno;AM;Manaus;SECRETARIA MUNICIPAL DE SAÚDE DE MANAUS;17/07/2026 07:32:40
564717;A3065;ARES;MAO- GR TRANSPORTES E LOGISTICA MULTIMODAL;;AM;04/09/2026 15:10:00;Pendente de Retorno;AM;Manaus;SECRETARIA MUNICIPAL DE SAÚDE DE MANAUS;17/07/2026 07:31:18
564717;A3195;ARES;MAO- GR TRANSPORTES E LOGISTICA MULTIMODAL;;AM;04/09/2026 15:10:00;Pendente de Retorno;AM;Manaus;SECRETARIA MUNICIPAL DE SAÚDE DE MANAUS;17/07/2026 07:39:06
564717;A3505;ARES;MAO- GR TRANSPORTES E LOGISTICA MULTIMODAL;;AM;04/09/2026 15:10:00;Pendente de Retorno;AM;Manaus;SECRETARIA MUNICIPAL DE SAÚDE DE MANAUS;21/07/2026 17:45:29
564717;A3565;ARES;MAO- GR TRANSPORTES E LOGISTICA MULTIMODAL;;AM;04/09/2026 15:10:00;Pendente de Retorno;AM;Manaus;SECRETARIA MUNICIPAL DE SAÚDE DE MANAUS;25/07/2026 21:26:45
564717;A3689;ARES;MAO- GR TRANSPORTES E LOGISTICA MULTIMODAL;;AM;04/09/2026 15:10:00;Pendente de Retorno;AM;Manaus;SECRETARIA MUNICIPAL DE SAÚDE DE MANAUS;21/07/2026 17:45:42
564717;A3709;ARES;MAO- GR TRANSPORTES E LOGISTICA MULTIMODAL;;AM;04/09/2026 15:10:00;Pendente de Retorno;AM;Manaus;SECRETARIA MUNICIPAL DE SAÚDE DE MANAUS;27/07/2026 12:29:32
564717;A3766;ARES;MAO- GR TRANSPORTES E LOGISTICA MULTIMODAL;;AM;04/09/2026 15:10:00;Pendente de Retorno;AM;Manaus;SECRETARIA MUNICIPAL DE SAÚDE DE MANAUS;25/07/2026 21:24:31
564717;A3871;ARES;MAO- GR TRANSPORTES E LOGISTICA MULTIMODAL;;AM;04/09/2026 15:10:00;Pendente de Retorno;AM;Manaus;SECRETARIA MUNICIPAL DE SAÚDE DE MANAUS;20/07/2026 09:50:36
564717;A3911;ARES;MAO- GR TRANSPORTES E LOGISTICA MULTIMODAL;;AM;04/09/2026 15:10:00;Pendente de Retorno;AM;Manaus;SECRETARIA MUNICIPAL DE SAÚDE DE MANAUS;26/07/2026 22:22:33
564717;A3921;ARES;MAO- GR TRANSPORTES E LOGISTICA MULTIMODAL;;AM;04/09/2026 15:10:00;Pendente de Retorno;AM;Manaus;SECRETARIA MUNICIPAL DE SAÚDE DE MANAUS;26/06/2026 07:48:32
564717;A4058;ARES;MAO- GR TRANSPORTES E LOGISTICA MULTIMODAL;;AM;04/09/2026 15:10:00;Pendente de Retorno;AM;Manaus;SECRETARIA MUNICIPAL DE SAÚDE DE MANAUS;18/07/2026 11:46:14
564717;A4117;ARES;MAO- GR TRANSPORTES E LOGISTICA MULTIMODAL;;AM;04/09/2026 15:10:00;Pendente de Retorno;AM;Manaus;SECRETARIA MUNICIPAL DE SAÚDE DE MANAUS;21/07/2026 17:47:30
564717;A4188;ARES;MAO- GR TRANSPORTES E LOGISTICA MULTIMODAL;;AM;04/09/2026 15:10:00;Pendente de Retorno;AM;Manaus;SECRETARIA MUNICIPAL DE SAÚDE DE MANAUS;20/07/2026 15:11:06
564717;A4204;ARES;MAO- GR TRANSPORTES E LOGISTICA MULTIMODAL;;AM;04/09/2026 15:10:00;Pendente de Retorno;AM;Manaus;SECRETARIA MUNICIPAL DE SAÚDE DE MANAUS;28/05/2026 17:56:58
564717;A4327;ARES;MAO- GR TRANSPORTES E LOGISTICA MULTIMODAL;;AM;04/09/2026 15:10:00;Pendente de Retorno;AM;Manaus;SECRETARIA MUNICIPAL DE SAÚDE DE MANAUS;26/07/2026 20:48:34
564717;A4618;ARES;MAO- GR TRANSPORTES E LOGISTICA MULTIMODAL;;AM;04/09/2026 15:10:00;Pendente de Retorno;AM;Manaus;SECRETARIA MUNICIPAL DE SAÚDE DE MANAUS;25/07/2026 21:24:55
564717;A4676;ARES;MAO- GR TRANSPORTES E LOGISTICA MULTIMODAL;;AM;04/09/2026 15:10:00;Pendente de Retorno;AM;Manaus;SECRETARIA MUNICIPAL DE SAÚDE DE MANAUS;22/07/2026 08:59:12
564717;A4768;ARES;MAO- GR TRANSPORTES E LOGISTICA MULTIMODAL;;AM;04/09/2026 15:10:00;Pendente de Retorno;AM;Manaus;SECRETARIA MUNICIPAL DE SAÚDE DE MANAUS;09/07/2026 22:14:57
564717;A4784;ARES;MAO- GR TRANSPORTES E LOGISTICA MULTIMODAL;;AM;04/09/2026 15:10:00;Pendente de Retorno;AM;Manaus;SECRETARIA MUNICIPAL DE SAÚDE DE MANAUS;23/07/2026 21:11:17
564717;A4841;ARES;MAO- GR TRANSPORTES E LOGISTICA MULTIMODAL;;AM;04/09/2026 15:10:00;Pendente de Retorno;AM;Manaus;SECRETARIA MUNICIPAL DE SAÚDE DE MANAUS;13/07/2026 08:40:45
564717;A4985;ARES;MAO- GR TRANSPORTES E LOGISTICA MULTIMODAL;;AM;04/09/2026 15:10:00;Pendente de Retorno;AM;Manaus;SECRETARIA MUNICIPAL DE SAÚDE DE MANAUS;24/07/2026 13:23:28
564717;A5160;ARES;MAO- GR TRANSPORTES E LOGISTICA MULTIMODAL;;AM;04/09/2026 15:10:00;Pendente de Retorno;AM;Manaus;SECRETARIA MUNICIPAL DE SAÚDE DE MANAUS;22/07/2026 21:42:38
564717;A5366;ARES;MAO- GR TRANSPORTES E LOGISTICA MULTIMODAL;;AM;04/09/2026 15:10:00;Pendente de Retorno;AM;Manaus;SECRETARIA MUNICIPAL DE SAÚDE DE MANAUS;10/07/2026 17:17:07
564717;A5615;ARES;MAO- GR TRANSPORTES E LOGISTICA MULTIMODAL;;AM;04/09/2026 15:10:00;Pendente de Retorno;AM;Manaus;SECRETARIA MUNICIPAL DE SAÚDE DE MANAUS;18/07/2026 07:58:19
564717;A5748;ARES;MAO- GR TRANSPORTES E LOGISTICA MULTIMODAL;;AM;04/09/2026 15:10:00;Pendente de Retorno;AM;Manaus;SECRETARIA MUNICIPAL DE SAÚDE DE MANAUS;13/07/2026 16:39:42
564717;A5794;ARES;MAO- GR TRANSPORTES E LOGISTICA MULTIMODAL;;AM;04/09/2026 15:10:00;Pendente de Retorno;AM;Manaus;SECRETARIA MUNICIPAL DE SAÚDE DE MANAUS;14/07/2026 17:04:37
564717;A5883;ARES;MAO- GR TRANSPORTES E LOGISTICA MULTIMODAL;;AM;04/09/2026 15:10:00;Pendente de Retorno;AM;Manaus;SECRETARIA MUNICIPAL DE SAÚDE DE MANAUS;14/07/2026 17:28:59
564717;A5944;ARES;MAO- GR TRANSPORTES E LOGISTICA MULTIMODAL;;AM;04/09/2026 15:10:00;Pendente de Retorno;AM;Manaus;SECRETARIA MUNICIPAL DE SAÚDE DE MANAUS;10/07/2026 17:22:57
564717;A5963;ARES;MAO- GR TRANSPORTES E LOGISTICA MULTIMODAL;;AM;04/09/2026 15:10:00;Pendente de Retorno;AM;Manaus;SECRETARIA MUNICIPAL DE SAÚDE DE MANAUS;24/07/2026 15:22:44
564717;A6246;ARES;MAO- GR TRANSPORTES E LOGISTICA MULTIMODAL;;AM;04/09/2026 15:10:00;Pendente de Retorno;AM;Manaus;SECRETARIA MUNICIPAL DE SAÚDE DE MANAUS;23/07/2026 00:29:55
564717;A6278;ARES;MAO- GR TRANSPORTES E LOGISTICA MULTIMODAL;;AM;04/09/2026 15:10:00;Pendente de Retorno;AM;Manaus;SECRETARIA MUNICIPAL DE SAÚDE DE MANAUS;09/07/2026 16:01:01
564717;A6359;ARES;MAO- GR TRANSPORTES E LOGISTICA MULTIMODAL;;AM;04/09/2026 15:10:00;Pendente de Retorno;AM;Manaus;SECRETARIA MUNICIPAL DE SAÚDE DE MANAUS;27/07/2026 10:02:54
564717;A6526;ARES;MAO- GR TRANSPORTES E LOGISTICA MULTIMODAL;;AM;04/09/2026 15:10:00;Pendente de Retorno;AM;Manaus;SECRETARIA MUNICIPAL DE SAÚDE DE MANAUS;08/07/2026 23:28:45
564717;A6538;ARES;MAO- GR TRANSPORTES E LOGISTICA MULTIMODAL;;AM;04/09/2026 15:10:00;Pendente de Retorno;AM;Manaus;SECRETARIA MUNICIPAL DE SAÚDE DE MANAUS;23/07/2026 08:39:42
564717;A6548;ARES;MAO- GR TRANSPORTES E LOGISTICA MULTIMODAL;;AM;04/09/2026 15:10:00;Pendente de Retorno;AM;Manaus;SECRETARIA MUNICIPAL DE SAÚDE DE MANAUS;27/07/2026 10:29:34
564717;A6635;ARES;MAO- GR TRANSPORTES E LOGISTICA MULTIMODAL;;AM;04/09/2026 15:10:00;Pendente de Retorno;AM;Manaus;SECRETARIA MUNICIPAL DE SAÚDE DE MANAUS;18/07/2026 10:15:00
564717;A6774;ARES;MAO- GR TRANSPORTES E LOGISTICA MULTIMODAL;;AM;04/09/2026 15:10:00;Pendente de Retorno;AM;Manaus;SECRETARIA MUNICIPAL DE SAÚDE DE MANAUS;26/07/2026 20:52:01
564717;A6861;ARES;MAO- GR TRANSPORTES E LOGISTICA MULTIMODAL;;AM;04/09/2026 15:10:00;Pendente de Retorno;AM;Manaus;SECRETARIA MUNICIPAL DE SAÚDE DE MANAUS;17/07/2026 08:21:42
564717;A6903;ARES;MAO- GR TRANSPORTES E LOGISTICA MULTIMODAL;;AM;04/09/2026 15:10:00;Pendente de Retorno;AM;Manaus;SECRETARIA MUNICIPAL DE SAÚDE DE MANAUS;25/07/2026 12:08:01
564717;A7054;ARES;MAO- GR TRANSPORTES E LOGISTICA MULTIMODAL;;AM;04/09/2026 15:10:00;Pendente de Retorno;AM;Manaus;SECRETARIA MUNICIPAL DE SAÚDE DE MANAUS;18/07/2026 10:19:21
564717;A7188;ARES;MAO- GR TRANSPORTES E LOGISTICA MULTIMODAL;;AM;04/09/2026 15:10:00;Pendente de Retorno;AM;Manaus;SECRETARIA MUNICIPAL DE SAÚDE DE MANAUS;30/06/2026 08:22:29
564717;A7237;ARES;MAO- GR TRANSPORTES E LOGISTICA MULTIMODAL;;AM;04/09/2026 15:10:00;Pendente de Retorno;AM;Manaus;SECRETARIA MUNICIPAL DE SAÚDE DE MANAUS;21/07/2026 17:27:56
564717;A7516;ARES;MAO- GR TRANSPORTES E LOGISTICA MULTIMODAL;;AM;04/09/2026 15:10:00;Pendente de Retorno;AM;Manaus;SECRETARIA MUNICIPAL DE SAÚDE DE MANAUS;08/07/2026 23:33:45
564717;A7517;ARES;MAO- GR TRANSPORTES E LOGISTICA MULTIMODAL;;AM;04/09/2026 15:10:00;Pendente de Retorno;AM;Manaus;SECRETARIA MUNICIPAL DE SAÚDE DE MANAUS;24/07/2026 08:23:17
564717;A7656;ARES;MAO- GR TRANSPORTES E LOGISTICA MULTIMODAL;;AM;04/09/2026 15:10:00;Pendente de Retorno;AM;Manaus;SECRETARIA MUNICIPAL DE SAÚDE DE MANAUS;21/07/2026 17:19:32
564717;A7762;ARES;MAO- GR TRANSPORTES E LOGISTICA MULTIMODAL;;AM;04/09/2026 15:10:00;Pendente de Retorno;AM;Manaus;SECRETARIA MUNICIPAL DE SAÚDE DE MANAUS;30/06/2026 08:27:36
564717;A8005;ARES;MAO- GR TRANSPORTES E LOGISTICA MULTIMODAL;;AM;04/09/2026 15:10:00;Pendente de Retorno;AM;Manaus;SECRETARIA MUNICIPAL DE SAÚDE DE MANAUS;17/07/2026 07:39:43
564717;A8102;ARES;MAO- GR TRANSPORTES E LOGISTICA MULTIMODAL;;AM;04/09/2026 15:10:00;Pendente de Retorno;AM;Manaus;SECRETARIA MUNICIPAL DE SAÚDE DE MANAUS;22/07/2026 23:45:15
564717;A8150;ARES;MAO- GR TRANSPORTES E LOGISTICA MULTIMODAL;;AM;04/09/2026 15:10:00;Pendente de Retorno;AM;Manaus;SECRETARIA MUNICIPAL DE SAÚDE DE MANAUS;20/07/2026 11:34:45
564717;A8171;ARES;MAO- GR TRANSPORTES E LOGISTICA MULTIMODAL;;AM;04/09/2026 15:10:00;Pendente de Retorno;AM;Manaus;SECRETARIA MUNICIPAL DE SAÚDE DE MANAUS;23/06/2026 08:06:07
564717;A8289;ARES;MAO- GR TRANSPORTES E LOGISTICA MULTIMODAL;;AM;04/09/2026 15:10:00;Pendente de Retorno;AM;Manaus;SECRETARIA MUNICIPAL DE SAÚDE DE MANAUS;20/07/2026 11:35:52
564717;A8442;ARES;MAO- GR TRANSPORTES E LOGISTICA MULTIMODAL;;AM;04/09/2026 15:10:00;Pendente de Retorno;AM;Manaus;SECRETARIA MUNICIPAL DE SAÚDE DE MANAUS;21/07/2026 17:27:08
564717;A8455;ARES;MAO- GR TRANSPORTES E LOGISTICA MULTIMODAL;;AM;04/09/2026 15:10:00;Pendente de Retorno;AM;Manaus;SECRETARIA MUNICIPAL DE SAÚDE DE MANAUS;22/07/2026 08:57:06
564717;A8484;ARES;MAO- GR TRANSPORTES E LOGISTICA MULTIMODAL;;AM;04/09/2026 15:10:00;Pendente de Retorno;AM;Manaus;SECRETARIA MUNICIPAL DE SAÚDE DE MANAUS;23/06/2026 15:13:32
564717;A8486;ARES;MAO- GR TRANSPORTES E LOGISTICA MULTIMODAL;;AM;04/09/2026 15:10:00;Pendente de Retorno;AM;Manaus;SECRETARIA MUNICIPAL DE SAÚDE DE MANAUS;09/07/2026 08:57:30
564717;A8508;ARES;MAO- GR TRANSPORTES E LOGISTICA MULTIMODAL;;AM;04/09/2026 15:10:00;Pendente de Retorno;AM;Manaus;SECRETARIA MUNICIPAL DE SAÚDE DE MANAUS;18/07/2026 07:59:35
564717;A8534;ARES;MAO- GR TRANSPORTES E LOGISTICA MULTIMODAL;;AM;04/09/2026 15:10:00;Pendente de Retorno;AM;Manaus;SECRETARIA MUNICIPAL DE SAÚDE DE MANAUS;23/07/2026 20:43:31
564717;A8535;ARES;MAO- GR TRANSPORTES E LOGISTICA MULTIMODAL;;AM;04/09/2026 15:10:00;Pendente de Retorno;AM;Manaus;SECRETARIA MUNICIPAL DE SAÚDE DE MANAUS;27/07/2026 12:29:25
564717;A8640;ARES;MAO- GR TRANSPORTES E LOGISTICA MULTIMODAL;;AM;04/09/2026 15:10:00;Pendente de Retorno;AM;Manaus;SECRETARIA MUNICIPAL DE SAÚDE DE MANAUS;09/07/2026 16:02:58
564717;A8694;ARES;MAO- GR TRANSPORTES E LOGISTICA MULTIMODAL;;AM;04/09/2026 15:10:00;Retornado;AM;Manaus;SECRETARIA MUNICIPAL DE SAÚDE DE MANAUS;21/09/2026 13:40:40
564717;A8750;ARES;MAO- GR TRANSPORTES E LOGISTICA MULTIMODAL;;AM;04/09/2026 15:10:00;Pendente de Retorno;AM;Manaus;SECRETARIA MUNICIPAL DE SAÚDE DE MANAUS;26/07/2026 20:46:23
564717;A8902;ARES;MAO- GR TRANSPORTES E LOGISTICA MULTIMODAL;;AM;04/09/2026 15:10:00;Retornado;AM;Manaus;SECRETARIA MUNICIPAL DE SAÚDE DE MANAUS;21/09/2026 08:50:38
564717;A8945;ARES;MAO- GR TRANSPORTES E LOGISTICA MULTIMODAL;;AM;04/09/2026 15:10:00;Pendente de Retorno;AM;Manaus;SECRETARIA MUNICIPAL DE SAÚDE DE MANAUS;27/07/2026 00:19:50
564717;A9158;ARES;MAO- GR TRANSPORTES E LOGISTICA MULTIMODAL;;AM;04/09/2026 15:10:00;Pendente de Retorno;AM;Manaus;SECRETARIA MUNICIPAL DE SAÚDE DE MANAUS;24/07/2026 08:25:28
564717;A9236;ARES;MAO- GR TRANSPORTES E LOGISTICA MULTIMODAL;;AM;04/09/2026 15:10:00;Pendente de Retorno;AM;Manaus;SECRETARIA MUNICIPAL DE SAÚDE DE MANAUS;27/07/2026 17:16:03
564717;A9249;ARES;MAO- GR TRANSPORTES E LOGISTICA MULTIMODAL;;AM;04/09/2026 15:10:00;Pendente de Retorno;AM;Manaus;SECRETARIA MUNICIPAL DE SAÚDE DE MANAUS;21/07/2026 00:11:48
564717;A9253;ARES;MAO- GR TRANSPORTES E LOGISTICA MULTIMODAL;;AM;04/09/2026 15:10:00;Pendente de Retorno;AM;Manaus;SECRETARIA MUNICIPAL DE SAÚDE DE MANAUS;10/07/2026 02:09:14
564717;A9337;ARES;MAO- GR TRANSPORTES E LOGISTICA MULTIMODAL;;AM;04/09/2026 15:10:00;Pendente de Retorno;AM;Manaus;SECRETARIA MUNICIPAL DE SAÚDE DE MANAUS;20/07/2026 11:25:00
564717;A9394;ARES;MAO- GR TRANSPORTES E LOGISTICA MULTIMODAL;;AM;04/09/2026 15:10:00;Pendente de Retorno;AM;Manaus;SECRETARIA MUNICIPAL DE SAÚDE DE MANAUS;20/07/2026 15:12:24
564717;TA0081;ARES;MAO- GR TRANSPORTES E LOGISTICA MULTIMODAL;;AM;04/09/2026 15:10:00;Pendente de Retorno;AM;Manaus;SECRETARIA MUNICIPAL DE SAÚDE DE MANAUS;26/07/2026 22:23:42
564717;TA0099;ARES;MAO- GR TRANSPORTES E LOGISTICA MULTIMODAL;;AM;04/09/2026 15:10:00;Retornado;AM;Manaus;SECRETARIA MUNICIPAL DE SAÚDE DE MANAUS;21/09/2026 12:59:21
564717;TA0124;ARES;MAO- GR TRANSPORTES E LOGISTICA MULTIMODAL;;AM;04/09/2026 15:10:00;Pendente de Retorno;AM;Manaus;SECRETARIA MUNICIPAL DE SAÚDE DE MANAUS;09/07/2026 09:13:18
564717;TA0172;ARES;MAO- GR TRANSPORTES E LOGISTICA MULTIMODAL;;AM;04/09/2026 15:10:00;Retornado;AM;Manaus;SECRETARIA MUNICIPAL DE SAÚDE DE MANAUS;21/09/2026 13:00:27
564717;TA0235;ARES;MAO- GR TRANSPORTES E LOGISTICA MULTIMODAL;;AM;04/09/2026 15:10:00;Pendente de Retorno;AM;Manaus;SECRETARIA MUNICIPAL DE SAÚDE DE MANAUS;26/07/2026 22:20:08
564717;TA0308;ARES;MAO- GR TRANSPORTES E LOGISTICA MULTIMODAL;;AM;04/09/2026 15:10:00;Pendente de Retorno;AM;Manaus;SECRETARIA MUNICIPAL DE SAÚDE DE MANAUS;21/07/2026 17:27:25
564717;TA0393;ARES;MAO- GR TRANSPORTES E LOGISTICA MULTIMODAL;;AM;04/09/2026 15:10:00;Pendente de Retorno;AM;Manaus;SECRETARIA MUNICIPAL DE SAÚDE DE MANAUS;25/07/2026 22:22:23
564717;TA0416;ARES;MAO- GR TRANSPORTES E LOGISTICA MULTIMODAL;;AM;04/09/2026 15:10:00;Pendente de Retorno;AM;Manaus;SECRETARIA MUNICIPAL DE SAÚDE DE MANAUS;25/07/2026 21:28:09
564717;TA0480;ARES;MAO- GR TRANSPORTES E LOGISTICA MULTIMODAL;;AM;04/09/2026 15:10:00;Pendente de Retorno;AM;Manaus;SECRETARIA MUNICIPAL DE SAÚDE DE MANAUS;04/05/2026 11:41:33
564717;TA0483;ARES;MAO- GR TRANSPORTES E LOGISTICA MULTIMODAL;;AM;04/09/2026 15:10:00;Retornado;AM;Manaus;SECRETARIA MUNICIPAL DE SAÚDE DE MANAUS;21/09/2026 13:00:03
564717;TA0574;ARES;MAO- GR TRANSPORTES E LOGISTICA MULTIMODAL;;AM;04/09/2026 15:10:00;Pendente de Retorno;AM;Manaus;SECRETARIA MUNICIPAL DE SAÚDE DE MANAUS;10/07/2026 02:11:28
564717;TA0576;ARES;MAO- GR TRANSPORTES E LOGISTICA MULTIMODAL;;AM;04/09/2026 15:10:00;Pendente de Retorno;AM;Manaus;SECRETARIA MUNICIPAL DE SAÚDE DE MANAUS;08/07/2026 15:21:25
564717;TA0781;ARES;MAO- GR TRANSPORTES E LOGISTICA MULTIMODAL;;AM;04/09/2026 15:10:00;Pendente de Retorno;AM;Manaus;SECRETARIA MUNICIPAL DE SAÚDE DE MANAUS;15/07/2026 10:08:51
564717;TA0795;ARES;MAO- GR TRANSPORTES E LOGISTICA MULTIMODAL;;AM;04/09/2026 15:10:00;Pendente de Retorno;AM;Manaus;SECRETARIA MUNICIPAL DE SAÚDE DE MANAUS;28/07/2026 03:03:41
564717;TA0861;ARES;MAO- GR TRANSPORTES E LOGISTICA MULTIMODAL;;AM;04/09/2026 15:10:00;Pendente de Retorno;AM;Manaus;SECRETARIA MUNICIPAL DE SAÚDE DE MANAUS;17/07/2026 17:05:55
564717;TA1070;ARES;MAO- GR TRANSPORTES E LOGISTICA MULTIMODAL;;AM;04/09/2026 15:10:00;Pendente de Retorno;AM;Manaus;SECRETARIA MUNICIPAL DE SAÚDE DE MANAUS;22/07/2026 21:46:13
564717;TA1119;ARES;MAO- GR TRANSPORTES E LOGISTICA MULTIMODAL;;AM;04/09/2026 15:10:00;Pendente de Retorno;AM;Manaus;SECRETARIA MUNICIPAL DE SAÚDE DE MANAUS;13/07/2026 16:37:59
564717;TA1167;ARES;MAO- GR TRANSPORTES E LOGISTICA MULTIMODAL;;AM;04/09/2026 15:10:00;Pendente de Retorno;AM;Manaus;SECRETARIA MUNICIPAL DE SAÚDE DE MANAUS;27/07/2026 12:29:41
566807;A4582;ARES;PVH - RODOTEC;;RO;04/09/2026 15:00:00;Pendente de Retorno;RO;Porto Velho;HOSPITAL DE AMOR AMAZONIA;25/07/2026 21:27:24
566728;TA0045;ARES;RBR - RODOTEC;;AC;04/09/2026 15:00:00;Pendente de Retorno;AC;Rio Branco;ALBANI JOSE PEREIRA DE OLIVEIRA 00737.012657/2026-52;28/07/2026 03:04:19
566804;TA0234;ARES;FOR - NT TRANSPORTE LTDA;;CE;04/09/2026 14:57:00;Pendente de Retorno;CE;Fortaleza;HOSPITAL GERAL DR WALDEMAR ALCANTARA;18/07/2026 11:41:39
567041;A6733;ARES;VTCLOG CNF - CONTAGEM;;MG;04/09/2026 14:55:35;Pendente de Retorno;MG;Contagem;DANIEL RODRIGUES DIAS;27/07/2026 16:46:57
566791;A3729;ARES;PMW - MK BILLIG TRANSPORTES E LOGISTICA EIRELLI;;TO;04/09/2026 14:52:00;Pendente de Retorno;TO;Palmas;LABORATÓRIO DE SAÚDE PÚBLICA DE ARAGUAÍNA (LSPA);26/07/2026 20:46:54
566324;A0985;ARES;PMW - MK BILLIG TRANSPORTES E LOGISTICA EIRELLI;;TO;04/09/2026 14:50:00;Pendente de Retorno;TO;Palmas;LABORATÓRIO DE SAÚDE PÚBLICA DE ARAGUAÍNA (LSPA);26/07/2026 22:20:50
566324;A2697;ARES;PMW - MK BILLIG TRANSPORTES E LOGISTICA EIRELLI;;TO;04/09/2026 14:50:00;Pendente de Retorno;TO;Palmas;LABORATÓRIO DE SAÚDE PÚBLICA DE ARAGUAÍNA (LSPA);21/07/2026 17:43:41
566324;A2814;ARES;PMW - MK BILLIG TRANSPORTES E LOGISTICA EIRELLI;;TO;04/09/2026 14:50:00;Pendente de Retorno;TO;Palmas;LABORATÓRIO DE SAÚDE PÚBLICA DE ARAGUAÍNA (LSPA);27/07/2026 17:09:54
566324;A2815;ARES;PMW - MK BILLIG TRANSPORTES E LOGISTICA EIRELLI;;TO;04/09/2026 14:50:00;Pendente de Retorno;TO;Palmas;LABORATÓRIO DE SAÚDE PÚBLICA DE ARAGUAÍNA (LSPA);29/06/2026 17:04:24
566324;A5987;ARES;PMW - MK BILLIG TRANSPORTES E LOGISTICA EIRELLI;;TO;04/09/2026 14:50:00;Pendente de Retorno;TO;Palmas;LABORATÓRIO DE SAÚDE PÚBLICA DE ARAGUAÍNA (LSPA);13/07/2026 08:45:55
566324;A6157;ARES;PMW - MK BILLIG TRANSPORTES E LOGISTICA EIRELLI;;TO;04/09/2026 14:50:00;Pendente de Retorno;TO;Palmas;LABORATÓRIO DE SAÚDE PÚBLICA DE ARAGUAÍNA (LSPA);23/07/2026 07:44:02
566324;A6644;ARES;PMW - MK BILLIG TRANSPORTES E LOGISTICA EIRELLI;;TO;04/09/2026 14:50:00;Pendente de Retorno;TO;Palmas;LABORATÓRIO DE SAÚDE PÚBLICA DE ARAGUAÍNA (LSPA);21/07/2026 17:46:02
567151;A7276;ARES;UDI - ENTREGAS URGENTES LTDA;;MG;04/09/2026 14:50:00;Pendente de Retorno;MG;Uberlandia;JOAO BATISTA DE MESQUITA  00737004973202;27/07/2026 15:27:44
566324;A8392;ARES;PMW - MK BILLIG TRANSPORTES E LOGISTICA EIRELLI;;TO;04/09/2026 14:50:00;Pendente de Retorno;TO;Palmas;LABORATÓRIO DE SAÚDE PÚBLICA DE ARAGUAÍNA (LSPA);23/07/2026 07:43:19
566324;A8634;ARES;PMW - MK BILLIG TRANSPORTES E LOGISTICA EIRELLI;;TO;04/09/2026 14:50:00;Pendente de Retorno;TO;Palmas;LABORATÓRIO DE SAÚDE PÚBLICA DE ARAGUAÍNA (LSPA);26/07/2026 20:49:40
566324;TA0261;ARES;PMW - MK BILLIG TRANSPORTES E LOGISTICA EIRELLI;;TO;04/09/2026 14:50:00;Pendente de Retorno;TO;Palmas;LABORATÓRIO DE SAÚDE PÚBLICA DE ARAGUAÍNA (LSPA);27/07/2026 15:23:32
566324;TA0533;ARES;PMW - MK BILLIG TRANSPORTES E LOGISTICA EIRELLI;;TO;04/09/2026 14:50:00;Pendente de Retorno;TO;Palmas;LABORATÓRIO DE SAÚDE PÚBLICA DE ARAGUAÍNA (LSPA);24/07/2026 08:33:50
566324;TA0983;ARES;PMW - MK BILLIG TRANSPORTES E LOGISTICA EIRELLI;;TO;04/09/2026 14:50:00;Pendente de Retorno;TO;Palmas;LABORATÓRIO DE SAÚDE PÚBLICA DE ARAGUAÍNA (LSPA);24/07/2026 13:24:19
567221;A0086;ARES;VTCLOG - REC;;PE;04/09/2026 14:41:00;Pendente de Retorno;PE;RECIFE;HEMOCENTRO COORDENADOR PERNAMBUCO;26/07/2026 22:22:09
567221;A2556;ARES;VTCLOG - REC;;PE;04/09/2026 14:41:00;Pendente de Retorno;PE;RECIFE;HEMOCENTRO COORDENADOR PERNAMBUCO;26/07/2026 20:51:51
567221;A5708;ARES;VTCLOG - REC;;PE;04/09/2026 14:41:00;Pendente de Retorno;PE;RECIFE;HEMOCENTRO COORDENADOR PERNAMBUCO;20/06/2026 10:08:29
567221;A8385;ARES;VTCLOG - REC;;PE;04/09/2026 14:41:00;Pendente de Retorno;PE;RECIFE;HEMOCENTRO COORDENADOR PERNAMBUCO;18/07/2026 10:15:47
567221;TA0986;ARES;VTCLOG - REC;;PE;04/09/2026 14:41:00;Pendente de Retorno;PE;RECIFE;HEMOCENTRO COORDENADOR PERNAMBUCO;20/07/2026 11:38:01
567234;A4205;ARES;VTCLOG CNF - CONTAGEM;;MG;04/09/2026 14:32:53;Pendente de Retorno;MG;Belo Horizonte;FUNDACAO DE DESENVOLVIMENTO DA PESQUISA;27/07/2026 16:49:13
566007;A4403;ARES;FOR - NT TRANSPORTE LTDA;;CE;04/09/2026 14:00:22;Pendente de Retorno;CE;Maracanau;ALMOXARIFADO ESTADUAL DE MEDICAMENTOS;25/07/2026 21:25:11
566007;A4408;ARES;FOR - NT TRANSPORTE LTDA;;CE;04/09/2026 14:00:22;Pendente de Retorno;CE;Maracanau;ALMOXARIFADO ESTADUAL DE MEDICAMENTOS;27/07/2026 16:42:07
566007;A4750;ARES;FOR - NT TRANSPORTE LTDA;;CE;04/09/2026 14:00:22;Pendente de Retorno;CE;Maracanau;ALMOXARIFADO ESTADUAL DE MEDICAMENTOS;26/07/2026 20:50:32
566007;A7437;ARES;FOR - NT TRANSPORTE LTDA;;CE;04/09/2026 14:00:22;Pendente de Retorno;CE;Maracanau;ALMOXARIFADO ESTADUAL DE MEDICAMENTOS;29/06/2026 23:27:42
566007;TA0244;ARES;FOR - NT TRANSPORTE LTDA;;CE;04/09/2026 14:00:22;Pendente de Retorno;CE;Maracanau;ALMOXARIFADO ESTADUAL DE MEDICAMENTOS;21/07/2026 17:25:03
566007;TA0480;ARES;FOR - NT TRANSPORTE LTDA;;CE;04/09/2026 14:00:22;Pendente de Retorno;CE;Maracanau;ALMOXARIFADO ESTADUAL DE MEDICAMENTOS;04/05/2026 11:41:33
566007;TA0530;ARES;FOR - NT TRANSPORTE LTDA;;CE;04/09/2026 14:00:22;Pendente de Retorno;CE;Maracanau;ALMOXARIFADO ESTADUAL DE MEDICAMENTOS;10/07/2026 17:18:20
565546;A6027;ARES;VTCLOG - GRU;;SP;04/09/2026 14:00:00;Pendente de Retorno;SP;SAO PAULO;RAFAEL ALVES SERAFIM;22/07/2026 23:49:18
566731;A6263;ARES;MOC - LOG SERVIÇOS;;MG;04/09/2026 13:27:00;Pendente de Retorno;MG;Bocaiuva;MARIA HILDA RODRIGUES DIAS;21/07/2026 17:13:30
566040;A0349;ARES;MCZ - MCZ EXPRESS SERVICE LTDA;;AL;04/09/2026 13:02:18;Pendente de Retorno;AL;Maceio;SECRETARIA DE ESTADO DA SAUDE;17/07/2026 15:29:09
566040;A1559;ARES;MCZ - MCZ EXPRESS SERVICE LTDA;;AL;04/09/2026 13:02:18;Pendente de Retorno;AL;Maceio;SECRETARIA DE ESTADO DA SAUDE;27/07/2026 12:32:31
566040;A4441;ARES;MCZ - MCZ EXPRESS SERVICE LTDA;;AL;04/09/2026 13:02:18;Pendente de Retorno;AL;Maceio;SECRETARIA DE ESTADO DA SAUDE;21/07/2026 17:45:06
566040;A5262;ARES;MCZ - MCZ EXPRESS SERVICE LTDA;;AL;04/09/2026 13:02:18;Pendente de Retorno;AL;Maceio;SECRETARIA DE ESTADO DA SAUDE;18/07/2026 10:18:58
566040;A6746;ARES;MCZ - MCZ EXPRESS SERVICE LTDA;;AL;04/09/2026 13:02:18;Pendente de Retorno;AL;Maceio;SECRETARIA DE ESTADO DA SAUDE;24/07/2026 08:26:11
566040;A6893;ARES;MCZ - MCZ EXPRESS SERVICE LTDA;;AL;04/09/2026 13:02:18;Pendente de Retorno;AL;Maceio;SECRETARIA DE ESTADO DA SAUDE;09/07/2026 16:01:06
566040;A7245;ARES;MCZ - MCZ EXPRESS SERVICE LTDA;;AL;04/09/2026 13:02:18;Pendente de Retorno;AL;Maceio;SECRETARIA DE ESTADO DA SAUDE;13/07/2026 16:38:15
566040;A9091;ARES;MCZ - MCZ EXPRESS SERVICE LTDA;;AL;04/09/2026 13:02:18;Pendente de Retorno;AL;Maceio;SECRETARIA DE ESTADO DA SAUDE;25/07/2026 12:07:28
566040;A9197;ARES;MCZ - MCZ EXPRESS SERVICE LTDA;;AL;04/09/2026 13:02:18;Pendente de Retorno;AL;Maceio;SECRETARIA DE ESTADO DA SAUDE;25/07/2026 21:27:39
566040;TA0727;ARES;MCZ - MCZ EXPRESS SERVICE LTDA;;AL;04/09/2026 13:02:18;Pendente de Retorno;AL;Maceio;SECRETARIA DE ESTADO DA SAUDE;18/07/2026 10:14:46
566040;TA0897;ARES;MCZ - MCZ EXPRESS SERVICE LTDA;;AL;04/09/2026 13:02:18;Pendente de Retorno;AL;Maceio;SECRETARIA DE ESTADO DA SAUDE;20/07/2026 11:24:27
566009;A8519;ARES;MCZ - MCZ EXPRESS SERVICE LTDA;;AL;04/09/2026 13:00:54;Pendente de Retorno;AL;Maceio;SECRETARIA DE ESTADO DA SAUDE;20/07/2026 15:11:16
566009;TA0525;ARES;MCZ - MCZ EXPRESS SERVICE LTDA;;AL;04/09/2026 13:00:54;Pendente de Retorno;AL;Maceio;SECRETARIA DE ESTADO DA SAUDE;10/07/2026 17:24:01
567046;A0204;ARES;VTCLOG RIO GALEAO;;RJ;04/09/2026 12:30:00;Pendente de Retorno;RJ;RIO DE JANEIRO;ARTHUR ISAAC DE SANTANA PEREIRA - 00737.023131/202;21/07/2026 17:14:25
566025;A3552;ARES;PVH - RODOTEC;;RO;04/09/2026 12:30:00;Pendente de Retorno;RO;Porto Velho;ALMOXARIFADO ESTADUAL DE MEDICAMENTOS - RONDÔNIA;22/07/2026 08:59:31
565273;A2459;ARES;VIX - SOULOG EXPRESS;;ES;04/09/2026 12:26:34;Pendente de Retorno;ES;VITORIA;LABORATORIO CENTRAL SAUDE PUBLICA ESPIRITO SANTO -;27/07/2026 12:31:33
565273;A3201;ARES;VIX - SOULOG EXPRESS;;ES;04/09/2026 12:26:34;Pendente de Retorno;ES;VITORIA;LABORATORIO CENTRAL SAUDE PUBLICA ESPIRITO SANTO -;02/07/2026 16:58:09
565273;A3595;ARES;VIX - SOULOG EXPRESS;;ES;04/09/2026 12:26:34;Pendente de Retorno;ES;VITORIA;LABORATORIO CENTRAL SAUDE PUBLICA ESPIRITO SANTO -;14/07/2026 11:46:37
565273;A3676;ARES;VIX - SOULOG EXPRESS;;ES;04/09/2026 12:26:34;Pendente de Retorno;ES;VITORIA;LABORATORIO CENTRAL SAUDE PUBLICA ESPIRITO SANTO -;27/07/2026 00:17:26
565273;A4233;ARES;VIX - SOULOG EXPRESS;;ES;04/09/2026 12:26:34;Pendente de Retorno;ES;VITORIA;LABORATORIO CENTRAL SAUDE PUBLICA ESPIRITO SANTO -;20/07/2026 11:37:16
565273;A4905;ARES;VIX - SOULOG EXPRESS;;ES;04/09/2026 12:26:34;Retornado;ES;VITORIA;LABORATORIO CENTRAL SAUDE PUBLICA ESPIRITO SANTO -;11/09/2026 17:10:42
565273;A5466;ARES;VIX - SOULOG EXPRESS;;ES;04/09/2026 12:26:34;Pendente de Retorno;ES;VITORIA;LABORATORIO CENTRAL SAUDE PUBLICA ESPIRITO SANTO -;27/07/2026 16:47:45
565273;A5661;ARES;VIX - SOULOG EXPRESS;;ES;04/09/2026 12:26:34;Pendente de Retorno;ES;VITORIA;LABORATORIO CENTRAL SAUDE PUBLICA ESPIRITO SANTO -;13/07/2026 16:35:14
565273;A5849;ARES;VIX - SOULOG EXPRESS;;ES;04/09/2026 12:26:34;Pendente de Retorno;ES;VITORIA;LABORATORIO CENTRAL SAUDE PUBLICA ESPIRITO SANTO -;21/07/2026 17:29:37
565273;A5858;ARES;VIX - SOULOG EXPRESS;;ES;04/09/2026 12:26:34;Pendente de Retorno;ES;VITORIA;LABORATORIO CENTRAL SAUDE PUBLICA ESPIRITO SANTO -;17/07/2026 14:08:42
565273;A6149;ARES;VIX - SOULOG EXPRESS;;ES;04/09/2026 12:26:34;Pendente de Retorno;ES;VITORIA;LABORATORIO CENTRAL SAUDE PUBLICA ESPIRITO SANTO -;21/07/2026 00:23:48
565273;A6534;ARES;VIX - SOULOG EXPRESS;;ES;04/09/2026 12:26:34;Retornado;ES;VITORIA;LABORATORIO CENTRAL SAUDE PUBLICA ESPIRITO SANTO -;10/09/2026 17:34:25
565273;A6625;ARES;VIX - SOULOG EXPRESS;;ES;04/09/2026 12:26:34;Pendente de Retorno;ES;VITORIA;LABORATORIO CENTRAL SAUDE PUBLICA ESPIRITO SANTO -;27/07/2026 12:29:44
565273;A6641;ARES;VIX - SOULOG EXPRESS;;ES;04/09/2026 12:26:34;Pendente de Retorno;ES;VITORIA;LABORATORIO CENTRAL SAUDE PUBLICA ESPIRITO SANTO -;20/07/2026 11:24:54
565273;A6811;ARES;VIX - SOULOG EXPRESS;;ES;04/09/2026 12:26:34;Pendente de Retorno;ES;VITORIA;LABORATORIO CENTRAL SAUDE PUBLICA ESPIRITO SANTO -;18/07/2026 10:19:04
565273;A6842;ARES;VIX - SOULOG EXPRESS;;ES;04/09/2026 12:26:34;Pendente de Retorno;ES;VITORIA;LABORATORIO CENTRAL SAUDE PUBLICA ESPIRITO SANTO -;27/07/2026 15:24:21
565273;A7026;ARES;VIX - SOULOG EXPRESS;;ES;04/09/2026 12:26:34;Pendente de Retorno;ES;VITORIA;LABORATORIO CENTRAL SAUDE PUBLICA ESPIRITO SANTO -;10/07/2026 13:14:53
565273;A7103;ARES;VIX - SOULOG EXPRESS;;ES;04/09/2026 12:26:34;Pendente de Retorno;ES;VITORIA;LABORATORIO CENTRAL SAUDE PUBLICA ESPIRITO SANTO -;09/07/2026 08:56:50
565273;A7197;ARES;VIX - SOULOG EXPRESS;;ES;04/09/2026 12:26:34;Pendente de Retorno;ES;VITORIA;LABORATORIO CENTRAL SAUDE PUBLICA ESPIRITO SANTO -;22/07/2026 09:29:26
565273;A7626;ARES;VIX - SOULOG EXPRESS;;ES;04/09/2026 12:26:34;Pendente de Retorno;ES;VITORIA;LABORATORIO CENTRAL SAUDE PUBLICA ESPIRITO SANTO -;22/07/2026 08:57:42
565273;A9185;ARES;VIX - SOULOG EXPRESS;;ES;04/09/2026 12:26:34;Pendente de Retorno;ES;VITORIA;LABORATORIO CENTRAL SAUDE PUBLICA ESPIRITO SANTO -;22/07/2026 23:49:53
565273;A9278;ARES;VIX - SOULOG EXPRESS;;ES;04/09/2026 12:26:34;Pendente de Retorno;ES;VITORIA;LABORATORIO CENTRAL SAUDE PUBLICA ESPIRITO SANTO -;17/07/2026 14:10:21
565273;A9453;ARES;VIX - SOULOG EXPRESS;;ES;04/09/2026 12:26:34;Pendente de Retorno;ES;VITORIA;LABORATORIO CENTRAL SAUDE PUBLICA ESPIRITO SANTO -;24/07/2026 08:23:04
565273;A9511;ARES;VIX - SOULOG EXPRESS;;ES;04/09/2026 12:26:34;Pendente de Retorno;ES;VITORIA;LABORATORIO CENTRAL SAUDE PUBLICA ESPIRITO SANTO -;27/06/2026 10:50:25
565273;A9645;ARES;VIX - SOULOG EXPRESS;;ES;04/09/2026 12:26:34;Pendente de Retorno;ES;VITORIA;LABORATORIO CENTRAL SAUDE PUBLICA ESPIRITO SANTO -;10/07/2026 13:14:11
565273;TA0579;ARES;VIX - SOULOG EXPRESS;;ES;04/09/2026 12:26:34;Pendente de Retorno;ES;VITORIA;LABORATORIO CENTRAL SAUDE PUBLICA ESPIRITO SANTO -;26/07/2026 20:51:29
565273;TA0737;ARES;VIX - SOULOG EXPRESS;;ES;04/09/2026 12:26:34;Pendente de Retorno;ES;VITORIA;LABORATORIO CENTRAL SAUDE PUBLICA ESPIRITO SANTO -;23/07/2026 21:13:33
565273;TA0988;ARES;VIX - SOULOG EXPRESS;;ES;04/09/2026 12:26:34;Pendente de Retorno;ES;VITORIA;LABORATORIO CENTRAL SAUDE PUBLICA ESPIRITO SANTO -;21/07/2026 17:24:53
566417;A0629;ARES;SSA - LUTY LOG;;BA;04/09/2026 12:13:06;Retornado;BA;Simoes Filho;CENTRAL FARMACÊUTICA DO ESTADO DA BAHIA - CEFARBA;21/09/2026 16:47:39
566417;A1201;ARES;SSA - LUTY LOG;;BA;04/09/2026 12:13:06;Pendente de Retorno;BA;Simoes Filho;CENTRAL FARMACÊUTICA DO ESTADO DA BAHIA - CEFARBA;23/07/2026 21:11:58
566417;A1583;ARES;SSA - LUTY LOG;;BA;04/09/2026 12:13:06;Pendente de Retorno;BA;Simoes Filho;CENTRAL FARMACÊUTICA DO ESTADO DA BAHIA - CEFARBA;27/07/2026 00:14:05
566417;A2910;ARES;SSA - LUTY LOG;;BA;04/09/2026 12:13:06;Pendente de Retorno;BA;Simoes Filho;CENTRAL FARMACÊUTICA DO ESTADO DA BAHIA - CEFARBA;21/07/2026 17:25:12
566417;A3278;ARES;SSA - LUTY LOG;;BA;04/09/2026 12:13:06;Pendente de Retorno;BA;Simoes Filho;CENTRAL FARMACÊUTICA DO ESTADO DA BAHIA - CEFARBA;21/07/2026 17:12:08
566417;A3342;ARES;SSA - LUTY LOG;;BA;04/09/2026 12:13:06;Pendente de Retorno;BA;Simoes Filho;CENTRAL FARMACÊUTICA DO ESTADO DA BAHIA - CEFARBA;23/06/2026 15:10:08
566417;A4021;ARES;SSA - LUTY LOG;;BA;04/09/2026 12:13:06;Pendente de Retorno;BA;Simoes Filho;CENTRAL FARMACÊUTICA DO ESTADO DA BAHIA - CEFARBA;09/07/2026 02:53:11
566417;A4163;ARES;SSA - LUTY LOG;;BA;04/09/2026 12:13:06;Pendente de Retorno;BA;Simoes Filho;CENTRAL FARMACÊUTICA DO ESTADO DA BAHIA - CEFARBA;14/07/2026 17:29:15
566417;A5392;ARES;SSA - LUTY LOG;;BA;04/09/2026 12:13:06;Pendente de Retorno;BA;Simoes Filho;CENTRAL FARMACÊUTICA DO ESTADO DA BAHIA - CEFARBA;13/07/2026 08:23:43
566417;A5496;ARES;SSA - LUTY LOG;;BA;04/09/2026 12:13:06;Pendente de Retorno;BA;Simoes Filho;CENTRAL FARMACÊUTICA DO ESTADO DA BAHIA - CEFARBA;22/07/2026 23:47:55
566417;A5586;ARES;SSA - LUTY LOG;;BA;04/09/2026 12:13:06;Pendente de Retorno;BA;Simoes Filho;CENTRAL FARMACÊUTICA DO ESTADO DA BAHIA - CEFARBA;21/07/2026 09:41:41
566417;A5627;ARES;SSA - LUTY LOG;;BA;04/09/2026 12:13:06;Pendente de Retorno;BA;Simoes Filho;CENTRAL FARMACÊUTICA DO ESTADO DA BAHIA - CEFARBA;20/07/2026 11:24:31
566417;A5840;ARES;SSA - LUTY LOG;;BA;04/09/2026 12:13:06;Pendente de Retorno;BA;Simoes Filho;CENTRAL FARMACÊUTICA DO ESTADO DA BAHIA - CEFARBA;29/06/2026 17:06:02
566417;A6247;ARES;SSA - LUTY LOG;;BA;04/09/2026 12:13:06;Pendente de Retorno;BA;Simoes Filho;CENTRAL FARMACÊUTICA DO ESTADO DA BAHIA - CEFARBA;25/07/2026 12:07:48
566417;A7006;ARES;SSA - LUTY LOG;;BA;04/09/2026 12:13:06;Pendente de Retorno;BA;Simoes Filho;CENTRAL FARMACÊUTICA DO ESTADO DA BAHIA - CEFARBA;10/07/2026 17:32:34
566417;A7037;ARES;SSA - LUTY LOG;;BA;04/09/2026 12:13:06;Pendente de Retorno;BA;Simoes Filho;CENTRAL FARMACÊUTICA DO ESTADO DA BAHIA - CEFARBA;22/07/2026 23:46:28
566417;A7696;ARES;SSA - LUTY LOG;;BA;04/09/2026 12:13:06;Pendente de Retorno;BA;Simoes Filho;CENTRAL FARMACÊUTICA DO ESTADO DA BAHIA - CEFARBA;14/07/2026 17:27:37
566417;A8891;ARES;SSA - LUTY LOG;;BA;04/09/2026 12:13:06;Pendente de Retorno;BA;Simoes Filho;CENTRAL FARMACÊUTICA DO ESTADO DA BAHIA - CEFARBA;21/07/2026 17:19:17
566417;A9187;ARES;SSA - LUTY LOG;;BA;04/09/2026 12:13:06;Pendente de Retorno;BA;Simoes Filho;CENTRAL FARMACÊUTICA DO ESTADO DA BAHIA - CEFARBA;03/07/2026 08:35:03
566417;A9390;ARES;SSA - LUTY LOG;;BA;04/09/2026 12:13:06;Pendente de Retorno;BA;Simoes Filho;CENTRAL FARMACÊUTICA DO ESTADO DA BAHIA - CEFARBA;22/07/2026 09:00:43
566417;A9667;ARES;SSA - LUTY LOG;;BA;04/09/2026 12:13:06;Pendente de Retorno;BA;Simoes Filho;CENTRAL FARMACÊUTICA DO ESTADO DA BAHIA - CEFARBA;20/07/2026 09:51:41
566417;TA0326;ARES;SSA - LUTY LOG;;BA;04/09/2026 12:13:06;Pendente de Retorno;BA;Simoes Filho;CENTRAL FARMACÊUTICA DO ESTADO DA BAHIA - CEFARBA;27/07/2026 21:38:56
566417;TA0589;ARES;SSA - LUTY LOG;;BA;04/09/2026 12:13:06;Pendente de Retorno;BA;Simoes Filho;CENTRAL FARMACÊUTICA DO ESTADO DA BAHIA - CEFARBA;17/07/2026 08:38:02
565259;A0690;ARES;SSA - LUTY LOG;;BA;04/09/2026 12:09:29;Pendente de Retorno;BA;Simoes Filho;CENTRAL FARMACÊUTICA DO ESTADO DA BAHIA - CEFARBA;10/06/2026 17:50:27
565259;A0764;ARES;SSA - LUTY LOG;;BA;04/09/2026 12:09:29;Pendente de Retorno;BA;Simoes Filho;CENTRAL FARMACÊUTICA DO ESTADO DA BAHIA - CEFARBA;27/07/2026 17:09:35
565259;A0773;ARES;SSA - LUTY LOG;;BA;04/09/2026 12:09:29;Pendente de Retorno;BA;Simoes Filho;CENTRAL FARMACÊUTICA DO ESTADO DA BAHIA - CEFARBA;21/07/2026 17:24:49
565259;A1509;ARES;SSA - LUTY LOG;;BA;04/09/2026 12:09:29;Pendente de Retorno;BA;Simoes Filho;CENTRAL FARMACÊUTICA DO ESTADO DA BAHIA - CEFARBA;21/07/2026 17:21:05
565259;A1675;ARES;SSA - LUTY LOG;;BA;04/09/2026 12:09:29;Pendente de Retorno;BA;Simoes Filho;CENTRAL FARMACÊUTICA DO ESTADO DA BAHIA - CEFARBA;15/07/2026 21:30:26
565259;A1914;ARES;SSA - LUTY LOG;;BA;04/09/2026 12:09:29;Pendente de Retorno;BA;Simoes Filho;CENTRAL FARMACÊUTICA DO ESTADO DA BAHIA - CEFARBA;20/07/2026 11:24:29
565259;A1935;ARES;SSA - LUTY LOG;;BA;04/09/2026 12:09:29;Pendente de Retorno;BA;Simoes Filho;CENTRAL FARMACÊUTICA DO ESTADO DA BAHIA - CEFARBA;14/07/2026 14:42:53
565259;A1962;ARES;SSA - LUTY LOG;;BA;04/09/2026 12:09:29;Pendente de Retorno;BA;Simoes Filho;CENTRAL FARMACÊUTICA DO ESTADO DA BAHIA - CEFARBA;27/07/2026 17:12:59
565259;A2074;ARES;SSA - LUTY LOG;;BA;04/09/2026 12:09:29;Pendente de Retorno;BA;Simoes Filho;CENTRAL FARMACÊUTICA DO ESTADO DA BAHIA - CEFARBA;20/07/2026 11:25:40
565259;A2142;ARES;SSA - LUTY LOG;;BA;04/09/2026 12:09:29;Pendente de Retorno;BA;Simoes Filho;CENTRAL FARMACÊUTICA DO ESTADO DA BAHIA - CEFARBA;17/07/2026 14:10:03
565259;A2147;ARES;SSA - LUTY LOG;;BA;04/09/2026 12:09:29;Pendente de Retorno;BA;Simoes Filho;CENTRAL FARMACÊUTICA DO ESTADO DA BAHIA - CEFARBA;17/07/2026 14:10:19
565259;A2370;ARES;SSA - LUTY LOG;;BA;04/09/2026 12:09:29;Pendente de Retorno;BA;Simoes Filho;CENTRAL FARMACÊUTICA DO ESTADO DA BAHIA - CEFARBA;20/07/2026 09:50:24
565259;A2450;ARES;SSA - LUTY LOG;;BA;04/09/2026 12:09:29;Pendente de Retorno;BA;Simoes Filho;CENTRAL FARMACÊUTICA DO ESTADO DA BAHIA - CEFARBA;27/07/2026 15:23:57
565259;A2907;ARES;SSA - LUTY LOG;;BA;04/09/2026 12:09:29;Pendente de Retorno;BA;Simoes Filho;CENTRAL FARMACÊUTICA DO ESTADO DA BAHIA - CEFARBA;30/06/2026 08:30:47
565259;A2948;ARES;SSA - LUTY LOG;;BA;04/09/2026 12:09:29;Pendente de Retorno;BA;Simoes Filho;CENTRAL FARMACÊUTICA DO ESTADO DA BAHIA - CEFARBA;27/07/2026 00:15:49
565259;A2964;ARES;SSA - LUTY LOG;;BA;04/09/2026 12:09:29;Pendente de Retorno;BA;Simoes Filho;CENTRAL FARMACÊUTICA DO ESTADO DA BAHIA - CEFARBA;21/07/2026 17:22:56
565259;A3070;ARES;SSA - LUTY LOG;;BA;04/09/2026 12:09:29;Retornado;BA;Simoes Filho;CENTRAL FARMACÊUTICA DO ESTADO DA BAHIA - CEFARBA;21/09/2026 08:52:56
565259;A3402;ARES;SSA - LUTY LOG;;BA;04/09/2026 12:09:29;Pendente de Retorno;BA;Simoes Filho;CENTRAL FARMACÊUTICA DO ESTADO DA BAHIA - CEFARBA;20/07/2026 09:50:01
565259;A3771;ARES;SSA - LUTY LOG;;BA;04/09/2026 12:09:29;Pendente de Retorno;BA;Simoes Filho;CENTRAL FARMACÊUTICA DO ESTADO DA BAHIA - CEFARBA;18/07/2026 10:11:37
565259;A4177;ARES;SSA - LUTY LOG;;BA;04/09/2026 12:09:29;Pendente de Retorno;BA;Simoes Filho;CENTRAL FARMACÊUTICA DO ESTADO DA BAHIA - CEFARBA;24/07/2026 08:29:02
565259;A4281;ARES;SSA - LUTY LOG;;BA;04/09/2026 12:09:29;Pendente de Retorno;BA;Simoes Filho;CENTRAL FARMACÊUTICA DO ESTADO DA BAHIA - CEFARBA;26/07/2026 22:19:53
565259;A4391;ARES;SSA - LUTY LOG;;BA;04/09/2026 12:09:29;Pendente de Retorno;BA;Simoes Filho;CENTRAL FARMACÊUTICA DO ESTADO DA BAHIA - CEFARBA;24/07/2026 08:31:41
565259;A4749;ARES;SSA - LUTY LOG;;BA;04/09/2026 12:09:29;Pendente de Retorno;BA;Simoes Filho;CENTRAL FARMACÊUTICA DO ESTADO DA BAHIA - CEFARBA;17/07/2026 08:37:38
565259;A4820;ARES;SSA - LUTY LOG;;BA;04/09/2026 12:09:29;Retornado;BA;Simoes Filho;CENTRAL FARMACÊUTICA DO ESTADO DA BAHIA - CEFARBA;18/09/2026 17:31:18
565259;A5002;ARES;SSA - LUTY LOG;;BA;04/09/2026 12:09:29;Pendente de Retorno;BA;Simoes Filho;CENTRAL FARMACÊUTICA DO ESTADO DA BAHIA - CEFARBA;22/05/2026 11:04:55
565259;A5199;ARES;SSA - LUTY LOG;;BA;04/09/2026 12:09:29;Pendente de Retorno;BA;Simoes Filho;CENTRAL FARMACÊUTICA DO ESTADO DA BAHIA - CEFARBA;12/07/2026 21:36:36
565259;A5320;ARES;SSA - LUTY LOG;;BA;04/09/2026 12:09:29;Retornado;BA;Simoes Filho;CENTRAL FARMACÊUTICA DO ESTADO DA BAHIA - CEFARBA;21/09/2026 08:57:14
565259;A5492;ARES;SSA - LUTY LOG;;BA;04/09/2026 12:09:29;Pendente de Retorno;BA;Simoes Filho;CENTRAL FARMACÊUTICA DO ESTADO DA BAHIA - CEFARBA;27/06/2026 15:22:40
565259;A5567;ARES;SSA - LUTY LOG;;BA;04/09/2026 12:09:29;Pendente de Retorno;BA;Simoes Filho;CENTRAL FARMACÊUTICA DO ESTADO DA BAHIA - CEFARBA;30/06/2026 08:35:33
565259;A5703;ARES;SSA - LUTY LOG;;BA;04/09/2026 12:09:29;Pendente de Retorno;BA;Simoes Filho;CENTRAL FARMACÊUTICA DO ESTADO DA BAHIA - CEFARBA;13/07/2026 08:24:41
565259;A5853;ARES;SSA - LUTY LOG;;BA;04/09/2026 12:09:29;Pendente de Retorno;BA;Simoes Filho;CENTRAL FARMACÊUTICA DO ESTADO DA BAHIA - CEFARBA;24/07/2026 08:33:48
565259;A5935;ARES;SSA - LUTY LOG;;BA;04/09/2026 12:09:29;Pendente de Retorno;BA;Simoes Filho;CENTRAL FARMACÊUTICA DO ESTADO DA BAHIA - CEFARBA;09/07/2026 21:56:34
565259;A6426;ARES;SSA - LUTY LOG;;BA;04/09/2026 12:09:29;Pendente de Retorno;BA;Simoes Filho;CENTRAL FARMACÊUTICA DO ESTADO DA BAHIA - CEFARBA;24/07/2026 08:25:31
565259;A6475;ARES;SSA - LUTY LOG;;BA;04/09/2026 12:09:29;Pendente de Retorno;BA;Simoes Filho;CENTRAL FARMACÊUTICA DO ESTADO DA BAHIA - CEFARBA;22/07/2026 23:45:51
565259;A6490;ARES;SSA - LUTY LOG;;BA;04/09/2026 12:09:29;Pendente de Retorno;BA;Simoes Filho;CENTRAL FARMACÊUTICA DO ESTADO DA BAHIA - CEFARBA;29/06/2026 23:26:41
565259;A6569;ARES;SSA - LUTY LOG;;BA;04/09/2026 12:09:29;Pendente de Retorno;BA;Simoes Filho;CENTRAL FARMACÊUTICA DO ESTADO DA BAHIA - CEFARBA;17/07/2026 08:43:17
565259;A6590;ARES;SSA - LUTY LOG;;BA;04/09/2026 12:09:29;Pendente de Retorno;BA;Simoes Filho;CENTRAL FARMACÊUTICA DO ESTADO DA BAHIA - CEFARBA;20/07/2026 11:38:13
565259;A6714;ARES;SSA - LUTY LOG;;BA;04/09/2026 12:09:29;Pendente de Retorno;BA;Simoes Filho;CENTRAL FARMACÊUTICA DO ESTADO DA BAHIA - CEFARBA;25/07/2026 13:02:36
565259;A6992;ARES;SSA - LUTY LOG;;BA;04/09/2026 12:09:29;Pendente de Retorno;BA;Simoes Filho;CENTRAL FARMACÊUTICA DO ESTADO DA BAHIA - CEFARBA;30/06/2026 08:38:46
565259;A7047;ARES;SSA - LUTY LOG;;BA;04/09/2026 12:09:29;Pendente de Retorno;BA;Simoes Filho;CENTRAL FARMACÊUTICA DO ESTADO DA BAHIA - CEFARBA;20/07/2026 11:26:27
565259;A7092;ARES;SSA - LUTY LOG;;BA;04/09/2026 12:09:29;Pendente de Retorno;BA;Simoes Filho;CENTRAL FARMACÊUTICA DO ESTADO DA BAHIA - CEFARBA;10/07/2026 17:32:48
565259;A7163;ARES;SSA - LUTY LOG;;BA;04/09/2026 12:09:29;Pendente de Retorno;BA;Simoes Filho;CENTRAL FARMACÊUTICA DO ESTADO DA BAHIA - CEFARBA;23/07/2026 20:46:02
565259;A7219;ARES;SSA - LUTY LOG;;BA;04/09/2026 12:09:29;Pendente de Retorno;BA;Simoes Filho;CENTRAL FARMACÊUTICA DO ESTADO DA BAHIA - CEFARBA;08/07/2026 11:28:28
565259;A7254;ARES;SSA - LUTY LOG;;BA;04/09/2026 12:09:29;Pendente de Retorno;BA;Simoes Filho;CENTRAL FARMACÊUTICA DO ESTADO DA BAHIA - CEFARBA;09/07/2026 23:50:49
565259;A7272;ARES;SSA - LUTY LOG;;BA;04/09/2026 12:09:29;Pendente de Retorno;BA;Simoes Filho;CENTRAL FARMACÊUTICA DO ESTADO DA BAHIA - CEFARBA;12/05/2026 15:08:11
565259;A7309;ARES;SSA - LUTY LOG;;BA;04/09/2026 12:09:29;Pendente de Retorno;BA;Simoes Filho;CENTRAL FARMACÊUTICA DO ESTADO DA BAHIA - CEFARBA;17/07/2026 08:33:25
565259;A7529;ARES;SSA - LUTY LOG;;BA;04/09/2026 12:09:29;Pendente de Retorno;BA;Simoes Filho;CENTRAL FARMACÊUTICA DO ESTADO DA BAHIA - CEFARBA;21/07/2026 17:29:09
565259;A7642;ARES;SSA - LUTY LOG;;BA;04/09/2026 12:09:29;Pendente de Retorno;BA;Simoes Filho;CENTRAL FARMACÊUTICA DO ESTADO DA BAHIA - CEFARBA;23/07/2026 20:46:37
565259;A7830;ARES;SSA - LUTY LOG;;BA;04/09/2026 12:09:29;Pendente de Retorno;BA;Simoes Filho;CENTRAL FARMACÊUTICA DO ESTADO DA BAHIA - CEFARBA;14/07/2026 17:26:50
565259;A7927;ARES;SSA - LUTY LOG;;BA;04/09/2026 12:09:29;Pendente de Retorno;BA;Simoes Filho;CENTRAL FARMACÊUTICA DO ESTADO DA BAHIA - CEFARBA;17/07/2026 08:30:32
565259;A8000;ARES;SSA - LUTY LOG;;BA;04/09/2026 12:09:29;Pendente de Retorno;BA;Simoes Filho;CENTRAL FARMACÊUTICA DO ESTADO DA BAHIA - CEFARBA;27/07/2026 17:15:41
565259;A8064;ARES;SSA - LUTY LOG;;BA;04/09/2026 12:09:29;Pendente de Retorno;BA;Simoes Filho;CENTRAL FARMACÊUTICA DO ESTADO DA BAHIA - CEFARBA;03/07/2026 08:38:03
565259;A8236;ARES;SSA - LUTY LOG;;BA;04/09/2026 12:09:29;Retornado;BA;Simoes Filho;CENTRAL FARMACÊUTICA DO ESTADO DA BAHIA - CEFARBA;18/09/2026 12:40:09
565259;A8249;ARES;SSA - LUTY LOG;;BA;04/09/2026 12:09:29;Pendente de Retorno;BA;Simoes Filho;CENTRAL FARMACÊUTICA DO ESTADO DA BAHIA - CEFARBA;10/07/2026 17:33:20
565259;A8280;ARES;SSA - LUTY LOG;;BA;04/09/2026 12:09:29;Pendente de Retorno;BA;Simoes Filho;CENTRAL FARMACÊUTICA DO ESTADO DA BAHIA - CEFARBA;17/07/2026 15:32:45
565259;A8312;ARES;SSA - LUTY LOG;;BA;04/09/2026 12:09:29;Pendente de Retorno;BA;Simoes Filho;CENTRAL FARMACÊUTICA DO ESTADO DA BAHIA - CEFARBA;24/07/2026 08:31:45
565259;A8424;ARES;SSA - LUTY LOG;;BA;04/09/2026 12:09:29;Pendente de Retorno;BA;Simoes Filho;CENTRAL FARMACÊUTICA DO ESTADO DA BAHIA - CEFARBA;27/07/2026 16:47:18
565259;A8473;ARES;SSA - LUTY LOG;;BA;04/09/2026 12:09:29;Pendente de Retorno;BA;Simoes Filho;CENTRAL FARMACÊUTICA DO ESTADO DA BAHIA - CEFARBA;13/07/2026 08:43:05
565259;A8477;ARES;SSA - LUTY LOG;;BA;04/09/2026 12:09:29;Pendente de Retorno;BA;Simoes Filho;CENTRAL FARMACÊUTICA DO ESTADO DA BAHIA - CEFARBA;27/07/2026 15:27:34
565259;A8639;ARES;SSA - LUTY LOG;;BA;04/09/2026 12:09:29;Pendente de Retorno;BA;Simoes Filho;CENTRAL FARMACÊUTICA DO ESTADO DA BAHIA - CEFARBA;27/07/2026 10:02:52
565259;A8680;ARES;SSA - LUTY LOG;;BA;04/09/2026 12:09:29;Pendente de Retorno;BA;Simoes Filho;CENTRAL FARMACÊUTICA DO ESTADO DA BAHIA - CEFARBA;23/07/2026 00:30:03
565259;A8687;ARES;SSA - LUTY LOG;;BA;04/09/2026 12:09:29;Pendente de Retorno;BA;Simoes Filho;CENTRAL FARMACÊUTICA DO ESTADO DA BAHIA - CEFARBA;13/07/2026 16:37:47
565259;A8773;ARES;SSA - LUTY LOG;;BA;04/09/2026 12:09:29;Pendente de Retorno;BA;Simoes Filho;CENTRAL FARMACÊUTICA DO ESTADO DA BAHIA - CEFARBA;10/07/2026 02:09:49
565259;A8829;ARES;SSA - LUTY LOG;;BA;04/09/2026 12:09:29;Pendente de Retorno;BA;Simoes Filho;CENTRAL FARMACÊUTICA DO ESTADO DA BAHIA - CEFARBA;09/07/2026 23:52:24
565259;A8871;ARES;SSA - LUTY LOG;;BA;04/09/2026 12:09:29;Pendente de Retorno;BA;Simoes Filho;CENTRAL FARMACÊUTICA DO ESTADO DA BAHIA - CEFARBA;27/07/2026 17:14:24
565259;A9016;ARES;SSA - LUTY LOG;;BA;04/09/2026 12:09:29;Retornado;BA;Simoes Filho;CENTRAL FARMACÊUTICA DO ESTADO DA BAHIA - CEFARBA;21/09/2026 11:29:35
565259;A9099;ARES;SSA - LUTY LOG;;BA;04/09/2026 12:09:29;Pendente de Retorno;BA;Simoes Filho;CENTRAL FARMACÊUTICA DO ESTADO DA BAHIA - CEFARBA;22/07/2026 23:48:33
565259;A9183;ARES;SSA - LUTY LOG;;BA;04/09/2026 12:09:29;Pendente de Retorno;BA;Simoes Filho;CENTRAL FARMACÊUTICA DO ESTADO DA BAHIA - CEFARBA;17/07/2026 07:31:04
565259;A9254;ARES;SSA - LUTY LOG;;BA;04/09/2026 12:09:29;Pendente de Retorno;BA;Simoes Filho;CENTRAL FARMACÊUTICA DO ESTADO DA BAHIA - CEFARBA;22/07/2026 23:45:00
565259;A9520;ARES;SSA - LUTY LOG;;BA;04/09/2026 12:09:29;Pendente de Retorno;BA;Simoes Filho;CENTRAL FARMACÊUTICA DO ESTADO DA BAHIA - CEFARBA;30/06/2026 08:38:27
565259;A9585;ARES;SSA - LUTY LOG;;BA;04/09/2026 12:09:29;Pendente de Retorno;BA;Simoes Filho;CENTRAL FARMACÊUTICA DO ESTADO DA BAHIA - CEFARBA;24/07/2026 13:23:00
565259;A9616;ARES;SSA - LUTY LOG;;BA;04/09/2026 12:09:29;Pendente de Retorno;BA;Simoes Filho;CENTRAL FARMACÊUTICA DO ESTADO DA BAHIA - CEFARBA;20/07/2026 09:50:08
565259;A9684;ARES;SSA - LUTY LOG;;BA;04/09/2026 12:09:29;Pendente de Retorno;BA;Simoes Filho;CENTRAL FARMACÊUTICA DO ESTADO DA BAHIA - CEFARBA;13/07/2026 02:21:22
565259;TA0021;ARES;SSA - LUTY LOG;;BA;04/09/2026 12:09:29;Pendente de Retorno;BA;Simoes Filho;CENTRAL FARMACÊUTICA DO ESTADO DA BAHIA - CEFARBA;25/06/2026 04:03:32
565259;TA0117;ARES;SSA - LUTY LOG;;BA;04/09/2026 12:09:29;Pendente de Retorno;BA;Simoes Filho;CENTRAL FARMACÊUTICA DO ESTADO DA BAHIA - CEFARBA;24/07/2026 08:36:28
565259;TA0132;ARES;SSA - LUTY LOG;;BA;04/09/2026 12:09:29;Pendente de Retorno;BA;Simoes Filho;CENTRAL FARMACÊUTICA DO ESTADO DA BAHIA - CEFARBA;02/07/2026 16:12:45
565259;TA0195;ARES;SSA - LUTY LOG;;BA;04/09/2026 12:09:29;Pendente de Retorno;BA;Simoes Filho;CENTRAL FARMACÊUTICA DO ESTADO DA BAHIA - CEFARBA;04/07/2026 11:33:06
565259;TA0507;ARES;SSA - LUTY LOG;;BA;04/09/2026 12:09:29;Pendente de Retorno;BA;Simoes Filho;CENTRAL FARMACÊUTICA DO ESTADO DA BAHIA - CEFARBA;27/07/2026 12:31:04
565259;TA0517;ARES;SSA - LUTY LOG;;BA;04/09/2026 12:09:29;Pendente de Retorno;BA;Simoes Filho;CENTRAL FARMACÊUTICA DO ESTADO DA BAHIA - CEFARBA;14/07/2026 14:35:28
565259;TA0547;ARES;SSA - LUTY LOG;;BA;04/09/2026 12:09:29;Pendente de Retorno;BA;Simoes Filho;CENTRAL FARMACÊUTICA DO ESTADO DA BAHIA - CEFARBA;17/07/2026 07:36:44
565259;TA0604;ARES;SSA - LUTY LOG;;BA;04/09/2026 12:09:29;Pendente de Retorno;BA;Simoes Filho;CENTRAL FARMACÊUTICA DO ESTADO DA BAHIA - CEFARBA;25/07/2026 21:25:13
565259;TA0841;ARES;SSA - LUTY LOG;;BA;04/09/2026 12:09:29;Pendente de Retorno;BA;Simoes Filho;CENTRAL FARMACÊUTICA DO ESTADO DA BAHIA - CEFARBA;21/07/2026 00:09:58
565259;TA0848;ARES;SSA - LUTY LOG;;BA;04/09/2026 12:09:29;Pendente de Retorno;BA;Simoes Filho;CENTRAL FARMACÊUTICA DO ESTADO DA BAHIA - CEFARBA;13/07/2026 08:24:00
565259;TA1011;ARES;SSA - LUTY LOG;;BA;04/09/2026 12:09:29;Retornado;BA;Simoes Filho;CENTRAL FARMACÊUTICA DO ESTADO DA BAHIA - CEFARBA;18/09/2026 12:40:16
567341;A2139;ARES;VTCLOG - GRU;;SP;04/09/2026 12:05:00;Pendente de Retorno;SP;CAMPINAS;CENTRO INFANTIL BOLDRINI;30/06/2026 08:20:10
565208;A1464;ARES;AJU - CASSIMIRO TRANSPORTES;;SE;04/09/2026 11:50:37;Pendente de Retorno;SE;Aracaju;FUNDO ESTADUAL DE SAUDE;24/07/2026 15:22:42
565208;A2170;ARES;AJU - CASSIMIRO TRANSPORTES;;SE;04/09/2026 11:50:37;Pendente de Retorno;SE;Aracaju;FUNDO ESTADUAL DE SAUDE;20/07/2026 11:34:56
565208;A3222;ARES;AJU - CASSIMIRO TRANSPORTES;;SE;04/09/2026 11:50:37;Pendente de Retorno;SE;Aracaju;FUNDO ESTADUAL DE SAUDE;21/07/2026 17:30:38
565208;A3743;ARES;AJU - CASSIMIRO TRANSPORTES;;SE;04/09/2026 11:50:37;Pendente de Retorno;SE;Aracaju;FUNDO ESTADUAL DE SAUDE;30/06/2026 08:34:05
565208;A4164;ARES;AJU - CASSIMIRO TRANSPORTES;;SE;04/09/2026 11:50:37;Retornado;SE;Aracaju;FUNDO ESTADUAL DE SAUDE;21/09/2026 19:06:17
565208;A4988;ARES;AJU - CASSIMIRO TRANSPORTES;;SE;04/09/2026 11:50:37;Pendente de Retorno;SE;Aracaju;FUNDO ESTADUAL DE SAUDE;17/07/2026 08:43:51
565208;A6321;ARES;AJU - CASSIMIRO TRANSPORTES;;SE;04/09/2026 11:50:37;Pendente de Retorno;SE;Aracaju;FUNDO ESTADUAL DE SAUDE;30/06/2026 08:55:06
565208;A6343;ARES;AJU - CASSIMIRO TRANSPORTES;;SE;04/09/2026 11:50:37;Pendente de Retorno;SE;Aracaju;FUNDO ESTADUAL DE SAUDE;27/07/2026 17:21:11
565208;A6905;ARES;AJU - CASSIMIRO TRANSPORTES;;SE;04/09/2026 11:50:37;Pendente de Retorno;SE;Aracaju;FUNDO ESTADUAL DE SAUDE;17/07/2026 14:10:26
565208;A7692;ARES;AJU - CASSIMIRO TRANSPORTES;;SE;04/09/2026 11:50:37;Pendente de Retorno;SE;Aracaju;FUNDO ESTADUAL DE SAUDE;21/07/2026 17:17:03
565208;A7757;ARES;AJU - CASSIMIRO TRANSPORTES;;SE;04/09/2026 11:50:37;Pendente de Retorno;SE;Aracaju;FUNDO ESTADUAL DE SAUDE;27/07/2026 10:29:40
565208;A8238;ARES;AJU - CASSIMIRO TRANSPORTES;;SE;04/09/2026 11:50:37;Pendente de Retorno;SE;Aracaju;FUNDO ESTADUAL DE SAUDE;23/07/2026 21:11:26
565208;A8301;ARES;AJU - CASSIMIRO TRANSPORTES;;SE;04/09/2026 11:50:37;Pendente de Retorno;SE;Aracaju;FUNDO ESTADUAL DE SAUDE;10/07/2026 17:29:51
565208;A8478;ARES;AJU - CASSIMIRO TRANSPORTES;;SE;04/09/2026 11:50:37;Pendente de Retorno;SE;Aracaju;FUNDO ESTADUAL DE SAUDE;10/07/2026 17:23:18
565208;A8500;ARES;AJU - CASSIMIRO TRANSPORTES;;SE;04/09/2026 11:50:37;Pendente de Retorno;SE;Aracaju;FUNDO ESTADUAL DE SAUDE;21/07/2026 17:25:10
565208;A8520;ARES;AJU - CASSIMIRO TRANSPORTES;;SE;04/09/2026 11:50:37;Retornado;SE;Aracaju;FUNDO ESTADUAL DE SAUDE;16/09/2026 17:18:16
565208;A8892;ARES;AJU - CASSIMIRO TRANSPORTES;;SE;04/09/2026 11:50:37;Pendente de Retorno;SE;Aracaju;FUNDO ESTADUAL DE SAUDE;15/07/2026 21:03:11
565208;A9191;ARES;AJU - CASSIMIRO TRANSPORTES;;SE;04/09/2026 11:50:37;Pendente de Retorno;SE;Aracaju;FUNDO ESTADUAL DE SAUDE;20/07/2026 11:24:32
565208;A9499;ARES;AJU - CASSIMIRO TRANSPORTES;;SE;04/09/2026 11:50:37;Pendente de Retorno;SE;Aracaju;FUNDO ESTADUAL DE SAUDE;23/07/2026 21:11:32
565208;A9609;ARES;AJU - CASSIMIRO TRANSPORTES;;SE;04/09/2026 11:50:37;Pendente de Retorno;SE;Aracaju;FUNDO ESTADUAL DE SAUDE;04/07/2026 11:29:23
565208;A9663;ARES;AJU - CASSIMIRO TRANSPORTES;;SE;04/09/2026 11:50:37;Pendente de Retorno;SE;Aracaju;FUNDO ESTADUAL DE SAUDE;23/07/2026 08:40:22
565208;A9676;ARES;AJU - CASSIMIRO TRANSPORTES;;SE;04/09/2026 11:50:37;Pendente de Retorno;SE;Aracaju;FUNDO ESTADUAL DE SAUDE;15/07/2026 10:53:11
565208;A9714;ARES;AJU - CASSIMIRO TRANSPORTES;;SE;04/09/2026 11:50:37;Pendente de Retorno;SE;Aracaju;FUNDO ESTADUAL DE SAUDE;21/07/2026 17:25:00
565208;TA0158;ARES;AJU - CASSIMIRO TRANSPORTES;;SE;04/09/2026 11:50:37;Pendente de Retorno;SE;Aracaju;FUNDO ESTADUAL DE SAUDE;27/07/2026 15:39:53
565208;TA0215;ARES;AJU - CASSIMIRO TRANSPORTES;;SE;04/09/2026 11:50:37;Pendente de Retorno;SE;Aracaju;FUNDO ESTADUAL DE SAUDE;18/07/2026 11:42:02
565208;TA0620;ARES;AJU - CASSIMIRO TRANSPORTES;;SE;04/09/2026 11:50:37;Pendente de Retorno;SE;Aracaju;FUNDO ESTADUAL DE SAUDE;18/07/2026 10:16:11
565208;TA0904;ARES;AJU - CASSIMIRO TRANSPORTES;;SE;04/09/2026 11:50:37;Pendente de Retorno;SE;Aracaju;FUNDO ESTADUAL DE SAUDE;27/07/2026 15:26:54
565208;TA0917;ARES;AJU - CASSIMIRO TRANSPORTES;;SE;04/09/2026 11:50:37;Pendente de Retorno;SE;Aracaju;FUNDO ESTADUAL DE SAUDE;21/07/2026 17:25:49
567149;A5064;ARES;MAO- GR TRANSPORTES E LOGISTICA MULTIMODAL;;AM;04/09/2026 11:44:24;Pendente de Retorno;AM;Manaus;HOSPITAL E PRONTO SOCORRO DA ZONA OESTE - ZONA OESTE;21/07/2026 17:14:15
566058;A2960;ARES;PVH - RODOTEC;;RO;04/09/2026 11:30:00;Pendente de Retorno;RO;Porto Velho;ALMOXARIFADO ESTADUAL DE MEDICAMENTOS - RONDÔNIA;21/07/2026 17:46:59
566058;A8436;ARES;PVH - RODOTEC;;RO;04/09/2026 11:30:00;Pendente de Retorno;RO;Porto Velho;ALMOXARIFADO ESTADUAL DE MEDICAMENTOS - RONDÔNIA;27/07/2026 00:16:01
566058;TA0429;ARES;PVH - RODOTEC;;RO;04/09/2026 11:30:00;Pendente de Retorno;RO;Porto Velho;ALMOXARIFADO ESTADUAL DE MEDICAMENTOS - RONDÔNIA;27/07/2026 12:32:51
566058;TA0804;ARES;PVH - RODOTEC;;RO;04/09/2026 11:30:00;Pendente de Retorno;RO;Porto Velho;ALMOXARIFADO ESTADUAL DE MEDICAMENTOS - RONDÔNIA;23/07/2026 08:39:15
566030;A0658;ARES;JPA - LIDER CARGAS;;PB;04/09/2026 11:25:00;Pendente de Retorno;PB;Cabedelo;SEC DE SAUDE DA PARAIBA;22/07/2026 21:45:25
566030;A3028;ARES;JPA - LIDER CARGAS;;PB;04/09/2026 11:25:00;Pendente de Retorno;PB;Cabedelo;SEC DE SAUDE DA PARAIBA;23/07/2026 20:43:58
566030;A4112;ARES;JPA - LIDER CARGAS;;PB;04/09/2026 11:25:00;Pendente de Retorno;PB;Cabedelo;SEC DE SAUDE DA PARAIBA;21/07/2026 17:43:15
566030;A6543;ARES;JPA - LIDER CARGAS;;PB;04/09/2026 11:25:00;Pendente de Retorno;PB;Cabedelo;SEC DE SAUDE DA PARAIBA;22/07/2026 23:48:27
566052;A0142;ARES;JPA - LIDER CARGAS;;PB;04/09/2026 11:20:00;Pendente de Retorno;PB;Cabedelo;SEC DE SAUDE DA PARAIBA;24/07/2026 08:38:34
566052;A0956;ARES;JPA - LIDER CARGAS;;PB;04/09/2026 11:20:00;Pendente de Retorno;PB;Cabedelo;SEC DE SAUDE DA PARAIBA;11/06/2026 15:11:32
566052;A3623;ARES;JPA - LIDER CARGAS;;PB;04/09/2026 11:20:00;Pendente de Retorno;PB;Cabedelo;SEC DE SAUDE DA PARAIBA;21/07/2026 00:02:23
566052;A4354;ARES;JPA - LIDER CARGAS;;PB;04/09/2026 11:20:00;Pendente de Retorno;PB;Cabedelo;SEC DE SAUDE DA PARAIBA;18/07/2026 10:13:26
566052;A5248;ARES;JPA - LIDER CARGAS;;PB;04/09/2026 11:20:00;Pendente de Retorno;PB;Cabedelo;SEC DE SAUDE DA PARAIBA;24/06/2026 08:43:40
566052;A5991;ARES;JPA - LIDER CARGAS;;PB;04/09/2026 11:20:00;Pendente de Retorno;PB;Cabedelo;SEC DE SAUDE DA PARAIBA;21/07/2026 17:43:17
566052;A6562;ARES;JPA - LIDER CARGAS;;PB;04/09/2026 11:20:00;Pendente de Retorno;PB;Cabedelo;SEC DE SAUDE DA PARAIBA;26/07/2026 22:22:40
566052;A6698;ARES;JPA - LIDER CARGAS;;PB;04/09/2026 11:20:00;Pendente de Retorno;PB;Cabedelo;SEC DE SAUDE DA PARAIBA;13/07/2026 08:21:24
566052;A7384;ARES;JPA - LIDER CARGAS;;PB;04/09/2026 11:20:00;Pendente de Retorno;PB;Cabedelo;SEC DE SAUDE DA PARAIBA;27/07/2026 16:48:16
566052;A8258;ARES;JPA - LIDER CARGAS;;PB;04/09/2026 11:20:00;Pendente de Retorno;PB;Cabedelo;SEC DE SAUDE DA PARAIBA;16/07/2026 04:16:28
566052;A9114;ARES;JPA - LIDER CARGAS;;PB;04/09/2026 11:20:00;Pendente de Retorno;PB;Cabedelo;SEC DE SAUDE DA PARAIBA;21/07/2026 17:29:21
566052;A9203;ARES;JPA - LIDER CARGAS;;PB;04/09/2026 11:20:00;Pendente de Retorno;PB;Cabedelo;SEC DE SAUDE DA PARAIBA;13/07/2026 16:50:53
566052;TA0236;ARES;JPA - LIDER CARGAS;;PB;04/09/2026 11:20:00;Pendente de Retorno;PB;Cabedelo;SEC DE SAUDE DA PARAIBA;27/07/2026 17:15:33
566052;TA1098;ARES;JPA - LIDER CARGAS;;PB;04/09/2026 11:20:00;Pendente de Retorno;PB;Cabedelo;SEC DE SAUDE DA PARAIBA;20/07/2026 11:22:56
566052;TA1141;ARES;JPA - LIDER CARGAS;;PB;04/09/2026 11:20:00;Pendente de Retorno;PB;Cabedelo;SEC DE SAUDE DA PARAIBA;27/06/2026 10:35:30
566008;A9679;ARES;RBR - RODOTEC;;AC;04/09/2026 11:18:00;Pendente de Retorno;AC;Rio Branco;NÚCLEO DE DOENÇAS DE TRANSMISSÃO VETORIAL - SESACR;27/07/2026 12:32:05
566241;A3254;ARES;RBR - RODOTEC;;AC;04/09/2026 11:17:00;Pendente de Retorno;AC;Rio Branco;NÚCLEO DE DOENÇAS DE TRANSMISSÃO VETORIAL - SESACR;16/07/2026 09:07:24
566241;A6185;ARES;RBR - RODOTEC;;AC;04/09/2026 11:17:00;Pendente de Retorno;AC;Rio Branco;NÚCLEO DE DOENÇAS DE TRANSMISSÃO VETORIAL - SESACR;27/07/2026 17:14:20
566241;TA0005;ARES;RBR - RODOTEC;;AC;04/09/2026 11:17:00;Pendente de Retorno;AC;Rio Branco;NÚCLEO DE DOENÇAS DE TRANSMISSÃO VETORIAL - SESACR;22/07/2026 23:46:58
566241;TA0201;ARES;RBR - RODOTEC;;AC;04/09/2026 11:17:00;Pendente de Retorno;AC;Rio Branco;NÚCLEO DE DOENÇAS DE TRANSMISSÃO VETORIAL - SESACR;24/07/2026 08:38:19
566169;TA0248;ARES;RBR - RODOTEC;;AC;04/09/2026 11:17:00;Pendente de Retorno;AC;Rio Branco;NÚCLEO DE DOENÇAS DE TRANSMISSÃO VETORIAL - SESACR;18/07/2026 11:45:02
567319;A5193;ARES;VTCLOG RIO GALEAO;;RJ;04/09/2026 11:10:00;Pendente de Retorno;RJ;RIO DE JANEIRO;INSTITUTO NACIONAL DE CONTROLE DE QUALIDADE EM SAU;27/07/2026 12:30:02
565202;A1410;ARES;RBR - RODOTEC;;AC;04/09/2026 11:00:00;Pendente de Retorno;AC;Rio Branco;NÚCLEO DE DOENÇAS DE TRANSMISSÃO VETORIAL - SESACR;16/07/2026 09:07:28
565202;A3202;ARES;RBR - RODOTEC;;AC;04/09/2026 11:00:00;Pendente de Retorno;AC;Rio Branco;NÚCLEO DE DOENÇAS DE TRANSMISSÃO VETORIAL - SESACR;24/07/2026 08:23:15
565202;A4802;ARES;RBR - RODOTEC;;AC;04/09/2026 11:00:00;Pendente de Retorno;AC;Rio Branco;NÚCLEO DE DOENÇAS DE TRANSMISSÃO VETORIAL - SESACR;27/07/2026 00:12:30
565202;A7149;ARES;RBR - RODOTEC;;AC;04/09/2026 11:00:00;Pendente de Retorno;AC;Rio Branco;NÚCLEO DE DOENÇAS DE TRANSMISSÃO VETORIAL - SESACR;26/07/2026 20:49:17
565202;A7408;ARES;RBR - RODOTEC;;AC;04/09/2026 11:00:00;Pendente de Retorno;AC;Rio Branco;NÚCLEO DE DOENÇAS DE TRANSMISSÃO VETORIAL - SESACR;04/07/2026 13:19:01
565202;A7876;ARES;RBR - RODOTEC;;AC;04/09/2026 11:00:00;Pendente de Retorno;AC;Rio Branco;NÚCLEO DE DOENÇAS DE TRANSMISSÃO VETORIAL - SESACR;27/07/2026 17:14:52
565202;A8131;ARES;RBR - RODOTEC;;AC;04/09/2026 11:00:00;Pendente de Retorno;AC;Rio Branco;NÚCLEO DE DOENÇAS DE TRANSMISSÃO VETORIAL - SESACR;18/07/2026 10:09:41
565202;A8373;ARES;RBR - RODOTEC;;AC;04/09/2026 11:00:00;Pendente de Retorno;AC;Rio Branco;NÚCLEO DE DOENÇAS DE TRANSMISSÃO VETORIAL - SESACR;10/07/2026 07:51:23
565202;A8845;ARES;RBR - RODOTEC;;AC;04/09/2026 11:00:00;Pendente de Retorno;AC;Rio Branco;NÚCLEO DE DOENÇAS DE TRANSMISSÃO VETORIAL - SESACR;17/07/2026 08:45:20
565202;A9029;ARES;RBR - RODOTEC;;AC;04/09/2026 11:00:00;Pendente de Retorno;AC;Rio Branco;NÚCLEO DE DOENÇAS DE TRANSMISSÃO VETORIAL - SESACR;29/06/2026 17:04:07
565202;A9461;ARES;RBR - RODOTEC;;AC;04/09/2026 11:00:00;Pendente de Retorno;AC;Rio Branco;NÚCLEO DE DOENÇAS DE TRANSMISSÃO VETORIAL - SESACR;27/07/2026 16:42:26
565202;TA0834;ARES;RBR - RODOTEC;;AC;04/09/2026 11:00:00;Pendente de Retorno;AC;Rio Branco;NÚCLEO DE DOENÇAS DE TRANSMISSÃO VETORIAL - SESACR;24/07/2026 08:23:36
565551;A2021;ARES;RBR - RODOTEC;;AC;04/09/2026 10:50:00;Pendente de Retorno;AC;Rio Branco;NÚCLEO DE DOENÇAS DE TRANSMISSÃO VETORIAL - SESACR;10/07/2026 17:34:26
565664;A3502;ARES;RBR - RODOTEC;;AC;04/09/2026 10:50:00;Pendente de Retorno;AC;Rio Branco;NÚCLEO DE DOENÇAS DE TRANSMISSÃO VETORIAL - SESACR;10/07/2026 17:33:46
565551;A3572;ARES;RBR - RODOTEC;;AC;04/09/2026 10:50:00;Pendente de Retorno;AC;Rio Branco;NÚCLEO DE DOENÇAS DE TRANSMISSÃO VETORIAL - SESACR;20/07/2026 11:35:49
565551;A4472;ARES;RBR - RODOTEC;;AC;04/09/2026 10:50:00;Pendente de Retorno;AC;Rio Branco;NÚCLEO DE DOENÇAS DE TRANSMISSÃO VETORIAL - SESACR;23/07/2026 21:13:52
565551;A5239;ARES;RBR - RODOTEC;;AC;04/09/2026 10:50:00;Pendente de Retorno;AC;Rio Branco;NÚCLEO DE DOENÇAS DE TRANSMISSÃO VETORIAL - SESACR;13/07/2026 08:47:32
565664;A5334;ARES;RBR - RODOTEC;;AC;04/09/2026 10:50:00;Pendente de Retorno;AC;Rio Branco;NÚCLEO DE DOENÇAS DE TRANSMISSÃO VETORIAL - SESACR;20/07/2026 11:37:36
565664;A6202;ARES;RBR - RODOTEC;;AC;04/09/2026 10:50:00;Pendente de Retorno;AC;Rio Branco;NÚCLEO DE DOENÇAS DE TRANSMISSÃO VETORIAL - SESACR;30/06/2026 08:34:23
566564;A6652;ARES;VTCLOG RIO GALEAO;;RJ;04/09/2026 10:50:00;Pendente de Retorno;RJ;RIO DE JANEIRO;FUNDACAO OSWALDO CRUZ;20/07/2026 11:36:48
565664;A8763;ARES;RBR - RODOTEC;;AC;04/09/2026 10:50:00;Pendente de Retorno;AC;Rio Branco;NÚCLEO DE DOENÇAS DE TRANSMISSÃO VETORIAL - SESACR;27/07/2026 17:17:41
565664;A9535;ARES;RBR - RODOTEC;;AC;04/09/2026 10:50:00;Pendente de Retorno;AC;Rio Branco;NÚCLEO DE DOENÇAS DE TRANSMISSÃO VETORIAL - SESACR;24/07/2026 08:37:04
565551;TA0095;ARES;RBR - RODOTEC;;AC;04/09/2026 10:50:00;Retornado;AC;Rio Branco;NÚCLEO DE DOENÇAS DE TRANSMISSÃO VETORIAL - SESACR;21/09/2026 09:01:57
566564;TA0717;ARES;VTCLOG RIO GALEAO;;RJ;04/09/2026 10:50:00;Retornado;RJ;RIO DE JANEIRO;FUNDACAO OSWALDO CRUZ;21/09/2026 12:24:15
565420;A3371;ARES;VTCLOG - REC;;PE;04/09/2026 10:28:18;Pendente de Retorno;PE;JABOATAO DOS GUARARAPES;ALMOXARIFADO ESTADUAL DE MEDICAMENTOS - PERNAMBUCO;16/07/2026 20:50:37
565420;A4039;ARES;VTCLOG - REC;;PE;04/09/2026 10:28:18;Pendente de Retorno;PE;JABOATAO DOS GUARARAPES;ALMOXARIFADO ESTADUAL DE MEDICAMENTOS - PERNAMBUCO;08/07/2026 11:32:49
565420;A4752;ARES;VTCLOG - REC;;PE;04/09/2026 10:28:18;Pendente de Retorno;PE;JABOATAO DOS GUARARAPES;ALMOXARIFADO ESTADUAL DE MEDICAMENTOS - PERNAMBUCO;10/07/2026 16:19:28
565420;A7983;ARES;VTCLOG - REC;;PE;04/09/2026 10:28:18;Pendente de Retorno;PE;JABOATAO DOS GUARARAPES;ALMOXARIFADO ESTADUAL DE MEDICAMENTOS - PERNAMBUCO;09/07/2026 23:10:52
565420;A9048;ARES;VTCLOG - REC;;PE;04/09/2026 10:28:18;Pendente de Retorno;PE;JABOATAO DOS GUARARAPES;ALMOXARIFADO ESTADUAL DE MEDICAMENTOS - PERNAMBUCO;14/07/2026 17:27:52
565420;A9638;ARES;VTCLOG - REC;;PE;04/09/2026 10:28:18;Pendente de Retorno;PE;JABOATAO DOS GUARARAPES;ALMOXARIFADO ESTADUAL DE MEDICAMENTOS - PERNAMBUCO;09/07/2026 21:56:39
565420;TA0032;ARES;VTCLOG - REC;;PE;04/09/2026 10:28:18;Pendente de Retorno;PE;JABOATAO DOS GUARARAPES;ALMOXARIFADO ESTADUAL DE MEDICAMENTOS - PERNAMBUCO;22/06/2026 09:07:24
565420;TA0359;ARES;VTCLOG - REC;;PE;04/09/2026 10:28:18;Retornado;PE;JABOATAO DOS GUARARAPES;ALMOXARIFADO ESTADUAL DE MEDICAMENTOS - PERNAMBUCO;21/09/2026 08:54:13
565420;TA0368;ARES;VTCLOG - REC;;PE;04/09/2026 10:28:18;Pendente de Retorno;PE;JABOATAO DOS GUARARAPES;ALMOXARIFADO ESTADUAL DE MEDICAMENTOS - PERNAMBUCO;21/07/2026 17:24:13
565420;TA0617;ARES;VTCLOG - REC;;PE;04/09/2026 10:28:18;Pendente de Retorno;PE;JABOATAO DOS GUARARAPES;ALMOXARIFADO ESTADUAL DE MEDICAMENTOS - PERNAMBUCO;11/06/2026 11:29:33
565420;TA0679;ARES;VTCLOG - REC;;PE;04/09/2026 10:28:18;Pendente de Retorno;PE;JABOATAO DOS GUARARAPES;ALMOXARIFADO ESTADUAL DE MEDICAMENTOS - PERNAMBUCO;22/07/2026 21:42:28
565420;TA1078;ARES;VTCLOG - REC;;PE;04/09/2026 10:28:18;Pendente de Retorno;PE;JABOATAO DOS GUARARAPES;ALMOXARIFADO ESTADUAL DE MEDICAMENTOS - PERNAMBUCO;21/07/2026 17:27:26
565420;TA1129;ARES;VTCLOG - REC;;PE;04/09/2026 10:28:18;Pendente de Retorno;PE;JABOATAO DOS GUARARAPES;ALMOXARIFADO ESTADUAL DE MEDICAMENTOS - PERNAMBUCO;25/07/2026 21:26:28
566022;A7884;ARES;AJU - CASSIMIRO TRANSPORTES;;SE;04/09/2026 10:00:41;Pendente de Retorno;SE;Aracaju;ALMOXARIFADO ESTADUAL DE MEDICAMENTOS - SERGIPE;13/07/2026 08:41:18
566022;TA0440;ARES;AJU - CASSIMIRO TRANSPORTES;;SE;04/09/2026 10:00:41;Pendente de Retorno;SE;Aracaju;ALMOXARIFADO ESTADUAL DE MEDICAMENTOS - SERGIPE;23/07/2026 21:14:13
564748;0741700036;ARES;AJU - CASSIMIRO TRANSPORTES;;SE;04/09/2026 10:00:00;Retornado;SE;Aracaju;ALMOXARIFADO ESTADUAL DE MEDICAMENTOS - SERGIPE;22/09/2026 02:24:32
564748;0741700154;ARES;AJU - CASSIMIRO TRANSPORTES;;SE;04/09/2026 10:00:00;Retornado;SE;Aracaju;ALMOXARIFADO ESTADUAL DE MEDICAMENTOS - SERGIPE;21/09/2026 23:31:57
564748;0741700162;ARES;AJU - CASSIMIRO TRANSPORTES;;SE;04/09/2026 10:00:00;Retornado;SE;Aracaju;ALMOXARIFADO ESTADUAL DE MEDICAMENTOS - SERGIPE;21/09/2026 19:56:58
564748;0741700165;ARES;AJU - CASSIMIRO TRANSPORTES;;SE;04/09/2026 10:00:00;Retornado;SE;Aracaju;ALMOXARIFADO ESTADUAL DE MEDICAMENTOS - SERGIPE;21/09/2026 19:12:55
564748;0741700180;ARES;AJU - CASSIMIRO TRANSPORTES;;SE;04/09/2026 10:00:00;Retornado;SE;Aracaju;ALMOXARIFADO ESTADUAL DE MEDICAMENTOS - SERGIPE;19/09/2026 10:30:15
564748;0741700200;ARES;AJU - CASSIMIRO TRANSPORTES;;SE;04/09/2026 10:00:00;Retornado;SE;Aracaju;ALMOXARIFADO ESTADUAL DE MEDICAMENTOS - SERGIPE;21/09/2026 09:08:48
564748;0741700202;ARES;AJU - CASSIMIRO TRANSPORTES;;SE;04/09/2026 10:00:00;Retornado;SE;Aracaju;ALMOXARIFADO ESTADUAL DE MEDICAMENTOS - SERGIPE;19/09/2026 10:41:16
564748;0741700221;ARES;AJU - CASSIMIRO TRANSPORTES;;SE;04/09/2026 10:00:00;Retornado;SE;Aracaju;ALMOXARIFADO ESTADUAL DE MEDICAMENTOS - SERGIPE;22/09/2026 00:05:12
564748;0741700222;ARES;AJU - CASSIMIRO TRANSPORTES;;SE;04/09/2026 10:00:00;Retornado;SE;Aracaju;ALMOXARIFADO ESTADUAL DE MEDICAMENTOS - SERGIPE;21/09/2026 23:37:20
564748;0741700227;ARES;AJU - CASSIMIRO TRANSPORTES;;SE;04/09/2026 10:00:00;Retornado;SE;Aracaju;ALMOXARIFADO ESTADUAL DE MEDICAMENTOS - SERGIPE;22/09/2026 00:49:24
564748;0741700296;ARES;AJU - CASSIMIRO TRANSPORTES;;SE;04/09/2026 10:00:00;Retornado;SE;Aracaju;ALMOXARIFADO ESTADUAL DE MEDICAMENTOS - SERGIPE;21/09/2026 23:39:42
564748;0741700305;ARES;AJU - CASSIMIRO TRANSPORTES;;SE;04/09/2026 10:00:00;Retornado;SE;Aracaju;ALMOXARIFADO ESTADUAL DE MEDICAMENTOS - SERGIPE;21/09/2026 19:13:42
564748;0741700317;ARES;AJU - CASSIMIRO TRANSPORTES;;SE;04/09/2026 10:00:00;Retornado;SE;Aracaju;ALMOXARIFADO ESTADUAL DE MEDICAMENTOS - SERGIPE;21/09/2026 16:17:44
564748;0741700333;ARES;AJU - CASSIMIRO TRANSPORTES;;SE;04/09/2026 10:00:00;Retornado;SE;Aracaju;ALMOXARIFADO ESTADUAL DE MEDICAMENTOS - SERGIPE;22/09/2026 00:49:32
564748;0741700353;ARES;AJU - CASSIMIRO TRANSPORTES;;SE;04/09/2026 10:00:00;Retornado;SE;Aracaju;ALMOXARIFADO ESTADUAL DE MEDICAMENTOS - SERGIPE;22/09/2026 02:12:57
564748;0741700405;ARES;AJU - CASSIMIRO TRANSPORTES;;SE;04/09/2026 10:00:00;Retornado;SE;Aracaju;ALMOXARIFADO ESTADUAL DE MEDICAMENTOS - SERGIPE;19/09/2026 10:21:15
564748;0741700422;ARES;AJU - CASSIMIRO TRANSPORTES;;SE;04/09/2026 10:00:00;Retornado;SE;Aracaju;ALMOXARIFADO ESTADUAL DE MEDICAMENTOS - SERGIPE;22/09/2026 01:13:42
564748;0741700464;ARES;AJU - CASSIMIRO TRANSPORTES;;SE;04/09/2026 10:00:00;Retornado;SE;Aracaju;ALMOXARIFADO ESTADUAL DE MEDICAMENTOS - SERGIPE;21/09/2026 15:06:41
564748;0741700756;ARES;AJU - CASSIMIRO TRANSPORTES;;SE;04/09/2026 10:00:00;Retornado;SE;Aracaju;ALMOXARIFADO ESTADUAL DE MEDICAMENTOS - SERGIPE;21/09/2026 22:09:39
564748;0741700759;ARES;AJU - CASSIMIRO TRANSPORTES;;SE;04/09/2026 10:00:00;Retornado;SE;Aracaju;ALMOXARIFADO ESTADUAL DE MEDICAMENTOS - SERGIPE;21/09/2026 09:00:37
564748;0741700804;ARES;AJU - CASSIMIRO TRANSPORTES;;SE;04/09/2026 10:00:00;Retornado;SE;Aracaju;ALMOXARIFADO ESTADUAL DE MEDICAMENTOS - SERGIPE;19/09/2026 10:18:53
564748;0741700806;ARES;AJU - CASSIMIRO TRANSPORTES;;SE;04/09/2026 10:00:00;Retornado;SE;Aracaju;ALMOXARIFADO ESTADUAL DE MEDICAMENTOS - SERGIPE;21/09/2026 19:59:50
564748;0741700809;ARES;AJU - CASSIMIRO TRANSPORTES;;SE;04/09/2026 10:00:00;Retornado;SE;Aracaju;ALMOXARIFADO ESTADUAL DE MEDICAMENTOS - SERGIPE;22/09/2026 00:49:32
564748;0741700827;ARES;AJU - CASSIMIRO TRANSPORTES;;SE;04/09/2026 10:00:00;Retornado;SE;Aracaju;ALMOXARIFADO ESTADUAL DE MEDICAMENTOS - SERGIPE;21/09/2026 08:50:53
564748;0741700874;ARES;AJU - CASSIMIRO TRANSPORTES;;SE;04/09/2026 10:00:00;Retornado;SE;Aracaju;ALMOXARIFADO ESTADUAL DE MEDICAMENTOS - SERGIPE;21/09/2026 14:56:21
564748;0741700926;ARES;AJU - CASSIMIRO TRANSPORTES;;SE;04/09/2026 10:00:00;Retornado;SE;Aracaju;ALMOXARIFADO ESTADUAL DE MEDICAMENTOS - SERGIPE;21/09/2026 08:56:01
564748;0741700996;ARES;AJU - CASSIMIRO TRANSPORTES;;SE;04/09/2026 10:00:00;Retornado;SE;Aracaju;ALMOXARIFADO ESTADUAL DE MEDICAMENTOS - SERGIPE;21/09/2026 15:06:06
564748;0741700998;ARES;AJU - CASSIMIRO TRANSPORTES;;SE;04/09/2026 10:00:00;Retornado;SE;Aracaju;ALMOXARIFADO ESTADUAL DE MEDICAMENTOS - SERGIPE;21/09/2026 14:50:43
564748;A0125;ARES;AJU - CASSIMIRO TRANSPORTES;;SE;04/09/2026 10:00:00;Pendente de Retorno;SE;Aracaju;ALMOXARIFADO ESTADUAL DE MEDICAMENTOS - SERGIPE;24/07/2026 08:33:54
564748;A0147;ARES;AJU - CASSIMIRO TRANSPORTES;;SE;04/09/2026 10:00:00;Retornado;SE;Aracaju;ALMOXARIFADO ESTADUAL DE MEDICAMENTOS - SERGIPE;21/09/2026 09:00:23
566062;A0430;ARES;AJU - CASSIMIRO TRANSPORTES;;SE;04/09/2026 10:00:00;Pendente de Retorno;SE;Aracaju;ALMOXARIFADO ESTADUAL DE MEDICAMENTOS - SERGIPE;21/07/2026 17:25:41
564748;A0667;ARES;AJU - CASSIMIRO TRANSPORTES;;SE;04/09/2026 10:00:00;Pendente de Retorno;SE;Aracaju;ALMOXARIFADO ESTADUAL DE MEDICAMENTOS - SERGIPE;21/07/2026 17:18:59
564748;A0675;ARES;AJU - CASSIMIRO TRANSPORTES;;SE;04/09/2026 10:00:00;Pendente de Retorno;SE;Aracaju;ALMOXARIFADO ESTADUAL DE MEDICAMENTOS - SERGIPE;27/07/2026 10:19:39
564748;A0964;ARES;AJU - CASSIMIRO TRANSPORTES;;SE;04/09/2026 10:00:00;Pendente de Retorno;SE;Aracaju;ALMOXARIFADO ESTADUAL DE MEDICAMENTOS - SERGIPE;21/07/2026 17:44:07
564748;A0980;ARES;AJU - CASSIMIRO TRANSPORTES;;SE;04/09/2026 10:00:00;Pendente de Retorno;SE;Aracaju;ALMOXARIFADO ESTADUAL DE MEDICAMENTOS - SERGIPE;18/07/2026 07:57:29
564748;A1180;ARES;AJU - CASSIMIRO TRANSPORTES;;SE;04/09/2026 10:00:00;Pendente de Retorno;SE;Aracaju;ALMOXARIFADO ESTADUAL DE MEDICAMENTOS - SERGIPE;26/07/2026 20:48:31
564748;A1324;ARES;AJU - CASSIMIRO TRANSPORTES;;SE;04/09/2026 10:00:00;Pendente de Retorno;SE;Aracaju;ALMOXARIFADO ESTADUAL DE MEDICAMENTOS - SERGIPE;21/07/2026 17:29:44
564748;A1385;ARES;AJU - CASSIMIRO TRANSPORTES;;SE;04/09/2026 10:00:00;Retornado;SE;Aracaju;ALMOXARIFADO ESTADUAL DE MEDICAMENTOS - SERGIPE;21/09/2026 09:00:43
566062;A1485;ARES;AJU - CASSIMIRO TRANSPORTES;;SE;04/09/2026 10:00:00;Pendente de Retorno;SE;Aracaju;ALMOXARIFADO ESTADUAL DE MEDICAMENTOS - SERGIPE;13/07/2026 16:28:57
564748;A1613;ARES;AJU - CASSIMIRO TRANSPORTES;;SE;04/09/2026 10:00:00;Pendente de Retorno;SE;Aracaju;ALMOXARIFADO ESTADUAL DE MEDICAMENTOS - SERGIPE;25/07/2026 12:09:14
564748;A1807;ARES;AJU - CASSIMIRO TRANSPORTES;;SE;04/09/2026 10:00:00;Pendente de Retorno;SE;Aracaju;ALMOXARIFADO ESTADUAL DE MEDICAMENTOS - SERGIPE;21/07/2026 17:28:06
564748;A2430;ARES;AJU - CASSIMIRO TRANSPORTES;;SE;04/09/2026 10:00:00;Retornado;SE;Aracaju;ALMOXARIFADO ESTADUAL DE MEDICAMENTOS - SERGIPE;19/09/2026 08:42:10
564748;A2818;ARES;AJU - CASSIMIRO TRANSPORTES;;SE;04/09/2026 10:00:00;Pendente de Retorno;SE;Aracaju;ALMOXARIFADO ESTADUAL DE MEDICAMENTOS - SERGIPE;13/07/2026 07:45:53
564748;A3081;ARES;AJU - CASSIMIRO TRANSPORTES;;SE;04/09/2026 10:00:00;Pendente de Retorno;SE;Aracaju;ALMOXARIFADO ESTADUAL DE MEDICAMENTOS - SERGIPE;10/07/2026 17:25:38
564748;A3243;ARES;AJU - CASSIMIRO TRANSPORTES;;SE;04/09/2026 10:00:00;Pendente de Retorno;SE;Aracaju;ALMOXARIFADO ESTADUAL DE MEDICAMENTOS - SERGIPE;21/07/2026 00:09:12
564748;A3249;ARES;AJU - CASSIMIRO TRANSPORTES;;SE;04/09/2026 10:00:00;Pendente de Retorno;SE;Aracaju;ALMOXARIFADO ESTADUAL DE MEDICAMENTOS - SERGIPE;23/07/2026 20:43:29
564748;A3304;ARES;AJU - CASSIMIRO TRANSPORTES;;SE;04/09/2026 10:00:00;Pendente de Retorno;SE;Aracaju;ALMOXARIFADO ESTADUAL DE MEDICAMENTOS - SERGIPE;13/07/2026 16:38:17
564748;A3437;ARES;AJU - CASSIMIRO TRANSPORTES;;SE;04/09/2026 10:00:00;Pendente de Retorno;SE;Aracaju;ALMOXARIFADO ESTADUAL DE MEDICAMENTOS - SERGIPE;26/07/2026 20:50:27
564748;A3453;ARES;AJU - CASSIMIRO TRANSPORTES;;SE;04/09/2026 10:00:00;Pendente de Retorno;SE;Aracaju;ALMOXARIFADO ESTADUAL DE MEDICAMENTOS - SERGIPE;22/07/2026 21:44:22
564748;A3571;ARES;AJU - CASSIMIRO TRANSPORTES;;SE;04/09/2026 10:00:00;Pendente de Retorno;SE;Aracaju;ALMOXARIFADO ESTADUAL DE MEDICAMENTOS - SERGIPE;27/07/2026 17:18:22
566062;A3582;ARES;AJU - CASSIMIRO TRANSPORTES;;SE;04/09/2026 10:00:00;Pendente de Retorno;SE;Aracaju;ALMOXARIFADO ESTADUAL DE MEDICAMENTOS - SERGIPE;23/06/2026 15:14:52
564748;A3754;ARES;AJU - CASSIMIRO TRANSPORTES;;SE;04/09/2026 10:00:00;Pendente de Retorno;SE;Aracaju;ALMOXARIFADO ESTADUAL DE MEDICAMENTOS - SERGIPE;04/07/2026 11:30:19
564748;A4088;ARES;AJU - CASSIMIRO TRANSPORTES;;SE;04/09/2026 10:00:00;Pendente de Retorno;SE;Aracaju;ALMOXARIFADO ESTADUAL DE MEDICAMENTOS - SERGIPE;27/07/2026 16:47:16
564748;A4232;ARES;AJU - CASSIMIRO TRANSPORTES;;SE;04/09/2026 10:00:00;Pendente de Retorno;SE;Aracaju;ALMOXARIFADO ESTADUAL DE MEDICAMENTOS - SERGIPE;22/07/2026 23:48:37
564748;A4318;ARES;AJU - CASSIMIRO TRANSPORTES;;SE;04/09/2026 10:00:00;Pendente de Retorno;SE;Aracaju;ALMOXARIFADO ESTADUAL DE MEDICAMENTOS - SERGIPE;20/07/2026 11:25:26
564748;A4577;ARES;AJU - CASSIMIRO TRANSPORTES;;SE;04/09/2026 10:00:00;Pendente de Retorno;SE;Aracaju;ALMOXARIFADO ESTADUAL DE MEDICAMENTOS - SERGIPE;21/07/2026 17:31:13
564748;A4784;ARES;AJU - CASSIMIRO TRANSPORTES;;SE;04/09/2026 10:00:00;Pendente de Retorno;SE;Aracaju;ALMOXARIFADO ESTADUAL DE MEDICAMENTOS - SERGIPE;23/07/2026 21:11:17
564748;A5070;ARES;AJU - CASSIMIRO TRANSPORTES;;SE;04/09/2026 10:00:00;Pendente de Retorno;SE;Aracaju;ALMOXARIFADO ESTADUAL DE MEDICAMENTOS - SERGIPE;21/07/2026 17:46:05
564748;A5435;ARES;AJU - CASSIMIRO TRANSPORTES;;SE;04/09/2026 10:00:00;Pendente de Retorno;SE;Aracaju;ALMOXARIFADO ESTADUAL DE MEDICAMENTOS - SERGIPE;22/07/2026 21:42:17
564748;A6120;ARES;AJU - CASSIMIRO TRANSPORTES;;SE;04/09/2026 10:00:00;Pendente de Retorno;SE;Aracaju;ALMOXARIFADO ESTADUAL DE MEDICAMENTOS - SERGIPE;30/06/2026 07:24:38
564748;A6204;ARES;AJU - CASSIMIRO TRANSPORTES;;SE;04/09/2026 10:00:00;Pendente de Retorno;SE;Aracaju;ALMOXARIFADO ESTADUAL DE MEDICAMENTOS - SERGIPE;17/07/2026 07:37:00
564748;A6327;ARES;AJU - CASSIMIRO TRANSPORTES;;SE;04/09/2026 10:00:00;Pendente de Retorno;SE;Aracaju;ALMOXARIFADO ESTADUAL DE MEDICAMENTOS - SERGIPE;23/07/2026 07:42:50
564748;A6356;ARES;AJU - CASSIMIRO TRANSPORTES;;SE;04/09/2026 10:00:00;Pendente de Retorno;SE;Aracaju;ALMOXARIFADO ESTADUAL DE MEDICAMENTOS - SERGIPE;09/07/2026 16:03:01
564748;A6511;ARES;AJU - CASSIMIRO TRANSPORTES;;SE;04/09/2026 10:00:00;Pendente de Retorno;SE;Aracaju;ALMOXARIFADO ESTADUAL DE MEDICAMENTOS - SERGIPE;21/07/2026 17:24:38
564748;A6793;ARES;AJU - CASSIMIRO TRANSPORTES;;SE;04/09/2026 10:00:00;Pendente de Retorno;SE;Aracaju;ALMOXARIFADO ESTADUAL DE MEDICAMENTOS - SERGIPE;21/07/2026 17:16:21
564748;A6886;ARES;AJU - CASSIMIRO TRANSPORTES;;SE;04/09/2026 10:00:00;Pendente de Retorno;SE;Aracaju;ALMOXARIFADO ESTADUAL DE MEDICAMENTOS - SERGIPE;27/07/2026 00:18:35
564748;A7130;ARES;AJU - CASSIMIRO TRANSPORTES;;SE;04/09/2026 10:00:00;Pendente de Retorno;SE;Aracaju;ALMOXARIFADO ESTADUAL DE MEDICAMENTOS - SERGIPE;13/07/2026 16:27:57
564748;A7279;ARES;AJU - CASSIMIRO TRANSPORTES;;SE;04/09/2026 10:00:00;Pendente de Retorno;SE;Aracaju;ALMOXARIFADO ESTADUAL DE MEDICAMENTOS - SERGIPE;21/07/2026 17:10:22
564748;A7563;ARES;AJU - CASSIMIRO TRANSPORTES;;SE;04/09/2026 10:00:00;Pendente de Retorno;SE;Aracaju;ALMOXARIFADO ESTADUAL DE MEDICAMENTOS - SERGIPE;09/07/2026 09:13:17
564748;A7672;ARES;AJU - CASSIMIRO TRANSPORTES;;SE;04/09/2026 10:00:00;Pendente de Retorno;SE;Aracaju;ALMOXARIFADO ESTADUAL DE MEDICAMENTOS - SERGIPE;24/07/2026 08:25:38
564748;A7863;ARES;AJU - CASSIMIRO TRANSPORTES;;SE;04/09/2026 10:00:00;Pendente de Retorno;SE;Aracaju;ALMOXARIFADO ESTADUAL DE MEDICAMENTOS - SERGIPE;09/07/2026 22:14:18
564748;A7951;ARES;AJU - CASSIMIRO TRANSPORTES;;SE;04/09/2026 10:00:00;Pendente de Retorno;SE;Aracaju;ALMOXARIFADO ESTADUAL DE MEDICAMENTOS - SERGIPE;30/06/2026 07:21:59
564748;A8035;ARES;AJU - CASSIMIRO TRANSPORTES;;SE;04/09/2026 10:00:00;Pendente de Retorno;SE;Aracaju;ALMOXARIFADO ESTADUAL DE MEDICAMENTOS - SERGIPE;02/07/2026 16:12:20
564748;A8429;ARES;AJU - CASSIMIRO TRANSPORTES;;SE;04/09/2026 10:00:00;Pendente de Retorno;SE;Aracaju;ALMOXARIFADO ESTADUAL DE MEDICAMENTOS - SERGIPE;10/07/2026 02:09:11
564748;A8753;ARES;AJU - CASSIMIRO TRANSPORTES;;SE;04/09/2026 10:00:00;Pendente de Retorno;SE;Aracaju;ALMOXARIFADO ESTADUAL DE MEDICAMENTOS - SERGIPE;26/07/2026 22:20:45
564748;A8980;ARES;AJU - CASSIMIRO TRANSPORTES;;SE;04/09/2026 10:00:00;Pendente de Retorno;SE;Aracaju;ALMOXARIFADO ESTADUAL DE MEDICAMENTOS - SERGIPE;18/07/2026 10:11:21
564748;A9237;ARES;AJU - CASSIMIRO TRANSPORTES;;SE;04/09/2026 10:00:00;Retornado;SE;Aracaju;ALMOXARIFADO ESTADUAL DE MEDICAMENTOS - SERGIPE;18/09/2026 18:44:42
566062;A9303;ARES;AJU - CASSIMIRO TRANSPORTES;;SE;04/09/2026 10:00:00;Pendente de Retorno;SE;Aracaju;ALMOXARIFADO ESTADUAL DE MEDICAMENTOS - SERGIPE;18/07/2026 10:10:06
564748;A9321;ARES;AJU - CASSIMIRO TRANSPORTES;;SE;04/09/2026 10:00:00;Pendente de Retorno;SE;Aracaju;ALMOXARIFADO ESTADUAL DE MEDICAMENTOS - SERGIPE;20/07/2026 09:52:17
564748;A9327;ARES;AJU - CASSIMIRO TRANSPORTES;;SE;04/09/2026 10:00:00;Pendente de Retorno;SE;Aracaju;ALMOXARIFADO ESTADUAL DE MEDICAMENTOS - SERGIPE;18/07/2026 08:01:56
564748;A9694;ARES;AJU - CASSIMIRO TRANSPORTES;;SE;04/09/2026 10:00:00;Pendente de Retorno;SE;Aracaju;ALMOXARIFADO ESTADUAL DE MEDICAMENTOS - SERGIPE;30/06/2026 07:26:10
564748;TA0010;ARES;AJU - CASSIMIRO TRANSPORTES;;SE;04/09/2026 10:00:00;Pendente de Retorno;SE;Aracaju;ALMOXARIFADO ESTADUAL DE MEDICAMENTOS - SERGIPE;28/07/2026 03:02:30
564748;TA0029;ARES;AJU - CASSIMIRO TRANSPORTES;;SE;04/09/2026 10:00:00;Pendente de Retorno;SE;Aracaju;ALMOXARIFADO ESTADUAL DE MEDICAMENTOS - SERGIPE;25/06/2026 10:51:37
564748;TA0030;ARES;AJU - CASSIMIRO TRANSPORTES;;SE;04/09/2026 10:00:00;Pendente de Retorno;SE;Aracaju;ALMOXARIFADO ESTADUAL DE MEDICAMENTOS - SERGIPE;20/07/2026 09:50:06
564748;TA0282;ARES;AJU - CASSIMIRO TRANSPORTES;;SE;04/09/2026 10:00:00;Pendente de Retorno;SE;Aracaju;ALMOXARIFADO ESTADUAL DE MEDICAMENTOS - SERGIPE;17/07/2026 08:28:48
564748;TA0394;ARES;AJU - CASSIMIRO TRANSPORTES;;SE;04/09/2026 10:00:00;Pendente de Retorno;SE;Aracaju;ALMOXARIFADO ESTADUAL DE MEDICAMENTOS - SERGIPE;27/07/2026 00:18:01
566062;TA0504;ARES;AJU - CASSIMIRO TRANSPORTES;;SE;04/09/2026 10:00:00;Pendente de Retorno;SE;Aracaju;ALMOXARIFADO ESTADUAL DE MEDICAMENTOS - SERGIPE;21/07/2026 00:11:55
564748;TA0637;ARES;AJU - CASSIMIRO TRANSPORTES;;SE;04/09/2026 10:00:00;Pendente de Retorno;SE;Aracaju;ALMOXARIFADO ESTADUAL DE MEDICAMENTOS - SERGIPE;23/07/2026 21:11:48
566062;TA0713;ARES;AJU - CASSIMIRO TRANSPORTES;;SE;04/09/2026 10:00:00;Pendente de Retorno;SE;Aracaju;ALMOXARIFADO ESTADUAL DE MEDICAMENTOS - SERGIPE;20/07/2026 11:35:55
564748;TA0764;ARES;AJU - CASSIMIRO TRANSPORTES;;SE;04/09/2026 10:00:00;Pendente de Retorno;SE;Aracaju;ALMOXARIFADO ESTADUAL DE MEDICAMENTOS - SERGIPE;09/07/2026 22:14:12
564748;TA0807;ARES;AJU - CASSIMIRO TRANSPORTES;;SE;04/09/2026 10:00:00;Pendente de Retorno;SE;Aracaju;ALMOXARIFADO ESTADUAL DE MEDICAMENTOS - SERGIPE;08/07/2026 11:32:47
564748;TA1039;ARES;AJU - CASSIMIRO TRANSPORTES;;SE;04/09/2026 10:00:00;Pendente de Retorno;SE;Aracaju;ALMOXARIFADO ESTADUAL DE MEDICAMENTOS - SERGIPE;21/07/2026 00:05:15
564748;TA1191;ARES;AJU - CASSIMIRO TRANSPORTES;;SE;04/09/2026 10:00:00;Retornado;SE;Aracaju;ALMOXARIFADO ESTADUAL DE MEDICAMENTOS - SERGIPE;16/09/2026 17:33:54
564748;TA1247;ARES;AJU - CASSIMIRO TRANSPORTES;;SE;04/09/2026 10:00:00;Pendente de Retorno;SE;Aracaju;ALMOXARIFADO ESTADUAL DE MEDICAMENTOS - SERGIPE;23/07/2026 20:46:00
566951;A6479;ARES;JPA - LIDER CARGAS;;PB;04/09/2026 09:50:00;Pendente de Retorno;PB;Joao Pessoa;JUSSIEL FRANÇA DA SILVA 00737.009323/2026-00;21/07/2026 17:44:30
566418;A8787;ARES;VIX - SOULOG EXPRESS;;ES;04/09/2026 09:37:00;Pendente de Retorno;ES;CACHOEIRO DE ITAPEMIRIM;ALINE DE OLIVEIRA FERREIRA;21/07/2026 17:30:59
565279;A0388;ARES;SLZ - REIS CAVALCANTE EXPRESSO;;MA;04/09/2026 09:30:50;Pendente de Retorno;MA;Sao Luis;HOSPITAL MACRORREGIONAL DRA RUTH NOLETO;20/07/2026 09:52:15
565279;A0663;ARES;SLZ - REIS CAVALCANTE EXPRESSO;;MA;04/09/2026 09:30:50;Pendente de Retorno;MA;Sao Luis;HOSPITAL MACRORREGIONAL DRA RUTH NOLETO;22/07/2026 23:46:49
565279;A2883;ARES;SLZ - REIS CAVALCANTE EXPRESSO;;MA;04/09/2026 09:30:50;Pendente de Retorno;MA;Sao Luis;HOSPITAL MACRORREGIONAL DRA RUTH NOLETO;23/07/2026 21:12:17
565279;A2985;ARES;SLZ - REIS CAVALCANTE EXPRESSO;;MA;04/09/2026 09:30:50;Pendente de Retorno;MA;Sao Luis;HOSPITAL MACRORREGIONAL DRA RUTH NOLETO;29/06/2026 16:56:21
565279;A3289;ARES;SLZ - REIS CAVALCANTE EXPRESSO;;MA;04/09/2026 09:30:50;Pendente de Retorno;MA;Sao Luis;HOSPITAL MACRORREGIONAL DRA RUTH NOLETO;08/07/2026 08:00:17
565279;A3682;ARES;SLZ - REIS CAVALCANTE EXPRESSO;;MA;04/09/2026 09:30:50;Pendente de Retorno;MA;Sao Luis;HOSPITAL MACRORREGIONAL DRA RUTH NOLETO;24/07/2026 08:38:04
565279;A4186;ARES;SLZ - REIS CAVALCANTE EXPRESSO;;MA;04/09/2026 09:30:50;Pendente de Retorno;MA;Sao Luis;HOSPITAL MACRORREGIONAL DRA RUTH NOLETO;24/07/2026 08:29:49
565279;A4222;ARES;SLZ - REIS CAVALCANTE EXPRESSO;;MA;04/09/2026 09:30:50;Pendente de Retorno;MA;Sao Luis;HOSPITAL MACRORREGIONAL DRA RUTH NOLETO;25/07/2026 22:23:04
565279;A4562;ARES;SLZ - REIS CAVALCANTE EXPRESSO;;MA;04/09/2026 09:30:50;Pendente de Retorno;MA;Sao Luis;HOSPITAL MACRORREGIONAL DRA RUTH NOLETO;22/07/2026 23:46:40
565279;A4808;ARES;SLZ - REIS CAVALCANTE EXPRESSO;;MA;04/09/2026 09:30:50;Pendente de Retorno;MA;Sao Luis;HOSPITAL MACRORREGIONAL DRA RUTH NOLETO;24/07/2026 08:32:40
565279;A5431;ARES;SLZ - REIS CAVALCANTE EXPRESSO;;MA;04/09/2026 09:30:50;Pendente de Retorno;MA;Sao Luis;HOSPITAL MACRORREGIONAL DRA RUTH NOLETO;26/07/2026 20:49:06
565279;A5509;ARES;SLZ - REIS CAVALCANTE EXPRESSO;;MA;04/09/2026 09:30:50;Pendente de Retorno;MA;Sao Luis;HOSPITAL MACRORREGIONAL DRA RUTH NOLETO;21/07/2026 17:31:24
565279;A6525;ARES;SLZ - REIS CAVALCANTE EXPRESSO;;MA;04/09/2026 09:30:50;Pendente de Retorno;MA;Sao Luis;HOSPITAL MACRORREGIONAL DRA RUTH NOLETO;21/07/2026 17:23:05
565279;A6609;ARES;SLZ - REIS CAVALCANTE EXPRESSO;;MA;04/09/2026 09:30:50;Pendente de Retorno;MA;Sao Luis;HOSPITAL MACRORREGIONAL DRA RUTH NOLETO;10/07/2026 02:12:22
565279;A6691;ARES;SLZ - REIS CAVALCANTE EXPRESSO;;MA;04/09/2026 09:30:50;Pendente de Retorno;MA;Sao Luis;HOSPITAL MACRORREGIONAL DRA RUTH NOLETO;27/07/2026 12:29:21
565279;A6866;ARES;SLZ - REIS CAVALCANTE EXPRESSO;;MA;04/09/2026 09:30:50;Pendente de Retorno;MA;Sao Luis;HOSPITAL MACRORREGIONAL DRA RUTH NOLETO;13/07/2026 02:22:02
565279;A7442;ARES;SLZ - REIS CAVALCANTE EXPRESSO;;MA;04/09/2026 09:30:50;Pendente de Retorno;MA;Sao Luis;HOSPITAL MACRORREGIONAL DRA RUTH NOLETO;10/07/2026 07:50:51
565279;A7544;ARES;SLZ - REIS CAVALCANTE EXPRESSO;;MA;04/09/2026 09:30:50;Pendente de Retorno;MA;Sao Luis;HOSPITAL MACRORREGIONAL DRA RUTH NOLETO;24/07/2026 08:32:05
565279;A7714;ARES;SLZ - REIS CAVALCANTE EXPRESSO;;MA;04/09/2026 09:30:50;Pendente de Retorno;MA;Sao Luis;HOSPITAL MACRORREGIONAL DRA RUTH NOLETO;23/07/2026 21:12:03
565279;A7718;ARES;SLZ - REIS CAVALCANTE EXPRESSO;;MA;04/09/2026 09:30:50;Pendente de Retorno;MA;Sao Luis;HOSPITAL MACRORREGIONAL DRA RUTH NOLETO;21/07/2026 22:24:20
565279;A8601;ARES;SLZ - REIS CAVALCANTE EXPRESSO;;MA;04/09/2026 09:30:50;Pendente de Retorno;MA;Sao Luis;HOSPITAL MACRORREGIONAL DRA RUTH NOLETO;23/07/2026 20:46:11
565279;A8879;ARES;SLZ - REIS CAVALCANTE EXPRESSO;;MA;04/09/2026 09:30:50;Pendente de Retorno;MA;Sao Luis;HOSPITAL MACRORREGIONAL DRA RUTH NOLETO;18/07/2026 08:01:58
565279;A8933;ARES;SLZ - REIS CAVALCANTE EXPRESSO;;MA;04/09/2026 09:30:50;Retornado;MA;Sao Luis;HOSPITAL MACRORREGIONAL DRA RUTH NOLETO;21/09/2026 12:59:49
565279;TA0042;ARES;SLZ - REIS CAVALCANTE EXPRESSO;;MA;04/09/2026 09:30:50;Pendente de Retorno;MA;Sao Luis;HOSPITAL MACRORREGIONAL DRA RUTH NOLETO;21/07/2026 00:01:54
565279;TA0321;ARES;SLZ - REIS CAVALCANTE EXPRESSO;;MA;04/09/2026 09:30:50;Pendente de Retorno;MA;Sao Luis;HOSPITAL MACRORREGIONAL DRA RUTH NOLETO;17/07/2026 08:46:38
565279;TA0373;ARES;SLZ - REIS CAVALCANTE EXPRESSO;;MA;04/09/2026 09:30:50;Pendente de Retorno;MA;Sao Luis;HOSPITAL MACRORREGIONAL DRA RUTH NOLETO;21/07/2026 17:45:20
565279;TA0613;ARES;SLZ - REIS CAVALCANTE EXPRESSO;;MA;04/09/2026 09:30:50;Pendente de Retorno;MA;Sao Luis;HOSPITAL MACRORREGIONAL DRA RUTH NOLETO;27/07/2026 17:17:12
567235;A8756;ARES;VTCLOG - GRU;;SP;04/09/2026 09:17:00;Pendente de Retorno;SP;Sao Jose dos Campos;GRUPO DE ASSISTENCIA A CRIANÇA COM CANCER;30/06/2026 08:26:59
565255;A0718;ARES;SSA - LUTY LOG;;BA;04/09/2026 08:52:17;Pendente de Retorno;BA;Simoes Filho;CENTRAL FARMACÊUTICA DO ESTADO DA BAHIA - CEFARBA;27/07/2026 15:33:53
565255;A1081;ARES;SSA - LUTY LOG;;BA;04/09/2026 08:52:17;Pendente de Retorno;BA;Simoes Filho;CENTRAL FARMACÊUTICA DO ESTADO DA BAHIA - CEFARBA;23/07/2026 20:46:19
565255;A2365;ARES;SSA - LUTY LOG;;BA;04/09/2026 08:52:17;Pendente de Retorno;BA;Simoes Filho;CENTRAL FARMACÊUTICA DO ESTADO DA BAHIA - CEFARBA;30/06/2026 08:34:29
565255;A2414;ARES;SSA - LUTY LOG;;BA;04/09/2026 08:52:17;Pendente de Retorno;BA;Simoes Filho;CENTRAL FARMACÊUTICA DO ESTADO DA BAHIA - CEFARBA;15/07/2026 21:25:44
565255;A2454;ARES;SSA - LUTY LOG;;BA;04/09/2026 08:52:17;Retornado;BA;Simoes Filho;CENTRAL FARMACÊUTICA DO ESTADO DA BAHIA - CEFARBA;21/09/2026 08:52:48
565255;A3067;ARES;SSA - LUTY LOG;;BA;04/09/2026 08:52:17;Pendente de Retorno;BA;Simoes Filho;CENTRAL FARMACÊUTICA DO ESTADO DA BAHIA - CEFARBA;30/06/2026 08:21:02
565255;A3713;ARES;SSA - LUTY LOG;;BA;04/09/2026 08:52:17;Pendente de Retorno;BA;Simoes Filho;CENTRAL FARMACÊUTICA DO ESTADO DA BAHIA - CEFARBA;21/07/2026 17:24:24
565255;A4444;ARES;SSA - LUTY LOG;;BA;04/09/2026 08:52:17;Pendente de Retorno;BA;Simoes Filho;CENTRAL FARMACÊUTICA DO ESTADO DA BAHIA - CEFARBA;27/07/2026 15:20:48
565255;A4593;ARES;SSA - LUTY LOG;;BA;04/09/2026 08:52:17;Pendente de Retorno;BA;Simoes Filho;CENTRAL FARMACÊUTICA DO ESTADO DA BAHIA - CEFARBA;23/06/2026 17:10:26
565255;A4857;ARES;SSA - LUTY LOG;;BA;04/09/2026 08:52:17;Pendente de Retorno;BA;Simoes Filho;CENTRAL FARMACÊUTICA DO ESTADO DA BAHIA - CEFARBA;21/07/2026 22:24:22
565255;A5044;ARES;SSA - LUTY LOG;;BA;04/09/2026 08:52:17;Pendente de Retorno;BA;Simoes Filho;CENTRAL FARMACÊUTICA DO ESTADO DA BAHIA - CEFARBA;27/07/2026 17:10:54
565255;A6172;ARES;SSA - LUTY LOG;;BA;04/09/2026 08:52:17;Pendente de Retorno;BA;Simoes Filho;CENTRAL FARMACÊUTICA DO ESTADO DA BAHIA - CEFARBA;20/07/2026 11:26:14
565255;A6191;ARES;SSA - LUTY LOG;;BA;04/09/2026 08:52:17;Pendente de Retorno;BA;Simoes Filho;CENTRAL FARMACÊUTICA DO ESTADO DA BAHIA - CEFARBA;24/07/2026 08:36:21
565255;A6472;ARES;SSA - LUTY LOG;;BA;04/09/2026 08:52:17;Pendente de Retorno;BA;Simoes Filho;CENTRAL FARMACÊUTICA DO ESTADO DA BAHIA - CEFARBA;13/07/2026 16:44:04
565255;A6826;ARES;SSA - LUTY LOG;;BA;04/09/2026 08:52:17;Pendente de Retorno;BA;Simoes Filho;CENTRAL FARMACÊUTICA DO ESTADO DA BAHIA - CEFARBA;18/07/2026 10:21:56
565255;A7739;ARES;SSA - LUTY LOG;;BA;04/09/2026 08:52:17;Pendente de Retorno;BA;Simoes Filho;CENTRAL FARMACÊUTICA DO ESTADO DA BAHIA - CEFARBA;20/07/2026 11:27:38
565255;A7976;ARES;SSA - LUTY LOG;;BA;04/09/2026 08:52:17;Pendente de Retorno;BA;Simoes Filho;CENTRAL FARMACÊUTICA DO ESTADO DA BAHIA - CEFARBA;22/07/2026 23:49:45
565255;A8174;ARES;SSA - LUTY LOG;;BA;04/09/2026 08:52:17;Pendente de Retorno;BA;Simoes Filho;CENTRAL FARMACÊUTICA DO ESTADO DA BAHIA - CEFARBA;18/07/2026 10:11:41
565255;A8632;ARES;SSA - LUTY LOG;;BA;04/09/2026 08:52:17;Pendente de Retorno;BA;Simoes Filho;CENTRAL FARMACÊUTICA DO ESTADO DA BAHIA - CEFARBA;17/07/2026 14:09:53
565255;A8978;ARES;SSA - LUTY LOG;;BA;04/09/2026 08:52:17;Pendente de Retorno;BA;Simoes Filho;CENTRAL FARMACÊUTICA DO ESTADO DA BAHIA - CEFARBA;22/07/2026 23:46:13
565255;A9169;ARES;SSA - LUTY LOG;;BA;04/09/2026 08:52:17;Retornado;BA;Simoes Filho;CENTRAL FARMACÊUTICA DO ESTADO DA BAHIA - CEFARBA;18/09/2026 12:05:18
565255;A9205;ARES;SSA - LUTY LOG;;BA;04/09/2026 08:52:17;Pendente de Retorno;BA;Simoes Filho;CENTRAL FARMACÊUTICA DO ESTADO DA BAHIA - CEFARBA;23/07/2026 21:09:08
565255;A9444;ARES;SSA - LUTY LOG;;BA;04/09/2026 08:52:17;Pendente de Retorno;BA;Simoes Filho;CENTRAL FARMACÊUTICA DO ESTADO DA BAHIA - CEFARBA;21/07/2026 17:47:03
565255;A9625;ARES;SSA - LUTY LOG;;BA;04/09/2026 08:52:17;Pendente de Retorno;BA;Simoes Filho;CENTRAL FARMACÊUTICA DO ESTADO DA BAHIA - CEFARBA;26/07/2026 20:46:20
565255;TA0354;ARES;SSA - LUTY LOG;;BA;04/09/2026 08:52:17;Pendente de Retorno;BA;Simoes Filho;CENTRAL FARMACÊUTICA DO ESTADO DA BAHIA - CEFARBA;04/07/2026 11:31:29
565255;TA0383;ARES;SSA - LUTY LOG;;BA;04/09/2026 08:52:17;Pendente de Retorno;BA;Simoes Filho;CENTRAL FARMACÊUTICA DO ESTADO DA BAHIA - CEFARBA;27/07/2026 15:24:57
565255;TA0663;ARES;SSA - LUTY LOG;;BA;04/09/2026 08:52:17;Pendente de Retorno;BA;Simoes Filho;CENTRAL FARMACÊUTICA DO ESTADO DA BAHIA - CEFARBA;10/07/2026 02:11:35
565255;TA0728;ARES;SSA - LUTY LOG;;BA;04/09/2026 08:52:17;Pendente de Retorno;BA;Simoes Filho;CENTRAL FARMACÊUTICA DO ESTADO DA BAHIA - CEFARBA;16/07/2026 09:07:35
565255;TA0754;ARES;SSA - LUTY LOG;;BA;04/09/2026 08:52:17;Pendente de Retorno;BA;Simoes Filho;CENTRAL FARMACÊUTICA DO ESTADO DA BAHIA - CEFARBA;22/07/2026 21:46:41
565255;TA0759;ARES;SSA - LUTY LOG;;BA;04/09/2026 08:52:17;Pendente de Retorno;BA;Simoes Filho;CENTRAL FARMACÊUTICA DO ESTADO DA BAHIA - CEFARBA;23/06/2026 15:14:19
565255;TA0910;ARES;SSA - LUTY LOG;;BA;04/09/2026 08:52:17;Pendente de Retorno;BA;Simoes Filho;CENTRAL FARMACÊUTICA DO ESTADO DA BAHIA - CEFARBA;21/07/2026 09:42:08
565255;TA0929;ARES;SSA - LUTY LOG;;BA;04/09/2026 08:52:17;Pendente de Retorno;BA;Simoes Filho;CENTRAL FARMACÊUTICA DO ESTADO DA BAHIA - CEFARBA;13/06/2026 15:27:19
565255;TA1022;ARES;SSA - LUTY LOG;;BA;04/09/2026 08:52:17;Pendente de Retorno;BA;Simoes Filho;CENTRAL FARMACÊUTICA DO ESTADO DA BAHIA - CEFARBA;20/07/2026 15:12:22
565255;TA1235;ARES;SSA - LUTY LOG;;BA;04/09/2026 08:52:17;Pendente de Retorno;BA;Simoes Filho;CENTRAL FARMACÊUTICA DO ESTADO DA BAHIA - CEFARBA;24/07/2026 08:25:40
566755;A2716;ARES;VTCLOG CNF - CONTAGEM;;MG;04/09/2026 08:30:00;Pendente de Retorno;MG;Diogo de Vasconcelos;NILTON PAULINO LEITE SEI 00737.025180/2024-11;22/07/2026 23:46:43
565874;A4476;ARES;VTCLOG RIO GALEAO;;RJ;03/09/2026 19:50:00;Pendente de Retorno;RJ;Niteroi;SECRETARIA ESTADUAL DE SAUDE;22/07/2026 23:49:14
565874;A5737;ARES;VTCLOG RIO GALEAO;;RJ;03/09/2026 19:50:00;Retornado;RJ;Niteroi;SECRETARIA ESTADUAL DE SAUDE;18/09/2026 10:47:20
565874;A8180;ARES;VTCLOG RIO GALEAO;;RJ;03/09/2026 19:50:00;Retornado;RJ;Niteroi;SECRETARIA ESTADUAL DE SAUDE;21/09/2026 13:39:32
565987;A4237;ARES;VTCLOG RIO GALEAO;;RJ;03/09/2026 19:30:00;Pendente de Retorno;RJ;Niteroi;SECRETARIA ESTADUAL DE SAUDE;21/07/2026 00:11:07
566042;A3113;ARES;MCP - A A CARVALHO ROCHA ME;;AP;03/09/2026 18:38:18;Pendente de Retorno;AP;Macapa;COORDENAÇÃO ESTADUAL DST/AIDS - ALMOXARIFADO - AP;21/07/2026 00:02:47
566042;A4732;ARES;MCP - A A CARVALHO ROCHA ME;;AP;03/09/2026 18:38:18;Pendente de Retorno;AP;Macapa;COORDENAÇÃO ESTADUAL DST/AIDS - ALMOXARIFADO - AP;21/07/2026 00:11:12
566011;A5645;ARES;MCP - A A CARVALHO ROCHA ME;;AP;03/09/2026 18:36:00;Pendente de Retorno;AP;Macapa;COORDENAÇÃO ESTADUAL DST/AIDS - ALMOXARIFADO - AP;30/06/2026 08:35:35
566432;A6061;ARES;VTCLOG RIO GALEAO;;MG;03/09/2026 18:00:00;Pendente de Retorno;MG;Recreio;SOFIA DE ALENCAR SANTOS  SEI 00737011802;27/07/2026 15:24:19
566816;A8421;ARES;PMW - MK BILLIG TRANSPORTES E LOGISTICA EIRELLI;;TO;03/09/2026 18:00:00;Pendente de Retorno;TO;Araguaina;HOSPITAL DE DOENÇAS TROPICAIS;20/07/2026 11:35:06
566983;A8772;ARES;PMW - MK BILLIG TRANSPORTES E LOGISTICA EIRELLI;;TO;03/09/2026 18:00:00;Pendente de Retorno;TO;Araguaina;HOSPITAL DE DOENÇAS TROPICAIS;29/06/2026 16:58:26
565247;A0252;ARES;MCP - A A CARVALHO ROCHA ME;;AP;03/09/2026 16:57:14;Pendente de Retorno;AP;Macapa;COORDENAÇÃO ESTADUAL DST/AIDS - ALMOXARIFADO - AP;21/07/2026 17:44:42
565247;A2655;ARES;MCP - A A CARVALHO ROCHA ME;;AP;03/09/2026 16:57:14;Pendente de Retorno;AP;Macapa;COORDENAÇÃO ESTADUAL DST/AIDS - ALMOXARIFADO - AP;21/07/2026 17:28:31
565247;A3368;ARES;MCP - A A CARVALHO ROCHA ME;;AP;03/09/2026 16:57:14;Pendente de Retorno;AP;Macapa;COORDENAÇÃO ESTADUAL DST/AIDS - ALMOXARIFADO - AP;17/07/2026 08:23:23
565247;A3438;ARES;MCP - A A CARVALHO ROCHA ME;;AP;03/09/2026 16:57:14;Pendente de Retorno;AP;Macapa;COORDENAÇÃO ESTADUAL DST/AIDS - ALMOXARIFADO - AP;10/07/2026 17:35:15
565247;A3744;ARES;MCP - A A CARVALHO ROCHA ME;;AP;03/09/2026 16:57:14;Pendente de Retorno;AP;Macapa;COORDENAÇÃO ESTADUAL DST/AIDS - ALMOXARIFADO - AP;18/07/2026 10:13:40
565247;A3818;ARES;MCP - A A CARVALHO ROCHA ME;;AP;03/09/2026 16:57:14;Pendente de Retorno;AP;Macapa;COORDENAÇÃO ESTADUAL DST/AIDS - ALMOXARIFADO - AP;27/07/2026 12:29:33
565247;A4307;ARES;MCP - A A CARVALHO ROCHA ME;;AP;03/09/2026 16:57:14;Pendente de Retorno;AP;Macapa;COORDENAÇÃO ESTADUAL DST/AIDS - ALMOXARIFADO - AP;13/07/2026 08:28:01
565247;A4360;ARES;MCP - A A CARVALHO ROCHA ME;;AP;03/09/2026 16:57:14;Pendente de Retorno;AP;Macapa;COORDENAÇÃO ESTADUAL DST/AIDS - ALMOXARIFADO - AP;26/07/2026 22:20:13
565247;A5208;ARES;MCP - A A CARVALHO ROCHA ME;;AP;03/09/2026 16:57:14;Pendente de Retorno;AP;Macapa;COORDENAÇÃO ESTADUAL DST/AIDS - ALMOXARIFADO - AP;27/07/2026 16:42:32
565247;A6335;ARES;MCP - A A CARVALHO ROCHA ME;;AP;03/09/2026 16:57:14;Pendente de Retorno;AP;Macapa;COORDENAÇÃO ESTADUAL DST/AIDS - ALMOXARIFADO - AP;23/07/2026 20:43:47
565247;A6383;ARES;MCP - A A CARVALHO ROCHA ME;;AP;03/09/2026 16:57:14;Pendente de Retorno;AP;Macapa;COORDENAÇÃO ESTADUAL DST/AIDS - ALMOXARIFADO - AP;20/07/2026 15:10:33
565247;A6552;ARES;MCP - A A CARVALHO ROCHA ME;;AP;03/09/2026 16:57:14;Retornado;AP;Macapa;COORDENAÇÃO ESTADUAL DST/AIDS - ALMOXARIFADO - AP;17/09/2026 11:52:28
565247;A7457;ARES;MCP - A A CARVALHO ROCHA ME;;AP;03/09/2026 16:57:14;Pendente de Retorno;AP;Macapa;COORDENAÇÃO ESTADUAL DST/AIDS - ALMOXARIFADO - AP;20/07/2026 09:50:40
565247;A7587;ARES;MCP - A A CARVALHO ROCHA ME;;AP;03/09/2026 16:57:14;Pendente de Retorno;AP;Macapa;COORDENAÇÃO ESTADUAL DST/AIDS - ALMOXARIFADO - AP;21/07/2026 17:24:17
565247;A8219;ARES;MCP - A A CARVALHO ROCHA ME;;AP;03/09/2026 16:57:14;Pendente de Retorno;AP;Macapa;COORDENAÇÃO ESTADUAL DST/AIDS - ALMOXARIFADO - AP;20/07/2026 11:27:57
565247;A8220;ARES;MCP - A A CARVALHO ROCHA ME;;AP;03/09/2026 16:57:14;Pendente de Retorno;AP;Macapa;COORDENAÇÃO ESTADUAL DST/AIDS - ALMOXARIFADO - AP;20/07/2026 11:37:10
565247;A8711;ARES;MCP - A A CARVALHO ROCHA ME;;AP;03/09/2026 16:57:14;Pendente de Retorno;AP;Macapa;COORDENAÇÃO ESTADUAL DST/AIDS - ALMOXARIFADO - AP;22/07/2026 08:56:21
565247;A8912;ARES;MCP - A A CARVALHO ROCHA ME;;AP;03/09/2026 16:57:14;Pendente de Retorno;AP;Macapa;COORDENAÇÃO ESTADUAL DST/AIDS - ALMOXARIFADO - AP;21/07/2026 17:44:29
565247;A9524;ARES;MCP - A A CARVALHO ROCHA ME;;AP;03/09/2026 16:57:14;Pendente de Retorno;AP;Macapa;COORDENAÇÃO ESTADUAL DST/AIDS - ALMOXARIFADO - AP;22/07/2026 08:59:29
565247;A9530;ARES;MCP - A A CARVALHO ROCHA ME;;AP;03/09/2026 16:57:14;Pendente de Retorno;AP;Macapa;COORDENAÇÃO ESTADUAL DST/AIDS - ALMOXARIFADO - AP;27/07/2026 17:10:22
565247;TA0327;ARES;MCP - A A CARVALHO ROCHA ME;;AP;03/09/2026 16:57:14;Pendente de Retorno;AP;Macapa;COORDENAÇÃO ESTADUAL DST/AIDS - ALMOXARIFADO - AP;25/07/2026 21:25:28
565247;TA1135;ARES;MCP - A A CARVALHO ROCHA ME;;AP;03/09/2026 16:57:14;Pendente de Retorno;AP;Macapa;COORDENAÇÃO ESTADUAL DST/AIDS - ALMOXARIFADO - AP;17/07/2026 08:37:34
565269;A0810;ARES;FOR - NT TRANSPORTE LTDA;;CE;03/09/2026 16:52:37;Pendente de Retorno;CE;Fortaleza;ALMOXARIFADO ESTADUAL DE MEDICAMENTOS;25/07/2026 21:27:32
565269;A2282;ARES;FOR - NT TRANSPORTE LTDA;;CE;03/09/2026 16:52:37;Pendente de Retorno;CE;Fortaleza;ALMOXARIFADO ESTADUAL DE MEDICAMENTOS;25/07/2026 21:25:34
565269;A2924;ARES;FOR - NT TRANSPORTE LTDA;;CE;03/09/2026 16:52:37;Pendente de Retorno;CE;Fortaleza;ALMOXARIFADO ESTADUAL DE MEDICAMENTOS;14/07/2026 10:50:20
565269;A3264;ARES;FOR - NT TRANSPORTE LTDA;;CE;03/09/2026 16:52:37;Pendente de Retorno;CE;Fortaleza;ALMOXARIFADO ESTADUAL DE MEDICAMENTOS;23/07/2026 08:39:09
565269;A3383;ARES;FOR - NT TRANSPORTE LTDA;;CE;03/09/2026 16:52:37;Pendente de Retorno;CE;Fortaleza;ALMOXARIFADO ESTADUAL DE MEDICAMENTOS;21/07/2026 00:02:08
565269;A3565;ARES;FOR - NT TRANSPORTE LTDA;;CE;03/09/2026 16:52:37;Pendente de Retorno;CE;Fortaleza;ALMOXARIFADO ESTADUAL DE MEDICAMENTOS;25/07/2026 21:26:45
565269;A3841;ARES;FOR - NT TRANSPORTE LTDA;;CE;03/09/2026 16:52:37;Pendente de Retorno;CE;Fortaleza;ALMOXARIFADO ESTADUAL DE MEDICAMENTOS;15/07/2026 21:27:35
565269;A4140;ARES;FOR - NT TRANSPORTE LTDA;;CE;03/09/2026 16:52:37;Pendente de Retorno;CE;Fortaleza;ALMOXARIFADO ESTADUAL DE MEDICAMENTOS;20/07/2026 15:10:05
565269;A4595;ARES;FOR - NT TRANSPORTE LTDA;;CE;03/09/2026 16:52:37;Pendente de Retorno;CE;Fortaleza;ALMOXARIFADO ESTADUAL DE MEDICAMENTOS;21/07/2026 17:28:13
565269;A4618;ARES;FOR - NT TRANSPORTE LTDA;;CE;03/09/2026 16:52:37;Pendente de Retorno;CE;Fortaleza;ALMOXARIFADO ESTADUAL DE MEDICAMENTOS;25/07/2026 21:24:55
565269;A4748;ARES;FOR - NT TRANSPORTE LTDA;;CE;03/09/2026 16:52:37;Pendente de Retorno;CE;Fortaleza;ALMOXARIFADO ESTADUAL DE MEDICAMENTOS;21/07/2026 00:12:23
565269;A4778;ARES;FOR - NT TRANSPORTE LTDA;;CE;03/09/2026 16:52:37;Pendente de Retorno;CE;Fortaleza;ALMOXARIFADO ESTADUAL DE MEDICAMENTOS;10/07/2026 02:11:59
565269;A4834;ARES;FOR - NT TRANSPORTE LTDA;;CE;03/09/2026 16:52:37;Pendente de Retorno;CE;Fortaleza;ALMOXARIFADO ESTADUAL DE MEDICAMENTOS;21/07/2026 22:24:08
565269;A5102;ARES;FOR - NT TRANSPORTE LTDA;;CE;03/09/2026 16:52:37;Pendente de Retorno;CE;Fortaleza;ALMOXARIFADO ESTADUAL DE MEDICAMENTOS;22/07/2026 21:43:38
565269;A5382;ARES;FOR - NT TRANSPORTE LTDA;;CE;03/09/2026 16:52:37;Pendente de Retorno;CE;Fortaleza;ALMOXARIFADO ESTADUAL DE MEDICAMENTOS;30/06/2026 07:22:21
565269;A5428;ARES;FOR - NT TRANSPORTE LTDA;;CE;03/09/2026 16:52:37;Pendente de Retorno;CE;Fortaleza;ALMOXARIFADO ESTADUAL DE MEDICAMENTOS;22/07/2026 21:42:10
565269;A5583;ARES;FOR - NT TRANSPORTE LTDA;;CE;03/09/2026 16:52:37;Retornado;CE;Fortaleza;ALMOXARIFADO ESTADUAL DE MEDICAMENTOS;21/09/2026 23:14:17
565269;A5929;ARES;FOR - NT TRANSPORTE LTDA;;CE;03/09/2026 16:52:37;Pendente de Retorno;CE;Fortaleza;ALMOXARIFADO ESTADUAL DE MEDICAMENTOS;09/07/2026 15:31:33
565269;A6309;ARES;FOR - NT TRANSPORTE LTDA;;CE;03/09/2026 16:52:37;Pendente de Retorno;CE;Fortaleza;ALMOXARIFADO ESTADUAL DE MEDICAMENTOS;27/07/2026 12:34:28
565269;A6516;ARES;FOR - NT TRANSPORTE LTDA;;CE;03/09/2026 16:52:37;Pendente de Retorno;CE;Fortaleza;ALMOXARIFADO ESTADUAL DE MEDICAMENTOS;21/07/2026 17:27:37
565269;A6524;ARES;FOR - NT TRANSPORTE LTDA;;CE;03/09/2026 16:52:37;Pendente de Retorno;CE;Fortaleza;ALMOXARIFADO ESTADUAL DE MEDICAMENTOS;16/07/2026 04:16:13
565269;A7215;ARES;FOR - NT TRANSPORTE LTDA;;CE;03/09/2026 16:52:37;Pendente de Retorno;CE;Fortaleza;ALMOXARIFADO ESTADUAL DE MEDICAMENTOS;23/06/2026 15:13:22
565269;A7456;ARES;FOR - NT TRANSPORTE LTDA;;CE;03/09/2026 16:52:37;Pendente de Retorno;CE;Fortaleza;ALMOXARIFADO ESTADUAL DE MEDICAMENTOS;26/07/2026 20:50:18
565269;A7800;ARES;FOR - NT TRANSPORTE LTDA;;CE;03/09/2026 16:52:37;Retornado;CE;Fortaleza;ALMOXARIFADO ESTADUAL DE MEDICAMENTOS;07/09/2026 14:40:51
565269;A7818;ARES;FOR - NT TRANSPORTE LTDA;;CE;03/09/2026 16:52:37;Pendente de Retorno;CE;Fortaleza;ALMOXARIFADO ESTADUAL DE MEDICAMENTOS;17/07/2026 08:22:34
565269;A7921;ARES;FOR - NT TRANSPORTE LTDA;;CE;03/09/2026 16:52:37;Pendente de Retorno;CE;Fortaleza;ALMOXARIFADO ESTADUAL DE MEDICAMENTOS;30/06/2026 08:57:42
565269;A8032;ARES;FOR - NT TRANSPORTE LTDA;;CE;03/09/2026 16:52:37;Pendente de Retorno;CE;Fortaleza;ALMOXARIFADO ESTADUAL DE MEDICAMENTOS;27/07/2026 15:21:26
565269;A9192;ARES;FOR - NT TRANSPORTE LTDA;;CE;03/09/2026 16:52:37;Pendente de Retorno;CE;Fortaleza;ALMOXARIFADO ESTADUAL DE MEDICAMENTOS;13/07/2026 16:25:47
565269;A9250;ARES;FOR - NT TRANSPORTE LTDA;;CE;03/09/2026 16:52:37;Pendente de Retorno;CE;Fortaleza;ALMOXARIFADO ESTADUAL DE MEDICAMENTOS;29/04/2026 16:47:38
565269;TA0110;ARES;FOR - NT TRANSPORTE LTDA;;CE;03/09/2026 16:52:37;Pendente de Retorno;CE;Fortaleza;ALMOXARIFADO ESTADUAL DE MEDICAMENTOS;18/07/2026 10:19:49
565269;TA0141;ARES;FOR - NT TRANSPORTE LTDA;;CE;03/09/2026 16:52:37;Retornado;CE;Fortaleza;ALMOXARIFADO ESTADUAL DE MEDICAMENTOS;20/09/2026 20:47:14
565269;TA0172;ARES;FOR - NT TRANSPORTE LTDA;;CE;03/09/2026 16:52:37;Retornado;CE;Fortaleza;ALMOXARIFADO ESTADUAL DE MEDICAMENTOS;21/09/2026 13:00:27
565269;TA0360;ARES;FOR - NT TRANSPORTE LTDA;;CE;03/09/2026 16:52:37;Pendente de Retorno;CE;Fortaleza;ALMOXARIFADO ESTADUAL DE MEDICAMENTOS;23/06/2026 08:18:49
565269;TA0520;ARES;FOR - NT TRANSPORTE LTDA;;CE;03/09/2026 16:52:37;Pendente de Retorno;CE;Fortaleza;ALMOXARIFADO ESTADUAL DE MEDICAMENTOS;18/07/2026 08:01:35
565269;TA0569;ARES;FOR - NT TRANSPORTE LTDA;;CE;03/09/2026 16:52:37;Pendente de Retorno;CE;Fortaleza;ALMOXARIFADO ESTADUAL DE MEDICAMENTOS;29/06/2026 17:05:39
565269;TA0761;ARES;FOR - NT TRANSPORTE LTDA;;CE;03/09/2026 16:52:37;Pendente de Retorno;CE;Fortaleza;ALMOXARIFADO ESTADUAL DE MEDICAMENTOS;21/07/2026 17:31:23
565269;TA0903;ARES;FOR - NT TRANSPORTE LTDA;;CE;03/09/2026 16:52:37;Pendente de Retorno;CE;Fortaleza;ALMOXARIFADO ESTADUAL DE MEDICAMENTOS;30/06/2026 07:26:36
565269;TA1175;ARES;FOR - NT TRANSPORTE LTDA;;CE;03/09/2026 16:52:37;Pendente de Retorno;CE;Fortaleza;ALMOXARIFADO ESTADUAL DE MEDICAMENTOS;13/07/2026 07:47:46
567152;A1622;ARES;VTCLOG - GRU;;SP;03/09/2026 16:19:34;Pendente de Retorno;SP;Barretos;HOSPITAL DE CÂNCER INFANTOJUVENIL DE BARRETOS;17/07/2026 16:16:37
566416;A5011;ARES;VIX - SOULOG EXPRESS;;ES;03/09/2026 16:05:00;Retornado;ES;VITORIA;MARIA ALICE COUTO DOS SANTOS SILVA 00737.000627/2019-74;21/09/2026 16:35:58
566649;A3653;ARES;FOR - NT TRANSPORTE LTDA;;CE;03/09/2026 16:01:00;Pendente de Retorno;CE;Fortaleza;JOSÉ ARTEIRO ALVES FEIJÃO 00737.018756/2025-67;23/07/2026 08:40:23
566217;A0042;ARES;MAO- GR TRANSPORTES E LOGISTICA MULTIMODAL;;AM;03/09/2026 15:51:33;Pendente de Retorno;AM;Manaus;CENTRAL MEDIC SECR EST SAUDE AMAZONA;22/07/2026 21:42:44
566217;A0175;ARES;MAO- GR TRANSPORTES E LOGISTICA MULTIMODAL;;AM;03/09/2026 15:51:33;Pendente de Retorno;AM;Manaus;CENTRAL MEDIC SECR EST SAUDE AMAZONA;27/07/2026 15:27:21
566217;A0832;ARES;MAO- GR TRANSPORTES E LOGISTICA MULTIMODAL;;AM;03/09/2026 15:51:33;Pendente de Retorno;AM;Manaus;CENTRAL MEDIC SECR EST SAUDE AMAZONA;17/07/2026 08:34:13
566217;A1908;ARES;MAO- GR TRANSPORTES E LOGISTICA MULTIMODAL;;AM;03/09/2026 15:51:33;Pendente de Retorno;AM;Manaus;CENTRAL MEDIC SECR EST SAUDE AMAZONA;09/07/2026 15:31:00
566217;A2184;ARES;MAO- GR TRANSPORTES E LOGISTICA MULTIMODAL;;AM;03/09/2026 15:51:33;Pendente de Retorno;AM;Manaus;CENTRAL MEDIC SECR EST SAUDE AMAZONA;23/06/2026 17:10:14
566217;A2337;ARES;MAO- GR TRANSPORTES E LOGISTICA MULTIMODAL;;AM;03/09/2026 15:51:33;Pendente de Retorno;AM;Manaus;CENTRAL MEDIC SECR EST SAUDE AMAZONA;24/07/2026 13:24:09
566217;A2756;ARES;MAO- GR TRANSPORTES E LOGISTICA MULTIMODAL;;AM;03/09/2026 15:51:33;Pendente de Retorno;AM;Manaus;CENTRAL MEDIC SECR EST SAUDE AMAZONA;24/07/2026 08:29:24
566217;A2959;ARES;MAO- GR TRANSPORTES E LOGISTICA MULTIMODAL;;AM;03/09/2026 15:51:33;Pendente de Retorno;AM;Manaus;CENTRAL MEDIC SECR EST SAUDE AMAZONA;17/07/2026 15:32:47
566217;A3109;ARES;MAO- GR TRANSPORTES E LOGISTICA MULTIMODAL;;AM;03/09/2026 15:51:33;Retornado;AM;Manaus;CENTRAL MEDIC SECR EST SAUDE AMAZONA;21/09/2026 13:00:56
566217;A3162;ARES;MAO- GR TRANSPORTES E LOGISTICA MULTIMODAL;;AM;03/09/2026 15:51:33;Pendente de Retorno;AM;Manaus;CENTRAL MEDIC SECR EST SAUDE AMAZONA;21/07/2026 00:11:52
566217;A3448;ARES;MAO- GR TRANSPORTES E LOGISTICA MULTIMODAL;;AM;03/09/2026 15:51:33;Pendente de Retorno;AM;Manaus;CENTRAL MEDIC SECR EST SAUDE AMAZONA;20/07/2026 09:52:14
566217;A3512;ARES;MAO- GR TRANSPORTES E LOGISTICA MULTIMODAL;;AM;03/09/2026 15:51:33;Pendente de Retorno;AM;Manaus;CENTRAL MEDIC SECR EST SAUDE AMAZONA;22/07/2026 21:42:24
566217;A3616;ARES;MAO- GR TRANSPORTES E LOGISTICA MULTIMODAL;;AM;03/09/2026 15:51:33;Pendente de Retorno;AM;Manaus;CENTRAL MEDIC SECR EST SAUDE AMAZONA;13/07/2026 16:27:39
566217;A3655;ARES;MAO- GR TRANSPORTES E LOGISTICA MULTIMODAL;;AM;03/09/2026 15:51:33;Pendente de Retorno;AM;Manaus;CENTRAL MEDIC SECR EST SAUDE AMAZONA;18/07/2026 08:00:21
566217;A3740;ARES;MAO- GR TRANSPORTES E LOGISTICA MULTIMODAL;;AM;03/09/2026 15:51:33;Pendente de Retorno;AM;Manaus;CENTRAL MEDIC SECR EST SAUDE AMAZONA;10/07/2026 13:11:56
566217;A4110;ARES;MAO- GR TRANSPORTES E LOGISTICA MULTIMODAL;;AM;03/09/2026 15:51:33;Pendente de Retorno;AM;Manaus;CENTRAL MEDIC SECR EST SAUDE AMAZONA;20/06/2026 10:05:44
566217;A4242;ARES;MAO- GR TRANSPORTES E LOGISTICA MULTIMODAL;;AM;03/09/2026 15:51:33;Pendente de Retorno;AM;Manaus;CENTRAL MEDIC SECR EST SAUDE AMAZONA;20/07/2026 09:50:52
566217;A4377;ARES;MAO- GR TRANSPORTES E LOGISTICA MULTIMODAL;;AM;03/09/2026 15:51:33;Pendente de Retorno;AM;Manaus;CENTRAL MEDIC SECR EST SAUDE AMAZONA;27/07/2026 17:21:31
566217;A4602;ARES;MAO- GR TRANSPORTES E LOGISTICA MULTIMODAL;;AM;03/09/2026 15:51:33;Pendente de Retorno;AM;Manaus;CENTRAL MEDIC SECR EST SAUDE AMAZONA;13/07/2026 08:24:48
566217;A4640;ARES;MAO- GR TRANSPORTES E LOGISTICA MULTIMODAL;;AM;03/09/2026 15:51:33;Retornado;AM;Manaus;CENTRAL MEDIC SECR EST SAUDE AMAZONA;11/09/2026 17:12:48
566217;A4838;ARES;MAO- GR TRANSPORTES E LOGISTICA MULTIMODAL;;AM;03/09/2026 15:51:33;Pendente de Retorno;AM;Manaus;CENTRAL MEDIC SECR EST SAUDE AMAZONA;23/07/2026 20:46:56
566217;A5413;ARES;MAO- GR TRANSPORTES E LOGISTICA MULTIMODAL;;AM;03/09/2026 15:51:33;Pendente de Retorno;AM;Manaus;CENTRAL MEDIC SECR EST SAUDE AMAZONA;20/07/2026 11:37:39
566217;A5453;ARES;MAO- GR TRANSPORTES E LOGISTICA MULTIMODAL;;AM;03/09/2026 15:51:33;Pendente de Retorno;AM;Manaus;CENTRAL MEDIC SECR EST SAUDE AMAZONA;13/07/2026 16:38:52
566217;A5528;ARES;MAO- GR TRANSPORTES E LOGISTICA MULTIMODAL;;AM;03/09/2026 15:51:33;Pendente de Retorno;AM;Manaus;CENTRAL MEDIC SECR EST SAUDE AMAZONA;21/07/2026 09:40:44
566217;A5752;ARES;MAO- GR TRANSPORTES E LOGISTICA MULTIMODAL;;AM;03/09/2026 15:51:33;Pendente de Retorno;AM;Manaus;CENTRAL MEDIC SECR EST SAUDE AMAZONA;18/07/2026 08:02:28
566217;A5778;ARES;MAO- GR TRANSPORTES E LOGISTICA MULTIMODAL;;AM;03/09/2026 15:51:33;Pendente de Retorno;AM;Manaus;CENTRAL MEDIC SECR EST SAUDE AMAZONA;04/05/2026 10:51:14
566217;A5790;ARES;MAO- GR TRANSPORTES E LOGISTICA MULTIMODAL;;AM;03/09/2026 15:51:33;Pendente de Retorno;AM;Manaus;CENTRAL MEDIC SECR EST SAUDE AMAZONA;27/07/2026 15:20:43
566217;A6087;ARES;MAO- GR TRANSPORTES E LOGISTICA MULTIMODAL;;AM;03/09/2026 15:51:33;Pendente de Retorno;AM;Manaus;CENTRAL MEDIC SECR EST SAUDE AMAZONA;09/07/2026 09:12:18
566217;A6170;ARES;MAO- GR TRANSPORTES E LOGISTICA MULTIMODAL;;AM;03/09/2026 15:51:33;Pendente de Retorno;AM;Manaus;CENTRAL MEDIC SECR EST SAUDE AMAZONA;23/07/2026 00:30:23
566217;A6387;ARES;MAO- GR TRANSPORTES E LOGISTICA MULTIMODAL;;AM;03/09/2026 15:51:33;Pendente de Retorno;AM;Manaus;CENTRAL MEDIC SECR EST SAUDE AMAZONA;01/07/2026 13:22:28
566217;A6518;ARES;MAO- GR TRANSPORTES E LOGISTICA MULTIMODAL;;AM;03/09/2026 15:51:33;Pendente de Retorno;AM;Manaus;CENTRAL MEDIC SECR EST SAUDE AMAZONA;21/07/2026 17:28:12
566217;A6546;ARES;MAO- GR TRANSPORTES E LOGISTICA MULTIMODAL;;AM;03/09/2026 15:51:33;Pendente de Retorno;AM;Manaus;CENTRAL MEDIC SECR EST SAUDE AMAZONA;30/06/2026 08:29:40
566217;A6819;ARES;MAO- GR TRANSPORTES E LOGISTICA MULTIMODAL;;AM;03/09/2026 15:51:33;Pendente de Retorno;AM;Manaus;CENTRAL MEDIC SECR EST SAUDE AMAZONA;14/07/2026 10:50:21
566217;A6829;ARES;MAO- GR TRANSPORTES E LOGISTICA MULTIMODAL;;AM;03/09/2026 15:51:33;Pendente de Retorno;AM;Manaus;CENTRAL MEDIC SECR EST SAUDE AMAZONA;21/07/2026 17:28:38
566217;A6906;ARES;MAO- GR TRANSPORTES E LOGISTICA MULTIMODAL;;AM;03/09/2026 15:51:33;Pendente de Retorno;AM;Manaus;CENTRAL MEDIC SECR EST SAUDE AMAZONA;17/07/2026 14:09:27
566217;A7032;ARES;MAO- GR TRANSPORTES E LOGISTICA MULTIMODAL;;AM;03/09/2026 15:51:33;Pendente de Retorno;AM;Manaus;CENTRAL MEDIC SECR EST SAUDE AMAZONA;21/07/2026 22:23:54
566217;A7062;ARES;MAO- GR TRANSPORTES E LOGISTICA MULTIMODAL;;AM;03/09/2026 15:51:33;Pendente de Retorno;AM;Manaus;CENTRAL MEDIC SECR EST SAUDE AMAZONA;22/07/2026 23:47:14
566217;A7064;ARES;MAO- GR TRANSPORTES E LOGISTICA MULTIMODAL;;AM;03/09/2026 15:51:33;Pendente de Retorno;AM;Manaus;CENTRAL MEDIC SECR EST SAUDE AMAZONA;13/07/2026 16:50:45
566217;A7131;ARES;MAO- GR TRANSPORTES E LOGISTICA MULTIMODAL;;AM;03/09/2026 15:51:33;Pendente de Retorno;AM;Manaus;CENTRAL MEDIC SECR EST SAUDE AMAZONA;13/07/2026 16:09:00
566217;A7133;ARES;MAO- GR TRANSPORTES E LOGISTICA MULTIMODAL;;AM;03/09/2026 15:51:33;Pendente de Retorno;AM;Manaus;CENTRAL MEDIC SECR EST SAUDE AMAZONA;27/07/2026 15:24:46
566217;A7136;ARES;MAO- GR TRANSPORTES E LOGISTICA MULTIMODAL;;AM;03/09/2026 15:51:33;Pendente de Retorno;AM;Manaus;CENTRAL MEDIC SECR EST SAUDE AMAZONA;10/07/2026 17:23:25
566217;A7137;ARES;MAO- GR TRANSPORTES E LOGISTICA MULTIMODAL;;AM;03/09/2026 15:51:33;Pendente de Retorno;AM;Manaus;CENTRAL MEDIC SECR EST SAUDE AMAZONA;27/07/2026 16:48:22
566217;A7259;ARES;MAO- GR TRANSPORTES E LOGISTICA MULTIMODAL;;AM;03/09/2026 15:51:33;Pendente de Retorno;AM;Manaus;CENTRAL MEDIC SECR EST SAUDE AMAZONA;08/07/2026 11:30:15
566217;A7314;ARES;MAO- GR TRANSPORTES E LOGISTICA MULTIMODAL;;AM;03/09/2026 15:51:33;Pendente de Retorno;AM;Manaus;CENTRAL MEDIC SECR EST SAUDE AMAZONA;16/07/2026 21:19:36
566217;A7343;ARES;MAO- GR TRANSPORTES E LOGISTICA MULTIMODAL;;AM;03/09/2026 15:51:33;Pendente de Retorno;AM;Manaus;CENTRAL MEDIC SECR EST SAUDE AMAZONA;17/07/2026 17:06:41
566217;A7632;ARES;MAO- GR TRANSPORTES E LOGISTICA MULTIMODAL;;AM;03/09/2026 15:51:33;Pendente de Retorno;AM;Manaus;CENTRAL MEDIC SECR EST SAUDE AMAZONA;09/07/2026 08:54:50
566217;A7641;ARES;MAO- GR TRANSPORTES E LOGISTICA MULTIMODAL;;AM;03/09/2026 15:51:33;Pendente de Retorno;AM;Manaus;CENTRAL MEDIC SECR EST SAUDE AMAZONA;29/06/2026 17:04:18
566217;A7716;ARES;MAO- GR TRANSPORTES E LOGISTICA MULTIMODAL;;AM;03/09/2026 15:51:33;Pendente de Retorno;AM;Manaus;CENTRAL MEDIC SECR EST SAUDE AMAZONA;20/07/2026 15:11:33
566217;A7760;ARES;MAO- GR TRANSPORTES E LOGISTICA MULTIMODAL;;AM;03/09/2026 15:51:33;Pendente de Retorno;AM;Manaus;CENTRAL MEDIC SECR EST SAUDE AMAZONA;27/07/2026 15:22:39
566217;A7796;ARES;MAO- GR TRANSPORTES E LOGISTICA MULTIMODAL;;AM;03/09/2026 15:51:33;Pendente de Retorno;AM;Manaus;CENTRAL MEDIC SECR EST SAUDE AMAZONA;14/07/2026 14:38:21
566217;A7860;ARES;MAO- GR TRANSPORTES E LOGISTICA MULTIMODAL;;AM;03/09/2026 15:51:33;Pendente de Retorno;AM;Manaus;CENTRAL MEDIC SECR EST SAUDE AMAZONA;18/07/2026 08:00:40
566217;A8028;ARES;MAO- GR TRANSPORTES E LOGISTICA MULTIMODAL;;AM;03/09/2026 15:51:33;Pendente de Retorno;AM;Manaus;CENTRAL MEDIC SECR EST SAUDE AMAZONA;27/07/2026 17:11:14
566217;A8279;ARES;MAO- GR TRANSPORTES E LOGISTICA MULTIMODAL;;AM;03/09/2026 15:51:33;Pendente de Retorno;AM;Manaus;CENTRAL MEDIC SECR EST SAUDE AMAZONA;21/07/2026 17:44:34
566217;A8321;ARES;MAO- GR TRANSPORTES E LOGISTICA MULTIMODAL;;AM;03/09/2026 15:51:33;Pendente de Retorno;AM;Manaus;CENTRAL MEDIC SECR EST SAUDE AMAZONA;14/07/2026 10:50:55
566217;A8344;ARES;MAO- GR TRANSPORTES E LOGISTICA MULTIMODAL;;AM;03/09/2026 15:51:33;Pendente de Retorno;AM;Manaus;CENTRAL MEDIC SECR EST SAUDE AMAZONA;13/07/2026 16:37:45
566217;A8480;ARES;MAO- GR TRANSPORTES E LOGISTICA MULTIMODAL;;AM;03/09/2026 15:51:33;Pendente de Retorno;AM;Manaus;CENTRAL MEDIC SECR EST SAUDE AMAZONA;20/07/2026 11:27:59
566217;A8482;ARES;MAO- GR TRANSPORTES E LOGISTICA MULTIMODAL;;AM;03/09/2026 15:51:33;Pendente de Retorno;AM;Manaus;CENTRAL MEDIC SECR EST SAUDE AMAZONA;09/07/2026 02:51:28
566217;A8782;ARES;MAO- GR TRANSPORTES E LOGISTICA MULTIMODAL;;AM;03/09/2026 15:51:33;Pendente de Retorno;AM;Manaus;CENTRAL MEDIC SECR EST SAUDE AMAZONA;23/07/2026 21:14:29
566217;A8805;ARES;MAO- GR TRANSPORTES E LOGISTICA MULTIMODAL;;AM;03/09/2026 15:51:33;Pendente de Retorno;AM;Manaus;CENTRAL MEDIC SECR EST SAUDE AMAZONA;23/06/2026 15:14:49
566217;A8899;ARES;MAO- GR TRANSPORTES E LOGISTICA MULTIMODAL;;AM;03/09/2026 15:51:33;Pendente de Retorno;AM;Manaus;CENTRAL MEDIC SECR EST SAUDE AMAZONA;27/07/2026 00:15:23
566217;A8957;ARES;MAO- GR TRANSPORTES E LOGISTICA MULTIMODAL;;AM;03/09/2026 15:51:33;Pendente de Retorno;AM;Manaus;CENTRAL MEDIC SECR EST SAUDE AMAZONA;27/07/2026 00:27:27
566217;A9064;ARES;MAO- GR TRANSPORTES E LOGISTICA MULTIMODAL;;AM;03/09/2026 15:51:33;Pendente de Retorno;AM;Manaus;CENTRAL MEDIC SECR EST SAUDE AMAZONA;14/07/2026 14:36:51
566217;A9067;ARES;MAO- GR TRANSPORTES E LOGISTICA MULTIMODAL;;AM;03/09/2026 15:51:33;Pendente de Retorno;AM;Manaus;CENTRAL MEDIC SECR EST SAUDE AMAZONA;18/07/2026 10:19:30
566217;A9272;ARES;MAO- GR TRANSPORTES E LOGISTICA MULTIMODAL;;AM;03/09/2026 15:51:33;Pendente de Retorno;AM;Manaus;CENTRAL MEDIC SECR EST SAUDE AMAZONA;20/07/2026 11:37:12
566217;A9279;ARES;MAO- GR TRANSPORTES E LOGISTICA MULTIMODAL;;AM;03/09/2026 15:51:33;Pendente de Retorno;AM;Manaus;CENTRAL MEDIC SECR EST SAUDE AMAZONA;27/07/2026 00:13:32
566217;A9295;ARES;MAO- GR TRANSPORTES E LOGISTICA MULTIMODAL;;AM;03/09/2026 15:51:33;Pendente de Retorno;AM;Manaus;CENTRAL MEDIC SECR EST SAUDE AMAZONA;21/07/2026 17:28:45
566217;A9364;ARES;MAO- GR TRANSPORTES E LOGISTICA MULTIMODAL;;AM;03/09/2026 15:51:33;Pendente de Retorno;AM;Manaus;CENTRAL MEDIC SECR EST SAUDE AMAZONA;17/07/2026 07:31:00
566217;A9516;ARES;MAO- GR TRANSPORTES E LOGISTICA MULTIMODAL;;AM;03/09/2026 15:51:33;Pendente de Retorno;AM;Manaus;CENTRAL MEDIC SECR EST SAUDE AMAZONA;18/07/2026 07:58:43
566217;A9548;ARES;MAO- GR TRANSPORTES E LOGISTICA MULTIMODAL;;AM;03/09/2026 15:51:33;Pendente de Retorno;AM;Manaus;CENTRAL MEDIC SECR EST SAUDE AMAZONA;22/07/2026 09:29:28
566217;A9716;ARES;MAO- GR TRANSPORTES E LOGISTICA MULTIMODAL;;AM;03/09/2026 15:51:33;Pendente de Retorno;AM;Manaus;CENTRAL MEDIC SECR EST SAUDE AMAZONA;22/07/2026 21:45:27
566217;TA0089;ARES;MAO- GR TRANSPORTES E LOGISTICA MULTIMODAL;;AM;03/09/2026 15:51:33;Pendente de Retorno;AM;Manaus;CENTRAL MEDIC SECR EST SAUDE AMAZONA;28/07/2026 03:05:23
566217;TA0334;ARES;MAO- GR TRANSPORTES E LOGISTICA MULTIMODAL;;AM;03/09/2026 15:51:33;Pendente de Retorno;AM;Manaus;CENTRAL MEDIC SECR EST SAUDE AMAZONA;18/07/2026 07:58:34
566217;TA0610;ARES;MAO- GR TRANSPORTES E LOGISTICA MULTIMODAL;;AM;03/09/2026 15:51:33;Pendente de Retorno;AM;Manaus;CENTRAL MEDIC SECR EST SAUDE AMAZONA;10/07/2026 17:29:57
566217;TA0616;ARES;MAO- GR TRANSPORTES E LOGISTICA MULTIMODAL;;AM;03/09/2026 15:51:33;Pendente de Retorno;AM;Manaus;CENTRAL MEDIC SECR EST SAUDE AMAZONA;21/07/2026 17:25:04
566217;TA0708;ARES;MAO- GR TRANSPORTES E LOGISTICA MULTIMODAL;;AM;03/09/2026 15:51:33;Pendente de Retorno;AM;Manaus;CENTRAL MEDIC SECR EST SAUDE AMAZONA;23/07/2026 20:43:37
566217;TA0763;ARES;MAO- GR TRANSPORTES E LOGISTICA MULTIMODAL;;AM;03/09/2026 15:51:33;Pendente de Retorno;AM;Manaus;CENTRAL MEDIC SECR EST SAUDE AMAZONA;13/07/2026 08:27:37
566217;TA0820;ARES;MAO- GR TRANSPORTES E LOGISTICA MULTIMODAL;;AM;03/09/2026 15:51:33;Pendente de Retorno;AM;Manaus;CENTRAL MEDIC SECR EST SAUDE AMAZONA;24/07/2026 08:36:46
566217;TA0821;ARES;MAO- GR TRANSPORTES E LOGISTICA MULTIMODAL;;AM;03/09/2026 15:51:33;Pendente de Retorno;AM;Manaus;CENTRAL MEDIC SECR EST SAUDE AMAZONA;14/07/2026 17:24:32
566217;TA0876;ARES;MAO- GR TRANSPORTES E LOGISTICA MULTIMODAL;;AM;03/09/2026 15:51:33;Pendente de Retorno;AM;Manaus;CENTRAL MEDIC SECR EST SAUDE AMAZONA;27/07/2026 12:34:20
566217;TA0908;ARES;MAO- GR TRANSPORTES E LOGISTICA MULTIMODAL;;AM;03/09/2026 15:51:33;Pendente de Retorno;AM;Manaus;CENTRAL MEDIC SECR EST SAUDE AMAZONA;21/07/2026 17:22:34
566217;TA0959;ARES;MAO- GR TRANSPORTES E LOGISTICA MULTIMODAL;;AM;03/09/2026 15:51:33;Pendente de Retorno;AM;Manaus;CENTRAL MEDIC SECR EST SAUDE AMAZONA;17/07/2026 08:46:44
566217;TA0991;ARES;MAO- GR TRANSPORTES E LOGISTICA MULTIMODAL;;AM;03/09/2026 15:51:33;Pendente de Retorno;AM;Manaus;CENTRAL MEDIC SECR EST SAUDE AMAZONA;17/07/2026 08:37:12
566217;TA1042;ARES;MAO- GR TRANSPORTES E LOGISTICA MULTIMODAL;;AM;03/09/2026 15:51:33;Pendente de Retorno;AM;Manaus;CENTRAL MEDIC SECR EST SAUDE AMAZONA;21/07/2026 00:00:30
566217;TA1067;ARES;MAO- GR TRANSPORTES E LOGISTICA MULTIMODAL;;AM;03/09/2026 15:51:33;Pendente de Retorno;AM;Manaus;CENTRAL MEDIC SECR EST SAUDE AMAZONA;21/07/2026 09:43:40
566217;TA1170;ARES;MAO- GR TRANSPORTES E LOGISTICA MULTIMODAL;;AM;03/09/2026 15:51:33;Pendente de Retorno;AM;Manaus;CENTRAL MEDIC SECR EST SAUDE AMAZONA;18/07/2026 10:19:23
566217;TA1192;ARES;MAO- GR TRANSPORTES E LOGISTICA MULTIMODAL;;AM;03/09/2026 15:51:33;Pendente de Retorno;AM;Manaus;CENTRAL MEDIC SECR EST SAUDE AMAZONA;14/07/2026 17:23:45
566217;TA1246;ARES;MAO- GR TRANSPORTES E LOGISTICA MULTIMODAL;;AM;03/09/2026 15:51:33;Pendente de Retorno;AM;Manaus;CENTRAL MEDIC SECR EST SAUDE AMAZONA;21/07/2026 00:07:13
567171;A9392;ARES;VTCLOG - GRU;;SP;03/09/2026 15:51:00;Pendente de Retorno;SP;SAO PAULO;APOLO FARIAS OLIVEIRA;23/07/2026 07:43:53
567145;A5508;ARES;VTCLOG - GRU;;SP;03/09/2026 15:48:00;Pendente de Retorno;SP;Mogi das Cruzes;SMS DE MOGI DAS CRUZES;06/07/2026 13:47:42
567145;A6858;ARES;VTCLOG - GRU;;SP;03/09/2026 15:48:00;Pendente de Retorno;SP;Mogi das Cruzes;SMS DE MOGI DAS CRUZES;27/07/2026 17:10:57
566817;A4871;ARES;VIX - SOULOG EXPRESS;;ES;03/09/2026 15:32:00;Pendente de Retorno;ES;VITORIA;SANTA CASA DE MISERICORDIA DE VITORIAES;20/07/2026 11:37:54
565205;A0130;ARES;MCZ - MCZ EXPRESS SERVICE LTDA;;AL;03/09/2026 15:30:00;Pendente de Retorno;AL;Maceio;SECRETARIA DE ESTADO DA SAUDE;24/07/2026 08:25:26
565205;A1068;ARES;MCZ - MCZ EXPRESS SERVICE LTDA;;AL;03/09/2026 15:30:00;Pendente de Retorno;AL;Maceio;SECRETARIA DE ESTADO DA SAUDE;13/07/2026 08:24:45
565205;A1514;ARES;MCZ - MCZ EXPRESS SERVICE LTDA;;AL;03/09/2026 15:30:00;Pendente de Retorno;AL;Maceio;SECRETARIA DE ESTADO DA SAUDE;27/07/2026 15:22:01
565205;A2643;ARES;MCZ - MCZ EXPRESS SERVICE LTDA;;AL;03/09/2026 15:30:00;Pendente de Retorno;AL;Maceio;SECRETARIA DE ESTADO DA SAUDE;16/07/2026 04:16:21
565205;A2846;ARES;MCZ - MCZ EXPRESS SERVICE LTDA;;AL;03/09/2026 15:30:00;Pendente de Retorno;AL;Maceio;SECRETARIA DE ESTADO DA SAUDE;23/07/2026 20:43:25
565205;A2949;ARES;MCZ - MCZ EXPRESS SERVICE LTDA;;AL;03/09/2026 15:30:00;Pendente de Retorno;AL;Maceio;SECRETARIA DE ESTADO DA SAUDE;18/07/2026 10:14:49
565205;A3079;ARES;MCZ - MCZ EXPRESS SERVICE LTDA;;AL;03/09/2026 15:30:00;Pendente de Retorno;AL;Maceio;SECRETARIA DE ESTADO DA SAUDE;24/07/2026 08:33:47
565205;A3096;ARES;MCZ - MCZ EXPRESS SERVICE LTDA;;AL;03/09/2026 15:30:00;Pendente de Retorno;AL;Maceio;SECRETARIA DE ESTADO DA SAUDE;24/07/2026 08:23:21
565205;A3631;ARES;MCZ - MCZ EXPRESS SERVICE LTDA;;AL;03/09/2026 15:30:00;Pendente de Retorno;AL;Maceio;SECRETARIA DE ESTADO DA SAUDE;23/06/2026 08:08:17
565205;A4056;ARES;MCZ - MCZ EXPRESS SERVICE LTDA;;AL;03/09/2026 15:30:00;Pendente de Retorno;AL;Maceio;SECRETARIA DE ESTADO DA SAUDE;21/07/2026 17:23:08
565205;A4693;ARES;MCZ - MCZ EXPRESS SERVICE LTDA;;AL;03/09/2026 15:30:00;Pendente de Retorno;AL;Maceio;SECRETARIA DE ESTADO DA SAUDE;22/07/2026 08:56:47
565205;A5120;ARES;MCZ - MCZ EXPRESS SERVICE LTDA;;AL;03/09/2026 15:30:00;Pendente de Retorno;AL;Maceio;SECRETARIA DE ESTADO DA SAUDE;24/07/2026 08:31:12
565205;A5169;ARES;MCZ - MCZ EXPRESS SERVICE LTDA;;AL;03/09/2026 15:30:00;Pendente de Retorno;AL;Maceio;SECRETARIA DE ESTADO DA SAUDE;24/07/2026 15:22:46
565205;A5170;ARES;MCZ - MCZ EXPRESS SERVICE LTDA;;AL;03/09/2026 15:30:00;Pendente de Retorno;AL;Maceio;SECRETARIA DE ESTADO DA SAUDE;10/07/2026 17:25:06
565205;A5332;ARES;MCZ - MCZ EXPRESS SERVICE LTDA;;AL;03/09/2026 15:30:00;Pendente de Retorno;AL;Maceio;SECRETARIA DE ESTADO DA SAUDE;18/07/2026 10:12:30
565205;A5514;ARES;MCZ - MCZ EXPRESS SERVICE LTDA;;AL;03/09/2026 15:30:00;Pendente de Retorno;AL;Maceio;SECRETARIA DE ESTADO DA SAUDE;22/07/2026 09:29:45
565205;A5685;ARES;MCZ - MCZ EXPRESS SERVICE LTDA;;AL;03/09/2026 15:30:00;Pendente de Retorno;AL;Maceio;SECRETARIA DE ESTADO DA SAUDE;13/07/2026 16:35:41
565205;A5686;ARES;MCZ - MCZ EXPRESS SERVICE LTDA;;AL;03/09/2026 15:30:00;Pendente de Retorno;AL;Maceio;SECRETARIA DE ESTADO DA SAUDE;23/07/2026 20:42:22
565205;A5944;ARES;MCZ - MCZ EXPRESS SERVICE LTDA;;AL;03/09/2026 15:30:00;Pendente de Retorno;AL;Maceio;SECRETARIA DE ESTADO DA SAUDE;10/07/2026 17:22:57
565205;A6381;ARES;MCZ - MCZ EXPRESS SERVICE LTDA;;AL;03/09/2026 15:30:00;Pendente de Retorno;AL;Maceio;SECRETARIA DE ESTADO DA SAUDE;14/07/2026 14:35:35
565205;A6774;ARES;MCZ - MCZ EXPRESS SERVICE LTDA;;AL;03/09/2026 15:30:00;Pendente de Retorno;AL;Maceio;SECRETARIA DE ESTADO DA SAUDE;26/07/2026 20:52:01
565205;A6970;ARES;MCZ - MCZ EXPRESS SERVICE LTDA;;AL;03/09/2026 15:30:00;Pendente de Retorno;AL;Maceio;SECRETARIA DE ESTADO DA SAUDE;18/07/2026 10:20:29
565205;A7209;ARES;MCZ - MCZ EXPRESS SERVICE LTDA;;AL;03/09/2026 15:30:00;Pendente de Retorno;AL;Maceio;SECRETARIA DE ESTADO DA SAUDE;10/07/2026 17:25:58
565205;A7295;ARES;MCZ - MCZ EXPRESS SERVICE LTDA;;AL;03/09/2026 15:30:00;Pendente de Retorno;AL;Maceio;SECRETARIA DE ESTADO DA SAUDE;27/07/2026 16:49:05
565205;A7327;ARES;MCZ - MCZ EXPRESS SERVICE LTDA;;AL;03/09/2026 15:30:00;Pendente de Retorno;AL;Maceio;SECRETARIA DE ESTADO DA SAUDE;21/07/2026 17:31:28
565205;A7526;ARES;MCZ - MCZ EXPRESS SERVICE LTDA;;AL;03/09/2026 15:30:00;Pendente de Retorno;AL;Maceio;SECRETARIA DE ESTADO DA SAUDE;23/07/2026 20:46:04
565205;A7807;ARES;MCZ - MCZ EXPRESS SERVICE LTDA;;AL;03/09/2026 15:30:00;Pendente de Retorno;AL;Maceio;SECRETARIA DE ESTADO DA SAUDE;13/07/2026 16:33:02
565205;A7936;ARES;MCZ - MCZ EXPRESS SERVICE LTDA;;AL;03/09/2026 15:30:00;Pendente de Retorno;AL;Maceio;SECRETARIA DE ESTADO DA SAUDE;26/07/2026 20:51:03
565205;A8271;ARES;MCZ - MCZ EXPRESS SERVICE LTDA;;AL;03/09/2026 15:30:00;Pendente de Retorno;AL;Maceio;SECRETARIA DE ESTADO DA SAUDE;10/07/2026 17:25:51
565205;A8534;ARES;MCZ - MCZ EXPRESS SERVICE LTDA;;AL;03/09/2026 15:30:00;Pendente de Retorno;AL;Maceio;SECRETARIA DE ESTADO DA SAUDE;23/07/2026 20:43:31
565205;A8743;ARES;MCZ - MCZ EXPRESS SERVICE LTDA;;AL;03/09/2026 15:30:00;Pendente de Retorno;AL;Maceio;SECRETARIA DE ESTADO DA SAUDE;27/07/2026 16:47:38
565205;A8819;ARES;MCZ - MCZ EXPRESS SERVICE LTDA;;AL;03/09/2026 15:30:00;Pendente de Retorno;AL;Maceio;SECRETARIA DE ESTADO DA SAUDE;09/07/2026 23:51:19
565205;A9336;ARES;MCZ - MCZ EXPRESS SERVICE LTDA;;AL;03/09/2026 15:30:00;Pendente de Retorno;AL;Maceio;SECRETARIA DE ESTADO DA SAUDE;09/07/2026 02:52:42
565205;A9474;ARES;MCZ - MCZ EXPRESS SERVICE LTDA;;AL;03/09/2026 15:30:00;Pendente de Retorno;AL;Maceio;SECRETARIA DE ESTADO DA SAUDE;24/07/2026 08:30:22
565205;A9484;ARES;MCZ - MCZ EXPRESS SERVICE LTDA;;AL;03/09/2026 15:30:00;Pendente de Retorno;AL;Maceio;SECRETARIA DE ESTADO DA SAUDE;18/07/2026 07:57:32
565205;A9488;ARES;MCZ - MCZ EXPRESS SERVICE LTDA;;AL;03/09/2026 15:30:00;Pendente de Retorno;AL;Maceio;SECRETARIA DE ESTADO DA SAUDE;14/07/2026 14:34:01
565205;A9562;ARES;MCZ - MCZ EXPRESS SERVICE LTDA;;AL;03/09/2026 15:30:00;Pendente de Retorno;AL;Maceio;SECRETARIA DE ESTADO DA SAUDE;24/07/2026 08:23:42
565205;A9593;ARES;MCZ - MCZ EXPRESS SERVICE LTDA;;AL;03/09/2026 15:30:00;Pendente de Retorno;AL;Maceio;SECRETARIA DE ESTADO DA SAUDE;18/07/2026 07:58:09
565205;A9606;ARES;MCZ - MCZ EXPRESS SERVICE LTDA;;AL;03/09/2026 15:30:00;Pendente de Retorno;AL;Maceio;SECRETARIA DE ESTADO DA SAUDE;21/07/2026 17:44:02
565205;A9671;ARES;MCZ - MCZ EXPRESS SERVICE LTDA;;AL;03/09/2026 15:30:00;Pendente de Retorno;AL;Maceio;SECRETARIA DE ESTADO DA SAUDE;23/06/2026 08:05:25
565205;A9696;ARES;MCZ - MCZ EXPRESS SERVICE LTDA;;AL;03/09/2026 15:30:00;Pendente de Retorno;AL;Maceio;SECRETARIA DE ESTADO DA SAUDE;10/07/2026 17:34:48
565205;TA0127;ARES;MCZ - MCZ EXPRESS SERVICE LTDA;;AL;03/09/2026 15:30:00;Pendente de Retorno;AL;Maceio;SECRETARIA DE ESTADO DA SAUDE;20/07/2026 11:27:09
565205;TA0168;ARES;MCZ - MCZ EXPRESS SERVICE LTDA;;AL;03/09/2026 15:30:00;Pendente de Retorno;AL;Maceio;SECRETARIA DE ESTADO DA SAUDE;13/07/2026 16:17:32
565205;TA0188;ARES;MCZ - MCZ EXPRESS SERVICE LTDA;;AL;03/09/2026 15:30:00;Pendente de Retorno;AL;Maceio;SECRETARIA DE ESTADO DA SAUDE;30/06/2026 09:01:02
565205;TA0281;ARES;MCZ - MCZ EXPRESS SERVICE LTDA;;AL;03/09/2026 15:30:00;Pendente de Retorno;AL;Maceio;SECRETARIA DE ESTADO DA SAUDE;13/07/2026 08:20:06
565205;TA0296;ARES;MCZ - MCZ EXPRESS SERVICE LTDA;;AL;03/09/2026 15:30:00;Pendente de Retorno;AL;Maceio;SECRETARIA DE ESTADO DA SAUDE;27/07/2026 17:10:36
565205;TA0338;ARES;MCZ - MCZ EXPRESS SERVICE LTDA;;AL;03/09/2026 15:30:00;Pendente de Retorno;AL;Maceio;SECRETARIA DE ESTADO DA SAUDE;09/07/2026 08:57:27
565205;TA0747;ARES;MCZ - MCZ EXPRESS SERVICE LTDA;;AL;03/09/2026 15:30:00;Pendente de Retorno;AL;Maceio;SECRETARIA DE ESTADO DA SAUDE;21/07/2026 17:25:46
565205;TA1030;ARES;MCZ - MCZ EXPRESS SERVICE LTDA;;AL;03/09/2026 15:30:00;Pendente de Retorno;AL;Maceio;SECRETARIA DE ESTADO DA SAUDE;14/07/2026 10:50:57
565205;TA1234;ARES;MCZ - MCZ EXPRESS SERVICE LTDA;;AL;03/09/2026 15:30:00;Pendente de Retorno;AL;Maceio;SECRETARIA DE ESTADO DA SAUDE;09/06/2026 20:27:55
566724;A6365;ARES;MAO- GR TRANSPORTES E LOGISTICA MULTIMODAL;;AM;03/09/2026 15:19:50;Pendente de Retorno;AM;Manaus;IRINEU MENDES 00737.014789/2026-19;30/06/2026 07:24:54
566005;A5785;ARES;BEL - MH FROTA TRANSPORTE;;PA;03/09/2026 15:15:00;Pendente de Retorno;PA;Ananindeua;SEC DE ESTADO DE SAUDE PULB DO PARA;18/07/2026 10:10:08
566005;A6575;ARES;BEL - MH FROTA TRANSPORTE;;PA;03/09/2026 15:15:00;Pendente de Retorno;PA;Ananindeua;SEC DE ESTADO DE SAUDE PULB DO PARA;09/07/2026 09:01:18
567051;TA0873;ARES;VTCLOG - GRU;;SP;03/09/2026 15:15:00;Pendente de Retorno;SP;Braganca Paulista;DAVI KENZO BONFIM ISHII-SEI 00737.002264/2022-15;13/07/2026 07:45:24
567153;A4161;ARES;VTCLOG - GRU;;SP;03/09/2026 15:14:00;Pendente de Retorno;SP;CAMPINAS;HOSPITAL DAS CLINICAS DE CAMPINAS - UNICAMP/SP/NÚC;24/07/2026 08:35:47
567153;A7944;ARES;VTCLOG - GRU;;SP;03/09/2026 15:14:00;Pendente de Retorno;SP;CAMPINAS;HOSPITAL DAS CLINICAS DE CAMPINAS - UNICAMP/SP/NÚC;20/07/2026 11:26:38
566978;A3015;ARES;NAT - CSM CARGO;;RN;03/09/2026 15:10:00;Pendente de Retorno;RN;Natal;NATAL HOSPITAL CENTER SC LTDA;23/06/2026 08:05:02
566976;A0530;ARES;SLZ - REIS CAVALCANTE EXPRESSO;;MA;03/09/2026 15:00:00;Pendente de Retorno;MA;Sao Luis;HOSPITAL PRESIDENTE VARGAS;10/06/2026 17:07:38
566735;A7182;ARES;MOC - LOG SERVIÇOS;;MG;03/09/2026 15:00:00;Pendente de Retorno;MG;Montes Claros;ALCEU BISPO NOVAIS 00737.015188/2026-23;13/07/2026 08:43:07
565876;A8291;ARES;PVH - RODOTEC;;RO;03/09/2026 15:00:00;Pendente de Retorno;RO;Porto Velho;ALMOXARIFADO ESTADUAL DE MEDICAMENTOS - RONDÔNIA;21/07/2026 17:26:41
567044;A9273;ARES;VTCLOG - GRU;;SP;03/09/2026 14:42:00;Pendente de Retorno;SP;Pardinho;BENÍCIO SANTOS REZENDE;26/07/2026 20:46:32
566977;A8133;ARES;VTCLOG - BSB;;MG;03/09/2026 14:39:49;Pendente de Retorno;MG;Paracatu;CENTRO DE SAÚDE PAULO V. LOUREIRO;24/07/2026 08:34:38
565421;A0400;ARES;NAT - CSM CARGO;;RN;03/09/2026 14:35:00;Pendente de Retorno;RN;Natal;ALMOXARIFADO ESTADUAL DE MEDICAMENTOS;22/07/2026 09:01:54
565421;A1903;ARES;NAT - CSM CARGO;;RN;03/09/2026 14:35:00;Pendente de Retorno;RN;Natal;ALMOXARIFADO ESTADUAL DE MEDICAMENTOS;27/07/2026 17:17:43
565421;A2103;ARES;NAT - CSM CARGO;;RN;03/09/2026 14:35:00;Pendente de Retorno;RN;Natal;ALMOXARIFADO ESTADUAL DE MEDICAMENTOS;23/06/2026 08:24:03
565421;A3509;ARES;NAT - CSM CARGO;;RN;03/09/2026 14:35:00;Pendente de Retorno;RN;Natal;ALMOXARIFADO ESTADUAL DE MEDICAMENTOS;15/07/2026 21:28:53
565421;A5271;ARES;NAT - CSM CARGO;;RN;03/09/2026 14:35:00;Pendente de Retorno;RN;Natal;ALMOXARIFADO ESTADUAL DE MEDICAMENTOS;27/07/2026 15:26:59
565421;A5754;ARES;NAT - CSM CARGO;;RN;03/09/2026 14:35:00;Pendente de Retorno;RN;Natal;ALMOXARIFADO ESTADUAL DE MEDICAMENTOS;27/07/2026 12:32:29
565421;A5838;ARES;NAT - CSM CARGO;;RN;03/09/2026 14:35:00;Pendente de Retorno;RN;Natal;ALMOXARIFADO ESTADUAL DE MEDICAMENTOS;21/07/2026 17:23:20
565421;A5894;ARES;NAT - CSM CARGO;;RN;03/09/2026 14:35:00;Pendente de Retorno;RN;Natal;ALMOXARIFADO ESTADUAL DE MEDICAMENTOS;21/07/2026 00:12:16
565421;A7839;ARES;NAT - CSM CARGO;;RN;03/09/2026 14:35:00;Pendente de Retorno;RN;Natal;ALMOXARIFADO ESTADUAL DE MEDICAMENTOS;20/07/2026 11:26:35
565875;TA0047;ARES;NAT - CSM CARGO;;RN;03/09/2026 14:35:00;Pendente de Retorno;RN;Natal;ALMOXARIFADO ESTADUAL DE MEDICAMENTOS;21/07/2026 09:41:27
566815;A7297;ARES;VTCLOG RIO GALEAO;;MG;03/09/2026 14:22:00;Pendente de Retorno;MG;Juiz de Fora;HOSPITAL E MATERNIDADE TEREZINHA DE JESUS;03/07/2026 08:34:20
566228;A0222;ARES;VTCLOG RIO GALEAO;;RJ;03/09/2026 14:20:00;Pendente de Retorno;RJ;RIO DE JANEIRO;INSTITUTO NACIONAL DE CANCER;20/07/2026 11:35:51
566228;A4837;ARES;VTCLOG RIO GALEAO;;RJ;03/09/2026 14:20:00;Pendente de Retorno;RJ;RIO DE JANEIRO;INSTITUTO NACIONAL DE CANCER;27/07/2026 15:25:43
566228;A5160;ARES;VTCLOG RIO GALEAO;;RJ;03/09/2026 14:20:00;Pendente de Retorno;RJ;RIO DE JANEIRO;INSTITUTO NACIONAL DE CANCER;22/07/2026 21:42:38
566228;A5779;ARES;VTCLOG RIO GALEAO;;RJ;03/09/2026 14:20:00;Pendente de Retorno;RJ;RIO DE JANEIRO;INSTITUTO NACIONAL DE CANCER;20/07/2026 09:51:50
566228;A6264;ARES;VTCLOG RIO GALEAO;;RJ;03/09/2026 14:20:00;Pendente de Retorno;RJ;RIO DE JANEIRO;INSTITUTO NACIONAL DE CANCER;22/07/2026 08:59:33
566228;A6903;ARES;VTCLOG RIO GALEAO;;RJ;03/09/2026 14:20:00;Pendente de Retorno;RJ;RIO DE JANEIRO;INSTITUTO NACIONAL DE CANCER;25/07/2026 12:08:01
566228;TA0783;ARES;VTCLOG RIO GALEAO;;RJ;03/09/2026 14:20:00;Pendente de Retorno;RJ;RIO DE JANEIRO;INSTITUTO NACIONAL DE CANCER;27/07/2026 00:13:19
566736;A3018;ARES;PNZ - GERLOG - GERENCIAMENTO LOGISTICO;;BA;03/09/2026 14:00:00;Pendente de Retorno;BA;Juazeiro;VALDENIRA CARVALHO DE AGUIAR 00737.010112/2026-10;13/07/2026 16:29:12
566473;A4365;ARES;FLN - TGEX TRANSPORTES E LOCACAO DE VEIC;;SC;03/09/2026 14:00:00;Pendente de Retorno;SC;Lages;SMS DE LAGES;21/07/2026 17:44:17
566971;A6007;ARES;PNZ - GERLOG - GERENCIAMENTO LOGISTICO;;BA;03/09/2026 14:00:00;Pendente de Retorno;BA;Juazeiro;BAHIA SSA GABINETE DO SECRETARIO;21/07/2026 17:16:18
565986;A9210;ARES;CGR - LH TRANSPORTES;;MS;03/09/2026 14:00:00;Pendente de Retorno;MS;Campo Grande;LIM - LOGISTICA INTELIGENTE DE MEDICAMENTOS;21/07/2026 17:43:19
566795;A8937;ARES;UDI - ENTREGAS URGENTES LTDA;;MG;03/09/2026 13:42:00;Pendente de Retorno;MG;Patos de Minas;HOSPITAL ANTONIO DIAS;20/07/2026 11:34:48
565274;A0313;ARES;VIX - SOULOG EXPRESS;;ES;03/09/2026 13:32:31;Pendente de Retorno;ES;VITORIA;LABORATORIO CENTRAL SAUDE PUBLICA ESPIRITO SANTO -;22/07/2026 17:03:13
565274;A0979;ARES;VIX - SOULOG EXPRESS;;ES;03/09/2026 13:32:31;Pendente de Retorno;ES;VITORIA;LABORATORIO CENTRAL SAUDE PUBLICA ESPIRITO SANTO -;21/07/2026 17:42:05
565274;A1787;ARES;VIX - SOULOG EXPRESS;;ES;03/09/2026 13:32:31;Pendente de Retorno;ES;VITORIA;LABORATORIO CENTRAL SAUDE PUBLICA ESPIRITO SANTO -;22/07/2026 09:31:41
565274;A1913;ARES;VIX - SOULOG EXPRESS;;ES;03/09/2026 13:32:31;Pendente de Retorno;ES;VITORIA;LABORATORIO CENTRAL SAUDE PUBLICA ESPIRITO SANTO -;21/07/2026 17:10:36
565274;A1938;ARES;VIX - SOULOG EXPRESS;;ES;03/09/2026 13:32:31;Pendente de Retorno;ES;VITORIA;LABORATORIO CENTRAL SAUDE PUBLICA ESPIRITO SANTO -;23/07/2026 21:12:34
565274;A2963;ARES;VIX - SOULOG EXPRESS;;ES;03/09/2026 13:32:31;Pendente de Retorno;ES;VITORIA;LABORATORIO CENTRAL SAUDE PUBLICA ESPIRITO SANTO -;13/07/2026 08:41:13
565274;A4171;ARES;VIX - SOULOG EXPRESS;;ES;03/09/2026 13:32:31;Pendente de Retorno;ES;VITORIA;LABORATORIO CENTRAL SAUDE PUBLICA ESPIRITO SANTO -;10/07/2026 17:22:15
565274;A4345;ARES;VIX - SOULOG EXPRESS;;ES;03/09/2026 13:32:31;Pendente de Retorno;ES;VITORIA;LABORATORIO CENTRAL SAUDE PUBLICA ESPIRITO SANTO -;23/06/2026 08:18:35
565274;A4960;ARES;VIX - SOULOG EXPRESS;;ES;03/09/2026 13:32:31;Pendente de Retorno;ES;VITORIA;LABORATORIO CENTRAL SAUDE PUBLICA ESPIRITO SANTO -;23/06/2026 17:09:28
565274;A5018;ARES;VIX - SOULOG EXPRESS;;ES;03/09/2026 13:32:31;Pendente de Retorno;ES;VITORIA;LABORATORIO CENTRAL SAUDE PUBLICA ESPIRITO SANTO -;17/07/2026 15:32:06
565274;A5226;ARES;VIX - SOULOG EXPRESS;;ES;03/09/2026 13:32:31;Pendente de Retorno;ES;VITORIA;LABORATORIO CENTRAL SAUDE PUBLICA ESPIRITO SANTO -;22/07/2026 08:58:31
565274;A5479;ARES;VIX - SOULOG EXPRESS;;ES;03/09/2026 13:32:31;Pendente de Retorno;ES;VITORIA;LABORATORIO CENTRAL SAUDE PUBLICA ESPIRITO SANTO -;17/07/2026 08:30:34
565274;A6246;ARES;VIX - SOULOG EXPRESS;;ES;03/09/2026 13:32:31;Pendente de Retorno;ES;VITORIA;LABORATORIO CENTRAL SAUDE PUBLICA ESPIRITO SANTO -;23/07/2026 00:29:55
565274;A6278;ARES;VIX - SOULOG EXPRESS;;ES;03/09/2026 13:32:31;Pendente de Retorno;ES;VITORIA;LABORATORIO CENTRAL SAUDE PUBLICA ESPIRITO SANTO -;09/07/2026 16:01:01
565274;A6301;ARES;VIX - SOULOG EXPRESS;;ES;03/09/2026 13:32:31;Pendente de Retorno;ES;VITORIA;LABORATORIO CENTRAL SAUDE PUBLICA ESPIRITO SANTO -;01/07/2026 08:16:15
565274;A6589;ARES;VIX - SOULOG EXPRESS;;ES;03/09/2026 13:32:31;Pendente de Retorno;ES;VITORIA;LABORATORIO CENTRAL SAUDE PUBLICA ESPIRITO SANTO -;22/07/2026 23:45:13
565274;A6634;ARES;VIX - SOULOG EXPRESS;;ES;03/09/2026 13:32:31;Pendente de Retorno;ES;VITORIA;LABORATORIO CENTRAL SAUDE PUBLICA ESPIRITO SANTO -;23/07/2026 07:43:45
565274;A6707;ARES;VIX - SOULOG EXPRESS;;ES;03/09/2026 13:32:31;Pendente de Retorno;ES;VITORIA;LABORATORIO CENTRAL SAUDE PUBLICA ESPIRITO SANTO -;27/07/2026 15:22:02
565274;A6874;ARES;VIX - SOULOG EXPRESS;;ES;03/09/2026 13:32:31;Pendente de Retorno;ES;VITORIA;LABORATORIO CENTRAL SAUDE PUBLICA ESPIRITO SANTO -;20/07/2026 15:12:52
565274;A6937;ARES;VIX - SOULOG EXPRESS;;ES;03/09/2026 13:32:31;Pendente de Retorno;ES;VITORIA;LABORATORIO CENTRAL SAUDE PUBLICA ESPIRITO SANTO -;14/07/2026 17:04:31
565274;A7395;ARES;VIX - SOULOG EXPRESS;;ES;03/09/2026 13:32:31;Pendente de Retorno;ES;VITORIA;LABORATORIO CENTRAL SAUDE PUBLICA ESPIRITO SANTO -;27/07/2026 17:12:30
565274;A7494;ARES;VIX - SOULOG EXPRESS;;ES;03/09/2026 13:32:31;Pendente de Retorno;ES;VITORIA;LABORATORIO CENTRAL SAUDE PUBLICA ESPIRITO SANTO -;22/07/2026 23:44:50
565274;A8399;ARES;VIX - SOULOG EXPRESS;;ES;03/09/2026 13:32:31;Pendente de Retorno;ES;VITORIA;LABORATORIO CENTRAL SAUDE PUBLICA ESPIRITO SANTO -;13/07/2026 16:47:48
565274;A9055;ARES;VIX - SOULOG EXPRESS;;ES;03/09/2026 13:32:31;Pendente de Retorno;ES;VITORIA;LABORATORIO CENTRAL SAUDE PUBLICA ESPIRITO SANTO -;21/07/2026 17:46:21
565274;A9208;ARES;VIX - SOULOG EXPRESS;;ES;03/09/2026 13:32:31;Pendente de Retorno;ES;VITORIA;LABORATORIO CENTRAL SAUDE PUBLICA ESPIRITO SANTO -;04/07/2026 11:34:42
565274;TA0433;ARES;VIX - SOULOG EXPRESS;;ES;03/09/2026 13:32:31;Pendente de Retorno;ES;VITORIA;LABORATORIO CENTRAL SAUDE PUBLICA ESPIRITO SANTO -;10/07/2026 17:24:23
565274;TA0558;ARES;VIX - SOULOG EXPRESS;;ES;03/09/2026 13:32:31;Pendente de Retorno;ES;VITORIA;LABORATORIO CENTRAL SAUDE PUBLICA ESPIRITO SANTO -;13/07/2026 08:22:26
565274;TA0574;ARES;VIX - SOULOG EXPRESS;;ES;03/09/2026 13:32:31;Pendente de Retorno;ES;VITORIA;LABORATORIO CENTRAL SAUDE PUBLICA ESPIRITO SANTO -;10/07/2026 02:11:28
565274;TA0781;ARES;VIX - SOULOG EXPRESS;;ES;03/09/2026 13:32:31;Pendente de Retorno;ES;VITORIA;LABORATORIO CENTRAL SAUDE PUBLICA ESPIRITO SANTO -;15/07/2026 10:08:51
566469;TA0251;ARES;VTCLOG RIO GALEAO;;MG;03/09/2026 13:24:00;Pendente de Retorno;MG;Juiz de Fora;MARIA DAS GRAÇAS FERNANDES FERREIRA 00737.011928/2026-52;21/07/2026 00:12:12
567045;TA1021;ARES;VTCLOG - GRU;;SP;03/09/2026 13:03:00;Pendente de Retorno;SP;GUARULHOS;BEATRIZ PARESCHI FREITAS;24/07/2026 08:37:30
567047;TA0742;ARES;VTCLOG - GRU;;SP;03/09/2026 13:01:00;Pendente de Retorno;SP;GUARULHOS;ARTHUR SILVA SOUZA  SEI 0073701348220235;21/07/2026 17:47:04
566837;A7467;ARES;VTCLOG RIO GALEAO;;RJ;03/09/2026 13:00:00;Pendente de Retorno;RJ;RIO DE JANEIRO;NATANIEL CAMPOS DOS SANTOS 00737.009648/2026-84;24/07/2026 08:23:03
566975;A7608;ARES;VTCLOG RIO GALEAO;;RJ;03/09/2026 13:00:00;Pendente de Retorno;RJ;RIO DE JANEIRO;HOSPITAL DOS SERVIDORES DO ESTADO;13/07/2026 02:20:37
566472;TA0797;ARES;VTCLOG RIO GALEAO;;MG;03/09/2026 13:00:00;Pendente de Retorno;MG;Juiz de Fora;SANTA CASA DE MISERICÓRDIA DE JUIZ DE FORA;21/07/2026 17:44:09
565871;TA1026;ARES;SSA - LUTY LOG;;BA;03/09/2026 12:53:00;Pendente de Retorno;BA;Salvador;BAHIA SSA GABINETE DO SECRETARIO;25/07/2026 21:27:41
566984;A8877;ARES;SSA - LUTY LOG;;BA;03/09/2026 12:08:24;Pendente de Retorno;BA;Salvador;FARMÁCIA DO INSTITUTO COUTO MAIA;23/06/2026 15:13:30
20261392;A6582;ARES;VTCLOG RIO GALEAO;;RJ;03/09/2026 11:45:00;Pendente de Retorno;RJ;RIO DE JANEIRO;FUNDACAO OSWALDO CRUZ;14/07/2026 17:28:38
20261393;A6621;ARES;VTCLOG RIO GALEAO;;RJ;03/09/2026 11:45:00;Pendente de Retorno;RJ;RIO DE JANEIRO;FUNDACAO OSWALDO CRUZ;25/07/2026 21:34:52
566748;TA0933;ARES;AJU - CASSIMIRO TRANSPORTES;;SE;03/09/2026 11:35:52;Pendente de Retorno;SE;Aracaju;MANOEL CARMO COUTINHO SILVA 00737.009318/2024-27;14/07/2026 14:41:20
567052;TA0802;ARES;VTCLOG - GRU;;SP;03/09/2026 11:26:00;Pendente de Retorno;SP;Ribeirao Preto;HELENA LEPORE;23/07/2026 07:43:30
566835;A4683;ARES;THE - AERONEIVA EXPRESS;;PI;03/09/2026 11:00:00;Pendente de Retorno;PI;Teresina;MARIA IVA FREITAS FONSÊCA MIRANDA 00737.018400/2026-12;17/07/2026 14:10:35
567170;A6220;ARES;VTCLOG - GRU;;SP;03/09/2026 10:59:22;Retornado;SP;Sao Caetano do Sul;LIA SOARES MARCELO;17/09/2026 17:10:09
566003;A0188;ARES;SLZ - REIS CAVALCANTE EXPRESSO;;MA;03/09/2026 10:47:43;Pendente de Retorno;MA;Sao Luis;HOSPITAL MACRORREGIONAL DRA RUTH NOLETO;27/07/2026 17:09:19
566003;A1909;ARES;SLZ - REIS CAVALCANTE EXPRESSO;;MA;03/09/2026 10:47:43;Pendente de Retorno;MA;Sao Luis;HOSPITAL MACRORREGIONAL DRA RUTH NOLETO;30/06/2026 07:26:46
566003;A2661;ARES;SLZ - REIS CAVALCANTE EXPRESSO;;MA;03/09/2026 10:47:43;Pendente de Retorno;MA;Sao Luis;HOSPITAL MACRORREGIONAL DRA RUTH NOLETO;18/07/2026 08:00:27
566003;A2731;ARES;SLZ - REIS CAVALCANTE EXPRESSO;;MA;03/09/2026 10:47:43;Pendente de Retorno;MA;Sao Luis;HOSPITAL MACRORREGIONAL DRA RUTH NOLETO;24/07/2026 13:24:20
566003;A2808;ARES;SLZ - REIS CAVALCANTE EXPRESSO;;MA;03/09/2026 10:47:43;Pendente de Retorno;MA;Sao Luis;HOSPITAL MACRORREGIONAL DRA RUTH NOLETO;18/07/2026 10:21:20
566003;A2929;ARES;SLZ - REIS CAVALCANTE EXPRESSO;;MA;03/09/2026 10:47:43;Retornado;MA;Sao Luis;HOSPITAL MACRORREGIONAL DRA RUTH NOLETO;21/09/2026 12:59:49
566003;A3666;ARES;SLZ - REIS CAVALCANTE EXPRESSO;;MA;03/09/2026 10:47:43;Pendente de Retorno;MA;Sao Luis;HOSPITAL MACRORREGIONAL DRA RUTH NOLETO;21/07/2026 17:29:45
566003;A3722;ARES;SLZ - REIS CAVALCANTE EXPRESSO;;MA;03/09/2026 10:47:43;Pendente de Retorno;MA;Sao Luis;HOSPITAL MACRORREGIONAL DRA RUTH NOLETO;01/07/2026 07:48:52
566003;A3760;ARES;SLZ - REIS CAVALCANTE EXPRESSO;;MA;03/09/2026 10:47:43;Pendente de Retorno;MA;Sao Luis;HOSPITAL MACRORREGIONAL DRA RUTH NOLETO;27/07/2026 15:21:07
566003;A3810;ARES;SLZ - REIS CAVALCANTE EXPRESSO;;MA;03/09/2026 10:47:43;Pendente de Retorno;MA;Sao Luis;HOSPITAL MACRORREGIONAL DRA RUTH NOLETO;29/06/2026 23:29:54
566003;A3819;ARES;SLZ - REIS CAVALCANTE EXPRESSO;;MA;03/09/2026 10:47:43;Pendente de Retorno;MA;Sao Luis;HOSPITAL MACRORREGIONAL DRA RUTH NOLETO;29/06/2026 12:54:09
566003;A4118;ARES;SLZ - REIS CAVALCANTE EXPRESSO;;MA;03/09/2026 10:47:43;Pendente de Retorno;MA;Sao Luis;HOSPITAL MACRORREGIONAL DRA RUTH NOLETO;22/07/2026 12:12:14
566003;A5067;ARES;SLZ - REIS CAVALCANTE EXPRESSO;;MA;03/09/2026 10:47:43;Pendente de Retorno;MA;Sao Luis;HOSPITAL MACRORREGIONAL DRA RUTH NOLETO;13/07/2026 16:47:31
566003;A5617;ARES;SLZ - REIS CAVALCANTE EXPRESSO;;MA;03/09/2026 10:47:43;Pendente de Retorno;MA;Sao Luis;HOSPITAL MACRORREGIONAL DRA RUTH NOLETO;27/05/2026 16:02:33
566003;A5721;ARES;SLZ - REIS CAVALCANTE EXPRESSO;;MA;03/09/2026 10:47:43;Pendente de Retorno;MA;Sao Luis;HOSPITAL MACRORREGIONAL DRA RUTH NOLETO;30/06/2026 08:46:24
566003;A5866;ARES;SLZ - REIS CAVALCANTE EXPRESSO;;MA;03/09/2026 10:47:43;Pendente de Retorno;MA;Sao Luis;HOSPITAL MACRORREGIONAL DRA RUTH NOLETO;23/07/2026 08:40:35
566003;A5901;ARES;SLZ - REIS CAVALCANTE EXPRESSO;;MA;03/09/2026 10:47:43;Pendente de Retorno;MA;Sao Luis;HOSPITAL MACRORREGIONAL DRA RUTH NOLETO;27/07/2026 12:31:28
566003;A6051;ARES;SLZ - REIS CAVALCANTE EXPRESSO;;MA;03/09/2026 10:47:43;Pendente de Retorno;MA;Sao Luis;HOSPITAL MACRORREGIONAL DRA RUTH NOLETO;26/07/2026 22:21:35
566003;A6085;ARES;SLZ - REIS CAVALCANTE EXPRESSO;;MA;03/09/2026 10:47:43;Pendente de Retorno;MA;Sao Luis;HOSPITAL MACRORREGIONAL DRA RUTH NOLETO;20/07/2026 11:24:44
566003;A6286;ARES;SLZ - REIS CAVALCANTE EXPRESSO;;MA;03/09/2026 10:47:43;Pendente de Retorno;MA;Sao Luis;HOSPITAL MACRORREGIONAL DRA RUTH NOLETO;30/06/2026 08:19:15
566003;A6487;ARES;SLZ - REIS CAVALCANTE EXPRESSO;;MA;03/09/2026 10:47:43;Pendente de Retorno;MA;Sao Luis;HOSPITAL MACRORREGIONAL DRA RUTH NOLETO;22/07/2026 21:43:40
566003;A6526;ARES;SLZ - REIS CAVALCANTE EXPRESSO;;MA;03/09/2026 10:47:43;Pendente de Retorno;MA;Sao Luis;HOSPITAL MACRORREGIONAL DRA RUTH NOLETO;08/07/2026 23:28:45
566003;A6568;ARES;SLZ - REIS CAVALCANTE EXPRESSO;;MA;03/09/2026 10:47:43;Pendente de Retorno;MA;Sao Luis;HOSPITAL MACRORREGIONAL DRA RUTH NOLETO;28/07/2026 03:05:38
566003;A6836;ARES;SLZ - REIS CAVALCANTE EXPRESSO;;MA;03/09/2026 10:47:43;Pendente de Retorno;MA;Sao Luis;HOSPITAL MACRORREGIONAL DRA RUTH NOLETO;14/07/2026 10:48:44
566003;A6894;ARES;SLZ - REIS CAVALCANTE EXPRESSO;;MA;03/09/2026 10:47:43;Pendente de Retorno;MA;Sao Luis;HOSPITAL MACRORREGIONAL DRA RUTH NOLETO;26/07/2026 22:20:26
566003;A7869;ARES;SLZ - REIS CAVALCANTE EXPRESSO;;MA;03/09/2026 10:47:43;Pendente de Retorno;MA;Sao Luis;HOSPITAL MACRORREGIONAL DRA RUTH NOLETO;20/07/2026 11:24:16
566003;A8172;ARES;SLZ - REIS CAVALCANTE EXPRESSO;;MA;03/09/2026 10:47:43;Pendente de Retorno;MA;Sao Luis;HOSPITAL MACRORREGIONAL DRA RUTH NOLETO;12/05/2026 15:02:20
566003;A8216;ARES;SLZ - REIS CAVALCANTE EXPRESSO;;MA;03/09/2026 10:47:43;Pendente de Retorno;MA;Sao Luis;HOSPITAL MACRORREGIONAL DRA RUTH NOLETO;04/07/2026 11:30:55
566003;A8349;ARES;SLZ - REIS CAVALCANTE EXPRESSO;;MA;03/09/2026 10:47:43;Pendente de Retorno;MA;Sao Luis;HOSPITAL MACRORREGIONAL DRA RUTH NOLETO;13/07/2026 08:22:20
566003;A8405;ARES;SLZ - REIS CAVALCANTE EXPRESSO;;MA;03/09/2026 10:47:43;Pendente de Retorno;MA;Sao Luis;HOSPITAL MACRORREGIONAL DRA RUTH NOLETO;20/07/2026 11:20:48
566003;A8779;ARES;SLZ - REIS CAVALCANTE EXPRESSO;;MA;03/09/2026 10:47:43;Pendente de Retorno;MA;Sao Luis;HOSPITAL MACRORREGIONAL DRA RUTH NOLETO;22/07/2026 23:49:48
566003;A8898;ARES;SLZ - REIS CAVALCANTE EXPRESSO;;MA;03/09/2026 10:47:43;Pendente de Retorno;MA;Sao Luis;HOSPITAL MACRORREGIONAL DRA RUTH NOLETO;27/07/2026 12:29:23
566003;A8942;ARES;SLZ - REIS CAVALCANTE EXPRESSO;;MA;03/09/2026 10:47:43;Pendente de Retorno;MA;Sao Luis;HOSPITAL MACRORREGIONAL DRA RUTH NOLETO;21/07/2026 17:43:12
566003;A8985;ARES;SLZ - REIS CAVALCANTE EXPRESSO;;MA;03/09/2026 10:47:43;Pendente de Retorno;MA;Sao Luis;HOSPITAL MACRORREGIONAL DRA RUTH NOLETO;21/07/2026 17:12:10
566003;A9009;ARES;SLZ - REIS CAVALCANTE EXPRESSO;;MA;03/09/2026 10:47:43;Pendente de Retorno;MA;Sao Luis;HOSPITAL MACRORREGIONAL DRA RUTH NOLETO;02/07/2026 16:57:57
566003;A9186;ARES;SLZ - REIS CAVALCANTE EXPRESSO;;MA;03/09/2026 10:47:43;Pendente de Retorno;MA;Sao Luis;HOSPITAL MACRORREGIONAL DRA RUTH NOLETO;13/07/2026 16:27:17
566003;A9708;ARES;SLZ - REIS CAVALCANTE EXPRESSO;;MA;03/09/2026 10:47:43;Pendente de Retorno;MA;Sao Luis;HOSPITAL MACRORREGIONAL DRA RUTH NOLETO;27/07/2026 00:17:32
566003;TA0014;ARES;SLZ - REIS CAVALCANTE EXPRESSO;;MA;03/09/2026 10:47:43;Pendente de Retorno;MA;Sao Luis;HOSPITAL MACRORREGIONAL DRA RUTH NOLETO;04/07/2026 11:33:52
566003;TA0137;ARES;SLZ - REIS CAVALCANTE EXPRESSO;;MA;03/09/2026 10:47:43;Retornado;MA;Sao Luis;HOSPITAL MACRORREGIONAL DRA RUTH NOLETO;21/09/2026 16:18:03
566003;TA0882;ARES;SLZ - REIS CAVALCANTE EXPRESSO;;MA;03/09/2026 10:47:43;Pendente de Retorno;MA;Sao Luis;HOSPITAL MACRORREGIONAL DRA RUTH NOLETO;21/07/2026 09:41:37
566414;A0336;ARES;POA - GMB TRANSPORTES E LOGISTICA ME;;RS;03/09/2026 10:40:00;Pendente de Retorno;RS;Porto Alegre;SECRETARIA ESTADUAL DE SAÚDE;23/07/2026 20:43:32
566414;A0854;ARES;POA - GMB TRANSPORTES E LOGISTICA ME;;RS;03/09/2026 10:40:00;Pendente de Retorno;RS;Porto Alegre;SECRETARIA ESTADUAL DE SAÚDE;23/07/2026 20:46:13
566414;A1128;ARES;POA - GMB TRANSPORTES E LOGISTICA ME;;RS;03/09/2026 10:40:00;Pendente de Retorno;RS;Porto Alegre;SECRETARIA ESTADUAL DE SAÚDE;27/07/2026 00:16:04
566414;A1299;ARES;POA - GMB TRANSPORTES E LOGISTICA ME;;RS;03/09/2026 10:40:00;Pendente de Retorno;RS;Porto Alegre;SECRETARIA ESTADUAL DE SAÚDE;22/07/2026 21:44:48
566414;A1940;ARES;POA - GMB TRANSPORTES E LOGISTICA ME;;RS;03/09/2026 10:40:00;Pendente de Retorno;RS;Porto Alegre;SECRETARIA ESTADUAL DE SAÚDE;27/07/2026 15:26:46
566414;A2492;ARES;POA - GMB TRANSPORTES E LOGISTICA ME;;RS;03/09/2026 10:40:00;Pendente de Retorno;RS;Porto Alegre;SECRETARIA ESTADUAL DE SAÚDE;10/07/2026 17:30:49
566414;A3001;ARES;POA - GMB TRANSPORTES E LOGISTICA ME;;RS;03/09/2026 10:40:00;Pendente de Retorno;RS;Porto Alegre;SECRETARIA ESTADUAL DE SAÚDE;23/07/2026 20:42:41
566414;A3443;ARES;POA - GMB TRANSPORTES E LOGISTICA ME;;RS;03/09/2026 10:40:00;Pendente de Retorno;RS;Porto Alegre;SECRETARIA ESTADUAL DE SAÚDE;27/07/2026 17:11:20
566414;A3932;ARES;POA - GMB TRANSPORTES E LOGISTICA ME;;RS;03/09/2026 10:40:00;Pendente de Retorno;RS;Porto Alegre;SECRETARIA ESTADUAL DE SAÚDE;27/07/2026 16:42:15
566414;A6145;ARES;POA - GMB TRANSPORTES E LOGISTICA ME;;RS;03/09/2026 10:40:00;Pendente de Retorno;RS;Porto Alegre;SECRETARIA ESTADUAL DE SAÚDE;27/07/2026 00:16:29
566414;A7005;ARES;POA - GMB TRANSPORTES E LOGISTICA ME;;RS;03/09/2026 10:40:00;Pendente de Retorno;RS;Porto Alegre;SECRETARIA ESTADUAL DE SAÚDE;20/07/2026 11:26:57
566414;A7336;ARES;POA - GMB TRANSPORTES E LOGISTICA ME;;RS;03/09/2026 10:40:00;Pendente de Retorno;RS;Porto Alegre;SECRETARIA ESTADUAL DE SAÚDE;22/07/2026 23:45:37
566414;A7727;ARES;POA - GMB TRANSPORTES E LOGISTICA ME;;RS;03/09/2026 10:40:00;Retornado;RS;Porto Alegre;SECRETARIA ESTADUAL DE SAÚDE;18/09/2026 10:47:20
566414;A7797;ARES;POA - GMB TRANSPORTES E LOGISTICA ME;;RS;03/09/2026 10:40:00;Pendente de Retorno;RS;Porto Alegre;SECRETARIA ESTADUAL DE SAÚDE;27/07/2026 15:23:28
566414;A7826;ARES;POA - GMB TRANSPORTES E LOGISTICA ME;;RS;03/09/2026 10:40:00;Pendente de Retorno;RS;Porto Alegre;SECRETARIA ESTADUAL DE SAÚDE;24/07/2026 08:25:48
566414;A7980;ARES;POA - GMB TRANSPORTES E LOGISTICA ME;;RS;03/09/2026 10:40:00;Pendente de Retorno;RS;Porto Alegre;SECRETARIA ESTADUAL DE SAÚDE;30/06/2026 08:22:12
566414;A8055;ARES;POA - GMB TRANSPORTES E LOGISTICA ME;;RS;03/09/2026 10:40:00;Pendente de Retorno;RS;Porto Alegre;SECRETARIA ESTADUAL DE SAÚDE;04/07/2026 11:32:27
566414;TA0072;ARES;POA - GMB TRANSPORTES E LOGISTICA ME;;RS;03/09/2026 10:40:00;Retornado;RS;Porto Alegre;SECRETARIA ESTADUAL DE SAÚDE;20/09/2026 06:38:03
566414;TA0106;ARES;POA - GMB TRANSPORTES E LOGISTICA ME;;RS;03/09/2026 10:40:00;Pendente de Retorno;RS;Porto Alegre;SECRETARIA ESTADUAL DE SAÚDE;20/07/2026 11:22:45
566414;TA0139;ARES;POA - GMB TRANSPORTES E LOGISTICA ME;;RS;03/09/2026 10:40:00;Retornado;RS;Porto Alegre;SECRETARIA ESTADUAL DE SAÚDE;19/09/2026 08:42:10
566414;TA0170;ARES;POA - GMB TRANSPORTES E LOGISTICA ME;;RS;03/09/2026 10:40:00;Pendente de Retorno;RS;Porto Alegre;SECRETARIA ESTADUAL DE SAÚDE;27/07/2026 15:38:58
566414;TA0198;ARES;POA - GMB TRANSPORTES E LOGISTICA ME;;RS;03/09/2026 10:40:00;Retornado;RS;Porto Alegre;SECRETARIA ESTADUAL DE SAÚDE;21/09/2026 16:58:45
566414;TA0486;ARES;POA - GMB TRANSPORTES E LOGISTICA ME;;RS;03/09/2026 10:40:00;Pendente de Retorno;RS;Porto Alegre;SECRETARIA ESTADUAL DE SAÚDE;17/07/2026 08:44:38
567043;A0902;ARES;VTCLOG - GRU;;SP;03/09/2026 10:32:00;Pendente de Retorno;SP;SAO PAULO;ABNER JUNIOR MOREIRA PINHEIRO SEI 007370;17/07/2026 08:35:14
565419;A0329;ARES;JPA - LIDER CARGAS;;PB;03/09/2026 10:30:00;Retornado;PB;Cabedelo;SEC DE SAUDE DA PARAIBA;21/09/2026 23:11:55
565419;A0599;ARES;JPA - LIDER CARGAS;;PB;03/09/2026 10:30:00;Pendente de Retorno;PB;Cabedelo;SEC DE SAUDE DA PARAIBA;13/07/2026 08:25:12
565419;A0734;ARES;JPA - LIDER CARGAS;;PB;03/09/2026 10:30:00;Pendente de Retorno;PB;Cabedelo;SEC DE SAUDE DA PARAIBA;22/07/2026 23:47:19
565419;A2591;ARES;JPA - LIDER CARGAS;;PB;03/09/2026 10:30:00;Pendente de Retorno;PB;Cabedelo;SEC DE SAUDE DA PARAIBA;10/07/2026 17:18:27
565419;A3311;ARES;JPA - LIDER CARGAS;;PB;03/09/2026 10:30:00;Pendente de Retorno;PB;Cabedelo;SEC DE SAUDE DA PARAIBA;09/07/2026 09:01:19
565419;A3422;ARES;JPA - LIDER CARGAS;;PB;03/09/2026 10:30:00;Pendente de Retorno;PB;Cabedelo;SEC DE SAUDE DA PARAIBA;18/07/2026 10:20:32
565419;A4511;ARES;JPA - LIDER CARGAS;;PB;03/09/2026 10:30:00;Pendente de Retorno;PB;Cabedelo;SEC DE SAUDE DA PARAIBA;20/07/2026 11:35:18
565419;A4865;ARES;JPA - LIDER CARGAS;;PB;03/09/2026 10:30:00;Pendente de Retorno;PB;Cabedelo;SEC DE SAUDE DA PARAIBA;25/07/2026 22:21:38
565419;A4944;ARES;JPA - LIDER CARGAS;;PB;03/09/2026 10:30:00;Pendente de Retorno;PB;Cabedelo;SEC DE SAUDE DA PARAIBA;27/07/2026 15:21:58
565419;A5665;ARES;JPA - LIDER CARGAS;;PB;03/09/2026 10:30:00;Pendente de Retorno;PB;Cabedelo;SEC DE SAUDE DA PARAIBA;23/06/2026 15:13:25
565419;A6082;ARES;JPA - LIDER CARGAS;;PB;03/09/2026 10:30:00;Pendente de Retorno;PB;Cabedelo;SEC DE SAUDE DA PARAIBA;20/07/2026 15:09:48
565419;A6583;ARES;JPA - LIDER CARGAS;;PB;03/09/2026 10:30:00;Pendente de Retorno;PB;Cabedelo;SEC DE SAUDE DA PARAIBA;27/07/2026 17:14:27
565419;A6661;ARES;JPA - LIDER CARGAS;;PB;03/09/2026 10:30:00;Pendente de Retorno;PB;Cabedelo;SEC DE SAUDE DA PARAIBA;27/07/2026 12:31:30
565419;A6677;ARES;JPA - LIDER CARGAS;;PB;03/09/2026 10:30:00;Pendente de Retorno;PB;Cabedelo;SEC DE SAUDE DA PARAIBA;08/07/2026 11:31:40
565419;A7324;ARES;JPA - LIDER CARGAS;;PB;03/09/2026 10:30:00;Pendente de Retorno;PB;Cabedelo;SEC DE SAUDE DA PARAIBA;30/06/2026 08:31:28
565419;A7827;ARES;JPA - LIDER CARGAS;;PB;03/09/2026 10:30:00;Pendente de Retorno;PB;Cabedelo;SEC DE SAUDE DA PARAIBA;01/07/2026 08:15:11
565419;A9125;ARES;JPA - LIDER CARGAS;;PB;03/09/2026 10:30:00;Pendente de Retorno;PB;Cabedelo;SEC DE SAUDE DA PARAIBA;09/07/2026 16:00:22
565419;A9398;ARES;JPA - LIDER CARGAS;;PB;03/09/2026 10:30:00;Pendente de Retorno;PB;Cabedelo;SEC DE SAUDE DA PARAIBA;20/07/2026 09:50:14
565419;TA0322;ARES;JPA - LIDER CARGAS;;PB;03/09/2026 10:30:00;Pendente de Retorno;PB;Cabedelo;SEC DE SAUDE DA PARAIBA;10/07/2026 17:17:05
565419;TA1113;ARES;JPA - LIDER CARGAS;;PB;03/09/2026 10:30:00;Pendente de Retorno;PB;Cabedelo;SEC DE SAUDE DA PARAIBA;24/07/2026 08:23:46
566810;A6849;ARES;VTCLOG - REC;;PE;03/09/2026 10:18:17;Pendente de Retorno;PE;RECIFE;HOSPITAL NOSSA SENHORA DAS GRAÇAS;18/07/2026 10:14:04
566420;A1501;ARES;CGB - JR TRANSPORTES;;MT;03/09/2026 10:03:00;Pendente de Retorno;MT;Lucas do Rio Verde;DAVI GERMANO HARTMANN;16/07/2026 20:54:11
566425;TA1167;ARES;VTCLOG CNF - CONTAGEM;;MG;03/09/2026 10:02:03;Pendente de Retorno;MG;Abre Campo;HIGOR GABRIEL DOS SANTOS SOUZA SEI007370;27/07/2026 12:29:41
566290;A1094;ARES;BVB - J PIMENTEL S. CUNHA LTDA;;RR;03/09/2026 10:00:00;Pendente de Retorno;RR;Boa Vista;HEMOCENTRO COORDENADOR DE RORAIMA RR;21/07/2026 17:25:47
566290;A2344;ARES;BVB - J PIMENTEL S. CUNHA LTDA;;RR;03/09/2026 10:00:00;Pendente de Retorno;RR;Boa Vista;HEMOCENTRO COORDENADOR DE RORAIMA RR;17/07/2026 08:47:17
566162;A2442;ARES;BVB - J PIMENTEL S. CUNHA LTDA;;RR;03/09/2026 10:00:00;Pendente de Retorno;RR;Boa Vista;HEMOCENTRO COORDENADOR DE RORAIMA RR;25/07/2026 21:27:13
566162;A3917;ARES;BVB - J PIMENTEL S. CUNHA LTDA;;RR;03/09/2026 10:00:00;Pendente de Retorno;RR;Boa Vista;HEMOCENTRO COORDENADOR DE RORAIMA RR;25/07/2026 21:24:19
566345;A4585;ARES;BVB - J PIMENTEL S. CUNHA LTDA;;RR;03/09/2026 10:00:00;Pendente de Retorno;RR;Boa Vista;HEMOCENTRO COORDENADOR DE RORAIMA RR;25/07/2026 21:28:27
566290;A6681;ARES;BVB - J PIMENTEL S. CUNHA LTDA;;RR;03/09/2026 10:00:00;Pendente de Retorno;RR;Boa Vista;HEMOCENTRO COORDENADOR DE RORAIMA RR;18/07/2026 10:21:15
566024;A7188;ARES;BVB - J PIMENTEL S. CUNHA LTDA;;RR;03/09/2026 10:00:00;Pendente de Retorno;RR;Boa Vista;HEMOCENTRO COORDENADOR DE RORAIMA RR;30/06/2026 08:22:29
566059;A7997;ARES;BVB - J PIMENTEL S. CUNHA LTDA;;RR;03/09/2026 10:00:00;Pendente de Retorno;RR;Boa Vista;HEMOCENTRO COORDENADOR DE RORAIMA RR;21/07/2026 17:16:23
566316;A8531;ARES;BVB - J PIMENTEL S. CUNHA LTDA;;RR;03/09/2026 10:00:00;Pendente de Retorno;RR;Boa Vista;HEMOCENTRO COORDENADOR DE RORAIMA RR;17/07/2026 15:32:23
566316;A9559;ARES;BVB - J PIMENTEL S. CUNHA LTDA;;RR;03/09/2026 10:00:00;Pendente de Retorno;RR;Boa Vista;HEMOCENTRO COORDENADOR DE RORAIMA RR;21/07/2026 17:42:58
566290;TA0299;ARES;BVB - J PIMENTEL S. CUNHA LTDA;;RR;03/09/2026 10:00:00;Pendente de Retorno;RR;Boa Vista;HEMOCENTRO COORDENADOR DE RORAIMA RR;21/07/2026 17:27:39
566316;TA0585;ARES;BVB - J PIMENTEL S. CUNHA LTDA;;RR;03/09/2026 10:00:00;Pendente de Retorno;RR;Boa Vista;HEMOCENTRO COORDENADOR DE RORAIMA RR;13/07/2026 07:43:40
566316;TA0611;ARES;BVB - J PIMENTEL S. CUNHA LTDA;;RR;03/09/2026 10:00:00;Pendente de Retorno;RR;Boa Vista;HEMOCENTRO COORDENADOR DE RORAIMA RR;21/07/2026 17:47:43
566834;A7754;ARES;LDB - ND CARGAS LTDA;;PR;03/09/2026 09:50:00;Pendente de Retorno;PR;Londrina;JOAO RICARDO PEREIRA SILVA  SEI007370109;17/07/2026 07:39:55
566409;A9600;ARES;JPA - LIDER CARGAS;;PB;03/09/2026 09:25:00;Pendente de Retorno;PB;Joao Pessoa;SEC DE SAUDE DA PARAIBA;26/07/2026 20:49:42
565937;A5061;ARES;FLN - TGEX TRANSPORTES E LOCACAO DE VEIC;;SC;03/09/2026 09:00:00;Pendente de Retorno;SC;Palhoca;JULIANA DUARTE;17/07/2026 08:21:44
567099;A6327;ARES;VTCLOG - GRU;;SP;03/09/2026 08:40:00;Pendente de Retorno;SP;Piracicaba;WANDERLEY BUZZO 00737.019972;23/07/2026 07:42:50
567148;A5434;ARES;VTCLOG - GRU;;SP;03/09/2026 08:35:08;Pendente de Retorno;SP;SAO PAULO;SOCIEDADE BENEF ISRAELITABRAS HOSPITAL ALBERT EINS;17/07/2026 08:28:47
566796;A2802;ARES;CGB - JR TRANSPORTES;;MT;03/09/2026 08:14:00;Pendente de Retorno;MT;Sorriso;SMS DE SORRISO;30/06/2026 07:24:34
565258;A0162;ARES;SSA - LUTY LOG;;BA;03/09/2026 08:13:05;Pendente de Retorno;BA;Simoes Filho;CENTRAL FARMACÊUTICA DO ESTADO DA BAHIA - CEFARBA;20/07/2026 15:10:35
565258;A0455;ARES;SSA - LUTY LOG;;BA;03/09/2026 08:13:05;Pendente de Retorno;BA;Simoes Filho;CENTRAL FARMACÊUTICA DO ESTADO DA BAHIA - CEFARBA;23/06/2026 15:12:27
565258;A0940;ARES;SSA - LUTY LOG;;BA;03/09/2026 08:13:05;Pendente de Retorno;BA;Simoes Filho;CENTRAL FARMACÊUTICA DO ESTADO DA BAHIA - CEFARBA;21/07/2026 17:23:51
565258;A1264;ARES;SSA - LUTY LOG;;BA;03/09/2026 08:13:05;Pendente de Retorno;BA;Simoes Filho;CENTRAL FARMACÊUTICA DO ESTADO DA BAHIA - CEFARBA;20/07/2026 09:50:29
565258;A2578;ARES;SSA - LUTY LOG;;BA;03/09/2026 08:13:05;Pendente de Retorno;BA;Simoes Filho;CENTRAL FARMACÊUTICA DO ESTADO DA BAHIA - CEFARBA;26/07/2026 20:46:37
565258;A2660;ARES;SSA - LUTY LOG;;BA;03/09/2026 08:13:05;Pendente de Retorno;BA;Simoes Filho;CENTRAL FARMACÊUTICA DO ESTADO DA BAHIA - CEFARBA;23/07/2026 00:29:57
565258;A3161;ARES;SSA - LUTY LOG;;BA;03/09/2026 08:13:05;Pendente de Retorno;BA;Simoes Filho;CENTRAL FARMACÊUTICA DO ESTADO DA BAHIA - CEFARBA;27/07/2026 00:13:44
565258;A3223;ARES;SSA - LUTY LOG;;BA;03/09/2026 08:13:05;Pendente de Retorno;BA;Simoes Filho;CENTRAL FARMACÊUTICA DO ESTADO DA BAHIA - CEFARBA;23/07/2026 08:39:48
565258;A3272;ARES;SSA - LUTY LOG;;BA;03/09/2026 08:13:05;Pendente de Retorno;BA;Simoes Filho;CENTRAL FARMACÊUTICA DO ESTADO DA BAHIA - CEFARBA;24/07/2026 08:25:58
565258;A3762;ARES;SSA - LUTY LOG;;BA;03/09/2026 08:13:05;Pendente de Retorno;BA;Simoes Filho;CENTRAL FARMACÊUTICA DO ESTADO DA BAHIA - CEFARBA;24/07/2026 08:33:01
565258;A4010;ARES;SSA - LUTY LOG;;BA;03/09/2026 08:13:05;Pendente de Retorno;BA;Simoes Filho;CENTRAL FARMACÊUTICA DO ESTADO DA BAHIA - CEFARBA;15/07/2026 10:51:44
565258;A4417;ARES;SSA - LUTY LOG;;BA;03/09/2026 08:13:05;Pendente de Retorno;BA;Simoes Filho;CENTRAL FARMACÊUTICA DO ESTADO DA BAHIA - CEFARBA;21/07/2026 17:23:39
565258;A4450;ARES;SSA - LUTY LOG;;BA;03/09/2026 08:13:05;Pendente de Retorno;BA;Simoes Filho;CENTRAL FARMACÊUTICA DO ESTADO DA BAHIA - CEFARBA;10/07/2026 17:15:41
565258;A4696;ARES;SSA - LUTY LOG;;BA;03/09/2026 08:13:05;Pendente de Retorno;BA;Simoes Filho;CENTRAL FARMACÊUTICA DO ESTADO DA BAHIA - CEFARBA;21/07/2026 17:42:36
565258;A5480;ARES;SSA - LUTY LOG;;BA;03/09/2026 08:13:05;Pendente de Retorno;BA;Simoes Filho;CENTRAL FARMACÊUTICA DO ESTADO DA BAHIA - CEFARBA;02/07/2026 17:04:03
565258;A5951;ARES;SSA - LUTY LOG;;BA;03/09/2026 08:13:05;Pendente de Retorno;BA;Simoes Filho;CENTRAL FARMACÊUTICA DO ESTADO DA BAHIA - CEFARBA;20/07/2026 11:25:22
565258;A6136;ARES;SSA - LUTY LOG;;BA;03/09/2026 08:13:05;Pendente de Retorno;BA;Simoes Filho;CENTRAL FARMACÊUTICA DO ESTADO DA BAHIA - CEFARBA;17/07/2026 14:08:47
565258;A6186;ARES;SSA - LUTY LOG;;BA;03/09/2026 08:13:05;Pendente de Retorno;BA;Simoes Filho;CENTRAL FARMACÊUTICA DO ESTADO DA BAHIA - CEFARBA;24/07/2026 08:38:20
565258;A6256;ARES;SSA - LUTY LOG;;BA;03/09/2026 08:13:05;Pendente de Retorno;BA;Simoes Filho;CENTRAL FARMACÊUTICA DO ESTADO DA BAHIA - CEFARBA;21/07/2026 17:14:57
565258;A6627;ARES;SSA - LUTY LOG;;BA;03/09/2026 08:13:05;Pendente de Retorno;BA;Simoes Filho;CENTRAL FARMACÊUTICA DO ESTADO DA BAHIA - CEFARBA;21/07/2026 17:24:00
565258;A6651;ARES;SSA - LUTY LOG;;BA;03/09/2026 08:13:05;Pendente de Retorno;BA;Simoes Filho;CENTRAL FARMACÊUTICA DO ESTADO DA BAHIA - CEFARBA;09/07/2026 23:51:09
565258;A6804;ARES;SSA - LUTY LOG;;BA;03/09/2026 08:13:05;Pendente de Retorno;BA;Simoes Filho;CENTRAL FARMACÊUTICA DO ESTADO DA BAHIA - CEFARBA;23/07/2026 07:43:59
565258;A7048;ARES;SSA - LUTY LOG;;BA;03/09/2026 08:13:05;Pendente de Retorno;BA;Simoes Filho;CENTRAL FARMACÊUTICA DO ESTADO DA BAHIA - CEFARBA;18/07/2026 10:10:04
565258;A7143;ARES;SSA - LUTY LOG;;BA;03/09/2026 08:13:05;Pendente de Retorno;BA;Simoes Filho;CENTRAL FARMACÊUTICA DO ESTADO DA BAHIA - CEFARBA;24/07/2026 08:32:09
565258;A7196;ARES;SSA - LUTY LOG;;BA;03/09/2026 08:13:05;Pendente de Retorno;BA;Simoes Filho;CENTRAL FARMACÊUTICA DO ESTADO DA BAHIA - CEFARBA;23/07/2026 07:43:03
565258;A7233;ARES;SSA - LUTY LOG;;BA;03/09/2026 08:13:05;Pendente de Retorno;BA;Simoes Filho;CENTRAL FARMACÊUTICA DO ESTADO DA BAHIA - CEFARBA;20/07/2026 09:49:53
565258;A7415;ARES;SSA - LUTY LOG;;BA;03/09/2026 08:13:05;Pendente de Retorno;BA;Simoes Filho;CENTRAL FARMACÊUTICA DO ESTADO DA BAHIA - CEFARBA;26/07/2026 22:21:40
565258;A7748;ARES;SSA - LUTY LOG;;BA;03/09/2026 08:13:05;Pendente de Retorno;BA;Simoes Filho;CENTRAL FARMACÊUTICA DO ESTADO DA BAHIA - CEFARBA;21/07/2026 17:28:57
565258;A7793;ARES;SSA - LUTY LOG;;BA;03/09/2026 08:13:05;Pendente de Retorno;BA;Simoes Filho;CENTRAL FARMACÊUTICA DO ESTADO DA BAHIA - CEFARBA;22/07/2026 23:46:16
565258;A8365;ARES;SSA - LUTY LOG;;BA;03/09/2026 08:13:05;Pendente de Retorno;BA;Simoes Filho;CENTRAL FARMACÊUTICA DO ESTADO DA BAHIA - CEFARBA;28/07/2026 03:05:45
565258;A8539;ARES;SSA - LUTY LOG;;BA;03/09/2026 08:13:05;Pendente de Retorno;BA;Simoes Filho;CENTRAL FARMACÊUTICA DO ESTADO DA BAHIA - CEFARBA;22/07/2026 08:57:19
565258;A8673;ARES;SSA - LUTY LOG;;BA;03/09/2026 08:13:05;Pendente de Retorno;BA;Simoes Filho;CENTRAL FARMACÊUTICA DO ESTADO DA BAHIA - CEFARBA;21/07/2026 17:23:23
565258;A8885;ARES;SSA - LUTY LOG;;BA;03/09/2026 08:13:05;Pendente de Retorno;BA;Simoes Filho;CENTRAL FARMACÊUTICA DO ESTADO DA BAHIA - CEFARBA;14/07/2026 17:27:03
565258;A9049;ARES;SSA - LUTY LOG;;BA;03/09/2026 08:13:05;Pendente de Retorno;BA;Simoes Filho;CENTRAL FARMACÊUTICA DO ESTADO DA BAHIA - CEFARBA;23/07/2026 20:42:31
565258;A9053;ARES;SSA - LUTY LOG;;BA;03/09/2026 08:13:05;Pendente de Retorno;BA;Simoes Filho;CENTRAL FARMACÊUTICA DO ESTADO DA BAHIA - CEFARBA;20/07/2026 20:04:42
565258;A9054;ARES;SSA - LUTY LOG;;BA;03/09/2026 08:13:05;Pendente de Retorno;BA;Simoes Filho;CENTRAL FARMACÊUTICA DO ESTADO DA BAHIA - CEFARBA;26/07/2026 22:24:03
565258;A9259;ARES;SSA - LUTY LOG;;BA;03/09/2026 08:13:05;Pendente de Retorno;BA;Simoes Filho;CENTRAL FARMACÊUTICA DO ESTADO DA BAHIA - CEFARBA;18/07/2026 10:15:06
565258;A9380;ARES;SSA - LUTY LOG;;BA;03/09/2026 08:13:05;Pendente de Retorno;BA;Simoes Filho;CENTRAL FARMACÊUTICA DO ESTADO DA BAHIA - CEFARBA;18/07/2026 07:58:36
565258;A9508;ARES;SSA - LUTY LOG;;BA;03/09/2026 08:13:05;Pendente de Retorno;BA;Simoes Filho;CENTRAL FARMACÊUTICA DO ESTADO DA BAHIA - CEFARBA;13/07/2026 16:37:53
565258;TA0003;ARES;SSA - LUTY LOG;;BA;03/09/2026 08:13:05;Pendente de Retorno;BA;Simoes Filho;CENTRAL FARMACÊUTICA DO ESTADO DA BAHIA - CEFARBA;28/07/2026 03:04:44
565258;TA0086;ARES;SSA - LUTY LOG;;BA;03/09/2026 08:13:05;Pendente de Retorno;BA;Simoes Filho;CENTRAL FARMACÊUTICA DO ESTADO DA BAHIA - CEFARBA;21/07/2026 17:13:35
565258;TA0091;ARES;SSA - LUTY LOG;;BA;03/09/2026 08:13:05;Pendente de Retorno;BA;Simoes Filho;CENTRAL FARMACÊUTICA DO ESTADO DA BAHIA - CEFARBA;21/07/2026 17:25:12
565258;TA0344;ARES;SSA - LUTY LOG;;BA;03/09/2026 08:13:05;Pendente de Retorno;BA;Simoes Filho;CENTRAL FARMACÊUTICA DO ESTADO DA BAHIA - CEFARBA;21/07/2026 09:43:43
565258;TA0444;ARES;SSA - LUTY LOG;;BA;03/09/2026 08:13:05;Pendente de Retorno;BA;Simoes Filho;CENTRAL FARMACÊUTICA DO ESTADO DA BAHIA - CEFARBA;22/07/2026 21:44:31
565258;TA0544;ARES;SSA - LUTY LOG;;BA;03/09/2026 08:13:05;Pendente de Retorno;BA;Simoes Filho;CENTRAL FARMACÊUTICA DO ESTADO DA BAHIA - CEFARBA;30/06/2026 08:20:33
565258;TA0572;ARES;SSA - LUTY LOG;;BA;03/09/2026 08:13:05;Pendente de Retorno;BA;Simoes Filho;CENTRAL FARMACÊUTICA DO ESTADO DA BAHIA - CEFARBA;20/07/2026 11:38:14
565258;TA0630;ARES;SSA - LUTY LOG;;BA;03/09/2026 08:13:05;Pendente de Retorno;BA;Simoes Filho;CENTRAL FARMACÊUTICA DO ESTADO DA BAHIA - CEFARBA;21/07/2026 17:17:53
565258;TA0859;ARES;SSA - LUTY LOG;;BA;03/09/2026 08:13:05;Pendente de Retorno;BA;Simoes Filho;CENTRAL FARMACÊUTICA DO ESTADO DA BAHIA - CEFARBA;20/07/2026 09:50:53
565258;TA0866;ARES;SSA - LUTY LOG;;BA;03/09/2026 08:13:05;Pendente de Retorno;BA;Simoes Filho;CENTRAL FARMACÊUTICA DO ESTADO DA BAHIA - CEFARBA;21/07/2026 00:05:07
567182;A8075;ARES;VTCLOG - GRU;;SP;03/09/2026 08:12:00;Pendente de Retorno;SP;Barueri;BRYAN SILVA GONÇALVES;13/07/2026 08:21:45
566665;A5003;ARES;VTCLOG - GRU;;SP;03/09/2026 07:35:59;Pendente de Retorno;SP;Marilia;MARIA NEIDE TAVARES ROSA 00737.017295/2026-96;28/07/2026 03:03:26
566354;A7017;ARES;CWB - TGEX TRANSPORTES E LOCACAO DE VEIC;;PR;02/09/2026 19:00:00;Pendente de Retorno;PR;Rio Branco do Sul;IVANI CALDEIRA MOREIRA SEI00737012944202;21/07/2026 17:45:39
566010;TA0721;ARES;MAO- GR TRANSPORTES E LOGISTICA MULTIMODAL;;AM;02/09/2026 18:06:14;Pendente de Retorno;AM;Manaus;CENTRAL MEDIC SECR EST SAUDE AMAZONA;16/07/2026 11:44:57
566064;A0707;ARES;PMW - MK BILLIG TRANSPORTES E LOGISTICA EIRELLI;;TO;02/09/2026 18:00:00;Pendente de Retorno;TO;Palmas;LABORATÓRIO DE SAÚDE PÚBLICA DE ARAGUAÍNA (LSPA);27/07/2026 17:10:28
566300;A1808;ARES;PMW - MK BILLIG TRANSPORTES E LOGISTICA EIRELLI;;TO;02/09/2026 18:00:00;Pendente de Retorno;TO;Palmas;LABORATÓRIO DE SAÚDE PÚBLICA DE ARAGUAÍNA (LSPA);18/07/2026 10:14:54
566300;A2225;ARES;PMW - MK BILLIG TRANSPORTES E LOGISTICA EIRELLI;;TO;02/09/2026 18:00:00;Pendente de Retorno;TO;Palmas;LABORATÓRIO DE SAÚDE PÚBLICA DE ARAGUAÍNA (LSPA);21/07/2026 17:29:26
566300;A4359;ARES;PMW - MK BILLIG TRANSPORTES E LOGISTICA EIRELLI;;TO;02/09/2026 18:00:00;Pendente de Retorno;TO;Palmas;LABORATÓRIO DE SAÚDE PÚBLICA DE ARAGUAÍNA (LSPA);20/07/2026 15:10:32
566300;A4526;ARES;PMW - MK BILLIG TRANSPORTES E LOGISTICA EIRELLI;;TO;02/09/2026 18:00:00;Retornado;TO;Palmas;LABORATÓRIO DE SAÚDE PÚBLICA DE ARAGUAÍNA (LSPA);21/09/2026 16:28:39
566020;A5230;ARES;PMW - MK BILLIG TRANSPORTES E LOGISTICA EIRELLI;;TO;02/09/2026 18:00:00;Pendente de Retorno;TO;Palmas;LABORATÓRIO DE SAÚDE PÚBLICA DE ARAGUAÍNA (LSPA);21/07/2026 17:26:54
566300;A5877;ARES;PMW - MK BILLIG TRANSPORTES E LOGISTICA EIRELLI;;TO;02/09/2026 18:00:00;Pendente de Retorno;TO;Palmas;LABORATÓRIO DE SAÚDE PÚBLICA DE ARAGUAÍNA (LSPA);27/07/2026 15:23:50
566300;A5955;ARES;PMW - MK BILLIG TRANSPORTES E LOGISTICA EIRELLI;;TO;02/09/2026 18:00:00;Pendente de Retorno;TO;Palmas;LABORATÓRIO DE SAÚDE PÚBLICA DE ARAGUAÍNA (LSPA);27/07/2026 15:27:52
566300;A6093;ARES;PMW - MK BILLIG TRANSPORTES E LOGISTICA EIRELLI;;TO;02/09/2026 18:00:00;Pendente de Retorno;TO;Palmas;LABORATÓRIO DE SAÚDE PÚBLICA DE ARAGUAÍNA (LSPA);18/07/2026 11:45:04
566300;A8876;ARES;PMW - MK BILLIG TRANSPORTES E LOGISTICA EIRELLI;;TO;02/09/2026 18:00:00;Pendente de Retorno;TO;Palmas;LABORATÓRIO DE SAÚDE PÚBLICA DE ARAGUAÍNA (LSPA);21/07/2026 17:42:07
566300;A9379;ARES;PMW - MK BILLIG TRANSPORTES E LOGISTICA EIRELLI;;TO;02/09/2026 18:00:00;Pendente de Retorno;TO;Palmas;LABORATÓRIO DE SAÚDE PÚBLICA DE ARAGUAÍNA (LSPA);24/07/2026 08:25:44
566300;A9408;ARES;PMW - MK BILLIG TRANSPORTES E LOGISTICA EIRELLI;;TO;02/09/2026 18:00:00;Pendente de Retorno;TO;Palmas;LABORATÓRIO DE SAÚDE PÚBLICA DE ARAGUAÍNA (LSPA);21/07/2026 17:29:03
566300;A9424;ARES;PMW - MK BILLIG TRANSPORTES E LOGISTICA EIRELLI;;TO;02/09/2026 18:00:00;Pendente de Retorno;TO;Palmas;LABORATÓRIO DE SAÚDE PÚBLICA DE ARAGUAÍNA (LSPA);16/07/2026 09:07:49
566300;TA0018;ARES;PMW - MK BILLIG TRANSPORTES E LOGISTICA EIRELLI;;TO;02/09/2026 18:00:00;Retornado;TO;Palmas;LABORATÓRIO DE SAÚDE PÚBLICA DE ARAGUAÍNA (LSPA);18/09/2026 16:00:00
566064;TA0660;ARES;PMW - MK BILLIG TRANSPORTES E LOGISTICA EIRELLI;;TO;02/09/2026 18:00:00;Pendente de Retorno;TO;Palmas;LABORATÓRIO DE SAÚDE PÚBLICA DE ARAGUAÍNA (LSPA);21/07/2026 00:09:41
566064;TA0800;ARES;PMW - MK BILLIG TRANSPORTES E LOGISTICA EIRELLI;;TO;02/09/2026 18:00:00;Retornado;TO;Palmas;LABORATÓRIO DE SAÚDE PÚBLICA DE ARAGUAÍNA (LSPA);17/09/2026 17:00:00
566300;TA0847;ARES;PMW - MK BILLIG TRANSPORTES E LOGISTICA EIRELLI;;TO;02/09/2026 18:00:00;Pendente de Retorno;TO;Palmas;LABORATÓRIO DE SAÚDE PÚBLICA DE ARAGUAÍNA (LSPA);22/07/2026 21:43:44
566300;TA1005;ARES;PMW - MK BILLIG TRANSPORTES E LOGISTICA EIRELLI;;TO;02/09/2026 18:00:00;Pendente de Retorno;TO;Palmas;LABORATÓRIO DE SAÚDE PÚBLICA DE ARAGUAÍNA (LSPA);22/07/2026 21:44:37
566488;TA0779;ARES;CWB - TGEX TRANSPORTES E LOCACAO DE VEIC;;PR;02/09/2026 17:00:00;Pendente de Retorno;PR;Curitiba;HOSPITAL INFANTIL PEQUENO PRÍNCIPE;22/07/2026 21:45:45
565278;A0280;ARES;VIX - SOULOG EXPRESS;;ES;02/09/2026 16:30:00;Pendente de Retorno;ES;VITORIA;LABORATORIO CENTRAL SAUDE PUBLICA ESPIRITO SANTO -;27/07/2026 15:25:31
565278;A0396;ARES;VIX - SOULOG EXPRESS;;ES;02/09/2026 16:30:00;Pendente de Retorno;ES;VITORIA;LABORATORIO CENTRAL SAUDE PUBLICA ESPIRITO SANTO -;23/07/2026 08:39:12
565278;A0402;ARES;VIX - SOULOG EXPRESS;;ES;02/09/2026 16:30:00;Pendente de Retorno;ES;VITORIA;LABORATORIO CENTRAL SAUDE PUBLICA ESPIRITO SANTO -;21/07/2026 17:27:03
565278;A0766;ARES;VIX - SOULOG EXPRESS;;ES;02/09/2026 16:30:00;Pendente de Retorno;ES;VITORIA;LABORATORIO CENTRAL SAUDE PUBLICA ESPIRITO SANTO -;14/07/2026 14:34:47
565278;A1494;ARES;VIX - SOULOG EXPRESS;;ES;02/09/2026 16:30:00;Pendente de Retorno;ES;VITORIA;LABORATORIO CENTRAL SAUDE PUBLICA ESPIRITO SANTO -;17/07/2026 07:35:06
565278;A1811;ARES;VIX - SOULOG EXPRESS;;ES;02/09/2026 16:30:00;Pendente de Retorno;ES;VITORIA;LABORATORIO CENTRAL SAUDE PUBLICA ESPIRITO SANTO -;17/07/2026 14:08:59
565278;A2031;ARES;VIX - SOULOG EXPRESS;;ES;02/09/2026 16:30:00;Pendente de Retorno;ES;VITORIA;LABORATORIO CENTRAL SAUDE PUBLICA ESPIRITO SANTO -;13/07/2026 02:21:03
565278;A2203;ARES;VIX - SOULOG EXPRESS;;ES;02/09/2026 16:30:00;Pendente de Retorno;ES;VITORIA;LABORATORIO CENTRAL SAUDE PUBLICA ESPIRITO SANTO -;10/07/2026 13:11:11
565278;A2633;ARES;VIX - SOULOG EXPRESS;;ES;02/09/2026 16:30:00;Pendente de Retorno;ES;VITORIA;LABORATORIO CENTRAL SAUDE PUBLICA ESPIRITO SANTO -;20/07/2026 11:36:52
565278;A2853;ARES;VIX - SOULOG EXPRESS;;ES;02/09/2026 16:30:00;Retornado;ES;VITORIA;LABORATORIO CENTRAL SAUDE PUBLICA ESPIRITO SANTO -;10/09/2026 17:34:14
565278;A2999;ARES;VIX - SOULOG EXPRESS;;ES;02/09/2026 16:30:00;Pendente de Retorno;ES;VITORIA;LABORATORIO CENTRAL SAUDE PUBLICA ESPIRITO SANTO -;27/07/2026 15:24:15
565278;A3032;ARES;VIX - SOULOG EXPRESS;;ES;02/09/2026 16:30:00;Pendente de Retorno;ES;VITORIA;LABORATORIO CENTRAL SAUDE PUBLICA ESPIRITO SANTO -;27/07/2026 15:21:12
565278;A3095;ARES;VIX - SOULOG EXPRESS;;ES;02/09/2026 16:30:00;Pendente de Retorno;ES;VITORIA;LABORATORIO CENTRAL SAUDE PUBLICA ESPIRITO SANTO -;25/07/2026 21:26:20
565278;A3265;ARES;VIX - SOULOG EXPRESS;;ES;02/09/2026 16:30:00;Pendente de Retorno;ES;VITORIA;LABORATORIO CENTRAL SAUDE PUBLICA ESPIRITO SANTO -;21/07/2026 17:31:08
565278;A3520;ARES;VIX - SOULOG EXPRESS;;ES;02/09/2026 16:30:00;Pendente de Retorno;ES;VITORIA;LABORATORIO CENTRAL SAUDE PUBLICA ESPIRITO SANTO -;17/07/2026 08:45:03
565278;A3889;ARES;VIX - SOULOG EXPRESS;;ES;02/09/2026 16:30:00;Pendente de Retorno;ES;VITORIA;LABORATORIO CENTRAL SAUDE PUBLICA ESPIRITO SANTO -;21/07/2026 17:17:06
565278;A4169;ARES;VIX - SOULOG EXPRESS;;ES;02/09/2026 16:30:00;Pendente de Retorno;ES;VITORIA;LABORATORIO CENTRAL SAUDE PUBLICA ESPIRITO SANTO -;21/07/2026 17:30:06
565278;A4204;ARES;VIX - SOULOG EXPRESS;;ES;02/09/2026 16:30:00;Pendente de Retorno;ES;VITORIA;LABORATORIO CENTRAL SAUDE PUBLICA ESPIRITO SANTO -;28/05/2026 17:56:58
565278;A4257;ARES;VIX - SOULOG EXPRESS;;ES;02/09/2026 16:30:00;Pendente de Retorno;ES;VITORIA;LABORATORIO CENTRAL SAUDE PUBLICA ESPIRITO SANTO -;21/07/2026 17:31:07
565278;A4483;ARES;VIX - SOULOG EXPRESS;;ES;02/09/2026 16:30:00;Pendente de Retorno;ES;VITORIA;LABORATORIO CENTRAL SAUDE PUBLICA ESPIRITO SANTO -;13/07/2026 16:25:07
565278;A4796;ARES;VIX - SOULOG EXPRESS;;ES;02/09/2026 16:30:00;Pendente de Retorno;ES;VITORIA;LABORATORIO CENTRAL SAUDE PUBLICA ESPIRITO SANTO -;24/07/2026 08:30:47
565278;A4906;ARES;VIX - SOULOG EXPRESS;;ES;02/09/2026 16:30:00;Pendente de Retorno;ES;VITORIA;LABORATORIO CENTRAL SAUDE PUBLICA ESPIRITO SANTO -;13/07/2026 16:33:10
565278;A4907;ARES;VIX - SOULOG EXPRESS;;ES;02/09/2026 16:30:00;Pendente de Retorno;ES;VITORIA;LABORATORIO CENTRAL SAUDE PUBLICA ESPIRITO SANTO -;20/07/2026 09:51:25
565278;A4987;ARES;VIX - SOULOG EXPRESS;;ES;02/09/2026 16:30:00;Pendente de Retorno;ES;VITORIA;LABORATORIO CENTRAL SAUDE PUBLICA ESPIRITO SANTO -;26/07/2026 22:29:38
565278;A5345;ARES;VIX - SOULOG EXPRESS;;ES;02/09/2026 16:30:00;Pendente de Retorno;ES;VITORIA;LABORATORIO CENTRAL SAUDE PUBLICA ESPIRITO SANTO -;27/07/2026 16:42:09
565278;A5745;ARES;VIX - SOULOG EXPRESS;;ES;02/09/2026 16:30:00;Pendente de Retorno;ES;VITORIA;LABORATORIO CENTRAL SAUDE PUBLICA ESPIRITO SANTO -;18/07/2026 07:57:24
565278;A5803;ARES;VIX - SOULOG EXPRESS;;ES;02/09/2026 16:30:00;Pendente de Retorno;ES;VITORIA;LABORATORIO CENTRAL SAUDE PUBLICA ESPIRITO SANTO -;23/07/2026 20:42:10
565278;A5956;ARES;VIX - SOULOG EXPRESS;;ES;02/09/2026 16:30:00;Pendente de Retorno;ES;VITORIA;LABORATORIO CENTRAL SAUDE PUBLICA ESPIRITO SANTO -;21/07/2026 17:45:22
565278;A6161;ARES;VIX - SOULOG EXPRESS;;ES;02/09/2026 16:30:00;Pendente de Retorno;ES;VITORIA;LABORATORIO CENTRAL SAUDE PUBLICA ESPIRITO SANTO -;23/07/2026 21:14:31
565278;A6359;ARES;VIX - SOULOG EXPRESS;;ES;02/09/2026 16:30:00;Pendente de Retorno;ES;VITORIA;LABORATORIO CENTRAL SAUDE PUBLICA ESPIRITO SANTO -;27/07/2026 10:02:54
565278;A6386;ARES;VIX - SOULOG EXPRESS;;ES;02/09/2026 16:30:00;Pendente de Retorno;ES;VITORIA;LABORATORIO CENTRAL SAUDE PUBLICA ESPIRITO SANTO -;14/07/2026 17:26:29
565278;A6440;ARES;VIX - SOULOG EXPRESS;;ES;02/09/2026 16:30:00;Pendente de Retorno;ES;VITORIA;LABORATORIO CENTRAL SAUDE PUBLICA ESPIRITO SANTO -;22/07/2026 23:45:46
565278;A6493;ARES;VIX - SOULOG EXPRESS;;ES;02/09/2026 16:30:00;Pendente de Retorno;ES;VITORIA;LABORATORIO CENTRAL SAUDE PUBLICA ESPIRITO SANTO -;17/07/2026 08:44:35
565278;A6632;ARES;VIX - SOULOG EXPRESS;;ES;02/09/2026 16:30:00;Pendente de Retorno;ES;VITORIA;LABORATORIO CENTRAL SAUDE PUBLICA ESPIRITO SANTO -;26/07/2026 22:22:36
565278;A6831;ARES;VIX - SOULOG EXPRESS;;ES;02/09/2026 16:30:00;Pendente de Retorno;ES;VITORIA;LABORATORIO CENTRAL SAUDE PUBLICA ESPIRITO SANTO -;20/07/2026 11:35:23
565278;A6900;ARES;VIX - SOULOG EXPRESS;;ES;02/09/2026 16:30:00;Pendente de Retorno;ES;VITORIA;LABORATORIO CENTRAL SAUDE PUBLICA ESPIRITO SANTO -;21/07/2026 17:28:15
565278;A7102;ARES;VIX - SOULOG EXPRESS;;ES;02/09/2026 16:30:00;Pendente de Retorno;ES;VITORIA;LABORATORIO CENTRAL SAUDE PUBLICA ESPIRITO SANTO -;27/07/2026 16:42:42
565278;A7202;ARES;VIX - SOULOG EXPRESS;;ES;02/09/2026 16:30:00;Pendente de Retorno;ES;VITORIA;LABORATORIO CENTRAL SAUDE PUBLICA ESPIRITO SANTO -;17/07/2026 07:37:05
565278;A7381;ARES;VIX - SOULOG EXPRESS;;ES;02/09/2026 16:30:00;Pendente de Retorno;ES;VITORIA;LABORATORIO CENTRAL SAUDE PUBLICA ESPIRITO SANTO -;21/07/2026 00:23:49
565278;A7709;ARES;VIX - SOULOG EXPRESS;;ES;02/09/2026 16:30:00;Pendente de Retorno;ES;VITORIA;LABORATORIO CENTRAL SAUDE PUBLICA ESPIRITO SANTO -;24/07/2026 08:23:01
565278;A7743;ARES;VIX - SOULOG EXPRESS;;ES;02/09/2026 16:30:00;Retornado;ES;VITORIA;LABORATORIO CENTRAL SAUDE PUBLICA ESPIRITO SANTO -;21/09/2026 13:42:26
565278;A7753;ARES;VIX - SOULOG EXPRESS;;ES;02/09/2026 16:30:00;Pendente de Retorno;ES;VITORIA;LABORATORIO CENTRAL SAUDE PUBLICA ESPIRITO SANTO -;24/07/2026 08:26:01
565278;A7898;ARES;VIX - SOULOG EXPRESS;;ES;02/09/2026 16:30:00;Pendente de Retorno;ES;VITORIA;LABORATORIO CENTRAL SAUDE PUBLICA ESPIRITO SANTO -;20/07/2026 11:34:58
565278;A8088;ARES;VIX - SOULOG EXPRESS;;ES;02/09/2026 16:30:00;Pendente de Retorno;ES;VITORIA;LABORATORIO CENTRAL SAUDE PUBLICA ESPIRITO SANTO -;27/07/2026 15:38:49
565278;A8244;ARES;VIX - SOULOG EXPRESS;;ES;02/09/2026 16:30:00;Pendente de Retorno;ES;VITORIA;LABORATORIO CENTRAL SAUDE PUBLICA ESPIRITO SANTO -;20/07/2026 11:38:23
565278;A8340;ARES;VIX - SOULOG EXPRESS;;ES;02/09/2026 16:30:00;Pendente de Retorno;ES;VITORIA;LABORATORIO CENTRAL SAUDE PUBLICA ESPIRITO SANTO -;26/07/2026 20:50:35
565278;A8574;ARES;VIX - SOULOG EXPRESS;;ES;02/09/2026 16:30:00;Pendente de Retorno;ES;VITORIA;LABORATORIO CENTRAL SAUDE PUBLICA ESPIRITO SANTO -;13/07/2026 16:33:54
565278;A8579;ARES;VIX - SOULOG EXPRESS;;ES;02/09/2026 16:30:00;Pendente de Retorno;ES;VITORIA;LABORATORIO CENTRAL SAUDE PUBLICA ESPIRITO SANTO -;27/07/2026 12:30:04
565278;A8591;ARES;VIX - SOULOG EXPRESS;;ES;02/09/2026 16:30:00;Pendente de Retorno;ES;VITORIA;LABORATORIO CENTRAL SAUDE PUBLICA ESPIRITO SANTO -;20/06/2026 10:32:21
565278;A8613;ARES;VIX - SOULOG EXPRESS;;ES;02/09/2026 16:30:00;Pendente de Retorno;ES;VITORIA;LABORATORIO CENTRAL SAUDE PUBLICA ESPIRITO SANTO -;17/07/2026 07:32:42
565278;A8755;ARES;VIX - SOULOG EXPRESS;;ES;02/09/2026 16:30:00;Pendente de Retorno;ES;VITORIA;LABORATORIO CENTRAL SAUDE PUBLICA ESPIRITO SANTO -;21/07/2026 17:28:52
565278;A9116;ARES;VIX - SOULOG EXPRESS;;ES;02/09/2026 16:30:00;Pendente de Retorno;ES;VITORIA;LABORATORIO CENTRAL SAUDE PUBLICA ESPIRITO SANTO -;27/07/2026 17:21:01
565278;A9274;ARES;VIX - SOULOG EXPRESS;;ES;02/09/2026 16:30:00;Pendente de Retorno;ES;VITORIA;LABORATORIO CENTRAL SAUDE PUBLICA ESPIRITO SANTO -;10/06/2026 13:54:30
565278;A9300;ARES;VIX - SOULOG EXPRESS;;ES;02/09/2026 16:30:00;Pendente de Retorno;ES;VITORIA;LABORATORIO CENTRAL SAUDE PUBLICA ESPIRITO SANTO -;10/07/2026 02:09:08
565278;TA0331;ARES;VIX - SOULOG EXPRESS;;ES;02/09/2026 16:30:00;Pendente de Retorno;ES;VITORIA;LABORATORIO CENTRAL SAUDE PUBLICA ESPIRITO SANTO -;26/06/2026 17:40:15
565278;TA0395;ARES;VIX - SOULOG EXPRESS;;ES;02/09/2026 16:30:00;Pendente de Retorno;ES;VITORIA;LABORATORIO CENTRAL SAUDE PUBLICA ESPIRITO SANTO -;22/07/2026 08:57:40
565278;TA0506;ARES;VIX - SOULOG EXPRESS;;ES;02/09/2026 16:30:00;Pendente de Retorno;ES;VITORIA;LABORATORIO CENTRAL SAUDE PUBLICA ESPIRITO SANTO -;25/07/2026 21:34:19
565278;TA0599;ARES;VIX - SOULOG EXPRESS;;ES;02/09/2026 16:30:00;Pendente de Retorno;ES;VITORIA;LABORATORIO CENTRAL SAUDE PUBLICA ESPIRITO SANTO -;21/07/2026 00:00:41
565278;TA1182;ARES;VIX - SOULOG EXPRESS;;ES;02/09/2026 16:30:00;Pendente de Retorno;ES;VITORIA;LABORATORIO CENTRAL SAUDE PUBLICA ESPIRITO SANTO -;27/07/2026 00:17:20
565278;TA1185;ARES;VIX - SOULOG EXPRESS;;ES;02/09/2026 16:30:00;Pendente de Retorno;ES;VITORIA;LABORATORIO CENTRAL SAUDE PUBLICA ESPIRITO SANTO -;13/07/2026 08:22:45
565224;A0159;ARES;NAT - CSM CARGO;;RN;02/09/2026 16:15:00;Retornado;RN;Natal;ALMOXARIFADO ESTADUAL DE MEDICAMENTOS;22/09/2026 00:49:32
565224;A1360;ARES;NAT - CSM CARGO;;RN;02/09/2026 16:15:00;Pendente de Retorno;RN;Natal;ALMOXARIFADO ESTADUAL DE MEDICAMENTOS;27/07/2026 16:42:39
565224;A2876;ARES;NAT - CSM CARGO;;RN;02/09/2026 16:15:00;Pendente de Retorno;RN;Natal;ALMOXARIFADO ESTADUAL DE MEDICAMENTOS;21/07/2026 17:23:09
565224;A2890;ARES;NAT - CSM CARGO;;RN;02/09/2026 16:15:00;Pendente de Retorno;RN;Natal;ALMOXARIFADO ESTADUAL DE MEDICAMENTOS;22/07/2026 23:45:40
565224;A3148;ARES;NAT - CSM CARGO;;RN;02/09/2026 16:15:00;Pendente de Retorno;RN;Natal;ALMOXARIFADO ESTADUAL DE MEDICAMENTOS;23/06/2026 17:10:38
565224;A3322;ARES;NAT - CSM CARGO;;RN;02/09/2026 16:15:00;Pendente de Retorno;RN;Natal;ALMOXARIFADO ESTADUAL DE MEDICAMENTOS;21/07/2026 17:27:36
565224;A3645;ARES;NAT - CSM CARGO;;RN;02/09/2026 16:15:00;Pendente de Retorno;RN;Natal;ALMOXARIFADO ESTADUAL DE MEDICAMENTOS;27/07/2026 17:10:19
565224;A3675;ARES;NAT - CSM CARGO;;RN;02/09/2026 16:15:00;Pendente de Retorno;RN;Natal;ALMOXARIFADO ESTADUAL DE MEDICAMENTOS;17/07/2026 07:35:31
565224;A4220;ARES;NAT - CSM CARGO;;RN;02/09/2026 16:15:00;Pendente de Retorno;RN;Natal;ALMOXARIFADO ESTADUAL DE MEDICAMENTOS;10/07/2026 17:25:49
565224;A5307;ARES;NAT - CSM CARGO;;RN;02/09/2026 16:15:00;Pendente de Retorno;RN;Natal;ALMOXARIFADO ESTADUAL DE MEDICAMENTOS;27/07/2026 16:42:05
565224;A5377;ARES;NAT - CSM CARGO;;RN;02/09/2026 16:15:00;Pendente de Retorno;RN;Natal;ALMOXARIFADO ESTADUAL DE MEDICAMENTOS;17/07/2026 07:31:44
565224;A6211;ARES;NAT - CSM CARGO;;RN;02/09/2026 16:15:00;Pendente de Retorno;RN;Natal;ALMOXARIFADO ESTADUAL DE MEDICAMENTOS;08/07/2026 00:26:45
565224;A6269;ARES;NAT - CSM CARGO;;RN;02/09/2026 16:15:00;Retornado;RN;Natal;ALMOXARIFADO ESTADUAL DE MEDICAMENTOS;22/09/2026 02:00:49
565224;A6574;ARES;NAT - CSM CARGO;;RN;02/09/2026 16:15:00;Pendente de Retorno;RN;Natal;ALMOXARIFADO ESTADUAL DE MEDICAMENTOS;20/07/2026 11:34:53
565224;A7372;ARES;NAT - CSM CARGO;;RN;02/09/2026 16:15:00;Pendente de Retorno;RN;Natal;ALMOXARIFADO ESTADUAL DE MEDICAMENTOS;24/07/2026 08:22:51
565224;A7591;ARES;NAT - CSM CARGO;;RN;02/09/2026 16:15:00;Pendente de Retorno;RN;Natal;ALMOXARIFADO ESTADUAL DE MEDICAMENTOS;27/07/2026 00:17:49
565224;A7600;ARES;NAT - CSM CARGO;;RN;02/09/2026 16:15:00;Pendente de Retorno;RN;Natal;ALMOXARIFADO ESTADUAL DE MEDICAMENTOS;14/07/2026 14:38:12
565224;A7792;ARES;NAT - CSM CARGO;;RN;02/09/2026 16:15:00;Pendente de Retorno;RN;Natal;ALMOXARIFADO ESTADUAL DE MEDICAMENTOS;21/07/2026 17:16:32
565224;A8012;ARES;NAT - CSM CARGO;;RN;02/09/2026 16:15:00;Pendente de Retorno;RN;Natal;ALMOXARIFADO ESTADUAL DE MEDICAMENTOS;21/07/2026 00:01:59
565224;A8309;ARES;NAT - CSM CARGO;;RN;02/09/2026 16:15:00;Retornado;RN;Natal;ALMOXARIFADO ESTADUAL DE MEDICAMENTOS;21/09/2026 19:07:03
565224;A8505;ARES;NAT - CSM CARGO;;RN;02/09/2026 16:15:00;Pendente de Retorno;RN;Natal;ALMOXARIFADO ESTADUAL DE MEDICAMENTOS;27/07/2026 16:48:17
565224;A8803;ARES;NAT - CSM CARGO;;RN;02/09/2026 16:15:00;Pendente de Retorno;RN;Natal;ALMOXARIFADO ESTADUAL DE MEDICAMENTOS;21/07/2026 17:28:23
565224;TA0219;ARES;NAT - CSM CARGO;;RN;02/09/2026 16:15:00;Pendente de Retorno;RN;Natal;ALMOXARIFADO ESTADUAL DE MEDICAMENTOS;25/07/2026 21:40:40
565224;TA0538;ARES;NAT - CSM CARGO;;RN;02/09/2026 16:15:00;Pendente de Retorno;RN;Natal;ALMOXARIFADO ESTADUAL DE MEDICAMENTOS;17/07/2026 17:06:58
565224;TA0687;ARES;NAT - CSM CARGO;;RN;02/09/2026 16:15:00;Pendente de Retorno;RN;Natal;ALMOXARIFADO ESTADUAL DE MEDICAMENTOS;20/07/2026 11:36:06
565224;TA1031;ARES;NAT - CSM CARGO;;RN;02/09/2026 16:15:00;Pendente de Retorno;RN;Natal;ALMOXARIFADO ESTADUAL DE MEDICAMENTOS;22/07/2026 21:43:41
565224;TA1128;ARES;NAT - CSM CARGO;;RN;02/09/2026 16:15:00;Pendente de Retorno;RN;Natal;ALMOXARIFADO ESTADUAL DE MEDICAMENTOS;22/07/2026 23:46:33
566579;TA1230;ARES;UDI - ENTREGAS URGENTES LTDA;;MG;02/09/2026 16:05:00;Pendente de Retorno;MG;Uberlandia;William Ferreira  SEI 00737012789202251;27/07/2026 16:49:04
564612;A1053;ARES;VTCLOG - GRU;;PA;02/09/2026 16:00:00;Pendente de Retorno;PA;Ananindeua;SEC DE ESTADO DE SAUDE PULB DO PARA;20/07/2026 15:12:35
564612;A1165;ARES;VTCLOG - GRU;;PA;02/09/2026 16:00:00;Retornado;PA;Ananindeua;SEC DE ESTADO DE SAUDE PULB DO PARA;21/09/2026 09:09:02
564612;A1618;ARES;VTCLOG - GRU;;PA;02/09/2026 16:00:00;Pendente de Retorno;PA;Ananindeua;SEC DE ESTADO DE SAUDE PULB DO PARA;26/07/2026 20:46:50
564612;A1751;ARES;VTCLOG - GRU;;PA;02/09/2026 16:00:00;Pendente de Retorno;PA;Ananindeua;SEC DE ESTADO DE SAUDE PULB DO PARA;21/07/2026 17:46:06
564612;A1758;ARES;VTCLOG - GRU;;PA;02/09/2026 16:00:00;Pendente de Retorno;PA;Ananindeua;SEC DE ESTADO DE SAUDE PULB DO PARA;11/06/2026 17:25:19
564612;A1814;ARES;VTCLOG - GRU;;PA;02/09/2026 16:00:00;Pendente de Retorno;PA;Ananindeua;SEC DE ESTADO DE SAUDE PULB DO PARA;09/07/2026 09:13:04
564612;A2426;ARES;VTCLOG - GRU;;PA;02/09/2026 16:00:00;Pendente de Retorno;PA;Ananindeua;SEC DE ESTADO DE SAUDE PULB DO PARA;21/07/2026 17:44:32
564612;A2864;ARES;VTCLOG - GRU;;PA;02/09/2026 16:00:00;Pendente de Retorno;PA;Ananindeua;SEC DE ESTADO DE SAUDE PULB DO PARA;22/07/2026 23:47:44
564612;A3020;ARES;VTCLOG - GRU;;PA;02/09/2026 16:00:00;Pendente de Retorno;PA;Ananindeua;SEC DE ESTADO DE SAUDE PULB DO PARA;21/07/2026 17:42:23
564612;A3077;ARES;VTCLOG - GRU;;PA;02/09/2026 16:00:00;Pendente de Retorno;PA;Ananindeua;SEC DE ESTADO DE SAUDE PULB DO PARA;18/07/2026 07:57:30
564612;A3107;ARES;VTCLOG - GRU;;PA;02/09/2026 16:00:00;Pendente de Retorno;PA;Ananindeua;SEC DE ESTADO DE SAUDE PULB DO PARA;17/07/2026 08:35:20
566784;A3129;ARES;THE - AERONEIVA EXPRESS;;PI;02/09/2026 16:00:00;Pendente de Retorno;PI;Teresina;MATERNIDADE MUNICIPAL PROF. WALL FERRAZ;27/07/2026 17:18:29
564612;A3191;ARES;VTCLOG - GRU;;PA;02/09/2026 16:00:00;Pendente de Retorno;PA;Ananindeua;SEC DE ESTADO DE SAUDE PULB DO PARA;18/07/2026 11:42:58
564612;A3363;ARES;VTCLOG - GRU;;PA;02/09/2026 16:00:00;Pendente de Retorno;PA;Ananindeua;SEC DE ESTADO DE SAUDE PULB DO PARA;25/07/2026 21:28:51
564612;A4601;ARES;VTCLOG - GRU;;PA;02/09/2026 16:00:00;Pendente de Retorno;PA;Ananindeua;SEC DE ESTADO DE SAUDE PULB DO PARA;22/07/2026 09:02:27
564612;A4617;ARES;VTCLOG - GRU;;PA;02/09/2026 16:00:00;Pendente de Retorno;PA;Ananindeua;SEC DE ESTADO DE SAUDE PULB DO PARA;23/06/2026 08:25:54
564612;A4622;ARES;VTCLOG - GRU;;PA;02/09/2026 16:00:00;Pendente de Retorno;PA;Ananindeua;SEC DE ESTADO DE SAUDE PULB DO PARA;14/07/2026 14:34:15
564612;A4997;ARES;VTCLOG - GRU;;PA;02/09/2026 16:00:00;Pendente de Retorno;PA;Ananindeua;SEC DE ESTADO DE SAUDE PULB DO PARA;27/07/2026 16:47:20
564612;A5212;ARES;VTCLOG - GRU;;PA;02/09/2026 16:00:00;Pendente de Retorno;PA;Ananindeua;SEC DE ESTADO DE SAUDE PULB DO PARA;20/07/2026 11:37:43
564612;A5394;ARES;VTCLOG - GRU;;PA;02/09/2026 16:00:00;Pendente de Retorno;PA;Ananindeua;SEC DE ESTADO DE SAUDE PULB DO PARA;20/07/2026 11:26:51
564612;A6284;ARES;VTCLOG - GRU;;PA;02/09/2026 16:00:00;Pendente de Retorno;PA;Ananindeua;SEC DE ESTADO DE SAUDE PULB DO PARA;17/07/2026 08:44:18
564612;A6328;ARES;VTCLOG - GRU;;PA;02/09/2026 16:00:00;Pendente de Retorno;PA;Ananindeua;SEC DE ESTADO DE SAUDE PULB DO PARA;23/07/2026 20:46:38
564612;A6610;ARES;VTCLOG - GRU;;PA;02/09/2026 16:00:00;Pendente de Retorno;PA;Ananindeua;SEC DE ESTADO DE SAUDE PULB DO PARA;29/06/2026 16:56:44
564612;A6633;ARES;VTCLOG - GRU;;PA;02/09/2026 16:00:00;Pendente de Retorno;PA;Ananindeua;SEC DE ESTADO DE SAUDE PULB DO PARA;22/07/2026 09:01:22
564612;A8126;ARES;VTCLOG - GRU;;PA;02/09/2026 16:00:00;Pendente de Retorno;PA;Ananindeua;SEC DE ESTADO DE SAUDE PULB DO PARA;20/07/2026 11:34:55
564612;A8303;ARES;VTCLOG - GRU;;PA;02/09/2026 16:00:00;Pendente de Retorno;PA;Ananindeua;SEC DE ESTADO DE SAUDE PULB DO PARA;28/07/2026 03:01:08
564612;A8378;ARES;VTCLOG - GRU;;PA;02/09/2026 16:00:00;Pendente de Retorno;PA;Ananindeua;SEC DE ESTADO DE SAUDE PULB DO PARA;27/07/2026 10:29:38
564612;A8397;ARES;VTCLOG - GRU;;PA;02/09/2026 16:00:00;Pendente de Retorno;PA;Ananindeua;SEC DE ESTADO DE SAUDE PULB DO PARA;24/07/2026 08:23:26
564612;A9170;ARES;VTCLOG - GRU;;PA;02/09/2026 16:00:00;Pendente de Retorno;PA;Ananindeua;SEC DE ESTADO DE SAUDE PULB DO PARA;14/07/2026 17:25:55
564612;A9429;ARES;VTCLOG - GRU;;PA;02/09/2026 16:00:00;Pendente de Retorno;PA;Ananindeua;SEC DE ESTADO DE SAUDE PULB DO PARA;18/07/2026 10:13:42
564612;A9496;ARES;VTCLOG - GRU;;PA;02/09/2026 16:00:00;Pendente de Retorno;PA;Ananindeua;SEC DE ESTADO DE SAUDE PULB DO PARA;21/07/2026 17:12:26
564612;TA0409;ARES;VTCLOG - GRU;;PA;02/09/2026 16:00:00;Pendente de Retorno;PA;Ananindeua;SEC DE ESTADO DE SAUDE PULB DO PARA;08/07/2026 20:52:21
564612;TA0553;ARES;VTCLOG - GRU;;PA;02/09/2026 16:00:00;Pendente de Retorno;PA;Ananindeua;SEC DE ESTADO DE SAUDE PULB DO PARA;24/07/2026 08:32:07
566803;A8810;ARES;VTCLOG - GRU;;SP;02/09/2026 15:32:43;Pendente de Retorno;SP;Sao Jose do Rio Preto;HOSPITAL DE BASE DE SÃO JOSÉ DO RIO PRETO;10/07/2026 17:25:18
566642;TA0663;ARES;VTCLOG - GRU;;SP;02/09/2026 15:30:29;Pendente de Retorno;SP;Piracicaba;JOSE LUIS PAGANI 00737.010942/2025-58;10/07/2026 02:11:35
566411;A2229;ARES;VTCLOG RIO GALEAO;;RJ;02/09/2026 15:30:00;Pendente de Retorno;RJ;CAMPOS DOS GOYTACAZES;PEDRO LORENZO A CRUZ DE AZEVEDO;10/07/2026 17:18:11
566574;A3766;ARES;MCZ - MCZ EXPRESS SERVICE LTDA;;AL;02/09/2026 15:29:00;Pendente de Retorno;AL;Maceio;SECRETARIA DE ESTADO DA SAUDE;25/07/2026 21:24:31
566574;TA0398;ARES;MCZ - MCZ EXPRESS SERVICE LTDA;;AL;02/09/2026 15:29:00;Retornado;AL;Maceio;SECRETARIA DE ESTADO DA SAUDE;21/09/2026 14:13:56
566115;A6971;ARES;RBR - RODOTEC;;AC;02/09/2026 15:17:00;Pendente de Retorno;AC;Rio Branco;VICENTE ARAGÃO PRADO JUNIOR 00737.011472/2026-21;14/07/2026 14:36:49
566140;A8548;ARES;RAO- GATTO LOG TRANSPORTES E SERVICOS LTDA;;MG;02/09/2026 15:15:00;Pendente de Retorno;MG;Passos;JAMIR FERREIRA DA COSTA 00737.010609/2026-20;24/07/2026 13:23:35
566584;A8694;ARES;MCZ - MCZ EXPRESS SERVICE LTDA;;AL;02/09/2026 14:54:49;Retornado;AL;Maceio;LUCIENE ANA DA SILVA 00737.008941/2026-24;21/09/2026 13:40:40
566019;TA0216;ARES;SLZ - REIS CAVALCANTE EXPRESSO;;MA;02/09/2026 14:43:56;Pendente de Retorno;MA;Sao Luis;HOSPITAL MACRORREGIONAL DRA RUTH NOLETO;21/07/2026 17:23:58
566475;A7637;ARES;MCZ - MCZ EXPRESS SERVICE LTDA;;AL;02/09/2026 14:35:00;Pendente de Retorno;AL;Maceio;HOSPITAL ESCOLA DR. HÉLVIO DE FARIAS AUTO;20/07/2026 11:37:27
566805;A6598;ARES;IGU - FOZEXPRESS;;PR;02/09/2026 14:00:00;Pendente de Retorno;PR;Foz do Iguacu;HOSPITAL MUNICIPAL PADRE GERMANO LAUCK;30/06/2026 08:23:10
566573;A6727;ARES;MCZ - MCZ EXPRESS SERVICE LTDA;;AL;02/09/2026 14:00:00;Pendente de Retorno;AL;Santana do Ipanema;BÁRBARA ISYS BARBOSA ROCHA 00737.009275/2025-61;27/07/2026 17:11:16
566377;TA0824;ARES;VTCLOG - GRU;;SP;02/09/2026 13:49:32;Pendente de Retorno;SP;Jau;JULIANA ROSSI FELIPE 00737.010135/2026-16;23/07/2026 08:40:03
566836;A8738;ARES;VTCLOG - GRU;;SP;02/09/2026 13:46:00;Pendente de Retorno;SP;Ribeirao Preto;LUIZ AUGUSTO PEREIRA SEI;27/07/2026 16:48:14
565270;A1173;ARES;FOR - NT TRANSPORTE LTDA;;CE;02/09/2026 13:05:03;Pendente de Retorno;CE;Fortaleza;ALMOXARIFADO ESTADUAL DE MEDICAMENTOS;23/07/2026 07:43:24
565270;A1392;ARES;FOR - NT TRANSPORTE LTDA;;CE;02/09/2026 13:05:03;Pendente de Retorno;CE;Fortaleza;ALMOXARIFADO ESTADUAL DE MEDICAMENTOS;21/07/2026 17:29:55
565270;A1842;ARES;FOR - NT TRANSPORTE LTDA;;CE;02/09/2026 13:05:03;Pendente de Retorno;CE;Fortaleza;ALMOXARIFADO ESTADUAL DE MEDICAMENTOS;28/07/2026 03:04:10
565270;A1958;ARES;FOR - NT TRANSPORTE LTDA;;CE;02/09/2026 13:05:03;Pendente de Retorno;CE;Fortaleza;ALMOXARIFADO ESTADUAL DE MEDICAMENTOS;25/07/2026 21:34:46
565270;A2040;ARES;FOR - NT TRANSPORTE LTDA;;CE;02/09/2026 13:05:03;Pendente de Retorno;CE;Fortaleza;ALMOXARIFADO ESTADUAL DE MEDICAMENTOS;21/07/2026 00:05:35
565270;A2715;ARES;FOR - NT TRANSPORTE LTDA;;CE;02/09/2026 13:05:03;Pendente de Retorno;CE;Fortaleza;ALMOXARIFADO ESTADUAL DE MEDICAMENTOS;17/07/2026 08:38:27
565270;A3486;ARES;FOR - NT TRANSPORTE LTDA;;CE;02/09/2026 13:05:03;Pendente de Retorno;CE;Fortaleza;ALMOXARIFADO ESTADUAL DE MEDICAMENTOS;24/07/2026 08:38:02
565270;A3554;ARES;FOR - NT TRANSPORTE LTDA;;CE;02/09/2026 13:05:03;Pendente de Retorno;CE;Fortaleza;ALMOXARIFADO ESTADUAL DE MEDICAMENTOS;21/07/2026 17:31:04
565270;A3705;ARES;FOR - NT TRANSPORTE LTDA;;CE;02/09/2026 13:05:03;Pendente de Retorno;CE;Fortaleza;ALMOXARIFADO ESTADUAL DE MEDICAMENTOS;17/07/2026 08:22:42
565270;A3960;ARES;FOR - NT TRANSPORTE LTDA;;CE;02/09/2026 13:05:03;Pendente de Retorno;CE;Fortaleza;ALMOXARIFADO ESTADUAL DE MEDICAMENTOS;27/07/2026 15:24:28
565270;A4106;ARES;FOR - NT TRANSPORTE LTDA;;CE;02/09/2026 13:05:03;Pendente de Retorno;CE;Fortaleza;ALMOXARIFADO ESTADUAL DE MEDICAMENTOS;20/07/2026 11:26:31
565270;A4311;ARES;FOR - NT TRANSPORTE LTDA;;CE;02/09/2026 13:05:03;Pendente de Retorno;CE;Fortaleza;ALMOXARIFADO ESTADUAL DE MEDICAMENTOS;18/07/2026 08:00:16
565270;A4706;ARES;FOR - NT TRANSPORTE LTDA;;CE;02/09/2026 13:05:03;Pendente de Retorno;CE;Fortaleza;ALMOXARIFADO ESTADUAL DE MEDICAMENTOS;27/07/2026 15:33:31
565270;A5123;ARES;FOR - NT TRANSPORTE LTDA;;CE;02/09/2026 13:05:03;Pendente de Retorno;CE;Fortaleza;ALMOXARIFADO ESTADUAL DE MEDICAMENTOS;23/07/2026 07:42:39
565270;A5361;ARES;FOR - NT TRANSPORTE LTDA;;CE;02/09/2026 13:05:03;Pendente de Retorno;CE;Fortaleza;ALMOXARIFADO ESTADUAL DE MEDICAMENTOS;14/07/2026 17:04:23
565270;A5518;ARES;FOR - NT TRANSPORTE LTDA;;CE;02/09/2026 13:05:03;Pendente de Retorno;CE;Fortaleza;ALMOXARIFADO ESTADUAL DE MEDICAMENTOS;20/07/2026 11:26:43
565270;A5731;ARES;FOR - NT TRANSPORTE LTDA;;CE;02/09/2026 13:05:03;Pendente de Retorno;CE;Fortaleza;ALMOXARIFADO ESTADUAL DE MEDICAMENTOS;21/07/2026 17:44:37
565270;A5892;ARES;FOR - NT TRANSPORTE LTDA;;CE;02/09/2026 13:05:03;Pendente de Retorno;CE;Fortaleza;ALMOXARIFADO ESTADUAL DE MEDICAMENTOS;17/07/2026 15:30:08
565270;A5925;ARES;FOR - NT TRANSPORTE LTDA;;CE;02/09/2026 13:05:03;Pendente de Retorno;CE;Fortaleza;ALMOXARIFADO ESTADUAL DE MEDICAMENTOS;13/07/2026 16:41:50
565270;A5940;ARES;FOR - NT TRANSPORTE LTDA;;CE;02/09/2026 13:05:03;Pendente de Retorno;CE;Fortaleza;ALMOXARIFADO ESTADUAL DE MEDICAMENTOS;21/07/2026 17:21:02
565270;A5988;ARES;FOR - NT TRANSPORTE LTDA;;CE;02/09/2026 13:05:03;Pendente de Retorno;CE;Fortaleza;ALMOXARIFADO ESTADUAL DE MEDICAMENTOS;24/07/2026 15:29:18
565270;A6117;ARES;FOR - NT TRANSPORTE LTDA;;CE;02/09/2026 13:05:03;Pendente de Retorno;CE;Fortaleza;ALMOXARIFADO ESTADUAL DE MEDICAMENTOS;10/07/2026 13:13:12
565270;A6367;ARES;FOR - NT TRANSPORTE LTDA;;CE;02/09/2026 13:05:03;Pendente de Retorno;CE;Fortaleza;ALMOXARIFADO ESTADUAL DE MEDICAMENTOS;18/07/2026 10:13:33
565270;A6861;ARES;FOR - NT TRANSPORTE LTDA;;CE;02/09/2026 13:05:03;Pendente de Retorno;CE;Fortaleza;ALMOXARIFADO ESTADUAL DE MEDICAMENTOS;17/07/2026 08:21:42
565270;A6895;ARES;FOR - NT TRANSPORTE LTDA;;CE;02/09/2026 13:05:03;Pendente de Retorno;CE;Fortaleza;ALMOXARIFADO ESTADUAL DE MEDICAMENTOS;30/06/2026 08:28:26
565270;A7640;ARES;FOR - NT TRANSPORTE LTDA;;CE;02/09/2026 13:05:03;Pendente de Retorno;CE;Fortaleza;ALMOXARIFADO ESTADUAL DE MEDICAMENTOS;13/07/2026 16:41:04
565270;A7674;ARES;FOR - NT TRANSPORTE LTDA;;CE;02/09/2026 13:05:03;Pendente de Retorno;CE;Fortaleza;ALMOXARIFADO ESTADUAL DE MEDICAMENTOS;12/05/2026 14:14:49
565270;A7846;ARES;FOR - NT TRANSPORTE LTDA;;CE;02/09/2026 13:05:03;Pendente de Retorno;CE;Fortaleza;ALMOXARIFADO ESTADUAL DE MEDICAMENTOS;17/07/2026 07:35:08
565270;A8101;ARES;FOR - NT TRANSPORTE LTDA;;CE;02/09/2026 13:05:03;Pendente de Retorno;CE;Fortaleza;ALMOXARIFADO ESTADUAL DE MEDICAMENTOS;09/07/2026 23:10:12
565270;A8203;ARES;FOR - NT TRANSPORTE LTDA;;CE;02/09/2026 13:05:03;Pendente de Retorno;CE;Fortaleza;ALMOXARIFADO ESTADUAL DE MEDICAMENTOS;22/07/2026 23:44:55
565270;A8268;ARES;FOR - NT TRANSPORTE LTDA;;CE;02/09/2026 13:05:03;Pendente de Retorno;CE;Fortaleza;ALMOXARIFADO ESTADUAL DE MEDICAMENTOS;21/07/2026 17:28:52
565270;A8368;ARES;FOR - NT TRANSPORTE LTDA;;CE;02/09/2026 13:05:03;Pendente de Retorno;CE;Fortaleza;ALMOXARIFADO ESTADUAL DE MEDICAMENTOS;15/05/2026 14:43:30
565270;A8460;ARES;FOR - NT TRANSPORTE LTDA;;CE;02/09/2026 13:05:03;Pendente de Retorno;CE;Fortaleza;ALMOXARIFADO ESTADUAL DE MEDICAMENTOS;27/07/2026 17:17:14
565270;A8636;ARES;FOR - NT TRANSPORTE LTDA;;CE;02/09/2026 13:05:03;Pendente de Retorno;CE;Fortaleza;ALMOXARIFADO ESTADUAL DE MEDICAMENTOS;27/07/2026 12:31:35
565270;A8807;ARES;FOR - NT TRANSPORTE LTDA;;CE;02/09/2026 13:05:03;Pendente de Retorno;CE;Fortaleza;ALMOXARIFADO ESTADUAL DE MEDICAMENTOS;17/07/2026 08:45:52
565270;A8818;ARES;FOR - NT TRANSPORTE LTDA;;CE;02/09/2026 13:05:03;Pendente de Retorno;CE;Fortaleza;ALMOXARIFADO ESTADUAL DE MEDICAMENTOS;22/07/2026 09:00:41
565270;A9024;ARES;FOR - NT TRANSPORTE LTDA;;CE;02/09/2026 13:05:03;Pendente de Retorno;CE;Fortaleza;ALMOXARIFADO ESTADUAL DE MEDICAMENTOS;23/06/2026 15:14:12
565270;A9066;ARES;FOR - NT TRANSPORTE LTDA;;CE;02/09/2026 13:05:03;Pendente de Retorno;CE;Fortaleza;ALMOXARIFADO ESTADUAL DE MEDICAMENTOS;10/07/2026 13:14:35
565270;A9154;ARES;FOR - NT TRANSPORTE LTDA;;CE;02/09/2026 13:05:03;Pendente de Retorno;CE;Fortaleza;ALMOXARIFADO ESTADUAL DE MEDICAMENTOS;27/07/2026 16:47:35
565270;A9260;ARES;FOR - NT TRANSPORTE LTDA;;CE;02/09/2026 13:05:03;Pendente de Retorno;CE;Fortaleza;ALMOXARIFADO ESTADUAL DE MEDICAMENTOS;23/06/2026 15:14:51
565270;A9302;ARES;FOR - NT TRANSPORTE LTDA;;CE;02/09/2026 13:05:03;Pendente de Retorno;CE;Fortaleza;ALMOXARIFADO ESTADUAL DE MEDICAMENTOS;14/07/2026 14:35:25
565270;A9352;ARES;FOR - NT TRANSPORTE LTDA;;CE;02/09/2026 13:05:03;Pendente de Retorno;CE;Fortaleza;ALMOXARIFADO ESTADUAL DE MEDICAMENTOS;23/06/2026 15:12:49
565270;A9427;ARES;FOR - NT TRANSPORTE LTDA;;CE;02/09/2026 13:05:03;Pendente de Retorno;CE;Fortaleza;ALMOXARIFADO ESTADUAL DE MEDICAMENTOS;14/07/2026 17:25:08
565270;A9498;ARES;FOR - NT TRANSPORTE LTDA;;CE;02/09/2026 13:05:03;Pendente de Retorno;CE;Fortaleza;ALMOXARIFADO ESTADUAL DE MEDICAMENTOS;23/07/2026 08:39:49
565270;A9639;ARES;FOR - NT TRANSPORTE LTDA;;CE;02/09/2026 13:05:03;Pendente de Retorno;CE;Fortaleza;ALMOXARIFADO ESTADUAL DE MEDICAMENTOS;10/07/2026 17:22:27
565270;TA0272;ARES;FOR - NT TRANSPORTE LTDA;;CE;02/09/2026 13:05:03;Pendente de Retorno;CE;Fortaleza;ALMOXARIFADO ESTADUAL DE MEDICAMENTOS;26/07/2026 22:20:03
565270;TA0772;ARES;FOR - NT TRANSPORTE LTDA;;CE;02/09/2026 13:05:03;Pendente de Retorno;CE;Fortaleza;ALMOXARIFADO ESTADUAL DE MEDICAMENTOS;09/07/2026 16:02:49
565270;TA0958;ARES;FOR - NT TRANSPORTE LTDA;;CE;02/09/2026 13:05:03;Pendente de Retorno;CE;Fortaleza;ALMOXARIFADO ESTADUAL DE MEDICAMENTOS;19/06/2026 17:20:46
565270;TA1081;ARES;FOR - NT TRANSPORTE LTDA;;CE;02/09/2026 13:05:03;Pendente de Retorno;CE;Fortaleza;ALMOXARIFADO ESTADUAL DE MEDICAMENTOS;12/05/2026 11:42:32
565270;TA1104;ARES;FOR - NT TRANSPORTE LTDA;;CE;02/09/2026 13:05:03;Pendente de Retorno;CE;Fortaleza;ALMOXARIFADO ESTADUAL DE MEDICAMENTOS;21/07/2026 17:46:11
566801;A9080;ARES;VTCLOG RIO GALEAO;;RJ;02/09/2026 13:00:00;Pendente de Retorno;RJ;Nova Iguacu;HOSPITAL GERAL DE NOVA IGUACU  RJ;27/07/2026 12:29:35
566412;A2935;ARES;SSA - LUTY LOG;;BA;02/09/2026 12:17:52;Pendente de Retorno;BA;Salvador;DAYSE DOS SANTOS PEREIRA;23/07/2026 21:08:58
564754;A0212;ARES;RBR - RODOTEC;;AC;02/09/2026 12:00:00;Pendente de Retorno;AC;Rio Branco;NÚCLEO DE DOENÇAS DE TRANSMISSÃO VETORIAL - SESACR;02/07/2026 16:49:19
564754;A1252;ARES;RBR - RODOTEC;;AC;02/09/2026 12:00:00;Pendente de Retorno;AC;Rio Branco;NÚCLEO DE DOENÇAS DE TRANSMISSÃO VETORIAL - SESACR;21/07/2026 17:28:24
564754;A1454;ARES;RBR - RODOTEC;;AC;02/09/2026 12:00:00;Pendente de Retorno;AC;Rio Branco;NÚCLEO DE DOENÇAS DE TRANSMISSÃO VETORIAL - SESACR;16/07/2026 09:07:47
564754;A1677;ARES;RBR - RODOTEC;;AC;02/09/2026 12:00:00;Pendente de Retorno;AC;Rio Branco;NÚCLEO DE DOENÇAS DE TRANSMISSÃO VETORIAL - SESACR;21/07/2026 17:25:31
564754;A3215;ARES;RBR - RODOTEC;;AC;02/09/2026 12:00:00;Pendente de Retorno;AC;Rio Branco;NÚCLEO DE DOENÇAS DE TRANSMISSÃO VETORIAL - SESACR;17/07/2026 07:32:51
564754;A4111;ARES;RBR - RODOTEC;;AC;02/09/2026 12:00:00;Pendente de Retorno;AC;Rio Branco;NÚCLEO DE DOENÇAS DE TRANSMISSÃO VETORIAL - SESACR;28/07/2026 03:05:49
564754;A4533;ARES;RBR - RODOTEC;;AC;02/09/2026 12:00:00;Pendente de Retorno;AC;Rio Branco;NÚCLEO DE DOENÇAS DE TRANSMISSÃO VETORIAL - SESACR;27/07/2026 15:25:04
564754;A5282;ARES;RBR - RODOTEC;;AC;02/09/2026 12:00:00;Pendente de Retorno;AC;Rio Branco;NÚCLEO DE DOENÇAS DE TRANSMISSÃO VETORIAL - SESACR;13/07/2026 07:46:10
564754;A5511;ARES;RBR - RODOTEC;;AC;02/09/2026 12:00:00;Retornado;AC;Rio Branco;NÚCLEO DE DOENÇAS DE TRANSMISSÃO VETORIAL - SESACR;21/09/2026 23:05:17
564754;A5632;ARES;RBR - RODOTEC;;AC;02/09/2026 12:00:00;Pendente de Retorno;AC;Rio Branco;NÚCLEO DE DOENÇAS DE TRANSMISSÃO VETORIAL - SESACR;29/06/2026 16:57:27
564754;A5844;ARES;RBR - RODOTEC;;AC;02/09/2026 12:00:00;Pendente de Retorno;AC;Rio Branco;NÚCLEO DE DOENÇAS DE TRANSMISSÃO VETORIAL - SESACR;17/07/2026 08:23:05
564754;A6000;ARES;RBR - RODOTEC;;AC;02/09/2026 12:00:00;Pendente de Retorno;AC;Rio Branco;NÚCLEO DE DOENÇAS DE TRANSMISSÃO VETORIAL - SESACR;21/07/2026 17:19:28
566394;A6043;ARES;POA - GMB TRANSPORTES E LOGISTICA ME;;RS;02/09/2026 12:00:00;Pendente de Retorno;RS;Porto Alegre;KAREN DA SILVA DIAS 00737.019022/2025-03;27/07/2026 00:14:24
564754;A6074;ARES;RBR - RODOTEC;;AC;02/09/2026 12:00:00;Pendente de Retorno;AC;Rio Branco;NÚCLEO DE DOENÇAS DE TRANSMISSÃO VETORIAL - SESACR;10/07/2026 17:21:03
564754;A6114;ARES;RBR - RODOTEC;;AC;02/09/2026 12:00:00;Pendente de Retorno;AC;Rio Branco;NÚCLEO DE DOENÇAS DE TRANSMISSÃO VETORIAL - SESACR;13/07/2026 16:29:04
564754;A6501;ARES;RBR - RODOTEC;;AC;02/09/2026 12:00:00;Pendente de Retorno;AC;Rio Branco;NÚCLEO DE DOENÇAS DE TRANSMISSÃO VETORIAL - SESACR;25/07/2026 12:08:26
564754;A7068;ARES;RBR - RODOTEC;;AC;02/09/2026 12:00:00;Pendente de Retorno;AC;Rio Branco;NÚCLEO DE DOENÇAS DE TRANSMISSÃO VETORIAL - SESACR;22/07/2026 08:56:49
564754;A7260;ARES;RBR - RODOTEC;;AC;02/09/2026 12:00:00;Pendente de Retorno;AC;Rio Branco;NÚCLEO DE DOENÇAS DE TRANSMISSÃO VETORIAL - SESACR;18/07/2026 10:09:50
564754;A7495;ARES;RBR - RODOTEC;;AC;02/09/2026 12:00:00;Pendente de Retorno;AC;Rio Branco;NÚCLEO DE DOENÇAS DE TRANSMISSÃO VETORIAL - SESACR;13/07/2026 16:30:48
564754;A7569;ARES;RBR - RODOTEC;;AC;02/09/2026 12:00:00;Pendente de Retorno;AC;Rio Branco;NÚCLEO DE DOENÇAS DE TRANSMISSÃO VETORIAL - SESACR;22/07/2026 21:42:21
564754;A7986;ARES;RBR - RODOTEC;;AC;02/09/2026 12:00:00;Pendente de Retorno;AC;Rio Branco;NÚCLEO DE DOENÇAS DE TRANSMISSÃO VETORIAL - SESACR;14/07/2026 17:23:18
564754;A8102;ARES;RBR - RODOTEC;;AC;02/09/2026 12:00:00;Pendente de Retorno;AC;Rio Branco;NÚCLEO DE DOENÇAS DE TRANSMISSÃO VETORIAL - SESACR;22/07/2026 23:45:15
564754;A8686;ARES;RBR - RODOTEC;;AC;02/09/2026 12:00:00;Pendente de Retorno;AC;Rio Branco;NÚCLEO DE DOENÇAS DE TRANSMISSÃO VETORIAL - SESACR;18/07/2026 10:11:07
564754;A8696;ARES;RBR - RODOTEC;;AC;02/09/2026 12:00:00;Pendente de Retorno;AC;Rio Branco;NÚCLEO DE DOENÇAS DE TRANSMISSÃO VETORIAL - SESACR;17/07/2026 07:34:08
566482;A8875;ARES;POA - GMB TRANSPORTES E LOGISTICA ME;;RS;02/09/2026 12:00:00;Pendente de Retorno;RS;Porto Alegre;HOSPITAL DE CLINICAS DE PORTO ALEGRE;09/07/2026 08:55:44
564754;A9039;ARES;RBR - RODOTEC;;AC;02/09/2026 12:00:00;Pendente de Retorno;AC;Rio Branco;NÚCLEO DE DOENÇAS DE TRANSMISSÃO VETORIAL - SESACR;21/07/2026 17:28:56
564754;A9207;ARES;RBR - RODOTEC;;AC;02/09/2026 12:00:00;Pendente de Retorno;AC;Rio Branco;NÚCLEO DE DOENÇAS DE TRANSMISSÃO VETORIAL - SESACR;24/07/2026 08:25:54
566482;A9252;ARES;POA - GMB TRANSPORTES E LOGISTICA ME;;RS;02/09/2026 12:00:00;Pendente de Retorno;RS;Porto Alegre;HOSPITAL DE CLINICAS DE PORTO ALEGRE;15/07/2026 08:17:36
564754;A9272;ARES;RBR - RODOTEC;;AC;02/09/2026 12:00:00;Pendente de Retorno;AC;Rio Branco;NÚCLEO DE DOENÇAS DE TRANSMISSÃO VETORIAL - SESACR;20/07/2026 11:37:12
564754;A9313;ARES;RBR - RODOTEC;;AC;02/09/2026 12:00:00;Pendente de Retorno;AC;Rio Branco;NÚCLEO DE DOENÇAS DE TRANSMISSÃO VETORIAL - SESACR;24/07/2026 08:38:24
564754;A9369;ARES;RBR - RODOTEC;;AC;02/09/2026 12:00:00;Pendente de Retorno;AC;Rio Branco;NÚCLEO DE DOENÇAS DE TRANSMISSÃO VETORIAL - SESACR;21/07/2026 22:24:11
564754;A9378;ARES;RBR - RODOTEC;;AC;02/09/2026 12:00:00;Pendente de Retorno;AC;Rio Branco;NÚCLEO DE DOENÇAS DE TRANSMISSÃO VETORIAL - SESACR;21/07/2026 17:29:59
564754;TA0121;ARES;RBR - RODOTEC;;AC;02/09/2026 12:00:00;Pendente de Retorno;AC;Rio Branco;NÚCLEO DE DOENÇAS DE TRANSMISSÃO VETORIAL - SESACR;17/07/2026 08:37:45
564754;TA0947;ARES;RBR - RODOTEC;;AC;02/09/2026 12:00:00;Pendente de Retorno;AC;Rio Branco;NÚCLEO DE DOENÇAS DE TRANSMISSÃO VETORIAL - SESACR;14/07/2026 17:23:34
566765;TA0451;ARES;SSA - LUTY LOG;;BA;02/09/2026 11:37:27;Pendente de Retorno;BA;Salvador;HEMOCENTRO COORDENADOR DA BAHIA;02/07/2026 17:04:38
566765;TA0722;ARES;SSA - LUTY LOG;;BA;02/09/2026 11:37:27;Pendente de Retorno;BA;Salvador;HEMOCENTRO COORDENADOR DA BAHIA;28/07/2026 03:04:58
566575;TA0013;ARES;JDO - TRANSVALBER;;CE;02/09/2026 11:36:00;Pendente de Retorno;CE;Barbalha;JOÃO VENANCIO PINHEIRO ALVES 25000.058691/2026-17;25/07/2026 21:26:13
566477;A9254;ARES;VTCLOG RIO GALEAO;;RJ;02/09/2026 11:16:00;Pendente de Retorno;RJ;RIO DE JANEIRO;INSTITUTO NACIONAL DE INFECTOLOGIA - INI;22/07/2026 23:45:00
566477;TA0083;ARES;VTCLOG RIO GALEAO;;RJ;02/09/2026 11:16:00;Pendente de Retorno;RJ;RIO DE JANEIRO;INSTITUTO NACIONAL DE INFECTOLOGIA - INI;21/07/2026 09:41:30
566477;TA0195;ARES;VTCLOG RIO GALEAO;;RJ;02/09/2026 11:16:00;Pendente de Retorno;RJ;RIO DE JANEIRO;INSTITUTO NACIONAL DE INFECTOLOGIA - INI;04/07/2026 11:33:06
566675;A3104;ARES;MAO- GR TRANSPORTES E LOGISTICA MULTIMODAL;;AM;02/09/2026 11:14:00;Pendente de Retorno;AM;Manaus;LABORATÓRIO CENTRAL DE SAÚDE PÚBLICA - AMAZONAS;27/07/2026 16:42:36
566814;A3641;ARES;FLN - TGEX TRANSPORTES E LOCACAO DE VEIC;;SC;02/09/2026 11:00:00;Pendente de Retorno;SC;Florianopolis;CENTRO DE PESQUISAS ONCOLÓGICAS - CEPON;17/07/2026 08:44:42
566580;A6848;ARES;VTCLOG - BSB;;DF;02/09/2026 10:43:39;Retornado;DF;BRASILIA;ECIONE SATURNINA SERAFIM 00737.016928/2026-49;21/09/2026 16:14:53
566233;A6930;ARES;VIX - SOULOG EXPRESS;;ES;02/09/2026 10:17:00;Pendente de Retorno;ES;Colatina;DENI MARIA DE MEDEIROS;21/07/2026 17:20:17
563084;A0312;ARES;SLZ - REIS CAVALCANTE EXPRESSO;;MA;02/09/2026 10:16:32;Pendente de Retorno;MA;Sao Luis;HOSPITAL MACRORREGIONAL DRA RUTH NOLETO;22/07/2026 08:57:23
563084;A2832;ARES;SLZ - REIS CAVALCANTE EXPRESSO;;MA;02/09/2026 10:16:32;Pendente de Retorno;MA;Sao Luis;HOSPITAL MACRORREGIONAL DRA RUTH NOLETO;03/07/2026 08:06:15
563084;A3058;ARES;SLZ - REIS CAVALCANTE EXPRESSO;;MA;02/09/2026 10:16:32;Pendente de Retorno;MA;Sao Luis;HOSPITAL MACRORREGIONAL DRA RUTH NOLETO;22/07/2026 09:00:04
563084;A3082;ARES;SLZ - REIS CAVALCANTE EXPRESSO;;MA;02/09/2026 10:16:32;Pendente de Retorno;MA;Sao Luis;HOSPITAL MACRORREGIONAL DRA RUTH NOLETO;13/07/2026 16:28:04
563084;A3688;ARES;SLZ - REIS CAVALCANTE EXPRESSO;;MA;02/09/2026 10:16:32;Pendente de Retorno;MA;Sao Luis;HOSPITAL MACRORREGIONAL DRA RUTH NOLETO;14/07/2026 17:25:24
563084;A4287;ARES;SLZ - REIS CAVALCANTE EXPRESSO;;MA;02/09/2026 10:16:32;Pendente de Retorno;MA;Sao Luis;HOSPITAL MACRORREGIONAL DRA RUTH NOLETO;08/07/2026 23:31:08
563084;A4457;ARES;SLZ - REIS CAVALCANTE EXPRESSO;;MA;02/09/2026 10:16:32;Pendente de Retorno;MA;Sao Luis;HOSPITAL MACRORREGIONAL DRA RUTH NOLETO;17/07/2026 17:06:50
563084;A4592;ARES;SLZ - REIS CAVALCANTE EXPRESSO;;MA;02/09/2026 10:16:32;Pendente de Retorno;MA;Sao Luis;HOSPITAL MACRORREGIONAL DRA RUTH NOLETO;22/07/2026 21:45:00
563084;A5484;ARES;SLZ - REIS CAVALCANTE EXPRESSO;;MA;02/09/2026 10:16:32;Pendente de Retorno;MA;Sao Luis;HOSPITAL MACRORREGIONAL DRA RUTH NOLETO;27/06/2026 10:50:21
563084;A5539;ARES;SLZ - REIS CAVALCANTE EXPRESSO;;MA;02/09/2026 10:16:32;Pendente de Retorno;MA;Sao Luis;HOSPITAL MACRORREGIONAL DRA RUTH NOLETO;18/07/2026 07:58:05
563084;A6049;ARES;SLZ - REIS CAVALCANTE EXPRESSO;;MA;02/09/2026 10:16:32;Pendente de Retorno;MA;Sao Luis;HOSPITAL MACRORREGIONAL DRA RUTH NOLETO;27/07/2026 17:09:14
563084;A6235;ARES;SLZ - REIS CAVALCANTE EXPRESSO;;MA;02/09/2026 10:16:32;Pendente de Retorno;MA;Sao Luis;HOSPITAL MACRORREGIONAL DRA RUTH NOLETO;27/07/2026 00:16:03
563084;A6312;ARES;SLZ - REIS CAVALCANTE EXPRESSO;;MA;02/09/2026 10:16:32;Pendente de Retorno;MA;Sao Luis;HOSPITAL MACRORREGIONAL DRA RUTH NOLETO;02/07/2026 16:53:52
563084;A8179;ARES;SLZ - REIS CAVALCANTE EXPRESSO;;MA;02/09/2026 10:16:32;Pendente de Retorno;MA;Sao Luis;HOSPITAL MACRORREGIONAL DRA RUTH NOLETO;17/07/2026 08:33:43
563084;A8508;ARES;SLZ - REIS CAVALCANTE EXPRESSO;;MA;02/09/2026 10:16:32;Pendente de Retorno;MA;Sao Luis;HOSPITAL MACRORREGIONAL DRA RUTH NOLETO;18/07/2026 07:59:35
563084;A8523;ARES;SLZ - REIS CAVALCANTE EXPRESSO;;MA;02/09/2026 10:16:32;Pendente de Retorno;MA;Sao Luis;HOSPITAL MACRORREGIONAL DRA RUTH NOLETO;13/07/2026 16:49:35
563084;A9460;ARES;SLZ - REIS CAVALCANTE EXPRESSO;;MA;02/09/2026 10:16:32;Pendente de Retorno;MA;Sao Luis;HOSPITAL MACRORREGIONAL DRA RUTH NOLETO;29/06/2026 23:28:27
563084;A9527;ARES;SLZ - REIS CAVALCANTE EXPRESSO;;MA;02/09/2026 10:16:32;Pendente de Retorno;MA;Sao Luis;HOSPITAL MACRORREGIONAL DRA RUTH NOLETO;21/07/2026 17:16:31
563084;TA0104;ARES;SLZ - REIS CAVALCANTE EXPRESSO;;MA;02/09/2026 10:16:32;Retornado;MA;Sao Luis;HOSPITAL MACRORREGIONAL DRA RUTH NOLETO;09/09/2026 17:06:52
563084;TA0335;ARES;SLZ - REIS CAVALCANTE EXPRESSO;;MA;02/09/2026 10:16:32;Pendente de Retorno;MA;Sao Luis;HOSPITAL MACRORREGIONAL DRA RUTH NOLETO;13/06/2026 15:29:15
563084;TA0649;ARES;SLZ - REIS CAVALCANTE EXPRESSO;;MA;02/09/2026 10:16:32;Pendente de Retorno;MA;Sao Luis;HOSPITAL MACRORREGIONAL DRA RUTH NOLETO;20/07/2026 11:35:26
563084;TA0711;ARES;SLZ - REIS CAVALCANTE EXPRESSO;;MA;02/09/2026 10:16:32;Pendente de Retorno;MA;Sao Luis;HOSPITAL MACRORREGIONAL DRA RUTH NOLETO;23/07/2026 20:44:13
563084;TA0718;ARES;SLZ - REIS CAVALCANTE EXPRESSO;;MA;02/09/2026 10:16:32;Pendente de Retorno;MA;Sao Luis;HOSPITAL MACRORREGIONAL DRA RUTH NOLETO;21/07/2026 09:44:10
563084;TA0735;ARES;SLZ - REIS CAVALCANTE EXPRESSO;;MA;02/09/2026 10:16:32;Pendente de Retorno;MA;Sao Luis;HOSPITAL MACRORREGIONAL DRA RUTH NOLETO;28/07/2026 03:05:27
563084;TA0884;ARES;SLZ - REIS CAVALCANTE EXPRESSO;;MA;02/09/2026 10:16:32;Pendente de Retorno;MA;Sao Luis;HOSPITAL MACRORREGIONAL DRA RUTH NOLETO;26/07/2026 20:51:31
566623;A6048;ARES;VTCLOG CNF - CONTAGEM;;MG;02/09/2026 10:08:43;Pendente de Retorno;MG;Belo Horizonte;TEREZINHA DE JESUS LOPES DIOGO 00737.012988/2026-92;21/07/2026 17:10:52
566480;A4763;ARES;GYN - RBR EXPERIENCIA EM TRANSPORTES;;GO;02/09/2026 10:02:40;Pendente de Retorno;GO;Goiania;HOSPITAL DAS CLINICAS;22/07/2026 09:32:34
566813;A6236;ARES;AJU - CASSIMIRO TRANSPORTES;;SE;02/09/2026 10:00:00;Pendente de Retorno;SE;Aracaju;HOSPITAL UNIVERSITARIO;04/07/2026 13:59:45
566415;A4843;ARES;VTCLOG - BSB;;DF;02/09/2026 09:59:49;Pendente de Retorno;DF;BRASILIA;ISAQUE LUIZ VIEIRA SOARES SALES 00737.001274/2020-;16/07/2026 20:49:53
565257;A0041;ARES;SSA - LUTY LOG;;BA;02/09/2026 09:57:58;Pendente de Retorno;BA;Simoes Filho;CENTRAL FARMACÊUTICA DO ESTADO DA BAHIA - CEFARBA;24/07/2026 08:23:43
565257;A0586;ARES;SSA - LUTY LOG;;BA;02/09/2026 09:57:58;Pendente de Retorno;BA;Simoes Filho;CENTRAL FARMACÊUTICA DO ESTADO DA BAHIA - CEFARBA;21/07/2026 17:25:30
565257;A0841;ARES;SSA - LUTY LOG;;BA;02/09/2026 09:57:58;Pendente de Retorno;BA;Simoes Filho;CENTRAL FARMACÊUTICA DO ESTADO DA BAHIA - CEFARBA;02/07/2026 11:48:31
565257;A1466;ARES;SSA - LUTY LOG;;BA;02/09/2026 09:57:58;Pendente de Retorno;BA;Simoes Filho;CENTRAL FARMACÊUTICA DO ESTADO DA BAHIA - CEFARBA;21/07/2026 17:29:20
565257;A1853;ARES;SSA - LUTY LOG;;BA;02/09/2026 09:57:58;Pendente de Retorno;BA;Simoes Filho;CENTRAL FARMACÊUTICA DO ESTADO DA BAHIA - CEFARBA;20/07/2026 11:36:04
565257;A3160;ARES;SSA - LUTY LOG;;BA;02/09/2026 09:57:58;Pendente de Retorno;BA;Simoes Filho;CENTRAL FARMACÊUTICA DO ESTADO DA BAHIA - CEFARBA;14/07/2026 10:49:19
565257;A3179;ARES;SSA - LUTY LOG;;BA;02/09/2026 09:57:58;Pendente de Retorno;BA;Simoes Filho;CENTRAL FARMACÊUTICA DO ESTADO DA BAHIA - CEFARBA;20/07/2026 15:11:54
565257;A3203;ARES;SSA - LUTY LOG;;BA;02/09/2026 09:57:58;Pendente de Retorno;BA;Simoes Filho;CENTRAL FARMACÊUTICA DO ESTADO DA BAHIA - CEFARBA;26/07/2026 20:51:13
565257;A3488;ARES;SSA - LUTY LOG;;BA;02/09/2026 09:57:58;Pendente de Retorno;BA;Simoes Filho;CENTRAL FARMACÊUTICA DO ESTADO DA BAHIA - CEFARBA;01/07/2026 08:24:09
565257;A4296;ARES;SSA - LUTY LOG;;BA;02/09/2026 09:57:58;Pendente de Retorno;BA;Simoes Filho;CENTRAL FARMACÊUTICA DO ESTADO DA BAHIA - CEFARBA;30/06/2026 08:20:14
565257;A4399;ARES;SSA - LUTY LOG;;BA;02/09/2026 09:57:58;Pendente de Retorno;BA;Simoes Filho;CENTRAL FARMACÊUTICA DO ESTADO DA BAHIA - CEFARBA;26/07/2026 20:50:45
565257;A4438;ARES;SSA - LUTY LOG;;BA;02/09/2026 09:57:58;Pendente de Retorno;BA;Simoes Filho;CENTRAL FARMACÊUTICA DO ESTADO DA BAHIA - CEFARBA;27/07/2026 15:26:16
565257;A4606;ARES;SSA - LUTY LOG;;BA;02/09/2026 09:57:58;Pendente de Retorno;BA;Simoes Filho;CENTRAL FARMACÊUTICA DO ESTADO DA BAHIA - CEFARBA;27/07/2026 16:49:15
565257;A5043;ARES;SSA - LUTY LOG;;BA;02/09/2026 09:57:58;Pendente de Retorno;BA;Simoes Filho;CENTRAL FARMACÊUTICA DO ESTADO DA BAHIA - CEFARBA;27/07/2026 15:27:32
565257;A5289;ARES;SSA - LUTY LOG;;BA;02/09/2026 09:57:58;Pendente de Retorno;BA;Simoes Filho;CENTRAL FARMACÊUTICA DO ESTADO DA BAHIA - CEFARBA;21/07/2026 17:16:29
565257;A5328;ARES;SSA - LUTY LOG;;BA;02/09/2026 09:57:58;Pendente de Retorno;BA;Simoes Filho;CENTRAL FARMACÊUTICA DO ESTADO DA BAHIA - CEFARBA;28/07/2026 03:01:01
565257;A5990;ARES;SSA - LUTY LOG;;BA;02/09/2026 09:57:58;Pendente de Retorno;BA;Simoes Filho;CENTRAL FARMACÊUTICA DO ESTADO DA BAHIA - CEFARBA;30/06/2026 08:22:38
565257;A6019;ARES;SSA - LUTY LOG;;BA;02/09/2026 09:57:58;Pendente de Retorno;BA;Simoes Filho;CENTRAL FARMACÊUTICA DO ESTADO DA BAHIA - CEFARBA;20/07/2026 11:27:33
565257;A6351;ARES;SSA - LUTY LOG;;BA;02/09/2026 09:57:58;Pendente de Retorno;BA;Simoes Filho;CENTRAL FARMACÊUTICA DO ESTADO DA BAHIA - CEFARBA;27/07/2026 15:23:39
565257;A6441;ARES;SSA - LUTY LOG;;BA;02/09/2026 09:57:58;Pendente de Retorno;BA;Simoes Filho;CENTRAL FARMACÊUTICA DO ESTADO DA BAHIA - CEFARBA;25/07/2026 13:02:26
565257;A6545;ARES;SSA - LUTY LOG;;BA;02/09/2026 09:57:58;Pendente de Retorno;BA;Simoes Filho;CENTRAL FARMACÊUTICA DO ESTADO DA BAHIA - CEFARBA;27/07/2026 16:48:28
565257;A6547;ARES;SSA - LUTY LOG;;BA;02/09/2026 09:57:58;Pendente de Retorno;BA;Simoes Filho;CENTRAL FARMACÊUTICA DO ESTADO DA BAHIA - CEFARBA;23/07/2026 00:30:26
565257;A6559;ARES;SSA - LUTY LOG;;BA;02/09/2026 09:57:58;Pendente de Retorno;BA;Simoes Filho;CENTRAL FARMACÊUTICA DO ESTADO DA BAHIA - CEFARBA;21/07/2026 17:17:11
565257;A6708;ARES;SSA - LUTY LOG;;BA;02/09/2026 09:57:58;Pendente de Retorno;BA;Simoes Filho;CENTRAL FARMACÊUTICA DO ESTADO DA BAHIA - CEFARBA;26/07/2026 22:21:58
565257;A6743;ARES;SSA - LUTY LOG;;BA;02/09/2026 09:57:58;Retornado;BA;Simoes Filho;CENTRAL FARMACÊUTICA DO ESTADO DA BAHIA - CEFARBA;21/09/2026 20:19:28
565257;A6780;ARES;SSA - LUTY LOG;;BA;02/09/2026 09:57:58;Pendente de Retorno;BA;Simoes Filho;CENTRAL FARMACÊUTICA DO ESTADO DA BAHIA - CEFARBA;22/07/2026 12:21:25
565257;A7138;ARES;SSA - LUTY LOG;;BA;02/09/2026 09:57:58;Pendente de Retorno;BA;Simoes Filho;CENTRAL FARMACÊUTICA DO ESTADO DA BAHIA - CEFARBA;21/07/2026 17:19:39
565257;A7354;ARES;SSA - LUTY LOG;;BA;02/09/2026 09:57:58;Pendente de Retorno;BA;Simoes Filho;CENTRAL FARMACÊUTICA DO ESTADO DA BAHIA - CEFARBA;14/07/2026 10:50:26
565257;A7374;ARES;SSA - LUTY LOG;;BA;02/09/2026 09:57:58;Pendente de Retorno;BA;Simoes Filho;CENTRAL FARMACÊUTICA DO ESTADO DA BAHIA - CEFARBA;23/07/2026 08:40:30
565257;A7660;ARES;SSA - LUTY LOG;;BA;02/09/2026 09:57:58;Pendente de Retorno;BA;Simoes Filho;CENTRAL FARMACÊUTICA DO ESTADO DA BAHIA - CEFARBA;13/07/2026 16:49:14
565257;A7978;ARES;SSA - LUTY LOG;;BA;02/09/2026 09:57:58;Pendente de Retorno;BA;Simoes Filho;CENTRAL FARMACÊUTICA DO ESTADO DA BAHIA - CEFARBA;08/07/2026 07:58:55
565257;A8191;ARES;SSA - LUTY LOG;;BA;02/09/2026 09:57:58;Pendente de Retorno;BA;Simoes Filho;CENTRAL FARMACÊUTICA DO ESTADO DA BAHIA - CEFARBA;23/06/2026 08:09:11
565257;A8232;ARES;SSA - LUTY LOG;;BA;02/09/2026 09:57:58;Pendente de Retorno;BA;Simoes Filho;CENTRAL FARMACÊUTICA DO ESTADO DA BAHIA - CEFARBA;27/07/2026 00:14:27
565257;A8386;ARES;SSA - LUTY LOG;;BA;02/09/2026 09:57:58;Pendente de Retorno;BA;Simoes Filho;CENTRAL FARMACÊUTICA DO ESTADO DA BAHIA - CEFARBA;30/06/2026 07:24:57
565257;A8438;ARES;SSA - LUTY LOG;;BA;02/09/2026 09:57:58;Pendente de Retorno;BA;Simoes Filho;CENTRAL FARMACÊUTICA DO ESTADO DA BAHIA - CEFARBA;18/07/2026 08:01:28
565257;A8581;ARES;SSA - LUTY LOG;;BA;02/09/2026 09:57:58;Pendente de Retorno;BA;Simoes Filho;CENTRAL FARMACÊUTICA DO ESTADO DA BAHIA - CEFARBA;30/06/2026 07:26:55
565257;A8678;ARES;SSA - LUTY LOG;;BA;02/09/2026 09:57:58;Pendente de Retorno;BA;Simoes Filho;CENTRAL FARMACÊUTICA DO ESTADO DA BAHIA - CEFARBA;26/07/2026 20:47:47
565257;A8767;ARES;SSA - LUTY LOG;;BA;02/09/2026 09:57:58;Pendente de Retorno;BA;Simoes Filho;CENTRAL FARMACÊUTICA DO ESTADO DA BAHIA - CEFARBA;05/06/2026 08:40:48
565257;A8838;ARES;SSA - LUTY LOG;;BA;02/09/2026 09:57:58;Retornado;BA;Simoes Filho;CENTRAL FARMACÊUTICA DO ESTADO DA BAHIA - CEFARBA;19/09/2026 12:00:56
565257;A8918;ARES;SSA - LUTY LOG;;BA;02/09/2026 09:57:58;Pendente de Retorno;BA;Simoes Filho;CENTRAL FARMACÊUTICA DO ESTADO DA BAHIA - CEFARBA;26/07/2026 22:22:31
565257;A9211;ARES;SSA - LUTY LOG;;BA;02/09/2026 09:57:58;Pendente de Retorno;BA;Simoes Filho;CENTRAL FARMACÊUTICA DO ESTADO DA BAHIA - CEFARBA;18/07/2026 10:11:44
565257;TA0425;ARES;SSA - LUTY LOG;;BA;02/09/2026 09:57:58;Pendente de Retorno;BA;Simoes Filho;CENTRAL FARMACÊUTICA DO ESTADO DA BAHIA - CEFARBA;09/07/2026 15:31:58
565257;TA0426;ARES;SSA - LUTY LOG;;BA;02/09/2026 09:57:58;Pendente de Retorno;BA;Simoes Filho;CENTRAL FARMACÊUTICA DO ESTADO DA BAHIA - CEFARBA;15/07/2026 21:26:38
565257;TA0463;ARES;SSA - LUTY LOG;;BA;02/09/2026 09:57:58;Pendente de Retorno;BA;Simoes Filho;CENTRAL FARMACÊUTICA DO ESTADO DA BAHIA - CEFARBA;10/07/2026 16:18:07
565257;TA0659;ARES;SSA - LUTY LOG;;BA;02/09/2026 09:57:58;Pendente de Retorno;BA;Simoes Filho;CENTRAL FARMACÊUTICA DO ESTADO DA BAHIA - CEFARBA;16/07/2026 09:07:59
