Pedido;Logger;Tipo;LPN;UF;Cliente VTC;Coleta;Entrega;Chegada cliente;Status viagem VTC;Romaneio;Modal;Embarque;Desembarque;AWB;Último Sync;Dias sem sync;Em GRU?;Localização;Situação atual;Responsável atual;Destino portal;Finalidade portal;Status recebimento;Prova posição;Tag no dtbPortal;Atualização dtbPortal;CTE;Observação portal;Ação sugerida
566172;TA1115;ARES;00019200000014195364;AP;MINISTÉRIO DA SAUDE;07/09/2026 01:10;08/09/2026 17:54;08/09/2026 17:54;RECEBIDO NO CLIENTE;8485;MultiModal;07/09/2026 15:46;08/09/2026 03:49;;03/09/2026 20:18;0;NÃO;FORA DE GRU;AGENTE;SYS - Usuário sistema;TRANSPORTE;EM ROTA -TERCEIROS;PENDENTE RECEBIMENTO;TRANSPORTE · EM ROTA -TERCEIROS · PENDENTE RECEBIMENTO;TA1115;07/09/2026 02:02;;Datalogger enviado para agente  A A CARVALHO ROCHA pelo serviço de integração do ESL.;ACIONAR AGENTE/RESPONSÁVEL
563918;A4484;ARES;00019200000013973495;RJ;MINISTÉRIO DA SAUDE;07/09/2026 07:19;08/09/2026 17:00;;ENTREGUE;8502;MultiModal;08/09/2026 06:45;08/09/2026 08:18;;12/08/2026 08:48;0;NÃO;FORA DE GRU;AGENTE;AGENTE - MARCOS JOSE ARAUJO DE ASSIS;TRANSPORTE;EM ROTA -TERCEIROS;PENDENTE RECEBIMENTO;TRANSPORTE · EM ROTA -TERCEIROS · PENDENTE RECEBIMENTO;A4484;07/09/2026 08:09;;Datalogger enviado para agente VTCLOG RJ GALEAO pelo serviço de integração do ESL.;ACIONAR AGENTE/RESPONSÁVEL
563918;A6875;ARES;00019200000013973517;RJ;MINISTÉRIO DA SAUDE;07/09/2026 07:19;08/09/2026 17:00;;ENTREGUE;8502;MultiModal;08/09/2026 06:45;08/09/2026 08:18;;17/08/2026 11:30;0;NÃO;FORA DE GRU;AGENTE;AGENTE - NICOLLE CHRISTIE CAMPOS MAGALHÃES;TRANSPORTE;EM ROTA -TERCEIROS;PENDENTE RECEBIMENTO;TRANSPORTE · EM ROTA -TERCEIROS · PENDENTE RECEBIMENTO;A6875;07/09/2026 08:09;;Datalogger enviado para agente VTCLOG RJ GALEAO pelo serviço de integração do ESL.;ACIONAR AGENTE/RESPONSÁVEL
563918;A7402;ARES;00019200000013973550;RJ;MINISTÉRIO DA SAUDE;07/09/2026 07:19;08/09/2026 17:00;;ENTREGUE;8502;MultiModal;08/09/2026 06:45;08/09/2026 08:18;;13/08/2026 15:35;0;NÃO;FORA DE GRU;AGENTE;AGENTE - CHARLE BRASIL SILVERIO;TRANSPORTE;EM ROTA -TERCEIROS;PENDENTE RECEBIMENTO;TRANSPORTE · EM ROTA -TERCEIROS · PENDENTE RECEBIMENTO;A7402;07/09/2026 08:09;;Datalogger enviado para agente VTCLOG RJ GALEAO pelo serviço de integração do ESL.;ACIONAR AGENTE/RESPONSÁVEL
563918;A6418;ARES;00019200000013973568;RJ;MINISTÉRIO DA SAUDE;07/09/2026 07:19;08/09/2026 17:00;;ENTREGUE;8502;MultiModal;08/09/2026 06:45;08/09/2026 08:18;;17/08/2026 11:55;0;NÃO;FORA DE GRU;AGENTE;SYS - Usuário sistema;TRANSPORTE;EM ROTA -TERCEIROS;PENDENTE RECEBIMENTO;TRANSPORTE · EM ROTA -TERCEIROS · PENDENTE RECEBIMENTO;A6418;07/09/2026 08:09;;Datalogger enviado para agente VTCLOG RJ GALEAO pelo serviço de integração do ESL.;ACIONAR AGENTE/RESPONSÁVEL
563918;A8744;ARES;00019200000013973614;RJ;MINISTÉRIO DA SAUDE;07/09/2026 07:19;08/09/2026 17:00;;ENTREGUE;8502;MultiModal;08/09/2026 06:45;08/09/2026 08:18;;08/09/2026 16:22;0;NÃO;FORA DE GRU;AGENTE;SYS - Usuário sistema;TRANSPORTE;EM ROTA -TERCEIROS;PENDENTE RECEBIMENTO;TRANSPORTE · EM ROTA -TERCEIROS · PENDENTE RECEBIMENTO;A8744;07/09/2026 08:09;;Datalogger enviado para agente VTCLOG RJ GALEAO pelo serviço de integração do ESL.;ACIONAR AGENTE/RESPONSÁVEL
563918;A3733;ARES;00019200000013973630;RJ;MINISTÉRIO DA SAUDE;07/09/2026 07:19;08/09/2026 17:00;;ENTREGUE;8502;MultiModal;08/09/2026 06:45;08/09/2026 08:18;;08/09/2026 16:24;0;NÃO;FORA DE GRU;AGENTE;SYS - Usuário sistema;TRANSPORTE;EM ROTA -TERCEIROS;PENDENTE RECEBIMENTO;TRANSPORTE · EM ROTA -TERCEIROS · PENDENTE RECEBIMENTO;A3733;07/09/2026 08:09;;Datalogger enviado para agente VTCLOG RJ GALEAO pelo serviço de integração do ESL.;ACIONAR AGENTE/RESPONSÁVEL
563918;A7877;ARES;00019200000013973720;RJ;MINISTÉRIO DA SAUDE;07/09/2026 07:19;08/09/2026 17:00;;ENTREGUE;8502;MultiModal;08/09/2026 06:45;08/09/2026 08:18;;10/08/2026 16:33;0;NÃO;FORA DE GRU;AGENTE;AGENTE - FERNANDA CLARA BRITO LETE;TRANSPORTE;EM ROTA -TERCEIROS;PENDENTE RECEBIMENTO;TRANSPORTE · EM ROTA -TERCEIROS · PENDENTE RECEBIMENTO;A7877;07/09/2026 08:09;;Datalogger enviado para agente VTCLOG RJ GALEAO pelo serviço de integração do ESL.;ACIONAR AGENTE/RESPONSÁVEL
563918;A6519;ARES;00019200000013973746;RJ;MINISTÉRIO DA SAUDE;07/09/2026 07:19;08/09/2026 17:00;;ENTREGUE;8502;MultiModal;08/09/2026 06:45;08/09/2026 08:18;;08/09/2026 16:22;0;NÃO;FORA DE GRU;AGENTE;SYS - Usuário sistema;TRANSPORTE;EM ROTA -TERCEIROS;PENDENTE RECEBIMENTO;TRANSPORTE · EM ROTA -TERCEIROS · PENDENTE RECEBIMENTO;A6519;07/09/2026 08:09;;Datalogger enviado para agente VTCLOG RJ GALEAO pelo serviço de integração do ESL.;ACIONAR AGENTE/RESPONSÁVEL
564017;A6190;ARES;00019200000013974335;RJ;MINISTÉRIO DA SAUDE;07/09/2026 07:19;08/09/2026 17:00;;ENTREGUE;8500;MultiModal;08/09/2026 06:45;08/09/2026 08:18;;18/08/2026 11:54;0;NÃO;FORA DE GRU;AGENTE;AGENTE - RAIANA ASSIS DOS SANTOS;TRANSPORTE;EM ROTA -TERCEIROS;PENDENTE RECEBIMENTO;TRANSPORTE · EM ROTA -TERCEIROS · PENDENTE RECEBIMENTO;A6190;07/09/2026 08:09;;Datalogger enviado para agente VTCLOG RJ GALEAO pelo serviço de integração do ESL.;ACIONAR AGENTE/RESPONSÁVEL
564017;A6665;ARES;00019200000013974343;RJ;MINISTÉRIO DA SAUDE;07/09/2026 07:19;08/09/2026 17:00;;ENTREGUE;8500;MultiModal;08/09/2026 06:45;08/09/2026 08:18;;08/09/2026 16:24;0;NÃO;FORA DE GRU;AGENTE;AGENTE - JOSE AIRTON LOURENCO DE OLIVEIRA JUNIOR;TRANSPORTE;EM ROTA -TERCEIROS;PENDENTE RECEBIMENTO;TRANSPORTE · EM ROTA -TERCEIROS · PENDENTE RECEBIMENTO;A6665;07/09/2026 08:09;;Datalogger enviado para agente VTCLOG RJ GALEAO pelo serviço de integração do ESL.;ACIONAR AGENTE/RESPONSÁVEL
567328;A5687;ARES;00019200000014190010;CE;MINISTÉRIO DA SAUDE;07/09/2026 03:18;08/09/2026 16:42;;ENTREGUE;8493;MultiModal;07/09/2026 14:35;07/09/2026 18:20;;03/09/2026 20:17;0;NÃO;FORA DE GRU;AGENTE;SYS - Usuário sistema;TRANSPORTE;EM ROTA -TERCEIROS;PENDENTE RECEBIMENTO;TRANSPORTE · EM ROTA -TERCEIROS · PENDENTE RECEBIMENTO;A5687;07/09/2026 03:38;;Datalogger enviado para agente NT TRANSPORTE LTDA pelo serviço de integração do ESL.;ACIONAR AGENTE/RESPONSÁVEL
567328;A7267;ARES;00019200000014190028;CE;MINISTÉRIO DA SAUDE;07/09/2026 03:18;08/09/2026 16:42;;ENTREGUE;8493;MultiModal;07/09/2026 14:35;07/09/2026 18:20;;08/09/2026 10:22;0;NÃO;FORA DE GRU;AGENTE;SYS - Usuário sistema;TRANSPORTE;EM ROTA -TERCEIROS;PENDENTE RECEBIMENTO;TRANSPORTE · EM ROTA -TERCEIROS · PENDENTE RECEBIMENTO;A7267;07/09/2026 03:38;;Datalogger enviado para agente NT TRANSPORTE LTDA pelo serviço de integração do ESL.;ACIONAR AGENTE/RESPONSÁVEL
567040;A7527;ARES;00019200000014195658;CE;MINISTÉRIO DA SAUDE;03/09/2026 05:37;08/09/2026 16:00;;ENTREGUE;8441;MultiModal;05/09/2026 21:56;06/09/2026 03:50;;08/09/2026 10:22;0;NÃO;FORA DE GRU;AGENTE;AGENTE - MARCOS JOSE ARAUJO DE ASSIS;TRANSPORTE;EM ROTA -TERCEIROS;PENDENTE RECEBIMENTO;TRANSPORTE · EM ROTA -TERCEIROS · PENDENTE RECEBIMENTO;A7527;03/09/2026 06:19;;Datalogger enviado para agente NT TRANSPORTE LTDA pelo serviço de integração do ESL.;ACIONAR AGENTE/RESPONSÁVEL
564696;A0905;ARES;00019200000013991949;CE;MINISTÉRIO DA SAUDE;02/09/2026 00:42;08/09/2026 14:40;;ENTREGUE;8399;MultiModal;02/09/2026 20:27;03/09/2026 04:56;;08/09/2026 08:04;0;NÃO;FORA DE GRU;AGENTE;AGENTE - JERSSICA DE FREITAS DE OLIVEIRA;TRANSPORTE;EM ROTA -TERCEIROS;PENDENTE RECEBIMENTO;TRANSPORTE · EM ROTA -TERCEIROS · PENDENTE RECEBIMENTO;A0905;02/09/2026 04:24;;Datalogger enviado para agente NT TRANSPORTE LTDA pelo serviço de integração do ESL.;ACIONAR AGENTE/RESPONSÁVEL
566344;A5087;ARES;00019200000012447986;RS;MINISTÉRIO DA SAUDE;07/09/2026 02:10;08/09/2026 14:30;;ENTREGUE;8490;Rodoviário;07/09/2026 02:10;08/09/2026 14:30;;03/09/2026 12:32;0;NÃO;FORA DE GRU;AGENTE;AGENTE - PAULO FERNANDO CARVALHO ANDRADES;TRANSPORTE;EM ROTA -TERCEIROS;RECEBIDO;TRANSPORTE · EM ROTA -TERCEIROS · RECEBIDO;A5087;08/09/2026 14:50;;Datalogger recebido pelo agente com sucesso.;ACIONAR AGENTE/RESPONSÁVEL
566678;A1802;ARES;00019200000012447927;RS;MINISTÉRIO DA SAUDE;07/09/2026 01:10;08/09/2026 14:30;;ENTREGUE;8486;Rodoviário;07/09/2026 01:10;08/09/2026 14:30;;08/09/2026 10:02;0;NÃO;FORA DE GRU;AGENTE;AGENTE - PAULO FERNANDO CARVALHO ANDRADES;TRANSPORTE;EM ROTA -TERCEIROS;RECEBIDO;TRANSPORTE · EM ROTA -TERCEIROS · RECEBIDO;A1802;08/09/2026 14:48;;Datalogger recebido pelo agente com sucesso.;ACIONAR AGENTE/RESPONSÁVEL
567369;A2050;ARES;00019200000014199440;GO;MINISTÉRIO DA SAUDE;07/09/2026 07:11;08/09/2026 14:30;;ENTREGUE;8502;MultiModal;07/09/2026 13:16;08/09/2026 06:31;;08/09/2026 09:29;0;NÃO;FORA DE GRU;AGENTE;SYS - Usuário sistema;TRANSPORTE;EM ROTA -TERCEIROS;PENDENTE RECEBIMENTO;TRANSPORTE · EM ROTA -TERCEIROS · PENDENTE RECEBIMENTO;A2050;07/09/2026 08:04;;Datalogger enviado para agente RBR EXPERIENCIA EM TRANSPORTES LTDA pelo serviço de integração do ESL.;ACIONAR AGENTE/RESPONSÁVEL
565276;A9685;ARES;00019200000014202280;ES;MINISTÉRIO DA SAUDE;07/09/2026 04:50;08/09/2026 13:48;08/09/2026 13:48;RECEBIDO NO CLIENTE;8498;MultiModal;07/09/2026 13:16;08/09/2026 08:49;;05/09/2026 10:00;0;NÃO;FORA DE GRU;AGENTE;SYS - Usuário sistema;TRANSPORTE;EM ROTA -TERCEIROS;PENDENTE RECEBIMENTO;TRANSPORTE · EM ROTA -TERCEIROS · PENDENTE RECEBIMENTO;A9685;07/09/2026 08:02;;Datalogger enviado para agente SOULOG SOLUCOES EM TRANSPORTES E SERVICOS LTDA pelo serviço de integração do ESL.;ACIONAR AGENTE/RESPONSÁVEL
565276;A6996;ARES;00019200000014202344;ES;MINISTÉRIO DA SAUDE;07/09/2026 04:50;08/09/2026 13:48;08/09/2026 13:48;RECEBIDO NO CLIENTE;8498;MultiModal;07/09/2026 13:16;08/09/2026 08:49;;05/09/2026 09:07;0;NÃO;FORA DE GRU;AGENTE;SYS - Usuário sistema;TRANSPORTE;EM ROTA -TERCEIROS;PENDENTE RECEBIMENTO;TRANSPORTE · EM ROTA -TERCEIROS · PENDENTE RECEBIMENTO;A6996;07/09/2026 08:02;;Datalogger enviado para agente SOULOG SOLUCOES EM TRANSPORTES E SERVICOS LTDA pelo serviço de integração do ESL.;ACIONAR AGENTE/RESPONSÁVEL
566302;A9201;ARES;00019200000014154986;RJ;MINISTÉRIO DA SAUDE;07/09/2026 05:14;08/09/2026 13:00;;ENTREGUE;8495;MultiModal;07/09/2026 17:47;07/09/2026 19:53;;05/09/2026 10:00;0;NÃO;FORA DE GRU;AGENTE;SYS - Usuário sistema;TRANSPORTE;EM ROTA -TERCEIROS;PENDENTE RECEBIMENTO;TRANSPORTE · EM ROTA -TERCEIROS · PENDENTE RECEBIMENTO;A9201;07/09/2026 08:14;;Datalogger enviado para agente VTCLOG RJ GALEAO pelo serviço de integração do ESL.;ACIONAR AGENTE/RESPONSÁVEL
566302;A6010;ARES;00019200000014155206;RJ;MINISTÉRIO DA SAUDE;07/09/2026 05:14;08/09/2026 13:00;;ENTREGUE;8495;MultiModal;07/09/2026 17:47;07/09/2026 19:53;;05/09/2026 10:03;0;NÃO;FORA DE GRU;AGENTE;SYS - Usuário sistema;TRANSPORTE;EM ROTA -TERCEIROS;PENDENTE RECEBIMENTO;TRANSPORTE · EM ROTA -TERCEIROS · PENDENTE RECEBIMENTO;A6010;07/09/2026 08:14;;Datalogger enviado para agente VTCLOG RJ GALEAO pelo serviço de integração do ESL.;ACIONAR AGENTE/RESPONSÁVEL
565252;A8668;ARES;00019200000014220709;BA;MINISTÉRIO DA SAUDE;07/09/2026 05:03;08/09/2026 12:40;;ENTREGUE;8498;MultiModal;07/09/2026 09:38;07/09/2026 17:07;;05/09/2026 11:13;0;NÃO;FORA DE GRU;AGENTE;SYS - Usuário sistema;TRANSPORTE;EM ROTA -TERCEIROS;PENDENTE RECEBIMENTO;TRANSPORTE · EM ROTA -TERCEIROS · PENDENTE RECEBIMENTO;A8668;07/09/2026 08:09;;Datalogger enviado para agente LUIS CELSO DA SILVEIRA PIMENTEL JUNIOR pelo serviço de integração do ESL.;ACIONAR AGENTE/RESPONSÁVEL
565233;TA0330;ARES;00019200000014148269;PI;MINISTÉRIO DA SAUDE;03/09/2026 05:33;08/09/2026 12:20;;ENTREGUE;8449;MultiModal;07/09/2026 23:21;08/09/2026 03:46;;08/09/2026 08:13;0;NÃO;FORA DE GRU;AGENTE;AGENTE - DANILO MESAQUE DOS SANTOS TEIXEIRA;TRANSPORTE;EM ROTA -TERCEIROS;RECEBIDO;TRANSPORTE · EM ROTA -TERCEIROS · RECEBIDO;TA0330;08/09/2026 15:06;;Datalogger recebido pelo agente com sucesso.;ACIONAR AGENTE/RESPONSÁVEL
565233;A1844;ARES;00019200000014148285;PI;MINISTÉRIO DA SAUDE;03/09/2026 05:33;08/09/2026 12:20;;ENTREGUE;8449;MultiModal;07/09/2026 23:21;08/09/2026 03:46;;08/09/2026 08:10;0;NÃO;FORA DE GRU;AGENTE;AGENTE - DANILO MESAQUE DOS SANTOS TEIXEIRA;TRANSPORTE;EM ROTA -TERCEIROS;RECEBIDO;TRANSPORTE · EM ROTA -TERCEIROS · RECEBIDO;A1844;08/09/2026 15:07;;Datalogger recebido pelo agente com sucesso.;ACIONAR AGENTE/RESPONSÁVEL
565233;A3373;ARES;00019200000014148293;PI;MINISTÉRIO DA SAUDE;03/09/2026 05:33;08/09/2026 12:20;;ENTREGUE;8449;MultiModal;07/09/2026 23:21;08/09/2026 03:46;;08/09/2026 08:10;0;NÃO;FORA DE GRU;AGENTE;AGENTE - DANILO MESAQUE DOS SANTOS TEIXEIRA;TRANSPORTE;EM ROTA -TERCEIROS;RECEBIDO;TRANSPORTE · EM ROTA -TERCEIROS · RECEBIDO;A3373;08/09/2026 15:06;;Datalogger recebido pelo agente com sucesso.;ACIONAR AGENTE/RESPONSÁVEL
565233;TA0369;ARES;00019200000014148307;PI;MINISTÉRIO DA SAUDE;03/09/2026 05:33;08/09/2026 12:20;;ENTREGUE;8449;MultiModal;07/09/2026 23:21;08/09/2026 03:46;;08/09/2026 08:11;0;NÃO;FORA DE GRU;AGENTE;AGENTE - DANILO MESAQUE DOS SANTOS TEIXEIRA;TRANSPORTE;EM ROTA -TERCEIROS;RECEBIDO;TRANSPORTE · EM ROTA -TERCEIROS · RECEBIDO;TA0369;08/09/2026 15:06;;Datalogger recebido pelo agente com sucesso.;ACIONAR AGENTE/RESPONSÁVEL
565233;TA0644;ARES;00019200000014148315;PI;MINISTÉRIO DA SAUDE;03/09/2026 05:33;08/09/2026 12:20;;ENTREGUE;8449;MultiModal;07/09/2026 23:21;08/09/2026 03:46;;08/09/2026 08:10;0;NÃO;FORA DE GRU;AGENTE;AGENTE - DANILO MESAQUE DOS SANTOS TEIXEIRA;TRANSPORTE;EM ROTA -TERCEIROS;RECEBIDO;TRANSPORTE · EM ROTA -TERCEIROS · RECEBIDO;TA0644;08/09/2026 15:06;;Datalogger recebido pelo agente com sucesso.;ACIONAR AGENTE/RESPONSÁVEL
565233;A2868;ARES;00019200000014148323;PI;MINISTÉRIO DA SAUDE;03/09/2026 05:33;08/09/2026 12:20;;ENTREGUE;8449;MultiModal;07/09/2026 23:21;08/09/2026 03:46;;08/09/2026 08:10;0;NÃO;FORA DE GRU;AGENTE;AGENTE - DANILO MESAQUE DOS SANTOS TEIXEIRA;TRANSPORTE;EM ROTA -TERCEIROS;RECEBIDO;TRANSPORTE · EM ROTA -TERCEIROS · RECEBIDO;A2868;08/09/2026 15:07;;Datalogger recebido pelo agente com sucesso.;ACIONAR AGENTE/RESPONSÁVEL
565233;A6918;ARES;00019200000014148331;PI;MINISTÉRIO DA SAUDE;03/09/2026 05:33;08/09/2026 12:20;;ENTREGUE;8449;MultiModal;07/09/2026 23:21;08/09/2026 03:46;;08/09/2026 08:10;0;NÃO;FORA DE GRU;AGENTE;AGENTE - DANILO MESAQUE DOS SANTOS TEIXEIRA;TRANSPORTE;EM ROTA -TERCEIROS;RECEBIDO;TRANSPORTE · EM ROTA -TERCEIROS · RECEBIDO;A6918;08/09/2026 15:07;;Datalogger recebido pelo agente com sucesso.;ACIONAR AGENTE/RESPONSÁVEL
565233;TA0346;ARES;00019200000014148340;PI;MINISTÉRIO DA SAUDE;03/09/2026 05:33;08/09/2026 12:20;;ENTREGUE;8449;MultiModal;07/09/2026 23:21;08/09/2026 03:46;;08/09/2026 08:10;0;NÃO;FORA DE GRU;AGENTE;AGENTE - DANILO MESAQUE DOS SANTOS TEIXEIRA;TRANSPORTE;EM ROTA -TERCEIROS;RECEBIDO;TRANSPORTE · EM ROTA -TERCEIROS · RECEBIDO;TA0346;08/09/2026 15:07;;Datalogger recebido pelo agente com sucesso.;ACIONAR AGENTE/RESPONSÁVEL
565233;A6817;ARES;00019200000014148366;PI;MINISTÉRIO DA SAUDE;03/09/2026 05:33;08/09/2026 12:20;;ENTREGUE;8449;MultiModal;07/09/2026 23:21;08/09/2026 03:46;;08/09/2026 08:11;0;NÃO;FORA DE GRU;AGENTE;AGENTE - DANILO MESAQUE DOS SANTOS TEIXEIRA;TRANSPORTE;EM ROTA -TERCEIROS;RECEBIDO;TRANSPORTE · EM ROTA -TERCEIROS · RECEBIDO;A6817;08/09/2026 15:06;;Datalogger recebido pelo agente com sucesso.;ACIONAR AGENTE/RESPONSÁVEL
565233;A0531;ARES;00019200000014149257;PI;MINISTÉRIO DA SAUDE;03/09/2026 05:33;08/09/2026 12:20;;ENTREGUE;8449;MultiModal;07/09/2026 23:21;08/09/2026 03:46;;08/09/2026 08:11;0;NÃO;FORA DE GRU;AGENTE;AGENTE - DANILO MESAQUE DOS SANTOS TEIXEIRA;TRANSPORTE;EM ROTA -TERCEIROS;RECEBIDO;TRANSPORTE · EM ROTA -TERCEIROS · RECEBIDO;A0531;08/09/2026 15:07;;Datalogger recebido pelo agente com sucesso.;ACIONAR AGENTE/RESPONSÁVEL
565233;A4999;ARES;00019200000014149265;PI;MINISTÉRIO DA SAUDE;03/09/2026 05:33;08/09/2026 12:20;;ENTREGUE;8449;MultiModal;07/09/2026 23:21;08/09/2026 03:46;;08/09/2026 08:10;0;NÃO;FORA DE GRU;AGENTE;AGENTE - DANILO MESAQUE DOS SANTOS TEIXEIRA;TRANSPORTE;EM ROTA -TERCEIROS;RECEBIDO;TRANSPORTE · EM ROTA -TERCEIROS · RECEBIDO;A4999;08/09/2026 15:07;;Datalogger recebido pelo agente com sucesso.;ACIONAR AGENTE/RESPONSÁVEL
565233;A7855;ARES;00019200000014149290;PI;MINISTÉRIO DA SAUDE;03/09/2026 05:33;08/09/2026 12:20;;ENTREGUE;8449;MultiModal;07/09/2026 23:21;08/09/2026 03:46;;08/09/2026 08:10;0;NÃO;FORA DE GRU;AGENTE;AGENTE - DANILO MESAQUE DOS SANTOS TEIXEIRA;TRANSPORTE;EM ROTA -TERCEIROS;RECEBIDO;TRANSPORTE · EM ROTA -TERCEIROS · RECEBIDO;A7855;08/09/2026 15:07;;Datalogger recebido pelo agente com sucesso.;ACIONAR AGENTE/RESPONSÁVEL
565233;A3111;ARES;00019200000014149303;PI;MINISTÉRIO DA SAUDE;03/09/2026 05:33;08/09/2026 12:20;;ENTREGUE;8449;MultiModal;07/09/2026 23:21;08/09/2026 03:46;;08/09/2026 08:10;0;NÃO;FORA DE GRU;AGENTE;AGENTE - DANILO MESAQUE DOS SANTOS TEIXEIRA;TRANSPORTE;EM ROTA -TERCEIROS;RECEBIDO;TRANSPORTE · EM ROTA -TERCEIROS · RECEBIDO;A3111;08/09/2026 15:06;;Datalogger recebido pelo agente com sucesso.;ACIONAR AGENTE/RESPONSÁVEL
565233;TA0786;ARES;00019200000014149311;PI;MINISTÉRIO DA SAUDE;03/09/2026 05:33;08/09/2026 12:20;;ENTREGUE;8449;MultiModal;07/09/2026 23:21;08/09/2026 03:46;;08/09/2026 08:11;0;NÃO;FORA DE GRU;AGENTE;AGENTE - DANILO MESAQUE DOS SANTOS TEIXEIRA;TRANSPORTE;EM ROTA -TERCEIROS;RECEBIDO;TRANSPORTE · EM ROTA -TERCEIROS · RECEBIDO;TA0786;08/09/2026 15:06;;Datalogger recebido pelo agente com sucesso.;ACIONAR AGENTE/RESPONSÁVEL
565233;A9406;ARES;00019200000014149320;PI;MINISTÉRIO DA SAUDE;03/09/2026 05:33;08/09/2026 12:20;;ENTREGUE;8449;MultiModal;07/09/2026 23:21;08/09/2026 03:46;;08/09/2026 08:10;0;NÃO;FORA DE GRU;AGENTE;AGENTE - DANILO MESAQUE DOS SANTOS TEIXEIRA;TRANSPORTE;EM ROTA -TERCEIROS;RECEBIDO;TRANSPORTE · EM ROTA -TERCEIROS · RECEBIDO;A9406;08/09/2026 15:06;;Datalogger recebido pelo agente com sucesso.;ACIONAR AGENTE/RESPONSÁVEL
565233;A9219;ARES;00019200000014149346;PI;MINISTÉRIO DA SAUDE;03/09/2026 05:33;08/09/2026 12:20;;ENTREGUE;8449;MultiModal;07/09/2026 23:21;08/09/2026 03:46;;08/09/2026 08:10;0;NÃO;FORA DE GRU;AGENTE;AGENTE - DANILO MESAQUE DOS SANTOS TEIXEIRA;TRANSPORTE;EM ROTA -TERCEIROS;RECEBIDO;TRANSPORTE · EM ROTA -TERCEIROS · RECEBIDO;A9219;08/09/2026 15:05;;Datalogger recebido pelo agente com sucesso.;ACIONAR AGENTE/RESPONSÁVEL
565233;A3720;ARES;00019200000014149362;PI;MINISTÉRIO DA SAUDE;03/09/2026 05:33;08/09/2026 12:20;;ENTREGUE;8449;MultiModal;07/09/2026 23:21;08/09/2026 03:46;;08/09/2026 08:12;0;NÃO;FORA DE GRU;AGENTE;AGENTE - DANILO MESAQUE DOS SANTOS TEIXEIRA;TRANSPORTE;EM ROTA -TERCEIROS;RECEBIDO;TRANSPORTE · EM ROTA -TERCEIROS · RECEBIDO;A3720;08/09/2026 15:06;;Datalogger recebido pelo agente com sucesso.;ACIONAR AGENTE/RESPONSÁVEL
565233;A3149;ARES;00019200000014149370;PI;MINISTÉRIO DA SAUDE;03/09/2026 05:33;08/09/2026 12:20;;ENTREGUE;8449;MultiModal;07/09/2026 23:21;08/09/2026 03:46;;08/09/2026 08:12;0;NÃO;FORA DE GRU;AGENTE;AGENTE - DANILO MESAQUE DOS SANTOS TEIXEIRA;TRANSPORTE;EM ROTA -TERCEIROS;RECEBIDO;TRANSPORTE · EM ROTA -TERCEIROS · RECEBIDO;A3149;08/09/2026 15:07;;Datalogger recebido pelo agente com sucesso.;ACIONAR AGENTE/RESPONSÁVEL
565233;A7275;ARES;00019200000014149389;PI;MINISTÉRIO DA SAUDE;03/09/2026 05:33;08/09/2026 12:20;;ENTREGUE;8449;MultiModal;07/09/2026 23:21;08/09/2026 03:46;;08/09/2026 08:11;0;NÃO;FORA DE GRU;AGENTE;AGENTE - DANILO MESAQUE DOS SANTOS TEIXEIRA;TRANSPORTE;EM ROTA -TERCEIROS;RECEBIDO;TRANSPORTE · EM ROTA -TERCEIROS · RECEBIDO;A7275;08/09/2026 15:07;;Datalogger recebido pelo agente com sucesso.;ACIONAR AGENTE/RESPONSÁVEL
565233;A9468;ARES;00019200000014149397;PI;MINISTÉRIO DA SAUDE;03/09/2026 05:33;08/09/2026 12:20;;ENTREGUE;8449;MultiModal;07/09/2026 23:21;08/09/2026 03:46;;08/09/2026 08:11;0;NÃO;FORA DE GRU;AGENTE;AGENTE - DANILO MESAQUE DOS SANTOS TEIXEIRA;TRANSPORTE;EM ROTA -TERCEIROS;RECEBIDO;TRANSPORTE · EM ROTA -TERCEIROS · RECEBIDO;A9468;08/09/2026 15:06;;Datalogger recebido pelo agente com sucesso.;ACIONAR AGENTE/RESPONSÁVEL
565233;A1049;ARES;00019200000014149400;PI;MINISTÉRIO DA SAUDE;03/09/2026 05:33;08/09/2026 12:20;;ENTREGUE;8449;MultiModal;07/09/2026 23:21;08/09/2026 03:46;;27/08/2026 09:52;0;NÃO;FORA DE GRU;AGENTE;AGENTE - DANILO MESAQUE DOS SANTOS TEIXEIRA;TRANSPORTE;EM ROTA -TERCEIROS;RECEBIDO;TRANSPORTE · EM ROTA -TERCEIROS · RECEBIDO;A1049;08/09/2026 15:03;;Datalogger recebido pelo agente com sucesso.;ACIONAR AGENTE/RESPONSÁVEL
565233;A4055;ARES;00019200000014149435;PI;MINISTÉRIO DA SAUDE;03/09/2026 05:33;08/09/2026 12:20;;ENTREGUE;8449;MultiModal;07/09/2026 23:21;08/09/2026 03:46;;08/09/2026 10:31;0;NÃO;FORA DE GRU;AGENTE;AGENTE - DANILO MESAQUE DOS SANTOS TEIXEIRA;TRANSPORTE;EM ROTA -TERCEIROS;RECEBIDO;TRANSPORTE · EM ROTA -TERCEIROS · RECEBIDO;A4055;08/09/2026 15:02;;Datalogger recebido pelo agente com sucesso.;ACIONAR AGENTE/RESPONSÁVEL
567279;A9635;ARES;00019200000014189682;MG;MINISTÉRIO DA SAUDE;07/09/2026 11:06;08/09/2026 12:09;08/09/2026 12:16;RECEBIDO NO CLIENTE;8507;MultiModal;07/09/2026 15:03;07/09/2026 23:51;;03/09/2026 20:38;0;NÃO;FORA DE GRU;AGENTE;SYS - Usuário sistema;TRANSPORTE;EM ROTA -TERCEIROS;PENDENTE RECEBIMENTO;TRANSPORTE · EM ROTA -TERCEIROS · PENDENTE RECEBIMENTO;A9635;07/09/2026 11:07;;Datalogger enviado para agente VTCLOG CNF - CONTAGEM pelo serviço de integração do ESL.;ACIONAR AGENTE/RESPONSÁVEL
567279;A7335;ARES;00019200000014189950;MG;MINISTÉRIO DA SAUDE;07/09/2026 11:06;08/09/2026 12:09;08/09/2026 12:16;RECEBIDO NO CLIENTE;8507;MultiModal;07/09/2026 15:03;07/09/2026 23:51;;05/09/2026 15:33;0;NÃO;FORA DE GRU;AGENTE;SYS - Usuário sistema;TRANSPORTE;EM ROTA -TERCEIROS;PENDENTE RECEBIMENTO;TRANSPORTE · EM ROTA -TERCEIROS · PENDENTE RECEBIMENTO;A7335;07/09/2026 11:07;;Datalogger enviado para agente VTCLOG CNF - CONTAGEM pelo serviço de integração do ESL.;ACIONAR AGENTE/RESPONSÁVEL
567571;A9227;ARES;00019200000014199424;CE;MINISTÉRIO DA SAUDE;07/09/2026 06:29;08/09/2026 11:51;;ENTREGUE;8502;MultiModal;07/09/2026 09:38;07/09/2026 18:20;;08/09/2026 10:26;0;NÃO;FORA DE GRU;AGENTE;SYS - Usuário sistema;TRANSPORTE;EM ROTA -TERCEIROS;PENDENTE RECEBIMENTO;TRANSPORTE · EM ROTA -TERCEIROS · PENDENTE RECEBIMENTO;A9227;07/09/2026 08:10;;Datalogger enviado para agente NT TRANSPORTE LTDA pelo serviço de integração do ESL.;ACIONAR AGENTE/RESPONSÁVEL
566739;A3514;ARES;00019200000014196271;DF;MINISTÉRIO DA SAUDE;07/09/2026 07:10;08/09/2026 11:43;08/09/2026 11:43;RECEBIDO NO CLIENTE;8502;MultiModal;07/09/2026 13:16;07/09/2026 21:08;;05/09/2026 13:42;0;NÃO;FORA DE GRU;AGENTE;VTC - JOAO PAULO FERNANDES;TRANSPORTE;EM ROTA -TERCEIROS;RECEBIDO;TRANSPORTE · EM ROTA -TERCEIROS · RECEBIDO;A3514;08/09/2026 17:00;;Datalogger enviado para agente VTC OPERADORA LOGISTICA LTDA - BSB pelo serviço de integração do ESL.;ACIONAR AGENTE/RESPONSÁVEL
566739;TA1012;ARES;00019200000014196573;DF;MINISTÉRIO DA SAUDE;07/09/2026 07:10;08/09/2026 11:43;08/09/2026 11:43;RECEBIDO NO CLIENTE;8502;MultiModal;07/09/2026 13:16;07/09/2026 21:08;;05/09/2026 15:33;0;NÃO;FORA DE GRU;AGENTE;VTC - JOAO PAULO FERNANDES;TRANSPORTE;EM ROTA -TERCEIROS;RECEBIDO;TRANSPORTE · EM ROTA -TERCEIROS · RECEBIDO;TA1012;08/09/2026 17:00;;Datalogger enviado para agente VTC OPERADORA LOGISTICA LTDA - BSB pelo serviço de integração do ESL.;ACIONAR AGENTE/RESPONSÁVEL
566237;A5219;ARES;00019200000014178826;PB;MINISTÉRIO DA SAUDE;07/09/2026 04:58;08/09/2026 11:40;;ENTREGUE;8491;MultiModal;07/09/2026 12:45;07/09/2026 17:34;;05/09/2026 10:01;0;NÃO;FORA DE GRU;AGENTE;SYS - Usuário sistema;TRANSPORTE;EM ROTA -TERCEIROS;PENDENTE RECEBIMENTO;TRANSPORTE · EM ROTA -TERCEIROS · PENDENTE RECEBIMENTO;A5219;07/09/2026 08:12;;Datalogger enviado para agente LIDER CARGAS SERVICOS LTDA pelo serviço de integração do ESL.;ACIONAR AGENTE/RESPONSÁVEL
566237;A5457;ARES;00019200000014179296;PB;MINISTÉRIO DA SAUDE;07/09/2026 04:58;08/09/2026 11:40;;ENTREGUE;8492;MultiModal;07/09/2026 12:45;07/09/2026 17:34;;05/09/2026 09:05;0;NÃO;FORA DE GRU;AGENTE;AGENTE - JERSSICA DE FREITAS DE OLIVEIRA;TRANSPORTE;EM ROTA -TERCEIROS;RECEBIDO;TRANSPORTE · EM ROTA -TERCEIROS · RECEBIDO;A5457;08/09/2026 15:56;;Datalogger recebido pelo agente com sucesso.;ACIONAR AGENTE/RESPONSÁVEL
566237;A8572;ARES;00019200000014179300;PB;MINISTÉRIO DA SAUDE;07/09/2026 04:58;08/09/2026 11:40;;ENTREGUE;8492;MultiModal;07/09/2026 12:45;07/09/2026 17:34;;05/09/2026 09:31;0;NÃO;FORA DE GRU;AGENTE;AGENTE - JERSSICA DE FREITAS DE OLIVEIRA;TRANSPORTE;EM ROTA -TERCEIROS;RECEBIDO;TRANSPORTE · EM ROTA -TERCEIROS · RECEBIDO;A8572;08/09/2026 15:56;;Datalogger recebido pelo agente com sucesso.;ACIONAR AGENTE/RESPONSÁVEL
566237;A6986;ARES;00019200000014179326;PB;MINISTÉRIO DA SAUDE;07/09/2026 04:58;08/09/2026 11:40;;ENTREGUE;8492;MultiModal;07/09/2026 12:45;07/09/2026 17:34;;08/09/2026 11:11;0;NÃO;FORA DE GRU;AGENTE;AGENTE - JERSSICA DE FREITAS DE OLIVEIRA;TRANSPORTE;EM ROTA -TERCEIROS;RECEBIDO;TRANSPORTE · EM ROTA -TERCEIROS · RECEBIDO;A6986;08/09/2026 16:00;;Datalogger recebido pelo agente com sucesso.;ACIONAR AGENTE/RESPONSÁVEL
566237;TA1164;ARES;00019200000014179440;PB;MINISTÉRIO DA SAUDE;07/09/2026 04:58;08/09/2026 11:40;;ENTREGUE;8491;MultiModal;07/09/2026 12:45;07/09/2026 17:34;;03/09/2026 20:20;0;NÃO;FORA DE GRU;AGENTE;SYS - Usuário sistema;TRANSPORTE;EM ROTA -TERCEIROS;PENDENTE RECEBIMENTO;TRANSPORTE · EM ROTA -TERCEIROS · PENDENTE RECEBIMENTO;TA1164;07/09/2026 08:12;;Datalogger enviado para agente LIDER CARGAS SERVICOS LTDA pelo serviço de integração do ESL.;ACIONAR AGENTE/RESPONSÁVEL
566237;A6153;ARES;00019200000014199122;PB;MINISTÉRIO DA SAUDE;07/09/2026 04:58;08/09/2026 11:40;;ENTREGUE;8491;MultiModal;07/09/2026 12:45;07/09/2026 17:34;;05/09/2026 09:15;0;NÃO;FORA DE GRU;AGENTE;SYS - Usuário sistema;TRANSPORTE;EM ROTA -TERCEIROS;PENDENTE RECEBIMENTO;TRANSPORTE · EM ROTA -TERCEIROS · PENDENTE RECEBIMENTO;A6153;07/09/2026 08:12;;Datalogger enviado para agente LIDER CARGAS SERVICOS LTDA pelo serviço de integração do ESL.;ACIONAR AGENTE/RESPONSÁVEL
566237;A8592;ARES;00019200000014199130;PB;MINISTÉRIO DA SAUDE;07/09/2026 04:58;08/09/2026 11:40;;ENTREGUE;8491;MultiModal;07/09/2026 12:45;07/09/2026 17:34;;05/09/2026 09:05;0;NÃO;FORA DE GRU;AGENTE;SYS - Usuário sistema;TRANSPORTE;EM ROTA -TERCEIROS;PENDENTE RECEBIMENTO;TRANSPORTE · EM ROTA -TERCEIROS · PENDENTE RECEBIMENTO;A8592;07/09/2026 08:12;;Datalogger enviado para agente LIDER CARGAS SERVICOS LTDA pelo serviço de integração do ESL.;ACIONAR AGENTE/RESPONSÁVEL
566237;A8764;ARES;00019200000014199149;PB;MINISTÉRIO DA SAUDE;07/09/2026 04:58;08/09/2026 11:40;;ENTREGUE;8491;MultiModal;07/09/2026 12:45;07/09/2026 17:34;;05/09/2026 09:08;0;NÃO;FORA DE GRU;AGENTE;SYS - Usuário sistema;TRANSPORTE;EM ROTA -TERCEIROS;PENDENTE RECEBIMENTO;TRANSPORTE · EM ROTA -TERCEIROS · PENDENTE RECEBIMENTO;A8764;07/09/2026 08:12;;Datalogger enviado para agente LIDER CARGAS SERVICOS LTDA pelo serviço de integração do ESL.;ACIONAR AGENTE/RESPONSÁVEL
566237;A5663;ARES;00019200000014199157;PB;MINISTÉRIO DA SAUDE;07/09/2026 04:58;08/09/2026 11:40;;ENTREGUE;8491;MultiModal;07/09/2026 12:45;07/09/2026 17:34;;05/09/2026 10:02;0;NÃO;FORA DE GRU;AGENTE;SYS - Usuário sistema;TRANSPORTE;EM ROTA -TERCEIROS;PENDENTE RECEBIMENTO;TRANSPORTE · EM ROTA -TERCEIROS · PENDENTE RECEBIMENTO;A5663;07/09/2026 08:12;;Datalogger enviado para agente LIDER CARGAS SERVICOS LTDA pelo serviço de integração do ESL.;ACIONAR AGENTE/RESPONSÁVEL
566237;A3915;ARES;00019200000014199165;PB;MINISTÉRIO DA SAUDE;07/09/2026 04:58;08/09/2026 11:40;;ENTREGUE;8491;MultiModal;07/09/2026 12:45;07/09/2026 17:34;;05/09/2026 09:35;0;NÃO;FORA DE GRU;AGENTE;SYS - Usuário sistema;TRANSPORTE;EM ROTA -TERCEIROS;PENDENTE RECEBIMENTO;TRANSPORTE · EM ROTA -TERCEIROS · PENDENTE RECEBIMENTO;A3915;07/09/2026 08:12;;Datalogger enviado para agente LIDER CARGAS SERVICOS LTDA pelo serviço de integração do ESL.;ACIONAR AGENTE/RESPONSÁVEL
566237;A4679;ARES;00019200000014199173;PB;MINISTÉRIO DA SAUDE;07/09/2026 04:58;08/09/2026 11:40;;ENTREGUE;8491;MultiModal;07/09/2026 12:45;07/09/2026 17:34;;05/09/2026 09:32;0;NÃO;FORA DE GRU;AGENTE;SYS - Usuário sistema;TRANSPORTE;EM ROTA -TERCEIROS;PENDENTE RECEBIMENTO;TRANSPORTE · EM ROTA -TERCEIROS · PENDENTE RECEBIMENTO;A4679;07/09/2026 08:12;;Datalogger enviado para agente LIDER CARGAS SERVICOS LTDA pelo serviço de integração do ESL.;ACIONAR AGENTE/RESPONSÁVEL
566237;A1858;ARES;00019200000014199190;PB;MINISTÉRIO DA SAUDE;07/09/2026 04:58;08/09/2026 11:40;;ENTREGUE;8491;MultiModal;07/09/2026 12:45;07/09/2026 17:34;;05/09/2026 09:33;0;NÃO;FORA DE GRU;AGENTE;SYS - Usuário sistema;TRANSPORTE;EM ROTA -TERCEIROS;PENDENTE RECEBIMENTO;TRANSPORTE · EM ROTA -TERCEIROS · PENDENTE RECEBIMENTO;A1858;07/09/2026 08:12;;Datalogger enviado para agente LIDER CARGAS SERVICOS LTDA pelo serviço de integração do ESL.;ACIONAR AGENTE/RESPONSÁVEL
566237;A7067;ARES;00019200000014199254;PB;MINISTÉRIO DA SAUDE;07/09/2026 04:58;08/09/2026 11:40;;ENTREGUE;8491;MultiModal;07/09/2026 12:45;07/09/2026 17:34;;05/09/2026 09:32;0;NÃO;FORA DE GRU;AGENTE;SYS - Usuário sistema;TRANSPORTE;EM ROTA -TERCEIROS;PENDENTE RECEBIMENTO;TRANSPORTE · EM ROTA -TERCEIROS · PENDENTE RECEBIMENTO;A7067;07/09/2026 08:12;;Datalogger enviado para agente LIDER CARGAS SERVICOS LTDA pelo serviço de integração do ESL.;ACIONAR AGENTE/RESPONSÁVEL
566237;A6379;ARES;00019200000014199262;PB;MINISTÉRIO DA SAUDE;07/09/2026 04:58;08/09/2026 11:40;;ENTREGUE;8491;MultiModal;07/09/2026 12:45;07/09/2026 17:34;;05/09/2026 09:04;0;NÃO;FORA DE GRU;AGENTE;SYS - Usuário sistema;TRANSPORTE;EM ROTA -TERCEIROS;PENDENTE RECEBIMENTO;TRANSPORTE · EM ROTA -TERCEIROS · PENDENTE RECEBIMENTO;A6379;07/09/2026 08:12;;Datalogger enviado para agente LIDER CARGAS SERVICOS LTDA pelo serviço de integração do ESL.;ACIONAR AGENTE/RESPONSÁVEL
566237;A4688;ARES;00019200000014199327;PB;MINISTÉRIO DA SAUDE;07/09/2026 04:58;08/09/2026 11:40;;ENTREGUE;8491;MultiModal;07/09/2026 12:45;07/09/2026 17:34;;03/09/2026 20:17;0;NÃO;FORA DE GRU;AGENTE;SYS - Usuário sistema;TRANSPORTE;EM ROTA -TERCEIROS;PENDENTE RECEBIMENTO;TRANSPORTE · EM ROTA -TERCEIROS · PENDENTE RECEBIMENTO;A4688;07/09/2026 08:12;;Datalogger enviado para agente LIDER CARGAS SERVICOS LTDA pelo serviço de integração do ESL.;ACIONAR AGENTE/RESPONSÁVEL
566237;TA0481;ARES;00019200000014199335;PB;MINISTÉRIO DA SAUDE;07/09/2026 04:58;08/09/2026 11:40;;ENTREGUE;8491;MultiModal;07/09/2026 12:45;07/09/2026 17:34;;05/09/2026 10:07;0;NÃO;FORA DE GRU;AGENTE;SYS - Usuário sistema;TRANSPORTE;EM ROTA -TERCEIROS;PENDENTE RECEBIMENTO;TRANSPORTE · EM ROTA -TERCEIROS · PENDENTE RECEBIMENTO;TA0481;07/09/2026 08:12;;Datalogger enviado para agente LIDER CARGAS SERVICOS LTDA pelo serviço de integração do ESL.;ACIONAR AGENTE/RESPONSÁVEL
566237;A8502;ARES;00019200000014199351;PB;MINISTÉRIO DA SAUDE;07/09/2026 04:58;08/09/2026 11:40;;ENTREGUE;8491;MultiModal;07/09/2026 12:45;07/09/2026 17:34;;05/09/2026 09:07;0;NÃO;FORA DE GRU;AGENTE;SYS - Usuário sistema;TRANSPORTE;EM ROTA -TERCEIROS;PENDENTE RECEBIMENTO;TRANSPORTE · EM ROTA -TERCEIROS · PENDENTE RECEBIMENTO;A8502;07/09/2026 08:12;;Datalogger enviado para agente LIDER CARGAS SERVICOS LTDA pelo serviço de integração do ESL.;ACIONAR AGENTE/RESPONSÁVEL
566237;A8922;ARES;00019200000014199360;PB;MINISTÉRIO DA SAUDE;07/09/2026 04:58;08/09/2026 11:40;;ENTREGUE;8491;MultiModal;07/09/2026 12:45;07/09/2026 17:34;;03/09/2026 20:33;0;NÃO;FORA DE GRU;AGENTE;SYS - Usuário sistema;TRANSPORTE;EM ROTA -TERCEIROS;PENDENTE RECEBIMENTO;TRANSPORTE · EM ROTA -TERCEIROS · PENDENTE RECEBIMENTO;A8922;07/09/2026 08:12;;Datalogger enviado para agente LIDER CARGAS SERVICOS LTDA pelo serviço de integração do ESL.;ACIONAR AGENTE/RESPONSÁVEL
566237;A0108;ARES;00019200000014199378;PB;MINISTÉRIO DA SAUDE;07/09/2026 04:58;08/09/2026 11:40;;ENTREGUE;8491;MultiModal;07/09/2026 12:45;07/09/2026 17:34;;03/09/2026 14:02;0;NÃO;FORA DE GRU;AGENTE;AGENTE - JOSE VENTURA;TRANSPORTE;EM ROTA -TERCEIROS;PENDENTE RECEBIMENTO;TRANSPORTE · EM ROTA -TERCEIROS · PENDENTE RECEBIMENTO;A0108;07/09/2026 08:12;;Datalogger enviado para agente LIDER CARGAS SERVICOS LTDA pelo serviço de integração do ESL.;ACIONAR AGENTE/RESPONSÁVEL
566237;A4636;ARES;00019200000014199769;PB;MINISTÉRIO DA SAUDE;07/09/2026 04:58;08/09/2026 11:40;;ENTREGUE;8491;MultiModal;07/09/2026 12:45;07/09/2026 17:34;;05/09/2026 11:17;0;NÃO;FORA DE GRU;AGENTE;SYS - Usuário sistema;TRANSPORTE;EM ROTA -TERCEIROS;PENDENTE RECEBIMENTO;TRANSPORTE · EM ROTA -TERCEIROS · PENDENTE RECEBIMENTO;A4636;07/09/2026 08:12;;Datalogger enviado para agente LIDER CARGAS SERVICOS LTDA pelo serviço de integração do ESL.;ACIONAR AGENTE/RESPONSÁVEL
566237;A6721;ARES;00019200000014199777;PB;MINISTÉRIO DA SAUDE;07/09/2026 04:58;08/09/2026 11:40;;ENTREGUE;8491;MultiModal;07/09/2026 12:45;07/09/2026 17:34;;05/09/2026 15:34;0;NÃO;FORA DE GRU;AGENTE;SYS - Usuário sistema;TRANSPORTE;EM ROTA -TERCEIROS;PENDENTE RECEBIMENTO;TRANSPORTE · EM ROTA -TERCEIROS · PENDENTE RECEBIMENTO;A6721;07/09/2026 08:12;;Datalogger enviado para agente LIDER CARGAS SERVICOS LTDA pelo serviço de integração do ESL.;ACIONAR AGENTE/RESPONSÁVEL
566237;A2187;ARES;00019200000014199785;PB;MINISTÉRIO DA SAUDE;07/09/2026 04:58;08/09/2026 11:40;;ENTREGUE;8491;MultiModal;07/09/2026 12:45;07/09/2026 17:34;;05/09/2026 15:46;0;NÃO;FORA DE GRU;AGENTE;SYS - Usuário sistema;TRANSPORTE;EM ROTA -TERCEIROS;PENDENTE RECEBIMENTO;TRANSPORTE · EM ROTA -TERCEIROS · PENDENTE RECEBIMENTO;A2187;07/09/2026 08:12;;Datalogger enviado para agente LIDER CARGAS SERVICOS LTDA pelo serviço de integração do ESL.;ACIONAR AGENTE/RESPONSÁVEL
566237;A7504;ARES;00019200000014199793;PB;MINISTÉRIO DA SAUDE;07/09/2026 04:58;08/09/2026 11:40;;ENTREGUE;8491;MultiModal;07/09/2026 12:45;07/09/2026 17:34;;05/09/2026 15:35;0;NÃO;FORA DE GRU;AGENTE;SYS - Usuário sistema;TRANSPORTE;EM ROTA -TERCEIROS;PENDENTE RECEBIMENTO;TRANSPORTE · EM ROTA -TERCEIROS · PENDENTE RECEBIMENTO;A7504;07/09/2026 08:12;;Datalogger enviado para agente LIDER CARGAS SERVICOS LTDA pelo serviço de integração do ESL.;ACIONAR AGENTE/RESPONSÁVEL
566237;A0744;ARES;00019200000014199807;PB;MINISTÉRIO DA SAUDE;07/09/2026 04:58;08/09/2026 11:40;;ENTREGUE;8491;MultiModal;07/09/2026 12:45;07/09/2026 17:34;;05/09/2026 11:10;0;NÃO;FORA DE GRU;AGENTE;SYS - Usuário sistema;TRANSPORTE;EM ROTA -TERCEIROS;PENDENTE RECEBIMENTO;TRANSPORTE · EM ROTA -TERCEIROS · PENDENTE RECEBIMENTO;A0744;07/09/2026 08:12;;Datalogger enviado para agente LIDER CARGAS SERVICOS LTDA pelo serviço de integração do ESL.;ACIONAR AGENTE/RESPONSÁVEL
566237;A8608;ARES;00019200000014199815;PB;MINISTÉRIO DA SAUDE;07/09/2026 04:58;08/09/2026 11:40;;ENTREGUE;8491;MultiModal;07/09/2026 12:45;07/09/2026 17:34;;05/09/2026 15:45;0;NÃO;FORA DE GRU;AGENTE;SYS - Usuário sistema;TRANSPORTE;EM ROTA -TERCEIROS;PENDENTE RECEBIMENTO;TRANSPORTE · EM ROTA -TERCEIROS · PENDENTE RECEBIMENTO;A8608;07/09/2026 08:12;;Datalogger enviado para agente LIDER CARGAS SERVICOS LTDA pelo serviço de integração do ESL.;ACIONAR AGENTE/RESPONSÁVEL
566237;A7776;ARES;00019200000014199823;PB;MINISTÉRIO DA SAUDE;07/09/2026 04:58;08/09/2026 11:40;;ENTREGUE;8491;MultiModal;07/09/2026 12:45;07/09/2026 17:34;;05/09/2026 11:09;0;NÃO;FORA DE GRU;AGENTE;SYS - Usuário sistema;TRANSPORTE;EM ROTA -TERCEIROS;PENDENTE RECEBIMENTO;TRANSPORTE · EM ROTA -TERCEIROS · PENDENTE RECEBIMENTO;A7776;07/09/2026 08:12;;Datalogger enviado para agente LIDER CARGAS SERVICOS LTDA pelo serviço de integração do ESL.;ACIONAR AGENTE/RESPONSÁVEL
566237;A6839;ARES;00019200000014199840;PB;MINISTÉRIO DA SAUDE;07/09/2026 04:58;08/09/2026 11:40;;ENTREGUE;8491;MultiModal;07/09/2026 12:45;07/09/2026 17:34;;05/09/2026 10:04;0;NÃO;FORA DE GRU;AGENTE;SYS - Usuário sistema;TRANSPORTE;EM ROTA -TERCEIROS;PENDENTE RECEBIMENTO;TRANSPORTE · EM ROTA -TERCEIROS · PENDENTE RECEBIMENTO;A6839;07/09/2026 08:12;;Datalogger enviado para agente LIDER CARGAS SERVICOS LTDA pelo serviço de integração do ESL.;ACIONAR AGENTE/RESPONSÁVEL
566237;A7650;ARES;00019200000014199866;PB;MINISTÉRIO DA SAUDE;07/09/2026 04:58;08/09/2026 11:40;;ENTREGUE;8491;MultiModal;07/09/2026 12:45;07/09/2026 17:34;;05/09/2026 10:04;0;NÃO;FORA DE GRU;AGENTE;SYS - Usuário sistema;TRANSPORTE;EM ROTA -TERCEIROS;PENDENTE RECEBIMENTO;TRANSPORTE · EM ROTA -TERCEIROS · PENDENTE RECEBIMENTO;A7650;07/09/2026 08:12;;Datalogger enviado para agente LIDER CARGAS SERVICOS LTDA pelo serviço de integração do ESL.;ACIONAR AGENTE/RESPONSÁVEL
566237;A7697;ARES;00019200000014199912;PB;MINISTÉRIO DA SAUDE;07/09/2026 04:58;08/09/2026 11:40;;ENTREGUE;8491;MultiModal;07/09/2026 12:45;07/09/2026 17:34;;05/09/2026 09:04;0;NÃO;FORA DE GRU;AGENTE;SYS - Usuário sistema;TRANSPORTE;EM ROTA -TERCEIROS;PENDENTE RECEBIMENTO;TRANSPORTE · EM ROTA -TERCEIROS · PENDENTE RECEBIMENTO;A7697;07/09/2026 08:12;;Datalogger enviado para agente LIDER CARGAS SERVICOS LTDA pelo serviço de integração do ESL.;ACIONAR AGENTE/RESPONSÁVEL
566237;A8068;ARES;00019200000014199920;PB;MINISTÉRIO DA SAUDE;07/09/2026 04:58;08/09/2026 11:40;;ENTREGUE;8492;MultiModal;07/09/2026 12:45;07/09/2026 17:34;;03/09/2026 20:23;0;NÃO;FORA DE GRU;AGENTE;AGENTE - JERSSICA DE FREITAS DE OLIVEIRA;TRANSPORTE;EM ROTA -TERCEIROS;RECEBIDO;TRANSPORTE · EM ROTA -TERCEIROS · RECEBIDO;A8068;08/09/2026 15:55;;Datalogger recebido pelo agente com sucesso.;ACIONAR AGENTE/RESPONSÁVEL
566237;A6602;ARES;00019200000014199939;PB;MINISTÉRIO DA SAUDE;07/09/2026 04:58;08/09/2026 11:40;;ENTREGUE;8491;MultiModal;07/09/2026 12:45;07/09/2026 17:34;;05/09/2026 11:10;0;NÃO;FORA DE GRU;AGENTE;SYS - Usuário sistema;TRANSPORTE;EM ROTA -TERCEIROS;PENDENTE RECEBIMENTO;TRANSPORTE · EM ROTA -TERCEIROS · PENDENTE RECEBIMENTO;A6602;07/09/2026 08:12;;Datalogger enviado para agente LIDER CARGAS SERVICOS LTDA pelo serviço de integração do ESL.;ACIONAR AGENTE/RESPONSÁVEL
566237;A7926;ARES;00019200000014199963;PB;MINISTÉRIO DA SAUDE;07/09/2026 04:58;08/09/2026 11:40;;ENTREGUE;8492;MultiModal;07/09/2026 12:45;07/09/2026 17:34;;08/09/2026 08:53;0;NÃO;FORA DE GRU;AGENTE;AGENTE - JERSSICA DE FREITAS DE OLIVEIRA;TRANSPORTE;EM ROTA -TERCEIROS;RECEBIDO;TRANSPORTE · EM ROTA -TERCEIROS · RECEBIDO;A7926;08/09/2026 16:01;;Datalogger recebido pelo agente com sucesso.;ACIONAR AGENTE/RESPONSÁVEL
566237;TA1232;ARES;00019200000014199971;PB;MINISTÉRIO DA SAUDE;07/09/2026 04:58;08/09/2026 11:40;;ENTREGUE;8491;MultiModal;07/09/2026 12:45;07/09/2026 17:34;;04/09/2026 14:39;0;NÃO;FORA DE GRU;AGENTE;AGENTE - MARCOS JOSE ARAUJO DE ASSIS;TRANSPORTE;EM ROTA -TERCEIROS;PENDENTE RECEBIMENTO;TRANSPORTE · EM ROTA -TERCEIROS · PENDENTE RECEBIMENTO;TA1232;07/09/2026 08:12;;Datalogger enviado para agente LIDER CARGAS SERVICOS LTDA pelo serviço de integração do ESL.;ACIONAR AGENTE/RESPONSÁVEL
566237;A6469;ARES;00019200000014199980;PB;MINISTÉRIO DA SAUDE;07/09/2026 04:58;08/09/2026 11:40;;ENTREGUE;8491;MultiModal;07/09/2026 12:45;07/09/2026 17:34;;04/09/2026 07:27;0;NÃO;FORA DE GRU;AGENTE;AGENTE - LEILA NAZARE LIMA DE OLIVEIRA;TRANSPORTE;EM ROTA -TERCEIROS;PENDENTE RECEBIMENTO;TRANSPORTE · EM ROTA -TERCEIROS · PENDENTE RECEBIMENTO;A6469;07/09/2026 08:12;;Datalogger enviado para agente LIDER CARGAS SERVICOS LTDA pelo serviço de integração do ESL.;ACIONAR AGENTE/RESPONSÁVEL
566237;A1595;ARES;00019200000014199998;PB;MINISTÉRIO DA SAUDE;07/09/2026 04:58;08/09/2026 11:40;;ENTREGUE;8491;MultiModal;07/09/2026 12:45;07/09/2026 17:34;;05/09/2026 11:12;0;NÃO;FORA DE GRU;AGENTE;SYS - Usuário sistema;TRANSPORTE;EM ROTA -TERCEIROS;PENDENTE RECEBIMENTO;TRANSPORTE · EM ROTA -TERCEIROS · PENDENTE RECEBIMENTO;A1595;07/09/2026 08:12;;Datalogger enviado para agente LIDER CARGAS SERVICOS LTDA pelo serviço de integração do ESL.;ACIONAR AGENTE/RESPONSÁVEL
566237;A6728;ARES;00019200000014200007;PB;MINISTÉRIO DA SAUDE;07/09/2026 04:58;08/09/2026 11:40;;ENTREGUE;8491;MultiModal;07/09/2026 12:45;07/09/2026 17:34;;04/09/2026 14:41;0;NÃO;FORA DE GRU;AGENTE;SYS - Usuário sistema;TRANSPORTE;EM ROTA -TERCEIROS;PENDENTE RECEBIMENTO;TRANSPORTE · EM ROTA -TERCEIROS · PENDENTE RECEBIMENTO;A6728;07/09/2026 08:12;;Datalogger enviado para agente LIDER CARGAS SERVICOS LTDA pelo serviço de integração do ESL.;ACIONAR AGENTE/RESPONSÁVEL
566237;TA0253;ARES;00019200000014200015;PB;MINISTÉRIO DA SAUDE;07/09/2026 04:58;08/09/2026 11:40;;ENTREGUE;8491;MultiModal;07/09/2026 12:45;07/09/2026 17:34;;04/09/2026 07:26;0;NÃO;FORA DE GRU;AGENTE;AGENTE - LEILA NAZARE LIMA DE OLIVEIRA;TRANSPORTE;EM ROTA -TERCEIROS;PENDENTE RECEBIMENTO;TRANSPORTE · EM ROTA -TERCEIROS · PENDENTE RECEBIMENTO;TA0253;07/09/2026 08:12;;Datalogger enviado para agente LIDER CARGAS SERVICOS LTDA pelo serviço de integração do ESL.;ACIONAR AGENTE/RESPONSÁVEL
566237;A1529;ARES;00019200000014200023;PB;MINISTÉRIO DA SAUDE;07/09/2026 04:58;08/09/2026 11:40;;ENTREGUE;8491;MultiModal;07/09/2026 12:45;07/09/2026 17:34;;04/09/2026 16:38;0;NÃO;FORA DE GRU;AGENTE;AGENTE - JOSE AIRTON LOURENCO DE OLIVEIRA JUNIOR;TRANSPORTE;EM ROTA -TERCEIROS;PENDENTE RECEBIMENTO;TRANSPORTE · EM ROTA -TERCEIROS · PENDENTE RECEBIMENTO;A1529;07/09/2026 08:12;;Datalogger enviado para agente LIDER CARGAS SERVICOS LTDA pelo serviço de integração do ESL.;ACIONAR AGENTE/RESPONSÁVEL
566237;A8578;ARES;00019200000014200031;PB;MINISTÉRIO DA SAUDE;07/09/2026 04:58;08/09/2026 11:40;;ENTREGUE;8491;MultiModal;07/09/2026 12:45;07/09/2026 17:34;;05/09/2026 11:11;0;NÃO;FORA DE GRU;AGENTE;SYS - Usuário sistema;TRANSPORTE;EM ROTA -TERCEIROS;PENDENTE RECEBIMENTO;TRANSPORTE · EM ROTA -TERCEIROS · PENDENTE RECEBIMENTO;A8578;07/09/2026 08:12;;Datalogger enviado para agente LIDER CARGAS SERVICOS LTDA pelo serviço de integração do ESL.;ACIONAR AGENTE/RESPONSÁVEL
566237;TA0879;ARES;00019200000014200040;PB;MINISTÉRIO DA SAUDE;07/09/2026 04:58;08/09/2026 11:40;;ENTREGUE;8491;MultiModal;07/09/2026 12:45;07/09/2026 17:34;;05/09/2026 10:02;0;NÃO;FORA DE GRU;AGENTE;SYS - Usuário sistema;TRANSPORTE;EM ROTA -TERCEIROS;PENDENTE RECEBIMENTO;TRANSPORTE · EM ROTA -TERCEIROS · PENDENTE RECEBIMENTO;TA0879;07/09/2026 08:12;;Datalogger enviado para agente LIDER CARGAS SERVICOS LTDA pelo serviço de integração do ESL.;ACIONAR AGENTE/RESPONSÁVEL
566237;A6556;ARES;00019200000014200066;PB;MINISTÉRIO DA SAUDE;07/09/2026 04:58;08/09/2026 11:40;;ENTREGUE;8492;MultiModal;07/09/2026 12:45;07/09/2026 17:34;;08/09/2026 08:53;0;NÃO;FORA DE GRU;AGENTE;AGENTE - JERSSICA DE FREITAS DE OLIVEIRA;TRANSPORTE;EM ROTA -TERCEIROS;RECEBIDO;TRANSPORTE · EM ROTA -TERCEIROS · RECEBIDO;A6556;08/09/2026 16:00;;Datalogger recebido pelo agente com sucesso.;ACIONAR AGENTE/RESPONSÁVEL
566237;A8966;ARES;00019200000014200082;PB;MINISTÉRIO DA SAUDE;07/09/2026 04:58;08/09/2026 11:40;;ENTREGUE;8491;MultiModal;07/09/2026 12:45;07/09/2026 17:34;;05/09/2026 13:40;0;NÃO;FORA DE GRU;AGENTE;SYS - Usuário sistema;TRANSPORTE;EM ROTA -TERCEIROS;PENDENTE RECEBIMENTO;TRANSPORTE · EM ROTA -TERCEIROS · PENDENTE RECEBIMENTO;A8966;07/09/2026 08:12;;Datalogger enviado para agente LIDER CARGAS SERVICOS LTDA pelo serviço de integração do ESL.;ACIONAR AGENTE/RESPONSÁVEL
566237;A9312;ARES;00019200000014200120;PB;MINISTÉRIO DA SAUDE;07/09/2026 04:58;08/09/2026 11:40;;ENTREGUE;8491;MultiModal;07/09/2026 12:45;07/09/2026 17:34;;05/09/2026 13:39;0;NÃO;FORA DE GRU;AGENTE;SYS - Usuário sistema;TRANSPORTE;EM ROTA -TERCEIROS;PENDENTE RECEBIMENTO;TRANSPORTE · EM ROTA -TERCEIROS · PENDENTE RECEBIMENTO;A9312;07/09/2026 08:12;;Datalogger enviado para agente LIDER CARGAS SERVICOS LTDA pelo serviço de integração do ESL.;ACIONAR AGENTE/RESPONSÁVEL
566237;A2122;ARES;00019200000014200163;PB;MINISTÉRIO DA SAUDE;07/09/2026 04:58;08/09/2026 11:40;;ENTREGUE;8491;MultiModal;07/09/2026 12:45;07/09/2026 17:34;;05/09/2026 11:10;0;NÃO;FORA DE GRU;AGENTE;SYS - Usuário sistema;TRANSPORTE;EM ROTA -TERCEIROS;PENDENTE RECEBIMENTO;TRANSPORTE · EM ROTA -TERCEIROS · PENDENTE RECEBIMENTO;A2122;07/09/2026 08:12;;Datalogger enviado para agente LIDER CARGAS SERVICOS LTDA pelo serviço de integração do ESL.;ACIONAR AGENTE/RESPONSÁVEL
566237;A7993;ARES;00019200000014200171;PB;MINISTÉRIO DA SAUDE;07/09/2026 04:58;08/09/2026 11:40;;ENTREGUE;8491;MultiModal;07/09/2026 12:45;07/09/2026 17:34;;05/09/2026 11:10;0;NÃO;FORA DE GRU;AGENTE;SYS - Usuário sistema;TRANSPORTE;EM ROTA -TERCEIROS;PENDENTE RECEBIMENTO;TRANSPORTE · EM ROTA -TERCEIROS · PENDENTE RECEBIMENTO;A7993;07/09/2026 08:12;;Datalogger enviado para agente LIDER CARGAS SERVICOS LTDA pelo serviço de integração do ESL.;ACIONAR AGENTE/RESPONSÁVEL
566237;A3843;ARES;00019200000014200180;PB;MINISTÉRIO DA SAUDE;07/09/2026 04:58;08/09/2026 11:40;;ENTREGUE;8491;MultiModal;07/09/2026 12:45;07/09/2026 17:34;;05/09/2026 15:35;0;NÃO;FORA DE GRU;AGENTE;SYS - Usuário sistema;TRANSPORTE;EM ROTA -TERCEIROS;PENDENTE RECEBIMENTO;TRANSPORTE · EM ROTA -TERCEIROS · PENDENTE RECEBIMENTO;A3843;07/09/2026 08:12;;Datalogger enviado para agente LIDER CARGAS SERVICOS LTDA pelo serviço de integração do ESL.;ACIONAR AGENTE/RESPONSÁVEL
563318;A9489;ARES;00019200000013973800;RS;MINISTÉRIO DA SAUDE;23/08/2026 23:45;08/09/2026 11:00;;ENTREGUE;8202;MultiModal;24/08/2026 03:16;24/08/2026 11:26;;25/08/2026 09:31;0;NÃO;FORA DE GRU;AGENTE;SYS - Usuário sistema;TRANSPORTE;EM ROTA -TERCEIROS;PENDENTE RECEBIMENTO;TRANSPORTE · EM ROTA -TERCEIROS · PENDENTE RECEBIMENTO;A9489;24/08/2026 04:20;;Datalogger enviado para agente GMB TRANSPORTES E LOGISTICA LTDA pelo serviço de integração do ESL.;ACIONAR AGENTE/RESPONSÁVEL
563318;A8575;ARES;00019200000013973819;RS;MINISTÉRIO DA SAUDE;23/08/2026 23:45;08/09/2026 11:00;;ENTREGUE;8202;MultiModal;24/08/2026 03:16;24/08/2026 11:26;;25/08/2026 13:06;0;NÃO;FORA DE GRU;AGENTE;SYS - Usuário sistema;TRANSPORTE;EM ROTA -TERCEIROS;PENDENTE RECEBIMENTO;TRANSPORTE · EM ROTA -TERCEIROS · PENDENTE RECEBIMENTO;A8575;24/08/2026 04:20;;Datalogger enviado para agente GMB TRANSPORTES E LOGISTICA LTDA pelo serviço de integração do ESL.;ACIONAR AGENTE/RESPONSÁVEL
565553;TA0223;ARES;00019200000014202654;AM;MINISTÉRIO DA SAUDE;07/09/2026 01:10;08/09/2026 10:54;08/09/2026 10:54;RECEBIDO NO CLIENTE;8479;MultiModal;08/09/2026 00:23;08/09/2026 05:24;;03/09/2026 20:21;0;NÃO;FORA DE GRU;AGENTE;AGENTE - PAOLA DUARTA DA SILVA;TRANSPORTE;EM ROTA -TERCEIROS;RECEBIDO;TRANSPORTE · EM ROTA -TERCEIROS · RECEBIDO;TA0223;08/09/2026 16:42;;Datalogger recebido pelo agente com sucesso.;ACIONAR AGENTE/RESPONSÁVEL
565553;A6739;ARES;00019200000014202786;AM;MINISTÉRIO DA SAUDE;07/09/2026 01:10;08/09/2026 10:54;08/09/2026 10:54;RECEBIDO NO CLIENTE;8479;MultiModal;08/09/2026 00:23;08/09/2026 05:24;;05/09/2026 09:03;0;NÃO;FORA DE GRU;AGENTE;AGENTE - PAOLA DUARTA DA SILVA;TRANSPORTE;EM ROTA -TERCEIROS;RECEBIDO;TRANSPORTE · EM ROTA -TERCEIROS · RECEBIDO;A6739;08/09/2026 16:41;;Datalogger recebido pelo agente com sucesso.;ACIONAR AGENTE/RESPONSÁVEL
565553;A3927;ARES;00019200000014202816;AM;MINISTÉRIO DA SAUDE;07/09/2026 01:10;08/09/2026 10:54;08/09/2026 10:54;RECEBIDO NO CLIENTE;8479;MultiModal;08/09/2026 00:23;08/09/2026 05:24;;03/09/2026 20:35;0;NÃO;FORA DE GRU;AGENTE;AGENTE - PAOLA DUARTA DA SILVA;TRANSPORTE;EM ROTA -TERCEIROS;RECEBIDO;TRANSPORTE · EM ROTA -TERCEIROS · RECEBIDO;A3927;08/09/2026 16:42;;Datalogger recebido pelo agente com sucesso.;ACIONAR AGENTE/RESPONSÁVEL
565553;TA1034;ARES;00019200000014202832;AM;MINISTÉRIO DA SAUDE;07/09/2026 01:10;08/09/2026 10:54;08/09/2026 10:54;RECEBIDO NO CLIENTE;8479;MultiModal;08/09/2026 00:23;08/09/2026 05:24;;05/09/2026 09:33;0;NÃO;FORA DE GRU;AGENTE;AGENTE - PAOLA DUARTA DA SILVA;TRANSPORTE;EM ROTA -TERCEIROS;RECEBIDO;TRANSPORTE · EM ROTA -TERCEIROS · RECEBIDO;TA1034;08/09/2026 16:44;;Datalogger recebido pelo agente com sucesso.;ACIONAR AGENTE/RESPONSÁVEL
565553;A8275;ARES;00019200000014202840;AM;MINISTÉRIO DA SAUDE;07/09/2026 01:10;08/09/2026 10:54;08/09/2026 10:54;RECEBIDO NO CLIENTE;8479;MultiModal;08/09/2026 00:23;08/09/2026 05:24;;03/09/2026 20:22;0;NÃO;FORA DE GRU;AGENTE;AGENTE - PAOLA DUARTA DA SILVA;TRANSPORTE;EM ROTA -TERCEIROS;RECEBIDO;TRANSPORTE · EM ROTA -TERCEIROS · RECEBIDO;A8275;08/09/2026 16:45;;Datalogger recebido pelo agente com sucesso.;ACIONAR AGENTE/RESPONSÁVEL
565558;TA0554;ARES;00019200000014059711;AM;MINISTÉRIO DA SAUDE;07/09/2026 01:20;08/09/2026 10:50;08/09/2026 10:50;RECEBIDO NO CLIENTE;8483;MultiModal;07/09/2026 12:43;08/09/2026 01:13;;03/09/2026 20:34;0;NÃO;FORA DE GRU;AGENTE;AGENTE - PAOLA DUARTA DA SILVA;TRANSPORTE;EM ROTA -TERCEIROS;RECEBIDO;TRANSPORTE · EM ROTA -TERCEIROS · RECEBIDO;TA0554;08/09/2026 15:54;;Datalogger recebido pelo agente com sucesso.;ACIONAR AGENTE/RESPONSÁVEL
565558;A3562;ARES;00019200000014059720;AM;MINISTÉRIO DA SAUDE;07/09/2026 01:20;08/09/2026 10:50;;ENTREGUE;8482;MultiModal;07/09/2026 12:43;08/09/2026 01:13;;03/09/2026 20:25;0;NÃO;FORA DE GRU;AGENTE;AGENTE - PAOLA DUARTA DA SILVA;TRANSPORTE;EM ROTA -TERCEIROS;RECEBIDO;TRANSPORTE · EM ROTA -TERCEIROS · RECEBIDO;A3562;08/09/2026 16:08;;Datalogger recebido pelo agente com sucesso.;ACIONAR AGENTE/RESPONSÁVEL
565558;A5156;ARES;00019200000014154218;AM;MINISTÉRIO DA SAUDE;07/09/2026 01:20;08/09/2026 10:50;08/09/2026 10:50;RECEBIDO NO CLIENTE;8483;MultiModal;07/09/2026 12:43;08/09/2026 01:13;;03/09/2026 20:34;0;NÃO;FORA DE GRU;AGENTE;AGENTE - PAOLA DUARTA DA SILVA;TRANSPORTE;EM ROTA -TERCEIROS;RECEBIDO;TRANSPORTE · EM ROTA -TERCEIROS · RECEBIDO;A5156;08/09/2026 15:44;;Datalogger recebido pelo agente com sucesso.;ACIONAR AGENTE/RESPONSÁVEL
565558;A3965;ARES;00019200000014179539;AM;MINISTÉRIO DA SAUDE;07/09/2026 01:20;08/09/2026 10:50;08/09/2026 10:50;RECEBIDO NO CLIENTE;8483;MultiModal;07/09/2026 12:43;08/09/2026 01:13;;05/09/2026 10:02;0;NÃO;FORA DE GRU;AGENTE;AGENTE - PAOLA DUARTA DA SILVA;TRANSPORTE;EM ROTA -TERCEIROS;RECEBIDO;TRANSPORTE · EM ROTA -TERCEIROS · RECEBIDO;A3965;08/09/2026 15:54;;Datalogger recebido pelo agente com sucesso.;ACIONAR AGENTE/RESPONSÁVEL
565558;A4313;ARES;00019200000014199688;AM;MINISTÉRIO DA SAUDE;07/09/2026 01:20;08/09/2026 10:50;;ENTREGUE;8482;MultiModal;07/09/2026 12:43;08/09/2026 01:13;;03/09/2026 20:21;0;NÃO;FORA DE GRU;AGENTE;AGENTE - PAOLA DUARTA DA SILVA;TRANSPORTE;EM ROTA -TERCEIROS;RECEBIDO;TRANSPORTE · EM ROTA -TERCEIROS · RECEBIDO;A4313;08/09/2026 16:11;;Datalogger recebido pelo agente com sucesso.;ACIONAR AGENTE/RESPONSÁVEL
565558;TA1084;ARES;00019200000014199700;AM;MINISTÉRIO DA SAUDE;07/09/2026 01:20;08/09/2026 10:50;08/09/2026 10:50;RECEBIDO NO CLIENTE;8483;MultiModal;07/09/2026 12:43;08/09/2026 01:13;;03/09/2026 20:26;0;NÃO;FORA DE GRU;AGENTE;AGENTE - PAOLA DUARTA DA SILVA;TRANSPORTE;EM ROTA -TERCEIROS;RECEBIDO;TRANSPORTE · EM ROTA -TERCEIROS · RECEBIDO;TA1084;08/09/2026 15:44;;Datalogger recebido pelo agente com sucesso.;ACIONAR AGENTE/RESPONSÁVEL
565558;A8648;ARES;00019200000014199718;AM;MINISTÉRIO DA SAUDE;07/09/2026 01:20;08/09/2026 10:50;08/09/2026 10:50;RECEBIDO NO CLIENTE;8483;MultiModal;07/09/2026 12:43;08/09/2026 01:13;;03/09/2026 20:16;0;NÃO;FORA DE GRU;AGENTE;AGENTE - PAOLA DUARTA DA SILVA;TRANSPORTE;EM ROTA -TERCEIROS;RECEBIDO;TRANSPORTE · EM ROTA -TERCEIROS · RECEBIDO;A8648;08/09/2026 15:46;;Datalogger recebido pelo agente com sucesso.;ACIONAR AGENTE/RESPONSÁVEL
565558;TA0401;ARES;00019200000014199726;AM;MINISTÉRIO DA SAUDE;07/09/2026 01:20;08/09/2026 10:50;08/09/2026 10:50;RECEBIDO NO CLIENTE;8483;MultiModal;07/09/2026 12:43;08/09/2026 01:13;;03/09/2026 20:18;0;NÃO;FORA DE GRU;AGENTE;AGENTE - PAOLA DUARTA DA SILVA;TRANSPORTE;EM ROTA -TERCEIROS;RECEBIDO;TRANSPORTE · EM ROTA -TERCEIROS · RECEBIDO;TA0401;08/09/2026 15:50;;Datalogger recebido pelo agente com sucesso.;ACIONAR AGENTE/RESPONSÁVEL
565261;TA0138;ARES;00019200000014197146;CE;MINISTÉRIO DA SAUDE;03/09/2026 23:18;05/09/2026 18:00;;ENTREGUE;8450;MultiModal;04/09/2026 05:03;04/09/2026 19:08;;03/09/2026 17:16;3;NÃO;FORA DE GRU;AGENTE;AGENTE - NAYANA BATISTA DA SILVA;TRANSPORTE;EM ROTA -TERCEIROS;PENDENTE RECEBIMENTO;TRANSPORTE · EM ROTA -TERCEIROS · PENDENTE RECEBIMENTO;TA0138;03/09/2026 23:39;;Datalogger enviado para agente NT TRANSPORTE LTDA pelo serviço de integração do ESL.;ACIONAR AGENTE/RESPONSÁVEL
565261;TA0246;ARES;00019200000014197162;CE;MINISTÉRIO DA SAUDE;03/09/2026 23:18;05/09/2026 18:00;;ENTREGUE;8450;MultiModal;04/09/2026 05:03;04/09/2026 19:08;;03/09/2026 16:31;3;NÃO;FORA DE GRU;AGENTE;AGENTE - TATIANE PAZ SANTANA;TRANSPORTE;EM ROTA -TERCEIROS;PENDENTE RECEBIMENTO;TRANSPORTE · EM ROTA -TERCEIROS · PENDENTE RECEBIMENTO;TA0246;03/09/2026 23:39;;Datalogger enviado para agente NT TRANSPORTE LTDA pelo serviço de integração do ESL.;ACIONAR AGENTE/RESPONSÁVEL
565261;A4547;ARES;00019200000014197170;CE;MINISTÉRIO DA SAUDE;03/09/2026 23:18;05/09/2026 18:00;;ENTREGUE;8450;MultiModal;04/09/2026 05:03;04/09/2026 19:08;;05/09/2026 10:48;3;NÃO;FORA DE GRU;AGENTE;AGENTE - IARA HOLANDA NOZOR TELES;TRANSPORTE;EM TRÂNSITO;PENDENTE RECEBIMENTO;TRANSPORTE · EM TRÂNSITO · PENDENTE RECEBIMENTO;A4547;08/09/2026 14:38;17486;Datalogger enviado para devolução pelo agente.;ACIONAR AGENTE/RESPONSÁVEL
565261;A6027;ARES;00019200000014197197;CE;MINISTÉRIO DA SAUDE;03/09/2026 23:18;05/09/2026 18:00;;ENTREGUE;8450;MultiModal;04/09/2026 05:03;04/09/2026 19:08;;05/09/2026 10:48;3;NÃO;FORA DE GRU;AGENTE;AGENTE - IARA HOLANDA NOZOR TELES;TRANSPORTE;EM TRÂNSITO;PENDENTE RECEBIMENTO;TRANSPORTE · EM TRÂNSITO · PENDENTE RECEBIMENTO;A6027;08/09/2026 14:39;17486;Datalogger enviado para devolução pelo agente.;ACIONAR AGENTE/RESPONSÁVEL
565261;A6034;ARES;00019200000014197227;CE;MINISTÉRIO DA SAUDE;03/09/2026 23:18;05/09/2026 18:00;;ENTREGUE;8450;MultiModal;04/09/2026 05:03;04/09/2026 19:08;;05/09/2026 10:44;3;NÃO;FORA DE GRU;AGENTE;AGENTE - IARA HOLANDA NOZOR TELES;TRANSPORTE;EM TRÂNSITO;PENDENTE RECEBIMENTO;TRANSPORTE · EM TRÂNSITO · PENDENTE RECEBIMENTO;A6034;08/09/2026 14:41;17486;Datalogger enviado para devolução pelo agente.;ACIONAR AGENTE/RESPONSÁVEL
565261;TA1105;ARES;00019200000014197235;CE;MINISTÉRIO DA SAUDE;03/09/2026 23:18;05/09/2026 18:00;;ENTREGUE;8450;MultiModal;04/09/2026 05:03;04/09/2026 19:08;;03/09/2026 16:31;3;NÃO;FORA DE GRU;AGENTE;AGENTE - TATIANE PAZ SANTANA;TRANSPORTE;EM ROTA -TERCEIROS;PENDENTE RECEBIMENTO;TRANSPORTE · EM ROTA -TERCEIROS · PENDENTE RECEBIMENTO;TA1105;03/09/2026 23:39;;Datalogger enviado para agente NT TRANSPORTE LTDA pelo serviço de integração do ESL.;ACIONAR AGENTE/RESPONSÁVEL
565261;A9036;ARES;00019200000014197251;CE;MINISTÉRIO DA SAUDE;03/09/2026 23:18;05/09/2026 18:00;;ENTREGUE;8450;MultiModal;04/09/2026 05:03;04/09/2026 19:08;;03/09/2026 16:31;3;NÃO;FORA DE GRU;AGENTE;AGENTE - IARA HOLANDA NOZOR TELES;TRANSPORTE;EM TRÂNSITO;PENDENTE RECEBIMENTO;TRANSPORTE · EM TRÂNSITO · PENDENTE RECEBIMENTO;A9036;08/09/2026 14:39;17486;Datalogger enviado para devolução pelo agente.;ACIONAR AGENTE/RESPONSÁVEL
565261;A4620;ARES;00019200000014197286;CE;MINISTÉRIO DA SAUDE;03/09/2026 23:18;05/09/2026 18:00;;ENTREGUE;8459;MultiModal;04/09/2026 05:03;04/09/2026 19:08;;05/09/2026 10:44;3;NÃO;FORA DE GRU;AGENTE;AGENTE - IARA HOLANDA NOZOR TELES;TRANSPORTE;EM TRÂNSITO;PENDENTE RECEBIMENTO;TRANSPORTE · EM TRÂNSITO · PENDENTE RECEBIMENTO;A4620;08/09/2026 14:36;17486;Datalogger enviado para devolução pelo agente.;ACIONAR AGENTE/RESPONSÁVEL
565261;A5378;ARES;00019200000014197294;CE;MINISTÉRIO DA SAUDE;03/09/2026 23:18;05/09/2026 18:00;;ENTREGUE;8450;MultiModal;04/09/2026 05:03;04/09/2026 19:08;;05/09/2026 10:47;3;NÃO;FORA DE GRU;AGENTE;AGENTE - TATIANE PAZ SANTANA;TRANSPORTE;EM ROTA -TERCEIROS;PENDENTE RECEBIMENTO;TRANSPORTE · EM ROTA -TERCEIROS · PENDENTE RECEBIMENTO;A5378;03/09/2026 23:39;;Datalogger enviado para agente NT TRANSPORTE LTDA pelo serviço de integração do ESL.;ACIONAR AGENTE/RESPONSÁVEL
565261;A9614;ARES;00019200000014197324;CE;MINISTÉRIO DA SAUDE;03/09/2026 23:18;05/09/2026 18:00;;ENTREGUE;8459;MultiModal;04/09/2026 05:03;04/09/2026 19:08;;05/09/2026 10:44;3;NÃO;FORA DE GRU;AGENTE;AGENTE - IARA HOLANDA NOZOR TELES;TRANSPORTE;EM TRÂNSITO;PENDENTE RECEBIMENTO;TRANSPORTE · EM TRÂNSITO · PENDENTE RECEBIMENTO;A9614;08/09/2026 14:38;17486;Datalogger enviado para devolução pelo agente.;ACIONAR AGENTE/RESPONSÁVEL
565261;A5960;ARES;00019200000014197332;CE;MINISTÉRIO DA SAUDE;03/09/2026 23:18;05/09/2026 18:00;;ENTREGUE;8450;MultiModal;04/09/2026 05:03;04/09/2026 19:08;;27/07/2026 17:07;3;NÃO;FORA DE GRU;AGENTE;AGENTE - IARA HOLANDA NOZOR TELES;TRANSPORTE;EM TRÂNSITO;PENDENTE RECEBIMENTO;TRANSPORTE · EM TRÂNSITO · PENDENTE RECEBIMENTO;A5960;08/09/2026 14:38;17486;Datalogger enviado para devolução pelo agente.;ACIONAR AGENTE/RESPONSÁVEL
565261;A0330;ARES;00019200000014197367;CE;MINISTÉRIO DA SAUDE;03/09/2026 23:18;05/09/2026 18:00;;ENTREGUE;8459;MultiModal;04/09/2026 05:03;04/09/2026 19:08;;05/09/2026 10:44;3;NÃO;FORA DE GRU;AGENTE;AGENTE - IARA HOLANDA NOZOR TELES;TRANSPORTE;EM TRÂNSITO;PENDENTE RECEBIMENTO;TRANSPORTE · EM TRÂNSITO · PENDENTE RECEBIMENTO;A0330;08/09/2026 14:42;17486;Datalogger enviado para devolução pelo agente.;ACIONAR AGENTE/RESPONSÁVEL
565261;A2509;ARES;00019200000014197391;CE;MINISTÉRIO DA SAUDE;03/09/2026 23:18;05/09/2026 18:00;;ENTREGUE;8459;MultiModal;04/09/2026 05:03;04/09/2026 19:08;;05/09/2026 10:44;3;NÃO;FORA DE GRU;AGENTE;AGENTE - IARA HOLANDA NOZOR TELES;TRANSPORTE;EM TRÂNSITO;PENDENTE RECEBIMENTO;TRANSPORTE · EM TRÂNSITO · PENDENTE RECEBIMENTO;A2509;08/09/2026 14:40;17486;Datalogger enviado para devolução pelo agente.;ACIONAR AGENTE/RESPONSÁVEL
565261;A9273;ARES;00019200000014197405;CE;MINISTÉRIO DA SAUDE;03/09/2026 23:18;05/09/2026 18:00;;ENTREGUE;8450;MultiModal;04/09/2026 05:03;04/09/2026 19:08;;03/09/2026 17:09;3;NÃO;FORA DE GRU;AGENTE;AGENTE - IARA HOLANDA NOZOR TELES;TRANSPORTE;EM TRÂNSITO;PENDENTE RECEBIMENTO;TRANSPORTE · EM TRÂNSITO · PENDENTE RECEBIMENTO;A9273;08/09/2026 14:44;17486;Datalogger enviado para devolução pelo agente.;ACIONAR AGENTE/RESPONSÁVEL
565261;A8492;ARES;00019200000014197413;CE;MINISTÉRIO DA SAUDE;03/09/2026 23:18;05/09/2026 18:00;;ENTREGUE;8459;MultiModal;04/09/2026 05:03;04/09/2026 19:08;;18/08/2026 20:24;3;NÃO;FORA DE GRU;AGENTE;AGENTE - IARA HOLANDA NOZOR TELES;TRANSPORTE;EM TRÂNSITO;PENDENTE RECEBIMENTO;TRANSPORTE · EM TRÂNSITO · PENDENTE RECEBIMENTO;A8492;08/09/2026 14:41;17486;Datalogger enviado para devolução pelo agente.;ACIONAR AGENTE/RESPONSÁVEL
565261;TA0512;ARES;00019200000014197430;CE;MINISTÉRIO DA SAUDE;03/09/2026 23:18;05/09/2026 18:00;;ENTREGUE;8459;MultiModal;04/09/2026 05:03;04/09/2026 19:08;;05/09/2026 10:33;3;NÃO;FORA DE GRU;AGENTE;AGENTE - IARA HOLANDA NOZOR TELES;TRANSPORTE;EM TRÂNSITO;PENDENTE RECEBIMENTO;TRANSPORTE · EM TRÂNSITO · PENDENTE RECEBIMENTO;TA0512;08/09/2026 14:43;17486;Datalogger enviado para devolução pelo agente.;ACIONAR AGENTE/RESPONSÁVEL
565261;A1001;ARES;00019200000014197472;CE;MINISTÉRIO DA SAUDE;03/09/2026 23:18;05/09/2026 18:00;;ENTREGUE;8459;MultiModal;04/09/2026 05:03;04/09/2026 19:08;;05/09/2026 10:44;3;NÃO;FORA DE GRU;AGENTE;AGENTE - KESIA SARAI ARAUJO SILVA;TRANSPORTE;EM ROTA -TERCEIROS;PENDENTE RECEBIMENTO;TRANSPORTE · EM ROTA -TERCEIROS · PENDENTE RECEBIMENTO;A1001;03/09/2026 23:39;;Datalogger enviado para agente NT TRANSPORTE LTDA pelo serviço de integração do ESL.;ACIONAR AGENTE/RESPONSÁVEL
567617;A6207;ARES;00019200000014199564;SP;MINISTÉRIO DA SAUDE;04/09/2026 17:39;04/09/2026 19:57;;ENTREGUE;8467;Rodoviário;04/09/2026 17:39;04/09/2026 19:57;;03/09/2026 17:16;3;NÃO;FORA DE GRU;AGENTE;AGENTE - JOSE AIRTON LOURENCO DE OLIVEIRA JUNIOR;TRANSPORTE;EM ROTA -TERCEIROS;PENDENTE RECEBIMENTO;TRANSPORTE · EM ROTA -TERCEIROS · PENDENTE RECEBIMENTO;A6207;04/09/2026 17:41;;Datalogger enviado para agente VTC OPERADORA LOGISTICA LTDA pelo serviço de integração do ESL.;ACIONAR AGENTE/RESPONSÁVEL
567617;A9644;ARES;00019200000014199572;SP;MINISTÉRIO DA SAUDE;04/09/2026 17:39;04/09/2026 19:57;;ENTREGUE;8467;Rodoviário;04/09/2026 17:39;04/09/2026 19:57;;03/09/2026 16:32;3;NÃO;FORA DE GRU;AGENTE;AGENTE - TATIANE PAZ SANTANA;TRANSPORTE;EM ROTA -TERCEIROS;PENDENTE RECEBIMENTO;TRANSPORTE · EM ROTA -TERCEIROS · PENDENTE RECEBIMENTO;A9644;04/09/2026 17:41;;Datalogger enviado para agente VTC OPERADORA LOGISTICA LTDA pelo serviço de integração do ESL.;ACIONAR AGENTE/RESPONSÁVEL
567617;A0779;ARES;00019200000014199580;SP;MINISTÉRIO DA SAUDE;04/09/2026 17:39;04/09/2026 19:57;;ENTREGUE;8467;Rodoviário;04/09/2026 17:39;04/09/2026 19:57;;03/09/2026 11:01;3;NÃO;FORA DE GRU;AGENTE;SYS - Usuário sistema;TRANSPORTE;EM ROTA -TERCEIROS;PENDENTE RECEBIMENTO;TRANSPORTE · EM ROTA -TERCEIROS · PENDENTE RECEBIMENTO;A0779;04/09/2026 17:41;;Datalogger enviado para agente VTC OPERADORA LOGISTICA LTDA pelo serviço de integração do ESL.;ACIONAR AGENTE/RESPONSÁVEL
567617;A8350;ARES;00019200000014199599;SP;MINISTÉRIO DA SAUDE;04/09/2026 17:39;04/09/2026 19:57;;ENTREGUE;8467;Rodoviário;04/09/2026 17:39;04/09/2026 19:57;;03/09/2026 14:00;3;NÃO;FORA DE GRU;AGENTE;AGENTE - PAULO FERNANDO CARVALHO ANDRADES;TRANSPORTE;EM ROTA -TERCEIROS;PENDENTE RECEBIMENTO;TRANSPORTE · EM ROTA -TERCEIROS · PENDENTE RECEBIMENTO;A8350;04/09/2026 17:41;;Datalogger enviado para agente VTC OPERADORA LOGISTICA LTDA pelo serviço de integração do ESL.;ACIONAR AGENTE/RESPONSÁVEL
20261395;A9122;ARES;00019200000014197561;RJ;MINISTÉRIO DA SAUDE;03/09/2026 23:51;04/09/2026 19:30;;ENTREGUE;8460;MultiModal;04/09/2026 14:23;04/09/2026 16:46;;27/07/2026 15:52;3;NÃO;FORA DE GRU;AGENTE;AGENTE - PATRICK KAUE RIBEIRO SOARES;TRANSPORTE;EM ROTA -TERCEIROS;PENDENTE RECEBIMENTO;TRANSPORTE · EM ROTA -TERCEIROS · PENDENTE RECEBIMENTO;A9122;04/09/2026 00:25;;Datalogger enviado para agente VTCLOG RJ GALEAO pelo serviço de integração do ESL.;ACIONAR AGENTE/RESPONSÁVEL
566534;A7038;ARES;00019200000014196328;TO;MINISTÉRIO DA SAUDE;03/09/2026 05:33;04/09/2026 19:04;;ENTREGUE;8441;MultiModal;03/09/2026 15:40;03/09/2026 18:59;;04/09/2026 10:41;3;NÃO;FORA DE GRU;AGENTE;AGENTE - MARCOS JOSE ARAUJO DE ASSIS;TRANSPORTE;EM ROTA -TERCEIROS;PENDENTE RECEBIMENTO;TRANSPORTE · EM ROTA -TERCEIROS · PENDENTE RECEBIMENTO;A7038;03/09/2026 06:24;;Datalogger enviado para agente MK BILLIG TRANSPORTE DE CARGAS E LOGISTICA LTDA pelo serviço de integração do ESL.;ACIONAR AGENTE/RESPONSÁVEL
566053;TA0997;ARES;00019200000014153882;PE;MINISTÉRIO DA SAUDE;03/09/2026 05:33;04/09/2026 18:45;04/09/2026 18:45;RECEBIDO NO CLIENTE;8447;MultiModal;03/09/2026 19:10;04/09/2026 01:23;;04/09/2026 08:42;3;NÃO;RETORNANDO PARA GRU (NÃO RECEBIDO);RETORNANDO - GRU;VTC - MARIA LETICIA BRITO DA SILVA;EM ESTOQUE;SALDO DE ESTOQUE;PENDENTE RECEBIMENTO;EM ESTOQUE · SALDO DE ESTOQUE · PENDENTE RECEBIMENTO;TA0997;08/09/2026 15:47;;Datalogger enviado para agente VTCLOG RECIFE pelo serviço de integração do ESL.;ACOMPANHAR RECEBIMENTO EM GRU
566026;TA0592;ARES;00019200000014180413;RN;MINISTÉRIO DA SAUDE;03/09/2026 03:43;04/09/2026 17:24;;ENTREGUE;8438;MultiModal;03/09/2026 19:08;03/09/2026 23:53;;31/08/2026 18:29;4;NÃO;FORA DE GRU;AGENTE;AGENTE - PATRICK KAUE RIBEIRO SOARES;TRANSPORTE;EM ROTA -TERCEIROS;PENDENTE RECEBIMENTO;TRANSPORTE · EM ROTA -TERCEIROS · PENDENTE RECEBIMENTO;TA0592;03/09/2026 04:45;;Datalogger enviado para agente NAT - CSM CARGO pelo serviço de integração do ESL.;ACIONAR AGENTE/RESPONSÁVEL
566026;TA0758;ARES;00019200000014180421;RN;MINISTÉRIO DA SAUDE;03/09/2026 03:43;04/09/2026 17:24;;ENTREGUE;8438;MultiModal;03/09/2026 19:08;03/09/2026 23:53;;04/09/2026 13:06;4;NÃO;FORA DE GRU;AGENTE;AGENTE - JOSE AIRTON LOURENCO DE OLIVEIRA JUNIOR;TRANSPORTE;EM ROTA -TERCEIROS;PENDENTE RECEBIMENTO;TRANSPORTE · EM ROTA -TERCEIROS · PENDENTE RECEBIMENTO;TA0758;03/09/2026 04:45;;Datalogger enviado para agente NAT - CSM CARGO pelo serviço de integração do ESL.;ACIONAR AGENTE/RESPONSÁVEL
566057;A5095;ARES;00019200000014186942;RN;MINISTÉRIO DA SAUDE;03/09/2026 05:37;04/09/2026 17:21;;ENTREGUE;8446;MultiModal;03/09/2026 19:08;03/09/2026 23:53;;04/09/2026 13:06;4;NÃO;FORA DE GRU;AGENTE;AGENTE - KESIA SARAI ARAUJO SILVA;TRANSPORTE;EM ROTA -TERCEIROS;PENDENTE RECEBIMENTO;TRANSPORTE · EM ROTA -TERCEIROS · PENDENTE RECEBIMENTO;A5095;03/09/2026 06:24;;Datalogger enviado para agente NAT - CSM CARGO pelo serviço de integração do ESL.;ACIONAR AGENTE/RESPONSÁVEL
566057;A8956;ARES;00019200000014186950;RN;MINISTÉRIO DA SAUDE;03/09/2026 05:37;04/09/2026 17:21;;ENTREGUE;8446;MultiModal;03/09/2026 19:08;03/09/2026 23:53;;04/09/2026 13:06;4;NÃO;FORA DE GRU;AGENTE;SYS - Usuário sistema;TRANSPORTE;EM ROTA -TERCEIROS;PENDENTE RECEBIMENTO;TRANSPORTE · EM ROTA -TERCEIROS · PENDENTE RECEBIMENTO;A8956;03/09/2026 06:24;;Datalogger enviado para agente NAT - CSM CARGO pelo serviço de integração do ESL.;ACIONAR AGENTE/RESPONSÁVEL
566057;A8605;ARES;00019200000014187000;RN;MINISTÉRIO DA SAUDE;03/09/2026 05:37;04/09/2026 17:21;;ENTREGUE;8446;MultiModal;03/09/2026 19:08;03/09/2026 23:53;;04/09/2026 13:06;4;NÃO;FORA DE GRU;AGENTE;AGENTE - NICOLLE CHRISTIE CAMPOS MAGALHÃES;TRANSPORTE;EM ROTA -TERCEIROS;PENDENTE RECEBIMENTO;TRANSPORTE · EM ROTA -TERCEIROS · PENDENTE RECEBIMENTO;A8605;03/09/2026 06:24;;Datalogger enviado para agente NAT - CSM CARGO pelo serviço de integração do ESL.;ACIONAR AGENTE/RESPONSÁVEL
566057;TA0202;ARES;00019200000014187370;RN;MINISTÉRIO DA SAUDE;03/09/2026 05:37;04/09/2026 17:21;;ENTREGUE;8446;MultiModal;03/09/2026 19:08;03/09/2026 23:53;;04/09/2026 13:06;4;NÃO;FORA DE GRU;AGENTE;SYS - Usuário sistema;TRANSPORTE;EM ROTA -TERCEIROS;PENDENTE RECEBIMENTO;TRANSPORTE · EM ROTA -TERCEIROS · PENDENTE RECEBIMENTO;TA0202;03/09/2026 06:24;;Datalogger enviado para agente NAT - CSM CARGO pelo serviço de integração do ESL.;ACIONAR AGENTE/RESPONSÁVEL
566057;A8629;ARES;00019200000014187388;RN;MINISTÉRIO DA SAUDE;03/09/2026 05:37;04/09/2026 17:21;;ENTREGUE;8446;MultiModal;03/09/2026 19:08;03/09/2026 23:53;;04/09/2026 13:06;4;NÃO;FORA DE GRU;AGENTE;AGENTE - KESIA SARAI ARAUJO SILVA;TRANSPORTE;EM ROTA -TERCEIROS;PENDENTE RECEBIMENTO;TRANSPORTE · EM ROTA -TERCEIROS · PENDENTE RECEBIMENTO;A8629;03/09/2026 06:24;;Datalogger enviado para agente NAT - CSM CARGO pelo serviço de integração do ESL.;ACIONAR AGENTE/RESPONSÁVEL
566057;A9573;ARES;00019200000014187523;RN;MINISTÉRIO DA SAUDE;03/09/2026 05:37;04/09/2026 17:21;;ENTREGUE;8446;MultiModal;03/09/2026 19:08;03/09/2026 23:53;;04/09/2026 13:06;4;NÃO;FORA DE GRU;AGENTE;AGENTE - PATRICK KAUE RIBEIRO SOARES;TRANSPORTE;EM ROTA -TERCEIROS;PENDENTE RECEBIMENTO;TRANSPORTE · EM ROTA -TERCEIROS · PENDENTE RECEBIMENTO;A9573;03/09/2026 06:24;;Datalogger enviado para agente NAT - CSM CARGO pelo serviço de integração do ESL.;ACIONAR AGENTE/RESPONSÁVEL
566057;TA0196;ARES;00019200000014187531;RN;MINISTÉRIO DA SAUDE;03/09/2026 05:37;04/09/2026 17:21;;ENTREGUE;8446;MultiModal;03/09/2026 19:08;03/09/2026 23:53;;04/09/2026 13:06;4;NÃO;FORA DE GRU;AGENTE;AGENTE - RAIANA ASSIS DOS SANTOS;TRANSPORTE;EM ROTA -TERCEIROS;PENDENTE RECEBIMENTO;TRANSPORTE · EM ROTA -TERCEIROS · PENDENTE RECEBIMENTO;TA0196;03/09/2026 06:24;;Datalogger enviado para agente NAT - CSM CARGO pelo serviço de integração do ESL.;ACIONAR AGENTE/RESPONSÁVEL
566057;A2816;ARES;00019200000014187540;RN;MINISTÉRIO DA SAUDE;03/09/2026 05:37;04/09/2026 17:21;;ENTREGUE;8446;MultiModal;03/09/2026 19:08;03/09/2026 23:53;;04/09/2026 13:06;4;NÃO;FORA DE GRU;AGENTE;AGENTE - KESIA SARAI ARAUJO SILVA;TRANSPORTE;EM ROTA -TERCEIROS;PENDENTE RECEBIMENTO;TRANSPORTE · EM ROTA -TERCEIROS · PENDENTE RECEBIMENTO;A2816;03/09/2026 06:24;;Datalogger enviado para agente NAT - CSM CARGO pelo serviço de integração do ESL.;ACIONAR AGENTE/RESPONSÁVEL
566057;A3891;ARES;00019200000014187558;RN;MINISTÉRIO DA SAUDE;03/09/2026 05:37;04/09/2026 17:21;;ENTREGUE;8446;MultiModal;03/09/2026 19:08;03/09/2026 23:53;;04/09/2026 13:06;4;NÃO;FORA DE GRU;AGENTE;AGENTE - KESIA SARAI ARAUJO SILVA;TRANSPORTE;EM ROTA -TERCEIROS;PENDENTE RECEBIMENTO;TRANSPORTE · EM ROTA -TERCEIROS · PENDENTE RECEBIMENTO;A3891;03/09/2026 06:24;;Datalogger enviado para agente NAT - CSM CARGO pelo serviço de integração do ESL.;ACIONAR AGENTE/RESPONSÁVEL
566057;TA0387;ARES;00019200000014187566;RN;MINISTÉRIO DA SAUDE;03/09/2026 05:37;04/09/2026 17:21;;ENTREGUE;8446;MultiModal;03/09/2026 19:08;03/09/2026 23:53;;04/09/2026 13:06;4;NÃO;FORA DE GRU;AGENTE;AGENTE - JOSE AIRTON LOURENCO DE OLIVEIRA JUNIOR;TRANSPORTE;EM ROTA -TERCEIROS;PENDENTE RECEBIMENTO;TRANSPORTE · EM ROTA -TERCEIROS · PENDENTE RECEBIMENTO;TA0387;03/09/2026 06:24;;Datalogger enviado para agente NAT - CSM CARGO pelo serviço de integração do ESL.;ACIONAR AGENTE/RESPONSÁVEL
566057;A9085;ARES;00019200000014187574;RN;MINISTÉRIO DA SAUDE;03/09/2026 05:37;04/09/2026 17:21;;ENTREGUE;8446;MultiModal;03/09/2026 19:08;03/09/2026 23:53;;04/09/2026 13:06;4;NÃO;FORA DE GRU;AGENTE;AGENTE - DENNIS MAYKO KRAUSPENHAR;TRANSPORTE;EM ROTA -TERCEIROS;PENDENTE RECEBIMENTO;TRANSPORTE · EM ROTA -TERCEIROS · PENDENTE RECEBIMENTO;A9085;03/09/2026 06:24;;Datalogger enviado para agente NAT - CSM CARGO pelo serviço de integração do ESL.;ACIONAR AGENTE/RESPONSÁVEL
566057;A9076;ARES;00019200000014187582;RN;MINISTÉRIO DA SAUDE;03/09/2026 05:37;04/09/2026 17:21;;ENTREGUE;8446;MultiModal;03/09/2026 19:08;03/09/2026 23:53;;04/09/2026 13:06;4;NÃO;FORA DE GRU;AGENTE;AGENTE - KESIA SARAI ARAUJO SILVA;TRANSPORTE;EM ROTA -TERCEIROS;PENDENTE RECEBIMENTO;TRANSPORTE · EM ROTA -TERCEIROS · PENDENTE RECEBIMENTO;A9076;03/09/2026 06:24;;Datalogger enviado para agente NAT - CSM CARGO pelo serviço de integração do ESL.;ACIONAR AGENTE/RESPONSÁVEL
566057;A4972;ARES;00019200000014187590;RN;MINISTÉRIO DA SAUDE;03/09/2026 05:37;04/09/2026 17:21;;ENTREGUE;8446;MultiModal;03/09/2026 19:08;03/09/2026 23:53;;04/09/2026 13:54;4;NÃO;FORA DE GRU;AGENTE;SYS - Usuário sistema;TRANSPORTE;EM ROTA -TERCEIROS;PENDENTE RECEBIMENTO;TRANSPORTE · EM ROTA -TERCEIROS · PENDENTE RECEBIMENTO;A4972;03/09/2026 06:24;;Datalogger enviado para agente NAT - CSM CARGO pelo serviço de integração do ESL.;ACIONAR AGENTE/RESPONSÁVEL
566057;TA0568;ARES;00019200000014187604;RN;MINISTÉRIO DA SAUDE;03/09/2026 05:37;04/09/2026 17:21;;ENTREGUE;8446;MultiModal;03/09/2026 19:08;03/09/2026 23:53;;04/09/2026 13:06;4;NÃO;FORA DE GRU;AGENTE;AGENTE - THAIS OLIVEIRA GATINHO;TRANSPORTE;EM ROTA -TERCEIROS;PENDENTE RECEBIMENTO;TRANSPORTE · EM ROTA -TERCEIROS · PENDENTE RECEBIMENTO;TA0568;03/09/2026 06:24;;Datalogger enviado para agente NAT - CSM CARGO pelo serviço de integração do ESL.;ACIONAR AGENTE/RESPONSÁVEL
566057;A8070;ARES;00019200000014187620;RN;MINISTÉRIO DA SAUDE;03/09/2026 05:37;04/09/2026 17:21;;ENTREGUE;8446;MultiModal;03/09/2026 19:08;03/09/2026 23:53;;04/09/2026 13:06;4;NÃO;FORA DE GRU;AGENTE;AGENTE - KESIA SARAI ARAUJO SILVA;TRANSPORTE;EM ROTA -TERCEIROS;PENDENTE RECEBIMENTO;TRANSPORTE · EM ROTA -TERCEIROS · PENDENTE RECEBIMENTO;A8070;03/09/2026 06:24;;Datalogger enviado para agente NAT - CSM CARGO pelo serviço de integração do ESL.;ACIONAR AGENTE/RESPONSÁVEL
566057;A2468;ARES;00019200000014187639;RN;MINISTÉRIO DA SAUDE;03/09/2026 05:37;04/09/2026 17:21;;ENTREGUE;8446;MultiModal;03/09/2026 19:08;03/09/2026 23:53;;04/09/2026 13:07;4;NÃO;FORA DE GRU;AGENTE;AGENTE - KESIA SARAI ARAUJO SILVA;TRANSPORTE;EM ROTA -TERCEIROS;PENDENTE RECEBIMENTO;TRANSPORTE · EM ROTA -TERCEIROS · PENDENTE RECEBIMENTO;A2468;03/09/2026 06:24;;Datalogger enviado para agente NAT - CSM CARGO pelo serviço de integração do ESL.;ACIONAR AGENTE/RESPONSÁVEL
566057;A6113;ARES;00019200000014187647;RN;MINISTÉRIO DA SAUDE;03/09/2026 05:37;04/09/2026 17:21;;ENTREGUE;8446;MultiModal;03/09/2026 19:08;03/09/2026 23:53;;04/09/2026 13:54;4;NÃO;FORA DE GRU;AGENTE;AGENTE - KESIA SARAI ARAUJO SILVA;TRANSPORTE;EM ROTA -TERCEIROS;PENDENTE RECEBIMENTO;TRANSPORTE · EM ROTA -TERCEIROS · PENDENTE RECEBIMENTO;A6113;03/09/2026 06:24;;Datalogger enviado para agente NAT - CSM CARGO pelo serviço de integração do ESL.;ACIONAR AGENTE/RESPONSÁVEL
566057;A6696;ARES;00019200000014187655;RN;MINISTÉRIO DA SAUDE;03/09/2026 05:37;04/09/2026 17:21;;ENTREGUE;8446;MultiModal;03/09/2026 19:08;03/09/2026 23:53;;04/09/2026 13:06;4;NÃO;FORA DE GRU;AGENTE;AGENTE - KESIA SARAI ARAUJO SILVA;TRANSPORTE;EM ROTA -TERCEIROS;PENDENTE RECEBIMENTO;TRANSPORTE · EM ROTA -TERCEIROS · PENDENTE RECEBIMENTO;A6696;03/09/2026 06:24;;Datalogger enviado para agente NAT - CSM CARGO pelo serviço de integração do ESL.;ACIONAR AGENTE/RESPONSÁVEL
566057;A9710;ARES;00019200000014187663;RN;MINISTÉRIO DA SAUDE;03/09/2026 05:37;04/09/2026 17:21;;ENTREGUE;8446;MultiModal;03/09/2026 19:08;03/09/2026 23:53;;04/09/2026 13:06;4;NÃO;FORA DE GRU;AGENTE;AGENTE - KESIA SARAI ARAUJO SILVA;TRANSPORTE;EM ROTA -TERCEIROS;PENDENTE RECEBIMENTO;TRANSPORTE · EM ROTA -TERCEIROS · PENDENTE RECEBIMENTO;A9710;03/09/2026 06:24;;Datalogger enviado para agente NAT - CSM CARGO pelo serviço de integração do ESL.;ACIONAR AGENTE/RESPONSÁVEL
566057;A2534;ARES;00019200000014187671;RN;MINISTÉRIO DA SAUDE;03/09/2026 05:37;04/09/2026 17:21;;ENTREGUE;8446;MultiModal;03/09/2026 19:08;03/09/2026 23:53;;04/09/2026 13:06;4;NÃO;FORA DE GRU;AGENTE;AGENTE - KESIA SARAI ARAUJO SILVA;TRANSPORTE;EM ROTA -TERCEIROS;PENDENTE RECEBIMENTO;TRANSPORTE · EM ROTA -TERCEIROS · PENDENTE RECEBIMENTO;A2534;03/09/2026 06:24;;Datalogger enviado para agente NAT - CSM CARGO pelo serviço de integração do ESL.;ACIONAR AGENTE/RESPONSÁVEL
567136;A8052;ARES;00019200000014195011;TO;MINISTÉRIO DA SAUDE;02/09/2026 23:30;04/09/2026 16:49;;ENTREGUE;8424;MultiModal;03/09/2026 15:40;03/09/2026 18:59;;04/09/2026 10:42;4;NÃO;FORA DE GRU;AGENTE;AGENTE - DANILO MESAQUE DOS SANTOS TEIXEIRA;TRANSPORTE;EM ROTA -TERCEIROS;PENDENTE RECEBIMENTO;TRANSPORTE · EM ROTA -TERCEIROS · PENDENTE RECEBIMENTO;A8052;03/09/2026 11:31;;Datalogger enviado para agente MK BILLIG TRANSPORTE DE CARGAS E LOGISTICA LTDA pelo serviço de integração do ESL.;ACIONAR AGENTE/RESPONSÁVEL
566012;A2437;ARES;00019200000014195038;BA;MINISTÉRIO DA SAUDE;03/09/2026 05:36;04/09/2026 16:00;;ENTREGUE;8443;MultiModal;04/09/2026 00:30;04/09/2026 03:19;;04/09/2026 15:06;4;NÃO;FORA DE GRU;AGENTE;AGENTE - RAIANA ASSIS DOS SANTOS;TRANSPORTE;EM ROTA -TERCEIROS;RECEBIDO;TRANSPORTE · EM ROTA -TERCEIROS · RECEBIDO;A2437;05/09/2026 08:15;;Datalogger recebido pelo agente com sucesso.;ACIONAR AGENTE/RESPONSÁVEL
566012;A9517;ARES;00019200000014195046;BA;MINISTÉRIO DA SAUDE;03/09/2026 05:36;04/09/2026 16:00;;ENTREGUE;8443;MultiModal;04/09/2026 00:30;04/09/2026 03:19;;04/09/2026 15:06;4;NÃO;FORA DE GRU;AGENTE;AGENTE - RAIANA ASSIS DOS SANTOS;TRANSPORTE;EM ROTA -TERCEIROS;RECEBIDO;TRANSPORTE · EM ROTA -TERCEIROS · RECEBIDO;A9517;05/09/2026 08:15;;Datalogger recebido pelo agente com sucesso.;ACIONAR AGENTE/RESPONSÁVEL
566012;A8246;ARES;00019200000014195054;BA;MINISTÉRIO DA SAUDE;03/09/2026 05:36;04/09/2026 16:00;;ENTREGUE;8443;MultiModal;04/09/2026 00:30;04/09/2026 03:19;;23/08/2026 19:38;4;NÃO;FORA DE GRU;AGENTE;AGENTE - RAIANA ASSIS DOS SANTOS;TRANSPORTE;EM ROTA -TERCEIROS;RECEBIDO;TRANSPORTE · EM ROTA -TERCEIROS · RECEBIDO;A8246;05/09/2026 08:15;;Datalogger recebido pelo agente com sucesso.;ACIONAR AGENTE/RESPONSÁVEL
566012;A4603;ARES;00019200000014195070;BA;MINISTÉRIO DA SAUDE;03/09/2026 05:36;04/09/2026 16:00;;ENTREGUE;8443;MultiModal;04/09/2026 00:30;04/09/2026 03:19;;04/09/2026 15:06;4;NÃO;FORA DE GRU;AGENTE;AGENTE - RAIANA ASSIS DOS SANTOS;TRANSPORTE;EM ROTA -TERCEIROS;RECEBIDO;TRANSPORTE · EM ROTA -TERCEIROS · RECEBIDO;A4603;05/09/2026 08:15;;Datalogger recebido pelo agente com sucesso.;ACIONAR AGENTE/RESPONSÁVEL
566032;A7201;ARES;00019200000014180391;PI;MINISTÉRIO DA SAUDE;02/09/2026 23:29;04/09/2026 16:00;;ENTREGUE;8427;MultiModal;03/09/2026 04:52;04/09/2026 03:43;;04/09/2026 12:36;4;NÃO;FORA DE GRU;AGENTE;AGENTE - EDINALDO PINTO CASSIMIRO;TRANSPORTE;EM ROTA -TERCEIROS;PENDENTE RECEBIMENTO;TRANSPORTE · EM ROTA -TERCEIROS · PENDENTE RECEBIMENTO;A7201;02/09/2026 23:37;;Datalogger enviado para agente ALYNE B. BATISTA NEIVA pelo serviço de integração do ESL.;ACIONAR AGENTE/RESPONSÁVEL
566032;A4565;ARES;00019200000014180405;PI;MINISTÉRIO DA SAUDE;02/09/2026 23:29;04/09/2026 16:00;;ENTREGUE;8427;MultiModal;03/09/2026 04:52;04/09/2026 03:43;;31/08/2026 17:43;4;NÃO;FORA DE GRU;AGENTE;AGENTE - RAIANA ASSIS DOS SANTOS;TRANSPORTE;EM ROTA -TERCEIROS;PENDENTE RECEBIMENTO;TRANSPORTE · EM ROTA -TERCEIROS · PENDENTE RECEBIMENTO;A4565;02/09/2026 23:37;;Datalogger enviado para agente ALYNE B. BATISTA NEIVA pelo serviço de integração do ESL.;ACIONAR AGENTE/RESPONSÁVEL
566032;A6036;ARES;00019200000014181738;PI;MINISTÉRIO DA SAUDE;02/09/2026 23:29;04/09/2026 16:00;;ENTREGUE;8427;MultiModal;03/09/2026 04:52;04/09/2026 03:43;;04/09/2026 12:34;4;NÃO;FORA DE GRU;AGENTE;AGENTE - MARCOS ROBERTO CAVALLI;TRANSPORTE;EM ROTA -TERCEIROS;PENDENTE RECEBIMENTO;TRANSPORTE · EM ROTA -TERCEIROS · PENDENTE RECEBIMENTO;A6036;02/09/2026 23:37;;Datalogger enviado para agente ALYNE B. BATISTA NEIVA pelo serviço de integração do ESL.;ACIONAR AGENTE/RESPONSÁVEL
566032;A5845;ARES;00019200000014181746;PI;MINISTÉRIO DA SAUDE;02/09/2026 23:29;04/09/2026 16:00;;ENTREGUE;8427;MultiModal;03/09/2026 04:52;04/09/2026 03:43;;04/09/2026 12:34;4;NÃO;FORA DE GRU;AGENTE;AGENTE - PAULO FERNANDO CARVALHO ANDRADES;TRANSPORTE;EM ROTA -TERCEIROS;PENDENTE RECEBIMENTO;TRANSPORTE · EM ROTA -TERCEIROS · PENDENTE RECEBIMENTO;A5845;02/09/2026 23:37;;Datalogger enviado para agente ALYNE B. BATISTA NEIVA pelo serviço de integração do ESL.;ACIONAR AGENTE/RESPONSÁVEL
566054;A1777;ARES;00019200000014183633;PI;MINISTÉRIO DA SAUDE;02/09/2026 23:29;04/09/2026 16:00;;ENTREGUE;8424;MultiModal;03/09/2026 04:52;04/09/2026 03:43;;04/09/2026 11:53;4;NÃO;FORA DE GRU;AGENTE;SYS - Usuário sistema;TRANSPORTE;EM ROTA -TERCEIROS;PENDENTE RECEBIMENTO;TRANSPORTE · EM ROTA -TERCEIROS · PENDENTE RECEBIMENTO;A1777;02/09/2026 23:37;;Datalogger enviado para agente ALYNE B. BATISTA NEIVA pelo serviço de integração do ESL.;ACIONAR AGENTE/RESPONSÁVEL
566054;A8770;ARES;00019200000014183650;PI;MINISTÉRIO DA SAUDE;02/09/2026 23:29;04/09/2026 16:00;;ENTREGUE;8424;MultiModal;03/09/2026 04:52;04/09/2026 03:43;;04/09/2026 12:34;4;NÃO;FORA DE GRU;AGENTE;AGENTE - ROSANA HONORATO DA SILVA;TRANSPORTE;EM ROTA -TERCEIROS;PENDENTE RECEBIMENTO;TRANSPORTE · EM ROTA -TERCEIROS · PENDENTE RECEBIMENTO;A8770;02/09/2026 23:37;;Datalogger enviado para agente ALYNE B. BATISTA NEIVA pelo serviço de integração do ESL.;ACIONAR AGENTE/RESPONSÁVEL
566054;A6646;ARES;00019200000014183668;PI;MINISTÉRIO DA SAUDE;02/09/2026 23:29;04/09/2026 16:00;;ENTREGUE;8424;MultiModal;03/09/2026 04:52;04/09/2026 03:43;;04/09/2026 12:33;4;NÃO;FORA DE GRU;AGENTE;AGENTE - THAIS OLIVEIRA GATINHO;TRANSPORTE;EM ROTA -TERCEIROS;PENDENTE RECEBIMENTO;TRANSPORTE · EM ROTA -TERCEIROS · PENDENTE RECEBIMENTO;A6646;02/09/2026 23:37;;Datalogger enviado para agente ALYNE B. BATISTA NEIVA pelo serviço de integração do ESL.;ACIONAR AGENTE/RESPONSÁVEL
566054;A2192;ARES;00019200000014194260;PI;MINISTÉRIO DA SAUDE;02/09/2026 23:29;04/09/2026 16:00;;ENTREGUE;8424;MultiModal;03/09/2026 04:52;04/09/2026 03:43;;04/09/2026 12:35;4;NÃO;FORA DE GRU;AGENTE;AGENTE - EDINALDO PINTO CASSIMIRO;TRANSPORTE;EM ROTA -TERCEIROS;PENDENTE RECEBIMENTO;TRANSPORTE · EM ROTA -TERCEIROS · PENDENTE RECEBIMENTO;A2192;02/09/2026 23:37;;Datalogger enviado para agente ALYNE B. BATISTA NEIVA pelo serviço de integração do ESL.;ACIONAR AGENTE/RESPONSÁVEL
566054;A4616;ARES;00019200000014194384;PI;MINISTÉRIO DA SAUDE;02/09/2026 23:29;04/09/2026 16:00;;ENTREGUE;8424;MultiModal;03/09/2026 04:52;04/09/2026 03:43;;04/09/2026 12:34;4;NÃO;FORA DE GRU;AGENTE;AGENTE - PAULO FERNANDO CARVALHO ANDRADES;TRANSPORTE;EM ROTA -TERCEIROS;PENDENTE RECEBIMENTO;TRANSPORTE · EM ROTA -TERCEIROS · PENDENTE RECEBIMENTO;A4616;02/09/2026 23:37;;Datalogger enviado para agente ALYNE B. BATISTA NEIVA pelo serviço de integração do ESL.;ACIONAR AGENTE/RESPONSÁVEL
566054;A1971;ARES;00019200000014194392;PI;MINISTÉRIO DA SAUDE;02/09/2026 23:29;04/09/2026 16:00;;ENTREGUE;8424;MultiModal;03/09/2026 04:52;04/09/2026 03:43;;04/09/2026 12:35;4;NÃO;FORA DE GRU;AGENTE;AGENTE - JERSSICA DE FREITAS DE OLIVEIRA;TRANSPORTE;EM ROTA -TERCEIROS;PENDENTE RECEBIMENTO;TRANSPORTE · EM ROTA -TERCEIROS · PENDENTE RECEBIMENTO;A1971;02/09/2026 23:37;;Datalogger enviado para agente ALYNE B. BATISTA NEIVA pelo serviço de integração do ESL.;ACIONAR AGENTE/RESPONSÁVEL
566054;TA0482;ARES;00019200000014194791;PI;MINISTÉRIO DA SAUDE;02/09/2026 23:29;04/09/2026 16:00;;ENTREGUE;8424;MultiModal;03/09/2026 04:52;04/09/2026 03:43;;04/09/2026 11:54;4;NÃO;FORA DE GRU;AGENTE;AGENTE - ROSANA HONORATO DA SILVA;TRANSPORTE;EM ROTA -TERCEIROS;PENDENTE RECEBIMENTO;TRANSPORTE · EM ROTA -TERCEIROS · PENDENTE RECEBIMENTO;TA0482;02/09/2026 23:37;;Datalogger enviado para agente ALYNE B. BATISTA NEIVA pelo serviço de integração do ESL.;ACIONAR AGENTE/RESPONSÁVEL
566054;A6248;ARES;00019200000014194805;PI;MINISTÉRIO DA SAUDE;02/09/2026 23:29;04/09/2026 16:00;;ENTREGUE;8424;MultiModal;03/09/2026 04:52;04/09/2026 03:43;;04/09/2026 12:34;4;NÃO;FORA DE GRU;AGENTE;SYS - Usuário sistema;TRANSPORTE;EM ROTA -TERCEIROS;PENDENTE RECEBIMENTO;TRANSPORTE · EM ROTA -TERCEIROS · PENDENTE RECEBIMENTO;A6248;02/09/2026 23:37;;Datalogger enviado para agente ALYNE B. BATISTA NEIVA pelo serviço de integração do ESL.;ACIONAR AGENTE/RESPONSÁVEL
566054;A4654;ARES;00019200000014194821;PI;MINISTÉRIO DA SAUDE;02/09/2026 23:29;04/09/2026 16:00;;ENTREGUE;8424;MultiModal;03/09/2026 04:52;04/09/2026 03:43;;04/09/2026 12:36;4;NÃO;FORA DE GRU;AGENTE;AGENTE - JOSE AIRTON LOURENCO DE OLIVEIRA JUNIOR;TRANSPORTE;EM ROTA -TERCEIROS;PENDENTE RECEBIMENTO;TRANSPORTE · EM ROTA -TERCEIROS · PENDENTE RECEBIMENTO;A4654;02/09/2026 23:37;;Datalogger enviado para agente ALYNE B. BATISTA NEIVA pelo serviço de integração do ESL.;ACIONAR AGENTE/RESPONSÁVEL
566054;A7261;ARES;00019200000014194830;PI;MINISTÉRIO DA SAUDE;02/09/2026 23:29;04/09/2026 16:00;;ENTREGUE;8424;MultiModal;03/09/2026 04:52;04/09/2026 03:43;;04/09/2026 12:34;4;NÃO;FORA DE GRU;AGENTE;AGENTE - THAIS OLIVEIRA GATINHO;TRANSPORTE;EM ROTA -TERCEIROS;PENDENTE RECEBIMENTO;TRANSPORTE · EM ROTA -TERCEIROS · PENDENTE RECEBIMENTO;A7261;02/09/2026 23:37;;Datalogger enviado para agente ALYNE B. BATISTA NEIVA pelo serviço de integração do ESL.;ACIONAR AGENTE/RESPONSÁVEL
566054;A2933;ARES;00019200000014194848;PI;MINISTÉRIO DA SAUDE;02/09/2026 23:29;04/09/2026 16:00;;ENTREGUE;8424;MultiModal;03/09/2026 04:52;04/09/2026 03:43;;04/09/2026 11:53;4;NÃO;FORA DE GRU;AGENTE;AGENTE - THAIS OLIVEIRA GATINHO;TRANSPORTE;EM ROTA -TERCEIROS;PENDENTE RECEBIMENTO;TRANSPORTE · EM ROTA -TERCEIROS · PENDENTE RECEBIMENTO;A2933;02/09/2026 23:37;;Datalogger enviado para agente ALYNE B. BATISTA NEIVA pelo serviço de integração do ESL.;ACIONAR AGENTE/RESPONSÁVEL
566054;A2564;ARES;00019200000014194856;PI;MINISTÉRIO DA SAUDE;02/09/2026 23:29;04/09/2026 16:00;;ENTREGUE;8424;MultiModal;03/09/2026 04:52;04/09/2026 03:43;;04/09/2026 11:53;4;NÃO;FORA DE GRU;AGENTE;AGENTE - EDINALDO PINTO CASSIMIRO;TRANSPORTE;EM ROTA -TERCEIROS;PENDENTE RECEBIMENTO;TRANSPORTE · EM ROTA -TERCEIROS · PENDENTE RECEBIMENTO;A2564;02/09/2026 23:37;;Datalogger enviado para agente ALYNE B. BATISTA NEIVA pelo serviço de integração do ESL.;ACIONAR AGENTE/RESPONSÁVEL
566054;A4894;ARES;00019200000014194864;PI;MINISTÉRIO DA SAUDE;02/09/2026 23:29;04/09/2026 16:00;;ENTREGUE;8424;MultiModal;03/09/2026 04:52;04/09/2026 03:43;;04/09/2026 11:53;4;NÃO;FORA DE GRU;AGENTE;AGENTE - JOSE AIRTON LOURENCO DE OLIVEIRA JUNIOR;TRANSPORTE;EM ROTA -TERCEIROS;PENDENTE RECEBIMENTO;TRANSPORTE · EM ROTA -TERCEIROS · PENDENTE RECEBIMENTO;A4894;02/09/2026 23:37;;Datalogger enviado para agente ALYNE B. BATISTA NEIVA pelo serviço de integração do ESL.;ACIONAR AGENTE/RESPONSÁVEL
566054;A6768;ARES;00019200000014194872;PI;MINISTÉRIO DA SAUDE;02/09/2026 23:29;04/09/2026 16:00;;ENTREGUE;8424;MultiModal;03/09/2026 04:52;04/09/2026 03:43;;04/09/2026 12:35;4;NÃO;FORA DE GRU;AGENTE;AGENTE - ROSANA HONORATO DA SILVA;TRANSPORTE;EM ROTA -TERCEIROS;PENDENTE RECEBIMENTO;TRANSPORTE · EM ROTA -TERCEIROS · PENDENTE RECEBIMENTO;A6768;02/09/2026 23:37;;Datalogger enviado para agente ALYNE B. BATISTA NEIVA pelo serviço de integração do ESL.;ACIONAR AGENTE/RESPONSÁVEL
566049;A5751;ARES;00019200000014187710;MS;MINISTÉRIO DA SAUDE;03/09/2026 05:38;04/09/2026 15:57;04/09/2026 15:57;RECEBIDO NO CLIENTE;8445;MultiModal;03/09/2026 14:48;04/09/2026 00:58;;04/09/2026 15:01;4;NÃO;FORA DE GRU;AGENTE;AGENTE - ANDREIA CRISTINA BARROS VEIGA;TRANSPORTE;EM ROTA -TERCEIROS;RECEBIDO;TRANSPORTE · EM ROTA -TERCEIROS · RECEBIDO;A5751;04/09/2026 17:43;;Datalogger recebido pelo agente com sucesso.;ACIONAR AGENTE/RESPONSÁVEL
566049;A8820;ARES;00019200000014187850;MS;MINISTÉRIO DA SAUDE;03/09/2026 05:38;04/09/2026 15:57;04/09/2026 15:57;RECEBIDO NO CLIENTE;8445;MultiModal;03/09/2026 14:48;04/09/2026 00:58;;04/09/2026 15:00;4;NÃO;FORA DE GRU;AGENTE;AGENTE - ANDREIA CRISTINA BARROS VEIGA;TRANSPORTE;EM ROTA -TERCEIROS;RECEBIDO;TRANSPORTE · EM ROTA -TERCEIROS · RECEBIDO;A8820;04/09/2026 17:45;;Datalogger recebido pelo agente com sucesso.;ACIONAR AGENTE/RESPONSÁVEL
563186;A6499;ARES;00019200000014196050;BA;MINISTÉRIO DA SAUDE;03/09/2026 05:39;04/09/2026 15:26;04/09/2026 15:26;RECEBIDO NO CLIENTE;8446;MultiModal;07/09/2026 15:22;07/09/2026 19:11;;03/09/2026 03:31;4;NÃO;FORA DE GRU;AGENTE;AGENTE - RAIANA ASSIS DOS SANTOS;TRANSPORTE;EM ROTA -TERCEIROS;PENDENTE RECEBIMENTO;TRANSPORTE · EM ROTA -TERCEIROS · PENDENTE RECEBIMENTO;A6499;03/09/2026 06:18;;Datalogger enviado para agente LUIS CELSO DA SILVEIRA PIMENTEL JUNIOR pelo serviço de integração do ESL.;ACIONAR AGENTE/RESPONSÁVEL
563186;TA0353;ARES;00019200000014196182;BA;MINISTÉRIO DA SAUDE;03/09/2026 05:39;04/09/2026 15:26;04/09/2026 15:26;RECEBIDO NO CLIENTE;8446;MultiModal;07/09/2026 15:22;07/09/2026 19:11;;18/08/2026 20:24;4;NÃO;FORA DE GRU;AGENTE;SYS - Usuário sistema;TRANSPORTE;EM ROTA -TERCEIROS;PENDENTE RECEBIMENTO;TRANSPORTE · EM ROTA -TERCEIROS · PENDENTE RECEBIMENTO;TA0353;03/09/2026 06:18;;Datalogger enviado para agente LUIS CELSO DA SILVEIRA PIMENTEL JUNIOR pelo serviço de integração do ESL.;ACIONAR AGENTE/RESPONSÁVEL
563186;A7234;ARES;00019200000014196239;BA;MINISTÉRIO DA SAUDE;03/09/2026 05:39;04/09/2026 15:26;04/09/2026 15:26;RECEBIDO NO CLIENTE;8446;MultiModal;07/09/2026 15:22;07/09/2026 19:11;;03/09/2026 03:29;4;NÃO;FORA DE GRU;AGENTE;AGENTE - CHARLE BRASIL SILVERIO;TRANSPORTE;EM ROTA -TERCEIROS;PENDENTE RECEBIMENTO;TRANSPORTE · EM ROTA -TERCEIROS · PENDENTE RECEBIMENTO;A7234;03/09/2026 06:18;;Datalogger enviado para agente LUIS CELSO DA SILVEIRA PIMENTEL JUNIOR pelo serviço de integração do ESL.;ACIONAR AGENTE/RESPONSÁVEL
566728;TA0045;ARES;00019200000014186705;AC;MINISTÉRIO DA SAUDE;01/09/2026 22:42;04/09/2026 15:00;;ENTREGUE;8396;MultiModal;02/09/2026 12:39;03/09/2026 01:26;;31/08/2026 18:27;4;NÃO;FORA DE GRU;AGENTE;AGENTE - RAIANA ASSIS DOS SANTOS;TRANSPORTE;EM ROTA -TERCEIROS;PENDENTE RECEBIMENTO;TRANSPORTE · EM ROTA -TERCEIROS · PENDENTE RECEBIMENTO;TA0045;01/09/2026 23:30;;Datalogger enviado para agente W S TRANSPORTES DE CARGAS E LOGISTICA LTDA pelo serviço de integração do ESL.;ACIONAR AGENTE/RESPONSÁVEL
566807;A4582;ARES;00019200000014152282;RO;MINISTÉRIO DA SAUDE;31/08/2026 22:38;04/09/2026 15:00;;ENTREGUE;8364;MultiModal;03/09/2026 21:20;04/09/2026 01:35;;04/08/2026 08:58;4;NÃO;FORA DE GRU;AGENTE;AGENTE - MARCOS JOSE ARAUJO DE ASSIS;TRANSPORTE;EM ROTA -TERCEIROS;PENDENTE RECEBIMENTO;TRANSPORTE · EM ROTA -TERCEIROS · PENDENTE RECEBIMENTO;A4582;31/08/2026 23:19;;Datalogger enviado para agente W S TRANSPORTES DE CARGAS E LOGISTICA LTDA pelo serviço de integração do ESL.;ACIONAR AGENTE/RESPONSÁVEL
566791;A3729;ARES;00019200000014195941;TO;MINISTÉRIO DA SAUDE;03/09/2026 05:33;04/09/2026 14:52;;ENTREGUE;8441;MultiModal;03/09/2026 15:40;03/09/2026 18:59;;04/09/2026 10:42;4;NÃO;FORA DE GRU;AGENTE;AGENTE - MARCOS JOSE ARAUJO DE ASSIS;TRANSPORTE;EM ROTA -TERCEIROS;PENDENTE RECEBIMENTO;TRANSPORTE · EM ROTA -TERCEIROS · PENDENTE RECEBIMENTO;A3729;03/09/2026 06:24;;Datalogger enviado para agente MK BILLIG TRANSPORTE DE CARGAS E LOGISTICA LTDA pelo serviço de integração do ESL.;ACIONAR AGENTE/RESPONSÁVEL
566324;TA0261;ARES;00019200000014194317;TO;MINISTÉRIO DA SAUDE;03/09/2026 05:33;04/09/2026 14:50;;ENTREGUE;8442;MultiModal;03/09/2026 15:40;03/09/2026 18:59;;04/09/2026 10:43;4;NÃO;FORA DE GRU;AGENTE;AGENTE - MARCOS JOSE ARAUJO DE ASSIS;TRANSPORTE;EM ROTA -TERCEIROS;PENDENTE RECEBIMENTO;TRANSPORTE · EM ROTA -TERCEIROS · PENDENTE RECEBIMENTO;TA0261;03/09/2026 06:24;;Datalogger enviado para agente MK BILLIG TRANSPORTE DE CARGAS E LOGISTICA LTDA pelo serviço de integração do ESL.;ACIONAR AGENTE/RESPONSÁVEL
566324;A6644;ARES;00019200000014195020;TO;MINISTÉRIO DA SAUDE;03/09/2026 05:33;04/09/2026 14:50;;ENTREGUE;8442;MultiModal;03/09/2026 15:40;03/09/2026 18:59;;04/09/2026 10:42;4;NÃO;FORA DE GRU;AGENTE;AGENTE - MARCOS JOSE ARAUJO DE ASSIS;TRANSPORTE;EM ROTA -TERCEIROS;PENDENTE RECEBIMENTO;TRANSPORTE · EM ROTA -TERCEIROS · PENDENTE RECEBIMENTO;A6644;03/09/2026 06:24;;Datalogger enviado para agente MK BILLIG TRANSPORTE DE CARGAS E LOGISTICA LTDA pelo serviço de integração do ESL.;ACIONAR AGENTE/RESPONSÁVEL
566324;A8634;ARES;00019200000014195380;TO;MINISTÉRIO DA SAUDE;03/09/2026 05:33;04/09/2026 14:50;;ENTREGUE;8442;MultiModal;03/09/2026 15:40;03/09/2026 18:59;;03/09/2026 02:38;4;NÃO;FORA DE GRU;AGENTE;AGENTE - MARCOS JOSE ARAUJO DE ASSIS;TRANSPORTE;EM ROTA -TERCEIROS;PENDENTE RECEBIMENTO;TRANSPORTE · EM ROTA -TERCEIROS · PENDENTE RECEBIMENTO;A8634;03/09/2026 06:24;;Datalogger enviado para agente MK BILLIG TRANSPORTE DE CARGAS E LOGISTICA LTDA pelo serviço de integração do ESL.;ACIONAR AGENTE/RESPONSÁVEL
566324;A0985;ARES;00019200000014195399;TO;MINISTÉRIO DA SAUDE;03/09/2026 05:33;04/09/2026 14:50;;ENTREGUE;8442;MultiModal;03/09/2026 15:40;03/09/2026 18:59;;04/09/2026 10:42;4;NÃO;FORA DE GRU;AGENTE;AGENTE - MARCOS JOSE ARAUJO DE ASSIS;TRANSPORTE;EM ROTA -TERCEIROS;PENDENTE RECEBIMENTO;TRANSPORTE · EM ROTA -TERCEIROS · PENDENTE RECEBIMENTO;A0985;03/09/2026 06:24;;Datalogger enviado para agente MK BILLIG TRANSPORTE DE CARGAS E LOGISTICA LTDA pelo serviço de integração do ESL.;ACIONAR AGENTE/RESPONSÁVEL
566324;TA0983;ARES;00019200000014195402;TO;MINISTÉRIO DA SAUDE;03/09/2026 05:33;04/09/2026 14:50;;ENTREGUE;8442;MultiModal;03/09/2026 15:40;03/09/2026 18:59;;04/09/2026 10:41;4;NÃO;FORA DE GRU;AGENTE;AGENTE - MARCOS JOSE ARAUJO DE ASSIS;TRANSPORTE;EM ROTA -TERCEIROS;PENDENTE RECEBIMENTO;TRANSPORTE · EM ROTA -TERCEIROS · PENDENTE RECEBIMENTO;TA0983;03/09/2026 06:24;;Datalogger enviado para agente MK BILLIG TRANSPORTE DE CARGAS E LOGISTICA LTDA pelo serviço de integração do ESL.;ACIONAR AGENTE/RESPONSÁVEL
566324;A2697;ARES;00019200000014195550;TO;MINISTÉRIO DA SAUDE;03/09/2026 05:33;04/09/2026 14:50;;ENTREGUE;8442;MultiModal;03/09/2026 15:40;03/09/2026 18:59;;04/09/2026 10:42;4;NÃO;FORA DE GRU;AGENTE;AGENTE - MARCOS JOSE ARAUJO DE ASSIS;TRANSPORTE;EM ROTA -TERCEIROS;PENDENTE RECEBIMENTO;TRANSPORTE · EM ROTA -TERCEIROS · PENDENTE RECEBIMENTO;A2697;03/09/2026 06:24;;Datalogger enviado para agente MK BILLIG TRANSPORTE DE CARGAS E LOGISTICA LTDA pelo serviço de integração do ESL.;ACIONAR AGENTE/RESPONSÁVEL
566324;A2814;ARES;00019200000014195569;TO;MINISTÉRIO DA SAUDE;03/09/2026 05:33;04/09/2026 14:50;;ENTREGUE;8442;MultiModal;03/09/2026 15:40;03/09/2026 18:59;;04/09/2026 10:42;4;NÃO;FORA DE GRU;AGENTE;AGENTE - MARCOS JOSE ARAUJO DE ASSIS;TRANSPORTE;EM ROTA -TERCEIROS;PENDENTE RECEBIMENTO;TRANSPORTE · EM ROTA -TERCEIROS · PENDENTE RECEBIMENTO;A2814;03/09/2026 06:24;;Datalogger enviado para agente MK BILLIG TRANSPORTE DE CARGAS E LOGISTICA LTDA pelo serviço de integração do ESL.;ACIONAR AGENTE/RESPONSÁVEL
566324;A6157;ARES;00019200000014195577;TO;MINISTÉRIO DA SAUDE;03/09/2026 05:33;04/09/2026 14:50;;ENTREGUE;8442;MultiModal;03/09/2026 15:40;03/09/2026 18:59;;04/09/2026 10:41;4;NÃO;FORA DE GRU;AGENTE;AGENTE - MARCOS JOSE ARAUJO DE ASSIS;TRANSPORTE;EM ROTA -TERCEIROS;PENDENTE RECEBIMENTO;TRANSPORTE · EM ROTA -TERCEIROS · PENDENTE RECEBIMENTO;A6157;03/09/2026 06:24;;Datalogger enviado para agente MK BILLIG TRANSPORTE DE CARGAS E LOGISTICA LTDA pelo serviço de integração do ESL.;ACIONAR AGENTE/RESPONSÁVEL
566324;A5987;ARES;00019200000014195593;TO;MINISTÉRIO DA SAUDE;03/09/2026 05:33;04/09/2026 14:50;;ENTREGUE;8442;MultiModal;03/09/2026 15:40;03/09/2026 18:59;;04/09/2026 10:42;4;NÃO;FORA DE GRU;AGENTE;AGENTE - MARCOS JOSE ARAUJO DE ASSIS;TRANSPORTE;EM ROTA -TERCEIROS;PENDENTE RECEBIMENTO;TRANSPORTE · EM ROTA -TERCEIROS · PENDENTE RECEBIMENTO;A5987;03/09/2026 06:24;;Datalogger enviado para agente MK BILLIG TRANSPORTE DE CARGAS E LOGISTICA LTDA pelo serviço de integração do ESL.;ACIONAR AGENTE/RESPONSÁVEL
566324;A8392;ARES;00019200000014195607;TO;MINISTÉRIO DA SAUDE;03/09/2026 05:33;04/09/2026 14:50;;ENTREGUE;8442;MultiModal;03/09/2026 15:40;03/09/2026 18:59;;04/09/2026 10:42;4;NÃO;FORA DE GRU;AGENTE;AGENTE - MARCOS JOSE ARAUJO DE ASSIS;TRANSPORTE;EM ROTA -TERCEIROS;PENDENTE RECEBIMENTO;TRANSPORTE · EM ROTA -TERCEIROS · PENDENTE RECEBIMENTO;A8392;03/09/2026 06:24;;Datalogger enviado para agente MK BILLIG TRANSPORTE DE CARGAS E LOGISTICA LTDA pelo serviço de integração do ESL.;ACIONAR AGENTE/RESPONSÁVEL
566324;A2815;ARES;00019200000014195615;TO;MINISTÉRIO DA SAUDE;03/09/2026 05:33;04/09/2026 14:50;;ENTREGUE;8442;MultiModal;03/09/2026 15:40;03/09/2026 18:59;;04/09/2026 10:42;4;NÃO;FORA DE GRU;AGENTE;AGENTE - MARCOS JOSE ARAUJO DE ASSIS;TRANSPORTE;EM ROTA -TERCEIROS;PENDENTE RECEBIMENTO;TRANSPORTE · EM ROTA -TERCEIROS · PENDENTE RECEBIMENTO;A2815;03/09/2026 06:24;;Datalogger enviado para agente MK BILLIG TRANSPORTE DE CARGAS E LOGISTICA LTDA pelo serviço de integração do ESL.;ACIONAR AGENTE/RESPONSÁVEL
566324;TA0533;ARES;00019200000014195623;TO;MINISTÉRIO DA SAUDE;03/09/2026 05:33;04/09/2026 14:50;;ENTREGUE;8442;MultiModal;03/09/2026 15:40;03/09/2026 18:59;;03/09/2026 02:38;4;NÃO;FORA DE GRU;AGENTE;AGENTE - MARCOS JOSE ARAUJO DE ASSIS;TRANSPORTE;EM ROTA -TERCEIROS;PENDENTE RECEBIMENTO;TRANSPORTE · EM ROTA -TERCEIROS · PENDENTE RECEBIMENTO;TA0533;03/09/2026 06:24;;Datalogger enviado para agente MK BILLIG TRANSPORTE DE CARGAS E LOGISTICA LTDA pelo serviço de integração do ESL.;ACIONAR AGENTE/RESPONSÁVEL
567151;A7276;ARES;00019200000014195585;MG;MINISTÉRIO DA SAUDE;02/09/2026 23:36;04/09/2026 14:50;;ENTREGUE;8424;MultiModal;03/09/2026 12:47;03/09/2026 14:35;;04/09/2026 14:30;4;NÃO;FORA DE GRU;AGENTE;AGENTE - THAIS OLIVEIRA GATINHO;TRANSPORTE;EM ROTA -TERCEIROS;PENDENTE RECEBIMENTO;TRANSPORTE · EM ROTA -TERCEIROS · PENDENTE RECEBIMENTO;A7276;08/09/2026 16:14;;Datalogger enviado para agente UDI ENTREGAS URGENTES LTDA pelo serviço de integração do ESL.;ACIONAR AGENTE/RESPONSÁVEL
566040;A5262;ARES;00019200000014180448;AL;MINISTÉRIO DA SAUDE;03/09/2026 05:39;04/09/2026 13:02;;ENTREGUE;8443;MultiModal;04/09/2026 00:01;04/09/2026 03:07;;04/09/2026 11:58;4;SIM;EM GRU;ESTOQUE - GRU;VTC - ANA PAULA OLIVEIRA DA SILVA;EM ESTOQUE;SALDO DE ESTOQUE;RECEBIDO;EM ESTOQUE · SALDO DE ESTOQUE · RECEBIDO;A5262;07/09/2026 14:30;;Datalogger restaurado para o estoque manualmente pelo usuário.;SINCRONIZAR EM GRU
566040;A9197;ARES;00019200000014180456;AL;MINISTÉRIO DA SAUDE;03/09/2026 05:39;04/09/2026 13:02;;ENTREGUE;8443;MultiModal;04/09/2026 00:01;04/09/2026 03:07;;24/08/2026 10:22;4;SIM;EM GRU;ESTOQUE - GRU;VTC - ANA PAULA OLIVEIRA DA SILVA;EM ESTOQUE;SALDO DE ESTOQUE;RECEBIDO;EM ESTOQUE · SALDO DE ESTOQUE · RECEBIDO;A9197;07/09/2026 14:32;;Datalogger restaurado para o estoque manualmente pelo usuário.;SINCRONIZAR EM GRU
566025;A3552;ARES;00019200000014181789;RO;MINISTÉRIO DA SAUDE;01/09/2026 22:42;04/09/2026 12:30;;ENTREGUE;8396;MultiModal;03/09/2026 21:20;04/09/2026 01:35;;31/08/2026 17:43;4;NÃO;FORA DE GRU;AGENTE;AGENTE - LEILA NAZARE LIMA DE OLIVEIRA;TRANSPORTE;EM ROTA -TERCEIROS;PENDENTE RECEBIMENTO;TRANSPORTE · EM ROTA -TERCEIROS · PENDENTE RECEBIMENTO;A3552;01/09/2026 23:43;;Datalogger enviado para agente W S TRANSPORTES DE CARGAS E LOGISTICA LTDA pelo serviço de integração do ESL.;ACIONAR AGENTE/RESPONSÁVEL
565273;A5661;ARES;00019200000014183374;ES;MINISTÉRIO DA SAUDE;03/09/2026 03:41;04/09/2026 12:26;04/09/2026 12:26;RECEBIDO NO CLIENTE;8439;MultiModal;04/09/2026 00:14;04/09/2026 02:53;;02/09/2026 20:59;4;NÃO;RETORNANDO PARA GRU (NÃO RECEBIDO);RETORNANDO - GRU;VTC - VIVIAN SOARES PINTO SILVA;EM ESTOQUE;SALDO DE ESTOQUE;PENDENTE RECEBIMENTO;EM ESTOQUE · SALDO DE ESTOQUE · PENDENTE RECEBIMENTO;A5661;04/09/2026 15:46;;Datalogger enviado para agente SOULOG SOLUCOES EM TRANSPORTES E SERVICOS LTDA pelo serviço de integração do ESL.;ACOMPANHAR RECEBIMENTO EM GRU
565273;A9278;ARES;00019200000014188139;ES;MINISTÉRIO DA SAUDE;03/09/2026 03:41;04/09/2026 12:26;04/09/2026 12:26;RECEBIDO NO CLIENTE;8439;MultiModal;04/09/2026 00:14;04/09/2026 02:53;;02/09/2026 21:00;4;NÃO;RETORNANDO PARA GRU (NÃO RECEBIDO);RETORNANDO - GRU;VTC - VIVIAN SOARES PINTO SILVA;EM ESTOQUE;SALDO DE ESTOQUE;PENDENTE RECEBIMENTO;EM ESTOQUE · SALDO DE ESTOQUE · PENDENTE RECEBIMENTO;A9278;04/09/2026 15:47;;Datalogger enviado para agente SOULOG SOLUCOES EM TRANSPORTES E SERVICOS LTDA pelo serviço de integração do ESL.;ACOMPANHAR RECEBIMENTO EM GRU
566417;A7037;ARES;00019200000014146843;BA;MINISTÉRIO DA SAUDE;02/09/2026 00:41;04/09/2026 12:13;04/09/2026 12:13;RECEBIDO NO CLIENTE;8399;MultiModal;03/09/2026 15:55;03/09/2026 18:41;;01/09/2026 09:30;4;NÃO;FORA DE GRU;AGENTE;AGENTE - THAIS OLIVEIRA GATINHO;TRANSPORTE;EM ROTA -TERCEIROS;PENDENTE RECEBIMENTO;TRANSPORTE · EM ROTA -TERCEIROS · PENDENTE RECEBIMENTO;A7037;02/09/2026 04:23;;Datalogger enviado para agente LUIS CELSO DA SILVEIRA PIMENTEL JUNIOR pelo serviço de integração do ESL.;ACIONAR AGENTE/RESPONSÁVEL
566417;A4021;ARES;00019200000014146851;BA;MINISTÉRIO DA SAUDE;02/09/2026 00:41;04/09/2026 12:13;04/09/2026 12:13;RECEBIDO NO CLIENTE;8399;MultiModal;03/09/2026 15:55;03/09/2026 18:41;;04/09/2026 09:07;4;NÃO;FORA DE GRU;AGENTE;AGENTE - NAYANA BATISTA DA SILVA;TRANSPORTE;EM ROTA -TERCEIROS;PENDENTE RECEBIMENTO;TRANSPORTE · EM ROTA -TERCEIROS · PENDENTE RECEBIMENTO;A4021;02/09/2026 04:23;;Datalogger enviado para agente LUIS CELSO DA SILVEIRA PIMENTEL JUNIOR pelo serviço de integração do ESL.;ACIONAR AGENTE/RESPONSÁVEL
566417;A3342;ARES;00019200000014146860;BA;MINISTÉRIO DA SAUDE;02/09/2026 00:41;04/09/2026 12:13;04/09/2026 12:13;RECEBIDO NO CLIENTE;8399;MultiModal;03/09/2026 15:55;03/09/2026 18:41;;04/09/2026 09:08;4;NÃO;FORA DE GRU;AGENTE;AGENTE - THAIS OLIVEIRA GATINHO;TRANSPORTE;EM ROTA -TERCEIROS;PENDENTE RECEBIMENTO;TRANSPORTE · EM ROTA -TERCEIROS · PENDENTE RECEBIMENTO;A3342;02/09/2026 04:23;;Datalogger enviado para agente LUIS CELSO DA SILVEIRA PIMENTEL JUNIOR pelo serviço de integração do ESL.;ACIONAR AGENTE/RESPONSÁVEL
566417;A9187;ARES;00019200000014146878;BA;MINISTÉRIO DA SAUDE;02/09/2026 00:41;04/09/2026 12:13;04/09/2026 12:13;RECEBIDO NO CLIENTE;8399;MultiModal;03/09/2026 15:55;03/09/2026 18:41;;04/09/2026 09:09;4;NÃO;FORA DE GRU;AGENTE;AGENTE - THAIS OLIVEIRA GATINHO;TRANSPORTE;EM ROTA -TERCEIROS;PENDENTE RECEBIMENTO;TRANSPORTE · EM ROTA -TERCEIROS · PENDENTE RECEBIMENTO;A9187;02/09/2026 04:23;;Datalogger enviado para agente LUIS CELSO DA SILVEIRA PIMENTEL JUNIOR pelo serviço de integração do ESL.;ACIONAR AGENTE/RESPONSÁVEL
566417;TA0326;ARES;00019200000014146886;BA;MINISTÉRIO DA SAUDE;02/09/2026 00:41;04/09/2026 12:13;04/09/2026 12:13;RECEBIDO NO CLIENTE;8399;MultiModal;03/09/2026 15:55;03/09/2026 18:41;;04/09/2026 09:07;4;NÃO;FORA DE GRU;AGENTE;AGENTE - MARCOS JOSE ARAUJO DE ASSIS;TRANSPORTE;EM ROTA -TERCEIROS;PENDENTE RECEBIMENTO;TRANSPORTE · EM ROTA -TERCEIROS · PENDENTE RECEBIMENTO;TA0326;02/09/2026 04:23;;Datalogger enviado para agente LUIS CELSO DA SILVEIRA PIMENTEL JUNIOR pelo serviço de integração do ESL.;ACIONAR AGENTE/RESPONSÁVEL
566417;A3278;ARES;00019200000014146894;BA;MINISTÉRIO DA SAUDE;02/09/2026 00:41;04/09/2026 12:13;04/09/2026 12:13;RECEBIDO NO CLIENTE;8399;MultiModal;03/09/2026 15:55;03/09/2026 18:41;;04/09/2026 09:08;4;NÃO;FORA DE GRU;AGENTE;AGENTE - LEILA NAZARE LIMA DE OLIVEIRA;TRANSPORTE;EM ROTA -TERCEIROS;PENDENTE RECEBIMENTO;TRANSPORTE · EM ROTA -TERCEIROS · PENDENTE RECEBIMENTO;A3278;02/09/2026 04:23;;Datalogger enviado para agente LUIS CELSO DA SILVEIRA PIMENTEL JUNIOR pelo serviço de integração do ESL.;ACIONAR AGENTE/RESPONSÁVEL
566417;A0629;ARES;00019200000014146908;BA;MINISTÉRIO DA SAUDE;02/09/2026 00:41;04/09/2026 12:13;04/09/2026 12:13;RECEBIDO NO CLIENTE;8399;MultiModal;03/09/2026 15:55;03/09/2026 18:41;;04/09/2026 09:07;4;NÃO;FORA DE GRU;AGENTE;AGENTE - HUMBERTO DA SILVA FERREIRA;TRANSPORTE;EM ROTA -TERCEIROS;PENDENTE RECEBIMENTO;TRANSPORTE · EM ROTA -TERCEIROS · PENDENTE RECEBIMENTO;A0629;02/09/2026 04:23;;Datalogger enviado para agente LUIS CELSO DA SILVEIRA PIMENTEL JUNIOR pelo serviço de integração do ESL.;ACIONAR AGENTE/RESPONSÁVEL
566417;A9667;ARES;00019200000014146916;BA;MINISTÉRIO DA SAUDE;02/09/2026 00:41;04/09/2026 12:13;04/09/2026 12:13;RECEBIDO NO CLIENTE;8399;MultiModal;03/09/2026 15:55;03/09/2026 18:41;;04/09/2026 09:08;4;NÃO;FORA DE GRU;AGENTE;AGENTE - THAIS OLIVEIRA GATINHO;TRANSPORTE;EM ROTA -TERCEIROS;PENDENTE RECEBIMENTO;TRANSPORTE · EM ROTA -TERCEIROS · PENDENTE RECEBIMENTO;A9667;02/09/2026 04:23;;Datalogger enviado para agente LUIS CELSO DA SILVEIRA PIMENTEL JUNIOR pelo serviço de integração do ESL.;ACIONAR AGENTE/RESPONSÁVEL
566417;A5586;ARES;00019200000014146924;BA;MINISTÉRIO DA SAUDE;02/09/2026 00:41;04/09/2026 12:13;04/09/2026 12:13;RECEBIDO NO CLIENTE;8399;MultiModal;03/09/2026 15:55;03/09/2026 18:41;;01/09/2026 10:51;4;NÃO;FORA DE GRU;AGENTE;AGENTE - THAIS OLIVEIRA GATINHO;TRANSPORTE;EM ROTA -TERCEIROS;PENDENTE RECEBIMENTO;TRANSPORTE · EM ROTA -TERCEIROS · PENDENTE RECEBIMENTO;A5586;02/09/2026 04:23;;Datalogger enviado para agente LUIS CELSO DA SILVEIRA PIMENTEL JUNIOR pelo serviço de integração do ESL.;ACIONAR AGENTE/RESPONSÁVEL
566417;A4163;ARES;00019200000014146932;BA;MINISTÉRIO DA SAUDE;02/09/2026 00:41;04/09/2026 12:13;04/09/2026 12:13;RECEBIDO NO CLIENTE;8399;MultiModal;03/09/2026 15:55;03/09/2026 18:41;;04/09/2026 09:08;4;NÃO;FORA DE GRU;AGENTE;AGENTE - THAIS OLIVEIRA GATINHO;TRANSPORTE;EM ROTA -TERCEIROS;PENDENTE RECEBIMENTO;TRANSPORTE · EM ROTA -TERCEIROS · PENDENTE RECEBIMENTO;A4163;02/09/2026 04:23;;Datalogger enviado para agente LUIS CELSO DA SILVEIRA PIMENTEL JUNIOR pelo serviço de integração do ESL.;ACIONAR AGENTE/RESPONSÁVEL
566417;A5627;ARES;00019200000014146940;BA;MINISTÉRIO DA SAUDE;02/09/2026 00:41;04/09/2026 12:13;04/09/2026 12:13;RECEBIDO NO CLIENTE;8399;MultiModal;03/09/2026 15:55;03/09/2026 18:41;;04/09/2026 09:07;4;NÃO;FORA DE GRU;AGENTE;AGENTE - THAIS OLIVEIRA GATINHO;TRANSPORTE;EM ROTA -TERCEIROS;PENDENTE RECEBIMENTO;TRANSPORTE · EM ROTA -TERCEIROS · PENDENTE RECEBIMENTO;A5627;02/09/2026 04:23;;Datalogger enviado para agente LUIS CELSO DA SILVEIRA PIMENTEL JUNIOR pelo serviço de integração do ESL.;ACIONAR AGENTE/RESPONSÁVEL
566417;A2910;ARES;00019200000014146959;BA;MINISTÉRIO DA SAUDE;02/09/2026 00:41;04/09/2026 12:13;04/09/2026 12:13;RECEBIDO NO CLIENTE;8399;MultiModal;03/09/2026 15:55;03/09/2026 18:41;;04/09/2026 09:08;4;NÃO;FORA DE GRU;AGENTE;AGENTE - THAIS OLIVEIRA GATINHO;TRANSPORTE;EM ROTA -TERCEIROS;PENDENTE RECEBIMENTO;TRANSPORTE · EM ROTA -TERCEIROS · PENDENTE RECEBIMENTO;A2910;02/09/2026 04:23;;Datalogger enviado para agente LUIS CELSO DA SILVEIRA PIMENTEL JUNIOR pelo serviço de integração do ESL.;ACIONAR AGENTE/RESPONSÁVEL
566417;A5496;ARES;00019200000014146967;BA;MINISTÉRIO DA SAUDE;02/09/2026 00:41;04/09/2026 12:13;04/09/2026 12:13;RECEBIDO NO CLIENTE;8399;MultiModal;03/09/2026 15:55;03/09/2026 18:41;;04/09/2026 09:08;4;NÃO;FORA DE GRU;AGENTE;AGENTE - THAIS OLIVEIRA GATINHO;TRANSPORTE;EM ROTA -TERCEIROS;PENDENTE RECEBIMENTO;TRANSPORTE · EM ROTA -TERCEIROS · PENDENTE RECEBIMENTO;A5496;02/09/2026 04:23;;Datalogger enviado para agente LUIS CELSO DA SILVEIRA PIMENTEL JUNIOR pelo serviço de integração do ESL.;ACIONAR AGENTE/RESPONSÁVEL
566417;A7696;ARES;00019200000014146975;BA;MINISTÉRIO DA SAUDE;02/09/2026 00:41;04/09/2026 12:13;04/09/2026 12:13;RECEBIDO NO CLIENTE;8399;MultiModal;03/09/2026 15:55;03/09/2026 18:41;;04/09/2026 09:09;4;NÃO;FORA DE GRU;AGENTE;AGENTE - THAIS OLIVEIRA GATINHO;TRANSPORTE;EM ROTA -TERCEIROS;PENDENTE RECEBIMENTO;TRANSPORTE · EM ROTA -TERCEIROS · PENDENTE RECEBIMENTO;A7696;02/09/2026 04:23;;Datalogger enviado para agente LUIS CELSO DA SILVEIRA PIMENTEL JUNIOR pelo serviço de integração do ESL.;ACIONAR AGENTE/RESPONSÁVEL
566417;A1583;ARES;00019200000014146991;BA;MINISTÉRIO DA SAUDE;02/09/2026 00:41;04/09/2026 12:13;04/09/2026 12:13;RECEBIDO NO CLIENTE;8399;MultiModal;03/09/2026 15:55;03/09/2026 18:41;;04/09/2026 09:07;4;NÃO;FORA DE GRU;AGENTE;AGENTE - THAIS OLIVEIRA GATINHO;TRANSPORTE;EM ROTA -TERCEIROS;PENDENTE RECEBIMENTO;TRANSPORTE · EM ROTA -TERCEIROS · PENDENTE RECEBIMENTO;A1583;02/09/2026 04:23;;Datalogger enviado para agente LUIS CELSO DA SILVEIRA PIMENTEL JUNIOR pelo serviço de integração do ESL.;ACIONAR AGENTE/RESPONSÁVEL
566417;A9390;ARES;00019200000014147009;BA;MINISTÉRIO DA SAUDE;02/09/2026 00:41;04/09/2026 12:13;04/09/2026 12:13;RECEBIDO NO CLIENTE;8399;MultiModal;03/09/2026 15:55;03/09/2026 18:41;;04/09/2026 09:07;4;NÃO;FORA DE GRU;AGENTE;AGENTE - THAIS OLIVEIRA GATINHO;TRANSPORTE;EM ROTA -TERCEIROS;PENDENTE RECEBIMENTO;TRANSPORTE · EM ROTA -TERCEIROS · PENDENTE RECEBIMENTO;A9390;02/09/2026 04:23;;Datalogger enviado para agente LUIS CELSO DA SILVEIRA PIMENTEL JUNIOR pelo serviço de integração do ESL.;ACIONAR AGENTE/RESPONSÁVEL
566417;A5840;ARES;00019200000014147017;BA;MINISTÉRIO DA SAUDE;02/09/2026 00:41;04/09/2026 12:13;04/09/2026 12:13;RECEBIDO NO CLIENTE;8399;MultiModal;03/09/2026 15:55;03/09/2026 18:41;;04/09/2026 09:07;4;NÃO;FORA DE GRU;AGENTE;AGENTE - PATRICK KAUE RIBEIRO SOARES;TRANSPORTE;EM ROTA -TERCEIROS;PENDENTE RECEBIMENTO;TRANSPORTE · EM ROTA -TERCEIROS · PENDENTE RECEBIMENTO;A5840;02/09/2026 04:23;;Datalogger enviado para agente LUIS CELSO DA SILVEIRA PIMENTEL JUNIOR pelo serviço de integração do ESL.;ACIONAR AGENTE/RESPONSÁVEL
566417;A7006;ARES;00019200000014147025;BA;MINISTÉRIO DA SAUDE;02/09/2026 00:41;04/09/2026 12:13;04/09/2026 12:13;RECEBIDO NO CLIENTE;8399;MultiModal;03/09/2026 15:55;03/09/2026 18:41;;04/09/2026 09:07;4;NÃO;FORA DE GRU;AGENTE;SYS - Usuário sistema;TRANSPORTE;EM ROTA -TERCEIROS;PENDENTE RECEBIMENTO;TRANSPORTE · EM ROTA -TERCEIROS · PENDENTE RECEBIMENTO;A7006;02/09/2026 04:23;;Datalogger enviado para agente LUIS CELSO DA SILVEIRA PIMENTEL JUNIOR pelo serviço de integração do ESL.;ACIONAR AGENTE/RESPONSÁVEL
566417;A6247;ARES;00019200000014147033;BA;MINISTÉRIO DA SAUDE;02/09/2026 00:41;04/09/2026 12:13;04/09/2026 12:13;RECEBIDO NO CLIENTE;8399;MultiModal;03/09/2026 15:55;03/09/2026 18:41;;04/09/2026 09:08;4;NÃO;FORA DE GRU;AGENTE;AGENTE - THAIS OLIVEIRA GATINHO;TRANSPORTE;EM ROTA -TERCEIROS;PENDENTE RECEBIMENTO;TRANSPORTE · EM ROTA -TERCEIROS · PENDENTE RECEBIMENTO;A6247;02/09/2026 04:23;;Datalogger enviado para agente LUIS CELSO DA SILVEIRA PIMENTEL JUNIOR pelo serviço de integração do ESL.;ACIONAR AGENTE/RESPONSÁVEL
566417;A5392;ARES;00019200000014147041;BA;MINISTÉRIO DA SAUDE;02/09/2026 00:41;04/09/2026 12:13;04/09/2026 12:13;RECEBIDO NO CLIENTE;8399;MultiModal;03/09/2026 15:55;03/09/2026 18:41;;04/09/2026 09:07;4;NÃO;FORA DE GRU;AGENTE;AGENTE - THAIS OLIVEIRA GATINHO;TRANSPORTE;EM ROTA -TERCEIROS;PENDENTE RECEBIMENTO;TRANSPORTE · EM ROTA -TERCEIROS · PENDENTE RECEBIMENTO;A5392;02/09/2026 04:23;;Datalogger enviado para agente LUIS CELSO DA SILVEIRA PIMENTEL JUNIOR pelo serviço de integração do ESL.;ACIONAR AGENTE/RESPONSÁVEL
566417;A1201;ARES;00019200000014147050;BA;MINISTÉRIO DA SAUDE;02/09/2026 00:41;04/09/2026 12:13;04/09/2026 12:13;RECEBIDO NO CLIENTE;8399;MultiModal;03/09/2026 15:55;03/09/2026 18:41;;01/09/2026 13:25;4;NÃO;FORA DE GRU;AGENTE;AGENTE - THAIS OLIVEIRA GATINHO;TRANSPORTE;EM ROTA -TERCEIROS;PENDENTE RECEBIMENTO;TRANSPORTE · EM ROTA -TERCEIROS · PENDENTE RECEBIMENTO;A1201;02/09/2026 04:23;;Datalogger enviado para agente LUIS CELSO DA SILVEIRA PIMENTEL JUNIOR pelo serviço de integração do ESL.;ACIONAR AGENTE/RESPONSÁVEL
566417;TA0589;ARES;00019200000014147122;BA;MINISTÉRIO DA SAUDE;02/09/2026 00:41;04/09/2026 12:13;04/09/2026 12:13;RECEBIDO NO CLIENTE;8399;MultiModal;03/09/2026 15:55;03/09/2026 18:41;;04/09/2026 09:08;4;NÃO;FORA DE GRU;AGENTE;AGENTE - THAIS OLIVEIRA GATINHO;TRANSPORTE;EM ROTA -TERCEIROS;PENDENTE RECEBIMENTO;TRANSPORTE · EM ROTA -TERCEIROS · PENDENTE RECEBIMENTO;TA0589;02/09/2026 04:23;;Datalogger enviado para agente LUIS CELSO DA SILVEIRA PIMENTEL JUNIOR pelo serviço de integração do ESL.;ACIONAR AGENTE/RESPONSÁVEL
566417;A8891;ARES;00019200000014147130;BA;MINISTÉRIO DA SAUDE;02/09/2026 00:41;04/09/2026 12:13;04/09/2026 12:13;RECEBIDO NO CLIENTE;8399;MultiModal;03/09/2026 15:55;03/09/2026 18:41;;04/09/2026 09:08;4;NÃO;FORA DE GRU;AGENTE;AGENTE - THAIS OLIVEIRA GATINHO;TRANSPORTE;EM ROTA -TERCEIROS;PENDENTE RECEBIMENTO;TRANSPORTE · EM ROTA -TERCEIROS · PENDENTE RECEBIMENTO;A8891;02/09/2026 04:23;;Datalogger enviado para agente LUIS CELSO DA SILVEIRA PIMENTEL JUNIOR pelo serviço de integração do ESL.;ACIONAR AGENTE/RESPONSÁVEL
565259;A6490;ARES;00019200000014179946;BA;MINISTÉRIO DA SAUDE;03/09/2026 17:23;04/09/2026 12:09;;ENTREGUE;8457;MultiModal;07/09/2026 13:16;07/09/2026 22:22;;18/08/2026 20:25;4;NÃO;FORA DE GRU;AGENTE;SYS - Usuário sistema;TRANSPORTE;EM ROTA -TERCEIROS;PENDENTE RECEBIMENTO;TRANSPORTE · EM ROTA -TERCEIROS · PENDENTE RECEBIMENTO;A6490;03/09/2026 17:25;;Datalogger enviado para agente LUIS CELSO DA SILVEIRA PIMENTEL JUNIOR pelo serviço de integração do ESL.;ACIONAR AGENTE/RESPONSÁVEL
565259;A7254;ARES;00019200000014180049;BA;MINISTÉRIO DA SAUDE;03/09/2026 17:23;04/09/2026 12:09;04/09/2026 12:09;RECEBIDO NO CLIENTE;8456;MultiModal;07/09/2026 13:16;07/09/2026 22:22;;18/08/2026 20:24;4;SIM;CÂMARA FRIA (GRU);CÂMARA FRIA;SYS - Usuário sistema;CÂMARA FRIA;MONIT. ÁREA;RECEBIDO;CÂMARA FRIA · MONIT. ÁREA · RECEBIDO;A7254;03/09/2026 16:31;;O Usuario Renata.tomaz removeu o DataLogger A7254 da embalager 00019200000014180049;VALIDAR NA CÂMARA FRIA
565259;A5853;ARES;00019200000014180111;BA;MINISTÉRIO DA SAUDE;03/09/2026 17:23;04/09/2026 12:09;;ENTREGUE;8457;MultiModal;07/09/2026 13:16;07/09/2026 22:22;;12/08/2026 16:42;4;NÃO;FORA DE GRU;AGENTE;AGENTE - RAIANA ASSIS DOS SANTOS;TRANSPORTE;EM ROTA -TERCEIROS;PENDENTE RECEBIMENTO;TRANSPORTE · EM ROTA -TERCEIROS · PENDENTE RECEBIMENTO;A5853;03/09/2026 17:25;;Datalogger enviado para agente LUIS CELSO DA SILVEIRA PIMENTEL JUNIOR pelo serviço de integração do ESL.;ACIONAR AGENTE/RESPONSÁVEL
565259;A9520;ARES;00019200000014182327;BA;MINISTÉRIO DA SAUDE;03/09/2026 17:23;04/09/2026 12:09;;ENTREGUE;8457;MultiModal;07/09/2026 13:16;07/09/2026 22:22;;18/08/2026 20:36;4;NÃO;FORA DE GRU;AGENTE;SYS - Usuário sistema;TRANSPORTE;EM ROTA -TERCEIROS;PENDENTE RECEBIMENTO;TRANSPORTE · EM ROTA -TERCEIROS · PENDENTE RECEBIMENTO;A9520;03/09/2026 17:25;;Datalogger enviado para agente LUIS CELSO DA SILVEIRA PIMENTEL JUNIOR pelo serviço de integração do ESL.;ACIONAR AGENTE/RESPONSÁVEL
565259;A8773;ARES;00019200000014182351;BA;MINISTÉRIO DA SAUDE;03/09/2026 17:23;04/09/2026 12:09;;ENTREGUE;8502;MultiModal;07/09/2026 13:16;07/09/2026 22:22;;04/09/2026 07:28;4;NÃO;FORA DE GRU;AGENTE;AGENTE - ANTONIO WAGNER SANTOS LUCENA;TRANSPORTE;EM ROTA -TERCEIROS;PENDENTE RECEBIMENTO;TRANSPORTE · EM ROTA -TERCEIROS · PENDENTE RECEBIMENTO;A8773;07/09/2026 05:19;;Datalogger enviado para agente LUIS CELSO DA SILVEIRA PIMENTEL JUNIOR pelo serviço de integração do ESL.;ACIONAR AGENTE/RESPONSÁVEL
565208;TA0215;ARES;00019200000014147254;SE;MINISTÉRIO DA SAUDE;02/09/2026 23:36;04/09/2026 11:50;04/09/2026 11:50;RECEBIDO NO CLIENTE;8422;MultiModal;03/09/2026 04:52;03/09/2026 12:17;;04/09/2026 09:22;4;NÃO;FORA DE GRU;AGENTE;AGENTE - GRASIELLE DOS SANTOS VIEIRA;TRANSPORTE;EM ROTA -TERCEIROS;RECEBIDO;TRANSPORTE · EM ROTA -TERCEIROS · RECEBIDO;TA0215;04/09/2026 11:46;;Datalogger recebido pelo agente com sucesso.;ACIONAR AGENTE/RESPONSÁVEL
565208;A7757;ARES;00019200000014187752;SE;MINISTÉRIO DA SAUDE;02/09/2026 23:36;04/09/2026 11:50;04/09/2026 11:50;RECEBIDO NO CLIENTE;8422;MultiModal;03/09/2026 04:52;03/09/2026 12:17;;03/09/2026 13:00;4;NÃO;FORA DE GRU;AGENTE;AGENTE - GRASIELLE DOS SANTOS VIEIRA;TRANSPORTE;EM ROTA -TERCEIROS;RECEBIDO;TRANSPORTE · EM ROTA -TERCEIROS · RECEBIDO;A7757;03/09/2026 15:37;;Datalogger recebido pelo agente com sucesso.;ACIONAR AGENTE/RESPONSÁVEL
565208;A8478;ARES;00019200000014187760;SE;MINISTÉRIO DA SAUDE;02/09/2026 23:36;04/09/2026 11:50;04/09/2026 11:50;RECEBIDO NO CLIENTE;8422;MultiModal;03/09/2026 04:52;03/09/2026 12:17;;03/09/2026 13:00;4;NÃO;FORA DE GRU;AGENTE;AGENTE - GRASIELLE DOS SANTOS VIEIRA;TRANSPORTE;EM ROTA -TERCEIROS;RECEBIDO;TRANSPORTE · EM ROTA -TERCEIROS · RECEBIDO;A8478;03/09/2026 15:35;;Datalogger recebido pelo agente com sucesso.;ACIONAR AGENTE/RESPONSÁVEL
565208;TA0620;ARES;00019200000014187779;SE;MINISTÉRIO DA SAUDE;02/09/2026 23:36;04/09/2026 11:50;04/09/2026 11:50;RECEBIDO NO CLIENTE;8422;MultiModal;03/09/2026 04:52;03/09/2026 12:17;;04/09/2026 09:22;4;NÃO;FORA DE GRU;AGENTE;AGENTE - GRASIELLE DOS SANTOS VIEIRA;TRANSPORTE;EM ROTA -TERCEIROS;RECEBIDO;TRANSPORTE · EM ROTA -TERCEIROS · RECEBIDO;TA0620;04/09/2026 11:44;;Datalogger recebido pelo agente com sucesso.;ACIONAR AGENTE/RESPONSÁVEL
565208;A6321;ARES;00019200000014187787;SE;MINISTÉRIO DA SAUDE;02/09/2026 23:36;04/09/2026 11:50;04/09/2026 11:50;RECEBIDO NO CLIENTE;8422;MultiModal;03/09/2026 04:52;03/09/2026 12:17;;03/09/2026 13:01;4;NÃO;FORA DE GRU;AGENTE;AGENTE - GRASIELLE DOS SANTOS VIEIRA;TRANSPORTE;EM ROTA -TERCEIROS;RECEBIDO;TRANSPORTE · EM ROTA -TERCEIROS · RECEBIDO;A6321;03/09/2026 15:39;;Datalogger recebido pelo agente com sucesso.;ACIONAR AGENTE/RESPONSÁVEL
565208;A9609;ARES;00019200000014187795;SE;MINISTÉRIO DA SAUDE;02/09/2026 23:36;04/09/2026 11:50;04/09/2026 11:50;RECEBIDO NO CLIENTE;8422;MultiModal;03/09/2026 04:52;03/09/2026 12:17;;04/09/2026 09:21;4;NÃO;FORA DE GRU;AGENTE;AGENTE - GRASIELLE DOS SANTOS VIEIRA;TRANSPORTE;EM ROTA -TERCEIROS;RECEBIDO;TRANSPORTE · EM ROTA -TERCEIROS · RECEBIDO;A9609;04/09/2026 11:42;;Datalogger recebido pelo agente com sucesso.;ACIONAR AGENTE/RESPONSÁVEL
565208;TA0158;ARES;00019200000014187809;SE;MINISTÉRIO DA SAUDE;02/09/2026 23:36;04/09/2026 11:50;04/09/2026 11:50;RECEBIDO NO CLIENTE;8422;MultiModal;03/09/2026 04:52;03/09/2026 12:17;;04/09/2026 09:21;4;NÃO;FORA DE GRU;AGENTE;AGENTE - GRASIELLE DOS SANTOS VIEIRA;TRANSPORTE;EM ROTA -TERCEIROS;RECEBIDO;TRANSPORTE · EM ROTA -TERCEIROS · RECEBIDO;TA0158;04/09/2026 11:47;;Datalogger recebido pelo agente com sucesso.;ACIONAR AGENTE/RESPONSÁVEL
565208;A9714;ARES;00019200000014187817;SE;MINISTÉRIO DA SAUDE;02/09/2026 23:36;04/09/2026 11:50;04/09/2026 11:50;RECEBIDO NO CLIENTE;8422;MultiModal;03/09/2026 04:52;03/09/2026 12:17;;04/09/2026 09:22;4;NÃO;FORA DE GRU;AGENTE;AGENTE - GRASIELLE DOS SANTOS VIEIRA;TRANSPORTE;EM ROTA -TERCEIROS;RECEBIDO;TRANSPORTE · EM ROTA -TERCEIROS · RECEBIDO;A9714;04/09/2026 11:42;;Datalogger recebido pelo agente com sucesso.;ACIONAR AGENTE/RESPONSÁVEL
565208;A9676;ARES;00019200000014187825;SE;MINISTÉRIO DA SAUDE;02/09/2026 23:36;04/09/2026 11:50;04/09/2026 11:50;RECEBIDO NO CLIENTE;8422;MultiModal;03/09/2026 04:52;03/09/2026 12:17;;04/09/2026 09:22;4;NÃO;FORA DE GRU;AGENTE;AGENTE - GRASIELLE DOS SANTOS VIEIRA;TRANSPORTE;EM ROTA -TERCEIROS;RECEBIDO;TRANSPORTE · EM ROTA -TERCEIROS · RECEBIDO;A9676;04/09/2026 11:47;;Datalogger recebido pelo agente com sucesso.;ACIONAR AGENTE/RESPONSÁVEL
565208;A9191;ARES;00019200000014187930;SE;MINISTÉRIO DA SAUDE;02/09/2026 23:36;04/09/2026 11:50;04/09/2026 11:50;RECEBIDO NO CLIENTE;8422;MultiModal;03/09/2026 04:52;03/09/2026 12:17;;04/09/2026 09:21;4;NÃO;FORA DE GRU;AGENTE;AGENTE - GRASIELLE DOS SANTOS VIEIRA;TRANSPORTE;EM ROTA -TERCEIROS;RECEBIDO;TRANSPORTE · EM ROTA -TERCEIROS · RECEBIDO;A9191;04/09/2026 11:45;;Datalogger recebido pelo agente com sucesso.;ACIONAR AGENTE/RESPONSÁVEL
565208;A3743;ARES;00019200000014187949;SE;MINISTÉRIO DA SAUDE;02/09/2026 23:36;04/09/2026 11:50;04/09/2026 11:50;RECEBIDO NO CLIENTE;8422;MultiModal;03/09/2026 04:52;03/09/2026 12:17;;03/09/2026 13:00;4;NÃO;FORA DE GRU;AGENTE;AGENTE - GRASIELLE DOS SANTOS VIEIRA;TRANSPORTE;EM ROTA -TERCEIROS;RECEBIDO;TRANSPORTE · EM ROTA -TERCEIROS · RECEBIDO;A3743;03/09/2026 15:37;;Datalogger recebido pelo agente com sucesso.;ACIONAR AGENTE/RESPONSÁVEL
565208;A3222;ARES;00019200000014187957;SE;MINISTÉRIO DA SAUDE;02/09/2026 23:36;04/09/2026 11:50;04/09/2026 11:50;RECEBIDO NO CLIENTE;8422;MultiModal;03/09/2026 04:52;03/09/2026 12:17;;04/09/2026 09:21;4;NÃO;FORA DE GRU;AGENTE;AGENTE - GRASIELLE DOS SANTOS VIEIRA;TRANSPORTE;EM ROTA -TERCEIROS;RECEBIDO;TRANSPORTE · EM ROTA -TERCEIROS · RECEBIDO;A3222;04/09/2026 11:38;;Datalogger recebido pelo agente com sucesso.;ACIONAR AGENTE/RESPONSÁVEL
565208;A6905;ARES;00019200000014187965;SE;MINISTÉRIO DA SAUDE;02/09/2026 23:36;04/09/2026 11:50;04/09/2026 11:50;RECEBIDO NO CLIENTE;8422;MultiModal;03/09/2026 04:52;03/09/2026 12:17;;03/09/2026 13:00;4;NÃO;FORA DE GRU;AGENTE;AGENTE - GRASIELLE DOS SANTOS VIEIRA;TRANSPORTE;EM ROTA -TERCEIROS;RECEBIDO;TRANSPORTE · EM ROTA -TERCEIROS · RECEBIDO;A6905;03/09/2026 15:38;;Datalogger recebido pelo agente com sucesso.;ACIONAR AGENTE/RESPONSÁVEL
565208;A8500;ARES;00019200000014187973;SE;MINISTÉRIO DA SAUDE;02/09/2026 23:36;04/09/2026 11:50;04/09/2026 11:50;RECEBIDO NO CLIENTE;8422;MultiModal;03/09/2026 04:52;03/09/2026 12:17;;04/09/2026 09:21;4;NÃO;FORA DE GRU;AGENTE;AGENTE - GRASIELLE DOS SANTOS VIEIRA;TRANSPORTE;EM ROTA -TERCEIROS;RECEBIDO;TRANSPORTE · EM ROTA -TERCEIROS · RECEBIDO;A8500;04/09/2026 11:45;;Datalogger recebido pelo agente com sucesso.;ACIONAR AGENTE/RESPONSÁVEL
565208;A6343;ARES;00019200000014187990;SE;MINISTÉRIO DA SAUDE;02/09/2026 23:36;04/09/2026 11:50;04/09/2026 11:50;RECEBIDO NO CLIENTE;8422;MultiModal;03/09/2026 04:52;03/09/2026 12:17;;04/09/2026 09:21;4;NÃO;FORA DE GRU;AGENTE;AGENTE - GRASIELLE DOS SANTOS VIEIRA;TRANSPORTE;EM ROTA -TERCEIROS;RECEBIDO;TRANSPORTE · EM ROTA -TERCEIROS · RECEBIDO;A6343;04/09/2026 11:39;;Datalogger recebido pelo agente com sucesso.;ACIONAR AGENTE/RESPONSÁVEL
565208;TA0904;ARES;00019200000014188007;SE;MINISTÉRIO DA SAUDE;02/09/2026 23:36;04/09/2026 11:50;04/09/2026 11:50;RECEBIDO NO CLIENTE;8422;MultiModal;03/09/2026 04:52;03/09/2026 12:17;;04/09/2026 09:21;4;NÃO;FORA DE GRU;AGENTE;AGENTE - GRASIELLE DOS SANTOS VIEIRA;TRANSPORTE;EM ROTA -TERCEIROS;RECEBIDO;TRANSPORTE · EM ROTA -TERCEIROS · RECEBIDO;TA0904;04/09/2026 11:41;;Datalogger recebido pelo agente com sucesso.;ACIONAR AGENTE/RESPONSÁVEL
565208;TA0917;ARES;00019200000014188015;SE;MINISTÉRIO DA SAUDE;02/09/2026 23:36;04/09/2026 11:50;04/09/2026 11:50;RECEBIDO NO CLIENTE;8422;MultiModal;03/09/2026 04:52;03/09/2026 12:17;;03/09/2026 13:01;4;NÃO;FORA DE GRU;AGENTE;AGENTE - GRASIELLE DOS SANTOS VIEIRA;TRANSPORTE;EM ROTA -TERCEIROS;RECEBIDO;TRANSPORTE · EM ROTA -TERCEIROS · RECEBIDO;TA0917;03/09/2026 15:36;;Datalogger recebido pelo agente com sucesso.;ACIONAR AGENTE/RESPONSÁVEL
565208;A2170;ARES;00019200000014188023;SE;MINISTÉRIO DA SAUDE;02/09/2026 23:36;04/09/2026 11:50;04/09/2026 11:50;RECEBIDO NO CLIENTE;8422;MultiModal;03/09/2026 04:52;03/09/2026 12:17;;04/09/2026 09:21;4;NÃO;FORA DE GRU;AGENTE;AGENTE - GRASIELLE DOS SANTOS VIEIRA;TRANSPORTE;EM ROTA -TERCEIROS;RECEBIDO;TRANSPORTE · EM ROTA -TERCEIROS · RECEBIDO;A2170;04/09/2026 11:48;;Datalogger recebido pelo agente com sucesso.;ACIONAR AGENTE/RESPONSÁVEL
565208;A1464;ARES;00019200000014188031;SE;MINISTÉRIO DA SAUDE;02/09/2026 23:36;04/09/2026 11:50;04/09/2026 11:50;RECEBIDO NO CLIENTE;8422;MultiModal;03/09/2026 04:52;03/09/2026 12:17;;03/09/2026 13:00;4;NÃO;FORA DE GRU;AGENTE;AGENTE - GRASIELLE DOS SANTOS VIEIRA;TRANSPORTE;EM ROTA -TERCEIROS;RECEBIDO;TRANSPORTE · EM ROTA -TERCEIROS · RECEBIDO;A1464;03/09/2026 15:38;;Datalogger recebido pelo agente com sucesso.;ACIONAR AGENTE/RESPONSÁVEL
565208;A8301;ARES;00019200000014188040;SE;MINISTÉRIO DA SAUDE;02/09/2026 23:36;04/09/2026 11:50;04/09/2026 11:50;RECEBIDO NO CLIENTE;8422;MultiModal;03/09/2026 04:52;03/09/2026 12:17;;03/09/2026 12:59;4;NÃO;FORA DE GRU;AGENTE;AGENTE - GRASIELLE DOS SANTOS VIEIRA;TRANSPORTE;EM ROTA -TERCEIROS;RECEBIDO;TRANSPORTE · EM ROTA -TERCEIROS · RECEBIDO;A8301;03/09/2026 15:35;;Datalogger recebido pelo agente com sucesso.;ACIONAR AGENTE/RESPONSÁVEL
565208;A8238;ARES;00019200000014188058;SE;MINISTÉRIO DA SAUDE;02/09/2026 23:36;04/09/2026 11:50;04/09/2026 11:50;RECEBIDO NO CLIENTE;8422;MultiModal;03/09/2026 04:52;03/09/2026 12:17;;03/09/2026 12:59;4;NÃO;FORA DE GRU;AGENTE;AGENTE - GRASIELLE DOS SANTOS VIEIRA;TRANSPORTE;EM ROTA -TERCEIROS;RECEBIDO;TRANSPORTE · EM ROTA -TERCEIROS · RECEBIDO;A8238;03/09/2026 15:38;;Datalogger recebido pelo agente com sucesso.;ACIONAR AGENTE/RESPONSÁVEL
565208;A4988;ARES;00019200000014188066;SE;MINISTÉRIO DA SAUDE;02/09/2026 23:36;04/09/2026 11:50;04/09/2026 11:50;RECEBIDO NO CLIENTE;8422;MultiModal;03/09/2026 04:52;03/09/2026 12:17;;03/09/2026 13:01;4;NÃO;FORA DE GRU;AGENTE;AGENTE - GRASIELLE DOS SANTOS VIEIRA;TRANSPORTE;EM ROTA -TERCEIROS;RECEBIDO;TRANSPORTE · EM ROTA -TERCEIROS · RECEBIDO;A4988;03/09/2026 15:36;;Datalogger recebido pelo agente com sucesso.;ACIONAR AGENTE/RESPONSÁVEL
565208;A7692;ARES;00019200000014188074;SE;MINISTÉRIO DA SAUDE;02/09/2026 23:36;04/09/2026 11:50;04/09/2026 11:50;RECEBIDO NO CLIENTE;8422;MultiModal;03/09/2026 04:52;03/09/2026 12:17;;03/09/2026 13:00;4;NÃO;FORA DE GRU;AGENTE;AGENTE - GRASIELLE DOS SANTOS VIEIRA;TRANSPORTE;EM ROTA -TERCEIROS;RECEBIDO;TRANSPORTE · EM ROTA -TERCEIROS · RECEBIDO;A7692;03/09/2026 15:37;;Datalogger recebido pelo agente com sucesso.;ACIONAR AGENTE/RESPONSÁVEL
565208;A4164;ARES;00019200000014188082;SE;MINISTÉRIO DA SAUDE;02/09/2026 23:36;04/09/2026 11:50;04/09/2026 11:50;RECEBIDO NO CLIENTE;8422;MultiModal;03/09/2026 04:52;03/09/2026 12:17;;03/09/2026 13:01;4;NÃO;FORA DE GRU;AGENTE;AGENTE - GRASIELLE DOS SANTOS VIEIRA;TRANSPORTE;EM ROTA -TERCEIROS;RECEBIDO;TRANSPORTE · EM ROTA -TERCEIROS · RECEBIDO;A4164;03/09/2026 15:37;;Datalogger recebido pelo agente com sucesso.;ACIONAR AGENTE/RESPONSÁVEL
565208;A8892;ARES;00019200000014188090;SE;MINISTÉRIO DA SAUDE;02/09/2026 23:36;04/09/2026 11:50;04/09/2026 11:50;RECEBIDO NO CLIENTE;8422;MultiModal;03/09/2026 04:52;03/09/2026 12:17;;03/09/2026 13:00;4;NÃO;FORA DE GRU;AGENTE;AGENTE - GRASIELLE DOS SANTOS VIEIRA;TRANSPORTE;EM ROTA -TERCEIROS;RECEBIDO;TRANSPORTE · EM ROTA -TERCEIROS · RECEBIDO;A8892;03/09/2026 15:36;;Datalogger recebido pelo agente com sucesso.;ACIONAR AGENTE/RESPONSÁVEL
565208;A8520;ARES;00019200000014188104;SE;MINISTÉRIO DA SAUDE;02/09/2026 23:36;04/09/2026 11:50;04/09/2026 11:50;RECEBIDO NO CLIENTE;8422;MultiModal;03/09/2026 04:52;03/09/2026 12:17;;03/09/2026 12:59;4;NÃO;FORA DE GRU;AGENTE;AGENTE - GRASIELLE DOS SANTOS VIEIRA;TRANSPORTE;EM ROTA -TERCEIROS;RECEBIDO;TRANSPORTE · EM ROTA -TERCEIROS · RECEBIDO;A8520;03/09/2026 15:35;;Datalogger recebido pelo agente com sucesso.;ACIONAR AGENTE/RESPONSÁVEL
565208;A9499;ARES;00019200000014188112;SE;MINISTÉRIO DA SAUDE;02/09/2026 23:36;04/09/2026 11:50;04/09/2026 11:50;RECEBIDO NO CLIENTE;8422;MultiModal;03/09/2026 04:52;03/09/2026 12:17;;03/09/2026 13:01;4;NÃO;FORA DE GRU;AGENTE;AGENTE - GRASIELLE DOS SANTOS VIEIRA;TRANSPORTE;EM ROTA -TERCEIROS;RECEBIDO;TRANSPORTE · EM ROTA -TERCEIROS · RECEBIDO;A9499;03/09/2026 15:39;;Datalogger recebido pelo agente com sucesso.;ACIONAR AGENTE/RESPONSÁVEL
565208;A9663;ARES;00019200000014188120;SE;MINISTÉRIO DA SAUDE;02/09/2026 23:36;04/09/2026 11:50;04/09/2026 11:50;RECEBIDO NO CLIENTE;8422;MultiModal;03/09/2026 04:52;03/09/2026 12:17;;03/09/2026 13:00;4;NÃO;FORA DE GRU;AGENTE;AGENTE - GRASIELLE DOS SANTOS VIEIRA;TRANSPORTE;EM ROTA -TERCEIROS;RECEBIDO;TRANSPORTE · EM ROTA -TERCEIROS · RECEBIDO;A9663;03/09/2026 15:39;;Datalogger recebido pelo agente com sucesso.;ACIONAR AGENTE/RESPONSÁVEL
566058;TA0429;ARES;00019200000014186748;RO;MINISTÉRIO DA SAUDE;01/09/2026 22:42;04/09/2026 11:30;;ENTREGUE;8396;MultiModal;03/09/2026 21:20;04/09/2026 01:35;;31/08/2026 18:04;4;NÃO;FORA DE GRU;AGENTE;AGENTE - MARCOS JOSE ARAUJO DE ASSIS;TRANSPORTE;EM ROTA -TERCEIROS;PENDENTE RECEBIMENTO;TRANSPORTE · EM ROTA -TERCEIROS · PENDENTE RECEBIMENTO;TA0429;01/09/2026 23:41;;Datalogger enviado para agente W S TRANSPORTES DE CARGAS E LOGISTICA LTDA pelo serviço de integração do ESL.;ACIONAR AGENTE/RESPONSÁVEL
566058;A2960;ARES;00019200000014186756;RO;MINISTÉRIO DA SAUDE;01/09/2026 22:42;04/09/2026 11:30;;ENTREGUE;8396;MultiModal;03/09/2026 21:20;04/09/2026 01:35;;31/08/2026 18:03;4;NÃO;FORA DE GRU;AGENTE;AGENTE - JOSE AIRTON LOURENCO DE OLIVEIRA JUNIOR;TRANSPORTE;EM ROTA -TERCEIROS;PENDENTE RECEBIMENTO;TRANSPORTE · EM ROTA -TERCEIROS · PENDENTE RECEBIMENTO;A2960;01/09/2026 23:41;;Datalogger enviado para agente W S TRANSPORTES DE CARGAS E LOGISTICA LTDA pelo serviço de integração do ESL.;ACIONAR AGENTE/RESPONSÁVEL
566058;TA0804;ARES;00019200000014186764;RO;MINISTÉRIO DA SAUDE;01/09/2026 22:42;04/09/2026 11:30;;ENTREGUE;8396;MultiModal;03/09/2026 21:20;04/09/2026 01:35;;31/08/2026 18:28;4;NÃO;FORA DE GRU;AGENTE;AGENTE - JOSE AIRTON LOURENCO DE OLIVEIRA JUNIOR;TRANSPORTE;EM ROTA -TERCEIROS;PENDENTE RECEBIMENTO;TRANSPORTE · EM ROTA -TERCEIROS · PENDENTE RECEBIMENTO;TA0804;01/09/2026 23:41;;Datalogger enviado para agente W S TRANSPORTES DE CARGAS E LOGISTICA LTDA pelo serviço de integração do ESL.;ACIONAR AGENTE/RESPONSÁVEL
566058;A8436;ARES;00019200000014186934;RO;MINISTÉRIO DA SAUDE;01/09/2026 22:42;04/09/2026 11:30;;ENTREGUE;8396;MultiModal;03/09/2026 21:20;04/09/2026 01:35;;31/08/2026 14:41;4;NÃO;FORA DE GRU;AGENTE;AGENTE - PAULO FERNANDO CARVALHO ANDRADES;TRANSPORTE;EM ROTA -TERCEIROS;PENDENTE RECEBIMENTO;TRANSPORTE · EM ROTA -TERCEIROS · PENDENTE RECEBIMENTO;A8436;01/09/2026 23:41;;Datalogger enviado para agente W S TRANSPORTES DE CARGAS E LOGISTICA LTDA pelo serviço de integração do ESL.;ACIONAR AGENTE/RESPONSÁVEL
566052;A9203;ARES;00019200000014147246;PB;MINISTÉRIO DA SAUDE;03/09/2026 03:43;04/09/2026 11:20;;ENTREGUE;8437;MultiModal;04/09/2026 00:01;04/09/2026 04:04;;02/09/2026 21:04;4;NÃO;FORA DE GRU;AGENTE;AGENTE - JERSSICA DE FREITAS DE OLIVEIRA;TRANSPORTE;EM ROTA -TERCEIROS;RECEBIDO;TRANSPORTE · EM ROTA -TERCEIROS · RECEBIDO;A9203;08/09/2026 15:45;;Datalogger recebido pelo agente com sucesso.;ACIONAR AGENTE/RESPONSÁVEL
566169;TA0248;ARES;00019200000014148404;AC;MINISTÉRIO DA SAUDE;31/08/2026 23:18;04/09/2026 11:17;;ENTREGUE;8365;MultiModal;02/09/2026 09:04;02/09/2026 12:42;;28/08/2026 16:48;4;NÃO;FORA DE GRU;AGENTE;AGENTE - KESIA SARAI ARAUJO SILVA;TRANSPORTE;EM ROTA -TERCEIROS;PENDENTE RECEBIMENTO;TRANSPORTE · EM ROTA -TERCEIROS · PENDENTE RECEBIMENTO;TA0248;31/08/2026 23:58;;Datalogger enviado para agente W S TRANSPORTES DE CARGAS E LOGISTICA LTDA pelo serviço de integração do ESL.;ACIONAR AGENTE/RESPONSÁVEL
566241;A6185;ARES;00019200000014148447;AC;MINISTÉRIO DA SAUDE;31/08/2026 23:19;04/09/2026 11:17;;ENTREGUE;8367;MultiModal;02/09/2026 09:04;02/09/2026 12:42;;27/08/2026 16:30;4;NÃO;FORA DE GRU;AGENTE;AGENTE - KÊMILLY D SILVA;TRANSPORTE;EM ROTA -TERCEIROS;PENDENTE RECEBIMENTO;TRANSPORTE · EM ROTA -TERCEIROS · PENDENTE RECEBIMENTO;A6185;01/09/2026 00:01;;Datalogger enviado para agente W S TRANSPORTES DE CARGAS E LOGISTICA LTDA pelo serviço de integração do ESL.;ACIONAR AGENTE/RESPONSÁVEL
566241;TA0005;ARES;00019200000014148455;AC;MINISTÉRIO DA SAUDE;31/08/2026 23:19;04/09/2026 11:17;;ENTREGUE;8367;MultiModal;02/09/2026 09:04;02/09/2026 12:42;;27/08/2026 15:16;4;NÃO;FORA DE GRU;AGENTE;AGENTE - ELZANE RODRIGUES RODRIGUES DA SILVA;TRANSPORTE;EM ROTA -TERCEIROS;PENDENTE RECEBIMENTO;TRANSPORTE · EM ROTA -TERCEIROS · PENDENTE RECEBIMENTO;TA0005;01/09/2026 00:01;;Datalogger enviado para agente W S TRANSPORTES DE CARGAS E LOGISTICA LTDA pelo serviço de integração do ESL.;ACIONAR AGENTE/RESPONSÁVEL
566241;TA0201;ARES;00019200000014148463;AC;MINISTÉRIO DA SAUDE;31/08/2026 23:19;04/09/2026 11:17;;ENTREGUE;8367;MultiModal;02/09/2026 09:04;02/09/2026 12:42;;28/08/2026 16:38;4;NÃO;FORA DE GRU;AGENTE;AGENTE - VIVIAN SOARES PINTO SILVA;TRANSPORTE;EM ROTA -TERCEIROS;PENDENTE RECEBIMENTO;TRANSPORTE · EM ROTA -TERCEIROS · PENDENTE RECEBIMENTO;TA0201;01/09/2026 00:01;;Datalogger enviado para agente W S TRANSPORTES DE CARGAS E LOGISTICA LTDA pelo serviço de integração do ESL.;ACIONAR AGENTE/RESPONSÁVEL
565202;TA0834;ARES;00019200000014152967;AC;MINISTÉRIO DA SAUDE;30/08/2026 23:23;04/09/2026 11:00;;ENTREGUE;8351;MultiModal;01/09/2026 09:00;01/09/2026 12:22;;29/08/2026 11:49;4;NÃO;RETORNANDO PARA GRU (NÃO RECEBIDO);RETORNANDO - GRU;VTC - GABRIELLE LIMA VELOSO;EM ESTOQUE;SALDO DE ESTOQUE;PENDENTE RECEBIMENTO;EM ESTOQUE · SALDO DE ESTOQUE · PENDENTE RECEBIMENTO;TA0834;31/08/2026 12:10;;Datalogger encaminhado pelo transporte para recebimento da qualidade.;ACOMPANHAR RECEBIMENTO EM GRU
565202;A7876;ARES;00019200000014152975;AC;MINISTÉRIO DA SAUDE;30/08/2026 23:23;04/09/2026 11:00;;ENTREGUE;8351;MultiModal;01/09/2026 09:00;01/09/2026 12:22;;29/08/2026 11:57;4;NÃO;RETORNANDO PARA GRU (NÃO RECEBIDO);RETORNANDO - GRU;VTC - GABRIELLE LIMA VELOSO;EM ESTOQUE;SALDO DE ESTOQUE;PENDENTE RECEBIMENTO;EM ESTOQUE · SALDO DE ESTOQUE · PENDENTE RECEBIMENTO;A7876;31/08/2026 11:51;;Datalogger encaminhado pelo transporte para recebimento da qualidade.;ACOMPANHAR RECEBIMENTO EM GRU
565202;A9461;ARES;00019200000014152983;AC;MINISTÉRIO DA SAUDE;30/08/2026 23:23;04/09/2026 11:00;;ENTREGUE;8351;MultiModal;01/09/2026 09:00;01/09/2026 12:22;;29/08/2026 11:51;4;NÃO;RETORNANDO PARA GRU (NÃO RECEBIDO);RETORNANDO - GRU;VTC - GABRIELLE LIMA VELOSO;EM ESTOQUE;SALDO DE ESTOQUE;PENDENTE RECEBIMENTO;EM ESTOQUE · SALDO DE ESTOQUE · PENDENTE RECEBIMENTO;A9461;31/08/2026 12:11;;Datalogger encaminhado pelo transporte para recebimento da qualidade.;ACOMPANHAR RECEBIMENTO EM GRU
565202;A8845;ARES;00019200000014152991;AC;MINISTÉRIO DA SAUDE;30/08/2026 23:23;04/09/2026 11:00;;ENTREGUE;8351;MultiModal;01/09/2026 09:00;01/09/2026 12:22;;29/08/2026 12:03;4;NÃO;RETORNANDO PARA GRU (NÃO RECEBIDO);RETORNANDO - GRU;VTC - GABRIELLE LIMA VELOSO;EM ESTOQUE;SALDO DE ESTOQUE;PENDENTE RECEBIMENTO;EM ESTOQUE · SALDO DE ESTOQUE · PENDENTE RECEBIMENTO;A8845;31/08/2026 12:04;;Datalogger encaminhado pelo transporte para recebimento da qualidade.;ACOMPANHAR RECEBIMENTO EM GRU
565202;A4802;ARES;00019200000014153041;AC;MINISTÉRIO DA SAUDE;30/08/2026 23:23;04/09/2026 11:00;;ENTREGUE;8351;MultiModal;01/09/2026 09:00;01/09/2026 12:22;;27/08/2026 16:20;4;NÃO;FORA DE GRU;AGENTE;AGENTE - TATIANE PAZ SANTANA;TRANSPORTE;EM ROTA -TERCEIROS;PENDENTE RECEBIMENTO;TRANSPORTE · EM ROTA -TERCEIROS · PENDENTE RECEBIMENTO;A4802;31/08/2026 00:22;;Datalogger enviado para agente W S TRANSPORTES DE CARGAS E LOGISTICA LTDA pelo serviço de integração do ESL.;ACIONAR AGENTE/RESPONSÁVEL
565202;A8131;ARES;00019200000014153050;AC;MINISTÉRIO DA SAUDE;30/08/2026 23:23;04/09/2026 11:00;;ENTREGUE;8351;MultiModal;01/09/2026 09:00;01/09/2026 12:22;;29/08/2026 12:43;4;NÃO;RETORNANDO PARA GRU (NÃO RECEBIDO);RETORNANDO - GRU;VTC - GABRIELLE LIMA VELOSO;EM ESTOQUE;SALDO DE ESTOQUE;PENDENTE RECEBIMENTO;EM ESTOQUE · SALDO DE ESTOQUE · PENDENTE RECEBIMENTO;A8131;31/08/2026 11:35;;Datalogger encaminhado pelo transporte para recebimento da qualidade.;ACOMPANHAR RECEBIMENTO EM GRU
565202;A9029;ARES;00019200000014153068;AC;MINISTÉRIO DA SAUDE;30/08/2026 23:23;04/09/2026 11:00;;ENTREGUE;8351;MultiModal;01/09/2026 09:00;01/09/2026 12:22;;28/08/2026 08:48;4;NÃO;FORA DE GRU;AGENTE;AGENTE - FERNANDA NATTALY DO NASCIMENTO RODRIGUES;TRANSPORTE;EM ROTA -TERCEIROS;PENDENTE RECEBIMENTO;TRANSPORTE · EM ROTA -TERCEIROS · PENDENTE RECEBIMENTO;A9029;31/08/2026 00:22;;Datalogger enviado para agente W S TRANSPORTES DE CARGAS E LOGISTICA LTDA pelo serviço de integração do ESL.;ACIONAR AGENTE/RESPONSÁVEL
565202;A1410;ARES;00019200000014153076;AC;MINISTÉRIO DA SAUDE;30/08/2026 23:23;04/09/2026 11:00;;ENTREGUE;8351;MultiModal;01/09/2026 09:00;01/09/2026 12:22;;28/08/2026 16:38;4;NÃO;FORA DE GRU;AGENTE;AGENTE - RAIANA ASSIS DOS SANTOS;TRANSPORTE;EM ROTA -TERCEIROS;PENDENTE RECEBIMENTO;TRANSPORTE · EM ROTA -TERCEIROS · PENDENTE RECEBIMENTO;A1410;31/08/2026 00:22;;Datalogger enviado para agente W S TRANSPORTES DE CARGAS E LOGISTICA LTDA pelo serviço de integração do ESL.;ACIONAR AGENTE/RESPONSÁVEL
565202;A3202;ARES;00019200000014153084;AC;MINISTÉRIO DA SAUDE;30/08/2026 23:23;04/09/2026 11:00;;ENTREGUE;8351;MultiModal;01/09/2026 09:00;01/09/2026 12:22;;29/08/2026 11:50;4;NÃO;RETORNANDO PARA GRU (NÃO RECEBIDO);RETORNANDO - GRU;VTC - GABRIELLE LIMA VELOSO;EM ESTOQUE;SALDO DE ESTOQUE;PENDENTE RECEBIMENTO;EM ESTOQUE · SALDO DE ESTOQUE · PENDENTE RECEBIMENTO;A3202;31/08/2026 12:10;;Datalogger encaminhado pelo transporte para recebimento da qualidade.;ACOMPANHAR RECEBIMENTO EM GRU
565202;A8373;ARES;00019200000014153092;AC;MINISTÉRIO DA SAUDE;30/08/2026 23:23;04/09/2026 11:00;;ENTREGUE;8351;MultiModal;01/09/2026 09:00;01/09/2026 12:22;;27/08/2026 10:59;4;NÃO;FORA DE GRU;AGENTE;AGENTE - TATIANE PAZ SANTANA;TRANSPORTE;EM ROTA -TERCEIROS;PENDENTE RECEBIMENTO;TRANSPORTE · EM ROTA -TERCEIROS · PENDENTE RECEBIMENTO;A8373;31/08/2026 00:22;;Datalogger enviado para agente W S TRANSPORTES DE CARGAS E LOGISTICA LTDA pelo serviço de integração do ESL.;ACIONAR AGENTE/RESPONSÁVEL
565551;A3572;ARES;00019200000014151120;AC;MINISTÉRIO DA SAUDE;30/08/2026 23:22;04/09/2026 10:50;;ENTREGUE;8349;MultiModal;01/09/2026 22:25;02/09/2026 01:08;;28/08/2026 08:56;4;NÃO;FORA DE GRU;AGENTE;AGENTE - KESIA SARAI ARAUJO SILVA;TRANSPORTE;EM ROTA -TERCEIROS;PENDENTE RECEBIMENTO;TRANSPORTE · EM ROTA -TERCEIROS · PENDENTE RECEBIMENTO;A3572;31/08/2026 00:24;;Datalogger enviado para agente W S TRANSPORTES DE CARGAS E LOGISTICA LTDA pelo serviço de integração do ESL.;ACIONAR AGENTE/RESPONSÁVEL
565551;TA0095;ARES;00019200000014151146;AC;MINISTÉRIO DA SAUDE;30/08/2026 23:22;04/09/2026 10:50;;ENTREGUE;8349;MultiModal;01/09/2026 22:25;02/09/2026 01:08;;29/08/2026 12:44;4;NÃO;RETORNANDO PARA GRU (NÃO RECEBIDO);RETORNANDO - GRU;VTC - GABRIELLE LIMA VELOSO;EM ESTOQUE;SALDO DE ESTOQUE;PENDENTE RECEBIMENTO;EM ESTOQUE · SALDO DE ESTOQUE · PENDENTE RECEBIMENTO;TA0095;31/08/2026 10:49;;Datalogger encaminhado pelo transporte para recebimento da qualidade.;ACOMPANHAR RECEBIMENTO EM GRU
565664;A9535;ARES;00019200000014150476;AC;MINISTÉRIO DA SAUDE;30/08/2026 23:22;04/09/2026 10:50;;ENTREGUE;8348;MultiModal;01/09/2026 22:25;02/09/2026 01:08;;27/08/2026 09:22;4;NÃO;FORA DE GRU;AGENTE;AGENTE - CHARLE BRASIL SILVERIO;TRANSPORTE;EM ROTA -TERCEIROS;PENDENTE RECEBIMENTO;TRANSPORTE · EM ROTA -TERCEIROS · PENDENTE RECEBIMENTO;A9535;31/08/2026 00:24;;Datalogger enviado para agente W S TRANSPORTES DE CARGAS E LOGISTICA LTDA pelo serviço de integração do ESL.;ACIONAR AGENTE/RESPONSÁVEL
565664;A6202;ARES;00019200000014150484;AC;MINISTÉRIO DA SAUDE;30/08/2026 23:22;04/09/2026 10:50;;ENTREGUE;8348;MultiModal;01/09/2026 22:25;02/09/2026 01:08;;27/08/2026 09:21;4;NÃO;FORA DE GRU;AGENTE;AGENTE - ELZANE RODRIGUES RODRIGUES DA SILVA;TRANSPORTE;EM ROTA -TERCEIROS;PENDENTE RECEBIMENTO;TRANSPORTE · EM ROTA -TERCEIROS · PENDENTE RECEBIMENTO;A6202;31/08/2026 00:24;;Datalogger enviado para agente W S TRANSPORTES DE CARGAS E LOGISTICA LTDA pelo serviço de integração do ESL.;ACIONAR AGENTE/RESPONSÁVEL
565664;A8763;ARES;00019200000014150492;AC;MINISTÉRIO DA SAUDE;30/08/2026 23:22;04/09/2026 10:50;;ENTREGUE;8348;MultiModal;01/09/2026 22:25;02/09/2026 01:08;;27/08/2026 10:56;4;NÃO;FORA DE GRU;AGENTE;AGENTE - TATIANE PAZ SANTANA;TRANSPORTE;EM ROTA -TERCEIROS;PENDENTE RECEBIMENTO;TRANSPORTE · EM ROTA -TERCEIROS · PENDENTE RECEBIMENTO;A8763;31/08/2026 00:24;;Datalogger enviado para agente W S TRANSPORTES DE CARGAS E LOGISTICA LTDA pelo serviço de integração do ESL.;ACIONAR AGENTE/RESPONSÁVEL
565247;TA1135;ARES;00019200000014178605;AP;MINISTÉRIO DA SAUDE;31/08/2026 22:41;04/09/2026 10:32;04/09/2026 10:32;RECEBIDO NO CLIENTE;8364;MultiModal;03/09/2026 23:25;04/09/2026 04:28;;27/08/2026 15:35;4;NÃO;FORA DE GRU;AGENTE;AGENTE - RAIANA ASSIS DOS SANTOS;TRANSPORTE;EM ROTA -TERCEIROS;PENDENTE RECEBIMENTO;TRANSPORTE · EM ROTA -TERCEIROS · PENDENTE RECEBIMENTO;TA1135;31/08/2026 23:13;;Datalogger enviado para agente  A A CARVALHO ROCHA pelo serviço de integração do ESL.;ACIONAR AGENTE/RESPONSÁVEL
566022;TA0440;ARES;00019200000014181762;SE;MINISTÉRIO DA SAUDE;02/09/2026 23:32;04/09/2026 10:00;04/09/2026 10:00;RECEBIDO NO CLIENTE;8427;MultiModal;04/09/2026 00:41;04/09/2026 03:50;;03/09/2026 14:50;4;NÃO;FORA DE GRU;AGENTE;AGENTE - GRASIELLE DOS SANTOS VIEIRA;TRANSPORTE;EM ROTA -TERCEIROS;RECEBIDO;TRANSPORTE · EM ROTA -TERCEIROS · RECEBIDO;TA0440;03/09/2026 15:41;;Datalogger recebido pelo agente com sucesso.;ACIONAR AGENTE/RESPONSÁVEL
566022;A7884;ARES;00019200000014181770;SE;MINISTÉRIO DA SAUDE;02/09/2026 23:32;04/09/2026 10:00;04/09/2026 10:00;RECEBIDO NO CLIENTE;8427;MultiModal;04/09/2026 00:41;04/09/2026 03:50;;03/09/2026 14:50;4;NÃO;FORA DE GRU;AGENTE;AGENTE - GRASIELLE DOS SANTOS VIEIRA;TRANSPORTE;EM ROTA -TERCEIROS;RECEBIDO;TRANSPORTE · EM ROTA -TERCEIROS · RECEBIDO;A7884;03/09/2026 15:44;;Datalogger recebido pelo agente com sucesso.;ACIONAR AGENTE/RESPONSÁVEL
564748;A3754;ARES;00019200000014193116;SE;MINISTÉRIO DA SAUDE;02/09/2026 23:32;04/09/2026 10:00;08/09/2026 11:11;RECEBIDO NO CLIENTE;8426;MultiModal;07/09/2026 16:23;07/09/2026 19:28;;03/09/2026 14:50;4;NÃO;FORA DE GRU;AGENTE;AGENTE - GRASIELLE DOS SANTOS VIEIRA;TRANSPORTE;EM ROTA -TERCEIROS;RECEBIDO;TRANSPORTE · EM ROTA -TERCEIROS · RECEBIDO;A3754;03/09/2026 15:41;;Datalogger recebido pelo agente com sucesso.;ACIONAR AGENTE/RESPONSÁVEL
564748;A6511;ARES;00019200000014193124;SE;MINISTÉRIO DA SAUDE;02/09/2026 23:32;04/09/2026 10:00;08/09/2026 11:11;RECEBIDO NO CLIENTE;8426;MultiModal;07/09/2026 16:23;07/09/2026 19:28;;03/09/2026 14:49;4;NÃO;FORA DE GRU;AGENTE;AGENTE - GRASIELLE DOS SANTOS VIEIRA;TRANSPORTE;EM ROTA -TERCEIROS;RECEBIDO;TRANSPORTE · EM ROTA -TERCEIROS · RECEBIDO;A6511;03/09/2026 15:43;;Datalogger recebido pelo agente com sucesso.;ACIONAR AGENTE/RESPONSÁVEL
564748;A7563;ARES;00019200000014193132;SE;MINISTÉRIO DA SAUDE;02/09/2026 23:32;04/09/2026 10:00;08/09/2026 11:11;RECEBIDO NO CLIENTE;8426;MultiModal;07/09/2026 16:23;07/09/2026 19:28;;03/09/2026 14:49;4;NÃO;FORA DE GRU;AGENTE;AGENTE - GRASIELLE DOS SANTOS VIEIRA;TRANSPORTE;EM ROTA -TERCEIROS;RECEBIDO;TRANSPORTE · EM ROTA -TERCEIROS · RECEBIDO;A7563;03/09/2026 15:43;;Datalogger recebido pelo agente com sucesso.;ACIONAR AGENTE/RESPONSÁVEL
564748;A8980;ARES;00019200000014193140;SE;MINISTÉRIO DA SAUDE;02/09/2026 23:32;04/09/2026 10:00;08/09/2026 11:11;RECEBIDO NO CLIENTE;8426;MultiModal;07/09/2026 16:23;07/09/2026 19:28;;03/09/2026 14:49;4;NÃO;FORA DE GRU;AGENTE;AGENTE - GRASIELLE DOS SANTOS VIEIRA;TRANSPORTE;EM ROTA -TERCEIROS;RECEBIDO;TRANSPORTE · EM ROTA -TERCEIROS · RECEBIDO;A8980;03/09/2026 15:41;;Datalogger recebido pelo agente com sucesso.;ACIONAR AGENTE/RESPONSÁVEL
564748;A3243;ARES;00019200000014193159;SE;MINISTÉRIO DA SAUDE;02/09/2026 23:32;04/09/2026 10:00;08/09/2026 11:11;RECEBIDO NO CLIENTE;8426;MultiModal;07/09/2026 16:23;07/09/2026 19:28;;03/09/2026 14:50;4;NÃO;FORA DE GRU;AGENTE;AGENTE - GRASIELLE DOS SANTOS VIEIRA;TRANSPORTE;EM ROTA -TERCEIROS;RECEBIDO;TRANSPORTE · EM ROTA -TERCEIROS · RECEBIDO;A3243;03/09/2026 15:40;;Datalogger recebido pelo agente com sucesso.;ACIONAR AGENTE/RESPONSÁVEL
564748;TA0030;ARES;00019200000014193167;SE;MINISTÉRIO DA SAUDE;02/09/2026 23:32;04/09/2026 10:00;08/09/2026 11:11;RECEBIDO NO CLIENTE;8426;MultiModal;07/09/2026 16:23;07/09/2026 19:28;;03/09/2026 14:51;4;NÃO;FORA DE GRU;AGENTE;AGENTE - GRASIELLE DOS SANTOS VIEIRA;TRANSPORTE;EM ROTA -TERCEIROS;RECEBIDO;TRANSPORTE · EM ROTA -TERCEIROS · RECEBIDO;TA0030;03/09/2026 15:42;;Datalogger recebido pelo agente com sucesso.;ACIONAR AGENTE/RESPONSÁVEL
564748;A3437;ARES;00019200000014193175;SE;MINISTÉRIO DA SAUDE;02/09/2026 23:32;04/09/2026 10:00;08/09/2026 11:11;RECEBIDO NO CLIENTE;8426;MultiModal;07/09/2026 16:23;07/09/2026 19:28;;03/09/2026 14:50;4;NÃO;FORA DE GRU;AGENTE;AGENTE - GRASIELLE DOS SANTOS VIEIRA;TRANSPORTE;EM ROTA -TERCEIROS;RECEBIDO;TRANSPORTE · EM ROTA -TERCEIROS · RECEBIDO;A3437;03/09/2026 15:42;;Datalogger recebido pelo agente com sucesso.;ACIONAR AGENTE/RESPONSÁVEL
564748;A1807;ARES;00019200000014193183;SE;MINISTÉRIO DA SAUDE;02/09/2026 23:32;04/09/2026 10:00;08/09/2026 11:11;RECEBIDO NO CLIENTE;8426;MultiModal;07/09/2026 16:23;07/09/2026 19:28;;04/09/2026 09:21;4;NÃO;FORA DE GRU;AGENTE;AGENTE - GRASIELLE DOS SANTOS VIEIRA;TRANSPORTE;EM ROTA -TERCEIROS;RECEBIDO;TRANSPORTE · EM ROTA -TERCEIROS · RECEBIDO;A1807;04/09/2026 11:43;;Datalogger recebido pelo agente com sucesso.;ACIONAR AGENTE/RESPONSÁVEL
564748;A4577;ARES;00019200000014193191;SE;MINISTÉRIO DA SAUDE;02/09/2026 23:32;04/09/2026 10:00;08/09/2026 11:11;RECEBIDO NO CLIENTE;8426;MultiModal;07/09/2026 16:23;07/09/2026 19:28;;04/09/2026 09:22;4;NÃO;FORA DE GRU;AGENTE;AGENTE - GRASIELLE DOS SANTOS VIEIRA;TRANSPORTE;EM ROTA -TERCEIROS;RECEBIDO;TRANSPORTE · EM ROTA -TERCEIROS · RECEBIDO;A4577;04/09/2026 11:47;;Datalogger recebido pelo agente com sucesso.;ACIONAR AGENTE/RESPONSÁVEL
564748;A0667;ARES;00019200000014193205;SE;MINISTÉRIO DA SAUDE;02/09/2026 23:32;04/09/2026 10:00;08/09/2026 11:11;RECEBIDO NO CLIENTE;8426;MultiModal;07/09/2026 16:23;07/09/2026 19:28;;03/09/2026 14:50;4;NÃO;FORA DE GRU;AGENTE;AGENTE - GRASIELLE DOS SANTOS VIEIRA;TRANSPORTE;EM ROTA -TERCEIROS;RECEBIDO;TRANSPORTE · EM ROTA -TERCEIROS · RECEBIDO;A0667;03/09/2026 15:41;;Datalogger recebido pelo agente com sucesso.;ACIONAR AGENTE/RESPONSÁVEL
564748;A7279;ARES;00019200000014194295;SE;MINISTÉRIO DA SAUDE;02/09/2026 23:32;04/09/2026 10:00;08/09/2026 11:11;RECEBIDO NO CLIENTE;8426;MultiModal;07/09/2026 16:23;07/09/2026 19:28;;04/09/2026 09:21;4;NÃO;FORA DE GRU;AGENTE;AGENTE - GRASIELLE DOS SANTOS VIEIRA;TRANSPORTE;EM ROTA -TERCEIROS;RECEBIDO;TRANSPORTE · EM ROTA -TERCEIROS · RECEBIDO;A7279;04/09/2026 11:43;;Datalogger recebido pelo agente com sucesso.;ACIONAR AGENTE/RESPONSÁVEL
564748;A4784;ARES;00019200000014194406;SE;MINISTÉRIO DA SAUDE;02/09/2026 23:32;04/09/2026 10:00;08/09/2026 11:11;RECEBIDO NO CLIENTE;8426;MultiModal;07/09/2026 16:23;07/09/2026 19:28;;03/09/2026 14:49;4;NÃO;FORA DE GRU;AGENTE;AGENTE - GRASIELLE DOS SANTOS VIEIRA;TRANSPORTE;EM ROTA -TERCEIROS;RECEBIDO;TRANSPORTE · EM ROTA -TERCEIROS · RECEBIDO;A4784;03/09/2026 15:40;;Datalogger recebido pelo agente com sucesso.;ACIONAR AGENTE/RESPONSÁVEL
564748;A0675;ARES;00019200000014194430;SE;MINISTÉRIO DA SAUDE;02/09/2026 23:32;04/09/2026 10:00;08/09/2026 11:11;RECEBIDO NO CLIENTE;8426;MultiModal;07/09/2026 16:23;07/09/2026 19:28;;03/09/2026 14:50;4;NÃO;FORA DE GRU;AGENTE;AGENTE - GRASIELLE DOS SANTOS VIEIRA;TRANSPORTE;EM ROTA -TERCEIROS;RECEBIDO;TRANSPORTE · EM ROTA -TERCEIROS · RECEBIDO;A0675;03/09/2026 15:42;;Datalogger recebido pelo agente com sucesso.;ACIONAR AGENTE/RESPONSÁVEL
564748;TA1039;ARES;00019200000014194465;SE;MINISTÉRIO DA SAUDE;02/09/2026 23:32;04/09/2026 10:00;08/09/2026 11:11;RECEBIDO NO CLIENTE;8426;MultiModal;07/09/2026 16:23;07/09/2026 19:28;;04/09/2026 09:21;4;NÃO;FORA DE GRU;AGENTE;AGENTE - GRASIELLE DOS SANTOS VIEIRA;TRANSPORTE;EM ROTA -TERCEIROS;RECEBIDO;TRANSPORTE · EM ROTA -TERCEIROS · RECEBIDO;TA1039;04/09/2026 11:44;;Datalogger recebido pelo agente com sucesso.;ACIONAR AGENTE/RESPONSÁVEL
564748;A9694;ARES;00019200000014194473;SE;MINISTÉRIO DA SAUDE;02/09/2026 23:32;04/09/2026 10:00;08/09/2026 11:11;RECEBIDO NO CLIENTE;8426;MultiModal;07/09/2026 16:23;07/09/2026 19:28;;04/09/2026 09:22;4;NÃO;FORA DE GRU;AGENTE;AGENTE - GRASIELLE DOS SANTOS VIEIRA;TRANSPORTE;EM ROTA -TERCEIROS;RECEBIDO;TRANSPORTE · EM ROTA -TERCEIROS · RECEBIDO;A9694;04/09/2026 11:44;;Datalogger recebido pelo agente com sucesso.;ACIONAR AGENTE/RESPONSÁVEL
564748;A5070;ARES;00019200000014194481;SE;MINISTÉRIO DA SAUDE;02/09/2026 23:32;04/09/2026 10:00;08/09/2026 11:11;RECEBIDO NO CLIENTE;8426;MultiModal;07/09/2026 16:23;07/09/2026 19:28;;04/09/2026 09:21;4;NÃO;FORA DE GRU;AGENTE;AGENTE - GRASIELLE DOS SANTOS VIEIRA;TRANSPORTE;EM ROTA -TERCEIROS;RECEBIDO;TRANSPORTE · EM ROTA -TERCEIROS · RECEBIDO;A5070;04/09/2026 11:39;;Datalogger recebido pelo agente com sucesso.;ACIONAR AGENTE/RESPONSÁVEL
564748;TA0637;ARES;00019200000014194490;SE;MINISTÉRIO DA SAUDE;02/09/2026 23:32;04/09/2026 10:00;08/09/2026 11:11;RECEBIDO NO CLIENTE;8426;MultiModal;07/09/2026 16:23;07/09/2026 19:28;;04/09/2026 09:22;4;NÃO;FORA DE GRU;AGENTE;AGENTE - GRASIELLE DOS SANTOS VIEIRA;TRANSPORTE;EM ROTA -TERCEIROS;RECEBIDO;TRANSPORTE · EM ROTA -TERCEIROS · RECEBIDO;TA0637;04/09/2026 11:48;;Datalogger recebido pelo agente com sucesso.;ACIONAR AGENTE/RESPONSÁVEL
564748;TA0807;ARES;00019200000014194503;SE;MINISTÉRIO DA SAUDE;02/09/2026 23:32;04/09/2026 10:00;08/09/2026 11:11;RECEBIDO NO CLIENTE;8426;MultiModal;07/09/2026 16:23;07/09/2026 19:28;;04/09/2026 09:21;4;NÃO;FORA DE GRU;AGENTE;AGENTE - GRASIELLE DOS SANTOS VIEIRA;TRANSPORTE;EM ROTA -TERCEIROS;RECEBIDO;TRANSPORTE · EM ROTA -TERCEIROS · RECEBIDO;TA0807;04/09/2026 11:39;;Datalogger recebido pelo agente com sucesso.;ACIONAR AGENTE/RESPONSÁVEL
564748;A3453;ARES;00019200000014194511;SE;MINISTÉRIO DA SAUDE;02/09/2026 23:32;04/09/2026 10:00;08/09/2026 11:11;RECEBIDO NO CLIENTE;8426;MultiModal;07/09/2026 16:23;07/09/2026 19:28;;04/09/2026 09:21;4;NÃO;FORA DE GRU;AGENTE;AGENTE - GRASIELLE DOS SANTOS VIEIRA;TRANSPORTE;EM ROTA -TERCEIROS;RECEBIDO;TRANSPORTE · EM ROTA -TERCEIROS · RECEBIDO;A3453;04/09/2026 11:43;;Datalogger recebido pelo agente com sucesso.;ACIONAR AGENTE/RESPONSÁVEL
564748;A1613;ARES;00019200000014194554;SE;MINISTÉRIO DA SAUDE;02/09/2026 23:32;04/09/2026 10:00;08/09/2026 11:11;RECEBIDO NO CLIENTE;8426;MultiModal;07/09/2026 16:23;07/09/2026 19:28;;04/09/2026 09:21;4;NÃO;FORA DE GRU;AGENTE;AGENTE - GRASIELLE DOS SANTOS VIEIRA;TRANSPORTE;EM ROTA -TERCEIROS;RECEBIDO;TRANSPORTE · EM ROTA -TERCEIROS · RECEBIDO;A1613;04/09/2026 11:42;;Datalogger recebido pelo agente com sucesso.;ACIONAR AGENTE/RESPONSÁVEL
566062;A9303;ARES;00019200000014194694;SE;MINISTÉRIO DA SAUDE;02/09/2026 23:32;04/09/2026 10:00;;ENTREGUE;8427;MultiModal;04/09/2026 00:41;04/09/2026 03:50;;04/09/2026 09:21;4;NÃO;FORA DE GRU;AGENTE;AGENTE - GRASIELLE DOS SANTOS VIEIRA;TRANSPORTE;EM ROTA -TERCEIROS;RECEBIDO;TRANSPORTE · EM ROTA -TERCEIROS · RECEBIDO;A9303;04/09/2026 11:45;;Datalogger recebido pelo agente com sucesso.;ACIONAR AGENTE/RESPONSÁVEL
566062;TA0504;ARES;00019200000014194708;SE;MINISTÉRIO DA SAUDE;02/09/2026 23:32;04/09/2026 10:00;;ENTREGUE;8427;MultiModal;04/09/2026 00:41;04/09/2026 03:50;;03/09/2026 14:49;4;NÃO;FORA DE GRU;AGENTE;AGENTE - GRASIELLE DOS SANTOS VIEIRA;TRANSPORTE;EM ROTA -TERCEIROS;RECEBIDO;TRANSPORTE · EM ROTA -TERCEIROS · RECEBIDO;TA0504;03/09/2026 15:44;;Datalogger recebido pelo agente com sucesso.;ACIONAR AGENTE/RESPONSÁVEL
566062;A1485;ARES;00019200000014194716;SE;MINISTÉRIO DA SAUDE;02/09/2026 23:32;04/09/2026 10:00;;ENTREGUE;8427;MultiModal;04/09/2026 00:41;04/09/2026 03:50;;04/09/2026 09:21;4;NÃO;FORA DE GRU;AGENTE;AGENTE - GRASIELLE DOS SANTOS VIEIRA;TRANSPORTE;EM ROTA -TERCEIROS;RECEBIDO;TRANSPORTE · EM ROTA -TERCEIROS · RECEBIDO;A1485;04/09/2026 11:46;;Datalogger recebido pelo agente com sucesso.;ACIONAR AGENTE/RESPONSÁVEL
566062;A0430;ARES;00019200000014194724;SE;MINISTÉRIO DA SAUDE;02/09/2026 23:32;04/09/2026 10:00;;ENTREGUE;8427;MultiModal;04/09/2026 00:41;04/09/2026 03:50;;04/09/2026 09:21;4;NÃO;FORA DE GRU;AGENTE;AGENTE - GRASIELLE DOS SANTOS VIEIRA;TRANSPORTE;EM ROTA -TERCEIROS;RECEBIDO;TRANSPORTE · EM ROTA -TERCEIROS · RECEBIDO;A0430;04/09/2026 11:41;;Datalogger recebido pelo agente com sucesso.;ACIONAR AGENTE/RESPONSÁVEL
566062;A3582;ARES;00019200000014194732;SE;MINISTÉRIO DA SAUDE;02/09/2026 23:32;04/09/2026 10:00;;ENTREGUE;8427;MultiModal;04/09/2026 00:41;04/09/2026 03:50;;04/09/2026 09:21;4;NÃO;FORA DE GRU;AGENTE;AGENTE - GRASIELLE DOS SANTOS VIEIRA;TRANSPORTE;EM ROTA -TERCEIROS;RECEBIDO;TRANSPORTE · EM ROTA -TERCEIROS · RECEBIDO;A3582;04/09/2026 11:45;;Datalogger recebido pelo agente com sucesso.;ACIONAR AGENTE/RESPONSÁVEL
566062;TA0713;ARES;00019200000014194740;SE;MINISTÉRIO DA SAUDE;02/09/2026 23:32;04/09/2026 10:00;;ENTREGUE;8427;MultiModal;04/09/2026 00:41;04/09/2026 03:50;;04/09/2026 09:21;4;NÃO;FORA DE GRU;AGENTE;AGENTE - GRASIELLE DOS SANTOS VIEIRA;TRANSPORTE;EM ROTA -TERCEIROS;RECEBIDO;TRANSPORTE · EM ROTA -TERCEIROS · RECEBIDO;TA0713;04/09/2026 11:43;;Datalogger recebido pelo agente com sucesso.;ACIONAR AGENTE/RESPONSÁVEL
565279;A5509;ARES;00019200000014183587;MA;MINISTÉRIO DA SAUDE;02/09/2026 23:36;04/09/2026 09:30;04/09/2026 09:30;RECEBIDO NO CLIENTE;8424;MultiModal;03/09/2026 04:52;03/09/2026 14:05;;02/09/2026 16:27;4;NÃO;FORA DE GRU;AGENTE;AGENTE - PATRICK KAUE RIBEIRO SOARES;TRANSPORTE;EM ROTA -TERCEIROS;PENDENTE RECEBIMENTO;TRANSPORTE · EM ROTA -TERCEIROS · PENDENTE RECEBIMENTO;A5509;03/09/2026 04:47;;Datalogger enviado para agente P ROOSEVELT DOS REIS CAVALCANTE LTDA  pelo serviço de integração do ESL.;ACIONAR AGENTE/RESPONSÁVEL
565279;A2883;ARES;00019200000014183595;MA;MINISTÉRIO DA SAUDE;02/09/2026 23:36;04/09/2026 09:30;04/09/2026 09:30;RECEBIDO NO CLIENTE;8424;MultiModal;03/09/2026 04:52;03/09/2026 14:05;;03/09/2026 18:14;4;NÃO;FORA DE GRU;AGENTE;AGENTE - ANDREIA CRISTINA BARROS VEIGA;TRANSPORTE;EM ROTA -TERCEIROS;PENDENTE RECEBIMENTO;TRANSPORTE · EM ROTA -TERCEIROS · PENDENTE RECEBIMENTO;A2883;03/09/2026 04:47;;Datalogger enviado para agente P ROOSEVELT DOS REIS CAVALCANTE LTDA  pelo serviço de integração do ESL.;ACIONAR AGENTE/RESPONSÁVEL
565279;A6691;ARES;00019200000014183625;MA;MINISTÉRIO DA SAUDE;02/09/2026 23:36;04/09/2026 09:30;;ENTREGUE;8423;MultiModal;03/09/2026 04:52;03/09/2026 14:05;;02/09/2026 16:31;4;NÃO;FORA DE GRU;AGENTE;AGENTE - PATRICK KAUE RIBEIRO SOARES;TRANSPORTE;EM ROTA -TERCEIROS;PENDENTE RECEBIMENTO;TRANSPORTE · EM ROTA -TERCEIROS · PENDENTE RECEBIMENTO;A6691;03/09/2026 04:47;;Datalogger enviado para agente P ROOSEVELT DOS REIS CAVALCANTE LTDA  pelo serviço de integração do ESL.;ACIONAR AGENTE/RESPONSÁVEL
565255;TA1235;ARES;00019200000014149990;BA;MINISTÉRIO DA SAUDE;02/09/2026 00:40;04/09/2026 08:52;04/09/2026 08:52;RECEBIDO NO CLIENTE;8439;MultiModal;04/09/2026 00:30;04/09/2026 03:19;;04/09/2026 08:19;4;NÃO;FORA DE GRU;AGENTE;SYS - Usuário sistema;TRANSPORTE;EM ROTA -TERCEIROS;PENDENTE RECEBIMENTO;TRANSPORTE · EM ROTA -TERCEIROS · PENDENTE RECEBIMENTO;TA1235;02/09/2026 23:20;;Datalogger enviado para agente LUIS CELSO DA SILVEIRA PIMENTEL JUNIOR pelo serviço de integração do ESL.;ACIONAR AGENTE/RESPONSÁVEL
566816;A8421;ARES;00019200000014032368;TO;MINISTÉRIO DA SAUDE;31/08/2026 23:09;03/09/2026 18:00;;ENTREGUE;8365;MultiModal;01/09/2026 15:52;01/09/2026 19:15;;03/09/2026 09:29;5;NÃO;FORA DE GRU;AGENTE;AGENTE - RAIANA ASSIS DOS SANTOS;TRANSPORTE;EM ROTA -TERCEIROS;PENDENTE RECEBIMENTO;TRANSPORTE · EM ROTA -TERCEIROS · PENDENTE RECEBIMENTO;A8421;31/08/2026 23:54;;Datalogger enviado para agente MK BILLIG TRANSPORTE DE CARGAS E LOGISTICA LTDA pelo serviço de integração do ESL.;ACIONAR AGENTE/RESPONSÁVEL
566983;A8772;ARES;00019200000014186780;TO;MINISTÉRIO DA SAUDE;01/09/2026 22:43;03/09/2026 18:00;;ENTREGUE;8396;MultiModal;02/09/2026 23:43;03/09/2026 05:36;;03/09/2026 09:31;5;NÃO;FORA DE GRU;AGENTE;AGENTE - JOSE AIRTON LOURENCO DE OLIVEIRA JUNIOR;TRANSPORTE;EM ROTA -TERCEIROS;PENDENTE RECEBIMENTO;TRANSPORTE · EM ROTA -TERCEIROS · PENDENTE RECEBIMENTO;A8772;01/09/2026 23:36;;Datalogger enviado para agente MK BILLIG TRANSPORTE DE CARGAS E LOGISTICA LTDA pelo serviço de integração do ESL.;ACIONAR AGENTE/RESPONSÁVEL
565269;TA0903;ARES;00019200000014024586;CE;MINISTÉRIO DA SAUDE;02/09/2026 01:01;03/09/2026 16:52;08/09/2026 12:37;RECEBIDO NO CLIENTE;8402;MultiModal;02/09/2026 08:01;03/09/2026 04:08;;03/09/2026 15:14;5;SIM;EM GRU;ESTOQUE - GRU;VTC - ANA PAULA OLIVEIRA DA SILVA;EM ESTOQUE;SALDO DE ESTOQUE;RECEBIDO;EM ESTOQUE · SALDO DE ESTOQUE · RECEBIDO;TA0903;07/09/2026 14:39;;Datalogger restaurado para o estoque manualmente pelo usuário.;SINCRONIZAR EM GRU
565269;A5428;ARES;00019200000014059312;CE;MINISTÉRIO DA SAUDE;02/09/2026 01:01;03/09/2026 16:52;03/09/2026 16:52;RECEBIDO NO CLIENTE;8404;MultiModal;02/09/2026 08:01;03/09/2026 04:08;;26/08/2026 12:43;5;SIM;EM GRU;ESTOQUE - GRU;VTC - ANA PAULA OLIVEIRA DA SILVA;EM ESTOQUE;SALDO DE ESTOQUE;RECEBIDO;EM ESTOQUE · SALDO DE ESTOQUE · RECEBIDO;A5428;07/09/2026 14:42;;Datalogger restaurado para o estoque manualmente pelo usuário.;SINCRONIZAR EM GRU
566217;A8321;ARES;00019200000014185040;AM;MINISTÉRIO DA SAUDE;01/09/2026 22:42;03/09/2026 15:51;03/09/2026 15:51;RECEBIDO NO CLIENTE;8444;MultiModal;08/09/2026 12:11;04/09/2026 04:52;;03/09/2026 03:27;5;SIM;EM GRU;ESTOQUE - GRU;VTC - ANA PAULA OLIVEIRA DA SILVA;EM ESTOQUE;SALDO DE ESTOQUE;RECEBIDO;EM ESTOQUE · SALDO DE ESTOQUE · RECEBIDO;A8321;07/09/2026 14:37;;Datalogger restaurado para o estoque manualmente pelo usuário.;SINCRONIZAR EM GRU
566217;A6518;ARES;00019200000014185059;AM;MINISTÉRIO DA SAUDE;01/09/2026 22:42;03/09/2026 15:51;03/09/2026 15:54;RECEBIDO NO CLIENTE;8397;MultiModal;08/09/2026 12:11;04/09/2026 04:52;;31/08/2026 18:26;5;SIM;EM GRU;ESTOQUE - GRU;VTC - ANA PAULA OLIVEIRA DA SILVA;EM ESTOQUE;SALDO DE ESTOQUE;RECEBIDO;EM ESTOQUE · SALDO DE ESTOQUE · RECEBIDO;A6518;07/09/2026 14:33;;Datalogger restaurado para o estoque manualmente pelo usuário.;SINCRONIZAR EM GRU
565205;A5514;ARES;00019200000014150336;AL;MINISTÉRIO DA SAUDE;02/09/2026 01:01;03/09/2026 15:30;;ENTREGUE;8403;MultiModal;02/09/2026 20:24;03/09/2026 02:47;;01/09/2026 09:28;5;SIM;EM GRU;ESTOQUE - GRU;VTC - ANA PAULA OLIVEIRA DA SILVA;EM ESTOQUE;SALDO DE ESTOQUE;RECEBIDO;EM ESTOQUE · SALDO DE ESTOQUE · RECEBIDO;A5514;07/09/2026 14:28;;Datalogger restaurado para o estoque manualmente pelo usuário.;SINCRONIZAR EM GRU
565205;A2643;ARES;00019200000014150395;AL;MINISTÉRIO DA SAUDE;02/09/2026 01:01;03/09/2026 15:30;;ENTREGUE;8404;MultiModal;02/09/2026 20:24;03/09/2026 02:47;;01/09/2026 10:45;5;SIM;EM GRU;ESTOQUE - GRU;VTC - ANA PAULA OLIVEIRA DA SILVA;EM ESTOQUE;SALDO DE ESTOQUE;RECEBIDO;EM ESTOQUE · SALDO DE ESTOQUE · RECEBIDO;A2643;07/09/2026 14:28;;Datalogger restaurado para o estoque manualmente pelo usuário.;SINCRONIZAR EM GRU
565205;A6970;ARES;00019200000014150735;AL;MINISTÉRIO DA SAUDE;02/09/2026 01:01;03/09/2026 15:30;;ENTREGUE;8404;MultiModal;02/09/2026 20:24;03/09/2026 02:47;;01/09/2026 10:22;5;SIM;EM GRU;ESTOQUE - GRU;VTC - ANA PAULA OLIVEIRA DA SILVA;EM ESTOQUE;SALDO DE ESTOQUE;RECEBIDO;EM ESTOQUE · SALDO DE ESTOQUE · RECEBIDO;A6970;07/09/2026 14:28;;Datalogger restaurado para o estoque manualmente pelo usuário.;SINCRONIZAR EM GRU
565876;A8291;ARES;00019200000014058383;RO;MINISTÉRIO DA SAUDE;01/09/2026 22:38;03/09/2026 15:00;;ENTREGUE;8396;MultiModal;02/09/2026 14:19;02/09/2026 18:06;;31/08/2026 18:28;5;NÃO;FORA DE GRU;AGENTE;AGENTE - JOSE VENTURA;TRANSPORTE;EM ROTA -TERCEIROS;PENDENTE RECEBIMENTO;TRANSPORTE · EM ROTA -TERCEIROS · PENDENTE RECEBIMENTO;A8291;01/09/2026 23:43;;Datalogger enviado para agente W S TRANSPORTES DE CARGAS E LOGISTICA LTDA pelo serviço de integração do ESL.;ACIONAR AGENTE/RESPONSÁVEL
566735;A7182;ARES;00019200000014186721;MG;MINISTÉRIO DA SAUDE;02/09/2026 01:11;03/09/2026 15:00;;ENTREGUE;8400;MultiModal;03/09/2026 10:11;03/09/2026 12:19;;01/09/2026 10:23;5;NÃO;FORA DE GRU;AGENTE;AGENTE - JULLY EDUARDA ALVES;TRANSPORTE;EM ROTA -TERCEIROS;RECEBIDO;TRANSPORTE · EM ROTA -TERCEIROS · RECEBIDO;A7182;04/09/2026 09:35;;Datalogger recebido pelo agente com sucesso.;ACIONAR AGENTE/RESPONSÁVEL
566976;A0530;ARES;00019200000014186772;MA;MINISTÉRIO DA SAUDE;01/09/2026 23:15;03/09/2026 15:00;;ENTREGUE;8398;MultiModal;02/09/2026 18:34;03/09/2026 00:56;;31/08/2026 18:28;5;NÃO;FORA DE GRU;AGENTE;AGENTE - JOSE AIRTON LOURENCO DE OLIVEIRA JUNIOR;TRANSPORTE;EM ROTA -TERCEIROS;PENDENTE RECEBIMENTO;TRANSPORTE · EM ROTA -TERCEIROS · PENDENTE RECEBIMENTO;A0530;01/09/2026 23:34;;Datalogger enviado para agente P ROOSEVELT DOS REIS CAVALCANTE LTDA  pelo serviço de integração do ESL.;ACIONAR AGENTE/RESPONSÁVEL
566473;A4365;ARES;00019200000014032635;SC;MINISTÉRIO DA SAUDE;01/09/2026 04:32;03/09/2026 14:00;;ENTREGUE;8381;MultiModal;01/09/2026 11:17;01/09/2026 20:11;;31/08/2026 09:17;5;NÃO;FORA DE GRU;AGENTE;SYS - Usuário sistema;TRANSPORTE;EM ROTA -TERCEIROS;PENDENTE RECEBIMENTO;TRANSPORTE · EM ROTA -TERCEIROS · PENDENTE RECEBIMENTO;A4365;01/09/2026 06:05;;Datalogger enviado para agente TGEX TRANSPORTES E LOCACAO DE VEICULOS LTDA pelo serviço de integração do ESL.;ACIONAR AGENTE/RESPONSÁVEL
566736;A3018;ARES;00019200000014186616;BA;MINISTÉRIO DA SAUDE;01/09/2026 22:45;03/09/2026 14:00;;ENTREGUE;8396;MultiModal;02/09/2026 06:35;03/09/2026 01:46;;03/09/2026 10:58;5;SIM;CÂMARA FRIA (GRU);CÂMARA FRIA - PACKING;AGENTE - RAIANA ASSIS DOS SANTOS;CÂMARA FRIA;PACKING;RECEBIDO;CÂMARA FRIA · PACKING · RECEBIDO;A3018;01/09/2026 18:41;;DataLogger A3018, foi embalado no volume FRAÇÃO 33L - 00019200000014186616 - Usuário: Rogerio.silva;VALIDAR NA CÂMARA FRIA
566971;A6007;ARES;00019200000014186799;BA;MINISTÉRIO DA SAUDE;01/09/2026 22:45;03/09/2026 14:00;;ENTREGUE;8396;MultiModal;02/09/2026 06:35;03/09/2026 01:46;;03/09/2026 10:58;5;SIM;CÂMARA FRIA (GRU);CÂMARA FRIA - PACKING;AGENTE - ROSANA HONORATO DA SILVA;CÂMARA FRIA;PACKING;RECEBIDO;CÂMARA FRIA · PACKING · RECEBIDO;A6007;01/09/2026 18:08;;DataLogger A6007, foi embalado no volume FRAÇÃO 33L - 00019200000014186799 - Usuário: Rogerio.silva;VALIDAR NA CÂMARA FRIA
566472;TA0797;ARES;00019200000014149036;MG;MINISTÉRIO DA SAUDE;01/09/2026 04:58;03/09/2026 13:00;;ENTREGUE;8387;MultiModal;01/09/2026 11:17;01/09/2026 19:54;;27/08/2026 16:35;5;NÃO;FORA DE GRU;AGENTE;AGENTE - THAIS OLIVEIRA GATINHO;TRANSPORTE;EM ROTA -TERCEIROS;PENDENTE RECEBIMENTO;TRANSPORTE · EM ROTA -TERCEIROS · PENDENTE RECEBIMENTO;TA0797;01/09/2026 06:00;;Datalogger enviado para agente VTCLOG RJ GALEAO pelo serviço de integração do ESL.;ACIONAR AGENTE/RESPONSÁVEL
566748;TA0933;ARES;00019200000014186640;SE;MINISTÉRIO DA SAUDE;01/09/2026 22:36;03/09/2026 11:35;03/09/2026 11:35;RECEBIDO NO CLIENTE;8396;MultiModal;02/09/2026 06:35;02/09/2026 19:17;;03/09/2026 09:01;5;NÃO;FORA DE GRU;AGENTE;AGENTE - GRASIELLE DOS SANTOS VIEIRA;TRANSPORTE;EM ROTA -TERCEIROS;RECEBIDO;TRANSPORTE · EM ROTA -TERCEIROS · RECEBIDO;TA0933;03/09/2026 11:32;;Datalogger recebido pelo agente com sucesso.;ACIONAR AGENTE/RESPONSÁVEL
566003;A8349;ARES;00019200000014022770;MA;MINISTÉRIO DA SAUDE;01/09/2026 22:40;03/09/2026 10:47;;ENTREGUE;8396;MultiModal;04/09/2026 08:06;04/09/2026 04:12;;31/08/2026 20:38;5;NÃO;FORA DE GRU;AGENTE;AGENTE - LEILA NAZARE LIMA DE OLIVEIRA;TRANSPORTE;EM ROTA -TERCEIROS;RECEBIDO;TRANSPORTE · EM ROTA -TERCEIROS · RECEBIDO;A8349;03/09/2026 12:17;;Datalogger recebido pelo agente com sucesso.;ACIONAR AGENTE/RESPONSÁVEL
566003;A9009;ARES;00019200000014024624;MA;MINISTÉRIO DA SAUDE;01/09/2026 22:40;03/09/2026 10:47;;ENTREGUE;8396;MultiModal;04/09/2026 08:06;04/09/2026 04:12;;31/08/2026 20:40;5;NÃO;FORA DE GRU;AGENTE;AGENTE - LEILA NAZARE LIMA DE OLIVEIRA;TRANSPORTE;EM ROTA -TERCEIROS;RECEBIDO;TRANSPORTE · EM ROTA -TERCEIROS · RECEBIDO;A9009;03/09/2026 12:11;;Datalogger recebido pelo agente com sucesso.;ACIONAR AGENTE/RESPONSÁVEL
566003;A3760;ARES;00019200000014024632;MA;MINISTÉRIO DA SAUDE;01/09/2026 22:40;03/09/2026 10:47;;ENTREGUE;8396;MultiModal;04/09/2026 08:06;04/09/2026 04:12;;31/08/2026 20:42;5;NÃO;FORA DE GRU;AGENTE;AGENTE - LEILA NAZARE LIMA DE OLIVEIRA;TRANSPORTE;EM ROTA -TERCEIROS;RECEBIDO;TRANSPORTE · EM ROTA -TERCEIROS · RECEBIDO;A3760;03/09/2026 12:18;;Datalogger recebido pelo agente com sucesso.;ACIONAR AGENTE/RESPONSÁVEL
566003;A5067;ARES;00019200000014057719;MA;MINISTÉRIO DA SAUDE;01/09/2026 22:40;03/09/2026 10:47;;ENTREGUE;8396;MultiModal;04/09/2026 08:06;04/09/2026 04:12;;31/08/2026 17:43;5;NÃO;FORA DE GRU;AGENTE;AGENTE - LEILA NAZARE LIMA DE OLIVEIRA;TRANSPORTE;EM ROTA -TERCEIROS;RECEBIDO;TRANSPORTE · EM ROTA -TERCEIROS · RECEBIDO;A5067;03/09/2026 12:16;;Datalogger recebido pelo agente com sucesso.;ACIONAR AGENTE/RESPONSÁVEL
566003;A2929;ARES;00019200000014057778;MA;MINISTÉRIO DA SAUDE;01/09/2026 22:40;03/09/2026 10:47;03/09/2026 10:47;RECEBIDO NO CLIENTE;8422;MultiModal;04/09/2026 08:06;04/09/2026 04:12;;02/09/2026 10:05;5;NÃO;FORA DE GRU;AGENTE;AGENTE - MAYARA RAQUEL DE MACEDO FROTA LIMA;TRANSPORTE;EM ROTA -TERCEIROS;PENDENTE RECEBIMENTO;TRANSPORTE · EM ROTA -TERCEIROS · PENDENTE RECEBIMENTO;A2929;02/09/2026 17:02;;Datalogger enviado para agente P ROOSEVELT DOS REIS CAVALCANTE LTDA  pelo serviço de integração do ESL.;ACIONAR AGENTE/RESPONSÁVEL
566003;A5721;ARES;00019200000014057794;MA;MINISTÉRIO DA SAUDE;01/09/2026 22:40;03/09/2026 10:47;03/09/2026 10:47;RECEBIDO NO CLIENTE;8422;MultiModal;04/09/2026 08:06;04/09/2026 04:12;;01/09/2026 14:43;5;NÃO;FORA DE GRU;AGENTE;AGENTE - PATRICK KAUE RIBEIRO SOARES;TRANSPORTE;EM ROTA -TERCEIROS;PENDENTE RECEBIMENTO;TRANSPORTE · EM ROTA -TERCEIROS · PENDENTE RECEBIMENTO;A5721;02/09/2026 17:02;;Datalogger enviado para agente P ROOSEVELT DOS REIS CAVALCANTE LTDA  pelo serviço de integração do ESL.;ACIONAR AGENTE/RESPONSÁVEL
566003;A3819;ARES;00019200000014057808;MA;MINISTÉRIO DA SAUDE;01/09/2026 22:40;03/09/2026 10:47;03/09/2026 10:47;RECEBIDO NO CLIENTE;8422;MultiModal;04/09/2026 08:06;04/09/2026 04:12;;31/08/2026 17:43;5;NÃO;FORA DE GRU;AGENTE;AGENTE - JOSE AIRTON LOURENCO DE OLIVEIRA JUNIOR;TRANSPORTE;EM ROTA -TERCEIROS;PENDENTE RECEBIMENTO;TRANSPORTE · EM ROTA -TERCEIROS · PENDENTE RECEBIMENTO;A3819;02/09/2026 17:02;;Datalogger enviado para agente P ROOSEVELT DOS REIS CAVALCANTE LTDA  pelo serviço de integração do ESL.;ACIONAR AGENTE/RESPONSÁVEL
566003;A5866;ARES;00019200000014057816;MA;MINISTÉRIO DA SAUDE;01/09/2026 22:40;03/09/2026 10:47;03/09/2026 10:47;RECEBIDO NO CLIENTE;8422;MultiModal;04/09/2026 08:06;04/09/2026 04:12;;02/09/2026 13:28;5;NÃO;FORA DE GRU;AGENTE;AGENTE - FERNANDA CLARA BRITO LETE;TRANSPORTE;EM ROTA -TERCEIROS;PENDENTE RECEBIMENTO;TRANSPORTE · EM ROTA -TERCEIROS · PENDENTE RECEBIMENTO;A5866;02/09/2026 17:02;;Datalogger enviado para agente P ROOSEVELT DOS REIS CAVALCANTE LTDA  pelo serviço de integração do ESL.;ACIONAR AGENTE/RESPONSÁVEL
566003;A1909;ARES;00019200000014057832;MA;MINISTÉRIO DA SAUDE;01/09/2026 22:40;03/09/2026 10:47;03/09/2026 10:47;RECEBIDO NO CLIENTE;8422;MultiModal;04/09/2026 08:06;04/09/2026 04:12;;02/09/2026 13:14;5;NÃO;FORA DE GRU;AGENTE;AGENTE - ROSANA HONORATO DA SILVA;TRANSPORTE;EM ROTA -TERCEIROS;PENDENTE RECEBIMENTO;TRANSPORTE · EM ROTA -TERCEIROS · PENDENTE RECEBIMENTO;A1909;02/09/2026 17:02;;Datalogger enviado para agente P ROOSEVELT DOS REIS CAVALCANTE LTDA  pelo serviço de integração do ESL.;ACIONAR AGENTE/RESPONSÁVEL
566003;A3666;ARES;00019200000014057859;MA;MINISTÉRIO DA SAUDE;01/09/2026 22:40;03/09/2026 10:47;03/09/2026 10:47;RECEBIDO NO CLIENTE;8422;MultiModal;04/09/2026 08:06;04/09/2026 04:12;;02/09/2026 10:05;5;NÃO;FORA DE GRU;AGENTE;AGENTE - THAIS OLIVEIRA GATINHO;TRANSPORTE;EM ROTA -TERCEIROS;PENDENTE RECEBIMENTO;TRANSPORTE · EM ROTA -TERCEIROS · PENDENTE RECEBIMENTO;A3666;02/09/2026 16:52;;Datalogger enviado para agente P ROOSEVELT DOS REIS CAVALCANTE LTDA  pelo serviço de integração do ESL.;ACIONAR AGENTE/RESPONSÁVEL
566003;A4118;ARES;00019200000014057867;MA;MINISTÉRIO DA SAUDE;01/09/2026 22:40;03/09/2026 10:47;03/09/2026 10:47;RECEBIDO NO CLIENTE;8422;MultiModal;04/09/2026 08:06;04/09/2026 04:12;;02/09/2026 13:15;5;NÃO;FORA DE GRU;AGENTE;AGENTE - ROSANA HONORATO DA SILVA;TRANSPORTE;EM ROTA -TERCEIROS;PENDENTE RECEBIMENTO;TRANSPORTE · EM ROTA -TERCEIROS · PENDENTE RECEBIMENTO;A4118;02/09/2026 17:05;;Datalogger enviado para agente P ROOSEVELT DOS REIS CAVALCANTE LTDA  pelo serviço de integração do ESL.;ACIONAR AGENTE/RESPONSÁVEL
566003;A8985;ARES;00019200000014057875;MA;MINISTÉRIO DA SAUDE;01/09/2026 22:40;03/09/2026 10:47;;ENTREGUE;8396;MultiModal;04/09/2026 08:06;04/09/2026 04:12;;31/08/2026 14:40;5;NÃO;FORA DE GRU;AGENTE;AGENTE - LEILA NAZARE LIMA DE OLIVEIRA;TRANSPORTE;EM ROTA -TERCEIROS;RECEBIDO;TRANSPORTE · EM ROTA -TERCEIROS · RECEBIDO;A8985;03/09/2026 12:17;;Datalogger recebido pelo agente com sucesso.;ACIONAR AGENTE/RESPONSÁVEL
566003;TA0137;ARES;00019200000014057905;MA;MINISTÉRIO DA SAUDE;01/09/2026 22:40;03/09/2026 10:47;03/09/2026 10:47;RECEBIDO NO CLIENTE;8422;MultiModal;04/09/2026 08:06;04/09/2026 04:12;;02/09/2026 12:55;5;NÃO;FORA DE GRU;AGENTE;AGENTE - ROSANA HONORATO DA SILVA;TRANSPORTE;EM ROTA -TERCEIROS;PENDENTE RECEBIMENTO;TRANSPORTE · EM ROTA -TERCEIROS · PENDENTE RECEBIMENTO;TA0137;02/09/2026 17:34;;Datalogger enviado para agente P ROOSEVELT DOS REIS CAVALCANTE LTDA  pelo serviço de integração do ESL.;ACIONAR AGENTE/RESPONSÁVEL
566003;A6085;ARES;00019200000014057913;MA;MINISTÉRIO DA SAUDE;01/09/2026 22:40;03/09/2026 10:47;03/09/2026 10:47;RECEBIDO NO CLIENTE;8422;MultiModal;04/09/2026 08:06;04/09/2026 04:12;;01/09/2026 10:04;5;NÃO;FORA DE GRU;AGENTE;AGENTE - THAIS OLIVEIRA GATINHO;TRANSPORTE;EM ROTA -TERCEIROS;PENDENTE RECEBIMENTO;TRANSPORTE · EM ROTA -TERCEIROS · PENDENTE RECEBIMENTO;A6085;02/09/2026 17:02;;Datalogger enviado para agente P ROOSEVELT DOS REIS CAVALCANTE LTDA  pelo serviço de integração do ESL.;ACIONAR AGENTE/RESPONSÁVEL
566003;A2808;ARES;00019200000014057921;MA;MINISTÉRIO DA SAUDE;01/09/2026 22:40;03/09/2026 10:47;03/09/2026 10:47;RECEBIDO NO CLIENTE;8422;MultiModal;04/09/2026 08:06;04/09/2026 04:12;;02/09/2026 13:31;5;NÃO;FORA DE GRU;AGENTE;AGENTE - ANDREIA CRISTINA BARROS VEIGA;TRANSPORTE;EM ROTA -TERCEIROS;PENDENTE RECEBIMENTO;TRANSPORTE · EM ROTA -TERCEIROS · PENDENTE RECEBIMENTO;A2808;02/09/2026 17:02;;Datalogger enviado para agente P ROOSEVELT DOS REIS CAVALCANTE LTDA  pelo serviço de integração do ESL.;ACIONAR AGENTE/RESPONSÁVEL
566003;TA0014;ARES;00019200000014057930;MA;MINISTÉRIO DA SAUDE;01/09/2026 22:40;03/09/2026 10:47;;ENTREGUE;8396;MultiModal;04/09/2026 08:06;04/09/2026 04:12;;31/08/2026 20:40;5;NÃO;FORA DE GRU;AGENTE;AGENTE - LEILA NAZARE LIMA DE OLIVEIRA;TRANSPORTE;EM ROTA -TERCEIROS;RECEBIDO;TRANSPORTE · EM ROTA -TERCEIROS · RECEBIDO;TA0014;03/09/2026 12:16;;Datalogger recebido pelo agente com sucesso.;ACIONAR AGENTE/RESPONSÁVEL
566003;A0188;ARES;00019200000014057948;MA;MINISTÉRIO DA SAUDE;01/09/2026 22:40;03/09/2026 10:47;;ENTREGUE;8396;MultiModal;04/09/2026 08:06;04/09/2026 04:12;;31/08/2026 20:41;5;NÃO;FORA DE GRU;AGENTE;AGENTE - LEILA NAZARE LIMA DE OLIVEIRA;TRANSPORTE;EM ROTA -TERCEIROS;RECEBIDO;TRANSPORTE · EM ROTA -TERCEIROS · RECEBIDO;A0188;03/09/2026 12:16;;Datalogger recebido pelo agente com sucesso.;ACIONAR AGENTE/RESPONSÁVEL
566003;A6836;ARES;00019200000014057956;MA;MINISTÉRIO DA SAUDE;01/09/2026 22:40;03/09/2026 10:47;;ENTREGUE;8396;MultiModal;04/09/2026 08:06;04/09/2026 04:12;;03/09/2026 10:23;5;NÃO;FORA DE GRU;AGENTE;AGENTE - LEILA NAZARE LIMA DE OLIVEIRA;TRANSPORTE;EM ROTA -TERCEIROS;RECEBIDO;TRANSPORTE · EM ROTA -TERCEIROS · RECEBIDO;A6836;03/09/2026 12:11;;Datalogger recebido pelo agente com sucesso.;ACIONAR AGENTE/RESPONSÁVEL
566003;A6286;ARES;00019200000014057964;MA;MINISTÉRIO DA SAUDE;01/09/2026 22:40;03/09/2026 10:47;;ENTREGUE;8396;MultiModal;04/09/2026 08:06;04/09/2026 04:12;;03/09/2026 10:23;5;NÃO;FORA DE GRU;AGENTE;AGENTE - LEILA NAZARE LIMA DE OLIVEIRA;TRANSPORTE;EM ROTA -TERCEIROS;RECEBIDO;TRANSPORTE · EM ROTA -TERCEIROS · RECEBIDO;A6286;03/09/2026 12:15;;Datalogger recebido pelo agente com sucesso.;ACIONAR AGENTE/RESPONSÁVEL
566003;A2731;ARES;00019200000014057972;MA;MINISTÉRIO DA SAUDE;01/09/2026 22:40;03/09/2026 10:47;;ENTREGUE;8396;MultiModal;04/09/2026 08:06;04/09/2026 04:12;;31/08/2026 18:27;5;NÃO;FORA DE GRU;AGENTE;AGENTE - LEILA NAZARE LIMA DE OLIVEIRA;TRANSPORTE;EM ROTA -TERCEIROS;RECEBIDO;TRANSPORTE · EM ROTA -TERCEIROS · RECEBIDO;A2731;03/09/2026 12:13;;Datalogger recebido pelo agente com sucesso.;ACIONAR AGENTE/RESPONSÁVEL
566003;A6568;ARES;00019200000014057980;MA;MINISTÉRIO DA SAUDE;01/09/2026 22:40;03/09/2026 10:47;;ENTREGUE;8396;MultiModal;04/09/2026 08:06;04/09/2026 04:12;;31/08/2026 18:27;5;NÃO;FORA DE GRU;AGENTE;AGENTE - LEILA NAZARE LIMA DE OLIVEIRA;TRANSPORTE;EM ROTA -TERCEIROS;RECEBIDO;TRANSPORTE · EM ROTA -TERCEIROS · RECEBIDO;A6568;03/09/2026 12:15;;Datalogger recebido pelo agente com sucesso.;ACIONAR AGENTE/RESPONSÁVEL
566003;A3810;ARES;00019200000014057999;MA;MINISTÉRIO DA SAUDE;01/09/2026 22:40;03/09/2026 10:47;03/09/2026 10:47;RECEBIDO NO CLIENTE;8422;MultiModal;04/09/2026 08:06;04/09/2026 04:12;;02/09/2026 10:05;5;NÃO;FORA DE GRU;AGENTE;AGENTE - RAIANA ASSIS DOS SANTOS;TRANSPORTE;EM ROTA -TERCEIROS;PENDENTE RECEBIMENTO;TRANSPORTE · EM ROTA -TERCEIROS · PENDENTE RECEBIMENTO;A3810;02/09/2026 17:02;;Datalogger enviado para agente P ROOSEVELT DOS REIS CAVALCANTE LTDA  pelo serviço de integração do ESL.;ACIONAR AGENTE/RESPONSÁVEL
566003;A8216;ARES;00019200000014058880;MA;MINISTÉRIO DA SAUDE;01/09/2026 22:40;03/09/2026 10:47;;ENTREGUE;8396;MultiModal;04/09/2026 08:06;04/09/2026 04:12;;03/09/2026 10:24;5;NÃO;FORA DE GRU;AGENTE;AGENTE - LEILA NAZARE LIMA DE OLIVEIRA;TRANSPORTE;EM ROTA -TERCEIROS;RECEBIDO;TRANSPORTE · EM ROTA -TERCEIROS · RECEBIDO;A8216;03/09/2026 12:17;;Datalogger recebido pelo agente com sucesso.;ACIONAR AGENTE/RESPONSÁVEL
566003;A2661;ARES;00019200000014058898;MA;MINISTÉRIO DA SAUDE;01/09/2026 22:40;03/09/2026 10:47;;ENTREGUE;8396;MultiModal;04/09/2026 08:06;04/09/2026 04:12;;31/08/2026 20:39;5;NÃO;FORA DE GRU;AGENTE;AGENTE - LEILA NAZARE LIMA DE OLIVEIRA;TRANSPORTE;EM ROTA -TERCEIROS;RECEBIDO;TRANSPORTE · EM ROTA -TERCEIROS · RECEBIDO;A2661;03/09/2026 12:17;;Datalogger recebido pelo agente com sucesso.;ACIONAR AGENTE/RESPONSÁVEL
566003;TA0882;ARES;00019200000014058901;MA;MINISTÉRIO DA SAUDE;01/09/2026 22:40;03/09/2026 10:47;;ENTREGUE;8396;MultiModal;04/09/2026 08:06;04/09/2026 04:12;;29/08/2026 12:00;5;NÃO;FORA DE GRU;AGENTE;AGENTE - LEILA NAZARE LIMA DE OLIVEIRA;TRANSPORTE;EM ROTA -TERCEIROS;RECEBIDO;TRANSPORTE · EM ROTA -TERCEIROS · RECEBIDO;TA0882;03/09/2026 12:13;;Datalogger recebido pelo agente com sucesso.;ACIONAR AGENTE/RESPONSÁVEL
566003;A8898;ARES;00019200000014058910;MA;MINISTÉRIO DA SAUDE;01/09/2026 22:40;03/09/2026 10:47;;ENTREGUE;8396;MultiModal;04/09/2026 08:06;04/09/2026 04:12;;03/09/2026 10:23;5;NÃO;FORA DE GRU;AGENTE;AGENTE - LEILA NAZARE LIMA DE OLIVEIRA;TRANSPORTE;EM ROTA -TERCEIROS;RECEBIDO;TRANSPORTE · EM ROTA -TERCEIROS · RECEBIDO;A8898;03/09/2026 12:12;;Datalogger recebido pelo agente com sucesso.;ACIONAR AGENTE/RESPONSÁVEL
566003;A6526;ARES;00019200000014058936;MA;MINISTÉRIO DA SAUDE;01/09/2026 22:40;03/09/2026 10:47;;ENTREGUE;8396;MultiModal;04/09/2026 08:06;04/09/2026 04:12;;29/08/2026 12:01;5;NÃO;FORA DE GRU;AGENTE;AGENTE - LEILA NAZARE LIMA DE OLIVEIRA;TRANSPORTE;EM ROTA -TERCEIROS;RECEBIDO;TRANSPORTE · EM ROTA -TERCEIROS · RECEBIDO;A6526;03/09/2026 12:17;;Datalogger recebido pelo agente com sucesso.;ACIONAR AGENTE/RESPONSÁVEL
566003;A8172;ARES;00019200000014058944;MA;MINISTÉRIO DA SAUDE;01/09/2026 22:40;03/09/2026 10:47;;ENTREGUE;8396;MultiModal;04/09/2026 08:06;04/09/2026 04:12;;03/09/2026 10:23;5;NÃO;FORA DE GRU;AGENTE;AGENTE - LEILA NAZARE LIMA DE OLIVEIRA;TRANSPORTE;EM ROTA -TERCEIROS;RECEBIDO;TRANSPORTE · EM ROTA -TERCEIROS · RECEBIDO;A8172;03/09/2026 12:14;;Datalogger recebido pelo agente com sucesso.;ACIONAR AGENTE/RESPONSÁVEL
566414;TA0198;ARES;00019200000014148218;RS;MINISTÉRIO DA SAUDE;01/09/2026 22:36;03/09/2026 10:40;;ENTREGUE;8396;MultiModal;02/09/2026 06:35;02/09/2026 18:06;;31/08/2026 18:03;5;NÃO;FORA DE GRU;AGENTE;AGENTE - PAULO FERNANDO CARVALHO ANDRADES;TRANSPORTE;EM ROTA -TERCEIROS;RECEBIDO;TRANSPORTE · EM ROTA -TERCEIROS · RECEBIDO;TA0198;04/09/2026 11:51;;Datalogger recebido pelo agente com sucesso.;ACIONAR AGENTE/RESPONSÁVEL
565419;A5665;ARES;00019200000014150034;PB;MINISTÉRIO DA SAUDE;01/09/2026 22:39;03/09/2026 10:30;;ENTREGUE;8396;MultiModal;02/09/2026 06:35;02/09/2026 19:16;;03/09/2026 10:04;5;NÃO;FORA DE GRU;AGENTE;AGENTE - JERSSICA DE FREITAS DE OLIVEIRA;TRANSPORTE;EM ROTA -TERCEIROS;RECEBIDO;TRANSPORTE · EM ROTA -TERCEIROS · RECEBIDO;A5665;08/09/2026 16:11;;Datalogger recebido pelo agente com sucesso.;ACIONAR AGENTE/RESPONSÁVEL
565419;A3311;ARES;00019200000014150042;PB;MINISTÉRIO DA SAUDE;01/09/2026 22:39;03/09/2026 10:30;;ENTREGUE;8396;MultiModal;02/09/2026 06:35;02/09/2026 19:16;;03/09/2026 10:04;5;NÃO;FORA DE GRU;AGENTE;AGENTE - JERSSICA DE FREITAS DE OLIVEIRA;TRANSPORTE;EM ROTA -TERCEIROS;RECEBIDO;TRANSPORTE · EM ROTA -TERCEIROS · RECEBIDO;A3311;08/09/2026 16:11;;Datalogger recebido pelo agente com sucesso.;ACIONAR AGENTE/RESPONSÁVEL
565419;A7324;ARES;00019200000014150050;PB;MINISTÉRIO DA SAUDE;01/09/2026 22:39;03/09/2026 10:30;;ENTREGUE;8396;MultiModal;02/09/2026 06:35;02/09/2026 19:16;;03/09/2026 10:04;5;NÃO;FORA DE GRU;AGENTE;AGENTE - JERSSICA DE FREITAS DE OLIVEIRA;TRANSPORTE;EM ROTA -TERCEIROS;RECEBIDO;TRANSPORTE · EM ROTA -TERCEIROS · RECEBIDO;A7324;08/09/2026 16:12;;Datalogger recebido pelo agente com sucesso.;ACIONAR AGENTE/RESPONSÁVEL
565419;A6661;ARES;00019200000014150069;PB;MINISTÉRIO DA SAUDE;01/09/2026 22:39;03/09/2026 10:30;;ENTREGUE;8396;MultiModal;02/09/2026 06:35;02/09/2026 19:16;;03/09/2026 10:04;5;NÃO;FORA DE GRU;AGENTE;AGENTE - JERSSICA DE FREITAS DE OLIVEIRA;TRANSPORTE;EM ROTA -TERCEIROS;RECEBIDO;TRANSPORTE · EM ROTA -TERCEIROS · RECEBIDO;A6661;08/09/2026 16:02;;Datalogger recebido pelo agente com sucesso.;ACIONAR AGENTE/RESPONSÁVEL
565419;A2591;ARES;00019200000014150077;PB;MINISTÉRIO DA SAUDE;01/09/2026 22:39;03/09/2026 10:30;;ENTREGUE;8396;MultiModal;02/09/2026 06:35;02/09/2026 19:16;;03/09/2026 10:04;5;NÃO;FORA DE GRU;AGENTE;AGENTE - JERSSICA DE FREITAS DE OLIVEIRA;TRANSPORTE;EM ROTA -TERCEIROS;RECEBIDO;TRANSPORTE · EM ROTA -TERCEIROS · RECEBIDO;A2591;08/09/2026 16:12;;Datalogger recebido pelo agente com sucesso.;ACIONAR AGENTE/RESPONSÁVEL
565419;A6677;ARES;00019200000014150085;PB;MINISTÉRIO DA SAUDE;01/09/2026 22:39;03/09/2026 10:30;;ENTREGUE;8396;MultiModal;02/09/2026 06:35;02/09/2026 19:16;;03/09/2026 10:04;5;NÃO;FORA DE GRU;AGENTE;AGENTE - JERSSICA DE FREITAS DE OLIVEIRA;TRANSPORTE;EM ROTA -TERCEIROS;RECEBIDO;TRANSPORTE · EM ROTA -TERCEIROS · RECEBIDO;A6677;08/09/2026 16:12;;Datalogger recebido pelo agente com sucesso.;ACIONAR AGENTE/RESPONSÁVEL
565419;A3422;ARES;00019200000014150093;PB;MINISTÉRIO DA SAUDE;01/09/2026 22:39;03/09/2026 10:30;;ENTREGUE;8396;MultiModal;02/09/2026 06:35;02/09/2026 19:16;;03/09/2026 10:04;5;NÃO;FORA DE GRU;AGENTE;AGENTE - JERSSICA DE FREITAS DE OLIVEIRA;TRANSPORTE;EM ROTA -TERCEIROS;RECEBIDO;TRANSPORTE · EM ROTA -TERCEIROS · RECEBIDO;A3422;08/09/2026 15:51;;Datalogger recebido pelo agente com sucesso.;ACIONAR AGENTE/RESPONSÁVEL
565419;A9125;ARES;00019200000014150107;PB;MINISTÉRIO DA SAUDE;01/09/2026 22:39;03/09/2026 10:30;;ENTREGUE;8396;MultiModal;02/09/2026 06:35;02/09/2026 19:16;;03/09/2026 10:04;5;NÃO;FORA DE GRU;AGENTE;AGENTE - JERSSICA DE FREITAS DE OLIVEIRA;TRANSPORTE;EM ROTA -TERCEIROS;RECEBIDO;TRANSPORTE · EM ROTA -TERCEIROS · RECEBIDO;A9125;08/09/2026 16:13;;Datalogger recebido pelo agente com sucesso.;ACIONAR AGENTE/RESPONSÁVEL
565419;A0599;ARES;00019200000014150115;PB;MINISTÉRIO DA SAUDE;01/09/2026 22:39;03/09/2026 10:30;;ENTREGUE;8396;MultiModal;02/09/2026 06:35;02/09/2026 19:16;;03/09/2026 10:04;5;NÃO;FORA DE GRU;AGENTE;AGENTE - JERSSICA DE FREITAS DE OLIVEIRA;TRANSPORTE;EM ROTA -TERCEIROS;RECEBIDO;TRANSPORTE · EM ROTA -TERCEIROS · RECEBIDO;A0599;08/09/2026 16:12;;Datalogger recebido pelo agente com sucesso.;ACIONAR AGENTE/RESPONSÁVEL
565419;A4511;ARES;00019200000014150123;PB;MINISTÉRIO DA SAUDE;01/09/2026 22:39;03/09/2026 10:30;;ENTREGUE;8396;MultiModal;02/09/2026 06:35;02/09/2026 19:16;;03/09/2026 10:04;5;NÃO;FORA DE GRU;AGENTE;AGENTE - JERSSICA DE FREITAS DE OLIVEIRA;TRANSPORTE;EM ROTA -TERCEIROS;RECEBIDO;TRANSPORTE · EM ROTA -TERCEIROS · RECEBIDO;A4511;08/09/2026 15:45;;Datalogger recebido pelo agente com sucesso.;ACIONAR AGENTE/RESPONSÁVEL
565419;A0329;ARES;00019200000014150131;PB;MINISTÉRIO DA SAUDE;01/09/2026 22:39;03/09/2026 10:30;;ENTREGUE;8396;MultiModal;02/09/2026 06:35;02/09/2026 19:16;;03/09/2026 10:04;5;NÃO;FORA DE GRU;AGENTE;AGENTE - JERSSICA DE FREITAS DE OLIVEIRA;TRANSPORTE;EM ROTA -TERCEIROS;RECEBIDO;TRANSPORTE · EM ROTA -TERCEIROS · RECEBIDO;A0329;08/09/2026 16:13;;Datalogger recebido pelo agente com sucesso.;ACIONAR AGENTE/RESPONSÁVEL
565419;A6583;ARES;00019200000014150140;PB;MINISTÉRIO DA SAUDE;01/09/2026 22:39;03/09/2026 10:30;;ENTREGUE;8396;MultiModal;02/09/2026 06:35;02/09/2026 19:16;;03/09/2026 10:04;5;NÃO;FORA DE GRU;AGENTE;AGENTE - JERSSICA DE FREITAS DE OLIVEIRA;TRANSPORTE;EM ROTA -TERCEIROS;RECEBIDO;TRANSPORTE · EM ROTA -TERCEIROS · RECEBIDO;A6583;08/09/2026 15:45;;Datalogger recebido pelo agente com sucesso.;ACIONAR AGENTE/RESPONSÁVEL
565419;A9398;ARES;00019200000014150158;PB;MINISTÉRIO DA SAUDE;01/09/2026 22:39;03/09/2026 10:30;;ENTREGUE;8396;MultiModal;02/09/2026 06:35;02/09/2026 19:16;;03/09/2026 10:04;5;NÃO;FORA DE GRU;AGENTE;AGENTE - JERSSICA DE FREITAS DE OLIVEIRA;TRANSPORTE;EM ROTA -TERCEIROS;RECEBIDO;TRANSPORTE · EM ROTA -TERCEIROS · RECEBIDO;A9398;08/09/2026 16:02;;Datalogger recebido pelo agente com sucesso.;ACIONAR AGENTE/RESPONSÁVEL
565419;A6082;ARES;00019200000014150166;PB;MINISTÉRIO DA SAUDE;01/09/2026 22:39;03/09/2026 10:30;;ENTREGUE;8396;MultiModal;02/09/2026 06:35;02/09/2026 19:16;;03/09/2026 10:04;5;NÃO;FORA DE GRU;AGENTE;AGENTE - JERSSICA DE FREITAS DE OLIVEIRA;TRANSPORTE;EM ROTA -TERCEIROS;RECEBIDO;TRANSPORTE · EM ROTA -TERCEIROS · RECEBIDO;A6082;08/09/2026 16:11;;Datalogger recebido pelo agente com sucesso.;ACIONAR AGENTE/RESPONSÁVEL
565419;A4944;ARES;00019200000014150581;PB;MINISTÉRIO DA SAUDE;01/09/2026 22:39;03/09/2026 10:30;;ENTREGUE;8396;MultiModal;02/09/2026 06:35;02/09/2026 19:16;;03/09/2026 10:04;5;NÃO;FORA DE GRU;AGENTE;AGENTE - JERSSICA DE FREITAS DE OLIVEIRA;TRANSPORTE;EM ROTA -TERCEIROS;RECEBIDO;TRANSPORTE · EM ROTA -TERCEIROS · RECEBIDO;A4944;08/09/2026 16:12;;Datalogger recebido pelo agente com sucesso.;ACIONAR AGENTE/RESPONSÁVEL
565419;TA1113;ARES;00019200000014150590;PB;MINISTÉRIO DA SAUDE;01/09/2026 22:39;03/09/2026 10:30;;ENTREGUE;8396;MultiModal;02/09/2026 06:35;02/09/2026 19:16;;03/09/2026 10:04;5;NÃO;FORA DE GRU;AGENTE;AGENTE - JERSSICA DE FREITAS DE OLIVEIRA;TRANSPORTE;EM ROTA -TERCEIROS;RECEBIDO;TRANSPORTE · EM ROTA -TERCEIROS · RECEBIDO;TA1113;08/09/2026 16:13;;Datalogger recebido pelo agente com sucesso.;ACIONAR AGENTE/RESPONSÁVEL
565419;A7827;ARES;00019200000014150603;PB;MINISTÉRIO DA SAUDE;01/09/2026 22:39;03/09/2026 10:30;;ENTREGUE;8396;MultiModal;02/09/2026 06:35;02/09/2026 19:16;;03/09/2026 10:04;5;NÃO;FORA DE GRU;AGENTE;AGENTE - JERSSICA DE FREITAS DE OLIVEIRA;TRANSPORTE;EM ROTA -TERCEIROS;RECEBIDO;TRANSPORTE · EM ROTA -TERCEIROS · RECEBIDO;A7827;08/09/2026 16:12;;Datalogger recebido pelo agente com sucesso.;ACIONAR AGENTE/RESPONSÁVEL
565419;A0734;ARES;00019200000014150611;PB;MINISTÉRIO DA SAUDE;01/09/2026 22:39;03/09/2026 10:30;;ENTREGUE;8396;MultiModal;02/09/2026 06:35;02/09/2026 19:16;;03/09/2026 10:04;5;NÃO;FORA DE GRU;AGENTE;AGENTE - JERSSICA DE FREITAS DE OLIVEIRA;TRANSPORTE;EM ROTA -TERCEIROS;RECEBIDO;TRANSPORTE · EM ROTA -TERCEIROS · RECEBIDO;A0734;08/09/2026 16:13;;Datalogger recebido pelo agente com sucesso.;ACIONAR AGENTE/RESPONSÁVEL
565419;TA0322;ARES;00019200000014150620;PB;MINISTÉRIO DA SAUDE;01/09/2026 22:39;03/09/2026 10:30;;ENTREGUE;8396;MultiModal;02/09/2026 06:35;02/09/2026 19:16;;03/09/2026 10:04;5;NÃO;FORA DE GRU;AGENTE;AGENTE - JERSSICA DE FREITAS DE OLIVEIRA;TRANSPORTE;EM ROTA -TERCEIROS;RECEBIDO;TRANSPORTE · EM ROTA -TERCEIROS · RECEBIDO;TA0322;08/09/2026 16:11;;Datalogger recebido pelo agente com sucesso.;ACIONAR AGENTE/RESPONSÁVEL
565419;A4865;ARES;00019200000014150638;PB;MINISTÉRIO DA SAUDE;01/09/2026 22:39;03/09/2026 10:30;;ENTREGUE;8396;MultiModal;02/09/2026 06:35;02/09/2026 19:16;;03/09/2026 10:04;5;NÃO;FORA DE GRU;AGENTE;AGENTE - JERSSICA DE FREITAS DE OLIVEIRA;TRANSPORTE;EM ROTA -TERCEIROS;RECEBIDO;TRANSPORTE · EM ROTA -TERCEIROS · RECEBIDO;A4865;08/09/2026 16:13;;Datalogger recebido pelo agente com sucesso.;ACIONAR AGENTE/RESPONSÁVEL
566810;A6849;ARES;00019200000014149222;PE;MINISTÉRIO DA SAUDE;01/09/2026 03:51;03/09/2026 10:18;03/09/2026 10:18;RECEBIDO NO CLIENTE;8381;MultiModal;02/09/2026 07:58;02/09/2026 12:29;;03/09/2026 08:59;5;NÃO;RETORNANDO PARA GRU (NÃO RECEBIDO);RETORNANDO - GRU;VTC - MARIA LETICIA BRITO DA SILVA;EM ESTOQUE;SALDO DE ESTOQUE;PENDENTE RECEBIMENTO;EM ESTOQUE · SALDO DE ESTOQUE · PENDENTE RECEBIMENTO;A6849;03/09/2026 15:04;;Datalogger enviado para agente VTCLOG RECIFE pelo serviço de integração do ESL.;ACOMPANHAR RECEBIMENTO EM GRU
566420;A1501;ARES;00019200000014152819;MT;MINISTÉRIO DA SAUDE;31/08/2026 22:42;03/09/2026 10:03;;ENTREGUE;8364;MultiModal;02/09/2026 01:23;02/09/2026 05:21;;02/09/2026 16:13;5;NÃO;FORA DE GRU;AGENTE;AGENTE - ROBERTA ALESSANDRA BARCELOS DA SILVA;TRANSPORTE;EM ROTA -TERCEIROS;PENDENTE RECEBIMENTO;TRANSPORTE · EM ROTA -TERCEIROS · PENDENTE RECEBIMENTO;A1501;31/08/2026 23:17;;Datalogger enviado para agente JOSE DE MORAIS RODRIGUES (JR TRANSPORTES) pelo serviço de integração do ESL.;ACIONAR AGENTE/RESPONSÁVEL
566162;A2442;ARES;00019200000014024322;RR;MINISTÉRIO DA SAUDE;29/08/2026 23:33;03/09/2026 10:00;;ENTREGUE;8337;MultiModal;02/09/2026 20:59;03/09/2026 01:00;;03/08/2026 09:42;5;NÃO;FORA DE GRU;AGENTE;AGENTE - NICOLLE CHRISTIE CAMPOS MAGALHÃES;TRANSPORTE;EM ROTA -TERCEIROS;PENDENTE RECEBIMENTO;TRANSPORTE · EM ROTA -TERCEIROS · PENDENTE RECEBIMENTO;A2442;30/08/2026 02:10;;Datalogger enviado para agente J PIMENTEL S. CUNHA LTDA pelo serviço de integração do ESL.;ACIONAR AGENTE/RESPONSÁVEL
566834;A7754;ARES;00019200000014186659;PR;MINISTÉRIO DA SAUDE;01/09/2026 22:43;03/09/2026 09:50;;ENTREGUE;8396;MultiModal;02/09/2026 17:20;02/09/2026 19:16;;31/08/2026 18:03;5;SIM;EM GRU;ESTOQUE - GRU;VTC - ANA PAULA OLIVEIRA DA SILVA;EM ESTOQUE;SALDO DE ESTOQUE;RECEBIDO;EM ESTOQUE · SALDO DE ESTOQUE · RECEBIDO;A7754;07/09/2026 14:41;;Datalogger restaurado para o estoque manualmente pelo usuário.;SINCRONIZAR EM GRU
565937;A5061;ARES;00019200000014019647;SC;MINISTÉRIO DA SAUDE;26/08/2026 01:44;03/09/2026 09:00;;ENTREGUE;8264;MultiModal;30/08/2026 04:13;31/08/2026 06:02;;24/08/2026 11:39;5;NÃO;FORA DE GRU;AGENTE;AGENTE - RAIANA ASSIS DOS SANTOS;TRANSPORTE;EM ROTA -TERCEIROS;PENDENTE RECEBIMENTO;TRANSPORTE · EM ROTA -TERCEIROS · PENDENTE RECEBIMENTO;A5061;26/08/2026 05:56;;Datalogger enviado para agente TGEX TRANSPORTES E LOCACAO DE VEICULOS LTDA pelo serviço de integração do ESL.;ACIONAR AGENTE/RESPONSÁVEL
566796;A2802;ARES;00019200000014148994;MT;MINISTÉRIO DA SAUDE;31/08/2026 23:09;03/09/2026 08:14;;ENTREGUE;8365;MultiModal;02/09/2026 01:23;02/09/2026 05:21;;02/09/2026 16:21;5;NÃO;FORA DE GRU;AGENTE;AGENTE - ROBERTA ALESSANDRA BARCELOS DA SILVA;TRANSPORTE;EM ROTA -TERCEIROS;PENDENTE RECEBIMENTO;TRANSPORTE · EM ROTA -TERCEIROS · PENDENTE RECEBIMENTO;A2802;31/08/2026 23:42;;Datalogger enviado para agente JOSE DE MORAIS RODRIGUES (JR TRANSPORTES) pelo serviço de integração do ESL.;ACIONAR AGENTE/RESPONSÁVEL
565258;A0162;ARES;00019200000014058413;BA;MINISTÉRIO DA SAUDE;01/09/2026 03:49;03/09/2026 08:13;;ENTREGUE;8400;MultiModal;02/09/2026 12:46;02/09/2026 22:55;;01/09/2026 11:44;5;NÃO;FORA DE GRU;AGENTE;AGENTE - RAIANA ASSIS DOS SANTOS;TRANSPORTE;EM TRÂNSITO;PENDENTE RECEBIMENTO;TRANSPORTE · EM TRÂNSITO · PENDENTE RECEBIMENTO;A0162;05/09/2026 09:11;31629;Datalogger enviado para devolução pelo agente.;ACIONAR AGENTE/RESPONSÁVEL
565258;A4417;ARES;00019200000014059177;BA;MINISTÉRIO DA SAUDE;01/09/2026 03:49;03/09/2026 08:13;;ENTREGUE;8400;MultiModal;02/09/2026 12:46;02/09/2026 22:55;;01/09/2026 14:19;5;NÃO;FORA DE GRU;AGENTE;AGENTE - RAIANA ASSIS DOS SANTOS;TRANSPORTE;EM TRÂNSITO;PENDENTE RECEBIMENTO;TRANSPORTE · EM TRÂNSITO · PENDENTE RECEBIMENTO;A4417;05/09/2026 09:12;31629;Datalogger enviado para devolução pelo agente.;ACIONAR AGENTE/RESPONSÁVEL
566354;A7017;ARES;00019200000014153645;PR;MINISTÉRIO DA SAUDE;29/08/2026 23:33;02/09/2026 19:00;;ENTREGUE;8344;MultiModal;30/08/2026 04:13;31/08/2026 01:03;;27/08/2026 10:38;5;NÃO;FORA DE GRU;AGENTE;AGENTE - ROSANA HONORATO DA SILVA;TRANSPORTE;EM ROTA -TERCEIROS;PENDENTE RECEBIMENTO;TRANSPORTE · EM ROTA -TERCEIROS · PENDENTE RECEBIMENTO;A7017;30/08/2026 02:08;;Datalogger enviado para agente TGEX TRANSPORTES E LOCACAO DE VEICULOS LTDA pelo serviço de integração do ESL.;ACIONAR AGENTE/RESPONSÁVEL
566010;TA0721;ARES;00019200000014059100;AM;MINISTÉRIO DA SAUDE;31/08/2026 23:09;02/09/2026 18:06;02/09/2026 18:06;RECEBIDO NO CLIENTE;8365;MultiModal;02/09/2026 01:20;02/09/2026 05:01;;02/09/2026 10:31;6;SIM;EM GRU;ESTOQUE - GRU;VTC - ANA PAULA OLIVEIRA DA SILVA;EM ESTOQUE;SALDO DE ESTOQUE;RECEBIDO;EM ESTOQUE · SALDO DE ESTOQUE · RECEBIDO;TA0721;07/09/2026 14:30;;Datalogger restaurado para o estoque manualmente pelo usuário.;SINCRONIZAR EM GRU
566020;A5230;ARES;00019200000014058995;TO;MINISTÉRIO DA SAUDE;31/08/2026 22:40;02/09/2026 18:00;;ENTREGUE;8364;MultiModal;01/09/2026 15:52;01/09/2026 19:16;;02/09/2026 11:13;6;NÃO;FORA DE GRU;AGENTE;SYS - Usuário sistema;TRANSPORTE;EM ROTA -TERCEIROS;PENDENTE RECEBIMENTO;TRANSPORTE · EM ROTA -TERCEIROS · PENDENTE RECEBIMENTO;A5230;31/08/2026 23:25;;Datalogger enviado para agente MK BILLIG TRANSPORTE DE CARGAS E LOGISTICA LTDA pelo serviço de integração do ESL.;ACIONAR AGENTE/RESPONSÁVEL
566064;TA0660;ARES;00019200000014024365;TO;MINISTÉRIO DA SAUDE;31/08/2026 23:20;02/09/2026 18:00;;ENTREGUE;8368;MultiModal;01/09/2026 15:52;01/09/2026 19:15;;02/09/2026 11:13;6;NÃO;FORA DE GRU;AGENTE;AGENTE - JOSE AIRTON LOURENCO DE OLIVEIRA JUNIOR;TRANSPORTE;EM ROTA -TERCEIROS;PENDENTE RECEBIMENTO;TRANSPORTE · EM ROTA -TERCEIROS · PENDENTE RECEBIMENTO;TA0660;31/08/2026 23:54;;Datalogger enviado para agente MK BILLIG TRANSPORTE DE CARGAS E LOGISTICA LTDA pelo serviço de integração do ESL.;ACIONAR AGENTE/RESPONSÁVEL
566064;TA0800;ARES;00019200000014024373;TO;MINISTÉRIO DA SAUDE;31/08/2026 23:20;02/09/2026 18:00;;ENTREGUE;8368;MultiModal;01/09/2026 15:52;01/09/2026 19:15;;02/09/2026 11:13;6;NÃO;FORA DE GRU;AGENTE;AGENTE - JOSE AIRTON LOURENCO DE OLIVEIRA JUNIOR;TRANSPORTE;EM ROTA -TERCEIROS;PENDENTE RECEBIMENTO;TRANSPORTE · EM ROTA -TERCEIROS · PENDENTE RECEBIMENTO;TA0800;31/08/2026 23:54;;Datalogger enviado para agente MK BILLIG TRANSPORTE DE CARGAS E LOGISTICA LTDA pelo serviço de integração do ESL.;ACIONAR AGENTE/RESPONSÁVEL
566064;A0707;ARES;00019200000014024381;TO;MINISTÉRIO DA SAUDE;31/08/2026 23:20;02/09/2026 18:00;;ENTREGUE;8368;MultiModal;01/09/2026 15:52;01/09/2026 19:15;;02/09/2026 11:13;6;NÃO;FORA DE GRU;AGENTE;AGENTE - MARCOS JOSE ARAUJO DE ASSIS;TRANSPORTE;EM ROTA -TERCEIROS;PENDENTE RECEBIMENTO;TRANSPORTE · EM ROTA -TERCEIROS · PENDENTE RECEBIMENTO;A0707;31/08/2026 23:54;;Datalogger enviado para agente MK BILLIG TRANSPORTE DE CARGAS E LOGISTICA LTDA pelo serviço de integração do ESL.;ACIONAR AGENTE/RESPONSÁVEL
566300;TA1005;ARES;00019200000014147645;TO;MINISTÉRIO DA SAUDE;31/08/2026 23:08;02/09/2026 18:00;;ENTREGUE;8365;MultiModal;01/09/2026 15:52;01/09/2026 19:15;;02/09/2026 11:13;6;NÃO;FORA DE GRU;AGENTE;AGENTE - MOACIR ALBUQUERQUE DE LIMA;TRANSPORTE;EM ROTA -TERCEIROS;PENDENTE RECEBIMENTO;TRANSPORTE · EM ROTA -TERCEIROS · PENDENTE RECEBIMENTO;TA1005;31/08/2026 23:54;;Datalogger enviado para agente MK BILLIG TRANSPORTE DE CARGAS E LOGISTICA LTDA pelo serviço de integração do ESL.;ACIONAR AGENTE/RESPONSÁVEL
566300;A4526;ARES;00019200000014147653;TO;MINISTÉRIO DA SAUDE;31/08/2026 23:08;02/09/2026 18:00;;ENTREGUE;8365;MultiModal;01/09/2026 15:52;01/09/2026 19:15;;02/09/2026 11:13;6;NÃO;FORA DE GRU;AGENTE;AGENTE - KÊMILLY D SILVA;TRANSPORTE;EM ROTA -TERCEIROS;PENDENTE RECEBIMENTO;TRANSPORTE · EM ROTA -TERCEIROS · PENDENTE RECEBIMENTO;A4526;31/08/2026 23:54;;Datalogger enviado para agente MK BILLIG TRANSPORTE DE CARGAS E LOGISTICA LTDA pelo serviço de integração do ESL.;ACIONAR AGENTE/RESPONSÁVEL
566300;TA0847;ARES;00019200000014147661;TO;MINISTÉRIO DA SAUDE;31/08/2026 23:08;02/09/2026 18:00;;ENTREGUE;8365;MultiModal;01/09/2026 15:52;01/09/2026 19:15;;02/09/2026 11:13;6;NÃO;FORA DE GRU;AGENTE;AGENTE - EDINALDO PINTO CASSIMIRO;TRANSPORTE;EM ROTA -TERCEIROS;PENDENTE RECEBIMENTO;TRANSPORTE · EM ROTA -TERCEIROS · PENDENTE RECEBIMENTO;TA0847;31/08/2026 23:54;;Datalogger enviado para agente MK BILLIG TRANSPORTE DE CARGAS E LOGISTICA LTDA pelo serviço de integração do ESL.;ACIONAR AGENTE/RESPONSÁVEL
566300;A5955;ARES;00019200000014147670;TO;MINISTÉRIO DA SAUDE;31/08/2026 23:08;02/09/2026 18:00;;ENTREGUE;8365;MultiModal;01/09/2026 15:52;01/09/2026 19:15;;02/09/2026 11:13;6;NÃO;FORA DE GRU;AGENTE;AGENTE - JERSSICA DE FREITAS DE OLIVEIRA;TRANSPORTE;EM ROTA -TERCEIROS;PENDENTE RECEBIMENTO;TRANSPORTE · EM ROTA -TERCEIROS · PENDENTE RECEBIMENTO;A5955;31/08/2026 23:54;;Datalogger enviado para agente MK BILLIG TRANSPORTE DE CARGAS E LOGISTICA LTDA pelo serviço de integração do ESL.;ACIONAR AGENTE/RESPONSÁVEL
566300;A9424;ARES;00019200000014147688;TO;MINISTÉRIO DA SAUDE;31/08/2026 23:08;02/09/2026 18:00;;ENTREGUE;8365;MultiModal;01/09/2026 15:52;01/09/2026 19:15;;02/09/2026 11:13;6;NÃO;FORA DE GRU;AGENTE;AGENTE - RAIANA ASSIS DOS SANTOS;TRANSPORTE;EM ROTA -TERCEIROS;PENDENTE RECEBIMENTO;TRANSPORTE · EM ROTA -TERCEIROS · PENDENTE RECEBIMENTO;A9424;31/08/2026 23:54;;Datalogger enviado para agente MK BILLIG TRANSPORTE DE CARGAS E LOGISTICA LTDA pelo serviço de integração do ESL.;ACIONAR AGENTE/RESPONSÁVEL
566300;A8876;ARES;00019200000014147696;TO;MINISTÉRIO DA SAUDE;31/08/2026 23:08;02/09/2026 18:00;;ENTREGUE;8365;MultiModal;01/09/2026 15:52;01/09/2026 19:15;;02/09/2026 11:13;6;NÃO;FORA DE GRU;AGENTE;AGENTE - IARA HOLANDA NOZOR TELES;TRANSPORTE;EM ROTA -TERCEIROS;PENDENTE RECEBIMENTO;TRANSPORTE · EM ROTA -TERCEIROS · PENDENTE RECEBIMENTO;A8876;31/08/2026 23:54;;Datalogger enviado para agente MK BILLIG TRANSPORTE DE CARGAS E LOGISTICA LTDA pelo serviço de integração do ESL.;ACIONAR AGENTE/RESPONSÁVEL
566300;A6093;ARES;00019200000014147700;TO;MINISTÉRIO DA SAUDE;31/08/2026 23:08;02/09/2026 18:00;;ENTREGUE;8365;MultiModal;01/09/2026 15:52;01/09/2026 19:15;;02/09/2026 11:13;6;NÃO;FORA DE GRU;AGENTE;AGENTE - KESIA SARAI ARAUJO SILVA;TRANSPORTE;EM ROTA -TERCEIROS;PENDENTE RECEBIMENTO;TRANSPORTE · EM ROTA -TERCEIROS · PENDENTE RECEBIMENTO;A6093;31/08/2026 23:54;;Datalogger enviado para agente MK BILLIG TRANSPORTE DE CARGAS E LOGISTICA LTDA pelo serviço de integração do ESL.;ACIONAR AGENTE/RESPONSÁVEL
566300;A2225;ARES;00019200000014147718;TO;MINISTÉRIO DA SAUDE;31/08/2026 23:08;02/09/2026 18:00;;ENTREGUE;8365;MultiModal;01/09/2026 15:52;01/09/2026 19:15;;02/09/2026 11:13;6;NÃO;FORA DE GRU;AGENTE;AGENTE - CHARLE BRASIL SILVERIO;TRANSPORTE;EM ROTA -TERCEIROS;PENDENTE RECEBIMENTO;TRANSPORTE · EM ROTA -TERCEIROS · PENDENTE RECEBIMENTO;A2225;31/08/2026 23:54;;Datalogger enviado para agente MK BILLIG TRANSPORTE DE CARGAS E LOGISTICA LTDA pelo serviço de integração do ESL.;ACIONAR AGENTE/RESPONSÁVEL
566300;A9379;ARES;00019200000014147726;TO;MINISTÉRIO DA SAUDE;31/08/2026 23:08;02/09/2026 18:00;;ENTREGUE;8365;MultiModal;01/09/2026 15:52;01/09/2026 19:15;;02/09/2026 11:13;6;NÃO;FORA DE GRU;AGENTE;AGENTE - ROSANA HONORATO DA SILVA;TRANSPORTE;EM ROTA -TERCEIROS;PENDENTE RECEBIMENTO;TRANSPORTE · EM ROTA -TERCEIROS · PENDENTE RECEBIMENTO;A9379;31/08/2026 23:54;;Datalogger enviado para agente MK BILLIG TRANSPORTE DE CARGAS E LOGISTICA LTDA pelo serviço de integração do ESL.;ACIONAR AGENTE/RESPONSÁVEL
566300;TA0018;ARES;00019200000014147734;TO;MINISTÉRIO DA SAUDE;31/08/2026 23:08;02/09/2026 18:00;;ENTREGUE;8365;MultiModal;01/09/2026 15:52;01/09/2026 19:15;;02/09/2026 11:13;6;NÃO;FORA DE GRU;AGENTE;SYS - Usuário sistema;TRANSPORTE;EM ROTA -TERCEIROS;PENDENTE RECEBIMENTO;TRANSPORTE · EM ROTA -TERCEIROS · PENDENTE RECEBIMENTO;TA0018;31/08/2026 23:54;;Datalogger enviado para agente MK BILLIG TRANSPORTE DE CARGAS E LOGISTICA LTDA pelo serviço de integração do ESL.;ACIONAR AGENTE/RESPONSÁVEL
566300;A4359;ARES;00019200000014147742;TO;MINISTÉRIO DA SAUDE;31/08/2026 23:08;02/09/2026 18:00;;ENTREGUE;8365;MultiModal;01/09/2026 15:52;01/09/2026 19:15;;02/09/2026 11:13;6;NÃO;FORA DE GRU;AGENTE;AGENTE - CHARLE BRASIL SILVERIO;TRANSPORTE;EM ROTA -TERCEIROS;PENDENTE RECEBIMENTO;TRANSPORTE · EM ROTA -TERCEIROS · PENDENTE RECEBIMENTO;A4359;31/08/2026 23:54;;Datalogger enviado para agente MK BILLIG TRANSPORTE DE CARGAS E LOGISTICA LTDA pelo serviço de integração do ESL.;ACIONAR AGENTE/RESPONSÁVEL
566300;A9408;ARES;00019200000014147750;TO;MINISTÉRIO DA SAUDE;31/08/2026 23:08;02/09/2026 18:00;;ENTREGUE;8365;MultiModal;01/09/2026 15:52;01/09/2026 19:15;;02/09/2026 11:13;6;NÃO;FORA DE GRU;AGENTE;AGENTE - CHARLE BRASIL SILVERIO;TRANSPORTE;EM ROTA -TERCEIROS;PENDENTE RECEBIMENTO;TRANSPORTE · EM ROTA -TERCEIROS · PENDENTE RECEBIMENTO;A9408;31/08/2026 23:54;;Datalogger enviado para agente MK BILLIG TRANSPORTE DE CARGAS E LOGISTICA LTDA pelo serviço de integração do ESL.;ACIONAR AGENTE/RESPONSÁVEL
566300;A1808;ARES;00019200000014149699;TO;MINISTÉRIO DA SAUDE;31/08/2026 23:08;02/09/2026 18:00;;ENTREGUE;8365;MultiModal;01/09/2026 15:52;01/09/2026 19:15;;02/09/2026 11:13;6;NÃO;FORA DE GRU;AGENTE;AGENTE - IARA HOLANDA NOZOR TELES;TRANSPORTE;EM ROTA -TERCEIROS;PENDENTE RECEBIMENTO;TRANSPORTE · EM ROTA -TERCEIROS · PENDENTE RECEBIMENTO;A1808;31/08/2026 23:54;;Datalogger enviado para agente MK BILLIG TRANSPORTE DE CARGAS E LOGISTICA LTDA pelo serviço de integração do ESL.;ACIONAR AGENTE/RESPONSÁVEL
566300;A5877;ARES;00019200000014178702;TO;MINISTÉRIO DA SAUDE;31/08/2026 23:08;02/09/2026 18:00;;ENTREGUE;8365;MultiModal;01/09/2026 15:52;01/09/2026 19:15;;27/08/2026 09:23;6;NÃO;FORA DE GRU;AGENTE;AGENTE - RAIANA ASSIS DOS SANTOS;TRANSPORTE;EM ROTA -TERCEIROS;PENDENTE RECEBIMENTO;TRANSPORTE · EM ROTA -TERCEIROS · PENDENTE RECEBIMENTO;A5877;31/08/2026 23:54;;Datalogger enviado para agente MK BILLIG TRANSPORTE DE CARGAS E LOGISTICA LTDA pelo serviço de integração do ESL.;ACIONAR AGENTE/RESPONSÁVEL
565278;A8591;ARES;00019200000014057590;ES;MINISTÉRIO DA SAUDE;01/09/2026 03:50;02/09/2026 16:30;;ENTREGUE;8385;MultiModal;01/09/2026 11:17;02/09/2026 02:36;;31/08/2026 08:46;6;NÃO;RETORNANDO PARA GRU (NÃO RECEBIDO);RETORNANDO - GRU;VTC - VIVIAN SOARES PINTO SILVA;EM ESTOQUE;SALDO DE ESTOQUE;PENDENTE RECEBIMENTO;EM ESTOQUE · SALDO DE ESTOQUE · PENDENTE RECEBIMENTO;A8591;03/09/2026 16:22;;Datalogger enviado para agente SOULOG SOLUCOES EM TRANSPORTES E SERVICOS LTDA pelo serviço de integração do ESL.;ACOMPANHAR RECEBIMENTO EM GRU
565278;A3520;ARES;00019200000014057638;ES;MINISTÉRIO DA SAUDE;01/09/2026 03:50;02/09/2026 16:30;;ENTREGUE;8387;MultiModal;01/09/2026 11:17;02/09/2026 02:36;;31/08/2026 09:45;6;NÃO;RETORNANDO PARA GRU (NÃO RECEBIDO);RETORNANDO - GRU;VTC - VIVIAN SOARES PINTO SILVA;EM ESTOQUE;SALDO DE ESTOQUE;PENDENTE RECEBIMENTO;EM ESTOQUE · SALDO DE ESTOQUE · PENDENTE RECEBIMENTO;A3520;03/09/2026 16:23;;Datalogger enviado para agente SOULOG SOLUCOES EM TRANSPORTES E SERVICOS LTDA pelo serviço de integração do ESL.;ACOMPANHAR RECEBIMENTO EM GRU
565278;A0402;ARES;00019200000014057646;ES;MINISTÉRIO DA SAUDE;01/09/2026 03:50;02/09/2026 16:30;;ENTREGUE;8387;MultiModal;01/09/2026 11:17;02/09/2026 02:36;;31/08/2026 08:45;6;NÃO;RETORNANDO PARA GRU (NÃO RECEBIDO);RETORNANDO - GRU;VTC - VIVIAN SOARES PINTO SILVA;EM ESTOQUE;SALDO DE ESTOQUE;PENDENTE RECEBIMENTO;EM ESTOQUE · SALDO DE ESTOQUE · PENDENTE RECEBIMENTO;A0402;03/09/2026 16:24;;Datalogger enviado para agente SOULOG SOLUCOES EM TRANSPORTES E SERVICOS LTDA pelo serviço de integração do ESL.;ACOMPANHAR RECEBIMENTO EM GRU
565278;A8088;ARES;00019200000014059371;ES;MINISTÉRIO DA SAUDE;01/09/2026 03:50;02/09/2026 16:30;;ENTREGUE;8381;MultiModal;01/09/2026 11:17;02/09/2026 02:36;;31/08/2026 20:40;6;NÃO;RETORNANDO PARA GRU (NÃO RECEBIDO);RETORNANDO - GRU;VTC - VIVIAN SOARES PINTO SILVA;EM ESTOQUE;SALDO DE ESTOQUE;PENDENTE RECEBIMENTO;EM ESTOQUE · SALDO DE ESTOQUE · PENDENTE RECEBIMENTO;A8088;03/09/2026 16:19;;Datalogger enviado para agente SOULOG SOLUCOES EM TRANSPORTES E SERVICOS LTDA pelo serviço de integração do ESL.;ACOMPANHAR RECEBIMENTO EM GRU
565278;A3889;ARES;00019200000014059452;ES;MINISTÉRIO DA SAUDE;01/09/2026 03:50;02/09/2026 16:30;;ENTREGUE;8387;MultiModal;01/09/2026 11:17;02/09/2026 02:36;;31/08/2026 08:56;6;NÃO;RETORNANDO PARA GRU (NÃO RECEBIDO);RETORNANDO - GRU;VTC - VIVIAN SOARES PINTO SILVA;EM ESTOQUE;SALDO DE ESTOQUE;PENDENTE RECEBIMENTO;EM ESTOQUE · SALDO DE ESTOQUE · PENDENTE RECEBIMENTO;A3889;03/09/2026 16:24;;Datalogger enviado para agente SOULOG SOLUCOES EM TRANSPORTES E SERVICOS LTDA pelo serviço de integração do ESL.;ACOMPANHAR RECEBIMENTO EM GRU
565278;A0280;ARES;00019200000014059940;ES;MINISTÉRIO DA SAUDE;01/09/2026 03:50;02/09/2026 16:30;;ENTREGUE;8381;MultiModal;01/09/2026 11:17;02/09/2026 02:36;;31/08/2026 20:38;6;NÃO;RETORNANDO PARA GRU (NÃO RECEBIDO);RETORNANDO - GRU;VTC - VIVIAN SOARES PINTO SILVA;EM ESTOQUE;SALDO DE ESTOQUE;PENDENTE RECEBIMENTO;EM ESTOQUE · SALDO DE ESTOQUE · PENDENTE RECEBIMENTO;A0280;03/09/2026 16:21;;Datalogger enviado para agente SOULOG SOLUCOES EM TRANSPORTES E SERVICOS LTDA pelo serviço de integração do ESL.;ACOMPANHAR RECEBIMENTO EM GRU
565278;A8574;ARES;00019200000014059967;ES;MINISTÉRIO DA SAUDE;01/09/2026 03:50;02/09/2026 16:30;;ENTREGUE;8381;MultiModal;01/09/2026 11:17;02/09/2026 02:36;;31/08/2026 20:38;6;NÃO;RETORNANDO PARA GRU (NÃO RECEBIDO);RETORNANDO - GRU;VTC - VIVIAN SOARES PINTO SILVA;EM ESTOQUE;SALDO DE ESTOQUE;PENDENTE RECEBIMENTO;EM ESTOQUE · SALDO DE ESTOQUE · PENDENTE RECEBIMENTO;A8574;03/09/2026 16:14;;Datalogger enviado para agente SOULOG SOLUCOES EM TRANSPORTES E SERVICOS LTDA pelo serviço de integração do ESL.;ACOMPANHAR RECEBIMENTO EM GRU
565224;TA0687;ARES;00019200000014032430;RN;MINISTÉRIO DA SAUDE;01/09/2026 03:50;02/09/2026 16:15;;ENTREGUE;8381;MultiModal;02/09/2026 00:15;02/09/2026 00:36;;28/08/2026 16:38;6;NÃO;FORA DE GRU;AGENTE;AGENTE - CHARLE BRASIL SILVERIO;TRANSPORTE;EM ROTA -TERCEIROS;RECEBIDO;TRANSPORTE · EM ROTA -TERCEIROS · RECEBIDO;TA0687;04/09/2026 11:32;;Datalogger recebido pelo agente com sucesso.;ACIONAR AGENTE/RESPONSÁVEL
565224;A7591;ARES;00019200000014032449;RN;MINISTÉRIO DA SAUDE;01/09/2026 03:50;02/09/2026 16:15;;ENTREGUE;8381;MultiModal;02/09/2026 00:15;02/09/2026 00:36;;27/08/2026 15:35;6;NÃO;FORA DE GRU;AGENTE;AGENTE - CHARLE BRASIL SILVERIO;TRANSPORTE;EM ROTA -TERCEIROS;RECEBIDO;TRANSPORTE · EM ROTA -TERCEIROS · RECEBIDO;A7591;04/09/2026 11:34;;Datalogger recebido pelo agente com sucesso.;ACIONAR AGENTE/RESPONSÁVEL
565224;TA1031;ARES;00019200000014032481;RN;MINISTÉRIO DA SAUDE;01/09/2026 03:50;02/09/2026 16:15;;ENTREGUE;8381;MultiModal;02/09/2026 00:15;02/09/2026 00:36;;07/08/2026 11:59;6;NÃO;FORA DE GRU;AGENTE;AGENTE - CHARLE BRASIL SILVERIO;TRANSPORTE;EM ROTA -TERCEIROS;RECEBIDO;TRANSPORTE · EM ROTA -TERCEIROS · RECEBIDO;TA1031;04/09/2026 11:31;;Datalogger recebido pelo agente com sucesso.;ACIONAR AGENTE/RESPONSÁVEL
565224;A5307;ARES;00019200000014032490;RN;MINISTÉRIO DA SAUDE;01/09/2026 03:50;02/09/2026 16:15;;ENTREGUE;8381;MultiModal;02/09/2026 00:15;02/09/2026 00:36;;06/08/2026 12:00;6;NÃO;FORA DE GRU;AGENTE;AGENTE - CHARLE BRASIL SILVERIO;TRANSPORTE;EM ROTA -TERCEIROS;RECEBIDO;TRANSPORTE · EM ROTA -TERCEIROS · RECEBIDO;A5307;04/09/2026 11:34;;Datalogger recebido pelo agente com sucesso.;ACIONAR AGENTE/RESPONSÁVEL
564612;A9496;ARES;00019200000014032627;PA;MINISTÉRIO DA SAUDE;01/09/2026 00:12;02/09/2026 16:00;;ENTREGUE;8372;MultiModal;01/09/2026 14:09;02/09/2026 02:43;;31/08/2026 08:47;6;NÃO;FORA DE GRU;AGENTE;AGENTE - IARA HOLANDA NOZOR TELES;TRANSPORTE;EM ROTA -TERCEIROS;PENDENTE RECEBIMENTO;TRANSPORTE · EM ROTA -TERCEIROS · PENDENTE RECEBIMENTO;A9496;02/09/2026 11:03;;Datalogger enviado para agente VTC OPERADORA LOGISTICA LTDA pelo serviço de integração do ESL.;ACIONAR AGENTE/RESPONSÁVEL
564612;A1053;ARES;00019200000014032848;PA;MINISTÉRIO DA SAUDE;01/09/2026 00:12;02/09/2026 16:00;;ENTREGUE;8372;MultiModal;01/09/2026 14:09;02/09/2026 02:43;;31/08/2026 08:45;6;NÃO;FORA DE GRU;AGENTE;AGENTE - IARA HOLANDA NOZOR TELES;TRANSPORTE;EM ROTA -TERCEIROS;PENDENTE RECEBIMENTO;TRANSPORTE · EM ROTA -TERCEIROS · PENDENTE RECEBIMENTO;A1053;02/09/2026 11:03;;Datalogger enviado para agente VTC OPERADORA LOGISTICA LTDA pelo serviço de integração do ESL.;ACIONAR AGENTE/RESPONSÁVEL
564612;A1814;ARES;00019200000014032856;PA;MINISTÉRIO DA SAUDE;01/09/2026 00:12;02/09/2026 16:00;;ENTREGUE;8372;MultiModal;01/09/2026 14:09;02/09/2026 02:43;;27/08/2026 10:36;6;NÃO;FORA DE GRU;AGENTE;AGENTE - KESIA SARAI ARAUJO SILVA;TRANSPORTE;EM ROTA -TERCEIROS;PENDENTE RECEBIMENTO;TRANSPORTE · EM ROTA -TERCEIROS · PENDENTE RECEBIMENTO;A1814;02/09/2026 11:03;;Datalogger enviado para agente VTC OPERADORA LOGISTICA LTDA pelo serviço de integração do ESL.;ACIONAR AGENTE/RESPONSÁVEL
564612;A4997;ARES;00019200000014032864;PA;MINISTÉRIO DA SAUDE;01/09/2026 00:12;02/09/2026 16:00;;ENTREGUE;8372;MultiModal;01/09/2026 14:09;02/09/2026 02:43;;28/08/2026 09:04;6;NÃO;FORA DE GRU;AGENTE;AGENTE - FERNANDA CLARA BRITO LETE;TRANSPORTE;EM ROTA -TERCEIROS;PENDENTE RECEBIMENTO;TRANSPORTE · EM ROTA -TERCEIROS · PENDENTE RECEBIMENTO;A4997;02/09/2026 11:03;;Datalogger enviado para agente VTC OPERADORA LOGISTICA LTDA pelo serviço de integração do ESL.;ACIONAR AGENTE/RESPONSÁVEL
564612;A4617;ARES;00019200000014032872;PA;MINISTÉRIO DA SAUDE;01/09/2026 00:12;02/09/2026 16:00;;ENTREGUE;8372;MultiModal;01/09/2026 14:09;02/09/2026 02:43;;31/08/2026 08:45;6;NÃO;FORA DE GRU;AGENTE;AGENTE - IARA HOLANDA NOZOR TELES;TRANSPORTE;EM ROTA -TERCEIROS;PENDENTE RECEBIMENTO;TRANSPORTE · EM ROTA -TERCEIROS · PENDENTE RECEBIMENTO;A4617;02/09/2026 11:03;;Datalogger enviado para agente VTC OPERADORA LOGISTICA LTDA pelo serviço de integração do ESL.;ACIONAR AGENTE/RESPONSÁVEL
564612;A5394;ARES;00019200000014032880;PA;MINISTÉRIO DA SAUDE;01/09/2026 00:12;02/09/2026 16:00;;ENTREGUE;8372;MultiModal;01/09/2026 14:09;02/09/2026 02:43;;31/08/2026 08:45;6;NÃO;FORA DE GRU;AGENTE;AGENTE - IARA HOLANDA NOZOR TELES;TRANSPORTE;EM ROTA -TERCEIROS;PENDENTE RECEBIMENTO;TRANSPORTE · EM ROTA -TERCEIROS · PENDENTE RECEBIMENTO;A5394;02/09/2026 11:03;;Datalogger enviado para agente VTC OPERADORA LOGISTICA LTDA pelo serviço de integração do ESL.;ACIONAR AGENTE/RESPONSÁVEL
564612;A6633;ARES;00019200000014032899;PA;MINISTÉRIO DA SAUDE;01/09/2026 00:12;02/09/2026 16:00;;ENTREGUE;8372;MultiModal;01/09/2026 14:09;02/09/2026 02:43;;31/08/2026 09:46;6;NÃO;FORA DE GRU;AGENTE;AGENTE - FERNANDA NATTALY DO NASCIMENTO RODRIGUES;TRANSPORTE;EM ROTA -TERCEIROS;PENDENTE RECEBIMENTO;TRANSPORTE · EM ROTA -TERCEIROS · PENDENTE RECEBIMENTO;A6633;02/09/2026 11:03;;Datalogger enviado para agente VTC OPERADORA LOGISTICA LTDA pelo serviço de integração do ESL.;ACIONAR AGENTE/RESPONSÁVEL
564612;A2426;ARES;00019200000014032902;PA;MINISTÉRIO DA SAUDE;01/09/2026 00:12;02/09/2026 16:00;;ENTREGUE;8372;MultiModal;01/09/2026 14:09;02/09/2026 02:43;;27/08/2026 15:39;6;NÃO;FORA DE GRU;AGENTE;AGENTE - IARA HOLANDA NOZOR TELES;TRANSPORTE;EM ROTA -TERCEIROS;PENDENTE RECEBIMENTO;TRANSPORTE · EM ROTA -TERCEIROS · PENDENTE RECEBIMENTO;A2426;02/09/2026 11:03;;Datalogger enviado para agente VTC OPERADORA LOGISTICA LTDA pelo serviço de integração do ESL.;ACIONAR AGENTE/RESPONSÁVEL
564612;A1758;ARES;00019200000014032910;PA;MINISTÉRIO DA SAUDE;01/09/2026 00:12;02/09/2026 16:00;;ENTREGUE;8372;MultiModal;01/09/2026 14:09;02/09/2026 02:43;;31/08/2026 09:45;6;NÃO;FORA DE GRU;AGENTE;AGENTE - MARCOS JOSE ARAUJO DE ASSIS;TRANSPORTE;EM ROTA -TERCEIROS;PENDENTE RECEBIMENTO;TRANSPORTE · EM ROTA -TERCEIROS · PENDENTE RECEBIMENTO;A1758;02/09/2026 11:03;;Datalogger enviado para agente VTC OPERADORA LOGISTICA LTDA pelo serviço de integração do ESL.;ACIONAR AGENTE/RESPONSÁVEL
564612;A8397;ARES;00019200000014032929;PA;MINISTÉRIO DA SAUDE;01/09/2026 00:12;02/09/2026 16:00;;ENTREGUE;8372;MultiModal;01/09/2026 14:09;02/09/2026 02:43;;31/08/2026 09:17;6;NÃO;FORA DE GRU;AGENTE;AGENTE - TATIANE PAZ SANTANA;TRANSPORTE;EM ROTA -TERCEIROS;PENDENTE RECEBIMENTO;TRANSPORTE · EM ROTA -TERCEIROS · PENDENTE RECEBIMENTO;A8397;02/09/2026 11:03;;Datalogger enviado para agente VTC OPERADORA LOGISTICA LTDA pelo serviço de integração do ESL.;ACIONAR AGENTE/RESPONSÁVEL
564612;A3363;ARES;00019200000014032937;PA;MINISTÉRIO DA SAUDE;01/09/2026 00:12;02/09/2026 16:00;;ENTREGUE;8372;MultiModal;01/09/2026 14:09;02/09/2026 02:43;;31/08/2026 08:44;6;NÃO;FORA DE GRU;AGENTE;AGENTE - IARA HOLANDA NOZOR TELES;TRANSPORTE;EM ROTA -TERCEIROS;PENDENTE RECEBIMENTO;TRANSPORTE · EM ROTA -TERCEIROS · PENDENTE RECEBIMENTO;A3363;02/09/2026 11:03;;Datalogger enviado para agente VTC OPERADORA LOGISTICA LTDA pelo serviço de integração do ESL.;ACIONAR AGENTE/RESPONSÁVEL
564612;A6284;ARES;00019200000014032945;PA;MINISTÉRIO DA SAUDE;01/09/2026 00:12;02/09/2026 16:00;;ENTREGUE;8372;MultiModal;01/09/2026 14:09;02/09/2026 02:43;;27/08/2026 11:54;6;NÃO;FORA DE GRU;AGENTE;AGENTE - KESIA SARAI ARAUJO SILVA;TRANSPORTE;EM ROTA -TERCEIROS;PENDENTE RECEBIMENTO;TRANSPORTE · EM ROTA -TERCEIROS · PENDENTE RECEBIMENTO;A6284;02/09/2026 11:03;;Datalogger enviado para agente VTC OPERADORA LOGISTICA LTDA pelo serviço de integração do ESL.;ACIONAR AGENTE/RESPONSÁVEL
564612;A1165;ARES;00019200000014032953;PA;MINISTÉRIO DA SAUDE;01/09/2026 00:12;02/09/2026 16:00;;ENTREGUE;8372;MultiModal;01/09/2026 14:09;02/09/2026 02:43;;31/08/2026 09:45;6;NÃO;FORA DE GRU;AGENTE;AGENTE - JOSE VENTURA;TRANSPORTE;EM ROTA -TERCEIROS;PENDENTE RECEBIMENTO;TRANSPORTE · EM ROTA -TERCEIROS · PENDENTE RECEBIMENTO;A1165;02/09/2026 11:03;;Datalogger enviado para agente VTC OPERADORA LOGISTICA LTDA pelo serviço de integração do ESL.;ACIONAR AGENTE/RESPONSÁVEL
564612;A2864;ARES;00019200000014032961;PA;MINISTÉRIO DA SAUDE;01/09/2026 00:12;02/09/2026 16:00;;ENTREGUE;8372;MultiModal;01/09/2026 14:09;02/09/2026 02:43;;31/08/2026 08:59;6;NÃO;FORA DE GRU;AGENTE;AGENTE - IARA HOLANDA NOZOR TELES;TRANSPORTE;EM ROTA -TERCEIROS;PENDENTE RECEBIMENTO;TRANSPORTE · EM ROTA -TERCEIROS · PENDENTE RECEBIMENTO;A2864;02/09/2026 11:03;;Datalogger enviado para agente VTC OPERADORA LOGISTICA LTDA pelo serviço de integração do ESL.;ACIONAR AGENTE/RESPONSÁVEL
564612;A9170;ARES;00019200000014152401;PA;MINISTÉRIO DA SAUDE;01/09/2026 00:12;02/09/2026 16:00;;ENTREGUE;8372;MultiModal;01/09/2026 14:09;02/09/2026 02:43;;27/08/2026 15:17;6;NÃO;FORA DE GRU;AGENTE;AGENTE - RAIANA ASSIS DOS SANTOS;TRANSPORTE;EM ROTA -TERCEIROS;PENDENTE RECEBIMENTO;TRANSPORTE · EM ROTA -TERCEIROS · PENDENTE RECEBIMENTO;A9170;02/09/2026 11:03;;Datalogger enviado para agente VTC OPERADORA LOGISTICA LTDA pelo serviço de integração do ESL.;ACIONAR AGENTE/RESPONSÁVEL
564612;A3107;ARES;00019200000014152410;PA;MINISTÉRIO DA SAUDE;01/09/2026 00:12;02/09/2026 16:00;;ENTREGUE;8371;MultiModal;01/09/2026 14:09;02/09/2026 02:43;;27/08/2026 08:53;6;NÃO;FORA DE GRU;AGENTE;AGENTE - CHARLE BRASIL SILVERIO;TRANSPORTE;EM ROTA -TERCEIROS;PENDENTE RECEBIMENTO;TRANSPORTE · EM ROTA -TERCEIROS · PENDENTE RECEBIMENTO;A3107;02/09/2026 11:03;;Datalogger enviado para agente VTC OPERADORA LOGISTICA LTDA pelo serviço de integração do ESL.;ACIONAR AGENTE/RESPONSÁVEL
564612;A4622;ARES;00019200000014153190;PA;MINISTÉRIO DA SAUDE;01/09/2026 00:12;02/09/2026 16:00;;ENTREGUE;8371;MultiModal;01/09/2026 14:09;02/09/2026 02:43;;27/08/2026 11:57;6;NÃO;FORA DE GRU;AGENTE;SYS - Usuário sistema;TRANSPORTE;EM ROTA -TERCEIROS;PENDENTE RECEBIMENTO;TRANSPORTE · EM ROTA -TERCEIROS · PENDENTE RECEBIMENTO;A4622;02/09/2026 11:03;;Datalogger enviado para agente VTC OPERADORA LOGISTICA LTDA pelo serviço de integração do ESL.;ACIONAR AGENTE/RESPONSÁVEL
564612;A1618;ARES;00019200000014153203;PA;MINISTÉRIO DA SAUDE;01/09/2026 00:12;02/09/2026 16:00;;ENTREGUE;8372;MultiModal;01/09/2026 14:09;02/09/2026 02:43;;27/08/2026 13:19;6;NÃO;FORA DE GRU;AGENTE;AGENTE - IARA HOLANDA NOZOR TELES;TRANSPORTE;EM ROTA -TERCEIROS;PENDENTE RECEBIMENTO;TRANSPORTE · EM ROTA -TERCEIROS · PENDENTE RECEBIMENTO;A1618;02/09/2026 11:03;;Datalogger enviado para agente VTC OPERADORA LOGISTICA LTDA pelo serviço de integração do ESL.;ACIONAR AGENTE/RESPONSÁVEL
564612;A9429;ARES;00019200000014153211;PA;MINISTÉRIO DA SAUDE;01/09/2026 00:12;02/09/2026 16:00;;ENTREGUE;8372;MultiModal;01/09/2026 14:09;02/09/2026 02:43;;27/08/2026 11:43;6;NÃO;FORA DE GRU;AGENTE;AGENTE - IARA HOLANDA NOZOR TELES;TRANSPORTE;EM ROTA -TERCEIROS;PENDENTE RECEBIMENTO;TRANSPORTE · EM ROTA -TERCEIROS · PENDENTE RECEBIMENTO;A9429;02/09/2026 11:03;;Datalogger enviado para agente VTC OPERADORA LOGISTICA LTDA pelo serviço de integração do ESL.;ACIONAR AGENTE/RESPONSÁVEL
564612;TA0553;ARES;00019200000014153270;PA;MINISTÉRIO DA SAUDE;01/09/2026 00:12;02/09/2026 16:00;;ENTREGUE;8372;MultiModal;01/09/2026 14:09;02/09/2026 02:43;;27/08/2026 11:39;6;NÃO;FORA DE GRU;AGENTE;AGENTE - CHARLE BRASIL SILVERIO;TRANSPORTE;EM ROTA -TERCEIROS;PENDENTE RECEBIMENTO;TRANSPORTE · EM ROTA -TERCEIROS · PENDENTE RECEBIMENTO;TA0553;02/09/2026 11:03;;Datalogger enviado para agente VTC OPERADORA LOGISTICA LTDA pelo serviço de integração do ESL.;ACIONAR AGENTE/RESPONSÁVEL
564612;A8126;ARES;00019200000014153289;PA;MINISTÉRIO DA SAUDE;01/09/2026 00:12;02/09/2026 16:00;;ENTREGUE;8372;MultiModal;01/09/2026 14:09;02/09/2026 02:43;;31/08/2026 08:57;6;NÃO;FORA DE GRU;AGENTE;AGENTE - IARA HOLANDA NOZOR TELES;TRANSPORTE;EM ROTA -TERCEIROS;PENDENTE RECEBIMENTO;TRANSPORTE · EM ROTA -TERCEIROS · PENDENTE RECEBIMENTO;A8126;02/09/2026 11:03;;Datalogger enviado para agente VTC OPERADORA LOGISTICA LTDA pelo serviço de integração do ESL.;ACIONAR AGENTE/RESPONSÁVEL
564612;A5212;ARES;00019200000014153297;PA;MINISTÉRIO DA SAUDE;01/09/2026 00:12;02/09/2026 16:00;;ENTREGUE;8372;MultiModal;01/09/2026 14:09;02/09/2026 02:43;;27/08/2026 10:35;6;NÃO;FORA DE GRU;AGENTE;AGENTE - ROSANA HONORATO DA SILVA;TRANSPORTE;EM ROTA -TERCEIROS;PENDENTE RECEBIMENTO;TRANSPORTE · EM ROTA -TERCEIROS · PENDENTE RECEBIMENTO;A5212;02/09/2026 11:03;;Datalogger enviado para agente VTC OPERADORA LOGISTICA LTDA pelo serviço de integração do ESL.;ACIONAR AGENTE/RESPONSÁVEL
564612;A6328;ARES;00019200000014153300;PA;MINISTÉRIO DA SAUDE;01/09/2026 00:12;02/09/2026 16:00;;ENTREGUE;8372;MultiModal;01/09/2026 14:09;02/09/2026 02:43;;31/08/2026 08:46;6;NÃO;FORA DE GRU;AGENTE;AGENTE - IARA HOLANDA NOZOR TELES;TRANSPORTE;EM ROTA -TERCEIROS;PENDENTE RECEBIMENTO;TRANSPORTE · EM ROTA -TERCEIROS · PENDENTE RECEBIMENTO;A6328;02/09/2026 11:03;;Datalogger enviado para agente VTC OPERADORA LOGISTICA LTDA pelo serviço de integração do ESL.;ACIONAR AGENTE/RESPONSÁVEL
564612;TA0409;ARES;00019200000014153319;PA;MINISTÉRIO DA SAUDE;01/09/2026 00:12;02/09/2026 16:00;;ENTREGUE;8372;MultiModal;01/09/2026 14:09;02/09/2026 02:43;;31/08/2026 08:55;6;NÃO;FORA DE GRU;AGENTE;AGENTE - IARA HOLANDA NOZOR TELES;TRANSPORTE;EM ROTA -TERCEIROS;PENDENTE RECEBIMENTO;TRANSPORTE · EM ROTA -TERCEIROS · PENDENTE RECEBIMENTO;TA0409;02/09/2026 11:03;;Datalogger enviado para agente VTC OPERADORA LOGISTICA LTDA pelo serviço de integração do ESL.;ACIONAR AGENTE/RESPONSÁVEL
564612;A3191;ARES;00019200000014153327;PA;MINISTÉRIO DA SAUDE;01/09/2026 00:12;02/09/2026 16:00;;ENTREGUE;8372;MultiModal;01/09/2026 14:09;02/09/2026 02:43;;27/08/2026 10:04;6;NÃO;FORA DE GRU;AGENTE;AGENTE - IARA HOLANDA NOZOR TELES;TRANSPORTE;EM ROTA -TERCEIROS;PENDENTE RECEBIMENTO;TRANSPORTE · EM ROTA -TERCEIROS · PENDENTE RECEBIMENTO;A3191;02/09/2026 11:03;;Datalogger enviado para agente VTC OPERADORA LOGISTICA LTDA pelo serviço de integração do ESL.;ACIONAR AGENTE/RESPONSÁVEL
564612;A8378;ARES;00019200000014180235;PA;MINISTÉRIO DA SAUDE;01/09/2026 00:12;02/09/2026 16:00;;ENTREGUE;8372;MultiModal;01/09/2026 14:09;02/09/2026 02:43;;27/08/2026 08:50;6;NÃO;FORA DE GRU;AGENTE;AGENTE - LEILA NAZARE LIMA DE OLIVEIRA;TRANSPORTE;EM ROTA -TERCEIROS;PENDENTE RECEBIMENTO;TRANSPORTE · EM ROTA -TERCEIROS · PENDENTE RECEBIMENTO;A8378;02/09/2026 11:03;;Datalogger enviado para agente VTC OPERADORA LOGISTICA LTDA pelo serviço de integração do ESL.;ACIONAR AGENTE/RESPONSÁVEL
564612;A3020;ARES;00019200000014181797;PA;MINISTÉRIO DA SAUDE;01/09/2026 00:12;02/09/2026 16:00;;ENTREGUE;8371;MultiModal;01/09/2026 14:09;02/09/2026 02:43;;27/08/2026 15:13;6;NÃO;FORA DE GRU;AGENTE;AGENTE - JOSE VENTURA;TRANSPORTE;EM ROTA -TERCEIROS;PENDENTE RECEBIMENTO;TRANSPORTE · EM ROTA -TERCEIROS · PENDENTE RECEBIMENTO;A3020;02/09/2026 11:03;;Datalogger enviado para agente VTC OPERADORA LOGISTICA LTDA pelo serviço de integração do ESL.;ACIONAR AGENTE/RESPONSÁVEL
564612;A1751;ARES;00019200000014181800;PA;MINISTÉRIO DA SAUDE;01/09/2026 00:12;02/09/2026 16:00;;ENTREGUE;8371;MultiModal;01/09/2026 14:09;02/09/2026 02:43;;31/08/2026 08:44;6;NÃO;FORA DE GRU;AGENTE;AGENTE - IARA HOLANDA NOZOR TELES;TRANSPORTE;EM ROTA -TERCEIROS;PENDENTE RECEBIMENTO;TRANSPORTE · EM ROTA -TERCEIROS · PENDENTE RECEBIMENTO;A1751;02/09/2026 11:03;;Datalogger enviado para agente VTC OPERADORA LOGISTICA LTDA pelo serviço de integração do ESL.;ACIONAR AGENTE/RESPONSÁVEL
564612;A4601;ARES;00019200000014181819;PA;MINISTÉRIO DA SAUDE;01/09/2026 00:12;02/09/2026 16:00;;ENTREGUE;8372;MultiModal;01/09/2026 14:09;02/09/2026 02:43;;27/08/2026 17:15;6;NÃO;FORA DE GRU;AGENTE;AGENTE - FERNANDA CLARA BRITO LETE;TRANSPORTE;EM ROTA -TERCEIROS;PENDENTE RECEBIMENTO;TRANSPORTE · EM ROTA -TERCEIROS · PENDENTE RECEBIMENTO;A4601;02/09/2026 11:03;;Datalogger enviado para agente VTC OPERADORA LOGISTICA LTDA pelo serviço de integração do ESL.;ACIONAR AGENTE/RESPONSÁVEL
564612;A3077;ARES;00019200000014181827;PA;MINISTÉRIO DA SAUDE;01/09/2026 00:12;02/09/2026 16:00;;ENTREGUE;8371;MultiModal;01/09/2026 14:09;02/09/2026 02:43;;27/08/2026 16:35;6;NÃO;FORA DE GRU;AGENTE;AGENTE - CHARLE BRASIL SILVERIO;TRANSPORTE;EM ROTA -TERCEIROS;PENDENTE RECEBIMENTO;TRANSPORTE · EM ROTA -TERCEIROS · PENDENTE RECEBIMENTO;A3077;02/09/2026 11:03;;Datalogger enviado para agente VTC OPERADORA LOGISTICA LTDA pelo serviço de integração do ESL.;ACIONAR AGENTE/RESPONSÁVEL
564612;A6610;ARES;00019200000014181835;PA;MINISTÉRIO DA SAUDE;01/09/2026 00:12;02/09/2026 16:00;;ENTREGUE;8371;MultiModal;01/09/2026 14:09;02/09/2026 02:43;;27/08/2026 16:37;6;NÃO;FORA DE GRU;AGENTE;AGENTE - PATRICK KAUE RIBEIRO SOARES;TRANSPORTE;EM ROTA -TERCEIROS;PENDENTE RECEBIMENTO;TRANSPORTE · EM ROTA -TERCEIROS · PENDENTE RECEBIMENTO;A6610;02/09/2026 11:03;;Datalogger enviado para agente VTC OPERADORA LOGISTICA LTDA pelo serviço de integração do ESL.;ACIONAR AGENTE/RESPONSÁVEL
564612;A8303;ARES;00019200000014181843;PA;MINISTÉRIO DA SAUDE;01/09/2026 00:12;02/09/2026 16:00;;ENTREGUE;8371;MultiModal;01/09/2026 14:09;02/09/2026 02:43;;27/08/2026 14:13;6;NÃO;FORA DE GRU;AGENTE;AGENTE - RAIANA ASSIS DOS SANTOS;TRANSPORTE;EM ROTA -TERCEIROS;PENDENTE RECEBIMENTO;TRANSPORTE · EM ROTA -TERCEIROS · PENDENTE RECEBIMENTO;A8303;02/09/2026 11:03;;Datalogger enviado para agente VTC OPERADORA LOGISTICA LTDA pelo serviço de integração do ESL.;ACIONAR AGENTE/RESPONSÁVEL
566574;TA0398;ARES;00019200000014153220;AL;MINISTÉRIO DA SAUDE;31/08/2026 22:38;02/09/2026 15:29;;ENTREGUE;8364;MultiModal;01/09/2026 15:36;01/09/2026 20:26;;06/08/2026 12:25;6;SIM;EM GRU;ESTOQUE - GRU;VTC - ANA PAULA OLIVEIRA DA SILVA;EM ESTOQUE;SALDO DE ESTOQUE;RECEBIDO;EM ESTOQUE · SALDO DE ESTOQUE · RECEBIDO;TA0398;07/09/2026 14:28;;Datalogger restaurado para o estoque manualmente pelo usuário.;SINCRONIZAR EM GRU
566115;A6971;ARES;00019200000014058855;AC;MINISTÉRIO DA SAUDE;29/08/2026 23:33;02/09/2026 15:17;;ENTREGUE;8344;MultiModal;31/08/2026 12:23;01/09/2026 01:08;;26/08/2026 10:46;6;NÃO;FORA DE GRU;AGENTE;SYS - Usuário sistema;TRANSPORTE;EM ROTA -TERCEIROS;PENDENTE RECEBIMENTO;TRANSPORTE · EM ROTA -TERCEIROS · PENDENTE RECEBIMENTO;A6971;30/08/2026 02:03;;Datalogger enviado para agente W S TRANSPORTES DE CARGAS E LOGISTICA LTDA pelo serviço de integração do ESL.;ACIONAR AGENTE/RESPONSÁVEL
566140;A8548;ARES;00019200000014058391;MG;MINISTÉRIO DA SAUDE;31/08/2026 02:21;02/09/2026 15:15;;ENTREGUE;8347;MultiModal;01/09/2026 10:49;01/09/2026 12:40;;27/08/2026 08:50;6;SIM;CÂMARA FRIA (GRU);CÂMARA FRIA - PACKING;AGENTE - ELZANE RODRIGUES RODRIGUES DA SILVA;CÂMARA FRIA;PACKING;RECEBIDO;CÂMARA FRIA · PACKING · RECEBIDO;A8548;30/08/2026 03:26;;DataLogger A8548, foi embalado no volume CAIXA 33L GELO PCM - 00019200000014058391 - Usuário: Iris.teodorio;VALIDAR NA CÂMARA FRIA
566805;A6598;ARES;00019200000014032333;PR;MINISTÉRIO DA SAUDE;31/08/2026 22:55;02/09/2026 14:00;;ENTREGUE;8365;MultiModal;01/09/2026 09:27;02/09/2026 08:47;;27/08/2026 13:20;6;SIM;CÂMARA FRIA (GRU);CÂMARA FRIA - PACKING;AGENTE - ARIOMIRIO COSTA FERREIRA;CÂMARA FRIA;PACKING;RECEBIDO;CÂMARA FRIA · PACKING · RECEBIDO;A6598;31/08/2026 16:55;;DataLogger A6598, foi embalado no volume CAIXA VTCBOX 130L WEDGE SEAL COM BERÇO - 00019200000014032333 - Usuário: Juliana.lima;VALIDAR NA CÂMARA FRIA
565270;A5940;ARES;00019200000014016672;CE;MINISTÉRIO DA SAUDE;01/09/2026 03:34;02/09/2026 13:05;02/09/2026 16:40;RECEBIDO NO CLIENTE;8368;MultiModal;02/09/2026 12:25;02/09/2026 16:33;;31/08/2026 09:19;6;SIM;EM GRU;ESTOQUE - GRU;VTC - ANA PAULA OLIVEIRA DA SILVA;EM ESTOQUE;SALDO DE ESTOQUE;RECEBIDO;EM ESTOQUE · SALDO DE ESTOQUE · RECEBIDO;A5940;07/09/2026 14:39;;Datalogger restaurado para o estoque manualmente pelo usuário.;SINCRONIZAR EM GRU
565270;A3486;ARES;00019200000014016907;CE;MINISTÉRIO DA SAUDE;01/09/2026 03:34;02/09/2026 13:05;02/09/2026 16:40;RECEBIDO NO CLIENTE;8368;MultiModal;02/09/2026 12:25;02/09/2026 16:33;;27/08/2026 10:04;6;SIM;EM GRU;ESTOQUE - GRU;VTC - ANA PAULA OLIVEIRA DA SILVA;EM ESTOQUE;SALDO DE ESTOQUE;RECEBIDO;EM ESTOQUE · SALDO DE ESTOQUE · RECEBIDO;A3486;07/09/2026 14:39;;Datalogger restaurado para o estoque manualmente pelo usuário.;SINCRONIZAR EM GRU
564754;A9272;ARES;00019200000014058006;AC;MINISTÉRIO DA SAUDE;29/08/2026 23:41;02/09/2026 12:00;;ENTREGUE;8345;MultiModal;30/08/2026 08:52;30/08/2026 12:25;;27/08/2026 10:07;6;NÃO;FORA DE GRU;AGENTE;AGENTE - IARA HOLANDA NOZOR TELES;TRANSPORTE;EM ROTA -TERCEIROS;PENDENTE RECEBIMENTO;TRANSPORTE · EM ROTA -TERCEIROS · PENDENTE RECEBIMENTO;A9272;30/08/2026 02:03;;Datalogger enviado para agente W S TRANSPORTES DE CARGAS E LOGISTICA LTDA pelo serviço de integração do ESL.;ACIONAR AGENTE/RESPONSÁVEL
564754;TA0947;ARES;00019200000014058022;AC;MINISTÉRIO DA SAUDE;29/08/2026 23:41;02/09/2026 12:00;;ENTREGUE;8342;MultiModal;30/08/2026 08:52;30/08/2026 12:25;;27/08/2026 15:35;6;NÃO;FORA DE GRU;AGENTE;AGENTE - IARA HOLANDA NOZOR TELES;TRANSPORTE;EM ROTA -TERCEIROS;PENDENTE RECEBIMENTO;TRANSPORTE · EM ROTA -TERCEIROS · PENDENTE RECEBIMENTO;TA0947;30/08/2026 02:03;;Datalogger enviado para agente W S TRANSPORTES DE CARGAS E LOGISTICA LTDA pelo serviço de integração do ESL.;ACIONAR AGENTE/RESPONSÁVEL
564754;A7260;ARES;00019200000014058189;AC;MINISTÉRIO DA SAUDE;29/08/2026 23:41;02/09/2026 12:00;;ENTREGUE;8342;MultiModal;30/08/2026 08:52;30/08/2026 12:25;;27/08/2026 11:06;6;NÃO;FORA DE GRU;AGENTE;AGENTE - IARA HOLANDA NOZOR TELES;TRANSPORTE;EM ROTA -TERCEIROS;PENDENTE RECEBIMENTO;TRANSPORTE · EM ROTA -TERCEIROS · PENDENTE RECEBIMENTO;A7260;30/08/2026 02:03;;Datalogger enviado para agente W S TRANSPORTES DE CARGAS E LOGISTICA LTDA pelo serviço de integração do ESL.;ACIONAR AGENTE/RESPONSÁVEL
564754;A7495;ARES;00019200000014155702;AC;MINISTÉRIO DA SAUDE;29/08/2026 23:41;02/09/2026 12:00;;ENTREGUE;8345;MultiModal;30/08/2026 08:52;30/08/2026 12:25;;27/08/2026 11:55;6;NÃO;FORA DE GRU;AGENTE;AGENTE - RAIANA ASSIS DOS SANTOS;TRANSPORTE;EM ROTA -TERCEIROS;PENDENTE RECEBIMENTO;TRANSPORTE · EM ROTA -TERCEIROS · PENDENTE RECEBIMENTO;A7495;30/08/2026 02:03;;Datalogger enviado para agente W S TRANSPORTES DE CARGAS E LOGISTICA LTDA pelo serviço de integração do ESL.;ACIONAR AGENTE/RESPONSÁVEL
566482;A9252;ARES;00019200000014032830;RS;MINISTÉRIO DA SAUDE;01/09/2026 05:06;02/09/2026 12:00;;ENTREGUE;8387;MultiModal;01/09/2026 11:17;02/09/2026 07:13;;27/08/2026 14:13;6;NÃO;FORA DE GRU;AGENTE;AGENTE - PAULO FERNANDO CARVALHO ANDRADES;TRANSPORTE;EM ROTA -TERCEIROS;RECEBIDO;TRANSPORTE · EM ROTA -TERCEIROS · RECEBIDO;A9252;04/09/2026 11:49;;Datalogger recebido pelo agente com sucesso.;ACIONAR AGENTE/RESPONSÁVEL
563084;TA0718;ARES;00019200000014024160;MA;MINISTÉRIO DA SAUDE;31/08/2026 03:43;02/09/2026 10:16;02/09/2026 10:16;RECEBIDO NO CLIENTE;8361;MultiModal;31/08/2026 14:24;31/08/2026 18:50;;01/09/2026 15:01;6;NÃO;FORA DE GRU;AGENTE;AGENTE - LEILA NAZARE LIMA DE OLIVEIRA;TRANSPORTE;EM ROTA -TERCEIROS;RECEBIDO;TRANSPORTE · EM ROTA -TERCEIROS · RECEBIDO;TA0718;02/09/2026 16:23;;Datalogger recebido pelo agente com sucesso.;ACIONAR AGENTE/RESPONSÁVEL
563084;TA0884;ARES;00019200000014024179;MA;MINISTÉRIO DA SAUDE;31/08/2026 03:43;02/09/2026 10:16;02/09/2026 10:16;RECEBIDO NO CLIENTE;8361;MultiModal;31/08/2026 14:24;31/08/2026 18:50;;01/09/2026 15:01;6;NÃO;RETORNANDO PARA GRU (NÃO RECEBIDO);RETORNANDO - GRU;VTC - GABRIELLE LIMA VELOSO;EM ESTOQUE;SALDO DE ESTOQUE;PENDENTE RECEBIMENTO;EM ESTOQUE · SALDO DE ESTOQUE · PENDENTE RECEBIMENTO;TA0884;02/09/2026 16:49;;Datalogger encaminhado pelo transporte para recebimento da qualidade.;ACOMPANHAR RECEBIMENTO EM GRU
563084;TA0649;ARES;00019200000014024187;MA;MINISTÉRIO DA SAUDE;31/08/2026 03:43;02/09/2026 10:16;02/09/2026 10:16;RECEBIDO NO CLIENTE;8361;MultiModal;31/08/2026 14:24;31/08/2026 18:50;;01/09/2026 15:01;6;NÃO;RETORNANDO PARA GRU (NÃO RECEBIDO);RETORNANDO - GRU;VTC - GABRIELLE LIMA VELOSO;EM ESTOQUE;SALDO DE ESTOQUE;PENDENTE RECEBIMENTO;EM ESTOQUE · SALDO DE ESTOQUE · PENDENTE RECEBIMENTO;TA0649;02/09/2026 16:40;;Datalogger encaminhado pelo transporte para recebimento da qualidade.;ACOMPANHAR RECEBIMENTO EM GRU
563084;TA0335;ARES;00019200000014024195;MA;MINISTÉRIO DA SAUDE;31/08/2026 03:43;02/09/2026 10:16;02/09/2026 10:16;RECEBIDO NO CLIENTE;8361;MultiModal;31/08/2026 14:24;31/08/2026 18:50;;01/09/2026 15:01;6;NÃO;RETORNANDO PARA GRU (NÃO RECEBIDO);RETORNANDO - GRU;VTC - GABRIELLE LIMA VELOSO;EM ESTOQUE;SALDO DE ESTOQUE;PENDENTE RECEBIMENTO;EM ESTOQUE · SALDO DE ESTOQUE · PENDENTE RECEBIMENTO;TA0335;02/09/2026 16:39;;Datalogger encaminhado pelo transporte para recebimento da qualidade.;ACOMPANHAR RECEBIMENTO EM GRU
563084;A2832;ARES;00019200000014024209;MA;MINISTÉRIO DA SAUDE;31/08/2026 03:43;02/09/2026 10:16;02/09/2026 10:16;RECEBIDO NO CLIENTE;8361;MultiModal;31/08/2026 14:24;31/08/2026 18:50;;01/09/2026 15:02;6;NÃO;RETORNANDO PARA GRU (NÃO RECEBIDO);RETORNANDO - GRU;VTC - GABRIELLE LIMA VELOSO;EM ESTOQUE;SALDO DE ESTOQUE;PENDENTE RECEBIMENTO;EM ESTOQUE · SALDO DE ESTOQUE · PENDENTE RECEBIMENTO;A2832;02/09/2026 16:42;;Datalogger encaminhado pelo transporte para recebimento da qualidade.;ACOMPANHAR RECEBIMENTO EM GRU
563084;A0312;ARES;00019200000014024217;MA;MINISTÉRIO DA SAUDE;31/08/2026 03:43;02/09/2026 10:16;02/09/2026 10:16;RECEBIDO NO CLIENTE;8361;MultiModal;31/08/2026 14:24;31/08/2026 18:50;;01/09/2026 15:01;6;NÃO;FORA DE GRU;AGENTE;AGENTE - LEILA NAZARE LIMA DE OLIVEIRA;TRANSPORTE;EM ROTA -TERCEIROS;RECEBIDO;TRANSPORTE · EM ROTA -TERCEIROS · RECEBIDO;A0312;02/09/2026 16:44;;Datalogger recebido pelo agente com sucesso.;ACIONAR AGENTE/RESPONSÁVEL
563084;A6235;ARES;00019200000014024225;MA;MINISTÉRIO DA SAUDE;31/08/2026 03:43;02/09/2026 10:16;02/09/2026 10:16;RECEBIDO NO CLIENTE;8361;MultiModal;31/08/2026 14:24;31/08/2026 18:50;;01/09/2026 15:01;6;NÃO;FORA DE GRU;AGENTE;AGENTE - LEILA NAZARE LIMA DE OLIVEIRA;TRANSPORTE;EM ROTA -TERCEIROS;RECEBIDO;TRANSPORTE · EM ROTA -TERCEIROS · RECEBIDO;A6235;02/09/2026 16:43;;Datalogger recebido pelo agente com sucesso.;ACIONAR AGENTE/RESPONSÁVEL
563084;A5484;ARES;00019200000014024233;MA;MINISTÉRIO DA SAUDE;31/08/2026 03:43;02/09/2026 10:16;02/09/2026 10:16;RECEBIDO NO CLIENTE;8361;MultiModal;31/08/2026 14:24;31/08/2026 18:50;;01/09/2026 15:01;6;NÃO;FORA DE GRU;AGENTE;AGENTE - LEILA NAZARE LIMA DE OLIVEIRA;TRANSPORTE;EM ROTA -TERCEIROS;RECEBIDO;TRANSPORTE · EM ROTA -TERCEIROS · RECEBIDO;A5484;02/09/2026 16:42;;Datalogger recebido pelo agente com sucesso.;ACIONAR AGENTE/RESPONSÁVEL
563084;TA0711;ARES;00019200000014024241;MA;MINISTÉRIO DA SAUDE;31/08/2026 03:43;02/09/2026 10:16;02/09/2026 10:16;RECEBIDO NO CLIENTE;8361;MultiModal;31/08/2026 14:24;31/08/2026 18:50;;01/09/2026 15:01;6;NÃO;FORA DE GRU;AGENTE;AGENTE - LEILA NAZARE LIMA DE OLIVEIRA;TRANSPORTE;EM ROTA -TERCEIROS;RECEBIDO;TRANSPORTE · EM ROTA -TERCEIROS · RECEBIDO;TA0711;02/09/2026 16:51;;Datalogger recebido pelo agente com sucesso.;ACIONAR AGENTE/RESPONSÁVEL
563084;A4457;ARES;00019200000014024250;MA;MINISTÉRIO DA SAUDE;31/08/2026 03:43;02/09/2026 10:16;02/09/2026 10:16;RECEBIDO NO CLIENTE;8361;MultiModal;31/08/2026 14:24;31/08/2026 18:50;;01/09/2026 15:01;6;NÃO;FORA DE GRU;AGENTE;AGENTE - LEILA NAZARE LIMA DE OLIVEIRA;TRANSPORTE;EM ROTA -TERCEIROS;RECEBIDO;TRANSPORTE · EM ROTA -TERCEIROS · RECEBIDO;A4457;02/09/2026 16:41;;Datalogger recebido pelo agente com sucesso.;ACIONAR AGENTE/RESPONSÁVEL
563084;A5539;ARES;00019200000014024268;MA;MINISTÉRIO DA SAUDE;31/08/2026 03:43;02/09/2026 10:16;02/09/2026 10:16;RECEBIDO NO CLIENTE;8361;MultiModal;31/08/2026 14:24;31/08/2026 18:50;;01/09/2026 15:01;6;NÃO;FORA DE GRU;AGENTE;AGENTE - LEILA NAZARE LIMA DE OLIVEIRA;TRANSPORTE;EM ROTA -TERCEIROS;RECEBIDO;TRANSPORTE · EM ROTA -TERCEIROS · RECEBIDO;A5539;02/09/2026 16:46;;Datalogger recebido pelo agente com sucesso.;ACIONAR AGENTE/RESPONSÁVEL
563084;A6312;ARES;00019200000014055694;MA;MINISTÉRIO DA SAUDE;31/08/2026 03:43;02/09/2026 10:16;02/09/2026 10:16;RECEBIDO NO CLIENTE;8361;MultiModal;31/08/2026 14:24;31/08/2026 18:50;;01/09/2026 15:01;6;NÃO;FORA DE GRU;AGENTE;AGENTE - LEILA NAZARE LIMA DE OLIVEIRA;TRANSPORTE;EM ROTA -TERCEIROS;RECEBIDO;TRANSPORTE · EM ROTA -TERCEIROS · RECEBIDO;A6312;02/09/2026 16:48;;Datalogger recebido pelo agente com sucesso.;ACIONAR AGENTE/RESPONSÁVEL
563084;A6049;ARES;00019200000014055708;MA;MINISTÉRIO DA SAUDE;31/08/2026 03:43;02/09/2026 10:16;02/09/2026 10:16;RECEBIDO NO CLIENTE;8361;MultiModal;31/08/2026 14:24;31/08/2026 18:50;;01/09/2026 15:02;6;NÃO;FORA DE GRU;AGENTE;AGENTE - LEILA NAZARE LIMA DE OLIVEIRA;TRANSPORTE;EM ROTA -TERCEIROS;RECEBIDO;TRANSPORTE · EM ROTA -TERCEIROS · RECEBIDO;A6049;02/09/2026 16:39;;Datalogger recebido pelo agente com sucesso.;ACIONAR AGENTE/RESPONSÁVEL
563084;A4592;ARES;00019200000014055724;MA;MINISTÉRIO DA SAUDE;31/08/2026 03:43;02/09/2026 10:16;02/09/2026 10:16;RECEBIDO NO CLIENTE;8361;MultiModal;31/08/2026 14:24;31/08/2026 18:50;;01/09/2026 15:01;6;NÃO;FORA DE GRU;AGENTE;AGENTE - LEILA NAZARE LIMA DE OLIVEIRA;TRANSPORTE;EM ROTA -TERCEIROS;RECEBIDO;TRANSPORTE · EM ROTA -TERCEIROS · RECEBIDO;A4592;02/09/2026 16:48;;Datalogger recebido pelo agente com sucesso.;ACIONAR AGENTE/RESPONSÁVEL
563084;A8523;ARES;00019200000014055740;MA;MINISTÉRIO DA SAUDE;31/08/2026 03:43;02/09/2026 10:16;02/09/2026 10:16;RECEBIDO NO CLIENTE;8361;MultiModal;31/08/2026 14:24;31/08/2026 18:50;;01/09/2026 15:01;6;NÃO;FORA DE GRU;AGENTE;AGENTE - LEILA NAZARE LIMA DE OLIVEIRA;TRANSPORTE;EM ROTA -TERCEIROS;RECEBIDO;TRANSPORTE · EM ROTA -TERCEIROS · RECEBIDO;A8523;02/09/2026 16:43;;Datalogger recebido pelo agente com sucesso.;ACIONAR AGENTE/RESPONSÁVEL
563084;A8179;ARES;00019200000014055759;MA;MINISTÉRIO DA SAUDE;31/08/2026 03:43;02/09/2026 10:16;02/09/2026 10:16;RECEBIDO NO CLIENTE;8361;MultiModal;31/08/2026 14:24;31/08/2026 18:50;;01/09/2026 15:01;6;NÃO;FORA DE GRU;AGENTE;AGENTE - LEILA NAZARE LIMA DE OLIVEIRA;TRANSPORTE;EM ROTA -TERCEIROS;RECEBIDO;TRANSPORTE · EM ROTA -TERCEIROS · RECEBIDO;A8179;02/09/2026 16:53;;Datalogger recebido pelo agente com sucesso.;ACIONAR AGENTE/RESPONSÁVEL
563084;A8508;ARES;00019200000014055767;MA;MINISTÉRIO DA SAUDE;31/08/2026 03:43;02/09/2026 10:16;02/09/2026 10:16;RECEBIDO NO CLIENTE;8361;MultiModal;31/08/2026 14:24;31/08/2026 18:50;;01/09/2026 15:01;6;NÃO;FORA DE GRU;AGENTE;AGENTE - LEILA NAZARE LIMA DE OLIVEIRA;TRANSPORTE;EM ROTA -TERCEIROS;RECEBIDO;TRANSPORTE · EM ROTA -TERCEIROS · RECEBIDO;A8508;02/09/2026 16:46;;Datalogger recebido pelo agente com sucesso.;ACIONAR AGENTE/RESPONSÁVEL
563084;A3688;ARES;00019200000014055775;MA;MINISTÉRIO DA SAUDE;31/08/2026 03:43;02/09/2026 10:16;02/09/2026 10:16;RECEBIDO NO CLIENTE;8361;MultiModal;31/08/2026 14:24;31/08/2026 18:50;;01/09/2026 15:01;6;NÃO;FORA DE GRU;AGENTE;AGENTE - LEILA NAZARE LIMA DE OLIVEIRA;TRANSPORTE;EM ROTA -TERCEIROS;RECEBIDO;TRANSPORTE · EM ROTA -TERCEIROS · RECEBIDO;A3688;02/09/2026 16:53;;Datalogger recebido pelo agente com sucesso.;ACIONAR AGENTE/RESPONSÁVEL
563084;A9527;ARES;00019200000014055783;MA;MINISTÉRIO DA SAUDE;31/08/2026 03:43;02/09/2026 10:16;02/09/2026 10:16;RECEBIDO NO CLIENTE;8361;MultiModal;31/08/2026 14:24;31/08/2026 18:50;;01/09/2026 15:01;6;NÃO;FORA DE GRU;AGENTE;AGENTE - LEILA NAZARE LIMA DE OLIVEIRA;TRANSPORTE;EM ROTA -TERCEIROS;RECEBIDO;TRANSPORTE · EM ROTA -TERCEIROS · RECEBIDO;A9527;02/09/2026 16:43;;Datalogger recebido pelo agente com sucesso.;ACIONAR AGENTE/RESPONSÁVEL
563084;A3082;ARES;00019200000014055791;MA;MINISTÉRIO DA SAUDE;31/08/2026 03:43;02/09/2026 10:16;02/09/2026 10:16;RECEBIDO NO CLIENTE;8361;MultiModal;31/08/2026 14:24;31/08/2026 18:50;;01/09/2026 15:01;6;NÃO;RETORNANDO PARA GRU (NÃO RECEBIDO);RETORNANDO - GRU;VTC - GABRIELLE LIMA VELOSO;EM ESTOQUE;SALDO DE ESTOQUE;PENDENTE RECEBIMENTO;EM ESTOQUE · SALDO DE ESTOQUE · PENDENTE RECEBIMENTO;A3082;02/09/2026 16:54;;Datalogger encaminhado pelo transporte para recebimento da qualidade.;ACOMPANHAR RECEBIMENTO EM GRU
563084;TA0735;ARES;00019200000014055805;MA;MINISTÉRIO DA SAUDE;31/08/2026 03:43;02/09/2026 10:16;02/09/2026 10:16;RECEBIDO NO CLIENTE;8361;MultiModal;31/08/2026 14:24;31/08/2026 18:50;;01/09/2026 15:01;6;NÃO;FORA DE GRU;AGENTE;AGENTE - LEILA NAZARE LIMA DE OLIVEIRA;TRANSPORTE;EM ROTA -TERCEIROS;RECEBIDO;TRANSPORTE · EM ROTA -TERCEIROS · RECEBIDO;TA0735;02/09/2026 16:55;;Datalogger recebido pelo agente com sucesso.;ACIONAR AGENTE/RESPONSÁVEL
563084;A3058;ARES;00019200000014055813;MA;MINISTÉRIO DA SAUDE;31/08/2026 03:43;02/09/2026 10:16;02/09/2026 10:16;RECEBIDO NO CLIENTE;8361;MultiModal;31/08/2026 14:24;31/08/2026 18:50;;01/09/2026 15:01;6;NÃO;FORA DE GRU;AGENTE;AGENTE - LEILA NAZARE LIMA DE OLIVEIRA;TRANSPORTE;EM ROTA -TERCEIROS;RECEBIDO;TRANSPORTE · EM ROTA -TERCEIROS · RECEBIDO;A3058;02/09/2026 16:39;;Datalogger recebido pelo agente com sucesso.;ACIONAR AGENTE/RESPONSÁVEL
563084;A4287;ARES;00019200000014055821;MA;MINISTÉRIO DA SAUDE;31/08/2026 03:43;02/09/2026 10:16;02/09/2026 10:16;RECEBIDO NO CLIENTE;8361;MultiModal;31/08/2026 14:24;31/08/2026 18:50;;01/09/2026 15:01;6;NÃO;RETORNANDO PARA GRU (NÃO RECEBIDO);RETORNANDO - GRU;VTC - GABRIELLE LIMA VELOSO;EM ESTOQUE;SALDO DE ESTOQUE;PENDENTE RECEBIMENTO;EM ESTOQUE · SALDO DE ESTOQUE · PENDENTE RECEBIMENTO;A4287;02/09/2026 16:45;;Datalogger encaminhado pelo transporte para recebimento da qualidade.;ACOMPANHAR RECEBIMENTO EM GRU
563084;TA0104;ARES;00019200000014055830;MA;MINISTÉRIO DA SAUDE;31/08/2026 03:43;02/09/2026 10:16;02/09/2026 10:16;RECEBIDO NO CLIENTE;8361;MultiModal;31/08/2026 14:24;31/08/2026 18:50;;01/09/2026 15:01;6;NÃO;RETORNANDO PARA GRU (NÃO RECEBIDO);RETORNANDO - GRU;VTC - GABRIELLE LIMA VELOSO;EM ESTOQUE;SALDO DE ESTOQUE;PENDENTE RECEBIMENTO;EM ESTOQUE · SALDO DE ESTOQUE · PENDENTE RECEBIMENTO;TA0104;02/09/2026 16:47;;Datalogger encaminhado pelo transporte para recebimento da qualidade.;ACOMPANHAR RECEBIMENTO EM GRU
563084;A9460;ARES;00019200000014060086;MA;MINISTÉRIO DA SAUDE;31/08/2026 03:43;02/09/2026 10:16;02/09/2026 10:16;RECEBIDO NO CLIENTE;8361;MultiModal;31/08/2026 14:24;31/08/2026 18:50;;27/08/2026 08:52;6;NÃO;FORA DE GRU;AGENTE;AGENTE - LEILA NAZARE LIMA DE OLIVEIRA;TRANSPORTE;EM ROTA -TERCEIROS;RECEBIDO;TRANSPORTE · EM ROTA -TERCEIROS · RECEBIDO;A9460;02/09/2026 16:44;;Datalogger recebido pelo agente com sucesso.;ACIONAR AGENTE/RESPONSÁVEL
566813;A6236;ARES;00019200000014148960;SE;MINISTÉRIO DA SAUDE;31/08/2026 23:07;02/09/2026 10:00;;ENTREGUE;8365;MultiModal;01/09/2026 11:03;01/09/2026 14:49;;27/08/2026 12:06;6;NÃO;FORA DE GRU;AGENTE;AGENTE - TATIANE PAZ SANTANA;TRANSPORTE;EM ROTA -TERCEIROS;PENDENTE RECEBIMENTO;TRANSPORTE · EM ROTA -TERCEIROS · PENDENTE RECEBIMENTO;A6236;31/08/2026 23:52;;Datalogger enviado para agente CASSIMIRO TRANSPORTES pelo serviço de integração do ESL.;ACIONAR AGENTE/RESPONSÁVEL
565257;A6547;ARES;00019200000014022699;BA;MINISTÉRIO DA SAUDE;01/09/2026 03:33;02/09/2026 09:57;02/09/2026 09:57;RECEBIDO NO CLIENTE;8381;MultiModal;01/09/2026 11:17;01/09/2026 22:55;;31/08/2026 20:38;6;NÃO;FORA DE GRU;AGENTE;AGENTE - RAIANA ASSIS DOS SANTOS;TRANSPORTE;EM ROTA -TERCEIROS;RECEBIDO;TRANSPORTE · EM ROTA -TERCEIROS · RECEBIDO;A6547;05/09/2026 08:31;;Datalogger recebido pelo agente com sucesso.;ACIONAR AGENTE/RESPONSÁVEL
566232;A8998;ARES;00019200000014153688;PR;MINISTÉRIO DA SAUDE;29/08/2026 23:47;01/09/2026 17:00;;ENTREGUE;8344;MultiModal;30/08/2026 04:13;31/08/2026 01:03;;27/08/2026 17:15;7;NÃO;FORA DE GRU;AGENTE;AGENTE - KESIA SARAI ARAUJO SILVA;TRANSPORTE;EM ROTA -TERCEIROS;PENDENTE RECEBIMENTO;TRANSPORTE · EM ROTA -TERCEIROS · PENDENTE RECEBIMENTO;A8998;30/08/2026 02:22;;Datalogger enviado para agente TGEX TRANSPORTES E LOCACAO DE VEICULOS LTDA pelo serviço de integração do ESL.;ACIONAR AGENTE/RESPONSÁVEL
565418;A8750;ARES;00019200000014149796;MA;MINISTÉRIO DA SAUDE;31/08/2026 01:27;01/09/2026 16:39;01/09/2026 16:39;RECEBIDO NO CLIENTE;8350;MultiModal;31/08/2026 14:24;31/08/2026 18:50;;01/09/2026 15:05;7;NÃO;FORA DE GRU;AGENTE;AGENTE - LEILA NAZARE LIMA DE OLIVEIRA;TRANSPORTE;EM ROTA -TERCEIROS;RECEBIDO;TRANSPORTE · EM ROTA -TERCEIROS · RECEBIDO;A8750;02/09/2026 16:04;;Datalogger recebido pelo agente com sucesso.;ACIONAR AGENTE/RESPONSÁVEL
565418;TA1171;ARES;00019200000014150530;MA;MINISTÉRIO DA SAUDE;31/08/2026 01:27;01/09/2026 16:39;01/09/2026 16:39;RECEBIDO NO CLIENTE;8350;MultiModal;31/08/2026 14:24;31/08/2026 18:50;;01/09/2026 15:05;7;NÃO;RETORNANDO PARA GRU (NÃO RECEBIDO);RETORNANDO - GRU;VTC - MARCUS FILIPE DA SILVA GALVAO;EM ESTOQUE;SALDO DE ESTOQUE;PENDENTE RECEBIMENTO;EM ESTOQUE · SALDO DE ESTOQUE · PENDENTE RECEBIMENTO;TA1171;02/09/2026 16:37;;Desbloqueio do datalogger realizado pelo usuário.;ACOMPANHAR RECEBIMENTO EM GRU
565418;A5743;ARES;00019200000014150549;MA;MINISTÉRIO DA SAUDE;31/08/2026 01:27;01/09/2026 16:39;01/09/2026 16:39;RECEBIDO NO CLIENTE;8350;MultiModal;31/08/2026 14:24;31/08/2026 18:50;;01/09/2026 15:05;7;NÃO;FORA DE GRU;AGENTE;AGENTE - LEILA NAZARE LIMA DE OLIVEIRA;TRANSPORTE;EM ROTA -TERCEIROS;RECEBIDO;TRANSPORTE · EM ROTA -TERCEIROS · RECEBIDO;A5743;02/09/2026 16:04;;Datalogger recebido pelo agente com sucesso.;ACIONAR AGENTE/RESPONSÁVEL
565418;A8535;ARES;00019200000014150557;MA;MINISTÉRIO DA SAUDE;31/08/2026 01:27;01/09/2026 16:39;01/09/2026 16:39;RECEBIDO NO CLIENTE;8350;MultiModal;31/08/2026 14:24;31/08/2026 18:50;;01/09/2026 15:05;7;NÃO;FORA DE GRU;AGENTE;AGENTE - LEILA NAZARE LIMA DE OLIVEIRA;TRANSPORTE;EM ROTA -TERCEIROS;RECEBIDO;TRANSPORTE · EM ROTA -TERCEIROS · RECEBIDO;A8535;02/09/2026 16:05;;Datalogger recebido pelo agente com sucesso.;ACIONAR AGENTE/RESPONSÁVEL
565418;A6505;ARES;00019200000014150565;MA;MINISTÉRIO DA SAUDE;31/08/2026 01:27;01/09/2026 16:39;01/09/2026 16:39;RECEBIDO NO CLIENTE;8350;MultiModal;31/08/2026 14:24;31/08/2026 18:50;;01/09/2026 15:05;7;NÃO;RETORNANDO PARA GRU (NÃO RECEBIDO);RETORNANDO - GRU;VTC - MARCUS FILIPE DA SILVA GALVAO;EM ESTOQUE;SALDO DE ESTOQUE;PENDENTE RECEBIMENTO;EM ESTOQUE · SALDO DE ESTOQUE · PENDENTE RECEBIMENTO;A6505;02/09/2026 16:34;;Desbloqueio do datalogger realizado pelo usuário.;ACOMPANHAR RECEBIMENTO EM GRU
565418;A3528;ARES;00019200000014150573;MA;MINISTÉRIO DA SAUDE;31/08/2026 01:27;01/09/2026 16:39;01/09/2026 16:39;RECEBIDO NO CLIENTE;8350;MultiModal;31/08/2026 14:24;31/08/2026 18:50;;01/09/2026 15:06;7;NÃO;FORA DE GRU;AGENTE;AGENTE - LEILA NAZARE LIMA DE OLIVEIRA;TRANSPORTE;EM ROTA -TERCEIROS;RECEBIDO;TRANSPORTE · EM ROTA -TERCEIROS · RECEBIDO;A3528;02/09/2026 16:04;;Datalogger recebido pelo agente com sucesso.;ACIONAR AGENTE/RESPONSÁVEL
565547;A2804;ARES;00019200000014053217;RO;MINISTÉRIO DA SAUDE;26/08/2026 22:57;01/09/2026 16:16;;ENTREGUE;8288;MultiModal;01/09/2026 00:15;01/09/2026 04:10;;31/08/2026 11:55;7;NÃO;FORA DE GRU;AGENTE;SYS - Usuário sistema;TRANSPORTE;EM ROTA -TERCEIROS;PENDENTE RECEBIMENTO;TRANSPORTE · EM ROTA -TERCEIROS · PENDENTE RECEBIMENTO;A2804;27/08/2026 02:14;;Datalogger enviado para agente W S TRANSPORTES DE CARGAS E LOGISTICA LTDA pelo serviço de integração do ESL.;ACIONAR AGENTE/RESPONSÁVEL
565547;A8727;ARES;00019200000014053225;RO;MINISTÉRIO DA SAUDE;26/08/2026 22:57;01/09/2026 16:16;;ENTREGUE;8288;MultiModal;01/09/2026 00:15;01/09/2026 04:10;;31/08/2026 11:54;7;NÃO;FORA DE GRU;AGENTE;SYS - Usuário sistema;TRANSPORTE;EM ROTA -TERCEIROS;PENDENTE RECEBIMENTO;TRANSPORTE · EM ROTA -TERCEIROS · PENDENTE RECEBIMENTO;A8727;27/08/2026 02:14;;Datalogger enviado para agente W S TRANSPORTES DE CARGAS E LOGISTICA LTDA pelo serviço de integração do ESL.;ACIONAR AGENTE/RESPONSÁVEL
565547;A8361;ARES;00019200000014053233;RO;MINISTÉRIO DA SAUDE;26/08/2026 22:57;01/09/2026 16:16;;ENTREGUE;8288;MultiModal;01/09/2026 00:15;01/09/2026 04:10;;31/08/2026 12:01;7;NÃO;FORA DE GRU;AGENTE;SYS - Usuário sistema;TRANSPORTE;EM ROTA -TERCEIROS;PENDENTE RECEBIMENTO;TRANSPORTE · EM ROTA -TERCEIROS · PENDENTE RECEBIMENTO;A8361;27/08/2026 02:14;;Datalogger enviado para agente W S TRANSPORTES DE CARGAS E LOGISTICA LTDA pelo serviço de integração do ESL.;ACIONAR AGENTE/RESPONSÁVEL
565547;A2942;ARES;00019200000014053241;RO;MINISTÉRIO DA SAUDE;26/08/2026 22:57;01/09/2026 16:16;;ENTREGUE;8288;MultiModal;01/09/2026 00:15;01/09/2026 04:10;;31/08/2026 11:55;7;NÃO;FORA DE GRU;AGENTE;SYS - Usuário sistema;TRANSPORTE;EM ROTA -TERCEIROS;PENDENTE RECEBIMENTO;TRANSPORTE · EM ROTA -TERCEIROS · PENDENTE RECEBIMENTO;A2942;27/08/2026 02:14;;Datalogger enviado para agente W S TRANSPORTES DE CARGAS E LOGISTICA LTDA pelo serviço de integração do ESL.;ACIONAR AGENTE/RESPONSÁVEL
565547;TA0594;ARES;00019200000014053250;RO;MINISTÉRIO DA SAUDE;26/08/2026 22:57;01/09/2026 16:16;;ENTREGUE;8288;MultiModal;01/09/2026 00:15;01/09/2026 04:10;;24/08/2026 11:38;7;NÃO;FORA DE GRU;AGENTE;SYS - Usuário sistema;TRANSPORTE;EM ROTA -TERCEIROS;PENDENTE RECEBIMENTO;TRANSPORTE · EM ROTA -TERCEIROS · PENDENTE RECEBIMENTO;TA0594;27/08/2026 02:14;;Datalogger enviado para agente W S TRANSPORTES DE CARGAS E LOGISTICA LTDA pelo serviço de integração do ESL.;ACIONAR AGENTE/RESPONSÁVEL
565547;A3541;ARES;00019200000014053268;RO;MINISTÉRIO DA SAUDE;26/08/2026 22:57;01/09/2026 16:16;;ENTREGUE;8288;MultiModal;01/09/2026 00:15;01/09/2026 04:10;;31/08/2026 12:26;7;NÃO;FORA DE GRU;AGENTE;SYS - Usuário sistema;TRANSPORTE;EM ROTA -TERCEIROS;PENDENTE RECEBIMENTO;TRANSPORTE · EM ROTA -TERCEIROS · PENDENTE RECEBIMENTO;A3541;27/08/2026 02:14;;Datalogger enviado para agente W S TRANSPORTES DE CARGAS E LOGISTICA LTDA pelo serviço de integração do ESL.;ACIONAR AGENTE/RESPONSÁVEL
564730;A6643;ARES;00019200000014042851;MS;MINISTÉRIO DA SAUDE;31/08/2026 03:10;01/09/2026 16:04;01/09/2026 16:04;RECEBIDO NO CLIENTE;8359;MultiModal;31/08/2026 12:35;01/09/2026 01:16;;27/08/2026 17:15;7;NÃO;FORA DE GRU;AGENTE;AGENTE - ANDREIA CRISTINA BARROS VEIGA;TRANSPORTE;EM TRÂNSITO;PENDENTE RECEBIMENTO;TRANSPORTE · EM TRÂNSITO · PENDENTE RECEBIMENTO;A6643;02/09/2026 15:04;17461;Datalogger enviado para devolução pelo agente.;ACIONAR AGENTE/RESPONSÁVEL
566235;A7635;ARES;00019200000014153777;MG;MINISTÉRIO DA SAUDE;31/08/2026 02:22;01/09/2026 15:58;;ENTREGUE;8347;MultiModal;01/09/2026 10:19;01/09/2026 12:18;;27/08/2026 17:18;7;NÃO;FORA DE GRU;AGENTE;AGENTE - JULLY EDUARDA ALVES;TRANSPORTE;EM ROTA -TERCEIROS;RECEBIDO;TRANSPORTE · EM ROTA -TERCEIROS · RECEBIDO;A7635;04/09/2026 09:36;;Datalogger recebido pelo agente com sucesso.;ACIONAR AGENTE/RESPONSÁVEL
566236;TA0526;ARES;00019200000014153726;PR;MINISTÉRIO DA SAUDE;29/08/2026 23:33;01/09/2026 15:20;;ENTREGUE;8338;MultiModal;31/08/2026 09:09;31/08/2026 11:50;;27/08/2026 12:45;7;SIM;EM GRU;ESTOQUE - GRU;VTC - ANA PAULA OLIVEIRA DA SILVA;EM ESTOQUE;SALDO DE ESTOQUE;RECEBIDO;EM ESTOQUE · SALDO DE ESTOQUE · RECEBIDO;TA0526;07/09/2026 14:42;;Datalogger restaurado para o estoque manualmente pelo usuário.;SINCRONIZAR EM GRU
564749;A7101;ARES;00019200000014019310;SE;MINISTÉRIO DA SAUDE;31/08/2026 02:16;01/09/2026 15:00;02/09/2026 15:58;RECEBIDO NO CLIENTE;8347;MultiModal;02/09/2026 09:53;02/09/2026 19:33;;29/08/2026 11:50;7;NÃO;RETORNANDO PARA GRU (NÃO RECEBIDO);RETORNANDO - GRU;VTC - GABRIELLE LIMA VELOSO;EM ESTOQUE;SALDO DE ESTOQUE;PENDENTE RECEBIMENTO;EM ESTOQUE · SALDO DE ESTOQUE · PENDENTE RECEBIMENTO;A7101;01/09/2026 16:34;;Datalogger encaminhado pelo transporte para recebimento da qualidade.;ACOMPANHAR RECEBIMENTO EM GRU
564749;A6778;ARES;00019200000014019329;SE;MINISTÉRIO DA SAUDE;31/08/2026 02:16;01/09/2026 15:00;02/09/2026 15:58;RECEBIDO NO CLIENTE;8347;MultiModal;02/09/2026 09:53;02/09/2026 19:33;;29/08/2026 11:52;7;NÃO;RETORNANDO PARA GRU (NÃO RECEBIDO);RETORNANDO - GRU;VTC - GABRIELLE LIMA VELOSO;EM ESTOQUE;SALDO DE ESTOQUE;PENDENTE RECEBIMENTO;EM ESTOQUE · SALDO DE ESTOQUE · PENDENTE RECEBIMENTO;A6778;01/09/2026 16:28;;Datalogger encaminhado pelo transporte para recebimento da qualidade.;ACOMPANHAR RECEBIMENTO EM GRU
564749;TA0885;ARES;00019200000014019370;SE;MINISTÉRIO DA SAUDE;31/08/2026 02:16;01/09/2026 15:00;02/09/2026 15:58;RECEBIDO NO CLIENTE;8347;MultiModal;02/09/2026 09:53;02/09/2026 19:33;;29/08/2026 12:47;7;NÃO;RETORNANDO PARA GRU (NÃO RECEBIDO);RETORNANDO - GRU;VTC - GABRIELLE LIMA VELOSO;EM ESTOQUE;SALDO DE ESTOQUE;PENDENTE RECEBIMENTO;EM ESTOQUE · SALDO DE ESTOQUE · PENDENTE RECEBIMENTO;TA0885;01/09/2026 16:33;;Datalogger encaminhado pelo transporte para recebimento da qualidade.;ACOMPANHAR RECEBIMENTO EM GRU
564749;A6326;ARES;00019200000014052695;SE;MINISTÉRIO DA SAUDE;31/08/2026 02:16;01/09/2026 15:00;02/09/2026 15:58;RECEBIDO NO CLIENTE;8347;MultiModal;02/09/2026 09:53;02/09/2026 19:33;;29/08/2026 12:04;7;NÃO;RETORNANDO PARA GRU (NÃO RECEBIDO);RETORNANDO - GRU;VTC - GABRIELLE LIMA VELOSO;EM ESTOQUE;SALDO DE ESTOQUE;PENDENTE RECEBIMENTO;EM ESTOQUE · SALDO DE ESTOQUE · PENDENTE RECEBIMENTO;A6326;01/09/2026 16:21;;Datalogger encaminhado pelo transporte para recebimento da qualidade.;ACOMPANHAR RECEBIMENTO EM GRU
564749;A7695;ARES;00019200000014052717;SE;MINISTÉRIO DA SAUDE;31/08/2026 02:16;01/09/2026 15:00;02/09/2026 15:58;RECEBIDO NO CLIENTE;8347;MultiModal;02/09/2026 09:53;02/09/2026 19:33;;29/08/2026 12:02;7;NÃO;RETORNANDO PARA GRU (NÃO RECEBIDO);RETORNANDO - GRU;VTC - GABRIELLE LIMA VELOSO;EM ESTOQUE;SALDO DE ESTOQUE;PENDENTE RECEBIMENTO;EM ESTOQUE · SALDO DE ESTOQUE · PENDENTE RECEBIMENTO;A7695;01/09/2026 16:23;;Datalogger encaminhado pelo transporte para recebimento da qualidade.;ACOMPANHAR RECEBIMENTO EM GRU
564749;A8136;ARES;00019200000014052750;SE;MINISTÉRIO DA SAUDE;31/08/2026 02:16;01/09/2026 15:00;02/09/2026 15:58;RECEBIDO NO CLIENTE;8347;MultiModal;02/09/2026 09:53;02/09/2026 19:33;;01/09/2026 12:52;7;NÃO;FORA DE GRU;AGENTE;AGENTE - MARCUS VINICIUS DO NASCIMENTO ALCANTARA;TRANSPORTE;EM ROTA -TERCEIROS;PENDENTE RECEBIMENTO;TRANSPORTE · EM ROTA -TERCEIROS · PENDENTE RECEBIMENTO;A8136;31/08/2026 04:11;;Datalogger enviado para agente CASSIMIRO TRANSPORTES pelo serviço de integração do ESL.;ACIONAR AGENTE/RESPONSÁVEL
564749;TA0583;ARES;00019200000014052768;SE;MINISTÉRIO DA SAUDE;31/08/2026 02:16;01/09/2026 15:00;02/09/2026 15:58;RECEBIDO NO CLIENTE;8347;MultiModal;02/09/2026 09:53;02/09/2026 19:33;;29/08/2026 11:49;7;NÃO;RETORNANDO PARA GRU (NÃO RECEBIDO);RETORNANDO - GRU;VTC - GABRIELLE LIMA VELOSO;EM ESTOQUE;SALDO DE ESTOQUE;PENDENTE RECEBIMENTO;EM ESTOQUE · SALDO DE ESTOQUE · PENDENTE RECEBIMENTO;TA0583;01/09/2026 16:23;;Datalogger encaminhado pelo transporte para recebimento da qualidade.;ACOMPANHAR RECEBIMENTO EM GRU
564749;A7277;ARES;00019200000014052881;SE;MINISTÉRIO DA SAUDE;31/08/2026 02:16;01/09/2026 15:00;02/09/2026 15:58;RECEBIDO NO CLIENTE;8347;MultiModal;02/09/2026 09:53;02/09/2026 19:33;;29/08/2026 12:00;7;NÃO;RETORNANDO PARA GRU (NÃO RECEBIDO);RETORNANDO - GRU;VTC - GABRIELLE LIMA VELOSO;EM ESTOQUE;SALDO DE ESTOQUE;PENDENTE RECEBIMENTO;EM ESTOQUE · SALDO DE ESTOQUE · PENDENTE RECEBIMENTO;A7277;01/09/2026 16:21;;Datalogger encaminhado pelo transporte para recebimento da qualidade.;ACOMPANHAR RECEBIMENTO EM GRU
564749;A5898;ARES;00019200000014052903;SE;MINISTÉRIO DA SAUDE;31/08/2026 02:16;01/09/2026 15:00;02/09/2026 15:58;RECEBIDO NO CLIENTE;8347;MultiModal;02/09/2026 09:53;02/09/2026 19:33;;29/08/2026 11:49;7;NÃO;RETORNANDO PARA GRU (NÃO RECEBIDO);RETORNANDO - GRU;VTC - GABRIELLE LIMA VELOSO;EM ESTOQUE;SALDO DE ESTOQUE;PENDENTE RECEBIMENTO;EM ESTOQUE · SALDO DE ESTOQUE · PENDENTE RECEBIMENTO;A5898;01/09/2026 16:40;;Datalogger encaminhado pelo transporte para recebimento da qualidade.;ACOMPANHAR RECEBIMENTO EM GRU
564749;A7199;ARES;00019200000014052962;SE;MINISTÉRIO DA SAUDE;31/08/2026 02:16;01/09/2026 15:00;02/09/2026 15:58;RECEBIDO NO CLIENTE;8347;MultiModal;02/09/2026 09:53;02/09/2026 19:33;;29/08/2026 12:01;7;NÃO;RETORNANDO PARA GRU (NÃO RECEBIDO);RETORNANDO - GRU;VTC - GABRIELLE LIMA VELOSO;EM ESTOQUE;SALDO DE ESTOQUE;PENDENTE RECEBIMENTO;EM ESTOQUE · SALDO DE ESTOQUE · PENDENTE RECEBIMENTO;A7199;01/09/2026 16:20;;Datalogger encaminhado pelo transporte para recebimento da qualidade.;ACOMPANHAR RECEBIMENTO EM GRU
564749;TA0472;ARES;00019200000014053055;SE;MINISTÉRIO DA SAUDE;31/08/2026 02:16;01/09/2026 15:00;02/09/2026 15:58;RECEBIDO NO CLIENTE;8347;MultiModal;02/09/2026 09:53;02/09/2026 19:33;;29/08/2026 12:03;7;NÃO;RETORNANDO PARA GRU (NÃO RECEBIDO);RETORNANDO - GRU;VTC - GABRIELLE LIMA VELOSO;EM ESTOQUE;SALDO DE ESTOQUE;PENDENTE RECEBIMENTO;EM ESTOQUE · SALDO DE ESTOQUE · PENDENTE RECEBIMENTO;TA0472;01/09/2026 16:34;;Datalogger encaminhado pelo transporte para recebimento da qualidade.;ACOMPANHAR RECEBIMENTO EM GRU
564749;TA0701;ARES;00019200000014060159;SE;MINISTÉRIO DA SAUDE;31/08/2026 02:16;01/09/2026 15:00;;ENTREGUE;8365;MultiModal;02/09/2026 09:53;02/09/2026 19:33;;04/08/2026 11:25;7;NÃO;FORA DE GRU;AGENTE;AGENTE - GRASIELLE DOS SANTOS VIEIRA;TRANSPORTE;EM ROTA -TERCEIROS;RECEBIDO;TRANSPORTE · EM ROTA -TERCEIROS · RECEBIDO;TA0701;02/09/2026 15:42;;Datalogger recebido pelo agente com sucesso.;ACIONAR AGENTE/RESPONSÁVEL
566004;A8880;ARES;00019200000014053187;TO;MINISTÉRIO DA SAUDE;30/08/2026 23:27;01/09/2026 15:00;;ENTREGUE;8348;MultiModal;01/09/2026 00:09;01/09/2026 04:15;;01/09/2026 11:53;7;NÃO;FORA DE GRU;AGENTE;AGENTE - RAIANA ASSIS DOS SANTOS;TRANSPORTE;EM ROTA -TERCEIROS;PENDENTE RECEBIMENTO;TRANSPORTE · EM ROTA -TERCEIROS · PENDENTE RECEBIMENTO;A8880;31/08/2026 00:30;;Datalogger enviado para agente MK BILLIG TRANSPORTE DE CARGAS E LOGISTICA LTDA pelo serviço de integração do ESL.;ACIONAR AGENTE/RESPONSÁVEL
566004;A4162;ARES;00019200000014053195;TO;MINISTÉRIO DA SAUDE;30/08/2026 23:27;01/09/2026 15:00;;ENTREGUE;8348;MultiModal;01/09/2026 00:09;01/09/2026 04:15;;01/09/2026 11:53;7;NÃO;FORA DE GRU;AGENTE;AGENTE - FERNANDA NATTALY DO NASCIMENTO RODRIGUES;TRANSPORTE;EM ROTA -TERCEIROS;PENDENTE RECEBIMENTO;TRANSPORTE · EM ROTA -TERCEIROS · PENDENTE RECEBIMENTO;A4162;31/08/2026 00:30;;Datalogger enviado para agente MK BILLIG TRANSPORTE DE CARGAS E LOGISTICA LTDA pelo serviço de integração do ESL.;ACIONAR AGENTE/RESPONSÁVEL
566367;A8702;ARES;00019200000014153580;PR;MINISTÉRIO DA SAUDE;29/08/2026 23:33;01/09/2026 14:35;;ENTREGUE;8338;MultiModal;30/08/2026 04:13;30/08/2026 11:06;;31/08/2026 15:31;7;SIM;CÂMARA FRIA (GRU);CÂMARA FRIA - PACKING;AGENTE - EDINALDO PINTO CASSIMIRO;CÂMARA FRIA;PACKING;RECEBIDO;CÂMARA FRIA · PACKING · RECEBIDO;A8702;28/08/2026 16:52;;DataLogger A8702, foi embalado no volume CAIXA 33L GELO PCM - 00019200000014153580 - Usuário: Renata.tomaz;VALIDAR NA CÂMARA FRIA
565245;A5927;ARES;00019200000014057026;AL;MINISTÉRIO DA SAUDE;31/08/2026 02:17;01/09/2026 13:57;;ENTREGUE;8347;MultiModal;31/08/2026 22:47;01/09/2026 02:58;;01/09/2026 11:33;7;SIM;CÂMARA FRIA (GRU);CÂMARA FRIA - PEDIDOS;VTC - WELLIGTON ANDRADE;CÂMARA FRIA;PEDIDOS;RECEBIDO;CÂMARA FRIA · PEDIDOS · RECEBIDO;A5927;06/09/2026 19:46;;Desbloqueio do datalogger realizado pelo usuário.;VALIDAR NA CÂMARA FRIA
566385;A1056;ARES;00019200000014153793;PR;MINISTÉRIO DA SAUDE;29/08/2026 23:33;01/09/2026 13:49;;ENTREGUE;8344;MultiModal;30/08/2026 04:13;30/08/2026 11:06;;27/08/2026 12:27;7;SIM;CÂMARA FRIA (GRU);CÂMARA FRIA - PACKING;AGENTE - MARCOS JOSE ARAUJO DE ASSIS;CÂMARA FRIA;PACKING;RECEBIDO;CÂMARA FRIA · PACKING · RECEBIDO;A1056;29/08/2026 21:17;;DataLogger A1056, foi embalado no volume CAIXA 33L GELO PCM - 00019200000014153793 - Usuário: Iris.teodorio;VALIDAR NA CÂMARA FRIA
565220;A8775;ARES;00019200000014054418;RO;MINISTÉRIO DA SAUDE;26/08/2026 22:58;01/09/2026 13:16;;ENTREGUE;8288;MultiModal;01/09/2026 00:15;01/09/2026 04:10;;26/08/2026 09:58;7;NÃO;FORA DE GRU;AGENTE;AGENTE - ROSANA HONORATO DA SILVA;TRANSPORTE;EM ROTA -TERCEIROS;PENDENTE RECEBIMENTO;TRANSPORTE · EM ROTA -TERCEIROS · PENDENTE RECEBIMENTO;A8775;27/08/2026 02:14;;Datalogger enviado para agente W S TRANSPORTES DE CARGAS E LOGISTICA LTDA pelo serviço de integração do ESL.;ACIONAR AGENTE/RESPONSÁVEL
565220;A6535;ARES;00019200000014054426;RO;MINISTÉRIO DA SAUDE;26/08/2026 22:58;01/09/2026 13:16;;ENTREGUE;8288;MultiModal;01/09/2026 00:15;01/09/2026 04:10;;31/08/2026 12:08;7;NÃO;FORA DE GRU;AGENTE;AGENTE - KESIA SARAI ARAUJO SILVA;TRANSPORTE;EM ROTA -TERCEIROS;PENDENTE RECEBIMENTO;TRANSPORTE · EM ROTA -TERCEIROS · PENDENTE RECEBIMENTO;A6535;27/08/2026 02:14;;Datalogger enviado para agente W S TRANSPORTES DE CARGAS E LOGISTICA LTDA pelo serviço de integração do ESL.;ACIONAR AGENTE/RESPONSÁVEL
565220;A9433;ARES;00019200000014054485;RO;MINISTÉRIO DA SAUDE;26/08/2026 22:58;01/09/2026 13:16;;ENTREGUE;8288;MultiModal;01/09/2026 00:15;01/09/2026 04:10;;31/08/2026 12:04;7;NÃO;FORA DE GRU;AGENTE;AGENTE - ELZANE RODRIGUES RODRIGUES DA SILVA;TRANSPORTE;EM ROTA -TERCEIROS;PENDENTE RECEBIMENTO;TRANSPORTE · EM ROTA -TERCEIROS · PENDENTE RECEBIMENTO;A9433;27/08/2026 02:14;;Datalogger enviado para agente W S TRANSPORTES DE CARGAS E LOGISTICA LTDA pelo serviço de integração do ESL.;ACIONAR AGENTE/RESPONSÁVEL
565220;A4269;ARES;00019200000014054493;RO;MINISTÉRIO DA SAUDE;26/08/2026 22:58;01/09/2026 13:16;;ENTREGUE;8288;MultiModal;01/09/2026 00:15;01/09/2026 04:10;;31/08/2026 12:00;7;NÃO;FORA DE GRU;AGENTE;SYS - Usuário sistema;TRANSPORTE;EM ROTA -TERCEIROS;PENDENTE RECEBIMENTO;TRANSPORTE · EM ROTA -TERCEIROS · PENDENTE RECEBIMENTO;A4269;27/08/2026 02:14;;Datalogger enviado para agente W S TRANSPORTES DE CARGAS E LOGISTICA LTDA pelo serviço de integração do ESL.;ACIONAR AGENTE/RESPONSÁVEL
565220;TA0016;ARES;00019200000014054507;RO;MINISTÉRIO DA SAUDE;26/08/2026 22:58;01/09/2026 13:16;;ENTREGUE;8288;MultiModal;01/09/2026 00:15;01/09/2026 04:10;;26/08/2026 11:12;7;NÃO;FORA DE GRU;AGENTE;SYS - Usuário sistema;TRANSPORTE;EM ROTA -TERCEIROS;PENDENTE RECEBIMENTO;TRANSPORTE · EM ROTA -TERCEIROS · PENDENTE RECEBIMENTO;TA0016;27/08/2026 02:14;;Datalogger enviado para agente W S TRANSPORTES DE CARGAS E LOGISTICA LTDA pelo serviço de integração do ESL.;ACIONAR AGENTE/RESPONSÁVEL
565220;A0800;ARES;00019200000014054515;RO;MINISTÉRIO DA SAUDE;26/08/2026 22:58;01/09/2026 13:16;;ENTREGUE;8288;MultiModal;01/09/2026 00:15;01/09/2026 04:10;;31/08/2026 11:55;7;NÃO;FORA DE GRU;AGENTE;AGENTE - JOSE AIRTON LOURENCO DE OLIVEIRA JUNIOR;TRANSPORTE;EM ROTA -TERCEIROS;PENDENTE RECEBIMENTO;TRANSPORTE · EM ROTA -TERCEIROS · PENDENTE RECEBIMENTO;A0800;27/08/2026 02:14;;Datalogger enviado para agente W S TRANSPORTES DE CARGAS E LOGISTICA LTDA pelo serviço de integração do ESL.;ACIONAR AGENTE/RESPONSÁVEL
565220;TA0111;ARES;00019200000014054523;RO;MINISTÉRIO DA SAUDE;26/08/2026 22:58;01/09/2026 13:16;;ENTREGUE;8288;MultiModal;01/09/2026 00:15;01/09/2026 04:10;;26/08/2026 13:25;7;NÃO;FORA DE GRU;AGENTE;AGENTE - RAIANA ASSIS DOS SANTOS;TRANSPORTE;EM ROTA -TERCEIROS;PENDENTE RECEBIMENTO;TRANSPORTE · EM ROTA -TERCEIROS · PENDENTE RECEBIMENTO;TA0111;27/08/2026 02:14;;Datalogger enviado para agente W S TRANSPORTES DE CARGAS E LOGISTICA LTDA pelo serviço de integração do ESL.;ACIONAR AGENTE/RESPONSÁVEL
565220;TA1217;ARES;00019200000014054531;RO;MINISTÉRIO DA SAUDE;26/08/2026 22:58;01/09/2026 13:16;;ENTREGUE;8288;MultiModal;01/09/2026 00:15;01/09/2026 04:10;;26/08/2026 11:10;7;NÃO;FORA DE GRU;AGENTE;SYS - Usuário sistema;TRANSPORTE;EM ROTA -TERCEIROS;PENDENTE RECEBIMENTO;TRANSPORTE · EM ROTA -TERCEIROS · PENDENTE RECEBIMENTO;TA1217;27/08/2026 02:14;;Datalogger enviado para agente W S TRANSPORTES DE CARGAS E LOGISTICA LTDA pelo serviço de integração do ESL.;ACIONAR AGENTE/RESPONSÁVEL
565220;A4440;ARES;00019200000014054540;RO;MINISTÉRIO DA SAUDE;26/08/2026 22:58;01/09/2026 13:16;;ENTREGUE;8288;MultiModal;01/09/2026 00:15;01/09/2026 04:10;;26/08/2026 08:49;7;NÃO;FORA DE GRU;AGENTE;AGENTE - KESIA SARAI ARAUJO SILVA;TRANSPORTE;EM ROTA -TERCEIROS;PENDENTE RECEBIMENTO;TRANSPORTE · EM ROTA -TERCEIROS · PENDENTE RECEBIMENTO;A4440;27/08/2026 02:14;;Datalogger enviado para agente W S TRANSPORTES DE CARGAS E LOGISTICA LTDA pelo serviço de integração do ESL.;ACIONAR AGENTE/RESPONSÁVEL
565220;A6041;ARES;00019200000014054574;RO;MINISTÉRIO DA SAUDE;26/08/2026 22:58;01/09/2026 13:16;;ENTREGUE;8288;MultiModal;01/09/2026 00:15;01/09/2026 04:10;;24/08/2026 09:44;7;NÃO;FORA DE GRU;AGENTE;SYS - Usuário sistema;TRANSPORTE;EM ROTA -TERCEIROS;PENDENTE RECEBIMENTO;TRANSPORTE · EM ROTA -TERCEIROS · PENDENTE RECEBIMENTO;A6041;27/08/2026 02:14;;Datalogger enviado para agente W S TRANSPORTES DE CARGAS E LOGISTICA LTDA pelo serviço de integração do ESL.;ACIONAR AGENTE/RESPONSÁVEL
565220;A9423;ARES;00019200000014054582;RO;MINISTÉRIO DA SAUDE;26/08/2026 22:58;01/09/2026 13:16;;ENTREGUE;8288;MultiModal;01/09/2026 00:15;01/09/2026 04:10;;24/08/2026 10:53;7;NÃO;FORA DE GRU;AGENTE;SYS - Usuário sistema;TRANSPORTE;EM ROTA -TERCEIROS;PENDENTE RECEBIMENTO;TRANSPORTE · EM ROTA -TERCEIROS · PENDENTE RECEBIMENTO;A9423;27/08/2026 02:14;;Datalogger enviado para agente W S TRANSPORTES DE CARGAS E LOGISTICA LTDA pelo serviço de integração do ESL.;ACIONAR AGENTE/RESPONSÁVEL
565220;A3570;ARES;00019200000014054590;RO;MINISTÉRIO DA SAUDE;26/08/2026 22:58;01/09/2026 13:16;;ENTREGUE;8288;MultiModal;01/09/2026 00:15;01/09/2026 04:10;;26/08/2026 09:59;7;NÃO;FORA DE GRU;AGENTE;SYS - Usuário sistema;TRANSPORTE;EM ROTA -TERCEIROS;PENDENTE RECEBIMENTO;TRANSPORTE · EM ROTA -TERCEIROS · PENDENTE RECEBIMENTO;A3570;27/08/2026 02:14;;Datalogger enviado para agente W S TRANSPORTES DE CARGAS E LOGISTICA LTDA pelo serviço de integração do ESL.;ACIONAR AGENTE/RESPONSÁVEL
565220;A1158;ARES;00019200000014054604;RO;MINISTÉRIO DA SAUDE;26/08/2026 22:58;01/09/2026 13:16;;ENTREGUE;8288;MultiModal;01/09/2026 00:15;01/09/2026 04:10;;26/08/2026 13:29;7;NÃO;FORA DE GRU;AGENTE;AGENTE - HUMBERTO DA SILVA FERREIRA;TRANSPORTE;EM ROTA -TERCEIROS;PENDENTE RECEBIMENTO;TRANSPORTE · EM ROTA -TERCEIROS · PENDENTE RECEBIMENTO;A1158;27/08/2026 02:14;;Datalogger enviado para agente W S TRANSPORTES DE CARGAS E LOGISTICA LTDA pelo serviço de integração do ESL.;ACIONAR AGENTE/RESPONSÁVEL
565220;A9617;ARES;00019200000014054612;RO;MINISTÉRIO DA SAUDE;26/08/2026 22:58;01/09/2026 13:16;;ENTREGUE;8288;MultiModal;01/09/2026 00:15;01/09/2026 04:10;;31/08/2026 11:59;7;NÃO;FORA DE GRU;AGENTE;SYS - Usuário sistema;TRANSPORTE;EM ROTA -TERCEIROS;PENDENTE RECEBIMENTO;TRANSPORTE · EM ROTA -TERCEIROS · PENDENTE RECEBIMENTO;A9617;27/08/2026 02:14;;Datalogger enviado para agente W S TRANSPORTES DE CARGAS E LOGISTICA LTDA pelo serviço de integração do ESL.;ACIONAR AGENTE/RESPONSÁVEL
564901;A9448;ARES;00019200000013967550;PI;MINISTÉRIO DA SAUDE;31/08/2026 01:30;01/09/2026 12:30;;ENTREGUE;8350;MultiModal;31/08/2026 22:56;01/09/2026 02:23;;27/08/2026 12:26;7;NÃO;FORA DE GRU;AGENTE;AGENTE - DANILO MESAQUE DOS SANTOS TEIXEIRA;TRANSPORTE;EM ROTA -TERCEIROS;RECEBIDO;TRANSPORTE · EM ROTA -TERCEIROS · RECEBIDO;A9448;03/09/2026 11:43;;Datalogger recebido pelo agente com sucesso.;ACIONAR AGENTE/RESPONSÁVEL
564901;A1113;ARES;00019200000013967606;PI;MINISTÉRIO DA SAUDE;31/08/2026 01:30;01/09/2026 12:30;;ENTREGUE;8350;MultiModal;31/08/2026 22:56;01/09/2026 02:23;;28/08/2026 08:48;7;NÃO;FORA DE GRU;AGENTE;AGENTE - DANILO MESAQUE DOS SANTOS TEIXEIRA;TRANSPORTE;EM ROTA -TERCEIROS;RECEBIDO;TRANSPORTE · EM ROTA -TERCEIROS · RECEBIDO;A1113;03/09/2026 11:42;;Datalogger recebido pelo agente com sucesso.;ACIONAR AGENTE/RESPONSÁVEL
564901;A2416;ARES;00019200000013994441;PI;MINISTÉRIO DA SAUDE;31/08/2026 01:30;01/09/2026 12:30;;ENTREGUE;8350;MultiModal;31/08/2026 22:56;01/09/2026 02:23;;28/08/2026 08:48;7;NÃO;FORA DE GRU;AGENTE;AGENTE - DANILO MESAQUE DOS SANTOS TEIXEIRA;TRANSPORTE;EM ROTA -TERCEIROS;RECEBIDO;TRANSPORTE · EM ROTA -TERCEIROS · RECEBIDO;A2416;03/09/2026 11:42;;Datalogger recebido pelo agente com sucesso.;ACIONAR AGENTE/RESPONSÁVEL
564901;A4658;ARES;00019200000013994522;PI;MINISTÉRIO DA SAUDE;31/08/2026 01:30;01/09/2026 12:30;;ENTREGUE;8350;MultiModal;31/08/2026 22:56;01/09/2026 02:23;;27/08/2026 11:39;7;NÃO;FORA DE GRU;AGENTE;AGENTE - DANILO MESAQUE DOS SANTOS TEIXEIRA;TRANSPORTE;EM ROTA -TERCEIROS;RECEBIDO;TRANSPORTE · EM ROTA -TERCEIROS · RECEBIDO;A4658;03/09/2026 11:44;;Datalogger recebido pelo agente com sucesso.;ACIONAR AGENTE/RESPONSÁVEL
565453;A7597;ARES;00019200000014060027;RS;MINISTÉRIO DA SAUDE;30/08/2026 23:29;01/09/2026 11:00;;ENTREGUE;8348;MultiModal;31/08/2026 03:35;31/08/2026 18:18;;27/08/2026 12:47;7;SIM;EM GRU;ESTOQUE - GRU;VTC - THAIS SOUZA DE CARVALHO;EM ESTOQUE;SALDO DE ESTOQUE;RECEBIDO;EM ESTOQUE · SALDO DE ESTOQUE · RECEBIDO;A7597;05/09/2026 16:13;;;SINCRONIZAR EM GRU
565215;A1294;ARES;00019200000014049759;RS;MINISTÉRIO DA SAUDE;30/08/2026 05:24;01/09/2026 08:32;01/09/2026 08:32;RECEBIDO NO CLIENTE;8336;Rodoviário;30/08/2026 05:24;01/09/2026 10:33;;30/08/2026 19:04;7;SIM;EM GRU;ESTOQUE - GRU;VTC - ANA PAULA OLIVEIRA DA SILVA;EM ESTOQUE;SALDO DE ESTOQUE;RECEBIDO;EM ESTOQUE · SALDO DE ESTOQUE · RECEBIDO;A1294;07/09/2026 14:51;;Datalogger restaurado para o estoque manualmente pelo usuário.;SINCRONIZAR EM GRU
565215;A3896;ARES;00019200000014049775;RS;MINISTÉRIO DA SAUDE;30/08/2026 05:24;01/09/2026 08:32;01/09/2026 08:32;RECEBIDO NO CLIENTE;8336;Rodoviário;30/08/2026 05:24;01/09/2026 10:33;;26/08/2026 13:55;7;SIM;EM GRU;ESTOQUE - GRU;VTC - ANA PAULA OLIVEIRA DA SILVA;EM ESTOQUE;SALDO DE ESTOQUE;RECEBIDO;EM ESTOQUE · SALDO DE ESTOQUE · RECEBIDO;A3896;07/09/2026 14:45;;Datalogger restaurado para o estoque manualmente pelo usuário.;SINCRONIZAR EM GRU
565215;A4182;ARES;00019200000014049899;RS;MINISTÉRIO DA SAUDE;30/08/2026 05:24;01/09/2026 08:32;01/09/2026 08:32;RECEBIDO NO CLIENTE;8336;Rodoviário;30/08/2026 05:24;01/09/2026 10:33;;30/08/2026 20:23;7;SIM;EM GRU;ESTOQUE - GRU;VTC - ANA PAULA OLIVEIRA DA SILVA;EM ESTOQUE;SALDO DE ESTOQUE;RECEBIDO;EM ESTOQUE · SALDO DE ESTOQUE · RECEBIDO;A4182;07/09/2026 14:51;;Datalogger restaurado para o estoque manualmente pelo usuário.;SINCRONIZAR EM GRU
565215;A6073;ARES;00019200000014056712;RS;MINISTÉRIO DA SAUDE;30/08/2026 05:24;01/09/2026 08:32;01/09/2026 08:32;RECEBIDO NO CLIENTE;8336;Rodoviário;30/08/2026 05:24;01/09/2026 10:33;;27/08/2026 17:15;7;SIM;EM GRU;ESTOQUE - GRU;VTC - ANA PAULA OLIVEIRA DA SILVA;EM ESTOQUE;SALDO DE ESTOQUE;RECEBIDO;EM ESTOQUE · SALDO DE ESTOQUE · RECEBIDO;A6073;07/09/2026 14:48;;Datalogger restaurado para o estoque manualmente pelo usuário.;SINCRONIZAR EM GRU
565215;A9705;ARES;00019200000014056763;RS;MINISTÉRIO DA SAUDE;30/08/2026 05:24;01/09/2026 08:32;01/09/2026 08:32;RECEBIDO NO CLIENTE;8336;Rodoviário;30/08/2026 05:24;01/09/2026 10:33;;05/08/2026 12:16;7;SIM;EM GRU;ESTOQUE - GRU;VTC - ANA PAULA OLIVEIRA DA SILVA;EM ESTOQUE;SALDO DE ESTOQUE;RECEBIDO;EM ESTOQUE · SALDO DE ESTOQUE · RECEBIDO;A9705;07/09/2026 14:45;;Datalogger restaurado para o estoque manualmente pelo usuário.;SINCRONIZAR EM GRU
565215;A0080;ARES;00019200000014056780;RS;MINISTÉRIO DA SAUDE;30/08/2026 05:24;01/09/2026 08:32;01/09/2026 08:32;RECEBIDO NO CLIENTE;8336;Rodoviário;30/08/2026 05:24;01/09/2026 10:33;;03/08/2026 08:54;7;SIM;EM GRU;ESTOQUE - GRU;VTC - ANA PAULA OLIVEIRA DA SILVA;EM ESTOQUE;SALDO DE ESTOQUE;RECEBIDO;EM ESTOQUE · SALDO DE ESTOQUE · RECEBIDO;A0080;07/09/2026 14:49;;Datalogger restaurado para o estoque manualmente pelo usuário.;SINCRONIZAR EM GRU
565215;TA0427;ARES;00019200000014056887;RS;MINISTÉRIO DA SAUDE;30/08/2026 05:24;01/09/2026 08:32;01/09/2026 08:32;RECEBIDO NO CLIENTE;8336;Rodoviário;30/08/2026 05:24;01/09/2026 10:33;;27/08/2026 10:35;7;SIM;EM GRU;ESTOQUE - GRU;VTC - ANA PAULA OLIVEIRA DA SILVA;EM ESTOQUE;SALDO DE ESTOQUE;RECEBIDO;EM ESTOQUE · SALDO DE ESTOQUE · RECEBIDO;TA0427;07/09/2026 14:49;;Datalogger restaurado para o estoque manualmente pelo usuário.;SINCRONIZAR EM GRU
565215;TA0231;ARES;00019200000014056933;RS;MINISTÉRIO DA SAUDE;30/08/2026 05:24;01/09/2026 08:32;01/09/2026 08:32;RECEBIDO NO CLIENTE;8336;Rodoviário;30/08/2026 05:24;01/09/2026 10:33;;06/08/2026 10:38;7;SIM;EM GRU;ESTOQUE - GRU;VTC - ANA PAULA OLIVEIRA DA SILVA;EM ESTOQUE;SALDO DE ESTOQUE;RECEBIDO;EM ESTOQUE · SALDO DE ESTOQUE · RECEBIDO;TA0231;07/09/2026 14:49;;Datalogger restaurado para o estoque manualmente pelo usuário.;SINCRONIZAR EM GRU
566113;TA0650;ARES;00019200000014024152;PR;MINISTÉRIO DA SAUDE;27/08/2026 22:30;31/08/2026 19:00;;ENTREGUE;8308;MultiModal;28/08/2026 05:32;28/08/2026 17:45;;26/08/2026 13:40;7;NÃO;FORA DE GRU;AGENTE;AGENTE - NICOLLE CHRISTIE CAMPOS MAGALHÃES;TRANSPORTE;EM ROTA -TERCEIROS;PENDENTE RECEBIMENTO;TRANSPORTE · EM ROTA -TERCEIROS · PENDENTE RECEBIMENTO;TA0650;28/08/2026 05:19;;Datalogger enviado para agente TGEX TRANSPORTES E LOCACAO DE VEICULOS LTDA pelo serviço de integração do ESL.;ACIONAR AGENTE/RESPONSÁVEL
565980;A3052;ARES;00019200000014015137;AP;MINISTÉRIO DA SAUDE;29/08/2026 23:40;31/08/2026 17:13;31/08/2026 17:13;RECEBIDO NO CLIENTE;8341;MultiModal;30/08/2026 17:44;31/08/2026 04:16;;31/08/2026 16:15;8;NÃO;RETORNANDO PARA GRU (NÃO RECEBIDO);RETORNANDO - GRU;VTC - BEATRIZ SALES DE FREITAS;EM ESTOQUE;SALDO DE ESTOQUE;PENDENTE RECEBIMENTO;EM ESTOQUE · SALDO DE ESTOQUE · PENDENTE RECEBIMENTO;A3052;03/09/2026 09:40;;Datalogger enviado para agente  A A CARVALHO ROCHA pelo serviço de integração do ESL.;ACOMPANHAR RECEBIMENTO EM GRU
566390;A0017;ARES;00019200000014154803;PR;MINISTÉRIO DA SAUDE;29/08/2026 23:47;31/08/2026 17:00;;ENTREGUE;8337;MultiModal;31/08/2026 09:09;31/08/2026 11:50;;27/08/2026 14:19;8;SIM;EM GRU;ESTOQUE - GRU;VTC - ANA PAULA OLIVEIRA DA SILVA;EM ESTOQUE;SALDO DE ESTOQUE;RECEBIDO;EM ESTOQUE · SALDO DE ESTOQUE · RECEBIDO;A0017;07/09/2026 14:42;;Datalogger restaurado para o estoque manualmente pelo usuário.;SINCRONIZAR EM GRU
566470;A9102;ARES;00019200000014152207;SP;MINISTÉRIO DA SAUDE;31/08/2026 01:03;31/08/2026 16:04;;ENTREGUE;8353;Rodoviário;31/08/2026 01:03;31/08/2026 16:04;;29/08/2026 11:49;8;NÃO;RETORNANDO PARA GRU (NÃO RECEBIDO);RETORNANDO - GRU;VTC - GABRIELLE LIMA VELOSO;EM ESTOQUE;SALDO DE ESTOQUE;PENDENTE RECEBIMENTO;EM ESTOQUE · SALDO DE ESTOQUE · PENDENTE RECEBIMENTO;A9102;31/08/2026 12:03;;Datalogger encaminhado pelo transporte para recebimento da qualidade.;ACOMPANHAR RECEBIMENTO EM GRU
564744;A7346;ARES;00019200000014015854;RR;MINISTÉRIO DA SAUDE;29/08/2026 23:41;31/08/2026 16:00;;ENTREGUE;8340;MultiModal;03/09/2026 20:12;03/09/2026 01:44;;31/08/2026 12:37;8;NÃO;FORA DE GRU;AGENTE;AGENTE - IARA HOLANDA NOZOR TELES;TRANSPORTE;EM ROTA -TERCEIROS;PENDENTE RECEBIMENTO;TRANSPORTE · EM ROTA -TERCEIROS · PENDENTE RECEBIMENTO;A7346;30/08/2026 02:10;;Datalogger enviado para agente J PIMENTEL S. CUNHA LTDA pelo serviço de integração do ESL.;ACIONAR AGENTE/RESPONSÁVEL
564744;A6068;ARES;00019200000014015889;RR;MINISTÉRIO DA SAUDE;29/08/2026 23:41;31/08/2026 16:00;;ENTREGUE;8340;MultiModal;03/09/2026 20:12;03/09/2026 01:44;;31/08/2026 12:37;8;NÃO;FORA DE GRU;AGENTE;SYS - Usuário sistema;TRANSPORTE;EM ROTA -TERCEIROS;PENDENTE RECEBIMENTO;TRANSPORTE · EM ROTA -TERCEIROS · PENDENTE RECEBIMENTO;A6068;30/08/2026 02:10;;Datalogger enviado para agente J PIMENTEL S. CUNHA LTDA pelo serviço de integração do ESL.;ACIONAR AGENTE/RESPONSÁVEL
564744;A8097;ARES;00019200000014015897;RR;MINISTÉRIO DA SAUDE;29/08/2026 23:41;31/08/2026 16:00;;ENTREGUE;8340;MultiModal;03/09/2026 20:12;03/09/2026 01:44;;31/08/2026 12:37;8;NÃO;FORA DE GRU;AGENTE;AGENTE - IARA HOLANDA NOZOR TELES;TRANSPORTE;EM ROTA -TERCEIROS;PENDENTE RECEBIMENTO;TRANSPORTE · EM ROTA -TERCEIROS · PENDENTE RECEBIMENTO;A8097;30/08/2026 02:10;;Datalogger enviado para agente J PIMENTEL S. CUNHA LTDA pelo serviço de integração do ESL.;ACIONAR AGENTE/RESPONSÁVEL
564744;A1846;ARES;00019200000014015900;RR;MINISTÉRIO DA SAUDE;29/08/2026 23:41;31/08/2026 16:00;;ENTREGUE;8340;MultiModal;03/09/2026 20:12;03/09/2026 01:44;;31/08/2026 12:37;8;NÃO;FORA DE GRU;AGENTE;AGENTE - JOSE AIRTON LOURENCO DE OLIVEIRA JUNIOR;TRANSPORTE;EM ROTA -TERCEIROS;PENDENTE RECEBIMENTO;TRANSPORTE · EM ROTA -TERCEIROS · PENDENTE RECEBIMENTO;A1846;30/08/2026 02:10;;Datalogger enviado para agente J PIMENTEL S. CUNHA LTDA pelo serviço de integração do ESL.;ACIONAR AGENTE/RESPONSÁVEL
564744;A5481;ARES;00019200000014015919;RR;MINISTÉRIO DA SAUDE;29/08/2026 23:41;31/08/2026 16:00;;ENTREGUE;8340;MultiModal;03/09/2026 20:12;03/09/2026 01:44;;31/08/2026 12:37;8;NÃO;FORA DE GRU;AGENTE;AGENTE - RAIANA ASSIS DOS SANTOS;TRANSPORTE;EM ROTA -TERCEIROS;PENDENTE RECEBIMENTO;TRANSPORTE · EM ROTA -TERCEIROS · PENDENTE RECEBIMENTO;A5481;30/08/2026 02:10;;Datalogger enviado para agente J PIMENTEL S. CUNHA LTDA pelo serviço de integração do ESL.;ACIONAR AGENTE/RESPONSÁVEL
564744;A2959;ARES;00019200000014015927;RR;MINISTÉRIO DA SAUDE;29/08/2026 23:41;31/08/2026 16:00;;ENTREGUE;8340;MultiModal;03/09/2026 20:12;03/09/2026 01:44;;31/08/2026 12:37;8;NÃO;FORA DE GRU;AGENTE;AGENTE - ELZANE RODRIGUES RODRIGUES DA SILVA;TRANSPORTE;EM ROTA -TERCEIROS;PENDENTE RECEBIMENTO;TRANSPORTE · EM ROTA -TERCEIROS · PENDENTE RECEBIMENTO;A2959;30/08/2026 02:10;;Datalogger enviado para agente J PIMENTEL S. CUNHA LTDA pelo serviço de integração do ESL.;ACIONAR AGENTE/RESPONSÁVEL
564744;TA0979;ARES;00019200000014015935;RR;MINISTÉRIO DA SAUDE;29/08/2026 23:41;31/08/2026 16:00;;ENTREGUE;8339;MultiModal;03/09/2026 20:12;03/09/2026 01:44;;27/08/2026 16:30;8;NÃO;FORA DE GRU;AGENTE;AGENTE - RAIANA ASSIS DOS SANTOS;TRANSPORTE;EM ROTA -TERCEIROS;PENDENTE RECEBIMENTO;TRANSPORTE · EM ROTA -TERCEIROS · PENDENTE RECEBIMENTO;TA0979;30/08/2026 02:10;;Datalogger enviado para agente J PIMENTEL S. CUNHA LTDA pelo serviço de integração do ESL.;ACIONAR AGENTE/RESPONSÁVEL
564744;A8660;ARES;00019200000014015943;RR;MINISTÉRIO DA SAUDE;29/08/2026 23:41;31/08/2026 16:00;;ENTREGUE;8339;MultiModal;03/09/2026 20:12;03/09/2026 01:44;;27/08/2026 10:56;8;NÃO;FORA DE GRU;AGENTE;AGENTE - TATIANE PAZ SANTANA;TRANSPORTE;EM ROTA -TERCEIROS;PENDENTE RECEBIMENTO;TRANSPORTE · EM ROTA -TERCEIROS · PENDENTE RECEBIMENTO;A8660;30/08/2026 02:10;;Datalogger enviado para agente J PIMENTEL S. CUNHA LTDA pelo serviço de integração do ESL.;ACIONAR AGENTE/RESPONSÁVEL
564744;A6751;ARES;00019200000014015951;RR;MINISTÉRIO DA SAUDE;29/08/2026 23:41;31/08/2026 16:00;;ENTREGUE;8339;MultiModal;03/09/2026 20:12;03/09/2026 01:44;;27/08/2026 15:37;8;NÃO;FORA DE GRU;AGENTE;AGENTE - ANDREIA CRISTINA BARROS VEIGA;TRANSPORTE;EM ROTA -TERCEIROS;PENDENTE RECEBIMENTO;TRANSPORTE · EM ROTA -TERCEIROS · PENDENTE RECEBIMENTO;A6751;30/08/2026 02:10;;Datalogger enviado para agente J PIMENTEL S. CUNHA LTDA pelo serviço de integração do ESL.;ACIONAR AGENTE/RESPONSÁVEL
564744;A8670;ARES;00019200000014015960;RR;MINISTÉRIO DA SAUDE;29/08/2026 23:41;31/08/2026 16:00;;ENTREGUE;8340;MultiModal;03/09/2026 20:12;03/09/2026 01:44;;27/08/2026 09:20;8;NÃO;FORA DE GRU;AGENTE;AGENTE - ELZANE RODRIGUES RODRIGUES DA SILVA;TRANSPORTE;EM ROTA -TERCEIROS;PENDENTE RECEBIMENTO;TRANSPORTE · EM ROTA -TERCEIROS · PENDENTE RECEBIMENTO;A8670;30/08/2026 02:10;;Datalogger enviado para agente J PIMENTEL S. CUNHA LTDA pelo serviço de integração do ESL.;ACIONAR AGENTE/RESPONSÁVEL
564744;A1824;ARES;00019200000014015978;RR;MINISTÉRIO DA SAUDE;29/08/2026 23:41;31/08/2026 16:00;;ENTREGUE;8340;MultiModal;03/09/2026 20:12;03/09/2026 01:44;;31/08/2026 12:37;8;NÃO;FORA DE GRU;AGENTE;AGENTE - CHARLE BRASIL SILVERIO;TRANSPORTE;EM ROTA -TERCEIROS;PENDENTE RECEBIMENTO;TRANSPORTE · EM ROTA -TERCEIROS · PENDENTE RECEBIMENTO;A1824;30/08/2026 02:10;;Datalogger enviado para agente J PIMENTEL S. CUNHA LTDA pelo serviço de integração do ESL.;ACIONAR AGENTE/RESPONSÁVEL
564744;A9112;ARES;00019200000014015986;RR;MINISTÉRIO DA SAUDE;29/08/2026 23:41;31/08/2026 16:00;;ENTREGUE;8340;MultiModal;03/09/2026 20:12;03/09/2026 01:44;;31/08/2026 12:37;8;NÃO;FORA DE GRU;AGENTE;AGENTE - CHARLE BRASIL SILVERIO;TRANSPORTE;EM ROTA -TERCEIROS;PENDENTE RECEBIMENTO;TRANSPORTE · EM ROTA -TERCEIROS · PENDENTE RECEBIMENTO;A9112;30/08/2026 02:10;;Datalogger enviado para agente J PIMENTEL S. CUNHA LTDA pelo serviço de integração do ESL.;ACIONAR AGENTE/RESPONSÁVEL
564744;A5747;ARES;00019200000014015994;RR;MINISTÉRIO DA SAUDE;29/08/2026 23:41;31/08/2026 16:00;;ENTREGUE;8340;MultiModal;03/09/2026 20:12;03/09/2026 01:44;;31/08/2026 12:37;8;NÃO;FORA DE GRU;AGENTE;AGENTE - PATRICK KAUE RIBEIRO SOARES;TRANSPORTE;EM ROTA -TERCEIROS;PENDENTE RECEBIMENTO;TRANSPORTE · EM ROTA -TERCEIROS · PENDENTE RECEBIMENTO;A5747;30/08/2026 02:10;;Datalogger enviado para agente J PIMENTEL S. CUNHA LTDA pelo serviço de integração do ESL.;ACIONAR AGENTE/RESPONSÁVEL
564744;TA0813;ARES;00019200000014016001;RR;MINISTÉRIO DA SAUDE;29/08/2026 23:41;31/08/2026 16:00;;ENTREGUE;8339;MultiModal;03/09/2026 20:12;03/09/2026 01:44;;27/08/2026 13:21;8;NÃO;FORA DE GRU;AGENTE;AGENTE - ELZANE RODRIGUES RODRIGUES DA SILVA;TRANSPORTE;EM ROTA -TERCEIROS;PENDENTE RECEBIMENTO;TRANSPORTE · EM ROTA -TERCEIROS · PENDENTE RECEBIMENTO;TA0813;30/08/2026 02:10;;Datalogger enviado para agente J PIMENTEL S. CUNHA LTDA pelo serviço de integração do ESL.;ACIONAR AGENTE/RESPONSÁVEL
564744;A3027;ARES;00019200000014016028;RR;MINISTÉRIO DA SAUDE;29/08/2026 23:41;31/08/2026 16:00;;ENTREGUE;8339;MultiModal;03/09/2026 20:12;03/09/2026 01:44;;27/08/2026 11:02;8;NÃO;FORA DE GRU;AGENTE;AGENTE - IARA HOLANDA NOZOR TELES;TRANSPORTE;EM ROTA -TERCEIROS;PENDENTE RECEBIMENTO;TRANSPORTE · EM ROTA -TERCEIROS · PENDENTE RECEBIMENTO;A3027;30/08/2026 02:10;;Datalogger enviado para agente J PIMENTEL S. CUNHA LTDA pelo serviço de integração do ESL.;ACIONAR AGENTE/RESPONSÁVEL
564744;TA0228;ARES;00019200000014016036;RR;MINISTÉRIO DA SAUDE;29/08/2026 23:41;31/08/2026 16:00;;ENTREGUE;8339;MultiModal;03/09/2026 20:12;03/09/2026 01:44;;27/08/2026 12:07;8;NÃO;FORA DE GRU;AGENTE;AGENTE - IARA HOLANDA NOZOR TELES;TRANSPORTE;EM ROTA -TERCEIROS;PENDENTE RECEBIMENTO;TRANSPORTE · EM ROTA -TERCEIROS · PENDENTE RECEBIMENTO;TA0228;30/08/2026 02:10;;Datalogger enviado para agente J PIMENTEL S. CUNHA LTDA pelo serviço de integração do ESL.;ACIONAR AGENTE/RESPONSÁVEL
564744;A5657;ARES;00019200000014016044;RR;MINISTÉRIO DA SAUDE;29/08/2026 23:41;31/08/2026 16:00;;ENTREGUE;8339;MultiModal;03/09/2026 20:12;03/09/2026 01:44;;27/08/2026 16:20;8;NÃO;FORA DE GRU;AGENTE;AGENTE - JERSSICA DE FREITAS DE OLIVEIRA;TRANSPORTE;EM ROTA -TERCEIROS;PENDENTE RECEBIMENTO;TRANSPORTE · EM ROTA -TERCEIROS · PENDENTE RECEBIMENTO;A5657;30/08/2026 02:10;;Datalogger enviado para agente J PIMENTEL S. CUNHA LTDA pelo serviço de integração do ESL.;ACIONAR AGENTE/RESPONSÁVEL
564744;A2874;ARES;00019200000014016060;RR;MINISTÉRIO DA SAUDE;29/08/2026 23:41;31/08/2026 16:00;;ENTREGUE;8339;MultiModal;03/09/2026 20:12;03/09/2026 01:44;;27/08/2026 09:21;8;NÃO;FORA DE GRU;AGENTE;AGENTE - CHARLE BRASIL SILVERIO;TRANSPORTE;EM ROTA -TERCEIROS;PENDENTE RECEBIMENTO;TRANSPORTE · EM ROTA -TERCEIROS · PENDENTE RECEBIMENTO;A2874;30/08/2026 02:10;;Datalogger enviado para agente J PIMENTEL S. CUNHA LTDA pelo serviço de integração do ESL.;ACIONAR AGENTE/RESPONSÁVEL
564744;A8379;ARES;00019200000014055619;RR;MINISTÉRIO DA SAUDE;29/08/2026 23:41;31/08/2026 16:00;;ENTREGUE;8340;MultiModal;03/09/2026 20:12;03/09/2026 01:44;;31/08/2026 12:37;8;NÃO;FORA DE GRU;AGENTE;AGENTE - ROSANA HONORATO DA SILVA;TRANSPORTE;EM ROTA -TERCEIROS;PENDENTE RECEBIMENTO;TRANSPORTE · EM ROTA -TERCEIROS · PENDENTE RECEBIMENTO;A8379;30/08/2026 02:10;;Datalogger enviado para agente J PIMENTEL S. CUNHA LTDA pelo serviço de integração do ESL.;ACIONAR AGENTE/RESPONSÁVEL
564744;A4366;ARES;00019200000014055627;RR;MINISTÉRIO DA SAUDE;29/08/2026 23:41;31/08/2026 16:00;;ENTREGUE;8339;MultiModal;03/09/2026 20:12;03/09/2026 01:44;;27/08/2026 16:35;8;NÃO;FORA DE GRU;AGENTE;AGENTE - MARCUS VINICIUS DO NASCIMENTO ALCANTARA;TRANSPORTE;EM ROTA -TERCEIROS;PENDENTE RECEBIMENTO;TRANSPORTE · EM ROTA -TERCEIROS · PENDENTE RECEBIMENTO;A4366;30/08/2026 02:10;;Datalogger enviado para agente J PIMENTEL S. CUNHA LTDA pelo serviço de integração do ESL.;ACIONAR AGENTE/RESPONSÁVEL
564744;A3250;ARES;00019200000014055635;RR;MINISTÉRIO DA SAUDE;29/08/2026 23:41;31/08/2026 16:00;;ENTREGUE;8340;MultiModal;03/09/2026 20:12;03/09/2026 01:44;;31/08/2026 12:37;8;NÃO;FORA DE GRU;AGENTE;AGENTE - KESIA SARAI ARAUJO SILVA;TRANSPORTE;EM ROTA -TERCEIROS;PENDENTE RECEBIMENTO;TRANSPORTE · EM ROTA -TERCEIROS · PENDENTE RECEBIMENTO;A3250;30/08/2026 02:10;;Datalogger enviado para agente J PIMENTEL S. CUNHA LTDA pelo serviço de integração do ESL.;ACIONAR AGENTE/RESPONSÁVEL
564744;A1706;ARES;00019200000014055643;RR;MINISTÉRIO DA SAUDE;29/08/2026 23:41;31/08/2026 16:00;;ENTREGUE;8339;MultiModal;03/09/2026 20:12;03/09/2026 01:44;;27/08/2026 12:06;8;NÃO;FORA DE GRU;AGENTE;AGENTE - ROBERTA ALESSANDRA BARCELOS DA SILVA;TRANSPORTE;EM ROTA -TERCEIROS;PENDENTE RECEBIMENTO;TRANSPORTE · EM ROTA -TERCEIROS · PENDENTE RECEBIMENTO;A1706;30/08/2026 02:10;;Datalogger enviado para agente J PIMENTEL S. CUNHA LTDA pelo serviço de integração do ESL.;ACIONAR AGENTE/RESPONSÁVEL
564744;A6617;ARES;00019200000014055651;RR;MINISTÉRIO DA SAUDE;29/08/2026 23:41;31/08/2026 16:00;;ENTREGUE;8340;MultiModal;03/09/2026 20:12;03/09/2026 01:44;;31/08/2026 12:37;8;NÃO;FORA DE GRU;AGENTE;AGENTE - IARA HOLANDA NOZOR TELES;TRANSPORTE;EM ROTA -TERCEIROS;PENDENTE RECEBIMENTO;TRANSPORTE · EM ROTA -TERCEIROS · PENDENTE RECEBIMENTO;A6617;30/08/2026 02:10;;Datalogger enviado para agente J PIMENTEL S. CUNHA LTDA pelo serviço de integração do ESL.;ACIONAR AGENTE/RESPONSÁVEL
564744;A5547;ARES;00019200000014055660;RR;MINISTÉRIO DA SAUDE;29/08/2026 23:41;31/08/2026 16:00;;ENTREGUE;8339;MultiModal;03/09/2026 20:12;03/09/2026 01:44;;27/08/2026 13:32;8;NÃO;FORA DE GRU;AGENTE;AGENTE - CHARLE BRASIL SILVERIO;TRANSPORTE;EM ROTA -TERCEIROS;PENDENTE RECEBIMENTO;TRANSPORTE · EM ROTA -TERCEIROS · PENDENTE RECEBIMENTO;A5547;30/08/2026 02:10;;Datalogger enviado para agente J PIMENTEL S. CUNHA LTDA pelo serviço de integração do ESL.;ACIONAR AGENTE/RESPONSÁVEL
564744;A3727;ARES;00019200000014055678;RR;MINISTÉRIO DA SAUDE;29/08/2026 23:41;31/08/2026 16:00;;ENTREGUE;8340;MultiModal;03/09/2026 20:12;03/09/2026 01:44;;31/08/2026 12:37;8;NÃO;FORA DE GRU;AGENTE;AGENTE - ELZANE RODRIGUES RODRIGUES DA SILVA;TRANSPORTE;EM ROTA -TERCEIROS;PENDENTE RECEBIMENTO;TRANSPORTE · EM ROTA -TERCEIROS · PENDENTE RECEBIMENTO;A3727;30/08/2026 02:10;;Datalogger enviado para agente J PIMENTEL S. CUNHA LTDA pelo serviço de integração do ESL.;ACIONAR AGENTE/RESPONSÁVEL
564744;TA0505;ARES;00019200000014055686;RR;MINISTÉRIO DA SAUDE;29/08/2026 23:41;31/08/2026 16:00;;ENTREGUE;8340;MultiModal;03/09/2026 20:12;03/09/2026 01:44;;31/08/2026 12:37;8;NÃO;FORA DE GRU;AGENTE;AGENTE - IARA HOLANDA NOZOR TELES;TRANSPORTE;EM ROTA -TERCEIROS;PENDENTE RECEBIMENTO;TRANSPORTE · EM ROTA -TERCEIROS · PENDENTE RECEBIMENTO;TA0505;30/08/2026 02:10;;Datalogger enviado para agente J PIMENTEL S. CUNHA LTDA pelo serviço de integração do ESL.;ACIONAR AGENTE/RESPONSÁVEL
564744;A5999;ARES;00019200000014056020;RR;MINISTÉRIO DA SAUDE;29/08/2026 23:41;31/08/2026 16:00;;ENTREGUE;8339;MultiModal;03/09/2026 20:12;03/09/2026 01:44;;27/08/2026 12:09;8;NÃO;FORA DE GRU;AGENTE;AGENTE - ROBERTA ALESSANDRA BARCELOS DA SILVA;TRANSPORTE;EM ROTA -TERCEIROS;PENDENTE RECEBIMENTO;TRANSPORTE · EM ROTA -TERCEIROS · PENDENTE RECEBIMENTO;A5999;30/08/2026 02:10;;Datalogger enviado para agente J PIMENTEL S. CUNHA LTDA pelo serviço de integração do ESL.;ACIONAR AGENTE/RESPONSÁVEL
566133;A5961;ARES;00019200000014037246;MG;MINISTÉRIO DA SAUDE;27/08/2026 04:53;31/08/2026 15:50;;ENTREGUE;8301;MultiModal;28/08/2026 10:55;28/08/2026 12:37;;28/08/2026 17:39;8;SIM;CÂMARA FRIA (GRU);CÂMARA FRIA - PACKING;SYS - Usuário sistema;CÂMARA FRIA;PACKING;RECEBIDO;CÂMARA FRIA · PACKING · RECEBIDO;A5961;26/08/2026 22:03;;DataLogger A5961, foi embalado no volume FRAÇÃO 33L - 00019200000014037246 - Usuário: Janaina.dasilva;VALIDAR NA CÂMARA FRIA
566102;TA0305;ARES;00019200000014024128;SP;MINISTÉRIO DA SAUDE;31/08/2026 01:03;31/08/2026 15:29;;ENTREGUE;8352;Rodoviário;31/08/2026 01:03;31/08/2026 15:29;;24/08/2026 10:19;8;NÃO;FORA DE GRU;AGENTE;SYS - Usuário sistema;TRANSPORTE;EM ROTA -TERCEIROS;PENDENTE RECEBIMENTO;TRANSPORTE · EM ROTA -TERCEIROS · PENDENTE RECEBIMENTO;TA0305;02/09/2026 16:33;;Datalogger enviado para agente VTC OPERADORA LOGISTICA LTDA pelo serviço de integração do ESL.;ACIONAR AGENTE/RESPONSÁVEL
565206;A8865;ARES;00019200000014015609;SE;MINISTÉRIO DA SAUDE;30/08/2026 23:23;31/08/2026 15:00;;ENTREGUE;8348;MultiModal;31/08/2026 15:51;31/08/2026 19:23;;29/08/2026 12:46;8;NÃO;RETORNANDO PARA GRU (NÃO RECEBIDO);RETORNANDO - GRU;VTC - GABRIELLE LIMA VELOSO;EM ESTOQUE;SALDO DE ESTOQUE;PENDENTE RECEBIMENTO;EM ESTOQUE · SALDO DE ESTOQUE · PENDENTE RECEBIMENTO;A8865;01/09/2026 16:38;;Datalogger encaminhado pelo transporte para recebimento da qualidade.;ACOMPANHAR RECEBIMENTO EM GRU
565206;TA0241;ARES;00019200000014015617;SE;MINISTÉRIO DA SAUDE;30/08/2026 23:23;31/08/2026 15:00;;ENTREGUE;8349;MultiModal;31/08/2026 15:51;31/08/2026 19:23;;29/08/2026 12:00;8;NÃO;RETORNANDO PARA GRU (NÃO RECEBIDO);RETORNANDO - GRU;VTC - GABRIELLE LIMA VELOSO;EM ESTOQUE;SALDO DE ESTOQUE;PENDENTE RECEBIMENTO;EM ESTOQUE · SALDO DE ESTOQUE · PENDENTE RECEBIMENTO;TA0241;31/08/2026 17:08;;Datalogger encaminhado pelo transporte para recebimento da qualidade.;ACOMPANHAR RECEBIMENTO EM GRU
565206;TA1004;ARES;00019200000014015676;SE;MINISTÉRIO DA SAUDE;30/08/2026 23:23;31/08/2026 15:00;;ENTREGUE;8349;MultiModal;31/08/2026 15:51;31/08/2026 19:23;;29/08/2026 11:51;8;NÃO;RETORNANDO PARA GRU (NÃO RECEBIDO);RETORNANDO - GRU;VTC - GABRIELLE LIMA VELOSO;EM ESTOQUE;SALDO DE ESTOQUE;PENDENTE RECEBIMENTO;EM ESTOQUE · SALDO DE ESTOQUE · PENDENTE RECEBIMENTO;TA1004;31/08/2026 17:00;;Datalogger encaminhado pelo transporte para recebimento da qualidade.;ACOMPANHAR RECEBIMENTO EM GRU
565206;A3672;ARES;00019200000014015722;SE;MINISTÉRIO DA SAUDE;30/08/2026 23:23;31/08/2026 15:00;;ENTREGUE;8348;MultiModal;31/08/2026 15:51;31/08/2026 19:23;;29/08/2026 11:54;8;NÃO;RETORNANDO PARA GRU (NÃO RECEBIDO);RETORNANDO - GRU;VTC - GABRIELLE LIMA VELOSO;EM ESTOQUE;SALDO DE ESTOQUE;PENDENTE RECEBIMENTO;EM ESTOQUE · SALDO DE ESTOQUE · PENDENTE RECEBIMENTO;A3672;01/09/2026 16:42;;Datalogger encaminhado pelo transporte para recebimento da qualidade.;ACOMPANHAR RECEBIMENTO EM GRU
565206;A9060;ARES;00019200000014015749;SE;MINISTÉRIO DA SAUDE;30/08/2026 23:23;31/08/2026 15:00;;ENTREGUE;8348;MultiModal;31/08/2026 15:51;31/08/2026 19:23;;29/08/2026 12:44;8;NÃO;RETORNANDO PARA GRU (NÃO RECEBIDO);RETORNANDO - GRU;VTC - GABRIELLE LIMA VELOSO;EM ESTOQUE;SALDO DE ESTOQUE;PENDENTE RECEBIMENTO;EM ESTOQUE · SALDO DE ESTOQUE · PENDENTE RECEBIMENTO;A9060;01/09/2026 16:39;;Datalogger encaminhado pelo transporte para recebimento da qualidade.;ACOMPANHAR RECEBIMENTO EM GRU
565206;TA0982;ARES;00019200000014015765;SE;MINISTÉRIO DA SAUDE;30/08/2026 23:23;31/08/2026 15:00;;ENTREGUE;8349;MultiModal;31/08/2026 15:51;31/08/2026 19:23;;29/08/2026 11:50;8;NÃO;RETORNANDO PARA GRU (NÃO RECEBIDO);RETORNANDO - GRU;VTC - GABRIELLE LIMA VELOSO;EM ESTOQUE;SALDO DE ESTOQUE;PENDENTE RECEBIMENTO;EM ESTOQUE · SALDO DE ESTOQUE · PENDENTE RECEBIMENTO;TA0982;31/08/2026 16:58;;Datalogger encaminhado pelo transporte para recebimento da qualidade.;ACOMPANHAR RECEBIMENTO EM GRU
565206;A5546;ARES;00019200000014015773;SE;MINISTÉRIO DA SAUDE;30/08/2026 23:23;31/08/2026 15:00;;ENTREGUE;8349;MultiModal;31/08/2026 15:51;31/08/2026 19:23;;29/08/2026 11:49;8;NÃO;RETORNANDO PARA GRU (NÃO RECEBIDO);RETORNANDO - GRU;VTC - GABRIELLE LIMA VELOSO;EM ESTOQUE;SALDO DE ESTOQUE;PENDENTE RECEBIMENTO;EM ESTOQUE · SALDO DE ESTOQUE · PENDENTE RECEBIMENTO;A5546;31/08/2026 17:02;;Datalogger encaminhado pelo transporte para recebimento da qualidade.;ACOMPANHAR RECEBIMENTO EM GRU
565206;A4991;ARES;00019200000014015790;SE;MINISTÉRIO DA SAUDE;30/08/2026 23:23;31/08/2026 15:00;;ENTREGUE;8349;MultiModal;31/08/2026 15:51;31/08/2026 19:23;;29/08/2026 12:00;8;NÃO;RETORNANDO PARA GRU (NÃO RECEBIDO);RETORNANDO - GRU;VTC - GABRIELLE LIMA VELOSO;EM ESTOQUE;SALDO DE ESTOQUE;PENDENTE RECEBIMENTO;EM ESTOQUE · SALDO DE ESTOQUE · PENDENTE RECEBIMENTO;A4991;31/08/2026 17:00;;Datalogger encaminhado pelo transporte para recebimento da qualidade.;ACOMPANHAR RECEBIMENTO EM GRU
565206;A9160;ARES;00019200000014015811;SE;MINISTÉRIO DA SAUDE;30/08/2026 23:23;31/08/2026 15:00;;ENTREGUE;8348;MultiModal;31/08/2026 15:51;31/08/2026 19:23;;29/08/2026 11:51;8;NÃO;RETORNANDO PARA GRU (NÃO RECEBIDO);RETORNANDO - GRU;VTC - GABRIELLE LIMA VELOSO;EM ESTOQUE;SALDO DE ESTOQUE;PENDENTE RECEBIMENTO;EM ESTOQUE · SALDO DE ESTOQUE · PENDENTE RECEBIMENTO;A9160;01/09/2026 16:41;;Datalogger encaminhado pelo transporte para recebimento da qualidade.;ACOMPANHAR RECEBIMENTO EM GRU
565206;A7778;ARES;00019200000014015846;SE;MINISTÉRIO DA SAUDE;30/08/2026 23:23;31/08/2026 15:00;;ENTREGUE;8348;MultiModal;31/08/2026 15:51;31/08/2026 19:23;;29/08/2026 12:45;8;NÃO;RETORNANDO PARA GRU (NÃO RECEBIDO);RETORNANDO - GRU;VTC - GABRIELLE LIMA VELOSO;EM ESTOQUE;SALDO DE ESTOQUE;PENDENTE RECEBIMENTO;EM ESTOQUE · SALDO DE ESTOQUE · PENDENTE RECEBIMENTO;A7778;01/09/2026 16:43;;Datalogger encaminhado pelo transporte para recebimento da qualidade.;ACOMPANHAR RECEBIMENTO EM GRU
565206;A5131;ARES;00019200000014023156;SE;MINISTÉRIO DA SAUDE;30/08/2026 23:23;31/08/2026 15:00;;ENTREGUE;8348;MultiModal;31/08/2026 15:51;31/08/2026 19:23;;29/08/2026 12:43;8;NÃO;RETORNANDO PARA GRU (NÃO RECEBIDO);RETORNANDO - GRU;VTC - GABRIELLE LIMA VELOSO;EM ESTOQUE;SALDO DE ESTOQUE;PENDENTE RECEBIMENTO;EM ESTOQUE · SALDO DE ESTOQUE · PENDENTE RECEBIMENTO;A5131;01/09/2026 16:29;;Datalogger encaminhado pelo transporte para recebimento da qualidade.;ACOMPANHAR RECEBIMENTO EM GRU
565206;A8237;ARES;00019200000014023164;SE;MINISTÉRIO DA SAUDE;30/08/2026 23:23;31/08/2026 15:00;;ENTREGUE;8349;MultiModal;31/08/2026 15:51;31/08/2026 19:23;;29/08/2026 12:02;8;NÃO;RETORNANDO PARA GRU (NÃO RECEBIDO);RETORNANDO - GRU;VTC - GABRIELLE LIMA VELOSO;EM ESTOQUE;SALDO DE ESTOQUE;PENDENTE RECEBIMENTO;EM ESTOQUE · SALDO DE ESTOQUE · PENDENTE RECEBIMENTO;A8237;31/08/2026 17:02;;Datalogger encaminhado pelo transporte para recebimento da qualidade.;ACOMPANHAR RECEBIMENTO EM GRU
566091;A5404;ARES;00019200000014015510;BA;MINISTÉRIO DA SAUDE;27/08/2026 04:52;31/08/2026 14:00;;ENTREGUE;8301;MultiModal;28/08/2026 16:10;28/08/2026 21:15;;31/08/2026 09:26;8;NÃO;FORA DE GRU;AGENTE;AGENTE - RAIANA ASSIS DOS SANTOS;TRANSPORTE;EM TRÂNSITO;PENDENTE RECEBIMENTO;TRANSPORTE · EM TRÂNSITO · PENDENTE RECEBIMENTO;A5404;05/09/2026 08:36;31629;Datalogger enviado para devolução pelo agente.;ACIONAR AGENTE/RESPONSÁVEL
566092;TA0833;ARES;00019200000014152851;TO;MINISTÉRIO DA SAUDE;29/08/2026 23:33;31/08/2026 14:00;;ENTREGUE;8344;MultiModal;30/08/2026 15:28;30/08/2026 18:38;;31/08/2026 10:43;8;NÃO;FORA DE GRU;AGENTE;AGENTE - ANDREIA CRISTINA BARROS VEIGA;TRANSPORTE;EM ROTA -TERCEIROS;PENDENTE RECEBIMENTO;TRANSPORTE · EM ROTA -TERCEIROS · PENDENTE RECEBIMENTO;TA0833;30/08/2026 02:14;;Datalogger enviado para agente MK BILLIG TRANSPORTE DE CARGAS E LOGISTICA LTDA pelo serviço de integração do ESL.;ACIONAR AGENTE/RESPONSÁVEL
566359;A7513;ARES;00019200000014153700;SE;MINISTÉRIO DA SAUDE;29/08/2026 23:33;31/08/2026 13:13;;ENTREGUE;8344;MultiModal;30/08/2026 04:13;30/08/2026 13:21;;31/08/2026 09:17;8;NÃO;FORA DE GRU;AGENTE;AGENTE - JOSE AIRTON LOURENCO DE OLIVEIRA JUNIOR;TRANSPORTE;EM ROTA -TERCEIROS;PENDENTE RECEBIMENTO;TRANSPORTE · EM ROTA -TERCEIROS · PENDENTE RECEBIMENTO;A7513;30/08/2026 02:14;;Datalogger enviado para agente CASSIMIRO TRANSPORTES pelo serviço de integração do ESL.;ACIONAR AGENTE/RESPONSÁVEL
565424;A0408;ARES;00019200000014051583;RO;MINISTÉRIO DA SAUDE;26/08/2026 22:57;31/08/2026 12:46;;ENTREGUE;8288;MultiModal;01/09/2026 00:15;01/09/2026 04:10;;28/08/2026 16:15;8;NÃO;FORA DE GRU;AGENTE;AGENTE - RAIANA ASSIS DOS SANTOS;TRANSPORTE;EM ROTA -TERCEIROS;PENDENTE RECEBIMENTO;TRANSPORTE · EM ROTA -TERCEIROS · PENDENTE RECEBIMENTO;A0408;27/08/2026 02:14;;Datalogger enviado para agente W S TRANSPORTES DE CARGAS E LOGISTICA LTDA pelo serviço de integração do ESL.;ACIONAR AGENTE/RESPONSÁVEL
566194;A6205;ARES;00019200000014015560;RS;MINISTÉRIO DA SAUDE;27/08/2026 05:02;31/08/2026 11:55;;ENTREGUE;8301;MultiModal;28/08/2026;28/08/2026 01:10;;26/08/2026 11:09;8;NÃO;FORA DE GRU;AGENTE;AGENTE - KESIA SARAI ARAUJO SILVA;TRANSPORTE;EM ROTA -TERCEIROS;PENDENTE RECEBIMENTO;TRANSPORTE · EM ROTA -TERCEIROS · PENDENTE RECEBIMENTO;A6205;27/08/2026 08:27;;Datalogger enviado para agente GMB TRANSPORTES E LOGISTICA LTDA pelo serviço de integração do ESL.;ACIONAR AGENTE/RESPONSÁVEL
566388;TA0364;ARES;00019200000014153734;PE;MINISTÉRIO DA SAUDE;29/08/2026 23:47;31/08/2026 11:30;31/08/2026 15:16;RECEBIDO NO CLIENTE;8344;MultiModal;30/08/2026 14:52;30/08/2026 18:22;;31/08/2026 10:47;8;NÃO;RETORNANDO PARA GRU (NÃO RECEBIDO);RETORNANDO - GRU;VTC - MARIA LETICIA BRITO DA SILVA;EM ESTOQUE;SALDO DE ESTOQUE;PENDENTE RECEBIMENTO;EM ESTOQUE · SALDO DE ESTOQUE · PENDENTE RECEBIMENTO;TA0364;01/09/2026 09:04;;Datalogger enviado para agente VTCLOG RECIFE pelo serviço de integração do ESL.;ACOMPANHAR RECEBIMENTO EM GRU
565892;A7501;ARES;00019200000014055163;PA;MINISTÉRIO DA SAUDE;26/08/2026 01:32;29/08/2026 09:20;;ENTREGUE;8264;MultiModal;26/08/2026 22:41;27/08/2026 03:03;;28/08/2026 09:14;10;NÃO;FORA DE GRU;AGENTE;AGENTE - THAIS OLIVEIRA GATINHO;TRANSPORTE;EM TRÂNSITO;PENDENTE RECEBIMENTO;TRANSPORTE · EM TRÂNSITO · PENDENTE RECEBIMENTO;A7501;04/09/2026 14:54;31633;Datalogger enviado para devolução pelo agente.;ACIONAR AGENTE/RESPONSÁVEL
564752;A6054;ARES;00019200000014014041;TO;MINISTÉRIO DA SAUDE;26/08/2026 22:58;28/08/2026 19:47;;ENTREGUE;8288;MultiModal;27/08/2026 16:00;28/08/2026 03:27;;28/08/2026 11:19;10;NÃO;FORA DE GRU;AGENTE;AGENTE - EDINALDO PINTO CASSIMIRO;TRANSPORTE;EM ROTA -TERCEIROS;PENDENTE RECEBIMENTO;TRANSPORTE · EM ROTA -TERCEIROS · PENDENTE RECEBIMENTO;A6054;27/08/2026 02:16;;Datalogger enviado para agente MK BILLIG TRANSPORTE DE CARGAS E LOGISTICA LTDA pelo serviço de integração do ESL.;ACIONAR AGENTE/RESPONSÁVEL
564752;A6241;ARES;00019200000014014670;TO;MINISTÉRIO DA SAUDE;26/08/2026 22:58;28/08/2026 19:47;;ENTREGUE;8288;MultiModal;27/08/2026 16:00;28/08/2026 03:27;;28/08/2026 11:06;10;NÃO;FORA DE GRU;AGENTE;AGENTE - IARA HOLANDA NOZOR TELES;TRANSPORTE;EM ROTA -TERCEIROS;PENDENTE RECEBIMENTO;TRANSPORTE · EM ROTA -TERCEIROS · PENDENTE RECEBIMENTO;A6241;27/08/2026 02:16;;Datalogger enviado para agente MK BILLIG TRANSPORTE DE CARGAS E LOGISTICA LTDA pelo serviço de integração do ESL.;ACIONAR AGENTE/RESPONSÁVEL
564752;A7097;ARES;00019200000014014688;TO;MINISTÉRIO DA SAUDE;26/08/2026 22:58;28/08/2026 19:47;;ENTREGUE;8288;MultiModal;27/08/2026 16:00;28/08/2026 03:27;;28/08/2026 11:06;10;NÃO;FORA DE GRU;AGENTE;SYS - Usuário sistema;TRANSPORTE;EM ROTA -TERCEIROS;PENDENTE RECEBIMENTO;TRANSPORTE · EM ROTA -TERCEIROS · PENDENTE RECEBIMENTO;A7097;27/08/2026 02:16;;Datalogger enviado para agente MK BILLIG TRANSPORTE DE CARGAS E LOGISTICA LTDA pelo serviço de integração do ESL.;ACIONAR AGENTE/RESPONSÁVEL
564752;A1224;ARES;00019200000014014696;TO;MINISTÉRIO DA SAUDE;26/08/2026 22:58;28/08/2026 19:47;;ENTREGUE;8288;MultiModal;27/08/2026 16:00;28/08/2026 03:27;;28/08/2026 11:06;10;NÃO;FORA DE GRU;AGENTE;SYS - Usuário sistema;TRANSPORTE;EM ROTA -TERCEIROS;PENDENTE RECEBIMENTO;TRANSPORTE · EM ROTA -TERCEIROS · PENDENTE RECEBIMENTO;A1224;27/08/2026 02:16;;Datalogger enviado para agente MK BILLIG TRANSPORTE DE CARGAS E LOGISTICA LTDA pelo serviço de integração do ESL.;ACIONAR AGENTE/RESPONSÁVEL
564752;A4553;ARES;00019200000014014700;TO;MINISTÉRIO DA SAUDE;26/08/2026 22:58;28/08/2026 19:47;;ENTREGUE;8288;MultiModal;27/08/2026 16:00;28/08/2026 03:27;;28/08/2026 11:06;10;NÃO;FORA DE GRU;AGENTE;AGENTE - RAIANA ASSIS DOS SANTOS;TRANSPORTE;EM ROTA -TERCEIROS;PENDENTE RECEBIMENTO;TRANSPORTE · EM ROTA -TERCEIROS · PENDENTE RECEBIMENTO;A4553;27/08/2026 02:16;;Datalogger enviado para agente MK BILLIG TRANSPORTE DE CARGAS E LOGISTICA LTDA pelo serviço de integração do ESL.;ACIONAR AGENTE/RESPONSÁVEL
564752;A1513;ARES;00019200000014014718;TO;MINISTÉRIO DA SAUDE;26/08/2026 22:58;28/08/2026 19:47;;ENTREGUE;8288;MultiModal;27/08/2026 16:00;28/08/2026 03:27;;28/08/2026 11:06;10;NÃO;FORA DE GRU;AGENTE;AGENTE - KESIA SARAI ARAUJO SILVA;TRANSPORTE;EM ROTA -TERCEIROS;PENDENTE RECEBIMENTO;TRANSPORTE · EM ROTA -TERCEIROS · PENDENTE RECEBIMENTO;A1513;27/08/2026 02:16;;Datalogger enviado para agente MK BILLIG TRANSPORTE DE CARGAS E LOGISTICA LTDA pelo serviço de integração do ESL.;ACIONAR AGENTE/RESPONSÁVEL
564752;A5740;ARES;00019200000014014726;TO;MINISTÉRIO DA SAUDE;26/08/2026 22:58;28/08/2026 19:47;;ENTREGUE;8288;MultiModal;27/08/2026 16:00;28/08/2026 03:27;;28/08/2026 11:06;10;NÃO;FORA DE GRU;AGENTE;SYS - Usuário sistema;TRANSPORTE;EM ROTA -TERCEIROS;PENDENTE RECEBIMENTO;TRANSPORTE · EM ROTA -TERCEIROS · PENDENTE RECEBIMENTO;A5740;27/08/2026 02:16;;Datalogger enviado para agente MK BILLIG TRANSPORTE DE CARGAS E LOGISTICA LTDA pelo serviço de integração do ESL.;ACIONAR AGENTE/RESPONSÁVEL
564752;A7711;ARES;00019200000014014734;TO;MINISTÉRIO DA SAUDE;26/08/2026 22:58;28/08/2026 19:47;;ENTREGUE;8288;MultiModal;27/08/2026 16:00;28/08/2026 03:27;;28/08/2026 11:22;10;NÃO;FORA DE GRU;AGENTE;SYS - Usuário sistema;TRANSPORTE;EM ROTA -TERCEIROS;PENDENTE RECEBIMENTO;TRANSPORTE · EM ROTA -TERCEIROS · PENDENTE RECEBIMENTO;A7711;27/08/2026 02:16;;Datalogger enviado para agente MK BILLIG TRANSPORTE DE CARGAS E LOGISTICA LTDA pelo serviço de integração do ESL.;ACIONAR AGENTE/RESPONSÁVEL
564752;A6522;ARES;00019200000014014742;TO;MINISTÉRIO DA SAUDE;26/08/2026 22:58;28/08/2026 19:47;;ENTREGUE;8288;MultiModal;27/08/2026 16:00;28/08/2026 03:27;;28/08/2026 11:06;10;NÃO;FORA DE GRU;AGENTE;AGENTE - EDINALDO PINTO CASSIMIRO;TRANSPORTE;EM ROTA -TERCEIROS;PENDENTE RECEBIMENTO;TRANSPORTE · EM ROTA -TERCEIROS · PENDENTE RECEBIMENTO;A6522;27/08/2026 02:16;;Datalogger enviado para agente MK BILLIG TRANSPORTE DE CARGAS E LOGISTICA LTDA pelo serviço de integração do ESL.;ACIONAR AGENTE/RESPONSÁVEL
564752;A5133;ARES;00019200000014014750;TO;MINISTÉRIO DA SAUDE;26/08/2026 22:58;28/08/2026 19:47;;ENTREGUE;8288;MultiModal;27/08/2026 16:00;28/08/2026 03:27;;28/08/2026 11:07;10;NÃO;FORA DE GRU;AGENTE;SYS - Usuário sistema;TRANSPORTE;EM ROTA -TERCEIROS;PENDENTE RECEBIMENTO;TRANSPORTE · EM ROTA -TERCEIROS · PENDENTE RECEBIMENTO;A5133;27/08/2026 02:16;;Datalogger enviado para agente MK BILLIG TRANSPORTE DE CARGAS E LOGISTICA LTDA pelo serviço de integração do ESL.;ACIONAR AGENTE/RESPONSÁVEL
564752;A4597;ARES;00019200000014014769;TO;MINISTÉRIO DA SAUDE;26/08/2026 22:58;28/08/2026 19:47;;ENTREGUE;8288;MultiModal;27/08/2026 16:00;28/08/2026 03:27;;28/08/2026 11:21;10;NÃO;FORA DE GRU;AGENTE;AGENTE - JOSE AIRTON LOURENCO DE OLIVEIRA JUNIOR;TRANSPORTE;EM ROTA -TERCEIROS;PENDENTE RECEBIMENTO;TRANSPORTE · EM ROTA -TERCEIROS · PENDENTE RECEBIMENTO;A4597;27/08/2026 02:16;;Datalogger enviado para agente MK BILLIG TRANSPORTE DE CARGAS E LOGISTICA LTDA pelo serviço de integração do ESL.;ACIONAR AGENTE/RESPONSÁVEL
564752;A1436;ARES;00019200000014014777;TO;MINISTÉRIO DA SAUDE;26/08/2026 22:58;28/08/2026 19:47;;ENTREGUE;8288;MultiModal;27/08/2026 16:00;28/08/2026 03:27;;28/08/2026 11:07;10;NÃO;FORA DE GRU;AGENTE;AGENTE - MARCUS VINICIUS DO NASCIMENTO ALCANTARA;TRANSPORTE;EM ROTA -TERCEIROS;PENDENTE RECEBIMENTO;TRANSPORTE · EM ROTA -TERCEIROS · PENDENTE RECEBIMENTO;A1436;27/08/2026 02:16;;Datalogger enviado para agente MK BILLIG TRANSPORTE DE CARGAS E LOGISTICA LTDA pelo serviço de integração do ESL.;ACIONAR AGENTE/RESPONSÁVEL
564752;A2966;ARES;00019200000014014785;TO;MINISTÉRIO DA SAUDE;26/08/2026 22:58;28/08/2026 19:47;;ENTREGUE;8288;MultiModal;27/08/2026 16:00;28/08/2026 03:27;;28/08/2026 11:07;10;NÃO;FORA DE GRU;AGENTE;AGENTE - KESIA SARAI ARAUJO SILVA;TRANSPORTE;EM ROTA -TERCEIROS;PENDENTE RECEBIMENTO;TRANSPORTE · EM ROTA -TERCEIROS · PENDENTE RECEBIMENTO;A2966;27/08/2026 02:16;;Datalogger enviado para agente MK BILLIG TRANSPORTE DE CARGAS E LOGISTICA LTDA pelo serviço de integração do ESL.;ACIONAR AGENTE/RESPONSÁVEL
564752;A9234;ARES;00019200000014014793;TO;MINISTÉRIO DA SAUDE;26/08/2026 22:58;28/08/2026 19:47;;ENTREGUE;8288;MultiModal;27/08/2026 16:00;28/08/2026 03:27;;28/08/2026 11:06;10;NÃO;FORA DE GRU;AGENTE;AGENTE - PATRICK KAUE RIBEIRO SOARES;TRANSPORTE;EM ROTA -TERCEIROS;PENDENTE RECEBIMENTO;TRANSPORTE · EM ROTA -TERCEIROS · PENDENTE RECEBIMENTO;A9234;27/08/2026 02:16;;Datalogger enviado para agente MK BILLIG TRANSPORTE DE CARGAS E LOGISTICA LTDA pelo serviço de integração do ESL.;ACIONAR AGENTE/RESPONSÁVEL
564752;A5550;ARES;00019200000014060299;TO;MINISTÉRIO DA SAUDE;26/08/2026 22:58;28/08/2026 19:47;;ENTREGUE;8288;MultiModal;27/08/2026 16:00;28/08/2026 03:27;;24/08/2026 16:34;10;NÃO;FORA DE GRU;AGENTE;AGENTE - MARCOS ROBERTO CAVALLI;TRANSPORTE;EM ROTA -TERCEIROS;PENDENTE RECEBIMENTO;TRANSPORTE · EM ROTA -TERCEIROS · PENDENTE RECEBIMENTO;A5550;27/08/2026 02:16;;Datalogger enviado para agente MK BILLIG TRANSPORTE DE CARGAS E LOGISTICA LTDA pelo serviço de integração do ESL.;ACIONAR AGENTE/RESPONSÁVEL
564751;A3114;ARES;00019200000014014556;TO;MINISTÉRIO DA SAUDE;27/08/2026 03:30;28/08/2026 19:44;;ENTREGUE;8296;MultiModal;01/09/2026 00:09;01/09/2026 04:15;;28/08/2026 11:06;10;NÃO;FORA DE GRU;AGENTE;SYS - Usuário sistema;TRANSPORTE;EM ROTA -TERCEIROS;PENDENTE RECEBIMENTO;TRANSPORTE · EM ROTA -TERCEIROS · PENDENTE RECEBIMENTO;A3114;27/08/2026 07:52;;Datalogger enviado para agente MK BILLIG TRANSPORTE DE CARGAS E LOGISTICA LTDA pelo serviço de integração do ESL.;ACIONAR AGENTE/RESPONSÁVEL
564751;A7694;ARES;00019200000014014564;TO;MINISTÉRIO DA SAUDE;27/08/2026 03:30;28/08/2026 19:44;;ENTREGUE;8296;MultiModal;01/09/2026 00:09;01/09/2026 04:15;;28/08/2026 11:06;10;NÃO;FORA DE GRU;AGENTE;SYS - Usuário sistema;TRANSPORTE;EM ROTA -TERCEIROS;PENDENTE RECEBIMENTO;TRANSPORTE · EM ROTA -TERCEIROS · PENDENTE RECEBIMENTO;A7694;27/08/2026 07:52;;Datalogger enviado para agente MK BILLIG TRANSPORTE DE CARGAS E LOGISTICA LTDA pelo serviço de integração do ESL.;ACIONAR AGENTE/RESPONSÁVEL
564751;A9374;ARES;00019200000014014572;TO;MINISTÉRIO DA SAUDE;27/08/2026 03:30;28/08/2026 19:44;;ENTREGUE;8296;MultiModal;01/09/2026 00:09;01/09/2026 04:15;;28/08/2026 11:07;10;NÃO;FORA DE GRU;AGENTE;AGENTE - KESIA SARAI ARAUJO SILVA;TRANSPORTE;EM ROTA -TERCEIROS;PENDENTE RECEBIMENTO;TRANSPORTE · EM ROTA -TERCEIROS · PENDENTE RECEBIMENTO;A9374;27/08/2026 07:52;;Datalogger enviado para agente MK BILLIG TRANSPORTE DE CARGAS E LOGISTICA LTDA pelo serviço de integração do ESL.;ACIONAR AGENTE/RESPONSÁVEL
564751;A4328;ARES;00019200000014014580;TO;MINISTÉRIO DA SAUDE;27/08/2026 03:30;28/08/2026 19:44;;ENTREGUE;8296;MultiModal;01/09/2026 00:09;01/09/2026 04:15;;28/08/2026 11:07;10;NÃO;FORA DE GRU;AGENTE;SYS - Usuário sistema;TRANSPORTE;EM ROTA -TERCEIROS;PENDENTE RECEBIMENTO;TRANSPORTE · EM ROTA -TERCEIROS · PENDENTE RECEBIMENTO;A4328;27/08/2026 07:52;;Datalogger enviado para agente MK BILLIG TRANSPORTE DE CARGAS E LOGISTICA LTDA pelo serviço de integração do ESL.;ACIONAR AGENTE/RESPONSÁVEL
564751;A8298;ARES;00019200000014014629;TO;MINISTÉRIO DA SAUDE;27/08/2026 03:30;28/08/2026 19:44;;ENTREGUE;8296;MultiModal;01/09/2026 00:09;01/09/2026 04:15;;05/08/2026 10:44;10;NÃO;FORA DE GRU;AGENTE;AGENTE - THAIS OLIVEIRA GATINHO;TRANSPORTE;EM ROTA -TERCEIROS;PENDENTE RECEBIMENTO;TRANSPORTE · EM ROTA -TERCEIROS · PENDENTE RECEBIMENTO;A8298;27/08/2026 07:52;;Datalogger enviado para agente MK BILLIG TRANSPORTE DE CARGAS E LOGISTICA LTDA pelo serviço de integração do ESL.;ACIONAR AGENTE/RESPONSÁVEL
564751;A6812;ARES;00019200000014014645;TO;MINISTÉRIO DA SAUDE;27/08/2026 03:30;28/08/2026 19:44;;ENTREGUE;8296;MultiModal;01/09/2026 00:09;01/09/2026 04:15;;28/08/2026 11:07;10;NÃO;FORA DE GRU;AGENTE;SYS - Usuário sistema;TRANSPORTE;EM ROTA -TERCEIROS;PENDENTE RECEBIMENTO;TRANSPORTE · EM ROTA -TERCEIROS · PENDENTE RECEBIMENTO;A6812;27/08/2026 07:52;;Datalogger enviado para agente MK BILLIG TRANSPORTE DE CARGAS E LOGISTICA LTDA pelo serviço de integração do ESL.;ACIONAR AGENTE/RESPONSÁVEL
564751;A5757;ARES;00019200000014014653;TO;MINISTÉRIO DA SAUDE;27/08/2026 03:30;28/08/2026 19:44;;ENTREGUE;8296;MultiModal;01/09/2026 00:09;01/09/2026 04:15;;26/08/2026 16:28;10;NÃO;FORA DE GRU;AGENTE;AGENTE - PAULO FERNANDO CARVALHO ANDRADES;TRANSPORTE;EM ROTA -TERCEIROS;PENDENTE RECEBIMENTO;TRANSPORTE · EM ROTA -TERCEIROS · PENDENTE RECEBIMENTO;A5757;27/08/2026 07:52;;Datalogger enviado para agente MK BILLIG TRANSPORTE DE CARGAS E LOGISTICA LTDA pelo serviço de integração do ESL.;ACIONAR AGENTE/RESPONSÁVEL
564751;A7559;ARES;00019200000014014661;TO;MINISTÉRIO DA SAUDE;27/08/2026 03:30;28/08/2026 19:44;;ENTREGUE;8296;MultiModal;01/09/2026 00:09;01/09/2026 04:15;;28/08/2026 11:06;10;NÃO;FORA DE GRU;AGENTE;AGENTE - NICOLLE CHRISTIE CAMPOS MAGALHÃES;TRANSPORTE;EM ROTA -TERCEIROS;PENDENTE RECEBIMENTO;TRANSPORTE · EM ROTA -TERCEIROS · PENDENTE RECEBIMENTO;A7559;27/08/2026 07:52;;Datalogger enviado para agente MK BILLIG TRANSPORTE DE CARGAS E LOGISTICA LTDA pelo serviço de integração do ESL.;ACIONAR AGENTE/RESPONSÁVEL
564751;A7859;ARES;00019200000014060205;TO;MINISTÉRIO DA SAUDE;27/08/2026 03:30;28/08/2026 19:44;;ENTREGUE;8296;MultiModal;01/09/2026 00:09;01/09/2026 04:15;;28/08/2026 11:06;10;NÃO;FORA DE GRU;AGENTE;AGENTE - KESIA SARAI ARAUJO SILVA;TRANSPORTE;EM ROTA -TERCEIROS;PENDENTE RECEBIMENTO;TRANSPORTE · EM ROTA -TERCEIROS · PENDENTE RECEBIMENTO;A7859;27/08/2026 07:52;;Datalogger enviado para agente MK BILLIG TRANSPORTE DE CARGAS E LOGISTICA LTDA pelo serviço de integração do ESL.;ACIONAR AGENTE/RESPONSÁVEL
564751;A2135;ARES;00019200000014060221;TO;MINISTÉRIO DA SAUDE;27/08/2026 03:30;28/08/2026 19:44;;ENTREGUE;8348;MultiModal;01/09/2026 00:09;01/09/2026 04:15;;27/08/2026 13:31;10;NÃO;FORA DE GRU;AGENTE;AGENTE - CHARLE BRASIL SILVERIO;TRANSPORTE;EM ROTA -TERCEIROS;PENDENTE RECEBIMENTO;TRANSPORTE · EM ROTA -TERCEIROS · PENDENTE RECEBIMENTO;A2135;30/08/2026 03:16;;Datalogger enviado para agente MK BILLIG TRANSPORTE DE CARGAS E LOGISTICA LTDA pelo serviço de integração do ESL.;ACIONAR AGENTE/RESPONSÁVEL
564751;A7310;ARES;00019200000014060310;TO;MINISTÉRIO DA SAUDE;27/08/2026 03:30;28/08/2026 19:44;;ENTREGUE;8296;MultiModal;01/09/2026 00:09;01/09/2026 04:15;;28/08/2026 11:06;10;NÃO;FORA DE GRU;AGENTE;AGENTE - EDINALDO PINTO CASSIMIRO;TRANSPORTE;EM ROTA -TERCEIROS;PENDENTE RECEBIMENTO;TRANSPORTE · EM ROTA -TERCEIROS · PENDENTE RECEBIMENTO;A7310;27/08/2026 07:52;;Datalogger enviado para agente MK BILLIG TRANSPORTE DE CARGAS E LOGISTICA LTDA pelo serviço de integração do ESL.;ACIONAR AGENTE/RESPONSÁVEL
564751;A6158;ARES;00019200000014060329;TO;MINISTÉRIO DA SAUDE;27/08/2026 03:30;28/08/2026 19:44;;ENTREGUE;8296;MultiModal;01/09/2026 00:09;01/09/2026 04:15;;28/08/2026 11:06;10;NÃO;FORA DE GRU;AGENTE;SYS - Usuário sistema;TRANSPORTE;EM ROTA -TERCEIROS;PENDENTE RECEBIMENTO;TRANSPORTE · EM ROTA -TERCEIROS · PENDENTE RECEBIMENTO;A6158;27/08/2026 07:52;;Datalogger enviado para agente MK BILLIG TRANSPORTE DE CARGAS E LOGISTICA LTDA pelo serviço de integração do ESL.;ACIONAR AGENTE/RESPONSÁVEL
564751;A5931;ARES;00019200000014060434;TO;MINISTÉRIO DA SAUDE;27/08/2026 03:30;28/08/2026 19:44;;ENTREGUE;8348;MultiModal;01/09/2026 00:09;01/09/2026 04:15;;24/08/2026 16:25;10;NÃO;FORA DE GRU;AGENTE;AGENTE - JOSE AIRTON LOURENCO DE OLIVEIRA JUNIOR;TRANSPORTE;EM ROTA -TERCEIROS;PENDENTE RECEBIMENTO;TRANSPORTE · EM ROTA -TERCEIROS · PENDENTE RECEBIMENTO;A5931;30/08/2026 03:06;;Datalogger enviado para agente MK BILLIG TRANSPORTE DE CARGAS E LOGISTICA LTDA pelo serviço de integração do ESL.;ACIONAR AGENTE/RESPONSÁVEL
564751;A3417;ARES;00019200000014060450;TO;MINISTÉRIO DA SAUDE;27/08/2026 03:30;28/08/2026 19:44;;ENTREGUE;8296;MultiModal;01/09/2026 00:09;01/09/2026 04:15;;28/08/2026 11:06;10;NÃO;FORA DE GRU;AGENTE;AGENTE - PATRICK KAUE RIBEIRO SOARES;TRANSPORTE;EM ROTA -TERCEIROS;PENDENTE RECEBIMENTO;TRANSPORTE · EM ROTA -TERCEIROS · PENDENTE RECEBIMENTO;A3417;27/08/2026 07:52;;Datalogger enviado para agente MK BILLIG TRANSPORTE DE CARGAS E LOGISTICA LTDA pelo serviço de integração do ESL.;ACIONAR AGENTE/RESPONSÁVEL
564751;A5339;ARES;00019200000014060469;TO;MINISTÉRIO DA SAUDE;27/08/2026 03:30;28/08/2026 19:44;;ENTREGUE;8296;MultiModal;01/09/2026 00:09;01/09/2026 04:15;;28/08/2026 11:06;10;NÃO;FORA DE GRU;AGENTE;AGENTE - KESIA SARAI ARAUJO SILVA;TRANSPORTE;EM ROTA -TERCEIROS;PENDENTE RECEBIMENTO;TRANSPORTE · EM ROTA -TERCEIROS · PENDENTE RECEBIMENTO;A5339;27/08/2026 07:52;;Datalogger enviado para agente MK BILLIG TRANSPORTE DE CARGAS E LOGISTICA LTDA pelo serviço de integração do ESL.;ACIONAR AGENTE/RESPONSÁVEL
565253;A7303;ARES;00019200000014014440;MS;MINISTÉRIO DA SAUDE;27/08/2026 03:57;28/08/2026 19:00;;ENTREGUE;8300;MultiModal;27/08/2026 17:00;27/08/2026 19:05;;28/08/2026 18:15;10;NÃO;FORA DE GRU;AGENTE;AGENTE - ANDREIA CRISTINA BARROS VEIGA;TRANSPORTE;EM TRÂNSITO;PENDENTE RECEBIMENTO;TRANSPORTE · EM TRÂNSITO · PENDENTE RECEBIMENTO;A7303;02/09/2026 15:09;17461;Datalogger enviado para devolução pelo agente.;ACIONAR AGENTE/RESPONSÁVEL
565579;A9086;ARES;00019200000013985388;PR;MINISTÉRIO DA SAUDE;25/08/2026 06:14;28/08/2026 19:00;;ENTREGUE;8251;MultiModal;27/08/2026 14:13;27/08/2026 18:17;;19/08/2026 12:51;10;NÃO;FORA DE GRU;AGENTE;AGENTE - TATIANE PAZ SANTANA;TRANSPORTE;EM ROTA -TERCEIROS;PENDENTE RECEBIMENTO;TRANSPORTE · EM ROTA -TERCEIROS · PENDENTE RECEBIMENTO;A9086;25/08/2026 09:19;;Datalogger enviado para agente TGEX TRANSPORTES E LOCACAO DE VEICULOS LTDA pelo serviço de integração do ESL.;ACIONAR AGENTE/RESPONSÁVEL
565965;A3302;ARES;00019200000014019663;RN;MINISTÉRIO DA SAUDE;26/08/2026 01:44;28/08/2026 18:20;;ENTREGUE;8264;MultiModal;26/08/2026 07:51;26/08/2026 19:30;;25/08/2026 14:21;11;NÃO;FORA DE GRU;AGENTE;AGENTE - FERNANDA NATTALY DO NASCIMENTO RODRIGUES;TRANSPORTE;EM ROTA -TERCEIROS;PENDENTE RECEBIMENTO;TRANSPORTE · EM ROTA -TERCEIROS · PENDENTE RECEBIMENTO;A3302;26/08/2026 05:56;;Datalogger enviado para agente NAT - CSM CARGO pelo serviço de integração do ESL.;ACIONAR AGENTE/RESPONSÁVEL
566106;TA0490;ARES;00019200000014037335;PB;MINISTÉRIO DA SAUDE;27/08/2026 03:21;28/08/2026 18:00;;ENTREGUE;8296;MultiModal;27/08/2026 08:08;27/08/2026 18:33;;28/08/2026 09:04;11;NÃO;FORA DE GRU;AGENTE;AGENTE - MARCOS JOSE ARAUJO DE ASSIS;TRANSPORTE;EM ROTA -TERCEIROS;PENDENTE RECEBIMENTO;TRANSPORTE · EM ROTA -TERCEIROS · PENDENTE RECEBIMENTO;TA0490;27/08/2026 04:42;;Datalogger enviado para agente LIDER CARGAS SERVICOS LTDA pelo serviço de integração do ESL.;ACIONAR AGENTE/RESPONSÁVEL
565885;TA0348;ARES;00019200000014055112;BA;MINISTÉRIO DA SAUDE;26/08/2026 01:32;28/08/2026 17:50;;ENTREGUE;8264;MultiModal;26/08/2026 07:51;26/08/2026 19:17;;27/08/2026 08:51;11;NÃO;FORA DE GRU;AGENTE;AGENTE - PATRICK KAUE RIBEIRO SOARES;TRANSPORTE;EM ROTA -TERCEIROS;PENDENTE RECEBIMENTO;TRANSPORTE · EM ROTA -TERCEIROS · PENDENTE RECEBIMENTO;TA0348;26/08/2026 05:41;;Datalogger enviado para agente CASSIMIRO TRANSPORTES pelo serviço de integração do ESL.;ACIONAR AGENTE/RESPONSÁVEL
565959;A8023;ARES;00019200000014049368;BA;MINISTÉRIO DA SAUDE;25/08/2026 22:28;28/08/2026 17:44;;ENTREGUE;8260;MultiModal;27/08/2026 11:51;27/08/2026 14:33;;25/08/2026 10:07;11;NÃO;FORA DE GRU;AGENTE;AGENTE - CHARLE BRASIL SILVERIO;TRANSPORTE;EM ROTA -TERCEIROS;PENDENTE RECEBIMENTO;TRANSPORTE · EM ROTA -TERCEIROS · PENDENTE RECEBIMENTO;A8023;25/08/2026 23:48;;Datalogger enviado para agente MARCIO ALEXANDRE DE JESUS MARQUES - MASPEX  pelo serviço de integração do ESL.;ACIONAR AGENTE/RESPONSÁVEL
565883;A8218;ARES;00019200000014055104;BA;MINISTÉRIO DA SAUDE;26/08/2026 01:32;28/08/2026 17:00;;ENTREGUE;8264;MultiModal;26/08/2026 07:51;26/08/2026 19:17;;27/08/2026 08:51;11;NÃO;FORA DE GRU;AGENTE;AGENTE - EDINALDO PINTO CASSIMIRO;TRANSPORTE;EM ROTA -TERCEIROS;PENDENTE RECEBIMENTO;TRANSPORTE · EM ROTA -TERCEIROS · PENDENTE RECEBIMENTO;A8218;26/08/2026 05:41;;Datalogger enviado para agente CASSIMIRO TRANSPORTES pelo serviço de integração do ESL.;ACIONAR AGENTE/RESPONSÁVEL
566142;A3693;ARES;00019200000014037220;SE;MINISTÉRIO DA SAUDE;27/08/2026 03:21;28/08/2026 17:00;;ENTREGUE;8296;MultiModal;27/08/2026 08:08;27/08/2026 18:48;;26/08/2026 09:32;11;NÃO;FORA DE GRU;AGENTE;AGENTE - MARCOS JOSE ARAUJO DE ASSIS;TRANSPORTE;EM ROTA -TERCEIROS;PENDENTE RECEBIMENTO;TRANSPORTE · EM ROTA -TERCEIROS · PENDENTE RECEBIMENTO;A3693;27/08/2026 04:30;;Datalogger enviado para agente CASSIMIRO TRANSPORTES pelo serviço de integração do ESL.;ACIONAR AGENTE/RESPONSÁVEL
566112;A8932;ARES;00019200000014059070;SP;MINISTÉRIO DA SAUDE;28/08/2026 01:07;28/08/2026 16:42;;ENTREGUE;8315;Rodoviário;28/08/2026 01:07;28/08/2026 16:42;;24/08/2026 10:51;11;NÃO;RETORNANDO PARA GRU (NÃO RECEBIDO);RETORNANDO - GRU;VTC - FRANCISCO AGUIAR;EM ESTOQUE;SALDO DE ESTOQUE;PENDENTE RECEBIMENTO;EM ESTOQUE · SALDO DE ESTOQUE · PENDENTE RECEBIMENTO;A8932;28/08/2026 19:36;;Datalogger encaminhado pelo transporte para recebimento da qualidade.;ACOMPANHAR RECEBIMENTO EM GRU
564715;A9206;ARES;00019200000014026090;AM;MINISTÉRIO DA SAUDE;26/08/2026 23:00;28/08/2026 16:24;28/08/2026 16:24;RECEBIDO NO CLIENTE;8286;MultiModal;31/08/2026 23:31;01/09/2026 04:31;;24/08/2026 15:22;11;NÃO;FORA DE GRU;AGENTE;AGENTE - RAIANA ASSIS DOS SANTOS;TRANSPORTE;EM ROTA -TERCEIROS;RECEBIDO;TRANSPORTE · EM ROTA -TERCEIROS · RECEBIDO;A9206;05/09/2026 08:24;;Datalogger recebido pelo agente com sucesso.;ACIONAR AGENTE/RESPONSÁVEL
564715;TA1198;ARES;00019200000014026180;AM;MINISTÉRIO DA SAUDE;26/08/2026 23:00;28/08/2026 16:24;28/08/2026 16:24;RECEBIDO NO CLIENTE;8286;MultiModal;31/08/2026 23:31;01/09/2026 04:31;;24/08/2026 10:54;11;NÃO;FORA DE GRU;AGENTE;AGENTE - RAIANA ASSIS DOS SANTOS;TRANSPORTE;EM ROTA -TERCEIROS;RECEBIDO;TRANSPORTE · EM ROTA -TERCEIROS · RECEBIDO;TA1198;05/09/2026 08:24;;Datalogger recebido pelo agente com sucesso.;ACIONAR AGENTE/RESPONSÁVEL
564615;A6615;ARES;00019200000013995278;PA;MINISTÉRIO DA SAUDE;26/08/2026 22:40;28/08/2026 15:59;28/08/2026 15:59;RECEBIDO NO CLIENTE;8287;MultiModal;27/08/2026 05:40;27/08/2026 20:56;;28/08/2026 15:00;11;NÃO;FORA DE GRU;AGENTE;AGENTE - THAIS OLIVEIRA GATINHO;TRANSPORTE;EM TRÂNSITO;PENDENTE RECEBIMENTO;TRANSPORTE · EM TRÂNSITO · PENDENTE RECEBIMENTO;A6615;02/09/2026 10:00;31610;Datalogger enviado para devolução pelo agente.;ACIONAR AGENTE/RESPONSÁVEL
564615;TA0238;ARES;00019200000013995286;PA;MINISTÉRIO DA SAUDE;26/08/2026 22:40;28/08/2026 15:59;28/08/2026 15:59;RECEBIDO NO CLIENTE;8287;MultiModal;27/08/2026 05:40;27/08/2026 20:56;;28/08/2026 15:00;11;NÃO;FORA DE GRU;AGENTE;AGENTE - THAIS OLIVEIRA GATINHO;TRANSPORTE;EM TRÂNSITO;PENDENTE RECEBIMENTO;TRANSPORTE · EM TRÂNSITO · PENDENTE RECEBIMENTO;TA0238;02/09/2026 08:10;31610;Datalogger enviado para devolução pelo agente.;ACIONAR AGENTE/RESPONSÁVEL
564615;A3649;ARES;00019200000013995294;PA;MINISTÉRIO DA SAUDE;26/08/2026 22:40;28/08/2026 15:59;28/08/2026 15:59;RECEBIDO NO CLIENTE;8287;MultiModal;27/08/2026 05:40;27/08/2026 20:56;;28/08/2026 15:09;11;NÃO;FORA DE GRU;AGENTE;AGENTE - THAIS OLIVEIRA GATINHO;TRANSPORTE;EM TRÂNSITO;PENDENTE RECEBIMENTO;TRANSPORTE · EM TRÂNSITO · PENDENTE RECEBIMENTO;A3649;02/09/2026 10:11;31610;Datalogger enviado para devolução pelo agente.;ACIONAR AGENTE/RESPONSÁVEL
564615;A6797;ARES;00019200000013995308;PA;MINISTÉRIO DA SAUDE;26/08/2026 22:40;28/08/2026 15:59;28/08/2026 15:59;RECEBIDO NO CLIENTE;8287;MultiModal;27/08/2026 05:40;27/08/2026 20:56;;24/08/2026 14:19;11;NÃO;FORA DE GRU;AGENTE;AGENTE - THAIS OLIVEIRA GATINHO;TRANSPORTE;EM TRÂNSITO;PENDENTE RECEBIMENTO;TRANSPORTE · EM TRÂNSITO · PENDENTE RECEBIMENTO;A6797;02/09/2026 08:05;31610;Datalogger enviado para devolução pelo agente.;ACIONAR AGENTE/RESPONSÁVEL
564615;A8948;ARES;00019200000013995316;PA;MINISTÉRIO DA SAUDE;26/08/2026 22:40;28/08/2026 15:59;28/08/2026 15:59;RECEBIDO NO CLIENTE;8287;MultiModal;27/08/2026 05:40;27/08/2026 20:56;;28/08/2026 15:00;11;NÃO;FORA DE GRU;AGENTE;AGENTE - THAIS OLIVEIRA GATINHO;TRANSPORTE;EM TRÂNSITO;PENDENTE RECEBIMENTO;TRANSPORTE · EM TRÂNSITO · PENDENTE RECEBIMENTO;A8948;02/09/2026 10:20;31610;Datalogger enviado para devolução pelo agente.;ACIONAR AGENTE/RESPONSÁVEL
564615;A2355;ARES;00019200000013995324;PA;MINISTÉRIO DA SAUDE;26/08/2026 22:40;28/08/2026 15:59;28/08/2026 15:59;RECEBIDO NO CLIENTE;8287;MultiModal;27/08/2026 05:40;27/08/2026 20:56;;28/08/2026 15:01;11;NÃO;FORA DE GRU;AGENTE;AGENTE - THAIS OLIVEIRA GATINHO;TRANSPORTE;EM TRÂNSITO;PENDENTE RECEBIMENTO;TRANSPORTE · EM TRÂNSITO · PENDENTE RECEBIMENTO;A2355;02/09/2026 10:02;31610;Datalogger enviado para devolução pelo agente.;ACIONAR AGENTE/RESPONSÁVEL
564615;A6491;ARES;00019200000013995332;PA;MINISTÉRIO DA SAUDE;26/08/2026 22:40;28/08/2026 15:59;28/08/2026 15:59;RECEBIDO NO CLIENTE;8287;MultiModal;27/08/2026 05:40;27/08/2026 20:56;;28/08/2026 15:04;11;NÃO;FORA DE GRU;AGENTE;AGENTE - THAIS OLIVEIRA GATINHO;TRANSPORTE;EM TRÂNSITO;PENDENTE RECEBIMENTO;TRANSPORTE · EM TRÂNSITO · PENDENTE RECEBIMENTO;A6491;02/09/2026 08:19;31610;Datalogger enviado para devolução pelo agente.;ACIONAR AGENTE/RESPONSÁVEL
564615;A0680;ARES;00019200000013995340;PA;MINISTÉRIO DA SAUDE;26/08/2026 22:40;28/08/2026 15:59;28/08/2026 15:59;RECEBIDO NO CLIENTE;8287;MultiModal;27/08/2026 05:40;27/08/2026 20:56;;28/08/2026 15:08;11;NÃO;FORA DE GRU;AGENTE;AGENTE - THAIS OLIVEIRA GATINHO;TRANSPORTE;EM TRÂNSITO;PENDENTE RECEBIMENTO;TRANSPORTE · EM TRÂNSITO · PENDENTE RECEBIMENTO;A0680;02/09/2026 10:03;31610;Datalogger enviado para devolução pelo agente.;ACIONAR AGENTE/RESPONSÁVEL
564615;A7583;ARES;00019200000013995359;PA;MINISTÉRIO DA SAUDE;26/08/2026 22:40;28/08/2026 15:59;28/08/2026 15:59;RECEBIDO NO CLIENTE;8287;MultiModal;27/08/2026 05:40;27/08/2026 20:56;;28/08/2026 15:01;11;NÃO;FORA DE GRU;AGENTE;AGENTE - THAIS OLIVEIRA GATINHO;TRANSPORTE;EM TRÂNSITO;PENDENTE RECEBIMENTO;TRANSPORTE · EM TRÂNSITO · PENDENTE RECEBIMENTO;A7583;02/09/2026 10:15;31610;Datalogger enviado para devolução pelo agente.;ACIONAR AGENTE/RESPONSÁVEL
564615;A7795;ARES;00019200000013995367;PA;MINISTÉRIO DA SAUDE;26/08/2026 22:40;28/08/2026 15:59;28/08/2026 15:59;RECEBIDO NO CLIENTE;8287;MultiModal;27/08/2026 05:40;27/08/2026 20:56;;28/08/2026 15:01;11;NÃO;FORA DE GRU;AGENTE;AGENTE - THAIS OLIVEIRA GATINHO;TRANSPORTE;EM TRÂNSITO;PENDENTE RECEBIMENTO;TRANSPORTE · EM TRÂNSITO · PENDENTE RECEBIMENTO;A7795;02/09/2026 10:00;31610;Datalogger enviado para devolução pelo agente.;ACIONAR AGENTE/RESPONSÁVEL
564615;TA0366;ARES;00019200000013995375;PA;MINISTÉRIO DA SAUDE;26/08/2026 22:40;28/08/2026 15:59;28/08/2026 15:59;RECEBIDO NO CLIENTE;8287;MultiModal;27/08/2026 05:40;27/08/2026 20:56;;28/08/2026 15:03;11;NÃO;FORA DE GRU;AGENTE;AGENTE - THAIS OLIVEIRA GATINHO;TRANSPORTE;EM TRÂNSITO;PENDENTE RECEBIMENTO;TRANSPORTE · EM TRÂNSITO · PENDENTE RECEBIMENTO;TA0366;02/09/2026 08:05;31610;Datalogger enviado para devolução pelo agente.;ACIONAR AGENTE/RESPONSÁVEL
565236;A5705;ARES;00019200000014051818;PI;MINISTÉRIO DA SAUDE;26/08/2026 22:36;28/08/2026 15:40;;ENTREGUE;8286;MultiModal;27/08/2026 04:09;27/08/2026 23:34;;28/08/2026 09:54;11;NÃO;FORA DE GRU;AGENTE;AGENTE - DANILO MESAQUE DOS SANTOS TEIXEIRA;TRANSPORTE;EM ROTA -TERCEIROS;RECEBIDO;TRANSPORTE · EM ROTA -TERCEIROS · RECEBIDO;A5705;03/09/2026 11:41;;Datalogger recebido pelo agente com sucesso.;ACIONAR AGENTE/RESPONSÁVEL
565236;A0303;ARES;00019200000014052393;PI;MINISTÉRIO DA SAUDE;26/08/2026 22:36;28/08/2026 15:40;;ENTREGUE;8286;MultiModal;27/08/2026 04:09;27/08/2026 23:34;;28/08/2026 09:54;11;NÃO;FORA DE GRU;AGENTE;AGENTE - DANILO MESAQUE DOS SANTOS TEIXEIRA;TRANSPORTE;EM ROTA -TERCEIROS;RECEBIDO;TRANSPORTE · EM ROTA -TERCEIROS · RECEBIDO;A0303;03/09/2026 11:37;;Datalogger recebido pelo agente com sucesso.;ACIONAR AGENTE/RESPONSÁVEL
565236;A1881;ARES;00019200000014052407;PI;MINISTÉRIO DA SAUDE;26/08/2026 22:36;28/08/2026 15:40;;ENTREGUE;8286;MultiModal;27/08/2026 04:09;27/08/2026 23:34;;28/08/2026 09:54;11;NÃO;FORA DE GRU;AGENTE;AGENTE - DANILO MESAQUE DOS SANTOS TEIXEIRA;TRANSPORTE;EM ROTA -TERCEIROS;RECEBIDO;TRANSPORTE · EM ROTA -TERCEIROS · RECEBIDO;A1881;03/09/2026 11:41;;Datalogger recebido pelo agente com sucesso.;ACIONAR AGENTE/RESPONSÁVEL
565236;A5477;ARES;00019200000014052415;PI;MINISTÉRIO DA SAUDE;26/08/2026 22:36;28/08/2026 15:40;;ENTREGUE;8286;MultiModal;27/08/2026 04:09;27/08/2026 23:34;;28/08/2026 09:54;11;NÃO;FORA DE GRU;AGENTE;AGENTE - DANILO MESAQUE DOS SANTOS TEIXEIRA;TRANSPORTE;EM ROTA -TERCEIROS;RECEBIDO;TRANSPORTE · EM ROTA -TERCEIROS · RECEBIDO;A5477;03/09/2026 11:36;;Datalogger recebido pelo agente com sucesso.;ACIONAR AGENTE/RESPONSÁVEL
565236;A8272;ARES;00019200000014052423;PI;MINISTÉRIO DA SAUDE;26/08/2026 22:36;28/08/2026 15:40;;ENTREGUE;8286;MultiModal;27/08/2026 04:09;27/08/2026 23:34;;28/08/2026 09:54;11;NÃO;FORA DE GRU;AGENTE;AGENTE - DANILO MESAQUE DOS SANTOS TEIXEIRA;TRANSPORTE;EM ROTA -TERCEIROS;RECEBIDO;TRANSPORTE · EM ROTA -TERCEIROS · RECEBIDO;A8272;03/09/2026 11:35;;Datalogger recebido pelo agente com sucesso.;ACIONAR AGENTE/RESPONSÁVEL
565236;A7824;ARES;00019200000014052431;PI;MINISTÉRIO DA SAUDE;26/08/2026 22:36;28/08/2026 15:40;;ENTREGUE;8286;MultiModal;27/08/2026 04:09;27/08/2026 23:34;;28/08/2026 09:55;11;NÃO;FORA DE GRU;AGENTE;AGENTE - DANILO MESAQUE DOS SANTOS TEIXEIRA;TRANSPORTE;EM ROTA -TERCEIROS;RECEBIDO;TRANSPORTE · EM ROTA -TERCEIROS · RECEBIDO;A7824;03/09/2026 11:40;;Datalogger recebido pelo agente com sucesso.;ACIONAR AGENTE/RESPONSÁVEL
565236;A3221;ARES;00019200000014052440;PI;MINISTÉRIO DA SAUDE;26/08/2026 22:36;28/08/2026 15:40;;ENTREGUE;8286;MultiModal;27/08/2026 04:09;27/08/2026 23:34;;28/08/2026 09:54;11;NÃO;FORA DE GRU;AGENTE;AGENTE - DANILO MESAQUE DOS SANTOS TEIXEIRA;TRANSPORTE;EM ROTA -TERCEIROS;RECEBIDO;TRANSPORTE · EM ROTA -TERCEIROS · RECEBIDO;A3221;03/09/2026 11:34;;Datalogger recebido pelo agente com sucesso.;ACIONAR AGENTE/RESPONSÁVEL
565236;A7972;ARES;00019200000014052458;PI;MINISTÉRIO DA SAUDE;26/08/2026 22:36;28/08/2026 15:40;;ENTREGUE;8286;MultiModal;27/08/2026 04:09;27/08/2026 23:34;;28/08/2026 09:54;11;NÃO;FORA DE GRU;AGENTE;AGENTE - DANILO MESAQUE DOS SANTOS TEIXEIRA;TRANSPORTE;EM ROTA -TERCEIROS;RECEBIDO;TRANSPORTE · EM ROTA -TERCEIROS · RECEBIDO;A7972;03/09/2026 11:37;;Datalogger recebido pelo agente com sucesso.;ACIONAR AGENTE/RESPONSÁVEL
565236;A3566;ARES;00019200000014052466;PI;MINISTÉRIO DA SAUDE;26/08/2026 22:36;28/08/2026 15:40;;ENTREGUE;8286;MultiModal;27/08/2026 04:09;27/08/2026 23:34;;24/08/2026 12:30;11;NÃO;FORA DE GRU;AGENTE;AGENTE - DANILO MESAQUE DOS SANTOS TEIXEIRA;TRANSPORTE;EM ROTA -TERCEIROS;RECEBIDO;TRANSPORTE · EM ROTA -TERCEIROS · RECEBIDO;A3566;03/09/2026 11:41;;Datalogger recebido pelo agente com sucesso.;ACIONAR AGENTE/RESPONSÁVEL
565236;A1050;ARES;00019200000014052474;PI;MINISTÉRIO DA SAUDE;26/08/2026 22:36;28/08/2026 15:40;;ENTREGUE;8286;MultiModal;27/08/2026 04:09;27/08/2026 23:34;;28/08/2026 09:54;11;NÃO;FORA DE GRU;AGENTE;AGENTE - DANILO MESAQUE DOS SANTOS TEIXEIRA;TRANSPORTE;EM ROTA -TERCEIROS;RECEBIDO;TRANSPORTE · EM ROTA -TERCEIROS · RECEBIDO;A1050;03/09/2026 11:36;;Datalogger recebido pelo agente com sucesso.;ACIONAR AGENTE/RESPONSÁVEL
565236;TA0851;ARES;00019200000014052482;PI;MINISTÉRIO DA SAUDE;26/08/2026 22:36;28/08/2026 15:40;;ENTREGUE;8286;MultiModal;27/08/2026 04:09;27/08/2026 23:34;;28/08/2026 09:54;11;NÃO;FORA DE GRU;AGENTE;AGENTE - DANILO MESAQUE DOS SANTOS TEIXEIRA;TRANSPORTE;EM ROTA -TERCEIROS;RECEBIDO;TRANSPORTE · EM ROTA -TERCEIROS · RECEBIDO;TA0851;03/09/2026 11:34;;Datalogger recebido pelo agente com sucesso.;ACIONAR AGENTE/RESPONSÁVEL
565236;A5559;ARES;00019200000014052490;PI;MINISTÉRIO DA SAUDE;26/08/2026 22:36;28/08/2026 15:40;;ENTREGUE;8286;MultiModal;27/08/2026 04:09;27/08/2026 23:34;;28/08/2026 09:55;11;NÃO;FORA DE GRU;AGENTE;AGENTE - DANILO MESAQUE DOS SANTOS TEIXEIRA;TRANSPORTE;EM ROTA -TERCEIROS;RECEBIDO;TRANSPORTE · EM ROTA -TERCEIROS · RECEBIDO;A5559;03/09/2026 11:40;;Datalogger recebido pelo agente com sucesso.;ACIONAR AGENTE/RESPONSÁVEL
565236;TA0101;ARES;00019200000014052504;PI;MINISTÉRIO DA SAUDE;26/08/2026 22:36;28/08/2026 15:40;;ENTREGUE;8286;MultiModal;27/08/2026 04:09;27/08/2026 23:34;;28/08/2026 09:54;11;NÃO;FORA DE GRU;AGENTE;AGENTE - DANILO MESAQUE DOS SANTOS TEIXEIRA;TRANSPORTE;EM ROTA -TERCEIROS;RECEBIDO;TRANSPORTE · EM ROTA -TERCEIROS · RECEBIDO;TA0101;03/09/2026 11:40;;Datalogger recebido pelo agente com sucesso.;ACIONAR AGENTE/RESPONSÁVEL
565236;A8413;ARES;00019200000014052512;PI;MINISTÉRIO DA SAUDE;26/08/2026 22:36;28/08/2026 15:40;;ENTREGUE;8286;MultiModal;27/08/2026 04:09;27/08/2026 23:34;;28/08/2026 09:54;11;NÃO;FORA DE GRU;AGENTE;AGENTE - PAULO FERNANDO CARVALHO ANDRADES;TRANSPORTE;EM ROTA -TERCEIROS;PENDENTE RECEBIMENTO;TRANSPORTE · EM ROTA -TERCEIROS · PENDENTE RECEBIMENTO;A8413;26/08/2026 23:12;;Datalogger enviado para agente ALYNE B. BATISTA NEIVA pelo serviço de integração do ESL.;ACIONAR AGENTE/RESPONSÁVEL
565236;A0967;ARES;00019200000014052539;PI;MINISTÉRIO DA SAUDE;26/08/2026 22:36;28/08/2026 15:40;;ENTREGUE;8286;MultiModal;27/08/2026 04:09;27/08/2026 23:34;;28/08/2026 09:55;11;NÃO;FORA DE GRU;AGENTE;AGENTE - ROSANA HONORATO DA SILVA;TRANSPORTE;EM ROTA -TERCEIROS;PENDENTE RECEBIMENTO;TRANSPORTE · EM ROTA -TERCEIROS · PENDENTE RECEBIMENTO;A0967;26/08/2026 23:12;;Datalogger enviado para agente ALYNE B. BATISTA NEIVA pelo serviço de integração do ESL.;ACIONAR AGENTE/RESPONSÁVEL
565236;A5215;ARES;00019200000014052547;PI;MINISTÉRIO DA SAUDE;26/08/2026 22:36;28/08/2026 15:40;;ENTREGUE;8286;MultiModal;27/08/2026 04:09;27/08/2026 23:34;;28/08/2026 09:54;11;NÃO;FORA DE GRU;AGENTE;AGENTE - DANILO MESAQUE DOS SANTOS TEIXEIRA;TRANSPORTE;EM ROTA -TERCEIROS;RECEBIDO;TRANSPORTE · EM ROTA -TERCEIROS · RECEBIDO;A5215;03/09/2026 11:34;;Datalogger recebido pelo agente com sucesso.;ACIONAR AGENTE/RESPONSÁVEL
565236;A6065;ARES;00019200000014052555;PI;MINISTÉRIO DA SAUDE;26/08/2026 22:36;28/08/2026 15:40;;ENTREGUE;8286;MultiModal;27/08/2026 04:09;27/08/2026 23:34;;28/08/2026 09:54;11;NÃO;FORA DE GRU;AGENTE;AGENTE - DANILO MESAQUE DOS SANTOS TEIXEIRA;TRANSPORTE;EM ROTA -TERCEIROS;RECEBIDO;TRANSPORTE · EM ROTA -TERCEIROS · RECEBIDO;A6065;03/09/2026 11:41;;Datalogger recebido pelo agente com sucesso.;ACIONAR AGENTE/RESPONSÁVEL
565236;A3867;ARES;00019200000014052563;PI;MINISTÉRIO DA SAUDE;26/08/2026 22:36;28/08/2026 15:40;;ENTREGUE;8286;MultiModal;27/08/2026 04:09;27/08/2026 23:34;;28/08/2026 09:54;11;NÃO;FORA DE GRU;AGENTE;AGENTE - DANILO MESAQUE DOS SANTOS TEIXEIRA;TRANSPORTE;EM ROTA -TERCEIROS;RECEBIDO;TRANSPORTE · EM ROTA -TERCEIROS · RECEBIDO;A3867;03/09/2026 11:36;;Datalogger recebido pelo agente com sucesso.;ACIONAR AGENTE/RESPONSÁVEL
565236;A7794;ARES;00019200000014052571;PI;MINISTÉRIO DA SAUDE;26/08/2026 22:36;28/08/2026 15:40;;ENTREGUE;8286;MultiModal;27/08/2026 04:09;27/08/2026 23:34;;28/08/2026 09:54;11;NÃO;FORA DE GRU;AGENTE;AGENTE - DANILO MESAQUE DOS SANTOS TEIXEIRA;TRANSPORTE;EM ROTA -TERCEIROS;RECEBIDO;TRANSPORTE · EM ROTA -TERCEIROS · RECEBIDO;A7794;03/09/2026 11:36;;Datalogger recebido pelo agente com sucesso.;ACIONAR AGENTE/RESPONSÁVEL
565236;A7746;ARES;00019200000014052580;PI;MINISTÉRIO DA SAUDE;26/08/2026 22:36;28/08/2026 15:40;;ENTREGUE;8286;MultiModal;27/08/2026 04:09;27/08/2026 23:34;;28/08/2026 09:55;11;NÃO;FORA DE GRU;AGENTE;AGENTE - DANILO MESAQUE DOS SANTOS TEIXEIRA;TRANSPORTE;EM ROTA -TERCEIROS;RECEBIDO;TRANSPORTE · EM ROTA -TERCEIROS · RECEBIDO;A7746;03/09/2026 11:35;;Datalogger recebido pelo agente com sucesso.;ACIONAR AGENTE/RESPONSÁVEL
565236;A3039;ARES;00019200000014052598;PI;MINISTÉRIO DA SAUDE;26/08/2026 22:36;28/08/2026 15:40;;ENTREGUE;8286;MultiModal;27/08/2026 04:09;27/08/2026 23:34;;28/08/2026 09:55;11;NÃO;FORA DE GRU;AGENTE;AGENTE - DANILO MESAQUE DOS SANTOS TEIXEIRA;TRANSPORTE;EM ROTA -TERCEIROS;RECEBIDO;TRANSPORTE · EM ROTA -TERCEIROS · RECEBIDO;A3039;03/09/2026 11:34;;Datalogger recebido pelo agente com sucesso.;ACIONAR AGENTE/RESPONSÁVEL
565236;A6067;ARES;00019200000014053071;PI;MINISTÉRIO DA SAUDE;26/08/2026 22:36;28/08/2026 15:40;;ENTREGUE;8286;MultiModal;27/08/2026 04:09;27/08/2026 23:34;;28/08/2026 09:54;11;NÃO;FORA DE GRU;AGENTE;AGENTE - DANILO MESAQUE DOS SANTOS TEIXEIRA;TRANSPORTE;EM ROTA -TERCEIROS;RECEBIDO;TRANSPORTE · EM ROTA -TERCEIROS · RECEBIDO;A6067;03/09/2026 11:34;;Datalogger recebido pelo agente com sucesso.;ACIONAR AGENTE/RESPONSÁVEL
565236;A0342;ARES;00019200000014053080;PI;MINISTÉRIO DA SAUDE;26/08/2026 22:36;28/08/2026 15:40;;ENTREGUE;8286;MultiModal;27/08/2026 04:09;27/08/2026 23:34;;28/08/2026 09:54;11;NÃO;FORA DE GRU;AGENTE;AGENTE - DANILO MESAQUE DOS SANTOS TEIXEIRA;TRANSPORTE;EM ROTA -TERCEIROS;RECEBIDO;TRANSPORTE · EM ROTA -TERCEIROS · RECEBIDO;A0342;03/09/2026 11:36;;Datalogger recebido pelo agente com sucesso.;ACIONAR AGENTE/RESPONSÁVEL
565236;A2545;ARES;00019200000014053098;PI;MINISTÉRIO DA SAUDE;26/08/2026 22:36;28/08/2026 15:40;;ENTREGUE;8286;MultiModal;27/08/2026 04:09;27/08/2026 23:34;;28/08/2026 09:54;11;NÃO;FORA DE GRU;AGENTE;AGENTE - DANILO MESAQUE DOS SANTOS TEIXEIRA;TRANSPORTE;EM ROTA -TERCEIROS;RECEBIDO;TRANSPORTE · EM ROTA -TERCEIROS · RECEBIDO;A2545;03/09/2026 11:37;;Datalogger recebido pelo agente com sucesso.;ACIONAR AGENTE/RESPONSÁVEL
565236;A6266;ARES;00019200000014053101;PI;MINISTÉRIO DA SAUDE;26/08/2026 22:36;28/08/2026 15:40;;ENTREGUE;8286;MultiModal;27/08/2026 04:09;27/08/2026 23:34;;28/08/2026 09:54;11;NÃO;FORA DE GRU;AGENTE;AGENTE - DANILO MESAQUE DOS SANTOS TEIXEIRA;TRANSPORTE;EM ROTA -TERCEIROS;RECEBIDO;TRANSPORTE · EM ROTA -TERCEIROS · RECEBIDO;A6266;03/09/2026 11:35;;Datalogger recebido pelo agente com sucesso.;ACIONAR AGENTE/RESPONSÁVEL
565265;A3659;ARES;00019200000014051486;CE;MINISTÉRIO DA SAUDE;27/08/2026 03:21;28/08/2026 13:40;;ENTREGUE;8296;MultiModal;27/08/2026 13:58;27/08/2026 20:15;;26/08/2026 12:56;11;NÃO;FORA DE GRU;AGENTE;AGENTE - RAIANA ASSIS DOS SANTOS;TRANSPORTE;EM ROTA -TERCEIROS;PENDENTE RECEBIMENTO;TRANSPORTE · EM ROTA -TERCEIROS · PENDENTE RECEBIMENTO;A3659;27/08/2026 07:34;;Datalogger enviado para agente NT TRANSPORTE LTDA pelo serviço de integração do ESL.;ACIONAR AGENTE/RESPONSÁVEL
565265;A5989;ARES;00019200000014052210;CE;MINISTÉRIO DA SAUDE;27/08/2026 03:21;28/08/2026 13:40;;ENTREGUE;8296;MultiModal;27/08/2026 13:58;27/08/2026 20:15;;28/08/2026 13:18;11;NÃO;FORA DE GRU;AGENTE;AGENTE - KESIA SARAI ARAUJO SILVA;TRANSPORTE;EM ROTA -TERCEIROS;PENDENTE RECEBIMENTO;TRANSPORTE · EM ROTA -TERCEIROS · PENDENTE RECEBIMENTO;A5989;27/08/2026 07:34;;Datalogger enviado para agente NT TRANSPORTE LTDA pelo serviço de integração do ESL.;ACIONAR AGENTE/RESPONSÁVEL
565265;TA0852;ARES;00019200000014052261;CE;MINISTÉRIO DA SAUDE;27/08/2026 03:21;28/08/2026 13:40;;ENTREGUE;8296;MultiModal;27/08/2026 13:58;27/08/2026 20:15;;28/08/2026 13:19;11;NÃO;FORA DE GRU;AGENTE;AGENTE - KESIA SARAI ARAUJO SILVA;TRANSPORTE;EM ROTA -TERCEIROS;PENDENTE RECEBIMENTO;TRANSPORTE · EM ROTA -TERCEIROS · PENDENTE RECEBIMENTO;TA0852;27/08/2026 07:34;;Datalogger enviado para agente NT TRANSPORTE LTDA pelo serviço de integração do ESL.;ACIONAR AGENTE/RESPONSÁVEL
565265;A8451;ARES;00019200000014052334;CE;MINISTÉRIO DA SAUDE;27/08/2026 03:21;28/08/2026 13:40;;ENTREGUE;8296;MultiModal;27/08/2026 13:58;27/08/2026 20:15;;28/08/2026 13:18;11;NÃO;FORA DE GRU;AGENTE;SYS - Usuário sistema;TRANSPORTE;EM ROTA -TERCEIROS;PENDENTE RECEBIMENTO;TRANSPORTE · EM ROTA -TERCEIROS · PENDENTE RECEBIMENTO;A8451;27/08/2026 07:34;;Datalogger enviado para agente NT TRANSPORTE LTDA pelo serviço de integração do ESL.;ACIONAR AGENTE/RESPONSÁVEL
565216;A9152;ARES;00019200000014013215;RS;MINISTÉRIO DA SAUDE;26/08/2026 08:03;28/08/2026 12:08;;ENTREGUE;8278;Rodoviário;26/08/2026 08:03;28/08/2026 12:08;;25/08/2026 16:01;11;SIM;EM GRU;ESTOQUE - GRU;VTC - ANA PAULA OLIVEIRA DA SILVA;EM ESTOQUE;SALDO DE ESTOQUE;RECEBIDO;EM ESTOQUE · SALDO DE ESTOQUE · RECEBIDO;A9152;07/09/2026 14:45;;Datalogger restaurado para o estoque manualmente pelo usuário.;SINCRONIZAR EM GRU
565216;A6825;ARES;00019200000014013223;RS;MINISTÉRIO DA SAUDE;26/08/2026 08:03;28/08/2026 12:08;;ENTREGUE;8278;Rodoviário;26/08/2026 08:03;28/08/2026 12:08;;24/08/2026 14:20;11;SIM;EM GRU;ESTOQUE - GRU;VTC - ANA PAULA OLIVEIRA DA SILVA;EM ESTOQUE;SALDO DE ESTOQUE;RECEBIDO;EM ESTOQUE · SALDO DE ESTOQUE · RECEBIDO;A6825;07/09/2026 14:54;;Datalogger restaurado para o estoque manualmente pelo usuário.;SINCRONIZAR EM GRU
565216;A4781;ARES;00019200000014013231;RS;MINISTÉRIO DA SAUDE;26/08/2026 08:03;28/08/2026 12:08;;ENTREGUE;8278;Rodoviário;26/08/2026 08:03;28/08/2026 12:08;;24/08/2026 10:18;11;SIM;EM GRU;ESTOQUE - GRU;VTC - ANA PAULA OLIVEIRA DA SILVA;EM ESTOQUE;SALDO DE ESTOQUE;RECEBIDO;EM ESTOQUE · SALDO DE ESTOQUE · RECEBIDO;A4781;07/09/2026 14:50;;Datalogger restaurado para o estoque manualmente pelo usuário.;SINCRONIZAR EM GRU
565216;A7873;ARES;00019200000014013240;RS;MINISTÉRIO DA SAUDE;26/08/2026 08:03;28/08/2026 12:08;;ENTREGUE;8278;Rodoviário;26/08/2026 08:03;28/08/2026 12:08;;24/08/2026 17:07;11;SIM;EM GRU;ESTOQUE - GRU;VTC - ANA PAULA OLIVEIRA DA SILVA;EM ESTOQUE;SALDO DE ESTOQUE;RECEBIDO;EM ESTOQUE · SALDO DE ESTOQUE · RECEBIDO;A7873;07/09/2026 14:55;;Datalogger restaurado para o estoque manualmente pelo usuário.;SINCRONIZAR EM GRU
565216;TA0393;ARES;00019200000014013258;RS;MINISTÉRIO DA SAUDE;26/08/2026 08:03;28/08/2026 12:08;;ENTREGUE;8278;Rodoviário;26/08/2026 08:03;28/08/2026 12:08;;25/08/2026 16:29;11;SIM;EM GRU;ESTOQUE - GRU;VTC - ANA PAULA OLIVEIRA DA SILVA;EM ESTOQUE;SALDO DE ESTOQUE;RECEBIDO;EM ESTOQUE · SALDO DE ESTOQUE · RECEBIDO;TA0393;07/09/2026 14:52;;Datalogger restaurado para o estoque manualmente pelo usuário.;SINCRONIZAR EM GRU
565216;A8401;ARES;00019200000014013266;RS;MINISTÉRIO DA SAUDE;26/08/2026 08:03;28/08/2026 12:08;;ENTREGUE;8278;Rodoviário;26/08/2026 08:03;28/08/2026 12:08;;25/08/2026 16:55;11;SIM;EM GRU;ESTOQUE - GRU;VTC - ANA PAULA OLIVEIRA DA SILVA;EM ESTOQUE;SALDO DE ESTOQUE;RECEBIDO;EM ESTOQUE · SALDO DE ESTOQUE · RECEBIDO;A8401;07/09/2026 14:52;;Datalogger restaurado para o estoque manualmente pelo usuário.;SINCRONIZAR EM GRU
565216;A8443;ARES;00019200000014013274;RS;MINISTÉRIO DA SAUDE;26/08/2026 08:03;28/08/2026 12:08;;ENTREGUE;8278;Rodoviário;26/08/2026 08:03;28/08/2026 12:08;;25/08/2026 17:01;11;SIM;EM GRU;ESTOQUE - GRU;VTC - ANA PAULA OLIVEIRA DA SILVA;EM ESTOQUE;SALDO DE ESTOQUE;RECEBIDO;EM ESTOQUE · SALDO DE ESTOQUE · RECEBIDO;A8443;07/09/2026 14:47;;Datalogger restaurado para o estoque manualmente pelo usuário.;SINCRONIZAR EM GRU
565216;A8270;ARES;00019200000014017237;RS;MINISTÉRIO DA SAUDE;26/08/2026 08:03;28/08/2026 12:08;;ENTREGUE;8278;Rodoviário;26/08/2026 08:03;28/08/2026 12:08;;24/08/2026 11:41;11;SIM;EM GRU;ESTOQUE - GRU;VTC - ANA PAULA OLIVEIRA DA SILVA;EM ESTOQUE;SALDO DE ESTOQUE;RECEBIDO;EM ESTOQUE · SALDO DE ESTOQUE · RECEBIDO;A8270;07/09/2026 14:49;;Datalogger restaurado para o estoque manualmente pelo usuário.;SINCRONIZAR EM GRU
565216;A6709;ARES;00019200000014017245;RS;MINISTÉRIO DA SAUDE;26/08/2026 08:03;28/08/2026 12:08;;ENTREGUE;8278;Rodoviário;26/08/2026 08:03;28/08/2026 12:08;;24/08/2026 17:14;11;SIM;EM GRU;ESTOQUE - GRU;VTC - ANA PAULA OLIVEIRA DA SILVA;EM ESTOQUE;SALDO DE ESTOQUE;RECEBIDO;EM ESTOQUE · SALDO DE ESTOQUE · RECEBIDO;A6709;07/09/2026 14:55;;Datalogger restaurado para o estoque manualmente pelo usuário.;SINCRONIZAR EM GRU
565216;A5500;ARES;00019200000014017253;RS;MINISTÉRIO DA SAUDE;26/08/2026 08:03;28/08/2026 12:08;;ENTREGUE;8278;Rodoviário;26/08/2026 08:03;28/08/2026 12:08;;24/08/2026 13:22;11;SIM;EM GRU;ESTOQUE - GRU;VTC - ANA PAULA OLIVEIRA DA SILVA;EM ESTOQUE;SALDO DE ESTOQUE;RECEBIDO;EM ESTOQUE · SALDO DE ESTOQUE · RECEBIDO;A5500;07/09/2026 14:50;;Datalogger restaurado para o estoque manualmente pelo usuário.;SINCRONIZAR EM GRU
565216;A9093;ARES;00019200000014017261;RS;MINISTÉRIO DA SAUDE;26/08/2026 08:03;28/08/2026 12:08;;ENTREGUE;8278;Rodoviário;26/08/2026 08:03;28/08/2026 12:08;;24/08/2026 14:24;11;SIM;EM GRU;ESTOQUE - GRU;VTC - ANA PAULA OLIVEIRA DA SILVA;EM ESTOQUE;SALDO DE ESTOQUE;RECEBIDO;EM ESTOQUE · SALDO DE ESTOQUE · RECEBIDO;A9093;07/09/2026 14:51;;Datalogger restaurado para o estoque manualmente pelo usuário.;SINCRONIZAR EM GRU
565216;A1427;ARES;00019200000014017270;RS;MINISTÉRIO DA SAUDE;26/08/2026 08:03;28/08/2026 12:08;;ENTREGUE;8278;Rodoviário;26/08/2026 08:03;28/08/2026 12:08;;24/08/2026 10:22;11;SIM;EM GRU;ESTOQUE - GRU;VTC - ANA PAULA OLIVEIRA DA SILVA;EM ESTOQUE;SALDO DE ESTOQUE;RECEBIDO;EM ESTOQUE · SALDO DE ESTOQUE · RECEBIDO;A1427;07/09/2026 14:49;;Datalogger restaurado para o estoque manualmente pelo usuário.;SINCRONIZAR EM GRU
565216;A8742;ARES;00019200000014017288;RS;MINISTÉRIO DA SAUDE;26/08/2026 08:03;28/08/2026 12:08;;ENTREGUE;8278;Rodoviário;26/08/2026 08:03;28/08/2026 12:08;;25/08/2026 13:22;11;SIM;EM GRU;ESTOQUE - GRU;VTC - ANA PAULA OLIVEIRA DA SILVA;EM ESTOQUE;SALDO DE ESTOQUE;RECEBIDO;EM ESTOQUE · SALDO DE ESTOQUE · RECEBIDO;A8742;07/09/2026 14:51;;Datalogger restaurado para o estoque manualmente pelo usuário.;SINCRONIZAR EM GRU
565216;A3800;ARES;00019200000014017296;RS;MINISTÉRIO DA SAUDE;26/08/2026 08:03;28/08/2026 12:08;;ENTREGUE;8278;Rodoviário;26/08/2026 08:03;28/08/2026 12:08;;24/08/2026 13:31;11;SIM;EM GRU;ESTOQUE - GRU;VTC - ANA PAULA OLIVEIRA DA SILVA;EM ESTOQUE;SALDO DE ESTOQUE;RECEBIDO;EM ESTOQUE · SALDO DE ESTOQUE · RECEBIDO;A3800;07/09/2026 14:47;;Datalogger restaurado para o estoque manualmente pelo usuário.;SINCRONIZAR EM GRU
565216;A1420;ARES;00019200000014017300;RS;MINISTÉRIO DA SAUDE;26/08/2026 08:03;28/08/2026 12:08;;ENTREGUE;8278;Rodoviário;26/08/2026 08:03;28/08/2026 12:08;;24/08/2026 14:20;11;SIM;EM GRU;ESTOQUE - GRU;VTC - ANA PAULA OLIVEIRA DA SILVA;EM ESTOQUE;SALDO DE ESTOQUE;RECEBIDO;EM ESTOQUE · SALDO DE ESTOQUE · RECEBIDO;A1420;07/09/2026 14:55;;Datalogger restaurado para o estoque manualmente pelo usuário.;SINCRONIZAR EM GRU
565216;A7011;ARES;00019200000014017318;RS;MINISTÉRIO DA SAUDE;26/08/2026 08:03;28/08/2026 12:08;;ENTREGUE;8278;Rodoviário;26/08/2026 08:03;28/08/2026 12:08;;25/08/2026 17:16;11;SIM;EM GRU;ESTOQUE - GRU;VTC - ANA PAULA OLIVEIRA DA SILVA;EM ESTOQUE;SALDO DE ESTOQUE;RECEBIDO;EM ESTOQUE · SALDO DE ESTOQUE · RECEBIDO;A7011;07/09/2026 14:51;;Datalogger restaurado para o estoque manualmente pelo usuário.;SINCRONIZAR EM GRU
565216;A4542;ARES;00019200000014017326;RS;MINISTÉRIO DA SAUDE;26/08/2026 08:03;28/08/2026 12:08;;ENTREGUE;8278;Rodoviário;26/08/2026 08:03;28/08/2026 12:08;;25/08/2026 16:00;11;SIM;EM GRU;ESTOQUE - GRU;VTC - ANA PAULA OLIVEIRA DA SILVA;EM ESTOQUE;SALDO DE ESTOQUE;RECEBIDO;EM ESTOQUE · SALDO DE ESTOQUE · RECEBIDO;A4542;07/09/2026 14:52;;Datalogger restaurado para o estoque manualmente pelo usuário.;SINCRONIZAR EM GRU
565216;A0503;ARES;00019200000014017334;RS;MINISTÉRIO DA SAUDE;26/08/2026 08:03;28/08/2026 12:08;;ENTREGUE;8278;Rodoviário;26/08/2026 08:03;28/08/2026 12:08;;25/08/2026 15:59;11;SIM;EM GRU;ESTOQUE - GRU;VTC - ANA PAULA OLIVEIRA DA SILVA;EM ESTOQUE;SALDO DE ESTOQUE;RECEBIDO;EM ESTOQUE · SALDO DE ESTOQUE · RECEBIDO;A0503;07/09/2026 14:52;;Datalogger restaurado para o estoque manualmente pelo usuário.;SINCRONIZAR EM GRU
565216;A7121;ARES;00019200000014017350;RS;MINISTÉRIO DA SAUDE;26/08/2026 08:03;28/08/2026 12:08;;ENTREGUE;8278;Rodoviário;26/08/2026 08:03;28/08/2026 12:08;;24/08/2026 13:23;11;SIM;EM GRU;ESTOQUE - GRU;VTC - ANA PAULA OLIVEIRA DA SILVA;EM ESTOQUE;SALDO DE ESTOQUE;RECEBIDO;EM ESTOQUE · SALDO DE ESTOQUE · RECEBIDO;A7121;07/09/2026 14:53;;Datalogger restaurado para o estoque manualmente pelo usuário.;SINCRONIZAR EM GRU
565216;A1044;ARES;00019200000014017369;RS;MINISTÉRIO DA SAUDE;26/08/2026 08:03;28/08/2026 12:08;;ENTREGUE;8278;Rodoviário;26/08/2026 08:03;28/08/2026 12:08;;24/08/2026 10:56;11;SIM;EM GRU;ESTOQUE - GRU;VTC - ANA PAULA OLIVEIRA DA SILVA;EM ESTOQUE;SALDO DE ESTOQUE;RECEBIDO;EM ESTOQUE · SALDO DE ESTOQUE · RECEBIDO;A1044;07/09/2026 14:54;;Datalogger restaurado para o estoque manualmente pelo usuário.;SINCRONIZAR EM GRU
565216;A7648;ARES;00019200000014017377;RS;MINISTÉRIO DA SAUDE;26/08/2026 08:03;28/08/2026 12:08;;ENTREGUE;8278;Rodoviário;26/08/2026 08:03;28/08/2026 12:08;;24/08/2026 10:18;11;SIM;EM GRU;ESTOQUE - GRU;VTC - ANA PAULA OLIVEIRA DA SILVA;EM ESTOQUE;SALDO DE ESTOQUE;RECEBIDO;EM ESTOQUE · SALDO DE ESTOQUE · RECEBIDO;A7648;07/09/2026 14:55;;Datalogger restaurado para o estoque manualmente pelo usuário.;SINCRONIZAR EM GRU
565216;A6101;ARES;00019200000014017385;RS;MINISTÉRIO DA SAUDE;26/08/2026 08:03;28/08/2026 12:08;;ENTREGUE;8278;Rodoviário;26/08/2026 08:03;28/08/2026 12:08;;24/08/2026 12:52;11;SIM;EM GRU;ESTOQUE - GRU;VTC - ANA PAULA OLIVEIRA DA SILVA;EM ESTOQUE;SALDO DE ESTOQUE;RECEBIDO;EM ESTOQUE · SALDO DE ESTOQUE · RECEBIDO;A6101;07/09/2026 14:51;;Datalogger restaurado para o estoque manualmente pelo usuário.;SINCRONIZAR EM GRU
565216;A4873;ARES;00019200000014017393;RS;MINISTÉRIO DA SAUDE;26/08/2026 08:03;28/08/2026 12:08;;ENTREGUE;8278;Rodoviário;26/08/2026 08:03;28/08/2026 12:08;;24/08/2026 12:45;11;SIM;EM GRU;ESTOQUE - GRU;VTC - ANA PAULA OLIVEIRA DA SILVA;EM ESTOQUE;SALDO DE ESTOQUE;RECEBIDO;EM ESTOQUE · SALDO DE ESTOQUE · RECEBIDO;A4873;07/09/2026 14:52;;Datalogger restaurado para o estoque manualmente pelo usuário.;SINCRONIZAR EM GRU
565216;A6653;ARES;00019200000014017520;RS;MINISTÉRIO DA SAUDE;26/08/2026 08:03;28/08/2026 12:08;;ENTREGUE;8278;Rodoviário;26/08/2026 08:03;28/08/2026 12:08;;25/08/2026 16:30;11;SIM;EM GRU;ESTOQUE - GRU;VTC - ANA PAULA OLIVEIRA DA SILVA;EM ESTOQUE;SALDO DE ESTOQUE;RECEBIDO;EM ESTOQUE · SALDO DE ESTOQUE · RECEBIDO;A6653;07/09/2026 14:50;;Datalogger restaurado para o estoque manualmente pelo usuário.;SINCRONIZAR EM GRU
565216;A6428;ARES;00019200000014017539;RS;MINISTÉRIO DA SAUDE;26/08/2026 08:03;28/08/2026 12:08;;ENTREGUE;8278;Rodoviário;26/08/2026 08:03;28/08/2026 12:08;;25/08/2026 13:50;11;SIM;EM GRU;ESTOQUE - GRU;VTC - ANA PAULA OLIVEIRA DA SILVA;EM ESTOQUE;SALDO DE ESTOQUE;RECEBIDO;EM ESTOQUE · SALDO DE ESTOQUE · RECEBIDO;A6428;07/09/2026 14:55;;Datalogger restaurado para o estoque manualmente pelo usuário.;SINCRONIZAR EM GRU
565216;A8063;ARES;00019200000014017547;RS;MINISTÉRIO DA SAUDE;26/08/2026 08:03;28/08/2026 12:08;;ENTREGUE;8278;Rodoviário;26/08/2026 08:03;28/08/2026 12:08;;25/08/2026 13:48;11;SIM;EM GRU;ESTOQUE - GRU;VTC - ANA PAULA OLIVEIRA DA SILVA;EM ESTOQUE;SALDO DE ESTOQUE;RECEBIDO;EM ESTOQUE · SALDO DE ESTOQUE · RECEBIDO;A8063;07/09/2026 14:51;;Datalogger restaurado para o estoque manualmente pelo usuário.;SINCRONIZAR EM GRU
565216;TA1050;ARES;00019200000014044498;RS;MINISTÉRIO DA SAUDE;26/08/2026 08:03;28/08/2026 12:08;;ENTREGUE;8278;Rodoviário;26/08/2026 08:03;28/08/2026 12:08;;25/08/2026 13:22;11;SIM;EM GRU;ESTOQUE - GRU;VTC - ANA PAULA OLIVEIRA DA SILVA;EM ESTOQUE;SALDO DE ESTOQUE;RECEBIDO;EM ESTOQUE · SALDO DE ESTOQUE · RECEBIDO;TA1050;07/09/2026 14:56;;Datalogger restaurado para o estoque manualmente pelo usuário.;SINCRONIZAR EM GRU
565216;A3668;ARES;00019200000014044501;RS;MINISTÉRIO DA SAUDE;26/08/2026 08:03;28/08/2026 12:08;;ENTREGUE;8278;Rodoviário;26/08/2026 08:03;28/08/2026 12:08;;25/08/2026 16:53;11;SIM;EM GRU;ESTOQUE - GRU;VTC - ANA PAULA OLIVEIRA DA SILVA;EM ESTOQUE;SALDO DE ESTOQUE;RECEBIDO;EM ESTOQUE · SALDO DE ESTOQUE · RECEBIDO;A3668;07/09/2026 14:51;;Datalogger restaurado para o estoque manualmente pelo usuário.;SINCRONIZAR EM GRU
565216;A2706;ARES;00019200000014044510;RS;MINISTÉRIO DA SAUDE;26/08/2026 08:03;28/08/2026 12:08;;ENTREGUE;8278;Rodoviário;26/08/2026 08:03;28/08/2026 12:08;;24/08/2026 17:08;11;SIM;EM GRU;ESTOQUE - GRU;VTC - ANA PAULA OLIVEIRA DA SILVA;EM ESTOQUE;SALDO DE ESTOQUE;RECEBIDO;EM ESTOQUE · SALDO DE ESTOQUE · RECEBIDO;A2706;07/09/2026 14:52;;Datalogger restaurado para o estoque manualmente pelo usuário.;SINCRONIZAR EM GRU
565216;A0497;ARES;00019200000014044528;RS;MINISTÉRIO DA SAUDE;26/08/2026 08:03;28/08/2026 12:08;;ENTREGUE;8278;Rodoviário;26/08/2026 08:03;28/08/2026 12:08;;25/08/2026 15:59;11;SIM;EM GRU;ESTOQUE - GRU;VTC - ANA PAULA OLIVEIRA DA SILVA;EM ESTOQUE;SALDO DE ESTOQUE;RECEBIDO;EM ESTOQUE · SALDO DE ESTOQUE · RECEBIDO;A0497;07/09/2026 14:53;;Datalogger restaurado para o estoque manualmente pelo usuário.;SINCRONIZAR EM GRU
565216;A0959;ARES;00019200000014044536;RS;MINISTÉRIO DA SAUDE;26/08/2026 08:03;28/08/2026 12:08;;ENTREGUE;8278;Rodoviário;26/08/2026 08:03;28/08/2026 12:08;;25/08/2026 16:28;11;SIM;EM GRU;ESTOQUE - GRU;VTC - ANA PAULA OLIVEIRA DA SILVA;EM ESTOQUE;SALDO DE ESTOQUE;RECEBIDO;EM ESTOQUE · SALDO DE ESTOQUE · RECEBIDO;A0959;07/09/2026 14:45;;Datalogger restaurado para o estoque manualmente pelo usuário.;SINCRONIZAR EM GRU
565216;A7362;ARES;00019200000014044544;RS;MINISTÉRIO DA SAUDE;26/08/2026 08:03;28/08/2026 12:08;;ENTREGUE;8278;Rodoviário;26/08/2026 08:03;28/08/2026 12:08;;25/08/2026 13:23;11;SIM;EM GRU;ESTOQUE - GRU;VTC - ANA PAULA OLIVEIRA DA SILVA;EM ESTOQUE;SALDO DE ESTOQUE;RECEBIDO;EM ESTOQUE · SALDO DE ESTOQUE · RECEBIDO;A7362;07/09/2026 14:55;;Datalogger restaurado para o estoque manualmente pelo usuário.;SINCRONIZAR EM GRU
565216;A3628;ARES;00019200000014044552;RS;MINISTÉRIO DA SAUDE;26/08/2026 08:03;28/08/2026 12:08;;ENTREGUE;8278;Rodoviário;26/08/2026 08:03;28/08/2026 12:08;;25/08/2026 16:58;11;SIM;EM GRU;ESTOQUE - GRU;VTC - ANA PAULA OLIVEIRA DA SILVA;EM ESTOQUE;SALDO DE ESTOQUE;RECEBIDO;EM ESTOQUE · SALDO DE ESTOQUE · RECEBIDO;A3628;07/09/2026 14:48;;Datalogger restaurado para o estoque manualmente pelo usuário.;SINCRONIZAR EM GRU
565216;A6564;ARES;00019200000014044560;RS;MINISTÉRIO DA SAUDE;26/08/2026 08:03;28/08/2026 12:08;;ENTREGUE;8278;Rodoviário;26/08/2026 08:03;28/08/2026 12:08;;25/08/2026 14:19;11;SIM;EM GRU;ESTOQUE - GRU;VTC - ANA PAULA OLIVEIRA DA SILVA;EM ESTOQUE;SALDO DE ESTOQUE;RECEBIDO;EM ESTOQUE · SALDO DE ESTOQUE · RECEBIDO;A6564;07/09/2026 14:46;;Datalogger restaurado para o estoque manualmente pelo usuário.;SINCRONIZAR EM GRU
565216;A7438;ARES;00019200000014044579;RS;MINISTÉRIO DA SAUDE;26/08/2026 08:03;28/08/2026 12:08;;ENTREGUE;8278;Rodoviário;26/08/2026 08:03;28/08/2026 12:08;;24/08/2026 11:41;11;SIM;EM GRU;ESTOQUE - GRU;VTC - ANA PAULA OLIVEIRA DA SILVA;EM ESTOQUE;SALDO DE ESTOQUE;RECEBIDO;EM ESTOQUE · SALDO DE ESTOQUE · RECEBIDO;A7438;07/09/2026 14:48;;Datalogger restaurado para o estoque manualmente pelo usuário.;SINCRONIZAR EM GRU
565216;A9371;ARES;00019200000014044587;RS;MINISTÉRIO DA SAUDE;26/08/2026 08:03;28/08/2026 12:08;;ENTREGUE;8278;Rodoviário;26/08/2026 08:03;28/08/2026 12:08;;24/08/2026 13:44;11;SIM;EM GRU;ESTOQUE - GRU;VTC - ANA PAULA OLIVEIRA DA SILVA;EM ESTOQUE;SALDO DE ESTOQUE;RECEBIDO;EM ESTOQUE · SALDO DE ESTOQUE · RECEBIDO;A9371;07/09/2026 14:45;;Datalogger restaurado para o estoque manualmente pelo usuário.;SINCRONIZAR EM GRU
565216;A3292;ARES;00019200000014044595;RS;MINISTÉRIO DA SAUDE;26/08/2026 08:03;28/08/2026 12:08;;ENTREGUE;8278;Rodoviário;26/08/2026 08:03;28/08/2026 12:08;;25/08/2026 14:19;11;SIM;EM GRU;ESTOQUE - GRU;VTC - ANA PAULA OLIVEIRA DA SILVA;EM ESTOQUE;SALDO DE ESTOQUE;RECEBIDO;EM ESTOQUE · SALDO DE ESTOQUE · RECEBIDO;A3292;07/09/2026 14:49;;Datalogger restaurado para o estoque manualmente pelo usuário.;SINCRONIZAR EM GRU
565216;A9603;ARES;00019200000014044609;RS;MINISTÉRIO DA SAUDE;26/08/2026 08:03;28/08/2026 12:08;;ENTREGUE;8278;Rodoviário;26/08/2026 08:03;28/08/2026 12:08;;25/08/2026 16:29;11;SIM;EM GRU;ESTOQUE - GRU;VTC - ANA PAULA OLIVEIRA DA SILVA;EM ESTOQUE;SALDO DE ESTOQUE;RECEBIDO;EM ESTOQUE · SALDO DE ESTOQUE · RECEBIDO;A9603;07/09/2026 14:46;;Datalogger restaurado para o estoque manualmente pelo usuário.;SINCRONIZAR EM GRU
565216;A1236;ARES;00019200000014044617;RS;MINISTÉRIO DA SAUDE;26/08/2026 08:03;28/08/2026 12:08;;ENTREGUE;8278;Rodoviário;26/08/2026 08:03;28/08/2026 12:08;;25/08/2026 13:24;11;SIM;EM GRU;ESTOQUE - GRU;VTC - ANA PAULA OLIVEIRA DA SILVA;EM ESTOQUE;SALDO DE ESTOQUE;RECEBIDO;EM ESTOQUE · SALDO DE ESTOQUE · RECEBIDO;A1236;07/09/2026 14:49;;Datalogger restaurado para o estoque manualmente pelo usuário.;SINCRONIZAR EM GRU
565216;A1046;ARES;00019200000014044790;RS;MINISTÉRIO DA SAUDE;26/08/2026 08:03;28/08/2026 12:08;;ENTREGUE;8278;Rodoviário;26/08/2026 08:03;28/08/2026 12:08;;24/08/2026 11:46;11;SIM;EM GRU;ESTOQUE - GRU;VTC - ANA PAULA OLIVEIRA DA SILVA;EM ESTOQUE;SALDO DE ESTOQUE;RECEBIDO;EM ESTOQUE · SALDO DE ESTOQUE · RECEBIDO;A1046;07/09/2026 14:53;;Datalogger restaurado para o estoque manualmente pelo usuário.;SINCRONIZAR EM GRU
565216;TA0099;ARES;00019200000014044803;RS;MINISTÉRIO DA SAUDE;26/08/2026 08:03;28/08/2026 12:08;;ENTREGUE;8278;Rodoviário;26/08/2026 08:03;28/08/2026 12:08;;24/08/2026 10:23;11;SIM;EM GRU;ESTOQUE - GRU;VTC - ANA PAULA OLIVEIRA DA SILVA;EM ESTOQUE;SALDO DE ESTOQUE;RECEBIDO;EM ESTOQUE · SALDO DE ESTOQUE · RECEBIDO;TA0099;07/09/2026 14:56;;Datalogger restaurado para o estoque manualmente pelo usuário.;SINCRONIZAR EM GRU
565216;TA1053;ARES;00019200000014044811;RS;MINISTÉRIO DA SAUDE;26/08/2026 08:03;28/08/2026 12:08;;ENTREGUE;8278;Rodoviário;26/08/2026 08:03;28/08/2026 12:08;;24/08/2026 08:10;11;SIM;EM GRU;ESTOQUE - GRU;VTC - ANA PAULA OLIVEIRA DA SILVA;EM ESTOQUE;SALDO DE ESTOQUE;RECEBIDO;EM ESTOQUE · SALDO DE ESTOQUE · RECEBIDO;TA1053;07/09/2026 14:55;;Datalogger restaurado para o estoque manualmente pelo usuário.;SINCRONIZAR EM GRU
565216;A3755;ARES;00019200000014044820;RS;MINISTÉRIO DA SAUDE;26/08/2026 08:03;28/08/2026 12:08;;ENTREGUE;8278;Rodoviário;26/08/2026 08:03;28/08/2026 12:08;;24/08/2026 11:51;11;SIM;EM GRU;ESTOQUE - GRU;VTC - ANA PAULA OLIVEIRA DA SILVA;EM ESTOQUE;SALDO DE ESTOQUE;RECEBIDO;EM ESTOQUE · SALDO DE ESTOQUE · RECEBIDO;A3755;07/09/2026 14:51;;Datalogger restaurado para o estoque manualmente pelo usuário.;SINCRONIZAR EM GRU
565216;TA0361;ARES;00019200000014044838;RS;MINISTÉRIO DA SAUDE;26/08/2026 08:03;28/08/2026 12:08;;ENTREGUE;8278;Rodoviário;26/08/2026 08:03;28/08/2026 12:08;;24/08/2026 13:45;11;SIM;EM GRU;ESTOQUE - GRU;VTC - ANA PAULA OLIVEIRA DA SILVA;EM ESTOQUE;SALDO DE ESTOQUE;RECEBIDO;EM ESTOQUE · SALDO DE ESTOQUE · RECEBIDO;TA0361;07/09/2026 14:54;;Datalogger restaurado para o estoque manualmente pelo usuário.;SINCRONIZAR EM GRU
565216;A5291;ARES;00019200000014044854;RS;MINISTÉRIO DA SAUDE;26/08/2026 08:03;28/08/2026 12:08;;ENTREGUE;8278;Rodoviário;26/08/2026 08:03;28/08/2026 12:08;;24/08/2026 10:36;11;SIM;EM GRU;ESTOQUE - GRU;VTC - ANA PAULA OLIVEIRA DA SILVA;EM ESTOQUE;SALDO DE ESTOQUE;RECEBIDO;EM ESTOQUE · SALDO DE ESTOQUE · RECEBIDO;A5291;07/09/2026 14:47;;Datalogger restaurado para o estoque manualmente pelo usuário.;SINCRONIZAR EM GRU
565216;A0830;ARES;00019200000014044862;RS;MINISTÉRIO DA SAUDE;26/08/2026 08:03;28/08/2026 12:08;;ENTREGUE;8278;Rodoviário;26/08/2026 08:03;28/08/2026 12:08;;25/08/2026 16:52;11;SIM;EM GRU;ESTOQUE - GRU;VTC - ANA PAULA OLIVEIRA DA SILVA;EM ESTOQUE;SALDO DE ESTOQUE;RECEBIDO;EM ESTOQUE · SALDO DE ESTOQUE · RECEBIDO;A0830;07/09/2026 14:50;;Datalogger restaurado para o estoque manualmente pelo usuário.;SINCRONIZAR EM GRU
565216;A6244;ARES;00019200000014044870;RS;MINISTÉRIO DA SAUDE;26/08/2026 08:03;28/08/2026 12:08;;ENTREGUE;8278;Rodoviário;26/08/2026 08:03;28/08/2026 12:08;;24/08/2026 09:48;11;SIM;EM GRU;ESTOQUE - GRU;VTC - ANA PAULA OLIVEIRA DA SILVA;EM ESTOQUE;SALDO DE ESTOQUE;RECEBIDO;EM ESTOQUE · SALDO DE ESTOQUE · RECEBIDO;A6244;07/09/2026 14:51;;Datalogger restaurado para o estoque manualmente pelo usuário.;SINCRONIZAR EM GRU
565216;TA0100;ARES;00019200000014044889;RS;MINISTÉRIO DA SAUDE;26/08/2026 08:03;28/08/2026 12:08;;ENTREGUE;8278;Rodoviário;26/08/2026 08:03;28/08/2026 12:08;;24/08/2026 10:50;11;SIM;EM GRU;ESTOQUE - GRU;VTC - ANA PAULA OLIVEIRA DA SILVA;EM ESTOQUE;SALDO DE ESTOQUE;RECEBIDO;EM ESTOQUE · SALDO DE ESTOQUE · RECEBIDO;TA0100;07/09/2026 14:52;;Datalogger restaurado para o estoque manualmente pelo usuário.;SINCRONIZAR EM GRU
565216;A8123;ARES;00019200000014050560;RS;MINISTÉRIO DA SAUDE;26/08/2026 08:03;28/08/2026 12:08;;ENTREGUE;8278;Rodoviário;26/08/2026 08:03;28/08/2026 12:08;;25/08/2026 13:49;11;SIM;EM GRU;ESTOQUE - GRU;VTC - ANA PAULA OLIVEIRA DA SILVA;EM ESTOQUE;SALDO DE ESTOQUE;RECEBIDO;EM ESTOQUE · SALDO DE ESTOQUE · RECEBIDO;A8123;07/09/2026 14:56;;Datalogger restaurado para o estoque manualmente pelo usuário.;SINCRONIZAR EM GRU
565216;TA1161;ARES;00019200000014050579;RS;MINISTÉRIO DA SAUDE;26/08/2026 08:03;28/08/2026 12:08;;ENTREGUE;8278;Rodoviário;26/08/2026 08:03;28/08/2026 12:08;;25/08/2026 16:29;11;SIM;EM GRU;ESTOQUE - GRU;VTC - ANA PAULA OLIVEIRA DA SILVA;EM ESTOQUE;SALDO DE ESTOQUE;RECEBIDO;EM ESTOQUE · SALDO DE ESTOQUE · RECEBIDO;TA1161;07/09/2026 14:55;;Datalogger restaurado para o estoque manualmente pelo usuário.;SINCRONIZAR EM GRU
565216;A1723;ARES;00019200000014050587;RS;MINISTÉRIO DA SAUDE;26/08/2026 08:03;28/08/2026 12:08;;ENTREGUE;8278;Rodoviário;26/08/2026 08:03;28/08/2026 12:08;;25/08/2026 16:32;11;SIM;EM GRU;ESTOQUE - GRU;VTC - ANA PAULA OLIVEIRA DA SILVA;EM ESTOQUE;SALDO DE ESTOQUE;RECEBIDO;EM ESTOQUE · SALDO DE ESTOQUE · RECEBIDO;A1723;07/09/2026 14:52;;Datalogger restaurado para o estoque manualmente pelo usuário.;SINCRONIZAR EM GRU
565216;A2505;ARES;00019200000014050595;RS;MINISTÉRIO DA SAUDE;26/08/2026 08:03;28/08/2026 12:08;;ENTREGUE;8278;Rodoviário;26/08/2026 08:03;28/08/2026 12:08;;25/08/2026 16:32;11;SIM;EM GRU;ESTOQUE - GRU;VTC - ANA PAULA OLIVEIRA DA SILVA;EM ESTOQUE;SALDO DE ESTOQUE;RECEBIDO;EM ESTOQUE · SALDO DE ESTOQUE · RECEBIDO;A2505;07/09/2026 14:47;;Datalogger restaurado para o estoque manualmente pelo usuário.;SINCRONIZAR EM GRU
565216;A3950;ARES;00019200000014050609;RS;MINISTÉRIO DA SAUDE;26/08/2026 08:03;28/08/2026 12:08;;ENTREGUE;8278;Rodoviário;26/08/2026 08:03;28/08/2026 12:08;;25/08/2026 16:35;11;SIM;EM GRU;ESTOQUE - GRU;VTC - ANA PAULA OLIVEIRA DA SILVA;EM ESTOQUE;SALDO DE ESTOQUE;RECEBIDO;EM ESTOQUE · SALDO DE ESTOQUE · RECEBIDO;A3950;07/09/2026 14:46;;Datalogger restaurado para o estoque manualmente pelo usuário.;SINCRONIZAR EM GRU
565216;A8846;ARES;00019200000014050617;RS;MINISTÉRIO DA SAUDE;26/08/2026 08:03;28/08/2026 12:08;;ENTREGUE;8278;Rodoviário;26/08/2026 08:03;28/08/2026 12:08;;25/08/2026 12:54;11;SIM;EM GRU;ESTOQUE - GRU;VTC - ANA PAULA OLIVEIRA DA SILVA;EM ESTOQUE;SALDO DE ESTOQUE;RECEBIDO;EM ESTOQUE · SALDO DE ESTOQUE · RECEBIDO;A8846;07/09/2026 14:54;;Datalogger restaurado para o estoque manualmente pelo usuário.;SINCRONIZAR EM GRU
565216;A3759;ARES;00019200000014050625;RS;MINISTÉRIO DA SAUDE;26/08/2026 08:03;28/08/2026 12:08;;ENTREGUE;8278;Rodoviário;26/08/2026 08:03;28/08/2026 12:08;;25/08/2026 17:04;11;SIM;EM GRU;ESTOQUE - GRU;VTC - ANA PAULA OLIVEIRA DA SILVA;EM ESTOQUE;SALDO DE ESTOQUE;RECEBIDO;EM ESTOQUE · SALDO DE ESTOQUE · RECEBIDO;A3759;07/09/2026 14:55;;Datalogger restaurado para o estoque manualmente pelo usuário.;SINCRONIZAR EM GRU
565216;TA0159;ARES;00019200000014050633;RS;MINISTÉRIO DA SAUDE;26/08/2026 08:03;28/08/2026 12:08;;ENTREGUE;8278;Rodoviário;26/08/2026 08:03;28/08/2026 12:08;;25/08/2026 16:57;11;SIM;EM GRU;ESTOQUE - GRU;VTC - ANA PAULA OLIVEIRA DA SILVA;EM ESTOQUE;SALDO DE ESTOQUE;RECEBIDO;EM ESTOQUE · SALDO DE ESTOQUE · RECEBIDO;TA0159;07/09/2026 14:54;;Datalogger restaurado para o estoque manualmente pelo usuário.;SINCRONIZAR EM GRU
565216;A2981;ARES;00019200000014050641;RS;MINISTÉRIO DA SAUDE;26/08/2026 08:03;28/08/2026 12:08;;ENTREGUE;8278;Rodoviário;26/08/2026 08:03;28/08/2026 12:08;;24/08/2026 15:22;11;SIM;EM GRU;ESTOQUE - GRU;VTC - ANA PAULA OLIVEIRA DA SILVA;EM ESTOQUE;SALDO DE ESTOQUE;RECEBIDO;EM ESTOQUE · SALDO DE ESTOQUE · RECEBIDO;A2981;07/09/2026 14:53;;Datalogger restaurado para o estoque manualmente pelo usuário.;SINCRONIZAR EM GRU
565216;A8455;ARES;00019200000014050650;RS;MINISTÉRIO DA SAUDE;26/08/2026 08:03;28/08/2026 12:08;;ENTREGUE;8278;Rodoviário;26/08/2026 08:03;28/08/2026 12:08;;25/08/2026 17:03;11;SIM;EM GRU;ESTOQUE - GRU;VTC - ANA PAULA OLIVEIRA DA SILVA;EM ESTOQUE;SALDO DE ESTOQUE;RECEBIDO;EM ESTOQUE · SALDO DE ESTOQUE · RECEBIDO;A8455;07/09/2026 14:48;;Datalogger restaurado para o estoque manualmente pelo usuário.;SINCRONIZAR EM GRU
565216;A9581;ARES;00019200000014050668;RS;MINISTÉRIO DA SAUDE;26/08/2026 08:03;28/08/2026 12:08;;ENTREGUE;8278;Rodoviário;26/08/2026 08:03;28/08/2026 12:08;;24/08/2026 16:03;11;SIM;EM GRU;ESTOQUE - GRU;VTC - ANA PAULA OLIVEIRA DA SILVA;EM ESTOQUE;SALDO DE ESTOQUE;RECEBIDO;EM ESTOQUE · SALDO DE ESTOQUE · RECEBIDO;A9581;07/09/2026 14:50;;Datalogger restaurado para o estoque manualmente pelo usuário.;SINCRONIZAR EM GRU
565216;A4611;ARES;00019200000014050676;RS;MINISTÉRIO DA SAUDE;26/08/2026 08:03;28/08/2026 12:08;;ENTREGUE;8278;Rodoviário;26/08/2026 08:03;28/08/2026 12:08;;25/08/2026 14:19;11;SIM;EM GRU;ESTOQUE - GRU;VTC - ANA PAULA OLIVEIRA DA SILVA;EM ESTOQUE;SALDO DE ESTOQUE;RECEBIDO;EM ESTOQUE · SALDO DE ESTOQUE · RECEBIDO;A4611;07/09/2026 14:47;;Datalogger restaurado para o estoque manualmente pelo usuário.;SINCRONIZAR EM GRU
565216;A5419;ARES;00019200000014050684;RS;MINISTÉRIO DA SAUDE;26/08/2026 08:03;28/08/2026 12:08;;ENTREGUE;8278;Rodoviário;26/08/2026 08:03;28/08/2026 12:08;;25/08/2026 16:53;11;SIM;EM GRU;ESTOQUE - GRU;VTC - ANA PAULA OLIVEIRA DA SILVA;EM ESTOQUE;SALDO DE ESTOQUE;RECEBIDO;EM ESTOQUE · SALDO DE ESTOQUE · RECEBIDO;A5419;07/09/2026 14:54;;Datalogger restaurado para o estoque manualmente pelo usuário.;SINCRONIZAR EM GRU
565216;A4773;ARES;00019200000014050692;RS;MINISTÉRIO DA SAUDE;26/08/2026 08:03;28/08/2026 12:08;;ENTREGUE;8278;Rodoviário;26/08/2026 08:03;28/08/2026 12:08;;25/08/2026 13:25;11;SIM;EM GRU;ESTOQUE - GRU;VTC - ANA PAULA OLIVEIRA DA SILVA;EM ESTOQUE;SALDO DE ESTOQUE;RECEBIDO;EM ESTOQUE · SALDO DE ESTOQUE · RECEBIDO;A4773;07/09/2026 14:46;;Datalogger restaurado para o estoque manualmente pelo usuário.;SINCRONIZAR EM GRU
565216;TA0295;ARES;00019200000014050706;RS;MINISTÉRIO DA SAUDE;26/08/2026 08:03;28/08/2026 12:08;;ENTREGUE;8278;Rodoviário;26/08/2026 08:03;28/08/2026 12:08;;24/08/2026 13:23;11;SIM;EM GRU;ESTOQUE - GRU;VTC - ANA PAULA OLIVEIRA DA SILVA;EM ESTOQUE;SALDO DE ESTOQUE;RECEBIDO;EM ESTOQUE · SALDO DE ESTOQUE · RECEBIDO;TA0295;07/09/2026 14:52;;Datalogger restaurado para o estoque manualmente pelo usuário.;SINCRONIZAR EM GRU
565216;TA0964;ARES;00019200000014050714;RS;MINISTÉRIO DA SAUDE;26/08/2026 08:03;28/08/2026 12:08;;ENTREGUE;8278;Rodoviário;26/08/2026 08:03;28/08/2026 12:08;;25/08/2026 17:00;11;SIM;EM GRU;ESTOQUE - GRU;VTC - ANA PAULA OLIVEIRA DA SILVA;EM ESTOQUE;SALDO DE ESTOQUE;RECEBIDO;EM ESTOQUE · SALDO DE ESTOQUE · RECEBIDO;TA0964;07/09/2026 14:56;;Datalogger restaurado para o estoque manualmente pelo usuário.;SINCRONIZAR EM GRU
565216;A6184;ARES;00019200000014050722;RS;MINISTÉRIO DA SAUDE;26/08/2026 08:03;28/08/2026 12:08;;ENTREGUE;8278;Rodoviário;26/08/2026 08:03;28/08/2026 12:08;;25/08/2026 12:54;11;SIM;EM GRU;ESTOQUE - GRU;VTC - ANA PAULA OLIVEIRA DA SILVA;EM ESTOQUE;SALDO DE ESTOQUE;RECEBIDO;EM ESTOQUE · SALDO DE ESTOQUE · RECEBIDO;A6184;07/09/2026 14:55;;Datalogger restaurado para o estoque manualmente pelo usuário.;SINCRONIZAR EM GRU
565216;TA0886;ARES;00019200000014050730;RS;MINISTÉRIO DA SAUDE;26/08/2026 08:03;28/08/2026 12:08;;ENTREGUE;8278;Rodoviário;26/08/2026 08:03;28/08/2026 12:08;;24/08/2026 10:26;11;SIM;EM GRU;ESTOQUE - GRU;VTC - ANA PAULA OLIVEIRA DA SILVA;EM ESTOQUE;SALDO DE ESTOQUE;RECEBIDO;EM ESTOQUE · SALDO DE ESTOQUE · RECEBIDO;TA0886;07/09/2026 14:46;;Datalogger restaurado para o estoque manualmente pelo usuário.;SINCRONIZAR EM GRU
565216;A3255;ARES;00019200000014050749;RS;MINISTÉRIO DA SAUDE;26/08/2026 08:03;28/08/2026 12:08;;ENTREGUE;8278;Rodoviário;26/08/2026 08:03;28/08/2026 12:08;;25/08/2026 13:26;11;SIM;EM GRU;ESTOQUE - GRU;VTC - ANA PAULA OLIVEIRA DA SILVA;EM ESTOQUE;SALDO DE ESTOQUE;RECEBIDO;EM ESTOQUE · SALDO DE ESTOQUE · RECEBIDO;A3255;07/09/2026 14:49;;Datalogger restaurado para o estoque manualmente pelo usuário.;SINCRONIZAR EM GRU
565216;A6724;ARES;00019200000014050757;RS;MINISTÉRIO DA SAUDE;26/08/2026 08:03;28/08/2026 12:08;;ENTREGUE;8278;Rodoviário;26/08/2026 08:03;28/08/2026 12:08;;24/08/2026 13:31;11;SIM;EM GRU;ESTOQUE - GRU;VTC - ANA PAULA OLIVEIRA DA SILVA;EM ESTOQUE;SALDO DE ESTOQUE;RECEBIDO;EM ESTOQUE · SALDO DE ESTOQUE · RECEBIDO;A6724;07/09/2026 14:52;;Datalogger restaurado para o estoque manualmente pelo usuário.;SINCRONIZAR EM GRU
565216;A1456;ARES;00019200000014050765;RS;MINISTÉRIO DA SAUDE;26/08/2026 08:03;28/08/2026 12:08;;ENTREGUE;8278;Rodoviário;26/08/2026 08:03;28/08/2026 12:08;;25/08/2026 16:30;11;SIM;EM GRU;ESTOQUE - GRU;VTC - ANA PAULA OLIVEIRA DA SILVA;EM ESTOQUE;SALDO DE ESTOQUE;RECEBIDO;EM ESTOQUE · SALDO DE ESTOQUE · RECEBIDO;A1456;07/09/2026 14:51;;Datalogger restaurado para o estoque manualmente pelo usuário.;SINCRONIZAR EM GRU
565216;TA0571;ARES;00019200000014050773;RS;MINISTÉRIO DA SAUDE;26/08/2026 08:03;28/08/2026 12:08;;ENTREGUE;8278;Rodoviário;26/08/2026 08:03;28/08/2026 12:08;;24/08/2026 10:24;11;SIM;EM GRU;ESTOQUE - GRU;VTC - ANA PAULA OLIVEIRA DA SILVA;EM ESTOQUE;SALDO DE ESTOQUE;RECEBIDO;EM ESTOQUE · SALDO DE ESTOQUE · RECEBIDO;TA0571;07/09/2026 14:48;;Datalogger restaurado para o estoque manualmente pelo usuário.;SINCRONIZAR EM GRU
565216;A8533;ARES;00019200000014050781;RS;MINISTÉRIO DA SAUDE;26/08/2026 08:03;28/08/2026 12:08;;ENTREGUE;8278;Rodoviário;26/08/2026 08:03;28/08/2026 12:08;;24/08/2026 14:20;11;SIM;EM GRU;ESTOQUE - GRU;VTC - ANA PAULA OLIVEIRA DA SILVA;EM ESTOQUE;SALDO DE ESTOQUE;RECEBIDO;EM ESTOQUE · SALDO DE ESTOQUE · RECEBIDO;A8533;07/09/2026 14:50;;Datalogger restaurado para o estoque manualmente pelo usuário.;SINCRONIZAR EM GRU
565216;A5725;ARES;00019200000014050790;RS;MINISTÉRIO DA SAUDE;26/08/2026 08:03;28/08/2026 12:08;;ENTREGUE;8278;Rodoviário;26/08/2026 08:03;28/08/2026 12:08;;24/08/2026 13:35;11;SIM;EM GRU;ESTOQUE - GRU;VTC - ANA PAULA OLIVEIRA DA SILVA;EM ESTOQUE;SALDO DE ESTOQUE;RECEBIDO;EM ESTOQUE · SALDO DE ESTOQUE · RECEBIDO;A5725;07/09/2026 14:55;;Datalogger restaurado para o estoque manualmente pelo usuário.;SINCRONIZAR EM GRU
565216;A6786;ARES;00019200000014050803;RS;MINISTÉRIO DA SAUDE;26/08/2026 08:03;28/08/2026 12:08;;ENTREGUE;8278;Rodoviário;26/08/2026 08:03;28/08/2026 12:08;;24/08/2026 14:22;11;SIM;EM GRU;ESTOQUE - GRU;VTC - ANA PAULA OLIVEIRA DA SILVA;EM ESTOQUE;SALDO DE ESTOQUE;RECEBIDO;EM ESTOQUE · SALDO DE ESTOQUE · RECEBIDO;A6786;07/09/2026 14:50;;Datalogger restaurado para o estoque manualmente pelo usuário.;SINCRONIZAR EM GRU
565216;A3008;ARES;00019200000014050811;RS;MINISTÉRIO DA SAUDE;26/08/2026 08:03;28/08/2026 12:08;;ENTREGUE;8278;Rodoviário;26/08/2026 08:03;28/08/2026 12:08;;25/08/2026 15:58;11;SIM;EM GRU;ESTOQUE - GRU;VTC - ANA PAULA OLIVEIRA DA SILVA;EM ESTOQUE;SALDO DE ESTOQUE;RECEBIDO;EM ESTOQUE · SALDO DE ESTOQUE · RECEBIDO;A3008;07/09/2026 14:55;;Datalogger restaurado para o estoque manualmente pelo usuário.;SINCRONIZAR EM GRU
565216;A6012;ARES;00019200000014050820;RS;MINISTÉRIO DA SAUDE;26/08/2026 08:03;28/08/2026 12:08;;ENTREGUE;8278;Rodoviário;26/08/2026 08:03;28/08/2026 12:08;;25/08/2026 17:00;11;SIM;EM GRU;ESTOQUE - GRU;VTC - ANA PAULA OLIVEIRA DA SILVA;EM ESTOQUE;SALDO DE ESTOQUE;RECEBIDO;EM ESTOQUE · SALDO DE ESTOQUE · RECEBIDO;A6012;07/09/2026 14:55;;Datalogger restaurado para o estoque manualmente pelo usuário.;SINCRONIZAR EM GRU
565216;A9253;ARES;00019200000014050838;RS;MINISTÉRIO DA SAUDE;26/08/2026 08:03;28/08/2026 12:08;;ENTREGUE;8278;Rodoviário;26/08/2026 08:03;28/08/2026 12:08;;24/08/2026 13:23;11;SIM;EM GRU;ESTOQUE - GRU;VTC - ANA PAULA OLIVEIRA DA SILVA;EM ESTOQUE;SALDO DE ESTOQUE;RECEBIDO;EM ESTOQUE · SALDO DE ESTOQUE · RECEBIDO;A9253;07/09/2026 14:50;;Datalogger restaurado para o estoque manualmente pelo usuário.;SINCRONIZAR EM GRU
565216;A7023;ARES;00019200000014050846;RS;MINISTÉRIO DA SAUDE;26/08/2026 08:03;28/08/2026 12:08;;ENTREGUE;8278;Rodoviário;26/08/2026 08:03;28/08/2026 12:08;;24/08/2026 17:07;11;SIM;EM GRU;ESTOQUE - GRU;VTC - ANA PAULA OLIVEIRA DA SILVA;EM ESTOQUE;SALDO DE ESTOQUE;RECEBIDO;EM ESTOQUE · SALDO DE ESTOQUE · RECEBIDO;A7023;07/09/2026 14:53;;Datalogger restaurado para o estoque manualmente pelo usuário.;SINCRONIZAR EM GRU
565216;A6209;ARES;00019200000014050854;RS;MINISTÉRIO DA SAUDE;26/08/2026 08:03;28/08/2026 12:08;;ENTREGUE;8278;Rodoviário;26/08/2026 08:03;28/08/2026 12:08;;25/08/2026 16:33;11;SIM;EM GRU;ESTOQUE - GRU;VTC - ANA PAULA OLIVEIRA DA SILVA;EM ESTOQUE;SALDO DE ESTOQUE;RECEBIDO;EM ESTOQUE · SALDO DE ESTOQUE · RECEBIDO;A6209;07/09/2026 14:47;;Datalogger restaurado para o estoque manualmente pelo usuário.;SINCRONIZAR EM GRU
565216;A8595;ARES;00019200000014050862;RS;MINISTÉRIO DA SAUDE;26/08/2026 08:03;28/08/2026 12:08;;ENTREGUE;8278;Rodoviário;26/08/2026 08:03;28/08/2026 12:08;;25/08/2026 12:55;11;SIM;EM GRU;ESTOQUE - GRU;VTC - ANA PAULA OLIVEIRA DA SILVA;EM ESTOQUE;SALDO DE ESTOQUE;RECEBIDO;EM ESTOQUE · SALDO DE ESTOQUE · RECEBIDO;A8595;07/09/2026 14:52;;Datalogger restaurado para o estoque manualmente pelo usuário.;SINCRONIZAR EM GRU
565216;A0431;ARES;00019200000014050870;RS;MINISTÉRIO DA SAUDE;26/08/2026 08:03;28/08/2026 12:08;;ENTREGUE;8278;Rodoviário;26/08/2026 08:03;28/08/2026 12:08;;24/08/2026 16:34;11;SIM;EM GRU;ESTOQUE - GRU;VTC - ANA PAULA OLIVEIRA DA SILVA;EM ESTOQUE;SALDO DE ESTOQUE;RECEBIDO;EM ESTOQUE · SALDO DE ESTOQUE · RECEBIDO;A0431;07/09/2026 14:50;;Datalogger restaurado para o estoque manualmente pelo usuário.;SINCRONIZAR EM GRU
565216;TA0600;ARES;00019200000014050889;RS;MINISTÉRIO DA SAUDE;26/08/2026 08:03;28/08/2026 12:08;;ENTREGUE;8278;Rodoviário;26/08/2026 08:03;28/08/2026 12:08;;24/08/2026 11:45;11;SIM;EM GRU;ESTOQUE - GRU;VTC - ANA PAULA OLIVEIRA DA SILVA;EM ESTOQUE;SALDO DE ESTOQUE;RECEBIDO;EM ESTOQUE · SALDO DE ESTOQUE · RECEBIDO;TA0600;07/09/2026 14:49;;Datalogger restaurado para o estoque manualmente pelo usuário.;SINCRONIZAR EM GRU
565216;A5014;ARES;00019200000014050897;RS;MINISTÉRIO DA SAUDE;26/08/2026 08:03;28/08/2026 12:08;;ENTREGUE;8278;Rodoviário;26/08/2026 08:03;28/08/2026 12:08;;24/08/2026 12:45;11;SIM;EM GRU;ESTOQUE - GRU;VTC - ANA PAULA OLIVEIRA DA SILVA;EM ESTOQUE;SALDO DE ESTOQUE;RECEBIDO;EM ESTOQUE · SALDO DE ESTOQUE · RECEBIDO;A5014;07/09/2026 14:47;;Datalogger restaurado para o estoque manualmente pelo usuário.;SINCRONIZAR EM GRU
565216;A8360;ARES;00019200000014050900;RS;MINISTÉRIO DA SAUDE;26/08/2026 08:03;28/08/2026 12:08;;ENTREGUE;8278;Rodoviário;26/08/2026 08:03;28/08/2026 12:08;;24/08/2026 10:12;11;SIM;EM GRU;ESTOQUE - GRU;VTC - ANA PAULA OLIVEIRA DA SILVA;EM ESTOQUE;SALDO DE ESTOQUE;RECEBIDO;EM ESTOQUE · SALDO DE ESTOQUE · RECEBIDO;A8360;07/09/2026 14:54;;Datalogger restaurado para o estoque manualmente pelo usuário.;SINCRONIZAR EM GRU
565216;A6334;ARES;00019200000014050919;RS;MINISTÉRIO DA SAUDE;26/08/2026 08:03;28/08/2026 12:08;;ENTREGUE;8278;Rodoviário;26/08/2026 08:03;28/08/2026 12:08;;24/08/2026 13:51;11;SIM;EM GRU;ESTOQUE - GRU;VTC - ANA PAULA OLIVEIRA DA SILVA;EM ESTOQUE;SALDO DE ESTOQUE;RECEBIDO;EM ESTOQUE · SALDO DE ESTOQUE · RECEBIDO;A6334;07/09/2026 14:51;;Datalogger restaurado para o estoque manualmente pelo usuário.;SINCRONIZAR EM GRU
565216;A8151;ARES;00019200000014050927;RS;MINISTÉRIO DA SAUDE;26/08/2026 08:03;28/08/2026 12:08;;ENTREGUE;8278;Rodoviário;26/08/2026 08:03;28/08/2026 12:08;;24/08/2026 17:14;11;SIM;EM GRU;ESTOQUE - GRU;VTC - ANA PAULA OLIVEIRA DA SILVA;EM ESTOQUE;SALDO DE ESTOQUE;RECEBIDO;EM ESTOQUE · SALDO DE ESTOQUE · RECEBIDO;A8151;07/09/2026 14:52;;Datalogger restaurado para o estoque manualmente pelo usuário.;SINCRONIZAR EM GRU
565216;A6090;ARES;00019200000014050935;RS;MINISTÉRIO DA SAUDE;26/08/2026 08:03;28/08/2026 12:08;;ENTREGUE;8278;Rodoviário;26/08/2026 08:03;28/08/2026 12:08;;24/08/2026 13:52;11;SIM;EM GRU;ESTOQUE - GRU;VTC - ANA PAULA OLIVEIRA DA SILVA;EM ESTOQUE;SALDO DE ESTOQUE;RECEBIDO;EM ESTOQUE · SALDO DE ESTOQUE · RECEBIDO;A6090;07/09/2026 14:53;;Datalogger restaurado para o estoque manualmente pelo usuário.;SINCRONIZAR EM GRU
565216;A4807;ARES;00019200000014050943;RS;MINISTÉRIO DA SAUDE;26/08/2026 08:03;28/08/2026 12:08;;ENTREGUE;8278;Rodoviário;26/08/2026 08:03;28/08/2026 12:08;;24/08/2026 09:45;11;SIM;EM GRU;ESTOQUE - GRU;VTC - ANA PAULA OLIVEIRA DA SILVA;EM ESTOQUE;SALDO DE ESTOQUE;RECEBIDO;EM ESTOQUE · SALDO DE ESTOQUE · RECEBIDO;A4807;07/09/2026 14:46;;Datalogger restaurado para o estoque manualmente pelo usuário.;SINCRONIZAR EM GRU
565216;A6397;ARES;00019200000014050951;RS;MINISTÉRIO DA SAUDE;26/08/2026 08:03;28/08/2026 12:08;;ENTREGUE;8278;Rodoviário;26/08/2026 08:03;28/08/2026 12:08;;24/08/2026 10:40;11;SIM;EM GRU;ESTOQUE - GRU;VTC - ANA PAULA OLIVEIRA DA SILVA;EM ESTOQUE;SALDO DE ESTOQUE;RECEBIDO;EM ESTOQUE · SALDO DE ESTOQUE · RECEBIDO;A6397;07/09/2026 14:46;;Datalogger restaurado para o estoque manualmente pelo usuário.;SINCRONIZAR EM GRU
565217;A1117;ARES;00019200000014037653;RS;MINISTÉRIO DA SAUDE;26/08/2026 08:03;28/08/2026 12:06;;ENTREGUE;8278;Rodoviário;26/08/2026 08:03;28/08/2026 12:06;;25/08/2026 16:53;11;SIM;EM GRU;ESTOQUE - GRU;VTC - ANA PAULA OLIVEIRA DA SILVA;EM ESTOQUE;SALDO DE ESTOQUE;RECEBIDO;EM ESTOQUE · SALDO DE ESTOQUE · RECEBIDO;A1117;07/09/2026 14:46;;Datalogger restaurado para o estoque manualmente pelo usuário.;SINCRONIZAR EM GRU
565217;A5054;ARES;00019200000014037661;RS;MINISTÉRIO DA SAUDE;26/08/2026 08:03;28/08/2026 12:06;;ENTREGUE;8278;Rodoviário;26/08/2026 08:03;28/08/2026 12:06;;24/08/2026 17:14;11;SIM;EM GRU;ESTOQUE - GRU;VTC - ANA PAULA OLIVEIRA DA SILVA;EM ESTOQUE;SALDO DE ESTOQUE;RECEBIDO;EM ESTOQUE · SALDO DE ESTOQUE · RECEBIDO;A5054;07/09/2026 14:52;;Datalogger restaurado para o estoque manualmente pelo usuário.;SINCRONIZAR EM GRU
565217;A3522;ARES;00019200000014037670;RS;MINISTÉRIO DA SAUDE;26/08/2026 08:03;28/08/2026 12:06;;ENTREGUE;8278;Rodoviário;26/08/2026 08:03;28/08/2026 12:06;;25/08/2026 12:55;11;SIM;EM GRU;ESTOQUE - GRU;VTC - ANA PAULA OLIVEIRA DA SILVA;EM ESTOQUE;SALDO DE ESTOQUE;RECEBIDO;EM ESTOQUE · SALDO DE ESTOQUE · RECEBIDO;A3522;07/09/2026 14:49;;Datalogger restaurado para o estoque manualmente pelo usuário.;SINCRONIZAR EM GRU
565217;A5543;ARES;00019200000014037688;RS;MINISTÉRIO DA SAUDE;26/08/2026 08:03;28/08/2026 12:06;;ENTREGUE;8278;Rodoviário;26/08/2026 08:03;28/08/2026 12:06;;24/08/2026 17:12;11;SIM;EM GRU;ESTOQUE - GRU;VTC - ANA PAULA OLIVEIRA DA SILVA;EM ESTOQUE;SALDO DE ESTOQUE;RECEBIDO;EM ESTOQUE · SALDO DE ESTOQUE · RECEBIDO;A5543;07/09/2026 14:52;;Datalogger restaurado para o estoque manualmente pelo usuário.;SINCRONIZAR EM GRU
565217;A8987;ARES;00019200000014037696;RS;MINISTÉRIO DA SAUDE;26/08/2026 08:03;28/08/2026 12:06;;ENTREGUE;8278;Rodoviário;26/08/2026 08:03;28/08/2026 12:06;;24/08/2026 14:22;11;SIM;EM GRU;ESTOQUE - GRU;VTC - ANA PAULA OLIVEIRA DA SILVA;EM ESTOQUE;SALDO DE ESTOQUE;RECEBIDO;EM ESTOQUE · SALDO DE ESTOQUE · RECEBIDO;A8987;07/09/2026 14:50;;Datalogger restaurado para o estoque manualmente pelo usuário.;SINCRONIZAR EM GRU
565217;TA1139;ARES;00019200000014037700;RS;MINISTÉRIO DA SAUDE;26/08/2026 08:03;28/08/2026 12:06;;ENTREGUE;8278;Rodoviário;26/08/2026 08:03;28/08/2026 12:06;;24/08/2026 12:40;11;SIM;EM GRU;ESTOQUE - GRU;VTC - ANA PAULA OLIVEIRA DA SILVA;EM ESTOQUE;SALDO DE ESTOQUE;RECEBIDO;EM ESTOQUE · SALDO DE ESTOQUE · RECEBIDO;TA1139;07/09/2026 14:52;;Datalogger restaurado para o estoque manualmente pelo usuário.;SINCRONIZAR EM GRU
565217;TA0992;ARES;00019200000014037718;RS;MINISTÉRIO DA SAUDE;26/08/2026 08:03;28/08/2026 12:06;;ENTREGUE;8278;Rodoviário;26/08/2026 08:03;28/08/2026 12:06;;25/08/2026 13:50;11;SIM;EM GRU;ESTOQUE - GRU;VTC - ANA PAULA OLIVEIRA DA SILVA;EM ESTOQUE;SALDO DE ESTOQUE;RECEBIDO;EM ESTOQUE · SALDO DE ESTOQUE · RECEBIDO;TA0992;07/09/2026 14:55;;Datalogger restaurado para o estoque manualmente pelo usuário.;SINCRONIZAR EM GRU
565217;TA1070;ARES;00019200000014037726;RS;MINISTÉRIO DA SAUDE;26/08/2026 08:03;28/08/2026 12:06;;ENTREGUE;8278;Rodoviário;26/08/2026 08:03;28/08/2026 12:06;;25/08/2026 17:02;11;SIM;EM GRU;ESTOQUE - GRU;VTC - ANA PAULA OLIVEIRA DA SILVA;EM ESTOQUE;SALDO DE ESTOQUE;RECEBIDO;EM ESTOQUE · SALDO DE ESTOQUE · RECEBIDO;TA1070;07/09/2026 14:45;;Datalogger restaurado para o estoque manualmente pelo usuário.;SINCRONIZAR EM GRU
565217;TA0105;ARES;00019200000014037734;RS;MINISTÉRIO DA SAUDE;26/08/2026 08:03;28/08/2026 12:06;;ENTREGUE;8278;Rodoviário;26/08/2026 08:03;28/08/2026 12:06;;25/08/2026 16:57;11;SIM;EM GRU;ESTOQUE - GRU;VTC - ANA PAULA OLIVEIRA DA SILVA;EM ESTOQUE;SALDO DE ESTOQUE;RECEBIDO;EM ESTOQUE · SALDO DE ESTOQUE · RECEBIDO;TA0105;07/09/2026 14:46;;Datalogger restaurado para o estoque manualmente pelo usuário.;SINCRONIZAR EM GRU
565217;A0514;ARES;00019200000014037742;RS;MINISTÉRIO DA SAUDE;26/08/2026 08:03;28/08/2026 12:06;;ENTREGUE;8278;Rodoviário;26/08/2026 08:03;28/08/2026 12:06;;25/08/2026 12:54;11;SIM;EM GRU;ESTOQUE - GRU;VTC - ANA PAULA OLIVEIRA DA SILVA;EM ESTOQUE;SALDO DE ESTOQUE;RECEBIDO;EM ESTOQUE · SALDO DE ESTOQUE · RECEBIDO;A0514;07/09/2026 14:51;;Datalogger restaurado para o estoque manualmente pelo usuário.;SINCRONIZAR EM GRU
565217;TA1072;ARES;00019200000014037750;RS;MINISTÉRIO DA SAUDE;26/08/2026 08:03;28/08/2026 12:06;;ENTREGUE;8278;Rodoviário;26/08/2026 08:03;28/08/2026 12:06;;24/08/2026 13:49;11;SIM;EM GRU;ESTOQUE - GRU;VTC - ANA PAULA OLIVEIRA DA SILVA;EM ESTOQUE;SALDO DE ESTOQUE;RECEBIDO;EM ESTOQUE · SALDO DE ESTOQUE · RECEBIDO;TA1072;07/09/2026 14:54;;Datalogger restaurado para o estoque manualmente pelo usuário.;SINCRONIZAR EM GRU
565217;A6649;ARES;00019200000014037769;RS;MINISTÉRIO DA SAUDE;26/08/2026 08:03;28/08/2026 12:06;;ENTREGUE;8278;Rodoviário;26/08/2026 08:03;28/08/2026 12:06;;24/08/2026 13:24;11;SIM;EM GRU;ESTOQUE - GRU;VTC - ANA PAULA OLIVEIRA DA SILVA;EM ESTOQUE;SALDO DE ESTOQUE;RECEBIDO;EM ESTOQUE · SALDO DE ESTOQUE · RECEBIDO;A6649;07/09/2026 14:45;;Datalogger restaurado para o estoque manualmente pelo usuário.;SINCRONIZAR EM GRU
565217;A5286;ARES;00019200000014037777;RS;MINISTÉRIO DA SAUDE;26/08/2026 08:03;28/08/2026 12:06;;ENTREGUE;8278;Rodoviário;26/08/2026 08:03;28/08/2026 12:06;;25/08/2026 13:44;11;SIM;EM GRU;ESTOQUE - GRU;VTC - ANA PAULA OLIVEIRA DA SILVA;EM ESTOQUE;SALDO DE ESTOQUE;RECEBIDO;EM ESTOQUE · SALDO DE ESTOQUE · RECEBIDO;A5286;07/09/2026 14:51;;Datalogger restaurado para o estoque manualmente pelo usuário.;SINCRONIZAR EM GRU
565217;A6399;ARES;00019200000014037785;RS;MINISTÉRIO DA SAUDE;26/08/2026 08:03;28/08/2026 12:06;;ENTREGUE;8278;Rodoviário;26/08/2026 08:03;28/08/2026 12:06;;24/08/2026 16:33;11;SIM;EM GRU;ESTOQUE - GRU;VTC - ANA PAULA OLIVEIRA DA SILVA;EM ESTOQUE;SALDO DE ESTOQUE;RECEBIDO;EM ESTOQUE · SALDO DE ESTOQUE · RECEBIDO;A6399;07/09/2026 14:53;;Datalogger restaurado para o estoque manualmente pelo usuário.;SINCRONIZAR EM GRU
565217;A3139;ARES;00019200000014037793;RS;MINISTÉRIO DA SAUDE;26/08/2026 08:03;28/08/2026 12:06;;ENTREGUE;8278;Rodoviário;26/08/2026 08:03;28/08/2026 12:06;;24/08/2026 15:23;11;SIM;EM GRU;ESTOQUE - GRU;VTC - ANA PAULA OLIVEIRA DA SILVA;EM ESTOQUE;SALDO DE ESTOQUE;RECEBIDO;EM ESTOQUE · SALDO DE ESTOQUE · RECEBIDO;A3139;07/09/2026 14:46;;Datalogger restaurado para o estoque manualmente pelo usuário.;SINCRONIZAR EM GRU
565217;A4405;ARES;00019200000014037807;RS;MINISTÉRIO DA SAUDE;26/08/2026 08:03;28/08/2026 12:06;;ENTREGUE;8278;Rodoviário;26/08/2026 08:03;28/08/2026 12:06;;25/08/2026 13:00;11;SIM;EM GRU;ESTOQUE - GRU;VTC - ANA PAULA OLIVEIRA DA SILVA;EM ESTOQUE;SALDO DE ESTOQUE;RECEBIDO;EM ESTOQUE · SALDO DE ESTOQUE · RECEBIDO;A4405;07/09/2026 14:54;;Datalogger restaurado para o estoque manualmente pelo usuário.;SINCRONIZAR EM GRU
565217;A7904;ARES;00019200000014037815;RS;MINISTÉRIO DA SAUDE;26/08/2026 08:03;28/08/2026 12:06;;ENTREGUE;8278;Rodoviário;26/08/2026 08:03;28/08/2026 12:06;;25/08/2026 13:48;11;SIM;EM GRU;ESTOQUE - GRU;VTC - ANA PAULA OLIVEIRA DA SILVA;EM ESTOQUE;SALDO DE ESTOQUE;RECEBIDO;EM ESTOQUE · SALDO DE ESTOQUE · RECEBIDO;A7904;07/09/2026 14:50;;Datalogger restaurado para o estoque manualmente pelo usuário.;SINCRONIZAR EM GRU
565217;A3460;ARES;00019200000014037823;RS;MINISTÉRIO DA SAUDE;26/08/2026 08:03;28/08/2026 12:06;;ENTREGUE;8278;Rodoviário;26/08/2026 08:03;28/08/2026 12:06;;25/08/2026 15:59;11;SIM;EM GRU;ESTOQUE - GRU;VTC - ANA PAULA OLIVEIRA DA SILVA;EM ESTOQUE;SALDO DE ESTOQUE;RECEBIDO;EM ESTOQUE · SALDO DE ESTOQUE · RECEBIDO;A3460;07/09/2026 14:47;;Datalogger restaurado para o estoque manualmente pelo usuário.;SINCRONIZAR EM GRU
565217;A3639;ARES;00019200000014037831;RS;MINISTÉRIO DA SAUDE;26/08/2026 08:03;28/08/2026 12:06;;ENTREGUE;8278;Rodoviário;26/08/2026 08:03;28/08/2026 12:06;;25/08/2026 16:53;11;SIM;EM GRU;ESTOQUE - GRU;VTC - ANA PAULA OLIVEIRA DA SILVA;EM ESTOQUE;SALDO DE ESTOQUE;RECEBIDO;EM ESTOQUE · SALDO DE ESTOQUE · RECEBIDO;A3639;07/09/2026 14:53;;Datalogger restaurado para o estoque manualmente pelo usuário.;SINCRONIZAR EM GRU
565217;A0034;ARES;00019200000014040700;RS;MINISTÉRIO DA SAUDE;26/08/2026 08:03;28/08/2026 12:06;;ENTREGUE;8278;Rodoviário;26/08/2026 08:03;28/08/2026 12:06;;25/08/2026 14:20;11;SIM;EM GRU;ESTOQUE - GRU;VTC - ANA PAULA OLIVEIRA DA SILVA;EM ESTOQUE;SALDO DE ESTOQUE;RECEBIDO;EM ESTOQUE · SALDO DE ESTOQUE · RECEBIDO;A0034;07/09/2026 14:52;;Datalogger restaurado para o estoque manualmente pelo usuário.;SINCRONIZAR EM GRU
565217;A5190;ARES;00019200000014040719;RS;MINISTÉRIO DA SAUDE;26/08/2026 08:03;28/08/2026 12:06;;ENTREGUE;8278;Rodoviário;26/08/2026 08:03;28/08/2026 12:06;;24/08/2026 13:31;11;SIM;EM GRU;ESTOQUE - GRU;VTC - ANA PAULA OLIVEIRA DA SILVA;EM ESTOQUE;SALDO DE ESTOQUE;RECEBIDO;EM ESTOQUE · SALDO DE ESTOQUE · RECEBIDO;A5190;07/09/2026 14:52;;Datalogger restaurado para o estoque manualmente pelo usuário.;SINCRONIZAR EM GRU
565217;A9401;ARES;00019200000014040727;RS;MINISTÉRIO DA SAUDE;26/08/2026 08:03;28/08/2026 12:06;;ENTREGUE;8278;Rodoviário;26/08/2026 08:03;28/08/2026 12:06;;24/08/2026 17:07;11;SIM;EM GRU;ESTOQUE - GRU;VTC - ANA PAULA OLIVEIRA DA SILVA;EM ESTOQUE;SALDO DE ESTOQUE;RECEBIDO;EM ESTOQUE · SALDO DE ESTOQUE · RECEBIDO;A9401;07/09/2026 14:54;;Datalogger restaurado para o estoque manualmente pelo usuário.;SINCRONIZAR EM GRU
565217;A4623;ARES;00019200000014040735;RS;MINISTÉRIO DA SAUDE;26/08/2026 08:03;28/08/2026 12:06;;ENTREGUE;8278;Rodoviário;26/08/2026 08:03;28/08/2026 12:06;;24/08/2026 11:39;11;SIM;EM GRU;ESTOQUE - GRU;VTC - ANA PAULA OLIVEIRA DA SILVA;EM ESTOQUE;SALDO DE ESTOQUE;RECEBIDO;EM ESTOQUE · SALDO DE ESTOQUE · RECEBIDO;A4623;07/09/2026 14:47;;Datalogger restaurado para o estoque manualmente pelo usuário.;SINCRONIZAR EM GRU
565217;A0094;ARES;00019200000014040743;RS;MINISTÉRIO DA SAUDE;26/08/2026 08:03;28/08/2026 12:06;;ENTREGUE;8278;Rodoviário;26/08/2026 08:03;28/08/2026 12:06;;24/08/2026 10:56;11;SIM;EM GRU;ESTOQUE - GRU;VTC - ANA PAULA OLIVEIRA DA SILVA;EM ESTOQUE;SALDO DE ESTOQUE;RECEBIDO;EM ESTOQUE · SALDO DE ESTOQUE · RECEBIDO;A0094;07/09/2026 14:50;;Datalogger restaurado para o estoque manualmente pelo usuário.;SINCRONIZAR EM GRU
565217;A2968;ARES;00019200000014040751;RS;MINISTÉRIO DA SAUDE;26/08/2026 08:03;28/08/2026 12:06;;ENTREGUE;8278;Rodoviário;26/08/2026 08:03;28/08/2026 12:06;;25/08/2026 16:31;11;SIM;EM GRU;ESTOQUE - GRU;VTC - ANA PAULA OLIVEIRA DA SILVA;EM ESTOQUE;SALDO DE ESTOQUE;RECEBIDO;EM ESTOQUE · SALDO DE ESTOQUE · RECEBIDO;A2968;07/09/2026 14:49;;Datalogger restaurado para o estoque manualmente pelo usuário.;SINCRONIZAR EM GRU
565217;A3012;ARES;00019200000014040760;RS;MINISTÉRIO DA SAUDE;26/08/2026 08:03;28/08/2026 12:06;;ENTREGUE;8278;Rodoviário;26/08/2026 08:03;28/08/2026 12:06;;25/08/2026 16:54;11;SIM;EM GRU;ESTOQUE - GRU;VTC - ANA PAULA OLIVEIRA DA SILVA;EM ESTOQUE;SALDO DE ESTOQUE;RECEBIDO;EM ESTOQUE · SALDO DE ESTOQUE · RECEBIDO;A3012;07/09/2026 14:52;;Datalogger restaurado para o estoque manualmente pelo usuário.;SINCRONIZAR EM GRU
565217;TA0861;ARES;00019200000014040778;RS;MINISTÉRIO DA SAUDE;26/08/2026 08:03;28/08/2026 12:06;;ENTREGUE;8278;Rodoviário;26/08/2026 08:03;28/08/2026 12:06;;25/08/2026 12:53;11;SIM;EM GRU;ESTOQUE - GRU;VTC - ANA PAULA OLIVEIRA DA SILVA;EM ESTOQUE;SALDO DE ESTOQUE;RECEBIDO;EM ESTOQUE · SALDO DE ESTOQUE · RECEBIDO;TA0861;07/09/2026 14:47;;Datalogger restaurado para o estoque manualmente pelo usuário.;SINCRONIZAR EM GRU
565217;A0550;ARES;00019200000014040786;RS;MINISTÉRIO DA SAUDE;26/08/2026 08:03;28/08/2026 12:06;;ENTREGUE;8278;Rodoviário;26/08/2026 08:03;28/08/2026 12:06;;25/08/2026 16:53;11;SIM;EM GRU;ESTOQUE - GRU;VTC - ANA PAULA OLIVEIRA DA SILVA;EM ESTOQUE;SALDO DE ESTOQUE;RECEBIDO;EM ESTOQUE · SALDO DE ESTOQUE · RECEBIDO;A0550;07/09/2026 14:46;;Datalogger restaurado para o estoque manualmente pelo usuário.;SINCRONIZAR EM GRU
565217;A7433;ARES;00019200000014040794;RS;MINISTÉRIO DA SAUDE;26/08/2026 08:03;28/08/2026 12:06;;ENTREGUE;8278;Rodoviário;26/08/2026 08:03;28/08/2026 12:06;;25/08/2026 17:03;11;SIM;EM GRU;ESTOQUE - GRU;VTC - ANA PAULA OLIVEIRA DA SILVA;EM ESTOQUE;SALDO DE ESTOQUE;RECEBIDO;EM ESTOQUE · SALDO DE ESTOQUE · RECEBIDO;A7433;07/09/2026 14:51;;Datalogger restaurado para o estoque manualmente pelo usuário.;SINCRONIZAR EM GRU
565217;A6913;ARES;00019200000014040808;RS;MINISTÉRIO DA SAUDE;26/08/2026 08:03;28/08/2026 12:06;;ENTREGUE;8278;Rodoviário;26/08/2026 08:03;28/08/2026 12:06;;25/08/2026 16:33;11;SIM;EM GRU;ESTOQUE - GRU;VTC - ANA PAULA OLIVEIRA DA SILVA;EM ESTOQUE;SALDO DE ESTOQUE;RECEBIDO;EM ESTOQUE · SALDO DE ESTOQUE · RECEBIDO;A6913;07/09/2026 14:46;;Datalogger restaurado para o estoque manualmente pelo usuário.;SINCRONIZAR EM GRU
565217;A5599;ARES;00019200000014040816;RS;MINISTÉRIO DA SAUDE;26/08/2026 08:03;28/08/2026 12:06;;ENTREGUE;8278;Rodoviário;26/08/2026 08:03;28/08/2026 12:06;;24/08/2026 13:51;11;SIM;EM GRU;ESTOQUE - GRU;VTC - ANA PAULA OLIVEIRA DA SILVA;EM ESTOQUE;SALDO DE ESTOQUE;RECEBIDO;EM ESTOQUE · SALDO DE ESTOQUE · RECEBIDO;A5599;07/09/2026 14:47;;Datalogger restaurado para o estoque manualmente pelo usuário.;SINCRONIZAR EM GRU
565217;A8483;ARES;00019200000014040824;RS;MINISTÉRIO DA SAUDE;26/08/2026 08:03;28/08/2026 12:06;;ENTREGUE;8278;Rodoviário;26/08/2026 08:03;28/08/2026 12:06;;24/08/2026 10:17;11;SIM;EM GRU;ESTOQUE - GRU;VTC - ANA PAULA OLIVEIRA DA SILVA;EM ESTOQUE;SALDO DE ESTOQUE;RECEBIDO;EM ESTOQUE · SALDO DE ESTOQUE · RECEBIDO;A8483;07/09/2026 14:47;;Datalogger restaurado para o estoque manualmente pelo usuário.;SINCRONIZAR EM GRU
565217;A3852;ARES;00019200000014040832;RS;MINISTÉRIO DA SAUDE;26/08/2026 08:03;28/08/2026 12:06;;ENTREGUE;8278;Rodoviário;26/08/2026 08:03;28/08/2026 12:06;;25/08/2026 16:52;11;SIM;EM GRU;ESTOQUE - GRU;VTC - ANA PAULA OLIVEIRA DA SILVA;EM ESTOQUE;SALDO DE ESTOQUE;RECEBIDO;EM ESTOQUE · SALDO DE ESTOQUE · RECEBIDO;A3852;07/09/2026 14:54;;Datalogger restaurado para o estoque manualmente pelo usuário.;SINCRONIZAR EM GRU
565217;A6348;ARES;00019200000014040840;RS;MINISTÉRIO DA SAUDE;26/08/2026 08:03;28/08/2026 12:06;;ENTREGUE;8278;Rodoviário;26/08/2026 08:03;28/08/2026 12:06;;25/08/2026 16:53;11;SIM;EM GRU;ESTOQUE - GRU;VTC - ANA PAULA OLIVEIRA DA SILVA;EM ESTOQUE;SALDO DE ESTOQUE;RECEBIDO;EM ESTOQUE · SALDO DE ESTOQUE · RECEBIDO;A6348;07/09/2026 14:54;;Datalogger restaurado para o estoque manualmente pelo usuário.;SINCRONIZAR EM GRU
565217;A6782;ARES;00019200000014040859;RS;MINISTÉRIO DA SAUDE;26/08/2026 08:03;28/08/2026 12:06;;ENTREGUE;8278;Rodoviário;26/08/2026 08:03;28/08/2026 12:06;;24/08/2026 13:49;11;SIM;EM GRU;ESTOQUE - GRU;VTC - ANA PAULA OLIVEIRA DA SILVA;EM ESTOQUE;SALDO DE ESTOQUE;RECEBIDO;EM ESTOQUE · SALDO DE ESTOQUE · RECEBIDO;A6782;07/09/2026 14:52;;Datalogger restaurado para o estoque manualmente pelo usuário.;SINCRONIZAR EM GRU
565217;A3131;ARES;00019200000014040867;RS;MINISTÉRIO DA SAUDE;26/08/2026 08:03;28/08/2026 12:06;;ENTREGUE;8278;Rodoviário;26/08/2026 08:03;28/08/2026 12:06;;25/08/2026 16:29;11;SIM;EM GRU;ESTOQUE - GRU;VTC - ANA PAULA OLIVEIRA DA SILVA;EM ESTOQUE;SALDO DE ESTOQUE;RECEBIDO;EM ESTOQUE · SALDO DE ESTOQUE · RECEBIDO;A3131;07/09/2026 14:54;;Datalogger restaurado para o estoque manualmente pelo usuário.;SINCRONIZAR EM GRU
565217;A4270;ARES;00019200000014040875;RS;MINISTÉRIO DA SAUDE;26/08/2026 08:03;28/08/2026 12:06;;ENTREGUE;8278;Rodoviário;26/08/2026 08:03;28/08/2026 12:06;;25/08/2026 14:19;11;SIM;EM GRU;ESTOQUE - GRU;VTC - ANA PAULA OLIVEIRA DA SILVA;EM ESTOQUE;SALDO DE ESTOQUE;RECEBIDO;EM ESTOQUE · SALDO DE ESTOQUE · RECEBIDO;A4270;07/09/2026 14:52;;Datalogger restaurado para o estoque manualmente pelo usuário.;SINCRONIZAR EM GRU
565217;A2441;ARES;00019200000014040883;RS;MINISTÉRIO DA SAUDE;26/08/2026 08:03;28/08/2026 12:06;;ENTREGUE;8278;Rodoviário;26/08/2026 08:03;28/08/2026 12:06;;25/08/2026 16:31;11;SIM;EM GRU;ESTOQUE - GRU;VTC - ANA PAULA OLIVEIRA DA SILVA;EM ESTOQUE;SALDO DE ESTOQUE;RECEBIDO;EM ESTOQUE · SALDO DE ESTOQUE · RECEBIDO;A2441;07/09/2026 14:46;;Datalogger restaurado para o estoque manualmente pelo usuário.;SINCRONIZAR EM GRU
565217;A3703;ARES;00019200000014040891;RS;MINISTÉRIO DA SAUDE;26/08/2026 08:03;28/08/2026 12:06;;ENTREGUE;8278;Rodoviário;26/08/2026 08:03;28/08/2026 12:06;;25/08/2026 17:01;11;SIM;EM GRU;ESTOQUE - GRU;VTC - ANA PAULA OLIVEIRA DA SILVA;EM ESTOQUE;SALDO DE ESTOQUE;RECEBIDO;EM ESTOQUE · SALDO DE ESTOQUE · RECEBIDO;A3703;07/09/2026 14:54;;Datalogger restaurado para o estoque manualmente pelo usuário.;SINCRONIZAR EM GRU
565217;A4630;ARES;00019200000014040905;RS;MINISTÉRIO DA SAUDE;26/08/2026 08:03;28/08/2026 12:06;;ENTREGUE;8278;Rodoviário;26/08/2026 08:03;28/08/2026 12:06;;25/08/2026 16:29;11;SIM;EM GRU;ESTOQUE - GRU;VTC - ANA PAULA OLIVEIRA DA SILVA;EM ESTOQUE;SALDO DE ESTOQUE;RECEBIDO;EM ESTOQUE · SALDO DE ESTOQUE · RECEBIDO;A4630;07/09/2026 14:54;;Datalogger restaurado para o estoque manualmente pelo usuário.;SINCRONIZAR EM GRU
565217;A1037;ARES;00019200000014040913;RS;MINISTÉRIO DA SAUDE;26/08/2026 08:03;28/08/2026 12:06;;ENTREGUE;8278;Rodoviário;26/08/2026 08:03;28/08/2026 12:06;;24/08/2026 14:19;11;SIM;EM GRU;ESTOQUE - GRU;VTC - ANA PAULA OLIVEIRA DA SILVA;EM ESTOQUE;SALDO DE ESTOQUE;RECEBIDO;EM ESTOQUE · SALDO DE ESTOQUE · RECEBIDO;A1037;07/09/2026 14:55;;Datalogger restaurado para o estoque manualmente pelo usuário.;SINCRONIZAR EM GRU
565217;A2980;ARES;00019200000014040921;RS;MINISTÉRIO DA SAUDE;26/08/2026 08:03;28/08/2026 12:06;;ENTREGUE;8278;Rodoviário;26/08/2026 08:03;28/08/2026 12:06;;25/08/2026 13:49;11;SIM;EM GRU;ESTOQUE - GRU;VTC - ANA PAULA OLIVEIRA DA SILVA;EM ESTOQUE;SALDO DE ESTOQUE;RECEBIDO;EM ESTOQUE · SALDO DE ESTOQUE · RECEBIDO;A2980;07/09/2026 14:47;;Datalogger restaurado para o estoque manualmente pelo usuário.;SINCRONIZAR EM GRU
565217;A6201;ARES;00019200000014040930;RS;MINISTÉRIO DA SAUDE;26/08/2026 08:03;28/08/2026 12:06;;ENTREGUE;8278;Rodoviário;26/08/2026 08:03;28/08/2026 12:06;;25/08/2026 12:56;11;SIM;EM GRU;ESTOQUE - GRU;VTC - ANA PAULA OLIVEIRA DA SILVA;EM ESTOQUE;SALDO DE ESTOQUE;RECEBIDO;EM ESTOQUE · SALDO DE ESTOQUE · RECEBIDO;A6201;07/09/2026 14:55;;Datalogger restaurado para o estoque manualmente pelo usuário.;SINCRONIZAR EM GRU
565217;A6355;ARES;00019200000014040948;RS;MINISTÉRIO DA SAUDE;26/08/2026 08:03;28/08/2026 12:06;;ENTREGUE;8278;Rodoviário;26/08/2026 08:03;28/08/2026 12:06;;25/08/2026 14:19;11;SIM;EM GRU;ESTOQUE - GRU;VTC - ANA PAULA OLIVEIRA DA SILVA;EM ESTOQUE;SALDO DE ESTOQUE;RECEBIDO;EM ESTOQUE · SALDO DE ESTOQUE · RECEBIDO;A6355;07/09/2026 14:47;;Datalogger restaurado para o estoque manualmente pelo usuário.;SINCRONIZAR EM GRU
565217;A5601;ARES;00019200000014040956;RS;MINISTÉRIO DA SAUDE;26/08/2026 08:03;28/08/2026 12:06;;ENTREGUE;8278;Rodoviário;26/08/2026 08:03;28/08/2026 12:06;;25/08/2026 12:54;11;SIM;EM GRU;ESTOQUE - GRU;VTC - ANA PAULA OLIVEIRA DA SILVA;EM ESTOQUE;SALDO DE ESTOQUE;RECEBIDO;EM ESTOQUE · SALDO DE ESTOQUE · RECEBIDO;A5601;07/09/2026 14:50;;Datalogger restaurado para o estoque manualmente pelo usuário.;SINCRONIZAR EM GRU
565217;A6094;ARES;00019200000014040964;RS;MINISTÉRIO DA SAUDE;26/08/2026 08:03;28/08/2026 12:06;;ENTREGUE;8278;Rodoviário;26/08/2026 08:03;28/08/2026 12:06;;25/08/2026 13:24;11;SIM;EM GRU;ESTOQUE - GRU;VTC - ANA PAULA OLIVEIRA DA SILVA;EM ESTOQUE;SALDO DE ESTOQUE;RECEBIDO;EM ESTOQUE · SALDO DE ESTOQUE · RECEBIDO;A6094;07/09/2026 14:47;;Datalogger restaurado para o estoque manualmente pelo usuário.;SINCRONIZAR EM GRU
565217;A3395;ARES;00019200000014040972;RS;MINISTÉRIO DA SAUDE;26/08/2026 08:03;28/08/2026 12:06;;ENTREGUE;8278;Rodoviário;26/08/2026 08:03;28/08/2026 12:06;;25/08/2026 16:53;11;SIM;EM GRU;ESTOQUE - GRU;VTC - ANA PAULA OLIVEIRA DA SILVA;EM ESTOQUE;SALDO DE ESTOQUE;RECEBIDO;EM ESTOQUE · SALDO DE ESTOQUE · RECEBIDO;A3395;07/09/2026 14:49;;Datalogger restaurado para o estoque manualmente pelo usuário.;SINCRONIZAR EM GRU
565217;A4401;ARES;00019200000014040980;RS;MINISTÉRIO DA SAUDE;26/08/2026 08:03;28/08/2026 12:06;;ENTREGUE;8278;Rodoviário;26/08/2026 08:03;28/08/2026 12:06;;25/08/2026 16:54;11;SIM;EM GRU;ESTOQUE - GRU;VTC - ANA PAULA OLIVEIRA DA SILVA;EM ESTOQUE;SALDO DE ESTOQUE;RECEBIDO;EM ESTOQUE · SALDO DE ESTOQUE · RECEBIDO;A4401;07/09/2026 14:45;;Datalogger restaurado para o estoque manualmente pelo usuário.;SINCRONIZAR EM GRU
565217;TA1214;ARES;00019200000014040999;RS;MINISTÉRIO DA SAUDE;26/08/2026 08:03;28/08/2026 12:06;;ENTREGUE;8278;Rodoviário;26/08/2026 08:03;28/08/2026 12:06;;25/08/2026 13:23;11;SIM;EM GRU;ESTOQUE - GRU;VTC - ANA PAULA OLIVEIRA DA SILVA;EM ESTOQUE;SALDO DE ESTOQUE;RECEBIDO;EM ESTOQUE · SALDO DE ESTOQUE · RECEBIDO;TA1214;07/09/2026 14:50;;Datalogger restaurado para o estoque manualmente pelo usuário.;SINCRONIZAR EM GRU
565217;A8287;ARES;00019200000014041006;RS;MINISTÉRIO DA SAUDE;26/08/2026 08:03;28/08/2026 12:06;;ENTREGUE;8278;Rodoviário;26/08/2026 08:03;28/08/2026 12:06;;25/08/2026 13:23;11;NÃO;FORA DE GRU;AGENTE;AGENTE - IARA HOLANDA NOZOR TELES;TRANSPORTE;EM ROTA -TERCEIROS;PENDENTE RECEBIMENTO;TRANSPORTE · EM ROTA -TERCEIROS · PENDENTE RECEBIMENTO;A8287;26/08/2026 11:05;;Datalogger enviado para agente VTC OPERADORA LOGISTICA LTDA pelo serviço de integração do ESL.;ACIONAR AGENTE/RESPONSÁVEL
565217;A3627;ARES;00019200000014041014;RS;MINISTÉRIO DA SAUDE;26/08/2026 08:03;28/08/2026 12:06;;ENTREGUE;8278;Rodoviário;26/08/2026 08:03;28/08/2026 12:06;;24/08/2026 15:22;11;SIM;EM GRU;ESTOQUE - GRU;VTC - ANA PAULA OLIVEIRA DA SILVA;EM ESTOQUE;SALDO DE ESTOQUE;RECEBIDO;EM ESTOQUE · SALDO DE ESTOQUE · RECEBIDO;A3627;07/09/2026 14:55;;Datalogger restaurado para o estoque manualmente pelo usuário.;SINCRONIZAR EM GRU
565217;A2077;ARES;00019200000014041022;RS;MINISTÉRIO DA SAUDE;26/08/2026 08:03;28/08/2026 12:06;;ENTREGUE;8278;Rodoviário;26/08/2026 08:03;28/08/2026 12:06;;25/08/2026 13:23;11;SIM;EM GRU;ESTOQUE - GRU;VTC - ANA PAULA OLIVEIRA DA SILVA;EM ESTOQUE;SALDO DE ESTOQUE;RECEBIDO;EM ESTOQUE · SALDO DE ESTOQUE · RECEBIDO;A2077;07/09/2026 14:47;;Datalogger restaurado para o estoque manualmente pelo usuário.;SINCRONIZAR EM GRU
565217;A7644;ARES;00019200000014041030;RS;MINISTÉRIO DA SAUDE;26/08/2026 08:03;28/08/2026 12:06;;ENTREGUE;8278;Rodoviário;26/08/2026 08:03;28/08/2026 12:06;;25/08/2026 12:57;11;SIM;EM GRU;ESTOQUE - GRU;VTC - ANA PAULA OLIVEIRA DA SILVA;EM ESTOQUE;SALDO DE ESTOQUE;RECEBIDO;EM ESTOQUE · SALDO DE ESTOQUE · RECEBIDO;A7644;07/09/2026 14:46;;Datalogger restaurado para o estoque manualmente pelo usuário.;SINCRONIZAR EM GRU
565217;A9594;ARES;00019200000014041049;RS;MINISTÉRIO DA SAUDE;26/08/2026 08:03;28/08/2026 12:06;;ENTREGUE;8278;Rodoviário;26/08/2026 08:03;28/08/2026 12:06;;24/08/2026 11:38;11;SIM;EM GRU;ESTOQUE - GRU;VTC - ANA PAULA OLIVEIRA DA SILVA;EM ESTOQUE;SALDO DE ESTOQUE;RECEBIDO;EM ESTOQUE · SALDO DE ESTOQUE · RECEBIDO;A9594;07/09/2026 14:55;;Datalogger restaurado para o estoque manualmente pelo usuário.;SINCRONIZAR EM GRU
565217;A5111;ARES;00019200000014041057;RS;MINISTÉRIO DA SAUDE;26/08/2026 08:03;28/08/2026 12:06;;ENTREGUE;8278;Rodoviário;26/08/2026 08:03;28/08/2026 12:06;;25/08/2026 16:32;11;SIM;EM GRU;ESTOQUE - GRU;VTC - ANA PAULA OLIVEIRA DA SILVA;EM ESTOQUE;SALDO DE ESTOQUE;RECEBIDO;EM ESTOQUE · SALDO DE ESTOQUE · RECEBIDO;A5111;07/09/2026 14:55;;Datalogger restaurado para o estoque manualmente pelo usuário.;SINCRONIZAR EM GRU
565217;A5456;ARES;00019200000014041065;RS;MINISTÉRIO DA SAUDE;26/08/2026 08:03;28/08/2026 12:06;;ENTREGUE;8278;Rodoviário;26/08/2026 08:03;28/08/2026 12:06;;25/08/2026 12:54;11;SIM;EM GRU;ESTOQUE - GRU;VTC - ANA PAULA OLIVEIRA DA SILVA;EM ESTOQUE;SALDO DE ESTOQUE;RECEBIDO;EM ESTOQUE · SALDO DE ESTOQUE · RECEBIDO;A5456;07/09/2026 14:49;;Datalogger restaurado para o estoque manualmente pelo usuário.;SINCRONIZAR EM GRU
565217;TA1059;ARES;00019200000014041243;RS;MINISTÉRIO DA SAUDE;26/08/2026 08:03;28/08/2026 12:06;;ENTREGUE;8278;Rodoviário;26/08/2026 08:03;28/08/2026 12:06;;25/08/2026 14:21;11;SIM;EM GRU;ESTOQUE - GRU;VTC - ANA PAULA OLIVEIRA DA SILVA;EM ESTOQUE;SALDO DE ESTOQUE;RECEBIDO;EM ESTOQUE · SALDO DE ESTOQUE · RECEBIDO;TA1059;07/09/2026 14:49;;Datalogger restaurado para o estoque manualmente pelo usuário.;SINCRONIZAR EM GRU
565217;A2181;ARES;00019200000014042266;RS;MINISTÉRIO DA SAUDE;26/08/2026 08:03;28/08/2026 12:06;;ENTREGUE;8278;Rodoviário;26/08/2026 08:03;28/08/2026 12:06;;25/08/2026 13:50;11;SIM;EM GRU;ESTOQUE - GRU;VTC - ANA PAULA OLIVEIRA DA SILVA;EM ESTOQUE;SALDO DE ESTOQUE;RECEBIDO;EM ESTOQUE · SALDO DE ESTOQUE · RECEBIDO;A2181;07/09/2026 14:50;;Datalogger restaurado para o estoque manualmente pelo usuário.;SINCRONIZAR EM GRU
565217;A5860;ARES;00019200000014042274;RS;MINISTÉRIO DA SAUDE;26/08/2026 08:03;28/08/2026 12:06;;ENTREGUE;8278;Rodoviário;26/08/2026 08:03;28/08/2026 12:06;;25/08/2026 12:54;11;SIM;EM GRU;ESTOQUE - GRU;VTC - ANA PAULA OLIVEIRA DA SILVA;EM ESTOQUE;SALDO DE ESTOQUE;RECEBIDO;EM ESTOQUE · SALDO DE ESTOQUE · RECEBIDO;A5860;07/09/2026 14:47;;Datalogger restaurado para o estoque manualmente pelo usuário.;SINCRONIZAR EM GRU
565217;TA0372;ARES;00019200000014042282;RS;MINISTÉRIO DA SAUDE;26/08/2026 08:03;28/08/2026 12:06;;ENTREGUE;8278;Rodoviário;26/08/2026 08:03;28/08/2026 12:06;;25/08/2026 16:28;11;SIM;EM GRU;ESTOQUE - GRU;VTC - ANA PAULA OLIVEIRA DA SILVA;EM ESTOQUE;SALDO DE ESTOQUE;RECEBIDO;EM ESTOQUE · SALDO DE ESTOQUE · RECEBIDO;TA0372;07/09/2026 14:46;;Datalogger restaurado para o estoque manualmente pelo usuário.;SINCRONIZAR EM GRU
565217;TA0819;ARES;00019200000014042290;RS;MINISTÉRIO DA SAUDE;26/08/2026 08:03;28/08/2026 12:06;;ENTREGUE;8278;Rodoviário;26/08/2026 08:03;28/08/2026 12:06;;24/08/2026 13:24;11;SIM;EM GRU;ESTOQUE - GRU;VTC - ANA PAULA OLIVEIRA DA SILVA;EM ESTOQUE;SALDO DE ESTOQUE;RECEBIDO;EM ESTOQUE · SALDO DE ESTOQUE · RECEBIDO;TA0819;07/09/2026 14:49;;Datalogger restaurado para o estoque manualmente pelo usuário.;SINCRONIZAR EM GRU
565217;A8491;ARES;00019200000014042304;RS;MINISTÉRIO DA SAUDE;26/08/2026 08:03;28/08/2026 12:06;;ENTREGUE;8278;Rodoviário;26/08/2026 08:03;28/08/2026 12:06;;24/08/2026 17:14;11;SIM;EM GRU;ESTOQUE - GRU;VTC - ANA PAULA OLIVEIRA DA SILVA;EM ESTOQUE;SALDO DE ESTOQUE;RECEBIDO;EM ESTOQUE · SALDO DE ESTOQUE · RECEBIDO;A8491;07/09/2026 14:51;;Datalogger restaurado para o estoque manualmente pelo usuário.;SINCRONIZAR EM GRU
565217;TA0744;ARES;00019200000014042312;RS;MINISTÉRIO DA SAUDE;26/08/2026 08:03;28/08/2026 12:06;;ENTREGUE;8278;Rodoviário;26/08/2026 08:03;28/08/2026 12:06;;24/08/2026 17:17;11;SIM;EM GRU;ESTOQUE - GRU;VTC - ANA PAULA OLIVEIRA DA SILVA;EM ESTOQUE;SALDO DE ESTOQUE;RECEBIDO;EM ESTOQUE · SALDO DE ESTOQUE · RECEBIDO;TA0744;07/09/2026 14:53;;Datalogger restaurado para o estoque manualmente pelo usuário.;SINCRONIZAR EM GRU
565214;TA1131;ARES;00019200000014044765;RS;MINISTÉRIO DA SAUDE;26/08/2026 08:03;28/08/2026 12:02;;ENTREGUE;8278;Rodoviário;26/08/2026 08:03;28/08/2026 12:02;;24/08/2026 11:40;11;SIM;EM GRU;ESTOQUE - GRU;VTC - ANA PAULA OLIVEIRA DA SILVA;EM ESTOQUE;SALDO DE ESTOQUE;RECEBIDO;EM ESTOQUE · SALDO DE ESTOQUE · RECEBIDO;TA1131;07/09/2026 14:50;;Datalogger restaurado para o estoque manualmente pelo usuário.;SINCRONIZAR EM GRU
565214;TA0239;ARES;00019200000014044773;RS;MINISTÉRIO DA SAUDE;26/08/2026 08:03;28/08/2026 12:02;;ENTREGUE;8278;Rodoviário;26/08/2026 08:03;28/08/2026 12:02;;24/08/2026 11:39;11;SIM;EM GRU;ESTOQUE - GRU;VTC - ANA PAULA OLIVEIRA DA SILVA;EM ESTOQUE;SALDO DE ESTOQUE;RECEBIDO;EM ESTOQUE · SALDO DE ESTOQUE · RECEBIDO;TA0239;07/09/2026 14:45;;Datalogger restaurado para o estoque manualmente pelo usuário.;SINCRONIZAR EM GRU
565214;A6600;ARES;00019200000014044781;RS;MINISTÉRIO DA SAUDE;26/08/2026 08:03;28/08/2026 12:02;;ENTREGUE;8278;Rodoviário;26/08/2026 08:03;28/08/2026 12:02;;24/08/2026 10:39;11;SIM;EM GRU;ESTOQUE - GRU;VTC - ANA PAULA OLIVEIRA DA SILVA;EM ESTOQUE;SALDO DE ESTOQUE;RECEBIDO;EM ESTOQUE · SALDO DE ESTOQUE · RECEBIDO;A6600;07/09/2026 14:53;;Datalogger restaurado para o estoque manualmente pelo usuário.;SINCRONIZAR EM GRU
565214;A1609;ARES;00019200000014052067;RS;MINISTÉRIO DA SAUDE;26/08/2026 08:03;28/08/2026 12:02;;ENTREGUE;8278;Rodoviário;26/08/2026 08:03;28/08/2026 12:02;;25/08/2026 14:21;11;SIM;EM GRU;ESTOQUE - GRU;VTC - ANA PAULA OLIVEIRA DA SILVA;EM ESTOQUE;SALDO DE ESTOQUE;RECEBIDO;EM ESTOQUE · SALDO DE ESTOQUE · RECEBIDO;A1609;07/09/2026 14:53;;Datalogger restaurado para o estoque manualmente pelo usuário.;SINCRONIZAR EM GRU
565214;A2652;ARES;00019200000014052075;RS;MINISTÉRIO DA SAUDE;26/08/2026 08:03;28/08/2026 12:02;;ENTREGUE;8278;Rodoviário;26/08/2026 08:03;28/08/2026 12:02;;24/08/2026 10:30;11;SIM;EM GRU;ESTOQUE - GRU;VTC - ANA PAULA OLIVEIRA DA SILVA;EM ESTOQUE;SALDO DE ESTOQUE;RECEBIDO;EM ESTOQUE · SALDO DE ESTOQUE · RECEBIDO;A2652;07/09/2026 14:49;;Datalogger restaurado para o estoque manualmente pelo usuário.;SINCRONIZAR EM GRU
565214;A8952;ARES;00019200000014052083;RS;MINISTÉRIO DA SAUDE;26/08/2026 08:03;28/08/2026 12:02;;ENTREGUE;8278;Rodoviário;26/08/2026 08:03;28/08/2026 12:02;;24/08/2026 10:14;11;SIM;EM GRU;ESTOQUE - GRU;VTC - ANA PAULA OLIVEIRA DA SILVA;EM ESTOQUE;SALDO DE ESTOQUE;RECEBIDO;EM ESTOQUE · SALDO DE ESTOQUE · RECEBIDO;A8952;07/09/2026 14:46;;Datalogger restaurado para o estoque manualmente pelo usuário.;SINCRONIZAR EM GRU
565214;A5458;ARES;00019200000014052091;RS;MINISTÉRIO DA SAUDE;26/08/2026 08:03;28/08/2026 12:02;;ENTREGUE;8278;Rodoviário;26/08/2026 08:03;28/08/2026 12:02;;24/08/2026 09:39;11;NÃO;FORA DE GRU;AGENTE;SYS - Usuário sistema;TRANSPORTE;EM ROTA -TERCEIROS;PENDENTE RECEBIMENTO;TRANSPORTE · EM ROTA -TERCEIROS · PENDENTE RECEBIMENTO;A5458;26/08/2026 08:04;;Datalogger enviado para agente VTC OPERADORA LOGISTICA LTDA pelo serviço de integração do ESL.;ACIONAR AGENTE/RESPONSÁVEL
565214;A8440;ARES;00019200000014052105;RS;MINISTÉRIO DA SAUDE;26/08/2026 08:03;28/08/2026 12:02;;ENTREGUE;8278;Rodoviário;26/08/2026 08:03;28/08/2026 12:02;;24/08/2026 10:50;11;SIM;EM GRU;ESTOQUE - GRU;VTC - ANA PAULA OLIVEIRA DA SILVA;EM ESTOQUE;SALDO DE ESTOQUE;RECEBIDO;EM ESTOQUE · SALDO DE ESTOQUE · RECEBIDO;A8440;07/09/2026 14:46;;Datalogger restaurado para o estoque manualmente pelo usuário.;SINCRONIZAR EM GRU
565214;A3276;ARES;00019200000014052113;RS;MINISTÉRIO DA SAUDE;26/08/2026 08:03;28/08/2026 12:02;;ENTREGUE;8278;Rodoviário;26/08/2026 08:03;28/08/2026 12:02;;24/08/2026 11:46;11;SIM;EM GRU;ESTOQUE - GRU;VTC - ANA PAULA OLIVEIRA DA SILVA;EM ESTOQUE;SALDO DE ESTOQUE;RECEBIDO;EM ESTOQUE · SALDO DE ESTOQUE · RECEBIDO;A3276;07/09/2026 14:51;;Datalogger restaurado para o estoque manualmente pelo usuário.;SINCRONIZAR EM GRU
565214;A3983;ARES;00019200000014052121;RS;MINISTÉRIO DA SAUDE;26/08/2026 08:03;28/08/2026 12:02;;ENTREGUE;8278;Rodoviário;26/08/2026 08:03;28/08/2026 12:02;;25/08/2026 16:00;11;SIM;EM GRU;ESTOQUE - GRU;VTC - ANA PAULA OLIVEIRA DA SILVA;EM ESTOQUE;SALDO DE ESTOQUE;RECEBIDO;EM ESTOQUE · SALDO DE ESTOQUE · RECEBIDO;A3983;07/09/2026 14:49;;Datalogger restaurado para o estoque manualmente pelo usuário.;SINCRONIZAR EM GRU
565214;A7690;ARES;00019200000014052130;RS;MINISTÉRIO DA SAUDE;26/08/2026 08:03;28/08/2026 12:02;;ENTREGUE;8278;Rodoviário;26/08/2026 08:03;28/08/2026 12:02;;24/08/2026 09:56;11;SIM;EM GRU;ESTOQUE - GRU;VTC - ANA PAULA OLIVEIRA DA SILVA;EM ESTOQUE;SALDO DE ESTOQUE;RECEBIDO;EM ESTOQUE · SALDO DE ESTOQUE · RECEBIDO;A7690;07/09/2026 14:53;;Datalogger restaurado para o estoque manualmente pelo usuário.;SINCRONIZAR EM GRU
565214;A6958;ARES;00019200000014052148;RS;MINISTÉRIO DA SAUDE;26/08/2026 08:03;28/08/2026 12:02;;ENTREGUE;8278;Rodoviário;26/08/2026 08:03;28/08/2026 12:02;;24/08/2026 09:57;11;SIM;EM GRU;ESTOQUE - GRU;VTC - ANA PAULA OLIVEIRA DA SILVA;EM ESTOQUE;SALDO DE ESTOQUE;RECEBIDO;EM ESTOQUE · SALDO DE ESTOQUE · RECEBIDO;A6958;07/09/2026 14:53;;Datalogger restaurado para o estoque manualmente pelo usuário.;SINCRONIZAR EM GRU
565214;TA1051;ARES;00019200000014052156;RS;MINISTÉRIO DA SAUDE;26/08/2026 08:03;28/08/2026 12:02;;ENTREGUE;8278;Rodoviário;26/08/2026 08:03;28/08/2026 12:02;;25/08/2026 12:55;11;SIM;EM GRU;ESTOQUE - GRU;VTC - ANA PAULA OLIVEIRA DA SILVA;EM ESTOQUE;SALDO DE ESTOQUE;RECEBIDO;EM ESTOQUE · SALDO DE ESTOQUE · RECEBIDO;TA1051;07/09/2026 14:55;;Datalogger restaurado para o estoque manualmente pelo usuário.;SINCRONIZAR EM GRU
565214;A6635;ARES;00019200000014052164;RS;MINISTÉRIO DA SAUDE;26/08/2026 08:03;28/08/2026 12:02;;ENTREGUE;8278;Rodoviário;26/08/2026 08:03;28/08/2026 12:02;;24/08/2026 10:39;11;SIM;EM GRU;ESTOQUE - GRU;VTC - ANA PAULA OLIVEIRA DA SILVA;EM ESTOQUE;SALDO DE ESTOQUE;RECEBIDO;EM ESTOQUE · SALDO DE ESTOQUE · RECEBIDO;A6635;07/09/2026 14:47;;Datalogger restaurado para o estoque manualmente pelo usuário.;SINCRONIZAR EM GRU
565214;TA0452;ARES;00019200000014052172;RS;MINISTÉRIO DA SAUDE;26/08/2026 08:03;28/08/2026 12:02;;ENTREGUE;8278;Rodoviário;26/08/2026 08:03;28/08/2026 12:02;;25/08/2026 17:00;11;SIM;EM GRU;ESTOQUE - GRU;VTC - ANA PAULA OLIVEIRA DA SILVA;EM ESTOQUE;SALDO DE ESTOQUE;RECEBIDO;EM ESTOQUE · SALDO DE ESTOQUE · RECEBIDO;TA0452;07/09/2026 14:54;;Datalogger restaurado para o estoque manualmente pelo usuário.;SINCRONIZAR EM GRU
565214;TA1143;ARES;00019200000014053276;RS;MINISTÉRIO DA SAUDE;26/08/2026 08:03;28/08/2026 12:02;;ENTREGUE;8278;Rodoviário;26/08/2026 08:03;28/08/2026 12:02;;24/08/2026 10:55;11;SIM;EM GRU;ESTOQUE - GRU;VTC - ANA PAULA OLIVEIRA DA SILVA;EM ESTOQUE;SALDO DE ESTOQUE;RECEBIDO;EM ESTOQUE · SALDO DE ESTOQUE · RECEBIDO;TA1143;07/09/2026 14:48;;Datalogger restaurado para o estoque manualmente pelo usuário.;SINCRONIZAR EM GRU
565214;A7054;ARES;00019200000014053292;RS;MINISTÉRIO DA SAUDE;26/08/2026 08:03;28/08/2026 12:02;;ENTREGUE;8278;Rodoviário;26/08/2026 08:03;28/08/2026 12:02;;24/08/2026 10:43;11;SIM;EM GRU;ESTOQUE - GRU;VTC - ANA PAULA OLIVEIRA DA SILVA;EM ESTOQUE;SALDO DE ESTOQUE;RECEBIDO;EM ESTOQUE · SALDO DE ESTOQUE · RECEBIDO;A7054;07/09/2026 14:47;;Datalogger restaurado para o estoque manualmente pelo usuário.;SINCRONIZAR EM GRU
565214;A9249;ARES;00019200000014053306;RS;MINISTÉRIO DA SAUDE;26/08/2026 08:03;28/08/2026 12:02;;ENTREGUE;8278;Rodoviário;26/08/2026 08:03;28/08/2026 12:02;;24/08/2026 08:08;11;SIM;EM GRU;ESTOQUE - GRU;VTC - ANA PAULA OLIVEIRA DA SILVA;EM ESTOQUE;SALDO DE ESTOQUE;RECEBIDO;EM ESTOQUE · SALDO DE ESTOQUE · RECEBIDO;A9249;07/09/2026 14:50;;Datalogger restaurado para o estoque manualmente pelo usuário.;SINCRONIZAR EM GRU
565214;A4810;ARES;00019200000014053314;RS;MINISTÉRIO DA SAUDE;26/08/2026 08:03;28/08/2026 12:02;;ENTREGUE;8278;Rodoviário;26/08/2026 08:03;28/08/2026 12:02;;24/08/2026 10:36;11;SIM;EM GRU;ESTOQUE - GRU;VTC - ANA PAULA OLIVEIRA DA SILVA;EM ESTOQUE;SALDO DE ESTOQUE;RECEBIDO;EM ESTOQUE · SALDO DE ESTOQUE · RECEBIDO;A4810;07/09/2026 14:47;;Datalogger restaurado para o estoque manualmente pelo usuário.;SINCRONIZAR EM GRU
565214;TA0469;ARES;00019200000014053322;RS;MINISTÉRIO DA SAUDE;26/08/2026 08:03;28/08/2026 12:02;;ENTREGUE;8278;Rodoviário;26/08/2026 08:03;28/08/2026 12:02;;24/08/2026 10:28;11;SIM;EM GRU;ESTOQUE - GRU;VTC - ANA PAULA OLIVEIRA DA SILVA;EM ESTOQUE;SALDO DE ESTOQUE;RECEBIDO;EM ESTOQUE · SALDO DE ESTOQUE · RECEBIDO;TA0469;07/09/2026 14:47;;Datalogger restaurado para o estoque manualmente pelo usuário.;SINCRONIZAR EM GRU
565214;A8868;ARES;00019200000014053330;RS;MINISTÉRIO DA SAUDE;26/08/2026 08:03;28/08/2026 12:02;;ENTREGUE;8278;Rodoviário;26/08/2026 08:03;28/08/2026 12:02;;24/08/2026 11:35;11;SIM;EM GRU;ESTOQUE - GRU;VTC - ANA PAULA OLIVEIRA DA SILVA;EM ESTOQUE;SALDO DE ESTOQUE;RECEBIDO;EM ESTOQUE · SALDO DE ESTOQUE · RECEBIDO;A8868;07/09/2026 14:52;;Datalogger restaurado para o estoque manualmente pelo usuário.;SINCRONIZAR EM GRU
565214;A9226;ARES;00019200000014053349;RS;MINISTÉRIO DA SAUDE;26/08/2026 08:03;28/08/2026 12:02;;ENTREGUE;8278;Rodoviário;26/08/2026 08:03;28/08/2026 12:02;;24/08/2026 10:23;11;SIM;EM GRU;ESTOQUE - GRU;VTC - ANA PAULA OLIVEIRA DA SILVA;EM ESTOQUE;SALDO DE ESTOQUE;RECEBIDO;EM ESTOQUE · SALDO DE ESTOQUE · RECEBIDO;A9226;07/09/2026 14:45;;Datalogger restaurado para o estoque manualmente pelo usuário.;SINCRONIZAR EM GRU
565214;A4058;ARES;00019200000014053357;RS;MINISTÉRIO DA SAUDE;26/08/2026 08:03;28/08/2026 12:02;;ENTREGUE;8278;Rodoviário;26/08/2026 08:03;28/08/2026 12:02;;24/08/2026 12:30;11;SIM;EM GRU;ESTOQUE - GRU;VTC - ANA PAULA OLIVEIRA DA SILVA;EM ESTOQUE;SALDO DE ESTOQUE;RECEBIDO;EM ESTOQUE · SALDO DE ESTOQUE · RECEBIDO;A4058;07/09/2026 14:50;;Datalogger restaurado para o estoque manualmente pelo usuário.;SINCRONIZAR EM GRU
565214;A8356;ARES;00019200000014053365;RS;MINISTÉRIO DA SAUDE;26/08/2026 08:03;28/08/2026 12:02;;ENTREGUE;8278;Rodoviário;26/08/2026 08:03;28/08/2026 12:02;;24/08/2026 10:14;11;SIM;EM GRU;ESTOQUE - GRU;VTC - ANA PAULA OLIVEIRA DA SILVA;EM ESTOQUE;SALDO DE ESTOQUE;RECEBIDO;EM ESTOQUE · SALDO DE ESTOQUE · RECEBIDO;A8356;07/09/2026 14:54;;Datalogger restaurado para o estoque manualmente pelo usuário.;SINCRONIZAR EM GRU
565214;A7762;ARES;00019200000014053373;RS;MINISTÉRIO DA SAUDE;26/08/2026 08:03;28/08/2026 12:02;;ENTREGUE;8278;Rodoviário;26/08/2026 08:03;28/08/2026 12:02;;24/08/2026 11:35;11;SIM;EM GRU;ESTOQUE - GRU;VTC - ANA PAULA OLIVEIRA DA SILVA;EM ESTOQUE;SALDO DE ESTOQUE;RECEBIDO;EM ESTOQUE · SALDO DE ESTOQUE · RECEBIDO;A7762;07/09/2026 14:50;;Datalogger restaurado para o estoque manualmente pelo usuário.;SINCRONIZAR EM GRU
565214;A4057;ARES;00019200000014053381;RS;MINISTÉRIO DA SAUDE;26/08/2026 08:03;28/08/2026 12:02;;ENTREGUE;8278;Rodoviário;26/08/2026 08:03;28/08/2026 12:02;;24/08/2026 10:34;11;SIM;EM GRU;ESTOQUE - GRU;VTC - ANA PAULA OLIVEIRA DA SILVA;EM ESTOQUE;SALDO DE ESTOQUE;RECEBIDO;EM ESTOQUE · SALDO DE ESTOQUE · RECEBIDO;A4057;07/09/2026 14:54;;Datalogger restaurado para o estoque manualmente pelo usuário.;SINCRONIZAR EM GRU
565214;A9294;ARES;00019200000014053390;RS;MINISTÉRIO DA SAUDE;26/08/2026 08:03;28/08/2026 12:02;;ENTREGUE;8278;Rodoviário;26/08/2026 08:03;28/08/2026 12:02;;24/08/2026 11:44;11;SIM;EM GRU;ESTOQUE - GRU;VTC - ANA PAULA OLIVEIRA DA SILVA;EM ESTOQUE;SALDO DE ESTOQUE;RECEBIDO;EM ESTOQUE · SALDO DE ESTOQUE · RECEBIDO;A9294;07/09/2026 14:52;;Datalogger restaurado para o estoque manualmente pelo usuário.;SINCRONIZAR EM GRU
565214;A6444;ARES;00019200000014053403;RS;MINISTÉRIO DA SAUDE;26/08/2026 08:03;28/08/2026 12:02;;ENTREGUE;8278;Rodoviário;26/08/2026 08:03;28/08/2026 12:02;;24/08/2026 10:39;11;SIM;EM GRU;ESTOQUE - GRU;VTC - ANA PAULA OLIVEIRA DA SILVA;EM ESTOQUE;SALDO DE ESTOQUE;RECEBIDO;EM ESTOQUE · SALDO DE ESTOQUE · RECEBIDO;A6444;07/09/2026 14:55;;Datalogger restaurado para o estoque manualmente pelo usuário.;SINCRONIZAR EM GRU
565214;A9318;ARES;00019200000014053411;RS;MINISTÉRIO DA SAUDE;26/08/2026 08:03;28/08/2026 12:02;;ENTREGUE;8278;Rodoviário;26/08/2026 08:03;28/08/2026 12:02;;24/08/2026 10:28;11;SIM;EM GRU;ESTOQUE - GRU;VTC - ANA PAULA OLIVEIRA DA SILVA;EM ESTOQUE;SALDO DE ESTOQUE;RECEBIDO;EM ESTOQUE · SALDO DE ESTOQUE · RECEBIDO;A9318;07/09/2026 14:51;;Datalogger restaurado para o estoque manualmente pelo usuário.;SINCRONIZAR EM GRU
565214;A2129;ARES;00019200000014053420;RS;MINISTÉRIO DA SAUDE;26/08/2026 08:03;28/08/2026 12:02;;ENTREGUE;8278;Rodoviário;26/08/2026 08:03;28/08/2026 12:02;;24/08/2026 09:28;11;SIM;EM GRU;ESTOQUE - GRU;VTC - ANA PAULA OLIVEIRA DA SILVA;EM ESTOQUE;SALDO DE ESTOQUE;RECEBIDO;EM ESTOQUE · SALDO DE ESTOQUE · RECEBIDO;A2129;07/09/2026 14:55;;Datalogger restaurado para o estoque manualmente pelo usuário.;SINCRONIZAR EM GRU
565214;A9547;ARES;00019200000014053438;RS;MINISTÉRIO DA SAUDE;26/08/2026 08:03;28/08/2026 12:02;;ENTREGUE;8278;Rodoviário;26/08/2026 08:03;28/08/2026 12:02;;24/08/2026 10:23;11;SIM;EM GRU;ESTOQUE - GRU;VTC - ANA PAULA OLIVEIRA DA SILVA;EM ESTOQUE;SALDO DE ESTOQUE;RECEBIDO;EM ESTOQUE · SALDO DE ESTOQUE · RECEBIDO;A9547;07/09/2026 14:53;;Datalogger restaurado para o estoque manualmente pelo usuário.;SINCRONIZAR EM GRU
565214;A2916;ARES;00019200000014053446;RS;MINISTÉRIO DA SAUDE;26/08/2026 08:03;28/08/2026 12:02;;ENTREGUE;8278;Rodoviário;26/08/2026 08:03;28/08/2026 12:02;;24/08/2026 10:32;11;NÃO;FORA DE GRU;AGENTE;SYS - Usuário sistema;TRANSPORTE;EM ROTA -TERCEIROS;PENDENTE RECEBIMENTO;TRANSPORTE · EM ROTA -TERCEIROS · PENDENTE RECEBIMENTO;A2916;26/08/2026 08:04;;Datalogger enviado para agente VTC OPERADORA LOGISTICA LTDA pelo serviço de integração do ESL.;ACIONAR AGENTE/RESPONSÁVEL
565214;TA0252;ARES;00019200000014053454;RS;MINISTÉRIO DA SAUDE;26/08/2026 08:03;28/08/2026 12:02;;ENTREGUE;8278;Rodoviário;26/08/2026 08:03;28/08/2026 12:02;;24/08/2026 10:55;11;SIM;EM GRU;ESTOQUE - GRU;VTC - ANA PAULA OLIVEIRA DA SILVA;EM ESTOQUE;SALDO DE ESTOQUE;RECEBIDO;EM ESTOQUE · SALDO DE ESTOQUE · RECEBIDO;TA0252;07/09/2026 14:56;;Datalogger restaurado para o estoque manualmente pelo usuário.;SINCRONIZAR EM GRU
565214;A6056;ARES;00019200000014053462;RS;MINISTÉRIO DA SAUDE;26/08/2026 08:03;28/08/2026 12:02;;ENTREGUE;8278;Rodoviário;26/08/2026 08:03;28/08/2026 12:02;;18/08/2026 12:31;11;SIM;EM GRU;ESTOQUE - GRU;VTC - ANA PAULA OLIVEIRA DA SILVA;EM ESTOQUE;SALDO DE ESTOQUE;RECEBIDO;EM ESTOQUE · SALDO DE ESTOQUE · RECEBIDO;A6056;07/09/2026 14:50;;Datalogger restaurado para o estoque manualmente pelo usuário.;SINCRONIZAR EM GRU
565214;TA0566;ARES;00019200000014053470;RS;MINISTÉRIO DA SAUDE;26/08/2026 08:03;28/08/2026 12:02;;ENTREGUE;8278;Rodoviário;26/08/2026 08:03;28/08/2026 12:02;;24/08/2026 10:23;11;SIM;EM GRU;ESTOQUE - GRU;VTC - ANA PAULA OLIVEIRA DA SILVA;EM ESTOQUE;SALDO DE ESTOQUE;RECEBIDO;EM ESTOQUE · SALDO DE ESTOQUE · RECEBIDO;TA0566;07/09/2026 14:51;;Datalogger restaurado para o estoque manualmente pelo usuário.;SINCRONIZAR EM GRU
565214;A8593;ARES;00019200000014053489;RS;MINISTÉRIO DA SAUDE;26/08/2026 08:03;28/08/2026 12:02;;ENTREGUE;8278;Rodoviário;26/08/2026 08:03;28/08/2026 12:02;;24/08/2026 08:08;11;SIM;EM GRU;ESTOQUE - GRU;VTC - ANA PAULA OLIVEIRA DA SILVA;EM ESTOQUE;SALDO DE ESTOQUE;RECEBIDO;EM ESTOQUE · SALDO DE ESTOQUE · RECEBIDO;A8593;07/09/2026 14:46;;Datalogger restaurado para o estoque manualmente pelo usuário.;SINCRONIZAR EM GRU
565214;A8353;ARES;00019200000014053497;RS;MINISTÉRIO DA SAUDE;26/08/2026 08:03;28/08/2026 12:02;;ENTREGUE;8278;Rodoviário;26/08/2026 08:03;28/08/2026 12:02;;24/08/2026 10:51;11;SIM;EM GRU;ESTOQUE - GRU;VTC - ANA PAULA OLIVEIRA DA SILVA;EM ESTOQUE;SALDO DE ESTOQUE;RECEBIDO;EM ESTOQUE · SALDO DE ESTOQUE · RECEBIDO;A8353;07/09/2026 14:48;;Datalogger restaurado para o estoque manualmente pelo usuário.;SINCRONIZAR EM GRU
565214;A5312;ARES;00019200000014053500;RS;MINISTÉRIO DA SAUDE;26/08/2026 08:03;28/08/2026 12:02;;ENTREGUE;8278;Rodoviário;26/08/2026 08:03;28/08/2026 12:02;;24/08/2026 17:12;11;SIM;EM GRU;ESTOQUE - GRU;VTC - ANA PAULA OLIVEIRA DA SILVA;EM ESTOQUE;SALDO DE ESTOQUE;RECEBIDO;EM ESTOQUE · SALDO DE ESTOQUE · RECEBIDO;A5312;07/09/2026 14:50;;Datalogger restaurado para o estoque manualmente pelo usuário.;SINCRONIZAR EM GRU
565214;A3168;ARES;00019200000014053519;RS;MINISTÉRIO DA SAUDE;26/08/2026 08:03;28/08/2026 12:02;;ENTREGUE;8278;Rodoviário;26/08/2026 08:03;28/08/2026 12:02;;25/08/2026 13:49;11;SIM;EM GRU;ESTOQUE - GRU;VTC - ANA PAULA OLIVEIRA DA SILVA;EM ESTOQUE;SALDO DE ESTOQUE;RECEBIDO;EM ESTOQUE · SALDO DE ESTOQUE · RECEBIDO;A3168;07/09/2026 14:54;;Datalogger restaurado para o estoque manualmente pelo usuário.;SINCRONIZAR EM GRU
565214;A9075;ARES;00019200000014053527;RS;MINISTÉRIO DA SAUDE;26/08/2026 08:03;28/08/2026 12:02;;ENTREGUE;8278;Rodoviário;26/08/2026 08:03;28/08/2026 12:02;;24/08/2026 11:05;11;SIM;EM GRU;ESTOQUE - GRU;VTC - ANA PAULA OLIVEIRA DA SILVA;EM ESTOQUE;SALDO DE ESTOQUE;RECEBIDO;EM ESTOQUE · SALDO DE ESTOQUE · RECEBIDO;A9075;07/09/2026 14:53;;Datalogger restaurado para o estoque manualmente pelo usuário.;SINCRONIZAR EM GRU
565214;A7291;ARES;00019200000014053535;RS;MINISTÉRIO DA SAUDE;26/08/2026 08:03;28/08/2026 12:02;;ENTREGUE;8278;Rodoviário;26/08/2026 08:03;28/08/2026 12:02;;25/08/2026 16:55;11;SIM;EM GRU;ESTOQUE - GRU;VTC - ANA PAULA OLIVEIRA DA SILVA;EM ESTOQUE;SALDO DE ESTOQUE;RECEBIDO;EM ESTOQUE · SALDO DE ESTOQUE · RECEBIDO;A7291;07/09/2026 14:53;;Datalogger restaurado para o estoque manualmente pelo usuário.;SINCRONIZAR EM GRU
565214;A1577;ARES;00019200000014053543;RS;MINISTÉRIO DA SAUDE;26/08/2026 08:03;28/08/2026 12:02;;ENTREGUE;8278;Rodoviário;26/08/2026 08:03;28/08/2026 12:02;;24/08/2026 10:34;11;SIM;EM GRU;ESTOQUE - GRU;VTC - ANA PAULA OLIVEIRA DA SILVA;EM ESTOQUE;SALDO DE ESTOQUE;RECEBIDO;EM ESTOQUE · SALDO DE ESTOQUE · RECEBIDO;A1577;07/09/2026 14:51;;Datalogger restaurado para o estoque manualmente pelo usuário.;SINCRONIZAR EM GRU
565214;A3296;ARES;00019200000014053551;RS;MINISTÉRIO DA SAUDE;26/08/2026 08:03;28/08/2026 12:02;;ENTREGUE;8278;Rodoviário;26/08/2026 08:03;28/08/2026 12:02;;24/08/2026 10:35;11;SIM;EM GRU;ESTOQUE - GRU;VTC - ANA PAULA OLIVEIRA DA SILVA;EM ESTOQUE;SALDO DE ESTOQUE;RECEBIDO;EM ESTOQUE · SALDO DE ESTOQUE · RECEBIDO;A3296;07/09/2026 14:49;;Datalogger restaurado para o estoque manualmente pelo usuário.;SINCRONIZAR EM GRU
565214;A7316;ARES;00019200000014053560;RS;MINISTÉRIO DA SAUDE;26/08/2026 08:03;28/08/2026 12:02;;ENTREGUE;8278;Rodoviário;26/08/2026 08:03;28/08/2026 12:02;;24/08/2026 07:52;11;SIM;EM GRU;ESTOQUE - GRU;VTC - ANA PAULA OLIVEIRA DA SILVA;EM ESTOQUE;SALDO DE ESTOQUE;RECEBIDO;EM ESTOQUE · SALDO DE ESTOQUE · RECEBIDO;A7316;07/09/2026 14:51;;Datalogger restaurado para o estoque manualmente pelo usuário.;SINCRONIZAR EM GRU
565214;A8921;ARES;00019200000014053578;RS;MINISTÉRIO DA SAUDE;26/08/2026 08:03;28/08/2026 12:02;;ENTREGUE;8278;Rodoviário;26/08/2026 08:03;28/08/2026 12:02;;25/08/2026 17:01;11;SIM;EM GRU;ESTOQUE - GRU;VTC - ANA PAULA OLIVEIRA DA SILVA;EM ESTOQUE;SALDO DE ESTOQUE;RECEBIDO;EM ESTOQUE · SALDO DE ESTOQUE · RECEBIDO;A8921;07/09/2026 14:54;;Datalogger restaurado para o estoque manualmente pelo usuário.;SINCRONIZAR EM GRU
565214;TA1071;ARES;00019200000014053586;RS;MINISTÉRIO DA SAUDE;26/08/2026 08:03;28/08/2026 12:02;;ENTREGUE;8278;Rodoviário;26/08/2026 08:03;28/08/2026 12:02;;24/08/2026 10:24;11;SIM;EM GRU;ESTOQUE - GRU;VTC - ANA PAULA OLIVEIRA DA SILVA;EM ESTOQUE;SALDO DE ESTOQUE;RECEBIDO;EM ESTOQUE · SALDO DE ESTOQUE · RECEBIDO;TA1071;07/09/2026 14:46;;Datalogger restaurado para o estoque manualmente pelo usuário.;SINCRONIZAR EM GRU
565214;A6909;ARES;00019200000014053594;RS;MINISTÉRIO DA SAUDE;26/08/2026 08:03;28/08/2026 12:02;;ENTREGUE;8278;Rodoviário;26/08/2026 08:03;28/08/2026 12:02;;24/08/2026 09:57;11;SIM;EM GRU;ESTOQUE - GRU;VTC - ANA PAULA OLIVEIRA DA SILVA;EM ESTOQUE;SALDO DE ESTOQUE;RECEBIDO;EM ESTOQUE · SALDO DE ESTOQUE · RECEBIDO;A6909;07/09/2026 14:50;;Datalogger restaurado para o estoque manualmente pelo usuário.;SINCRONIZAR EM GRU
565214;A5124;ARES;00019200000014053608;RS;MINISTÉRIO DA SAUDE;26/08/2026 08:03;28/08/2026 12:02;;ENTREGUE;8278;Rodoviário;26/08/2026 08:03;28/08/2026 12:02;;24/08/2026 08:08;11;SIM;EM GRU;ESTOQUE - GRU;VTC - ANA PAULA OLIVEIRA DA SILVA;EM ESTOQUE;SALDO DE ESTOQUE;RECEBIDO;EM ESTOQUE · SALDO DE ESTOQUE · RECEBIDO;A5124;07/09/2026 14:50;;Datalogger restaurado para o estoque manualmente pelo usuário.;SINCRONIZAR EM GRU
565214;A4245;ARES;00019200000014053616;RS;MINISTÉRIO DA SAUDE;26/08/2026 08:03;28/08/2026 12:02;;ENTREGUE;8278;Rodoviário;26/08/2026 08:03;28/08/2026 12:02;;24/08/2026 09:36;11;SIM;EM GRU;ESTOQUE - GRU;VTC - ANA PAULA OLIVEIRA DA SILVA;EM ESTOQUE;SALDO DE ESTOQUE;RECEBIDO;EM ESTOQUE · SALDO DE ESTOQUE · RECEBIDO;A4245;07/09/2026 14:53;;Datalogger restaurado para o estoque manualmente pelo usuário.;SINCRONIZAR EM GRU
565214;A3999;ARES;00019200000014053624;RS;MINISTÉRIO DA SAUDE;26/08/2026 08:03;28/08/2026 12:02;;ENTREGUE;8278;Rodoviário;26/08/2026 08:03;28/08/2026 12:02;;24/08/2026 11:52;11;SIM;EM GRU;ESTOQUE - GRU;VTC - ANA PAULA OLIVEIRA DA SILVA;EM ESTOQUE;SALDO DE ESTOQUE;RECEBIDO;EM ESTOQUE · SALDO DE ESTOQUE · RECEBIDO;A3999;07/09/2026 14:47;;Datalogger restaurado para o estoque manualmente pelo usuário.;SINCRONIZAR EM GRU
565214;A4731;ARES;00019200000014053632;RS;MINISTÉRIO DA SAUDE;26/08/2026 08:03;28/08/2026 12:02;;ENTREGUE;8278;Rodoviário;26/08/2026 08:03;28/08/2026 12:02;;25/08/2026 13:25;11;SIM;EM GRU;ESTOQUE - GRU;VTC - ANA PAULA OLIVEIRA DA SILVA;EM ESTOQUE;SALDO DE ESTOQUE;RECEBIDO;EM ESTOQUE · SALDO DE ESTOQUE · RECEBIDO;A4731;07/09/2026 14:54;;Datalogger restaurado para o estoque manualmente pelo usuário.;SINCRONIZAR EM GRU
565214;A6141;ARES;00019200000014053640;RS;MINISTÉRIO DA SAUDE;26/08/2026 08:03;28/08/2026 12:02;;ENTREGUE;8278;Rodoviário;26/08/2026 08:03;28/08/2026 12:02;;25/08/2026 16:53;11;SIM;EM GRU;ESTOQUE - GRU;VTC - ANA PAULA OLIVEIRA DA SILVA;EM ESTOQUE;SALDO DE ESTOQUE;RECEBIDO;EM ESTOQUE · SALDO DE ESTOQUE · RECEBIDO;A6141;07/09/2026 14:46;;Datalogger restaurado para o estoque manualmente pelo usuário.;SINCRONIZAR EM GRU
566219;A2863;ARES;00019200000014016575;SP;MINISTÉRIO DA SAUDE;27/08/2026 23:52;28/08/2026 11:57;28/08/2026 11:57;RECEBIDO NO CLIENTE;8311;Rodoviário;27/08/2026 23:52;28/08/2026 12:04;;26/08/2026 11:06;11;NÃO;FORA DE GRU;AGENTE;SYS - Usuário sistema;TRANSPORTE;EM ROTA -TERCEIROS;PENDENTE RECEBIMENTO;TRANSPORTE · EM ROTA -TERCEIROS · PENDENTE RECEBIMENTO;A2863;28/08/2026 05:11;;Datalogger enviado para agente VTC OPERADORA LOGISTICA LTDA pelo serviço de integração do ESL.;ACIONAR AGENTE/RESPONSÁVEL
566219;A6631;ARES;00019200000014059061;SP;MINISTÉRIO DA SAUDE;27/08/2026 23:52;28/08/2026 11:57;28/08/2026 11:57;RECEBIDO NO CLIENTE;8311;Rodoviário;27/08/2026 23:52;28/08/2026 12:04;;24/08/2026 10:39;11;NÃO;FORA DE GRU;AGENTE;SYS - Usuário sistema;TRANSPORTE;EM ROTA -TERCEIROS;PENDENTE RECEBIMENTO;TRANSPORTE · EM ROTA -TERCEIROS · PENDENTE RECEBIMENTO;A6631;28/08/2026 05:11;;Datalogger enviado para agente VTC OPERADORA LOGISTICA LTDA pelo serviço de integração do ESL.;ACIONAR AGENTE/RESPONSÁVEL
565887;A1377;ARES;00019200000014055139;PE;MINISTÉRIO DA SAUDE;26/08/2026 01:32;28/08/2026 11:41;28/08/2026 11:41;RECEBIDO NO CLIENTE;8264;MultiModal;26/08/2026 17:36;27/08/2026 00:37;;28/08/2026 11:18;11;NÃO;RETORNANDO PARA GRU (NÃO RECEBIDO);RETORNANDO - GRU;VTC - MARIA LETICIA BRITO DA SILVA;EM ESTOQUE;SALDO DE ESTOQUE;PENDENTE RECEBIMENTO;EM ESTOQUE · SALDO DE ESTOQUE · PENDENTE RECEBIMENTO;A1377;01/09/2026 09:04;;Datalogger enviado para agente VTCLOG RECIFE pelo serviço de integração do ESL.;ACOMPANHAR RECEBIMENTO EM GRU
565277;A2897;ARES;00019200000014051591;MA;MINISTÉRIO DA SAUDE;26/08/2026 23:10;28/08/2026 11:33;28/08/2026 11:33;RECEBIDO NO CLIENTE;8289;MultiModal;27/08/2026 04:09;28/08/2026 04:16;;28/08/2026 11:15;11;NÃO;FORA DE GRU;AGENTE;AGENTE - LEILA NAZARE LIMA DE OLIVEIRA;TRANSPORTE;EM TRÂNSITO;PENDENTE RECEBIMENTO;TRANSPORTE · EM TRÂNSITO · PENDENTE RECEBIMENTO;A2897;31/08/2026 16:01;31596;Datalogger enviado para devolução pelo agente.;ACIONAR AGENTE/RESPONSÁVEL
565277;A9560;ARES;00019200000014051605;MA;MINISTÉRIO DA SAUDE;26/08/2026 23:10;28/08/2026 11:33;28/08/2026 11:33;RECEBIDO NO CLIENTE;8289;MultiModal;27/08/2026 04:09;28/08/2026 04:16;;28/08/2026 10:52;11;NÃO;FORA DE GRU;AGENTE;AGENTE - LEILA NAZARE LIMA DE OLIVEIRA;TRANSPORTE;EM TRÂNSITO;PENDENTE RECEBIMENTO;TRANSPORTE · EM TRÂNSITO · PENDENTE RECEBIMENTO;A9560;31/08/2026 16:02;31596;Datalogger enviado para devolução pelo agente.;ACIONAR AGENTE/RESPONSÁVEL
565277;A5675;ARES;00019200000014051613;MA;MINISTÉRIO DA SAUDE;26/08/2026 23:10;28/08/2026 11:33;28/08/2026 11:33;RECEBIDO NO CLIENTE;8289;MultiModal;27/08/2026 04:09;28/08/2026 04:16;;24/08/2026 11:40;11;NÃO;FORA DE GRU;AGENTE;AGENTE - LEILA NAZARE LIMA DE OLIVEIRA;TRANSPORTE;EM TRÂNSITO;PENDENTE RECEBIMENTO;TRANSPORTE · EM TRÂNSITO · PENDENTE RECEBIMENTO;A5675;31/08/2026 15:58;31596;Datalogger enviado para devolução pelo agente.;ACIONAR AGENTE/RESPONSÁVEL
565277;A4836;ARES;00019200000014051621;MA;MINISTÉRIO DA SAUDE;26/08/2026 23:10;28/08/2026 11:33;28/08/2026 11:33;RECEBIDO NO CLIENTE;8289;MultiModal;27/08/2026 04:09;28/08/2026 04:16;;28/08/2026 11:15;11;NÃO;FORA DE GRU;AGENTE;AGENTE - LEILA NAZARE LIMA DE OLIVEIRA;TRANSPORTE;EM TRÂNSITO;PENDENTE RECEBIMENTO;TRANSPORTE · EM TRÂNSITO · PENDENTE RECEBIMENTO;A4836;31/08/2026 16:02;31596;Datalogger enviado para devolução pelo agente.;ACIONAR AGENTE/RESPONSÁVEL
565277;A5836;ARES;00019200000014051630;MA;MINISTÉRIO DA SAUDE;26/08/2026 23:10;28/08/2026 11:33;28/08/2026 11:33;RECEBIDO NO CLIENTE;8289;MultiModal;27/08/2026 04:09;28/08/2026 04:16;;28/08/2026 10:52;11;NÃO;FORA DE GRU;AGENTE;AGENTE - LEILA NAZARE LIMA DE OLIVEIRA;TRANSPORTE;EM TRÂNSITO;PENDENTE RECEBIMENTO;TRANSPORTE · EM TRÂNSITO · PENDENTE RECEBIMENTO;A5836;31/08/2026 16:00;31596;Datalogger enviado para devolução pelo agente.;ACIONAR AGENTE/RESPONSÁVEL
565277;A6400;ARES;00019200000014051648;MA;MINISTÉRIO DA SAUDE;26/08/2026 23:10;28/08/2026 11:33;28/08/2026 11:33;RECEBIDO NO CLIENTE;8289;MultiModal;27/08/2026 04:09;28/08/2026 04:16;;28/08/2026 10:52;11;NÃO;FORA DE GRU;AGENTE;AGENTE - LEILA NAZARE LIMA DE OLIVEIRA;TRANSPORTE;EM TRÂNSITO;PENDENTE RECEBIMENTO;TRANSPORTE · EM TRÂNSITO · PENDENTE RECEBIMENTO;A6400;31/08/2026 16:02;31596;Datalogger enviado para devolução pelo agente.;ACIONAR AGENTE/RESPONSÁVEL
565277;A8387;ARES;00019200000014051656;MA;MINISTÉRIO DA SAUDE;26/08/2026 23:10;28/08/2026 11:33;28/08/2026 11:33;RECEBIDO NO CLIENTE;8289;MultiModal;27/08/2026 04:09;28/08/2026 04:16;;28/08/2026 11:15;11;NÃO;FORA DE GRU;AGENTE;AGENTE - LEILA NAZARE LIMA DE OLIVEIRA;TRANSPORTE;EM TRÂNSITO;PENDENTE RECEBIMENTO;TRANSPORTE · EM TRÂNSITO · PENDENTE RECEBIMENTO;A8387;31/08/2026 16:00;31596;Datalogger enviado para devolução pelo agente.;ACIONAR AGENTE/RESPONSÁVEL
565277;A5814;ARES;00019200000014051664;MA;MINISTÉRIO DA SAUDE;26/08/2026 23:10;28/08/2026 11:33;28/08/2026 11:33;RECEBIDO NO CLIENTE;8289;MultiModal;27/08/2026 04:09;28/08/2026 04:16;;28/08/2026 10:54;11;NÃO;FORA DE GRU;AGENTE;AGENTE - LEILA NAZARE LIMA DE OLIVEIRA;TRANSPORTE;EM TRÂNSITO;PENDENTE RECEBIMENTO;TRANSPORTE · EM TRÂNSITO · PENDENTE RECEBIMENTO;A5814;31/08/2026 15:58;31596;Datalogger enviado para devolução pelo agente.;ACIONAR AGENTE/RESPONSÁVEL
565277;A3911;ARES;00019200000014051672;MA;MINISTÉRIO DA SAUDE;26/08/2026 23:10;28/08/2026 11:33;28/08/2026 11:33;RECEBIDO NO CLIENTE;8289;MultiModal;27/08/2026 04:09;28/08/2026 04:16;;28/08/2026 10:55;11;NÃO;FORA DE GRU;AGENTE;AGENTE - LEILA NAZARE LIMA DE OLIVEIRA;TRANSPORTE;EM TRÂNSITO;PENDENTE RECEBIMENTO;TRANSPORTE · EM TRÂNSITO · PENDENTE RECEBIMENTO;A3911;31/08/2026 15:59;31596;Datalogger enviado para devolução pelo agente.;ACIONAR AGENTE/RESPONSÁVEL
565277;A7273;ARES;00019200000014051680;MA;MINISTÉRIO DA SAUDE;26/08/2026 23:10;28/08/2026 11:33;28/08/2026 11:33;RECEBIDO NO CLIENTE;8289;MultiModal;27/08/2026 04:09;28/08/2026 04:16;;28/08/2026 10:55;11;NÃO;FORA DE GRU;AGENTE;AGENTE - LEILA NAZARE LIMA DE OLIVEIRA;TRANSPORTE;EM TRÂNSITO;PENDENTE RECEBIMENTO;TRANSPORTE · EM TRÂNSITO · PENDENTE RECEBIMENTO;A7273;31/08/2026 15:59;31596;Datalogger enviado para devolução pelo agente.;ACIONAR AGENTE/RESPONSÁVEL
565277;A6308;ARES;00019200000014051699;MA;MINISTÉRIO DA SAUDE;26/08/2026 23:10;28/08/2026 11:33;28/08/2026 11:33;RECEBIDO NO CLIENTE;8289;MultiModal;27/08/2026 04:09;28/08/2026 04:16;;28/08/2026 10:54;11;NÃO;FORA DE GRU;AGENTE;AGENTE - LEILA NAZARE LIMA DE OLIVEIRA;TRANSPORTE;EM TRÂNSITO;PENDENTE RECEBIMENTO;TRANSPORTE · EM TRÂNSITO · PENDENTE RECEBIMENTO;A6308;31/08/2026 16:01;31596;Datalogger enviado para devolução pelo agente.;ACIONAR AGENTE/RESPONSÁVEL
565277;A8669;ARES;00019200000014051702;MA;MINISTÉRIO DA SAUDE;26/08/2026 23:10;28/08/2026 11:33;28/08/2026 11:33;RECEBIDO NO CLIENTE;8289;MultiModal;27/08/2026 04:09;28/08/2026 04:16;;28/08/2026 10:53;11;NÃO;FORA DE GRU;AGENTE;AGENTE - LEILA NAZARE LIMA DE OLIVEIRA;TRANSPORTE;EM TRÂNSITO;PENDENTE RECEBIMENTO;TRANSPORTE · EM TRÂNSITO · PENDENTE RECEBIMENTO;A8669;31/08/2026 16:00;31596;Datalogger enviado para devolução pelo agente.;ACIONAR AGENTE/RESPONSÁVEL
565277;A5093;ARES;00019200000014051710;MA;MINISTÉRIO DA SAUDE;26/08/2026 23:10;28/08/2026 11:33;28/08/2026 11:33;RECEBIDO NO CLIENTE;8289;MultiModal;27/08/2026 04:09;28/08/2026 04:16;;28/08/2026 10:54;11;NÃO;FORA DE GRU;AGENTE;AGENTE - LEILA NAZARE LIMA DE OLIVEIRA;TRANSPORTE;EM TRÂNSITO;PENDENTE RECEBIMENTO;TRANSPORTE · EM TRÂNSITO · PENDENTE RECEBIMENTO;A5093;31/08/2026 15:59;31596;Datalogger enviado para devolução pelo agente.;ACIONAR AGENTE/RESPONSÁVEL
565277;A3525;ARES;00019200000014051729;MA;MINISTÉRIO DA SAUDE;26/08/2026 23:10;28/08/2026 11:33;28/08/2026 11:33;RECEBIDO NO CLIENTE;8289;MultiModal;27/08/2026 04:09;28/08/2026 04:16;;24/08/2026 10:56;11;NÃO;FORA DE GRU;AGENTE;AGENTE - LEILA NAZARE LIMA DE OLIVEIRA;TRANSPORTE;EM TRÂNSITO;PENDENTE RECEBIMENTO;TRANSPORTE · EM TRÂNSITO · PENDENTE RECEBIMENTO;A3525;31/08/2026 15:59;31596;Datalogger enviado para devolução pelo agente.;ACIONAR AGENTE/RESPONSÁVEL
565277;A4297;ARES;00019200000014051737;MA;MINISTÉRIO DA SAUDE;26/08/2026 23:10;28/08/2026 11:33;28/08/2026 11:33;RECEBIDO NO CLIENTE;8289;MultiModal;27/08/2026 04:09;28/08/2026 04:16;;28/08/2026 10:54;11;NÃO;FORA DE GRU;AGENTE;AGENTE - LEILA NAZARE LIMA DE OLIVEIRA;TRANSPORTE;EM TRÂNSITO;PENDENTE RECEBIMENTO;TRANSPORTE · EM TRÂNSITO · PENDENTE RECEBIMENTO;A4297;31/08/2026 16:01;31596;Datalogger enviado para devolução pelo agente.;ACIONAR AGENTE/RESPONSÁVEL
565277;A5841;ARES;00019200000014051745;MA;MINISTÉRIO DA SAUDE;26/08/2026 23:10;28/08/2026 11:33;28/08/2026 11:33;RECEBIDO NO CLIENTE;8289;MultiModal;27/08/2026 04:09;28/08/2026 04:16;;28/08/2026 11:15;11;NÃO;FORA DE GRU;AGENTE;AGENTE - LEILA NAZARE LIMA DE OLIVEIRA;TRANSPORTE;EM TRÂNSITO;PENDENTE RECEBIMENTO;TRANSPORTE · EM TRÂNSITO · PENDENTE RECEBIMENTO;A5841;31/08/2026 16:01;31596;Datalogger enviado para devolução pelo agente.;ACIONAR AGENTE/RESPONSÁVEL
565277;A9359;ARES;00019200000014051753;MA;MINISTÉRIO DA SAUDE;26/08/2026 23:10;28/08/2026 11:33;28/08/2026 11:33;RECEBIDO NO CLIENTE;8289;MultiModal;27/08/2026 04:09;28/08/2026 04:16;;28/08/2026 11:15;11;NÃO;FORA DE GRU;AGENTE;AGENTE - LEILA NAZARE LIMA DE OLIVEIRA;TRANSPORTE;EM TRÂNSITO;PENDENTE RECEBIMENTO;TRANSPORTE · EM TRÂNSITO · PENDENTE RECEBIMENTO;A9359;31/08/2026 16:02;31596;Datalogger enviado para devolução pelo agente.;ACIONAR AGENTE/RESPONSÁVEL
565277;A0256;ARES;00019200000014051761;MA;MINISTÉRIO DA SAUDE;26/08/2026 23:10;28/08/2026 11:33;28/08/2026 11:33;RECEBIDO NO CLIENTE;8289;MultiModal;27/08/2026 04:09;28/08/2026 04:16;;28/08/2026 10:52;11;NÃO;FORA DE GRU;AGENTE;AGENTE - LEILA NAZARE LIMA DE OLIVEIRA;TRANSPORTE;EM TRÂNSITO;PENDENTE RECEBIMENTO;TRANSPORTE · EM TRÂNSITO · PENDENTE RECEBIMENTO;A0256;31/08/2026 16:01;31596;Datalogger enviado para devolução pelo agente.;ACIONAR AGENTE/RESPONSÁVEL
565277;A5150;ARES;00019200000014051770;MA;MINISTÉRIO DA SAUDE;26/08/2026 23:10;28/08/2026 11:33;28/08/2026 11:33;RECEBIDO NO CLIENTE;8289;MultiModal;27/08/2026 04:09;28/08/2026 04:16;;28/08/2026 10:53;11;NÃO;FORA DE GRU;AGENTE;AGENTE - LEILA NAZARE LIMA DE OLIVEIRA;TRANSPORTE;EM TRÂNSITO;PENDENTE RECEBIMENTO;TRANSPORTE · EM TRÂNSITO · PENDENTE RECEBIMENTO;A5150;31/08/2026 15:58;31596;Datalogger enviado para devolução pelo agente.;ACIONAR AGENTE/RESPONSÁVEL
565277;TA1114;ARES;00019200000014051788;MA;MINISTÉRIO DA SAUDE;26/08/2026 23:10;28/08/2026 11:33;28/08/2026 11:33;RECEBIDO NO CLIENTE;8289;MultiModal;27/08/2026 04:09;28/08/2026 04:16;;28/08/2026 10:54;11;NÃO;FORA DE GRU;AGENTE;AGENTE - LEILA NAZARE LIMA DE OLIVEIRA;TRANSPORTE;EM TRÂNSITO;PENDENTE RECEBIMENTO;TRANSPORTE · EM TRÂNSITO · PENDENTE RECEBIMENTO;TA1114;31/08/2026 16:00;31596;Datalogger enviado para devolução pelo agente.;ACIONAR AGENTE/RESPONSÁVEL
565277;A8486;ARES;00019200000014051796;MA;MINISTÉRIO DA SAUDE;26/08/2026 23:10;28/08/2026 11:33;28/08/2026 11:33;RECEBIDO NO CLIENTE;8289;MultiModal;27/08/2026 04:09;28/08/2026 04:16;;28/08/2026 10:54;11;NÃO;FORA DE GRU;AGENTE;AGENTE - LEILA NAZARE LIMA DE OLIVEIRA;TRANSPORTE;EM TRÂNSITO;PENDENTE RECEBIMENTO;TRANSPORTE · EM TRÂNSITO · PENDENTE RECEBIMENTO;A8486;31/08/2026 15:59;31596;Datalogger enviado para devolução pelo agente.;ACIONAR AGENTE/RESPONSÁVEL
565277;A3468;ARES;00019200000014051800;MA;MINISTÉRIO DA SAUDE;26/08/2026 23:10;28/08/2026 11:33;28/08/2026 11:33;RECEBIDO NO CLIENTE;8289;MultiModal;27/08/2026 04:09;28/08/2026 04:16;;28/08/2026 11:15;11;NÃO;FORA DE GRU;AGENTE;AGENTE - LEILA NAZARE LIMA DE OLIVEIRA;TRANSPORTE;EM TRÂNSITO;PENDENTE RECEBIMENTO;TRANSPORTE · EM TRÂNSITO · PENDENTE RECEBIMENTO;A3468;31/08/2026 16:02;31596;Datalogger enviado para devolução pelo agente.;ACIONAR AGENTE/RESPONSÁVEL
565277;A7464;ARES;00019200000014051826;MA;MINISTÉRIO DA SAUDE;26/08/2026 23:10;28/08/2026 11:33;28/08/2026 11:33;RECEBIDO NO CLIENTE;8289;MultiModal;27/08/2026 04:09;28/08/2026 04:16;;28/08/2026 11:15;11;NÃO;FORA DE GRU;AGENTE;AGENTE - LEILA NAZARE LIMA DE OLIVEIRA;TRANSPORTE;EM TRÂNSITO;PENDENTE RECEBIMENTO;TRANSPORTE · EM TRÂNSITO · PENDENTE RECEBIMENTO;A7464;31/08/2026 16:00;31596;Datalogger enviado para devolução pelo agente.;ACIONAR AGENTE/RESPONSÁVEL
565277;A4209;ARES;00019200000014051834;MA;MINISTÉRIO DA SAUDE;26/08/2026 23:10;28/08/2026 11:33;28/08/2026 11:33;RECEBIDO NO CLIENTE;8289;MultiModal;27/08/2026 04:09;28/08/2026 04:16;;28/08/2026 10:54;11;NÃO;FORA DE GRU;AGENTE;AGENTE - LEILA NAZARE LIMA DE OLIVEIRA;TRANSPORTE;EM TRÂNSITO;PENDENTE RECEBIMENTO;TRANSPORTE · EM TRÂNSITO · PENDENTE RECEBIMENTO;A4209;31/08/2026 15:58;31596;Datalogger enviado para devolução pelo agente.;ACIONAR AGENTE/RESPONSÁVEL
565277;A6796;ARES;00019200000014051842;MA;MINISTÉRIO DA SAUDE;26/08/2026 23:10;28/08/2026 11:33;28/08/2026 11:33;RECEBIDO NO CLIENTE;8289;MultiModal;27/08/2026 04:09;28/08/2026 04:16;;28/08/2026 11:15;11;NÃO;FORA DE GRU;AGENTE;AGENTE - LEILA NAZARE LIMA DE OLIVEIRA;TRANSPORTE;EM TRÂNSITO;PENDENTE RECEBIMENTO;TRANSPORTE · EM TRÂNSITO · PENDENTE RECEBIMENTO;A6796;31/08/2026 16:00;31596;Datalogger enviado para devolução pelo agente.;ACIONAR AGENTE/RESPONSÁVEL
565277;A2608;ARES;00019200000014051850;MA;MINISTÉRIO DA SAUDE;26/08/2026 23:10;28/08/2026 11:33;28/08/2026 11:33;RECEBIDO NO CLIENTE;8289;MultiModal;27/08/2026 04:09;28/08/2026 04:16;;28/08/2026 10:54;11;NÃO;FORA DE GRU;AGENTE;AGENTE - LEILA NAZARE LIMA DE OLIVEIRA;TRANSPORTE;EM TRÂNSITO;PENDENTE RECEBIMENTO;TRANSPORTE · EM TRÂNSITO · PENDENTE RECEBIMENTO;A2608;31/08/2026 15:59;31596;Datalogger enviado para devolução pelo agente.;ACIONAR AGENTE/RESPONSÁVEL
565277;A7970;ARES;00019200000014051869;MA;MINISTÉRIO DA SAUDE;26/08/2026 23:10;28/08/2026 11:33;28/08/2026 11:33;RECEBIDO NO CLIENTE;8289;MultiModal;27/08/2026 04:09;28/08/2026 04:16;;28/08/2026 10:53;11;NÃO;FORA DE GRU;AGENTE;AGENTE - LEILA NAZARE LIMA DE OLIVEIRA;TRANSPORTE;EM TRÂNSITO;PENDENTE RECEBIMENTO;TRANSPORTE · EM TRÂNSITO · PENDENTE RECEBIMENTO;A7970;31/08/2026 16:02;31596;Datalogger enviado para devolução pelo agente.;ACIONAR AGENTE/RESPONSÁVEL
565242;A8816;ARES;00019200000014022486;MT;MINISTÉRIO DA SAUDE;27/08/2026 03:29;28/08/2026 10:40;;ENTREGUE;8296;MultiModal;28/08/2026 00:31;28/08/2026 04:37;;26/08/2026 13:33;11;NÃO;FORA DE GRU;AGENTE;AGENTE - EDINALDO PINTO CASSIMIRO;TRANSPORTE;EM ROTA -TERCEIROS;PENDENTE RECEBIMENTO;TRANSPORTE · EM ROTA -TERCEIROS · PENDENTE RECEBIMENTO;A8816;27/08/2026 04:33;;Datalogger enviado para agente JOSE DE MORAIS RODRIGUES (JR TRANSPORTES) pelo serviço de integração do ESL.;ACIONAR AGENTE/RESPONSÁVEL
565242;A7791;ARES;00019200000014055864;MT;MINISTÉRIO DA SAUDE;27/08/2026 03:29;28/08/2026 10:40;;ENTREGUE;8296;MultiModal;28/08/2026 00:31;28/08/2026 04:37;;26/08/2026 08:49;11;NÃO;FORA DE GRU;AGENTE;SYS - Usuário sistema;TRANSPORTE;EM ROTA -TERCEIROS;PENDENTE RECEBIMENTO;TRANSPORTE · EM ROTA -TERCEIROS · PENDENTE RECEBIMENTO;A7791;27/08/2026 04:33;;Datalogger enviado para agente JOSE DE MORAIS RODRIGUES (JR TRANSPORTES) pelo serviço de integração do ESL.;ACIONAR AGENTE/RESPONSÁVEL
565242;A2555;ARES;00019200000014055902;MT;MINISTÉRIO DA SAUDE;27/08/2026 03:29;28/08/2026 10:40;;ENTREGUE;8296;MultiModal;28/08/2026 00:31;28/08/2026 04:37;;25/08/2026 15:57;11;NÃO;FORA DE GRU;AGENTE;AGENTE - KESIA SARAI ARAUJO SILVA;TRANSPORTE;EM ROTA -TERCEIROS;PENDENTE RECEBIMENTO;TRANSPORTE · EM ROTA -TERCEIROS · PENDENTE RECEBIMENTO;A2555;27/08/2026 04:33;;Datalogger enviado para agente JOSE DE MORAIS RODRIGUES (JR TRANSPORTES) pelo serviço de integração do ESL.;ACIONAR AGENTE/RESPONSÁVEL
565242;A3612;ARES;00019200000014055953;MT;MINISTÉRIO DA SAUDE;27/08/2026 03:29;28/08/2026 10:40;;ENTREGUE;8296;MultiModal;28/08/2026 00:31;28/08/2026 04:37;;24/08/2026 13:32;11;NÃO;FORA DE GRU;AGENTE;SYS - Usuário sistema;TRANSPORTE;EM ROTA -TERCEIROS;PENDENTE RECEBIMENTO;TRANSPORTE · EM ROTA -TERCEIROS · PENDENTE RECEBIMENTO;A3612;27/08/2026 04:33;;Datalogger enviado para agente JOSE DE MORAIS RODRIGUES (JR TRANSPORTES) pelo serviço de integração do ESL.;ACIONAR AGENTE/RESPONSÁVEL
565242;A8206;ARES;00019200000014055988;MT;MINISTÉRIO DA SAUDE;27/08/2026 03:29;28/08/2026 10:40;;ENTREGUE;8296;MultiModal;28/08/2026 00:31;28/08/2026 04:37;;26/08/2026 11:06;11;NÃO;FORA DE GRU;AGENTE;SYS - Usuário sistema;TRANSPORTE;EM ROTA -TERCEIROS;PENDENTE RECEBIMENTO;TRANSPORTE · EM ROTA -TERCEIROS · PENDENTE RECEBIMENTO;A8206;27/08/2026 04:33;;Datalogger enviado para agente JOSE DE MORAIS RODRIGUES (JR TRANSPORTES) pelo serviço de integração do ESL.;ACIONAR AGENTE/RESPONSÁVEL
565242;A4470;ARES;00019200000014055996;MT;MINISTÉRIO DA SAUDE;27/08/2026 03:29;28/08/2026 10:40;;ENTREGUE;8296;MultiModal;28/08/2026 00:31;28/08/2026 04:37;;26/08/2026 13:56;11;NÃO;FORA DE GRU;AGENTE;AGENTE - ROSANA HONORATO DA SILVA;TRANSPORTE;EM ROTA -TERCEIROS;PENDENTE RECEBIMENTO;TRANSPORTE · EM ROTA -TERCEIROS · PENDENTE RECEBIMENTO;A4470;27/08/2026 04:33;;Datalogger enviado para agente JOSE DE MORAIS RODRIGUES (JR TRANSPORTES) pelo serviço de integração do ESL.;ACIONAR AGENTE/RESPONSÁVEL
565242;TA0918;ARES;00019200000014056003;MT;MINISTÉRIO DA SAUDE;27/08/2026 03:29;28/08/2026 10:40;;ENTREGUE;8296;MultiModal;28/08/2026 00:31;28/08/2026 04:37;;26/08/2026 10:49;11;NÃO;FORA DE GRU;AGENTE;SYS - Usuário sistema;TRANSPORTE;EM ROTA -TERCEIROS;PENDENTE RECEBIMENTO;TRANSPORTE · EM ROTA -TERCEIROS · PENDENTE RECEBIMENTO;TA0918;27/08/2026 04:33;;Datalogger enviado para agente JOSE DE MORAIS RODRIGUES (JR TRANSPORTES) pelo serviço de integração do ESL.;ACIONAR AGENTE/RESPONSÁVEL
565242;A5209;ARES;00019200000014056038;MT;MINISTÉRIO DA SAUDE;27/08/2026 03:29;28/08/2026 10:40;;ENTREGUE;8296;MultiModal;28/08/2026 00:31;28/08/2026 04:37;;26/08/2026 13:25;11;NÃO;FORA DE GRU;AGENTE;AGENTE - MARCOS JOSE ARAUJO DE ASSIS;TRANSPORTE;EM ROTA -TERCEIROS;PENDENTE RECEBIMENTO;TRANSPORTE · EM ROTA -TERCEIROS · PENDENTE RECEBIMENTO;A5209;27/08/2026 04:33;;Datalogger enviado para agente JOSE DE MORAIS RODRIGUES (JR TRANSPORTES) pelo serviço de integração do ESL.;ACIONAR AGENTE/RESPONSÁVEL
565242;A5304;ARES;00019200000014056097;MT;MINISTÉRIO DA SAUDE;27/08/2026 03:29;28/08/2026 10:40;;ENTREGUE;8296;MultiModal;28/08/2026 00:31;28/08/2026 04:37;;26/08/2026 16:51;11;NÃO;FORA DE GRU;AGENTE;AGENTE - ROSANA HONORATO DA SILVA;TRANSPORTE;EM ROTA -TERCEIROS;PENDENTE RECEBIMENTO;TRANSPORTE · EM ROTA -TERCEIROS · PENDENTE RECEBIMENTO;A5304;27/08/2026 04:33;;Datalogger enviado para agente JOSE DE MORAIS RODRIGUES (JR TRANSPORTES) pelo serviço de integração do ESL.;ACIONAR AGENTE/RESPONSÁVEL
565242;TA0355;ARES;00019200000014056100;MT;MINISTÉRIO DA SAUDE;27/08/2026 03:29;28/08/2026 10:40;;ENTREGUE;8296;MultiModal;28/08/2026 00:31;28/08/2026 04:37;;26/08/2026 12:52;11;NÃO;FORA DE GRU;AGENTE;AGENTE - EDINALDO PINTO CASSIMIRO;TRANSPORTE;EM ROTA -TERCEIROS;PENDENTE RECEBIMENTO;TRANSPORTE · EM ROTA -TERCEIROS · PENDENTE RECEBIMENTO;TA0355;27/08/2026 04:33;;Datalogger enviado para agente JOSE DE MORAIS RODRIGUES (JR TRANSPORTES) pelo serviço de integração do ESL.;ACIONAR AGENTE/RESPONSÁVEL
565914;A7518;ARES;00019200000014045303;MA;MINISTÉRIO DA SAUDE;26/08/2026 01:44;28/08/2026 10:00;;ENTREGUE;8264;MultiModal;26/08/2026 20:25;27/08/2026 02:20;;28/08/2026 09:34;11;NÃO;FORA DE GRU;AGENTE;AGENTE - LEILA NAZARE LIMA DE OLIVEIRA;TRANSPORTE;EM TRÂNSITO;PENDENTE RECEBIMENTO;TRANSPORTE · EM TRÂNSITO · PENDENTE RECEBIMENTO;A7518;31/08/2026 16:36;31596;Datalogger enviado para devolução pelo agente.;ACIONAR AGENTE/RESPONSÁVEL
565914;A6737;ARES;00019200000014045311;MA;MINISTÉRIO DA SAUDE;26/08/2026 01:44;28/08/2026 10:00;;ENTREGUE;8264;MultiModal;26/08/2026 20:25;27/08/2026 02:20;;28/08/2026 09:34;11;NÃO;FORA DE GRU;AGENTE;AGENTE - LEILA NAZARE LIMA DE OLIVEIRA;TRANSPORTE;EM TRÂNSITO;PENDENTE RECEBIMENTO;TRANSPORTE · EM TRÂNSITO · PENDENTE RECEBIMENTO;A6737;31/08/2026 16:36;31596;Datalogger enviado para devolução pelo agente.;ACIONAR AGENTE/RESPONSÁVEL
565914;TA0668;ARES;00019200000014045320;MA;MINISTÉRIO DA SAUDE;26/08/2026 01:44;28/08/2026 10:00;;ENTREGUE;8264;MultiModal;26/08/2026 20:25;27/08/2026 02:20;;28/08/2026 09:35;11;NÃO;FORA DE GRU;AGENTE;AGENTE - LEILA NAZARE LIMA DE OLIVEIRA;TRANSPORTE;EM TRÂNSITO;PENDENTE RECEBIMENTO;TRANSPORTE · EM TRÂNSITO · PENDENTE RECEBIMENTO;TA0668;31/08/2026 16:36;31596;Datalogger enviado para devolução pelo agente.;ACIONAR AGENTE/RESPONSÁVEL
565914;TA0340;ARES;00019200000014045338;MA;MINISTÉRIO DA SAUDE;26/08/2026 01:44;28/08/2026 10:00;;ENTREGUE;8264;MultiModal;26/08/2026 20:25;27/08/2026 02:20;;28/08/2026 09:35;11;NÃO;FORA DE GRU;AGENTE;AGENTE - LEILA NAZARE LIMA DE OLIVEIRA;TRANSPORTE;EM TRÂNSITO;PENDENTE RECEBIMENTO;TRANSPORTE · EM TRÂNSITO · PENDENTE RECEBIMENTO;TA0340;31/08/2026 16:36;31596;Datalogger enviado para devolução pelo agente.;ACIONAR AGENTE/RESPONSÁVEL
565229;A5911;ARES;00019200000014049732;PR;MINISTÉRIO DA SAUDE;26/08/2026 19:39;28/08/2026 09:13;;ENTREGUE;;Rodoviário;;;;26/08/2026 11:06;11;NÃO;FORA DE GRU;AGENTE;AGENTE - KESIA SARAI ARAUJO SILVA;TRANSPORTE;EM ROTA -TERCEIROS;PENDENTE RECEBIMENTO;TRANSPORTE · EM ROTA -TERCEIROS · PENDENTE RECEBIMENTO;A5911;27/08/2026 02:14;;Datalogger enviado para agente VTC OPERADORA LOGISTICA LTDA pelo serviço de integração do ESL.;ACIONAR AGENTE/RESPONSÁVEL
565962;A9519;ARES;00019200000014019620;MT;MINISTÉRIO DA SAUDE;26/08/2026 01:44;28/08/2026 08:57;;ENTREGUE;8264;MultiModal;27/08/2026 00:28;27/08/2026 04:46;;27/08/2026 12:12;11;NÃO;FORA DE GRU;AGENTE;AGENTE - TATIANE PAZ SANTANA;TRANSPORTE;EM ROTA -TERCEIROS;PENDENTE RECEBIMENTO;TRANSPORTE · EM ROTA -TERCEIROS · PENDENTE RECEBIMENTO;A9519;26/08/2026 05:50;;Datalogger enviado para agente JOSE DE MORAIS RODRIGUES (JR TRANSPORTES) pelo serviço de integração do ESL.;ACIONAR AGENTE/RESPONSÁVEL
565596;A4277;ARES;00019200000014019752;RS;MINISTÉRIO DA SAUDE;26/08/2026 05:09;28/08/2026 08:30;;ENTREGUE;8277;MultiModal;26/08/2026 11:31;27/08/2026 06:23;;25/08/2026 12:55;11;NÃO;FORA DE GRU;AGENTE;AGENTE - PAULO FERNANDO CARVALHO ANDRADES;TRANSPORTE;EM ROTA -TERCEIROS;RECEBIDO;TRANSPORTE · EM ROTA -TERCEIROS · RECEBIDO;A4277;04/09/2026 11:48;;Datalogger recebido pelo agente com sucesso.;ACIONAR AGENTE/RESPONSÁVEL
565898;A4815;ARES;00019200000014055155;PI;MINISTÉRIO DA SAUDE;25/08/2026 22:34;27/08/2026 17:20;;ENTREGUE;8260;MultiModal;26/08/2026 02:18;26/08/2026 23:02;;27/08/2026 10:17;12;NÃO;FORA DE GRU;AGENTE;AGENTE - DANILO MESAQUE DOS SANTOS TEIXEIRA;TRANSPORTE;EM ROTA -TERCEIROS;RECEBIDO;TRANSPORTE · EM ROTA -TERCEIROS · RECEBIDO;A4815;03/09/2026 11:31;;Datalogger recebido pelo agente com sucesso.;ACIONAR AGENTE/RESPONSÁVEL
565912;A8013;ARES;00019200000014049376;TO;MINISTÉRIO DA SAUDE;25/08/2026 22:31;27/08/2026 16:45;;ENTREGUE;8260;MultiModal;27/08/2026 07:56;27/08/2026 12:49;;25/08/2026 09:13;12;NÃO;FORA DE GRU;AGENTE;AGENTE - CHARLE BRASIL SILVERIO;TRANSPORTE;EM ROTA -TERCEIROS;PENDENTE RECEBIMENTO;TRANSPORTE · EM ROTA -TERCEIROS · PENDENTE RECEBIMENTO;A8013;25/08/2026 23:58;;Datalogger enviado para agente MK BILLIG TRANSPORTE DE CARGAS E LOGISTICA LTDA pelo serviço de integração do ESL.;ACIONAR AGENTE/RESPONSÁVEL
565455;A6883;ARES;00019200000014037629;TO;MINISTÉRIO DA SAUDE;25/08/2026 22:32;27/08/2026 16:40;;ENTREGUE;8260;MultiModal;27/08/2026 07:56;27/08/2026 12:49;;25/08/2026 11:44;12;NÃO;FORA DE GRU;AGENTE;AGENTE - NAYANA BATISTA DA SILVA;TRANSPORTE;EM ROTA -TERCEIROS;PENDENTE RECEBIMENTO;TRANSPORTE · EM ROTA -TERCEIROS · PENDENTE RECEBIMENTO;A6883;25/08/2026 23:56;;Datalogger enviado para agente MK BILLIG TRANSPORTE DE CARGAS E LOGISTICA LTDA pelo serviço de integração do ESL.;ACIONAR AGENTE/RESPONSÁVEL
565455;A3977;ARES;00019200000014037637;TO;MINISTÉRIO DA SAUDE;25/08/2026 22:32;27/08/2026 16:40;;ENTREGUE;8260;MultiModal;27/08/2026 07:56;27/08/2026 12:49;;25/08/2026 15:25;12;NÃO;FORA DE GRU;AGENTE;AGENTE - IARA HOLANDA NOZOR TELES;TRANSPORTE;EM ROTA -TERCEIROS;PENDENTE RECEBIMENTO;TRANSPORTE · EM ROTA -TERCEIROS · PENDENTE RECEBIMENTO;A3977;25/08/2026 23:56;;Datalogger enviado para agente MK BILLIG TRANSPORTE DE CARGAS E LOGISTICA LTDA pelo serviço de integração do ESL.;ACIONAR AGENTE/RESPONSÁVEL
565455;A4551;ARES;00019200000014037645;TO;MINISTÉRIO DA SAUDE;25/08/2026 22:32;27/08/2026 16:40;;ENTREGUE;8260;MultiModal;27/08/2026 07:56;27/08/2026 12:49;;25/08/2026 13:02;12;NÃO;FORA DE GRU;AGENTE;SYS - Usuário sistema;TRANSPORTE;EM ROTA -TERCEIROS;PENDENTE RECEBIMENTO;TRANSPORTE · EM ROTA -TERCEIROS · PENDENTE RECEBIMENTO;A4551;25/08/2026 23:56;;Datalogger enviado para agente MK BILLIG TRANSPORTE DE CARGAS E LOGISTICA LTDA pelo serviço de integração do ESL.;ACIONAR AGENTE/RESPONSÁVEL
565835;A0288;ARES;00019200000014055422;TO;MINISTÉRIO DA SAUDE;25/08/2026 22:31;27/08/2026 16:40;;ENTREGUE;8260;MultiModal;27/08/2026 07:56;27/08/2026 12:49;;18/08/2026 12:59;12;NÃO;FORA DE GRU;AGENTE;AGENTE - THAIS OLIVEIRA GATINHO;TRANSPORTE;EM ROTA -TERCEIROS;PENDENTE RECEBIMENTO;TRANSPORTE · EM ROTA -TERCEIROS · PENDENTE RECEBIMENTO;A0288;25/08/2026 23:56;;Datalogger enviado para agente MK BILLIG TRANSPORTE DE CARGAS E LOGISTICA LTDA pelo serviço de integração do ESL.;ACIONAR AGENTE/RESPONSÁVEL
565809;TA0092;ARES;00019200000014049287;MA;MINISTÉRIO DA SAUDE;26/08/2026 01:32;27/08/2026 16:29;27/08/2026 16:29;RECEBIDO NO CLIENTE;8264;MultiModal;26/08/2026 20:25;27/08/2026 02:20;;27/08/2026 09:25;12;NÃO;FORA DE GRU;AGENTE;AGENTE - LEILA NAZARE LIMA DE OLIVEIRA;TRANSPORTE;EM TRÂNSITO;PENDENTE RECEBIMENTO;TRANSPORTE · EM TRÂNSITO · PENDENTE RECEBIMENTO;TA0092;31/08/2026 16:27;31596;Datalogger enviado para devolução pelo agente.;ACIONAR AGENTE/RESPONSÁVEL
565282;TA0682;ARES;00019200000014044900;MA;MINISTÉRIO DA SAUDE;26/08/2026 01:32;27/08/2026 16:13;27/08/2026 16:13;RECEBIDO NO CLIENTE;8264;MultiModal;26/08/2026 20:25;27/08/2026 02:20;;27/08/2026 15:56;12;NÃO;FORA DE GRU;AGENTE;AGENTE - LEILA NAZARE LIMA DE OLIVEIRA;TRANSPORTE;EM TRÂNSITO;PENDENTE RECEBIMENTO;TRANSPORTE · EM TRÂNSITO · PENDENTE RECEBIMENTO;TA0682;31/08/2026 16:25;31596;Datalogger enviado para devolução pelo agente.;ACIONAR AGENTE/RESPONSÁVEL
565282;A5869;ARES;00019200000014044919;MA;MINISTÉRIO DA SAUDE;26/08/2026 01:32;27/08/2026 16:13;27/08/2026 16:13;RECEBIDO NO CLIENTE;8264;MultiModal;26/08/2026 20:25;27/08/2026 02:20;;27/08/2026 15:56;12;NÃO;FORA DE GRU;AGENTE;AGENTE - LEILA NAZARE LIMA DE OLIVEIRA;TRANSPORTE;EM TRÂNSITO;PENDENTE RECEBIMENTO;TRANSPORTE · EM TRÂNSITO · PENDENTE RECEBIMENTO;A5869;31/08/2026 16:26;31596;Datalogger enviado para devolução pelo agente.;ACIONAR AGENTE/RESPONSÁVEL
565282;A6947;ARES;00019200000014044927;MA;MINISTÉRIO DA SAUDE;26/08/2026 01:32;27/08/2026 16:13;27/08/2026 16:13;RECEBIDO NO CLIENTE;8264;MultiModal;26/08/2026 20:25;27/08/2026 02:20;;27/08/2026 15:56;12;NÃO;FORA DE GRU;AGENTE;AGENTE - LEILA NAZARE LIMA DE OLIVEIRA;TRANSPORTE;EM TRÂNSITO;PENDENTE RECEBIMENTO;TRANSPORTE · EM TRÂNSITO · PENDENTE RECEBIMENTO;A6947;31/08/2026 16:26;31596;Datalogger enviado para devolução pelo agente.;ACIONAR AGENTE/RESPONSÁVEL
565282;TA0546;ARES;00019200000014044978;MA;MINISTÉRIO DA SAUDE;26/08/2026 01:32;27/08/2026 16:13;27/08/2026 16:13;RECEBIDO NO CLIENTE;8264;MultiModal;26/08/2026 20:25;27/08/2026 02:20;;27/08/2026 15:56;12;NÃO;FORA DE GRU;AGENTE;AGENTE - LEILA NAZARE LIMA DE OLIVEIRA;TRANSPORTE;EM TRÂNSITO;PENDENTE RECEBIMENTO;TRANSPORTE · EM TRÂNSITO · PENDENTE RECEBIMENTO;TA0546;31/08/2026 16:25;31596;Datalogger enviado para devolução pelo agente.;ACIONAR AGENTE/RESPONSÁVEL
565282;TA0002;ARES;00019200000014044986;MA;MINISTÉRIO DA SAUDE;26/08/2026 01:32;27/08/2026 16:13;27/08/2026 16:13;RECEBIDO NO CLIENTE;8264;MultiModal;26/08/2026 20:25;27/08/2026 02:20;;27/08/2026 15:56;12;NÃO;FORA DE GRU;AGENTE;AGENTE - LEILA NAZARE LIMA DE OLIVEIRA;TRANSPORTE;EM TRÂNSITO;PENDENTE RECEBIMENTO;TRANSPORTE · EM TRÂNSITO · PENDENTE RECEBIMENTO;TA0002;31/08/2026 16:25;31596;Datalogger enviado para devolução pelo agente.;ACIONAR AGENTE/RESPONSÁVEL
565282;A4126;ARES;00019200000014044994;MA;MINISTÉRIO DA SAUDE;26/08/2026 01:32;27/08/2026 16:13;27/08/2026 16:13;RECEBIDO NO CLIENTE;8264;MultiModal;26/08/2026 20:25;27/08/2026 02:20;;27/08/2026 15:56;12;NÃO;FORA DE GRU;AGENTE;AGENTE - LEILA NAZARE LIMA DE OLIVEIRA;TRANSPORTE;EM TRÂNSITO;PENDENTE RECEBIMENTO;TRANSPORTE · EM TRÂNSITO · PENDENTE RECEBIMENTO;A4126;31/08/2026 16:25;31596;Datalogger enviado para devolução pelo agente.;ACIONAR AGENTE/RESPONSÁVEL
565282;A1750;ARES;00019200000014045001;MA;MINISTÉRIO DA SAUDE;26/08/2026 01:32;27/08/2026 16:13;27/08/2026 16:13;RECEBIDO NO CLIENTE;8264;MultiModal;26/08/2026 20:25;27/08/2026 02:20;;27/08/2026 15:56;12;NÃO;FORA DE GRU;AGENTE;AGENTE - LEILA NAZARE LIMA DE OLIVEIRA;TRANSPORTE;EM TRÂNSITO;PENDENTE RECEBIMENTO;TRANSPORTE · EM TRÂNSITO · PENDENTE RECEBIMENTO;A1750;31/08/2026 16:26;31596;Datalogger enviado para devolução pelo agente.;ACIONAR AGENTE/RESPONSÁVEL
565282;A4200;ARES;00019200000014045010;MA;MINISTÉRIO DA SAUDE;26/08/2026 01:32;27/08/2026 16:13;27/08/2026 16:13;RECEBIDO NO CLIENTE;8264;MultiModal;26/08/2026 20:25;27/08/2026 02:20;;27/08/2026 15:56;12;NÃO;FORA DE GRU;AGENTE;AGENTE - LEILA NAZARE LIMA DE OLIVEIRA;TRANSPORTE;EM TRÂNSITO;PENDENTE RECEBIMENTO;TRANSPORTE · EM TRÂNSITO · PENDENTE RECEBIMENTO;A4200;31/08/2026 16:26;31596;Datalogger enviado para devolução pelo agente.;ACIONAR AGENTE/RESPONSÁVEL
565282;A6177;ARES;00019200000014045028;MA;MINISTÉRIO DA SAUDE;26/08/2026 01:32;27/08/2026 16:13;27/08/2026 16:13;RECEBIDO NO CLIENTE;8264;MultiModal;26/08/2026 20:25;27/08/2026 02:20;;27/08/2026 15:56;12;NÃO;FORA DE GRU;AGENTE;AGENTE - LEILA NAZARE LIMA DE OLIVEIRA;TRANSPORTE;EM TRÂNSITO;PENDENTE RECEBIMENTO;TRANSPORTE · EM TRÂNSITO · PENDENTE RECEBIMENTO;A6177;31/08/2026 16:25;31596;Datalogger enviado para devolução pelo agente.;ACIONAR AGENTE/RESPONSÁVEL
565282;A2955;ARES;00019200000014045036;MA;MINISTÉRIO DA SAUDE;26/08/2026 01:32;27/08/2026 16:13;27/08/2026 16:13;RECEBIDO NO CLIENTE;8264;MultiModal;26/08/2026 20:25;27/08/2026 02:20;;27/08/2026 15:56;12;NÃO;FORA DE GRU;AGENTE;AGENTE - LEILA NAZARE LIMA DE OLIVEIRA;TRANSPORTE;EM TRÂNSITO;PENDENTE RECEBIMENTO;TRANSPORTE · EM TRÂNSITO · PENDENTE RECEBIMENTO;A2955;31/08/2026 16:26;31596;Datalogger enviado para devolução pelo agente.;ACIONAR AGENTE/RESPONSÁVEL
565282;A3259;ARES;00019200000014045044;MA;MINISTÉRIO DA SAUDE;26/08/2026 01:32;27/08/2026 16:13;27/08/2026 16:13;RECEBIDO NO CLIENTE;8264;MultiModal;26/08/2026 20:25;27/08/2026 02:20;;27/08/2026 15:56;12;NÃO;FORA DE GRU;AGENTE;AGENTE - LEILA NAZARE LIMA DE OLIVEIRA;TRANSPORTE;EM TRÂNSITO;PENDENTE RECEBIMENTO;TRANSPORTE · EM TRÂNSITO · PENDENTE RECEBIMENTO;A3259;31/08/2026 16:25;31596;Datalogger enviado para devolução pelo agente.;ACIONAR AGENTE/RESPONSÁVEL
565282;A2921;ARES;00019200000014045060;MA;MINISTÉRIO DA SAUDE;26/08/2026 01:32;27/08/2026 16:13;27/08/2026 16:13;RECEBIDO NO CLIENTE;8264;MultiModal;26/08/2026 20:25;27/08/2026 02:20;;27/08/2026 15:56;12;NÃO;FORA DE GRU;AGENTE;AGENTE - LEILA NAZARE LIMA DE OLIVEIRA;TRANSPORTE;EM TRÂNSITO;PENDENTE RECEBIMENTO;TRANSPORTE · EM TRÂNSITO · PENDENTE RECEBIMENTO;A2921;31/08/2026 16:26;31596;Datalogger enviado para devolução pelo agente.;ACIONAR AGENTE/RESPONSÁVEL
565282;A5700;ARES;00019200000014045079;MA;MINISTÉRIO DA SAUDE;26/08/2026 01:32;27/08/2026 16:13;27/08/2026 16:13;RECEBIDO NO CLIENTE;8264;MultiModal;26/08/2026 20:25;27/08/2026 02:20;;27/08/2026 15:56;12;NÃO;FORA DE GRU;AGENTE;AGENTE - LEILA NAZARE LIMA DE OLIVEIRA;TRANSPORTE;EM TRÂNSITO;PENDENTE RECEBIMENTO;TRANSPORTE · EM TRÂNSITO · PENDENTE RECEBIMENTO;A5700;31/08/2026 16:26;31596;Datalogger enviado para devolução pelo agente.;ACIONAR AGENTE/RESPONSÁVEL
565282;A1528;ARES;00019200000014045087;MA;MINISTÉRIO DA SAUDE;26/08/2026 01:32;27/08/2026 16:13;27/08/2026 16:13;RECEBIDO NO CLIENTE;8264;MultiModal;26/08/2026 20:25;27/08/2026 02:20;;25/08/2026 15:59;12;NÃO;FORA DE GRU;AGENTE;AGENTE - LEILA NAZARE LIMA DE OLIVEIRA;TRANSPORTE;EM TRÂNSITO;PENDENTE RECEBIMENTO;TRANSPORTE · EM TRÂNSITO · PENDENTE RECEBIMENTO;A1528;31/08/2026 16:26;31596;Datalogger enviado para devolução pelo agente.;ACIONAR AGENTE/RESPONSÁVEL
565282;A3871;ARES;00019200000014045095;MA;MINISTÉRIO DA SAUDE;26/08/2026 01:32;27/08/2026 16:13;27/08/2026 16:13;RECEBIDO NO CLIENTE;8264;MultiModal;26/08/2026 20:25;27/08/2026 02:20;;27/08/2026 15:56;12;NÃO;FORA DE GRU;AGENTE;AGENTE - LEILA NAZARE LIMA DE OLIVEIRA;TRANSPORTE;EM TRÂNSITO;PENDENTE RECEBIMENTO;TRANSPORTE · EM TRÂNSITO · PENDENTE RECEBIMENTO;A3871;31/08/2026 16:26;31596;Datalogger enviado para devolução pelo agente.;ACIONAR AGENTE/RESPONSÁVEL
565282;A9592;ARES;00019200000014045109;MA;MINISTÉRIO DA SAUDE;26/08/2026 01:32;27/08/2026 16:13;27/08/2026 16:13;RECEBIDO NO CLIENTE;8264;MultiModal;26/08/2026 20:25;27/08/2026 02:20;;27/08/2026 15:57;12;NÃO;FORA DE GRU;AGENTE;AGENTE - LEILA NAZARE LIMA DE OLIVEIRA;TRANSPORTE;EM TRÂNSITO;PENDENTE RECEBIMENTO;TRANSPORTE · EM TRÂNSITO · PENDENTE RECEBIMENTO;A9592;31/08/2026 16:26;31596;Datalogger enviado para devolução pelo agente.;ACIONAR AGENTE/RESPONSÁVEL
563021;A1390;ARES;00019200000013973002;MA;MINISTÉRIO DA SAUDE;26/08/2026 01:32;27/08/2026 16:00;;ENTREGUE;8264;MultiModal;26/08/2026 20:25;27/08/2026 02:20;;27/08/2026 09:25;12;NÃO;FORA DE GRU;AGENTE;AGENTE - LEILA NAZARE LIMA DE OLIVEIRA;TRANSPORTE;EM TRÂNSITO;PENDENTE RECEBIMENTO;TRANSPORTE · EM TRÂNSITO · PENDENTE RECEBIMENTO;A1390;31/08/2026 16:36;31596;Datalogger enviado para devolução pelo agente.;ACIONAR AGENTE/RESPONSÁVEL
565971;A8708;ARES;00019200000014019671;MA;MINISTÉRIO DA SAUDE;26/08/2026 01:44;27/08/2026 16:00;;ENTREGUE;8264;MultiModal;26/08/2026 20:25;27/08/2026 02:20;;27/08/2026 09:25;12;NÃO;FORA DE GRU;AGENTE;AGENTE - LEILA NAZARE LIMA DE OLIVEIRA;TRANSPORTE;EM TRÂNSITO;PENDENTE RECEBIMENTO;TRANSPORTE · EM TRÂNSITO · PENDENTE RECEBIMENTO;A8708;31/08/2026 16:36;31596;Datalogger enviado para devolução pelo agente.;ACIONAR AGENTE/RESPONSÁVEL
565983;A7294;ARES;00019200000014019680;MA;MINISTÉRIO DA SAUDE;26/08/2026 01:44;27/08/2026 16:00;;ENTREGUE;8264;MultiModal;26/08/2026 20:25;27/08/2026 02:20;;27/08/2026 09:25;12;NÃO;FORA DE GRU;AGENTE;AGENTE - LEILA NAZARE LIMA DE OLIVEIRA;TRANSPORTE;EM TRÂNSITO;PENDENTE RECEBIMENTO;TRANSPORTE · EM TRÂNSITO · PENDENTE RECEBIMENTO;A7294;31/08/2026 16:29;31596;Datalogger enviado para devolução pelo agente.;ACIONAR AGENTE/RESPONSÁVEL
565759;A5816;ARES;00019200000014044315;MG;MINISTÉRIO DA SAUDE;24/08/2026 00:00;27/08/2026 15:45;;ENTREGUE;8206;MultiModal;24/08/2026 13:49;25/08/2026 14:50;;18/08/2026 09:35;12;SIM;CÂMARA FRIA (GRU);CÂMARA FRIA - PACKING;AGENTE - THAIS OLIVEIRA GATINHO;CÂMARA FRIA;PACKING;RECEBIDO;CÂMARA FRIA · PACKING · RECEBIDO;A5816;22/08/2026 13:25;;DataLogger A5816, foi embalado no volume FRAÇÃO 33L - 00019200000014044315 - Usuário: Rogerio.silva;VALIDAR NA CÂMARA FRIA
565909;A7174;ARES;00019200000014049180;SE;MINISTÉRIO DA SAUDE;26/08/2026 01:44;27/08/2026 15:27;27/08/2026 15:27;RECEBIDO NO CLIENTE;8264;MultiModal;26/08/2026 07:51;26/08/2026 19:17;;27/08/2026 08:51;12;NÃO;FORA DE GRU;AGENTE;AGENTE - PATRICK KAUE RIBEIRO SOARES;TRANSPORTE;EM ROTA -TERCEIROS;PENDENTE RECEBIMENTO;TRANSPORTE · EM ROTA -TERCEIROS · PENDENTE RECEBIMENTO;A7174;26/08/2026 05:58;;Datalogger enviado para agente CASSIMIRO TRANSPORTES pelo serviço de integração do ESL.;ACIONAR AGENTE/RESPONSÁVEL
565831;A6980;ARES;00019200000014028387;SE;MINISTÉRIO DA SAUDE;26/08/2026 01:32;27/08/2026 15:22;27/08/2026 15:22;RECEBIDO NO CLIENTE;8264;MultiModal;26/08/2026 07:51;26/08/2026 19:17;;27/08/2026 08:52;12;NÃO;FORA DE GRU;AGENTE;AGENTE - RAIANA ASSIS DOS SANTOS;TRANSPORTE;EM ROTA -TERCEIROS;PENDENTE RECEBIMENTO;TRANSPORTE · EM ROTA -TERCEIROS · PENDENTE RECEBIMENTO;A6980;26/08/2026 05:58;;Datalogger enviado para agente CASSIMIRO TRANSPORTES pelo serviço de integração do ESL.;ACIONAR AGENTE/RESPONSÁVEL
565447;A5726;ARES;00019200000014044951;PB;MINISTÉRIO DA SAUDE;26/08/2026 01:32;27/08/2026 14:30;;ENTREGUE;8264;MultiModal;27/08/2026 00:05;27/08/2026 06:31;;24/08/2026 14:22;12;SIM;EM GRU;ESTOQUE - GRU;VTC - THAIS SOUZA DE CARVALHO;EM ESTOQUE;SALDO DE ESTOQUE;RECEBIDO;EM ESTOQUE · SALDO DE ESTOQUE · RECEBIDO;A5726;05/09/2026 12:53;;;SINCRONIZAR EM GRU
565896;A2496;ARES;00019200000014049112;MT;MINISTÉRIO DA SAUDE;26/08/2026 01:44;27/08/2026 14:00;;ENTREGUE;8264;MultiModal;27/08/2026 00:28;27/08/2026 04:46;;27/08/2026 12:05;12;NÃO;FORA DE GRU;AGENTE;AGENTE - KESIA SARAI ARAUJO SILVA;TRANSPORTE;EM ROTA -TERCEIROS;PENDENTE RECEBIMENTO;TRANSPORTE · EM ROTA -TERCEIROS · PENDENTE RECEBIMENTO;A2496;26/08/2026 05:50;;Datalogger enviado para agente JOSE DE MORAIS RODRIGUES (JR TRANSPORTES) pelo serviço de integração do ESL.;ACIONAR AGENTE/RESPONSÁVEL
565382;A6193;ARES;00019200000013997491;RS;MINISTÉRIO DA SAUDE;23/08/2026 04:08;27/08/2026 13:40;;ENTREGUE;8196;MultiModal;23/08/2026 07:39;24/08/2026 06:29;;25/08/2026 17:08;12;NÃO;FORA DE GRU;AGENTE;AGENTE - RAIANA ASSIS DOS SANTOS;TRANSPORTE;EM ROTA -TERCEIROS;PENDENTE RECEBIMENTO;TRANSPORTE · EM ROTA -TERCEIROS · PENDENTE RECEBIMENTO;A6193;23/08/2026 09:27;;Datalogger enviado para agente GMB TRANSPORTES E LOGISTICA LTDA pelo serviço de integração do ESL.;ACIONAR AGENTE/RESPONSÁVEL
565812;A6622;ARES;00019200000014028409;MT;MINISTÉRIO DA SAUDE;26/08/2026 01:32;27/08/2026 13:40;;ENTREGUE;8264;MultiModal;27/08/2026 00:28;27/08/2026 04:46;;27/08/2026 12:07;12;NÃO;FORA DE GRU;AGENTE;AGENTE - IARA HOLANDA NOZOR TELES;TRANSPORTE;EM ROTA -TERCEIROS;PENDENTE RECEBIMENTO;TRANSPORTE · EM ROTA -TERCEIROS · PENDENTE RECEBIMENTO;A6622;26/08/2026 05:50;;Datalogger enviado para agente JOSE DE MORAIS RODRIGUES (JR TRANSPORTES) pelo serviço de integração do ESL.;ACIONAR AGENTE/RESPONSÁVEL
565222;A3619;ARES;00019200000014017873;RO;MINISTÉRIO DA SAUDE;25/08/2026 22:33;27/08/2026 13:24;;ENTREGUE;8261;MultiModal;26/08/2026 23:03;27/08/2026 03:43;;25/08/2026 08:57;12;NÃO;FORA DE GRU;AGENTE;AGENTE - ROBSON SILVA;TRANSPORTE;EM ROTA -TERCEIROS;PENDENTE RECEBIMENTO;TRANSPORTE · EM ROTA -TERCEIROS · PENDENTE RECEBIMENTO;A3619;25/08/2026 23:54;;Datalogger enviado para agente W S TRANSPORTES DE CARGAS E LOGISTICA LTDA pelo serviço de integração do ESL.;ACIONAR AGENTE/RESPONSÁVEL
565222;A6862;ARES;00019200000014017890;RO;MINISTÉRIO DA SAUDE;25/08/2026 22:33;27/08/2026 13:24;;ENTREGUE;8262;MultiModal;26/08/2026 23:03;27/08/2026 03:43;;25/08/2026 09:47;12;NÃO;FORA DE GRU;AGENTE;AGENTE - THAIS OLIVEIRA GATINHO;TRANSPORTE;EM ROTA -TERCEIROS;PENDENTE RECEBIMENTO;TRANSPORTE · EM ROTA -TERCEIROS · PENDENTE RECEBIMENTO;A6862;25/08/2026 23:54;;Datalogger enviado para agente W S TRANSPORTES DE CARGAS E LOGISTICA LTDA pelo serviço de integração do ESL.;ACIONAR AGENTE/RESPONSÁVEL
565222;TA1045;ARES;00019200000014049449;RO;MINISTÉRIO DA SAUDE;25/08/2026 22:33;27/08/2026 13:24;;ENTREGUE;8262;MultiModal;26/08/2026 23:03;27/08/2026 03:43;;25/08/2026 10:32;12;NÃO;FORA DE GRU;AGENTE;AGENTE - THAIS OLIVEIRA GATINHO;TRANSPORTE;EM ROTA -TERCEIROS;PENDENTE RECEBIMENTO;TRANSPORTE · EM ROTA -TERCEIROS · PENDENTE RECEBIMENTO;TA1045;25/08/2026 23:54;;Datalogger enviado para agente W S TRANSPORTES DE CARGAS E LOGISTICA LTDA pelo serviço de integração do ESL.;ACIONAR AGENTE/RESPONSÁVEL
565818;A6477;ARES;00019200000014028417;PE;MINISTÉRIO DA SAUDE;26/08/2026 01:32;27/08/2026 12:22;27/08/2026 12:22;RECEBIDO NO CLIENTE;8264;MultiModal;26/08/2026 17:36;27/08/2026 00:37;;27/08/2026 11:47;12;NÃO;RETORNANDO PARA GRU (NÃO RECEBIDO);RETORNANDO - GRU;VTC - MARIA LETICIA BRITO DA SILVA;EM ESTOQUE;SALDO DE ESTOQUE;PENDENTE RECEBIMENTO;EM ESTOQUE · SALDO DE ESTOQUE · PENDENTE RECEBIMENTO;A6477;01/09/2026 09:46;;Datalogger enviado para agente VTCLOG RECIFE pelo serviço de integração do ESL.;ACOMPANHAR RECEBIMENTO EM GRU
565830;TA1061;ARES;00019200000014029995;SC;MINISTÉRIO DA SAUDE;26/08/2026 05:09;27/08/2026 11:30;;ENTREGUE;8274;MultiModal;26/08/2026 11:31;26/08/2026 23:42;;22/07/2026 21:32;12;NÃO;FORA DE GRU;AGENTE;AGENTE - TATIANE PAZ SANTANA;TRANSPORTE;EM ROTA -TERCEIROS;RECEBIDO;TRANSPORTE · EM ROTA -TERCEIROS · RECEBIDO;TA1061;08/09/2026 16:47;;Datalogger recebido pelo agente com sucesso.;ACIONAR AGENTE/RESPONSÁVEL
565567;A9532;ARES;00019200000014046644;AC;MINISTÉRIO DA SAUDE;24/08/2026 23:13;27/08/2026 11:00;;ENTREGUE;8234;MultiModal;26/08/2026 09:14;26/08/2026 12:50;;19/08/2026 14:22;12;NÃO;FORA DE GRU;AGENTE;AGENTE - IARA HOLANDA NOZOR TELES;TRANSPORTE;EM ROTA -TERCEIROS;PENDENTE RECEBIMENTO;TRANSPORTE · EM ROTA -TERCEIROS · PENDENTE RECEBIMENTO;A9532;25/08/2026 02:47;;Datalogger enviado para agente W S TRANSPORTES DE CARGAS E LOGISTICA LTDA pelo serviço de integração do ESL.;ACIONAR AGENTE/RESPONSÁVEL
565788;TA0521;ARES;00019200000014028441;AC;MINISTÉRIO DA SAUDE;24/08/2026 23:09;27/08/2026 11:00;;ENTREGUE;8234;MultiModal;26/08/2026 09:14;26/08/2026 12:50;;27/08/2026 10:08;12;NÃO;FORA DE GRU;AGENTE;AGENTE - MARCUS VINICIUS DO NASCIMENTO ALCANTARA;TRANSPORTE;EM ROTA -TERCEIROS;PENDENTE RECEBIMENTO;TRANSPORTE · EM ROTA -TERCEIROS · PENDENTE RECEBIMENTO;TA0521;25/08/2026 02:47;;Datalogger enviado para agente W S TRANSPORTES DE CARGAS E LOGISTICA LTDA pelo serviço de integração do ESL.;ACIONAR AGENTE/RESPONSÁVEL
565444;A9230;ARES;00019200000014039494;BA;MINISTÉRIO DA SAUDE;26/08/2026 03:00;27/08/2026 09:18;;ENTREGUE;8274;MultiModal;26/08/2026 11:31;27/08/2026 00:50;;25/08/2026 10:08;12;NÃO;FORA DE GRU;AGENTE;AGENTE - RAIANA ASSIS DOS SANTOS;TRANSPORTE;EM ROTA -TERCEIROS;RECEBIDO;TRANSPORTE · EM ROTA -TERCEIROS · RECEBIDO;A9230;05/09/2026 08:19;;Datalogger recebido pelo agente com sucesso.;ACIONAR AGENTE/RESPONSÁVEL
565444;A8476;ARES;00019200000014043530;BA;MINISTÉRIO DA SAUDE;26/08/2026 03:00;27/08/2026 09:18;;ENTREGUE;8274;MultiModal;26/08/2026 11:31;27/08/2026 00:50;;25/08/2026 10:56;12;NÃO;FORA DE GRU;AGENTE;AGENTE - RAIANA ASSIS DOS SANTOS;TRANSPORTE;EM ROTA -TERCEIROS;RECEBIDO;TRANSPORTE · EM ROTA -TERCEIROS · RECEBIDO;A8476;05/09/2026 08:20;;Datalogger recebido pelo agente com sucesso.;ACIONAR AGENTE/RESPONSÁVEL
565211;A4919;ARES;00019200000014035871;SC;MINISTÉRIO DA SAUDE;25/08/2026 18:38;27/08/2026 07:23;;ENTREGUE;8257;Rodoviário;25/08/2026 19:11;27/08/2026 07:23;;25/08/2026 10:54;12;NÃO;FORA DE GRU;AGENTE;AGENTE - IARA HOLANDA NOZOR TELES;TRANSPORTE;EM ROTA -TERCEIROS;PENDENTE RECEBIMENTO;TRANSPORTE · EM ROTA -TERCEIROS · PENDENTE RECEBIMENTO;A4919;25/08/2026 19:12;;Datalogger enviado para agente VTC OPERADORA LOGISTICA LTDA pelo serviço de integração do ESL.;ACIONAR AGENTE/RESPONSÁVEL
565225;A5670;ARES;00019200000014046571;RN;MINISTÉRIO DA SAUDE;25/08/2026 03:37;26/08/2026 17:00;;ENTREGUE;8242;MultiModal;25/08/2026 13:04;25/08/2026 17:42;;17/08/2026 08:51;13;NÃO;FORA DE GRU;AGENTE;AGENTE - CHARLE BRASIL SILVERIO;TRANSPORTE;EM ROTA -TERCEIROS;RECEBIDO;TRANSPORTE · EM ROTA -TERCEIROS · RECEBIDO;A5670;28/08/2026 06:28;;Datalogger recebido pelo agente com sucesso.;ACIONAR AGENTE/RESPONSÁVEL
565225;A9533;ARES;00019200000014055317;RN;MINISTÉRIO DA SAUDE;25/08/2026 03:37;26/08/2026 17:00;;ENTREGUE;8242;MultiModal;25/08/2026 13:04;25/08/2026 17:42;;15/08/2026 12:06;13;NÃO;FORA DE GRU;AGENTE;AGENTE - CHARLE BRASIL SILVERIO;TRANSPORTE;EM ROTA -TERCEIROS;RECEBIDO;TRANSPORTE · EM ROTA -TERCEIROS · RECEBIDO;A9533;28/08/2026 06:30;;Datalogger recebido pelo agente com sucesso.;ACIONAR AGENTE/RESPONSÁVEL
565226;A2944;ARES;00019200000014053985;RN;MINISTÉRIO DA SAUDE;25/08/2026 03:37;26/08/2026 17:00;;ENTREGUE;8242;MultiModal;25/08/2026 08:33;25/08/2026 18:32;;19/08/2026 12:35;13;NÃO;FORA DE GRU;AGENTE;AGENTE - CHARLE BRASIL SILVERIO;TRANSPORTE;EM ROTA -TERCEIROS;RECEBIDO;TRANSPORTE · EM ROTA -TERCEIROS · RECEBIDO;A2944;28/08/2026 06:26;;Datalogger recebido pelo agente com sucesso.;ACIONAR AGENTE/RESPONSÁVEL
565226;A5318;ARES;00019200000014054019;RN;MINISTÉRIO DA SAUDE;25/08/2026 03:37;26/08/2026 17:00;;ENTREGUE;8242;MultiModal;25/08/2026 08:33;25/08/2026 18:32;;21/08/2026 15:32;13;NÃO;FORA DE GRU;AGENTE;AGENTE - CHARLE BRASIL SILVERIO;TRANSPORTE;EM ROTA -TERCEIROS;RECEBIDO;TRANSPORTE · EM ROTA -TERCEIROS · RECEBIDO;A5318;28/08/2026 06:26;;Datalogger recebido pelo agente com sucesso.;ACIONAR AGENTE/RESPONSÁVEL
565753;A4853;ARES;00019200000014044250;SC;MINISTÉRIO DA SAUDE;24/08/2026 09:23;26/08/2026 15:00;;ENTREGUE;8227;MultiModal;24/08/2026 13:49;24/08/2026 19:31;;21/08/2026 10:09;13;NÃO;FORA DE GRU;AGENTE;AGENTE - MARCOS JOSE ARAUJO DE ASSIS;TRANSPORTE;EM ROTA -TERCEIROS;PENDENTE RECEBIMENTO;TRANSPORTE · EM ROTA -TERCEIROS · PENDENTE RECEBIMENTO;A4853;24/08/2026 13:24;;Datalogger enviado para agente TGEX TRANSPORTES E LOCACAO DE VEICULOS LTDA pelo serviço de integração do ESL.;ACIONAR AGENTE/RESPONSÁVEL
565984;A9269;ARES;00019200000014038889;SP;MINISTÉRIO DA SAUDE;26/08/2026 04:06;26/08/2026 14:41;;ENTREGUE;8272;Rodoviário;26/08/2026 04:06;26/08/2026 14:41;;24/08/2026 10:37;13;NÃO;FORA DE GRU;AGENTE;AGENTE - JERSSICA DE FREITAS DE OLIVEIRA;TRANSPORTE;EM ROTA -TERCEIROS;PENDENTE RECEBIMENTO;TRANSPORTE · EM ROTA -TERCEIROS · PENDENTE RECEBIMENTO;A9269;26/08/2026 07:53;;Datalogger enviado para agente VTC OPERADORA LOGISTICA LTDA pelo serviço de integração do ESL.;ACIONAR AGENTE/RESPONSÁVEL
565743;A6984;ARES;00019200000014044293;PR;MINISTÉRIO DA SAUDE;24/08/2026 08:54;26/08/2026 13:00;;ENTREGUE;8215;MultiModal;24/08/2026 13:49;24/08/2026 19:32;;26/08/2026 07:06;13;NÃO;FORA DE GRU;AGENTE;AGENTE - PATRICK KAUE RIBEIRO SOARES;TRANSPORTE;EM ROTA -TERCEIROS;PENDENTE RECEBIMENTO;TRANSPORTE · EM ROTA -TERCEIROS · PENDENTE RECEBIMENTO;A6984;24/08/2026 13:21;;Datalogger enviado para agente TGEX TRANSPORTES E LOCACAO DE VEICULOS LTDA pelo serviço de integração do ESL.;ACIONAR AGENTE/RESPONSÁVEL
565649;A7241;ARES;00019200000014046636;PE;MINISTÉRIO DA SAUDE;24/08/2026 23:10;26/08/2026 12:46;26/08/2026 12:46;RECEBIDO NO CLIENTE;8234;MultiModal;25/08/2026 04:54;25/08/2026 18:53;;26/08/2026 10:57;13;NÃO;RETORNANDO PARA GRU (NÃO RECEBIDO);RETORNANDO - GRU;VTC - MARIA LETICIA BRITO DA SILVA;EM ESTOQUE;SALDO DE ESTOQUE;PENDENTE RECEBIMENTO;EM ESTOQUE · SALDO DE ESTOQUE · PENDENTE RECEBIMENTO;A7241;02/09/2026 09:10;;Datalogger enviado para agente VTCLOG RECIFE pelo serviço de integração do ESL.;ACOMPANHAR RECEBIMENTO EM GRU
565649;A4788;ARES;00019200000014046679;PE;MINISTÉRIO DA SAUDE;24/08/2026 23:10;26/08/2026 12:46;26/08/2026 12:46;RECEBIDO NO CLIENTE;8234;MultiModal;25/08/2026 04:54;25/08/2026 18:53;;26/08/2026 10:58;13;NÃO;RETORNANDO PARA GRU (NÃO RECEBIDO);RETORNANDO - GRU;VTC - MARIA LETICIA BRITO DA SILVA;EM ESTOQUE;SALDO DE ESTOQUE;PENDENTE RECEBIMENTO;EM ESTOQUE · SALDO DE ESTOQUE · PENDENTE RECEBIMENTO;A4788;01/09/2026 09:41;;Datalogger enviado para agente VTCLOG RECIFE pelo serviço de integração do ESL.;ACOMPANHAR RECEBIMENTO EM GRU
565281;A3505;ARES;00019200000014013797;MA;MINISTÉRIO DA SAUDE;25/08/2026 03:35;26/08/2026 11:11;26/08/2026 11:11;RECEBIDO NO CLIENTE;8244;MultiModal;25/08/2026 08:33;26/08/2026 04:57;;26/08/2026 10:29;13;NÃO;FORA DE GRU;AGENTE;AGENTE - LEILA NAZARE LIMA DE OLIVEIRA;TRANSPORTE;EM TRÂNSITO;PENDENTE RECEBIMENTO;TRANSPORTE · EM TRÂNSITO · PENDENTE RECEBIMENTO;A3505;28/08/2026 17:04;31596;Datalogger enviado para devolução pelo agente.;ACIONAR AGENTE/RESPONSÁVEL
565281;A6723;ARES;00019200000014013800;MA;MINISTÉRIO DA SAUDE;25/08/2026 03:35;26/08/2026 11:11;26/08/2026 11:11;RECEBIDO NO CLIENTE;8244;MultiModal;25/08/2026 08:33;26/08/2026 04:57;;26/08/2026 10:29;13;NÃO;FORA DE GRU;AGENTE;AGENTE - LEILA NAZARE LIMA DE OLIVEIRA;TRANSPORTE;EM TRÂNSITO;PENDENTE RECEBIMENTO;TRANSPORTE · EM TRÂNSITO · PENDENTE RECEBIMENTO;A6723;28/08/2026 17:02;31596;Datalogger enviado para devolução pelo agente.;ACIONAR AGENTE/RESPONSÁVEL
565281;A0839;ARES;00019200000014013819;MA;MINISTÉRIO DA SAUDE;25/08/2026 03:35;26/08/2026 11:11;26/08/2026 11:11;RECEBIDO NO CLIENTE;8244;MultiModal;25/08/2026 08:33;26/08/2026 04:57;;26/08/2026 10:30;13;NÃO;FORA DE GRU;AGENTE;AGENTE - LEILA NAZARE LIMA DE OLIVEIRA;TRANSPORTE;EM TRÂNSITO;PENDENTE RECEBIMENTO;TRANSPORTE · EM TRÂNSITO · PENDENTE RECEBIMENTO;A0839;28/08/2026 17:02;31596;Datalogger enviado para devolução pelo agente.;ACIONAR AGENTE/RESPONSÁVEL
565281;A9513;ARES;00019200000014013827;MA;MINISTÉRIO DA SAUDE;25/08/2026 03:35;26/08/2026 11:11;26/08/2026 11:11;RECEBIDO NO CLIENTE;8244;MultiModal;25/08/2026 08:33;26/08/2026 04:57;;19/08/2026 11:18;13;NÃO;FORA DE GRU;AGENTE;AGENTE - LEILA NAZARE LIMA DE OLIVEIRA;TRANSPORTE;EM TRÂNSITO;PENDENTE RECEBIMENTO;TRANSPORTE · EM TRÂNSITO · PENDENTE RECEBIMENTO;A9513;28/08/2026 17:05;31596;Datalogger enviado para devolução pelo agente.;ACIONAR AGENTE/RESPONSÁVEL
565281;A7373;ARES;00019200000014013835;MA;MINISTÉRIO DA SAUDE;25/08/2026 03:35;26/08/2026 11:11;26/08/2026 11:11;RECEBIDO NO CLIENTE;8244;MultiModal;25/08/2026 08:33;26/08/2026 04:57;;26/08/2026 10:36;13;NÃO;FORA DE GRU;AGENTE;AGENTE - LEILA NAZARE LIMA DE OLIVEIRA;TRANSPORTE;EM TRÂNSITO;PENDENTE RECEBIMENTO;TRANSPORTE · EM TRÂNSITO · PENDENTE RECEBIMENTO;A7373;28/08/2026 17:04;31596;Datalogger enviado para devolução pelo agente.;ACIONAR AGENTE/RESPONSÁVEL
565281;A1354;ARES;00019200000014013843;MA;MINISTÉRIO DA SAUDE;25/08/2026 03:35;26/08/2026 11:11;26/08/2026 11:11;RECEBIDO NO CLIENTE;8244;MultiModal;25/08/2026 08:33;26/08/2026 04:57;;26/08/2026 10:30;13;NÃO;FORA DE GRU;AGENTE;AGENTE - LEILA NAZARE LIMA DE OLIVEIRA;TRANSPORTE;EM TRÂNSITO;PENDENTE RECEBIMENTO;TRANSPORTE · EM TRÂNSITO · PENDENTE RECEBIMENTO;A1354;28/08/2026 17:03;31596;Datalogger enviado para devolução pelo agente.;ACIONAR AGENTE/RESPONSÁVEL
565281;A8644;ARES;00019200000014013851;MA;MINISTÉRIO DA SAUDE;25/08/2026 03:35;26/08/2026 11:11;26/08/2026 11:11;RECEBIDO NO CLIENTE;8244;MultiModal;25/08/2026 08:33;26/08/2026 04:57;;26/08/2026 10:29;13;NÃO;FORA DE GRU;AGENTE;AGENTE - LEILA NAZARE LIMA DE OLIVEIRA;TRANSPORTE;EM TRÂNSITO;PENDENTE RECEBIMENTO;TRANSPORTE · EM TRÂNSITO · PENDENTE RECEBIMENTO;A8644;28/08/2026 17:03;31596;Datalogger enviado para devolução pelo agente.;ACIONAR AGENTE/RESPONSÁVEL
565281;A2160;ARES;00019200000014013975;MA;MINISTÉRIO DA SAUDE;25/08/2026 03:35;26/08/2026 11:11;26/08/2026 11:11;RECEBIDO NO CLIENTE;8244;MultiModal;25/08/2026 08:33;26/08/2026 04:57;;26/08/2026 10:29;13;NÃO;FORA DE GRU;AGENTE;AGENTE - LEILA NAZARE LIMA DE OLIVEIRA;TRANSPORTE;EM TRÂNSITO;PENDENTE RECEBIMENTO;TRANSPORTE · EM TRÂNSITO · PENDENTE RECEBIMENTO;A2160;28/08/2026 17:04;31596;Datalogger enviado para devolução pelo agente.;ACIONAR AGENTE/RESPONSÁVEL
565281;A4181;ARES;00019200000014013983;MA;MINISTÉRIO DA SAUDE;25/08/2026 03:35;26/08/2026 11:11;26/08/2026 11:11;RECEBIDO NO CLIENTE;8244;MultiModal;25/08/2026 08:33;26/08/2026 04:57;;26/08/2026 10:29;13;NÃO;FORA DE GRU;AGENTE;AGENTE - LEILA NAZARE LIMA DE OLIVEIRA;TRANSPORTE;EM TRÂNSITO;PENDENTE RECEBIMENTO;TRANSPORTE · EM TRÂNSITO · PENDENTE RECEBIMENTO;A4181;28/08/2026 17:04;31596;Datalogger enviado para devolução pelo agente.;ACIONAR AGENTE/RESPONSÁVEL
565281;A8420;ARES;00019200000014026848;MA;MINISTÉRIO DA SAUDE;25/08/2026 03:35;26/08/2026 11:11;26/08/2026 11:11;RECEBIDO NO CLIENTE;8244;MultiModal;25/08/2026 08:33;26/08/2026 04:57;;26/08/2026 10:36;13;NÃO;FORA DE GRU;AGENTE;AGENTE - LEILA NAZARE LIMA DE OLIVEIRA;TRANSPORTE;EM TRÂNSITO;PENDENTE RECEBIMENTO;TRANSPORTE · EM TRÂNSITO · PENDENTE RECEBIMENTO;A8420;28/08/2026 17:03;31596;Datalogger enviado para devolução pelo agente.;ACIONAR AGENTE/RESPONSÁVEL
565281;A6402;ARES;00019200000014026856;MA;MINISTÉRIO DA SAUDE;25/08/2026 03:35;26/08/2026 11:11;26/08/2026 11:11;RECEBIDO NO CLIENTE;8244;MultiModal;25/08/2026 08:33;26/08/2026 04:57;;26/08/2026 10:32;13;NÃO;FORA DE GRU;AGENTE;AGENTE - LEILA NAZARE LIMA DE OLIVEIRA;TRANSPORTE;EM TRÂNSITO;PENDENTE RECEBIMENTO;TRANSPORTE · EM TRÂNSITO · PENDENTE RECEBIMENTO;A6402;28/08/2026 17:03;31596;Datalogger enviado para devolução pelo agente.;ACIONAR AGENTE/RESPONSÁVEL
565281;A5552;ARES;00019200000014026864;MA;MINISTÉRIO DA SAUDE;25/08/2026 03:35;26/08/2026 11:11;26/08/2026 11:11;RECEBIDO NO CLIENTE;8244;MultiModal;25/08/2026 08:33;26/08/2026 04:57;;26/08/2026 10:31;13;NÃO;FORA DE GRU;AGENTE;AGENTE - LEILA NAZARE LIMA DE OLIVEIRA;TRANSPORTE;EM TRÂNSITO;PENDENTE RECEBIMENTO;TRANSPORTE · EM TRÂNSITO · PENDENTE RECEBIMENTO;A5552;28/08/2026 17:04;31596;Datalogger enviado para devolução pelo agente.;ACIONAR AGENTE/RESPONSÁVEL
565281;TA0557;ARES;00019200000014026872;MA;MINISTÉRIO DA SAUDE;25/08/2026 03:35;26/08/2026 11:11;26/08/2026 11:11;RECEBIDO NO CLIENTE;8244;MultiModal;25/08/2026 08:33;26/08/2026 04:57;;26/08/2026 10:32;13;NÃO;FORA DE GRU;AGENTE;AGENTE - LEILA NAZARE LIMA DE OLIVEIRA;TRANSPORTE;EM TRÂNSITO;PENDENTE RECEBIMENTO;TRANSPORTE · EM TRÂNSITO · PENDENTE RECEBIMENTO;TA0557;28/08/2026 17:03;31596;Datalogger enviado para devolução pelo agente.;ACIONAR AGENTE/RESPONSÁVEL
565281;A6931;ARES;00019200000014026880;MA;MINISTÉRIO DA SAUDE;25/08/2026 03:35;26/08/2026 11:11;26/08/2026 11:11;RECEBIDO NO CLIENTE;8244;MultiModal;25/08/2026 08:33;26/08/2026 04:57;;26/08/2026 10:31;13;NÃO;FORA DE GRU;AGENTE;AGENTE - LEILA NAZARE LIMA DE OLIVEIRA;TRANSPORTE;EM TRÂNSITO;PENDENTE RECEBIMENTO;TRANSPORTE · EM TRÂNSITO · PENDENTE RECEBIMENTO;A6931;28/08/2026 17:02;31596;Datalogger enviado para devolução pelo agente.;ACIONAR AGENTE/RESPONSÁVEL
565281;TA0827;ARES;00019200000014026899;MA;MINISTÉRIO DA SAUDE;25/08/2026 03:35;26/08/2026 11:11;26/08/2026 11:11;RECEBIDO NO CLIENTE;8244;MultiModal;25/08/2026 08:33;26/08/2026 04:57;;26/08/2026 10:29;13;NÃO;FORA DE GRU;AGENTE;AGENTE - LEILA NAZARE LIMA DE OLIVEIRA;TRANSPORTE;EM TRÂNSITO;PENDENTE RECEBIMENTO;TRANSPORTE · EM TRÂNSITO · PENDENTE RECEBIMENTO;TA0827;28/08/2026 17:05;31596;Datalogger enviado para devolução pelo agente.;ACIONAR AGENTE/RESPONSÁVEL
565281;A2358;ARES;00019200000014026902;MA;MINISTÉRIO DA SAUDE;25/08/2026 03:35;26/08/2026 11:11;26/08/2026 11:11;RECEBIDO NO CLIENTE;8244;MultiModal;25/08/2026 08:33;26/08/2026 04:57;;26/08/2026 10:29;13;NÃO;FORA DE GRU;AGENTE;AGENTE - LEILA NAZARE LIMA DE OLIVEIRA;TRANSPORTE;EM TRÂNSITO;PENDENTE RECEBIMENTO;TRANSPORTE · EM TRÂNSITO · PENDENTE RECEBIMENTO;A2358;28/08/2026 17:03;31596;Datalogger enviado para devolução pelo agente.;ACIONAR AGENTE/RESPONSÁVEL
565281;A2165;ARES;00019200000014026910;MA;MINISTÉRIO DA SAUDE;25/08/2026 03:35;26/08/2026 11:11;26/08/2026 11:11;RECEBIDO NO CLIENTE;8244;MultiModal;25/08/2026 08:33;26/08/2026 04:57;;26/08/2026 10:30;13;NÃO;FORA DE GRU;AGENTE;AGENTE - LEILA NAZARE LIMA DE OLIVEIRA;TRANSPORTE;EM TRÂNSITO;PENDENTE RECEBIMENTO;TRANSPORTE · EM TRÂNSITO · PENDENTE RECEBIMENTO;A2165;28/08/2026 17:03;31596;Datalogger enviado para devolução pelo agente.;ACIONAR AGENTE/RESPONSÁVEL
565281;A3193;ARES;00019200000014026929;MA;MINISTÉRIO DA SAUDE;25/08/2026 03:35;26/08/2026 11:11;26/08/2026 11:11;RECEBIDO NO CLIENTE;8244;MultiModal;25/08/2026 08:33;26/08/2026 04:57;;26/08/2026 10:29;13;NÃO;FORA DE GRU;AGENTE;AGENTE - LEILA NAZARE LIMA DE OLIVEIRA;TRANSPORTE;EM TRÂNSITO;PENDENTE RECEBIMENTO;TRANSPORTE · EM TRÂNSITO · PENDENTE RECEBIMENTO;A3193;28/08/2026 17:04;31596;Datalogger enviado para devolução pelo agente.;ACIONAR AGENTE/RESPONSÁVEL
565281;A2006;ARES;00019200000014026937;MA;MINISTÉRIO DA SAUDE;25/08/2026 03:35;26/08/2026 11:11;26/08/2026 11:11;RECEBIDO NO CLIENTE;8244;MultiModal;25/08/2026 08:33;26/08/2026 04:57;;26/08/2026 10:29;13;NÃO;FORA DE GRU;AGENTE;AGENTE - LEILA NAZARE LIMA DE OLIVEIRA;TRANSPORTE;EM TRÂNSITO;PENDENTE RECEBIMENTO;TRANSPORTE · EM TRÂNSITO · PENDENTE RECEBIMENTO;A2006;28/08/2026 17:04;31596;Datalogger enviado para devolução pelo agente.;ACIONAR AGENTE/RESPONSÁVEL
565281;A6156;ARES;00019200000014026945;MA;MINISTÉRIO DA SAUDE;25/08/2026 03:35;26/08/2026 11:11;26/08/2026 11:11;RECEBIDO NO CLIENTE;8244;MultiModal;25/08/2026 08:33;26/08/2026 04:57;;26/08/2026 10:29;13;NÃO;FORA DE GRU;AGENTE;AGENTE - LEILA NAZARE LIMA DE OLIVEIRA;TRANSPORTE;EM TRÂNSITO;PENDENTE RECEBIMENTO;TRANSPORTE · EM TRÂNSITO · PENDENTE RECEBIMENTO;A6156;28/08/2026 17:02;31596;Datalogger enviado para devolução pelo agente.;ACIONAR AGENTE/RESPONSÁVEL
565281;A7472;ARES;00019200000014026953;MA;MINISTÉRIO DA SAUDE;25/08/2026 03:35;26/08/2026 11:11;26/08/2026 11:11;RECEBIDO NO CLIENTE;8244;MultiModal;25/08/2026 08:33;26/08/2026 04:57;;26/08/2026 10:30;13;NÃO;FORA DE GRU;AGENTE;AGENTE - LEILA NAZARE LIMA DE OLIVEIRA;TRANSPORTE;EM TRÂNSITO;PENDENTE RECEBIMENTO;TRANSPORTE · EM TRÂNSITO · PENDENTE RECEBIMENTO;A7472;28/08/2026 17:03;31596;Datalogger enviado para devolução pelo agente.;ACIONAR AGENTE/RESPONSÁVEL
565281;A8338;ARES;00019200000014026961;MA;MINISTÉRIO DA SAUDE;25/08/2026 03:35;26/08/2026 11:11;26/08/2026 11:11;RECEBIDO NO CLIENTE;8244;MultiModal;25/08/2026 08:33;26/08/2026 04:57;;26/08/2026 10:30;13;NÃO;FORA DE GRU;AGENTE;AGENTE - LEILA NAZARE LIMA DE OLIVEIRA;TRANSPORTE;EM TRÂNSITO;PENDENTE RECEBIMENTO;TRANSPORTE · EM TRÂNSITO · PENDENTE RECEBIMENTO;A8338;28/08/2026 17:04;31596;Datalogger enviado para devolução pelo agente.;ACIONAR AGENTE/RESPONSÁVEL
565281;A0771;ARES;00019200000014026970;MA;MINISTÉRIO DA SAUDE;25/08/2026 03:35;26/08/2026 11:11;26/08/2026 11:11;RECEBIDO NO CLIENTE;8244;MultiModal;25/08/2026 08:33;26/08/2026 04:57;;26/08/2026 10:30;13;NÃO;FORA DE GRU;AGENTE;AGENTE - LEILA NAZARE LIMA DE OLIVEIRA;TRANSPORTE;EM TRÂNSITO;PENDENTE RECEBIMENTO;TRANSPORTE · EM TRÂNSITO · PENDENTE RECEBIMENTO;A0771;28/08/2026 17:05;31596;Datalogger enviado para devolução pelo agente.;ACIONAR AGENTE/RESPONSÁVEL
565281;A8888;ARES;00019200000014026988;MA;MINISTÉRIO DA SAUDE;25/08/2026 03:35;26/08/2026 11:11;26/08/2026 11:11;RECEBIDO NO CLIENTE;8244;MultiModal;25/08/2026 08:33;26/08/2026 04:57;;26/08/2026 10:29;13;NÃO;FORA DE GRU;AGENTE;AGENTE - LEILA NAZARE LIMA DE OLIVEIRA;TRANSPORTE;EM TRÂNSITO;PENDENTE RECEBIMENTO;TRANSPORTE · EM TRÂNSITO · PENDENTE RECEBIMENTO;A8888;28/08/2026 17:04;31596;Datalogger enviado para devolução pelo agente.;ACIONAR AGENTE/RESPONSÁVEL
565760;A9012;ARES;00019200000014038757;BA;MINISTÉRIO DA SAUDE;24/08/2026 00:44;26/08/2026 11:08;;ENTREGUE;8202;MultiModal;24/08/2026 03:16;25/08/2026 01:35;;18/08/2026 12:33;13;NÃO;FORA DE GRU;AGENTE;AGENTE - RAIANA ASSIS DOS SANTOS;TRANSPORTE;EM ROTA -TERCEIROS;PENDENTE RECEBIMENTO;TRANSPORTE · EM ROTA -TERCEIROS · PENDENTE RECEBIMENTO;A9012;25/08/2026 11:06;;Datalogger enviado para agente VDC - MASPEX CARGO pelo serviço de integração do ESL.;ACIONAR AGENTE/RESPONSÁVEL
564095;AS-0245;ARES COM SONDA;00019200000014028093;RR;MINISTÉRIO DA SAUDE;24/08/2026 22:26;26/08/2026 10:28;;ENTREGUE;8236;MultiModal;25/08/2026 11:58;26/08/2026 01:10;;26/08/2026 09:56;13;SIM;EM GRU;ESTOQUE - GRU;VTC - AMANDA SILVA DE OLIVEIRA;EM ESTOQUE;SALDO DE ESTOQUE;RECEBIDO;EM ESTOQUE · SALDO DE ESTOQUE · RECEBIDO;AS-0245;05/09/2026 15:25;;;SINCRONIZAR EM GRU
564095;AS-0087;ARES COM SONDA;00019200000014028107;RR;MINISTÉRIO DA SAUDE;24/08/2026 22:26;26/08/2026 10:28;;ENTREGUE;8236;MultiModal;25/08/2026 11:58;26/08/2026 01:10;;26/08/2026 09:56;13;SIM;EM GRU;ESTOQUE - GRU;VTC - AMANDA SILVA DE OLIVEIRA;EM ESTOQUE;SALDO DE ESTOQUE;RECEBIDO;EM ESTOQUE · SALDO DE ESTOQUE · RECEBIDO;AS-0087;05/09/2026 15:25;;;SINCRONIZAR EM GRU
565198;A4462;ARES;00019200000013998056;PE;MINISTÉRIO DA SAUDE;25/08/2026 03:28;26/08/2026 09:52;26/08/2026 09:52;RECEBIDO NO CLIENTE;8240;MultiModal;25/08/2026 17:22;26/08/2026 03:58;;25/08/2026 21:38;13;NÃO;RETORNANDO PARA GRU (NÃO RECEBIDO);RETORNANDO - GRU;VTC - MARIA LETICIA BRITO DA SILVA;EM ESTOQUE;SALDO DE ESTOQUE;PENDENTE RECEBIMENTO;EM ESTOQUE · SALDO DE ESTOQUE · PENDENTE RECEBIMENTO;A4462;01/09/2026 13:46;;Datalogger enviado para agente VTCLOG RECIFE pelo serviço de integração do ESL.;ACOMPANHAR RECEBIMENTO EM GRU
564098;AS-0511;ARES COM SONDA;00019200000014046407;SE;MINISTÉRIO DA SAUDE;24/08/2026 22:28;25/08/2026 16:10;;ENTREGUE;8236;MultiModal;25/08/2026 04:54;25/08/2026 12:49;;25/08/2026 15:13;14;SIM;EM GRU;ESTOQUE - GRU;VTC - AMANDA SILVA DE OLIVEIRA;EM ESTOQUE;SALDO DE ESTOQUE;RECEBIDO;EM ESTOQUE · SALDO DE ESTOQUE · RECEBIDO;AS-0511;05/09/2026 15:25;;;SINCRONIZAR EM GRU
564098;AS-0426;ARES COM SONDA;00019200000014046415;SE;MINISTÉRIO DA SAUDE;24/08/2026 22:28;25/08/2026 16:10;;ENTREGUE;8236;MultiModal;25/08/2026 04:54;25/08/2026 12:49;;25/08/2026 15:13;14;SIM;EM GRU;ESTOQUE - GRU;VTC - AMANDA SILVA DE OLIVEIRA;EM ESTOQUE;SALDO DE ESTOQUE;RECEBIDO;EM ESTOQUE · SALDO DE ESTOQUE · RECEBIDO;AS-0426;05/09/2026 15:25;;;SINCRONIZAR EM GRU
564098;AS-0616;ARES COM SONDA;00019200000014046431;SE;MINISTÉRIO DA SAUDE;24/08/2026 22:28;25/08/2026 16:10;;ENTREGUE;8236;MultiModal;25/08/2026 04:54;25/08/2026 12:49;;25/08/2026 15:13;14;SIM;EM GRU;ESTOQUE - GRU;VTC - AMANDA SILVA DE OLIVEIRA;EM ESTOQUE;SALDO DE ESTOQUE;RECEBIDO;EM ESTOQUE · SALDO DE ESTOQUE · RECEBIDO;AS-0616;05/09/2026 15:25;;;SINCRONIZAR EM GRU
565426;TA0146;ARES;00019200000014037564;RR;MINISTÉRIO DA SAUDE;23/08/2026 23:34;25/08/2026 16:10;;ENTREGUE;8204;MultiModal;24/08/2026 12:25;25/08/2026 02:16;;25/08/2026 10:43;14;SIM;EM GRU;ESTOQUE - GRU;VTC - THAIS SOUZA DE CARVALHO;EM ESTOQUE;SALDO DE ESTOQUE;RECEBIDO;EM ESTOQUE · SALDO DE ESTOQUE · RECEBIDO;TA0146;05/09/2026 12:55;;;SINCRONIZAR EM GRU
563176;A3040;ARES;00019200000013866109;PA;MINISTÉRIO DA SAUDE;23/08/2026 23:39;25/08/2026 16:00;;ENTREGUE;8202;MultiModal;24/08/2026 09:41;24/08/2026 14:21;;25/08/2026 15:23;14;NÃO;FORA DE GRU;AGENTE;AGENTE - THAIS OLIVEIRA GATINHO;TRANSPORTE;EM TRÂNSITO;PENDENTE RECEBIMENTO;TRANSPORTE · EM TRÂNSITO · PENDENTE RECEBIMENTO;A3040;02/09/2026 10:11;31610;Datalogger enviado para devolução pelo agente.;ACIONAR AGENTE/RESPONSÁVEL
563176;A3822;ARES;00019200000013872001;PA;MINISTÉRIO DA SAUDE;23/08/2026 23:39;25/08/2026 16:00;;ENTREGUE;8202;MultiModal;24/08/2026 09:41;24/08/2026 14:21;;25/08/2026 15:23;14;NÃO;FORA DE GRU;AGENTE;AGENTE - THAIS OLIVEIRA GATINHO;TRANSPORTE;EM TRÂNSITO;PENDENTE RECEBIMENTO;TRANSPORTE · EM TRÂNSITO · PENDENTE RECEBIMENTO;A3822;02/09/2026 08:22;31610;Datalogger enviado para devolução pelo agente.;ACIONAR AGENTE/RESPONSÁVEL
565450;A6119;ARES;00019200000013992244;PE;MINISTÉRIO DA SAUDE;24/08/2026 04:03;25/08/2026 15:04;25/08/2026 16:28;RECEBIDO NO CLIENTE;8215;MultiModal;24/08/2026 12:33;24/08/2026 16:17;;25/08/2026 13:07;14;NÃO;FORA DE GRU;AGENTE;AGENTE - ANTONIO WAGNER SANTOS LUCENA;TRANSPORTE;EM ROTA -TERCEIROS;PENDENTE RECEBIMENTO;TRANSPORTE · EM ROTA -TERCEIROS · PENDENTE RECEBIMENTO;A6119;24/08/2026 06:56;;Datalogger enviado para agente VTCLOG RECIFE pelo serviço de integração do ESL.;ACIONAR AGENTE/RESPONSÁVEL
565188;A5832;ARES;00019200000014040425;PE;MINISTÉRIO DA SAUDE;24/08/2026 04:09;25/08/2026 15:03;25/08/2026 16:21;RECEBIDO NO CLIENTE;8218;MultiModal;24/08/2026 12:33;24/08/2026 16:17;;25/08/2026 13:06;14;NÃO;FORA DE GRU;MANUTENÇÃO;VTC - ANA PAULA OLIVEIRA DA SILVA;TERCEIROS;MANUTENÇÃO SINTREX;PENDENTE RECEBIMENTO;TERCEIROS · MANUTENÇÃO SINTREX · PENDENTE RECEBIMENTO;A5832;31/08/2026 18:06;;Datalogger restaurado para o estoque manualmente pelo usuário.;VALIDAR COM MANUTENÇÃO
565587;A9015;ARES;00019200000013992295;SC;MINISTÉRIO DA SAUDE;23/08/2026 04:17;25/08/2026 15:00;;ENTREGUE;8201;MultiModal;23/08/2026 07:39;24/08/2026 06:37;;19/08/2026 13:44;14;NÃO;FORA DE GRU;AGENTE;AGENTE - FERNANDA CLARA BRITO LETE;TRANSPORTE;EM ROTA -TERCEIROS;PENDENTE RECEBIMENTO;TRANSPORTE · EM ROTA -TERCEIROS · PENDENTE RECEBIMENTO;A9015;23/08/2026 06:24;;Datalogger enviado para agente TGEX TRANSPORTES E LOCACAO DE VEICULOS LTDA pelo serviço de integração do ESL.;ACIONAR AGENTE/RESPONSÁVEL
565466;A1102;ARES;00019200000013992961;MA;MINISTÉRIO DA SAUDE;23/08/2026 00:37;25/08/2026 14:52;;ENTREGUE;8192;MultiModal;23/08/2026 14:28;23/08/2026 18:43;;25/08/2026 08:34;14;NÃO;FORA DE GRU;AGENTE;AGENTE - LEILA NAZARE LIMA DE OLIVEIRA;TRANSPORTE;EM TRÂNSITO;PENDENTE RECEBIMENTO;TRANSPORTE · EM TRÂNSITO · PENDENTE RECEBIMENTO;A1102;31/08/2026 16:36;31596;Datalogger enviado para devolução pelo agente.;ACIONAR AGENTE/RESPONSÁVEL
565372;A3976;ARES;00019200000013993143;PR;MINISTÉRIO DA SAUDE;23/08/2026 04:07;25/08/2026 14:00;;ENTREGUE;8196;MultiModal;24/08/2026 10:07;24/08/2026 11:50;;25/08/2026 07:10;14;NÃO;FORA DE GRU;AGENTE;AGENTE - ELZANE RODRIGUES RODRIGUES DA SILVA;TRANSPORTE;EM ROTA -TERCEIROS;PENDENTE RECEBIMENTO;TRANSPORTE · EM ROTA -TERCEIROS · PENDENTE RECEBIMENTO;A3976;23/08/2026 09:29;;Datalogger enviado para agente TGEX TRANSPORTES E LOCACAO DE VEICULOS LTDA pelo serviço de integração do ESL.;ACIONAR AGENTE/RESPONSÁVEL
564084;AS-0131;ARES COM SONDA;00019200000014028760;MT;MINISTÉRIO DA SAUDE;24/08/2026 23:07;25/08/2026 12:30;;ENTREGUE;8239;MultiModal;25/08/2026 04:54;25/08/2026 12:32;;24/08/2026 09:53;14;NÃO;FORA DE GRU;AGENTE;AGENTE - FERNANDA CLARA BRITO LETE;TRANSPORTE;EM ROTA -TERCEIROS;PENDENTE RECEBIMENTO;TRANSPORTE · EM ROTA -TERCEIROS · PENDENTE RECEBIMENTO;AS-0131;25/08/2026 03:56;;Datalogger enviado para agente JOSE DE MORAIS RODRIGUES (JR TRANSPORTES) pelo serviço de integração do ESL.;ACIONAR AGENTE/RESPONSÁVEL
564902;A6881;ARES;00019200000013994565;MT;MINISTÉRIO DA SAUDE;24/08/2026 13:57;25/08/2026 11:45;;ENTREGUE;8229;MultiModal;24/08/2026 23:55;25/08/2026 02:34;;19/08/2026 12:25;14;NÃO;FORA DE GRU;AGENTE;AGENTE - ANDREIA CRISTINA BARROS VEIGA;TRANSPORTE;EM ROTA -TERCEIROS;PENDENTE RECEBIMENTO;TRANSPORTE · EM ROTA -TERCEIROS · PENDENTE RECEBIMENTO;A6881;24/08/2026 14:00;;Datalogger enviado para agente JOSE DE MORAIS RODRIGUES (JR TRANSPORTES) pelo serviço de integração do ESL.;ACIONAR AGENTE/RESPONSÁVEL
564902;TA1091;ARES;00019200000013994581;MT;MINISTÉRIO DA SAUDE;24/08/2026 13:57;25/08/2026 11:45;;ENTREGUE;8229;MultiModal;24/08/2026 23:55;25/08/2026 02:34;;21/08/2026 11:30;14;NÃO;FORA DE GRU;AGENTE;AGENTE - ANDREIA CRISTINA BARROS VEIGA;TRANSPORTE;EM ROTA -TERCEIROS;PENDENTE RECEBIMENTO;TRANSPORTE · EM ROTA -TERCEIROS · PENDENTE RECEBIMENTO;TA1091;24/08/2026 14:00;;Datalogger enviado para agente JOSE DE MORAIS RODRIGUES (JR TRANSPORTES) pelo serviço de integração do ESL.;ACIONAR AGENTE/RESPONSÁVEL
564902;TA1046;ARES;00019200000013994670;MT;MINISTÉRIO DA SAUDE;24/08/2026 13:57;25/08/2026 11:45;;ENTREGUE;8229;MultiModal;24/08/2026 23:55;25/08/2026 02:34;;21/08/2026 13:20;14;NÃO;FORA DE GRU;AGENTE;AGENTE - EDINALDO PINTO CASSIMIRO;TRANSPORTE;EM ROTA -TERCEIROS;PENDENTE RECEBIMENTO;TRANSPORTE · EM ROTA -TERCEIROS · PENDENTE RECEBIMENTO;TA1046;24/08/2026 14:00;;Datalogger enviado para agente JOSE DE MORAIS RODRIGUES (JR TRANSPORTES) pelo serviço de integração do ESL.;ACIONAR AGENTE/RESPONSÁVEL
565794;A6948;ARES;00019200000014038781;PB;MINISTÉRIO DA SAUDE;24/08/2026 04:10;25/08/2026 11:00;;ENTREGUE;8220;MultiModal;24/08/2026 08:31;24/08/2026 19:58;;25/08/2026 09:27;14;NÃO;FORA DE GRU;AGENTE;AGENTE - EDINALDO PINTO CASSIMIRO;TRANSPORTE;EM ROTA -TERCEIROS;PENDENTE RECEBIMENTO;TRANSPORTE · EM ROTA -TERCEIROS · PENDENTE RECEBIMENTO;A6948;24/08/2026 06:32;;Datalogger enviado para agente LIDER CARGAS SERVICOS LTDA pelo serviço de integração do ESL.;ACIONAR AGENTE/RESPONSÁVEL
565539;TA0173;ARES;00019200000013992945;MT;MINISTÉRIO DA SAUDE;23/08/2026 00:38;25/08/2026 09:26;;ENTREGUE;8192;MultiModal;23/08/2026 04:15;23/08/2026 15:50;;24/08/2026 12:26;14;NÃO;FORA DE GRU;AGENTE;SYS - Usuário sistema;TRANSPORTE;EM ROTA -TERCEIROS;PENDENTE RECEBIMENTO;TRANSPORTE · EM ROTA -TERCEIROS · PENDENTE RECEBIMENTO;TA0173;23/08/2026 09:29;;Datalogger enviado para agente JOSE DE MORAIS RODRIGUES (JR TRANSPORTES) pelo serviço de integração do ESL.;ACIONAR AGENTE/RESPONSÁVEL
565561;A0143;ARES;00019200000014036967;MA;MINISTÉRIO DA SAUDE;23/08/2026 00:37;24/08/2026 17:45;;ENTREGUE;8192;MultiModal;23/08/2026 14:28;23/08/2026 18:43;;24/08/2026 10:24;15;NÃO;FORA DE GRU;AGENTE;AGENTE - LEILA NAZARE LIMA DE OLIVEIRA;TRANSPORTE;EM TRÂNSITO;PENDENTE RECEBIMENTO;TRANSPORTE · EM TRÂNSITO · PENDENTE RECEBIMENTO;A0143;31/08/2026 15:58;31596;Datalogger enviado para devolução pelo agente.;ACIONAR AGENTE/RESPONSÁVEL
565599;TA0716;ARES;00019200000013992996;SP;MINISTÉRIO DA SAUDE;24/08/2026 04:36;24/08/2026 17:31;;ENTREGUE;8211;Rodoviário;24/08/2026 04:36;24/08/2026 17:31;;21/08/2026 11:08;15;NÃO;RETORNANDO PARA GRU (NÃO RECEBIDO);RETORNANDO - GRU;VTC - FRANCISCO AGUIAR;EM ESTOQUE;SALDO DE ESTOQUE;PENDENTE RECEBIMENTO;EM ESTOQUE · SALDO DE ESTOQUE · PENDENTE RECEBIMENTO;TA0716;28/08/2026 19:36;;Datalogger encaminhado pelo transporte para recebimento da qualidade.;ACOMPANHAR RECEBIMENTO EM GRU
565548;A2795;ARES;00019200000014010232;MA;MINISTÉRIO DA SAUDE;23/08/2026 00:37;24/08/2026 16:29;24/08/2026 16:29;RECEBIDO NO CLIENTE;8192;MultiModal;23/08/2026 14:28;23/08/2026 18:43;;24/08/2026 15:58;15;NÃO;FORA DE GRU;AGENTE;AGENTE - LEILA NAZARE LIMA DE OLIVEIRA;TRANSPORTE;EM TRÂNSITO;PENDENTE RECEBIMENTO;TRANSPORTE · EM TRÂNSITO · PENDENTE RECEBIMENTO;A2795;28/08/2026 17:00;31596;Datalogger enviado para devolução pelo agente.;ACIONAR AGENTE/RESPONSÁVEL
565582;A2367;ARES;00019200000013992260;SP;MINISTÉRIO DA SAUDE;24/08/2026 03:39;24/08/2026 14:06;24/08/2026 14:06;RECEBIDO NO CLIENTE;8216;Rodoviário;24/08/2026 03:39;24/08/2026 14:30;;18/08/2026 16:46;15;NÃO;FORA DE GRU;MANUTENÇÃO;VTC - KRISLAYNE RIBEIRO DA SILVA CARVALHO;TERCEIROS;MANUTENÇÃO SINTREX;PENDENTE RECEBIMENTO;TERCEIROS · MANUTENÇÃO SINTREX · PENDENTE RECEBIMENTO;A2367;03/09/2026 10:08;;Datalogger restaurado para o estoque manualmente pelo usuário.;VALIDAR COM MANUTENÇÃO
565385;TA0152;ARES;00019200000013995693;MA;MINISTÉRIO DA SAUDE;23/08/2026 00:37;24/08/2026 14:00;;ENTREGUE;8192;MultiModal;23/08/2026 14:28;23/08/2026 18:43;;24/08/2026 10:24;15;NÃO;FORA DE GRU;AGENTE;AGENTE - LEILA NAZARE LIMA DE OLIVEIRA;TRANSPORTE;EM TRÂNSITO;PENDENTE RECEBIMENTO;TRANSPORTE · EM TRÂNSITO · PENDENTE RECEBIMENTO;TA0152;28/08/2026 17:02;31596;Datalogger enviado para devolução pelo agente.;ACIONAR AGENTE/RESPONSÁVEL
565569;A6626;ARES;00019200000014037483;MT;MINISTÉRIO DA SAUDE;23/08/2026 00:38;24/08/2026 13:15;;ENTREGUE;8192;MultiModal;23/08/2026 04:15;23/08/2026 15:50;;18/08/2026 09:30;15;NÃO;FORA DE GRU;AGENTE;AGENTE - MARCOS JOSE ARAUJO DE ASSIS;TRANSPORTE;EM ROTA -TERCEIROS;PENDENTE RECEBIMENTO;TRANSPORTE · EM ROTA -TERCEIROS · PENDENTE RECEBIMENTO;A6626;23/08/2026 10:33;;Datalogger enviado para agente JOSE DE MORAIS RODRIGUES (JR TRANSPORTES) pelo serviço de integração do ESL.;ACIONAR AGENTE/RESPONSÁVEL
565192;TA0135;ARES;00019200000013997629;TO;MINISTÉRIO DA SAUDE;24/08/2026 00:00;24/08/2026 13:12;;ENTREGUE;8203;MultiModal;24/08/2026 07:55;24/08/2026 11:56;;21/08/2026 09:59;15;NÃO;FORA DE GRU;AGENTE;AGENTE - KESIA SARAI ARAUJO SILVA;TRANSPORTE;EM ROTA -TERCEIROS;PENDENTE RECEBIMENTO;TRANSPORTE · EM ROTA -TERCEIROS · PENDENTE RECEBIMENTO;TA0135;24/08/2026 01:23;;Datalogger enviado para agente MK BILLIG TRANSPORTE DE CARGAS E LOGISTICA LTDA pelo serviço de integração do ESL.;ACIONAR AGENTE/RESPONSÁVEL
565192;A4256;ARES;00019200000013997653;TO;MINISTÉRIO DA SAUDE;24/08/2026 00:00;24/08/2026 13:12;;ENTREGUE;8203;MultiModal;24/08/2026 07:55;24/08/2026 11:56;;21/08/2026 10:01;15;NÃO;FORA DE GRU;AGENTE;AGENTE - KESIA SARAI ARAUJO SILVA;TRANSPORTE;EM ROTA -TERCEIROS;PENDENTE RECEBIMENTO;TRANSPORTE · EM ROTA -TERCEIROS · PENDENTE RECEBIMENTO;A4256;24/08/2026 01:23;;Datalogger enviado para agente MK BILLIG TRANSPORTE DE CARGAS E LOGISTICA LTDA pelo serviço de integração do ESL.;ACIONAR AGENTE/RESPONSÁVEL
565192;TA0336;ARES;00019200000013997670;TO;MINISTÉRIO DA SAUDE;24/08/2026 00:00;24/08/2026 13:12;;ENTREGUE;8203;MultiModal;24/08/2026 07:55;24/08/2026 11:56;;21/08/2026 11:56;15;NÃO;FORA DE GRU;AGENTE;AGENTE - ROBERTA ALESSANDRA BARCELOS DA SILVA;TRANSPORTE;EM ROTA -TERCEIROS;PENDENTE RECEBIMENTO;TRANSPORTE · EM ROTA -TERCEIROS · PENDENTE RECEBIMENTO;TA0336;24/08/2026 01:23;;Datalogger enviado para agente MK BILLIG TRANSPORTE DE CARGAS E LOGISTICA LTDA pelo serviço de integração do ESL.;ACIONAR AGENTE/RESPONSÁVEL
565266;A8155;ARES;00019200000013992813;MG;MINISTÉRIO DA SAUDE;22/08/2026 13:50;24/08/2026 11:17;24/08/2026 11:17;RECEBIDO NO CLIENTE;8189;Rodoviário;22/08/2026 13:50;24/08/2026 11:21;;24/08/2026 10:48;15;NÃO;FORA DE GRU;AGENTE;AGENTE - KESIA SARAI ARAUJO SILVA;TRANSPORTE;EM ROTA -TERCEIROS;PENDENTE RECEBIMENTO;TRANSPORTE · EM ROTA -TERCEIROS · PENDENTE RECEBIMENTO;A8155;22/08/2026 16:55;;Datalogger enviado para agente VTC OPERADORA LOGISTICA LTDA pelo serviço de integração do ESL.;ACIONAR AGENTE/RESPONSÁVEL
565637;A3646;ARES;00019200000014037912;MG;MINISTÉRIO DA SAUDE;22/08/2026 14:25;24/08/2026 09:28;24/08/2026 09:28;RECEBIDO NO CLIENTE;8191;Rodoviário;22/08/2026 14:25;24/08/2026 12:45;;18/08/2026 13:14;15;NÃO;FORA DE GRU;AGENTE;AGENTE - JOSE VENTURA;TRANSPORTE;EM ROTA -TERCEIROS;PENDENTE RECEBIMENTO;TRANSPORTE · EM ROTA -TERCEIROS · PENDENTE RECEBIMENTO;A3646;22/08/2026 14:29;;Datalogger enviado para agente VTCLOG CNF - CONTAGEM pelo serviço de integração do ESL.;ACIONAR AGENTE/RESPONSÁVEL
564947;TA0978;ARES;00019200000013991850;PR;MINISTÉRIO DA SAUDE;18/08/2026 06:05;21/08/2026 17:00;;ENTREGUE;8138;MultiModal;18/08/2026 12:13;18/08/2026 20:05;;20/08/2026 14:12;18;NÃO;FORA DE GRU;AGENTE;AGENTE - JOSE AIRTON LOURENCO DE OLIVEIRA JUNIOR;TRANSPORTE;EM ROTA -TERCEIROS;PENDENTE RECEBIMENTO;TRANSPORTE · EM ROTA -TERCEIROS · PENDENTE RECEBIMENTO;TA0978;18/08/2026 09:47;;Datalogger enviado para agente TGEX TRANSPORTES E LOCACAO DE VEICULOS LTDA pelo serviço de integração do ESL.;ACIONAR AGENTE/RESPONSÁVEL
564712;A6283;ARES;00019200000013967681;MA;MINISTÉRIO DA SAUDE;18/08/2026 22:56;21/08/2026 15:00;;ENTREGUE;8147;MultiModal;20/08/2026 06:23;21/08/2026 01:51;;21/08/2026 11:09;18;NÃO;FORA DE GRU;AGENTE;AGENTE - LEILA NAZARE LIMA DE OLIVEIRA;TRANSPORTE;EM TRÂNSITO;PENDENTE RECEBIMENTO;TRANSPORTE · EM TRÂNSITO · PENDENTE RECEBIMENTO;A6283;28/08/2026 17:05;31596;Datalogger enviado para devolução pelo agente.;ACIONAR AGENTE/RESPONSÁVEL
564712;A3061;ARES;00019200000013967690;MA;MINISTÉRIO DA SAUDE;18/08/2026 22:56;21/08/2026 15:00;;ENTREGUE;8147;MultiModal;20/08/2026 06:23;21/08/2026 01:51;;21/08/2026 11:09;18;NÃO;FORA DE GRU;AGENTE;AGENTE - LEILA NAZARE LIMA DE OLIVEIRA;TRANSPORTE;EM TRÂNSITO;PENDENTE RECEBIMENTO;TRANSPORTE · EM TRÂNSITO · PENDENTE RECEBIMENTO;A3061;28/08/2026 17:05;31596;Datalogger enviado para devolução pelo agente.;ACIONAR AGENTE/RESPONSÁVEL
565291;A3092;ARES;00019200000013998293;SP;MINISTÉRIO DA SAUDE;21/08/2026 04:04;21/08/2026 13:57;;ENTREGUE;8179;Rodoviário;21/08/2026 04:04;21/08/2026 13:57;;18/08/2026 11:39;18;NÃO;FORA DE GRU;AGENTE;AGENTE - THAIS OLIVEIRA GATINHO;TRANSPORTE;EM ROTA -TERCEIROS;PENDENTE RECEBIMENTO;TRANSPORTE · EM ROTA -TERCEIROS · PENDENTE RECEBIMENTO;A3092;02/09/2026 16:44;;Datalogger enviado para agente VTC OPERADORA LOGISTICA LTDA pelo serviço de integração do ESL.;ACIONAR AGENTE/RESPONSÁVEL
565291;A9555;ARES;00019200000013998331;SP;MINISTÉRIO DA SAUDE;21/08/2026 04:04;21/08/2026 13:57;;ENTREGUE;8179;Rodoviário;21/08/2026 04:04;21/08/2026 13:57;;18/08/2026 13:04;18;NÃO;FORA DE GRU;AGENTE;AGENTE - EDINALDO PINTO CASSIMIRO;TRANSPORTE;EM ROTA -TERCEIROS;PENDENTE RECEBIMENTO;TRANSPORTE · EM ROTA -TERCEIROS · PENDENTE RECEBIMENTO;A9555;02/09/2026 16:44;;Datalogger enviado para agente VTC OPERADORA LOGISTICA LTDA pelo serviço de integração do ESL.;ACIONAR AGENTE/RESPONSÁVEL
565291;A6565;ARES;00019200000013998340;SP;MINISTÉRIO DA SAUDE;21/08/2026 04:04;21/08/2026 13:57;;ENTREGUE;8179;Rodoviário;21/08/2026 04:04;21/08/2026 13:57;;18/08/2026 16:22;18;NÃO;FORA DE GRU;AGENTE;AGENTE - RAFAELLE FONTES;TRANSPORTE;EM ROTA -TERCEIROS;PENDENTE RECEBIMENTO;TRANSPORTE · EM ROTA -TERCEIROS · PENDENTE RECEBIMENTO;A6565;02/09/2026 16:44;;Datalogger enviado para agente VTC OPERADORA LOGISTICA LTDA pelo serviço de integração do ESL.;ACIONAR AGENTE/RESPONSÁVEL
565291;A6483;ARES;00019200000013998358;SP;MINISTÉRIO DA SAUDE;21/08/2026 04:04;21/08/2026 13:57;;ENTREGUE;8179;Rodoviário;21/08/2026 04:04;21/08/2026 13:57;;18/08/2026 16:23;18;NÃO;FORA DE GRU;AGENTE;AGENTE - NICOLLE CHRISTIE CAMPOS MAGALHÃES;TRANSPORTE;EM ROTA -TERCEIROS;PENDENTE RECEBIMENTO;TRANSPORTE · EM ROTA -TERCEIROS · PENDENTE RECEBIMENTO;A6483;02/09/2026 16:44;;Datalogger enviado para agente VTC OPERADORA LOGISTICA LTDA pelo serviço de integração do ESL.;ACIONAR AGENTE/RESPONSÁVEL
565291;A7733;ARES;00019200000013998366;SP;MINISTÉRIO DA SAUDE;21/08/2026 04:04;21/08/2026 13:57;;ENTREGUE;8179;Rodoviário;21/08/2026 04:04;21/08/2026 13:57;;18/08/2026 09:29;18;NÃO;FORA DE GRU;AGENTE;AGENTE - MARCOS JOSE ARAUJO DE ASSIS;TRANSPORTE;EM ROTA -TERCEIROS;PENDENTE RECEBIMENTO;TRANSPORTE · EM ROTA -TERCEIROS · PENDENTE RECEBIMENTO;A7733;02/09/2026 16:44;;Datalogger enviado para agente VTC OPERADORA LOGISTICA LTDA pelo serviço de integração do ESL.;ACIONAR AGENTE/RESPONSÁVEL
565291;TA0784;ARES;00019200000013998374;SP;MINISTÉRIO DA SAUDE;21/08/2026 04:04;21/08/2026 13:57;;ENTREGUE;8179;Rodoviário;21/08/2026 04:04;21/08/2026 13:57;;18/08/2026 13:05;18;NÃO;FORA DE GRU;AGENTE;AGENTE - THAIS OLIVEIRA GATINHO;TRANSPORTE;EM ROTA -TERCEIROS;PENDENTE RECEBIMENTO;TRANSPORTE · EM ROTA -TERCEIROS · PENDENTE RECEBIMENTO;TA0784;02/09/2026 16:44;;Datalogger enviado para agente VTC OPERADORA LOGISTICA LTDA pelo serviço de integração do ESL.;ACIONAR AGENTE/RESPONSÁVEL
565124;A3184;ARES;00019200000013998587;BA;MINISTÉRIO DA SAUDE;19/08/2026 03:01;21/08/2026 09:00;;ENTREGUE;8155;MultiModal;20/08/2026 03:24;20/08/2026 14:32;;17/08/2026 11:59;18;NÃO;FORA DE GRU;AGENTE;AGENTE - JOSE AIRTON LOURENCO DE OLIVEIRA JUNIOR;TRANSPORTE;EM ROTA -TERCEIROS;PENDENTE RECEBIMENTO;TRANSPORTE · EM ROTA -TERCEIROS · PENDENTE RECEBIMENTO;A3184;19/08/2026 06:40;;Datalogger enviado para agente MARCIO ALEXANDRE DE JESUS MARQUES - MASPEX  pelo serviço de integração do ESL.;ACIONAR AGENTE/RESPONSÁVEL
564551;TA0211;ARES;00019200000013967169;PI;MINISTÉRIO DA SAUDE;18/08/2026 23:20;20/08/2026 15:30;;ENTREGUE;8147;MultiModal;19/08/2026 14:39;19/08/2026 18:56;;13/08/2026 08:42;19;NÃO;FORA DE GRU;AGENTE;AGENTE - DANILO MESAQUE DOS SANTOS TEIXEIRA;TRANSPORTE;EM TRÂNSITO;PENDENTE RECEBIMENTO;TRANSPORTE · EM TRÂNSITO · PENDENTE RECEBIMENTO;TA0211;31/08/2026 09:21;31587;Datalogger enviado para devolução pelo agente.;ACIONAR AGENTE/RESPONSÁVEL
564551;A6057;ARES;00019200000013967177;PI;MINISTÉRIO DA SAUDE;18/08/2026 23:20;20/08/2026 15:30;;ENTREGUE;8147;MultiModal;19/08/2026 14:39;19/08/2026 18:56;;17/08/2026 10:49;19;NÃO;FORA DE GRU;AGENTE;AGENTE - DANILO MESAQUE DOS SANTOS TEIXEIRA;TRANSPORTE;EM TRÂNSITO;PENDENTE RECEBIMENTO;TRANSPORTE · EM TRÂNSITO · PENDENTE RECEBIMENTO;A6057;31/08/2026 09:18;31587;Datalogger enviado para devolução pelo agente.;ACIONAR AGENTE/RESPONSÁVEL
564551;A9436;ARES;00019200000013967185;PI;MINISTÉRIO DA SAUDE;18/08/2026 23:20;20/08/2026 15:30;;ENTREGUE;8147;MultiModal;19/08/2026 14:39;19/08/2026 18:56;;13/08/2026 17:12;19;NÃO;FORA DE GRU;AGENTE;AGENTE - DANILO MESAQUE DOS SANTOS TEIXEIRA;TRANSPORTE;EM TRÂNSITO;PENDENTE RECEBIMENTO;TRANSPORTE · EM TRÂNSITO · PENDENTE RECEBIMENTO;A9436;31/08/2026 09:25;31587;Datalogger enviado para devolução pelo agente.;ACIONAR AGENTE/RESPONSÁVEL
564551;A9654;ARES;00019200000013967193;PI;MINISTÉRIO DA SAUDE;18/08/2026 23:20;20/08/2026 15:30;;ENTREGUE;8147;MultiModal;19/08/2026 14:39;19/08/2026 18:56;;13/08/2026 15:35;19;NÃO;FORA DE GRU;AGENTE;AGENTE - DANILO MESAQUE DOS SANTOS TEIXEIRA;TRANSPORTE;EM TRÂNSITO;PENDENTE RECEBIMENTO;TRANSPORTE · EM TRÂNSITO · PENDENTE RECEBIMENTO;A9654;31/08/2026 09:28;31587;Datalogger enviado para devolução pelo agente.;ACIONAR AGENTE/RESPONSÁVEL
564841;A8043;ARES;00019200000013992040;SC;MINISTÉRIO DA SAUDE;18/08/2026 06:28;20/08/2026 15:19;;ENTREGUE;8138;MultiModal;18/08/2026 12:13;18/08/2026 19:25;;11/08/2026 08:54;19;NÃO;FORA DE GRU;AGENTE;AGENTE - KESIA SARAI ARAUJO SILVA;TRANSPORTE;EM ROTA -TERCEIROS;PENDENTE RECEBIMENTO;TRANSPORTE · EM ROTA -TERCEIROS · PENDENTE RECEBIMENTO;A8043;18/08/2026 07:01;;Datalogger enviado para agente TGEX TRANSPORTES E LOCACAO DE VEICULOS LTDA pelo serviço de integração do ESL.;ACIONAR AGENTE/RESPONSÁVEL
563736;A7750;ARES;00019200000013971557;MS;MINISTÉRIO DA SAUDE;19/08/2026 03:02;20/08/2026 15:10;;ENTREGUE;8152;MultiModal;19/08/2026 07:56;19/08/2026 19:20;;17/08/2026 08:45;19;NÃO;FORA DE GRU;AGENTE;AGENTE - ANDREIA CRISTINA BARROS VEIGA;TRANSPORTE;EM ROTA -TERCEIROS;RECEBIDO;TRANSPORTE · EM ROTA -TERCEIROS · RECEBIDO;A7750;04/09/2026 17:49;;Datalogger recebido pelo agente com sucesso.;ACIONAR AGENTE/RESPONSÁVEL
564569;A9660;ARES;00019200000013967657;RO;MINISTÉRIO DA SAUDE;18/08/2026 23:21;20/08/2026 14:20;;ENTREGUE;8147;MultiModal;19/08/2026 23:11;20/08/2026 04:25;;17/08/2026 12:11;19;NÃO;FORA DE GRU;AGENTE;AGENTE - JOSE AIRTON LOURENCO DE OLIVEIRA JUNIOR;TRANSPORTE;EM ROTA -TERCEIROS;PENDENTE RECEBIMENTO;TRANSPORTE · EM ROTA -TERCEIROS · PENDENTE RECEBIMENTO;A9660;19/08/2026 03:10;;Datalogger enviado para agente W S TRANSPORTES DE CARGAS E LOGISTICA LTDA pelo serviço de integração do ESL.;ACIONAR AGENTE/RESPONSÁVEL
563401;TA1209;ARES;00019200000013971549;PB;MINISTÉRIO DA SAUDE;18/08/2026 23:00;20/08/2026 11:15;;ENTREGUE;8148;MultiModal;19/08/2026 05:33;19/08/2026 20:15;;20/08/2026 10:30;19;NÃO;FORA DE GRU;AGENTE;AGENTE - JERSSICA DE FREITAS DE OLIVEIRA;TRANSPORTE;EM TRÂNSITO;PENDENTE RECEBIMENTO;TRANSPORTE · EM TRÂNSITO · PENDENTE RECEBIMENTO;TA1209;24/08/2026 07:19;17369;Datalogger enviado para devolução pelo agente.;ACIONAR AGENTE/RESPONSÁVEL
564527;TA0584;ARES;00019200000013966839;PB;MINISTÉRIO DA SAUDE;18/08/2026 23:00;20/08/2026 10:30;;ENTREGUE;8148;MultiModal;19/08/2026 05:33;19/08/2026 20:15;;17/08/2026 12:29;19;NÃO;FORA DE GRU;AGENTE;AGENTE - JERSSICA DE FREITAS DE OLIVEIRA;TRANSPORTE;EM TRÂNSITO;PENDENTE RECEBIMENTO;TRANSPORTE · EM TRÂNSITO · PENDENTE RECEBIMENTO;TA0584;24/08/2026 07:20;17369;Datalogger enviado para devolução pelo agente.;ACIONAR AGENTE/RESPONSÁVEL
564467;A5491;ARES;00019200000013972162;CE;MINISTÉRIO DA SAUDE;18/08/2026 03:29;19/08/2026 18:35;;ENTREGUE;8118;MultiModal;19/08/2026 09:28;19/08/2026 15:20;;17/08/2026 10:51;19;NÃO;FORA DE GRU;AGENTE;AGENTE - IARA HOLANDA NOZOR TELES;TRANSPORTE;EM ROTA -TERCEIROS;PENDENTE RECEBIMENTO;TRANSPORTE · EM ROTA -TERCEIROS · PENDENTE RECEBIMENTO;A5491;31/08/2026 23:48;;Datalogger enviado para agente mab - EXPRESSO RODRIGUES LTDA pelo serviço de integração do ESL.;ACIONAR AGENTE/RESPONSÁVEL
563727;A5528;ARES;00019200000013921363;PI;MINISTÉRIO DA SAUDE;12/08/2026 22:45;19/08/2026 17:30;;ENTREGUE;8022;MultiModal;13/08/2026 14:12;13/08/2026 18:26;;10/08/2026 08:58;20;NÃO;FORA DE GRU;AGENTE;AGENTE - DANILO MESAQUE DOS SANTOS TEIXEIRA;TRANSPORTE;EM TRÂNSITO;PENDENTE RECEBIMENTO;TRANSPORTE · EM TRÂNSITO · PENDENTE RECEBIMENTO;A5528;31/08/2026 09:25;31587;Datalogger enviado para devolução pelo agente.;ACIONAR AGENTE/RESPONSÁVEL
563727;A4803;ARES;00019200000013921371;PI;MINISTÉRIO DA SAUDE;12/08/2026 22:45;19/08/2026 17:30;;ENTREGUE;8022;MultiModal;13/08/2026 14:12;13/08/2026 18:26;;15/08/2026 13:22;20;NÃO;FORA DE GRU;AGENTE;AGENTE - DANILO MESAQUE DOS SANTOS TEIXEIRA;TRANSPORTE;EM TRÂNSITO;PENDENTE RECEBIMENTO;TRANSPORTE · EM TRÂNSITO · PENDENTE RECEBIMENTO;A4803;31/08/2026 09:50;31587;Datalogger enviado para devolução pelo agente.;ACIONAR AGENTE/RESPONSÁVEL
563916;A7624;ARES;00019200000013953940;PI;MINISTÉRIO DA SAUDE;12/08/2026 22:50;19/08/2026 17:30;;ENTREGUE;8021;MultiModal;13/08/2026 14:12;13/08/2026 18:26;;12/08/2026 10:21;20;NÃO;FORA DE GRU;AGENTE;AGENTE - DANILO MESAQUE DOS SANTOS TEIXEIRA;TRANSPORTE;EM TRÂNSITO;PENDENTE RECEBIMENTO;TRANSPORTE · EM TRÂNSITO · PENDENTE RECEBIMENTO;A7624;02/09/2026 07:52;31587;Datalogger enviado para devolução pelo agente.;ACIONAR AGENTE/RESPONSÁVEL
564702;A0315;ARES;00019200000013971620;PR;MINISTÉRIO DA SAUDE;17/08/2026 07:14;19/08/2026 17:00;;ENTREGUE;8093;MultiModal;17/08/2026 13:11;17/08/2026 19:31;;18/08/2026 16:37;20;NÃO;FORA DE GRU;AGENTE;AGENTE - KESIA SARAI ARAUJO SILVA;TRANSPORTE;EM ROTA -TERCEIROS;PENDENTE RECEBIMENTO;TRANSPORTE · EM ROTA -TERCEIROS · PENDENTE RECEBIMENTO;A0315;17/08/2026 10:16;;Datalogger enviado para agente TGEX TRANSPORTES E LOCACAO DE VEICULOS LTDA pelo serviço de integração do ESL.;ACIONAR AGENTE/RESPONSÁVEL
564109;A7618;ARES;00019200000013975617;GO;MINISTÉRIO DA SAUDE;18/08/2026 06:01;19/08/2026 16:00;19/08/2026 16:06;RECEBIDO NO CLIENTE;8118;MultiModal;19/08/2026 09:42;19/08/2026 07:17;;14/08/2026 08:50;20;NÃO;FORA DE GRU;MANUTENÇÃO;VTC - KRISLAYNE RIBEIRO DA SILVA CARVALHO;TERCEIROS;MANUTENÇÃO SINTREX;PENDENTE RECEBIMENTO;TERCEIROS · MANUTENÇÃO SINTREX · PENDENTE RECEBIMENTO;A7618;26/08/2026 16:09;;Datalogger restaurado para o estoque manualmente pelo usuário.;VALIDAR COM MANUTENÇÃO
564703;A6510;ARES;00019200000013991914;BA;MINISTÉRIO DA SAUDE;18/08/2026 03:50;19/08/2026 14:30;;ENTREGUE;8130;MultiModal;18/08/2026 09:22;19/08/2026 00:53;;11/08/2026 10:25;20;NÃO;FORA DE GRU;AGENTE;AGENTE - RAIANA ASSIS DOS SANTOS;TRANSPORTE;EM ROTA -TERCEIROS;PENDENTE RECEBIMENTO;TRANSPORTE · EM ROTA -TERCEIROS · PENDENTE RECEBIMENTO;A6510;18/08/2026 09:49;;Datalogger enviado para agente VDC - MASPEX CARGO pelo serviço de integração do ESL.;ACIONAR AGENTE/RESPONSÁVEL
564104;A8781;ARES;00019200000013954245;AC;MINISTÉRIO DA SAUDE;16/08/2026 23:36;19/08/2026 14:00;;ENTREGUE;8081;MultiModal;17/08/2026 15:50;18/08/2026 02:01;;19/08/2026 12:50;20;NÃO;FORA DE GRU;AGENTE;AGENTE - ANDREIA CRISTINA BARROS VEIGA;TRANSPORTE;EM ROTA -TERCEIROS;PENDENTE RECEBIMENTO;TRANSPORTE · EM ROTA -TERCEIROS · PENDENTE RECEBIMENTO;A8781;17/08/2026 07:17;;Datalogger enviado para agente W S TRANSPORTES DE CARGAS E LOGISTICA LTDA pelo serviço de integração do ESL.;ACIONAR AGENTE/RESPONSÁVEL
564824;A0298;ARES;00019200000013969587;PB;MINISTÉRIO DA SAUDE;16/08/2026 23:37;19/08/2026 14:00;;ENTREGUE;8083;MultiModal;17/08/2026 03:34;17/08/2026 15:54;;19/08/2026 07:48;20;NÃO;FORA DE GRU;AGENTE;AGENTE - JERSSICA DE FREITAS DE OLIVEIRA;TRANSPORTE;EM TRÂNSITO;PENDENTE RECEBIMENTO;TRANSPORTE · EM TRÂNSITO · PENDENTE RECEBIMENTO;A0298;20/08/2026 08:48;17369;Datalogger enviado para devolução pelo agente.;ACIONAR AGENTE/RESPONSÁVEL
564578;TA0432;ARES;00019200000013968432;PB;MINISTÉRIO DA SAUDE;17/08/2026 23:02;19/08/2026 13:00;;ENTREGUE;8110;MultiModal;18/08/2026 05:27;19/08/2026 04:14;;13/08/2026 09:04;20;NÃO;FORA DE GRU;AGENTE;AGENTE - JERSSICA DE FREITAS DE OLIVEIRA;TRANSPORTE;EM TRÂNSITO;PENDENTE RECEBIMENTO;TRANSPORTE · EM TRÂNSITO · PENDENTE RECEBIMENTO;TA0432;20/08/2026 12:17;17369;Datalogger enviado para devolução pelo agente.;ACIONAR AGENTE/RESPONSÁVEL
564840;A8556;ARES;00019200000013991299;PE;MINISTÉRIO DA SAUDE;18/08/2026 03:35;19/08/2026 11:42;;ENTREGUE;8129;MultiModal;18/08/2026 09:22;19/08/2026 00:51;;13/08/2026 17:11;20;SIM;CÂMARA FRIA (GRU);CÂMARA FRIA - PACKING;AGENTE - CHARLE BRASIL SILVERIO;CÂMARA FRIA;PACKING;RECEBIDO;CÂMARA FRIA · PACKING · RECEBIDO;A8556;18/08/2026 00:07;;DataLogger A8556, foi embalado no volume CAIXA VTCBOX 130L WEDGE SEAL COM BERÇO - 00019200000013991299 - Usuário: Renata.martins;VALIDAR NA CÂMARA FRIA
564842;A0322;ARES;00019200000013991329;PE;MINISTÉRIO DA SAUDE;18/08/2026 03:46;19/08/2026 11:25;;ENTREGUE;8130;MultiModal;18/08/2026 09:22;19/08/2026 00:51;;13/08/2026 09:03;20;SIM;CÂMARA FRIA (GRU);CÂMARA FRIA - PACKING;AGENTE - ROSANA HONORATO DA SILVA;CÂMARA FRIA;PACKING;RECEBIDO;CÂMARA FRIA · PACKING · RECEBIDO;A0322;17/08/2026 23:57;;DataLogger A0322, foi embalado no volume FRAÇÃO 33L - 00019200000013991329 - Usuário: Renata.martins;VALIDAR NA CÂMARA FRIA
564940;A9281;ARES;00019200000013992031;PE;MINISTÉRIO DA SAUDE;18/08/2026 04:11;19/08/2026 11:25;;ENTREGUE;8131;MultiModal;18/08/2026 09:22;19/08/2026 00:51;;12/08/2026 09:42;20;SIM;CÂMARA FRIA (GRU);CÂMARA FRIA - PACKING;AGENTE - EDINALDO PINTO CASSIMIRO;CÂMARA FRIA;PACKING;RECEBIDO;CÂMARA FRIA · PACKING · RECEBIDO;A9281;18/08/2026 00:11;;DataLogger A9281, foi embalado no volume FRAÇÃO 33L - 00019200000013992031 - Usuário: wilson.nascimento;VALIDAR NA CÂMARA FRIA
564701;A8935;ARES;00019200000013969641;BA;MINISTÉRIO DA SAUDE;16/08/2026 23:35;19/08/2026 09:20;;ENTREGUE;8082;MultiModal;18/08/2026 03:38;18/08/2026 14:05;;15/08/2026 12:03;20;NÃO;FORA DE GRU;AGENTE;AGENTE - JOSE AIRTON LOURENCO DE OLIVEIRA JUNIOR;TRANSPORTE;EM ROTA -TERCEIROS;PENDENTE RECEBIMENTO;TRANSPORTE · EM ROTA -TERCEIROS · PENDENTE RECEBIMENTO;A8935;17/08/2026 07:13;;Datalogger enviado para agente MARCIO ALEXANDRE DE JESUS MARQUES - MASPEX  pelo serviço de integração do ESL.;ACIONAR AGENTE/RESPONSÁVEL
564321;A7789;ARES;00019200000013977482;PI;MINISTÉRIO DA SAUDE;15/08/2026 23:51;18/08/2026 17:18;;ENTREGUE;8071;MultiModal;17/08/2026 00:10;17/08/2026 04:52;;12/08/2026 08:57;21;NÃO;FORA DE GRU;AGENTE;AGENTE - DANILO MESAQUE DOS SANTOS TEIXEIRA;TRANSPORTE;EM ROTA -TERCEIROS;RECEBIDO;TRANSPORTE · EM ROTA -TERCEIROS · RECEBIDO;A7789;21/08/2026 09:35;;Datalogger recebido pelo agente com sucesso.;ACIONAR AGENTE/RESPONSÁVEL
564367;A1927;ARES;00019200000013984896;SC;MINISTÉRIO DA SAUDE;15/08/2026 23:23;18/08/2026 17:00;;ENTREGUE;8071;MultiModal;17/08/2026 11:11;17/08/2026 11:54;;13/08/2026 09:24;21;NÃO;FORA DE GRU;AGENTE;AGENTE - EDINALDO PINTO CASSIMIRO;TRANSPORTE;EM ROTA -TERCEIROS;PENDENTE RECEBIMENTO;TRANSPORTE · EM ROTA -TERCEIROS · PENDENTE RECEBIMENTO;A1927;16/08/2026 08:40;;Datalogger enviado para agente TGEX TRANSPORTES E LOCACAO DE VEICULOS LTDA pelo serviço de integração do ESL.;ACIONAR AGENTE/RESPONSÁVEL
564819;A3503;ARES;00019200000013970747;PR;MINISTÉRIO DA SAUDE;17/08/2026 07:14;18/08/2026 17:00;;ENTREGUE;8093;MultiModal;17/08/2026 13:11;17/08/2026 19:31;;18/08/2026 14:20;21;NÃO;FORA DE GRU;AGENTE;SYS - Usuário sistema;TRANSPORTE;EM ROTA -TERCEIROS;PENDENTE RECEBIMENTO;TRANSPORTE · EM ROTA -TERCEIROS · PENDENTE RECEBIMENTO;A3503;17/08/2026 10:16;;Datalogger enviado para agente TGEX TRANSPORTES E LOCACAO DE VEICULOS LTDA pelo serviço de integração do ESL.;ACIONAR AGENTE/RESPONSÁVEL
564550;A8357;ARES;00019200000013972138;BA;MINISTÉRIO DA SAUDE;16/08/2026 23:35;18/08/2026 16:50;;ENTREGUE;8082;MultiModal;17/08/2026 03:34;18/08/2026 02:07;;13/08/2026 17:09;21;NÃO;FORA DE GRU;AGENTE;AGENTE - ARIOMIRIO COSTA FERREIRA;TRANSPORTE;EM ROTA -TERCEIROS;PENDENTE RECEBIMENTO;TRANSPORTE · EM ROTA -TERCEIROS · PENDENTE RECEBIMENTO;A8357;17/08/2026 07:17;;Datalogger enviado para agente VDC - MASPEX CARGO pelo serviço de integração do ESL.;ACIONAR AGENTE/RESPONSÁVEL
561315;A7604;ARES;00019200000013954601;PB;MINISTÉRIO DA SAUDE;16/08/2026 23:36;18/08/2026 16:01;;ENTREGUE;8083;MultiModal;18/08/2026 05:27;19/08/2026 04:14;;18/08/2026 15:40;21;NÃO;FORA DE GRU;AGENTE;AGENTE - JERSSICA DE FREITAS DE OLIVEIRA;TRANSPORTE;EM TRÂNSITO;PENDENTE RECEBIMENTO;TRANSPORTE · EM TRÂNSITO · PENDENTE RECEBIMENTO;A7604;20/08/2026 12:20;17369;Datalogger enviado para devolução pelo agente.;ACIONAR AGENTE/RESPONSÁVEL
561315;A9666;ARES;00019200000013954610;PB;MINISTÉRIO DA SAUDE;16/08/2026 23:36;18/08/2026 16:01;;ENTREGUE;8083;MultiModal;18/08/2026 05:27;19/08/2026 04:14;;18/08/2026 15:40;21;NÃO;FORA DE GRU;AGENTE;AGENTE - JERSSICA DE FREITAS DE OLIVEIRA;TRANSPORTE;EM TRÂNSITO;PENDENTE RECEBIMENTO;TRANSPORTE · EM TRÂNSITO · PENDENTE RECEBIMENTO;A9666;20/08/2026 12:13;17369;Datalogger enviado para devolução pelo agente.;ACIONAR AGENTE/RESPONSÁVEL
561315;A6270;ARES;00019200000013954628;PB;MINISTÉRIO DA SAUDE;16/08/2026 23:36;18/08/2026 16:01;;ENTREGUE;8082;MultiModal;18/08/2026 05:27;19/08/2026 04:14;;18/08/2026 15:41;21;NÃO;FORA DE GRU;AGENTE;AGENTE - JERSSICA DE FREITAS DE OLIVEIRA;TRANSPORTE;EM TRÂNSITO;PENDENTE RECEBIMENTO;TRANSPORTE · EM TRÂNSITO · PENDENTE RECEBIMENTO;A6270;20/08/2026 12:10;17369;Datalogger enviado para devolução pelo agente.;ACIONAR AGENTE/RESPONSÁVEL
561315;A9567;ARES;00019200000013954636;PB;MINISTÉRIO DA SAUDE;16/08/2026 23:36;18/08/2026 16:01;;ENTREGUE;8082;MultiModal;18/08/2026 05:27;19/08/2026 04:14;;18/08/2026 15:40;21;NÃO;FORA DE GRU;AGENTE;AGENTE - JERSSICA DE FREITAS DE OLIVEIRA;TRANSPORTE;EM TRÂNSITO;PENDENTE RECEBIMENTO;TRANSPORTE · EM TRÂNSITO · PENDENTE RECEBIMENTO;A9567;20/08/2026 12:12;17369;Datalogger enviado para devolução pelo agente.;ACIONAR AGENTE/RESPONSÁVEL
561315;A2428;ARES;00019200000013954644;PB;MINISTÉRIO DA SAUDE;16/08/2026 23:36;18/08/2026 16:01;;ENTREGUE;8082;MultiModal;18/08/2026 05:27;19/08/2026 04:14;;18/08/2026 15:40;21;NÃO;FORA DE GRU;AGENTE;AGENTE - JERSSICA DE FREITAS DE OLIVEIRA;TRANSPORTE;EM TRÂNSITO;PENDENTE RECEBIMENTO;TRANSPORTE · EM TRÂNSITO · PENDENTE RECEBIMENTO;A2428;20/08/2026 12:08;17369;Datalogger enviado para devolução pelo agente.;ACIONAR AGENTE/RESPONSÁVEL
561315;A6089;ARES;00019200000013975641;PB;MINISTÉRIO DA SAUDE;16/08/2026 23:36;18/08/2026 16:01;;ENTREGUE;8082;MultiModal;18/08/2026 05:27;19/08/2026 04:14;;18/08/2026 15:41;21;NÃO;FORA DE GRU;AGENTE;AGENTE - JERSSICA DE FREITAS DE OLIVEIRA;TRANSPORTE;EM TRÂNSITO;PENDENTE RECEBIMENTO;TRANSPORTE · EM TRÂNSITO · PENDENTE RECEBIMENTO;A6089;20/08/2026 12:15;17369;Datalogger enviado para devolução pelo agente.;ACIONAR AGENTE/RESPONSÁVEL
561315;A6476;ARES;00019200000013975650;PB;MINISTÉRIO DA SAUDE;16/08/2026 23:36;18/08/2026 16:01;;ENTREGUE;8083;MultiModal;18/08/2026 05:27;19/08/2026 04:14;;18/08/2026 15:40;21;NÃO;FORA DE GRU;AGENTE;AGENTE - JERSSICA DE FREITAS DE OLIVEIRA;TRANSPORTE;EM TRÂNSITO;PENDENTE RECEBIMENTO;TRANSPORTE · EM TRÂNSITO · PENDENTE RECEBIMENTO;A6476;20/08/2026 12:12;17369;Datalogger enviado para devolução pelo agente.;ACIONAR AGENTE/RESPONSÁVEL
561315;A3993;ARES;00019200000013975668;PB;MINISTÉRIO DA SAUDE;16/08/2026 23:36;18/08/2026 16:01;;ENTREGUE;8083;MultiModal;18/08/2026 05:27;19/08/2026 04:14;;18/08/2026 15:41;21;NÃO;FORA DE GRU;AGENTE;AGENTE - JERSSICA DE FREITAS DE OLIVEIRA;TRANSPORTE;EM TRÂNSITO;PENDENTE RECEBIMENTO;TRANSPORTE · EM TRÂNSITO · PENDENTE RECEBIMENTO;A3993;20/08/2026 12:21;17369;Datalogger enviado para devolução pelo agente.;ACIONAR AGENTE/RESPONSÁVEL
561315;A9083;ARES;00019200000013975676;PB;MINISTÉRIO DA SAUDE;16/08/2026 23:36;18/08/2026 16:01;;ENTREGUE;8083;MultiModal;18/08/2026 05:27;19/08/2026 04:14;;18/08/2026 15:41;21;NÃO;FORA DE GRU;AGENTE;AGENTE - JERSSICA DE FREITAS DE OLIVEIRA;TRANSPORTE;EM TRÂNSITO;PENDENTE RECEBIMENTO;TRANSPORTE · EM TRÂNSITO · PENDENTE RECEBIMENTO;A9083;20/08/2026 08:48;17369;Datalogger enviado para devolução pelo agente.;ACIONAR AGENTE/RESPONSÁVEL
561315;A4624;ARES;00019200000013975706;PB;MINISTÉRIO DA SAUDE;16/08/2026 23:36;18/08/2026 16:01;;ENTREGUE;8083;MultiModal;18/08/2026 05:27;19/08/2026 04:14;;18/08/2026 15:41;21;NÃO;FORA DE GRU;AGENTE;AGENTE - JERSSICA DE FREITAS DE OLIVEIRA;TRANSPORTE;EM TRÂNSITO;PENDENTE RECEBIMENTO;TRANSPORTE · EM TRÂNSITO · PENDENTE RECEBIMENTO;A4624;20/08/2026 12:10;17369;Datalogger enviado para devolução pelo agente.;ACIONAR AGENTE/RESPONSÁVEL
561315;TA0791;ARES;00019200000013975722;PB;MINISTÉRIO DA SAUDE;16/08/2026 23:36;18/08/2026 16:01;;ENTREGUE;8082;MultiModal;18/08/2026 05:27;19/08/2026 04:14;;18/08/2026 15:42;21;NÃO;FORA DE GRU;AGENTE;AGENTE - JERSSICA DE FREITAS DE OLIVEIRA;TRANSPORTE;EM TRÂNSITO;PENDENTE RECEBIMENTO;TRANSPORTE · EM TRÂNSITO · PENDENTE RECEBIMENTO;TA0791;20/08/2026 12:11;17369;Datalogger enviado para devolução pelo agente.;ACIONAR AGENTE/RESPONSÁVEL
561315;A6975;ARES;00019200000013975730;PB;MINISTÉRIO DA SAUDE;16/08/2026 23:36;18/08/2026 16:01;;ENTREGUE;8082;MultiModal;18/08/2026 05:27;19/08/2026 04:14;;18/08/2026 15:40;21;NÃO;FORA DE GRU;AGENTE;AGENTE - JERSSICA DE FREITAS DE OLIVEIRA;TRANSPORTE;EM TRÂNSITO;PENDENTE RECEBIMENTO;TRANSPORTE · EM TRÂNSITO · PENDENTE RECEBIMENTO;A6975;20/08/2026 12:11;17369;Datalogger enviado para devolução pelo agente.;ACIONAR AGENTE/RESPONSÁVEL
561315;A8783;ARES;00019200000013975749;PB;MINISTÉRIO DA SAUDE;16/08/2026 23:36;18/08/2026 16:01;;ENTREGUE;8082;MultiModal;18/08/2026 05:27;19/08/2026 04:14;;18/08/2026 15:41;21;NÃO;FORA DE GRU;AGENTE;AGENTE - JERSSICA DE FREITAS DE OLIVEIRA;TRANSPORTE;EM TRÂNSITO;PENDENTE RECEBIMENTO;TRANSPORTE · EM TRÂNSITO · PENDENTE RECEBIMENTO;A8783;20/08/2026 12:13;17369;Datalogger enviado para devolução pelo agente.;ACIONAR AGENTE/RESPONSÁVEL
561315;A1150;ARES;00019200000013975773;PB;MINISTÉRIO DA SAUDE;16/08/2026 23:36;18/08/2026 16:01;;ENTREGUE;8082;MultiModal;18/08/2026 05:27;19/08/2026 04:14;;18/08/2026 15:40;21;NÃO;FORA DE GRU;AGENTE;AGENTE - JERSSICA DE FREITAS DE OLIVEIRA;TRANSPORTE;EM TRÂNSITO;PENDENTE RECEBIMENTO;TRANSPORTE · EM TRÂNSITO · PENDENTE RECEBIMENTO;A1150;20/08/2026 12:08;17369;Datalogger enviado para devolução pelo agente.;ACIONAR AGENTE/RESPONSÁVEL
561315;A2361;ARES;00019200000013975790;PB;MINISTÉRIO DA SAUDE;16/08/2026 23:36;18/08/2026 16:01;;ENTREGUE;8082;MultiModal;18/08/2026 05:27;19/08/2026 04:14;;18/08/2026 13:40;21;NÃO;FORA DE GRU;AGENTE;AGENTE - JERSSICA DE FREITAS DE OLIVEIRA;TRANSPORTE;EM TRÂNSITO;PENDENTE RECEBIMENTO;TRANSPORTE · EM TRÂNSITO · PENDENTE RECEBIMENTO;A2361;20/08/2026 12:21;17369;Datalogger enviado para devolução pelo agente.;ACIONAR AGENTE/RESPONSÁVEL
561315;A9190;ARES;00019200000013975820;PB;MINISTÉRIO DA SAUDE;16/08/2026 23:36;18/08/2026 16:01;18/08/2026 16:01;RECEBIDO NO CLIENTE;8110;MultiModal;18/08/2026 05:27;19/08/2026 04:14;;13/08/2026 08:43;21;NÃO;FORA DE GRU;AGENTE;AGENTE - JERSSICA DE FREITAS DE OLIVEIRA;TRANSPORTE;EM TRÂNSITO;PENDENTE RECEBIMENTO;TRANSPORTE · EM TRÂNSITO · PENDENTE RECEBIMENTO;A9190;20/08/2026 12:11;17369;Datalogger enviado para devolução pelo agente.;ACIONAR AGENTE/RESPONSÁVEL
561315;A6843;ARES;00019200000013975927;PB;MINISTÉRIO DA SAUDE;16/08/2026 23:36;18/08/2026 16:01;18/08/2026 16:01;RECEBIDO NO CLIENTE;8110;MultiModal;18/08/2026 05:27;19/08/2026 04:14;;10/08/2026 14:46;21;NÃO;FORA DE GRU;AGENTE;AGENTE - JERSSICA DE FREITAS DE OLIVEIRA;TRANSPORTE;EM TRÂNSITO;PENDENTE RECEBIMENTO;TRANSPORTE · EM TRÂNSITO · PENDENTE RECEBIMENTO;A6843;20/08/2026 12:16;17369;Datalogger enviado para devolução pelo agente.;ACIONAR AGENTE/RESPONSÁVEL
561315;A1831;ARES;00019200000013975960;PB;MINISTÉRIO DA SAUDE;16/08/2026 23:36;18/08/2026 16:01;;ENTREGUE;8083;MultiModal;18/08/2026 05:27;19/08/2026 04:14;;18/08/2026 15:40;21;NÃO;FORA DE GRU;AGENTE;AGENTE - JERSSICA DE FREITAS DE OLIVEIRA;TRANSPORTE;EM TRÂNSITO;PENDENTE RECEBIMENTO;TRANSPORTE · EM TRÂNSITO · PENDENTE RECEBIMENTO;A1831;20/08/2026 12:08;17369;Datalogger enviado para devolução pelo agente.;ACIONAR AGENTE/RESPONSÁVEL
561315;TA0243;ARES;00019200000013976044;PB;MINISTÉRIO DA SAUDE;16/08/2026 23:36;18/08/2026 16:01;;ENTREGUE;8083;MultiModal;18/08/2026 05:27;19/08/2026 04:14;;18/08/2026 15:40;21;NÃO;FORA DE GRU;AGENTE;AGENTE - JERSSICA DE FREITAS DE OLIVEIRA;TRANSPORTE;EM TRÂNSITO;PENDENTE RECEBIMENTO;TRANSPORTE · EM TRÂNSITO · PENDENTE RECEBIMENTO;TA0243;20/08/2026 12:15;17369;Datalogger enviado para devolução pelo agente.;ACIONAR AGENTE/RESPONSÁVEL
561315;A4117;ARES;00019200000013976052;PB;MINISTÉRIO DA SAUDE;16/08/2026 23:36;18/08/2026 16:01;;ENTREGUE;8083;MultiModal;18/08/2026 05:27;19/08/2026 04:14;;18/08/2026 15:40;21;NÃO;FORA DE GRU;AGENTE;AGENTE - JERSSICA DE FREITAS DE OLIVEIRA;TRANSPORTE;EM TRÂNSITO;PENDENTE RECEBIMENTO;TRANSPORTE · EM TRÂNSITO · PENDENTE RECEBIMENTO;A4117;20/08/2026 12:09;17369;Datalogger enviado para devolução pelo agente.;ACIONAR AGENTE/RESPONSÁVEL
561315;A5006;ARES;00019200000013976060;PB;MINISTÉRIO DA SAUDE;16/08/2026 23:36;18/08/2026 16:01;;ENTREGUE;8083;MultiModal;18/08/2026 05:27;19/08/2026 04:14;;18/08/2026 15:40;21;NÃO;FORA DE GRU;AGENTE;AGENTE - JERSSICA DE FREITAS DE OLIVEIRA;TRANSPORTE;EM TRÂNSITO;PENDENTE RECEBIMENTO;TRANSPORTE · EM TRÂNSITO · PENDENTE RECEBIMENTO;A5006;20/08/2026 12:10;17369;Datalogger enviado para devolução pelo agente.;ACIONAR AGENTE/RESPONSÁVEL
561315;A7668;ARES;00019200000013976079;PB;MINISTÉRIO DA SAUDE;16/08/2026 23:36;18/08/2026 16:01;;ENTREGUE;8083;MultiModal;18/08/2026 05:27;19/08/2026 04:14;;18/08/2026 15:40;21;NÃO;FORA DE GRU;AGENTE;AGENTE - JERSSICA DE FREITAS DE OLIVEIRA;TRANSPORTE;EM TRÂNSITO;PENDENTE RECEBIMENTO;TRANSPORTE · EM TRÂNSITO · PENDENTE RECEBIMENTO;A7668;20/08/2026 12:20;17369;Datalogger enviado para devolução pelo agente.;ACIONAR AGENTE/RESPONSÁVEL
561315;A5783;ARES;00019200000013976087;PB;MINISTÉRIO DA SAUDE;16/08/2026 23:36;18/08/2026 16:01;;ENTREGUE;8083;MultiModal;18/08/2026 05:27;19/08/2026 04:14;;18/08/2026 15:41;21;NÃO;FORA DE GRU;AGENTE;AGENTE - JERSSICA DE FREITAS DE OLIVEIRA;TRANSPORTE;EM TRÂNSITO;PENDENTE RECEBIMENTO;TRANSPORTE · EM TRÂNSITO · PENDENTE RECEBIMENTO;A5783;20/08/2026 12:19;17369;Datalogger enviado para devolução pelo agente.;ACIONAR AGENTE/RESPONSÁVEL
561315;A7009;ARES;00019200000013976095;PB;MINISTÉRIO DA SAUDE;16/08/2026 23:36;18/08/2026 16:01;;ENTREGUE;8082;MultiModal;18/08/2026 05:27;19/08/2026 04:14;;18/08/2026 15:40;21;NÃO;FORA DE GRU;AGENTE;AGENTE - JERSSICA DE FREITAS DE OLIVEIRA;TRANSPORTE;EM TRÂNSITO;PENDENTE RECEBIMENTO;TRANSPORTE · EM TRÂNSITO · PENDENTE RECEBIMENTO;A7009;20/08/2026 12:19;17369;Datalogger enviado para devolução pelo agente.;ACIONAR AGENTE/RESPONSÁVEL
561315;A1813;ARES;00019200000013976109;PB;MINISTÉRIO DA SAUDE;16/08/2026 23:36;18/08/2026 16:01;;ENTREGUE;8082;MultiModal;18/08/2026 05:27;19/08/2026 04:14;;18/08/2026 15:40;21;NÃO;FORA DE GRU;AGENTE;AGENTE - JERSSICA DE FREITAS DE OLIVEIRA;TRANSPORTE;EM TRÂNSITO;PENDENTE RECEBIMENTO;TRANSPORTE · EM TRÂNSITO · PENDENTE RECEBIMENTO;A1813;20/08/2026 12:21;17369;Datalogger enviado para devolução pelo agente.;ACIONAR AGENTE/RESPONSÁVEL
561315;A9528;ARES;00019200000013976117;PB;MINISTÉRIO DA SAUDE;16/08/2026 23:36;18/08/2026 16:01;;ENTREGUE;8083;MultiModal;18/08/2026 05:27;19/08/2026 04:14;;18/08/2026 15:41;21;NÃO;FORA DE GRU;AGENTE;AGENTE - JERSSICA DE FREITAS DE OLIVEIRA;TRANSPORTE;EM TRÂNSITO;PENDENTE RECEBIMENTO;TRANSPORTE · EM TRÂNSITO · PENDENTE RECEBIMENTO;A9528;20/08/2026 08:49;17369;Datalogger enviado para devolução pelo agente.;ACIONAR AGENTE/RESPONSÁVEL
561315;A7427;ARES;00019200000013976125;PB;MINISTÉRIO DA SAUDE;16/08/2026 23:36;18/08/2026 16:01;;ENTREGUE;8082;MultiModal;18/08/2026 05:27;19/08/2026 04:14;;18/08/2026 15:40;21;NÃO;FORA DE GRU;AGENTE;AGENTE - JERSSICA DE FREITAS DE OLIVEIRA;TRANSPORTE;EM TRÂNSITO;PENDENTE RECEBIMENTO;TRANSPORTE · EM TRÂNSITO · PENDENTE RECEBIMENTO;A7427;20/08/2026 12:18;17369;Datalogger enviado para devolução pelo agente.;ACIONAR AGENTE/RESPONSÁVEL
561315;A5104;ARES;00019200000013976141;PB;MINISTÉRIO DA SAUDE;16/08/2026 23:36;18/08/2026 16:01;;ENTREGUE;8082;MultiModal;18/08/2026 05:27;19/08/2026 04:14;;18/08/2026 15:41;21;NÃO;FORA DE GRU;AGENTE;AGENTE - JERSSICA DE FREITAS DE OLIVEIRA;TRANSPORTE;EM TRÂNSITO;PENDENTE RECEBIMENTO;TRANSPORTE · EM TRÂNSITO · PENDENTE RECEBIMENTO;A5104;20/08/2026 12:11;17369;Datalogger enviado para devolução pelo agente.;ACIONAR AGENTE/RESPONSÁVEL
561315;A9416;ARES;00019200000013976150;PB;MINISTÉRIO DA SAUDE;16/08/2026 23:36;18/08/2026 16:01;;ENTREGUE;8082;MultiModal;18/08/2026 05:27;19/08/2026 04:14;;10/08/2026 15:26;21;NÃO;FORA DE GRU;AGENTE;AGENTE - JERSSICA DE FREITAS DE OLIVEIRA;TRANSPORTE;EM TRÂNSITO;PENDENTE RECEBIMENTO;TRANSPORTE · EM TRÂNSITO · PENDENTE RECEBIMENTO;A9416;20/08/2026 12:18;17369;Datalogger enviado para devolução pelo agente.;ACIONAR AGENTE/RESPONSÁVEL
561315;TA0902;ARES;00019200000013976168;PB;MINISTÉRIO DA SAUDE;16/08/2026 23:36;18/08/2026 16:01;;ENTREGUE;8082;MultiModal;18/08/2026 05:27;19/08/2026 04:14;;18/08/2026 15:41;21;NÃO;FORA DE GRU;AGENTE;AGENTE - JERSSICA DE FREITAS DE OLIVEIRA;TRANSPORTE;EM TRÂNSITO;PENDENTE RECEBIMENTO;TRANSPORTE · EM TRÂNSITO · PENDENTE RECEBIMENTO;TA0902;20/08/2026 12:15;17369;Datalogger enviado para devolução pelo agente.;ACIONAR AGENTE/RESPONSÁVEL
561315;A7027;ARES;00019200000013976184;PB;MINISTÉRIO DA SAUDE;16/08/2026 23:36;18/08/2026 16:01;;ENTREGUE;8083;MultiModal;18/08/2026 05:27;19/08/2026 04:14;;18/08/2026 15:40;21;NÃO;FORA DE GRU;AGENTE;AGENTE - JERSSICA DE FREITAS DE OLIVEIRA;TRANSPORTE;EM TRÂNSITO;PENDENTE RECEBIMENTO;TRANSPORTE · EM TRÂNSITO · PENDENTE RECEBIMENTO;A7027;20/08/2026 12:10;17369;Datalogger enviado para devolução pelo agente.;ACIONAR AGENTE/RESPONSÁVEL
561315;A2398;ARES;00019200000013976192;PB;MINISTÉRIO DA SAUDE;16/08/2026 23:36;18/08/2026 16:01;;ENTREGUE;8082;MultiModal;18/08/2026 05:27;19/08/2026 04:14;;18/08/2026 15:41;21;NÃO;FORA DE GRU;AGENTE;AGENTE - JERSSICA DE FREITAS DE OLIVEIRA;TRANSPORTE;EM TRÂNSITO;PENDENTE RECEBIMENTO;TRANSPORTE · EM TRÂNSITO · PENDENTE RECEBIMENTO;A2398;20/08/2026 08:49;17369;Datalogger enviado para devolução pelo agente.;ACIONAR AGENTE/RESPONSÁVEL
561315;TA1074;ARES;00019200000013976265;PB;MINISTÉRIO DA SAUDE;16/08/2026 23:36;18/08/2026 16:01;;ENTREGUE;8082;MultiModal;18/08/2026 05:27;19/08/2026 04:14;;18/08/2026 15:41;21;NÃO;FORA DE GRU;AGENTE;AGENTE - JERSSICA DE FREITAS DE OLIVEIRA;TRANSPORTE;EM TRÂNSITO;PENDENTE RECEBIMENTO;TRANSPORTE · EM TRÂNSITO · PENDENTE RECEBIMENTO;TA1074;20/08/2026 12:12;17369;Datalogger enviado para devolução pelo agente.;ACIONAR AGENTE/RESPONSÁVEL
564646;TA0385;ARES;00019200000013971581;PB;MINISTÉRIO DA SAUDE;16/08/2026 23:37;18/08/2026 15:46;;ENTREGUE;8082;MultiModal;17/08/2026 03:34;17/08/2026 15:54;;18/08/2026 13:30;21;NÃO;FORA DE GRU;AGENTE;SYS - Usuário sistema;TRANSPORTE;EM ROTA -TERCEIROS;PENDENTE RECEBIMENTO;TRANSPORTE · EM ROTA -TERCEIROS · PENDENTE RECEBIMENTO;TA0385;17/08/2026 07:24;;Datalogger enviado para agente LIDER CARGAS SERVICOS LTDA pelo serviço de integração do ESL.;ACIONAR AGENTE/RESPONSÁVEL
564458;A9620;ARES;00019200000013972782;PI;MINISTÉRIO DA SAUDE;15/08/2026 23:51;18/08/2026 12:00;;ENTREGUE;8070;MultiModal;17/08/2026 06:39;17/08/2026 12:59;;10/08/2026 16:15;21;NÃO;FORA DE GRU;AGENTE;AGENTE - DANILO MESAQUE DOS SANTOS TEIXEIRA;TRANSPORTE;EM TRÂNSITO;PENDENTE RECEBIMENTO;TRANSPORTE · EM TRÂNSITO · PENDENTE RECEBIMENTO;A9620;02/09/2026 07:53;31587;Datalogger enviado para devolução pelo agente.;ACIONAR AGENTE/RESPONSÁVEL
564210;A6313;ARES;00019200000013921517;PI;MINISTÉRIO DA SAUDE;12/08/2026 22:44;18/08/2026 11:38;;ENTREGUE;8023;MultiModal;13/08/2026 14:12;13/08/2026 18:26;;18/08/2026 11:13;21;NÃO;FORA DE GRU;AGENTE;AGENTE - DANILO MESAQUE DOS SANTOS TEIXEIRA;TRANSPORTE;EM TRÂNSITO;PENDENTE RECEBIMENTO;TRANSPORTE · EM TRÂNSITO · PENDENTE RECEBIMENTO;A6313;31/08/2026 09:40;31587;Datalogger enviado para devolução pelo agente.;ACIONAR AGENTE/RESPONSÁVEL
564352;A7651;ARES;00019200000013972898;PR;MINISTÉRIO DA SAUDE;15/08/2026 23:51;18/08/2026 11:00;;ENTREGUE;8069;MultiModal;17/08/2026 10:40;17/08/2026 13:15;;17/08/2026 18:29;21;NÃO;FORA DE GRU;AGENTE;AGENTE - JOSE AIRTON LOURENCO DE OLIVEIRA JUNIOR;TRANSPORTE;EM ROTA -TERCEIROS;PENDENTE RECEBIMENTO;TRANSPORTE · EM ROTA -TERCEIROS · PENDENTE RECEBIMENTO;A7651;16/08/2026 07:35;;Datalogger enviado para agente TGEX TRANSPORTES E LOCACAO DE VEICULOS LTDA pelo serviço de integração do ESL.;ACIONAR AGENTE/RESPONSÁVEL
564454;TA0862;ARES;00019200000013984845;RS;MINISTÉRIO DA SAUDE;15/08/2026 23:52;18/08/2026 10:21;;ENTREGUE;8070;MultiModal;16/08/2026 04:18;16/08/2026 17:51;;17/08/2026 11:47;21;NÃO;FORA DE GRU;AGENTE;AGENTE - MARCOS JOSE ARAUJO DE ASSIS;TRANSPORTE;EM ROTA -TERCEIROS;PENDENTE RECEBIMENTO;TRANSPORTE · EM ROTA -TERCEIROS · PENDENTE RECEBIMENTO;TA0862;16/08/2026 10:49;;Datalogger enviado para agente GMB TRANSPORTES E LOGISTICA LTDA pelo serviço de integração do ESL.;ACIONAR AGENTE/RESPONSÁVEL
564378;A8967;ARES;00019200000013984926;PB;MINISTÉRIO DA SAUDE;15/08/2026 23:35;18/08/2026 08:40;;ENTREGUE;8071;MultiModal;16/08/2026 04:18;16/08/2026 19:00;;17/08/2026 13:24;21;NÃO;FORA DE GRU;AGENTE;AGENTE - JERSSICA DE FREITAS DE OLIVEIRA;TRANSPORTE;EM TRÂNSITO;PENDENTE RECEBIMENTO;TRANSPORTE · EM TRÂNSITO · PENDENTE RECEBIMENTO;A8967;20/08/2026 12:15;17369;Datalogger enviado para devolução pelo agente.;ACIONAR AGENTE/RESPONSÁVEL
564304;A4059;ARES;00019200000013868217;PR;MINISTÉRIO DA SAUDE;13/08/2026 05:20;17/08/2026 19:00;;ENTREGUE;8036;MultiModal;13/08/2026 12:58;13/08/2026 21:36;;17/08/2026 12:36;21;NÃO;FORA DE GRU;AGENTE;AGENTE - NICOLLE CHRISTIE CAMPOS MAGALHÃES;TRANSPORTE;EM ROTA -TERCEIROS;PENDENTE RECEBIMENTO;TRANSPORTE · EM ROTA -TERCEIROS · PENDENTE RECEBIMENTO;A4059;13/08/2026 07:28;;Datalogger enviado para agente TGEX TRANSPORTES E LOCACAO DE VEICULOS LTDA pelo serviço de integração do ESL.;ACIONAR AGENTE/RESPONSÁVEL
564319;TA0750;ARES;00019200000013977504;MS;MINISTÉRIO DA SAUDE;15/08/2026 23:41;17/08/2026 18:00;;ENTREGUE;8071;MultiModal;16/08/2026 04:18;16/08/2026 21:08;;12/08/2026 09:39;22;NÃO;FORA DE GRU;AGENTE;AGENTE - RAIANA ASSIS DOS SANTOS;TRANSPORTE;EM ROTA -TERCEIROS;PENDENTE RECEBIMENTO;TRANSPORTE · EM ROTA -TERCEIROS · PENDENTE RECEBIMENTO;TA0750;16/08/2026 09:02;;Datalogger enviado para agente CARDOSO E PADUA (LH TRANSPORTES E SERVICOS LTDA  pelo serviço de integração do ESL.;ACIONAR AGENTE/RESPONSÁVEL
564706;A7606;ARES;00019200000013970682;SE;MINISTÉRIO DA SAUDE;16/08/2026 23:39;17/08/2026 16:00;;ENTREGUE;8082;MultiModal;17/08/2026 03:34;17/08/2026 15:02;;17/08/2026 13:38;22;NÃO;FORA DE GRU;AGENTE;AGENTE - FERNANDA CLARA BRITO LETE;TRANSPORTE;EM ROTA -TERCEIROS;PENDENTE RECEBIMENTO;TRANSPORTE · EM ROTA -TERCEIROS · PENDENTE RECEBIMENTO;A7606;17/08/2026 07:11;;Datalogger enviado para agente CASSIMIRO TRANSPORTES pelo serviço de integração do ESL.;ACIONAR AGENTE/RESPONSÁVEL
564264;TA1170;ARES;00019200000013859498;PI;MINISTÉRIO DA SAUDE;16/08/2026 23:38;17/08/2026 15:05;;ENTREGUE;8082;MultiModal;17/08/2026 06:39;18/08/2026 02:33;;17/08/2026 13:59;22;NÃO;FORA DE GRU;AGENTE;AGENTE - DANILO MESAQUE DOS SANTOS TEIXEIRA;TRANSPORTE;EM TRÂNSITO;PENDENTE RECEBIMENTO;TRANSPORTE · EM TRÂNSITO · PENDENTE RECEBIMENTO;TA1170;02/09/2026 07:54;31587;Datalogger enviado para devolução pelo agente.;ACIONAR AGENTE/RESPONSÁVEL
564264;A7756;ARES;00019200000013859501;PI;MINISTÉRIO DA SAUDE;16/08/2026 23:38;17/08/2026 15:05;;ENTREGUE;8082;MultiModal;17/08/2026 06:39;18/08/2026 02:33;;17/08/2026 13:59;22;NÃO;FORA DE GRU;AGENTE;AGENTE - DANILO MESAQUE DOS SANTOS TEIXEIRA;TRANSPORTE;EM TRÂNSITO;PENDENTE RECEBIMENTO;TRANSPORTE · EM TRÂNSITO · PENDENTE RECEBIMENTO;A7756;31/08/2026 09:30;31587;Datalogger enviado para devolução pelo agente.;ACIONAR AGENTE/RESPONSÁVEL
564465;A8598;ARES;00019200000013973070;PB;MINISTÉRIO DA SAUDE;15/08/2026 23:35;17/08/2026 14:16;;ENTREGUE;8071;MultiModal;16/08/2026 04:18;16/08/2026 19:00;;17/08/2026 12:10;22;NÃO;FORA DE GRU;AGENTE;AGENTE - JERSSICA DE FREITAS DE OLIVEIRA;TRANSPORTE;EM TRÂNSITO;PENDENTE RECEBIMENTO;TRANSPORTE · EM TRÂNSITO · PENDENTE RECEBIMENTO;A8598;20/08/2026 12:14;17369;Datalogger enviado para devolução pelo agente.;ACIONAR AGENTE/RESPONSÁVEL
564538;A1072;ARES;00019200000013973053;PB;MINISTÉRIO DA SAUDE;15/08/2026 23:50;17/08/2026 14:07;;ENTREGUE;8071;MultiModal;16/08/2026 04:18;16/08/2026 19:00;;17/08/2026 12:10;22;NÃO;FORA DE GRU;AGENTE;AGENTE - JERSSICA DE FREITAS DE OLIVEIRA;TRANSPORTE;EM TRÂNSITO;PENDENTE RECEBIMENTO;TRANSPORTE · EM TRÂNSITO · PENDENTE RECEBIMENTO;A1072;20/08/2026 12:18;17369;Datalogger enviado para devolução pelo agente.;ACIONAR AGENTE/RESPONSÁVEL
564262;A8090;ARES;00019200000013868209;RS;MINISTÉRIO DA SAUDE;13/08/2026 05:19;17/08/2026 13:00;;ENTREGUE;8036;MultiModal;13/08/2026 12:58;14/08/2026 07:41;;14/08/2026 15:36;22;SIM;EM GRU;ESTOQUE - GRU;VTC - THAIS SOUZA DE CARVALHO;EM ESTOQUE;SALDO DE ESTOQUE;RECEBIDO;EM ESTOQUE · SALDO DE ESTOQUE · RECEBIDO;A8090;05/09/2026 16:13;;;SINCRONIZAR EM GRU
564406;TA0126;ARES;00019200000013984756;BA;MINISTÉRIO DA SAUDE;15/08/2026 23:33;17/08/2026 11:29;;ENTREGUE;8070;MultiModal;16/08/2026 04:18;17/08/2026 02:05;;12/08/2026 17:01;22;SIM;CÂMARA FRIA (GRU);CÂMARA FRIA - PACKING;SYS - Usuário sistema;CÂMARA FRIA;PACKING;RECEBIDO;CÂMARA FRIA · PACKING · RECEBIDO;TA0126;15/08/2026 18:58;;DataLogger TA0126, foi embalado no volume FRAÇÃO 33L - 00019200000013984756 - Usuário: lucimara.santos;VALIDAR NA CÂMARA FRIA
564077;A7900;ARES;00019200000013869108;PR;MINISTÉRIO DA SAUDE;11/08/2026 23:17;14/08/2026 18:00;;ENTREGUE;8007;MultiModal;12/08/2026 05:29;12/08/2026 19:26;;13/08/2026 12:10;25;NÃO;FORA DE GRU;AGENTE;AGENTE - THAIS OLIVEIRA GATINHO;TRANSPORTE;EM ROTA -TERCEIROS;PENDENTE RECEBIMENTO;TRANSPORTE · EM ROTA -TERCEIROS · PENDENTE RECEBIMENTO;A7900;12/08/2026 01:03;;Datalogger enviado para agente TGEX TRANSPORTES E LOCACAO DE VEICULOS LTDA pelo serviço de integração do ESL.;ACIONAR AGENTE/RESPONSÁVEL
564218;A5163;ARES;00019200000013957163;MG;MINISTÉRIO DA SAUDE;13/08/2026 04:09;14/08/2026 16:52;;ENTREGUE;8026;MultiModal;17/08/2026 08:24;17/08/2026 10:52;;14/08/2026 15:24;25;NÃO;FORA DE GRU;AGENTE;AGENTE - ROBSON SILVA;TRANSPORTE;EM ROTA -TERCEIROS;PENDENTE RECEBIMENTO;TRANSPORTE · EM ROTA -TERCEIROS · PENDENTE RECEBIMENTO;A5163;13/08/2026 04:18;;Datalogger enviado para agente VTCLOG CNF - CONTAGEM pelo serviço de integração do ESL.;ACIONAR AGENTE/RESPONSÁVEL
563406;A6560;ARES;00019200000013921495;PI;MINISTÉRIO DA SAUDE;12/08/2026 22:56;14/08/2026 16:00;;ENTREGUE;8022;MultiModal;13/08/2026 14:12;13/08/2026 18:26;;10/08/2026 13:14;25;NÃO;FORA DE GRU;AGENTE;AGENTE - DANILO MESAQUE DOS SANTOS TEIXEIRA;TRANSPORTE;EM TRÂNSITO;PENDENTE RECEBIMENTO;TRANSPORTE · EM TRÂNSITO · PENDENTE RECEBIMENTO;A6560;31/08/2026 09:23;31587;Datalogger enviado para devolução pelo agente.;ACIONAR AGENTE/RESPONSÁVEL
564322;A7450;ARES;00019200000013974734;SP;MINISTÉRIO DA SAUDE;14/08/2026 01:58;14/08/2026 15:55;;ENTREGUE;8055;Rodoviário;14/08/2026 01:58;14/08/2026 15:55;;12/08/2026 09:44;25;NÃO;FORA DE GRU;AGENTE;AGENTE - MARCOS JOSE ARAUJO DE ASSIS;TRANSPORTE;EM ROTA -TERCEIROS;PENDENTE RECEBIMENTO;TRANSPORTE · EM ROTA -TERCEIROS · PENDENTE RECEBIMENTO;A7450;14/08/2026 06:38;;Datalogger enviado para agente VTC OPERADORA LOGISTICA LTDA pelo serviço de integração do ESL.;ACIONAR AGENTE/RESPONSÁVEL
563919;TA0739;ARES;00019200000013856707;RN;MINISTÉRIO DA SAUDE;13/08/2026 04:01;14/08/2026 14:00;;ENTREGUE;8086;MultiModal;19/08/2026 12:59;19/08/2026 19:09;;14/08/2026 08:57;25;NÃO;RETORNANDO PARA GRU (NÃO RECEBIDO);RETORNANDO - GRU;VTC - DAYVISON LUAN RIBEIRO DE FREITAS;EM ESTOQUE;SALDO DE ESTOQUE;PENDENTE RECEBIMENTO;EM ESTOQUE · SALDO DE ESTOQUE · PENDENTE RECEBIMENTO;TA0739;31/08/2026 10:42;;Datalogger recebido pelo agente com sucesso.;ACOMPANHAR RECEBIMENTO EM GRU
563919;A6001;ARES;00019200000013860810;RN;MINISTÉRIO DA SAUDE;13/08/2026 04:01;14/08/2026 14:00;;ENTREGUE;8103;MultiModal;19/08/2026 12:59;19/08/2026 19:09;;13/08/2026 21:12;25;NÃO;RETORNANDO PARA GRU (NÃO RECEBIDO);RETORNANDO - GRU;VTC - DAYVISON LUAN RIBEIRO DE FREITAS;EM ESTOQUE;SALDO DE ESTOQUE;PENDENTE RECEBIMENTO;EM ESTOQUE · SALDO DE ESTOQUE · PENDENTE RECEBIMENTO;A6001;31/08/2026 10:42;;Datalogger recebido pelo agente com sucesso.;ACOMPANHAR RECEBIMENTO EM GRU
563919;TA0157;ARES;00019200000013954792;RN;MINISTÉRIO DA SAUDE;13/08/2026 04:01;14/08/2026 14:00;;ENTREGUE;8151;MultiModal;19/08/2026 12:59;19/08/2026 19:09;;12/08/2026 16:40;25;NÃO;RETORNANDO PARA GRU (NÃO RECEBIDO);RETORNANDO - GRU;VTC - DAYVISON LUAN RIBEIRO DE FREITAS;EM ESTOQUE;SALDO DE ESTOQUE;PENDENTE RECEBIMENTO;EM ESTOQUE · SALDO DE ESTOQUE · PENDENTE RECEBIMENTO;TA0157;31/08/2026 11:01;;Datalogger recebido pelo agente com sucesso.;ACOMPANHAR RECEBIMENTO EM GRU
564295;A6729;ARES;00019200000013868241;TO;MINISTÉRIO DA SAUDE;13/08/2026 04:38;14/08/2026 14:00;;ENTREGUE;8036;MultiModal;13/08/2026 16:33;13/08/2026 19:05;;12/08/2026 09:41;25;NÃO;FORA DE GRU;AGENTE;AGENTE - MARCUS VINICIUS DO NASCIMENTO ALCANTARA;TRANSPORTE;EM ROTA -TERCEIROS;PENDENTE RECEBIMENTO;TRANSPORTE · EM ROTA -TERCEIROS · PENDENTE RECEBIMENTO;A6729;13/08/2026 07:37;;Datalogger enviado para agente MK BILLIG TRANSPORTE DE CARGAS E LOGISTICA LTDA pelo serviço de integração do ESL.;ACIONAR AGENTE/RESPONSÁVEL
564310;A7684;ARES;00019200000013862324;ES;MINISTÉRIO DA SAUDE;13/08/2026 05:14;14/08/2026 13:48;;ENTREGUE;8043;MultiModal;13/08/2026 11:31;13/08/2026 19:03;;10/08/2026 15:25;25;NÃO;FORA DE GRU;AGENTE;AGENTE - JERSSICA DE FREITAS DE OLIVEIRA;TRANSPORTE;EM ROTA -TERCEIROS;PENDENTE RECEBIMENTO;TRANSPORTE · EM ROTA -TERCEIROS · PENDENTE RECEBIMENTO;A7684;13/08/2026 05:26;;Datalogger enviado para agente SOULOG SOLUCOES EM TRANSPORTES E SERVICOS LTDA pelo serviço de integração do ESL.;ACIONAR AGENTE/RESPONSÁVEL
563921;A5115;ARES;00019200000013861964;RR;MINISTÉRIO DA SAUDE;11/08/2026 23:28;14/08/2026 10:08;;ENTREGUE;8007;MultiModal;13/08/2026 22:05;14/08/2026 02:19;;10/08/2026 10:41;25;NÃO;FORA DE GRU;AGENTE;AGENTE - KESIA SARAI ARAUJO SILVA;TRANSPORTE;EM ROTA -TERCEIROS;PENDENTE RECEBIMENTO;TRANSPORTE · EM ROTA -TERCEIROS · PENDENTE RECEBIMENTO;A5115;12/08/2026 01:17;;Datalogger enviado para agente J PIMENTEL S. CUNHA LTDA pelo serviço de integração do ESL.;ACIONAR AGENTE/RESPONSÁVEL
564232;A7371;ARES;00019200000013856502;SP;MINISTÉRIO DA SAUDE;13/08/2026 01:59;13/08/2026 17:43;;ENTREGUE;8031;Rodoviário;13/08/2026 01:59;13/08/2026 17:43;;10/08/2026 14:46;26;NÃO;FORA DE GRU;AGENTE;AGENTE - KESIA SARAI ARAUJO SILVA;TRANSPORTE;EM ROTA -TERCEIROS;PENDENTE RECEBIMENTO;TRANSPORTE · EM ROTA -TERCEIROS · PENDENTE RECEBIMENTO;A7371;13/08/2026 03:33;;Datalogger enviado para agente VTC OPERADORA LOGISTICA LTDA pelo serviço de integração do ESL.;ACIONAR AGENTE/RESPONSÁVEL
564000;A2318;ARES;00019200000013856294;SC;MINISTÉRIO DA SAUDE;11/08/2026 23:29;13/08/2026 16:40;;ENTREGUE;8005;MultiModal;12/08/2026 13:04;12/08/2026 15:59;;10/08/2026 14:46;26;NÃO;FORA DE GRU;AGENTE;AGENTE - MARCOS JOSE ARAUJO DE ASSIS;TRANSPORTE;EM ROTA -TERCEIROS;PENDENTE RECEBIMENTO;TRANSPORTE · EM ROTA -TERCEIROS · PENDENTE RECEBIMENTO;A2318;12/08/2026 01:18;;Datalogger enviado para agente TGEX TRANSPORTES E LOCACAO DE VEICULOS LTDA pelo serviço de integração do ESL.;ACIONAR AGENTE/RESPONSÁVEL
564000;A1879;ARES;00019200000013856308;SC;MINISTÉRIO DA SAUDE;11/08/2026 23:29;13/08/2026 16:40;;ENTREGUE;8005;MultiModal;12/08/2026 13:04;12/08/2026 15:59;;10/08/2026 14:47;26;NÃO;FORA DE GRU;AGENTE;AGENTE - FERNANDA NATTALY DO NASCIMENTO RODRIGUES;TRANSPORTE;EM ROTA -TERCEIROS;PENDENTE RECEBIMENTO;TRANSPORTE · EM ROTA -TERCEIROS · PENDENTE RECEBIMENTO;A1879;12/08/2026 01:18;;Datalogger enviado para agente TGEX TRANSPORTES E LOCACAO DE VEICULOS LTDA pelo serviço de integração do ESL.;ACIONAR AGENTE/RESPONSÁVEL
564028;A7653;ARES;00019200000013859862;RS;MINISTÉRIO DA SAUDE;12/08/2026 03:04;13/08/2026 16:05;;ENTREGUE;8015;Rodoviário;12/08/2026 12:19;12/08/2026 14:55;;10/08/2026 13:12;26;NÃO;FORA DE GRU;AGENTE;AGENTE - MARCOS JOSE ARAUJO DE ASSIS;TRANSPORTE;EM ROTA -TERCEIROS;PENDENTE RECEBIMENTO;TRANSPORTE · EM ROTA -TERCEIROS · PENDENTE RECEBIMENTO;A7653;12/08/2026 06:13;;Datalogger enviado para agente GMB TRANSPORTES E LOGISTICA LTDA pelo serviço de integração do ESL.;ACIONAR AGENTE/RESPONSÁVEL
564035;A7992;ARES;00019200000013871226;SC;MINISTÉRIO DA SAUDE;11/08/2026 23:29;13/08/2026 12:00;;ENTREGUE;8006;MultiModal;12/08/2026 13:04;12/08/2026 15:59;;10/08/2026 10:40;26;NÃO;FORA DE GRU;AGENTE;AGENTE - THAIS OLIVEIRA GATINHO;TRANSPORTE;EM ROTA -TERCEIROS;PENDENTE RECEBIMENTO;TRANSPORTE · EM ROTA -TERCEIROS · PENDENTE RECEBIMENTO;A7992;12/08/2026 01:20;;Datalogger enviado para agente TGEX TRANSPORTES E LOCACAO DE VEICULOS LTDA pelo serviço de integração do ESL.;ACIONAR AGENTE/RESPONSÁVEL
563085;A9647;ARES;00019200000013855263;PI;MINISTÉRIO DA SAUDE;10/08/2026 00:21;13/08/2026 11:12;;ENTREGUE;7968;MultiModal;10/08/2026 14:34;10/08/2026 18:38;;12/08/2026 10:05;26;NÃO;FORA DE GRU;AGENTE;AGENTE - DANILO MESAQUE DOS SANTOS TEIXEIRA;TRANSPORTE;EM TRÂNSITO;PENDENTE RECEBIMENTO;TRANSPORTE · EM TRÂNSITO · PENDENTE RECEBIMENTO;A9647;31/08/2026 09:45;31587;Datalogger enviado para devolução pelo agente.;ACIONAR AGENTE/RESPONSÁVEL
563125;A5962;ARES;00019200000013861425;PI;MINISTÉRIO DA SAUDE;10/08/2026 00:20;13/08/2026 11:12;;ENTREGUE;7970;MultiModal;10/08/2026 14:34;10/08/2026 18:38;;13/08/2026 10:23;26;NÃO;FORA DE GRU;AGENTE;AGENTE - DANILO MESAQUE DOS SANTOS TEIXEIRA;TRANSPORTE;EM TRÂNSITO;PENDENTE RECEBIMENTO;TRANSPORTE · EM TRÂNSITO · PENDENTE RECEBIMENTO;A5962;02/09/2026 07:52;31587;Datalogger enviado para devolução pelo agente.;ACIONAR AGENTE/RESPONSÁVEL
563577;A6305;ARES;00019200000013855840;SC;MINISTÉRIO DA SAUDE;11/08/2026 08:04;12/08/2026 16:10;;ENTREGUE;7991;Rodoviário;11/08/2026 08:04;12/08/2026 16:10;;12/08/2026 14:43;27;NÃO;FORA DE GRU;AGENTE;AGENTE - MARCOS JOSE ARAUJO DE ASSIS;TRANSPORTE;EM ROTA -TERCEIROS;PENDENTE RECEBIMENTO;TRANSPORTE · EM ROTA -TERCEIROS · PENDENTE RECEBIMENTO;A6305;11/08/2026 08:11;;Datalogger enviado para agente VTC OPERADORA LOGISTICA LTDA pelo serviço de integração do ESL.;ACIONAR AGENTE/RESPONSÁVEL
563174;A8722;ARES;00019200000013853554;RS;MINISTÉRIO DA SAUDE;04/08/2026 23:25;12/08/2026 16:00;;ENTREGUE;7897;MultiModal;05/08/2026 12:36;05/08/2026 16:34;;30/07/2026 16:31;27;NÃO;FORA DE GRU;AGENTE;AGENTE - JOSE VENTURA;TRANSPORTE;EM ROTA -TERCEIROS;PENDENTE RECEBIMENTO;TRANSPORTE · EM ROTA -TERCEIROS · PENDENTE RECEBIMENTO;A8722;05/08/2026 04:11;;Datalogger enviado para agente GMB TRANSPORTES E LOGISTICA LTDA pelo serviço de integração do ESL.;ACIONAR AGENTE/RESPONSÁVEL
563196;A3789;ARES;00019200000013854828;PE;MINISTÉRIO DA SAUDE;10/08/2026 22:34;12/08/2026 14:46;;ENTREGUE;7992;MultiModal;12/08/2026 07:40;12/08/2026 03:35;;09/08/2026 19:24;27;NÃO;FORA DE GRU;MANUTENÇÃO;VTC - KRISLAYNE RIBEIRO DA SILVA CARVALHO;TERCEIROS;MANUTENÇÃO SINTREX;PENDENTE RECEBIMENTO;TERCEIROS · MANUTENÇÃO SINTREX · PENDENTE RECEBIMENTO;A3789;21/08/2026 16:11;;Datalogger restaurado para o estoque manualmente pelo usuário.;VALIDAR COM MANUTENÇÃO
563306;A8697;ARES;00019200000013874969;PI;MINISTÉRIO DA SAUDE;10/08/2026 00:49;12/08/2026 14:00;;ENTREGUE;7973;MultiModal;10/08/2026 14:34;10/08/2026 18:38;;12/08/2026 10:05;27;NÃO;FORA DE GRU;AGENTE;AGENTE - DANILO MESAQUE DOS SANTOS TEIXEIRA;TRANSPORTE;EM TRÂNSITO;PENDENTE RECEBIMENTO;TRANSPORTE · EM TRÂNSITO · PENDENTE RECEBIMENTO;A8697;02/09/2026 07:53;31587;Datalogger enviado para devolução pelo agente.;ACIONAR AGENTE/RESPONSÁVEL
563306;A6035;ARES;00019200000013874977;PI;MINISTÉRIO DA SAUDE;10/08/2026 00:49;12/08/2026 14:00;;ENTREGUE;7973;MultiModal;10/08/2026 14:34;10/08/2026 18:38;;12/08/2026 10:05;27;NÃO;FORA DE GRU;AGENTE;AGENTE - DANILO MESAQUE DOS SANTOS TEIXEIRA;TRANSPORTE;EM TRÂNSITO;PENDENTE RECEBIMENTO;TRANSPORTE · EM TRÂNSITO · PENDENTE RECEBIMENTO;A6035;31/08/2026 09:26;31587;Datalogger enviado para devolução pelo agente.;ACIONAR AGENTE/RESPONSÁVEL
563306;A8524;ARES;00019200000013874985;PI;MINISTÉRIO DA SAUDE;10/08/2026 00:49;12/08/2026 14:00;;ENTREGUE;7973;MultiModal;10/08/2026 14:34;10/08/2026 18:38;;12/08/2026 10:05;27;NÃO;FORA DE GRU;AGENTE;AGENTE - DANILO MESAQUE DOS SANTOS TEIXEIRA;TRANSPORTE;EM TRÂNSITO;PENDENTE RECEBIMENTO;TRANSPORTE · EM TRÂNSITO · PENDENTE RECEBIMENTO;A8524;31/08/2026 09:50;31587;Datalogger enviado para devolução pelo agente.;ACIONAR AGENTE/RESPONSÁVEL
563306;TA0226;ARES;00019200000013875639;PI;MINISTÉRIO DA SAUDE;10/08/2026 00:49;12/08/2026 14:00;;ENTREGUE;7973;MultiModal;10/08/2026 14:34;10/08/2026 18:38;;07/08/2026 13:23;27;NÃO;FORA DE GRU;AGENTE;AGENTE - DANILO MESAQUE DOS SANTOS TEIXEIRA;TRANSPORTE;EM TRÂNSITO;PENDENTE RECEBIMENTO;TRANSPORTE · EM TRÂNSITO · PENDENTE RECEBIMENTO;TA0226;31/08/2026 09:19;31587;Datalogger enviado para devolução pelo agente.;ACIONAR AGENTE/RESPONSÁVEL
563852;TA0614;ARES;00019200000013859820;RS;MINISTÉRIO DA SAUDE;10/08/2026 08:49;12/08/2026 13:31;;ENTREGUE;7985;MultiModal;10/08/2026 15:56;11/08/2026 03:33;;04/08/2026 10:29;27;NÃO;FORA DE GRU;AGENTE;AGENTE - MARCOS JOSE ARAUJO DE ASSIS;TRANSPORTE;EM ROTA -TERCEIROS;PENDENTE RECEBIMENTO;TRANSPORTE · EM ROTA -TERCEIROS · PENDENTE RECEBIMENTO;TA0614;10/08/2026 09:10;;Datalogger enviado para agente GMB TRANSPORTES E LOGISTICA LTDA pelo serviço de integração do ESL.;ACIONAR AGENTE/RESPONSÁVEL
563032;A6253;ARES;00019200000013855492;PI;MINISTÉRIO DA SAUDE;10/08/2026 00:20;12/08/2026 12:00;;ENTREGUE;7970;MultiModal;10/08/2026 14:34;10/08/2026 18:38;;12/08/2026 10:05;27;NÃO;FORA DE GRU;AGENTE;AGENTE - DANILO MESAQUE DOS SANTOS TEIXEIRA;TRANSPORTE;EM TRÂNSITO;PENDENTE RECEBIMENTO;TRANSPORTE · EM TRÂNSITO · PENDENTE RECEBIMENTO;A6253;31/08/2026 09:31;31587;Datalogger enviado para devolução pelo agente.;ACIONAR AGENTE/RESPONSÁVEL
563032;A8733;ARES;00019200000013855506;PI;MINISTÉRIO DA SAUDE;10/08/2026 00:20;12/08/2026 12:00;;ENTREGUE;7970;MultiModal;10/08/2026 14:34;10/08/2026 18:38;;12/08/2026 10:05;27;NÃO;FORA DE GRU;AGENTE;AGENTE - DANILO MESAQUE DOS SANTOS TEIXEIRA;TRANSPORTE;EM TRÂNSITO;PENDENTE RECEBIMENTO;TRANSPORTE · EM TRÂNSITO · PENDENTE RECEBIMENTO;A8733;31/08/2026 09:30;31587;Datalogger enviado para devolução pelo agente.;ACIONAR AGENTE/RESPONSÁVEL
563032;TA0714;ARES;00019200000013855514;PI;MINISTÉRIO DA SAUDE;10/08/2026 00:20;12/08/2026 12:00;;ENTREGUE;7970;MultiModal;10/08/2026 14:34;10/08/2026 18:38;;12/08/2026 10:05;27;NÃO;FORA DE GRU;AGENTE;AGENTE - DANILO MESAQUE DOS SANTOS TEIXEIRA;TRANSPORTE;EM TRÂNSITO;PENDENTE RECEBIMENTO;TRANSPORTE · EM TRÂNSITO · PENDENTE RECEBIMENTO;TA0714;31/08/2026 09:19;31587;Datalogger enviado para devolução pelo agente.;ACIONAR AGENTE/RESPONSÁVEL
563032;A2756;ARES;00019200000013855522;PI;MINISTÉRIO DA SAUDE;10/08/2026 00:20;12/08/2026 12:00;;ENTREGUE;7970;MultiModal;10/08/2026 14:34;10/08/2026 18:38;;12/08/2026 10:05;27;NÃO;FORA DE GRU;AGENTE;AGENTE - DANILO MESAQUE DOS SANTOS TEIXEIRA;TRANSPORTE;EM TRÂNSITO;PENDENTE RECEBIMENTO;TRANSPORTE · EM TRÂNSITO · PENDENTE RECEBIMENTO;A2756;31/08/2026 09:25;31587;Datalogger enviado para devolução pelo agente.;ACIONAR AGENTE/RESPONSÁVEL
563032;A8748;ARES;00019200000013855530;PI;MINISTÉRIO DA SAUDE;10/08/2026 00:20;12/08/2026 12:00;;ENTREGUE;7970;MultiModal;10/08/2026 14:34;10/08/2026 18:38;;12/08/2026 10:05;27;NÃO;FORA DE GRU;AGENTE;AGENTE - DANILO MESAQUE DOS SANTOS TEIXEIRA;TRANSPORTE;EM TRÂNSITO;PENDENTE RECEBIMENTO;TRANSPORTE · EM TRÂNSITO · PENDENTE RECEBIMENTO;A8748;02/09/2026 07:55;31587;Datalogger enviado para devolução pelo agente.;ACIONAR AGENTE/RESPONSÁVEL
563032;A7435;ARES;00019200000013855549;PI;MINISTÉRIO DA SAUDE;10/08/2026 00:20;12/08/2026 12:00;;ENTREGUE;7970;MultiModal;10/08/2026 14:34;10/08/2026 18:38;;12/08/2026 10:05;27;NÃO;FORA DE GRU;AGENTE;AGENTE - DANILO MESAQUE DOS SANTOS TEIXEIRA;TRANSPORTE;EM TRÂNSITO;PENDENTE RECEBIMENTO;TRANSPORTE · EM TRÂNSITO · PENDENTE RECEBIMENTO;A7435;31/08/2026 09:24;31587;Datalogger enviado para devolução pelo agente.;ACIONAR AGENTE/RESPONSÁVEL
563032;A8343;ARES;00019200000013855557;PI;MINISTÉRIO DA SAUDE;10/08/2026 00:20;12/08/2026 12:00;;ENTREGUE;7970;MultiModal;10/08/2026 14:34;10/08/2026 18:38;;12/08/2026 10:05;27;NÃO;FORA DE GRU;AGENTE;AGENTE - DANILO MESAQUE DOS SANTOS TEIXEIRA;TRANSPORTE;EM TRÂNSITO;PENDENTE RECEBIMENTO;TRANSPORTE · EM TRÂNSITO · PENDENTE RECEBIMENTO;A8343;31/08/2026 09:50;31587;Datalogger enviado para devolução pelo agente.;ACIONAR AGENTE/RESPONSÁVEL
563588;A9323;ARES;00019200000013874357;PI;MINISTÉRIO DA SAUDE;10/08/2026 00:21;12/08/2026 12:00;;ENTREGUE;7967;MultiModal;10/08/2026 14:34;10/08/2026 18:38;;12/08/2026 10:05;27;NÃO;FORA DE GRU;AGENTE;AGENTE - DANILO MESAQUE DOS SANTOS TEIXEIRA;TRANSPORTE;EM TRÂNSITO;PENDENTE RECEBIMENTO;TRANSPORTE · EM TRÂNSITO · PENDENTE RECEBIMENTO;A9323;31/08/2026 09:28;31587;Datalogger enviado para devolução pelo agente.;ACIONAR AGENTE/RESPONSÁVEL
563588;A5653;ARES;00019200000013874373;PI;MINISTÉRIO DA SAUDE;10/08/2026 00:21;12/08/2026 12:00;;ENTREGUE;7967;MultiModal;10/08/2026 14:34;10/08/2026 18:38;;12/08/2026 10:05;27;NÃO;FORA DE GRU;AGENTE;AGENTE - DANILO MESAQUE DOS SANTOS TEIXEIRA;TRANSPORTE;EM TRÂNSITO;PENDENTE RECEBIMENTO;TRANSPORTE · EM TRÂNSITO · PENDENTE RECEBIMENTO;A5653;02/09/2026 07:56;31587;Datalogger enviado para devolução pelo agente.;ACIONAR AGENTE/RESPONSÁVEL
563588;TA0698;ARES;00019200000013874381;PI;MINISTÉRIO DA SAUDE;10/08/2026 00:21;12/08/2026 12:00;;ENTREGUE;7967;MultiModal;10/08/2026 14:34;10/08/2026 18:38;;12/08/2026 10:05;27;NÃO;FORA DE GRU;AGENTE;AGENTE - DANILO MESAQUE DOS SANTOS TEIXEIRA;TRANSPORTE;EM TRÂNSITO;PENDENTE RECEBIMENTO;TRANSPORTE · EM TRÂNSITO · PENDENTE RECEBIMENTO;TA0698;02/09/2026 07:56;31587;Datalogger enviado para devolução pelo agente.;ACIONAR AGENTE/RESPONSÁVEL
563588;TA0402;ARES;00019200000013874390;PI;MINISTÉRIO DA SAUDE;10/08/2026 00:21;12/08/2026 12:00;;ENTREGUE;7967;MultiModal;10/08/2026 14:34;10/08/2026 18:38;;12/08/2026 10:05;27;NÃO;FORA DE GRU;AGENTE;AGENTE - DANILO MESAQUE DOS SANTOS TEIXEIRA;TRANSPORTE;EM TRÂNSITO;PENDENTE RECEBIMENTO;TRANSPORTE · EM TRÂNSITO · PENDENTE RECEBIMENTO;TA0402;02/09/2026 07:55;31587;Datalogger enviado para devolução pelo agente.;ACIONAR AGENTE/RESPONSÁVEL
563588;A9629;ARES;00019200000013874403;PI;MINISTÉRIO DA SAUDE;10/08/2026 00:21;12/08/2026 12:00;;ENTREGUE;7967;MultiModal;10/08/2026 14:34;10/08/2026 18:38;;12/08/2026 10:05;27;NÃO;FORA DE GRU;AGENTE;AGENTE - DANILO MESAQUE DOS SANTOS TEIXEIRA;TRANSPORTE;EM TRÂNSITO;PENDENTE RECEBIMENTO;TRANSPORTE · EM TRÂNSITO · PENDENTE RECEBIMENTO;A9629;02/09/2026 07:55;31587;Datalogger enviado para devolução pelo agente.;ACIONAR AGENTE/RESPONSÁVEL
563588;A6520;ARES;00019200000013874411;PI;MINISTÉRIO DA SAUDE;10/08/2026 00:21;12/08/2026 12:00;;ENTREGUE;7967;MultiModal;10/08/2026 14:34;10/08/2026 18:38;;12/08/2026 10:05;27;NÃO;FORA DE GRU;AGENTE;AGENTE - DANILO MESAQUE DOS SANTOS TEIXEIRA;TRANSPORTE;EM TRÂNSITO;PENDENTE RECEBIMENTO;TRANSPORTE · EM TRÂNSITO · PENDENTE RECEBIMENTO;A6520;02/09/2026 07:53;31587;Datalogger enviado para devolução pelo agente.;ACIONAR AGENTE/RESPONSÁVEL
563807;TA0205;ARES;00019200000013861450;TO;MINISTÉRIO DA SAUDE;08/08/2026 18:04;12/08/2026 10:00;;ENTREGUE;7965;MultiModal;10/08/2026 08:04;10/08/2026 11:54;;11/08/2026 15:18;27;NÃO;FORA DE GRU;AGENTE;AGENTE - JERSSICA DE FREITAS DE OLIVEIRA;TRANSPORTE;EM ROTA -TERCEIROS;PENDENTE RECEBIMENTO;TRANSPORTE · EM ROTA -TERCEIROS · PENDENTE RECEBIMENTO;TA0205;08/08/2026 18:16;;Datalogger enviado para agente MK BILLIG TRANSPORTE DE CARGAS E LOGISTICA LTDA pelo serviço de integração do ESL.;ACIONAR AGENTE/RESPONSÁVEL
563029;A6118;ARES;00019200000013875396;PE;MINISTÉRIO DA SAUDE;10/08/2026 05:30;11/08/2026 18:23;11/08/2026 18:38;RECEBIDO NO CLIENTE;7978;MultiModal;11/08/2026;11/08/2026 00:58;;11/08/2026 14:11;28;NÃO;RETORNANDO PARA GRU (NÃO RECEBIDO);RETORNANDO - GRU;VTC - VITOR SILVA CHIEREGAT;VTCLOG – REC;EMPRÉSTIMO;RECEBIDO;VTCLOG – REC · EMPRÉSTIMO · RECEBIDO;A6118;12/08/2026 09:14;;Datalogger restaurado para o estoque manualmente pelo usuário.;ACOMPANHAR RECEBIMENTO EM GRU
563677;A6498;ARES;00019200000013861158;PB;MINISTÉRIO DA SAUDE;10/08/2026 04:55;11/08/2026 12:35;;ENTREGUE;7976;MultiModal;10/08/2026 06:55;10/08/2026 20:38;;11/08/2026 10:58;28;NÃO;FORA DE GRU;AGENTE;AGENTE - JERSSICA DE FREITAS DE OLIVEIRA;TRANSPORTE;EM TRÂNSITO;PENDENTE RECEBIMENTO;TRANSPORTE · EM TRÂNSITO · PENDENTE RECEBIMENTO;A6498;20/08/2026 08:46;17369;Datalogger enviado para devolução pelo agente.;ACIONAR AGENTE/RESPONSÁVEL
563090;A5245;ARES;00019200000013860917;PB;MINISTÉRIO DA SAUDE;10/08/2026 04:21;11/08/2026 11:45;;ENTREGUE;7970;MultiModal;10/08/2026 06:55;10/08/2026 20:38;;11/08/2026 10:58;28;NÃO;FORA DE GRU;AGENTE;AGENTE - JERSSICA DE FREITAS DE OLIVEIRA;TRANSPORTE;EM TRÂNSITO;PENDENTE RECEBIMENTO;TRANSPORTE · EM TRÂNSITO · PENDENTE RECEBIMENTO;A5245;20/08/2026 08:47;17369;Datalogger enviado para devolução pelo agente.;ACIONAR AGENTE/RESPONSÁVEL
563090;A7050;ARES;00019200000013860925;PB;MINISTÉRIO DA SAUDE;10/08/2026 04:21;11/08/2026 11:45;;ENTREGUE;7970;MultiModal;10/08/2026 06:55;10/08/2026 20:38;;11/08/2026 10:58;28;NÃO;FORA DE GRU;AGENTE;AGENTE - JERSSICA DE FREITAS DE OLIVEIRA;TRANSPORTE;EM TRÂNSITO;PENDENTE RECEBIMENTO;TRANSPORTE · EM TRÂNSITO · PENDENTE RECEBIMENTO;A7050;20/08/2026 08:47;17369;Datalogger enviado para devolução pelo agente.;ACIONAR AGENTE/RESPONSÁVEL
563090;A2549;ARES;00019200000013861735;PB;MINISTÉRIO DA SAUDE;10/08/2026 04:21;11/08/2026 11:45;;ENTREGUE;7970;MultiModal;10/08/2026 06:55;10/08/2026 20:38;;11/08/2026 10:57;28;NÃO;FORA DE GRU;AGENTE;AGENTE - JERSSICA DE FREITAS DE OLIVEIRA;TRANSPORTE;EM TRÂNSITO;PENDENTE RECEBIMENTO;TRANSPORTE · EM TRÂNSITO · PENDENTE RECEBIMENTO;A2549;20/08/2026 08:47;17369;Datalogger enviado para devolução pelo agente.;ACIONAR AGENTE/RESPONSÁVEL
563256;TA0946;ARES;00019200000013863274;PB;MINISTÉRIO DA SAUDE;10/08/2026 04:21;11/08/2026 11:45;;ENTREGUE;7974;MultiModal;10/08/2026 06:55;10/08/2026 20:38;;11/08/2026 10:57;28;NÃO;FORA DE GRU;AGENTE;AGENTE - JERSSICA DE FREITAS DE OLIVEIRA;TRANSPORTE;EM TRÂNSITO;PENDENTE RECEBIMENTO;TRANSPORTE · EM TRÂNSITO · PENDENTE RECEBIMENTO;TA0946;20/08/2026 08:47;17369;Datalogger enviado para devolução pelo agente.;ACIONAR AGENTE/RESPONSÁVEL
563256;A3000;ARES;00019200000013863282;PB;MINISTÉRIO DA SAUDE;10/08/2026 04:21;11/08/2026 11:45;;ENTREGUE;7974;MultiModal;10/08/2026 06:55;10/08/2026 20:38;;11/08/2026 10:57;28;NÃO;FORA DE GRU;AGENTE;AGENTE - JERSSICA DE FREITAS DE OLIVEIRA;TRANSPORTE;EM TRÂNSITO;PENDENTE RECEBIMENTO;TRANSPORTE · EM TRÂNSITO · PENDENTE RECEBIMENTO;A3000;20/08/2026 08:47;17369;Datalogger enviado para devolução pelo agente.;ACIONAR AGENTE/RESPONSÁVEL
563300;A8393;ARES;00019200000013776592;PR;MINISTÉRIO DA SAUDE;04/08/2026 23:32;10/08/2026 17:40;;ENTREGUE;7895;MultiModal;05/08/2026 13:11;05/08/2026 14:52;;31/07/2026 12:11;29;NÃO;FORA DE GRU;AGENTE;AGENTE - MARCOS JOSE ARAUJO DE ASSIS;TRANSPORTE;EM ROTA -TERCEIROS;PENDENTE RECEBIMENTO;TRANSPORTE · EM ROTA -TERCEIROS · PENDENTE RECEBIMENTO;A8393;05/08/2026 12:09;;Datalogger enviado para agente TGEX TRANSPORTES E LOCACAO DE VEICULOS LTDA pelo serviço de integração do ESL.;ACIONAR AGENTE/RESPONSÁVEL
563347;A6978;ARES;00019200000013866796;RS;MINISTÉRIO DA SAUDE;06/08/2026 06:34;10/08/2026 09:35;;ENTREGUE;7933;MultiModal;06/08/2026 12:43;07/08/2026 02:41;;30/07/2026 12:01;29;NÃO;FORA DE GRU;AGENTE;AGENTE - FERNANDA NATTALY DO NASCIMENTO RODRIGUES;TRANSPORTE;EM ROTA -TERCEIROS;PENDENTE RECEBIMENTO;TRANSPORTE · EM ROTA -TERCEIROS · PENDENTE RECEBIMENTO;A6978;06/08/2026 07:25;;Datalogger enviado para agente GMB TRANSPORTES E LOGISTICA LTDA pelo serviço de integração do ESL.;ACIONAR AGENTE/RESPONSÁVEL
563421;A6972;ARES;00019200000013874225;RS;MINISTÉRIO DA SAUDE;06/08/2026 06:34;08/08/2026 08:10;;ENTREGUE;7936;MultiModal;07/08/2026 00:19;07/08/2026 03:33;;31/07/2026 11:39;31;NÃO;FORA DE GRU;AGENTE;AGENTE - THAIS OLIVEIRA GATINHO;TRANSPORTE;EM ROTA -TERCEIROS;PENDENTE RECEBIMENTO;TRANSPORTE · EM ROTA -TERCEIROS · PENDENTE RECEBIMENTO;A6972;06/08/2026 10:51;;Datalogger enviado para agente GMB TRANSPORTES E LOGISTICA LTDA pelo serviço de integração do ESL.;ACIONAR AGENTE/RESPONSÁVEL
562651;A2699;ARES;00019200000013824104;TO;MINISTÉRIO DA SAUDE;05/08/2026 23:01;07/08/2026 17:30;;ENTREGUE;7909;MultiModal;07/08/2026 08:32;07/08/2026 11:24;;07/08/2026 16:31;32;NÃO;FORA DE GRU;AGENTE;AGENTE - ROSANA HONORATO DA SILVA;TRANSPORTE;EM ROTA -TERCEIROS;PENDENTE RECEBIMENTO;TRANSPORTE · EM ROTA -TERCEIROS · PENDENTE RECEBIMENTO;A2699;06/08/2026 10:49;;Datalogger enviado para agente MK BILLIG TRANSPORTE DE CARGAS E LOGISTICA LTDA pelo serviço de integração do ESL.;ACIONAR AGENTE/RESPONSÁVEL
563457;A2789;ARES;00019200000013871420;PI;MINISTÉRIO DA SAUDE;05/08/2026 22:57;07/08/2026 16:50;;ENTREGUE;7911;MultiModal;06/08/2026 15:36;06/08/2026 18:57;;07/08/2026 16:33;32;NÃO;FORA DE GRU;AGENTE;AGENTE - DANILO MESAQUE DOS SANTOS TEIXEIRA;TRANSPORTE;EM TRÂNSITO;PENDENTE RECEBIMENTO;TRANSPORTE · EM TRÂNSITO · PENDENTE RECEBIMENTO;A2789;31/08/2026 09:19;31587;Datalogger enviado para devolução pelo agente.;ACIONAR AGENTE/RESPONSÁVEL
563614;A7532;ARES;00019200000013869493;SC;MINISTÉRIO DA SAUDE;06/08/2026 06:38;07/08/2026 16:49;;ENTREGUE;7935;MultiModal;06/08/2026 12:43;06/08/2026 22:18;;05/08/2026 10:10;32;NÃO;FORA DE GRU;AGENTE;AGENTE - JOSE AIRTON LOURENCO DE OLIVEIRA JUNIOR;TRANSPORTE;EM ROTA -TERCEIROS;PENDENTE RECEBIMENTO;TRANSPORTE · EM ROTA -TERCEIROS · PENDENTE RECEBIMENTO;A7532;06/08/2026 07:25;;Datalogger enviado para agente TGEX TRANSPORTES E LOCACAO DE VEICULOS LTDA pelo serviço de integração do ESL.;ACIONAR AGENTE/RESPONSÁVEL
563608;A7189;ARES;00019200000013854615;SP;MINISTÉRIO DA SAUDE;07/08/2026 04:53;07/08/2026 14:41;;ENTREGUE;7954;Rodoviário;07/08/2026 04:53;07/08/2026 14:41;;04/08/2026 10:12;32;NÃO;FORA DE GRU;AGENTE;AGENTE - MARCOS JOSE ARAUJO DE ASSIS;TRANSPORTE;EM ROTA -TERCEIROS;PENDENTE RECEBIMENTO;TRANSPORTE · EM ROTA -TERCEIROS · PENDENTE RECEBIMENTO;A7189;07/08/2026 04:59;;Datalogger enviado para agente VTC OPERADORA LOGISTICA LTDA pelo serviço de integração do ESL.;ACIONAR AGENTE/RESPONSÁVEL
563608;TA0899;ARES;00019200000013854631;SP;MINISTÉRIO DA SAUDE;07/08/2026 04:53;07/08/2026 14:41;;ENTREGUE;7954;Rodoviário;07/08/2026 04:53;07/08/2026 14:41;;04/08/2026 16:41;32;NÃO;FORA DE GRU;AGENTE;AGENTE - PATRICK KAUE RIBEIRO SOARES;TRANSPORTE;EM ROTA -TERCEIROS;PENDENTE RECEBIMENTO;TRANSPORTE · EM ROTA -TERCEIROS · PENDENTE RECEBIMENTO;TA0899;07/08/2026 04:59;;Datalogger enviado para agente VTC OPERADORA LOGISTICA LTDA pelo serviço de integração do ESL.;ACIONAR AGENTE/RESPONSÁVEL
563608;TA0118;ARES;00019200000013854666;SP;MINISTÉRIO DA SAUDE;07/08/2026 04:53;07/08/2026 14:41;;ENTREGUE;7954;Rodoviário;07/08/2026 04:53;07/08/2026 14:41;;04/08/2026 16:43;32;NÃO;FORA DE GRU;AGENTE;AGENTE - PATRICK KAUE RIBEIRO SOARES;TRANSPORTE;EM ROTA -TERCEIROS;PENDENTE RECEBIMENTO;TRANSPORTE · EM ROTA -TERCEIROS · PENDENTE RECEBIMENTO;TA0118;07/08/2026 04:59;;Datalogger enviado para agente VTC OPERADORA LOGISTICA LTDA pelo serviço de integração do ESL.;ACIONAR AGENTE/RESPONSÁVEL
563608;A7388;ARES;00019200000013854674;SP;MINISTÉRIO DA SAUDE;07/08/2026 04:53;07/08/2026 14:41;;ENTREGUE;7954;Rodoviário;07/08/2026 04:53;07/08/2026 14:41;;04/08/2026 10:14;32;NÃO;FORA DE GRU;AGENTE;AGENTE - MARCOS JOSE ARAUJO DE ASSIS;TRANSPORTE;EM ROTA -TERCEIROS;PENDENTE RECEBIMENTO;TRANSPORTE · EM ROTA -TERCEIROS · PENDENTE RECEBIMENTO;A7388;07/08/2026 04:59;;Datalogger enviado para agente VTC OPERADORA LOGISTICA LTDA pelo serviço de integração do ESL.;ACIONAR AGENTE/RESPONSÁVEL
563325;TA0949;ARES;00019200000013867202;MS;MINISTÉRIO DA SAUDE;06/08/2026 05:37;07/08/2026 14:10;;ENTREGUE;7928;MultiModal;06/08/2026 08:38;06/08/2026 20:40;;05/08/2026 09:01;32;NÃO;FORA DE GRU;AGENTE;AGENTE - THAIS OLIVEIRA GATINHO;TRANSPORTE;EM ROTA -TERCEIROS;PENDENTE RECEBIMENTO;TRANSPORTE · EM ROTA -TERCEIROS · PENDENTE RECEBIMENTO;TA0949;06/08/2026 06:16;;Datalogger enviado para agente CARDOSO E PADUA (LH TRANSPORTES E SERVICOS LTDA  pelo serviço de integração do ESL.;ACIONAR AGENTE/RESPONSÁVEL
563155;A0969;ARES;00019200000013857690;SC;MINISTÉRIO DA SAUDE;06/08/2026 03:21;07/08/2026 13:00;;ENTREGUE;7921;MultiModal;06/08/2026 16:14;06/08/2026 18:31;;04/08/2026 09:29;32;NÃO;FORA DE GRU;AGENTE;AGENTE - THAIS OLIVEIRA GATINHO;TRANSPORTE;EM ROTA -TERCEIROS;PENDENTE RECEBIMENTO;TRANSPORTE · EM ROTA -TERCEIROS · PENDENTE RECEBIMENTO;A0969;06/08/2026 06:20;;Datalogger enviado para agente TGEX TRANSPORTES E LOCACAO DE VEICULOS LTDA pelo serviço de integração do ESL.;ACIONAR AGENTE/RESPONSÁVEL
562929;TA0575;ARES;00019200000013857118;CE;MINISTÉRIO DA SAUDE;06/08/2026 03:33;07/08/2026 11:20;;ENTREGUE;7916;MultiModal;10/08/2026 06:55;10/08/2026 19:33;;31/07/2026 09:50;32;NÃO;FORA DE GRU;AGENTE;AGENTE - THAIS OLIVEIRA GATINHO;TRANSPORTE;EM ROTA -TERCEIROS;PENDENTE RECEBIMENTO;TRANSPORTE · EM ROTA -TERCEIROS · PENDENTE RECEBIMENTO;TA0575;06/08/2026 06:10;;Datalogger enviado para agente NT TRANSPORTE LTDA pelo serviço de integração do ESL.;ACIONAR AGENTE/RESPONSÁVEL
562929;A5296;ARES;00019200000013857169;CE;MINISTÉRIO DA SAUDE;06/08/2026 03:33;07/08/2026 11:20;;ENTREGUE;7915;MultiModal;10/08/2026 06:55;10/08/2026 19:33;;30/07/2026 16:52;32;NÃO;FORA DE GRU;AGENTE;AGENTE - JOSE VENTURA;TRANSPORTE;EM ROTA -TERCEIROS;PENDENTE RECEBIMENTO;TRANSPORTE · EM ROTA -TERCEIROS · PENDENTE RECEBIMENTO;A5296;06/08/2026 06:10;;Datalogger enviado para agente NT TRANSPORTE LTDA pelo serviço de integração do ESL.;ACIONAR AGENTE/RESPONSÁVEL
562929;A7227;ARES;00019200000013864270;CE;MINISTÉRIO DA SAUDE;06/08/2026 03:33;07/08/2026 11:20;;ENTREGUE;7915;MultiModal;10/08/2026 06:55;10/08/2026 19:33;;07/08/2026 09:43;32;NÃO;FORA DE GRU;AGENTE;AGENTE - KESIA SARAI ARAUJO SILVA;TRANSPORTE;EM ROTA -TERCEIROS;PENDENTE RECEBIMENTO;TRANSPORTE · EM ROTA -TERCEIROS · PENDENTE RECEBIMENTO;A7227;06/08/2026 06:10;;Datalogger enviado para agente NT TRANSPORTE LTDA pelo serviço de integração do ESL.;ACIONAR AGENTE/RESPONSÁVEL
562929;TA0513;ARES;00019200000013864319;CE;MINISTÉRIO DA SAUDE;06/08/2026 03:33;07/08/2026 11:20;;ENTREGUE;7915;MultiModal;10/08/2026 06:55;10/08/2026 19:33;;01/08/2026 10:16;32;NÃO;FORA DE GRU;AGENTE;AGENTE - ROSANA HONORATO DA SILVA;TRANSPORTE;EM ROTA -TERCEIROS;PENDENTE RECEBIMENTO;TRANSPORTE · EM ROTA -TERCEIROS · PENDENTE RECEBIMENTO;TA0513;06/08/2026 06:10;;Datalogger enviado para agente NT TRANSPORTE LTDA pelo serviço de integração do ESL.;ACIONAR AGENTE/RESPONSÁVEL
562929;A7934;ARES;00019200000013864394;CE;MINISTÉRIO DA SAUDE;06/08/2026 03:33;07/08/2026 11:20;;ENTREGUE;7915;MultiModal;10/08/2026 06:55;10/08/2026 19:33;;01/08/2026 09:14;32;NÃO;FORA DE GRU;AGENTE;AGENTE - EDINALDO PINTO CASSIMIRO;TRANSPORTE;EM ROTA -TERCEIROS;PENDENTE RECEBIMENTO;TRANSPORTE · EM ROTA -TERCEIROS · PENDENTE RECEBIMENTO;A7934;06/08/2026 06:10;;Datalogger enviado para agente NT TRANSPORTE LTDA pelo serviço de integração do ESL.;ACIONAR AGENTE/RESPONSÁVEL
562929;A6448;ARES;00019200000013864491;CE;MINISTÉRIO DA SAUDE;06/08/2026 03:33;07/08/2026 11:20;;ENTREGUE;7978;MultiModal;10/08/2026 06:55;10/08/2026 19:33;;31/07/2026 13:13;32;NÃO;FORA DE GRU;AGENTE;AGENTE - KESIA SARAI ARAUJO SILVA;TRANSPORTE;EM ROTA -TERCEIROS;PENDENTE RECEBIMENTO;TRANSPORTE · EM ROTA -TERCEIROS · PENDENTE RECEBIMENTO;A6448;06/08/2026 06:10;;Datalogger enviado para agente NT TRANSPORTE LTDA pelo serviço de integração do ESL.;ACIONAR AGENTE/RESPONSÁVEL
562929;A7250;ARES;00019200000013864599;CE;MINISTÉRIO DA SAUDE;06/08/2026 03:33;07/08/2026 11:20;;ENTREGUE;7978;MultiModal;10/08/2026 06:55;10/08/2026 19:33;;31/07/2026 09:59;32;NÃO;FORA DE GRU;AGENTE;AGENTE - KESIA SARAI ARAUJO SILVA;TRANSPORTE;EM ROTA -TERCEIROS;PENDENTE RECEBIMENTO;TRANSPORTE · EM ROTA -TERCEIROS · PENDENTE RECEBIMENTO;A7250;06/08/2026 06:10;;Datalogger enviado para agente NT TRANSPORTE LTDA pelo serviço de integração do ESL.;ACIONAR AGENTE/RESPONSÁVEL
563673;A4613;ARES;00019200000013854488;SP;MINISTÉRIO DA SAUDE;07/08/2026 03:59;07/08/2026 08:17;07/08/2026 07:40;RECEBIDO NO CLIENTE;7944;Rodoviário;07/08/2026 03:59;07/08/2026 08:23;;05/08/2026 11:30;32;NÃO;FORA DE GRU;AGENTE;AGENTE - JOSE AIRTON LOURENCO DE OLIVEIRA JUNIOR;TRANSPORTE;EM ROTA -TERCEIROS;PENDENTE RECEBIMENTO;TRANSPORTE · EM ROTA -TERCEIROS · PENDENTE RECEBIMENTO;A4613;10/08/2026 16:29;;Datalogger enviado para agente VTC OPERADORA LOGISTICA LTDA pelo serviço de integração do ESL.;ACIONAR AGENTE/RESPONSÁVEL
562713;A8434;ARES;00019200000013840002;RS;MINISTÉRIO DA SAUDE;04/08/2026 23:23;06/08/2026 13:27;;ENTREGUE;7896;MultiModal;05/08/2026 12:28;06/08/2026 00:38;;01/08/2026 10:39;33;NÃO;FORA DE GRU;AGENTE;AGENTE - CHARLE BRASIL SILVERIO;TRANSPORTE;EM ROTA -TERCEIROS;PENDENTE RECEBIMENTO;TRANSPORTE · EM ROTA -TERCEIROS · PENDENTE RECEBIMENTO;A8434;05/08/2026 04:13;;Datalogger enviado para agente GMB TRANSPORTES E LOGISTICA LTDA pelo serviço de integração do ESL.;ACIONAR AGENTE/RESPONSÁVEL
562955;A6433;ARES;00019200000013788302;RS;MINISTÉRIO DA SAUDE;03/08/2026 23:22;06/08/2026 08:54;;ENTREGUE;7879;MultiModal;04/08/2026 21:24;05/08/2026 01:38;;29/07/2026 16:50;33;NÃO;FORA DE GRU;AGENTE;AGENTE - RAIANA ASSIS DOS SANTOS;TRANSPORTE;EM ROTA -TERCEIROS;PENDENTE RECEBIMENTO;TRANSPORTE · EM ROTA -TERCEIROS · PENDENTE RECEBIMENTO;A6433;04/08/2026 01:50;;Datalogger enviado para agente GMB TRANSPORTES E LOGISTICA LTDA pelo serviço de integração do ESL.;ACIONAR AGENTE/RESPONSÁVEL
562937;A4383;ARES;00019200000013787616;PR;MINISTÉRIO DA SAUDE;03/08/2026 23:28;05/08/2026 17:00;;ENTREGUE;7881;MultiModal;04/08/2026 04:24;04/08/2026 16:40;;29/07/2026 16:26;34;NÃO;FORA DE GRU;AGENTE;AGENTE - EDINALDO PINTO CASSIMIRO;TRANSPORTE;EM ROTA -TERCEIROS;PENDENTE RECEBIMENTO;TRANSPORTE · EM ROTA -TERCEIROS · PENDENTE RECEBIMENTO;A4383;04/08/2026 09:02;;Datalogger enviado para agente TGEX TRANSPORTES E LOCACAO DE VEICULOS LTDA pelo serviço de integração do ESL.;ACIONAR AGENTE/RESPONSÁVEL
562733;A6783;ARES;00019200000013786032;RS;MINISTÉRIO DA SAUDE;01/08/2026 16:27;05/08/2026 14:50;;ENTREGUE;7848;MultiModal;02/08/2026 15:23;02/08/2026 18:07;;29/07/2026 09:28;34;NÃO;FORA DE GRU;AGENTE;AGENTE - EDINALDO PINTO CASSIMIRO;TRANSPORTE;EM ROTA -TERCEIROS;PENDENTE RECEBIMENTO;TRANSPORTE · EM ROTA -TERCEIROS · PENDENTE RECEBIMENTO;A6783;03/08/2026 14:50;;Datalogger enviado para agente GMB TRANSPORTES E LOGISTICA LTDA pelo serviço de integração do ESL.;ACIONAR AGENTE/RESPONSÁVEL
556356;TA0531;ARES;00019200000012864099;RS;MINISTÉRIO DA SAUDE;25/06/2026 01:04;05/08/2026 13:37;;ENTREGUE;7158;MultiModal;25/06/2026 04:38;25/06/2026 12:13;;23/06/2026 15:34;34;NÃO;FORA DE GRU;AGENTE;AGENTE - THAIS OLIVEIRA GATINHO;TRANSPORTE;EM ROTA -TERCEIROS;PENDENTE RECEBIMENTO;TRANSPORTE · EM ROTA -TERCEIROS · PENDENTE RECEBIMENTO;TA0531;03/08/2026 14:48;;Datalogger enviado para agente GMB TRANSPORTES E LOGISTICA LTDA pelo serviço de integração do ESL.;ACIONAR AGENTE/RESPONSÁVEL
556356;A4578;ARES;00019200000012907073;RS;MINISTÉRIO DA SAUDE;25/06/2026 01:04;05/08/2026 13:37;;ENTREGUE;7158;MultiModal;25/06/2026 04:38;25/06/2026 12:13;;24/06/2026 09:16;34;NÃO;FORA DE GRU;AGENTE;AGENTE - JOSE VENTURA;TRANSPORTE;EM ROTA -TERCEIROS;PENDENTE RECEBIMENTO;TRANSPORTE · EM ROTA -TERCEIROS · PENDENTE RECEBIMENTO;A4578;03/08/2026 14:48;;Datalogger enviado para agente GMB TRANSPORTES E LOGISTICA LTDA pelo serviço de integração do ESL.;ACIONAR AGENTE/RESPONSÁVEL
556356;A0693;ARES;00019200000012907090;RS;MINISTÉRIO DA SAUDE;25/06/2026 01:04;05/08/2026 13:37;;ENTREGUE;7158;MultiModal;25/06/2026 04:38;25/06/2026 12:13;;29/07/2026 16:14;34;NÃO;FORA DE GRU;AGENTE;AGENTE - RAIANA ASSIS DOS SANTOS;TRANSPORTE;EM ROTA -TERCEIROS;PENDENTE RECEBIMENTO;TRANSPORTE · EM ROTA -TERCEIROS · PENDENTE RECEBIMENTO;A0693;30/07/2026 15:36;;Datalogger enviado para agente NT TRANSPORTE LTDA pelo serviço de integração do ESL.;ACIONAR AGENTE/RESPONSÁVEL
556356;A4878;ARES;00019200000012907626;RS;MINISTÉRIO DA SAUDE;25/06/2026 01:04;05/08/2026 13:37;;ENTREGUE;7158;MultiModal;25/06/2026 04:38;25/06/2026 12:13;;31/07/2026 10:21;34;SIM;CÂMARA FRIA (GRU);CÂMARA FRIA - PACKING;AGENTE - RAIANA ASSIS DOS SANTOS;CÂMARA FRIA;PACKING;RECEBIDO;CÂMARA FRIA · PACKING · RECEBIDO;A4878;05/08/2026 03:42;;DataLogger A4878, foi embalado no volume FRAÇÃO 33L - 00019200000013871943 - Usuário: Janaina.dasilva;VALIDAR NA CÂMARA FRIA
562657;TA1148;ARES;00019200000013822136;PI;MINISTÉRIO DA SAUDE;03/08/2026 23:34;05/08/2026 12:00;;ENTREGUE;7882;MultiModal;04/08/2026 14:56;04/08/2026 19:28;;29/07/2026 16:23;34;NÃO;RETORNANDO PARA GRU (NÃO RECEBIDO);RETORNANDO - GRU;VTC - DANILO MESAQUE DOS SANTOS TEIXEIRA;EM ESTOQUE;SALDO DE ESTOQUE;PENDENTE RECEBIMENTO;EM ESTOQUE · SALDO DE ESTOQUE · PENDENTE RECEBIMENTO;TA1148;21/08/2026 09:33;31541;Datalogger enviado para devolução pelo agente.;ACOMPANHAR RECEBIMENTO EM GRU
562731;TA0484;ARES;00019200000013788531;BA;MINISTÉRIO DA SAUDE;01/08/2026 15:42;05/08/2026 10:50;;ENTREGUE;7848;MultiModal;03/08/2026 01:20;03/08/2026 14:50;;29/07/2026 10:12;34;NÃO;FORA DE GRU;AGENTE;AGENTE - EDINALDO PINTO CASSIMIRO;TRANSPORTE;EM ROTA -TERCEIROS;PENDENTE RECEBIMENTO;TRANSPORTE · EM ROTA -TERCEIROS · PENDENTE RECEBIMENTO;TA0484;01/08/2026 22:43;;Datalogger enviado para agente MARCIO ALEXANDRE DE JESUS MARQUES - MASPEX  pelo serviço de integração do ESL.;ACIONAR AGENTE/RESPONSÁVEL
562836;A5185;ARES;00019200000013822993;BA;MINISTÉRIO DA SAUDE;01/08/2026 22:52;05/08/2026 10:50;;ENTREGUE;7851;MultiModal;04/08/2026 11:26;04/08/2026 15:44;;29/07/2026 16:25;34;NÃO;FORA DE GRU;AGENTE;AGENTE - MARCUS VINICIUS DO NASCIMENTO ALCANTARA;TRANSPORTE;EM ROTA -TERCEIROS;PENDENTE RECEBIMENTO;TRANSPORTE · EM ROTA -TERCEIROS · PENDENTE RECEBIMENTO;A5185;01/08/2026 23:04;;Datalogger enviado para agente MARCIO ALEXANDRE DE JESUS MARQUES - MASPEX  pelo serviço de integração do ESL.;ACIONAR AGENTE/RESPONSÁVEL
562726;A3444;ARES;00019200000013788493;RS;MINISTÉRIO DA SAUDE;01/08/2026 16:26;05/08/2026 10:24;;ENTREGUE;7848;MultiModal;02/08/2026 15:23;02/08/2026 18:07;;29/07/2026 09:46;34;NÃO;FORA DE GRU;AGENTE;AGENTE - EDINALDO PINTO CASSIMIRO;TRANSPORTE;EM ROTA -TERCEIROS;PENDENTE RECEBIMENTO;TRANSPORTE · EM ROTA -TERCEIROS · PENDENTE RECEBIMENTO;A3444;03/08/2026 14:50;;Datalogger enviado para agente GMB TRANSPORTES E LOGISTICA LTDA pelo serviço de integração do ESL.;ACIONAR AGENTE/RESPONSÁVEL
562745;A1347;ARES;00019200000013786075;RS;MINISTÉRIO DA SAUDE;01/08/2026 16:30;04/08/2026 15:30;;ENTREGUE;7848;MultiModal;02/08/2026 15:23;02/08/2026 18:07;;28/07/2026 21:01;35;NÃO;FORA DE GRU;AGENTE;AGENTE - JERSSICA DE FREITAS DE OLIVEIRA;TRANSPORTE;EM ROTA -TERCEIROS;PENDENTE RECEBIMENTO;TRANSPORTE · EM ROTA -TERCEIROS · PENDENTE RECEBIMENTO;A1347;03/08/2026 14:50;;Datalogger enviado para agente GMB TRANSPORTES E LOGISTICA LTDA pelo serviço de integração do ESL.;ACIONAR AGENTE/RESPONSÁVEL
562822;A0119;ARES;00019200000013822985;SC;MINISTÉRIO DA SAUDE;01/08/2026 18:30;04/08/2026 13:00;;ENTREGUE;7852;MultiModal;02/08/2026 09:56;02/08/2026 15:53;;29/07/2026 17:17;35;NÃO;FORA DE GRU;AGENTE;AGENTE - MARCOS JOSE ARAUJO DE ASSIS;TRANSPORTE;EM ROTA -TERCEIROS;PENDENTE RECEBIMENTO;TRANSPORTE · EM ROTA -TERCEIROS · PENDENTE RECEBIMENTO;A0119;03/08/2026 06:07;;Datalogger enviado para agente TGEX TRANSPORTES E LOCACAO DE VEICULOS LTDA pelo serviço de integração do ESL.;ACIONAR AGENTE/RESPONSÁVEL
562694;A5596;ARES;00019200000013820451;PR;MINISTÉRIO DA SAUDE;01/08/2026 18:21;04/08/2026 10:57;;ENTREGUE;7848;MultiModal;02/08/2026 09:42;02/08/2026 11:11;;29/07/2026 09:28;35;NÃO;FORA DE GRU;AGENTE;AGENTE - EDINALDO PINTO CASSIMIRO;TRANSPORTE;EM ROTA -TERCEIROS;PENDENTE RECEBIMENTO;TRANSPORTE · EM ROTA -TERCEIROS · PENDENTE RECEBIMENTO;A5596;03/08/2026 05:55;;Datalogger enviado para agente TGEX TRANSPORTES E LOCACAO DE VEICULOS LTDA pelo serviço de integração do ESL.;ACIONAR AGENTE/RESPONSÁVEL
562683;A8489;ARES;00019200000013820370;PR;MINISTÉRIO DA SAUDE;01/08/2026 16:21;04/08/2026 10:56;;ENTREGUE;7848;MultiModal;02/08/2026 09:42;02/08/2026 11:11;;29/07/2026 14:01;35;NÃO;FORA DE GRU;AGENTE;AGENTE - MARCOS ROBERTO CAVALLI;TRANSPORTE;EM ROTA -TERCEIROS;PENDENTE RECEBIMENTO;TRANSPORTE · EM ROTA -TERCEIROS · PENDENTE RECEBIMENTO;A8489;03/08/2026 05:53;;Datalogger enviado para agente TGEX TRANSPORTES E LOCACAO DE VEICULOS LTDA pelo serviço de integração do ESL.;ACIONAR AGENTE/RESPONSÁVEL
562724;A6088;ARES;00019200000013823981;SC;MINISTÉRIO DA SAUDE;01/08/2026 16:42;04/08/2026 10:29;;ENTREGUE;7852;MultiModal;02/08/2026 09:56;02/08/2026 15:53;;29/07/2026 17:21;35;NÃO;FORA DE GRU;AGENTE;SYS - Usuário sistema;TRANSPORTE;EM ROTA -TERCEIROS;PENDENTE RECEBIMENTO;TRANSPORTE · EM ROTA -TERCEIROS · PENDENTE RECEBIMENTO;A6088;03/08/2026 06:03;;Datalogger enviado para agente TGEX TRANSPORTES E LOCACAO DE VEICULOS LTDA pelo serviço de integração do ESL.;ACIONAR AGENTE/RESPONSÁVEL
562959;A0052;ARES;00019200000013823892;SP;MINISTÉRIO DA SAUDE;04/08/2026 03:23;04/08/2026 10:00;;ENTREGUE;7889;Rodoviário;04/08/2026 03:23;04/08/2026 10:00;;29/07/2026 16:11;35;NÃO;FORA DE GRU;AGENTE;AGENTE - RAIANA ASSIS DOS SANTOS;TRANSPORTE;EM ROTA -TERCEIROS;PENDENTE RECEBIMENTO;TRANSPORTE · EM ROTA -TERCEIROS · PENDENTE RECEBIMENTO;A0052;05/08/2026 06:15;;Datalogger enviado para agente VTC OPERADORA LOGISTICA LTDA pelo serviço de integração do ESL.;ACIONAR AGENTE/RESPONSÁVEL
562554;A2823;ARES;00019200000013820915;MG;MINISTÉRIO DA SAUDE;30/07/2026 03:35;03/08/2026 11:31;;ENTREGUE;7818;MultiModal;31/07/2026 11:41;31/07/2026 15:42;;28/07/2026 21:05;36;SIM;CÂMARA FRIA (GRU);CÂMARA FRIA - PACKING;AGENTE - JERSSICA DE FREITAS DE OLIVEIRA;CÂMARA FRIA;PACKING;RECEBIDO;CÂMARA FRIA · PACKING · RECEBIDO;A2823;29/07/2026 10:43;;DataLogger A2823, foi embalado no volume FRAÇÃO 33L - 00019200000013820915 - Usuário: leonardo.marinho;VALIDAR NA CÂMARA FRIA
562287;A3874;ARES;00019200000013776967;RS;MINISTÉRIO DA SAUDE;28/07/2026 03:39;03/08/2026 11:05;;ENTREGUE;7782;MultiModal;28/07/2026;03/08/2026 11:05;;26/07/2026 23:12;36;NÃO;FORA DE GRU;AGENTE;AGENTE - MARCOS JOSE ARAUJO DE ASSIS;TRANSPORTE;EM ROTA -TERCEIROS;PENDENTE RECEBIMENTO;TRANSPORTE · EM ROTA -TERCEIROS · PENDENTE RECEBIMENTO;A3874;03/08/2026 14:50;;Datalogger enviado para agente GMB TRANSPORTES E LOGISTICA LTDA pelo serviço de integração do ESL.;ACIONAR AGENTE/RESPONSÁVEL
559071;TA0073;ARES;00019200000013422286;RS;MINISTÉRIO DA SAUDE;08/07/2026 05:25;03/08/2026 09:45;;ENTREGUE;7387;MultiModal;30/07/2026 13:00;30/07/2026 14:52;;01/07/2026 09:59;36;NÃO;FORA DE GRU;AGENTE;AGENTE - MARCOS JOSE ARAUJO DE ASSIS;TRANSPORTE;EM ROTA -TERCEIROS;PENDENTE RECEBIMENTO;TRANSPORTE · EM ROTA -TERCEIROS · PENDENTE RECEBIMENTO;TA0073;03/08/2026 14:48;;Datalogger enviado para agente GMB TRANSPORTES E LOGISTICA LTDA pelo serviço de integração do ESL.;ACIONAR AGENTE/RESPONSÁVEL
561869;A6882;ARES;00019200000013788515;PR;MINISTÉRIO DA SAUDE;30/07/2026 16:22;01/08/2026 11:00;;ENTREGUE;7824;MultiModal;31/07/2026 17:42;31/07/2026 19:16;;29/07/2026 16:38;38;NÃO;FORA DE GRU;AGENTE;AGENTE - RAIANA ASSIS DOS SANTOS;TRANSPORTE;EM ROTA -TERCEIROS;PENDENTE RECEBIMENTO;TRANSPORTE · EM ROTA -TERCEIROS · PENDENTE RECEBIMENTO;A6882;30/07/2026 16:25;;Datalogger enviado para agente TGEX TRANSPORTES E LOCACAO DE VEICULOS LTDA pelo serviço de integração do ESL.;ACIONAR AGENTE/RESPONSÁVEL
562372;A7225;ARES;00019200000013776940;PR;MINISTÉRIO DA SAUDE;28/07/2026 03:41;31/07/2026 17:00;;ENTREGUE;7782;MultiModal;29/07/2026 07:01;29/07/2026 09:26;;26/07/2026 23:38;39;NÃO;FORA DE GRU;AGENTE;AGENTE - FERNANDA NATTALY DO NASCIMENTO RODRIGUES;TRANSPORTE;EM ROTA -TERCEIROS;PENDENTE RECEBIMENTO;TRANSPORTE · EM ROTA -TERCEIROS · PENDENTE RECEBIMENTO;A7225;28/07/2026 04:59;;Datalogger enviado para agente TGEX TRANSPORTES E LOCACAO DE VEICULOS LTDA pelo serviço de integração do ESL.;ACIONAR AGENTE/RESPONSÁVEL
561025;TA0652;ARES;00019200000013785346;CE;MINISTÉRIO DA SAUDE;30/07/2026 00:08;31/07/2026 11:13;;ENTREGUE;7826;MultiModal;01/08/2026 07:08;01/08/2026 13:28;;29/07/2026 16:13;39;NÃO;FORA DE GRU;AGENTE;AGENTE - RAIANA ASSIS DOS SANTOS;TRANSPORTE;EM ROTA -TERCEIROS;PENDENTE RECEBIMENTO;TRANSPORTE · EM ROTA -TERCEIROS · PENDENTE RECEBIMENTO;TA0652;30/07/2026 15:30;;Datalogger enviado para agente NT TRANSPORTE LTDA pelo serviço de integração do ESL.;ACIONAR AGENTE/RESPONSÁVEL
561025;A9188;ARES;00019200000013785397;CE;MINISTÉRIO DA SAUDE;30/07/2026 00:08;31/07/2026 11:13;;ENTREGUE;7826;MultiModal;01/08/2026 07:08;01/08/2026 13:28;;29/07/2026 16:56;39;NÃO;FORA DE GRU;AGENTE;AGENTE - CHARLE BRASIL SILVERIO;TRANSPORTE;EM ROTA -TERCEIROS;PENDENTE RECEBIMENTO;TRANSPORTE · EM ROTA -TERCEIROS · PENDENTE RECEBIMENTO;A9188;30/07/2026 15:24;;Datalogger enviado para agente NT TRANSPORTE LTDA pelo serviço de integração do ESL.;ACIONAR AGENTE/RESPONSÁVEL
561025;A1162;ARES;00019200000013785419;CE;MINISTÉRIO DA SAUDE;30/07/2026 00:08;31/07/2026 11:13;;ENTREGUE;7825;MultiModal;01/08/2026 07:08;01/08/2026 13:28;;29/07/2026 16:56;39;NÃO;FORA DE GRU;AGENTE;AGENTE - NAYANA BATISTA DA SILVA;TRANSPORTE;EM ROTA -TERCEIROS;PENDENTE RECEBIMENTO;TRANSPORTE · EM ROTA -TERCEIROS · PENDENTE RECEBIMENTO;A1162;30/07/2026 15:30;;Datalogger enviado para agente NT TRANSPORTE LTDA pelo serviço de integração do ESL.;ACIONAR AGENTE/RESPONSÁVEL
561025;A3268;ARES;00019200000013785486;CE;MINISTÉRIO DA SAUDE;30/07/2026 00:08;31/07/2026 11:13;;ENTREGUE;7826;MultiModal;01/08/2026 07:08;01/08/2026 13:28;;29/07/2026 16:25;39;NÃO;FORA DE GRU;AGENTE;AGENTE - JOSE AIRTON LOURENCO DE OLIVEIRA JUNIOR;TRANSPORTE;EM ROTA -TERCEIROS;PENDENTE RECEBIMENTO;TRANSPORTE · EM ROTA -TERCEIROS · PENDENTE RECEBIMENTO;A3268;30/07/2026 15:21;;Datalogger enviado para agente NT TRANSPORTE LTDA pelo serviço de integração do ESL.;ACIONAR AGENTE/RESPONSÁVEL
561025;A0713;ARES;00019200000013785508;CE;MINISTÉRIO DA SAUDE;30/07/2026 00:08;31/07/2026 11:13;;ENTREGUE;7826;MultiModal;01/08/2026 07:08;01/08/2026 13:28;;29/07/2026 16:22;39;NÃO;FORA DE GRU;AGENTE;AGENTE - RAIANA ASSIS DOS SANTOS;TRANSPORTE;EM ROTA -TERCEIROS;PENDENTE RECEBIMENTO;TRANSPORTE · EM ROTA -TERCEIROS · PENDENTE RECEBIMENTO;A0713;30/07/2026 15:24;;Datalogger enviado para agente NT TRANSPORTE LTDA pelo serviço de integração do ESL.;ACIONAR AGENTE/RESPONSÁVEL
561025;A0465;ARES;00019200000013785524;CE;MINISTÉRIO DA SAUDE;30/07/2026 00:08;31/07/2026 11:13;;ENTREGUE;7825;MultiModal;01/08/2026 07:08;01/08/2026 13:28;;29/07/2026 17:16;39;NÃO;FORA DE GRU;AGENTE;AGENTE - ANA CLÁUDIA FERREIRA LUDWIG;TRANSPORTE;EM ROTA -TERCEIROS;PENDENTE RECEBIMENTO;TRANSPORTE · EM ROTA -TERCEIROS · PENDENTE RECEBIMENTO;A0465;30/07/2026 15:36;;Datalogger enviado para agente NT TRANSPORTE LTDA pelo serviço de integração do ESL.;ACIONAR AGENTE/RESPONSÁVEL
561025;A3467;ARES;00019200000013785745;CE;MINISTÉRIO DA SAUDE;30/07/2026 00:08;31/07/2026 11:13;;ENTREGUE;7825;MultiModal;01/08/2026 07:08;01/08/2026 13:28;;29/07/2026 16:27;39;NÃO;FORA DE GRU;AGENTE;AGENTE - KESIA SARAI ARAUJO SILVA;TRANSPORTE;EM ROTA -TERCEIROS;PENDENTE RECEBIMENTO;TRANSPORTE · EM ROTA -TERCEIROS · PENDENTE RECEBIMENTO;A3467;30/07/2026 15:36;;Datalogger enviado para agente NT TRANSPORTE LTDA pelo serviço de integração do ESL.;ACIONAR AGENTE/RESPONSÁVEL
561025;A8079;ARES;00019200000013820060;CE;MINISTÉRIO DA SAUDE;30/07/2026 00:08;31/07/2026 11:13;;ENTREGUE;7826;MultiModal;01/08/2026 07:08;01/08/2026 13:28;;29/07/2026 16:55;39;NÃO;FORA DE GRU;AGENTE;AGENTE - EDINALDO PINTO CASSIMIRO;TRANSPORTE;EM ROTA -TERCEIROS;PENDENTE RECEBIMENTO;TRANSPORTE · EM ROTA -TERCEIROS · PENDENTE RECEBIMENTO;A8079;30/07/2026 15:30;;Datalogger enviado para agente NT TRANSPORTE LTDA pelo serviço de integração do ESL.;ACIONAR AGENTE/RESPONSÁVEL
561025;TA1160;ARES;00019200000013820087;CE;MINISTÉRIO DA SAUDE;30/07/2026 00:08;31/07/2026 11:13;;ENTREGUE;7826;MultiModal;01/08/2026 07:08;01/08/2026 13:28;;28/07/2026 21:00;39;NÃO;FORA DE GRU;AGENTE;AGENTE - MARCOS JOSE ARAUJO DE ASSIS;TRANSPORTE;EM ROTA -TERCEIROS;PENDENTE RECEBIMENTO;TRANSPORTE · EM ROTA -TERCEIROS · PENDENTE RECEBIMENTO;TA1160;30/07/2026 15:30;;Datalogger enviado para agente NT TRANSPORTE LTDA pelo serviço de integração do ESL.;ACIONAR AGENTE/RESPONSÁVEL
561025;A8869;ARES;00019200000013824783;CE;MINISTÉRIO DA SAUDE;30/07/2026 00:08;31/07/2026 11:13;;ENTREGUE;7816;MultiModal;01/08/2026 07:08;01/08/2026 13:28;;31/07/2026 10:38;39;NÃO;FORA DE GRU;AGENTE;AGENTE - ROSANA HONORATO DA SILVA;TRANSPORTE;EM ROTA -TERCEIROS;PENDENTE RECEBIMENTO;TRANSPORTE · EM ROTA -TERCEIROS · PENDENTE RECEBIMENTO;A8869;30/07/2026 04:33;;Datalogger enviado para agente NT TRANSPORTE LTDA pelo serviço de integração do ESL.;ACIONAR AGENTE/RESPONSÁVEL
560674;A9028;ARES;00019200000013730460;BA;MINISTÉRIO DA SAUDE;30/07/2026 03:38;31/07/2026 09:35;;ENTREGUE;7818;MultiModal;30/07/2026 14:56;31/07/2026 01:10;;28/07/2026 21:01;39;NÃO;FORA DE GRU;AGENTE;AGENTE - JERSSICA DE FREITAS DE OLIVEIRA;TRANSPORTE;EM ROTA -TERCEIROS;PENDENTE RECEBIMENTO;TRANSPORTE · EM ROTA -TERCEIROS · PENDENTE RECEBIMENTO;A9028;30/07/2026 04:33;;Datalogger enviado para agente LUIS CELSO DA SILVEIRA PIMENTEL JUNIOR pelo serviço de integração do ESL.;ACIONAR AGENTE/RESPONSÁVEL
562195;A1888;ARES;00019200000013776576;MA;MINISTÉRIO DA SAUDE;28/07/2026 00:49;30/07/2026 17:15;;ENTREGUE;7777;MultiModal;29/07/2026 05:11;29/07/2026 11:28;;29/07/2026 19:46;40;NÃO;FORA DE GRU;AGENTE;AGENTE - JOSE AIRTON LOURENCO DE OLIVEIRA JUNIOR;TRANSPORTE;EM ROTA -TERCEIROS;PENDENTE RECEBIMENTO;TRANSPORTE · EM ROTA -TERCEIROS · PENDENTE RECEBIMENTO;A1888;28/07/2026 01:22;;Datalogger enviado para agente P ROOSEVELT DOS REIS CAVALCANTE LTDA  pelo serviço de integração do ESL.;ACIONAR AGENTE/RESPONSÁVEL
557760;A8160;ARES;00019200000013777092;MA;MINISTÉRIO DA SAUDE;28/07/2026 00:50;30/07/2026 15:00;;ENTREGUE;7777;MultiModal;29/07/2026 05:11;29/07/2026 11:28;;29/07/2026 19:45;40;NÃO;FORA DE GRU;AGENTE;AGENTE - JOSE AIRTON LOURENCO DE OLIVEIRA JUNIOR;TRANSPORTE;EM ROTA -TERCEIROS;PENDENTE RECEBIMENTO;TRANSPORTE · EM ROTA -TERCEIROS · PENDENTE RECEBIMENTO;A8160;28/07/2026 01:24;;Datalogger enviado para agente P ROOSEVELT DOS REIS CAVALCANTE LTDA  pelo serviço de integração do ESL.;ACIONAR AGENTE/RESPONSÁVEL
562283;A7814;ARES;00019200000013778269;MA;MINISTÉRIO DA SAUDE;28/07/2026 00:50;30/07/2026 14:30;;ENTREGUE;7777;MultiModal;29/07/2026 05:11;29/07/2026 11:28;;29/07/2026 19:45;40;NÃO;FORA DE GRU;AGENTE;AGENTE - PATRICK KAUE RIBEIRO SOARES;TRANSPORTE;EM ROTA -TERCEIROS;PENDENTE RECEBIMENTO;TRANSPORTE · EM ROTA -TERCEIROS · PENDENTE RECEBIMENTO;A7814;28/07/2026 01:24;;Datalogger enviado para agente P ROOSEVELT DOS REIS CAVALCANTE LTDA  pelo serviço de integração do ESL.;ACIONAR AGENTE/RESPONSÁVEL
562077;A1051;ARES;00019200000013690418;PR;MINISTÉRIO DA SAUDE;26/07/2026 04:04;30/07/2026 12:46;;ENTREGUE;7736;MultiModal;28/07/2026 09:11;28/07/2026 11:17;;23/07/2026 09:16;40;NÃO;FORA DE GRU;AGENTE;AGENTE - EDINALDO PINTO CASSIMIRO;TRANSPORTE;EM ROTA -TERCEIROS;PENDENTE RECEBIMENTO;TRANSPORTE · EM ROTA -TERCEIROS · PENDENTE RECEBIMENTO;A1051;26/07/2026 06:27;;Datalogger enviado para agente TGEX TRANSPORTES E LOCACAO DE VEICULOS LTDA pelo serviço de integração do ESL.;ACIONAR AGENTE/RESPONSÁVEL
560505;TA0487;ARES;00019200000013447750;MG;MINISTÉRIO DA SAUDE;29/07/2026 03:58;30/07/2026 11:46;30/07/2026 10:29;RECEBIDO NO CLIENTE;7804;Rodoviário;29/07/2026 03:58;30/07/2026 11:49;;12/06/2026 17:46;40;NÃO;FORA DE GRU;MANUTENÇÃO;VTC - KRISLAYNE RIBEIRO DA SILVA CARVALHO;TERCEIROS;MANUTENÇÃO SINTREX;PENDENTE RECEBIMENTO;TERCEIROS · MANUTENÇÃO SINTREX · PENDENTE RECEBIMENTO;TA0487;03/08/2026 09:27;;Datalogger restaurado para o estoque manualmente pelo usuário.;VALIDAR COM MANUTENÇÃO
562189;A1964;ARES;00019200000013778234;MS;MINISTÉRIO DA SAUDE;28/07/2026 00:49;29/07/2026 17:00;;ENTREGUE;7777;MultiModal;28/07/2026 03:58;28/07/2026 20:07;;26/07/2026 23:51;41;NÃO;FORA DE GRU;AGENTE;SYS - Usuário sistema;TRANSPORTE;EM ROTA -TERCEIROS;PENDENTE RECEBIMENTO;TRANSPORTE · EM ROTA -TERCEIROS · PENDENTE RECEBIMENTO;A1964;28/07/2026 01:28;;Datalogger enviado para agente CARDOSO E PADUA (LH TRANSPORTES E SERVICOS LTDA  pelo serviço de integração do ESL.;ACIONAR AGENTE/RESPONSÁVEL
562284;A3872;ARES;00019200000013778250;MS;MINISTÉRIO DA SAUDE;28/07/2026 00:49;29/07/2026 17:00;;ENTREGUE;7777;MultiModal;28/07/2026 03:58;28/07/2026 20:07;;27/07/2026 17:10;41;NÃO;FORA DE GRU;AGENTE;AGENTE - THAIS OLIVEIRA GATINHO;TRANSPORTE;EM ROTA -TERCEIROS;PENDENTE RECEBIMENTO;TRANSPORTE · EM ROTA -TERCEIROS · PENDENTE RECEBIMENTO;A3872;28/07/2026 01:26;;Datalogger enviado para agente CARDOSO E PADUA (LH TRANSPORTES E SERVICOS LTDA  pelo serviço de integração do ESL.;ACIONAR AGENTE/RESPONSÁVEL
562290;A8536;ARES;00019200000013778218;PA;MINISTÉRIO DA SAUDE;28/07/2026 00:47;29/07/2026 16:58;;ENTREGUE;7777;MultiModal;28/07/2026 15:41;28/07/2026 18:48;;27/07/2026 17:09;41;NÃO;FORA DE GRU;AGENTE;AGENTE - PATRICK KAUE RIBEIRO SOARES;TRANSPORTE;EM ROTA -TERCEIROS;PENDENTE RECEBIMENTO;TRANSPORTE · EM ROTA -TERCEIROS · PENDENTE RECEBIMENTO;A8536;28/07/2026 01:33;;Datalogger enviado para agente MK BILLIG TRANSPORTE DE CARGAS E LOGISTICA LTDA pelo serviço de integração do ESL.;ACIONAR AGENTE/RESPONSÁVEL
562291;TA0945;ARES;00019200000013778153;TO;MINISTÉRIO DA SAUDE;28/07/2026 00:47;29/07/2026 14:29;;ENTREGUE;7777;MultiModal;28/07/2026 15:41;28/07/2026 18:48;;26/07/2026 23:38;41;NÃO;FORA DE GRU;AGENTE;AGENTE - MARCOS JOSE ARAUJO DE ASSIS;TRANSPORTE;EM ROTA -TERCEIROS;PENDENTE RECEBIMENTO;TRANSPORTE · EM ROTA -TERCEIROS · PENDENTE RECEBIMENTO;TA0945;28/07/2026 01:43;;Datalogger enviado para agente MK BILLIG TRANSPORTE DE CARGAS E LOGISTICA LTDA pelo serviço de integração do ESL.;ACIONAR AGENTE/RESPONSÁVEL
560686;A3062;ARES;00019200000013458728;RS;MINISTÉRIO DA SAUDE;27/07/2026 06:05;29/07/2026 10:32;29/07/2026 09:00;RECEBIDO NO CLIENTE;7765;Rodoviário;27/07/2026 06:05;29/07/2026 10:27;;26/07/2026 23:52;41;NÃO;FORA DE GRU;MANUTENÇÃO;VTC - KRISLAYNE RIBEIRO DA SILVA CARVALHO;TERCEIROS;MANUTENÇÃO SINTREX;PENDENTE RECEBIMENTO;TERCEIROS · MANUTENÇÃO SINTREX · PENDENTE RECEBIMENTO;A3062;10/08/2026 13:54;;Datalogger restaurado para o estoque manualmente pelo usuário.;VALIDAR COM MANUTENÇÃO
560547;AS-0226;ARES COM SONDA;00019200000013778986;PB;MINISTÉRIO DA SAUDE;27/07/2026 22:39;29/07/2026 10:30;;ENTREGUE;7770;MultiModal;29/07/2026 00:23;29/07/2026 04:39;;27/07/2026 09:41;41;NÃO;RETORNANDO PARA GRU (NÃO RECEBIDO);RETORNANDO - GRU;AGENTE - JERSSICA DE FREITAS DE OLIVEIRA;EM ESTOQUE;SALDO DE ESTOQUE;PENDENTE RECEBIMENTO;EM ESTOQUE · SALDO DE ESTOQUE · PENDENTE RECEBIMENTO;AS-0226;31/07/2026 14:32;17283;Datalogger enviado para devolução pelo agente.;ACOMPANHAR RECEBIMENTO EM GRU
560547;AS-0154;ARES COM SONDA;00019200000013779010;PB;MINISTÉRIO DA SAUDE;27/07/2026 22:39;29/07/2026 10:30;;ENTREGUE;7770;MultiModal;29/07/2026 00:23;29/07/2026 04:39;;27/07/2026 09:41;41;NÃO;RETORNANDO PARA GRU (NÃO RECEBIDO);RETORNANDO - GRU;AGENTE - JERSSICA DE FREITAS DE OLIVEIRA;EM ESTOQUE;SALDO DE ESTOQUE;PENDENTE RECEBIMENTO;EM ESTOQUE · SALDO DE ESTOQUE · PENDENTE RECEBIMENTO;AS-0154;31/07/2026 14:32;17283;Datalogger enviado para devolução pelo agente.;ACOMPANHAR RECEBIMENTO EM GRU
562203;A7917;ARES;00019200000013704540;RS;MINISTÉRIO DA SAUDE;26/07/2026 04:28;28/07/2026 17:00;;ENTREGUE;7739;MultiModal;26/07/2026 19:24;26/07/2026 21:22;;23/07/2026 20:58;42;NÃO;FORA DE GRU;AGENTE;AGENTE - KESIA SARAI ARAUJO SILVA;TRANSPORTE;EM ROTA -TERCEIROS;PENDENTE RECEBIMENTO;TRANSPORTE · EM ROTA -TERCEIROS · PENDENTE RECEBIMENTO;A7917;03/08/2026 14:50;;Datalogger enviado para agente GMB TRANSPORTES E LOGISTICA LTDA pelo serviço de integração do ESL.;ACIONAR AGENTE/RESPONSÁVEL
562139;A7340;ARES;00019200000013690981;SC;MINISTÉRIO DA SAUDE;26/07/2026 04:28;28/07/2026 13:15;;ENTREGUE;7739;MultiModal;26/07/2026 06:25;27/07/2026 06:38;;23/07/2026 09:23;42;NÃO;FORA DE GRU;AGENTE;AGENTE - KESIA SARAI ARAUJO SILVA;TRANSPORTE;EM ROTA -TERCEIROS;PENDENTE RECEBIMENTO;TRANSPORTE · EM ROTA -TERCEIROS · PENDENTE RECEBIMENTO;A7340;26/07/2026 06:29;;Datalogger enviado para agente TGEX TRANSPORTES E LOCACAO DE VEICULOS LTDA pelo serviço de integração do ESL.;ACIONAR AGENTE/RESPONSÁVEL
562148;A3854;ARES;00019200000013691708;SC;MINISTÉRIO DA SAUDE;26/07/2026 04:10;28/07/2026 11:53;;ENTREGUE;7736;MultiModal;26/07/2026 06:25;27/07/2026 06:38;;24/07/2026 13:38;42;NÃO;FORA DE GRU;AGENTE;AGENTE - CHARLE BRASIL SILVERIO;TRANSPORTE;EM ROTA -TERCEIROS;PENDENTE RECEBIMENTO;TRANSPORTE · EM ROTA -TERCEIROS · PENDENTE RECEBIMENTO;A3854;27/07/2026 08:15;;Datalogger enviado para agente TGEX TRANSPORTES E LOCACAO DE VEICULOS LTDA pelo serviço de integração do ESL.;ACIONAR AGENTE/RESPONSÁVEL
557273;A0638;ARES;00019200000013206141;RJ;MINISTÉRIO DA SAUDE;24/06/2026 08:04;27/07/2026 19:00;;ENTREGUE;7132;MultiModal;24/06/2026 08:04;27/07/2026 19:00;;23/06/2026 08:46;42;NÃO;FORA DE GRU;AGENTE;AGENTE - EDINALDO PINTO CASSIMIRO;TRANSPORTE;EM ROTA -TERCEIROS;PENDENTE RECEBIMENTO;TRANSPORTE · EM ROTA -TERCEIROS · PENDENTE RECEBIMENTO;A0638;24/06/2026 08:28;;Datalogger enviado para agente VTCLOG RJ GALEAO pelo serviço de integração do ESL.;ACIONAR AGENTE/RESPONSÁVEL
562145;A5822;ARES;00019200000013690353;SC;MINISTÉRIO DA SAUDE;26/07/2026 04:09;27/07/2026 16:05;;ENTREGUE;7736;MultiModal;26/07/2026 06:25;27/07/2026 06:38;;24/07/2026 09:28;43;NÃO;FORA DE GRU;AGENTE;AGENTE - ROBERTA ALESSANDRA BARCELOS DA SILVA;TRANSPORTE;EM ROTA -TERCEIROS;PENDENTE RECEBIMENTO;TRANSPORTE · EM ROTA -TERCEIROS · PENDENTE RECEBIMENTO;A5822;26/07/2026 06:29;;Datalogger enviado para agente TGEX TRANSPORTES E LOCACAO DE VEICULOS LTDA pelo serviço de integração do ESL.;ACIONAR AGENTE/RESPONSÁVEL
562221;A5187;ARES;00019200000013690302;MA;MINISTÉRIO DA SAUDE;26/07/2026 01:46;27/07/2026 16:00;;ENTREGUE;7736;MultiModal;26/07/2026 14:37;26/07/2026 18:36;;27/07/2026 14:45;43;NÃO;FORA DE GRU;AGENTE;AGENTE - CHARLE BRASIL SILVERIO;TRANSPORTE;EM ROTA -TERCEIROS;PENDENTE RECEBIMENTO;TRANSPORTE · EM ROTA -TERCEIROS · PENDENTE RECEBIMENTO;A5187;26/07/2026 05:41;;Datalogger enviado para agente P ROOSEVELT DOS REIS CAVALCANTE LTDA  pelo serviço de integração do ESL.;ACIONAR AGENTE/RESPONSÁVEL
557120;A8999;ARES;00019200000013322184;PB;MINISTÉRIO DA SAUDE;23/07/2026 03:41;27/07/2026 15:58;;ENTREGUE;7772;MultiModal;27/07/2026 23:42;29/07/2026 10:10;;12/06/2026 09:37;43;NÃO;FORA DE GRU;AGENTE;AGENTE - FERNANDA CLARA BRITO LETE;TRANSPORTE;EM ROTA -TERCEIROS;PENDENTE RECEBIMENTO;TRANSPORTE · EM ROTA -TERCEIROS · PENDENTE RECEBIMENTO;A8999;27/07/2026 21:14;;Datalogger enviado para agente LIDER CARGAS SERVICOS LTDA pelo serviço de integração do ESL.;ACIONAR AGENTE/RESPONSÁVEL
557120;A8897;ARES;00019200000013323717;PB;MINISTÉRIO DA SAUDE;23/07/2026 03:41;27/07/2026 15:58;;ENTREGUE;7772;MultiModal;27/07/2026 23:42;29/07/2026 10:10;;27/07/2026 15:27;43;NÃO;FORA DE GRU;AGENTE;AGENTE - JOSE AIRTON LOURENCO DE OLIVEIRA JUNIOR;TRANSPORTE;EM ROTA -TERCEIROS;PENDENTE RECEBIMENTO;TRANSPORTE · EM ROTA -TERCEIROS · PENDENTE RECEBIMENTO;A8897;27/07/2026 21:26;;Datalogger enviado para agente LIDER CARGAS SERVICOS LTDA pelo serviço de integração do ESL.;ACIONAR AGENTE/RESPONSÁVEL
557120;A3238;ARES;00019200000013326120;PB;MINISTÉRIO DA SAUDE;23/07/2026 03:41;27/07/2026 15:58;;ENTREGUE;7693;MultiModal;23/07/2026 03:41;27/07/2026 15:58;;27/07/2026 15:39;43;NÃO;FORA DE GRU;AGENTE;AGENTE - EDINALDO PINTO CASSIMIRO;TRANSPORTE;EM ROTA -TERCEIROS;PENDENTE RECEBIMENTO;TRANSPORTE · EM ROTA -TERCEIROS · PENDENTE RECEBIMENTO;A3238;23/07/2026 10:02;;Datalogger enviado para agente LIDER CARGAS SERVICOS LTDA pelo serviço de integração do ESL.;ACIONAR AGENTE/RESPONSÁVEL
562230;A8245;ARES;00019200000013690426;BA;MINISTÉRIO DA SAUDE;26/07/2026 03:52;27/07/2026 14:40;;ENTREGUE;7736;MultiModal;26/07/2026 21:59;27/07/2026 01:17;;27/07/2026 09:52;43;NÃO;FORA DE GRU;AGENTE;AGENTE - FERNANDA NATTALY DO NASCIMENTO RODRIGUES;TRANSPORTE;EM ROTA -TERCEIROS;PENDENTE RECEBIMENTO;TRANSPORTE · EM ROTA -TERCEIROS · PENDENTE RECEBIMENTO;A8245;26/07/2026 06:19;;Datalogger enviado para agente LUIS CELSO DA SILVEIRA PIMENTEL JUNIOR pelo serviço de integração do ESL.;ACIONAR AGENTE/RESPONSÁVEL
562230;A7041;ARES;00019200000013704532;BA;MINISTÉRIO DA SAUDE;26/07/2026 03:52;27/07/2026 14:40;;ENTREGUE;7736;MultiModal;26/07/2026 21:59;27/07/2026 01:17;;23/07/2026 20:35;43;NÃO;FORA DE GRU;AGENTE;AGENTE - RAIANA ASSIS DOS SANTOS;TRANSPORTE;EM TRÂNSITO;PENDENTE RECEBIMENTO;TRANSPORTE · EM TRÂNSITO · PENDENTE RECEBIMENTO;A7041;05/09/2026 08:40;31629;Datalogger enviado para devolução pelo agente.;ACIONAR AGENTE/RESPONSÁVEL
560692;A7116;ARES;00019200000013456857;CE;MINISTÉRIO DA SAUDE;24/07/2026 00:40;25/07/2026 16:50;;ENTREGUE;7720;MultiModal;24/07/2026 04:16;25/07/2026 03:23;;25/07/2026 08:55;45;NÃO;FORA DE GRU;AGENTE;AGENTE - RAIANA ASSIS DOS SANTOS;TRANSPORTE;EM ROTA -TERCEIROS;PENDENTE RECEBIMENTO;TRANSPORTE · EM ROTA -TERCEIROS · PENDENTE RECEBIMENTO;A7116;24/07/2026 05:24;;Datalogger enviado para agente NT TRANSPORTE LTDA pelo serviço de integração do ESL.;ACIONAR AGENTE/RESPONSÁVEL
560692;A5155;ARES;00019200000013456873;CE;MINISTÉRIO DA SAUDE;24/07/2026 00:40;25/07/2026 16:50;;ENTREGUE;7720;MultiModal;24/07/2026 04:16;25/07/2026 03:23;;25/07/2026 08:55;45;NÃO;FORA DE GRU;AGENTE;AGENTE - EDINALDO PINTO CASSIMIRO;TRANSPORTE;EM ROTA -TERCEIROS;PENDENTE RECEBIMENTO;TRANSPORTE · EM ROTA -TERCEIROS · PENDENTE RECEBIMENTO;A5155;24/07/2026 05:24;;Datalogger enviado para agente NT TRANSPORTE LTDA pelo serviço de integração do ESL.;ACIONAR AGENTE/RESPONSÁVEL
560692;A7602;ARES;00019200000013694340;CE;MINISTÉRIO DA SAUDE;24/07/2026 00:40;25/07/2026 16:50;;ENTREGUE;7721;MultiModal;24/07/2026 04:16;25/07/2026 03:23;;25/07/2026 08:54;45;NÃO;FORA DE GRU;AGENTE;AGENTE - CHARLE BRASIL SILVERIO;TRANSPORTE;EM ROTA -TERCEIROS;PENDENTE RECEBIMENTO;TRANSPORTE · EM ROTA -TERCEIROS · PENDENTE RECEBIMENTO;A7602;24/07/2026 05:24;;Datalogger enviado para agente NT TRANSPORTE LTDA pelo serviço de integração do ESL.;ACIONAR AGENTE/RESPONSÁVEL
560692;A2904;ARES;00019200000013695720;CE;MINISTÉRIO DA SAUDE;24/07/2026 00:40;25/07/2026 16:50;;ENTREGUE;7721;MultiModal;24/07/2026 04:16;25/07/2026 03:23;;25/07/2026 08:55;45;NÃO;FORA DE GRU;AGENTE;AGENTE - MARCOS ROBERTO CAVALLI;TRANSPORTE;EM ROTA -TERCEIROS;PENDENTE RECEBIMENTO;TRANSPORTE · EM ROTA -TERCEIROS · PENDENTE RECEBIMENTO;A2904;24/07/2026 05:24;;Datalogger enviado para agente NT TRANSPORTE LTDA pelo serviço de integração do ESL.;ACIONAR AGENTE/RESPONSÁVEL
560692;A8566;ARES;00019200000013696319;CE;MINISTÉRIO DA SAUDE;24/07/2026 00:40;25/07/2026 16:50;;ENTREGUE;7720;MultiModal;24/07/2026 04:16;25/07/2026 03:23;;25/07/2026 08:55;45;NÃO;FORA DE GRU;AGENTE;AGENTE - ROSANA HONORATO DA SILVA;TRANSPORTE;EM ROTA -TERCEIROS;PENDENTE RECEBIMENTO;TRANSPORTE · EM ROTA -TERCEIROS · PENDENTE RECEBIMENTO;A8566;24/07/2026 05:24;;Datalogger enviado para agente NT TRANSPORTE LTDA pelo serviço de integração do ESL.;ACIONAR AGENTE/RESPONSÁVEL
560692;A7269;ARES;00019200000013696327;CE;MINISTÉRIO DA SAUDE;24/07/2026 00:40;25/07/2026 16:50;;ENTREGUE;7720;MultiModal;24/07/2026 04:16;25/07/2026 03:23;;25/07/2026 08:55;45;NÃO;FORA DE GRU;AGENTE;AGENTE - RAIANA ASSIS DOS SANTOS;TRANSPORTE;EM ROTA -TERCEIROS;PENDENTE RECEBIMENTO;TRANSPORTE · EM ROTA -TERCEIROS · PENDENTE RECEBIMENTO;A7269;24/07/2026 05:24;;Datalogger enviado para agente NT TRANSPORTE LTDA pelo serviço de integração do ESL.;ACIONAR AGENTE/RESPONSÁVEL
560692;A8260;ARES;00019200000013696335;CE;MINISTÉRIO DA SAUDE;24/07/2026 00:40;25/07/2026 16:50;;ENTREGUE;7720;MultiModal;24/07/2026 04:16;25/07/2026 03:23;;25/07/2026 08:45;45;NÃO;FORA DE GRU;AGENTE;AGENTE - EDINALDO PINTO CASSIMIRO;TRANSPORTE;EM ROTA -TERCEIROS;PENDENTE RECEBIMENTO;TRANSPORTE · EM ROTA -TERCEIROS · PENDENTE RECEBIMENTO;A8260;24/07/2026 05:24;;Datalogger enviado para agente NT TRANSPORTE LTDA pelo serviço de integração do ESL.;ACIONAR AGENTE/RESPONSÁVEL
560692;A7736;ARES;00019200000013696343;CE;MINISTÉRIO DA SAUDE;24/07/2026 00:40;25/07/2026 16:50;;ENTREGUE;7720;MultiModal;24/07/2026 04:16;25/07/2026 03:23;;25/07/2026 08:55;45;NÃO;FORA DE GRU;AGENTE;AGENTE - RAIANA ASSIS DOS SANTOS;TRANSPORTE;EM ROTA -TERCEIROS;PENDENTE RECEBIMENTO;TRANSPORTE · EM ROTA -TERCEIROS · PENDENTE RECEBIMENTO;A7736;24/07/2026 05:24;;Datalogger enviado para agente NT TRANSPORTE LTDA pelo serviço de integração do ESL.;ACIONAR AGENTE/RESPONSÁVEL
560692;A9381;ARES;00019200000013696351;CE;MINISTÉRIO DA SAUDE;24/07/2026 00:40;25/07/2026 16:50;;ENTREGUE;7721;MultiModal;24/07/2026 04:16;25/07/2026 03:23;;25/07/2026 08:57;45;NÃO;FORA DE GRU;AGENTE;AGENTE - MARCOS ROBERTO CAVALLI;TRANSPORTE;EM ROTA -TERCEIROS;PENDENTE RECEBIMENTO;TRANSPORTE · EM ROTA -TERCEIROS · PENDENTE RECEBIMENTO;A9381;24/07/2026 05:24;;Datalogger enviado para agente NT TRANSPORTE LTDA pelo serviço de integração do ESL.;ACIONAR AGENTE/RESPONSÁVEL
560692;TA0915;ARES;00019200000013696424;CE;MINISTÉRIO DA SAUDE;24/07/2026 00:40;25/07/2026 16:50;;ENTREGUE;7720;MultiModal;24/07/2026 04:16;25/07/2026 03:23;;25/07/2026 08:55;45;NÃO;FORA DE GRU;AGENTE;AGENTE - EDINALDO PINTO CASSIMIRO;TRANSPORTE;EM ROTA -TERCEIROS;PENDENTE RECEBIMENTO;TRANSPORTE · EM ROTA -TERCEIROS · PENDENTE RECEBIMENTO;TA0915;24/07/2026 05:24;;Datalogger enviado para agente NT TRANSPORTE LTDA pelo serviço de integração do ESL.;ACIONAR AGENTE/RESPONSÁVEL
560692;A4396;ARES;00019200000013696432;CE;MINISTÉRIO DA SAUDE;24/07/2026 00:40;25/07/2026 16:50;;ENTREGUE;7720;MultiModal;24/07/2026 04:16;25/07/2026 03:23;;25/07/2026 08:55;45;NÃO;FORA DE GRU;AGENTE;AGENTE - KESIA SARAI ARAUJO SILVA;TRANSPORTE;EM ROTA -TERCEIROS;PENDENTE RECEBIMENTO;TRANSPORTE · EM ROTA -TERCEIROS · PENDENTE RECEBIMENTO;A4396;24/07/2026 05:24;;Datalogger enviado para agente NT TRANSPORTE LTDA pelo serviço de integração do ESL.;ACIONAR AGENTE/RESPONSÁVEL
561254;A3155;ARES;00019200000013462911;CE;MINISTÉRIO DA SAUDE;23/07/2026 06:59;24/07/2026 16:14;;ENTREGUE;7695;MultiModal;24/07/2026 00:02;24/07/2026 05:07;;22/07/2026 21:27;46;NÃO;FORA DE GRU;AGENTE;AGENTE - JOSE VENTURA;TRANSPORTE;EM ROTA -TERCEIROS;PENDENTE RECEBIMENTO;TRANSPORTE · EM ROTA -TERCEIROS · PENDENTE RECEBIMENTO;A3155;23/07/2026 10:05;;Datalogger enviado para agente NT TRANSPORTE LTDA pelo serviço de integração do ESL.;ACIONAR AGENTE/RESPONSÁVEL
560739;TA0549;ARES;00019200000013459112;MA;MINISTÉRIO DA SAUDE;22/07/2026 23:34;24/07/2026 15:00;;ENTREGUE;7689;MultiModal;27/07/2026 07:15;27/07/2026 13:04;;24/07/2026 13:29;46;NÃO;FORA DE GRU;AGENTE;AGENTE - FERNANDA NATTALY DO NASCIMENTO RODRIGUES;TRANSPORTE;EM ROTA -TERCEIROS;PENDENTE RECEBIMENTO;TRANSPORTE · EM ROTA -TERCEIROS · PENDENTE RECEBIMENTO;TA0549;23/07/2026 08:12;;Datalogger enviado para agente P ROOSEVELT DOS REIS CAVALCANTE LTDA  pelo serviço de integração do ESL.;ACIONAR AGENTE/RESPONSÁVEL
560753;A5386;ARES;00019200000013471155;PI;MINISTÉRIO DA SAUDE;22/07/2026 23:41;24/07/2026 14:15;;ENTREGUE;7689;MultiModal;24/07/2026 06:46;24/07/2026 11:48;;21/07/2026 19:34;46;NÃO;FORA DE GRU;AGENTE;AGENTE - THAIS OLIVEIRA GATINHO;TRANSPORTE;EM TRÂNSITO;PENDENTE RECEBIMENTO;TRANSPORTE · EM TRÂNSITO · PENDENTE RECEBIMENTO;A5386;02/09/2026 10:01;31610;Datalogger enviado para devolução pelo agente.;ACIONAR AGENTE/RESPONSÁVEL
561763;TA0307;ARES;00019200000013462814;TO;MINISTÉRIO DA SAUDE;21/07/2026 23:55;23/07/2026 19:00;;ENTREGUE;7656;MultiModal;22/07/2026 23:43;23/07/2026 03:12;;21/07/2026 19:08;46;NÃO;FORA DE GRU;AGENTE;AGENTE - JOSE VENTURA;TRANSPORTE;EM ROTA -TERCEIROS;PENDENTE RECEBIMENTO;TRANSPORTE · EM ROTA -TERCEIROS · PENDENTE RECEBIMENTO;TA0307;22/07/2026 09:30;;Datalogger enviado para agente MK BILLIG TRANSPORTE DE CARGAS E LOGISTICA LTDA pelo serviço de integração do ESL.;ACIONAR AGENTE/RESPONSÁVEL
560755;A5076;ARES;00019200000013463160;PI;MINISTÉRIO DA SAUDE;21/07/2026 23:55;23/07/2026 16:22;;ENTREGUE;7695;MultiModal;24/07/2026 06:48;24/07/2026 02:37;;22/07/2026 21:26;47;NÃO;FORA DE GRU;AGENTE;AGENTE - RAIANA ASSIS DOS SANTOS;TRANSPORTE;EM ROTA -TERCEIROS;PENDENTE RECEBIMENTO;TRANSPORTE · EM ROTA -TERCEIROS · PENDENTE RECEBIMENTO;A5076;23/07/2026 02:01;;Datalogger enviado para agente ALYNE B. BATISTA NEIVA pelo serviço de integração do ESL.;ACIONAR AGENTE/RESPONSÁVEL
560755;A4424;ARES;00019200000013463195;PI;MINISTÉRIO DA SAUDE;21/07/2026 23:55;23/07/2026 16:22;;ENTREGUE;7695;MultiModal;24/07/2026 06:48;24/07/2026 02:37;;22/07/2026 21:26;47;NÃO;FORA DE GRU;AGENTE;AGENTE - DANILO MESAQUE DOS SANTOS TEIXEIRA;TRANSPORTE;EM TRÂNSITO;PENDENTE RECEBIMENTO;TRANSPORTE · EM TRÂNSITO · PENDENTE RECEBIMENTO;A4424;31/08/2026 09:24;31587;Datalogger enviado para devolução pelo agente.;ACIONAR AGENTE/RESPONSÁVEL
560755;A3271;ARES;00019200000013463217;PI;MINISTÉRIO DA SAUDE;21/07/2026 23:55;23/07/2026 16:22;;ENTREGUE;7695;MultiModal;24/07/2026 06:48;24/07/2026 02:37;;22/07/2026 21:25;47;NÃO;FORA DE GRU;AGENTE;AGENTE - MARCUS VINICIUS DO NASCIMENTO ALCANTARA;TRANSPORTE;EM ROTA -TERCEIROS;PENDENTE RECEBIMENTO;TRANSPORTE · EM ROTA -TERCEIROS · PENDENTE RECEBIMENTO;A3271;23/07/2026 02:01;;Datalogger enviado para agente ALYNE B. BATISTA NEIVA pelo serviço de integração do ESL.;ACIONAR AGENTE/RESPONSÁVEL
560574;AS-0487;ARES COM SONDA;00019200000013464043;RS;MINISTÉRIO DA SAUDE;21/07/2026 22:28;23/07/2026 15:00;;ENTREGUE;7646;MultiModal;22/07/2026 15:09;22/07/2026 18:49;;21/07/2026 09:16;47;NÃO;FORA DE GRU;MANUTENÇÃO;VTC - YASMIN SILVA TEIXEIRA;TERCEIROS;MANUTENÇÃO SINTREX;PENDENTE RECEBIMENTO;TERCEIROS · MANUTENÇÃO SINTREX · PENDENTE RECEBIMENTO;AS-0487;04/08/2026 12:33;;Datalogger restaurado para o estoque manualmente pelo usuário.;VALIDAR COM MANUTENÇÃO
560574;AS-0019;ARES COM SONDA;00019200000013464094;RS;MINISTÉRIO DA SAUDE;21/07/2026 22:28;23/07/2026 15:00;;ENTREGUE;7647;MultiModal;22/07/2026 15:09;22/07/2026 18:49;;21/07/2026 09:37;47;NÃO;FORA DE GRU;MANUTENÇÃO;VTC - YASMIN SILVA TEIXEIRA;TERCEIROS;MANUTENÇÃO SINTREX;PENDENTE RECEBIMENTO;TERCEIROS · MANUTENÇÃO SINTREX · PENDENTE RECEBIMENTO;AS-0019;04/08/2026 12:26;;Datalogger restaurado para o estoque manualmente pelo usuário.;VALIDAR COM MANUTENÇÃO
560574;AS-0160;ARES COM SONDA;00019200000013464116;RS;MINISTÉRIO DA SAUDE;21/07/2026 22:28;23/07/2026 15:00;;ENTREGUE;7647;MultiModal;22/07/2026 15:09;22/07/2026 18:49;;21/07/2026 09:14;47;NÃO;FORA DE GRU;MANUTENÇÃO;VTC - YASMIN SILVA TEIXEIRA;TERCEIROS;MANUTENÇÃO SINTREX;PENDENTE RECEBIMENTO;TERCEIROS · MANUTENÇÃO SINTREX · PENDENTE RECEBIMENTO;AS-0160;04/08/2026 12:30;;Datalogger restaurado para o estoque manualmente pelo usuário.;VALIDAR COM MANUTENÇÃO
561503;TA0233;ARES;00019200000013465546;MS;MINISTÉRIO DA SAUDE;22/07/2026 04:38;23/07/2026 14:55;;ENTREGUE;7667;MultiModal;22/07/2026 17:21;22/07/2026 19:46;;21/07/2026 00:10;47;NÃO;FORA DE GRU;AGENTE;AGENTE - KESIA SARAI ARAUJO SILVA;TRANSPORTE;EM ROTA -TERCEIROS;PENDENTE RECEBIMENTO;TRANSPORTE · EM ROTA -TERCEIROS · PENDENTE RECEBIMENTO;TA0233;22/07/2026 09:49;;Datalogger enviado para agente CARDOSO E PADUA (LH TRANSPORTES E SERVICOS LTDA  pelo serviço de integração do ESL.;ACIONAR AGENTE/RESPONSÁVEL
561713;A8651;ARES;00019200000013461699;PR;MINISTÉRIO DA SAUDE;22/07/2026 08:20;23/07/2026 13:31;;ENTREGUE;7680;MultiModal;22/07/2026 12:27;22/07/2026 21:17;;21/07/2026 20:38;47;NÃO;FORA DE GRU;AGENTE;AGENTE - THAIS OLIVEIRA GATINHO;TRANSPORTE;EM ROTA -TERCEIROS;PENDENTE RECEBIMENTO;TRANSPORTE · EM ROTA -TERCEIROS · PENDENTE RECEBIMENTO;A8651;23/07/2026 09:59;;Datalogger enviado para agente TGEX TRANSPORTES E LOCACAO DE VEICULOS LTDA pelo serviço de integração do ESL.;ACIONAR AGENTE/RESPONSÁVEL
561697;A2566;ARES;00019200000013462768;CE;MINISTÉRIO DA SAUDE;22/07/2026 04:54;23/07/2026 11:33;;ENTREGUE;7672;MultiModal;22/07/2026 23:26;23/07/2026 05:04;;08/07/2026 14:52;47;NÃO;FORA DE GRU;AGENTE;AGENTE - FERNANDA NATTALY DO NASCIMENTO RODRIGUES;TRANSPORTE;EM ROTA -TERCEIROS;PENDENTE RECEBIMENTO;TRANSPORTE · EM ROTA -TERCEIROS · PENDENTE RECEBIMENTO;A2566;22/07/2026 09:44;;Datalogger enviado para agente NT TRANSPORTE LTDA pelo serviço de integração do ESL.;ACIONAR AGENTE/RESPONSÁVEL
560685;A9420;ARES;00019200000013594575;BA;MINISTÉRIO DA SAUDE;22/07/2026 03:05;23/07/2026 09:21;;ENTREGUE;7664;MultiModal;23/07/2026 08:02;23/07/2026 17:39;;14/07/2026 08:08;47;NÃO;FORA DE GRU;MANUTENÇÃO;VTC - YASMIN SILVA TEIXEIRA;TERCEIROS;MANUTENÇÃO SINTREX;PENDENTE RECEBIMENTO;TERCEIROS · MANUTENÇÃO SINTREX · PENDENTE RECEBIMENTO;A9420;07/08/2026 12:09;;Datalogger restaurado para o estoque manualmente pelo usuário.;VALIDAR COM MANUTENÇÃO
560730;TA0860;ARES;00019200000013469061;MA;MINISTÉRIO DA SAUDE;20/07/2026 22:21;22/07/2026 18:00;;ENTREGUE;7622;MultiModal;22/07/2026 04:31;23/07/2026 01:20;;22/07/2026 13:21;48;NÃO;FORA DE GRU;AGENTE;AGENTE - LEILA NAZARE LIMA DE OLIVEIRA;TRANSPORTE;EM TRÂNSITO;PENDENTE RECEBIMENTO;TRANSPORTE · EM TRÂNSITO · PENDENTE RECEBIMENTO;TA0860;28/08/2026 17:08;31596;Datalogger enviado para devolução pelo agente.;ACIONAR AGENTE/RESPONSÁVEL
560730;TA0209;ARES;00019200000013469070;MA;MINISTÉRIO DA SAUDE;20/07/2026 22:21;22/07/2026 18:00;;ENTREGUE;7622;MultiModal;22/07/2026 04:31;23/07/2026 01:20;;22/07/2026 13:21;48;NÃO;FORA DE GRU;AGENTE;AGENTE - LEILA NAZARE LIMA DE OLIVEIRA;TRANSPORTE;EM TRÂNSITO;PENDENTE RECEBIMENTO;TRANSPORTE · EM TRÂNSITO · PENDENTE RECEBIMENTO;TA0209;28/08/2026 17:08;31596;Datalogger enviado para devolução pelo agente.;ACIONAR AGENTE/RESPONSÁVEL
561477;A2626;ARES;00019200000013477447;RS;MINISTÉRIO DA SAUDE;20/07/2026 06:09;22/07/2026 18:00;;ENTREGUE;7611;MultiModal;20/07/2026 13:03;20/07/2026 21:24;;17/07/2026 16:01;48;NÃO;FORA DE GRU;AGENTE;AGENTE - ROBERTA ALESSANDRA BARCELOS DA SILVA;TRANSPORTE;EM ROTA -TERCEIROS;PENDENTE RECEBIMENTO;TRANSPORTE · EM ROTA -TERCEIROS · PENDENTE RECEBIMENTO;A2626;03/08/2026 14:50;;Datalogger enviado para agente GMB TRANSPORTES E LOGISTICA LTDA pelo serviço de integração do ESL.;ACIONAR AGENTE/RESPONSÁVEL
561475;A7503;ARES;00019200000013475886;RS;MINISTÉRIO DA SAUDE;20/07/2026 06:09;22/07/2026 17:00;;ENTREGUE;7611;MultiModal;20/07/2026 13:03;20/07/2026 21:24;;17/07/2026 12:18;48;NÃO;FORA DE GRU;AGENTE;AGENTE - EDINALDO PINTO CASSIMIRO;TRANSPORTE;EM ROTA -TERCEIROS;PENDENTE RECEBIMENTO;TRANSPORTE · EM ROTA -TERCEIROS · PENDENTE RECEBIMENTO;A7503;03/08/2026 14:50;;Datalogger enviado para agente GMB TRANSPORTES E LOGISTICA LTDA pelo serviço de integração do ESL.;ACIONAR AGENTE/RESPONSÁVEL
561479;A9193;ARES;00019200000013475894;RS;MINISTÉRIO DA SAUDE;20/07/2026 06:09;22/07/2026 17:00;;ENTREGUE;7611;MultiModal;20/07/2026 13:03;20/07/2026 21:24;;18/07/2026 12:34;48;NÃO;FORA DE GRU;AGENTE;AGENTE - JOSE AIRTON LOURENCO DE OLIVEIRA JUNIOR;TRANSPORTE;EM ROTA -TERCEIROS;PENDENTE RECEBIMENTO;TRANSPORTE · EM ROTA -TERCEIROS · PENDENTE RECEBIMENTO;A9193;03/08/2026 14:50;;Datalogger enviado para agente GMB TRANSPORTES E LOGISTICA LTDA pelo serviço de integração do ESL.;ACIONAR AGENTE/RESPONSÁVEL
561481;TA0828;ARES;00019200000013475860;RS;MINISTÉRIO DA SAUDE;20/07/2026 06:08;22/07/2026 17:00;;ENTREGUE;7611;MultiModal;20/07/2026 13:03;20/07/2026 21:24;;18/07/2026 10:14;48;NÃO;FORA DE GRU;AGENTE;AGENTE - MARCOS ROBERTO CAVALLI;TRANSPORTE;EM ROTA -TERCEIROS;PENDENTE RECEBIMENTO;TRANSPORTE · EM ROTA -TERCEIROS · PENDENTE RECEBIMENTO;TA0828;03/08/2026 14:50;;Datalogger enviado para agente GMB TRANSPORTES E LOGISTICA LTDA pelo serviço de integração do ESL.;ACIONAR AGENTE/RESPONSÁVEL
561478;TA0573;ARES;00019200000013475851;RS;MINISTÉRIO DA SAUDE;20/07/2026 06:08;22/07/2026 14:01;;ENTREGUE;7611;MultiModal;20/07/2026 13:03;20/07/2026 21:24;;18/07/2026 10:36;48;NÃO;FORA DE GRU;AGENTE;AGENTE - PATRICK KAUE RIBEIRO SOARES;TRANSPORTE;EM ROTA -TERCEIROS;PENDENTE RECEBIMENTO;TRANSPORTE · EM ROTA -TERCEIROS · PENDENTE RECEBIMENTO;TA0573;03/08/2026 14:50;;Datalogger enviado para agente GMB TRANSPORTES E LOGISTICA LTDA pelo serviço de integração do ESL.;ACIONAR AGENTE/RESPONSÁVEL
561684;A5930;ARES;00019200000013467166;AL;MINISTÉRIO DA SAUDE;21/07/2026 04:14;22/07/2026 14:00;;ENTREGUE;7631;MultiModal;21/07/2026 15:09;22/07/2026 00:58;;22/07/2026 09:21;48;NÃO;FORA DE GRU;AGENTE;AGENTE - JOSE AIRTON LOURENCO DE OLIVEIRA JUNIOR;TRANSPORTE;EM ROTA -TERCEIROS;PENDENTE RECEBIMENTO;TRANSPORTE · EM ROTA -TERCEIROS · PENDENTE RECEBIMENTO;A5930;21/07/2026 10:42;;Datalogger enviado para agente MCZ EXPRESS SERVICE LTDA  pelo serviço de integração do ESL.;ACIONAR AGENTE/RESPONSÁVEL
561398;A1445;ARES;00019200000013594184;RS;MINISTÉRIO DA SAUDE;20/07/2026 06:09;22/07/2026 08:00;;ENTREGUE;7611;MultiModal;20/07/2026 13:03;20/07/2026 21:24;;17/07/2026 11:34;48;SIM;EM GRU;ESTOQUE - GRU;VTC - ANA PAULA OLIVEIRA DA SILVA;EM ESTOQUE;SALDO DE ESTOQUE;RECEBIDO;EM ESTOQUE · SALDO DE ESTOQUE · RECEBIDO;A1445;30/07/2026 09:40;;Datalogger restaurado para o estoque manualmente pelo usuário.;SINCRONIZAR EM GRU
558827;A5228;ARES;00019200000013442350;AC;MINISTÉRIO DA SAUDE;19/07/2026 23:46;21/07/2026 16:00;;ENTREGUE;7596;MultiModal;20/07/2026 01:58;21/07/2026 02:51;;21/07/2026 12:58;49;NÃO;FORA DE GRU;AGENTE;AGENTE - FERNANDA NATTALY DO NASCIMENTO RODRIGUES;TRANSPORTE;EM ROTA -TERCEIROS;PENDENTE RECEBIMENTO;TRANSPORTE · EM ROTA -TERCEIROS · PENDENTE RECEBIMENTO;A5228;20/07/2026 14:06;;Datalogger enviado para agente W S TRANSPORTES DE CARGAS E LOGISTICA LTDA pelo serviço de integração do ESL.;ACIONAR AGENTE/RESPONSÁVEL
560335;A6973;ARES;00019200000013442295;AC;MINISTÉRIO DA SAUDE;14/07/2026 22:52;21/07/2026 16:00;;ENTREGUE;7520;MultiModal;16/07/2026 21:46;17/07/2026 01:51;;14/07/2026 09:36;49;NÃO;FORA DE GRU;MANUTENÇÃO;VTC - VITOR SILVA CHIEREGAT;TERCEIROS;MANUTENÇÃO SINTREX;PENDENTE RECEBIMENTO;TERCEIROS · MANUTENÇÃO SINTREX · PENDENTE RECEBIMENTO;A6973;04/08/2026 14:10;;Datalogger restaurado para o estoque manualmente pelo usuário.;VALIDAR COM MANUTENÇÃO
556453;A9331;ARES;00019200000013472569;AC;MINISTÉRIO DA SAUDE;19/07/2026 23:47;21/07/2026 15:00;;ENTREGUE;7596;MultiModal;20/07/2026 01:58;21/07/2026 02:51;;21/07/2026 13:01;49;NÃO;FORA DE GRU;AGENTE;AGENTE - JOSE VENTURA;TRANSPORTE;EM ROTA -TERCEIROS;PENDENTE RECEBIMENTO;TRANSPORTE · EM ROTA -TERCEIROS · PENDENTE RECEBIMENTO;A9331;20/07/2026 07:54;;Datalogger enviado para agente W S TRANSPORTES DE CARGAS E LOGISTICA LTDA pelo serviço de integração do ESL.;ACIONAR AGENTE/RESPONSÁVEL
560734;A1634;ARES;00019200000013595326;MA;MINISTÉRIO DA SAUDE;20/07/2026 04:15;21/07/2026 15:00;;ENTREGUE;7603;MultiModal;20/07/2026 14:32;20/07/2026 18:29;;21/07/2026 13:04;49;NÃO;FORA DE GRU;MANUTENÇÃO;VTC - YASMIN SILVA TEIXEIRA;TERCEIROS;MANUTENÇÃO SINTREX;PENDENTE RECEBIMENTO;TERCEIROS · MANUTENÇÃO SINTREX · PENDENTE RECEBIMENTO;A1634;12/08/2026 10:40;;Datalogger restaurado para o estoque manualmente pelo usuário.;VALIDAR COM MANUTENÇÃO
560646;A8199;ARES;00019200000013474812;TO;MINISTÉRIO DA SAUDE;20/07/2026 04:21;21/07/2026 14:00;;ENTREGUE;7604;MultiModal;21/07/2026 00:03;21/07/2026 03:45;;21/07/2026 10:21;49;NÃO;FORA DE GRU;AGENTE;AGENTE - JOSE AIRTON LOURENCO DE OLIVEIRA JUNIOR;TRANSPORTE;EM ROTA -TERCEIROS;PENDENTE RECEBIMENTO;TRANSPORTE · EM ROTA -TERCEIROS · PENDENTE RECEBIMENTO;A8199;20/07/2026 10:10;;Datalogger enviado para agente MK BILLIG TRANSPORTE DE CARGAS E LOGISTICA LTDA pelo serviço de integração do ESL.;ACIONAR AGENTE/RESPONSÁVEL
560646;TA0365;ARES;00019200000013474820;TO;MINISTÉRIO DA SAUDE;20/07/2026 04:21;21/07/2026 14:00;;ENTREGUE;7604;MultiModal;21/07/2026 00:03;21/07/2026 03:45;;21/07/2026 10:20;49;NÃO;FORA DE GRU;AGENTE;AGENTE - RAIANA ASSIS DOS SANTOS;TRANSPORTE;EM ROTA -TERCEIROS;PENDENTE RECEBIMENTO;TRANSPORTE · EM ROTA -TERCEIROS · PENDENTE RECEBIMENTO;TA0365;20/07/2026 10:10;;Datalogger enviado para agente MK BILLIG TRANSPORTE DE CARGAS E LOGISTICA LTDA pelo serviço de integração do ESL.;ACIONAR AGENTE/RESPONSÁVEL
560646;A7003;ARES;00019200000013474839;TO;MINISTÉRIO DA SAUDE;20/07/2026 04:21;21/07/2026 14:00;;ENTREGUE;7604;MultiModal;21/07/2026 00:03;21/07/2026 03:45;;21/07/2026 10:20;49;NÃO;FORA DE GRU;AGENTE;AGENTE - RAIANA ASSIS DOS SANTOS;TRANSPORTE;EM ROTA -TERCEIROS;PENDENTE RECEBIMENTO;TRANSPORTE · EM ROTA -TERCEIROS · PENDENTE RECEBIMENTO;A7003;20/07/2026 10:10;;Datalogger enviado para agente MK BILLIG TRANSPORTE DE CARGAS E LOGISTICA LTDA pelo serviço de integração do ESL.;ACIONAR AGENTE/RESPONSÁVEL
560646;A6541;ARES;00019200000013474863;TO;MINISTÉRIO DA SAUDE;20/07/2026 04:21;21/07/2026 14:00;;ENTREGUE;7604;MultiModal;21/07/2026 00:03;21/07/2026 03:45;;21/07/2026 10:20;49;NÃO;FORA DE GRU;AGENTE;AGENTE - EDINALDO PINTO CASSIMIRO;TRANSPORTE;EM ROTA -TERCEIROS;PENDENTE RECEBIMENTO;TRANSPORTE · EM ROTA -TERCEIROS · PENDENTE RECEBIMENTO;A6541;20/07/2026 10:10;;Datalogger enviado para agente MK BILLIG TRANSPORTE DE CARGAS E LOGISTICA LTDA pelo serviço de integração do ESL.;ACIONAR AGENTE/RESPONSÁVEL
560690;A2665;ARES;00019200000013477757;CE;MINISTÉRIO DA SAUDE;19/07/2026 23:42;21/07/2026 14:00;;ENTREGUE;7595;MultiModal;21/07/2026 08:28;22/07/2026 02:37;;18/07/2026 11:15;49;NÃO;FORA DE GRU;AGENTE;AGENTE - JOSE AIRTON LOURENCO DE OLIVEIRA JUNIOR;TRANSPORTE;EM ROTA -TERCEIROS;PENDENTE RECEBIMENTO;TRANSPORTE · EM ROTA -TERCEIROS · PENDENTE RECEBIMENTO;A2665;20/07/2026 10:01;;Datalogger enviado para agente NT TRANSPORTE LTDA pelo serviço de integração do ESL.;ACIONAR AGENTE/RESPONSÁVEL
560690;TA0448;ARES;00019200000013477811;CE;MINISTÉRIO DA SAUDE;19/07/2026 23:42;21/07/2026 14:00;;ENTREGUE;7633;MultiModal;21/07/2026 08:28;22/07/2026 02:37;;20/07/2026 10:04;49;NÃO;FORA DE GRU;AGENTE;AGENTE - CHARLE BRASIL SILVERIO;TRANSPORTE;EM ROTA -TERCEIROS;PENDENTE RECEBIMENTO;TRANSPORTE · EM ROTA -TERCEIROS · PENDENTE RECEBIMENTO;TA0448;21/07/2026 02:09;;Datalogger enviado para agente NT TRANSPORTE LTDA pelo serviço de integração do ESL.;ACIONAR AGENTE/RESPONSÁVEL
560690;A4882;ARES;00019200000013477820;CE;MINISTÉRIO DA SAUDE;19/07/2026 23:42;21/07/2026 14:00;;ENTREGUE;7633;MultiModal;21/07/2026 08:28;22/07/2026 02:37;;20/07/2026 10:45;49;NÃO;FORA DE GRU;AGENTE;AGENTE - PATRICK KAUE RIBEIRO SOARES;TRANSPORTE;EM ROTA -TERCEIROS;PENDENTE RECEBIMENTO;TRANSPORTE · EM ROTA -TERCEIROS · PENDENTE RECEBIMENTO;A4882;21/07/2026 02:17;;Datalogger enviado para agente NT TRANSPORTE LTDA pelo serviço de integração do ESL.;ACIONAR AGENTE/RESPONSÁVEL
560690;A1495;ARES;00019200000013477838;CE;MINISTÉRIO DA SAUDE;19/07/2026 23:42;21/07/2026 14:00;;ENTREGUE;7633;MultiModal;21/07/2026 08:28;22/07/2026 02:37;;20/07/2026 15:04;49;NÃO;FORA DE GRU;AGENTE;AGENTE - JOSE AIRTON LOURENCO DE OLIVEIRA JUNIOR;TRANSPORTE;EM ROTA -TERCEIROS;PENDENTE RECEBIMENTO;TRANSPORTE · EM ROTA -TERCEIROS · PENDENTE RECEBIMENTO;A1495;21/07/2026 02:17;;Datalogger enviado para agente NT TRANSPORTE LTDA pelo serviço de integração do ESL.;ACIONAR AGENTE/RESPONSÁVEL
560690;A6755;ARES;00019200000013477897;CE;MINISTÉRIO DA SAUDE;19/07/2026 23:42;21/07/2026 14:00;;ENTREGUE;7633;MultiModal;21/07/2026 08:28;22/07/2026 02:37;;20/07/2026 16:24;49;NÃO;FORA DE GRU;AGENTE;AGENTE - JOSE AIRTON LOURENCO DE OLIVEIRA JUNIOR;TRANSPORTE;EM ROTA -TERCEIROS;PENDENTE RECEBIMENTO;TRANSPORTE · EM ROTA -TERCEIROS · PENDENTE RECEBIMENTO;A6755;21/07/2026 02:09;;Datalogger enviado para agente NT TRANSPORTE LTDA pelo serviço de integração do ESL.;ACIONAR AGENTE/RESPONSÁVEL
560690;A8908;ARES;00019200000013477900;CE;MINISTÉRIO DA SAUDE;19/07/2026 23:42;21/07/2026 14:00;;ENTREGUE;7595;MultiModal;21/07/2026 08:28;22/07/2026 02:37;;17/07/2026 16:02;49;NÃO;FORA DE GRU;AGENTE;SYS - Usuário sistema;TRANSPORTE;EM ROTA -TERCEIROS;PENDENTE RECEBIMENTO;TRANSPORTE · EM ROTA -TERCEIROS · PENDENTE RECEBIMENTO;A8908;20/07/2026 10:01;;Datalogger enviado para agente NT TRANSPORTE LTDA pelo serviço de integração do ESL.;ACIONAR AGENTE/RESPONSÁVEL
560690;A1674;ARES;00019200000013477935;CE;MINISTÉRIO DA SAUDE;19/07/2026 23:42;21/07/2026 14:00;;ENTREGUE;7595;MultiModal;21/07/2026 08:28;22/07/2026 02:37;;17/07/2026 09:51;49;NÃO;FORA DE GRU;AGENTE;AGENTE - NICOLLE CHRISTIE CAMPOS MAGALHÃES;TRANSPORTE;EM ROTA -TERCEIROS;PENDENTE RECEBIMENTO;TRANSPORTE · EM ROTA -TERCEIROS · PENDENTE RECEBIMENTO;A1674;20/07/2026 10:01;;Datalogger enviado para agente NT TRANSPORTE LTDA pelo serviço de integração do ESL.;ACIONAR AGENTE/RESPONSÁVEL
560690;A1070;ARES;00019200000013477943;CE;MINISTÉRIO DA SAUDE;19/07/2026 23:42;21/07/2026 14:00;;ENTREGUE;7595;MultiModal;21/07/2026 08:28;22/07/2026 02:37;;18/07/2026 12:34;49;NÃO;FORA DE GRU;AGENTE;AGENTE - JOSE AIRTON LOURENCO DE OLIVEIRA JUNIOR;TRANSPORTE;EM ROTA -TERCEIROS;RECEBIDO;TRANSPORTE · EM ROTA -TERCEIROS · RECEBIDO;A1070;07/08/2026 11:33;;Datalogger recebido pelo agente com sucesso.;ACIONAR AGENTE/RESPONSÁVEL
560690;A3992;ARES;00019200000013477960;CE;MINISTÉRIO DA SAUDE;19/07/2026 23:42;21/07/2026 14:00;;ENTREGUE;7595;MultiModal;21/07/2026 08:28;22/07/2026 02:37;;18/07/2026 10:35;49;NÃO;FORA DE GRU;AGENTE;AGENTE - FERNANDA NATTALY DO NASCIMENTO RODRIGUES;TRANSPORTE;EM ROTA -TERCEIROS;PENDENTE RECEBIMENTO;TRANSPORTE · EM ROTA -TERCEIROS · PENDENTE RECEBIMENTO;A3992;20/07/2026 10:01;;Datalogger enviado para agente NT TRANSPORTE LTDA pelo serviço de integração do ESL.;ACIONAR AGENTE/RESPONSÁVEL
560690;A6925;ARES;00019200000013477978;CE;MINISTÉRIO DA SAUDE;19/07/2026 23:42;21/07/2026 14:00;;ENTREGUE;7633;MultiModal;21/07/2026 08:28;22/07/2026 02:37;;20/07/2026 17:01;49;NÃO;FORA DE GRU;AGENTE;AGENTE - JOSE AIRTON LOURENCO DE OLIVEIRA JUNIOR;TRANSPORTE;EM ROTA -TERCEIROS;PENDENTE RECEBIMENTO;TRANSPORTE · EM ROTA -TERCEIROS · PENDENTE RECEBIMENTO;A6925;21/07/2026 02:17;;Datalogger enviado para agente NT TRANSPORTE LTDA pelo serviço de integração do ESL.;ACIONAR AGENTE/RESPONSÁVEL
560690;A4937;ARES;00019200000013478028;CE;MINISTÉRIO DA SAUDE;19/07/2026 23:42;21/07/2026 14:00;;ENTREGUE;7633;MultiModal;21/07/2026 08:28;22/07/2026 02:37;;20/07/2026 15:03;49;NÃO;FORA DE GRU;AGENTE;AGENTE - JOSE AIRTON LOURENCO DE OLIVEIRA JUNIOR;TRANSPORTE;EM ROTA -TERCEIROS;PENDENTE RECEBIMENTO;TRANSPORTE · EM ROTA -TERCEIROS · PENDENTE RECEBIMENTO;A4937;21/07/2026 02:09;;Datalogger enviado para agente NT TRANSPORTE LTDA pelo serviço de integração do ESL.;ACIONAR AGENTE/RESPONSÁVEL
560690;A1866;ARES;00019200000013478036;CE;MINISTÉRIO DA SAUDE;19/07/2026 23:42;21/07/2026 14:00;;ENTREGUE;7633;MultiModal;21/07/2026 08:28;22/07/2026 02:37;;20/07/2026 10:05;49;NÃO;FORA DE GRU;AGENTE;SYS - Usuário sistema;TRANSPORTE;EM ROTA -TERCEIROS;PENDENTE RECEBIMENTO;TRANSPORTE · EM ROTA -TERCEIROS · PENDENTE RECEBIMENTO;A1866;21/07/2026 02:09;;Datalogger enviado para agente NT TRANSPORTE LTDA pelo serviço de integração do ESL.;ACIONAR AGENTE/RESPONSÁVEL
560690;A5671;ARES;00019200000013478044;CE;MINISTÉRIO DA SAUDE;19/07/2026 23:42;21/07/2026 14:00;;ENTREGUE;7633;MultiModal;21/07/2026 08:28;22/07/2026 02:37;;20/07/2026 16:38;49;NÃO;FORA DE GRU;AGENTE;AGENTE - JOSE AIRTON LOURENCO DE OLIVEIRA JUNIOR;TRANSPORTE;EM ROTA -TERCEIROS;PENDENTE RECEBIMENTO;TRANSPORTE · EM ROTA -TERCEIROS · PENDENTE RECEBIMENTO;A5671;21/07/2026 02:08;;Datalogger enviado para agente NT TRANSPORTE LTDA pelo serviço de integração do ESL.;ACIONAR AGENTE/RESPONSÁVEL
560690;A5828;ARES;00019200000013478052;CE;MINISTÉRIO DA SAUDE;19/07/2026 23:42;21/07/2026 14:00;;ENTREGUE;7633;MultiModal;21/07/2026 08:28;22/07/2026 02:37;;20/07/2026 15:35;49;NÃO;FORA DE GRU;AGENTE;AGENTE - IARA HOLANDA NOZOR TELES;TRANSPORTE;EM TRÂNSITO;PENDENTE RECEBIMENTO;TRANSPORTE · EM TRÂNSITO · PENDENTE RECEBIMENTO;A5828;08/09/2026 14:35;17486;Datalogger enviado para devolução pelo agente.;ACIONAR AGENTE/RESPONSÁVEL
560690;A1915;ARES;00019200000013478060;CE;MINISTÉRIO DA SAUDE;19/07/2026 23:42;21/07/2026 14:00;;ENTREGUE;7633;MultiModal;21/07/2026 08:28;22/07/2026 02:37;;20/07/2026 10:44;49;NÃO;FORA DE GRU;AGENTE;AGENTE - EDINALDO PINTO CASSIMIRO;TRANSPORTE;EM ROTA -TERCEIROS;PENDENTE RECEBIMENTO;TRANSPORTE · EM ROTA -TERCEIROS · PENDENTE RECEBIMENTO;A1915;21/07/2026 02:09;;Datalogger enviado para agente NT TRANSPORTE LTDA pelo serviço de integração do ESL.;ACIONAR AGENTE/RESPONSÁVEL
560690;A6608;ARES;00019200000013478095;CE;MINISTÉRIO DA SAUDE;19/07/2026 23:42;21/07/2026 14:00;;ENTREGUE;7633;MultiModal;21/07/2026 08:28;22/07/2026 02:37;;20/07/2026 12:42;49;NÃO;FORA DE GRU;AGENTE;AGENTE - MARCOS ROBERTO CAVALLI;TRANSPORTE;EM ROTA -TERCEIROS;PENDENTE RECEBIMENTO;TRANSPORTE · EM ROTA -TERCEIROS · PENDENTE RECEBIMENTO;A6608;21/07/2026 02:09;;Datalogger enviado para agente NT TRANSPORTE LTDA pelo serviço de integração do ESL.;ACIONAR AGENTE/RESPONSÁVEL
560690;A5975;ARES;00019200000013478109;CE;MINISTÉRIO DA SAUDE;19/07/2026 23:42;21/07/2026 14:00;;ENTREGUE;7633;MultiModal;21/07/2026 08:28;22/07/2026 02:37;;20/07/2026 16:24;49;NÃO;FORA DE GRU;AGENTE;AGENTE - EDINALDO PINTO CASSIMIRO;TRANSPORTE;EM ROTA -TERCEIROS;PENDENTE RECEBIMENTO;TRANSPORTE · EM ROTA -TERCEIROS · PENDENTE RECEBIMENTO;A5975;21/07/2026 02:09;;Datalogger enviado para agente NT TRANSPORTE LTDA pelo serviço de integração do ESL.;ACIONAR AGENTE/RESPONSÁVEL
560690;A9414;ARES;00019200000013478117;CE;MINISTÉRIO DA SAUDE;19/07/2026 23:42;21/07/2026 14:00;;ENTREGUE;7633;MultiModal;21/07/2026 08:28;22/07/2026 02:37;;20/07/2026 16:26;49;NÃO;FORA DE GRU;AGENTE;AGENTE - VIVIAN SOARES PINTO SILVA;TRANSPORTE;EM ROTA -TERCEIROS;PENDENTE RECEBIMENTO;TRANSPORTE · EM ROTA -TERCEIROS · PENDENTE RECEBIMENTO;A9414;13/08/2026 13:45;;Datalogger enviado para agente NT TRANSPORTE LTDA pelo serviço de integração do ESL.;ACIONAR AGENTE/RESPONSÁVEL
560786;A8745;ARES;00019200000013480014;PI;MINISTÉRIO DA SAUDE;20/07/2026 00:15;21/07/2026 11:00;;ENTREGUE;7596;MultiModal;20/07/2026 14:42;20/07/2026 18:40;;17/07/2026 09:12;49;NÃO;FORA DE GRU;AGENTE;AGENTE - RAIANA ASSIS DOS SANTOS;TRANSPORTE;EM ROTA -TERCEIROS;PENDENTE RECEBIMENTO;TRANSPORTE · EM ROTA -TERCEIROS · PENDENTE RECEBIMENTO;A8745;20/07/2026 13:01;;Datalogger enviado para agente TRANSPRESS AIR CARGO LTDA pelo serviço de integração do ESL.;ACIONAR AGENTE/RESPONSÁVEL
558494;A5277;ARES;00019200000013486462;AC;MINISTÉRIO DA SAUDE;13/07/2026 23:14;20/07/2026 18:00;;ENTREGUE;7486;MultiModal;16/07/2026 21:46;17/07/2026 01:51;;20/07/2026 13:27;50;NÃO;FORA DE GRU;MANUTENÇÃO;VTC - VITOR SILVA CHIEREGAT;TERCEIROS;MANUTENÇÃO SINTREX;PENDENTE RECEBIMENTO;TERCEIROS · MANUTENÇÃO SINTREX · PENDENTE RECEBIMENTO;A5277;04/08/2026 14:10;;Datalogger restaurado para o estoque manualmente pelo usuário.;VALIDAR COM MANUTENÇÃO
558494;A0576;ARES;00019200000013486624;AC;MINISTÉRIO DA SAUDE;13/07/2026 23:14;20/07/2026 18:00;;ENTREGUE;7520;MultiModal;16/07/2026 21:46;17/07/2026 01:51;;20/07/2026 12:07;50;NÃO;FORA DE GRU;MANUTENÇÃO;VTC - VITOR SILVA CHIEREGAT;TERCEIROS;MANUTENÇÃO SINTREX;PENDENTE RECEBIMENTO;TERCEIROS · MANUTENÇÃO SINTREX · PENDENTE RECEBIMENTO;A0576;04/08/2026 14:10;;Datalogger restaurado para o estoque manualmente pelo usuário.;VALIDAR COM MANUTENÇÃO
560694;A2177;ARES;00019200000013476610;CE;MINISTÉRIO DA SAUDE;19/07/2026 02:09;20/07/2026 11:55;;ENTREGUE;7586;MultiModal;19/07/2026 16:01;20/07/2026 01:24;;17/07/2026 16:28;50;NÃO;FORA DE GRU;AGENTE;AGENTE - PATRICK KAUE RIBEIRO SOARES;TRANSPORTE;EM ROTA -TERCEIROS;PENDENTE RECEBIMENTO;TRANSPORTE · EM ROTA -TERCEIROS · PENDENTE RECEBIMENTO;A2177;19/07/2026 08:04;;Datalogger enviado para agente NT TRANSPORTE LTDA pelo serviço de integração do ESL.;ACIONAR AGENTE/RESPONSÁVEL
560694;A6380;ARES;00019200000013477099;CE;MINISTÉRIO DA SAUDE;19/07/2026 02:09;20/07/2026 11:55;;ENTREGUE;7586;MultiModal;19/07/2026 16:01;20/07/2026 01:24;;17/07/2026 12:54;50;NÃO;FORA DE GRU;AGENTE;AGENTE - EDINALDO PINTO CASSIMIRO;TRANSPORTE;EM ROTA -TERCEIROS;PENDENTE RECEBIMENTO;TRANSPORTE · EM ROTA -TERCEIROS · PENDENTE RECEBIMENTO;A6380;19/07/2026 08:04;;Datalogger enviado para agente NT TRANSPORTE LTDA pelo serviço de integração do ESL.;ACIONAR AGENTE/RESPONSÁVEL
560694;A5107;ARES;00019200000013477102;CE;MINISTÉRIO DA SAUDE;19/07/2026 02:09;20/07/2026 11:55;;ENTREGUE;7586;MultiModal;19/07/2026 16:01;20/07/2026 01:24;;17/07/2026 16:29;50;NÃO;FORA DE GRU;AGENTE;AGENTE - ROSANA HONORATO DA SILVA;TRANSPORTE;EM ROTA -TERCEIROS;PENDENTE RECEBIMENTO;TRANSPORTE · EM ROTA -TERCEIROS · PENDENTE RECEBIMENTO;A5107;19/07/2026 08:04;;Datalogger enviado para agente NT TRANSPORTE LTDA pelo serviço de integração do ESL.;ACIONAR AGENTE/RESPONSÁVEL
560694;A6127;ARES;00019200000013477200;CE;MINISTÉRIO DA SAUDE;19/07/2026 02:09;20/07/2026 11:55;;ENTREGUE;7586;MultiModal;19/07/2026 16:01;20/07/2026 01:24;;17/07/2026 14:19;50;NÃO;FORA DE GRU;AGENTE;AGENTE - MOACIR ALBUQUERQUE DE LIMA;TRANSPORTE;EM ROTA -TERCEIROS;PENDENTE RECEBIMENTO;TRANSPORTE · EM ROTA -TERCEIROS · PENDENTE RECEBIMENTO;A6127;19/07/2026 08:04;;Datalogger enviado para agente NT TRANSPORTE LTDA pelo serviço de integração do ESL.;ACIONAR AGENTE/RESPONSÁVEL
560694;A4333;ARES;00019200000013478346;CE;MINISTÉRIO DA SAUDE;19/07/2026 02:09;20/07/2026 11:55;;ENTREGUE;7586;MultiModal;19/07/2026 16:01;20/07/2026 01:24;;17/07/2026 11:38;50;NÃO;FORA DE GRU;AGENTE;AGENTE - RAIANA ASSIS DOS SANTOS;TRANSPORTE;EM ROTA -TERCEIROS;PENDENTE RECEBIMENTO;TRANSPORTE · EM ROTA -TERCEIROS · PENDENTE RECEBIMENTO;A4333;19/07/2026 08:04;;Datalogger enviado para agente NT TRANSPORTE LTDA pelo serviço de integração do ESL.;ACIONAR AGENTE/RESPONSÁVEL
561577;A8963;ARES;00019200000013471767;SP;MINISTÉRIO DA SAUDE;20/07/2026 03:48;20/07/2026 10:03;;ENTREGUE;7605;Rodoviário;20/07/2026 03:48;20/07/2026 10:03;;17/07/2026 12:26;50;NÃO;FORA DE GRU;AGENTE;AGENTE - EDINALDO PINTO CASSIMIRO;TRANSPORTE;EM ROTA -TERCEIROS;PENDENTE RECEBIMENTO;TRANSPORTE · EM ROTA -TERCEIROS · PENDENTE RECEBIMENTO;A8963;20/07/2026 06:54;;Datalogger enviado para agente VTC OPERADORA LOGISTICA LTDA pelo serviço de integração do ESL.;ACIONAR AGENTE/RESPONSÁVEL
560727;A9084;ARES;00019200000013454358;PI;MINISTÉRIO DA SAUDE;15/07/2026 22:32;17/07/2026 19:13;;ENTREGUE;7546;MultiModal;16/07/2026 16:00;16/07/2026 20:05;;14/07/2026 17:13;52;NÃO;FORA DE GRU;AGENTE;AGENTE - MARCUS VINICIUS DO NASCIMENTO ALCANTARA;TRANSPORTE;EM ROTA -TERCEIROS;PENDENTE RECEBIMENTO;TRANSPORTE · EM ROTA -TERCEIROS · PENDENTE RECEBIMENTO;A9084;16/07/2026 08:06;;Datalogger enviado para agente TRANSPRESS AIR CARGO LTDA pelo serviço de integração do ESL.;ACIONAR AGENTE/RESPONSÁVEL
560351;A7744;ARES;00019200000013440772;PE;MINISTÉRIO DA SAUDE;16/07/2026 04:17;17/07/2026 17:03;17/07/2026 16:03;RECEBIDO NO CLIENTE;7561;MultiModal;24/07/2026 07:53;24/07/2026 01:39;;15/07/2026 08:52;53;NÃO;FORA DE GRU;MANUTENÇÃO;VTC - YASMIN SILVA TEIXEIRA;TERCEIROS;MANUTENÇÃO SINTREX;PENDENTE RECEBIMENTO;TERCEIROS · MANUTENÇÃO SINTREX · PENDENTE RECEBIMENTO;A7744;04/08/2026 16:24;;Datalogger restaurado para o estoque manualmente pelo usuário.;VALIDAR COM MANUTENÇÃO
560351;A4499;ARES;00019200000013440810;PE;MINISTÉRIO DA SAUDE;16/07/2026 04:17;17/07/2026 17:03;17/07/2026 16:03;RECEBIDO NO CLIENTE;7561;MultiModal;24/07/2026 07:53;24/07/2026 01:39;;15/07/2026 22:04;53;NÃO;FORA DE GRU;MANUTENÇÃO;VTC - YASMIN SILVA TEIXEIRA;TERCEIROS;MANUTENÇÃO SINTREX;PENDENTE RECEBIMENTO;TERCEIROS · MANUTENÇÃO SINTREX · PENDENTE RECEBIMENTO;A4499;04/08/2026 16:25;;Datalogger restaurado para o estoque manualmente pelo usuário.;VALIDAR COM MANUTENÇÃO
560634;A3692;ARES;00019200000013478699;AL;MINISTÉRIO DA SAUDE;16/07/2026 03:29;17/07/2026 14:30;;ENTREGUE;7556;MultiModal;16/07/2026 09:37;17/07/2026 14:30;;17/07/2026 12:27;53;NÃO;FORA DE GRU;AGENTE;AGENTE - MARCUS VINICIUS DO NASCIMENTO ALCANTARA;TRANSPORTE;EM ROTA -TERCEIROS;PENDENTE RECEBIMENTO;TRANSPORTE · EM ROTA -TERCEIROS · PENDENTE RECEBIMENTO;A3692;16/07/2026 09:33;;Datalogger enviado para agente MCZ EXPRESS SERVICE LTDA  pelo serviço de integração do ESL.;ACIONAR AGENTE/RESPONSÁVEL
560540;AS-0380;ARES COM SONDA;00019200000013440225;MG;MINISTÉRIO DA SAUDE;15/07/2026 23:23;17/07/2026 13:11;17/07/2026 13:07;RECEBIDO NO CLIENTE;7541;MultiModal;17/07/2026 11:19;16/07/2026 16:12;;17/07/2026 11:48;53;NÃO;FORA DE GRU;MANUTENÇÃO;VTC - ANA PAULA OLIVEIRA DA SILVA;TERCEIROS;MANUTENÇÃO SINTREX;PENDENTE RECEBIMENTO;TERCEIROS · MANUTENÇÃO SINTREX · PENDENTE RECEBIMENTO;AS-0380;23/07/2026 08:45;;Datalogger restaurado para o estoque manualmente pelo usuário.;VALIDAR COM MANUTENÇÃO
560713;A5068;ARES;00019200000013478672;MA;MINISTÉRIO DA SAUDE;16/07/2026 00:11;17/07/2026 10:00;;ENTREGUE;7550;MultiModal;16/07/2026 23:37;17/07/2026 05:18;;15/07/2026 08:51;53;NÃO;FORA DE GRU;AGENTE;AGENTE - MARCUS VINICIUS DO NASCIMENTO ALCANTARA;TRANSPORTE;EM ROTA -TERCEIROS;PENDENTE RECEBIMENTO;TRANSPORTE · EM ROTA -TERCEIROS · PENDENTE RECEBIMENTO;A5068;16/07/2026 07:56;;Datalogger enviado para agente P ROOSEVELT DOS REIS CAVALCANTE LTDA  pelo serviço de integração do ESL.;ACIONAR AGENTE/RESPONSÁVEL
560993;TA0729;ARES;00019200000013480790;SC;MINISTÉRIO DA SAUDE;15/07/2026 04:11;16/07/2026 15:59;;ENTREGUE;7530;MultiModal;15/07/2026 13:42;15/07/2026 19:39;;14/07/2026 11:05;54;NÃO;FORA DE GRU;AGENTE;AGENTE - JOSE AIRTON LOURENCO DE OLIVEIRA JUNIOR;TRANSPORTE;EM ROTA -TERCEIROS;PENDENTE RECEBIMENTO;TRANSPORTE · EM ROTA -TERCEIROS · PENDENTE RECEBIMENTO;TA0729;15/07/2026 08:20;;Datalogger enviado para agente TGEX TRANSPORTES E LOCACAO DE VEICULOS LTDA pelo serviço de integração do ESL.;ACIONAR AGENTE/RESPONSÁVEL
560359;A6228;ARES;00019200000013449338;RS;MINISTÉRIO DA SAUDE;14/07/2026 09:16;16/07/2026 11:25;;ENTREGUE;7518;Rodoviário;14/07/2026 09:16;16/07/2026 11:25;;13/07/2026 08:59;54;NÃO;FORA DE GRU;AGENTE;AGENTE - HUMBERTO DA SILVA FERREIRA;TRANSPORTE;EM ROTA -TERCEIROS;PENDENTE RECEBIMENTO;TRANSPORTE · EM ROTA -TERCEIROS · PENDENTE RECEBIMENTO;A6228;14/07/2026 12:20;;Datalogger enviado para agente VTC OPERADORA LOGISTICA LTDA pelo serviço de integração do ESL.;ACIONAR AGENTE/RESPONSÁVEL
560359;A6763;ARES;00019200000013449605;RS;MINISTÉRIO DA SAUDE;14/07/2026 09:16;16/07/2026 11:25;;ENTREGUE;7518;Rodoviário;14/07/2026 09:16;16/07/2026 11:25;;13/07/2026 12:21;54;NÃO;FORA DE GRU;AGENTE;AGENTE - JOSE AIRTON LOURENCO DE OLIVEIRA JUNIOR;TRANSPORTE;EM ROTA -TERCEIROS;PENDENTE RECEBIMENTO;TRANSPORTE · EM ROTA -TERCEIROS · PENDENTE RECEBIMENTO;A6763;14/07/2026 12:20;;Datalogger enviado para agente VTC OPERADORA LOGISTICA LTDA pelo serviço de integração do ESL.;ACIONAR AGENTE/RESPONSÁVEL
560359;A7033;ARES;00019200000013450034;RS;MINISTÉRIO DA SAUDE;14/07/2026 09:16;16/07/2026 11:25;;ENTREGUE;7518;Rodoviário;14/07/2026 09:16;16/07/2026 11:25;;13/07/2026 14:57;54;NÃO;FORA DE GRU;AGENTE;AGENTE - ROBERTA ALESSANDRA BARCELOS DA SILVA;TRANSPORTE;EM ROTA -TERCEIROS;PENDENTE RECEBIMENTO;TRANSPORTE · EM ROTA -TERCEIROS · PENDENTE RECEBIMENTO;A7033;14/07/2026 12:20;;Datalogger enviado para agente VTC OPERADORA LOGISTICA LTDA pelo serviço de integração do ESL.;ACIONAR AGENTE/RESPONSÁVEL
559963;TA0829;ARES;00019200000013493256;PE;MINISTÉRIO DA SAUDE;14/07/2026 03:29;15/07/2026 14:31;;ENTREGUE;7527;MultiModal;15/07/2026 20:00;16/07/2026 00:39;;14/07/2026 10:38;55;NÃO;FORA DE GRU;MANUTENÇÃO;VTC - KRISLAYNE RIBEIRO DA SILVA CARVALHO;TERCEIROS;MANUTENÇÃO SINTREX;PENDENTE RECEBIMENTO;TERCEIROS · MANUTENÇÃO SINTREX · PENDENTE RECEBIMENTO;TA0829;31/07/2026 10:36;;Datalogger restaurado para o estoque manualmente pelo usuário.;VALIDAR COM MANUTENÇÃO
559963;A5904;ARES;00019200000013493400;PE;MINISTÉRIO DA SAUDE;14/07/2026 03:29;15/07/2026 14:31;;ENTREGUE;7500;MultiModal;15/07/2026 20:00;16/07/2026 00:39;;15/07/2026 12:20;55;NÃO;FORA DE GRU;AGENTE;AGENTE - MARCOS ROBERTO CAVALLI;TRANSPORTE;EM ROTA -TERCEIROS;PENDENTE RECEBIMENTO;TRANSPORTE · EM ROTA -TERCEIROS · PENDENTE RECEBIMENTO;A5904;14/07/2026 06:06;;Datalogger enviado para agente VTCLOG RECIFE pelo serviço de integração do ESL.;ACIONAR AGENTE/RESPONSÁVEL
559947;A3809;ARES;00019200000013412736;AL;MINISTÉRIO DA SAUDE;13/07/2026 01:43;15/07/2026 14:23;;ENTREGUE;7467;MultiModal;13/07/2026 07:59;13/07/2026 19:22;;10/07/2026 16:30;55;NÃO;FORA DE GRU;AGENTE;AGENTE - PATRICK KAUE RIBEIRO SOARES;TRANSPORTE;EM ROTA -TERCEIROS;PENDENTE RECEBIMENTO;TRANSPORTE · EM ROTA -TERCEIROS · PENDENTE RECEBIMENTO;A3809;13/07/2026 07:44;;Datalogger enviado para agente MCZ EXPRESS SERVICE LTDA  pelo serviço de integração do ESL.;ACIONAR AGENTE/RESPONSÁVEL
559947;A3208;ARES;00019200000013412809;AL;MINISTÉRIO DA SAUDE;13/07/2026 01:43;15/07/2026 14:23;;ENTREGUE;7467;MultiModal;13/07/2026 07:59;13/07/2026 19:22;;15/07/2026 09:22;55;NÃO;FORA DE GRU;MANUTENÇÃO;VTC - YASMIN SILVA TEIXEIRA;TERCEIROS;MANUTENÇÃO SINTREX;PENDENTE RECEBIMENTO;TERCEIROS · MANUTENÇÃO SINTREX · PENDENTE RECEBIMENTO;A3208;22/07/2026 11:39;;Datalogger restaurado para o estoque manualmente pelo usuário.;VALIDAR COM MANUTENÇÃO
559947;A4464;ARES;00019200000013413066;AL;MINISTÉRIO DA SAUDE;13/07/2026 01:43;15/07/2026 14:23;;ENTREGUE;7462;MultiModal;13/07/2026 07:59;13/07/2026 19:22;;15/07/2026 09:22;55;NÃO;FORA DE GRU;AGENTE;AGENTE - RAFAELLE FONTES;TRANSPORTE;EM ROTA -TERCEIROS;PENDENTE RECEBIMENTO;TRANSPORTE · EM ROTA -TERCEIROS · PENDENTE RECEBIMENTO;A4464;13/07/2026 07:44;;Datalogger enviado para agente MCZ EXPRESS SERVICE LTDA  pelo serviço de integração do ESL.;ACIONAR AGENTE/RESPONSÁVEL
559931;A6134;ARES;00019200000013413511;RO;MINISTÉRIO DA SAUDE;13/07/2026 06:43;15/07/2026 14:00;;ENTREGUE;7478;MultiModal;14/07/2026 22:47;15/07/2026 04:18;;29/10/2025 16:07;55;NÃO;FORA DE GRU;MANUTENÇÃO;VTC - YASMIN SILVA TEIXEIRA;TERCEIROS;MANUTENÇÃO SINTREX;PENDENTE RECEBIMENTO;TERCEIROS · MANUTENÇÃO SINTREX · PENDENTE RECEBIMENTO;A6134;18/08/2026 10:25;;Datalogger restaurado para o estoque manualmente pelo usuário.;VALIDAR COM MANUTENÇÃO
560495;A5525;ARES;00019200000013450832;SC;MINISTÉRIO DA SAUDE;13/07/2026 07:54;15/07/2026 11:29;;ENTREGUE;;MultiModal;;;;10/07/2026 13:22;55;NÃO;FORA DE GRU;AGENTE;AGENTE - JOSE AIRTON LOURENCO DE OLIVEIRA JUNIOR;TRANSPORTE;EM ROTA -TERCEIROS;PENDENTE RECEBIMENTO;TRANSPORTE · EM ROTA -TERCEIROS · PENDENTE RECEBIMENTO;A5525;13/07/2026 07:58;;Datalogger enviado para agente TGEX TRANSPORTES E LOCACAO DE VEICULOS LTDA pelo serviço de integração do ESL.;ACIONAR AGENTE/RESPONSÁVEL
560638;TA0976;ARES;00019200000013445740;AP;MINISTÉRIO DA SAUDE;13/07/2026 23:32;15/07/2026 10:42;;ENTREGUE;7490;MultiModal;14/07/2026 12:38;15/07/2026 04:11;;15/07/2026 09:54;55;NÃO;FORA DE GRU;AGENTE;AGENTE - JOSE VENTURA;TRANSPORTE;EM ROTA -TERCEIROS;PENDENTE RECEBIMENTO;TRANSPORTE · EM ROTA -TERCEIROS · PENDENTE RECEBIMENTO;TA0976;14/07/2026 05:49;;Datalogger enviado para agente  A A CARVALHO ROCHA pelo serviço de integração do ESL.;ACIONAR AGENTE/RESPONSÁVEL
559090;A0306;ARES;00019200000013490770;RJ;MINISTÉRIO DA SAUDE;13/07/2026 04:05;14/07/2026 17:00;;ENTREGUE;7469;MultiModal;14/07/2026 06:34;15/07/2026;;10/07/2026 15:40;56;NÃO;FORA DE GRU;AGENTE;AGENTE - JOSE VENTURA;TRANSPORTE;EM ROTA -TERCEIROS;PENDENTE RECEBIMENTO;TRANSPORTE · EM ROTA -TERCEIROS · PENDENTE RECEBIMENTO;A0306;13/07/2026 07:28;;Datalogger enviado para agente VTCLOG RJ GALEAO pelo serviço de integração do ESL.;ACIONAR AGENTE/RESPONSÁVEL
559964;A5176;ARES;00019200000013492918;PI;MINISTÉRIO DA SAUDE;13/07/2026 00:40;14/07/2026 11:30;;ENTREGUE;7464;MultiModal;14/07/2026 14:44;14/07/2026 19:19;;10/07/2026 14:45;56;NÃO;FORA DE GRU;AGENTE;AGENTE - EDINALDO PINTO CASSIMIRO;TRANSPORTE;EM ROTA -TERCEIROS;PENDENTE RECEBIMENTO;TRANSPORTE · EM ROTA -TERCEIROS · PENDENTE RECEBIMENTO;A5176;13/07/2026 06:45;;Datalogger enviado para agente TRANSPRESS AIR CARGO LTDA pelo serviço de integração do ESL.;ACIONAR AGENTE/RESPONSÁVEL
559964;A8277;ARES;00019200000013492985;PI;MINISTÉRIO DA SAUDE;13/07/2026 00:40;14/07/2026 11:30;;ENTREGUE;7464;MultiModal;14/07/2026 14:44;14/07/2026 19:19;;09/07/2026 03:08;56;NÃO;FORA DE GRU;AGENTE;AGENTE - MARCOS JOSE ARAUJO DE ASSIS;TRANSPORTE;EM ROTA -TERCEIROS;PENDENTE RECEBIMENTO;TRANSPORTE · EM ROTA -TERCEIROS · PENDENTE RECEBIMENTO;A8277;13/07/2026 06:45;;Datalogger enviado para agente TRANSPRESS AIR CARGO LTDA pelo serviço de integração do ESL.;ACIONAR AGENTE/RESPONSÁVEL
559323;A6262;ARES;00019200000013407759;MS;MINISTÉRIO DA SAUDE;11/07/2026 12:12;13/07/2026 18:00;;ENTREGUE;7453;MultiModal;13/07/2026 07:18;13/07/2026 09:04;;09/07/2026 15:28;57;NÃO;FORA DE GRU;AGENTE;AGENTE - MARCOS JOSE ARAUJO DE ASSIS;TRANSPORTE;EM ROTA -TERCEIROS;PENDENTE RECEBIMENTO;TRANSPORTE · EM ROTA -TERCEIROS · PENDENTE RECEBIMENTO;A6262;11/07/2026 13:32;;Datalogger enviado para agente CARDOSO E PADUA (LH TRANSPORTES E SERVICOS LTDA  pelo serviço de integração do ESL.;ACIONAR AGENTE/RESPONSÁVEL
559922;A4474;ARES;00019200000013414488;AC;MINISTÉRIO DA SAUDE;08/07/2026 05:31;13/07/2026 18:00;;ENTREGUE;7389;MultiModal;09/07/2026 21:46;10/07/2026 02:25;;06/07/2026 11:46;57;NÃO;FORA DE GRU;AGENTE;AGENTE - MARCOS JOSE ARAUJO DE ASSIS;TRANSPORTE;EM ROTA -TERCEIROS;PENDENTE RECEBIMENTO;TRANSPORTE · EM ROTA -TERCEIROS · PENDENTE RECEBIMENTO;A4474;08/07/2026 06:48;;Datalogger enviado para agente W S TRANSPORTES DE CARGAS E LOGISTICA LTDA pelo serviço de integração do ESL.;ACIONAR AGENTE/RESPONSÁVEL
560222;A6189;ARES;00019200000013411225;RS;MINISTÉRIO DA SAUDE;09/07/2026 04:50;13/07/2026 18:00;;ENTREGUE;7421;MultiModal;09/07/2026 12:08;10/07/2026 02:52;;08/07/2026 02:14;57;NÃO;FORA DE GRU;AGENTE;AGENTE - MARCUS VINICIUS DO NASCIMENTO ALCANTARA;TRANSPORTE;EM ROTA -TERCEIROS;PENDENTE RECEBIMENTO;TRANSPORTE · EM ROTA -TERCEIROS · PENDENTE RECEBIMENTO;A6189;03/08/2026 14:48;;Datalogger enviado para agente GMB TRANSPORTES E LOGISTICA LTDA pelo serviço de integração do ESL.;ACIONAR AGENTE/RESPONSÁVEL
560474;A8751;ARES;00019200000013489119;RJ;MINISTÉRIO DA SAUDE;09/07/2026 23:44;13/07/2026 15:19;;ENTREGUE;7433;MultiModal;10/07/2026 03:19;10/07/2026 12:34;;09/07/2026 03:08;57;NÃO;FORA DE GRU;AGENTE;AGENTE - MOACIR ALBUQUERQUE DE LIMA;TRANSPORTE;EM ROTA -TERCEIROS;PENDENTE RECEBIMENTO;TRANSPORTE · EM ROTA -TERCEIROS · PENDENTE RECEBIMENTO;A8751;10/07/2026 05:26;;Datalogger enviado para agente VTCLOG RJ GALEAO pelo serviço de integração do ESL.;ACIONAR AGENTE/RESPONSÁVEL
560487;A4395;ARES;00019200000013489054;SC;MINISTÉRIO DA SAUDE;09/07/2026 23:44;13/07/2026 14:47;;ENTREGUE;7433;MultiModal;10/07/2026 03:19;10/07/2026 12:05;;09/07/2026 03:08;57;NÃO;FORA DE GRU;AGENTE;AGENTE - DENNIS MAYKO KRAUSPENHAR;TRANSPORTE;EM ROTA -TERCEIROS;PENDENTE RECEBIMENTO;TRANSPORTE · EM ROTA -TERCEIROS · PENDENTE RECEBIMENTO;A4395;10/07/2026 05:45;;Datalogger enviado para agente TGEX TRANSPORTES E LOCACAO DE VEICULOS LTDA pelo serviço de integração do ESL.;ACIONAR AGENTE/RESPONSÁVEL
560223;A7198;ARES;00019200000013411268;SC;MINISTÉRIO DA SAUDE;09/07/2026 04:51;13/07/2026 14:45;;ENTREGUE;7421;MultiModal;09/07/2026 12:08;09/07/2026 19:16;;07/07/2026 23:46;57;NÃO;FORA DE GRU;AGENTE;AGENTE - MARCOS ROBERTO CAVALLI;TRANSPORTE;EM ROTA -TERCEIROS;PENDENTE RECEBIMENTO;TRANSPORTE · EM ROTA -TERCEIROS · PENDENTE RECEBIMENTO;A7198;09/07/2026 06:41;;Datalogger enviado para agente TGEX TRANSPORTES E LOCACAO DE VEICULOS LTDA pelo serviço de integração do ESL.;ACIONAR AGENTE/RESPONSÁVEL
559137;A7266;ARES;00019200000013408399;RN;MINISTÉRIO DA SAUDE;08/07/2026 04:22;13/07/2026 14:21;;ENTREGUE;7373;MultiModal;10/07/2026 09:13;10/07/2026 04:37;;07/07/2026 09:16;57;NÃO;FORA DE GRU;AGENTE;AGENTE - FERNANDA NATTALY DO NASCIMENTO RODRIGUES;TRANSPORTE;EM ROTA -TERCEIROS;PENDENTE RECEBIMENTO;TRANSPORTE · EM ROTA -TERCEIROS · PENDENTE RECEBIMENTO;A7266;08/07/2026 07:25;;Datalogger enviado para agente NAT - CSM CARGO pelo serviço de integração do ESL.;ACIONAR AGENTE/RESPONSÁVEL
560346;A4518;ARES;00019200000013454013;MG;MINISTÉRIO DA SAUDE;11/07/2026 14:14;13/07/2026 12:53;;ENTREGUE;7454;Rodoviário;11/07/2026 14:14;13/07/2026 12:53;;13/07/2026 12:11;57;NÃO;FORA DE GRU;AGENTE;AGENTE - ANA CLÁUDIA FERREIRA LUDWIG;TRANSPORTE;EM ROTA -TERCEIROS;PENDENTE RECEBIMENTO;TRANSPORTE · EM ROTA -TERCEIROS · PENDENTE RECEBIMENTO;A4518;11/07/2026 14:15;;Datalogger enviado para agente VTC OPERADORA LOGISTICA LTDA pelo serviço de integração do ESL.;ACIONAR AGENTE/RESPONSÁVEL
560346;A3315;ARES;00019200000013455206;MG;MINISTÉRIO DA SAUDE;11/07/2026 14:14;13/07/2026 12:53;;ENTREGUE;7454;Rodoviário;11/07/2026 14:14;13/07/2026 12:53;;09/07/2026 16:04;57;NÃO;FORA DE GRU;MANUTENÇÃO;VTC - ANA PAULA OLIVEIRA DA SILVA;TERCEIROS;MANUTENÇÃO SINTREX;PENDENTE RECEBIMENTO;TERCEIROS · MANUTENÇÃO SINTREX · PENDENTE RECEBIMENTO;A3315;15/07/2026 09:38;;Datalogger restaurado para o estoque manualmente pelo usuário.;VALIDAR COM MANUTENÇÃO
560078;A3120;ARES;00019200000013409808;PR;MINISTÉRIO DA SAUDE;09/07/2026 04:48;10/07/2026 18:27;;ENTREGUE;7421;MultiModal;09/07/2026 15:26;09/07/2026 18:19;;08/07/2026 23:51;59;NÃO;FORA DE GRU;AGENTE;AGENTE - PATRICK KAUE RIBEIRO SOARES;TRANSPORTE;EM ROTA -TERCEIROS;PENDENTE RECEBIMENTO;TRANSPORTE · EM ROTA -TERCEIROS · PENDENTE RECEBIMENTO;A3120;09/07/2026 09:48;;Datalogger enviado para agente TGEX TRANSPORTES E LOCACAO DE VEICULOS LTDA pelo serviço de integração do ESL.;ACIONAR AGENTE/RESPONSÁVEL
560047;TA1041;ARES;00019200000013412680;PR;MINISTÉRIO DA SAUDE;09/07/2026 04:58;10/07/2026 17:52;;ENTREGUE;7424;MultiModal;09/07/2026 12:08;09/07/2026 20:09;;09/07/2026 03:10;60;NÃO;FORA DE GRU;AGENTE;AGENTE - EDINALDO PINTO CASSIMIRO;TRANSPORTE;EM ROTA -TERCEIROS;PENDENTE RECEBIMENTO;TRANSPORTE · EM ROTA -TERCEIROS · PENDENTE RECEBIMENTO;TA1041;09/07/2026 06:43;;Datalogger enviado para agente TGEX TRANSPORTES E LOCACAO DE VEICULOS LTDA pelo serviço de integração do ESL.;ACIONAR AGENTE/RESPONSÁVEL
560047;A5819;ARES;00019200000013413694;PR;MINISTÉRIO DA SAUDE;09/07/2026 04:58;10/07/2026 17:52;;ENTREGUE;7424;MultiModal;09/07/2026 12:08;09/07/2026 20:09;;07/07/2026 23:46;60;NÃO;FORA DE GRU;AGENTE;AGENTE - ROBERTA ALESSANDRA BARCELOS DA SILVA;TRANSPORTE;EM ROTA -TERCEIROS;PENDENTE RECEBIMENTO;TRANSPORTE · EM ROTA -TERCEIROS · PENDENTE RECEBIMENTO;A5819;09/07/2026 06:43;;Datalogger enviado para agente TGEX TRANSPORTES E LOCACAO DE VEICULOS LTDA pelo serviço de integração do ESL.;ACIONAR AGENTE/RESPONSÁVEL
560244;A7192;ARES;00019200000013410920;RS;MINISTÉRIO DA SAUDE;09/07/2026 04:50;10/07/2026 17:39;;ENTREGUE;7421;MultiModal;09/07/2026 12:08;10/07/2026 02:52;;10/07/2026 10:21;60;NÃO;FORA DE GRU;AGENTE;AGENTE - ROSANA HONORATO DA SILVA;TRANSPORTE;EM ROTA -TERCEIROS;PENDENTE RECEBIMENTO;TRANSPORTE · EM ROTA -TERCEIROS · PENDENTE RECEBIMENTO;A7192;03/08/2026 14:48;;Datalogger enviado para agente GMB TRANSPORTES E LOGISTICA LTDA pelo serviço de integração do ESL.;ACIONAR AGENTE/RESPONSÁVEL
560226;A7723;ARES;00019200000013411063;RS;MINISTÉRIO DA SAUDE;09/07/2026 04:50;10/07/2026 17:38;;ENTREGUE;7421;MultiModal;09/07/2026 12:08;10/07/2026 02:52;;10/07/2026 10:19;60;NÃO;FORA DE GRU;AGENTE;AGENTE - ROSANA HONORATO DA SILVA;TRANSPORTE;EM ROTA -TERCEIROS;PENDENTE RECEBIMENTO;TRANSPORTE · EM ROTA -TERCEIROS · PENDENTE RECEBIMENTO;A7723;03/08/2026 14:48;;Datalogger enviado para agente GMB TRANSPORTES E LOGISTICA LTDA pelo serviço de integração do ESL.;ACIONAR AGENTE/RESPONSÁVEL
560206;A6920;ARES;00019200000013404938;AL;MINISTÉRIO DA SAUDE;09/07/2026 04:25;10/07/2026 17:00;;ENTREGUE;7476;MultiModal;15/07/2026 21:18;16/07/2026 01:47;;10/07/2026 15:02;60;NÃO;FORA DE GRU;AGENTE;AGENTE - JOSE AIRTON LOURENCO DE OLIVEIRA JUNIOR;TRANSPORTE;EM ROTA -TERCEIROS;PENDENTE RECEBIMENTO;TRANSPORTE · EM ROTA -TERCEIROS · PENDENTE RECEBIMENTO;A6920;13/07/2026 02:06;;Datalogger enviado para agente MCZ EXPRESS SERVICE LTDA  pelo serviço de integração do ESL.;ACIONAR AGENTE/RESPONSÁVEL
560042;A8560;ARES;00019200000013415379;RJ;MINISTÉRIO DA SAUDE;08/07/2026 04:22;10/07/2026 12:33;;ENTREGUE;7382;MultiModal;09/07/2026 11:26;09/07/2026 11:52;;06/07/2026 17:09;60;NÃO;FORA DE GRU;AGENTE;AGENTE - FERNANDA NATTALY DO NASCIMENTO RODRIGUES;TRANSPORTE;EM ROTA -TERCEIROS;PENDENTE RECEBIMENTO;TRANSPORTE · EM ROTA -TERCEIROS · PENDENTE RECEBIMENTO;A8560;08/07/2026 07:23;;Datalogger enviado para agente VTCLOG RJ GALEAO pelo serviço de integração do ESL.;ACIONAR AGENTE/RESPONSÁVEL
560341;A5998;ARES;00019200000013410830;AP;MINISTÉRIO DA SAUDE;08/07/2026 23:42;10/07/2026 11:55;;ENTREGUE;7405;MultiModal;09/07/2026 16:16;10/07/2026 04:45;;10/07/2026 10:55;60;NÃO;FORA DE GRU;MANUTENÇÃO;VTC - KRISLAYNE RIBEIRO DA SILVA CARVALHO;TERCEIROS;MANUTENÇÃO SINTREX;PENDENTE RECEBIMENTO;TERCEIROS · MANUTENÇÃO SINTREX · PENDENTE RECEBIMENTO;A5998;27/07/2026 16:18;;Datalogger recebido pelo agente com sucesso.;VALIDAR COM MANUTENÇÃO
560051;A6124;ARES;00019200000013410652;PI;MINISTÉRIO DA SAUDE;09/07/2026 01:14;10/07/2026 10:30;;ENTREGUE;7414;MultiModal;10/07/2026 00:01;10/07/2026 02:32;;08/07/2026 12:27;60;NÃO;FORA DE GRU;AGENTE;AGENTE - NAYANA BATISTA DA SILVA;TRANSPORTE;EM ROTA -TERCEIROS;PENDENTE RECEBIMENTO;TRANSPORTE · EM ROTA -TERCEIROS · PENDENTE RECEBIMENTO;A6124;09/07/2026 06:31;;Datalogger enviado para agente TRANSPRESS AIR CARGO LTDA pelo serviço de integração do ESL.;ACIONAR AGENTE/RESPONSÁVEL
560051;A8217;ARES;00019200000013410814;PI;MINISTÉRIO DA SAUDE;09/07/2026 01:14;10/07/2026 10:30;;ENTREGUE;7414;MultiModal;10/07/2026 00:01;10/07/2026 02:32;;08/07/2026 12:29;60;NÃO;FORA DE GRU;AGENTE;AGENTE - MARCOS JOSE ARAUJO DE ASSIS;TRANSPORTE;EM ROTA -TERCEIROS;PENDENTE RECEBIMENTO;TRANSPORTE · EM ROTA -TERCEIROS · PENDENTE RECEBIMENTO;A8217;09/07/2026 06:31;;Datalogger enviado para agente TRANSPRESS AIR CARGO LTDA pelo serviço de integração do ESL.;ACIONAR AGENTE/RESPONSÁVEL
560051;TA0232;ARES;00019200000013411403;PI;MINISTÉRIO DA SAUDE;09/07/2026 01:14;10/07/2026 10:30;;ENTREGUE;7414;MultiModal;10/07/2026 00:01;10/07/2026 02:32;;08/07/2026 11:49;60;NÃO;FORA DE GRU;AGENTE;AGENTE - JOSE AIRTON LOURENCO DE OLIVEIRA JUNIOR;TRANSPORTE;EM ROTA -TERCEIROS;PENDENTE RECEBIMENTO;TRANSPORTE · EM ROTA -TERCEIROS · PENDENTE RECEBIMENTO;TA0232;09/07/2026 06:31;;Datalogger enviado para agente TRANSPRESS AIR CARGO LTDA pelo serviço de integração do ESL.;ACIONAR AGENTE/RESPONSÁVEL
560051;A9136;ARES;00019200000013411411;PI;MINISTÉRIO DA SAUDE;09/07/2026 01:14;10/07/2026 10:30;;ENTREGUE;7414;MultiModal;10/07/2026 00:01;10/07/2026 02:32;;08/07/2026 12:33;60;NÃO;FORA DE GRU;AGENTE;AGENTE - PATRICK KAUE RIBEIRO SOARES;TRANSPORTE;EM ROTA -TERCEIROS;PENDENTE RECEBIMENTO;TRANSPORTE · EM ROTA -TERCEIROS · PENDENTE RECEBIMENTO;A9136;09/07/2026 06:31;;Datalogger enviado para agente TRANSPRESS AIR CARGO LTDA pelo serviço de integração do ESL.;ACIONAR AGENTE/RESPONSÁVEL
560051;A6705;ARES;00019200000013411420;PI;MINISTÉRIO DA SAUDE;09/07/2026 01:14;10/07/2026 10:30;;ENTREGUE;7414;MultiModal;10/07/2026 00:01;10/07/2026 02:32;;08/07/2026 08:52;60;NÃO;FORA DE GRU;AGENTE;AGENTE - JOSE AIRTON LOURENCO DE OLIVEIRA JUNIOR;TRANSPORTE;EM ROTA -TERCEIROS;PENDENTE RECEBIMENTO;TRANSPORTE · EM ROTA -TERCEIROS · PENDENTE RECEBIMENTO;A6705;09/07/2026 06:31;;Datalogger enviado para agente TRANSPRESS AIR CARGO LTDA pelo serviço de integração do ESL.;ACIONAR AGENTE/RESPONSÁVEL
560051;A9604;ARES;00019200000013411438;PI;MINISTÉRIO DA SAUDE;09/07/2026 01:14;10/07/2026 10:30;;ENTREGUE;7414;MultiModal;10/07/2026 00:01;10/07/2026 02:32;;08/07/2026 11:48;60;NÃO;FORA DE GRU;AGENTE;AGENTE - JOSE AIRTON LOURENCO DE OLIVEIRA JUNIOR;TRANSPORTE;EM ROTA -TERCEIROS;PENDENTE RECEBIMENTO;TRANSPORTE · EM ROTA -TERCEIROS · PENDENTE RECEBIMENTO;A9604;09/07/2026 06:31;;Datalogger enviado para agente TRANSPRESS AIR CARGO LTDA pelo serviço de integração do ESL.;ACIONAR AGENTE/RESPONSÁVEL
560051;A8600;ARES;00019200000013411446;PI;MINISTÉRIO DA SAUDE;09/07/2026 01:14;10/07/2026 10:30;;ENTREGUE;7414;MultiModal;10/07/2026 00:01;10/07/2026 02:32;;08/07/2026 15:32;60;NÃO;FORA DE GRU;AGENTE;SYS - Usuário sistema;TRANSPORTE;EM ROTA -TERCEIROS;PENDENTE RECEBIMENTO;TRANSPORTE · EM ROTA -TERCEIROS · PENDENTE RECEBIMENTO;A8600;09/07/2026 06:31;;Datalogger enviado para agente TRANSPRESS AIR CARGO LTDA pelo serviço de integração do ESL.;ACIONAR AGENTE/RESPONSÁVEL
560051;A1773;ARES;00019200000013411489;PI;MINISTÉRIO DA SAUDE;09/07/2026 01:14;10/07/2026 10:30;;ENTREGUE;7414;MultiModal;10/07/2026 00:01;10/07/2026 02:32;;08/07/2026 11:50;60;NÃO;FORA DE GRU;AGENTE;AGENTE - HUMBERTO DA SILVA FERREIRA;TRANSPORTE;EM ROTA -TERCEIROS;PENDENTE RECEBIMENTO;TRANSPORTE · EM ROTA -TERCEIROS · PENDENTE RECEBIMENTO;A1773;09/07/2026 06:31;;Datalogger enviado para agente TRANSPRESS AIR CARGO LTDA pelo serviço de integração do ESL.;ACIONAR AGENTE/RESPONSÁVEL
560051;A6405;ARES;00019200000013411497;PI;MINISTÉRIO DA SAUDE;09/07/2026 01:14;10/07/2026 10:30;;ENTREGUE;7414;MultiModal;10/07/2026 00:01;10/07/2026 02:32;;08/07/2026 12:42;60;NÃO;FORA DE GRU;AGENTE;AGENTE - JOSE AIRTON LOURENCO DE OLIVEIRA JUNIOR;TRANSPORTE;EM ROTA -TERCEIROS;PENDENTE RECEBIMENTO;TRANSPORTE · EM ROTA -TERCEIROS · PENDENTE RECEBIMENTO;A6405;09/07/2026 06:31;;Datalogger enviado para agente TRANSPRESS AIR CARGO LTDA pelo serviço de integração do ESL.;ACIONAR AGENTE/RESPONSÁVEL
560158;A4670;ARES;00019200000013414712;SC;MINISTÉRIO DA SAUDE;08/07/2026 05:55;10/07/2026 09:59;;ENTREGUE;7390;MultiModal;08/07/2026 13:53;08/07/2026 19:18;;09/07/2026 14:23;60;NÃO;FORA DE GRU;AGENTE;AGENTE - THAIS OLIVEIRA GATINHO;TRANSPORTE;EM ROTA -TERCEIROS;PENDENTE RECEBIMENTO;TRANSPORTE · EM ROTA -TERCEIROS · PENDENTE RECEBIMENTO;A4670;08/07/2026 06:29;;Datalogger enviado para agente TGEX TRANSPORTES E LOCACAO DE VEICULOS LTDA pelo serviço de integração do ESL.;ACIONAR AGENTE/RESPONSÁVEL
557837;A2449;ARES;00019200000013429442;AC;MINISTÉRIO DA SAUDE;07/07/2026 01:05;09/07/2026 18:00;;ENTREGUE;7339;MultiModal;07/07/2026 01:05;09/07/2026 18:00;;06/07/2026 09:08;61;NÃO;FORA DE GRU;AGENTE;AGENTE - ROBERTA ALESSANDRA BARCELOS DA SILVA;TRANSPORTE;EM ROTA -TERCEIROS;PENDENTE RECEBIMENTO;TRANSPORTE · EM ROTA -TERCEIROS · PENDENTE RECEBIMENTO;A2449;07/07/2026 01:56;;Datalogger enviado para agente W S TRANSPORTES DE CARGAS E LOGISTICA LTDA pelo serviço de integração do ESL.;ACIONAR AGENTE/RESPONSÁVEL
560195;A6415;ARES;00019200000013414593;PR;MINISTÉRIO DA SAUDE;08/07/2026 05:25;09/07/2026 17:28;;ENTREGUE;7387;MultiModal;09/07/2026 07:12;09/07/2026 09:12;;03/07/2026 10:54;61;NÃO;FORA DE GRU;AGENTE;AGENTE - THAIS OLIVEIRA GATINHO;TRANSPORTE;EM ROTA -TERCEIROS;PENDENTE RECEBIMENTO;TRANSPORTE · EM ROTA -TERCEIROS · PENDENTE RECEBIMENTO;A6415;08/07/2026 06:20;;Datalogger enviado para agente TGEX TRANSPORTES E LOCACAO DE VEICULOS LTDA pelo serviço de integração do ESL.;ACIONAR AGENTE/RESPONSÁVEL
558947;A1340;ARES;00019200000013407368;RJ;MINISTÉRIO DA SAUDE;08/07/2026 04:21;09/07/2026 16:50;;ENTREGUE;7382;MultiModal;09/07/2026 11:26;09/07/2026 11:52;;01/07/2026 13:39;61;NÃO;FORA DE GRU;MANUTENÇÃO;VTC - ANA PAULA OLIVEIRA DA SILVA;TERCEIROS;MANUTENÇÃO SINTREX;PENDENTE RECEBIMENTO;TERCEIROS · MANUTENÇÃO SINTREX · PENDENTE RECEBIMENTO;A1340;14/07/2026 12:52;;Datalogger restaurado para o estoque manualmente pelo usuário.;VALIDAR COM MANUTENÇÃO
558495;A4668;ARES;00019200000013417592;AP;MINISTÉRIO DA SAUDE;08/07/2026 00:49;09/07/2026 15:30;;ENTREGUE;7368;MultiModal;08/07/2026 16:34;09/07/2026 03:50;;09/07/2026 13:31;61;NÃO;FORA DE GRU;MANUTENÇÃO;VTC - KRISLAYNE RIBEIRO DA SILVA CARVALHO;TERCEIROS;MANUTENÇÃO SINTREX;PENDENTE RECEBIMENTO;TERCEIROS · MANUTENÇÃO SINTREX · PENDENTE RECEBIMENTO;A4668;27/07/2026 16:18;;Datalogger recebido pelo agente com sucesso.;VALIDAR COM MANUTENÇÃO
559867;TA0987;ARES;00019200000013421212;RS;MINISTÉRIO DA SAUDE;06/07/2026 05:43;09/07/2026 13:00;;ENTREGUE;7327;MultiModal;06/07/2026 11:51;07/07/2026 03:40;;01/07/2026 15:42;61;NÃO;FORA DE GRU;AGENTE;AGENTE - ROBERTA ALESSANDRA BARCELOS DA SILVA;TRANSPORTE;EM ROTA -TERCEIROS;PENDENTE RECEBIMENTO;TRANSPORTE · EM ROTA -TERCEIROS · PENDENTE RECEBIMENTO;TA0987;03/08/2026 14:48;;Datalogger enviado para agente GMB TRANSPORTES E LOGISTICA LTDA pelo serviço de integração do ESL.;ACIONAR AGENTE/RESPONSÁVEL
558990;A5099;ARES;00019200000013422324;PB;MINISTÉRIO DA SAUDE;08/07/2026 00:46;09/07/2026 11:57;;ENTREGUE;7368;MultiModal;08/07/2026 04:46;08/07/2026 20:09;;01/07/2026 09:16;61;NÃO;FORA DE GRU;MANUTENÇÃO;VTC - YASMIN SILVA TEIXEIRA;TERCEIROS;MANUTENÇÃO SINTREX;PENDENTE RECEBIMENTO;TERCEIROS · MANUTENÇÃO SINTREX · PENDENTE RECEBIMENTO;A5099;07/08/2026 08:18;;Datalogger restaurado para o estoque manualmente pelo usuário.;VALIDAR COM MANUTENÇÃO
559228;A0564;ARES;00019200000013207849;PI;MINISTÉRIO DA SAUDE;08/07/2026 00:52;09/07/2026 10:00;;ENTREGUE;7370;MultiModal;08/07/2026 14:50;08/07/2026 19:06;;06/07/2026 16:44;61;NÃO;FORA DE GRU;AGENTE;AGENTE - ROBERTA ALESSANDRA BARCELOS DA SILVA;TRANSPORTE;EM ROTA -TERCEIROS;PENDENTE RECEBIMENTO;TRANSPORTE · EM ROTA -TERCEIROS · PENDENTE RECEBIMENTO;A0564;08/07/2026 01:37;;Datalogger enviado para agente TRANSPRESS AIR CARGO LTDA pelo serviço de integração do ESL.;ACIONAR AGENTE/RESPONSÁVEL
559228;A9623;ARES;00019200000013408364;PI;MINISTÉRIO DA SAUDE;08/07/2026 00:52;09/07/2026 10:00;;ENTREGUE;7370;MultiModal;08/07/2026 14:50;08/07/2026 19:06;;07/07/2026 11:39;61;NÃO;FORA DE GRU;AGENTE;AGENTE - MARCOS JOSE ARAUJO DE ASSIS;TRANSPORTE;EM ROTA -TERCEIROS;PENDENTE RECEBIMENTO;TRANSPORTE · EM ROTA -TERCEIROS · PENDENTE RECEBIMENTO;A9623;08/07/2026 01:37;;Datalogger enviado para agente TRANSPRESS AIR CARGO LTDA pelo serviço de integração do ESL.;ACIONAR AGENTE/RESPONSÁVEL
559228;A2124;ARES;00019200000013408372;PI;MINISTÉRIO DA SAUDE;08/07/2026 00:52;09/07/2026 10:00;;ENTREGUE;7370;MultiModal;08/07/2026 14:50;08/07/2026 19:06;;07/07/2026 09:17;61;NÃO;FORA DE GRU;AGENTE;AGENTE - ANA CLÁUDIA FERREIRA LUDWIG;TRANSPORTE;EM ROTA -TERCEIROS;PENDENTE RECEBIMENTO;TRANSPORTE · EM ROTA -TERCEIROS · PENDENTE RECEBIMENTO;A2124;08/07/2026 01:37;;Datalogger enviado para agente TRANSPRESS AIR CARGO LTDA pelo serviço de integração do ESL.;ACIONAR AGENTE/RESPONSÁVEL
559228;A6226;ARES;00019200000013408461;PI;MINISTÉRIO DA SAUDE;08/07/2026 00:52;09/07/2026 10:00;;ENTREGUE;7370;MultiModal;08/07/2026 14:50;08/07/2026 19:06;;06/07/2026 16:46;61;NÃO;FORA DE GRU;AGENTE;AGENTE - PATRICK KAUE RIBEIRO SOARES;TRANSPORTE;EM ROTA -TERCEIROS;PENDENTE RECEBIMENTO;TRANSPORTE · EM ROTA -TERCEIROS · PENDENTE RECEBIMENTO;A6226;08/07/2026 01:37;;Datalogger enviado para agente TRANSPRESS AIR CARGO LTDA pelo serviço de integração do ESL.;ACIONAR AGENTE/RESPONSÁVEL
559228;A9334;ARES;00019200000013408496;PI;MINISTÉRIO DA SAUDE;08/07/2026 00:52;09/07/2026 10:00;;ENTREGUE;7370;MultiModal;08/07/2026 14:50;08/07/2026 19:06;;06/07/2026 16:57;61;NÃO;FORA DE GRU;AGENTE;SYS - Usuário sistema;TRANSPORTE;EM ROTA -TERCEIROS;PENDENTE RECEBIMENTO;TRANSPORTE · EM ROTA -TERCEIROS · PENDENTE RECEBIMENTO;A9334;08/07/2026 01:37;;Datalogger enviado para agente TRANSPRESS AIR CARGO LTDA pelo serviço de integração do ESL.;ACIONAR AGENTE/RESPONSÁVEL
559228;A6261;ARES;00019200000013408500;PI;MINISTÉRIO DA SAUDE;08/07/2026 00:52;09/07/2026 10:00;;ENTREGUE;7370;MultiModal;08/07/2026 14:50;08/07/2026 19:06;;07/07/2026 11:41;61;NÃO;FORA DE GRU;AGENTE;AGENTE - MARCOS JOSE ARAUJO DE ASSIS;TRANSPORTE;EM ROTA -TERCEIROS;PENDENTE RECEBIMENTO;TRANSPORTE · EM ROTA -TERCEIROS · PENDENTE RECEBIMENTO;A6261;08/07/2026 01:37;;Datalogger enviado para agente TRANSPRESS AIR CARGO LTDA pelo serviço de integração do ESL.;ACIONAR AGENTE/RESPONSÁVEL
559228;A7207;ARES;00019200000013408518;PI;MINISTÉRIO DA SAUDE;08/07/2026 00:52;09/07/2026 10:00;;ENTREGUE;7370;MultiModal;08/07/2026 14:50;08/07/2026 19:06;;06/07/2026 17:11;61;NÃO;FORA DE GRU;AGENTE;AGENTE - JOSE AIRTON LOURENCO DE OLIVEIRA JUNIOR;TRANSPORTE;EM ROTA -TERCEIROS;PENDENTE RECEBIMENTO;TRANSPORTE · EM ROTA -TERCEIROS · PENDENTE RECEBIMENTO;A7207;08/07/2026 01:37;;Datalogger enviado para agente TRANSPRESS AIR CARGO LTDA pelo serviço de integração do ESL.;ACIONAR AGENTE/RESPONSÁVEL
559228;A4139;ARES;00019200000013408526;PI;MINISTÉRIO DA SAUDE;08/07/2026 00:52;09/07/2026 10:00;;ENTREGUE;7370;MultiModal;08/07/2026 14:50;08/07/2026 19:06;;07/07/2026 11:40;61;NÃO;FORA DE GRU;AGENTE;AGENTE - ROSANA HONORATO DA SILVA;TRANSPORTE;EM ROTA -TERCEIROS;PENDENTE RECEBIMENTO;TRANSPORTE · EM ROTA -TERCEIROS · PENDENTE RECEBIMENTO;A4139;08/07/2026 01:37;;Datalogger enviado para agente TRANSPRESS AIR CARGO LTDA pelo serviço de integração do ESL.;ACIONAR AGENTE/RESPONSÁVEL
559228;A6940;ARES;00019200000013408534;PI;MINISTÉRIO DA SAUDE;08/07/2026 00:52;09/07/2026 10:00;;ENTREGUE;7370;MultiModal;08/07/2026 14:50;08/07/2026 19:06;;06/07/2026 14:07;61;NÃO;FORA DE GRU;AGENTE;AGENTE - MARCOS ROBERTO CAVALLI;TRANSPORTE;EM ROTA -TERCEIROS;PENDENTE RECEBIMENTO;TRANSPORTE · EM ROTA -TERCEIROS · PENDENTE RECEBIMENTO;A6940;08/07/2026 01:37;;Datalogger enviado para agente TRANSPRESS AIR CARGO LTDA pelo serviço de integração do ESL.;ACIONAR AGENTE/RESPONSÁVEL
559228;A8709;ARES;00019200000013408542;PI;MINISTÉRIO DA SAUDE;08/07/2026 00:52;09/07/2026 10:00;;ENTREGUE;7370;MultiModal;08/07/2026 14:50;08/07/2026 19:06;;06/07/2026 16:45;61;NÃO;FORA DE GRU;AGENTE;AGENTE - RAFAELLE FONTES;TRANSPORTE;EM ROTA -TERCEIROS;PENDENTE RECEBIMENTO;TRANSPORTE · EM ROTA -TERCEIROS · PENDENTE RECEBIMENTO;A8709;08/07/2026 01:37;;Datalogger enviado para agente TRANSPRESS AIR CARGO LTDA pelo serviço de integração do ESL.;ACIONAR AGENTE/RESPONSÁVEL
559228;A3990;ARES;00019200000013408615;PI;MINISTÉRIO DA SAUDE;08/07/2026 00:52;09/07/2026 10:00;;ENTREGUE;7370;MultiModal;08/07/2026 14:50;08/07/2026 19:06;;06/07/2026 16:57;61;NÃO;FORA DE GRU;AGENTE;AGENTE - FERNANDA NATTALY DO NASCIMENTO RODRIGUES;TRANSPORTE;EM ROTA -TERCEIROS;PENDENTE RECEBIMENTO;TRANSPORTE · EM ROTA -TERCEIROS · PENDENTE RECEBIMENTO;A3990;08/07/2026 01:37;;Datalogger enviado para agente TRANSPRESS AIR CARGO LTDA pelo serviço de integração do ESL.;ACIONAR AGENTE/RESPONSÁVEL
559228;A7072;ARES;00019200000013421395;PI;MINISTÉRIO DA SAUDE;08/07/2026 00:52;09/07/2026 10:00;;ENTREGUE;7370;MultiModal;08/07/2026 14:50;08/07/2026 19:06;;06/07/2026 16:59;61;NÃO;FORA DE GRU;AGENTE;AGENTE - CHARLE BRASIL SILVERIO;TRANSPORTE;EM ROTA -TERCEIROS;PENDENTE RECEBIMENTO;TRANSPORTE · EM ROTA -TERCEIROS · PENDENTE RECEBIMENTO;A7072;08/07/2026 01:37;;Datalogger enviado para agente TRANSPRESS AIR CARGO LTDA pelo serviço de integração do ESL.;ACIONAR AGENTE/RESPONSÁVEL
559978;A8332;ARES;00019200000013419447;RS;MINISTÉRIO DA SAUDE;07/07/2026 06:50;09/07/2026 09:49;;ENTREGUE;7349;MultiModal;07/07/2026 13:52;08/07/2026 06:46;;08/07/2026 17:28;61;NÃO;FORA DE GRU;AGENTE;AGENTE - DENNIS MAYKO KRAUSPENHAR;TRANSPORTE;EM ROTA -TERCEIROS;PENDENTE RECEBIMENTO;TRANSPORTE · EM ROTA -TERCEIROS · PENDENTE RECEBIMENTO;A8332;03/08/2026 14:48;;Datalogger enviado para agente GMB TRANSPORTES E LOGISTICA LTDA pelo serviço de integração do ESL.;ACIONAR AGENTE/RESPONSÁVEL
559727;A9695;ARES;00019200000013423010;SC;MINISTÉRIO DA SAUDE;06/07/2026 05:43;08/07/2026 20:00;;ENTREGUE;7327;MultiModal;06/07/2026 11:51;06/07/2026 19:21;;03/07/2026 10:58;61;NÃO;FORA DE GRU;AGENTE;AGENTE - THAIS OLIVEIRA GATINHO;TRANSPORTE;EM ROTA -TERCEIROS;PENDENTE RECEBIMENTO;TRANSPORTE · EM ROTA -TERCEIROS · PENDENTE RECEBIMENTO;A9695;06/07/2026 06:47;;Datalogger enviado para agente TGEX TRANSPORTES E LOCACAO DE VEICULOS LTDA pelo serviço de integração do ESL.;ACIONAR AGENTE/RESPONSÁVEL
559975;TA0880;ARES;00019200000013419242;TO;MINISTÉRIO DA SAUDE;07/07/2026 00:59;08/07/2026 18:00;;ENTREGUE;7342;MultiModal;07/07/2026 15:58;07/07/2026 19:07;;06/07/2026 09:37;62;NÃO;FORA DE GRU;AGENTE;AGENTE - EDINALDO PINTO CASSIMIRO;TRANSPORTE;EM ROTA -TERCEIROS;PENDENTE RECEBIMENTO;TRANSPORTE · EM ROTA -TERCEIROS · PENDENTE RECEBIMENTO;TA0880;07/07/2026 02:03;;Datalogger enviado para agente MK BILLIG TRANSPORTE DE CARGAS E LOGISTICA LTDA pelo serviço de integração do ESL.;ACIONAR AGENTE/RESPONSÁVEL
558650;A1285;ARES;00019200000013325264;MG;MINISTÉRIO DA SAUDE;07/07/2026 10:30;08/07/2026 14:45;;ENTREGUE;7123;Rodoviário;07/07/2026 10:30;08/07/2026 14:45;;08/07/2026 09:10;62;NÃO;FORA DE GRU;MANUTENÇÃO;VTC - YASMIN SILVA TEIXEIRA;TERCEIROS;MANUTENÇÃO SINTREX;PENDENTE RECEBIMENTO;TERCEIROS · MANUTENÇÃO SINTREX · PENDENTE RECEBIMENTO;A1285;13/07/2026 09:00;;Datalogger restaurado para o estoque manualmente pelo usuário.;VALIDAR COM MANUTENÇÃO
559696;A7444;ARES;00019200000013422944;SC;MINISTÉRIO DA SAUDE;06/07/2026 05:43;08/07/2026 14:35;;ENTREGUE;7332;MultiModal;06/07/2026 11:51;06/07/2026 19:21;;01/07/2026 15:09;62;NÃO;FORA DE GRU;AGENTE;AGENTE - CHARLE BRASIL SILVERIO;TRANSPORTE;EM ROTA -TERCEIROS;PENDENTE RECEBIMENTO;TRANSPORTE · EM ROTA -TERCEIROS · PENDENTE RECEBIMENTO;A7444;06/07/2026 06:47;;Datalogger enviado para agente TGEX TRANSPORTES E LOCACAO DE VEICULOS LTDA pelo serviço de integração do ESL.;ACIONAR AGENTE/RESPONSÁVEL
560124;A8866;ARES;00019200000013414305;SP;MINISTÉRIO DA SAUDE;08/07/2026 02:22;08/07/2026 14:12;;ENTREGUE;7367;Rodoviário;08/07/2026 02:22;08/07/2026 14:12;;07/07/2026 11:40;62;NÃO;FORA DE GRU;AGENTE;AGENTE - ROBERTA ALESSANDRA BARCELOS DA SILVA;TRANSPORTE;EM ROTA -TERCEIROS;PENDENTE RECEBIMENTO;TRANSPORTE · EM ROTA -TERCEIROS · PENDENTE RECEBIMENTO;A8866;08/07/2026 02:34;;Datalogger enviado para agente VTC OPERADORA LOGISTICA LTDA pelo serviço de integração do ESL.;ACIONAR AGENTE/RESPONSÁVEL
560159;A2551;ARES;00019200000013414640;SP;MINISTÉRIO DA SAUDE;08/07/2026 02:22;08/07/2026 10:23;;ENTREGUE;7367;Rodoviário;08/07/2026 02:22;08/07/2026 10:23;;02/07/2026 08:26;62;NÃO;FORA DE GRU;AGENTE;AGENTE - MARCUS VINICIUS DO NASCIMENTO ALCANTARA;TRANSPORTE;EM ROTA -TERCEIROS;PENDENTE RECEBIMENTO;TRANSPORTE · EM ROTA -TERCEIROS · PENDENTE RECEBIMENTO;A2551;08/07/2026 02:34;;Datalogger enviado para agente VTC OPERADORA LOGISTICA LTDA pelo serviço de integração do ESL.;ACIONAR AGENTE/RESPONSÁVEL
20260965;TA1242;ARES;00019200000013418777;RJ;MINISTÉRIO DA SAUDE;07/07/2026 00:58;07/07/2026 19:00;;ENTREGUE;7343;MultiModal;07/07/2026 13:35;07/07/2026 16:41;;06/07/2026 09:37;62;NÃO;FORA DE GRU;AGENTE;AGENTE - MARCOS JOSE ARAUJO DE ASSIS;TRANSPORTE;EM ROTA -TERCEIROS;PENDENTE RECEBIMENTO;TRANSPORTE · EM ROTA -TERCEIROS · PENDENTE RECEBIMENTO;TA1242;07/07/2026 01:52;;Datalogger enviado para agente VTC OPERADORA LOGISTICA LTDA pelo serviço de integração do ESL.;ACIONAR AGENTE/RESPONSÁVEL
20260966;A7251;ARES;00019200000013419404;RJ;MINISTÉRIO DA SAUDE;07/07/2026 01:00;07/07/2026 19:00;;ENTREGUE;7343;MultiModal;07/07/2026 13:35;07/07/2026 16:41;;03/07/2026 09:39;62;NÃO;FORA DE GRU;AGENTE;AGENTE - JOSE AIRTON LOURENCO DE OLIVEIRA JUNIOR;TRANSPORTE;EM ROTA -TERCEIROS;PENDENTE RECEBIMENTO;TRANSPORTE · EM ROTA -TERCEIROS · PENDENTE RECEBIMENTO;A7251;07/07/2026 01:52;;Datalogger enviado para agente VTCLOG RJ GALEAO pelo serviço de integração do ESL.;ACIONAR AGENTE/RESPONSÁVEL
559632;A3135;ARES;00019200000013428128;RS;MINISTÉRIO DA SAUDE;02/07/2026 04:51;07/07/2026 15:30;;ENTREGUE;7273;MultiModal;02/07/2026 12:05;03/07/2026 03:58;;30/06/2026 15:26;63;NÃO;FORA DE GRU;AGENTE;SYS - Usuário sistema;TRANSPORTE;EM ROTA -TERCEIROS;PENDENTE RECEBIMENTO;TRANSPORTE · EM ROTA -TERCEIROS · PENDENTE RECEBIMENTO;A3135;03/08/2026 14:48;;Datalogger enviado para agente GMB TRANSPORTES E LOGISTICA LTDA pelo serviço de integração do ESL.;ACIONAR AGENTE/RESPONSÁVEL
559529;A4043;ARES;00019200000013428470;PR;MINISTÉRIO DA SAUDE;02/07/2026 06:10;04/07/2026 21:00;;ENTREGUE;7283;MultiModal;02/07/2026 12:05;02/07/2026 19:53;;30/06/2026 15:29;65;NÃO;FORA DE GRU;AGENTE;AGENTE - JOSE AIRTON LOURENCO DE OLIVEIRA JUNIOR;TRANSPORTE;EM ROTA -TERCEIROS;PENDENTE RECEBIMENTO;TRANSPORTE · EM ROTA -TERCEIROS · PENDENTE RECEBIMENTO;A4043;02/07/2026 06:29;;Datalogger enviado para agente TGEX TRANSPORTES E LOCACAO DE VEICULOS LTDA pelo serviço de integração do ESL.;ACIONAR AGENTE/RESPONSÁVEL
559640;A3023;ARES;00019200000013428306;BA;MINISTÉRIO DA SAUDE;02/07/2026 03:21;04/07/2026 13:06;;ENTREGUE;7269;MultiModal;04/07/2026 00:14;04/07/2026 03:12;;04/07/2026 09:23;66;NÃO;FORA DE GRU;AGENTE;AGENTE - JOSE AIRTON LOURENCO DE OLIVEIRA JUNIOR;TRANSPORTE;EM ROTA -TERCEIROS;PENDENTE RECEBIMENTO;TRANSPORTE · EM ROTA -TERCEIROS · PENDENTE RECEBIMENTO;A3023;02/07/2026 05:46;;Datalogger enviado para agente LUIS CELSO DA SILVEIRA PIMENTEL JUNIOR pelo serviço de integração do ESL.;ACIONAR AGENTE/RESPONSÁVEL
559750;TA0822;ARES;00019200000013422782;RS;MINISTÉRIO DA SAUDE;02/07/2026 23:51;04/07/2026 12:12;;ENTREGUE;7292;MultiModal;03/07/2026 03:41;03/07/2026 13:09;;01/07/2026 13:59;66;NÃO;FORA DE GRU;AGENTE;AGENTE - FERNANDA NATTALY DO NASCIMENTO RODRIGUES;TRANSPORTE;EM ROTA -TERCEIROS;PENDENTE RECEBIMENTO;TRANSPORTE · EM ROTA -TERCEIROS · PENDENTE RECEBIMENTO;TA0822;03/08/2026 14:48;;Datalogger enviado para agente GMB TRANSPORTES E LOGISTICA LTDA pelo serviço de integração do ESL.;ACIONAR AGENTE/RESPONSÁVEL
559641;A9149;ARES;00019200000013428160;BA;MINISTÉRIO DA SAUDE;02/07/2026 04:05;04/07/2026 12:01;;ENTREGUE;7273;MultiModal;04/07/2026 00:14;04/07/2026 03:12;;04/07/2026 09:22;66;NÃO;FORA DE GRU;AGENTE;AGENTE - MARCOS JOSE ARAUJO DE ASSIS;TRANSPORTE;EM ROTA -TERCEIROS;PENDENTE RECEBIMENTO;TRANSPORTE · EM ROTA -TERCEIROS · PENDENTE RECEBIMENTO;A9149;02/07/2026 05:46;;Datalogger enviado para agente LUIS CELSO DA SILVEIRA PIMENTEL JUNIOR pelo serviço de integração do ESL.;ACIONAR AGENTE/RESPONSÁVEL
559698;A6345;ARES;00019200000013422928;MA;MINISTÉRIO DA SAUDE;02/07/2026 23:47;04/07/2026 10:57;;ENTREGUE;7292;MultiModal;03/07/2026 23:57;04/07/2026 05:20;;01/07/2026 13:36;66;NÃO;FORA DE GRU;AGENTE;AGENTE - KESIA SARAI ARAUJO SILVA;TRANSPORTE;EM ROTA -TERCEIROS;PENDENTE RECEBIMENTO;TRANSPORTE · EM ROTA -TERCEIROS · PENDENTE RECEBIMENTO;A6345;03/07/2026 05:49;;Datalogger enviado para agente P ROOSEVELT DOS REIS CAVALCANTE LTDA  pelo serviço de integração do ESL.;ACIONAR AGENTE/RESPONSÁVEL
559742;A7321;ARES;00019200000013422901;PE;MINISTÉRIO DA SAUDE;02/07/2026 23:49;04/07/2026 09:22;;ENTREGUE;7292;MultiModal;03/07/2026 13:27;03/07/2026 17:44;;04/07/2026 09:02;66;NÃO;FORA DE GRU;AGENTE;AGENTE - KESIA SARAI ARAUJO SILVA;TRANSPORTE;EM ROTA -TERCEIROS;PENDENTE RECEBIMENTO;TRANSPORTE · EM ROTA -TERCEIROS · PENDENTE RECEBIMENTO;A7321;03/07/2026 05:49;;Datalogger enviado para agente VTCLOG RECIFE pelo serviço de integração do ESL.;ACIONAR AGENTE/RESPONSÁVEL
559534;A1760;ARES;00019200000013428454;PR;MINISTÉRIO DA SAUDE;02/07/2026 04:52;03/07/2026 18:15;;ENTREGUE;7269;MultiModal;02/07/2026 12:05;02/07/2026 19:53;;30/06/2026 15:26;67;NÃO;FORA DE GRU;AGENTE;AGENTE - JOSE AIRTON LOURENCO DE OLIVEIRA JUNIOR;TRANSPORTE;EM ROTA -TERCEIROS;PENDENTE RECEBIMENTO;TRANSPORTE · EM ROTA -TERCEIROS · PENDENTE RECEBIMENTO;A1760;02/07/2026 06:07;;Datalogger enviado para agente TGEX TRANSPORTES E LOCACAO DE VEICULOS LTDA pelo serviço de integração do ESL.;ACIONAR AGENTE/RESPONSÁVEL
557869;A9681;ARES;00019200000013334077;MA;MINISTÉRIO DA SAUDE;02/07/2026 00:19;03/07/2026 16:00;;ENTREGUE;7261;MultiModal;02/07/2026 00:19;03/07/2026 16:00;;01/07/2026 09:57;67;NÃO;FORA DE GRU;AGENTE;AGENTE - FERNANDA NATTALY DO NASCIMENTO RODRIGUES;TRANSPORTE;EM ROTA -TERCEIROS;PENDENTE RECEBIMENTO;TRANSPORTE · EM ROTA -TERCEIROS · PENDENTE RECEBIMENTO;A9681;02/07/2026 02:48;;Datalogger enviado para agente P ROOSEVELT DOS REIS CAVALCANTE LTDA  pelo serviço de integração do ESL.;ACIONAR AGENTE/RESPONSÁVEL
559479;A3560;ARES;00019200000013202510;MG;MINISTÉRIO DA SAUDE;03/07/2026 05:28;03/07/2026 15:37;;ENTREGUE;7302;Rodoviário;03/07/2026 05:28;03/07/2026 15:37;;26/06/2026 10:14;67;NÃO;FORA DE GRU;AGENTE;AGENTE - MARCOS ROBERTO CAVALLI;TRANSPORTE;EM ROTA -TERCEIROS;PENDENTE RECEBIMENTO;TRANSPORTE · EM ROTA -TERCEIROS · PENDENTE RECEBIMENTO;A3560;03/07/2026 05:55;;Datalogger enviado para agente VTC OPERADORA LOGISTICA LTDA pelo serviço de integração do ESL.;ACIONAR AGENTE/RESPONSÁVEL
559735;A3747;ARES;00019200000013423126;SP;MINISTÉRIO DA SAUDE;03/07/2026 02:09;03/07/2026 13:03;;ENTREGUE;7294;Rodoviário;03/07/2026 02:09;03/07/2026 13:03;;01/07/2026 13:58;67;NÃO;FORA DE GRU;AGENTE;AGENTE - KESIA SARAI ARAUJO SILVA;TRANSPORTE;EM ROTA -TERCEIROS;PENDENTE RECEBIMENTO;TRANSPORTE · EM ROTA -TERCEIROS · PENDENTE RECEBIMENTO;A3747;03/07/2026 05:55;;Datalogger enviado para agente VTC OPERADORA LOGISTICA LTDA pelo serviço de integração do ESL.;ACIONAR AGENTE/RESPONSÁVEL
559693;A8992;ARES;00019200000013423258;SP;MINISTÉRIO DA SAUDE;03/07/2026 02:09;03/07/2026 12:34;;ENTREGUE;7294;Rodoviário;03/07/2026 02:09;03/07/2026 12:34;;01/07/2026 14:44;67;NÃO;FORA DE GRU;AGENTE;AGENTE - KESIA SARAI ARAUJO SILVA;TRANSPORTE;EM ROTA -TERCEIROS;PENDENTE RECEBIMENTO;TRANSPORTE · EM ROTA -TERCEIROS · PENDENTE RECEBIMENTO;A8992;03/07/2026 05:55;;Datalogger enviado para agente VTC OPERADORA LOGISTICA LTDA pelo serviço de integração do ESL.;ACIONAR AGENTE/RESPONSÁVEL
559745;A7119;ARES;00019200000013422715;SP;MINISTÉRIO DA SAUDE;03/07/2026 04:27;03/07/2026 11:13;03/07/2026 12:22;RECEBIDO NO CLIENTE;7298;Rodoviário;03/07/2026 04:27;03/07/2026 12:24;;01/07/2026 13:36;67;NÃO;FORA DE GRU;AGENTE;AGENTE - RAFAELLE FONTES;TRANSPORTE;EM ROTA -TERCEIROS;PENDENTE RECEBIMENTO;TRANSPORTE · EM ROTA -TERCEIROS · PENDENTE RECEBIMENTO;A7119;03/07/2026 05:55;;Datalogger enviado para agente VTC OPERADORA LOGISTICA LTDA pelo serviço de integração do ESL.;ACIONAR AGENTE/RESPONSÁVEL
559446;A7508;ARES;00019200000013201344;MA;MINISTÉRIO DA SAUDE;30/06/2026 00:17;02/07/2026 18:00;;ENTREGUE;7218;MultiModal;30/06/2026 02:56;01/07/2026 02:06;;25/06/2026 12:17;68;NÃO;FORA DE GRU;AGENTE;AGENTE - FERNANDA NATTALY DO NASCIMENTO RODRIGUES;TRANSPORTE;EM ROTA -TERCEIROS;PENDENTE RECEBIMENTO;TRANSPORTE · EM ROTA -TERCEIROS · PENDENTE RECEBIMENTO;A7508;30/06/2026 01:16;;Datalogger enviado para agente P ROOSEVELT DOS REIS CAVALCANTE LTDA  pelo serviço de integração do ESL.;ACIONAR AGENTE/RESPONSÁVEL
559531;A5323;ARES;00019200000013428462;SP;MINISTÉRIO DA SAUDE;02/07/2026 06:09;02/07/2026 09:58;;ENTREGUE;7282;Rodoviário;02/07/2026 06:09;02/07/2026 09:58;;30/06/2026 15:25;68;NÃO;FORA DE GRU;AGENTE;AGENTE - JOSE AIRTON LOURENCO DE OLIVEIRA JUNIOR;TRANSPORTE;EM ROTA -TERCEIROS;PENDENTE RECEBIMENTO;TRANSPORTE · EM ROTA -TERCEIROS · PENDENTE RECEBIMENTO;A5323;02/07/2026 06:18;;Datalogger enviado para agente VTC OPERADORA LOGISTICA LTDA pelo serviço de integração do ESL.;ACIONAR AGENTE/RESPONSÁVEL
559205;TA0113;ARES;00019200000013244779;SC;MINISTÉRIO DA SAUDE;29/06/2026 05:35;01/07/2026 15:55;;ENTREGUE;7210;MultiModal;29/06/2026 12:45;30/06/2026 01:28;;25/06/2026 12:26;69;NÃO;FORA DE GRU;AGENTE;AGENTE - ROBERTA ALESSANDRA BARCELOS DA SILVA;TRANSPORTE;EM ROTA -TERCEIROS;PENDENTE RECEBIMENTO;TRANSPORTE · EM ROTA -TERCEIROS · PENDENTE RECEBIMENTO;TA0113;29/06/2026 22:58;;Datalogger enviado para agente TGEX TRANSPORTES E LOCACAO DE VEICULOS LTDA pelo serviço de integração do ESL.;ACIONAR AGENTE/RESPONSÁVEL
559205;A7147;ARES;00019200000013244876;SC;MINISTÉRIO DA SAUDE;29/06/2026 05:35;01/07/2026 15:55;;ENTREGUE;7210;MultiModal;29/06/2026 12:45;30/06/2026 01:28;;27/06/2026 11:34;69;NÃO;FORA DE GRU;AGENTE;AGENTE - MARCOS JOSE ARAUJO DE ASSIS;TRANSPORTE;EM ROTA -TERCEIROS;PENDENTE RECEBIMENTO;TRANSPORTE · EM ROTA -TERCEIROS · PENDENTE RECEBIMENTO;A7147;29/06/2026 22:58;;Datalogger enviado para agente TGEX TRANSPORTES E LOCACAO DE VEICULOS LTDA pelo serviço de integração do ESL.;ACIONAR AGENTE/RESPONSÁVEL
559492;TA0291;ARES;00019200000013202502;PI;MINISTÉRIO DA SAUDE;29/06/2026 23:45;01/07/2026 15:30;;ENTREGUE;7219;MultiModal;30/06/2026 18:12;30/06/2026 18:57;;26/06/2026 16:46;69;NÃO;FORA DE GRU;MANUTENÇÃO;VTC - YASMIN SILVA TEIXEIRA;TERCEIROS;MANUTENÇÃO SINTREX;PENDENTE RECEBIMENTO;TERCEIROS · MANUTENÇÃO SINTREX · PENDENTE RECEBIMENTO;TA0291;29/07/2026 16:51;;Datalogger restaurado para o estoque manualmente pelo usuário.;VALIDAR COM MANUTENÇÃO
559474;A7429;ARES;00019200000013327666;RS;MINISTÉRIO DA SAUDE;30/06/2026 04:38;01/07/2026 14:41;;ENTREGUE;7230;MultiModal;30/06/2026 08:44;01/07/2026 06:56;;25/06/2026 12:35;69;NÃO;FORA DE GRU;AGENTE;AGENTE - ARIOMIRIO COSTA FERREIRA;TRANSPORTE;EM ROTA -TERCEIROS;PENDENTE RECEBIMENTO;TRANSPORTE · EM ROTA -TERCEIROS · PENDENTE RECEBIMENTO;A7429;03/08/2026 14:48;;Datalogger enviado para agente GMB TRANSPORTES E LOGISTICA LTDA pelo serviço de integração do ESL.;ACIONAR AGENTE/RESPONSÁVEL
557877;A8622;ARES;00019200000013314700;MG;MINISTÉRIO DA SAUDE;30/06/2026 09:05;01/07/2026 13:28;;ENTREGUE;7231;Rodoviário;30/06/2026 09:05;01/07/2026 13:28;;06/04/2025 11:47;69;NÃO;FORA DE GRU;MANUTENÇÃO;VTC - KRISLAYNE RIBEIRO DA SILVA CARVALHO;TERCEIROS;MANUTENÇÃO SINTREX;PENDENTE RECEBIMENTO;TERCEIROS · MANUTENÇÃO SINTREX · PENDENTE RECEBIMENTO;A8622;03/07/2026 16:14;;Datalogger restaurado para o estoque manualmente pelo usuário.;VALIDAR COM MANUTENÇÃO
558159;A7132;ARES;00019200000013328956;SC;MINISTÉRIO DA SAUDE;29/06/2026 01:10;01/07/2026 10:00;;ENTREGUE;7191;MultiModal;29/06/2026 01:10;01/07/2026 10:00;;26/06/2026 08:28;69;NÃO;FORA DE GRU;MANUTENÇÃO;VTC - KRISLAYNE RIBEIRO DA SILVA CARVALHO;TERCEIROS;MANUTENÇÃO SINTREX;PENDENTE RECEBIMENTO;TERCEIROS · MANUTENÇÃO SINTREX · PENDENTE RECEBIMENTO;A7132;13/07/2026 16:10;;Datalogger restaurado para o estoque manualmente pelo usuário.;VALIDAR COM MANUTENÇÃO
559472;TA0621;ARES;00019200000013202308;PI;MINISTÉRIO DA SAUDE;29/06/2026 23:46;01/07/2026 09:51;;ENTREGUE;7219;MultiModal;30/06/2026 18:12;30/06/2026 18:57;;26/06/2026 16:47;69;NÃO;FORA DE GRU;AGENTE;AGENTE - JOSE AIRTON LOURENCO DE OLIVEIRA JUNIOR;TRANSPORTE;EM ROTA -TERCEIROS;PENDENTE RECEBIMENTO;TRANSPORTE · EM ROTA -TERCEIROS · PENDENTE RECEBIMENTO;TA0621;30/06/2026 01:20;;Datalogger enviado para agente TRANSPRESS AIR CARGO LTDA pelo serviço de integração do ESL.;ACIONAR AGENTE/RESPONSÁVEL
559186;A7947;ARES;00019200000013316222;SC;MINISTÉRIO DA SAUDE;29/06/2026 01:10;30/06/2026 17:17;;ENTREGUE;7195;MultiModal;29/06/2026 04:53;29/06/2026 12:11;;27/06/2026 13:05;70;NÃO;FORA DE GRU;AGENTE;AGENTE - ROSANA HONORATO DA SILVA;TRANSPORTE;EM ROTA -TERCEIROS;PENDENTE RECEBIMENTO;TRANSPORTE · EM ROTA -TERCEIROS · PENDENTE RECEBIMENTO;A7947;29/06/2026 23:03;;Datalogger enviado para agente TGEX TRANSPORTES E LOCACAO DE VEICULOS LTDA pelo serviço de integração do ESL.;ACIONAR AGENTE/RESPONSÁVEL
559186;A5967;ARES;00019200000013316230;SC;MINISTÉRIO DA SAUDE;29/06/2026 01:10;30/06/2026 17:17;;ENTREGUE;7195;MultiModal;29/06/2026 04:53;29/06/2026 12:11;;27/06/2026 13:06;70;NÃO;FORA DE GRU;AGENTE;AGENTE - ROSANA HONORATO DA SILVA;TRANSPORTE;EM ROTA -TERCEIROS;PENDENTE RECEBIMENTO;TRANSPORTE · EM ROTA -TERCEIROS · PENDENTE RECEBIMENTO;A5967;29/06/2026 23:03;;Datalogger enviado para agente TGEX TRANSPORTES E LOCACAO DE VEICULOS LTDA pelo serviço de integração do ESL.;ACIONAR AGENTE/RESPONSÁVEL
559146;A7332;ARES;00019200000013333151;RS;MINISTÉRIO DA SAUDE;25/06/2026 23:16;30/06/2026 15:08;;ENTREGUE;7172;MultiModal;26/06/2026 02:06;26/06/2026 12:41;;25/06/2026 03:04;70;NÃO;FORA DE GRU;AGENTE;AGENTE - KESIA SARAI ARAUJO SILVA;TRANSPORTE;EM ROTA -TERCEIROS;PENDENTE RECEBIMENTO;TRANSPORTE · EM ROTA -TERCEIROS · PENDENTE RECEBIMENTO;A7332;03/08/2026 14:48;;Datalogger enviado para agente GMB TRANSPORTES E LOGISTICA LTDA pelo serviço de integração do ESL.;ACIONAR AGENTE/RESPONSÁVEL
559254;A2478;ARES;00019200000013249347;ES;MINISTÉRIO DA SAUDE;29/06/2026 03:58;30/06/2026 14:56;;ENTREGUE;7191;MultiModal;29/06/2026 14:50;29/06/2026 19:35;;27/06/2026 13:06;70;NÃO;FORA DE GRU;AGENTE;AGENTE - ROSANA HONORATO DA SILVA;TRANSPORTE;EM ROTA -TERCEIROS;PENDENTE RECEBIMENTO;TRANSPORTE · EM ROTA -TERCEIROS · PENDENTE RECEBIMENTO;A2478;29/06/2026 22:43;;Datalogger enviado para agente SOULOG SOLUCOES EM TRANSPORTES E SERVICOS LTDA pelo serviço de integração do ESL.;ACIONAR AGENTE/RESPONSÁVEL
559356;A7890;ARES;00019200000013254340;RS;MINISTÉRIO DA SAUDE;29/06/2026 01:22;30/06/2026 14:41;;ENTREGUE;7197;MultiModal;29/06/2026 04:53;29/06/2026 16:25;;30/06/2026 11:49;70;NÃO;FORA DE GRU;AGENTE;AGENTE - ROSANA HONORATO DA SILVA;TRANSPORTE;EM ROTA -TERCEIROS;PENDENTE RECEBIMENTO;TRANSPORTE · EM ROTA -TERCEIROS · PENDENTE RECEBIMENTO;A7890;03/08/2026 14:48;;Datalogger enviado para agente GMB TRANSPORTES E LOGISTICA LTDA pelo serviço de integração do ESL.;ACIONAR AGENTE/RESPONSÁVEL
558863;A9704;ARES;00019200000013317300;PA;MINISTÉRIO DA SAUDE;24/06/2026 00:13;27/06/2026 16:00;;ENTREGUE;7122;MultiModal;24/06/2026 15:43;24/06/2026 18:43;;26/06/2026 15:48;73;NÃO;FORA DE GRU;AGENTE;AGENTE - ARIOMIRIO COSTA FERREIRA;TRANSPORTE;EM ROTA -TERCEIROS;PENDENTE RECEBIMENTO;TRANSPORTE · EM ROTA -TERCEIROS · PENDENTE RECEBIMENTO;A9704;25/06/2026 05:33;;Datalogger enviado para agente OESTE EXPRESSO CARGAS URG pelo serviço de integração do ESL.;ACIONAR AGENTE/RESPONSÁVEL
559213;A6989;ARES;00019200000013244973;MA;MINISTÉRIO DA SAUDE;25/06/2026 23:19;27/06/2026 12:00;;ENTREGUE;7172;MultiModal;26/06/2026 23:41;27/06/2026 05:32;;25/06/2026 02:23;73;NÃO;FORA DE GRU;AGENTE;AGENTE - KESIA SARAI ARAUJO SILVA;TRANSPORTE;EM ROTA -TERCEIROS;PENDENTE RECEBIMENTO;TRANSPORTE · EM ROTA -TERCEIROS · PENDENTE RECEBIMENTO;A6989;26/06/2026 00:33;;Datalogger enviado para agente P ROOSEVELT DOS REIS CAVALCANTE LTDA  pelo serviço de integração do ESL.;ACIONAR AGENTE/RESPONSÁVEL
558903;A4983;ARES;00019200000013327305;BA;MINISTÉRIO DA SAUDE;24/06/2026 00:14;26/06/2026 20:07;;ENTREGUE;7111;MultiModal;18/08/2026 16:22;19/08/2026 00:27;;23/06/2026 12:47;73;NÃO;FORA DE GRU;AGENTE;SYS - Usuário sistema;TRANSPORTE;EM ROTA -TERCEIROS;PENDENTE RECEBIMENTO;TRANSPORTE · EM ROTA -TERCEIROS · PENDENTE RECEBIMENTO;A4983;25/06/2026 05:31;;Datalogger enviado para agente VDC - MASPEX CARGO pelo serviço de integração do ESL.;ACIONAR AGENTE/RESPONSÁVEL
558607;A5461;ARES;00019200000013336428;PR;MINISTÉRIO DA SAUDE;23/06/2026 08:30;26/06/2026 19:00;;ENTREGUE;7110;MultiModal;23/06/2026 08:30;26/06/2026 19:00;;26/06/2026 06:21;73;NÃO;FORA DE GRU;AGENTE;AGENTE - JOSE AIRTON LOURENCO DE OLIVEIRA JUNIOR;TRANSPORTE;EM ROTA -TERCEIROS;PENDENTE RECEBIMENTO;TRANSPORTE · EM ROTA -TERCEIROS · PENDENTE RECEBIMENTO;A5461;23/06/2026 08:42;;Datalogger enviado para agente TGEX TRANSPORTES E LOCACAO DE VEICULOS LTDA pelo serviço de integração do ESL.;ACIONAR AGENTE/RESPONSÁVEL
557291;A8909;ARES;00019200000013210963;PI;MINISTÉRIO DA SAUDE;24/06/2026 00:26;26/06/2026 17:00;;ENTREGUE;7125;MultiModal;24/06/2026 00:26;26/06/2026 17:00;;23/06/2026 11:29;74;NÃO;FORA DE GRU;AGENTE;AGENTE - CHARLE BRASIL SILVERIO;TRANSPORTE;EM ROTA -TERCEIROS;PENDENTE RECEBIMENTO;TRANSPORTE · EM ROTA -TERCEIROS · PENDENTE RECEBIMENTO;A8909;06/07/2026 11:08;;Datalogger enviado para agente TRANSPRESS AIR CARGO LTDA pelo serviço de integração do ESL.;ACIONAR AGENTE/RESPONSÁVEL
557291;A9388;ARES;00019200000013210980;PI;MINISTÉRIO DA SAUDE;24/06/2026 00:26;26/06/2026 17:00;;ENTREGUE;7125;MultiModal;24/06/2026 00:26;26/06/2026 17:00;;23/06/2026 10:00;74;NÃO;FORA DE GRU;AGENTE;AGENTE - CHARLE BRASIL SILVERIO;TRANSPORTE;EM ROTA -TERCEIROS;PENDENTE RECEBIMENTO;TRANSPORTE · EM ROTA -TERCEIROS · PENDENTE RECEBIMENTO;A9388;06/07/2026 11:08;;Datalogger enviado para agente TRANSPRESS AIR CARGO LTDA pelo serviço de integração do ESL.;ACIONAR AGENTE/RESPONSÁVEL
557291;A9040;ARES;00019200000013210998;PI;MINISTÉRIO DA SAUDE;24/06/2026 00:26;26/06/2026 17:00;;ENTREGUE;7125;MultiModal;24/06/2026 00:26;26/06/2026 17:00;;23/06/2026 09:33;74;NÃO;FORA DE GRU;AGENTE;AGENTE - CHARLE BRASIL SILVERIO;TRANSPORTE;EM ROTA -TERCEIROS;PENDENTE RECEBIMENTO;TRANSPORTE · EM ROTA -TERCEIROS · PENDENTE RECEBIMENTO;A9040;06/07/2026 11:08;;Datalogger enviado para agente TRANSPRESS AIR CARGO LTDA pelo serviço de integração do ESL.;ACIONAR AGENTE/RESPONSÁVEL
557291;A7599;ARES;00019200000013211005;PI;MINISTÉRIO DA SAUDE;24/06/2026 00:26;26/06/2026 17:00;;ENTREGUE;7125;MultiModal;24/06/2026 00:26;26/06/2026 17:00;;23/06/2026 10:31;74;NÃO;FORA DE GRU;AGENTE;AGENTE - HUMBERTO DA SILVA FERREIRA;TRANSPORTE;EM ROTA -TERCEIROS;PENDENTE RECEBIMENTO;TRANSPORTE · EM ROTA -TERCEIROS · PENDENTE RECEBIMENTO;A7599;06/07/2026 11:08;;Datalogger enviado para agente TRANSPRESS AIR CARGO LTDA pelo serviço de integração do ESL.;ACIONAR AGENTE/RESPONSÁVEL
558749;A8919;ARES;00019200000013317342;MS;MINISTÉRIO DA SAUDE;24/06/2026 04:59;26/06/2026 16:52;;ENTREGUE;7132;MultiModal;25/06/2026 12:26;25/06/2026 14:03;;23/06/2026 09:41;74;NÃO;FORA DE GRU;AGENTE;AGENTE - MARCOS JOSE ARAUJO DE ASSIS;TRANSPORTE;EM ROTA -TERCEIROS;PENDENTE RECEBIMENTO;TRANSPORTE · EM ROTA -TERCEIROS · PENDENTE RECEBIMENTO;A8919;24/06/2026 06:58;;Datalogger enviado para agente CARDOSO E PADUA (LH TRANSPORTES E SERVICOS LTDA  pelo serviço de integração do ESL.;ACIONAR AGENTE/RESPONSÁVEL
559147;A8984;ARES;00019200000013329995;SC;MINISTÉRIO DA SAUDE;25/06/2026 23:16;26/06/2026 16:10;;ENTREGUE;7172;MultiModal;26/06/2026 02:06;26/06/2026 13:04;;25/06/2026 03:04;74;NÃO;FORA DE GRU;AGENTE;AGENTE - KESIA SARAI ARAUJO SILVA;TRANSPORTE;EM ROTA -TERCEIROS;PENDENTE RECEBIMENTO;TRANSPORTE · EM ROTA -TERCEIROS · PENDENTE RECEBIMENTO;A8984;26/06/2026 00:38;;Datalogger enviado para agente TGEX TRANSPORTES E LOCACAO DE VEICULOS LTDA pelo serviço de integração do ESL.;ACIONAR AGENTE/RESPONSÁVEL
559216;A3778;ARES;00019200000013244787;SC;MINISTÉRIO DA SAUDE;25/06/2026 23:16;26/06/2026 15:30;;ENTREGUE;7172;MultiModal;26/06/2026 02:06;26/06/2026 13:04;;25/06/2026 03:05;74;NÃO;FORA DE GRU;AGENTE;AGENTE - KESIA SARAI ARAUJO SILVA;TRANSPORTE;EM ROTA -TERCEIROS;PENDENTE RECEBIMENTO;TRANSPORTE · EM ROTA -TERCEIROS · PENDENTE RECEBIMENTO;A3778;26/06/2026 00:42;;Datalogger enviado para agente TGEX TRANSPORTES E LOCACAO DE VEICULOS LTDA pelo serviço de integração do ESL.;ACIONAR AGENTE/RESPONSÁVEL
557269;A6325;ARES;00019200000013206915;PI;MINISTÉRIO DA SAUDE;24/06/2026 00:06;26/06/2026 15:00;;ENTREGUE;7121;MultiModal;24/06/2026 00:06;26/06/2026 17:00;;23/06/2026 10:31;74;NÃO;FORA DE GRU;AGENTE;AGENTE - HUMBERTO DA SILVA FERREIRA;TRANSPORTE;EM ROTA -TERCEIROS;PENDENTE RECEBIMENTO;TRANSPORTE · EM ROTA -TERCEIROS · PENDENTE RECEBIMENTO;A6325;06/07/2026 11:05;;Datalogger enviado para agente TRANSPRESS AIR CARGO LTDA pelo serviço de integração do ESL.;ACIONAR AGENTE/RESPONSÁVEL
557269;A8254;ARES;00019200000013206923;PI;MINISTÉRIO DA SAUDE;24/06/2026 00:06;26/06/2026 15:00;;ENTREGUE;7121;MultiModal;24/06/2026 00:06;26/06/2026 17:00;;23/06/2026 11:28;74;NÃO;FORA DE GRU;AGENTE;AGENTE - RAFAELLE FONTES;TRANSPORTE;EM ROTA -TERCEIROS;PENDENTE RECEBIMENTO;TRANSPORTE · EM ROTA -TERCEIROS · PENDENTE RECEBIMENTO;A8254;06/07/2026 11:05;;Datalogger enviado para agente TRANSPRESS AIR CARGO LTDA pelo serviço de integração do ESL.;ACIONAR AGENTE/RESPONSÁVEL
557269;A8352;ARES;00019200000013206931;PI;MINISTÉRIO DA SAUDE;24/06/2026 00:06;26/06/2026 15:00;;ENTREGUE;7121;MultiModal;24/06/2026 00:06;26/06/2026 17:00;;23/06/2026 10:01;74;NÃO;FORA DE GRU;AGENTE;AGENTE - FERNANDA NATTALY DO NASCIMENTO RODRIGUES;TRANSPORTE;EM ROTA -TERCEIROS;PENDENTE RECEBIMENTO;TRANSPORTE · EM ROTA -TERCEIROS · PENDENTE RECEBIMENTO;A8352;06/07/2026 11:05;;Datalogger enviado para agente TRANSPRESS AIR CARGO LTDA pelo serviço de integração do ESL.;ACIONAR AGENTE/RESPONSÁVEL
557269;A1548;ARES;00019200000013206940;PI;MINISTÉRIO DA SAUDE;24/06/2026 00:06;26/06/2026 15:00;;ENTREGUE;7121;MultiModal;24/06/2026 00:06;26/06/2026 17:00;;23/06/2026 12:47;74;NÃO;FORA DE GRU;AGENTE;AGENTE - EDINALDO PINTO CASSIMIRO;TRANSPORTE;EM ROTA -TERCEIROS;PENDENTE RECEBIMENTO;TRANSPORTE · EM ROTA -TERCEIROS · PENDENTE RECEBIMENTO;A1548;06/07/2026 11:05;;Datalogger enviado para agente TRANSPRESS AIR CARGO LTDA pelo serviço de integração do ESL.;ACIONAR AGENTE/RESPONSÁVEL
557269;A6941;ARES;00019200000013206958;PI;MINISTÉRIO DA SAUDE;24/06/2026 00:06;26/06/2026 15:00;;ENTREGUE;7121;MultiModal;24/06/2026 00:06;26/06/2026 17:00;;23/06/2026 09:31;74;NÃO;FORA DE GRU;AGENTE;AGENTE - MARCOS JOSE ARAUJO DE ASSIS;TRANSPORTE;EM ROTA -TERCEIROS;PENDENTE RECEBIMENTO;TRANSPORTE · EM ROTA -TERCEIROS · PENDENTE RECEBIMENTO;A6941;06/07/2026 11:05;;Datalogger enviado para agente TRANSPRESS AIR CARGO LTDA pelo serviço de integração do ESL.;ACIONAR AGENTE/RESPONSÁVEL
557269;A9428;ARES;00019200000013206966;PI;MINISTÉRIO DA SAUDE;24/06/2026 00:06;26/06/2026 15:00;;ENTREGUE;7121;MultiModal;24/06/2026 00:06;26/06/2026 17:00;;23/06/2026 09:34;74;NÃO;FORA DE GRU;AGENTE;AGENTE - MARCOS JOSE ARAUJO DE ASSIS;TRANSPORTE;EM ROTA -TERCEIROS;PENDENTE RECEBIMENTO;TRANSPORTE · EM ROTA -TERCEIROS · PENDENTE RECEBIMENTO;A9428;06/07/2026 11:05;;Datalogger enviado para agente TRANSPRESS AIR CARGO LTDA pelo serviço de integração do ESL.;ACIONAR AGENTE/RESPONSÁVEL
557269;TA0220;ARES;00019200000013207024;PI;MINISTÉRIO DA SAUDE;24/06/2026 00:06;26/06/2026 15:00;;ENTREGUE;7121;MultiModal;24/06/2026 00:06;26/06/2026 17:00;;23/06/2026 10:34;74;NÃO;FORA DE GRU;AGENTE;AGENTE - EDINALDO PINTO CASSIMIRO;TRANSPORTE;EM ROTA -TERCEIROS;PENDENTE RECEBIMENTO;TRANSPORTE · EM ROTA -TERCEIROS · PENDENTE RECEBIMENTO;TA0220;06/07/2026 11:05;;Datalogger enviado para agente TRANSPRESS AIR CARGO LTDA pelo serviço de integração do ESL.;ACIONAR AGENTE/RESPONSÁVEL
557269;TA0551;ARES;00019200000013207040;PI;MINISTÉRIO DA SAUDE;24/06/2026 00:06;26/06/2026 15:00;;ENTREGUE;7121;MultiModal;24/06/2026 00:06;26/06/2026 17:00;;23/06/2026 09:39;74;NÃO;FORA DE GRU;AGENTE;AGENTE - JOSE AIRTON LOURENCO DE OLIVEIRA JUNIOR;TRANSPORTE;EM ROTA -TERCEIROS;PENDENTE RECEBIMENTO;TRANSPORTE · EM ROTA -TERCEIROS · PENDENTE RECEBIMENTO;TA0551;06/07/2026 11:05;;Datalogger enviado para agente TRANSPRESS AIR CARGO LTDA pelo serviço de integração do ESL.;ACIONAR AGENTE/RESPONSÁVEL
557269;A1932;ARES;00019200000013207059;PI;MINISTÉRIO DA SAUDE;24/06/2026 00:06;26/06/2026 15:00;;ENTREGUE;7121;MultiModal;24/06/2026 00:06;26/06/2026 17:00;;23/06/2026 11:58;74;NÃO;FORA DE GRU;AGENTE;AGENTE - JOSE VENTURA;TRANSPORTE;EM ROTA -TERCEIROS;PENDENTE RECEBIMENTO;TRANSPORTE · EM ROTA -TERCEIROS · PENDENTE RECEBIMENTO;A1932;06/07/2026 11:05;;Datalogger enviado para agente TRANSPRESS AIR CARGO LTDA pelo serviço de integração do ESL.;ACIONAR AGENTE/RESPONSÁVEL
557269;A6571;ARES;00019200000013207121;PI;MINISTÉRIO DA SAUDE;24/06/2026 00:06;26/06/2026 15:00;;ENTREGUE;7121;MultiModal;24/06/2026 00:06;26/06/2026 17:00;;23/06/2026 10:05;74;NÃO;FORA DE GRU;AGENTE;AGENTE - JOSE AIRTON LOURENCO DE OLIVEIRA JUNIOR;TRANSPORTE;EM ROTA -TERCEIROS;PENDENTE RECEBIMENTO;TRANSPORTE · EM ROTA -TERCEIROS · PENDENTE RECEBIMENTO;A6571;06/07/2026 11:05;;Datalogger enviado para agente TRANSPRESS AIR CARGO LTDA pelo serviço de integração do ESL.;ACIONAR AGENTE/RESPONSÁVEL
557269;A8940;ARES;00019200000013207130;PI;MINISTÉRIO DA SAUDE;24/06/2026 00:06;26/06/2026 15:00;;ENTREGUE;7121;MultiModal;24/06/2026 00:06;26/06/2026 17:00;;23/06/2026 10:02;74;NÃO;FORA DE GRU;AGENTE;AGENTE - PATRICK KAUE RIBEIRO SOARES;TRANSPORTE;EM ROTA -TERCEIROS;PENDENTE RECEBIMENTO;TRANSPORTE · EM ROTA -TERCEIROS · PENDENTE RECEBIMENTO;A8940;06/07/2026 11:05;;Datalogger enviado para agente TRANSPRESS AIR CARGO LTDA pelo serviço de integração do ESL.;ACIONAR AGENTE/RESPONSÁVEL
557269;A5633;ARES;00019200000013207156;PI;MINISTÉRIO DA SAUDE;24/06/2026 00:06;26/06/2026 15:00;;ENTREGUE;7121;MultiModal;24/06/2026 00:06;26/06/2026 17:00;;23/06/2026 11:26;74;NÃO;FORA DE GRU;AGENTE;AGENTE - ROBERTA ALESSANDRA BARCELOS DA SILVA;TRANSPORTE;EM ROTA -TERCEIROS;PENDENTE RECEBIMENTO;TRANSPORTE · EM ROTA -TERCEIROS · PENDENTE RECEBIMENTO;A5633;06/07/2026 11:05;;Datalogger enviado para agente TRANSPRESS AIR CARGO LTDA pelo serviço de integração do ESL.;ACIONAR AGENTE/RESPONSÁVEL
557269;A2475;ARES;00019200000013207164;PI;MINISTÉRIO DA SAUDE;24/06/2026 00:06;26/06/2026 15:00;;ENTREGUE;7121;MultiModal;24/06/2026 00:06;26/06/2026 17:00;;23/06/2026 11:26;74;NÃO;FORA DE GRU;AGENTE;SYS - Usuário sistema;TRANSPORTE;EM ROTA -TERCEIROS;PENDENTE RECEBIMENTO;TRANSPORTE · EM ROTA -TERCEIROS · PENDENTE RECEBIMENTO;A2475;06/07/2026 11:05;;Datalogger enviado para agente TRANSPRESS AIR CARGO LTDA pelo serviço de integração do ESL.;ACIONAR AGENTE/RESPONSÁVEL
557269;TA0796;ARES;00019200000013207172;PI;MINISTÉRIO DA SAUDE;24/06/2026 00:06;26/06/2026 15:00;;ENTREGUE;7121;MultiModal;24/06/2026 00:06;26/06/2026 17:00;;23/06/2026 13:48;74;NÃO;FORA DE GRU;AGENTE;AGENTE - MARCOS ROBERTO CAVALLI;TRANSPORTE;EM ROTA -TERCEIROS;PENDENTE RECEBIMENTO;TRANSPORTE · EM ROTA -TERCEIROS · PENDENTE RECEBIMENTO;TA0796;06/07/2026 11:05;;Datalogger enviado para agente TRANSPRESS AIR CARGO LTDA pelo serviço de integração do ESL.;ACIONAR AGENTE/RESPONSÁVEL
557269;A8243;ARES;00019200000013207210;PI;MINISTÉRIO DA SAUDE;24/06/2026 00:06;26/06/2026 15:00;;ENTREGUE;7121;MultiModal;24/06/2026 00:06;26/06/2026 17:00;;23/06/2026 09:31;74;NÃO;FORA DE GRU;AGENTE;AGENTE - CHARLE BRASIL SILVERIO;TRANSPORTE;EM ROTA -TERCEIROS;PENDENTE RECEBIMENTO;TRANSPORTE · EM ROTA -TERCEIROS · PENDENTE RECEBIMENTO;A8243;06/07/2026 11:05;;Datalogger enviado para agente TRANSPRESS AIR CARGO LTDA pelo serviço de integração do ESL.;ACIONAR AGENTE/RESPONSÁVEL
557269;TA0245;ARES;00019200000013225928;PI;MINISTÉRIO DA SAUDE;24/06/2026 00:06;26/06/2026 15:00;;ENTREGUE;7121;MultiModal;24/06/2026 00:06;26/06/2026 17:00;;23/06/2026 12:50;74;NÃO;FORA DE GRU;AGENTE;AGENTE - JOSE AIRTON LOURENCO DE OLIVEIRA JUNIOR;TRANSPORTE;EM ROTA -TERCEIROS;PENDENTE RECEBIMENTO;TRANSPORTE · EM ROTA -TERCEIROS · PENDENTE RECEBIMENTO;TA0245;06/07/2026 11:05;;Datalogger enviado para agente TRANSPRESS AIR CARGO LTDA pelo serviço de integração do ESL.;ACIONAR AGENTE/RESPONSÁVEL
558748;A4217;ARES;00019200000013316338;SC;MINISTÉRIO DA SAUDE;24/06/2026 06:07;26/06/2026 14:34;;ENTREGUE;7132;MultiModal;24/06/2026 14:10;24/06/2026 19:32;;23/06/2026 11:24;74;NÃO;FORA DE GRU;AGENTE;AGENTE - ANTONIO WAGNER SANTOS LUCENA;TRANSPORTE;EM ROTA -TERCEIROS;PENDENTE RECEBIMENTO;TRANSPORTE · EM ROTA -TERCEIROS · PENDENTE RECEBIMENTO;A4217;25/06/2026 06:15;;Datalogger enviado para agente TGEX TRANSPORTES E LOCACAO DE VEICULOS LTDA pelo serviço de integração do ESL.;ACIONAR AGENTE/RESPONSÁVEL
558748;A8923;ARES;00019200000013316346;SC;MINISTÉRIO DA SAUDE;24/06/2026 06:07;26/06/2026 14:34;;ENTREGUE;7132;MultiModal;24/06/2026 14:10;24/06/2026 19:32;;23/06/2026 12:30;74;NÃO;FORA DE GRU;AGENTE;AGENTE - MARCUS VINICIUS DO NASCIMENTO ALCANTARA;TRANSPORTE;EM ROTA -TERCEIROS;PENDENTE RECEBIMENTO;TRANSPORTE · EM ROTA -TERCEIROS · PENDENTE RECEBIMENTO;A8923;25/06/2026 06:15;;Datalogger enviado para agente TGEX TRANSPORTES E LOCACAO DE VEICULOS LTDA pelo serviço de integração do ESL.;ACIONAR AGENTE/RESPONSÁVEL
559149;A2884;ARES;00019200000013328930;SP;MINISTÉRIO DA SAUDE;26/06/2026 01:35;26/06/2026 09:51;;ENTREGUE;7179;Rodoviário;26/06/2026 01:35;26/06/2026 09:51;;25/06/2026 03:05;74;NÃO;FORA DE GRU;AGENTE;AGENTE - FERNANDA NATTALY DO NASCIMENTO RODRIGUES;TRANSPORTE;EM ROTA -TERCEIROS;PENDENTE RECEBIMENTO;TRANSPORTE · EM ROTA -TERCEIROS · PENDENTE RECEBIMENTO;A2884;26/06/2026 05:36;;Datalogger enviado para agente VTC OPERADORA LOGISTICA LTDA pelo serviço de integração do ESL.;ACIONAR AGENTE/RESPONSÁVEL
559144;A9702;ARES;00019200000013333143;SP;MINISTÉRIO DA SAUDE;26/06/2026 01:35;26/06/2026 09:39;;ENTREGUE;7179;Rodoviário;26/06/2026 01:35;26/06/2026 09:39;;25/06/2026 03:04;74;NÃO;FORA DE GRU;AGENTE;AGENTE - KESIA SARAI ARAUJO SILVA;TRANSPORTE;EM ROTA -TERCEIROS;PENDENTE RECEBIMENTO;TRANSPORTE · EM ROTA -TERCEIROS · PENDENTE RECEBIMENTO;A9702;26/06/2026 05:38;;Datalogger enviado para agente VTC OPERADORA LOGISTICA LTDA pelo serviço de integração do ESL.;ACIONAR AGENTE/RESPONSÁVEL
557981;A6700;ARES;00019200000013320106;PA;MINISTÉRIO DA SAUDE;24/06/2026 00:33;25/06/2026 19:00;;ENTREGUE;7126;MultiModal;24/06/2026 00:33;25/06/2026 19:00;;25/06/2026 11:45;74;SIM;EM GRU;ESTOQUE - GRU;VTC - YASMIN SILVA TEIXEIRA;EM ESTOQUE;SALDO DE ESTOQUE;RECEBIDO;EM ESTOQUE · SALDO DE ESTOQUE · RECEBIDO;A6700;02/07/2026 16:58;;Datalogger restaurado para o estoque manualmente pelo usuário.;SINCRONIZAR EM GRU
557268;A6779;ARES;00019200000013205790;PE;MINISTÉRIO DA SAUDE;24/06/2026 08:11;25/06/2026 17:24;;ENTREGUE;7140;MultiModal;24/06/2026 08:11;25/06/2026 17:24;;25/06/2026 13:51;75;NÃO;FORA DE GRU;AGENTE;AGENTE - FERNANDA NATTALY DO NASCIMENTO RODRIGUES;TRANSPORTE;EM ROTA -TERCEIROS;PENDENTE RECEBIMENTO;TRANSPORTE · EM ROTA -TERCEIROS · PENDENTE RECEBIMENTO;A6779;24/06/2026 08:25;;Datalogger enviado para agente VTCLOG RECIFE pelo serviço de integração do ESL.;ACIONAR AGENTE/RESPONSÁVEL
557289;A0963;ARES;00019200000013320289;PE;MINISTÉRIO DA SAUDE;24/06/2026 04:57;25/06/2026 17:22;;ENTREGUE;;MultiModal;;;;23/06/2026 12:05;75;NÃO;FORA DE GRU;MANUTENÇÃO;VTC - KRISLAYNE RIBEIRO DA SILVA CARVALHO;TERCEIROS;MANUTENÇÃO SINTREX;PENDENTE RECEBIMENTO;TERCEIROS · MANUTENÇÃO SINTREX · PENDENTE RECEBIMENTO;A0963;01/07/2026 11:17;;Datalogger restaurado para o estoque manualmente pelo usuário.;VALIDAR COM MANUTENÇÃO
558616;A7502;ARES;00019200000013336525;BA;MINISTÉRIO DA SAUDE;23/06/2026 05:40;25/06/2026 16:50;;ENTREGUE;7106;MultiModal;23/06/2026 05:40;25/06/2026 16:50;;22/06/2026 16:37;75;NÃO;FORA DE GRU;AGENTE;AGENTE - JOSE AIRTON LOURENCO DE OLIVEIRA JUNIOR;TRANSPORTE;EM ROTA -TERCEIROS;PENDENTE RECEBIMENTO;TRANSPORTE · EM ROTA -TERCEIROS · PENDENTE RECEBIMENTO;A7502;23/06/2026 06:37;;Datalogger enviado para agente LUIS CELSO DA SILVEIRA PIMENTEL JUNIOR pelo serviço de integração do ESL.;ACIONAR AGENTE/RESPONSÁVEL
558612;TA0147;ARES;00019200000013336509;BA;MINISTÉRIO DA SAUDE;23/06/2026 05:40;25/06/2026 16:00;;ENTREGUE;7106;MultiModal;23/06/2026 05:40;25/06/2026 16:00;;22/06/2026 11:03;75;NÃO;FORA DE GRU;AGENTE;AGENTE - JOSE AIRTON LOURENCO DE OLIVEIRA JUNIOR;TRANSPORTE;EM ROTA -TERCEIROS;PENDENTE RECEBIMENTO;TRANSPORTE · EM ROTA -TERCEIROS · PENDENTE RECEBIMENTO;TA0147;23/06/2026 06:34;;Datalogger enviado para agente LUIS CELSO DA SILVEIRA PIMENTEL JUNIOR pelo serviço de integração do ESL.;ACIONAR AGENTE/RESPONSÁVEL
558944;A2354;ARES;00019200000013316273;MG;MINISTÉRIO DA SAUDE;24/06/2026 08:01;25/06/2026 16:00;;ENTREGUE;7132;MultiModal;25/06/2026 08:55;25/06/2026 11:20;;01/04/2026 17:26;75;NÃO;FORA DE GRU;AGENTE;AGENTE - MARCUS VINICIUS DO NASCIMENTO ALCANTARA;TRANSPORTE;EM ROTA -TERCEIROS;PENDENTE RECEBIMENTO;TRANSPORTE · EM ROTA -TERCEIROS · PENDENTE RECEBIMENTO;A2354;08/09/2026 16:14;;Datalogger enviado para agente UDI ENTREGAS URGENTES LTDA pelo serviço de integração do ESL.;ACIONAR AGENTE/RESPONSÁVEL
557960;A0178;ARES;00019200000013240234;MS;MINISTÉRIO DA SAUDE;18/06/2026 18:36;25/06/2026 14:47;;ENTREGUE;7132;MultiModal;24/06/2026 08:03;25/06/2026 14:47;;23/06/2026 13:50;75;NÃO;FORA DE GRU;MANUTENÇÃO;VTC - ANA PAULA OLIVEIRA DA SILVA;TERCEIROS;MANUTENÇÃO SINTREX;PENDENTE RECEBIMENTO;TERCEIROS · MANUTENÇÃO SINTREX · PENDENTE RECEBIMENTO;A0178;09/07/2026 09:19;;Datalogger restaurado para o estoque manualmente pelo usuário.;VALIDAR COM MANUTENÇÃO
557891;A0856;ARES;00019200000013334590;CE;MINISTÉRIO DA SAUDE;23/06/2026 04:00;25/06/2026 11:47;;ENTREGUE;7100;MultiModal;23/06/2026 04:00;25/06/2026 11:47;;22/06/2026 12:32;75;NÃO;FORA DE GRU;AGENTE;AGENTE - JOSE AIRTON LOURENCO DE OLIVEIRA JUNIOR;TRANSPORTE;EM ROTA -TERCEIROS;PENDENTE RECEBIMENTO;TRANSPORTE · EM ROTA -TERCEIROS · PENDENTE RECEBIMENTO;A0856;23/06/2026 04:52;;Datalogger enviado para agente NT TRANSPORTE LTDA pelo serviço de integração do ESL.;ACIONAR AGENTE/RESPONSÁVEL
557898;A3239;ARES;00019200000013318110;CE;MINISTÉRIO DA SAUDE;24/06/2026 00:22;25/06/2026 11:47;;ENTREGUE;7121;MultiModal;24/06/2026 00:22;25/06/2026 11:47;;25/06/2026 10:50;75;NÃO;FORA DE GRU;AGENTE;AGENTE - CHARLE BRASIL SILVERIO;TRANSPORTE;EM ROTA -TERCEIROS;PENDENTE RECEBIMENTO;TRANSPORTE · EM ROTA -TERCEIROS · PENDENTE RECEBIMENTO;A3239;24/06/2026 03:14;;Datalogger enviado para agente NT TRANSPORTE LTDA pelo serviço de integração do ESL.;ACIONAR AGENTE/RESPONSÁVEL
557910;A3534;ARES;00019200000013239724;RS;MINISTÉRIO DA SAUDE;23/06/2026 12:55;25/06/2026 10:07;25/06/2026 12:40;RECEBIDO NO CLIENTE;7117;Rodoviário;23/06/2026 12:55;25/06/2026 14:03;;25/06/2026 07:49;75;NÃO;FORA DE GRU;AGENTE;AGENTE - FERNANDA NATTALY DO NASCIMENTO RODRIGUES;TRANSPORTE;EM ROTA -TERCEIROS;PENDENTE RECEBIMENTO;TRANSPORTE · EM ROTA -TERCEIROS · PENDENTE RECEBIMENTO;A3534;23/06/2026 13:10;;Datalogger enviado para agente VTC OPERADORA LOGISTICA LTDA pelo serviço de integração do ESL.;ACIONAR AGENTE/RESPONSÁVEL
557539;A6581;ARES;00019200000013211250;PI;MINISTÉRIO DA SAUDE;24/06/2026 00:05;25/06/2026 10:00;;ENTREGUE;7122;MultiModal;24/06/2026 00:05;25/06/2026 10:00;;23/06/2026 09:31;75;NÃO;FORA DE GRU;AGENTE;AGENTE - EDINALDO PINTO CASSIMIRO;TRANSPORTE;EM ROTA -TERCEIROS;PENDENTE RECEBIMENTO;TRANSPORTE · EM ROTA -TERCEIROS · PENDENTE RECEBIMENTO;A6581;06/07/2026 11:05;;Datalogger enviado para agente TRANSPRESS AIR CARGO LTDA pelo serviço de integração do ESL.;ACIONAR AGENTE/RESPONSÁVEL
557906;A6110;ARES;00019200000013237594;RS;MINISTÉRIO DA SAUDE;23/06/2026 12:52;25/06/2026 10:00;25/06/2026 12:40;RECEBIDO NO CLIENTE;7117;Rodoviário;23/06/2026 12:52;25/06/2026 14:14;;30/10/2025 13:21;75;NÃO;FORA DE GRU;MANUTENÇÃO;VTC - KRISLAYNE RIBEIRO DA SILVA CARVALHO;TERCEIROS;MANUTENÇÃO SINTREX;PENDENTE RECEBIMENTO;TERCEIROS · MANUTENÇÃO SINTREX · PENDENTE RECEBIMENTO;A6110;13/07/2026 10:09;;Datalogger restaurado para o estoque manualmente pelo usuário.;VALIDAR COM MANUTENÇÃO
557906;A5471;ARES;00019200000013237632;RS;MINISTÉRIO DA SAUDE;23/06/2026 12:52;25/06/2026 10:00;25/06/2026 12:40;RECEBIDO NO CLIENTE;7117;Rodoviário;23/06/2026 12:52;25/06/2026 14:14;;22/10/2025 10:54;75;NÃO;FORA DE GRU;MANUTENÇÃO;VTC - ANA PAULA OLIVEIRA DA SILVA;TERCEIROS;MANUTENÇÃO SINTREX;PENDENTE RECEBIMENTO;TERCEIROS · MANUTENÇÃO SINTREX · PENDENTE RECEBIMENTO;A5471;13/07/2026 15:46;;Datalogger restaurado para o estoque manualmente pelo usuário.;VALIDAR COM MANUTENÇÃO
557825;A8946;ARES;00019200000013211544;MS;MINISTÉRIO DA SAUDE;23/06/2026 03:37;25/06/2026 09:15;;ENTREGUE;7092;MultiModal;23/06/2026 04:31;25/06/2026 09:15;;22/06/2026 12:11;75;NÃO;FORA DE GRU;AGENTE;AGENTE - MARCOS JOSE ARAUJO DE ASSIS;TRANSPORTE;EM ROTA -TERCEIROS;PENDENTE RECEBIMENTO;TRANSPORTE · EM ROTA -TERCEIROS · PENDENTE RECEBIMENTO;A8946;23/06/2026 06:28;;Datalogger enviado para agente CARDOSO E PADUA (LH TRANSPORTES E SERVICOS LTDA  pelo serviço de integração do ESL.;ACIONAR AGENTE/RESPONSÁVEL
558066;A1034;ARES;00019200000012926094;RS;MINISTÉRIO DA SAUDE;18/06/2026 04:22;24/06/2026 16:40;;ENTREGUE;7017;MultiModal;18/06/2026 04:22;24/06/2026 16:40;;18/06/2026 00:38;76;NÃO;FORA DE GRU;AGENTE;AGENTE - FERNANDA NATTALY DO NASCIMENTO RODRIGUES;TRANSPORTE;EM ROTA -TERCEIROS;PENDENTE RECEBIMENTO;TRANSPORTE · EM ROTA -TERCEIROS · PENDENTE RECEBIMENTO;A1034;03/08/2026 14:48;;Datalogger enviado para agente GMB TRANSPORTES E LOGISTICA LTDA pelo serviço de integração do ESL.;ACIONAR AGENTE/RESPONSÁVEL
557497;AS-0205;ARES COM SONDA;00019200000013321927;SC;MINISTÉRIO DA SAUDE;22/06/2026 23:13;24/06/2026 14:20;;ENTREGUE;7087;MultiModal;22/06/2026 23:13;24/06/2026 14:20;;22/06/2026 10:18;76;NÃO;FORA DE GRU;MANUTENÇÃO;VTC - ANA PAULA OLIVEIRA DA SILVA;TERCEIROS;MANUTENÇÃO SINTREX;PENDENTE RECEBIMENTO;TERCEIROS · MANUTENÇÃO SINTREX · PENDENTE RECEBIMENTO;AS-0205;01/07/2026 09:06;;Datalogger restaurado para o estoque manualmente pelo usuário.;VALIDAR COM MANUTENÇÃO
558743;TA0843;ARES;00019200000012615013;SP;MINISTÉRIO DA SAUDE;24/06/2026 07:55;24/06/2026 13:55;;ENTREGUE;6832;Rodoviário;24/06/2026 07:55;24/06/2026 13:55;;23/06/2026 13:09;76;NÃO;FORA DE GRU;AGENTE;AGENTE - FERNANDA NATTALY DO NASCIMENTO RODRIGUES;TRANSPORTE;EM ROTA -TERCEIROS;PENDENTE RECEBIMENTO;TRANSPORTE · EM ROTA -TERCEIROS · PENDENTE RECEBIMENTO;TA0843;24/06/2026 07:56;;Datalogger enviado para agente VTC OPERADORA LOGISTICA LTDA pelo serviço de integração do ESL.;ACIONAR AGENTE/RESPONSÁVEL
559053;A6363;ARES;00019200000013316575;SP;MINISTÉRIO DA SAUDE;24/06/2026 05:41;24/06/2026 12:16;;ENTREGUE;7144;Rodoviário;24/06/2026 05:41;24/06/2026 12:16;;23/06/2026 12:30;76;NÃO;FORA DE GRU;AGENTE;AGENTE - FERNANDA CLARA BRITO LETE;TRANSPORTE;EM ROTA -TERCEIROS;PENDENTE RECEBIMENTO;TRANSPORTE · EM ROTA -TERCEIROS · PENDENTE RECEBIMENTO;A6363;24/06/2026 05:48;;Datalogger enviado para agente VTC OPERADORA LOGISTICA LTDA pelo serviço de integração do ESL.;ACIONAR AGENTE/RESPONSÁVEL
557574;A6103;ARES;00019200000012923001;MG;MINISTÉRIO DA SAUDE;22/06/2026 18:48;24/06/2026 12:07;;ENTREGUE;7084;Rodoviário;22/06/2026 18:48;24/06/2026 12:07;;30/10/2025 13:21;76;NÃO;FORA DE GRU;MANUTENÇÃO;VTC - KRISLAYNE RIBEIRO DA SILVA CARVALHO;TERCEIROS;MANUTENÇÃO SINTREX;PENDENTE RECEBIMENTO;TERCEIROS · MANUTENÇÃO SINTREX · PENDENTE RECEBIMENTO;A6103;29/06/2026 09:21;;Datalogger restaurado para o estoque manualmente pelo usuário.;VALIDAR COM MANUTENÇÃO
557574;A6210;ARES;00019200000013224670;MG;MINISTÉRIO DA SAUDE;22/06/2026 18:48;24/06/2026 12:07;;ENTREGUE;7084;Rodoviário;22/06/2026 18:48;24/06/2026 12:07;;20/06/2026 23:06;76;NÃO;FORA DE GRU;MANUTENÇÃO;VTC - YASMIN SILVA TEIXEIRA;TERCEIROS;MANUTENÇÃO SINTREX;PENDENTE RECEBIMENTO;TERCEIROS · MANUTENÇÃO SINTREX · PENDENTE RECEBIMENTO;A6210;29/06/2026 09:25;;Datalogger restaurado para o estoque manualmente pelo usuário.;VALIDAR COM MANUTENÇÃO
557574;A5551;ARES;00019200000013224735;MG;MINISTÉRIO DA SAUDE;22/06/2026 18:48;24/06/2026 12:07;;ENTREGUE;7084;Rodoviário;22/06/2026 18:48;24/06/2026 12:07;;18/08/2025 09:20;76;NÃO;FORA DE GRU;MANUTENÇÃO;VTC - YASMIN SILVA TEIXEIRA;TERCEIROS;MANUTENÇÃO SINTREX;PENDENTE RECEBIMENTO;TERCEIROS · MANUTENÇÃO SINTREX · PENDENTE RECEBIMENTO;A5551;29/06/2026 09:00;;Datalogger restaurado para o estoque manualmente pelo usuário.;VALIDAR COM MANUTENÇÃO
557574;A6080;ARES;00019200000013224964;MG;MINISTÉRIO DA SAUDE;22/06/2026 18:48;24/06/2026 12:07;;ENTREGUE;7084;Rodoviário;22/06/2026 18:48;24/06/2026 12:07;;30/10/2025 13:21;76;NÃO;FORA DE GRU;MANUTENÇÃO;VTC - ANA PAULA OLIVEIRA DA SILVA;TERCEIROS;MANUTENÇÃO SINTREX;PENDENTE RECEBIMENTO;TERCEIROS · MANUTENÇÃO SINTREX · PENDENTE RECEBIMENTO;A6080;29/06/2026 12:18;;Datalogger restaurado para o estoque manualmente pelo usuário.;VALIDAR COM MANUTENÇÃO
557861;A5658;ARES;00019200000012433276;MA;MINISTÉRIO DA SAUDE;23/06/2026 06:35;24/06/2026 10:00;;ENTREGUE;7110;MultiModal;23/06/2026 06:35;24/06/2026 10:00;;20/06/2026 20:03;76;NÃO;FORA DE GRU;AGENTE;AGENTE - NICOLLE CHRISTIE CAMPOS MAGALHÃES;TRANSPORTE;EM ROTA -TERCEIROS;PENDENTE RECEBIMENTO;TRANSPORTE · EM ROTA -TERCEIROS · PENDENTE RECEBIMENTO;A5658;23/06/2026 06:46;;Datalogger enviado para agente P ROOSEVELT DOS REIS CAVALCANTE LTDA  pelo serviço de integração do ESL.;ACIONAR AGENTE/RESPONSÁVEL
557755;A2256;ARES;00019200000013243985;CE;MINISTÉRIO DA SAUDE;22/06/2026 00:46;23/06/2026 17:00;;ENTREGUE;7059;MultiModal;22/06/2026 00:46;23/06/2026 17:00;;23/06/2026 09:44;77;NÃO;FORA DE GRU;AGENTE;AGENTE - ROBERTA ALESSANDRA BARCELOS DA SILVA;TRANSPORTE;EM ROTA -TERCEIROS;PENDENTE RECEBIMENTO;TRANSPORTE · EM ROTA -TERCEIROS · PENDENTE RECEBIMENTO;A2256;22/06/2026 02:25;;Datalogger enviado para agente NT TRANSPORTE LTDA pelo serviço de integração do ESL.;ACIONAR AGENTE/RESPONSÁVEL
557258;A9218;ARES;00019200000013244248;CE;MINISTÉRIO DA SAUDE;22/06/2026 05:47;23/06/2026 16:30;;ENTREGUE;7061;MultiModal;22/06/2026 05:47;23/06/2026 16:30;;23/06/2026 09:45;77;NÃO;FORA DE GRU;AGENTE;AGENTE - RAFAELLE FONTES;TRANSPORTE;EM ROTA -TERCEIROS;PENDENTE RECEBIMENTO;TRANSPORTE · EM ROTA -TERCEIROS · PENDENTE RECEBIMENTO;A9218;22/06/2026 07:13;;Datalogger enviado para agente NT TRANSPORTE LTDA pelo serviço de integração do ESL.;ACIONAR AGENTE/RESPONSÁVEL
557258;A2560;ARES;00019200000013244337;CE;MINISTÉRIO DA SAUDE;22/06/2026 05:47;23/06/2026 16:30;;ENTREGUE;7061;MultiModal;22/06/2026 05:47;23/06/2026 16:30;;23/06/2026 09:44;77;NÃO;FORA DE GRU;AGENTE;AGENTE - RAFAELLE FONTES;TRANSPORTE;EM ROTA -TERCEIROS;PENDENTE RECEBIMENTO;TRANSPORTE · EM ROTA -TERCEIROS · PENDENTE RECEBIMENTO;A2560;22/06/2026 07:13;;Datalogger enviado para agente NT TRANSPORTE LTDA pelo serviço de integração do ESL.;ACIONAR AGENTE/RESPONSÁVEL
557961;TA0831;ARES;00019200000013241184;MT;MINISTÉRIO DA SAUDE;22/06/2026 05:48;23/06/2026 14:50;;ENTREGUE;7073;MultiModal;22/06/2026 05:48;23/06/2026 14:50;;20/06/2026 09:55;77;SIM;EM GRU;ESTOQUE - GRU;VTC - YASMIN SILVA TEIXEIRA;EM ESTOQUE;SALDO DE ESTOQUE;RECEBIDO;EM ESTOQUE · SALDO DE ESTOQUE · RECEBIDO;TA0831;02/07/2026 17:39;;Datalogger restaurado para o estoque manualmente pelo usuário.;SINCRONIZAR EM GRU
557964;A1569;ARES;00019200000013204092;MT;MINISTÉRIO DA SAUDE;22/06/2026 06:05;23/06/2026 14:40;;ENTREGUE;7073;MultiModal;22/06/2026 06:05;23/06/2026 14:40;;20/06/2026 09:49;77;SIM;EM GRU;ESTOQUE - GRU;VTC - YASMIN SILVA TEIXEIRA;EM ESTOQUE;SALDO DE ESTOQUE;RECEBIDO;EM ESTOQUE · SALDO DE ESTOQUE · RECEBIDO;A1569;02/07/2026 17:41;;Datalogger restaurado para o estoque manualmente pelo usuário.;SINCRONIZAR EM GRU
557964;TA0927;ARES;00019200000013204246;MT;MINISTÉRIO DA SAUDE;22/06/2026 06:05;23/06/2026 14:40;;ENTREGUE;7066;MultiModal;22/06/2026 06:05;23/06/2026 14:40;;20/06/2026 09:54;77;SIM;EM GRU;ESTOQUE - GRU;VTC - YASMIN SILVA TEIXEIRA;EM ESTOQUE;SALDO DE ESTOQUE;RECEBIDO;EM ESTOQUE · SALDO DE ESTOQUE · RECEBIDO;TA0927;02/07/2026 17:40;;Datalogger restaurado para o estoque manualmente pelo usuário.;SINCRONIZAR EM GRU
557964;A9098;ARES;00019200000013204270;MT;MINISTÉRIO DA SAUDE;22/06/2026 06:05;23/06/2026 14:40;;ENTREGUE;7073;MultiModal;22/06/2026 06:05;23/06/2026 14:40;;20/06/2026 10:54;77;SIM;EM GRU;ESTOQUE - GRU;VTC - YASMIN SILVA TEIXEIRA;EM ESTOQUE;SALDO DE ESTOQUE;RECEBIDO;EM ESTOQUE · SALDO DE ESTOQUE · RECEBIDO;A9098;02/07/2026 17:40;;Datalogger restaurado para o estoque manualmente pelo usuário.;SINCRONIZAR EM GRU
556403;A1045;ARES;00019200000012907383;MA;MINISTÉRIO DA SAUDE;22/06/2026 00:49;23/06/2026 10:00;;ENTREGUE;7056;MultiModal;22/06/2026 00:49;23/06/2026 10:00;;18/06/2026 09:19;77;NÃO;FORA DE GRU;AGENTE;AGENTE - EDINALDO PINTO CASSIMIRO;TRANSPORTE;EM ROTA -TERCEIROS;PENDENTE RECEBIMENTO;TRANSPORTE · EM ROTA -TERCEIROS · PENDENTE RECEBIMENTO;A1045;22/06/2026 02:33;;Datalogger enviado para agente P ROOSEVELT DOS REIS CAVALCANTE LTDA  pelo serviço de integração do ESL.;ACIONAR AGENTE/RESPONSÁVEL
556403;A8895;ARES;00019200000012907391;MA;MINISTÉRIO DA SAUDE;22/06/2026 00:49;23/06/2026 10:00;;ENTREGUE;7056;MultiModal;22/06/2026 00:49;23/06/2026 10:00;;20/06/2026 16:05;77;NÃO;FORA DE GRU;AGENTE;AGENTE - CHARLE BRASIL SILVERIO;TRANSPORTE;EM ROTA -TERCEIROS;PENDENTE RECEBIMENTO;TRANSPORTE · EM ROTA -TERCEIROS · PENDENTE RECEBIMENTO;A8895;22/06/2026 02:33;;Datalogger enviado para agente P ROOSEVELT DOS REIS CAVALCANTE LTDA  pelo serviço de integração do ESL.;ACIONAR AGENTE/RESPONSÁVEL
556403;A4008;ARES;00019200000012907413;MA;MINISTÉRIO DA SAUDE;22/06/2026 00:49;23/06/2026 10:00;;ENTREGUE;7056;MultiModal;22/06/2026 00:49;23/06/2026 10:00;;20/06/2026 13:32;77;NÃO;FORA DE GRU;AGENTE;AGENTE - PATRICK KAUE RIBEIRO SOARES;TRANSPORTE;EM ROTA -TERCEIROS;PENDENTE RECEBIMENTO;TRANSPORTE · EM ROTA -TERCEIROS · PENDENTE RECEBIMENTO;A4008;22/06/2026 02:33;;Datalogger enviado para agente P ROOSEVELT DOS REIS CAVALCANTE LTDA  pelo serviço de integração do ESL.;ACIONAR AGENTE/RESPONSÁVEL
557748;A3895;ARES;00019200000012696218;AC;MINISTÉRIO DA SAUDE;16/06/2026 23:58;22/06/2026 17:31;;ENTREGUE;6980;MultiModal;16/06/2026 23:58;22/06/2026 17:31;;14/06/2026 10:27;78;NÃO;FORA DE GRU;MANUTENÇÃO;AGENTE - FERNANDA NATTALY DO NASCIMENTO RODRIGUES;TERCEIROS;MANUTENÇÃO SINTREX;PENDENTE RECEBIMENTO;TERCEIROS · MANUTENÇÃO SINTREX · PENDENTE RECEBIMENTO;A3895;01/09/2026 22:39;;O Usuario Iris.teodorio tentou utilizar o DataLogger A3895 no local CÂMARA FRIA;VALIDAR COM MANUTENÇÃO
557749;A3190;ARES;00019200000012921106;AC;MINISTÉRIO DA SAUDE;17/06/2026 04:20;22/06/2026 17:28;;ENTREGUE;6988;MultiModal;17/06/2026 04:20;22/06/2026 17:28;;22/06/2026 10:28;78;NÃO;FORA DE GRU;AGENTE;AGENTE - FERNANDA CLARA BRITO LETE;TRANSPORTE;EM ROTA -TERCEIROS;PENDENTE RECEBIMENTO;TRANSPORTE · EM ROTA -TERCEIROS · PENDENTE RECEBIMENTO;A3190;17/06/2026 05:55;;Datalogger enviado para agente W S TRANSPORTES DE CARGAS E LOGISTICA LTDA pelo serviço de integração do ESL.;ACIONAR AGENTE/RESPONSÁVEL
558177;A4087;ARES;00019200000012697486;PE;MINISTÉRIO DA SAUDE;18/06/2026 04:37;22/06/2026 13:38;;ENTREGUE;7017;MultiModal;18/06/2026 04:37;22/06/2026 13:38;;18/06/2026 00:39;78;NÃO;FORA DE GRU;AGENTE;AGENTE - JOSE AIRTON LOURENCO DE OLIVEIRA JUNIOR;TRANSPORTE;EM ROTA -TERCEIROS;PENDENTE RECEBIMENTO;TRANSPORTE · EM ROTA -TERCEIROS · PENDENTE RECEBIMENTO;A4087;18/06/2026 06:20;;Datalogger enviado para agente VTCLOG RECIFE pelo serviço de integração do ESL.;ACIONAR AGENTE/RESPONSÁVEL
558167;A3147;ARES;00019200000013211013;SC;MINISTÉRIO DA SAUDE;18/06/2026 04:16;22/06/2026 12:14;;ENTREGUE;7017;MultiModal;18/06/2026 04:16;22/06/2026 12:14;;18/06/2026 00:34;78;NÃO;FORA DE GRU;AGENTE;AGENTE - FERNANDA NATTALY DO NASCIMENTO RODRIGUES;TRANSPORTE;EM ROTA -TERCEIROS;PENDENTE RECEBIMENTO;TRANSPORTE · EM ROTA -TERCEIROS · PENDENTE RECEBIMENTO;A3147;18/06/2026 05:55;;Datalogger enviado para agente TGEX TRANSPORTES E LOCACAO DE VEICULOS LTDA pelo serviço de integração do ESL.;ACIONAR AGENTE/RESPONSÁVEL
558314;A1624;ARES;00019200000012927023;RS;MINISTÉRIO DA SAUDE;18/06/2026 22:58;20/06/2026 17:00;;ENTREGUE;7029;MultiModal;18/06/2026 22:58;20/06/2026 17:00;;18/06/2026 09:37;80;NÃO;FORA DE GRU;AGENTE;AGENTE - PATRICK KAUE RIBEIRO SOARES;TRANSPORTE;EM ROTA -TERCEIROS;PENDENTE RECEBIMENTO;TRANSPORTE · EM ROTA -TERCEIROS · PENDENTE RECEBIMENTO;A1624;03/08/2026 14:48;;Datalogger enviado para agente GMB TRANSPORTES E LOGISTICA LTDA pelo serviço de integração do ESL.;ACIONAR AGENTE/RESPONSÁVEL
557217;TA1233;ARES;00019200000012698504;MS;MINISTÉRIO DA SAUDE;17/06/2026 23:34;19/06/2026 18:02;;ENTREGUE;7072;MultiModal;22/06/2026 05:49;23/06/2026 18:30;;19/06/2026 09:21;81;NÃO;FORA DE GRU;AGENTE;AGENTE - ROSANA HONORATO DA SILVA;TRANSPORTE;EM ROTA -TERCEIROS;PENDENTE RECEBIMENTO;TRANSPORTE · EM ROTA -TERCEIROS · PENDENTE RECEBIMENTO;TA1233;22/06/2026 02:22;;Datalogger enviado para agente CARDOSO E PADUA (LH TRANSPORTES E SERVICOS LTDA  pelo serviço de integração do ESL.;ACIONAR AGENTE/RESPONSÁVEL
557709;A6304;ARES;00019200000013225979;RN;MINISTÉRIO DA SAUDE;18/06/2026 04:16;19/06/2026 17:16;;ENTREGUE;7015;MultiModal;18/06/2026 04:16;19/06/2026 17:16;;18/06/2026 00:34;81;NÃO;FORA DE GRU;AGENTE;AGENTE - FERNANDA NATTALY DO NASCIMENTO RODRIGUES;TRANSPORTE;EM ROTA -TERCEIROS;PENDENTE RECEBIMENTO;TRANSPORTE · EM ROTA -TERCEIROS · PENDENTE RECEBIMENTO;A6304;18/06/2026 06:05;;Datalogger enviado para agente NAT - CSM CARGO pelo serviço de integração do ESL.;ACIONAR AGENTE/RESPONSÁVEL
556767;A9646;ARES;00019200000012655244;CE;MINISTÉRIO DA SAUDE;16/06/2026 05:31;19/06/2026 17:00;;ENTREGUE;6979;MultiModal;16/06/2026 23:56;19/06/2026 16:30;;18/06/2026 08:48;81;NÃO;FORA DE GRU;AGENTE;SYS - Usuário sistema;TRANSPORTE;EM ROTA -TERCEIROS;PENDENTE RECEBIMENTO;TRANSPORTE · EM ROTA -TERCEIROS · PENDENTE RECEBIMENTO;A9646;16/06/2026 18:28;;Datalogger enviado para agente NT TRANSPORTE LTDA pelo serviço de integração do ESL.;ACIONAR AGENTE/RESPONSÁVEL
556767;A0559;ARES;00019200000012655783;CE;MINISTÉRIO DA SAUDE;16/06/2026 05:31;19/06/2026 17:00;;ENTREGUE;6960;MultiModal;16/06/2026 05:31;20/06/2026 12:00;;15/06/2026 10:04;81;NÃO;FORA DE GRU;AGENTE;AGENTE - PATRICK KAUE RIBEIRO SOARES;TRANSPORTE;EM ROTA -TERCEIROS;PENDENTE RECEBIMENTO;TRANSPORTE · EM ROTA -TERCEIROS · PENDENTE RECEBIMENTO;A0559;16/06/2026 06:14;;Datalogger enviado para agente NT TRANSPORTE LTDA pelo serviço de integração do ESL.;ACIONAR AGENTE/RESPONSÁVEL
557708;A7573;ARES;00019200000012685399;BA;MINISTÉRIO DA SAUDE;16/06/2026 04:50;19/06/2026 14:00;;ENTREGUE;6954;MultiModal;16/06/2026 04:50;19/06/2026 14:00;;19/06/2026 08:33;81;NÃO;FORA DE GRU;AGENTE;AGENTE - NAYANA BATISTA DA SILVA;TRANSPORTE;EM ROTA -TERCEIROS;PENDENTE RECEBIMENTO;TRANSPORTE · EM ROTA -TERCEIROS · PENDENTE RECEBIMENTO;A7573;16/06/2026 06:09;;Datalogger enviado para agente LUIS CELSO DA SILVEIRA PIMENTEL JUNIOR pelo serviço de integração do ESL.;ACIONAR AGENTE/RESPONSÁVEL
557202;TA0680;ARES;00019200000012696277;MT;MINISTÉRIO DA SAUDE;18/06/2026 03:35;19/06/2026 11:11;;ENTREGUE;7002;MultiModal;18/06/2026 03:35;19/06/2026 11:11;;19/06/2026 10:31;81;SIM;EM GRU;ESTOQUE - GRU;VTC - YASMIN SILVA TEIXEIRA;EM ESTOQUE;SALDO DE ESTOQUE;RECEBIDO;EM ESTOQUE · SALDO DE ESTOQUE · RECEBIDO;TA0680;02/07/2026 17:40;;Datalogger restaurado para o estoque manualmente pelo usuário.;SINCRONIZAR EM GRU
557202;A7817;ARES;00019200000012696285;MT;MINISTÉRIO DA SAUDE;18/06/2026 03:35;19/06/2026 11:11;;ENTREGUE;7002;MultiModal;18/06/2026 03:35;19/06/2026 11:11;;19/06/2026 10:32;81;SIM;EM GRU;ESTOQUE - GRU;VTC - YASMIN SILVA TEIXEIRA;EM ESTOQUE;SALDO DE ESTOQUE;RECEBIDO;EM ESTOQUE · SALDO DE ESTOQUE · RECEBIDO;A7817;02/07/2026 17:40;;Datalogger restaurado para o estoque manualmente pelo usuário.;SINCRONIZAR EM GRU
556873;TA0298;ARES;00019200000012924628;PR;MINISTÉRIO DA SAUDE;16/06/2026 17:55;19/06/2026 08:59;;ENTREGUE;6983;MultiModal;17/06/2026 01:55;19/06/2026 09:05;;16/06/2026 10:09;81;NÃO;FORA DE GRU;AGENTE;AGENTE - ROBERTA ALESSANDRA BARCELOS DA SILVA;TRANSPORTE;EM ROTA -TERCEIROS;PENDENTE RECEBIMENTO;TRANSPORTE · EM ROTA -TERCEIROS · PENDENTE RECEBIMENTO;TA0298;16/06/2026 23:04;;Datalogger enviado para agente VTC OPERADORA LOGISTICA LTDA pelo serviço de integração do ESL.;ACIONAR AGENTE/RESPONSÁVEL
557640;TA0408;ARES;00019200000012921050;RS;MINISTÉRIO DA SAUDE;18/06/2026 03:50;18/06/2026 19:00;;ENTREGUE;7001;MultiModal;18/06/2026 03:50;18/06/2026 19:00;;16/06/2026 10:05;81;NÃO;FORA DE GRU;AGENTE;AGENTE - FERNANDA NATTALY DO NASCIMENTO RODRIGUES;TRANSPORTE;EM ROTA -TERCEIROS;PENDENTE RECEBIMENTO;TRANSPORTE · EM ROTA -TERCEIROS · PENDENTE RECEBIMENTO;TA0408;03/08/2026 14:48;;Datalogger enviado para agente GMB TRANSPORTES E LOGISTICA LTDA pelo serviço de integração do ESL.;ACIONAR AGENTE/RESPONSÁVEL
557653;A7889;ARES;00019200000013208870;SC;MINISTÉRIO DA SAUDE;16/06/2026 06:24;18/06/2026 17:04;;ENTREGUE;6962;MultiModal;16/06/2026 06:24;18/06/2026 17:04;;11/06/2026 10:35;82;NÃO;FORA DE GRU;AGENTE;AGENTE - JOSE AIRTON LOURENCO DE OLIVEIRA JUNIOR;TRANSPORTE;EM ROTA -TERCEIROS;PENDENTE RECEBIMENTO;TRANSPORTE · EM ROTA -TERCEIROS · PENDENTE RECEBIMENTO;A7889;16/06/2026 06:32;;Datalogger enviado para agente TGEX TRANSPORTES E LOCACAO DE VEICULOS LTDA pelo serviço de integração do ESL.;ACIONAR AGENTE/RESPONSÁVEL
557717;A6757;ARES;00019200000012921122;AL;MINISTÉRIO DA SAUDE;17/06/2026 03:46;18/06/2026 17:00;;ENTREGUE;6974;MultiModal;17/06/2026 03:46;18/06/2026 17:00;;18/06/2026 09:53;82;NÃO;FORA DE GRU;AGENTE;AGENTE - EDINALDO PINTO CASSIMIRO;TRANSPORTE;EM ROTA -TERCEIROS;PENDENTE RECEBIMENTO;TRANSPORTE · EM ROTA -TERCEIROS · PENDENTE RECEBIMENTO;A6757;17/06/2026 05:05;;Datalogger enviado para agente MCZ EXPRESS SERVICE LTDA  pelo serviço de integração do ESL.;ACIONAR AGENTE/RESPONSÁVEL
557829;A1338;ARES;00019200000012920983;CE;MINISTÉRIO DA SAUDE;17/06/2026 03:47;18/06/2026 16:35;;ENTREGUE;6974;MultiModal;17/06/2026 03:47;18/06/2026 16:35;;18/06/2026 08:48;82;NÃO;FORA DE GRU;AGENTE;AGENTE - HUMBERTO DA SILVA FERREIRA;TRANSPORTE;EM ROTA -TERCEIROS;PENDENTE RECEBIMENTO;TRANSPORTE · EM ROTA -TERCEIROS · PENDENTE RECEBIMENTO;A1338;17/06/2026 05:55;;Datalogger enviado para agente NT TRANSPORTE LTDA pelo serviço de integração do ESL.;ACIONAR AGENTE/RESPONSÁVEL
557332;A5624;ARES;00019200000012696226;BA;MINISTÉRIO DA SAUDE;17/06/2026 03:23;18/06/2026 15:30;;ENTREGUE;6981;MultiModal;17/06/2026 03:23;18/06/2026 15:30;;14/06/2026 10:58;82;NÃO;FORA DE GRU;AGENTE;AGENTE - JOSE AIRTON LOURENCO DE OLIVEIRA JUNIOR;TRANSPORTE;EM ROTA -TERCEIROS;PENDENTE RECEBIMENTO;TRANSPORTE · EM ROTA -TERCEIROS · PENDENTE RECEBIMENTO;A5624;17/06/2026 05:51;;Datalogger enviado para agente LUIS CELSO DA SILVEIRA PIMENTEL JUNIOR pelo serviço de integração do ESL.;ACIONAR AGENTE/RESPONSÁVEL
557671;TA0378;ARES;00019200000012685321;BA;MINISTÉRIO DA SAUDE;16/06/2026 04:52;18/06/2026 15:00;;ENTREGUE;6954;MultiModal;16/06/2026 04:52;18/06/2026 15:00;;12/06/2026 15:37;82;NÃO;FORA DE GRU;AGENTE;AGENTE - JOSE AIRTON LOURENCO DE OLIVEIRA JUNIOR;TRANSPORTE;EM ROTA -TERCEIROS;PENDENTE RECEBIMENTO;TRANSPORTE · EM ROTA -TERCEIROS · PENDENTE RECEBIMENTO;TA0378;16/06/2026 06:09;;Datalogger enviado para agente LUIS CELSO DA SILVEIRA PIMENTEL JUNIOR pelo serviço de integração do ESL.;ACIONAR AGENTE/RESPONSÁVEL
556811;A9554;ARES;00019200000012704946;PE;MINISTÉRIO DA SAUDE;16/06/2026 05:33;17/06/2026 18:17;;ENTREGUE;;MultiModal;;;;15/06/2026 14:06;83;NÃO;FORA DE GRU;AGENTE;AGENTE - NICOLLE CHRISTIE CAMPOS MAGALHÃES;TRANSPORTE;EM ROTA -TERCEIROS;PENDENTE RECEBIMENTO;TRANSPORTE · EM ROTA -TERCEIROS · PENDENTE RECEBIMENTO;A9554;16/06/2026 06:25;;Datalogger enviado para agente VTCLOG RECIFE pelo serviço de integração do ESL.;ACIONAR AGENTE/RESPONSÁVEL
557494;AS-0034;ARES COM SONDA;00019200000012921580;RS;MINISTÉRIO DA SAUDE;16/06/2026 05:11;17/06/2026 17:14;;ENTREGUE;6947;MultiModal;16/06/2026 09:00;17/06/2026 17:14;;15/06/2026 13:04;83;NÃO;FORA DE GRU;MANUTENÇÃO;VTC - ANA PAULA OLIVEIRA DA SILVA;TERCEIROS;MANUTENÇÃO SINTREX;PENDENTE RECEBIMENTO;TERCEIROS · MANUTENÇÃO SINTREX · PENDENTE RECEBIMENTO;AS-0034;10/07/2026 09:57;;Datalogger restaurado para o estoque manualmente pelo usuário.;VALIDAR COM MANUTENÇÃO
557673;A2179;ARES;00019200000013242482;RS;MINISTÉRIO DA SAUDE;16/06/2026 06:47;17/06/2026 17:00;;ENTREGUE;6966;MultiModal;16/06/2026 06:47;17/06/2026 17:00;;12/06/2026 15:38;83;NÃO;FORA DE GRU;AGENTE;AGENTE - NAYANA BATISTA DA SILVA;TRANSPORTE;EM ROTA -TERCEIROS;PENDENTE RECEBIMENTO;TRANSPORTE · EM ROTA -TERCEIROS · PENDENTE RECEBIMENTO;A2179;03/08/2026 14:48;;Datalogger enviado para agente GMB TRANSPORTES E LOGISTICA LTDA pelo serviço de integração do ESL.;ACIONAR AGENTE/RESPONSÁVEL
557088;A6876;ARES;00019200000012698105;MA;MINISTÉRIO DA SAUDE;16/06/2026 04:08;17/06/2026 15:00;;ENTREGUE;6950;MultiModal;16/06/2026 04:08;17/06/2026 15:00;;14/06/2026 08:26;83;NÃO;FORA DE GRU;AGENTE;AGENTE - MARCUS VINICIUS DO NASCIMENTO ALCANTARA;TRANSPORTE;EM ROTA -TERCEIROS;PENDENTE RECEBIMENTO;TRANSPORTE · EM ROTA -TERCEIROS · PENDENTE RECEBIMENTO;A6876;16/06/2026 04:22;;Datalogger enviado para agente P ROOSEVELT DOS REIS CAVALCANTE LTDA  pelo serviço de integração do ESL.;ACIONAR AGENTE/RESPONSÁVEL
557103;A7151;ARES;00019200000013242636;MS;MINISTÉRIO DA SAUDE;16/06/2026 04:49;17/06/2026 14:40;;ENTREGUE;6958;MultiModal;16/06/2026 04:49;17/06/2026 14:40;;15/06/2026 17:55;83;NÃO;FORA DE GRU;AGENTE;AGENTE - NAYANA BATISTA DA SILVA;TRANSPORTE;EM ROTA -TERCEIROS;PENDENTE RECEBIMENTO;TRANSPORTE · EM ROTA -TERCEIROS · PENDENTE RECEBIMENTO;A7151;16/06/2026 06:21;;Datalogger enviado para agente CARDOSO E PADUA (LH TRANSPORTES E SERVICOS LTDA  pelo serviço de integração do ESL.;ACIONAR AGENTE/RESPONSÁVEL
557484;AS-0266;ARES COM SONDA;00019200000012921351;PR;MINISTÉRIO DA SAUDE;16/06/2026 10:48;17/06/2026 11:23;;ENTREGUE;6946;Rodoviário;16/06/2026 10:48;17/06/2026 11:23;;11/06/2026 12:52;83;NÃO;FORA DE GRU;MANUTENÇÃO;VTC - YASMIN SILVA TEIXEIRA;TERCEIROS;MANUTENÇÃO SINTREX;PENDENTE RECEBIMENTO;TERCEIROS · MANUTENÇÃO SINTREX · PENDENTE RECEBIMENTO;AS-0266;22/06/2026 08:33;;Datalogger restaurado para o estoque manualmente pelo usuário.;VALIDAR COM MANUTENÇÃO
557850;TA0204;ARES;00019200000012920878;SP;MINISTÉRIO DA SAUDE;17/06/2026 04:34;17/06/2026 11:08;;ENTREGUE;6964;Rodoviário;;;;16/06/2026 09:02;83;NÃO;FORA DE GRU;AGENTE;AGENTE - MARCOS JOSE ARAUJO DE ASSIS;TRANSPORTE;EM ROTA -TERCEIROS;PENDENTE RECEBIMENTO;TRANSPORTE · EM ROTA -TERCEIROS · PENDENTE RECEBIMENTO;TA0204;17/06/2026 06:12;;Datalogger enviado para agente VTC OPERADORA LOGISTICA LTDA pelo serviço de integração do ESL.;ACIONAR AGENTE/RESPONSÁVEL
556646;A3086;ARES;00019200000012694550;MA;MINISTÉRIO DA SAUDE;16/06/2026 04:49;17/06/2026 08:00;;ENTREGUE;6955;MultiModal;16/06/2026 04:49;17/06/2026 08:00;;15/06/2026 13:13;83;NÃO;FORA DE GRU;AGENTE;AGENTE - RAFAELLE FONTES;TRANSPORTE;EM ROTA -TERCEIROS;PENDENTE RECEBIMENTO;TRANSPORTE · EM ROTA -TERCEIROS · PENDENTE RECEBIMENTO;A3086;16/06/2026 06:17;;Datalogger enviado para agente P ROOSEVELT DOS REIS CAVALCANTE LTDA  pelo serviço de integração do ESL.;ACIONAR AGENTE/RESPONSÁVEL
557602;TA0249;ARES;00019200000012695530;SP;MINISTÉRIO DA SAUDE;16/06/2026 08:01;16/06/2026 19:12;;ENTREGUE;6961;Rodoviário;16/06/2026 08:01;16/06/2026 19:12;;15/06/2026 09:27;83;NÃO;FORA DE GRU;AGENTE;AGENTE - JOSE AIRTON LOURENCO DE OLIVEIRA JUNIOR;TRANSPORTE;EM ROTA -TERCEIROS;PENDENTE RECEBIMENTO;TRANSPORTE · EM ROTA -TERCEIROS · PENDENTE RECEBIMENTO;TA0249;16/06/2026 08:02;;Datalogger enviado para agente VTC OPERADORA LOGISTICA LTDA pelo serviço de integração do ESL.;ACIONAR AGENTE/RESPONSÁVEL
557602;A5833;ARES;00019200000012695548;SP;MINISTÉRIO DA SAUDE;16/06/2026 08:01;16/06/2026 19:12;;ENTREGUE;6961;Rodoviário;16/06/2026 08:01;16/06/2026 19:12;;10/06/2026 12:47;83;NÃO;FORA DE GRU;AGENTE;AGENTE - RAFAELLE FONTES;TRANSPORTE;EM ROTA -TERCEIROS;PENDENTE RECEBIMENTO;TRANSPORTE · EM ROTA -TERCEIROS · PENDENTE RECEBIMENTO;A5833;16/06/2026 08:02;;Datalogger enviado para agente VTC OPERADORA LOGISTICA LTDA pelo serviço de integração do ESL.;ACIONAR AGENTE/RESPONSÁVEL
557502;A7125;ARES;00019200000012654418;RS;MINISTÉRIO DA SAUDE;11/06/2026 23:22;16/06/2026 19:00;;ENTREGUE;6891;MultiModal;;;;10/06/2026 20:54;83;NÃO;FORA DE GRU;AGENTE;AGENTE - PATRICK KAUE RIBEIRO SOARES;TRANSPORTE;EM ROTA -TERCEIROS;PENDENTE RECEBIMENTO;TRANSPORTE · EM ROTA -TERCEIROS · PENDENTE RECEBIMENTO;A7125;03/08/2026 14:48;;Datalogger enviado para agente GMB TRANSPORTES E LOGISTICA LTDA pelo serviço de integração do ESL.;ACIONAR AGENTE/RESPONSÁVEL
555028;A3171;ARES;00019200000012732753;RN;MINISTÉRIO DA SAUDE;13/06/2026 12:58;16/06/2026 18:01;;ENTREGUE;6908;MultiModal;13/06/2026 12:58;16/06/2026 18:01;;25/05/2026 15:27;84;NÃO;FORA DE GRU;AGENTE;AGENTE - JOSE AIRTON LOURENCO DE OLIVEIRA JUNIOR;TRANSPORTE;EM ROTA -TERCEIROS;PENDENTE RECEBIMENTO;TRANSPORTE · EM ROTA -TERCEIROS · PENDENTE RECEBIMENTO;A3171;13/06/2026 13:22;;Datalogger enviado para agente NAT - CSM CARGO pelo serviço de integração do ESL.;ACIONAR AGENTE/RESPONSÁVEL
556832;TA1028;ARES;00019200000012703605;RN;MINISTÉRIO DA SAUDE;15/06/2026 04:50;16/06/2026 17:59;;ENTREGUE;6932;MultiModal;15/06/2026 04:50;16/06/2026 17:59;;14/06/2026 08:46;84;NÃO;FORA DE GRU;AGENTE;AGENTE - JOSE AIRTON LOURENCO DE OLIVEIRA JUNIOR;TRANSPORTE;EM ROTA -TERCEIROS;PENDENTE RECEBIMENTO;TRANSPORTE · EM ROTA -TERCEIROS · PENDENTE RECEBIMENTO;TA1028;16/06/2026 03:51;;Datalogger enviado para agente NAT - CSM CARGO pelo serviço de integração do ESL.;ACIONAR AGENTE/RESPONSÁVEL
556832;A8927;ARES;00019200000012703974;RN;MINISTÉRIO DA SAUDE;15/06/2026 04:50;16/06/2026 17:59;;ENTREGUE;6932;MultiModal;15/06/2026 04:50;16/06/2026 17:59;;14/06/2026 07:49;84;NÃO;FORA DE GRU;AGENTE;AGENTE - ROBERTA ALESSANDRA BARCELOS DA SILVA;TRANSPORTE;EM ROTA -TERCEIROS;PENDENTE RECEBIMENTO;TRANSPORTE · EM ROTA -TERCEIROS · PENDENTE RECEBIMENTO;A8927;16/06/2026 03:51;;Datalogger enviado para agente NAT - CSM CARGO pelo serviço de integração do ESL.;ACIONAR AGENTE/RESPONSÁVEL
556832;A1683;ARES;00019200000012705195;RN;MINISTÉRIO DA SAUDE;15/06/2026 04:50;16/06/2026 17:59;;ENTREGUE;6932;MultiModal;15/06/2026 04:50;16/06/2026 17:59;;14/06/2026 10:40;84;NÃO;FORA DE GRU;AGENTE;AGENTE - FERNANDA NATTALY DO NASCIMENTO RODRIGUES;TRANSPORTE;EM ROTA -TERCEIROS;PENDENTE RECEBIMENTO;TRANSPORTE · EM ROTA -TERCEIROS · PENDENTE RECEBIMENTO;A1683;16/06/2026 03:51;;Datalogger enviado para agente NAT - CSM CARGO pelo serviço de integração do ESL.;ACIONAR AGENTE/RESPONSÁVEL
556832;A3610;ARES;00019200000012705268;RN;MINISTÉRIO DA SAUDE;15/06/2026 04:50;16/06/2026 17:59;;ENTREGUE;6932;MultiModal;15/06/2026 04:50;16/06/2026 17:59;;14/06/2026 07:59;84;NÃO;FORA DE GRU;AGENTE;AGENTE - ROBERTA ALESSANDRA BARCELOS DA SILVA;TRANSPORTE;EM ROTA -TERCEIROS;PENDENTE RECEBIMENTO;TRANSPORTE · EM ROTA -TERCEIROS · PENDENTE RECEBIMENTO;A3610;16/06/2026 03:51;;Datalogger enviado para agente NAT - CSM CARGO pelo serviço de integração do ESL.;ACIONAR AGENTE/RESPONSÁVEL
556832;A9503;ARES;00019200000012705284;RN;MINISTÉRIO DA SAUDE;15/06/2026 04:50;16/06/2026 17:59;;ENTREGUE;6932;MultiModal;15/06/2026 04:50;16/06/2026 17:59;;14/06/2026 10:20;84;NÃO;FORA DE GRU;AGENTE;AGENTE - ROBERTA ALESSANDRA BARCELOS DA SILVA;TRANSPORTE;EM ROTA -TERCEIROS;PENDENTE RECEBIMENTO;TRANSPORTE · EM ROTA -TERCEIROS · PENDENTE RECEBIMENTO;A9503;16/06/2026 03:51;;Datalogger enviado para agente NAT - CSM CARGO pelo serviço de integração do ESL.;ACIONAR AGENTE/RESPONSÁVEL
556832;TA0143;ARES;00019200000012705322;RN;MINISTÉRIO DA SAUDE;15/06/2026 04:50;16/06/2026 17:59;;ENTREGUE;6932;MultiModal;15/06/2026 04:50;16/06/2026 17:59;;14/06/2026 08:06;84;NÃO;FORA DE GRU;AGENTE;SYS - Usuário sistema;TRANSPORTE;EM ROTA -TERCEIROS;PENDENTE RECEBIMENTO;TRANSPORTE · EM ROTA -TERCEIROS · PENDENTE RECEBIMENTO;TA0143;16/06/2026 03:51;;Datalogger enviado para agente NAT - CSM CARGO pelo serviço de integração do ESL.;ACIONAR AGENTE/RESPONSÁVEL
556832;A5098;ARES;00019200000012705330;RN;MINISTÉRIO DA SAUDE;15/06/2026 04:50;16/06/2026 17:59;;ENTREGUE;6932;MultiModal;15/06/2026 04:50;16/06/2026 17:59;;14/06/2026 08:00;84;NÃO;FORA DE GRU;AGENTE;SYS - Usuário sistema;TRANSPORTE;EM ROTA -TERCEIROS;PENDENTE RECEBIMENTO;TRANSPORTE · EM ROTA -TERCEIROS · PENDENTE RECEBIMENTO;A5098;16/06/2026 03:51;;Datalogger enviado para agente NAT - CSM CARGO pelo serviço de integração do ESL.;ACIONAR AGENTE/RESPONSÁVEL
556745;A2958;ARES;00019200000012904058;PR;MINISTÉRIO DA SAUDE;15/06/2026 08:15;16/06/2026 17:51;;ENTREGUE;6925;MultiModal;15/06/2026 08:15;16/06/2026 17:51;;08/06/2026 11:42;84;NÃO;FORA DE GRU;AGENTE;AGENTE - HUMBERTO DA SILVA FERREIRA;TRANSPORTE;EM ROTA -TERCEIROS;PENDENTE RECEBIMENTO;TRANSPORTE · EM ROTA -TERCEIROS · PENDENTE RECEBIMENTO;A2958;15/06/2026 09:09;;Datalogger enviado para agente TGEX TRANSPORTES E LOCACAO DE VEICULOS LTDA pelo serviço de integração do ESL.;ACIONAR AGENTE/RESPONSÁVEL
557083;A2809;ARES;00019200000012658162;SC;MINISTÉRIO DA SAUDE;11/06/2026 00:22;16/06/2026 17:29;;ENTREGUE;6828;MultiModal;;;;10/06/2026 11:45;84;NÃO;FORA DE GRU;AGENTE;AGENTE - JOSE AIRTON LOURENCO DE OLIVEIRA JUNIOR;TRANSPORTE;EM ROTA -TERCEIROS;PENDENTE RECEBIMENTO;TRANSPORTE · EM ROTA -TERCEIROS · PENDENTE RECEBIMENTO;A2809;11/06/2026 06:32;;Datalogger enviado para agente TGEX TRANSPORTES E LOCACAO DE VEICULOS LTDA pelo serviço de integração do ESL.;ACIONAR AGENTE/RESPONSÁVEL
557698;A9473;ARES;00019200000012696129;SP;MINISTÉRIO DA SAUDE;16/06/2026 00:00;16/06/2026 17:15;;ENTREGUE;;Rodoviário;;;;14/06/2026 11:02;84;NÃO;FORA DE GRU;AGENTE;AGENTE - ROBERTA ALESSANDRA BARCELOS DA SILVA;TRANSPORTE;EM ROTA -TERCEIROS;PENDENTE RECEBIMENTO;TRANSPORTE · EM ROTA -TERCEIROS · PENDENTE RECEBIMENTO;A9473;16/06/2026 00:05;;Datalogger enviado para agente VTC OPERADORA LOGISTICA LTDA pelo serviço de integração do ESL.;ACIONAR AGENTE/RESPONSÁVEL
556621;A4299;ARES;00019200000012704245;PE;MINISTÉRIO DA SAUDE;15/06/2026 07:40;16/06/2026 17:05;;ENTREGUE;6934;MultiModal;15/06/2026 07:40;16/06/2026 17:05;;;84;SIM;EM GRU;ESTOQUE - GRU;VTC - YASMIN SILVA TEIXEIRA;EM ESTOQUE;SALDO DE ESTOQUE;RECEBIDO;EM ESTOQUE · SALDO DE ESTOQUE · RECEBIDO;A4299;10/07/2026 07:51;;Datalogger restaurado para o estoque manualmente pelo usuário.;SINCRONIZAR EM GRU
556651;A9584;ARES;00019200000013212915;MS;MINISTÉRIO DA SAUDE;13/06/2026 12:56;16/06/2026 16:00;;ENTREGUE;6908;MultiModal;13/06/2026 12:56;16/06/2026 16:00;;11/06/2026 17:17;84;NÃO;FORA DE GRU;AGENTE;AGENTE - JOSE AIRTON LOURENCO DE OLIVEIRA JUNIOR;TRANSPORTE;EM ROTA -TERCEIROS;PENDENTE RECEBIMENTO;TRANSPORTE · EM ROTA -TERCEIROS · PENDENTE RECEBIMENTO;A9584;13/06/2026 13:19;;Datalogger enviado para agente CARDOSO E PADUA (LH TRANSPORTES E SERVICOS LTDA  pelo serviço de integração do ESL.;ACIONAR AGENTE/RESPONSÁVEL
556779;A3739;ARES;00019200000012908339;PA;MINISTÉRIO DA SAUDE;13/06/2026 12:57;16/06/2026 15:30;;ENTREGUE;6908;MultiModal;13/06/2026 14:59;15/06/2026 17:00;;10/06/2026 20:38;84;NÃO;FORA DE GRU;AGENTE;AGENTE - JOSE AIRTON LOURENCO DE OLIVEIRA JUNIOR;TRANSPORTE;EM ROTA -TERCEIROS;PENDENTE RECEBIMENTO;TRANSPORTE · EM ROTA -TERCEIROS · PENDENTE RECEBIMENTO;A3739;13/06/2026 13:19;;Datalogger enviado para agente MH FROTA TRANSPORTE E LOGISTICA LTDA pelo serviço de integração do ESL.;ACIONAR AGENTE/RESPONSÁVEL
556779;A5396;ARES;00019200000012908479;PA;MINISTÉRIO DA SAUDE;13/06/2026 12:57;16/06/2026 15:30;;ENTREGUE;6908;MultiModal;13/06/2026 14:59;15/06/2026 17:00;;10/06/2026 20:38;84;NÃO;FORA DE GRU;AGENTE;AGENTE - MARCOS ROBERTO CAVALLI;TRANSPORTE;EM ROTA -TERCEIROS;PENDENTE RECEBIMENTO;TRANSPORTE · EM ROTA -TERCEIROS · PENDENTE RECEBIMENTO;A5396;13/06/2026 13:19;;Datalogger enviado para agente MH FROTA TRANSPORTE E LOGISTICA LTDA pelo serviço de integração do ESL.;ACIONAR AGENTE/RESPONSÁVEL
556304;A4692;ARES;00019200000012694541;MA;MINISTÉRIO DA SAUDE;15/06/2026 01:42;16/06/2026 15:00;;ENTREGUE;6921;MultiModal;15/06/2026 01:42;16/06/2026 15:00;;12/06/2026 12:39;84;NÃO;FORA DE GRU;AGENTE;AGENTE - MARCOS JOSE ARAUJO DE ASSIS;TRANSPORTE;EM ROTA -TERCEIROS;PENDENTE RECEBIMENTO;TRANSPORTE · EM ROTA -TERCEIROS · PENDENTE RECEBIMENTO;A4692;16/06/2026 02:09;;Datalogger enviado para agente P ROOSEVELT DOS REIS CAVALCANTE LTDA  pelo serviço de integração do ESL.;ACIONAR AGENTE/RESPONSÁVEL
556304;A3943;ARES;00019200000012704253;MA;MINISTÉRIO DA SAUDE;15/06/2026 01:42;16/06/2026 15:00;;ENTREGUE;6921;MultiModal;15/06/2026 01:42;16/06/2026 15:00;;09/05/2026 09:43;84;NÃO;FORA DE GRU;AGENTE;AGENTE - EDINALDO PINTO CASSIMIRO;TRANSPORTE;EM ROTA -TERCEIROS;PENDENTE RECEBIMENTO;TRANSPORTE · EM ROTA -TERCEIROS · PENDENTE RECEBIMENTO;A3943;16/06/2026 02:09;;Datalogger enviado para agente P ROOSEVELT DOS REIS CAVALCANTE LTDA  pelo serviço de integração do ESL.;ACIONAR AGENTE/RESPONSÁVEL
556504;A6740;ARES;00019200000013242610;MA;MINISTÉRIO DA SAUDE;15/06/2026 01:43;16/06/2026 15:00;;ENTREGUE;6919;MultiModal;15/06/2026 01:43;16/06/2026 15:00;;12/06/2026 17:26;84;NÃO;FORA DE GRU;AGENTE;AGENTE - CHARLE BRASIL SILVERIO;TRANSPORTE;EM ROTA -TERCEIROS;PENDENTE RECEBIMENTO;TRANSPORTE · EM ROTA -TERCEIROS · PENDENTE RECEBIMENTO;A6740;16/06/2026 02:09;;Datalogger enviado para agente P ROOSEVELT DOS REIS CAVALCANTE LTDA  pelo serviço de integração do ESL.;ACIONAR AGENTE/RESPONSÁVEL
556504;A8684;ARES;00019200000013242628;MA;MINISTÉRIO DA SAUDE;15/06/2026 01:43;16/06/2026 15:00;;ENTREGUE;6919;MultiModal;15/06/2026 01:43;16/06/2026 15:00;;12/06/2026 14:32;84;NÃO;FORA DE GRU;AGENTE;AGENTE - JOSE VENTURA;TRANSPORTE;EM ROTA -TERCEIROS;PENDENTE RECEBIMENTO;TRANSPORTE · EM ROTA -TERCEIROS · PENDENTE RECEBIMENTO;A8684;16/06/2026 02:09;;Datalogger enviado para agente P ROOSEVELT DOS REIS CAVALCANTE LTDA  pelo serviço de integração do ESL.;ACIONAR AGENTE/RESPONSÁVEL
556504;TA0751;ARES;00019200000013242644;MA;MINISTÉRIO DA SAUDE;15/06/2026 01:43;16/06/2026 15:00;;ENTREGUE;6919;MultiModal;15/06/2026 01:43;16/06/2026 15:00;;12/06/2026 18:14;84;NÃO;FORA DE GRU;AGENTE;AGENTE - JOSE AIRTON LOURENCO DE OLIVEIRA JUNIOR;TRANSPORTE;EM ROTA -TERCEIROS;PENDENTE RECEBIMENTO;TRANSPORTE · EM ROTA -TERCEIROS · PENDENTE RECEBIMENTO;TA0751;16/06/2026 02:09;;Datalogger enviado para agente P ROOSEVELT DOS REIS CAVALCANTE LTDA  pelo serviço de integração do ESL.;ACIONAR AGENTE/RESPONSÁVEL
556608;A8930;ARES;00019200000012694517;MA;MINISTÉRIO DA SAUDE;15/06/2026 01:42;16/06/2026 15:00;;ENTREGUE;6921;MultiModal;15/06/2026 01:42;16/06/2026 15:00;;12/06/2026 12:39;84;NÃO;FORA DE GRU;AGENTE;AGENTE - CHARLE BRASIL SILVERIO;TRANSPORTE;EM ROTA -TERCEIROS;PENDENTE RECEBIMENTO;TRANSPORTE · EM ROTA -TERCEIROS · PENDENTE RECEBIMENTO;A8930;16/06/2026 02:09;;Datalogger enviado para agente P ROOSEVELT DOS REIS CAVALCANTE LTDA  pelo serviço de integração do ESL.;ACIONAR AGENTE/RESPONSÁVEL
557176;A6058;ARES;00019200000012684520;SC;MINISTÉRIO DA SAUDE;15/06/2026 10:11;16/06/2026 13:40;;ENTREGUE;6942;MultiModal;15/06/2026 10:11;16/06/2026 13:40;;14/06/2026 08:44;84;NÃO;FORA DE GRU;AGENTE;AGENTE - JOSE AIRTON LOURENCO DE OLIVEIRA JUNIOR;TRANSPORTE;EM ROTA -TERCEIROS;PENDENTE RECEBIMENTO;TRANSPORTE · EM ROTA -TERCEIROS · PENDENTE RECEBIMENTO;A6058;15/06/2026 10:17;;Datalogger enviado para agente TGEX TRANSPORTES E LOCACAO DE VEICULOS LTDA pelo serviço de integração do ESL.;ACIONAR AGENTE/RESPONSÁVEL
557176;A4203;ARES;00019200000012684538;SC;MINISTÉRIO DA SAUDE;15/06/2026 10:11;16/06/2026 13:40;;ENTREGUE;6942;MultiModal;15/06/2026 10:11;16/06/2026 13:40;;14/06/2026 08:35;84;NÃO;FORA DE GRU;AGENTE;AGENTE - MARCOS JOSE ARAUJO DE ASSIS;TRANSPORTE;EM ROTA -TERCEIROS;PENDENTE RECEBIMENTO;TRANSPORTE · EM ROTA -TERCEIROS · PENDENTE RECEBIMENTO;A4203;15/06/2026 10:17;;Datalogger enviado para agente TGEX TRANSPORTES E LOCACAO DE VEICULOS LTDA pelo serviço de integração do ESL.;ACIONAR AGENTE/RESPONSÁVEL
557221;A4757;ARES;00019200000012684848;TO;MINISTÉRIO DA SAUDE;15/06/2026 05:06;16/06/2026 11:00;;ENTREGUE;7059;MultiModal;;;;25/05/2026 16:03;84;NÃO;FORA DE GRU;AGENTE;SYS - Usuário sistema;TRANSPORTE;EM ROTA -TERCEIROS;PENDENTE RECEBIMENTO;TRANSPORTE · EM ROTA -TERCEIROS · PENDENTE RECEBIMENTO;A4757;16/06/2026 03:48;;Datalogger enviado para agente MK BILLIG TRANSPORTE DE CARGAS E LOGISTICA LTDA pelo serviço de integração do ESL.;ACIONAR AGENTE/RESPONSÁVEL
557221;A3078;ARES;00019200000012684902;TO;MINISTÉRIO DA SAUDE;15/06/2026 05:06;16/06/2026 11:00;;ENTREGUE;7059;MultiModal;;;;10/06/2026 20:44;84;NÃO;FORA DE GRU;AGENTE;SYS - Usuário sistema;TRANSPORTE;EM ROTA -TERCEIROS;PENDENTE RECEBIMENTO;TRANSPORTE · EM ROTA -TERCEIROS · PENDENTE RECEBIMENTO;A3078;16/06/2026 03:48;;Datalogger enviado para agente MK BILLIG TRANSPORTE DE CARGAS E LOGISTICA LTDA pelo serviço de integração do ESL.;ACIONAR AGENTE/RESPONSÁVEL
557221;TA0040;ARES;00019200000013209604;TO;MINISTÉRIO DA SAUDE;15/06/2026 05:06;16/06/2026 11:00;;ENTREGUE;7059;MultiModal;;;;06/08/2025 17:12;84;NÃO;FORA DE GRU;AGENTE;SYS - Usuário sistema;TRANSPORTE;EM ROTA -TERCEIROS;PENDENTE RECEBIMENTO;TRANSPORTE · EM ROTA -TERCEIROS · PENDENTE RECEBIMENTO;TA0040;16/06/2026 03:48;;Datalogger enviado para agente MK BILLIG TRANSPORTE DE CARGAS E LOGISTICA LTDA pelo serviço de integração do ESL.;ACIONAR AGENTE/RESPONSÁVEL
556798;TA0709;ARES;00019200000012703990;MS;MINISTÉRIO DA SAUDE;15/06/2026 01:40;16/06/2026 10:00;;ENTREGUE;6926;MultiModal;15/06/2026 01:40;16/06/2026 10:00;;12/06/2026 12:42;84;NÃO;FORA DE GRU;AGENTE;VTC - YASMIN SILVA TEIXEIRA;TERCEIROS;CALIBRAÇÃO - ESSENCE;PENDENTE RECEBIMENTO;TERCEIROS · CALIBRAÇÃO - ESSENCE · PENDENTE RECEBIMENTO;TA0709;23/06/2026 09:53;;Datalogger restaurado para o estoque manualmente pelo usuário.;ACIONAR AGENTE/RESPONSÁVEL
556798;TA1109;ARES;00019200000012704024;MS;MINISTÉRIO DA SAUDE;15/06/2026 01:40;16/06/2026 10:00;;ENTREGUE;6926;MultiModal;15/06/2026 01:40;16/06/2026 10:00;;12/06/2026 14:55;84;NÃO;FORA DE GRU;AGENTE;AGENTE - MARCOS JOSE ARAUJO DE ASSIS;TRANSPORTE;EM ROTA -TERCEIROS;PENDENTE RECEBIMENTO;TRANSPORTE · EM ROTA -TERCEIROS · PENDENTE RECEBIMENTO;TA1109;16/06/2026 04:31;;Datalogger enviado para agente CARDOSO E PADUA (LH TRANSPORTES E SERVICOS LTDA  pelo serviço de integração do ESL.;ACIONAR AGENTE/RESPONSÁVEL
557336;A0818;ARES;00019200000012656488;RS;MINISTÉRIO DA SAUDE;12/06/2026 00:22;15/06/2026 17:00;;ENTREGUE;6893;MultiModal;;;;11/06/2026 10:36;85;NÃO;FORA DE GRU;AGENTE;AGENTE - RAFAELLE FONTES;TRANSPORTE;EM ROTA -TERCEIROS;PENDENTE RECEBIMENTO;TRANSPORTE · EM ROTA -TERCEIROS · PENDENTE RECEBIMENTO;A0818;03/08/2026 14:48;;Datalogger enviado para agente GMB TRANSPORTES E LOGISTICA LTDA pelo serviço de integração do ESL.;ACIONAR AGENTE/RESPONSÁVEL
557079;A3920;ARES;00019200000012658863;RO;MINISTÉRIO DA SAUDE;11/06/2026 00:31;15/06/2026 15:32;;ENTREGUE;6821;MultiModal;;;;15/06/2026 13:20;85;NÃO;FORA DE GRU;MANUTENÇÃO;VTC - KRISLAYNE RIBEIRO DA SILVA CARVALHO;TERCEIROS;MANUTENÇÃO SINTREX;PENDENTE RECEBIMENTO;TERCEIROS · MANUTENÇÃO SINTREX · PENDENTE RECEBIMENTO;A3920;06/07/2026 16:23;;Datalogger restaurado para o estoque manualmente pelo usuário.;VALIDAR COM MANUTENÇÃO
556720;A4386;ARES;00019200000012908010;MA;MINISTÉRIO DA SAUDE;13/06/2026 13:23;15/06/2026 15:00;;ENTREGUE;6918;MultiModal;15/06/2026 01:40;16/06/2026 17:00;;12/06/2026 15:11;85;NÃO;FORA DE GRU;MANUTENÇÃO;VTC - YASMIN SILVA TEIXEIRA;TERCEIROS;MANUTENÇÃO SINTREX;PENDENTE RECEBIMENTO;TERCEIROS · MANUTENÇÃO SINTREX · PENDENTE RECEBIMENTO;A4386;30/06/2026 09:17;;Datalogger restaurado para o estoque manualmente pelo usuário.;VALIDAR COM MANUTENÇÃO
556442;A3059;ARES;00019200000012686387;ES;MINISTÉRIO DA SAUDE;13/06/2026 12:53;15/06/2026 14:50;;ENTREGUE;6908;Rodoviário;13/06/2026 12:53;15/06/2026 14:50;;29/04/2026 10:15;85;SIM;EM GRU;ESTOQUE - GRU;VTC - ANA PAULA OLIVEIRA DA SILVA;EM ESTOQUE;SALDO DE ESTOQUE;RECEBIDO;EM ESTOQUE · SALDO DE ESTOQUE · RECEBIDO;A3059;07/09/2026 14:26;;Datalogger restaurado para o estoque manualmente pelo usuário.;SINCRONIZAR EM GRU
556578;A5407;ARES;00019200000012685488;ES;MINISTÉRIO DA SAUDE;13/06/2026 12:52;15/06/2026 14:10;;ENTREGUE;6908;Rodoviário;13/06/2026 12:52;15/06/2026 14:10;;30/03/2026 10:07;85;NÃO;FORA DE GRU;AGENTE;AGENTE - JOSE AIRTON LOURENCO DE OLIVEIRA JUNIOR;TRANSPORTE;EM ROTA -TERCEIROS;PENDENTE RECEBIMENTO;TRANSPORTE · EM ROTA -TERCEIROS · PENDENTE RECEBIMENTO;A5407;13/06/2026 13:19;;Datalogger enviado para agente SOULOG SOLUCOES EM TRANSPORTES E SERVICOS LTDA pelo serviço de integração do ESL.;ACIONAR AGENTE/RESPONSÁVEL
557309;A8509;ARES;00019200000012658332;SC;MINISTÉRIO DA SAUDE;11/06/2026 00:22;15/06/2026 10:43;;ENTREGUE;6828;MultiModal;;;;10/06/2026 10:24;85;NÃO;FORA DE GRU;AGENTE;AGENTE - EDINALDO PINTO CASSIMIRO;TRANSPORTE;EM ROTA -TERCEIROS;PENDENTE RECEBIMENTO;TRANSPORTE · EM ROTA -TERCEIROS · PENDENTE RECEBIMENTO;A8509;11/06/2026 06:30;;Datalogger enviado para agente TGEX TRANSPORTES E LOCACAO DE VEICULOS LTDA pelo serviço de integração do ESL.;ACIONAR AGENTE/RESPONSÁVEL
557091;A5084;ARES;00019200000012658448;SP;MINISTÉRIO DA SAUDE;15/06/2026 05:53;15/06/2026 08:27;;ENTREGUE;6923;Rodoviário;15/06/2026 05:53;15/06/2026 08:27;;05/06/2026 12:17;85;NÃO;FORA DE GRU;AGENTE;AGENTE - ANA CLÁUDIA FERREIRA LUDWIG;TRANSPORTE;EM ROTA -TERCEIROS;PENDENTE RECEBIMENTO;TRANSPORTE · EM ROTA -TERCEIROS · PENDENTE RECEBIMENTO;A5084;16/06/2026 06:21;;Datalogger enviado para agente VTC OPERADORA LOGISTICA LTDA pelo serviço de integração do ESL.;ACIONAR AGENTE/RESPONSÁVEL
557386;A1141;ARES;00019200000012656534;PE;MINISTÉRIO DA SAUDE;11/06/2026 23:22;13/06/2026 13:10;;ENTREGUE;6891;MultiModal;;;;11/06/2026 10:36;87;NÃO;FORA DE GRU;AGENTE;AGENTE - RAFAELLE FONTES;TRANSPORTE;EM ROTA -TERCEIROS;PENDENTE RECEBIMENTO;TRANSPORTE · EM ROTA -TERCEIROS · PENDENTE RECEBIMENTO;A1141;12/06/2026 02:36;;Datalogger enviado para agente VTCLOG RECIFE pelo serviço de integração do ESL.;ACIONAR AGENTE/RESPONSÁVEL
557333;TA0314;ARES;00019200000012704997;BA;MINISTÉRIO DA SAUDE;11/06/2026 23:14;13/06/2026 13:00;;ENTREGUE;6891;MultiModal;;;;10/06/2026 20:46;87;NÃO;FORA DE GRU;AGENTE;AGENTE - JOSE AIRTON LOURENCO DE OLIVEIRA JUNIOR;TRANSPORTE;EM ROTA -TERCEIROS;PENDENTE RECEBIMENTO;TRANSPORTE · EM ROTA -TERCEIROS · PENDENTE RECEBIMENTO;TA0314;12/06/2026 02:27;;Datalogger enviado para agente MARCIO ALEXANDRE DE JESUS MARQUES - MASPEX  pelo serviço de integração do ESL.;ACIONAR AGENTE/RESPONSÁVEL
20260868;A5013;ARES;00019200000012656372;RJ;MINISTÉRIO DA SAUDE;12/06/2026 00:56;13/06/2026 11:00;;ENTREGUE;6894;MultiModal;;;;10/06/2026 20:45;87;NÃO;FORA DE GRU;AGENTE;AGENTE - NAYANA BATISTA DA SILVA;TRANSPORTE;EM ROTA -TERCEIROS;PENDENTE RECEBIMENTO;TRANSPORTE · EM ROTA -TERCEIROS · PENDENTE RECEBIMENTO;A5013;12/06/2026 02:36;;Datalogger enviado para agente VTCLOG RJ GALEAO pelo serviço de integração do ESL.;ACIONAR AGENTE/RESPONSÁVEL
556511;A8033;ARES;00019200000012656593;PR;MINISTÉRIO DA SAUDE;11/06/2026 05:56;12/06/2026 17:50;;ENTREGUE;6875;MultiModal;;;;10/06/2026 10:21;88;NÃO;FORA DE GRU;AGENTE;AGENTE - HUMBERTO DA SILVA FERREIRA;TRANSPORTE;EM ROTA -TERCEIROS;PENDENTE RECEBIMENTO;TRANSPORTE · EM ROTA -TERCEIROS · PENDENTE RECEBIMENTO;A8033;11/06/2026 07:01;;Datalogger enviado para agente TGEX TRANSPORTES E LOCACAO DE VEICULOS LTDA pelo serviço de integração do ESL.;ACIONAR AGENTE/RESPONSÁVEL
556511;A4361;ARES;00019200000012702935;PR;MINISTÉRIO DA SAUDE;11/06/2026 05:56;12/06/2026 17:50;;ENTREGUE;6875;MultiModal;;;;21/04/2026 11:41;88;NÃO;FORA DE GRU;AGENTE;AGENTE - HUMBERTO DA SILVA FERREIRA;TRANSPORTE;EM ROTA -TERCEIROS;PENDENTE RECEBIMENTO;TRANSPORTE · EM ROTA -TERCEIROS · PENDENTE RECEBIMENTO;A4361;11/06/2026 07:01;;Datalogger enviado para agente TGEX TRANSPORTES E LOCACAO DE VEICULOS LTDA pelo serviço de integração do ESL.;ACIONAR AGENTE/RESPONSÁVEL
556443;A3811;ARES;00019200000012904678;MS;MINISTÉRIO DA SAUDE;11/06/2026 00:36;12/06/2026 17:13;;ENTREGUE;6827;MultiModal;;;;08/06/2026 12:22;88;NÃO;FORA DE GRU;AGENTE;AGENTE - MARCOS JOSE ARAUJO DE ASSIS;TRANSPORTE;EM ROTA -TERCEIROS;PENDENTE RECEBIMENTO;TRANSPORTE · EM ROTA -TERCEIROS · PENDENTE RECEBIMENTO;A3811;11/06/2026 06:17;;Datalogger enviado para agente CARDOSO E PADUA (LH TRANSPORTES E SERVICOS LTDA  pelo serviço de integração do ESL.;ACIONAR AGENTE/RESPONSÁVEL
556506;A4037;ARES;00019200000012904694;MS;MINISTÉRIO DA SAUDE;11/06/2026 00:36;12/06/2026 17:10;;ENTREGUE;6827;MultiModal;;;;08/06/2026 11:51;88;NÃO;FORA DE GRU;AGENTE;AGENTE - EDINALDO PINTO CASSIMIRO;TRANSPORTE;EM ROTA -TERCEIROS;PENDENTE RECEBIMENTO;TRANSPORTE · EM ROTA -TERCEIROS · PENDENTE RECEBIMENTO;A4037;11/06/2026 06:13;;Datalogger enviado para agente CARDOSO E PADUA (LH TRANSPORTES E SERVICOS LTDA  pelo serviço de integração do ESL.;ACIONAR AGENTE/RESPONSÁVEL
557367;A3188;ARES;00019200000012656526;BA;MINISTÉRIO DA SAUDE;11/06/2026 23:18;12/06/2026 16:40;;ENTREGUE;6891;MultiModal;;;;12/06/2026 15:40;88;NÃO;FORA DE GRU;AGENTE;AGENTE - RAFAELLE FONTES;TRANSPORTE;EM ROTA -TERCEIROS;PENDENTE RECEBIMENTO;TRANSPORTE · EM ROTA -TERCEIROS · PENDENTE RECEBIMENTO;A3188;12/06/2026 02:27;;Datalogger enviado para agente LUIS CELSO DA SILVEIRA PIMENTEL JUNIOR pelo serviço de integração do ESL.;ACIONAR AGENTE/RESPONSÁVEL
557049;A8074;ARES;00019200000012656496;SP;MINISTÉRIO DA SAUDE;12/06/2026 02:55;12/06/2026 14:47;;ENTREGUE;6896;Rodoviário;;;;11/06/2026 10:35;88;NÃO;FORA DE GRU;AGENTE;AGENTE - RAFAELLE FONTES;TRANSPORTE;EM ROTA -TERCEIROS;PENDENTE RECEBIMENTO;TRANSPORTE · EM ROTA -TERCEIROS · PENDENTE RECEBIMENTO;A8074;12/06/2026 04:50;;Datalogger enviado para agente VTC OPERADORA LOGISTICA LTDA pelo serviço de integração do ESL.;ACIONAR AGENTE/RESPONSÁVEL
557123;TA0838;ARES;00019200000012658391;BA;MINISTÉRIO DA SAUDE;11/06/2026 00:28;12/06/2026 14:46;;ENTREGUE;6821;MultiModal;;;;09/06/2026 20:08;88;NÃO;FORA DE GRU;AGENTE;AGENTE - PATRICK KAUE RIBEIRO SOARES;TRANSPORTE;EM ROTA -TERCEIROS;PENDENTE RECEBIMENTO;TRANSPORTE · EM ROTA -TERCEIROS · PENDENTE RECEBIMENTO;TA0838;11/06/2026 06:07;;Datalogger enviado para agente MARCIO ALEXANDRE DE JESUS MARQUES - MASPEX  pelo serviço de integração do ESL.;ACIONAR AGENTE/RESPONSÁVEL
557313;A7043;ARES;00019200000012657999;SC;MINISTÉRIO DA SAUDE;11/06/2026 00:23;12/06/2026 14:26;;ENTREGUE;6828;MultiModal;;;;10/06/2026 11:40;88;NÃO;FORA DE GRU;AGENTE;AGENTE - FERNANDA CLARA BRITO LETE;TRANSPORTE;EM ROTA -TERCEIROS;PENDENTE RECEBIMENTO;TRANSPORTE · EM ROTA -TERCEIROS · PENDENTE RECEBIMENTO;A7043;11/06/2026 06:32;;Datalogger enviado para agente TGEX TRANSPORTES E LOCACAO DE VEICULOS LTDA pelo serviço de integração do ESL.;ACIONAR AGENTE/RESPONSÁVEL
556596;A5038;ARES;00019200000012727580;RJ;MINISTÉRIO DA SAUDE;10/06/2026 12:00;12/06/2026 13:00;;ENTREGUE;6814;MultiModal;;;;10/06/2026 16:56;88;NÃO;FORA DE GRU;AGENTE;SYS - Usuário sistema;TRANSPORTE;EM ROTA -TERCEIROS;PENDENTE RECEBIMENTO;TRANSPORTE · EM ROTA -TERCEIROS · PENDENTE RECEBIMENTO;A5038;11/06/2026 00:09;;Datalogger enviado para agente VTCLOG RJ GALEAO pelo serviço de integração do ESL.;ACIONAR AGENTE/RESPONSÁVEL
556951;A5046;ARES;00019200000012658910;PB;MINISTÉRIO DA SAUDE;11/06/2026 04:50;12/06/2026 12:24;;ENTREGUE;6814;MultiModal;;;;10/06/2026 16:51;88;NÃO;FORA DE GRU;AGENTE;SYS - Usuário sistema;TRANSPORTE;EM ROTA -TERCEIROS;PENDENTE RECEBIMENTO;TRANSPORTE · EM ROTA -TERCEIROS · PENDENTE RECEBIMENTO;A5046;11/06/2026 06:46;;Datalogger enviado para agente MJ TRANSPORTES CARGO EXPRESS LTDA pelo serviço de integração do ESL.;ACIONAR AGENTE/RESPONSÁVEL
556875;A5127;ARES;00019200000012656984;SC;MINISTÉRIO DA SAUDE;11/06/2026 08:23;12/06/2026 11:30;;ENTREGUE;6885;MultiModal;;;;25/05/2026 15:27;88;NÃO;FORA DE GRU;AGENTE;SYS - Usuário sistema;TRANSPORTE;EM ROTA -TERCEIROS;PENDENTE RECEBIMENTO;TRANSPORTE · EM ROTA -TERCEIROS · PENDENTE RECEBIMENTO;A5127;11/06/2026 08:25;;Datalogger enviado para agente TGEX TRANSPORTES E LOCACAO DE VEICULOS LTDA pelo serviço de integração do ESL.;ACIONAR AGENTE/RESPONSÁVEL
