Pedido;UF;Logger;LPN;MODAL;Data da coleta;Data da entrega;COLETA EMBARQUE;ENTREGA EMBARQUE
555088;AC;A0239;00019200000013202200;MultiModal;02/07/2026 00:10;07/07/2026 18:00;02/07/2026 00:10;07/07/2026 18:00
555088;AC;TA0335;00019200000013202219;MultiModal;02/07/2026 00:10;07/07/2026 18:00;02/07/2026 00:10;07/07/2026 18:00
556742;AC;A6529;00019200000012905500;MultiModal;13/06/2026 12:46;17/06/2026 17:00;13/06/2026 12:46;17/06/2026 17:00
556742;AC;A9481;00019200000012906239;MultiModal;13/06/2026 12:46;17/06/2026 17:00;13/06/2026 12:46;17/06/2026 17:00
556742;AC;A0956;00019200000012906247;MultiModal;13/06/2026 12:46;17/06/2026 17:00;13/06/2026 12:46;17/06/2026 17:00
556742;AC;A7277;00019200000012906280;MultiModal;13/06/2026 12:46;17/06/2026 17:00;13/06/2026 12:46;17/06/2026 17:00
556742;AC;A8666;00019200000012906298;MultiModal;13/06/2026 12:46;17/06/2026 17:00;13/06/2026 12:46;17/06/2026 17:00
556760;AC;A7945;00019200000012702374;MultiModal;13/06/2026 12:46;17/06/2026 17:00;13/06/2026 12:46;17/06/2026 17:00
556760;AC;TA0945;00019200000012908274;MultiModal;13/06/2026 12:46;17/06/2026 17:00;13/06/2026 12:46;17/06/2026 17:00
556760;AC;A4349;00019200000012908282;MultiModal;13/06/2026 12:46;17/06/2026 17:00;13/06/2026 12:46;17/06/2026 17:00
556760;AC;A3872;00019200000012908290;MultiModal;13/06/2026 12:46;17/06/2026 17:00;13/06/2026 12:46;17/06/2026 17:00
556915;AC;A7150;00019200000012905798;MultiModal;11/06/2026 00:34;13/06/2026 11:11;-;-
556915;AC;A7957;00019200000012905836;MultiModal;11/06/2026 00:34;13/06/2026 11:11;-;-
557011;AC;A1501;00019200000012904503;MultiModal;15/06/2026 08:15;18/06/2026 11:00;15/06/2026 08:15;18/06/2026 11:00
557011;AC;A2706;00019200000012904511;MultiModal;15/06/2026 08:15;18/06/2026 11:00;15/06/2026 08:15;18/06/2026 11:00
557011;AC;A7846;00019200000012904562;MultiModal;15/06/2026 08:15;18/06/2026 11:00;15/06/2026 08:15;18/06/2026 11:00
557095;AC;TA0912;00019200000012386960;MultiModal;15/06/2026 08:13;18/06/2026 11:00;15/06/2026 08:13;18/06/2026 11:00
557095;AC;A4474;00019200000012386979;MultiModal;15/06/2026 08:13;18/06/2026 11:00;15/06/2026 08:13;18/06/2026 11:00
557095;AC;A2249;00019200000012386987;MultiModal;15/06/2026 08:13;18/06/2026 11:00;15/06/2026 08:13;18/06/2026 11:00
557095;AC;A2575;00019200000012386995;MultiModal;15/06/2026 08:13;18/06/2026 11:00;15/06/2026 08:13;18/06/2026 11:00
557095;AC;A3782;00019200000012387002;MultiModal;15/06/2026 08:13;18/06/2026 11:00;15/06/2026 08:13;18/06/2026 11:00
557095;AC;A4475;00019200000012387010;MultiModal;15/06/2026 08:13;18/06/2026 11:00;15/06/2026 08:13;18/06/2026 11:00
557095;AC;A4745;00019200000012387029;MultiModal;15/06/2026 08:13;18/06/2026 11:00;15/06/2026 08:13;18/06/2026 11:00
557095;AC;A3053;00019200000012684724;MultiModal;15/06/2026 08:13;18/06/2026 11:00;15/06/2026 08:13;18/06/2026 11:00
557095;AC;A7992;00019200000013210483;MultiModal;15/06/2026 08:13;18/06/2026 11:00;15/06/2026 08:13;18/06/2026 11:00
557095;AC;A5927;00019200000013210491;MultiModal;15/06/2026 08:13;18/06/2026 11:00;15/06/2026 08:13;18/06/2026 11:00
557095;AC;TA0509;00019200000013210505;MultiModal;15/06/2026 08:13;18/06/2026 11:00;15/06/2026 08:13;18/06/2026 11:00
557095;AC;TA0858;00019200000013210513;MultiModal;15/06/2026 08:13;18/06/2026 11:00;15/06/2026 08:13;18/06/2026 11:00
557204;AC;A4600;00019200000012684384;MultiModal;15/06/2026 10:12;18/06/2026 11:00;15/06/2026 10:12;18/06/2026 11:00
557204;AC;A8451;00019200000012684392;MultiModal;15/06/2026 10:12;18/06/2026 11:00;15/06/2026 10:12;18/06/2026 11:00
557204;AC;A5477;00019200000012684406;MultiModal;15/06/2026 10:12;18/06/2026 11:00;15/06/2026 10:12;18/06/2026 11:00
557204;AC;A9431;00019200000012684414;MultiModal;15/06/2026 10:12;18/06/2026 11:00;15/06/2026 10:12;18/06/2026 11:00
557204;AC;A5988;00019200000012684422;MultiModal;15/06/2026 10:12;18/06/2026 11:00;15/06/2026 10:12;18/06/2026 11:00
557242;AC;TA0205;00019200000012684767;MultiModal;15/06/2026 08:48;18/06/2026 11:00;15/06/2026 08:48;18/06/2026 11:00
557242;AC;A6309;00019200000012684775;MultiModal;15/06/2026 08:48;18/06/2026 11:00;15/06/2026 08:48;18/06/2026 11:00
557242;AC;A2426;00019200000012684783;MultiModal;15/06/2026 08:48;18/06/2026 11:00;15/06/2026 08:48;18/06/2026 11:00
557242;AC;TA0857;00019200000012684791;MultiModal;15/06/2026 08:48;18/06/2026 11:00;15/06/2026 08:48;18/06/2026 11:00
557261;AC;TA0710;00019200000012698920;MultiModal;16/06/2026 03:26;18/06/2026 11:00;16/06/2026 03:26;18/06/2026 11:00
557261;AC;A8921;00019200000012698938;MultiModal;16/06/2026 03:26;18/06/2026 11:00;16/06/2026 03:26;18/06/2026 11:00
557712;AC;A6400;00019200000012927660;MultiModal;17/06/2026 04:20;22/06/2026 17:27;17/06/2026 04:20;22/06/2026 17:27
557712;AC;A5934;00019200000012927678;MultiModal;17/06/2026 04:20;22/06/2026 17:27;17/06/2026 04:20;22/06/2026 17:27
557712;AC;TA0372;00019200000012927694;MultiModal;17/06/2026 04:20;22/06/2026 17:27;17/06/2026 04:20;22/06/2026 17:27
557748;AC;A3895;00019200000012696218;MultiModal;16/06/2026 23:58;22/06/2026 17:31;16/06/2026 23:58;22/06/2026 17:31
557749;AC;A3190;00019200000012921106;MultiModal;17/06/2026 04:20;22/06/2026 17:28;17/06/2026 04:20;22/06/2026 17:28
557837;AC;A9047;00019200000013429230;MultiModal;07/07/2026 01:05;09/07/2026 18:00;07/07/2026 01:05;09/07/2026 18:00
557837;AC;A4478;00019200000013429248;MultiModal;07/07/2026 01:05;09/07/2026 18:00;07/07/2026 01:05;09/07/2026 18:00
557837;AC;A5861;00019200000013429256;MultiModal;07/07/2026 01:05;09/07/2026 18:00;07/07/2026 01:05;09/07/2026 18:00
557837;AC;A6786;00019200000013429264;MultiModal;07/07/2026 01:05;09/07/2026 18:00;07/07/2026 01:05;09/07/2026 18:00
557837;AC;A2047;00019200000013429272;MultiModal;07/07/2026 01:05;09/07/2026 18:00;07/07/2026 01:05;09/07/2026 18:00
557837;AC;A1927;00019200000013429280;MultiModal;07/07/2026 01:05;09/07/2026 18:00;07/07/2026 01:05;09/07/2026 18:00
557837;AC;A6236;00019200000013429299;MultiModal;07/07/2026 01:05;09/07/2026 18:00;07/07/2026 01:05;09/07/2026 18:00
557837;AC;TA0195;00019200000013429302;MultiModal;07/07/2026 01:05;09/07/2026 18:00;07/07/2026 01:05;09/07/2026 18:00
557837;AC;TA0513;00019200000013429310;MultiModal;07/07/2026 01:05;09/07/2026 18:00;07/07/2026 01:05;09/07/2026 18:00
557837;AC;TA1007;00019200000013429329;MultiModal;07/07/2026 01:05;09/07/2026 18:00;07/07/2026 01:05;09/07/2026 18:00
557837;AC;TA0037;00019200000013429337;MultiModal;07/07/2026 01:05;09/07/2026 18:00;07/07/2026 01:05;09/07/2026 18:00
557837;AC;A9208;00019200000013429345;MultiModal;07/07/2026 01:05;09/07/2026 18:00;07/07/2026 01:05;09/07/2026 18:00
557837;AC;TA0407;00019200000013429353;MultiModal;07/07/2026 01:05;09/07/2026 18:00;07/07/2026 01:05;09/07/2026 18:00
557837;AC;TA0354;00019200000013429361;MultiModal;07/07/2026 01:05;09/07/2026 18:00;07/07/2026 01:05;09/07/2026 18:00
557837;AC;A8023;00019200000013429370;MultiModal;07/07/2026 01:05;09/07/2026 18:00;07/07/2026 01:05;09/07/2026 18:00
557837;AC;A9431;00019200000013429388;MultiModal;07/07/2026 01:05;09/07/2026 18:00;07/07/2026 01:05;09/07/2026 18:00
557837;AC;A9609;00019200000013429396;MultiModal;07/07/2026 01:05;09/07/2026 18:00;07/07/2026 01:05;09/07/2026 18:00
557837;AC;A6244;00019200000013429400;MultiModal;07/07/2026 01:05;09/07/2026 18:00;07/07/2026 01:05;09/07/2026 18:00
557837;AC;A8055;00019200000013429418;MultiModal;07/07/2026 01:05;09/07/2026 18:00;07/07/2026 01:05;09/07/2026 18:00
557837;AC;A8216;00019200000013429426;MultiModal;07/07/2026 01:05;09/07/2026 18:00;07/07/2026 01:05;09/07/2026 18:00
557837;AC;A9107;00019200000013429434;MultiModal;07/07/2026 01:05;09/07/2026 18:00;07/07/2026 01:05;09/07/2026 18:00
557837;AC;A2449;00019200000013429442;MultiModal;07/07/2026 01:05;09/07/2026 18:00;07/07/2026 01:05;09/07/2026 18:00
558036;AC;A5231;00019200000013236237;MultiModal;22/06/2026 00:41;25/06/2026 10:00;22/06/2026 00:41;25/06/2026 10:00
558036;AC;A4110;00019200000013236245;MultiModal;22/06/2026 00:41;25/06/2026 10:00;22/06/2026 00:41;25/06/2026 10:00
558036;AC;A6913;00019200000013236253;MultiModal;22/06/2026 00:41;25/06/2026 10:00;22/06/2026 00:41;25/06/2026 10:00
558036;AC;A1631;00019200000013236261;MultiModal;22/06/2026 00:41;25/06/2026 10:00;22/06/2026 00:41;25/06/2026 10:00
558155;AC;A1907;00019200000012699217;MultiModal;22/06/2026 00:43;26/06/2026 08:45;22/06/2026 00:43;26/06/2026 08:45
558241;AC;A2792;00019200000013241141;MultiModal;22/06/2026 00:41;25/06/2026 10:00;22/06/2026 00:41;25/06/2026 10:00
558446;AC;A9615;00019200000013328190;MultiModal;29/06/2026 00:59;01/07/2026 18:00;29/06/2026 00:59;01/07/2026 18:00
558494;AC;A7884;00019200000013486489;MultiModal;13/07/2026 23:14;-;14/07/2026 22:51;-
559324;AC;A4911;00019200000013252909;MultiModal;29/06/2026 08:35;02/07/2026 18:00;29/06/2026 08:35;02/07/2026 18:00
559324;AC;TA1141;00019200000013252917;MultiModal;29/06/2026 08:35;02/07/2026 18:00;29/06/2026 08:35;02/07/2026 18:00
559324;AC;A9511;00019200000013252925;MultiModal;29/06/2026 08:35;02/07/2026 18:00;29/06/2026 08:35;02/07/2026 18:00
559324;AC;A0819;00019200000013252933;MultiModal;29/06/2026 08:35;02/07/2026 18:00;29/06/2026 08:35;02/07/2026 18:00
559476;AC;A0680;00019200000013202316;MultiModal;29/06/2026 23:43;02/07/2026 18:00;29/06/2026 23:43;02/07/2026 18:00
560388;AC;A6102;00019200000013488201;MultiModal;13/07/2026 00:46;15/07/2026 15:00;13/07/2026 00:46;15/07/2026 15:00
556135;AL;A4401;00019200000012729833;MultiModal;10/06/2026 10:20;11/06/2026 17:00;-;-
556135;AL;A3754;00019200000012729884;MultiModal;10/06/2026 10:20;11/06/2026 17:00;-;-
556135;AL;A3034;00019200000012729973;MultiModal;10/06/2026 10:20;11/06/2026 17:00;-;-
556283;AL;TA0334;00019200000012906557;MultiModal;10/06/2026 02:40;11/06/2026 18:00;-;-
556350;AL;A0315;00019200000012726117;MultiModal;10/06/2026 02:47;11/06/2026 18:00;-;-
556350;AL;A8722;00019200000012726125;MultiModal;10/06/2026 02:47;11/06/2026 18:00;-;-
556350;AL;A8692;00019200000012726168;MultiModal;10/06/2026 02:47;11/06/2026 18:00;-;-
556350;AL;A9090;00019200000012726176;MultiModal;10/06/2026 02:47;11/06/2026 18:00;-;-
556350;AL;A6646;00019200000012726184;MultiModal;10/06/2026 02:47;11/06/2026 18:00;-;-
556355;AL;A1634;00019200000012728888;MultiModal;10/06/2026 03:03;11/06/2026 18:00;-;-
556355;AL;TA0662;00019200000012728896;MultiModal;10/06/2026 03:03;11/06/2026 18:00;-;-
556593;AL;TA0735;00019200000012906794;MultiModal;10/06/2026 02:47;11/06/2026 18:00;-;-
556593;AL;A4657;00019200000012907308;MultiModal;10/06/2026 02:47;11/06/2026 18:00;-;-
556704;AL;TA0949;00019200000013242369;MultiModal;15/06/2026 04:39;16/06/2026 16:30;15/06/2026 04:39;16/06/2026 16:30
556704;AL;A7702;00019200000013242377;MultiModal;15/06/2026 04:39;16/06/2026 16:30;15/06/2026 04:39;16/06/2026 16:30
556704;AL;TA0202;00019200000013242458;MultiModal;15/06/2026 04:39;16/06/2026 16:30;15/06/2026 04:39;16/06/2026 16:30
556704;AL;A0477;00019200000013242466;MultiModal;15/06/2026 04:39;16/06/2026 16:30;15/06/2026 04:39;16/06/2026 16:30
556704;AL;A2047;00019200000013242474;MultiModal;15/06/2026 04:39;16/06/2026 16:30;15/06/2026 04:39;16/06/2026 16:30
556751;AL;A7798;00019200000012693847;MultiModal;15/06/2026 07:11;16/06/2026 17:42;15/06/2026 07:11;16/06/2026 17:42
556751;AL;A1463;00019200000012693855;MultiModal;15/06/2026 07:11;16/06/2026 17:42;15/06/2026 07:11;16/06/2026 17:42
556751;AL;A9689;00019200000012693928;MultiModal;15/06/2026 07:11;16/06/2026 17:42;15/06/2026 07:11;16/06/2026 17:42
556751;AL;A4613;00019200000012693936;MultiModal;15/06/2026 07:11;16/06/2026 17:42;15/06/2026 07:11;16/06/2026 17:42
556751;AL;A6424;00019200000012693944;MultiModal;15/06/2026 07:11;16/06/2026 17:42;15/06/2026 07:11;16/06/2026 17:42
556751;AL;A8005;00019200000012693952;MultiModal;15/06/2026 07:11;16/06/2026 17:42;15/06/2026 07:11;16/06/2026 17:42
556751;AL;A8880;00019200000012693960;MultiModal;15/06/2026 07:11;16/06/2026 17:42;15/06/2026 07:11;16/06/2026 17:42
556751;AL;A7890;00019200000012693979;MultiModal;15/06/2026 07:11;16/06/2026 17:42;15/06/2026 07:11;16/06/2026 17:42
556751;AL;A4727;00019200000012693987;MultiModal;15/06/2026 07:11;16/06/2026 17:42;15/06/2026 07:11;16/06/2026 17:42
556751;AL;TA0795;00019200000012693995;MultiModal;15/06/2026 07:11;16/06/2026 17:42;15/06/2026 07:11;16/06/2026 17:42
556918;AL;TA1079;00019200000012904490;MultiModal;11/06/2026 04:47;12/06/2026 18:00;-;-
556918;AL;A4654;00019200000012904520;MultiModal;11/06/2026 04:47;12/06/2026 18:00;-;-
556918;AL;A6903;00019200000012904546;MultiModal;11/06/2026 04:47;12/06/2026 18:00;-;-
556918;AL;A7147;00019200000012904554;MultiModal;11/06/2026 04:47;12/06/2026 18:00;-;-
556918;AL;A0542;00019200000012904570;MultiModal;11/06/2026 04:47;12/06/2026 18:00;-;-
556918;AL;A8714;00019200000012904589;MultiModal;11/06/2026 04:47;12/06/2026 18:00;-;-
556918;AL;A8922;00019200000012904597;MultiModal;11/06/2026 04:47;12/06/2026 18:00;-;-
556918;AL;A4774;00019200000012904600;MultiModal;11/06/2026 04:47;12/06/2026 18:00;-;-
557013;AL;A7052;00019200000013242083;MultiModal;15/06/2026 07:11;16/06/2026 17:43;15/06/2026 07:11;16/06/2026 17:43
557013;AL;A0675;00019200000013242121;MultiModal;15/06/2026 07:11;16/06/2026 17:43;15/06/2026 07:11;16/06/2026 17:43
557013;AL;A2460;00019200000013242130;MultiModal;15/06/2026 07:11;16/06/2026 17:43;15/06/2026 07:11;16/06/2026 17:43
557013;AL;A6362;00019200000013242148;MultiModal;15/06/2026 07:11;16/06/2026 17:43;15/06/2026 07:11;16/06/2026 17:43
557013;AL;A6797;00019200000013242156;MultiModal;15/06/2026 07:11;16/06/2026 17:43;15/06/2026 07:11;16/06/2026 17:43
557013;AL;TA0899;00019200000013242164;MultiModal;15/06/2026 07:11;16/06/2026 17:43;15/06/2026 07:11;16/06/2026 17:43
557013;AL;TA0385;00019200000013242172;MultiModal;15/06/2026 07:11;16/06/2026 17:43;15/06/2026 07:11;16/06/2026 17:43
557013;AL;A7649;00019200000013242180;MultiModal;15/06/2026 07:11;16/06/2026 17:43;15/06/2026 07:11;16/06/2026 17:43
557013;AL;A6653;00019200000013242199;MultiModal;15/06/2026 07:11;16/06/2026 17:43;15/06/2026 07:11;16/06/2026 17:43
557013;AL;A0986;00019200000013242202;MultiModal;15/06/2026 07:11;16/06/2026 17:43;15/06/2026 07:11;16/06/2026 17:43
557013;AL;TA0481;00019200000013242210;MultiModal;15/06/2026 07:11;16/06/2026 17:43;15/06/2026 07:11;16/06/2026 17:43
557013;AL;TA0150;00019200000013242229;MultiModal;15/06/2026 07:11;16/06/2026 17:43;15/06/2026 07:11;16/06/2026 17:43
557013;AL;A7709;00019200000013242237;MultiModal;15/06/2026 07:11;16/06/2026 17:43;15/06/2026 07:11;16/06/2026 17:43
557013;AL;A4809;00019200000013242253;MultiModal;15/06/2026 07:11;16/06/2026 17:43;15/06/2026 07:11;16/06/2026 17:43
557013;AL;A6615;00019200000013242261;MultiModal;15/06/2026 07:11;16/06/2026 17:43;15/06/2026 07:11;16/06/2026 17:43
557013;AL;A5121;00019200000013242270;MultiModal;15/06/2026 07:11;16/06/2026 17:43;15/06/2026 07:11;16/06/2026 17:43
557243;AL;A7129;00019200000012694924;MultiModal;16/06/2026 04:06;17/06/2026 17:00;16/06/2026 04:06;17/06/2026 17:00
557243;AL;A4955;00019200000012694932;MultiModal;16/06/2026 04:06;17/06/2026 17:00;16/06/2026 04:06;17/06/2026 17:00
557243;AL;A2735;00019200000012694940;MultiModal;16/06/2026 04:06;17/06/2026 17:00;16/06/2026 04:06;17/06/2026 17:00
557243;AL;A8302;00019200000012694959;MultiModal;16/06/2026 04:06;17/06/2026 17:00;16/06/2026 04:06;17/06/2026 17:00
557243;AL;A8687;00019200000012694967;MultiModal;16/06/2026 04:06;17/06/2026 17:00;16/06/2026 04:06;17/06/2026 17:00
557243;AL;A9193;00019200000012694975;MultiModal;16/06/2026 04:06;17/06/2026 17:00;16/06/2026 04:06;17/06/2026 17:00
557243;AL;A5967;00019200000012694983;MultiModal;16/06/2026 04:06;17/06/2026 17:00;16/06/2026 04:06;17/06/2026 17:00
557243;AL;A6032;00019200000012694991;MultiModal;16/06/2026 04:06;17/06/2026 17:00;16/06/2026 04:06;17/06/2026 17:00
557243;AL;A6519;00019200000012695009;MultiModal;16/06/2026 04:06;17/06/2026 17:00;16/06/2026 04:06;17/06/2026 17:00
557243;AL;A0651;00019200000012695017;MultiModal;16/06/2026 04:06;17/06/2026 17:00;16/06/2026 04:06;17/06/2026 17:00
557243;AL;A2166;00019200000012695025;MultiModal;16/06/2026 04:06;17/06/2026 17:00;16/06/2026 04:06;17/06/2026 17:00
557243;AL;A7008;00019200000012695033;MultiModal;16/06/2026 04:06;17/06/2026 17:00;16/06/2026 04:06;17/06/2026 17:00
557243;AL;A7947;00019200000012695041;MultiModal;16/06/2026 04:06;17/06/2026 17:00;16/06/2026 04:06;17/06/2026 17:00
557243;AL;TA0513;00019200000012695050;MultiModal;16/06/2026 04:06;17/06/2026 17:00;16/06/2026 04:06;17/06/2026 17:00
557243;AL;A2344;00019200000012695068;MultiModal;16/06/2026 04:06;17/06/2026 17:00;16/06/2026 04:06;17/06/2026 17:00
557243;AL;A9615;00019200000012695076;MultiModal;16/06/2026 04:06;17/06/2026 17:00;16/06/2026 04:06;17/06/2026 17:00
557243;AL;A9079;00019200000012695084;MultiModal;16/06/2026 04:06;17/06/2026 17:00;16/06/2026 04:06;17/06/2026 17:00
557243;AL;A9208;00019200000012695092;MultiModal;16/06/2026 04:06;17/06/2026 17:00;16/06/2026 04:06;17/06/2026 17:00
557243;AL;A9666;00019200000012695106;MultiModal;16/06/2026 04:06;17/06/2026 17:00;16/06/2026 04:06;17/06/2026 17:00
557243;AL;TA1082;00019200000012695114;MultiModal;16/06/2026 04:06;17/06/2026 17:00;16/06/2026 04:06;17/06/2026 17:00
557243;AL;A1750;00019200000012695122;MultiModal;16/06/2026 04:06;17/06/2026 17:00;16/06/2026 04:06;17/06/2026 17:00
557243;AL;A8617;00019200000012695130;MultiModal;16/06/2026 04:06;17/06/2026 17:00;16/06/2026 04:06;17/06/2026 17:00
557243;AL;A1579;00019200000013242032;MultiModal;16/06/2026 04:06;17/06/2026 17:00;16/06/2026 04:06;17/06/2026 17:00
557353;AL;A5582;00019200000012926302;MultiModal;22/06/2026 05:44;25/06/2026 12:18;22/06/2026 05:44;25/06/2026 12:18
557353;AL;A5622;00019200000012926310;MultiModal;22/06/2026 05:44;25/06/2026 12:18;22/06/2026 05:44;25/06/2026 12:18
557353;AL;A8913;00019200000012926329;MultiModal;22/06/2026 05:44;25/06/2026 12:18;22/06/2026 05:44;25/06/2026 12:18
557353;AL;A1037;00019200000012926337;MultiModal;22/06/2026 05:44;25/06/2026 12:18;22/06/2026 05:44;25/06/2026 12:18
557713;AL;A0623;00019200000013208942;MultiModal;16/06/2026 04:49;17/06/2026 15:40;16/06/2026 04:49;17/06/2026 15:40
557750;AL;A5387;00019200000013244027;MultiModal;22/06/2026 05:44;25/06/2026 12:19;22/06/2026 05:44;25/06/2026 12:19
557750;AL;A2927;00019200000013244035;MultiModal;22/06/2026 05:44;25/06/2026 12:19;22/06/2026 05:44;25/06/2026 12:19
557750;AL;A6973;00019200000013244043;MultiModal;22/06/2026 05:44;25/06/2026 12:19;22/06/2026 05:44;25/06/2026 12:19
557750;AL;TA0820;00019200000013244051;MultiModal;22/06/2026 05:44;25/06/2026 12:19;22/06/2026 05:44;25/06/2026 12:19
557750;AL;A5408;00019200000013244078;MultiModal;22/06/2026 05:44;25/06/2026 12:19;22/06/2026 05:44;25/06/2026 12:19
557750;AL;A2662;00019200000013244086;MultiModal;22/06/2026 05:44;25/06/2026 12:19;22/06/2026 05:44;25/06/2026 12:19
557750;AL;A2214;00019200000013244094;MultiModal;22/06/2026 05:44;25/06/2026 12:19;22/06/2026 05:44;25/06/2026 12:19
557750;AL;A4470;00019200000013244302;MultiModal;22/06/2026 05:44;25/06/2026 12:19;22/06/2026 05:44;25/06/2026 12:19
557839;AL;TA0074;00019200000013325639;MultiModal;02/07/2026 04:24;03/07/2026 14:38;02/07/2026 04:24;03/07/2026 14:38
557839;AL;A3596;00019200000013325647;MultiModal;02/07/2026 04:24;03/07/2026 14:38;02/07/2026 04:24;03/07/2026 14:38
557839;AL;A0168;00019200000013325655;MultiModal;02/07/2026 04:24;03/07/2026 14:38;02/07/2026 04:24;03/07/2026 14:38
557839;AL;A1824;00019200000013325663;MultiModal;02/07/2026 04:24;03/07/2026 14:38;02/07/2026 04:24;03/07/2026 14:38
557839;AL;A9560;00019200000013326236;MultiModal;02/07/2026 04:24;03/07/2026 14:38;02/07/2026 04:24;03/07/2026 14:38
557839;AL;TA0110;00019200000013326244;MultiModal;02/07/2026 04:24;03/07/2026 14:38;02/07/2026 04:24;03/07/2026 14:38
557839;AL;A9102;00019200000013326414;MultiModal;02/07/2026 04:24;03/07/2026 14:38;02/07/2026 04:24;03/07/2026 14:38
557839;AL;A0014;00019200000013326422;MultiModal;02/07/2026 04:24;03/07/2026 14:38;02/07/2026 04:24;03/07/2026 14:38
557839;AL;A4775;00019200000013326430;MultiModal;02/07/2026 04:24;03/07/2026 14:38;02/07/2026 04:24;03/07/2026 14:38
557839;AL;A7763;00019200000013326449;MultiModal;02/07/2026 04:24;03/07/2026 14:38;02/07/2026 04:24;03/07/2026 14:38
557839;AL;A0094;00019200000013326457;MultiModal;02/07/2026 04:24;03/07/2026 14:38;02/07/2026 04:24;03/07/2026 14:38
557839;AL;A4457;00019200000013326465;MultiModal;02/07/2026 04:24;03/07/2026 14:38;02/07/2026 04:24;03/07/2026 14:38
557839;AL;A5736;00019200000013326473;MultiModal;02/07/2026 04:24;03/07/2026 14:38;02/07/2026 04:24;03/07/2026 14:38
557839;AL;A6526;00019200000013326481;MultiModal;02/07/2026 04:24;03/07/2026 14:38;02/07/2026 04:24;03/07/2026 14:38
557839;AL;A3553;00019200000013326490;MultiModal;02/07/2026 04:24;03/07/2026 14:38;02/07/2026 04:24;03/07/2026 14:38
557839;AL;A6903;00019200000013326503;MultiModal;02/07/2026 04:24;03/07/2026 14:38;02/07/2026 04:24;03/07/2026 14:38
557839;AL;A7286;00019200000013326511;MultiModal;02/07/2026 04:24;03/07/2026 14:38;02/07/2026 04:24;03/07/2026 14:38
557839;AL;TA0739;00019200000013326520;MultiModal;02/07/2026 04:24;03/07/2026 14:38;02/07/2026 04:24;03/07/2026 14:38
557839;AL;A2990;00019200000013326538;MultiModal;02/07/2026 04:24;03/07/2026 14:38;02/07/2026 04:24;03/07/2026 14:38
557839;AL;A7678;00019200000013326546;MultiModal;02/07/2026 04:24;03/07/2026 14:38;02/07/2026 04:24;03/07/2026 14:38
557839;AL;A1406;00019200000013326554;MultiModal;02/07/2026 04:24;03/07/2026 14:38;02/07/2026 04:24;03/07/2026 14:38
557839;AL;TA0895;00019200000013326562;MultiModal;02/07/2026 04:24;03/07/2026 14:38;02/07/2026 04:24;03/07/2026 14:38
557839;AL;A6307;00019200000013326570;MultiModal;02/07/2026 04:24;03/07/2026 14:38;02/07/2026 04:24;03/07/2026 14:38
557840;AL;A7341;00019200000012433187;MultiModal;20/06/2026 22:25;22/06/2026 17:14;20/06/2026 22:25;22/06/2026 14:00
557840;AL;TA0512;00019200000012433225;MultiModal;20/06/2026 22:25;22/06/2026 17:14;20/06/2026 22:32;22/06/2026 14:00
557840;AL;A6147;00019200000012433241;MultiModal;20/06/2026 22:25;22/06/2026 17:14;20/06/2026 22:32;22/06/2026 14:00
557840;AL;A6861;00019200000013235710;MultiModal;20/06/2026 22:25;22/06/2026 17:14;20/06/2026 22:25;22/06/2026 14:00
557840;AL;A3566;00019200000013235729;MultiModal;20/06/2026 22:25;22/06/2026 17:14;20/06/2026 22:25;22/06/2026 14:00
557840;AL;TA0295;00019200000013235737;MultiModal;20/06/2026 22:25;22/06/2026 17:14;20/06/2026 22:25;22/06/2026 14:00
557840;AL;A2478;00019200000013235745;MultiModal;20/06/2026 22:25;22/06/2026 17:14;20/06/2026 22:25;22/06/2026 14:00
557840;AL;A7466;00019200000013235753;MultiModal;20/06/2026 22:25;22/06/2026 17:14;20/06/2026 22:25;22/06/2026 14:00
557840;AL;A9625;00019200000013235940;MultiModal;20/06/2026 22:25;22/06/2026 17:14;20/06/2026 22:25;22/06/2026 14:00
557840;AL;A7309;00019200000013235958;MultiModal;20/06/2026 22:25;22/06/2026 17:14;20/06/2026 22:32;22/06/2026 14:00
557840;AL;A6542;00019200000013235966;MultiModal;20/06/2026 22:25;22/06/2026 17:14;20/06/2026 22:25;22/06/2026 14:00
557840;AL;A2077;00019200000013235974;MultiModal;20/06/2026 22:25;22/06/2026 17:14;20/06/2026 22:25;22/06/2026 14:00
557840;AL;A3246;00019200000013235982;MultiModal;20/06/2026 22:25;22/06/2026 17:14;20/06/2026 22:32;22/06/2026 14:00
557840;AL;A7860;00019200000013235990;MultiModal;20/06/2026 22:25;22/06/2026 17:14;20/06/2026 22:32;22/06/2026 14:00
557840;AL;A3368;00019200000013236008;MultiModal;20/06/2026 22:25;22/06/2026 17:14;20/06/2026 22:32;22/06/2026 14:00
557840;AL;TA1144;00019200000013236016;MultiModal;20/06/2026 22:25;22/06/2026 17:14;20/06/2026 22:25;22/06/2026 14:00
557840;AL;A7613;00019200000013236024;MultiModal;20/06/2026 22:25;22/06/2026 17:14;20/06/2026 22:25;22/06/2026 14:00
557840;AL;A4318;00019200000013236032;MultiModal;20/06/2026 22:25;22/06/2026 17:14;20/06/2026 22:25;22/06/2026 14:00
557840;AL;TA0976;00019200000013236040;MultiModal;20/06/2026 22:25;22/06/2026 17:14;20/06/2026 22:32;22/06/2026 14:00
557840;AL;A2716;00019200000013236059;MultiModal;20/06/2026 22:25;22/06/2026 17:14;20/06/2026 22:32;22/06/2026 14:00
557840;AL;A7270;00019200000013236067;MultiModal;20/06/2026 22:25;22/06/2026 17:14;20/06/2026 22:32;22/06/2026 14:00
557840;AL;TA1225;00019200000013236075;MultiModal;20/06/2026 22:25;22/06/2026 17:14;20/06/2026 22:32;22/06/2026 14:00
557840;AL;A9304;00019200000013236083;MultiModal;20/06/2026 22:25;22/06/2026 17:14;20/06/2026 22:32;22/06/2026 14:00
557844;AL;A7769;00019200000013335480;MultiModal;24/06/2026 04:57;25/06/2026 15:41;24/06/2026 04:57;25/06/2026 15:41
557844;AL;A4117;00019200000013335499;MultiModal;24/06/2026 04:57;25/06/2026 15:41;24/06/2026 04:57;25/06/2026 15:41
557844;AL;A5107;00019200000013335529;MultiModal;24/06/2026 04:57;25/06/2026 15:41;24/06/2026 04:57;25/06/2026 15:41
557844;AL;A6608;00019200000013335537;MultiModal;24/06/2026 04:57;25/06/2026 15:41;24/06/2026 04:57;25/06/2026 15:41
557844;AL;A3124;00019200000013335545;MultiModal;24/06/2026 04:57;25/06/2026 15:41;24/06/2026 04:57;25/06/2026 15:41
557844;AL;A8480;00019200000013335553;MultiModal;24/06/2026 04:57;25/06/2026 15:41;24/06/2026 04:57;25/06/2026 15:41
557844;AL;A4281;00019200000013335561;MultiModal;24/06/2026 04:57;25/06/2026 15:41;24/06/2026 04:57;25/06/2026 15:41
557844;AL;A5819;00019200000013335570;MultiModal;24/06/2026 04:57;25/06/2026 15:41;24/06/2026 04:57;25/06/2026 15:41
557844;AL;A8568;00019200000013335588;MultiModal;24/06/2026 04:57;25/06/2026 15:41;24/06/2026 04:57;25/06/2026 15:41
557844;AL;A2942;00019200000013335596;MultiModal;24/06/2026 04:57;25/06/2026 15:41;24/06/2026 04:57;25/06/2026 15:41
557844;AL;A0662;00019200000013335600;MultiModal;24/06/2026 04:57;25/06/2026 15:41;24/06/2026 04:57;25/06/2026 15:41
557844;AL;A1933;00019200000013335618;MultiModal;24/06/2026 04:57;25/06/2026 15:41;24/06/2026 04:57;25/06/2026 15:41
557844;AL;A7430;00019200000013335626;MultiModal;24/06/2026 04:57;25/06/2026 15:41;24/06/2026 04:57;25/06/2026 15:41
557844;AL;A5195;00019200000013335634;MultiModal;24/06/2026 04:57;25/06/2026 15:41;24/06/2026 04:57;25/06/2026 15:41
557844;AL;A0379;00019200000013335642;MultiModal;24/06/2026 04:57;25/06/2026 15:41;24/06/2026 04:57;25/06/2026 15:41
557844;AL;A8997;00019200000013335650;MultiModal;24/06/2026 04:57;25/06/2026 15:41;24/06/2026 04:57;25/06/2026 15:41
557844;AL;A4702;00019200000013335669;MultiModal;24/06/2026 04:57;25/06/2026 15:41;24/06/2026 04:57;25/06/2026 15:41
557844;AL;A7107;00019200000013335677;MultiModal;24/06/2026 04:57;25/06/2026 15:41;24/06/2026 04:57;25/06/2026 15:41
557844;AL;A5064;00019200000013335685;MultiModal;24/06/2026 04:57;25/06/2026 15:41;24/06/2026 04:57;25/06/2026 15:41
557844;AL;A7003;00019200000013335693;MultiModal;24/06/2026 04:57;25/06/2026 15:41;24/06/2026 04:57;25/06/2026 15:41
557844;AL;A5451;00019200000013335707;MultiModal;24/06/2026 04:57;25/06/2026 15:41;24/06/2026 04:57;25/06/2026 15:41
557844;AL;A6783;00019200000013335715;MultiModal;24/06/2026 04:57;25/06/2026 15:41;24/06/2026 04:57;25/06/2026 15:41
558245;AL;A0349;00019200000013241133;MultiModal;22/06/2026 05:45;23/06/2026 16:14;22/06/2026 05:45;23/06/2026 16:14
558643;AL;A6351;00019200000013245066;MultiModal;01/07/2026 04:32;02/07/2026 14:19;01/07/2026 04:32;02/07/2026 14:19
558643;AL;A0654;00019200000013245074;MultiModal;01/07/2026 04:32;02/07/2026 14:19;01/07/2026 04:32;02/07/2026 14:19
558643;AL;A3489;00019200000013245082;MultiModal;01/07/2026 04:32;02/07/2026 14:19;01/07/2026 04:32;02/07/2026 14:19
558643;AL;A8069;00019200000013245090;MultiModal;01/07/2026 04:32;02/07/2026 14:19;01/07/2026 04:32;02/07/2026 14:19
558643;AL;A6524;00019200000013245864;MultiModal;01/07/2026 04:32;02/07/2026 14:19;01/07/2026 04:32;02/07/2026 14:19
558643;AL;A6961;00019200000013245872;MultiModal;01/07/2026 04:32;02/07/2026 14:19;01/07/2026 04:32;02/07/2026 14:19
556110;AM;A7684;00019200000012730181;MultiModal;11/06/2026 00:29;12/06/2026 15:00;-;-
556282;AM;A9067;00019200000013213075;MultiModal;17/06/2026 00:02;18/06/2026 11:30;17/06/2026 00:30;18/06/2026 11:30
556282;AM;A3130;00019200000013213083;MultiModal;17/06/2026 00:02;18/06/2026 11:30;17/06/2026 00:30;18/06/2026 11:30
556282;AM;TA1143;00019200000013213091;MultiModal;17/06/2026 00:02;18/06/2026 11:30;17/06/2026 00:30;18/06/2026 11:30
556282;AM;A9053;00019200000013213105;MultiModal;17/06/2026 00:02;18/06/2026 11:30;-;-
556282;AM;TA0469;00019200000013213113;MultiModal;17/06/2026 00:02;18/06/2026 11:30;-;-
556282;AM;TA0348;00019200000013213121;MultiModal;17/06/2026 00:02;18/06/2026 11:30;-;-
556282;AM;A8147;00019200000013213130;MultiModal;17/06/2026 00:02;18/06/2026 11:30;-;-
556282;AM;A3874;00019200000013213148;MultiModal;17/06/2026 00:02;18/06/2026 11:30;17/06/2026 00:30;18/06/2026 11:30
556282;AM;A9618;00019200000013213156;MultiModal;17/06/2026 00:02;18/06/2026 11:30;17/06/2026 00:30;18/06/2026 11:30
556282;AM;A8311;00019200000013213164;MultiModal;17/06/2026 00:02;18/06/2026 11:30;17/06/2026 00:30;18/06/2026 11:30
556282;AM;A0839;00019200000013213172;MultiModal;17/06/2026 00:02;18/06/2026 11:30;-;-
556282;AM;A9073;00019200000013213180;MultiModal;17/06/2026 00:02;18/06/2026 11:30;17/06/2026 00:30;18/06/2026 11:30
556282;AM;A6708;00019200000013213199;MultiModal;17/06/2026 00:02;18/06/2026 11:30;17/06/2026 00:30;18/06/2026 11:30
556282;AM;TA0475;00019200000013213202;MultiModal;17/06/2026 00:02;18/06/2026 11:30;-;-
556282;AM;A3871;00019200000013213210;MultiModal;17/06/2026 00:02;18/06/2026 11:30;17/06/2026 00:30;18/06/2026 11:30
556282;AM;A7197;00019200000013213229;MultiModal;17/06/2026 00:02;18/06/2026 11:30;17/06/2026 00:30;18/06/2026 11:30
556282;AM;A9558;00019200000013213237;MultiModal;17/06/2026 00:02;18/06/2026 11:30;17/06/2026 00:30;18/06/2026 11:30
556282;AM;TA1105;00019200000013213245;MultiModal;17/06/2026 00:02;18/06/2026 11:30;17/06/2026 00:30;18/06/2026 11:30
556282;AM;A3177;00019200000013213253;MultiModal;17/06/2026 00:02;18/06/2026 11:30;17/06/2026 00:30;18/06/2026 11:30
556282;AM;A1899;00019200000013213261;MultiModal;17/06/2026 00:02;18/06/2026 11:30;17/06/2026 00:30;18/06/2026 11:30
556282;AM;A6248;00019200000013213270;MultiModal;17/06/2026 00:02;18/06/2026 11:30;-;-
556282;AM;A5969;00019200000013213288;MultiModal;17/06/2026 00:02;18/06/2026 11:30;-;-
556282;AM;A3258;00019200000013213296;MultiModal;17/06/2026 00:02;18/06/2026 11:30;-;-
556282;AM;A6948;00019200000013213300;MultiModal;17/06/2026 00:02;18/06/2026 11:30;-;-
556282;AM;A1632;00019200000013213318;MultiModal;17/06/2026 00:02;18/06/2026 11:30;-;-
556282;AM;A1989;00019200000013213326;MultiModal;17/06/2026 00:02;18/06/2026 11:30;17/06/2026 00:30;18/06/2026 11:30
556282;AM;TA1172;00019200000013213334;MultiModal;17/06/2026 00:02;18/06/2026 11:30;17/06/2026 00:30;18/06/2026 11:30
556282;AM;A8340;00019200000013213342;MultiModal;17/06/2026 00:02;18/06/2026 11:30;17/06/2026 00:30;18/06/2026 11:30
556282;AM;A8151;00019200000013213350;MultiModal;17/06/2026 00:02;18/06/2026 11:30;-;-
556282;AM;A3302;00019200000013213369;MultiModal;17/06/2026 00:02;18/06/2026 11:30;-;-
556282;AM;A3461;00019200000013213377;MultiModal;17/06/2026 00:02;18/06/2026 11:30;-;-
556282;AM;TA0851;00019200000013213385;MultiModal;17/06/2026 00:02;18/06/2026 11:30;17/06/2026 00:30;18/06/2026 11:30
556282;AM;A7928;00019200000013213393;MultiModal;17/06/2026 00:02;18/06/2026 11:30;-;-
556282;AM;A6008;00019200000013213407;MultiModal;17/06/2026 00:02;18/06/2026 11:30;-;-
556282;AM;A6607;00019200000013213415;MultiModal;17/06/2026 00:02;18/06/2026 11:30;-;-
556282;AM;A8120;00019200000013213423;MultiModal;17/06/2026 00:02;18/06/2026 11:30;-;-
556357;AM;A8101;00019200000012726745;MultiModal;11/06/2026 00:27;12/06/2026 15:00;-;-
556357;AM;A8179;00019200000012726753;MultiModal;11/06/2026 00:27;12/06/2026 15:00;-;-
556360;AM;A7878;00019200000012726737;MultiModal;11/06/2026 00:28;12/06/2026 15:00;-;-
556488;AM;A0707;00019200000012904139;MultiModal;10/06/2026 08:02;12/06/2026 15:00;-;-
556488;AM;A7701;00019200000012904147;MultiModal;10/06/2026 08:02;12/06/2026 15:00;-;-
556513;AM;A6671;00019200000012904112;MultiModal;10/06/2026 08:02;12/06/2026 15:00;-;-
556595;AM;TA0665;00019200000012906530;MultiModal;10/06/2026 08:02;12/06/2026 15:00;-;-
556595;AM;A5731;00019200000012906549;MultiModal;10/06/2026 08:02;12/06/2026 15:00;-;-
556754;AM;A2632;00019200000012656208;MultiModal;15/06/2026 01:51;16/06/2026 15:00;15/06/2026 01:51;16/06/2026 15:00
556754;AM;A3402;00019200000012656216;MultiModal;15/06/2026 01:51;16/06/2026 15:00;15/06/2026 01:51;16/06/2026 15:00
556754;AM;A7795;00019200000012656224;MultiModal;15/06/2026 01:51;16/06/2026 15:00;15/06/2026 01:51;16/06/2026 15:00
556754;AM;A0388;00019200000012656232;MultiModal;15/06/2026 01:51;16/06/2026 15:00;15/06/2026 01:51;16/06/2026 15:00
556754;AM;A5832;00019200000012656240;MultiModal;15/06/2026 01:51;16/06/2026 15:00;15/06/2026 01:51;16/06/2026 15:00
556754;AM;A3680;00019200000012656259;MultiModal;15/06/2026 01:51;16/06/2026 15:00;15/06/2026 01:51;16/06/2026 15:00
556754;AM;A6989;00019200000012656267;MultiModal;15/06/2026 01:51;16/06/2026 15:00;15/06/2026 01:51;16/06/2026 15:00
556754;AM;A9600;00019200000012656275;MultiModal;15/06/2026 01:51;16/06/2026 15:00;15/06/2026 01:51;16/06/2026 15:00
556754;AM;A2321;00019200000012656283;MultiModal;15/06/2026 01:51;16/06/2026 15:00;15/06/2026 01:51;16/06/2026 15:00
556754;AM;A7321;00019200000012656291;MultiModal;15/06/2026 01:51;16/06/2026 15:00;15/06/2026 01:51;16/06/2026 15:00
556769;AM;A3472;00019200000012659665;MultiModal;13/06/2026 12:47;15/06/2026 10:00;13/06/2026 12:47;15/06/2026 10:00
556769;AM;A3351;00019200000012659673;MultiModal;13/06/2026 12:47;15/06/2026 10:00;13/06/2026 12:47;15/06/2026 10:00
556769;AM;A4914;00019200000012659681;MultiModal;13/06/2026 12:47;15/06/2026 10:00;13/06/2026 12:47;15/06/2026 10:00
556769;AM;A3541;00019200000012659690;MultiModal;13/06/2026 12:47;15/06/2026 10:00;13/06/2026 12:47;15/06/2026 10:00
556769;AM;A4277;00019200000012659703;MultiModal;13/06/2026 12:47;15/06/2026 10:00;13/06/2026 12:47;15/06/2026 10:00
556769;AM;A4752;00019200000012659711;MultiModal;13/06/2026 12:47;15/06/2026 10:00;13/06/2026 12:47;15/06/2026 10:00
556769;AM;A8914;00019200000012659720;MultiModal;13/06/2026 12:47;15/06/2026 10:00;13/06/2026 12:47;15/06/2026 10:00
556769;AM;TA0402;00019200000012659738;MultiModal;13/06/2026 12:47;15/06/2026 10:00;13/06/2026 12:47;15/06/2026 10:00
556769;AM;A3195;00019200000012659746;MultiModal;13/06/2026 12:47;15/06/2026 10:00;13/06/2026 12:47;15/06/2026 10:00
556769;AM;TA0668;00019200000012659754;MultiModal;13/06/2026 12:47;15/06/2026 10:00;13/06/2026 12:47;15/06/2026 10:00
556769;AM;A8054;00019200000012659762;MultiModal;13/06/2026 12:47;15/06/2026 10:00;13/06/2026 12:47;15/06/2026 10:00
556769;AM;A5209;00019200000012659770;MultiModal;13/06/2026 12:47;15/06/2026 10:00;13/06/2026 12:47;15/06/2026 10:00
556769;AM;A5775;00019200000012702501;MultiModal;13/06/2026 12:47;15/06/2026 10:00;13/06/2026 12:47;15/06/2026 10:00
556769;AM;A0841;00019200000012702510;MultiModal;13/06/2026 12:47;15/06/2026 10:00;13/06/2026 12:47;15/06/2026 10:00
556769;AM;A5052;00019200000012702528;MultiModal;13/06/2026 12:47;15/06/2026 10:00;13/06/2026 12:47;15/06/2026 10:00
556892;AM;TA0862;00019200000013242563;MultiModal;15/06/2026 01:51;16/06/2026 15:00;15/06/2026 01:51;16/06/2026 15:00
557073;AM;A0974;00019200000012657956;MultiModal;11/06/2026 00:47;12/06/2026 14:10;-;-
557086;AM;S1960;00019200000013211820;MultiModal;17/06/2026 23:57;19/06/2026 17:41;17/06/2026 23:57;19/06/2026 17:41
557244;AM;A3684;00019200000012386928;MultiModal;16/06/2026 04:11;17/06/2026 15:00;16/06/2026 04:11;17/06/2026 15:00
557244;AM;A9063;00019200000012386936;MultiModal;16/06/2026 04:11;17/06/2026 15:00;16/06/2026 04:11;17/06/2026 15:00
557244;AM;A6870;00019200000012386944;MultiModal;16/06/2026 04:11;17/06/2026 15:00;16/06/2026 04:11;17/06/2026 15:00
557244;AM;A3348;00019200000012386952;MultiModal;16/06/2026 04:11;17/06/2026 15:00;16/06/2026 04:11;17/06/2026 15:00
557244;AM;A5757;00019200000012387118;MultiModal;16/06/2026 04:11;17/06/2026 15:00;16/06/2026 04:11;17/06/2026 15:00
557244;AM;TA1169;00019200000012387126;MultiModal;16/06/2026 04:11;17/06/2026 15:00;16/06/2026 04:11;17/06/2026 15:00
557244;AM;A8281;00019200000012387134;MultiModal;16/06/2026 04:11;17/06/2026 15:00;16/06/2026 04:11;17/06/2026 15:00
557244;AM;A0941;00019200000012387142;MultiModal;16/06/2026 04:11;17/06/2026 15:00;16/06/2026 04:11;17/06/2026 15:00
557244;AM;A9158;00019200000012387150;MultiModal;16/06/2026 04:11;17/06/2026 15:00;16/06/2026 04:11;17/06/2026 15:00
557244;AM;A5990;00019200000012387169;MultiModal;16/06/2026 04:11;17/06/2026 15:00;16/06/2026 04:11;17/06/2026 15:00
557244;AM;A1535;00019200000012387177;MultiModal;16/06/2026 04:11;17/06/2026 15:00;16/06/2026 04:11;17/06/2026 15:00
557244;AM;A7142;00019200000012387185;MultiModal;16/06/2026 04:11;17/06/2026 15:00;16/06/2026 04:11;17/06/2026 15:00
557244;AM;A5337;00019200000012694592;MultiModal;16/06/2026 04:11;17/06/2026 15:00;16/06/2026 04:11;17/06/2026 15:00
557244;AM;A3330;00019200000012694606;MultiModal;16/06/2026 04:11;17/06/2026 15:00;16/06/2026 04:11;17/06/2026 15:00
557244;AM;A8044;00019200000012695203;MultiModal;16/06/2026 04:11;17/06/2026 15:00;16/06/2026 04:11;17/06/2026 15:00
557244;AM;A7143;00019200000012695211;MultiModal;16/06/2026 04:11;17/06/2026 15:00;16/06/2026 04:11;17/06/2026 15:00
557244;AM;A8946;00019200000012695220;MultiModal;16/06/2026 04:11;17/06/2026 15:00;16/06/2026 04:11;17/06/2026 15:00
557244;AM;A6276;00019200000012695238;MultiModal;16/06/2026 04:11;17/06/2026 15:00;16/06/2026 04:11;17/06/2026 15:00
557248;AM;A5077;00019200000012925853;MultiModal;17/06/2026 23:46;19/06/2026 15:00;17/06/2026 23:46;19/06/2026 15:00
557262;AM;TA0682;00019200000012698962;MultiModal;16/06/2026 03:25;18/06/2026 11:36;16/06/2026 03:25;18/06/2026 11:36
557262;AM;A1433;00019200000012698970;MultiModal;16/06/2026 03:25;18/06/2026 11:36;16/06/2026 03:25;18/06/2026 11:36
557262;AM;A6500;00019200000012698989;MultiModal;16/06/2026 03:25;18/06/2026 11:36;16/06/2026 03:25;18/06/2026 11:36
557262;AM;A9643;00019200000012698997;MultiModal;16/06/2026 03:25;18/06/2026 11:36;16/06/2026 03:25;18/06/2026 11:36
557262;AM;TA0236;00019200000012699004;MultiModal;16/06/2026 03:25;18/06/2026 11:36;16/06/2026 03:25;18/06/2026 11:36
557262;AM;A4599;00019200000012699020;MultiModal;16/06/2026 03:25;18/06/2026 11:36;16/06/2026 03:25;18/06/2026 11:36
557262;AM;A8196;00019200000012699039;MultiModal;16/06/2026 03:25;18/06/2026 11:36;16/06/2026 03:25;18/06/2026 11:36
557262;AM;A6698;00019200000012699047;MultiModal;16/06/2026 03:25;18/06/2026 11:36;16/06/2026 03:25;18/06/2026 11:36
557262;AM;A8218;00019200000012699055;MultiModal;16/06/2026 03:25;18/06/2026 11:36;16/06/2026 03:25;18/06/2026 11:36
557262;AM;A9398;00019200000012699063;MultiModal;16/06/2026 03:25;18/06/2026 11:36;16/06/2026 03:25;18/06/2026 11:36
557262;AM;TA1131;00019200000012699071;MultiModal;16/06/2026 03:25;18/06/2026 11:36;16/06/2026 03:25;18/06/2026 11:36
557731;AM;TA1064;00019200000012925861;MultiModal;17/06/2026 23:47;19/06/2026 09:00;17/06/2026 23:47;19/06/2026 09:00
557751;AM;A7859;00019200000012433195;MultiModal;22/06/2026 05:46;23/06/2026 15:00;22/06/2026 05:46;23/06/2026 15:00
557751;AM;A7477;00019200000012433209;MultiModal;22/06/2026 05:46;23/06/2026 15:00;22/06/2026 05:46;23/06/2026 15:00
558041;AM;A9644;00019200000013317466;MultiModal;24/06/2026 01:03;25/06/2026 10:00;24/06/2026 01:03;25/06/2026 10:00
558041;AM;A6328;00019200000013324616;MultiModal;24/06/2026 01:03;25/06/2026 10:00;24/06/2026 01:03;25/06/2026 10:00
558041;AM;A6644;00019200000013324624;MultiModal;24/06/2026 01:03;25/06/2026 10:00;24/06/2026 01:03;25/06/2026 10:00
558042;AM;A7373;00019200000013324039;MultiModal;24/06/2026 00:34;25/06/2026 10:00;24/06/2026 00:34;25/06/2026 10:00
558042;AM;A6520;00019200000013324047;MultiModal;24/06/2026 00:34;25/06/2026 10:00;24/06/2026 00:34;25/06/2026 10:00
558042;AM;A3607;00019200000013324055;MultiModal;24/06/2026 00:34;25/06/2026 10:00;24/06/2026 00:34;25/06/2026 10:00
558042;AM;A8018;00019200000013324063;MultiModal;24/06/2026 00:34;25/06/2026 10:00;24/06/2026 00:34;25/06/2026 10:00
558042;AM;A1220;00019200000013324071;MultiModal;24/06/2026 00:34;25/06/2026 10:00;24/06/2026 00:34;25/06/2026 10:00
558042;AM;A4484;00019200000013324080;MultiModal;24/06/2026 00:34;25/06/2026 10:00;24/06/2026 00:34;25/06/2026 10:00
558042;AM;TA1239;00019200000013324098;MultiModal;24/06/2026 00:34;25/06/2026 10:00;24/06/2026 00:34;25/06/2026 10:00
558042;AM;A7804;00019200000013324101;MultiModal;24/06/2026 00:34;25/06/2026 10:00;24/06/2026 00:34;25/06/2026 10:00
558042;AM;A8078;00019200000013324110;MultiModal;24/06/2026 00:34;25/06/2026 10:00;24/06/2026 00:34;25/06/2026 10:00
558042;AM;TA1091;00019200000013324128;MultiModal;24/06/2026 00:34;25/06/2026 10:00;24/06/2026 00:34;25/06/2026 10:00
558042;AM;A2856;00019200000013324136;MultiModal;24/06/2026 00:34;25/06/2026 10:00;24/06/2026 00:34;25/06/2026 10:00
558042;AM;A9258;00019200000013324144;MultiModal;24/06/2026 00:34;25/06/2026 10:00;24/06/2026 00:34;25/06/2026 10:00
558042;AM;A1347;00019200000013324152;MultiModal;24/06/2026 00:34;25/06/2026 10:00;24/06/2026 00:34;25/06/2026 10:00
558042;AM;TA0307;00019200000013324160;MultiModal;24/06/2026 00:34;25/06/2026 10:00;24/06/2026 00:34;25/06/2026 10:00
558042;AM;A0259;00019200000013324179;MultiModal;24/06/2026 00:34;25/06/2026 10:00;24/06/2026 00:34;25/06/2026 10:00
558042;AM;A2241;00019200000013324187;MultiModal;24/06/2026 00:34;25/06/2026 10:00;24/06/2026 00:34;25/06/2026 10:00
558042;AM;A3727;00019200000013324225;MultiModal;24/06/2026 00:34;25/06/2026 10:00;24/06/2026 00:34;25/06/2026 10:00
558042;AM;A6987;00019200000013324233;MultiModal;24/06/2026 00:34;25/06/2026 10:00;24/06/2026 00:34;25/06/2026 10:00
558042;AM;A6778;00019200000013324241;MultiModal;24/06/2026 00:34;25/06/2026 10:00;24/06/2026 00:34;25/06/2026 10:00
558042;AM;A4835;00019200000013324250;MultiModal;24/06/2026 00:34;25/06/2026 10:00;24/06/2026 00:34;25/06/2026 10:00
558042;AM;A6393;00019200000013324268;MultiModal;24/06/2026 00:34;25/06/2026 10:00;24/06/2026 00:34;25/06/2026 10:00
558042;AM;A8217;00019200000013324276;MultiModal;24/06/2026 00:34;25/06/2026 10:00;24/06/2026 00:34;25/06/2026 10:00
558042;AM;A4914;00019200000013324284;MultiModal;24/06/2026 00:34;25/06/2026 10:00;24/06/2026 00:34;25/06/2026 10:00
558042;AM;A6399;00019200000013324292;MultiModal;24/06/2026 00:34;25/06/2026 10:00;24/06/2026 00:34;25/06/2026 10:00
558042;AM;TA0979;00019200000013324306;MultiModal;24/06/2026 00:34;25/06/2026 10:00;24/06/2026 00:34;25/06/2026 10:00
558042;AM;A4111;00019200000013324314;MultiModal;24/06/2026 00:34;25/06/2026 10:00;24/06/2026 00:34;25/06/2026 10:00
558042;AM;A9047;00019200000013324322;MultiModal;24/06/2026 00:34;25/06/2026 10:00;24/06/2026 00:34;25/06/2026 10:00
558042;AM;A0773;00019200000013324330;MultiModal;24/06/2026 00:34;25/06/2026 10:00;24/06/2026 00:34;25/06/2026 10:00
558044;AM;TA0912;00019200000013328247;MultiModal;25/06/2026 01:03;30/06/2026 12:43;25/06/2026 01:03;30/06/2026 12:43
558044;AM;A7904;00019200000013328255;MultiModal;25/06/2026 01:03;30/06/2026 12:43;25/06/2026 01:03;30/06/2026 12:43
558044;AM;A3505;00019200000013328263;MultiModal;25/06/2026 01:03;30/06/2026 12:43;25/06/2026 01:03;30/06/2026 12:43
558044;AM;A4474;00019200000013328271;MultiModal;25/06/2026 01:03;30/06/2026 12:43;25/06/2026 01:03;30/06/2026 12:43
558044;AM;TA0420;00019200000013328280;MultiModal;25/06/2026 01:03;30/06/2026 12:43;25/06/2026 01:03;30/06/2026 12:43
558044;AM;TA0205;00019200000013328298;MultiModal;25/06/2026 01:03;30/06/2026 12:43;25/06/2026 01:03;30/06/2026 12:43
558044;AM;A3918;00019200000013328301;MultiModal;25/06/2026 01:03;30/06/2026 12:43;25/06/2026 01:03;30/06/2026 12:43
558044;AM;A8282;00019200000013328310;MultiModal;25/06/2026 01:03;30/06/2026 12:43;25/06/2026 01:03;30/06/2026 12:43
558044;AM;A1125;00019200000013328328;MultiModal;25/06/2026 01:03;30/06/2026 12:43;25/06/2026 01:03;30/06/2026 12:43
558044;AM;A6000;00019200000013328336;MultiModal;25/06/2026 01:03;30/06/2026 12:43;25/06/2026 01:03;30/06/2026 12:43
558044;AM;TA0945;00019200000013328344;MultiModal;25/06/2026 01:03;30/06/2026 12:43;25/06/2026 01:03;30/06/2026 12:43
558044;AM;A3872;00019200000013328360;MultiModal;25/06/2026 01:03;30/06/2026 12:43;25/06/2026 01:03;30/06/2026 12:43
558044;AM;TA0858;00019200000013328379;MultiModal;25/06/2026 01:03;30/06/2026 12:43;25/06/2026 01:03;30/06/2026 12:43
558044;AM;A3432;00019200000013328387;MultiModal;25/06/2026 01:03;30/06/2026 12:43;25/06/2026 01:03;30/06/2026 12:43
558044;AM;A4354;00019200000013328395;MultiModal;25/06/2026 01:03;30/06/2026 12:43;25/06/2026 01:03;30/06/2026 12:43
558362;AM;A0029;00019200000013423207;MultiModal;06/07/2026 00:02;07/07/2026 16:14;06/07/2026 00:02;07/07/2026 16:14
558425;AM;A5210;00019200000013335332;MultiModal;22/06/2026 12:24;23/06/2026 09:28;22/06/2026 12:24;23/06/2026 09:28
558425;AM;A8575;00019200000013335340;MultiModal;22/06/2026 12:24;23/06/2026 09:28;22/06/2026 12:24;23/06/2026 09:28
558427;AM;A3966;00019200000013242911;MultiModal;22/06/2026 05:46;23/06/2026 15:00;22/06/2026 05:46;23/06/2026 15:00
558447;AM;TA0565;00019200000013234986;MultiModal;24/06/2026 03:41;25/06/2026 10:00;24/06/2026 03:41;25/06/2026 10:00
558447;AM;A6335;00019200000013235028;MultiModal;24/06/2026 03:41;25/06/2026 10:00;24/06/2026 03:41;25/06/2026 10:00
558447;AM;A4748;00019200000013235036;MultiModal;24/06/2026 03:41;25/06/2026 10:00;24/06/2026 03:41;25/06/2026 10:00
558447;AM;A1466;00019200000013235060;MultiModal;24/06/2026 03:41;25/06/2026 10:00;24/06/2026 03:41;25/06/2026 10:00
558447;AM;A7562;00019200000013235184;MultiModal;24/06/2026 03:41;25/06/2026 10:00;24/06/2026 03:41;25/06/2026 10:00
558449;AM;A8540;00019200000013197509;MultiModal;06/07/2026 00:22;07/07/2026 16:07;13/07/2026 00:34;-
558449;AM;A8818;00019200000013198319;MultiModal;06/07/2026 00:22;07/07/2026 16:07;06/07/2026 00:22;-
558449;AM;A5155;00019200000013198327;MultiModal;06/07/2026 00:22;07/07/2026 16:07;06/07/2026 00:22;-
558449;AM;TA0821;00019200000013198394;MultiModal;06/07/2026 00:22;07/07/2026 16:07;06/07/2026 00:22;-
558449;AM;A0250;00019200000013198408;MultiModal;06/07/2026 00:22;07/07/2026 16:07;06/07/2026 00:22;-
558449;AM;A8519;00019200000013198416;MultiModal;06/07/2026 00:22;07/07/2026 16:07;06/07/2026 00:22;-
558449;AM;A1577;00019200000013198424;MultiModal;06/07/2026 00:22;07/07/2026 16:07;06/07/2026 00:22;-
558449;AM;A3980;00019200000013198432;MultiModal;06/07/2026 00:22;07/07/2026 16:07;06/07/2026 00:22;-
558449;AM;A9594;00019200000013198440;MultiModal;06/07/2026 00:22;07/07/2026 16:07;06/07/2026 00:22;-
558449;AM;A1046;00019200000013198459;MultiModal;06/07/2026 00:22;07/07/2026 16:07;06/07/2026 00:22;-
558449;AM;A8734;00019200000013198467;MultiModal;06/07/2026 00:22;07/07/2026 16:07;06/07/2026 00:22;-
558449;AM;A6613;00019200000013198475;MultiModal;06/07/2026 00:22;07/07/2026 16:07;07/07/2026 01:02;-
558449;AM;A8438;00019200000013198483;MultiModal;06/07/2026 00:22;07/07/2026 16:07;07/07/2026 01:02;-
558449;AM;TA1034;00019200000013198491;MultiModal;06/07/2026 00:22;07/07/2026 16:07;07/07/2026 01:02;-
558449;AM;A8559;00019200000013198505;MultiModal;06/07/2026 00:22;07/07/2026 16:07;07/07/2026 01:02;-
558449;AM;A7785;00019200000013198513;MultiModal;06/07/2026 00:22;07/07/2026 16:07;07/07/2026 01:02;-
558449;AM;A5752;00019200000013198521;MultiModal;06/07/2026 00:22;07/07/2026 16:07;07/07/2026 01:02;-
558449;AM;A8507;00019200000013198530;MultiModal;06/07/2026 00:22;07/07/2026 16:07;06/07/2026 00:22;-
558449;AM;A3751;00019200000013198548;MultiModal;06/07/2026 00:22;07/07/2026 16:07;06/07/2026 00:22;-
558449;AM;A3468;00019200000013198556;MultiModal;06/07/2026 00:22;07/07/2026 16:07;13/07/2026 00:34;-
558449;AM;A5615;00019200000013198564;MultiModal;06/07/2026 00:22;07/07/2026 16:07;13/07/2026 00:34;-
558449;AM;A7193;00019200000013198572;MultiModal;06/07/2026 00:22;07/07/2026 16:07;13/07/2026 00:34;-
558449;AM;A5749;00019200000013198580;MultiModal;06/07/2026 00:22;07/07/2026 16:07;09/07/2026 03:27;-
558449;AM;A6430;00019200000013198599;MultiModal;06/07/2026 00:22;07/07/2026 16:07;13/07/2026 00:34;-
558449;AM;A6765;00019200000013198602;MultiModal;06/07/2026 00:22;07/07/2026 16:07;13/07/2026 00:34;-
558449;AM;A7431;00019200000013198610;MultiModal;06/07/2026 00:22;07/07/2026 16:07;07/07/2026 01:02;-
558449;AM;A8381;00019200000013198629;MultiModal;06/07/2026 00:22;07/07/2026 16:07;07/07/2026 01:02;-
558449;AM;A2701;00019200000013198637;MultiModal;06/07/2026 00:22;07/07/2026 16:07;07/07/2026 01:02;-
558449;AM;A0718;00019200000013198645;MultiModal;06/07/2026 00:22;07/07/2026 16:07;07/07/2026 01:02;-
558449;AM;TA0898;00019200000013198653;MultiModal;06/07/2026 00:22;07/07/2026 16:07;13/07/2026 00:34;-
558449;AM;A3017;00019200000013198661;MultiModal;06/07/2026 00:22;07/07/2026 16:07;13/07/2026 10:50;-
558449;AM;A8181;00019200000013198670;MultiModal;06/07/2026 00:22;07/07/2026 16:07;09/07/2026 03:27;-
558449;AM;A8733;00019200000013198688;MultiModal;06/07/2026 00:22;07/07/2026 16:07;13/07/2026 10:50;-
558449;AM;A3077;00019200000013199331;MultiModal;06/07/2026 00:22;07/07/2026 16:07;07/07/2026 01:02;-
558449;AM;A9327;00019200000013199340;MultiModal;06/07/2026 00:22;07/07/2026 16:07;07/07/2026 01:02;-
558449;AM;A6615;00019200000013199358;MultiModal;06/07/2026 00:22;07/07/2026 16:07;07/07/2026 01:02;-
558449;AM;A6017;00019200000013199366;MultiModal;06/07/2026 00:22;07/07/2026 16:07;07/07/2026 01:02;-
558449;AM;A1108;00019200000013199374;MultiModal;06/07/2026 00:22;07/07/2026 16:07;07/07/2026 01:02;-
558449;AM;TA1208;00019200000013199382;MultiModal;06/07/2026 00:22;07/07/2026 16:07;07/07/2026 01:02;-
558449;AM;A7961;00019200000013199390;MultiModal;06/07/2026 00:22;07/07/2026 16:07;07/07/2026 01:02;-
558449;AM;A3693;00019200000013199404;MultiModal;06/07/2026 00:22;07/07/2026 16:07;09/07/2026 03:27;-
558449;AM;A7805;00019200000013199412;MultiModal;06/07/2026 00:22;07/07/2026 16:07;09/07/2026 03:27;-
558449;AM;A4748;00019200000013199420;MultiModal;06/07/2026 00:22;07/07/2026 16:07;09/07/2026 03:27;-
558449;AM;TA0776;00019200000013199439;MultiModal;06/07/2026 00:22;07/07/2026 16:07;07/07/2026 01:02;-
558449;AM;A4754;00019200000013199447;MultiModal;06/07/2026 00:22;07/07/2026 16:07;07/07/2026 01:02;-
558449;AM;A3532;00019200000013199455;MultiModal;06/07/2026 00:22;07/07/2026 16:07;09/07/2026 03:27;-
558449;AM;A6428;00019200000013199463;MultiModal;06/07/2026 00:22;07/07/2026 16:07;09/07/2026 03:27;-
558449;AM;A6337;00019200000013199471;MultiModal;06/07/2026 00:22;07/07/2026 16:07;09/07/2026 03:27;-
558449;AM;A3613;00019200000013199480;MultiModal;06/07/2026 00:22;07/07/2026 16:07;09/07/2026 03:27;-
558449;AM;A4987;00019200000013199498;MultiModal;06/07/2026 00:22;07/07/2026 16:07;09/07/2026 03:27;-
558449;AM;A8008;00019200000013199501;MultiModal;06/07/2026 00:22;07/07/2026 16:07;09/07/2026 03:27;-
558449;AM;A5870;00019200000013199510;MultiModal;06/07/2026 00:22;07/07/2026 16:07;09/07/2026 03:27;-
558449;AM;A9436;00019200000013199528;MultiModal;06/07/2026 00:22;07/07/2026 16:07;09/07/2026 03:27;-
558449;AM;A2575;00019200000013199536;MultiModal;06/07/2026 00:22;07/07/2026 16:07;07/07/2026 01:02;-
558449;AM;A4165;00019200000013199544;MultiModal;06/07/2026 00:22;07/07/2026 16:07;13/07/2026 10:50;-
558449;AM;A1984;00019200000013199552;MultiModal;06/07/2026 00:22;07/07/2026 16:07;13/07/2026 00:34;-
558449;AM;A8552;00019200000013199560;MultiModal;06/07/2026 00:22;07/07/2026 16:07;09/07/2026 03:27;-
558449;AM;TA0411;00019200000013199579;MultiModal;06/07/2026 00:22;07/07/2026 16:07;13/07/2026 00:34;-
558449;AM;A5611;00019200000013199587;MultiModal;06/07/2026 00:22;07/07/2026 16:07;09/07/2026 03:27;-
558449;AM;TA0520;00019200000013199595;MultiModal;06/07/2026 00:22;07/07/2026 16:07;13/07/2026 00:34;-
558449;AM;A2874;00019200000013199609;MultiModal;06/07/2026 00:22;07/07/2026 16:07;06/07/2026 00:22;-
558449;AM;TA0876;00019200000013199617;MultiModal;06/07/2026 00:22;07/07/2026 16:07;06/07/2026 00:22;-
558449;AM;A9027;00019200000013199625;MultiModal;06/07/2026 00:22;07/07/2026 16:07;09/07/2026 03:27;-
558449;AM;A9676;00019200000013199633;MultiModal;06/07/2026 00:22;07/07/2026 16:07;09/07/2026 03:27;-
558449;AM;A8988;00019200000013199641;MultiModal;06/07/2026 00:22;07/07/2026 16:07;13/07/2026 00:34;-
558449;AM;A2957;00019200000013199650;MultiModal;06/07/2026 00:22;07/07/2026 16:07;13/07/2026 00:34;-
558449;AM;A0218;00019200000013199668;MultiModal;06/07/2026 00:22;07/07/2026 16:07;13/07/2026 00:34;-
558449;AM;A4082;00019200000013199676;MultiModal;06/07/2026 00:22;07/07/2026 16:07;13/07/2026 00:34;-
558449;AM;A3603;00019200000013199684;MultiModal;06/07/2026 00:22;07/07/2026 16:07;13/07/2026 00:34;-
558449;AM;A9489;00019200000013199692;MultiModal;06/07/2026 00:22;07/07/2026 16:07;13/07/2026 00:34;-
558449;AM;A4311;00019200000013199706;MultiModal;06/07/2026 00:22;07/07/2026 16:07;13/07/2026 00:34;-
558449;AM;A2661;00019200000013199714;MultiModal;06/07/2026 00:22;07/07/2026 16:07;07/07/2026 01:02;-
558449;AM;A8879;00019200000013199722;MultiModal;06/07/2026 00:22;07/07/2026 16:07;13/07/2026 00:34;-
558449;AM;A7231;00019200000013199730;MultiModal;06/07/2026 00:22;07/07/2026 16:07;07/07/2026 01:02;-
558449;AM;A8598;00019200000013199749;MultiModal;06/07/2026 00:22;07/07/2026 16:07;13/07/2026 00:34;-
558449;AM;A7784;00019200000013199757;MultiModal;06/07/2026 00:22;07/07/2026 16:07;13/07/2026 00:34;-
558449;AM;A3655;00019200000013199765;MultiModal;06/07/2026 00:22;07/07/2026 16:07;07/07/2026 01:02;-
558449;AM;A2505;00019200000013199773;MultiModal;06/07/2026 00:22;07/07/2026 16:07;13/07/2026 00:34;-
558449;AM;A7450;00019200000013199781;MultiModal;06/07/2026 00:22;07/07/2026 16:07;13/07/2026 00:34;-
558449;AM;A9214;00019200000013199790;MultiModal;06/07/2026 00:22;07/07/2026 16:07;09/07/2026 03:27;-
558449;AM;A5828;00019200000013199803;MultiModal;06/07/2026 00:22;07/07/2026 16:07;09/07/2026 03:27;-
558449;AM;A9052;00019200000013199811;MultiModal;06/07/2026 00:22;07/07/2026 16:07;13/07/2026 10:50;-
558449;AM;A0163;00019200000013199820;MultiModal;06/07/2026 00:22;07/07/2026 16:07;13/07/2026 10:50;-
558449;AM;A4010;00019200000013199838;MultiModal;06/07/2026 00:22;07/07/2026 16:07;13/07/2026 10:50;-
558449;AM;A8469;00019200000013199846;MultiModal;06/07/2026 00:22;07/07/2026 16:07;13/07/2026 10:50;-
558449;AM;A2187;00019200000013199854;MultiModal;06/07/2026 00:22;07/07/2026 16:07;13/07/2026 10:50;-
558449;AM;A5175;00019200000013199862;MultiModal;06/07/2026 00:22;07/07/2026 16:07;13/07/2026 10:50;-
558449;AM;A4472;00019200000013199870;MultiModal;06/07/2026 00:22;07/07/2026 16:07;13/07/2026 10:50;-
558449;AM;A1940;00019200000013199900;MultiModal;06/07/2026 00:22;07/07/2026 16:07;13/07/2026 10:50;-
558449;AM;A8105;00019200000013199919;MultiModal;06/07/2026 00:22;07/07/2026 16:07;13/07/2026 10:50;-
558449;AM;A7935;00019200000013199927;MultiModal;06/07/2026 00:22;07/07/2026 16:07;13/07/2026 10:50;-
558449;AM;A6441;00019200000013199935;MultiModal;06/07/2026 00:22;07/07/2026 16:07;13/07/2026 10:50;-
558449;AM;A5635;00019200000013199943;MultiModal;06/07/2026 00:22;07/07/2026 16:07;09/07/2026 03:27;-
558449;AM;TA0060;00019200000013199951;MultiModal;06/07/2026 00:22;07/07/2026 16:07;09/07/2026 03:27;-
558449;AM;A5790;00019200000013199960;MultiModal;06/07/2026 00:22;07/07/2026 16:07;09/07/2026 03:27;-
558449;AM;A3479;00019200000013199978;MultiModal;06/07/2026 00:22;07/07/2026 16:07;09/07/2026 03:27;-
558449;AM;A0130;00019200000013199986;MultiModal;06/07/2026 00:22;07/07/2026 16:07;13/07/2026 10:50;-
558449;AM;A9335;00019200000013199994;MultiModal;06/07/2026 00:22;07/07/2026 16:07;13/07/2026 10:50;-
558449;AM;A0693;00019200000013200003;MultiModal;06/07/2026 00:22;07/07/2026 16:07;13/07/2026 10:50;-
558449;AM;A6456;00019200000013200011;MultiModal;06/07/2026 00:22;07/07/2026 16:07;13/07/2026 10:50;-
558449;AM;A7372;00019200000013200020;MultiModal;06/07/2026 00:22;07/07/2026 16:07;13/07/2026 10:50;-
558449;AM;A8936;00019200000013200038;MultiModal;06/07/2026 00:22;07/07/2026 16:07;13/07/2026 10:50;-
558449;AM;A9340;00019200000013200046;MultiModal;06/07/2026 00:22;07/07/2026 16:07;13/07/2026 10:50;-
558449;AM;TA1052;00019200000013200054;MultiModal;06/07/2026 00:22;07/07/2026 16:07;13/07/2026 10:50;-
558449;AM;A0514;00019200000013200062;MultiModal;06/07/2026 00:22;07/07/2026 16:07;13/07/2026 10:50;-
558449;AM;A3277;00019200000013200070;MultiModal;06/07/2026 00:22;07/07/2026 16:07;06/07/2026 00:22;-
558449;AM;TA0857;00019200000013200089;MultiModal;06/07/2026 00:22;07/07/2026 16:07;06/07/2026 00:22;-
558449;AM;A5092;00019200000013200097;MultiModal;06/07/2026 00:22;07/07/2026 16:07;13/07/2026 00:34;-
558449;AM;A7328;00019200000013200100;MultiModal;06/07/2026 00:22;07/07/2026 16:07;06/07/2026 00:22;-
558449;AM;A6231;00019200000013200119;MultiModal;06/07/2026 00:22;07/07/2026 16:07;06/07/2026 00:22;-
558449;AM;TA1124;00019200000013201255;MultiModal;06/07/2026 00:22;07/07/2026 16:07;06/07/2026 00:22;-
558449;AM;A6262;00019200000013201263;MultiModal;06/07/2026 00:22;07/07/2026 16:07;06/07/2026 00:22;-
558449;AM;A6438;00019200000013201271;MultiModal;06/07/2026 00:22;07/07/2026 16:07;06/07/2026 00:22;-
558449;AM;A5339;00019200000013201280;MultiModal;06/07/2026 00:22;07/07/2026 16:07;06/07/2026 00:22;-
558449;AM;TA0714;00019200000013201298;MultiModal;06/07/2026 00:22;07/07/2026 16:07;06/07/2026 00:22;-
558449;AM;A3245;00019200000013201336;MultiModal;06/07/2026 00:22;07/07/2026 16:07;06/07/2026 00:22;-
558450;AM;A5832;00019200000013197584;MultiModal;02/07/2026 00:10;03/07/2026 11:34;02/07/2026 00:10;03/07/2026 10:30
558450;AM;TA1160;00019200000013197592;MultiModal;02/07/2026 00:10;03/07/2026 11:34;02/07/2026 03:18;03/07/2026 10:30
558450;AM;A5079;00019200000013197606;MultiModal;02/07/2026 00:10;03/07/2026 11:34;06/07/2026 04:05;07/07/2026 11:00
558450;AM;A3470;00019200000013197614;MultiModal;02/07/2026 00:10;03/07/2026 11:34;02/07/2026 00:10;03/07/2026 10:30
558450;AM;A2833;00019200000013197622;MultiModal;02/07/2026 00:10;03/07/2026 11:34;06/07/2026 04:05;07/07/2026 11:00
558450;AM;TA1086;00019200000013197630;MultiModal;02/07/2026 00:10;03/07/2026 11:34;06/07/2026 04:05;07/07/2026 11:00
558450;AM;TA0425;00019200000013197649;MultiModal;02/07/2026 00:10;03/07/2026 11:34;02/07/2026 00:10;03/07/2026 10:30
558450;AM;A8097;00019200000013197657;MultiModal;02/07/2026 00:10;03/07/2026 11:34;02/07/2026 00:10;03/07/2026 10:30
558450;AM;A7535;00019200000013197665;MultiModal;02/07/2026 00:10;03/07/2026 11:34;02/07/2026 00:10;03/07/2026 10:30
558450;AM;A6865;00019200000013197673;MultiModal;02/07/2026 00:10;03/07/2026 11:34;06/07/2026 04:05;07/07/2026 11:00
558450;AM;A7745;00019200000013197681;MultiModal;02/07/2026 00:10;03/07/2026 11:34;06/07/2026 04:05;07/07/2026 11:00
558450;AM;A3899;00019200000013197690;MultiModal;02/07/2026 00:10;03/07/2026 11:34;06/07/2026 04:05;07/07/2026 11:00
558450;AM;TA0600;00019200000013197703;MultiModal;02/07/2026 00:10;03/07/2026 11:34;06/07/2026 04:05;07/07/2026 11:00
558450;AM;A7430;00019200000013197711;MultiModal;02/07/2026 00:10;03/07/2026 11:34;02/07/2026 03:18;03/07/2026 10:30
558450;AM;A2759;00019200000013197720;MultiModal;02/07/2026 00:10;03/07/2026 11:34;06/07/2026 04:05;07/07/2026 11:00
558450;AM;A7421;00019200000013197738;MultiModal;02/07/2026 00:10;03/07/2026 11:34;06/07/2026 04:05;07/07/2026 11:00
558450;AM;A3719;00019200000013197746;MultiModal;02/07/2026 00:10;03/07/2026 11:34;06/07/2026 04:05;07/07/2026 11:00
558450;AM;A3238;00019200000013197754;MultiModal;02/07/2026 00:10;03/07/2026 11:34;02/07/2026 00:10;03/07/2026 10:30
558450;AM;A6375;00019200000013197762;MultiModal;02/07/2026 00:10;03/07/2026 11:34;06/07/2026 04:05;07/07/2026 11:00
558450;AM;A3315;00019200000013197770;MultiModal;02/07/2026 00:10;03/07/2026 11:34;02/07/2026 00:10;03/07/2026 10:30
558450;AM;A3916;00019200000013197789;MultiModal;02/07/2026 00:10;03/07/2026 11:34;06/07/2026 04:05;07/07/2026 11:00
558450;AM;A3327;00019200000013197797;MultiModal;02/07/2026 00:10;03/07/2026 11:34;06/07/2026 04:05;07/07/2026 11:00
558450;AM;A2863;00019200000013197800;MultiModal;02/07/2026 00:10;03/07/2026 11:34;06/07/2026 04:05;07/07/2026 11:00
558450;AM;A6820;00019200000013197819;MultiModal;02/07/2026 00:10;03/07/2026 11:34;02/07/2026 03:18;03/07/2026 10:30
558450;AM;A4053;00019200000013197827;MultiModal;02/07/2026 00:10;03/07/2026 11:34;02/07/2026 03:18;03/07/2026 10:30
558450;AM;A1077;00019200000013197835;MultiModal;02/07/2026 00:10;03/07/2026 11:34;02/07/2026 03:18;03/07/2026 10:30
558450;AM;A7206;00019200000013197843;MultiModal;02/07/2026 00:10;03/07/2026 11:34;02/07/2026 00:10;03/07/2026 10:30
558450;AM;A5929;00019200000013197851;MultiModal;02/07/2026 00:10;03/07/2026 11:34;02/07/2026 03:18;03/07/2026 10:30
558450;AM;A3318;00019200000013197860;MultiModal;02/07/2026 00:10;03/07/2026 11:34;02/07/2026 00:10;03/07/2026 10:30
558450;AM;A2625;00019200000013197878;MultiModal;02/07/2026 00:10;03/07/2026 11:34;06/07/2026 04:05;07/07/2026 11:00
558450;AM;A3514;00019200000013197886;MultiModal;02/07/2026 00:10;03/07/2026 11:34;06/07/2026 04:05;07/07/2026 11:00
558450;AM;A3576;00019200000013197894;MultiModal;02/07/2026 00:10;03/07/2026 11:34;06/07/2026 04:05;07/07/2026 11:00
558450;AM;A7477;00019200000013197908;MultiModal;02/07/2026 00:10;03/07/2026 11:34;06/07/2026 04:05;07/07/2026 11:00
558450;AM;A8476;00019200000013197916;MultiModal;02/07/2026 00:10;03/07/2026 11:34;06/07/2026 04:05;07/07/2026 11:00
558450;AM;A9160;00019200000013197924;MultiModal;02/07/2026 00:10;03/07/2026 11:34;06/07/2026 04:05;07/07/2026 11:00
558450;AM;A8462;00019200000013197932;MultiModal;02/07/2026 00:10;03/07/2026 11:34;02/07/2026 03:18;03/07/2026 10:30
558450;AM;A8949;00019200000013197940;MultiModal;02/07/2026 00:10;03/07/2026 11:34;02/07/2026 03:18;03/07/2026 10:30
558450;AM;A7278;00019200000013197959;MultiModal;02/07/2026 00:10;03/07/2026 11:34;06/07/2026 04:05;07/07/2026 11:00
558450;AM;A6955;00019200000013197967;MultiModal;02/07/2026 00:10;03/07/2026 11:34;02/07/2026 03:18;03/07/2026 10:30
558450;AM;A8640;00019200000013197975;MultiModal;02/07/2026 00:10;03/07/2026 11:34;06/07/2026 04:05;07/07/2026 11:00
558450;AM;A4940;00019200000013197983;MultiModal;02/07/2026 00:10;03/07/2026 11:34;06/07/2026 04:05;07/07/2026 11:00
558450;AM;A3813;00019200000013197991;MultiModal;02/07/2026 00:10;03/07/2026 11:34;06/07/2026 04:05;07/07/2026 11:00
558450;AM;A9566;00019200000013198009;MultiModal;02/07/2026 00:10;03/07/2026 11:34;06/07/2026 04:05;07/07/2026 11:00
558450;AM;A4967;00019200000013198017;MultiModal;02/07/2026 00:10;03/07/2026 11:34;06/07/2026 04:05;07/07/2026 11:00
558450;AM;A6278;00019200000013198025;MultiModal;02/07/2026 00:10;03/07/2026 11:34;02/07/2026 03:18;03/07/2026 10:30
558450;AM;A4387;00019200000013198033;MultiModal;02/07/2026 00:10;03/07/2026 11:34;06/07/2026 04:05;07/07/2026 11:00
558450;AM;A2119;00019200000013198041;MultiModal;02/07/2026 00:10;03/07/2026 11:34;02/07/2026 00:10;03/07/2026 10:30
558450;AM;A7501;00019200000013198050;MultiModal;02/07/2026 00:10;03/07/2026 11:34;06/07/2026 04:05;07/07/2026 11:00
558450;AM;A5924;00019200000013198068;MultiModal;02/07/2026 00:10;03/07/2026 11:34;06/07/2026 04:05;07/07/2026 11:00
558450;AM;A1072;00019200000013198076;MultiModal;02/07/2026 00:10;03/07/2026 11:34;02/07/2026 00:10;03/07/2026 10:30
558450;AM;A3351;00019200000013198190;MultiModal;02/07/2026 00:10;03/07/2026 11:34;02/07/2026 03:18;03/07/2026 10:30
558450;AM;A5315;00019200000013198203;MultiModal;02/07/2026 00:10;03/07/2026 11:34;02/07/2026 00:10;03/07/2026 10:30
558450;AM;A4140;00019200000013198211;MultiModal;02/07/2026 00:10;03/07/2026 11:34;02/07/2026 03:18;03/07/2026 10:30
558450;AM;A2753;00019200000013198220;MultiModal;02/07/2026 00:10;03/07/2026 11:34;02/07/2026 00:10;03/07/2026 10:30
558450;AM;A7716;00019200000013198238;MultiModal;02/07/2026 00:10;03/07/2026 11:34;02/07/2026 00:10;03/07/2026 10:30
558450;AM;A0280;00019200000013198246;MultiModal;02/07/2026 00:10;03/07/2026 11:34;02/07/2026 03:18;03/07/2026 10:30
558450;AM;TA0042;00019200000013198254;MultiModal;02/07/2026 00:10;03/07/2026 11:34;02/07/2026 03:18;03/07/2026 10:30
558450;AM;A6407;00019200000013198262;MultiModal;02/07/2026 00:10;03/07/2026 11:34;02/07/2026 03:18;03/07/2026 10:30
558450;AM;TA0960;00019200000013198270;MultiModal;02/07/2026 00:10;03/07/2026 11:34;02/07/2026 03:18;03/07/2026 10:30
558450;AM;A4359;00019200000013198289;MultiModal;02/07/2026 00:10;03/07/2026 11:34;02/07/2026 00:10;03/07/2026 10:30
558450;AM;TA0772;00019200000013198297;MultiModal;02/07/2026 00:10;03/07/2026 11:34;02/07/2026 03:18;03/07/2026 10:30
558450;AM;A1908;00019200000013198300;MultiModal;02/07/2026 00:10;03/07/2026 11:34;02/07/2026 03:18;03/07/2026 10:30
558450;AM;A3405;00019200000013198335;MultiModal;02/07/2026 00:10;03/07/2026 11:34;02/07/2026 00:10;03/07/2026 10:30
558450;AM;A6647;00019200000013198343;MultiModal;02/07/2026 00:10;03/07/2026 11:34;02/07/2026 00:10;03/07/2026 10:30
558450;AM;A3836;00019200000013198351;MultiModal;02/07/2026 00:10;03/07/2026 11:34;02/07/2026 00:10;03/07/2026 10:30
558450;AM;A3681;00019200000013198360;MultiModal;02/07/2026 00:10;03/07/2026 11:34;02/07/2026 00:10;03/07/2026 10:30
558450;AM;TA1022;00019200000013198378;MultiModal;02/07/2026 00:10;03/07/2026 11:34;02/07/2026 00:10;03/07/2026 10:30
558450;AM;A6501;00019200000013198386;MultiModal;02/07/2026 00:10;03/07/2026 11:34;02/07/2026 03:18;03/07/2026 10:30
558450;AM;A6599;00019200000013198858;MultiModal;02/07/2026 00:10;03/07/2026 11:34;02/07/2026 03:18;03/07/2026 10:30
558450;AM;A6356;00019200000013199889;MultiModal;02/07/2026 00:10;03/07/2026 11:34;06/07/2026 04:05;07/07/2026 11:00
558450;AM;TA0275;00019200000013200984;MultiModal;02/07/2026 00:10;03/07/2026 11:34;06/07/2026 04:05;07/07/2026 11:00
558450;AM;A4188;00019200000013200992;MultiModal;02/07/2026 00:10;03/07/2026 11:34;06/07/2026 04:05;07/07/2026 11:00
558450;AM;A7644;00019200000013201000;MultiModal;02/07/2026 00:10;03/07/2026 11:34;06/07/2026 04:05;07/07/2026 11:00
558450;AM;A7756;00019200000013201018;MultiModal;02/07/2026 00:10;03/07/2026 11:34;06/07/2026 04:05;07/07/2026 11:00
558450;AM;A6893;00019200000013201026;MultiModal;02/07/2026 00:10;03/07/2026 11:34;06/07/2026 04:05;07/07/2026 11:00
558829;AM;A5005;00019200000013253387;MultiModal;01/07/2026 04:24;02/07/2026 14:53;01/07/2026 04:24;02/07/2026 14:53
558829;AM;A9342;00019200000013253395;MultiModal;01/07/2026 04:24;02/07/2026 14:53;01/07/2026 04:24;02/07/2026 14:53
558829;AM;A7425;00019200000013253409;MultiModal;01/07/2026 04:24;02/07/2026 14:53;01/07/2026 04:24;02/07/2026 14:53
558830;AM;A5181;00019200000013246763;MultiModal;01/07/2026 05:33;02/07/2026 12:52;01/07/2026 05:33;02/07/2026 12:52
558830;AM;TA1047;00019200000013246771;MultiModal;01/07/2026 05:33;02/07/2026 12:52;01/07/2026 05:33;02/07/2026 12:52
558830;AM;A5675;00019200000013246780;MultiModal;01/07/2026 05:33;02/07/2026 12:52;01/07/2026 05:33;02/07/2026 12:52
558830;AM;A7279;00019200000013246798;MultiModal;01/07/2026 05:33;02/07/2026 12:52;01/07/2026 05:33;02/07/2026 12:52
558830;AM;TA1052;00019200000013246801;MultiModal;01/07/2026 05:33;02/07/2026 12:52;01/07/2026 05:33;02/07/2026 12:52
558830;AM;A6165;00019200000013246810;MultiModal;01/07/2026 05:33;02/07/2026 12:52;01/07/2026 05:33;02/07/2026 12:52
558830;AM;A8325;00019200000013246828;MultiModal;01/07/2026 05:33;02/07/2026 12:52;01/07/2026 05:33;02/07/2026 12:52
558830;AM;A9444;00019200000013246836;MultiModal;01/07/2026 05:33;02/07/2026 12:52;01/07/2026 05:33;02/07/2026 12:52
558830;AM;A8505;00019200000013246844;MultiModal;01/07/2026 05:33;02/07/2026 12:52;01/07/2026 05:33;02/07/2026 12:52
558830;AM;A6323;00019200000013246852;MultiModal;01/07/2026 05:33;02/07/2026 12:52;01/07/2026 05:33;02/07/2026 12:52
558830;AM;A6451;00019200000013246860;MultiModal;01/07/2026 05:33;02/07/2026 12:52;01/07/2026 05:33;02/07/2026 12:52
558897;AM;A8714;00019200000013328107;MultiModal;29/06/2026 06:49;30/06/2026 15:30;29/06/2026 06:49;01/07/2026 07:00
559077;AM;A2077;00019200000013329510;MultiModal;29/06/2026 06:54;30/06/2026 16:44;29/06/2026 06:54;30/06/2026 15:17
559388;AM;A3702;00019200000013254421;MultiModal;01/07/2026 04:24;02/07/2026 08:31;01/07/2026 04:24;02/07/2026 08:31
559388;AM;A7494;00019200000013254430;MultiModal;01/07/2026 04:24;02/07/2026 08:31;01/07/2026 04:24;02/07/2026 08:31
559388;AM;A7671;00019200000013254448;MultiModal;01/07/2026 04:24;02/07/2026 08:31;01/07/2026 04:24;02/07/2026 08:31
559388;AM;A2419;00019200000013254456;MultiModal;01/07/2026 04:24;02/07/2026 08:31;01/07/2026 04:24;02/07/2026 08:31
559445;AM;TA0369;00019200000013202227;MultiModal;30/06/2026 04:33;01/07/2026 16:43;30/06/2026 04:33;01/07/2026 16:43
559636;AM;A6852;00019200000013428349;MultiModal;02/07/2026 00:10;03/07/2026 13:07;02/07/2026 00:10;03/07/2026 13:07
559636;AM;A2083;00019200000013428357;MultiModal;02/07/2026 00:10;03/07/2026 13:07;02/07/2026 00:10;03/07/2026 13:07
559643;AM;A3999;00019200000013428179;MultiModal;02/07/2026 00:18;03/07/2026 13:34;02/07/2026 00:18;03/07/2026 13:34
559985;AM;A8699;00019200000013419650;MultiModal;07/07/2026 06:03;08/07/2026 12:16;07/07/2026 06:03;08/07/2026 12:16
559985;AM;A7029;00019200000013419668;MultiModal;07/07/2026 06:03;08/07/2026 12:16;07/07/2026 06:03;08/07/2026 12:16
559985;AM;A9122;00019200000013419676;MultiModal;07/07/2026 06:03;08/07/2026 12:16;07/07/2026 06:03;08/07/2026 12:16
559985;AM;A7276;00019200000013419684;MultiModal;07/07/2026 06:03;08/07/2026 12:16;07/07/2026 06:03;08/07/2026 12:16
559985;AM;TA0211;00019200000013419692;MultiModal;07/07/2026 06:03;08/07/2026 12:16;07/07/2026 06:03;08/07/2026 12:16
560809;AM;A3096;00019200000013475401;MultiModal;20/07/2026 04:20;-;20/07/2026 04:20;-
560849;AM;A7372;00019200000013472704;MultiModal;20/07/2026 04:20;-;20/07/2026 04:20;-
560849;AM;A7776;00019200000013472712;MultiModal;20/07/2026 04:20;-;20/07/2026 04:20;-
560849;AM;A9468;00019200000013472720;MultiModal;20/07/2026 04:20;-;20/07/2026 04:20;-
560849;AM;A9453;00019200000013472739;MultiModal;20/07/2026 04:20;-;20/07/2026 04:20;-
560849;AM;A0041;00019200000013472747;MultiModal;20/07/2026 04:20;-;20/07/2026 04:20;-
560849;AM;A5555;00019200000013472844;MultiModal;20/07/2026 04:20;-;20/07/2026 04:20;-
560849;AM;A0618;00019200000013472852;MultiModal;20/07/2026 04:20;-;20/07/2026 04:20;-
560849;AM;TA0453;00019200000013472860;MultiModal;20/07/2026 04:20;-;20/07/2026 04:20;-
560849;AM;A9158;00019200000013472984;MultiModal;20/07/2026 04:20;-;20/07/2026 04:20;-
560849;AM;A7195;00019200000013473182;MultiModal;20/07/2026 04:20;-;20/07/2026 04:20;-
556755;AP;S1468;00019200000013213024;MultiModal;17/06/2026 23:49;19/06/2026 11:00;17/06/2026 23:49;19/06/2026 11:00
556755;AP;S1768;00019200000013213032;MultiModal;17/06/2026 23:49;19/06/2026 11:00;17/06/2026 23:49;19/06/2026 11:00
556755;AP;S1295;00019200000013213040;MultiModal;17/06/2026 23:49;19/06/2026 11:00;17/06/2026 23:49;19/06/2026 11:00
556774;AP;S0688;00019200000012906921;MultiModal;17/06/2026 23:49;19/06/2026 11:03;17/06/2026 23:49;19/06/2026 11:03
556774;AP;S0904;00019200000012906930;MultiModal;17/06/2026 23:49;19/06/2026 11:03;17/06/2026 23:49;19/06/2026 11:03
556774;AP;S1134;00019200000012906948;MultiModal;17/06/2026 23:49;19/06/2026 11:03;17/06/2026 23:49;19/06/2026 11:03
556920;AP;A5707;00019200000012904333;MultiModal;11/06/2026 05:42;12/06/2026 10:30;-;-
556920;AP;A8999;00019200000012904368;MultiModal;11/06/2026 05:42;12/06/2026 10:30;-;-
557014;AP;A7173;00019200000012685143;MultiModal;15/06/2026 01:51;16/06/2026 11:20;15/06/2026 01:51;16/06/2026 11:20
557014;AP;A1658;00019200000012685151;MultiModal;15/06/2026 01:51;16/06/2026 11:20;15/06/2026 01:51;16/06/2026 11:20
557014;AP;A6986;00019200000012685160;MultiModal;15/06/2026 01:51;16/06/2026 11:20;15/06/2026 01:51;16/06/2026 11:20
557014;AP;A4606;00019200000012685178;MultiModal;15/06/2026 01:51;16/06/2026 11:20;15/06/2026 01:51;16/06/2026 11:20
557014;AP;A6904;00019200000012685186;MultiModal;15/06/2026 01:51;16/06/2026 11:20;15/06/2026 01:51;16/06/2026 11:20
557014;AP;A7295;00019200000012685194;MultiModal;15/06/2026 01:51;16/06/2026 11:20;15/06/2026 01:51;16/06/2026 11:20
557014;AP;TA1094;00019200000012685208;MultiModal;15/06/2026 01:51;16/06/2026 11:20;15/06/2026 01:51;16/06/2026 11:20
557087;AP;A3523;00019200000013210459;MultiModal;15/06/2026 01:51;16/06/2026 11:20;15/06/2026 01:51;16/06/2026 11:20
557246;AP;A9591;00019200000013210432;MultiModal;15/06/2026 01:51;16/06/2026 11:20;15/06/2026 01:51;16/06/2026 11:20
557246;AP;A4997;00019200000013210440;MultiModal;15/06/2026 01:51;16/06/2026 11:20;15/06/2026 01:51;16/06/2026 11:20
557851;AP;A8371;00019200000013236130;MultiModal;20/06/2026 22:19;22/06/2026 14:21;20/06/2026 22:19;22/06/2026 14:21
557851;AP;A6680;00019200000013236148;MultiModal;20/06/2026 22:19;22/06/2026 14:21;20/06/2026 22:19;22/06/2026 14:21
557851;AP;A8743;00019200000013236288;MultiModal;20/06/2026 22:19;22/06/2026 14:21;20/06/2026 22:19;22/06/2026 14:21
557851;AP;A8424;00019200000013236296;MultiModal;20/06/2026 22:19;22/06/2026 14:21;20/06/2026 22:19;22/06/2026 14:21
557851;AP;A4088;00019200000013236300;MultiModal;20/06/2026 22:19;22/06/2026 14:21;20/06/2026 22:19;22/06/2026 14:21
557851;AP;A5466;00019200000013236318;MultiModal;20/06/2026 22:19;22/06/2026 14:21;20/06/2026 22:19;22/06/2026 14:21
557851;AP;A7384;00019200000013236326;MultiModal;20/06/2026 22:19;22/06/2026 14:21;20/06/2026 22:19;22/06/2026 14:21
557851;AP;A1831;00019200000013236334;MultiModal;20/06/2026 22:19;22/06/2026 14:21;20/06/2026 22:19;22/06/2026 14:21
557851;AP;A4322;00019200000013236342;MultiModal;20/06/2026 22:19;22/06/2026 14:21;20/06/2026 22:19;22/06/2026 14:21
557851;AP;A6241;00019200000013236350;MultiModal;20/06/2026 22:19;22/06/2026 14:21;20/06/2026 22:19;22/06/2026 14:21
558055;AP;S0964;00019200000013244124;MultiModal;17/06/2026 23:49;19/06/2026 11:36;17/06/2026 23:49;19/06/2026 11:36
558451;AP;A9241;00019200000013253271;MultiModal;01/07/2026 01:10;02/07/2026 15:10;01/07/2026 01:10;02/07/2026 15:10
558451;AP;A6733;00019200000013253280;MultiModal;01/07/2026 01:10;02/07/2026 15:10;01/07/2026 01:10;02/07/2026 15:10
558451;AP;TA0508;00019200000013253298;MultiModal;01/07/2026 01:10;02/07/2026 15:10;01/07/2026 01:10;02/07/2026 15:10
558451;AP;A7885;00019200000013253301;MultiModal;01/07/2026 01:10;02/07/2026 15:10;01/07/2026 01:10;02/07/2026 15:10
558451;AP;A8096;00019200000013253310;MultiModal;01/07/2026 01:10;02/07/2026 15:10;01/07/2026 01:10;02/07/2026 15:10
558451;AP;A6823;00019200000013253328;MultiModal;01/07/2026 01:10;02/07/2026 15:10;01/07/2026 01:10;02/07/2026 15:10
558451;AP;A8738;00019200000013253336;MultiModal;01/07/2026 01:10;02/07/2026 15:10;01/07/2026 01:10;02/07/2026 15:10
558451;AP;A5726;00019200000013253344;MultiModal;01/07/2026 01:10;02/07/2026 15:10;01/07/2026 01:10;02/07/2026 15:10
559203;AP;A5015;00019200000013253123;MultiModal;29/06/2026 00:54;30/06/2026 16:40;29/06/2026 00:54;30/06/2026 16:40
555569;BA;A3012;00019200000012707600;MultiModal;17/06/2026 03:54;19/06/2026 09:40;24/06/2026 04:40;25/06/2026 10:50
555569;BA;A1674;00019200000012707619;MultiModal;17/06/2026 03:54;19/06/2026 09:40;24/06/2026 04:40;25/06/2026 10:50
555569;BA;A6975;00019200000012707627;MultiModal;17/06/2026 03:54;19/06/2026 09:40;24/06/2026 04:40;25/06/2026 10:50
555569;BA;A6225;00019200000012707635;MultiModal;17/06/2026 03:54;19/06/2026 09:40;24/06/2026 04:40;25/06/2026 10:50
555569;BA;A5439;00019200000012708186;MultiModal;17/06/2026 03:54;19/06/2026 09:40;17/06/2026 03:54;19/06/2026 09:40
555569;BA;A8008;00019200000012708194;MultiModal;17/06/2026 03:54;19/06/2026 09:40;17/06/2026 03:54;19/06/2026 09:40
555569;BA;A3743;00019200000012708208;MultiModal;17/06/2026 03:54;19/06/2026 09:40;17/06/2026 03:54;19/06/2026 09:40
555569;BA;A8960;00019200000012732362;MultiModal;17/06/2026 03:54;19/06/2026 09:40;24/06/2026 04:40;25/06/2026 10:50
555569;BA;A8704;00019200000012732370;MultiModal;17/06/2026 03:54;19/06/2026 09:40;22/06/2026 08:04;23/06/2026 13:00
555569;BA;A7329;00019200000012732389;MultiModal;17/06/2026 03:54;19/06/2026 09:40;22/06/2026 08:04;23/06/2026 13:00
555569;BA;A6467;00019200000012732397;MultiModal;17/06/2026 03:54;19/06/2026 09:40;24/06/2026 04:40;25/06/2026 10:50
555569;BA;A8045;00019200000012732400;MultiModal;17/06/2026 03:54;19/06/2026 09:40;22/06/2026 08:04;23/06/2026 13:00
555569;BA;A4140;00019200000012732419;MultiModal;17/06/2026 03:54;19/06/2026 09:40;22/06/2026 08:04;23/06/2026 13:00
555569;BA;A5435;00019200000012732427;MultiModal;17/06/2026 03:54;19/06/2026 09:40;22/06/2026 08:04;23/06/2026 13:00
555569;BA;A4232;00019200000012732435;MultiModal;17/06/2026 03:54;19/06/2026 09:40;22/06/2026 08:04;23/06/2026 13:00
555569;BA;A8776;00019200000012732443;MultiModal;17/06/2026 03:54;19/06/2026 09:40;22/06/2026 08:04;23/06/2026 13:00
555569;BA;A4418;00019200000012732451;MultiModal;17/06/2026 03:54;19/06/2026 09:40;22/06/2026 08:04;23/06/2026 13:00
555569;BA;A3866;00019200000012732460;MultiModal;17/06/2026 03:54;19/06/2026 09:40;22/06/2026 08:04;23/06/2026 13:00
555569;BA;A4153;00019200000012732478;MultiModal;17/06/2026 03:54;19/06/2026 09:40;22/06/2026 08:04;23/06/2026 13:00
555569;BA;TA0700;00019200000012732486;MultiModal;17/06/2026 03:54;19/06/2026 09:40;22/06/2026 08:04;23/06/2026 13:00
555569;BA;A3948;00019200000012732494;MultiModal;17/06/2026 03:54;19/06/2026 09:40;22/06/2026 08:04;23/06/2026 13:00
555569;BA;A0986;00019200000012732508;MultiModal;17/06/2026 03:54;19/06/2026 09:40;29/06/2026 03:56;30/06/2026 14:00
555569;BA;A7141;00019200000012732516;MultiModal;17/06/2026 03:54;19/06/2026 09:40;29/06/2026 03:56;30/06/2026 14:00
555569;BA;A4111;00019200000012732524;MultiModal;17/06/2026 03:54;19/06/2026 09:40;29/06/2026 03:56;30/06/2026 14:00
555569;BA;A8338;00019200000012732532;MultiModal;17/06/2026 03:54;19/06/2026 09:40;24/06/2026 04:40;25/06/2026 10:50
555569;BA;A8598;00019200000012732540;MultiModal;17/06/2026 03:54;19/06/2026 09:40;24/06/2026 04:40;25/06/2026 10:50
555569;BA;A6894;00019200000012732559;MultiModal;17/06/2026 03:54;19/06/2026 09:40;22/06/2026 08:04;23/06/2026 13:00
555569;BA;A6920;00019200000012732567;MultiModal;17/06/2026 03:54;19/06/2026 09:40;22/06/2026 08:04;23/06/2026 13:00
555569;BA;A7089;00019200000012732575;MultiModal;17/06/2026 03:54;19/06/2026 09:40;22/06/2026 08:04;23/06/2026 13:00
555569;BA;A7789;00019200000012732583;MultiModal;17/06/2026 03:54;19/06/2026 09:40;22/06/2026 08:04;23/06/2026 13:00
555569;BA;A5052;00019200000012732591;MultiModal;17/06/2026 03:54;19/06/2026 09:40;24/06/2026 04:40;25/06/2026 10:50
555569;BA;A8516;00019200000012732605;MultiModal;17/06/2026 03:54;19/06/2026 09:40;22/06/2026 08:04;23/06/2026 13:00
555569;BA;A8471;00019200000012732613;MultiModal;17/06/2026 03:54;19/06/2026 09:40;22/06/2026 08:04;23/06/2026 13:00
555569;BA;TA1225;00019200000012732621;MultiModal;17/06/2026 03:54;19/06/2026 09:40;29/06/2026 03:56;30/06/2026 14:00
555569;BA;A6621;00019200000012732630;MultiModal;17/06/2026 03:54;19/06/2026 09:40;24/06/2026 04:40;25/06/2026 10:50
555569;BA;A8879;00019200000012732648;MultiModal;17/06/2026 03:54;19/06/2026 09:40;24/06/2026 04:40;25/06/2026 10:50
555569;BA;TA0887;00019200000012732656;MultiModal;17/06/2026 03:54;19/06/2026 09:40;24/06/2026 04:40;25/06/2026 10:50
555569;BA;TA0565;00019200000012732672;MultiModal;17/06/2026 03:54;19/06/2026 09:40;29/06/2026 03:56;30/06/2026 14:00
555569;BA;A9373;00019200000012732680;MultiModal;17/06/2026 03:54;19/06/2026 09:40;01/07/2026 04:40;02/07/2026 08:40
555569;BA;TA0440;00019200000012732699;MultiModal;17/06/2026 03:54;19/06/2026 09:40;01/07/2026 04:40;02/07/2026 08:40
555569;BA;A5244;00019200000012738565;MultiModal;17/06/2026 03:54;19/06/2026 09:40;24/06/2026 04:40;25/06/2026 10:50
555569;BA;A9244;00019200000012738573;MultiModal;17/06/2026 03:54;19/06/2026 09:40;24/06/2026 04:40;25/06/2026 10:50
555569;BA;A9020;00019200000012738581;MultiModal;17/06/2026 03:54;19/06/2026 09:40;24/06/2026 04:40;25/06/2026 10:50
555569;BA;A9440;00019200000012738590;MultiModal;17/06/2026 03:54;19/06/2026 09:40;01/07/2026 04:40;02/07/2026 08:40
555569;BA;A4324;00019200000012738603;MultiModal;17/06/2026 03:54;19/06/2026 09:40;29/06/2026 03:56;30/06/2026 14:00
555569;BA;A0793;00019200000012738611;MultiModal;17/06/2026 03:54;19/06/2026 09:40;01/07/2026 04:40;02/07/2026 08:40
555569;BA;A7130;00019200000012738620;MultiModal;17/06/2026 03:54;19/06/2026 09:40;01/07/2026 04:40;02/07/2026 08:40
555569;BA;A5735;00019200000012738638;MultiModal;17/06/2026 03:54;19/06/2026 09:40;24/06/2026 04:40;25/06/2026 10:50
555569;BA;A0401;00019200000012738646;MultiModal;17/06/2026 03:54;19/06/2026 09:40;24/06/2026 04:40;25/06/2026 10:50
555569;BA;A3740;00019200000012738654;MultiModal;17/06/2026 03:54;19/06/2026 09:40;24/06/2026 04:40;25/06/2026 10:50
555569;BA;A8178;00019200000012738662;MultiModal;17/06/2026 03:54;19/06/2026 09:40;24/06/2026 04:40;25/06/2026 10:50
555569;BA;A9438;00019200000012738670;MultiModal;17/06/2026 03:54;19/06/2026 09:40;24/06/2026 04:40;25/06/2026 10:50
555569;BA;A0406;00019200000012738689;MultiModal;17/06/2026 03:54;19/06/2026 09:40;24/06/2026 04:40;25/06/2026 10:50
555569;BA;A3351;00019200000012738697;MultiModal;17/06/2026 03:54;19/06/2026 09:40;24/06/2026 04:40;25/06/2026 10:50
555569;BA;A6697;00019200000012738700;MultiModal;17/06/2026 03:54;19/06/2026 09:40;29/06/2026 03:56;30/06/2026 14:00
555569;BA;A5647;00019200000012738719;MultiModal;17/06/2026 03:54;19/06/2026 09:40;29/06/2026 03:56;30/06/2026 14:00
555569;BA;A5077;00019200000012738727;MultiModal;17/06/2026 03:54;19/06/2026 09:40;29/06/2026 03:56;30/06/2026 14:00
555569;BA;TA0295;00019200000012738735;MultiModal;17/06/2026 03:54;19/06/2026 09:40;29/06/2026 03:56;30/06/2026 14:00
555569;BA;A3566;00019200000012738743;MultiModal;17/06/2026 03:54;19/06/2026 09:40;29/06/2026 03:56;30/06/2026 14:00
555569;BA;A2344;00019200000012738751;MultiModal;17/06/2026 03:54;19/06/2026 09:40;29/06/2026 03:56;30/06/2026 14:00
555569;BA;A7736;00019200000012738760;MultiModal;17/06/2026 03:54;19/06/2026 09:40;29/06/2026 03:56;30/06/2026 14:00
555569;BA;TA0750;00019200000012738778;MultiModal;17/06/2026 03:54;19/06/2026 09:40;29/06/2026 03:56;30/06/2026 14:00
555569;BA;A6486;00019200000012738786;MultiModal;17/06/2026 03:54;19/06/2026 09:40;22/06/2026 08:04;23/06/2026 13:00
555569;BA;A4333;00019200000012739073;MultiModal;17/06/2026 03:54;19/06/2026 09:40;29/06/2026 03:56;30/06/2026 14:00
555569;BA;A3762;00019200000012739081;MultiModal;17/06/2026 03:54;19/06/2026 09:40;24/06/2026 04:40;25/06/2026 10:50
555569;BA;TA0376;00019200000012740640;MultiModal;17/06/2026 03:54;19/06/2026 09:40;01/07/2026 04:40;02/07/2026 08:40
555569;BA;A2948;00019200000012740659;MultiModal;17/06/2026 03:54;19/06/2026 09:40;24/06/2026 04:40;25/06/2026 10:50
555569;BA;A8507;00019200000012740667;MultiModal;17/06/2026 03:54;19/06/2026 09:40;22/06/2026 08:04;23/06/2026 13:00
555569;BA;A9567;00019200000012740675;MultiModal;17/06/2026 03:54;19/06/2026 09:40;29/06/2026 03:56;30/06/2026 14:00
555569;BA;A4483;00019200000012740683;MultiModal;17/06/2026 03:54;19/06/2026 09:40;01/07/2026 04:40;02/07/2026 08:40
555569;BA;TA1239;00019200000012740691;MultiModal;17/06/2026 03:54;19/06/2026 09:40;29/06/2026 03:56;30/06/2026 14:00
555569;BA;TA0352;00019200000012740705;MultiModal;17/06/2026 03:54;19/06/2026 09:40;01/07/2026 04:40;02/07/2026 08:40
555569;BA;TA1115;00019200000012740713;MultiModal;17/06/2026 03:54;19/06/2026 09:40;01/07/2026 04:40;02/07/2026 08:40
555569;BA;A7640;00019200000012740721;MultiModal;17/06/2026 03:54;19/06/2026 09:40;01/07/2026 04:40;02/07/2026 08:40
555569;BA;A1750;00019200000012740730;MultiModal;17/06/2026 03:54;19/06/2026 09:40;29/06/2026 03:56;30/06/2026 14:00
555569;BA;A6463;00019200000012740748;MultiModal;17/06/2026 03:54;19/06/2026 09:40;29/06/2026 03:56;30/06/2026 14:00
555569;BA;A7062;00019200000012740756;MultiModal;17/06/2026 03:54;19/06/2026 09:40;29/06/2026 03:56;30/06/2026 14:00
555569;BA;TA0390;00019200000012740764;MultiModal;17/06/2026 03:54;19/06/2026 09:40;01/07/2026 04:40;02/07/2026 08:40
555569;BA;A8726;00019200000012740772;MultiModal;17/06/2026 03:54;19/06/2026 09:40;29/06/2026 03:56;30/06/2026 14:00
555569;BA;A0477;00019200000012740780;MultiModal;17/06/2026 03:54;19/06/2026 09:40;29/06/2026 03:56;30/06/2026 14:00
555569;BA;A8063;00019200000012740799;MultiModal;17/06/2026 03:54;19/06/2026 09:40;29/06/2026 03:56;30/06/2026 14:00
555569;BA;A4819;00019200000012740802;MultiModal;17/06/2026 03:54;19/06/2026 09:40;17/06/2026 03:54;19/06/2026 09:40
555569;BA;A1842;00019200000012740810;MultiModal;17/06/2026 03:54;19/06/2026 09:40;17/06/2026 03:54;19/06/2026 09:40
555569;BA;A4482;00019200000012740829;MultiModal;17/06/2026 03:54;19/06/2026 09:40;29/06/2026 03:56;30/06/2026 14:00
555569;BA;A7245;00019200000012740837;MultiModal;17/06/2026 03:54;19/06/2026 09:40;24/06/2026 04:40;25/06/2026 10:50
555569;BA;A3886;00019200000012740845;MultiModal;17/06/2026 03:54;19/06/2026 09:40;24/06/2026 04:40;25/06/2026 10:50
555569;BA;A3632;00019200000012740853;MultiModal;17/06/2026 03:54;19/06/2026 09:40;24/06/2026 04:40;25/06/2026 10:50
555569;BA;A6579;00019200000012740861;MultiModal;17/06/2026 03:54;19/06/2026 09:40;24/06/2026 04:40;25/06/2026 10:50
555569;BA;A6646;00019200000012740870;MultiModal;17/06/2026 03:54;19/06/2026 09:40;29/06/2026 03:56;30/06/2026 14:00
555569;BA;A7588;00019200000012740888;MultiModal;17/06/2026 03:54;19/06/2026 09:40;17/06/2026 03:54;19/06/2026 09:40
555569;BA;TA1164;00019200000012740896;MultiModal;17/06/2026 03:54;19/06/2026 09:40;17/06/2026 03:54;19/06/2026 09:40
555569;BA;A0102;00019200000012740900;MultiModal;17/06/2026 03:54;19/06/2026 09:40;17/06/2026 03:54;19/06/2026 09:40
555569;BA;A6823;00019200000012740918;MultiModal;17/06/2026 03:54;19/06/2026 09:40;17/06/2026 03:54;19/06/2026 09:40
555569;BA;A2672;00019200000012740926;MultiModal;17/06/2026 03:54;19/06/2026 09:40;17/06/2026 03:54;19/06/2026 09:40
555569;BA;TA0898;00019200000012740934;MultiModal;17/06/2026 03:54;19/06/2026 09:40;17/06/2026 03:54;19/06/2026 09:40
555569;BA;A5748;00019200000012740942;MultiModal;17/06/2026 03:54;19/06/2026 09:40;01/07/2026 04:40;02/07/2026 08:40
555569;BA;A7346;00019200000012740950;MultiModal;17/06/2026 03:54;19/06/2026 09:40;17/06/2026 03:54;19/06/2026 09:40
555569;BA;TA0260;00019200000012740969;MultiModal;17/06/2026 03:54;19/06/2026 09:40;01/07/2026 04:40;02/07/2026 08:40
555569;BA;A4690;00019200000012740977;MultiModal;17/06/2026 03:54;19/06/2026 09:40;01/07/2026 04:40;02/07/2026 08:40
555569;BA;A4806;00019200000012740985;MultiModal;17/06/2026 03:54;19/06/2026 09:40;01/07/2026 04:40;02/07/2026 08:40
555569;BA;A6451;00019200000012740993;MultiModal;17/06/2026 03:54;19/06/2026 09:40;17/06/2026 03:54;19/06/2026 09:40
555569;BA;TA0669;00019200000012741000;MultiModal;17/06/2026 03:54;19/06/2026 09:40;01/07/2026 04:40;02/07/2026 08:40
555569;BA;A8399;00019200000012741019;MultiModal;17/06/2026 03:54;19/06/2026 09:40;01/07/2026 04:40;02/07/2026 08:40
555569;BA;A8535;00019200000012741027;MultiModal;17/06/2026 03:54;19/06/2026 09:40;17/06/2026 03:54;19/06/2026 09:40
555569;BA;A3957;00019200000012741035;MultiModal;17/06/2026 03:54;19/06/2026 09:40;17/06/2026 03:54;19/06/2026 09:40
555569;BA;A1778;00019200000012741043;MultiModal;17/06/2026 03:54;19/06/2026 09:40;01/07/2026 04:40;02/07/2026 08:40
555569;BA;A6748;00019200000012741051;MultiModal;17/06/2026 03:54;19/06/2026 09:40;01/07/2026 04:40;02/07/2026 08:40
555569;BA;A9064;00019200000012741060;MultiModal;17/06/2026 03:54;19/06/2026 09:40;01/07/2026 04:40;02/07/2026 08:40
555569;BA;A4693;00019200000012741078;MultiModal;17/06/2026 03:54;19/06/2026 09:40;01/07/2026 04:40;02/07/2026 08:40
555569;BA;A7323;00019200000012741086;MultiModal;17/06/2026 03:54;19/06/2026 09:40;01/07/2026 04:40;02/07/2026 08:40
555569;BA;A1813;00019200000012741094;MultiModal;17/06/2026 03:54;19/06/2026 09:40;01/07/2026 04:40;02/07/2026 08:40
555569;BA;A8965;00019200000012741108;MultiModal;17/06/2026 03:54;19/06/2026 09:40;22/06/2026 08:04;23/06/2026 13:00
555569;BA;A8149;00019200000012741116;MultiModal;17/06/2026 03:54;19/06/2026 09:40;22/06/2026 08:04;23/06/2026 13:00
555569;BA;TA0893;00019200000012741124;MultiModal;17/06/2026 03:54;19/06/2026 09:40;22/06/2026 08:04;23/06/2026 13:00
555569;BA;A8890;00019200000012741132;MultiModal;17/06/2026 03:54;19/06/2026 09:40;22/06/2026 08:04;23/06/2026 13:00
555569;BA;A8517;00019200000012741140;MultiModal;17/06/2026 03:54;19/06/2026 09:40;22/06/2026 08:04;23/06/2026 13:00
555569;BA;A4182;00019200000012741159;MultiModal;17/06/2026 03:54;19/06/2026 09:40;01/07/2026 04:40;02/07/2026 08:40
555569;BA;A5067;00019200000012741167;MultiModal;17/06/2026 03:54;19/06/2026 09:40;01/07/2026 04:40;02/07/2026 08:40
555569;BA;A6932;00019200000012741175;MultiModal;17/06/2026 03:54;19/06/2026 09:40;01/07/2026 04:40;02/07/2026 08:40
555569;BA;A5053;00019200000012741183;MultiModal;17/06/2026 03:54;19/06/2026 09:40;01/07/2026 04:40;02/07/2026 08:40
555569;BA;A9061;00019200000012741191;MultiModal;17/06/2026 03:54;19/06/2026 09:40;01/07/2026 04:40;02/07/2026 08:40
555569;BA;A8280;00019200000012741205;MultiModal;17/06/2026 03:54;19/06/2026 09:40;22/06/2026 08:04;23/06/2026 13:00
555569;BA;A7031;00019200000012741213;MultiModal;17/06/2026 03:54;19/06/2026 09:40;22/06/2026 08:04;23/06/2026 13:00
555569;BA;A6665;00019200000012741221;MultiModal;17/06/2026 03:54;19/06/2026 09:40;22/06/2026 08:04;23/06/2026 13:00
555569;BA;A9297;00019200000012741230;MultiModal;17/06/2026 03:54;19/06/2026 09:40;22/06/2026 08:04;23/06/2026 13:00
555569;BA;TA0771;00019200000012741248;MultiModal;17/06/2026 03:54;19/06/2026 09:40;22/06/2026 08:04;23/06/2026 13:00
555569;BA;A9028;00019200000012741256;MultiModal;17/06/2026 03:54;19/06/2026 09:40;22/06/2026 08:04;23/06/2026 13:00
555569;BA;A7116;00019200000012741264;MultiModal;17/06/2026 03:54;19/06/2026 09:40;29/06/2026 03:56;30/06/2026 14:00
555569;BA;TA1001;00019200000012741272;MultiModal;17/06/2026 03:54;19/06/2026 09:40;01/07/2026 04:40;02/07/2026 08:40
555569;BA;A9186;00019200000012741280;MultiModal;17/06/2026 03:54;19/06/2026 09:40;01/07/2026 04:40;02/07/2026 08:40
555569;BA;A6622;00019200000012741299;MultiModal;17/06/2026 03:54;19/06/2026 09:40;01/07/2026 04:40;02/07/2026 08:40
555569;BA;A8886;00019200000012741302;MultiModal;17/06/2026 03:54;19/06/2026 09:40;29/06/2026 03:56;30/06/2026 14:00
555569;BA;TA1082;00019200000012741310;MultiModal;17/06/2026 03:54;19/06/2026 09:40;29/06/2026 03:56;30/06/2026 14:00
555569;BA;A3368;00019200000012741329;MultiModal;17/06/2026 03:54;19/06/2026 09:40;29/06/2026 03:56;30/06/2026 14:00
555569;BA;A9570;00019200000012741337;MultiModal;17/06/2026 03:54;19/06/2026 09:40;29/06/2026 03:56;30/06/2026 14:00
555569;BA;TA1051;00019200000012741345;MultiModal;17/06/2026 03:54;19/06/2026 09:40;29/06/2026 03:56;30/06/2026 14:00
555569;BA;TA0596;00019200000012741353;MultiModal;17/06/2026 03:54;19/06/2026 09:40;29/06/2026 03:56;30/06/2026 14:00
555569;BA;A0276;00019200000012857858;MultiModal;17/06/2026 03:54;19/06/2026 09:40;22/06/2026 08:04;23/06/2026 13:00
555569;BA;A8210;00019200000012857890;MultiModal;17/06/2026 03:54;19/06/2026 09:40;17/06/2026 03:54;19/06/2026 09:40
555569;BA;A8532;00019200000012857904;MultiModal;17/06/2026 03:54;19/06/2026 09:40;17/06/2026 03:54;19/06/2026 09:40
555569;BA;A9688;00019200000012857912;MultiModal;17/06/2026 03:54;19/06/2026 09:40;17/06/2026 03:54;19/06/2026 09:40
555569;BA;A6839;00019200000012857920;MultiModal;17/06/2026 03:54;19/06/2026 09:40;17/06/2026 03:54;19/06/2026 09:40
555569;BA;TA0190;00019200000012857939;MultiModal;17/06/2026 03:54;19/06/2026 09:40;17/06/2026 03:54;19/06/2026 09:40
555569;BA;A6972;00019200000012857947;MultiModal;17/06/2026 03:54;19/06/2026 09:40;17/06/2026 03:54;19/06/2026 09:40
555569;BA;A1778;00019200000012857955;MultiModal;17/06/2026 03:54;19/06/2026 09:40;17/06/2026 03:54;19/06/2026 09:40
555569;BA;TA0409;00019200000012857963;MultiModal;17/06/2026 03:54;19/06/2026 09:40;17/06/2026 03:54;19/06/2026 09:40
555569;BA;A6880;00019200000012857971;MultiModal;17/06/2026 03:54;19/06/2026 09:40;17/06/2026 03:54;19/06/2026 09:40
555569;BA;A6662;00019200000012857980;MultiModal;17/06/2026 03:54;19/06/2026 09:40;17/06/2026 03:54;19/06/2026 09:40
555569;BA;TA0594;00019200000012857998;MultiModal;17/06/2026 03:54;19/06/2026 09:40;17/06/2026 03:54;19/06/2026 09:40
555569;BA;A5721;00019200000012858005;MultiModal;17/06/2026 03:54;19/06/2026 09:40;17/06/2026 03:54;19/06/2026 09:40
555569;BA;A3856;00019200000012858013;MultiModal;17/06/2026 03:54;19/06/2026 09:40;17/06/2026 03:54;19/06/2026 09:40
555569;BA;A4282;00019200000012858021;MultiModal;17/06/2026 03:54;19/06/2026 09:40;17/06/2026 03:54;19/06/2026 09:40
555569;BA;A7271;00019200000012858030;MultiModal;17/06/2026 03:54;19/06/2026 09:40;17/06/2026 03:54;19/06/2026 09:40
555569;BA;TA1001;00019200000012858048;MultiModal;17/06/2026 03:54;19/06/2026 09:40;17/06/2026 03:54;19/06/2026 09:40
555569;BA;A6992;00019200000012858056;MultiModal;17/06/2026 03:54;19/06/2026 09:40;17/06/2026 03:54;19/06/2026 09:40
555569;BA;A7338;00019200000012858064;MultiModal;17/06/2026 03:54;19/06/2026 09:40;24/06/2026 04:40;25/06/2026 10:50
555569;BA;A7026;00019200000012858072;MultiModal;17/06/2026 03:54;19/06/2026 09:40;24/06/2026 04:40;25/06/2026 10:50
555569;BA;TA1213;00019200000012858080;MultiModal;17/06/2026 03:54;19/06/2026 09:40;24/06/2026 04:40;25/06/2026 10:50
555569;BA;A3195;00019200000012858099;MultiModal;17/06/2026 03:54;19/06/2026 09:40;24/06/2026 04:40;25/06/2026 10:50
555569;BA;TA0190;00019200000012858102;MultiModal;17/06/2026 03:54;19/06/2026 09:40;01/07/2026 04:40;02/07/2026 08:40
556301;BA;A5481;00019200000012906590;MultiModal;10/06/2026 02:47;11/06/2026 16:55;-;-
556301;BA;TA0632;00019200000012906816;MultiModal;10/06/2026 02:47;11/06/2026 16:55;-;-
556301;BA;A4789;00019200000012906824;MultiModal;10/06/2026 02:47;11/06/2026 16:55;-;-
556301;BA;TA1160;00019200000012907219;MultiModal;10/06/2026 02:47;11/06/2026 16:55;-;-
556301;BA;A4082;00019200000012907260;MultiModal;10/06/2026 02:47;11/06/2026 16:55;-;-
556301;BA;A6209;00019200000012907278;MultiModal;10/06/2026 02:47;11/06/2026 16:55;-;-
556301;BA;A3264;00019200000012907286;MultiModal;10/06/2026 02:47;11/06/2026 16:55;-;-
556361;BA;A5781;00019200000012725374;MultiModal;10/06/2026 02:42;11/06/2026 16:55;-;-
556361;BA;A5076;00019200000012725382;MultiModal;10/06/2026 02:42;11/06/2026 16:55;-;-
556361;BA;TA0331;00019200000012725390;MultiModal;10/06/2026 02:42;11/06/2026 16:55;-;-
556361;BA;TA0124;00019200000012725404;MultiModal;10/06/2026 02:42;11/06/2026 16:55;-;-
556361;BA;A1437;00019200000012725412;MultiModal;10/06/2026 02:42;11/06/2026 16:55;-;-
556361;BA;TA0828;00019200000012725420;MultiModal;10/06/2026 02:42;11/06/2026 16:55;-;-
556361;BA;TA0340;00019200000012725439;MultiModal;10/06/2026 02:42;11/06/2026 16:55;-;-
556361;BA;A4603;00019200000012726800;MultiModal;10/06/2026 02:42;11/06/2026 16:55;-;-
556492;BA;A9416;00019200000012905852;MultiModal;10/06/2026 02:43;11/06/2026 16:55;-;-
556492;BA;TA0021;00019200000012905860;MultiModal;10/06/2026 02:43;11/06/2026 16:55;-;-
556492;BA;A9154;00019200000012906786;MultiModal;10/06/2026 02:43;11/06/2026 16:55;-;-
556607;BA;A2135;00019200000012905909;MultiModal;10/06/2026 02:43;11/06/2026 16:55;-;-
556607;BA;A0016;00019200000012906654;MultiModal;10/06/2026 02:43;11/06/2026 16:55;-;-
556706;BA;A5931;00019200000012697893;MultiModal;20/06/2026 22:14;25/06/2026 15:46;20/06/2026 22:14;25/06/2026 15:46
556714;BA;A4511;00019200000012659347;MultiModal;16/06/2026 04:11;18/06/2026 14:50;17/06/2026 03:21;18/06/2026 14:50
556714;BA;A7899;00019200000012659355;MultiModal;16/06/2026 04:11;18/06/2026 14:50;17/06/2026 03:21;18/06/2026 14:50
556714;BA;A9679;00019200000012659363;MultiModal;16/06/2026 04:11;18/06/2026 14:50;17/06/2026 03:21;18/06/2026 14:50
556714;BA;TA0281;00019200000012659371;MultiModal;16/06/2026 04:11;18/06/2026 14:50;17/06/2026 03:21;18/06/2026 14:50
556714;BA;A9217;00019200000012659380;MultiModal;16/06/2026 04:11;18/06/2026 14:50;17/06/2026 03:21;18/06/2026 14:50
556714;BA;A0676;00019200000012659398;MultiModal;16/06/2026 04:11;18/06/2026 14:50;17/06/2026 03:21;18/06/2026 14:50
556714;BA;A4383;00019200000012659401;MultiModal;16/06/2026 04:11;18/06/2026 14:50;17/06/2026 03:21;18/06/2026 14:50
556714;BA;A5334;00019200000012659410;MultiModal;16/06/2026 04:11;18/06/2026 14:50;17/06/2026 03:21;18/06/2026 14:50
556714;BA;A0431;00019200000012659428;MultiModal;16/06/2026 04:11;18/06/2026 14:50;17/06/2026 03:21;18/06/2026 14:50
556714;BA;A7694;00019200000012702617;MultiModal;16/06/2026 04:11;18/06/2026 14:50;16/06/2026 04:11;18/06/2026 14:50
556714;BA;A8456;00019200000012702625;MultiModal;16/06/2026 04:11;18/06/2026 14:50;16/06/2026 04:11;18/06/2026 14:50
556714;BA;A0071;00019200000012702633;MultiModal;16/06/2026 04:11;18/06/2026 14:50;16/06/2026 04:11;18/06/2026 14:50
556714;BA;A6890;00019200000012702641;MultiModal;16/06/2026 04:11;18/06/2026 14:50;16/06/2026 04:11;18/06/2026 14:50
556714;BA;A1406;00019200000012702650;MultiModal;16/06/2026 04:11;18/06/2026 14:50;16/06/2026 04:11;18/06/2026 14:50
556714;BA;A7921;00019200000012702668;MultiModal;16/06/2026 04:11;18/06/2026 14:50;16/06/2026 04:11;18/06/2026 14:50
556714;BA;A6444;00019200000012702676;MultiModal;16/06/2026 04:11;18/06/2026 14:50;16/06/2026 04:11;18/06/2026 14:50
556714;BA;A2699;00019200000012702684;MultiModal;16/06/2026 04:11;18/06/2026 14:50;16/06/2026 04:11;18/06/2026 14:50
556714;BA;A0029;00019200000012702692;MultiModal;16/06/2026 04:11;18/06/2026 14:50;17/06/2026 03:21;18/06/2026 14:50
556714;BA;A8440;00019200000012702706;MultiModal;16/06/2026 04:11;18/06/2026 14:50;17/06/2026 03:21;18/06/2026 14:50
556714;BA;A8399;00019200000012702714;MultiModal;16/06/2026 04:11;18/06/2026 14:50;17/06/2026 03:21;18/06/2026 14:50
556714;BA;A5053;00019200000012702722;MultiModal;16/06/2026 04:11;18/06/2026 14:50;17/06/2026 03:21;18/06/2026 14:50
556714;BA;A7651;00019200000012702730;MultiModal;16/06/2026 04:11;18/06/2026 14:50;17/06/2026 03:21;18/06/2026 14:50
556714;BA;A5768;00019200000012702749;MultiModal;16/06/2026 04:11;18/06/2026 14:50;16/06/2026 04:11;18/06/2026 14:50
556714;BA;A8554;00019200000012702757;MultiModal;16/06/2026 04:11;18/06/2026 14:50;16/06/2026 04:11;18/06/2026 14:50
556714;BA;TA0201;00019200000012702765;MultiModal;16/06/2026 04:11;18/06/2026 14:50;17/06/2026 03:21;18/06/2026 14:50
556714;BA;A5529;00019200000012702773;MultiModal;16/06/2026 04:11;18/06/2026 14:50;17/06/2026 03:21;18/06/2026 14:50
556714;BA;A7762;00019200000012702781;MultiModal;16/06/2026 04:11;18/06/2026 14:50;17/06/2026 03:21;18/06/2026 14:50
556714;BA;A9136;00019200000012702790;MultiModal;16/06/2026 04:11;18/06/2026 14:50;17/06/2026 03:21;18/06/2026 14:50
556714;BA;A3999;00019200000012702803;MultiModal;16/06/2026 04:11;18/06/2026 14:50;17/06/2026 03:21;18/06/2026 14:50
556714;BA;A8240;00019200000012702811;MultiModal;16/06/2026 04:11;18/06/2026 14:50;16/06/2026 04:11;18/06/2026 14:50
556714;BA;A6955;00019200000012702820;MultiModal;16/06/2026 04:11;18/06/2026 14:50;16/06/2026 04:11;18/06/2026 14:50
556714;BA;A5128;00019200000012702838;MultiModal;16/06/2026 04:11;18/06/2026 14:50;16/06/2026 04:11;18/06/2026 14:50
556714;BA;A8333;00019200000012702846;MultiModal;16/06/2026 04:11;18/06/2026 14:50;16/06/2026 04:11;18/06/2026 14:50
556714;BA;A6927;00019200000012702854;MultiModal;16/06/2026 04:11;18/06/2026 14:50;16/06/2026 04:11;18/06/2026 14:50
556714;BA;A9239;00019200000012702862;MultiModal;16/06/2026 04:11;18/06/2026 14:50;16/06/2026 04:11;18/06/2026 14:50
556714;BA;TA0818;00019200000012702870;MultiModal;16/06/2026 04:11;18/06/2026 14:50;16/06/2026 04:11;18/06/2026 14:50
556714;BA;A7885;00019200000012909467;MultiModal;16/06/2026 04:11;18/06/2026 14:50;16/06/2026 04:11;18/06/2026 14:50
556714;BA;A9299;00019200000012909475;MultiModal;16/06/2026 04:11;18/06/2026 14:50;16/06/2026 04:11;18/06/2026 14:50
556714;BA;A2398;00019200000012909483;MultiModal;16/06/2026 04:11;18/06/2026 14:50;16/06/2026 04:11;18/06/2026 14:50
556714;BA;A6892;00019200000012909491;MultiModal;16/06/2026 04:11;18/06/2026 14:50;16/06/2026 04:11;18/06/2026 14:50
556714;BA;A9219;00019200000012909505;MultiModal;16/06/2026 04:11;18/06/2026 14:50;17/06/2026 03:21;18/06/2026 14:50
556714;BA;A0218;00019200000012909513;MultiModal;16/06/2026 04:11;18/06/2026 14:50;16/06/2026 04:11;18/06/2026 14:50
556714;BA;A2578;00019200000012909521;MultiModal;16/06/2026 04:11;18/06/2026 14:50;17/06/2026 03:21;18/06/2026 14:50
556758;BA;A1613;00019200000012693448;MultiModal;15/06/2026 04:33;16/06/2026 19:08;15/06/2026 04:56;16/06/2026 19:08
556758;BA;A4426;00019200000012693456;MultiModal;15/06/2026 04:33;16/06/2026 19:08;15/06/2026 04:56;16/06/2026 19:08
556758;BA;A6255;00019200000012693464;MultiModal;15/06/2026 04:33;16/06/2026 19:08;15/06/2026 04:56;16/06/2026 19:08
556758;BA;A8006;00019200000012693472;MultiModal;15/06/2026 04:33;16/06/2026 19:08;15/06/2026 04:56;16/06/2026 19:08
556758;BA;A3747;00019200000012693480;MultiModal;15/06/2026 04:33;16/06/2026 19:08;15/06/2026 04:56;16/06/2026 19:08
556758;BA;A0280;00019200000012693499;MultiModal;15/06/2026 04:33;16/06/2026 19:08;15/06/2026 04:56;16/06/2026 19:08
556758;BA;TA1135;00019200000012693502;MultiModal;15/06/2026 04:33;16/06/2026 19:08;15/06/2026 04:56;16/06/2026 19:08
556758;BA;A3468;00019200000012693510;MultiModal;15/06/2026 04:33;16/06/2026 19:08;15/06/2026 04:56;16/06/2026 19:08
556758;BA;A7712;00019200000012693529;MultiModal;15/06/2026 04:33;16/06/2026 19:08;15/06/2026 04:56;16/06/2026 19:08
556758;BA;A2873;00019200000012693537;MultiModal;15/06/2026 04:33;16/06/2026 19:08;15/06/2026 04:56;16/06/2026 19:08
556758;BA;A1391;00019200000012693545;MultiModal;15/06/2026 04:33;16/06/2026 19:08;15/06/2026 04:56;16/06/2026 19:08
556758;BA;A4996;00019200000012693553;MultiModal;15/06/2026 04:33;16/06/2026 19:08;15/06/2026 04:56;16/06/2026 19:08
556758;BA;A8895;00019200000012693561;MultiModal;15/06/2026 04:33;16/06/2026 19:08;15/06/2026 04:56;16/06/2026 19:08
556758;BA;A2854;00019200000012693570;MultiModal;15/06/2026 04:33;16/06/2026 19:08;15/06/2026 04:56;16/06/2026 19:08
556758;BA;A3633;00019200000012693588;MultiModal;15/06/2026 04:33;16/06/2026 19:08;15/06/2026 04:56;16/06/2026 19:08
556758;BA;A3689;00019200000012693596;MultiModal;15/06/2026 04:33;16/06/2026 19:08;15/06/2026 04:56;16/06/2026 19:08
556758;BA;A3155;00019200000012693600;MultiModal;15/06/2026 04:33;16/06/2026 19:08;15/06/2026 04:56;16/06/2026 19:08
556758;BA;A4811;00019200000012693618;MultiModal;15/06/2026 04:33;16/06/2026 19:08;15/06/2026 04:56;16/06/2026 19:08
556758;BA;A0774;00019200000012693626;MultiModal;15/06/2026 04:33;16/06/2026 19:08;15/06/2026 04:56;16/06/2026 19:08
556758;BA;A5196;00019200000012693634;MultiModal;15/06/2026 04:33;16/06/2026 19:08;15/06/2026 04:56;16/06/2026 19:08
556758;BA;A4425;00019200000012693642;MultiModal;15/06/2026 04:33;16/06/2026 19:08;15/06/2026 04:56;16/06/2026 19:08
556758;BA;A7948;00019200000012693650;MultiModal;15/06/2026 04:33;16/06/2026 19:08;15/06/2026 04:56;16/06/2026 19:08
556758;BA;A3588;00019200000012693669;MultiModal;15/06/2026 04:33;16/06/2026 19:08;15/06/2026 04:56;16/06/2026 19:08
556758;BA;A3676;00019200000012693677;MultiModal;15/06/2026 04:33;16/06/2026 19:08;15/06/2026 04:56;16/06/2026 19:08
556758;BA;A6109;00019200000012693685;MultiModal;15/06/2026 04:33;16/06/2026 19:08;15/06/2026 04:56;16/06/2026 19:08
556758;BA;A1464;00019200000012693693;MultiModal;15/06/2026 04:33;16/06/2026 19:08;15/06/2026 04:56;16/06/2026 19:08
556758;BA;TA0637;00019200000012693707;MultiModal;15/06/2026 04:33;16/06/2026 19:08;16/06/2026 05:33;17/06/2026 12:35
556758;BA;A6808;00019200000012693715;MultiModal;15/06/2026 04:33;16/06/2026 19:08;16/06/2026 05:33;17/06/2026 12:35
556758;BA;A3966;00019200000012693723;MultiModal;15/06/2026 04:33;16/06/2026 19:08;15/06/2026 04:56;16/06/2026 19:08
556758;BA;A0951;00019200000012693731;MultiModal;15/06/2026 04:33;16/06/2026 19:08;15/06/2026 04:56;16/06/2026 19:08
556758;BA;A5323;00019200000012693740;MultiModal;15/06/2026 04:33;16/06/2026 19:08;15/06/2026 04:56;16/06/2026 19:08
556758;BA;A8797;00019200000012693758;MultiModal;15/06/2026 04:33;16/06/2026 19:08;15/06/2026 04:56;16/06/2026 19:08
556758;BA;A6267;00019200000012693766;MultiModal;15/06/2026 04:33;16/06/2026 19:08;16/06/2026 05:33;17/06/2026 12:35
556758;BA;A4619;00019200000012693774;MultiModal;15/06/2026 04:33;16/06/2026 19:08;16/06/2026 05:33;17/06/2026 12:35
556758;BA;TA0630;00019200000012693782;MultiModal;15/06/2026 04:33;16/06/2026 19:08;16/06/2026 05:33;17/06/2026 12:35
556758;BA;TA0943;00019200000012693790;MultiModal;15/06/2026 04:33;16/06/2026 19:08;16/06/2026 05:33;17/06/2026 12:35
556758;BA;A4068;00019200000012693804;MultiModal;15/06/2026 04:33;16/06/2026 19:08;16/06/2026 05:33;17/06/2026 12:35
556758;BA;A8332;00019200000012693812;MultiModal;15/06/2026 04:33;16/06/2026 19:08;16/06/2026 05:33;17/06/2026 12:35
556758;BA;A9218;00019200000012693820;MultiModal;15/06/2026 04:33;16/06/2026 19:08;16/06/2026 05:33;17/06/2026 12:35
556758;BA;A6238;00019200000012693839;MultiModal;15/06/2026 04:33;16/06/2026 19:08;16/06/2026 05:33;17/06/2026 12:35
556797;BA;A2214;00019200000012907014;MultiModal;13/06/2026 12:48;15/06/2026 15:43;13/06/2026 12:48;15/06/2026 15:43
556797;BA;A4886;00019200000012907022;MultiModal;13/06/2026 12:48;15/06/2026 15:43;13/06/2026 12:48;15/06/2026 15:43
556921;BA;A3562;00019200000012904171;MultiModal;11/06/2026 03:51;13/06/2026 18:00;-;-
556921;BA;TA0923;00019200000012904180;MultiModal;11/06/2026 03:51;13/06/2026 18:00;-;-
556921;BA;TA0599;00019200000012904198;MultiModal;11/06/2026 03:51;13/06/2026 18:00;-;-
556921;BA;A2988;00019200000012904201;MultiModal;11/06/2026 03:51;13/06/2026 18:00;-;-
556921;BA;A5408;00019200000012904210;MultiModal;11/06/2026 03:51;13/06/2026 18:00;-;-
556921;BA;A8256;00019200000012904228;MultiModal;11/06/2026 03:51;13/06/2026 18:00;-;-
556921;BA;A3675;00019200000012904236;MultiModal;11/06/2026 03:51;13/06/2026 18:00;-;-
556921;BA;A1907;00019200000012904252;MultiModal;11/06/2026 03:51;13/06/2026 18:00;-;-
556921;BA;A5993;00019200000012904260;MultiModal;11/06/2026 03:51;13/06/2026 18:00;-;-
557015;BA;A8491;00019200000013316184;MultiModal;05/07/2026 23:57;08/07/2026 10:30;05/07/2026 23:57;08/07/2026 10:30
557015;BA;A7336;00019200000013329812;MultiModal;05/07/2026 23:57;08/07/2026 10:30;05/07/2026 23:57;08/07/2026 10:30
557015;BA;A7382;00019200000013329820;MultiModal;05/07/2026 23:57;08/07/2026 10:30;05/07/2026 23:57;08/07/2026 10:30
557015;BA;A2107;00019200000013329839;MultiModal;05/07/2026 23:57;08/07/2026 10:30;05/07/2026 23:57;08/07/2026 10:30
557015;BA;A0971;00019200000013329847;MultiModal;05/07/2026 23:57;08/07/2026 10:30;05/07/2026 23:57;08/07/2026 10:30
557015;BA;A6481;00019200000013329863;MultiModal;05/07/2026 23:57;08/07/2026 10:30;05/07/2026 23:57;08/07/2026 10:30
557015;BA;A4038;00019200000013329871;MultiModal;05/07/2026 23:57;08/07/2026 10:30;05/07/2026 23:57;08/07/2026 10:30
557015;BA;A0075;00019200000013329880;MultiModal;05/07/2026 23:57;08/07/2026 10:30;05/07/2026 23:57;08/07/2026 10:30
557015;BA;A6313;00019200000013329898;MultiModal;05/07/2026 23:57;08/07/2026 10:30;05/07/2026 23:57;08/07/2026 10:30
557015;BA;A5190;00019200000013329901;MultiModal;05/07/2026 23:57;08/07/2026 10:30;05/07/2026 23:57;08/07/2026 10:30
557015;BA;A9641;00019200000013329910;MultiModal;05/07/2026 23:57;08/07/2026 10:30;05/07/2026 23:57;08/07/2026 10:30
557015;BA;A5328;00019200000013330012;MultiModal;05/07/2026 23:57;08/07/2026 10:30;05/07/2026 23:57;08/07/2026 10:30
557015;BA;A7464;00019200000013330020;MultiModal;05/07/2026 23:57;08/07/2026 10:30;05/07/2026 23:57;08/07/2026 10:30
557015;BA;A9392;00019200000013330039;MultiModal;05/07/2026 23:57;08/07/2026 10:30;05/07/2026 23:57;08/07/2026 10:30
557015;BA;A6483;00019200000013330047;MultiModal;05/07/2026 23:57;08/07/2026 10:30;05/07/2026 23:57;08/07/2026 10:30
557015;BA;A0734;00019200000013330055;MultiModal;05/07/2026 23:57;08/07/2026 10:30;05/07/2026 23:57;08/07/2026 10:30
557015;BA;A6694;00019200000013330063;MultiModal;05/07/2026 23:57;08/07/2026 10:30;05/07/2026 23:57;08/07/2026 10:30
557015;BA;TA0998;00019200000013330071;MultiModal;05/07/2026 23:57;08/07/2026 10:30;05/07/2026 23:57;08/07/2026 10:30
557314;BA;A7068;00019200000012658081;MultiModal;11/06/2026 00:46;12/06/2026 12:00;-;-
557332;BA;A5624;00019200000012696226;MultiModal;17/06/2026 03:23;18/06/2026 15:30;17/06/2026 03:23;18/06/2026 15:30
557367;BA;A3188;00019200000012656526;MultiModal;11/06/2026 23:18;12/06/2026 16:40;-;-
557419;BA;A6613;00019200000012654426;MultiModal;11/06/2026 23:19;12/06/2026 16:35;-;-
557671;BA;TA0378;00019200000012685321;MultiModal;16/06/2026 04:52;18/06/2026 15:00;16/06/2026 04:52;18/06/2026 15:00
557702;BA;A2576;00019200000013208888;MultiModal;16/06/2026 04:50;18/06/2026 16:11;16/06/2026 04:50;18/06/2026 16:11
557708;BA;A7573;00019200000012685399;MultiModal;16/06/2026 04:50;19/06/2026 14:00;16/06/2026 04:50;19/06/2026 14:00
557708;BA;A4855;00019200000012685410;MultiModal;16/06/2026 04:50;19/06/2026 14:00;16/06/2026 04:50;19/06/2026 14:00
557753;BA;A9628;00019200000013334891;MultiModal;06/07/2026 05:41;07/07/2026 11:00;06/07/2026 05:41;07/07/2026 11:00
557753;BA;A8448;00019200000013334905;MultiModal;06/07/2026 05:41;07/07/2026 11:00;06/07/2026 05:41;07/07/2026 11:00
557753;BA;A7684;00019200000013334913;MultiModal;06/07/2026 05:41;07/07/2026 11:00;06/07/2026 05:41;07/07/2026 11:00
557753;BA;A6027;00019200000013334921;MultiModal;06/07/2026 05:41;07/07/2026 11:00;06/07/2026 05:41;07/07/2026 11:00
557753;BA;A2586;00019200000013334956;MultiModal;06/07/2026 05:41;07/07/2026 11:00;06/07/2026 05:41;07/07/2026 11:00
557753;BA;TA0948;00019200000013334972;MultiModal;06/07/2026 05:41;07/07/2026 11:00;06/07/2026 05:41;07/07/2026 11:00
557753;BA;A2442;00019200000013334980;MultiModal;06/07/2026 05:41;07/07/2026 11:00;06/07/2026 05:41;07/07/2026 11:00
557753;BA;A5744;00019200000013335022;MultiModal;06/07/2026 05:41;07/07/2026 11:00;06/07/2026 05:41;07/07/2026 11:00
557753;BA;A7873;00019200000013335030;MultiModal;06/07/2026 05:41;07/07/2026 11:00;06/07/2026 05:41;07/07/2026 11:00
557860;BA;A7738;00019200000013329316;MultiModal;30/06/2026 04:35;01/07/2026 12:00;30/06/2026 04:35;01/07/2026 12:00
557860;BA;A7480;00019200000013329324;MultiModal;30/06/2026 04:35;01/07/2026 12:00;30/06/2026 04:35;01/07/2026 12:00
557860;BA;A6156;00019200000013329332;MultiModal;30/06/2026 04:35;01/07/2026 12:00;30/06/2026 04:35;01/07/2026 12:00
557860;BA;A0807;00019200000013329340;MultiModal;30/06/2026 04:35;01/07/2026 12:00;30/06/2026 04:35;01/07/2026 12:00
557860;BA;A8644;00019200000013329359;MultiModal;30/06/2026 04:35;01/07/2026 12:00;30/06/2026 04:35;01/07/2026 12:00
557860;BA;A5076;00019200000013329367;MultiModal;30/06/2026 04:35;01/07/2026 12:00;30/06/2026 04:35;01/07/2026 12:00
557860;BA;A5533;00019200000013329375;MultiModal;30/06/2026 04:35;01/07/2026 12:00;30/06/2026 04:35;01/07/2026 12:00
557860;BA;A6177;00019200000013329383;MultiModal;30/06/2026 04:35;01/07/2026 12:00;30/06/2026 04:35;01/07/2026 12:00
557860;BA;A5791;00019200000013329391;MultiModal;30/06/2026 04:35;01/07/2026 12:00;30/06/2026 04:35;01/07/2026 12:00
557860;BA;A7460;00019200000013329405;MultiModal;30/06/2026 04:35;01/07/2026 12:00;30/06/2026 04:35;01/07/2026 12:00
557863;BA;A4807;00019200000013315250;MultiModal;30/06/2026 03:42;01/07/2026 12:00;30/06/2026 04:36;01/07/2026 12:00
557863;BA;A0335;00019200000013315269;MultiModal;30/06/2026 03:42;01/07/2026 12:00;30/06/2026 04:36;01/07/2026 12:00
557863;BA;A4675;00019200000013315277;MultiModal;30/06/2026 03:42;01/07/2026 12:00;30/06/2026 04:36;01/07/2026 12:00
557863;BA;A6170;00019200000013315285;MultiModal;30/06/2026 03:42;01/07/2026 12:00;30/06/2026 04:36;01/07/2026 12:00
557863;BA;A7613;00019200000013315293;MultiModal;30/06/2026 03:42;01/07/2026 12:00;30/06/2026 04:36;01/07/2026 12:00
557863;BA;A8765;00019200000013315307;MultiModal;30/06/2026 03:42;01/07/2026 12:00;30/06/2026 03:42;-
557863;BA;TA0991;00019200000013315315;MultiModal;30/06/2026 03:42;01/07/2026 12:00;30/06/2026 03:42;-
557863;BA;A9446;00019200000013315323;MultiModal;30/06/2026 03:42;01/07/2026 12:00;30/06/2026 03:42;-
557863;BA;A8970;00019200000013315331;MultiModal;30/06/2026 03:42;01/07/2026 12:00;30/06/2026 03:42;-
557863;BA;A5538;00019200000013315340;MultiModal;30/06/2026 03:42;01/07/2026 12:00;30/06/2026 04:36;01/07/2026 12:00
557863;BA;A8727;00019200000013315358;MultiModal;30/06/2026 03:42;01/07/2026 12:00;30/06/2026 03:42;-
557863;BA;TA0206;00019200000013315374;MultiModal;30/06/2026 03:42;01/07/2026 12:00;30/06/2026 03:42;-
557863;BA;TA0938;00019200000013315382;MultiModal;30/06/2026 03:42;01/07/2026 12:00;30/06/2026 03:42;-
557863;BA;A5577;00019200000013315390;MultiModal;30/06/2026 03:42;01/07/2026 12:00;30/06/2026 03:42;-
557863;BA;A2595;00019200000013315404;MultiModal;30/06/2026 03:42;01/07/2026 12:00;30/06/2026 03:42;-
557863;BA;A0902;00019200000013315412;MultiModal;30/06/2026 03:42;01/07/2026 12:00;30/06/2026 03:42;-
557863;BA;A6909;00019200000013315455;MultiModal;30/06/2026 03:42;01/07/2026 12:00;30/06/2026 04:36;01/07/2026 12:00
557863;BA;A5593;00019200000013315463;MultiModal;30/06/2026 03:42;01/07/2026 12:00;30/06/2026 04:36;01/07/2026 12:00
557863;BA;A8477;00019200000013315471;MultiModal;30/06/2026 03:42;01/07/2026 12:00;30/06/2026 03:42;-
557863;BA;A5853;00019200000013315480;MultiModal;30/06/2026 03:42;01/07/2026 12:00;30/06/2026 03:42;-
557863;BA;TA0282;00019200000013315498;MultiModal;30/06/2026 03:42;01/07/2026 12:00;30/06/2026 03:42;-
557863;BA;A8997;00019200000013315501;MultiModal;30/06/2026 03:42;01/07/2026 12:00;30/06/2026 04:36;01/07/2026 12:00
557863;BA;A7183;00019200000013315510;MultiModal;30/06/2026 03:42;01/07/2026 12:00;30/06/2026 04:36;01/07/2026 12:00
557863;BA;A1224;00019200000013315528;MultiModal;30/06/2026 03:42;01/07/2026 12:00;30/06/2026 03:42;-
557863;BA;A5104;00019200000013315560;MultiModal;30/06/2026 03:42;01/07/2026 12:00;30/06/2026 04:36;01/07/2026 12:00
557863;BA;A4613;00019200000013315579;MultiModal;30/06/2026 03:42;01/07/2026 12:00;30/06/2026 04:36;01/07/2026 12:00
557863;BA;TA0080;00019200000013315587;MultiModal;30/06/2026 03:42;01/07/2026 12:00;30/06/2026 04:36;01/07/2026 12:00
557863;BA;A5783;00019200000013315595;MultiModal;30/06/2026 03:42;01/07/2026 12:00;30/06/2026 04:36;01/07/2026 12:00
557863;BA;A3409;00019200000013315609;MultiModal;30/06/2026 03:42;01/07/2026 12:00;30/06/2026 04:36;01/07/2026 12:00
557866;BA;A6966;00019200000013331612;MultiModal;29/06/2026 03:59;30/06/2026 14:00;29/06/2026 04:00;09/07/2026 16:00
557866;BA;A6426;00019200000013331620;MultiModal;29/06/2026 03:59;30/06/2026 14:00;29/06/2026 04:00;09/07/2026 16:00
557866;BA;A1173;00019200000013331639;MultiModal;29/06/2026 03:59;30/06/2026 14:00;29/06/2026 04:00;09/07/2026 16:00
557866;BA;A9468;00019200000013331647;MultiModal;29/06/2026 03:59;30/06/2026 14:00;29/06/2026 04:00;09/07/2026 16:00
557866;BA;A0651;00019200000013331655;MultiModal;29/06/2026 03:59;30/06/2026 14:00;29/06/2026 04:00;09/07/2026 16:00
557866;BA;A7475;00019200000013331663;MultiModal;29/06/2026 03:59;30/06/2026 14:00;29/06/2026 04:00;09/07/2026 16:00
557866;BA;A6569;00019200000013331671;MultiModal;29/06/2026 03:59;30/06/2026 14:00;29/06/2026 04:00;09/07/2026 16:00
557866;BA;A4835;00019200000013331680;MultiModal;29/06/2026 03:59;30/06/2026 14:00;29/06/2026 04:00;09/07/2026 16:00
557866;BA;A4749;00019200000013331698;MultiModal;29/06/2026 03:59;30/06/2026 14:00;29/06/2026 04:00;09/07/2026 16:00
557866;BA;TA0121;00019200000013331701;MultiModal;29/06/2026 03:59;30/06/2026 14:00;29/06/2026 04:00;09/07/2026 16:00
557866;BA;A3444;00019200000013332295;MultiModal;29/06/2026 03:59;30/06/2026 14:00;29/06/2026 03:59;30/06/2026 14:00
557866;BA;A4368;00019200000013332309;MultiModal;29/06/2026 03:59;30/06/2026 14:00;29/06/2026 04:00;09/07/2026 16:00
557866;BA;A8918;00019200000013332317;MultiModal;29/06/2026 03:59;30/06/2026 14:00;29/06/2026 04:00;09/07/2026 16:00
557866;BA;A5479;00019200000013332325;MultiModal;29/06/2026 03:59;30/06/2026 14:00;29/06/2026 03:59;30/06/2026 14:00
557866;BA;A3727;00019200000013332333;MultiModal;29/06/2026 03:59;30/06/2026 14:00;29/06/2026 03:59;30/06/2026 14:00
557866;BA;A8629;00019200000013332341;MultiModal;29/06/2026 03:59;30/06/2026 14:00;29/06/2026 03:59;30/06/2026 14:00
557866;BA;TA0045;00019200000013332350;MultiModal;29/06/2026 03:59;30/06/2026 14:00;29/06/2026 03:59;30/06/2026 14:00
557866;BA;A2816;00019200000013332368;MultiModal;29/06/2026 03:59;30/06/2026 14:00;29/06/2026 03:59;30/06/2026 14:00
557866;BA;A7870;00019200000013332376;MultiModal;29/06/2026 03:59;30/06/2026 14:00;29/06/2026 03:59;30/06/2026 14:00
557866;BA;A6543;00019200000013332384;MultiModal;29/06/2026 03:59;30/06/2026 14:00;29/06/2026 03:59;30/06/2026 14:00
557866;BA;A4566;00019200000013332392;MultiModal;29/06/2026 03:59;30/06/2026 14:00;29/06/2026 03:59;30/06/2026 14:00
557866;BA;A9099;00019200000013332406;MultiModal;29/06/2026 03:59;30/06/2026 14:00;29/06/2026 04:00;09/07/2026 16:00
557866;BA;A6240;00019200000013332414;MultiModal;29/06/2026 03:59;30/06/2026 14:00;29/06/2026 03:59;30/06/2026 14:00
557866;BA;A8543;00019200000013332422;MultiModal;29/06/2026 03:59;30/06/2026 14:00;29/06/2026 03:59;30/06/2026 14:00
557866;BA;A1755;00019200000013332430;MultiModal;29/06/2026 03:59;30/06/2026 14:00;29/06/2026 04:00;09/07/2026 16:00
557866;BA;A7086;00019200000013332449;MultiModal;29/06/2026 03:59;30/06/2026 14:00;29/06/2026 03:59;30/06/2026 14:00
557866;BA;A8392;00019200000013332457;MultiModal;29/06/2026 03:59;30/06/2026 14:00;29/06/2026 03:59;30/06/2026 14:00
557880;BA;A8168;00019200000013320556;MultiModal;06/07/2026 04:04;07/07/2026 08:30;06/07/2026 05:41;07/07/2026 08:30
557880;BA;A6493;00019200000013320564;MultiModal;06/07/2026 04:04;07/07/2026 08:30;06/07/2026 04:04;07/07/2026 08:30
557880;BA;A9581;00019200000013320572;MultiModal;06/07/2026 04:04;07/07/2026 08:30;06/07/2026 04:04;07/07/2026 08:30
557880;BA;A2999;00019200000013320580;MultiModal;06/07/2026 04:04;07/07/2026 08:30;06/07/2026 05:41;07/07/2026 08:30
557880;BA;A5545;00019200000013320599;MultiModal;06/07/2026 04:04;07/07/2026 08:30;06/07/2026 05:41;07/07/2026 08:30
557880;BA;TA1128;00019200000013320602;MultiModal;06/07/2026 04:04;07/07/2026 08:30;06/07/2026 04:04;07/07/2026 08:30
557880;BA;A6782;00019200000013320610;MultiModal;06/07/2026 04:04;07/07/2026 08:30;06/07/2026 04:04;07/07/2026 08:30
557880;BA;A8230;00019200000013320769;MultiModal;06/07/2026 04:04;07/07/2026 08:30;06/07/2026 04:04;07/07/2026 08:30
557880;BA;A6873;00019200000013320777;MultiModal;06/07/2026 04:04;07/07/2026 08:30;06/07/2026 05:41;07/07/2026 08:30
557880;BA;A2648;00019200000013320785;MultiModal;06/07/2026 04:04;07/07/2026 08:30;06/07/2026 04:04;07/07/2026 08:30
557880;BA;A3142;00019200000013320793;MultiModal;06/07/2026 04:04;07/07/2026 08:30;06/07/2026 05:41;07/07/2026 08:30
557880;BA;A7495;00019200000013320807;MultiModal;06/07/2026 04:04;07/07/2026 08:30;06/07/2026 05:41;07/07/2026 08:30
557880;BA;A7189;00019200000013320815;MultiModal;06/07/2026 04:04;07/07/2026 08:30;06/07/2026 04:04;07/07/2026 08:30
557880;BA;A7907;00019200000013320823;MultiModal;06/07/2026 04:04;07/07/2026 08:30;06/07/2026 05:41;07/07/2026 08:30
557880;BA;TA0353;00019200000013320831;MultiModal;06/07/2026 04:04;07/07/2026 08:30;06/07/2026 05:41;07/07/2026 08:30
557880;BA;A8745;00019200000013320840;MultiModal;06/07/2026 04:04;07/07/2026 08:30;06/07/2026 05:41;07/07/2026 08:30
557880;BA;A3185;00019200000013320858;MultiModal;06/07/2026 04:04;07/07/2026 08:30;06/07/2026 04:04;07/07/2026 08:30
557880;BA;A7752;00019200000013320866;MultiModal;06/07/2026 04:04;07/07/2026 08:30;06/07/2026 04:04;07/07/2026 08:30
557880;BA;A2587;00019200000013320874;MultiModal;06/07/2026 04:04;07/07/2026 08:30;06/07/2026 04:04;07/07/2026 08:30
557880;BA;A7818;00019200000013320882;MultiModal;06/07/2026 04:04;07/07/2026 08:30;06/07/2026 05:41;07/07/2026 08:30
557880;BA;A5755;00019200000013320890;MultiModal;06/07/2026 04:04;07/07/2026 08:30;06/07/2026 05:41;07/07/2026 08:30
557880;BA;TA1235;00019200000013320904;MultiModal;06/07/2026 04:04;07/07/2026 08:30;06/07/2026 05:41;07/07/2026 08:30
557880;BA;TA0383;00019200000013320912;MultiModal;06/07/2026 04:04;07/07/2026 08:30;06/07/2026 05:41;07/07/2026 08:30
557880;BA;TA0469;00019200000013320920;MultiModal;06/07/2026 04:04;07/07/2026 08:30;06/07/2026 05:41;07/07/2026 08:30
557880;BA;A0287;00019200000013320939;MultiModal;06/07/2026 04:04;07/07/2026 08:30;06/07/2026 04:04;07/07/2026 08:30
557880;BA;TA0310;00019200000013320947;MultiModal;06/07/2026 04:04;07/07/2026 08:30;06/07/2026 04:04;07/07/2026 08:30
557880;BA;A8365;00019200000013320955;MultiModal;06/07/2026 04:04;07/07/2026 08:30;06/07/2026 04:04;07/07/2026 08:30
557880;BA;A8978;00019200000013320963;MultiModal;06/07/2026 04:04;07/07/2026 08:30;06/07/2026 04:04;07/07/2026 08:30
557880;BA;A6774;00019200000013320971;MultiModal;06/07/2026 04:04;07/07/2026 08:30;06/07/2026 04:04;07/07/2026 08:30
557880;BA;A8845;00019200000013320980;MultiModal;06/07/2026 04:04;07/07/2026 08:30;06/07/2026 04:04;07/07/2026 08:30
557880;BA;A7261;00019200000013320998;MultiModal;06/07/2026 04:04;07/07/2026 08:30;06/07/2026 05:41;07/07/2026 08:30
557880;BA;A9202;00019200000013321455;MultiModal;06/07/2026 04:04;07/07/2026 08:30;06/07/2026 05:41;07/07/2026 08:30
557880;BA;A2614;00019200000013321463;MultiModal;06/07/2026 04:04;07/07/2026 08:30;06/07/2026 05:41;07/07/2026 08:30
557880;BA;A3291;00019200000013321471;MultiModal;06/07/2026 04:04;07/07/2026 08:30;06/07/2026 05:41;07/07/2026 08:30
557880;BA;A0143;00019200000013321480;MultiModal;06/07/2026 04:04;07/07/2026 08:30;06/07/2026 05:41;07/07/2026 08:30
557880;BA;TA0365;00019200000013321498;MultiModal;06/07/2026 04:04;07/07/2026 08:30;06/07/2026 05:41;07/07/2026 08:30
557880;BA;A8669;00019200000013323342;MultiModal;06/07/2026 04:04;07/07/2026 08:30;06/07/2026 04:04;07/07/2026 08:30
557880;BA;A8898;00019200000013323350;MultiModal;06/07/2026 04:04;07/07/2026 08:30;06/07/2026 04:04;07/07/2026 08:30
557880;BA;A5555;00019200000013323369;MultiModal;06/07/2026 04:04;07/07/2026 08:30;06/07/2026 04:04;07/07/2026 08:30
557880;BA;A7227;00019200000013323377;MultiModal;06/07/2026 04:04;07/07/2026 08:30;06/07/2026 04:04;07/07/2026 08:30
557880;BA;A7927;00019200000013323385;MultiModal;06/07/2026 04:04;07/07/2026 08:30;06/07/2026 04:04;07/07/2026 08:30
557880;BA;A7269;00019200000013323393;MultiModal;06/07/2026 04:04;07/07/2026 08:30;06/07/2026 05:41;07/07/2026 08:30
557880;BA;TA0744;00019200000013323407;MultiModal;06/07/2026 04:04;07/07/2026 08:30;06/07/2026 04:04;07/07/2026 08:30
557880;BA;A6634;00019200000013323415;MultiModal;06/07/2026 04:04;07/07/2026 08:30;06/07/2026 04:04;07/07/2026 08:30
557880;BA;A9453;00019200000013326775;MultiModal;06/07/2026 04:04;07/07/2026 08:30;06/07/2026 05:41;07/07/2026 08:30
557880;BA;A0597;00019200000013326783;MultiModal;06/07/2026 04:04;07/07/2026 08:30;06/07/2026 05:41;07/07/2026 08:30
557880;BA;A5434;00019200000013326791;MultiModal;06/07/2026 04:04;07/07/2026 08:30;06/07/2026 04:04;07/07/2026 08:30
557884;BA;A4430;00019200000013316982;MultiModal;29/06/2026 01:14;30/06/2026 14:00;29/06/2026 01:14;30/06/2026 14:00
557884;BA;A7309;00019200000013316990;MultiModal;29/06/2026 01:14;30/06/2026 14:00;29/06/2026 01:14;30/06/2026 14:00
557884;BA;A7175;00019200000013317008;MultiModal;29/06/2026 01:14;30/06/2026 14:00;29/06/2026 01:14;30/06/2026 14:00
557884;BA;A5059;00019200000013317016;MultiModal;29/06/2026 01:14;30/06/2026 14:00;29/06/2026 01:14;30/06/2026 14:00
557884;BA;A3046;00019200000013317024;MultiModal;29/06/2026 01:14;30/06/2026 14:00;30/06/2026 05:33;01/07/2026 12:00
557884;BA;A6157;00019200000013317032;MultiModal;29/06/2026 01:14;30/06/2026 14:00;30/06/2026 05:33;01/07/2026 12:00
557884;BA;A4394;00019200000013317040;MultiModal;29/06/2026 01:14;30/06/2026 14:00;30/06/2026 05:33;01/07/2026 12:00
557884;BA;A6346;00019200000013317059;MultiModal;29/06/2026 01:14;30/06/2026 14:00;30/06/2026 05:33;01/07/2026 12:00
557884;BA;A4544;00019200000013317067;MultiModal;29/06/2026 01:14;30/06/2026 14:00;30/06/2026 05:33;01/07/2026 12:00
557884;BA;A3197;00019200000013317075;MultiModal;29/06/2026 01:14;30/06/2026 14:00;30/06/2026 05:33;01/07/2026 12:00
557884;BA;A3194;00019200000013317083;MultiModal;29/06/2026 01:14;30/06/2026 14:00;30/06/2026 05:33;01/07/2026 12:00
557884;BA;A1552;00019200000013317091;MultiModal;29/06/2026 01:14;30/06/2026 14:00;30/06/2026 05:33;01/07/2026 12:00
557884;BA;A2927;00019200000013317105;MultiModal;29/06/2026 01:14;30/06/2026 14:00;30/06/2026 05:33;01/07/2026 12:00
557884;BA;A5111;00019200000013317113;MultiModal;29/06/2026 01:14;30/06/2026 14:00;30/06/2026 05:33;01/07/2026 12:00
557884;BA;A0663;00019200000013317121;MultiModal;29/06/2026 01:14;30/06/2026 14:00;30/06/2026 05:33;01/07/2026 12:00
557884;BA;A0379;00019200000013317130;MultiModal;29/06/2026 01:14;30/06/2026 14:00;30/06/2026 05:33;01/07/2026 12:00
557884;BA;A1463;00019200000013317148;MultiModal;29/06/2026 01:14;30/06/2026 14:00;29/06/2026 01:14;30/06/2026 14:00
557884;BA;A7284;00019200000013317156;MultiModal;29/06/2026 01:14;30/06/2026 14:00;29/06/2026 01:14;30/06/2026 14:00
557884;BA;A3053;00019200000013317164;MultiModal;29/06/2026 01:14;30/06/2026 14:00;30/06/2026 05:33;01/07/2026 12:00
557884;BA;A7945;00019200000013317172;MultiModal;29/06/2026 01:14;30/06/2026 14:00;30/06/2026 05:33;01/07/2026 12:00
557884;BA;A7003;00019200000013317180;MultiModal;29/06/2026 01:14;30/06/2026 14:00;30/06/2026 05:33;01/07/2026 12:00
557884;BA;A7798;00019200000013317199;MultiModal;29/06/2026 01:14;30/06/2026 14:00;29/06/2026 01:14;30/06/2026 14:00
557884;BA;A7562;00019200000013317202;MultiModal;29/06/2026 01:14;30/06/2026 14:00;29/06/2026 01:14;30/06/2026 14:00
557884;BA;A9644;00019200000013317210;MultiModal;29/06/2026 01:14;30/06/2026 14:00;29/06/2026 01:14;30/06/2026 14:00
557884;BA;A7968;00019200000013317229;MultiModal;29/06/2026 01:14;30/06/2026 14:00;29/06/2026 01:14;30/06/2026 14:00
557884;BA;A5121;00019200000013317237;MultiModal;29/06/2026 01:14;30/06/2026 14:00;29/06/2026 01:14;30/06/2026 14:00
557884;BA;A3966;00019200000013317245;MultiModal;29/06/2026 01:14;30/06/2026 14:00;29/06/2026 01:14;30/06/2026 14:00
557884;BA;TA0321;00019200000013317253;MultiModal;29/06/2026 01:14;30/06/2026 14:00;29/06/2026 01:14;30/06/2026 14:00
557884;BA;A4878;00019200000013317261;MultiModal;29/06/2026 01:14;30/06/2026 14:00;30/06/2026 05:33;01/07/2026 12:00
557884;BA;A7976;00019200000013317270;MultiModal;29/06/2026 01:14;30/06/2026 14:00;29/06/2026 01:14;30/06/2026 14:00
557884;BA;A6861;00019200000013317288;MultiModal;29/06/2026 01:14;30/06/2026 14:00;29/06/2026 01:14;30/06/2026 14:00
557884;BA;A7270;00019200000013317598;MultiModal;29/06/2026 01:14;30/06/2026 14:00;29/06/2026 01:14;30/06/2026 14:00
557884;BA;A6678;00019200000013317881;MultiModal;29/06/2026 01:14;30/06/2026 14:00;30/06/2026 05:33;01/07/2026 12:00
557884;BA;TA0795;00019200000013320343;MultiModal;29/06/2026 01:14;30/06/2026 14:00;29/06/2026 01:14;30/06/2026 14:00
557884;BA;A0893;00019200000013320696;MultiModal;29/06/2026 01:14;30/06/2026 14:00;29/06/2026 01:14;30/06/2026 14:00
557885;BA;TA1127;00019200000012615757;MultiModal;24/06/2026 04:36;03/07/2026 09:55;24/06/2026 04:36;03/07/2026 09:55
557885;BA;A2756;00019200000013226010;MultiModal;24/06/2026 04:36;03/07/2026 09:55;24/06/2026 04:36;03/07/2026 09:55
557885;BA;A5055;00019200000013226037;MultiModal;24/06/2026 04:36;03/07/2026 09:55;24/06/2026 04:36;03/07/2026 09:55
557885;BA;A7376;00019200000013226045;MultiModal;24/06/2026 04:36;03/07/2026 09:55;24/06/2026 04:36;03/07/2026 09:55
557885;BA;A7861;00019200000013226053;MultiModal;24/06/2026 04:36;03/07/2026 09:55;24/06/2026 04:36;03/07/2026 09:55
557885;BA;A5054;00019200000013226061;MultiModal;24/06/2026 04:36;03/07/2026 09:55;24/06/2026 04:36;03/07/2026 09:55
557885;BA;A3107;00019200000013226070;MultiModal;24/06/2026 04:36;03/07/2026 09:55;24/06/2026 04:36;03/07/2026 09:55
557885;BA;A0330;00019200000013226088;MultiModal;24/06/2026 04:36;03/07/2026 09:55;24/06/2026 04:36;03/07/2026 09:55
557885;BA;A8740;00019200000013226096;MultiModal;24/06/2026 04:36;03/07/2026 09:55;24/06/2026 04:36;03/07/2026 09:55
557885;BA;A2656;00019200000013226100;MultiModal;24/06/2026 04:36;03/07/2026 09:55;24/06/2026 04:36;03/07/2026 09:55
557885;BA;A4698;00019200000013226126;MultiModal;24/06/2026 04:36;03/07/2026 09:55;24/06/2026 04:36;03/07/2026 09:55
557885;BA;A4906;00019200000013226134;MultiModal;24/06/2026 04:36;03/07/2026 09:55;24/06/2026 04:36;03/07/2026 09:55
557885;BA;A8164;00019200000013226142;MultiModal;24/06/2026 04:36;03/07/2026 09:55;24/06/2026 04:36;03/07/2026 09:55
557885;BA;A8350;00019200000013226150;MultiModal;24/06/2026 04:36;03/07/2026 09:55;24/06/2026 04:36;03/07/2026 09:55
557885;BA;A6311;00019200000013226169;MultiModal;24/06/2026 04:36;03/07/2026 09:55;24/06/2026 04:36;03/07/2026 09:55
557885;BA;A7660;00019200000013226177;MultiModal;24/06/2026 04:36;03/07/2026 09:55;24/06/2026 04:36;03/07/2026 09:55
557885;BA;A5528;00019200000013226185;MultiModal;24/06/2026 04:36;03/07/2026 09:55;24/06/2026 04:36;03/07/2026 09:55
557885;BA;A4240;00019200000013226193;MultiModal;24/06/2026 04:36;03/07/2026 09:55;24/06/2026 04:36;03/07/2026 09:55
557885;BA;A0336;00019200000013226207;MultiModal;24/06/2026 04:36;03/07/2026 09:55;24/06/2026 04:36;03/07/2026 09:55
557885;BA;TA0865;00019200000013226215;MultiModal;24/06/2026 04:36;03/07/2026 09:55;24/06/2026 04:36;03/07/2026 09:55
557885;BA;A8127;00019200000013226223;MultiModal;24/06/2026 04:36;03/07/2026 09:55;24/06/2026 04:36;03/07/2026 09:55
557885;BA;A3199;00019200000013226231;MultiModal;24/06/2026 04:36;03/07/2026 09:55;24/06/2026 04:36;03/07/2026 09:55
557885;BA;A3800;00019200000013226240;MultiModal;24/06/2026 04:36;03/07/2026 09:55;24/06/2026 04:36;03/07/2026 09:55
557885;BA;A3818;00019200000013226258;MultiModal;24/06/2026 04:36;03/07/2026 09:55;24/06/2026 04:36;03/07/2026 09:55
557885;BA;A9532;00019200000013226266;MultiModal;24/06/2026 04:36;03/07/2026 09:55;24/06/2026 04:36;03/07/2026 09:55
557885;BA;A2379;00019200000013226274;MultiModal;24/06/2026 04:36;03/07/2026 09:55;24/06/2026 04:36;03/07/2026 09:55
557885;BA;A0771;00019200000013226851;MultiModal;24/06/2026 04:36;03/07/2026 09:55;24/06/2026 04:36;03/07/2026 09:55
557885;BA;A9309;00019200000013226860;MultiModal;24/06/2026 04:36;03/07/2026 09:55;24/06/2026 04:36;03/07/2026 09:55
557885;BA;A6837;00019200000013226878;MultiModal;24/06/2026 04:36;03/07/2026 09:55;24/06/2026 04:36;03/07/2026 09:55
557886;BA;A3906;00019200000013316869;MultiModal;24/06/2026 05:15;26/06/2026 08:50;24/06/2026 15:29;26/06/2026 08:50
557886;BA;A3039;00019200000013319914;MultiModal;24/06/2026 05:15;26/06/2026 08:50;24/06/2026 15:29;26/06/2026 08:50
557886;BA;A0532;00019200000013319922;MultiModal;24/06/2026 05:15;26/06/2026 08:50;24/06/2026 05:15;26/06/2026 08:50
557886;BA;A9135;00019200000013319930;MultiModal;24/06/2026 05:15;26/06/2026 08:50;24/06/2026 05:15;26/06/2026 08:50
557886;BA;A3470;00019200000013319949;MultiModal;24/06/2026 05:15;26/06/2026 08:50;24/06/2026 05:15;26/06/2026 08:50
557886;BA;A4858;00019200000013319957;MultiModal;24/06/2026 05:15;26/06/2026 08:50;24/06/2026 05:15;26/06/2026 08:50
557886;BA;A1787;00019200000013319990;MultiModal;24/06/2026 05:15;26/06/2026 08:50;24/06/2026 05:15;26/06/2026 08:50
557886;BA;A7716;00019200000013320009;MultiModal;24/06/2026 05:15;26/06/2026 08:50;24/06/2026 05:15;26/06/2026 08:50
557886;BA;TA1059;00019200000013320351;MultiModal;24/06/2026 05:15;26/06/2026 08:50;24/06/2026 15:29;26/06/2026 08:50
557886;BA;TA0641;00019200000013320360;MultiModal;24/06/2026 05:15;26/06/2026 08:50;24/06/2026 15:29;26/06/2026 08:50
557886;BA;A6501;00019200000013320378;MultiModal;24/06/2026 05:15;26/06/2026 08:50;24/06/2026 15:29;26/06/2026 08:50
557886;BA;A3081;00019200000013320386;MultiModal;24/06/2026 05:15;26/06/2026 08:50;24/06/2026 15:29;26/06/2026 08:50
557886;BA;A1292;00019200000013320394;MultiModal;24/06/2026 05:15;26/06/2026 08:50;24/06/2026 15:29;26/06/2026 08:50
557886;BA;A7910;00019200000013320408;MultiModal;24/06/2026 05:15;26/06/2026 08:50;24/06/2026 15:29;26/06/2026 08:50
557886;BA;A4790;00019200000013320416;MultiModal;24/06/2026 05:15;26/06/2026 08:50;24/06/2026 05:15;26/06/2026 08:50
557886;BA;A3032;00019200000013320432;MultiModal;24/06/2026 05:15;26/06/2026 08:50;24/06/2026 05:15;26/06/2026 08:50
557886;BA;A4139;00019200000013320440;MultiModal;24/06/2026 05:15;26/06/2026 08:50;24/06/2026 05:15;26/06/2026 08:50
557886;BA;A5048;00019200000013320459;MultiModal;24/06/2026 05:15;26/06/2026 08:50;24/06/2026 05:15;26/06/2026 08:50
557886;BA;A8988;00019200000013320467;MultiModal;24/06/2026 05:15;26/06/2026 08:50;24/06/2026 15:29;26/06/2026 08:50
557886;BA;A3637;00019200000013320475;MultiModal;24/06/2026 05:15;26/06/2026 08:50;24/06/2026 15:29;26/06/2026 08:50
557886;BA;A2556;00019200000013320483;MultiModal;24/06/2026 05:15;26/06/2026 08:50;24/06/2026 05:15;26/06/2026 08:50
557886;BA;A4837;00019200000013320491;MultiModal;24/06/2026 05:15;26/06/2026 08:50;24/06/2026 05:15;26/06/2026 08:50
557886;BA;A1539;00019200000013320505;MultiModal;24/06/2026 05:15;26/06/2026 08:50;24/06/2026 15:29;26/06/2026 08:50
557886;BA;A3186;00019200000013320513;MultiModal;24/06/2026 05:15;26/06/2026 08:50;24/06/2026 15:29;26/06/2026 08:50
557886;BA;TA0987;00019200000013320521;MultiModal;24/06/2026 05:15;26/06/2026 08:50;24/06/2026 05:15;26/06/2026 08:50
557886;BA;TA0964;00019200000013320530;MultiModal;24/06/2026 05:15;26/06/2026 08:50;24/06/2026 15:29;26/06/2026 08:50
557887;BA;A6642;00019200000013316770;MultiModal;29/06/2026 00:58;30/06/2026 14:00;29/06/2026 00:58;30/06/2026 14:00
557887;BA;A0259;00019200000013316788;MultiModal;29/06/2026 00:58;30/06/2026 14:00;29/06/2026 00:58;30/06/2026 14:00
557887;BA;TA0959;00019200000013316796;MultiModal;29/06/2026 00:58;30/06/2026 14:00;29/06/2026 00:58;30/06/2026 14:00
557887;BA;A6519;00019200000013316800;MultiModal;29/06/2026 00:58;30/06/2026 14:00;29/06/2026 00:58;30/06/2026 14:00
557887;BA;A8302;00019200000013316818;MultiModal;29/06/2026 00:58;30/06/2026 14:00;29/06/2026 00:58;30/06/2026 14:00
557887;BA;A7133;00019200000013316826;MultiModal;29/06/2026 00:58;30/06/2026 14:00;29/06/2026 00:58;30/06/2026 14:00
557887;BA;A6653;00019200000013316834;MultiModal;29/06/2026 00:58;30/06/2026 14:00;29/06/2026 00:58;30/06/2026 14:00
557887;BA;A8006;00019200000013316842;MultiModal;29/06/2026 00:58;30/06/2026 14:00;29/06/2026 00:58;30/06/2026 14:00
557887;BA;A6358;00019200000013328433;MultiModal;29/06/2026 00:58;30/06/2026 14:00;29/06/2026 00:58;30/06/2026 14:00
557887;BA;A7683;00019200000013328441;MultiModal;29/06/2026 00:58;30/06/2026 14:00;29/06/2026 00:58;30/06/2026 14:00
557887;BA;A1622;00019200000013328450;MultiModal;29/06/2026 00:58;30/06/2026 14:00;29/06/2026 00:58;30/06/2026 14:00
557887;BA;A1347;00019200000013328468;MultiModal;29/06/2026 00:58;30/06/2026 14:00;29/06/2026 00:58;30/06/2026 14:00
557887;BA;A6625;00019200000013328476;MultiModal;29/06/2026 00:58;30/06/2026 14:00;29/06/2026 00:58;30/06/2026 14:00
557888;BA;A7338;00019200000013238531;MultiModal;02/07/2026 03:21;04/07/2026 10:00;02/07/2026 03:21;04/07/2026 10:00
557888;BA;A6785;00019200000013324195;MultiModal;02/07/2026 03:21;04/07/2026 10:00;02/07/2026 03:21;04/07/2026 10:00
557888;BA;A3715;00019200000013324209;MultiModal;02/07/2026 03:21;04/07/2026 10:00;02/07/2026 03:21;04/07/2026 10:00
557888;BA;A4642;00019200000013324217;MultiModal;02/07/2026 03:21;04/07/2026 10:00;02/07/2026 03:21;04/07/2026 10:00
557888;BA;A8389;00019200000013327070;MultiModal;02/07/2026 03:21;04/07/2026 10:00;02/07/2026 03:21;04/07/2026 10:00
557888;BA;A7312;00019200000013327097;MultiModal;02/07/2026 03:21;04/07/2026 10:00;02/07/2026 03:21;04/07/2026 10:00
557888;BA;A8969;00019200000013327100;MultiModal;02/07/2026 03:21;04/07/2026 10:00;02/07/2026 03:21;04/07/2026 10:00
557888;BA;A3018;00019200000013327119;MultiModal;02/07/2026 03:21;04/07/2026 10:00;02/07/2026 03:21;04/07/2026 10:00
557888;BA;TA0196;00019200000013327127;MultiModal;02/07/2026 03:21;04/07/2026 10:00;02/07/2026 03:21;04/07/2026 10:00
557888;BA;A7197;00019200000013334476;MultiModal;02/07/2026 03:21;04/07/2026 10:00;02/07/2026 03:21;04/07/2026 10:00
557888;BA;A8986;00019200000013334760;MultiModal;02/07/2026 03:21;04/07/2026 10:00;02/07/2026 03:21;04/07/2026 10:00
557888;BA;A6510;00019200000013334778;MultiModal;02/07/2026 03:21;04/07/2026 10:00;02/07/2026 03:21;04/07/2026 10:00
557888;BA;A0117;00019200000013334786;MultiModal;02/07/2026 03:21;04/07/2026 10:00;02/07/2026 03:21;04/07/2026 10:00
557888;BA;A3755;00019200000013334794;MultiModal;02/07/2026 03:21;04/07/2026 10:00;02/07/2026 03:21;04/07/2026 10:00
557888;BA;A3487;00019200000013334808;MultiModal;02/07/2026 03:21;04/07/2026 10:00;02/07/2026 03:21;04/07/2026 10:00
557888;BA;A9588;00019200000013334816;MultiModal;02/07/2026 03:21;04/07/2026 10:00;02/07/2026 03:21;04/07/2026 10:00
557888;BA;A3933;00019200000013334824;MultiModal;02/07/2026 03:21;04/07/2026 10:00;02/07/2026 03:21;04/07/2026 10:00
557888;BA;A7789;00019200000013334832;MultiModal;02/07/2026 03:21;04/07/2026 10:00;02/07/2026 03:21;04/07/2026 10:00
557888;BA;A8960;00019200000013336029;MultiModal;02/07/2026 03:21;04/07/2026 10:00;02/07/2026 03:21;04/07/2026 10:00
558057;BA;TA1024;00019200000012907340;MultiModal;18/06/2026 04:17;19/06/2026 16:00;18/06/2026 04:17;19/06/2026 16:00
558057;BA;A3018;00019200000013244108;MultiModal;18/06/2026 04:17;19/06/2026 16:00;18/06/2026 04:17;19/06/2026 16:00
558057;BA;TA0729;00019200000013244116;MultiModal;18/06/2026 04:17;19/06/2026 16:00;18/06/2026 04:17;19/06/2026 16:00
558057;BA;A5942;00019200000013244264;MultiModal;18/06/2026 04:17;19/06/2026 16:00;18/06/2026 04:17;19/06/2026 16:00
558165;BA;A6247;00019200000013211102;MultiModal;18/06/2026 04:17;19/06/2026 11:59;18/06/2026 04:17;19/06/2026 11:59
558317;BA;A3487;00019200000012927031;MultiModal;18/06/2026 22:59;20/06/2026 18:00;18/06/2026 22:59;20/06/2026 18:00
558612;BA;TA0147;00019200000013336509;MultiModal;23/06/2026 05:40;25/06/2026 16:00;23/06/2026 05:40;25/06/2026 16:00
558616;BA;A7502;00019200000013336525;MultiModal;23/06/2026 05:40;25/06/2026 16:50;23/06/2026 05:40;25/06/2026 16:50
558903;BA;A4983;00019200000013327305;MultiModal;24/06/2026 00:14;26/06/2026 20:07;24/06/2026 00:14;26/06/2026 20:07
559041;BA;A6654;00019200000013316583;MultiModal;24/06/2026 06:08;25/06/2026 13:00;24/06/2026 06:08;25/06/2026 13:00
559084;BA;TA0735;00019200000013424378;MultiModal;06/07/2026 04:05;07/07/2026 08:30;06/07/2026 04:05;07/07/2026 08:30
559084;BA;A5061;00019200000013424386;MultiModal;06/07/2026 04:05;07/07/2026 08:30;06/07/2026 04:05;07/07/2026 08:30
559084;BA;A5884;00019200000013424394;MultiModal;06/07/2026 04:05;07/07/2026 08:30;06/07/2026 04:05;07/07/2026 08:30
559084;BA;A5421;00019200000013424408;MultiModal;06/07/2026 04:05;07/07/2026 08:30;06/07/2026 04:05;07/07/2026 08:30
559084;BA;TA1177;00019200000013424416;MultiModal;06/07/2026 04:05;07/07/2026 08:30;06/07/2026 04:05;07/07/2026 08:30
559084;BA;A3121;00019200000013424424;MultiModal;06/07/2026 04:05;07/07/2026 08:30;06/07/2026 04:05;07/07/2026 08:30
559084;BA;A3705;00019200000013424432;MultiModal;06/07/2026 04:05;07/07/2026 08:30;06/07/2026 04:05;07/07/2026 08:30
559084;BA;A8432;00019200000013424440;MultiModal;06/07/2026 04:05;07/07/2026 08:30;06/07/2026 04:05;07/07/2026 08:30
559084;BA;A1127;00019200000013424459;MultiModal;06/07/2026 04:05;07/07/2026 08:30;06/07/2026 04:05;07/07/2026 08:30
559084;BA;A7648;00019200000013424467;MultiModal;06/07/2026 04:05;07/07/2026 08:30;06/07/2026 04:05;07/07/2026 08:30
559084;BA;A4735;00019200000013424475;MultiModal;06/07/2026 04:05;07/07/2026 08:30;06/07/2026 04:05;07/07/2026 08:30
559084;BA;A5514;00019200000013424483;MultiModal;06/07/2026 04:05;07/07/2026 08:30;06/07/2026 04:05;07/07/2026 08:30
559084;BA;TA1135;00019200000013424491;MultiModal;06/07/2026 04:05;07/07/2026 08:30;06/07/2026 04:05;07/07/2026 08:30
559084;BA;A6475;00019200000013424505;MultiModal;06/07/2026 04:05;07/07/2026 08:30;06/07/2026 04:05;07/07/2026 08:30
559084;BA;TA0486;00019200000013424513;MultiModal;06/07/2026 04:05;07/07/2026 08:30;06/07/2026 04:05;07/07/2026 08:30
559084;BA;A7340;00019200000013424521;MultiModal;06/07/2026 04:05;07/07/2026 08:30;06/07/2026 04:05;07/07/2026 08:30
559084;BA;A5035;00019200000013424530;MultiModal;06/07/2026 04:05;07/07/2026 08:30;06/07/2026 04:05;07/07/2026 08:30
559084;BA;A7288;00019200000013424548;MultiModal;06/07/2026 04:05;07/07/2026 08:30;06/07/2026 04:05;07/07/2026 08:30
559084;BA;A8347;00019200000013424556;MultiModal;06/07/2026 04:05;07/07/2026 08:30;06/07/2026 04:05;07/07/2026 08:30
559084;BA;TA0257;00019200000013424564;MultiModal;06/07/2026 04:05;07/07/2026 08:30;06/07/2026 04:05;07/07/2026 08:30
559084;BA;TA1071;00019200000013424572;MultiModal;06/07/2026 04:05;07/07/2026 08:30;06/07/2026 04:05;07/07/2026 08:30
559084;BA;A5001;00019200000013424580;MultiModal;06/07/2026 04:05;07/07/2026 08:30;06/07/2026 04:05;07/07/2026 08:30
559084;BA;A4553;00019200000013424599;MultiModal;06/07/2026 04:05;07/07/2026 08:30;06/07/2026 04:05;07/07/2026 08:30
559084;BA;A8179;00019200000013424602;MultiModal;06/07/2026 04:05;07/07/2026 08:30;06/07/2026 04:05;07/07/2026 08:30
559494;BA;A7833;00019200000013202359;MultiModal;30/06/2026 00:16;03/07/2026 18:00;30/06/2026 00:16;03/07/2026 18:00
559543;BA;A3082;00019200000013428888;MultiModal;02/07/2026 05:57;03/07/2026 11:30;02/07/2026 05:57;03/07/2026 11:30
559543;BA;A9020;00019200000013428896;MultiModal;02/07/2026 05:57;03/07/2026 11:30;02/07/2026 05:57;03/07/2026 11:30
559543;BA;A4236;00019200000013428900;MultiModal;02/07/2026 05:57;03/07/2026 11:30;02/07/2026 05:57;03/07/2026 11:30
559543;BA;A6856;00019200000013428934;MultiModal;02/07/2026 05:57;03/07/2026 11:30;02/07/2026 05:57;03/07/2026 11:30
559543;BA;A7807;00019200000013428942;MultiModal;02/07/2026 05:57;03/07/2026 11:30;02/07/2026 05:57;03/07/2026 11:30
559543;BA;A7064;00019200000013428950;MultiModal;02/07/2026 05:57;03/07/2026 11:30;02/07/2026 05:57;03/07/2026 11:30
559543;BA;A6385;00019200000013428969;MultiModal;02/07/2026 05:57;03/07/2026 11:30;02/07/2026 05:57;03/07/2026 11:30
559543;BA;A6835;00019200000013428977;MultiModal;02/07/2026 05:57;03/07/2026 11:30;02/07/2026 05:57;03/07/2026 11:30
559543;BA;A3976;00019200000013428985;MultiModal;02/07/2026 05:57;03/07/2026 11:30;02/07/2026 05:57;03/07/2026 11:30
559543;BA;A6633;00019200000013428993;MultiModal;02/07/2026 05:57;03/07/2026 11:30;02/07/2026 05:57;03/07/2026 11:30
559641;BA;A9149;00019200000013428160;MultiModal;02/07/2026 04:05;04/07/2026 12:01;02/07/2026 04:05;04/07/2026 12:01
559675;BA;A6723;00019200000013428110;MultiModal;02/07/2026 04:05;04/07/2026 10:19;02/07/2026 04:05;04/07/2026 10:19
559700;BA;A3186;00019200000013422995;MultiModal;02/07/2026 23:53;03/07/2026 16:00;02/07/2026 23:53;03/07/2026 16:00
559728;BA;A8344;00019200000013423002;MultiModal;02/07/2026 23:53;03/07/2026 16:00;02/07/2026 23:53;03/07/2026 16:00
556112;CE;A9390;00019200000012902349;MultiModal;17/06/2026 00:02;19/06/2026 17:00;17/06/2026 00:02;19/06/2026 17:00
556112;CE;A1618;00019200000012902454;MultiModal;17/06/2026 00:02;19/06/2026 17:00;18/06/2026 03:36;19/06/2026 17:00
556112;CE;A5377;00019200000012902462;MultiModal;17/06/2026 00:02;19/06/2026 17:00;18/06/2026 03:36;19/06/2026 17:00
556112;CE;TA0972;00019200000012902470;MultiModal;17/06/2026 00:02;19/06/2026 17:00;17/06/2026 00:02;19/06/2026 17:00
556112;CE;A4985;00019200000012902489;MultiModal;17/06/2026 00:02;19/06/2026 17:00;17/06/2026 00:58;19/06/2026 18:30
556112;CE;A8699;00019200000012902497;MultiModal;17/06/2026 00:02;19/06/2026 17:00;17/06/2026 00:02;19/06/2026 17:00
556112;CE;A7927;00019200000012902500;MultiModal;17/06/2026 00:02;19/06/2026 17:00;17/06/2026 00:02;19/06/2026 17:00
556112;CE;A7935;00019200000012902519;MultiModal;17/06/2026 00:02;19/06/2026 17:00;17/06/2026 00:02;19/06/2026 17:00
556112;CE;A9256;00019200000012902527;MultiModal;17/06/2026 00:02;19/06/2026 17:00;17/06/2026 00:02;19/06/2026 17:00
556112;CE;A8469;00019200000012902918;MultiModal;17/06/2026 00:02;19/06/2026 17:00;17/06/2026 00:58;19/06/2026 18:30
556112;CE;TA0294;00019200000012902926;MultiModal;17/06/2026 00:02;19/06/2026 17:00;17/06/2026 00:58;19/06/2026 18:30
556112;CE;A9461;00019200000012902934;MultiModal;17/06/2026 00:02;19/06/2026 17:00;17/06/2026 00:58;19/06/2026 18:30
556112;CE;A5785;00019200000012902942;MultiModal;17/06/2026 00:02;19/06/2026 17:00;17/06/2026 00:58;19/06/2026 18:30
556112;CE;A7239;00019200000012902950;MultiModal;17/06/2026 00:02;19/06/2026 17:00;17/06/2026 00:02;19/06/2026 17:00
556112;CE;A6915;00019200000012902969;MultiModal;17/06/2026 00:02;19/06/2026 17:00;17/06/2026 00:02;19/06/2026 17:00
556112;CE;TA0616;00019200000012902977;MultiModal;17/06/2026 00:02;19/06/2026 17:00;17/06/2026 00:02;19/06/2026 17:00
556112;CE;A5545;00019200000012902985;MultiModal;17/06/2026 00:02;19/06/2026 17:00;17/06/2026 00:58;19/06/2026 18:30
556112;CE;A7979;00019200000012902993;MultiModal;17/06/2026 00:02;19/06/2026 17:00;17/06/2026 00:02;19/06/2026 17:00
556112;CE;A8745;00019200000012903000;MultiModal;17/06/2026 00:02;19/06/2026 17:00;17/06/2026 00:58;19/06/2026 18:30
556112;CE;A6326;00019200000012903019;MultiModal;17/06/2026 00:02;19/06/2026 17:00;17/06/2026 00:02;19/06/2026 17:00
556112;CE;A8945;00019200000012903027;MultiModal;17/06/2026 00:02;19/06/2026 17:00;18/06/2026 03:36;19/06/2026 17:00
556112;CE;A8052;00019200000012903035;MultiModal;17/06/2026 00:02;19/06/2026 17:00;17/06/2026 00:02;19/06/2026 17:00
556112;CE;A6273;00019200000012903043;MultiModal;17/06/2026 00:02;19/06/2026 17:00;17/06/2026 00:58;19/06/2026 18:30
556112;CE;A7467;00019200000012903051;MultiModal;17/06/2026 00:02;19/06/2026 17:00;17/06/2026 00:02;19/06/2026 17:00
556112;CE;A4369;00019200000012903060;MultiModal;17/06/2026 00:02;19/06/2026 17:00;17/06/2026 00:02;19/06/2026 17:00
556112;CE;A5877;00019200000012903078;MultiModal;17/06/2026 00:02;19/06/2026 17:00;17/06/2026 00:02;19/06/2026 17:00
556112;CE;TA0911;00019200000012903086;MultiModal;17/06/2026 00:02;19/06/2026 17:00;18/06/2026 03:36;19/06/2026 17:00
556112;CE;A4827;00019200000012903094;MultiModal;17/06/2026 00:02;19/06/2026 17:00;18/06/2026 03:36;19/06/2026 17:00
556112;CE;A4106;00019200000012903108;MultiModal;17/06/2026 00:02;19/06/2026 17:00;17/06/2026 00:58;19/06/2026 18:30
556112;CE;TA0005;00019200000012903116;MultiModal;17/06/2026 00:02;19/06/2026 17:00;18/06/2026 03:36;19/06/2026 17:00
556112;CE;A7099;00019200000012903124;MultiModal;17/06/2026 00:02;19/06/2026 17:00;17/06/2026 00:58;19/06/2026 18:30
556112;CE;A6714;00019200000012903132;MultiModal;17/06/2026 00:02;19/06/2026 17:00;18/06/2026 03:36;19/06/2026 17:00
556112;CE;A6821;00019200000012903140;MultiModal;17/06/2026 00:02;19/06/2026 17:00;18/06/2026 03:36;19/06/2026 17:00
556112;CE;A3291;00019200000012903159;MultiModal;17/06/2026 00:02;19/06/2026 17:00;18/06/2026 03:36;19/06/2026 17:00
556112;CE;A4188;00019200000012903167;MultiModal;17/06/2026 00:02;19/06/2026 17:00;18/06/2026 03:36;19/06/2026 17:00
556112;CE;A6317;00019200000012903175;MultiModal;17/06/2026 00:02;19/06/2026 17:00;18/06/2026 03:36;19/06/2026 17:00
556112;CE;A9012;00019200000012903183;MultiModal;17/06/2026 00:02;19/06/2026 17:00;17/06/2026 00:58;19/06/2026 18:30
556112;CE;A6364;00019200000012903191;MultiModal;17/06/2026 00:02;19/06/2026 17:00;17/06/2026 00:58;19/06/2026 18:30
556112;CE;A8500;00019200000012903205;MultiModal;17/06/2026 00:02;19/06/2026 17:00;17/06/2026 00:58;19/06/2026 18:30
556112;CE;A7264;00019200000012903213;MultiModal;17/06/2026 00:02;19/06/2026 17:00;17/06/2026 00:58;19/06/2026 18:30
556112;CE;A0734;00019200000012903221;MultiModal;17/06/2026 00:02;19/06/2026 17:00;17/06/2026 00:58;19/06/2026 18:30
556112;CE;A9547;00019200000012903230;MultiModal;17/06/2026 00:02;19/06/2026 17:00;18/06/2026 03:36;19/06/2026 17:00
556112;CE;A5700;00019200000012903248;MultiModal;17/06/2026 00:02;19/06/2026 17:00;18/06/2026 03:36;19/06/2026 17:00
556112;CE;A0597;00019200000012903736;MultiModal;17/06/2026 00:02;19/06/2026 17:00;17/06/2026 00:58;19/06/2026 18:30
556112;CE;A4871;00019200000012903744;MultiModal;17/06/2026 00:02;19/06/2026 17:00;18/06/2026 03:36;19/06/2026 17:00
556112;CE;A6595;00019200000012903752;MultiModal;17/06/2026 00:02;19/06/2026 17:00;17/06/2026 00:58;19/06/2026 18:30
556112;CE;A6946;00019200000012903760;MultiModal;17/06/2026 00:02;19/06/2026 17:00;17/06/2026 00:58;19/06/2026 18:30
556112;CE;A2633;00019200000012903779;MultiModal;17/06/2026 00:02;19/06/2026 17:00;17/06/2026 00:02;19/06/2026 17:00
556112;CE;A1094;00019200000012903787;MultiModal;17/06/2026 00:02;19/06/2026 17:00;18/06/2026 03:36;19/06/2026 17:00
556112;CE;A9108;00019200000012903795;MultiModal;17/06/2026 00:02;19/06/2026 17:00;17/06/2026 00:58;19/06/2026 18:30
556112;CE;A6713;00019200000012903809;MultiModal;17/06/2026 00:02;19/06/2026 17:00;17/06/2026 00:02;19/06/2026 17:00
556112;CE;TA0228;00019200000012903817;MultiModal;17/06/2026 00:02;19/06/2026 17:00;17/06/2026 00:58;19/06/2026 18:30
556112;CE;A3296;00019200000012903825;MultiModal;17/06/2026 00:02;19/06/2026 17:00;18/06/2026 03:36;19/06/2026 17:00
556112;CE;A6908;00019200000012903833;MultiModal;17/06/2026 00:02;19/06/2026 17:00;18/06/2026 03:36;19/06/2026 17:00
556112;CE;A7255;00019200000012903841;MultiModal;17/06/2026 00:02;19/06/2026 17:00;18/06/2026 03:36;19/06/2026 17:00
556112;CE;A7999;00019200000012903850;MultiModal;17/06/2026 00:02;19/06/2026 17:00;18/06/2026 03:36;19/06/2026 17:00
556112;CE;A6476;00019200000012903868;MultiModal;17/06/2026 00:02;19/06/2026 17:00;18/06/2026 03:36;19/06/2026 17:00
556112;CE;A9528;00019200000012903876;MultiModal;17/06/2026 00:02;19/06/2026 17:00;18/06/2026 03:36;19/06/2026 17:00
556112;CE;A5670;00019200000012903884;MultiModal;17/06/2026 00:02;19/06/2026 17:00;18/06/2026 03:36;19/06/2026 17:00
556112;CE;A9348;00019200000012903892;MultiModal;17/06/2026 00:02;19/06/2026 17:00;17/06/2026 00:58;19/06/2026 18:30
556112;CE;A8354;00019200000012903906;MultiModal;17/06/2026 00:02;19/06/2026 17:00;18/06/2026 03:36;19/06/2026 17:00
556112;CE;A7697;00019200000012903914;MultiModal;17/06/2026 00:02;19/06/2026 17:00;17/06/2026 00:58;19/06/2026 18:30
556112;CE;A0621;00019200000012903922;MultiModal;17/06/2026 00:02;19/06/2026 17:00;17/06/2026 00:02;19/06/2026 17:00
556112;CE;A4038;00019200000012903930;MultiModal;17/06/2026 00:02;19/06/2026 17:00;17/06/2026 00:02;19/06/2026 17:00
556112;CE;A3122;00019200000012903949;MultiModal;17/06/2026 00:02;19/06/2026 17:00;17/06/2026 00:02;19/06/2026 17:00
556112;CE;A9585;00019200000012903957;MultiModal;17/06/2026 00:02;19/06/2026 17:00;17/06/2026 00:58;19/06/2026 18:30
556112;CE;A3585;00019200000012903965;MultiModal;17/06/2026 00:02;19/06/2026 17:00;17/06/2026 00:02;19/06/2026 17:00
556112;CE;A5930;00019200000012903973;MultiModal;17/06/2026 00:02;19/06/2026 17:00;17/06/2026 00:02;19/06/2026 17:00
556112;CE;TA0529;00019200000012903981;MultiModal;17/06/2026 00:02;19/06/2026 17:00;17/06/2026 00:02;19/06/2026 17:00
556285;CE;A7560;00019200000013242040;MultiModal;15/06/2026 08:52;17/06/2026 17:00;15/06/2026 08:52;17/06/2026 17:00
556285;CE;A8481;00019200000013242059;MultiModal;15/06/2026 08:52;17/06/2026 17:00;15/06/2026 08:52;17/06/2026 17:00
556285;CE;A9122;00019200000013242067;MultiModal;15/06/2026 08:52;17/06/2026 17:00;15/06/2026 08:52;17/06/2026 17:00
556285;CE;A8036;00019200000013242075;MultiModal;15/06/2026 08:52;17/06/2026 17:00;15/06/2026 08:52;17/06/2026 17:00
556285;CE;A5480;00019200000013242091;MultiModal;15/06/2026 08:52;17/06/2026 17:00;15/06/2026 08:52;17/06/2026 17:00
556285;CE;A6590;00019200000013242105;MultiModal;15/06/2026 08:52;17/06/2026 17:00;15/06/2026 08:52;17/06/2026 17:00
556285;CE;A7792;00019200000013242113;MultiModal;15/06/2026 08:52;17/06/2026 17:00;15/06/2026 08:52;17/06/2026 17:00
556362;CE;TA0698;00019100000013158899;MultiModal;10/06/2026 02:42;11/06/2026 15:30;-;-
556362;CE;A9109;00019200000012715735;MultiModal;10/06/2026 02:42;11/06/2026 15:30;-;-
556362;CE;A8511;00019200000012725846;MultiModal;10/06/2026 02:42;11/06/2026 15:30;-;-
556362;CE;A7978;00019200000012726451;MultiModal;10/06/2026 02:42;11/06/2026 15:30;-;-
556362;CE;A8228;00019200000012726460;MultiModal;10/06/2026 02:42;11/06/2026 15:30;-;-
556362;CE;A8229;00019200000012726478;MultiModal;10/06/2026 02:42;11/06/2026 15:30;-;-
556362;CE;TA0729;00019200000012726486;MultiModal;10/06/2026 02:42;11/06/2026 15:30;-;-
556362;CE;A7340;00019200000012726494;MultiModal;10/06/2026 02:42;11/06/2026 15:30;-;-
556362;CE;TA0771;00019200000012726508;MultiModal;10/06/2026 02:42;11/06/2026 15:30;-;-
556362;CE;A5104;00019200000012901180;MultiModal;10/06/2026 02:42;11/06/2026 15:30;-;-
556362;CE;A7338;00019200000012901199;MultiModal;10/06/2026 02:42;11/06/2026 15:30;-;-
556362;CE;TA0525;00019200000012901202;MultiModal;10/06/2026 02:42;11/06/2026 15:30;-;-
556362;CE;A3268;00019200000012901210;MultiModal;10/06/2026 02:42;11/06/2026 15:30;-;-
556362;CE;A5767;00019200000012901229;MultiModal;10/06/2026 02:42;11/06/2026 15:30;-;-
556365;CE;A3860;00019200000012901458;MultiModal;10/06/2026 02:42;11/06/2026 15:30;-;-
556365;CE;A5942;00019200000012901474;MultiModal;10/06/2026 02:42;11/06/2026 15:30;-;-
556365;CE;A6396;00019200000012901490;MultiModal;10/06/2026 02:42;11/06/2026 15:30;-;-
556405;CE;A3631;00019200000012725722;MultiModal;10/06/2026 03:07;11/06/2026 16:00;-;-
556405;CE;A4688;00019200000012725730;MultiModal;10/06/2026 03:07;11/06/2026 16:00;-;-
556405;CE;TA0933;00019200000012725749;MultiModal;10/06/2026 03:07;11/06/2026 16:00;-;-
556405;CE;A4087;00019200000012725757;MultiModal;10/06/2026 03:07;11/06/2026 16:00;-;-
556405;CE;TA0356;00019200000012725765;MultiModal;10/06/2026 03:07;11/06/2026 16:00;-;-
556405;CE;TA0212;00019200000012725773;MultiModal;10/06/2026 03:07;11/06/2026 16:00;-;-
556405;CE;A1539;00019200000012725781;MultiModal;10/06/2026 03:07;11/06/2026 16:00;-;-
556405;CE;A1610;00019200000012725790;MultiModal;10/06/2026 03:07;11/06/2026 16:00;-;-
556405;CE;TA0431;00019200000012725803;MultiModal;10/06/2026 03:07;11/06/2026 16:00;-;-
556405;CE;A4964;00019200000012725811;MultiModal;10/06/2026 03:07;11/06/2026 16:00;-;-
556405;CE;A1913;00019200000012725820;MultiModal;10/06/2026 03:07;11/06/2026 16:00;-;-
556405;CE;A5161;00019200000012725838;MultiModal;10/06/2026 03:07;11/06/2026 16:00;-;-
556405;CE;A7435;00019200000012726303;MultiModal;10/06/2026 03:07;11/06/2026 16:00;-;-
556405;CE;A2776;00019200000012726311;MultiModal;10/06/2026 03:07;11/06/2026 16:00;-;-
556405;CE;A1105;00019200000012726320;MultiModal;10/06/2026 03:07;11/06/2026 16:00;-;-
556405;CE;A3740;00019200000012726664;MultiModal;10/06/2026 03:07;11/06/2026 16:00;-;-
556405;CE;TA0997;00019200000012726710;MultiModal;10/06/2026 03:07;11/06/2026 16:00;-;-
556494;CE;A3405;00019200000013241958;MultiModal;15/06/2026 01:52;17/06/2026 17:00;15/06/2026 01:52;17/06/2026 17:00
556494;CE;A0866;00019200000013241966;MultiModal;15/06/2026 01:52;17/06/2026 17:00;15/06/2026 01:52;17/06/2026 17:00
556494;CE;TA0779;00019200000013241974;MultiModal;15/06/2026 01:52;17/06/2026 17:00;15/06/2026 01:52;17/06/2026 17:00
556494;CE;TA0032;00019200000013241982;MultiModal;15/06/2026 01:52;17/06/2026 17:00;15/06/2026 01:52;17/06/2026 17:00
556494;CE;TA0934;00019200000013241990;MultiModal;15/06/2026 01:52;17/06/2026 17:00;15/06/2026 01:52;17/06/2026 17:00
556494;CE;A3466;00019200000013242008;MultiModal;15/06/2026 01:52;17/06/2026 17:00;15/06/2026 01:52;17/06/2026 17:00
556494;CE;A2973;00019200000013242016;MultiModal;15/06/2026 01:52;17/06/2026 17:00;15/06/2026 01:52;17/06/2026 17:00
556494;CE;A1814;00019200000013242024;MultiModal;15/06/2026 01:52;17/06/2026 17:00;15/06/2026 01:52;17/06/2026 17:00
556574;CE;TA0614;00019200000012657760;MultiModal;15/06/2026 06:58;19/06/2026 18:07;15/06/2026 06:58;19/06/2026 18:07
556574;CE;TA1086;00019200000012657778;MultiModal;15/06/2026 06:58;19/06/2026 18:07;15/06/2026 06:58;19/06/2026 18:07
556574;CE;A9523;00019200000012657786;MultiModal;15/06/2026 06:58;19/06/2026 18:07;15/06/2026 06:58;19/06/2026 18:07
556574;CE;A2999;00019200000012657794;MultiModal;15/06/2026 06:58;19/06/2026 18:07;15/06/2026 06:58;19/06/2026 18:07
556574;CE;A9340;00019200000012657875;MultiModal;15/06/2026 06:58;19/06/2026 18:07;15/06/2026 06:58;19/06/2026 18:07
556574;CE;A5370;00019200000012657883;MultiModal;15/06/2026 06:58;19/06/2026 18:07;15/06/2026 06:58;19/06/2026 18:07
556574;CE;A5488;00019200000012657913;MultiModal;15/06/2026 06:58;19/06/2026 18:07;15/06/2026 06:58;19/06/2026 18:07
556574;CE;A2587;00019200000012657921;MultiModal;15/06/2026 06:58;19/06/2026 18:07;15/06/2026 06:58;19/06/2026 18:07
556614;CE;A6586;00019200000012657689;MultiModal;15/06/2026 01:52;17/06/2026 17:00;15/06/2026 01:52;17/06/2026 17:00
556614;CE;A6184;00019200000012657697;MultiModal;15/06/2026 01:52;17/06/2026 17:00;15/06/2026 01:52;17/06/2026 17:00
556614;CE;A4296;00019200000012657700;MultiModal;15/06/2026 01:52;17/06/2026 17:00;15/06/2026 01:52;17/06/2026 17:00
556614;CE;A7395;00019200000012657719;MultiModal;15/06/2026 01:52;17/06/2026 17:00;15/06/2026 01:52;17/06/2026 17:00
556614;CE;A8986;00019200000012657751;MultiModal;15/06/2026 01:52;17/06/2026 17:00;15/06/2026 01:52;17/06/2026 17:00
556716;CE;TA0169;00019200000012908045;MultiModal;15/06/2026 01:53;16/06/2026 14:41;15/06/2026 01:53;16/06/2026 16:30
556716;CE;A7589;00019200000012908657;MultiModal;15/06/2026 01:53;16/06/2026 14:41;15/06/2026 04:33;16/06/2026 16:30
556716;CE;A5655;00019200000012908665;MultiModal;15/06/2026 01:53;16/06/2026 14:41;15/06/2026 04:33;16/06/2026 16:30
556716;CE;A7750;00019200000012908673;MultiModal;15/06/2026 01:53;16/06/2026 14:41;15/06/2026 04:33;16/06/2026 16:30
556716;CE;A9560;00019200000012908720;MultiModal;15/06/2026 01:53;16/06/2026 14:41;15/06/2026 04:33;16/06/2026 16:30
556716;CE;A3414;00019200000012908738;MultiModal;15/06/2026 01:53;16/06/2026 14:41;15/06/2026 04:33;16/06/2026 16:30
556716;CE;A9612;00019200000012908746;MultiModal;15/06/2026 01:53;16/06/2026 14:41;15/06/2026 01:53;16/06/2026 16:30
556716;CE;A4676;00019200000012908754;MultiModal;15/06/2026 01:53;16/06/2026 14:41;15/06/2026 01:53;16/06/2026 16:30
556716;CE;A3272;00019200000012908762;MultiModal;15/06/2026 01:53;16/06/2026 14:41;15/06/2026 01:53;16/06/2026 16:30
556716;CE;A5741;00019200000012908770;MultiModal;15/06/2026 01:53;16/06/2026 14:41;15/06/2026 04:33;16/06/2026 16:30
556716;CE;TA0527;00019200000012908789;MultiModal;15/06/2026 01:53;16/06/2026 14:41;15/06/2026 04:33;16/06/2026 16:30
556716;CE;A7430;00019200000012908797;MultiModal;15/06/2026 01:53;16/06/2026 14:41;15/06/2026 01:53;16/06/2026 16:30
556716;CE;A7156;00019200000012908800;MultiModal;15/06/2026 01:53;16/06/2026 14:41;15/06/2026 01:53;16/06/2026 16:30
556716;CE;A5678;00019200000012908819;MultiModal;15/06/2026 01:53;16/06/2026 14:41;15/06/2026 01:53;16/06/2026 16:30
556716;CE;A9076;00019200000012908827;MultiModal;15/06/2026 01:53;16/06/2026 14:41;15/06/2026 01:53;16/06/2026 16:30
556716;CE;A5681;00019200000012908835;MultiModal;15/06/2026 01:53;16/06/2026 14:41;15/06/2026 01:53;16/06/2026 16:30
556716;CE;A6619;00019200000012908843;MultiModal;15/06/2026 01:53;16/06/2026 14:41;15/06/2026 01:53;16/06/2026 16:30
556716;CE;A3657;00019200000012908851;MultiModal;15/06/2026 01:53;16/06/2026 14:41;15/06/2026 01:53;16/06/2026 16:30
556716;CE;A5054;00019200000012908860;MultiModal;15/06/2026 01:53;16/06/2026 14:41;15/06/2026 01:53;16/06/2026 16:30
556716;CE;A1808;00019200000012908878;MultiModal;15/06/2026 01:53;16/06/2026 14:41;15/06/2026 01:53;16/06/2026 16:30
556716;CE;A8432;00019200000012908886;MultiModal;15/06/2026 01:53;16/06/2026 14:41;15/06/2026 01:53;16/06/2026 16:30
556716;CE;A1495;00019200000012908894;MultiModal;15/06/2026 01:53;16/06/2026 14:41;15/06/2026 01:53;16/06/2026 16:30
556716;CE;TA1227;00019200000012908908;MultiModal;15/06/2026 01:53;16/06/2026 14:41;15/06/2026 04:33;16/06/2026 16:30
556716;CE;A3261;00019200000012908916;MultiModal;15/06/2026 01:53;16/06/2026 14:41;15/06/2026 04:33;16/06/2026 16:30
556716;CE;A2416;00019200000012908924;MultiModal;15/06/2026 01:53;16/06/2026 14:41;15/06/2026 04:33;16/06/2026 16:30
556716;CE;A2006;00019200000012908932;MultiModal;15/06/2026 01:53;16/06/2026 14:41;15/06/2026 04:33;16/06/2026 16:30
556716;CE;A7581;00019200000012908940;MultiModal;15/06/2026 01:53;16/06/2026 14:41;15/06/2026 04:33;16/06/2026 16:30
556716;CE;A3479;00019200000012909416;MultiModal;15/06/2026 01:53;16/06/2026 14:41;15/06/2026 01:53;16/06/2026 16:30
556716;CE;A9439;00019200000012909424;MultiModal;15/06/2026 01:53;16/06/2026 14:41;15/06/2026 04:33;16/06/2026 16:30
556716;CE;TA0386;00019200000012909432;MultiModal;15/06/2026 01:53;16/06/2026 14:41;15/06/2026 04:33;16/06/2026 16:30
556716;CE;A9436;00019200000012909440;MultiModal;15/06/2026 01:53;16/06/2026 14:41;15/06/2026 04:33;16/06/2026 16:30
556716;CE;A4856;00019200000012909459;MultiModal;15/06/2026 01:53;16/06/2026 14:41;15/06/2026 04:33;16/06/2026 16:30
556767;CE;A2442;00019200000012654442;MultiModal;16/06/2026 05:31;19/06/2026 17:00;16/06/2026 05:31;20/06/2026 12:00
556767;CE;A5655;00019200000012654450;MultiModal;16/06/2026 05:31;19/06/2026 17:00;23/06/2026 00:25;25/06/2026 16:00
556767;CE;TA0986;00019200000012654477;MultiModal;16/06/2026 05:31;19/06/2026 17:00;22/06/2026 05:50;24/06/2026 16:30
556767;CE;A0791;00019200000012654485;MultiModal;16/06/2026 05:31;19/06/2026 17:00;22/06/2026 05:50;24/06/2026 16:30
556767;CE;A7417;00019200000012654493;MultiModal;16/06/2026 05:31;19/06/2026 17:00;22/06/2026 05:50;24/06/2026 16:30
556767;CE;A7712;00019200000012654515;MultiModal;16/06/2026 05:31;19/06/2026 17:00;22/06/2026 05:50;24/06/2026 16:30
556767;CE;A7143;00019200000012654523;MultiModal;16/06/2026 05:31;19/06/2026 17:00;23/06/2026 00:25;25/06/2026 16:00
556767;CE;A5311;00019200000012654531;MultiModal;16/06/2026 05:31;19/06/2026 17:00;23/06/2026 00:25;25/06/2026 16:00
556767;CE;A8916;00019200000012654779;MultiModal;16/06/2026 05:31;19/06/2026 17:00;23/06/2026 00:25;25/06/2026 16:00
556767;CE;A5083;00019200000012654787;MultiModal;16/06/2026 05:31;19/06/2026 17:00;23/06/2026 00:25;25/06/2026 16:00
556767;CE;A5328;00019200000012654795;MultiModal;16/06/2026 05:31;19/06/2026 17:00;23/06/2026 00:25;25/06/2026 16:00
556767;CE;A8105;00019200000012654809;MultiModal;16/06/2026 05:31;19/06/2026 17:00;23/06/2026 00:25;25/06/2026 16:00
556767;CE;A9632;00019200000012654817;MultiModal;16/06/2026 05:31;19/06/2026 17:00;23/06/2026 00:25;25/06/2026 16:00
556767;CE;A2597;00019200000012654825;MultiModal;16/06/2026 05:31;19/06/2026 17:00;22/06/2026 05:50;24/06/2026 16:30
556767;CE;A6267;00019200000012654841;MultiModal;16/06/2026 05:31;19/06/2026 17:00;22/06/2026 05:50;24/06/2026 16:30
556767;CE;A3167;00019200000012654850;MultiModal;16/06/2026 05:31;19/06/2026 17:00;23/06/2026 00:25;25/06/2026 16:00
556767;CE;A9629;00019200000012654868;MultiModal;16/06/2026 05:31;19/06/2026 17:00;23/06/2026 00:25;25/06/2026 16:00
556767;CE;A7714;00019200000012654876;MultiModal;16/06/2026 05:31;19/06/2026 17:00;23/06/2026 00:25;25/06/2026 16:00
556767;CE;A8347;00019200000012654884;MultiModal;16/06/2026 05:31;19/06/2026 17:00;23/06/2026 00:25;25/06/2026 16:00
556767;CE;A8036;00019200000012654892;MultiModal;16/06/2026 05:31;19/06/2026 17:00;23/06/2026 00:25;25/06/2026 16:00
556767;CE;A5414;00019200000012654906;MultiModal;16/06/2026 05:31;19/06/2026 17:00;23/06/2026 00:25;25/06/2026 16:00
556767;CE;A4178;00019200000012654914;MultiModal;16/06/2026 05:31;19/06/2026 17:00;23/06/2026 00:25;25/06/2026 16:00
556767;CE;A2361;00019200000012654922;MultiModal;16/06/2026 05:31;19/06/2026 17:00;23/06/2026 00:25;25/06/2026 16:00
556767;CE;A3622;00019200000012654930;MultiModal;16/06/2026 05:31;19/06/2026 17:00;22/06/2026 05:50;24/06/2026 16:30
556767;CE;A6585;00019200000012654990;MultiModal;16/06/2026 05:31;19/06/2026 17:00;16/06/2026 05:31;20/06/2026 12:00
556767;CE;A3478;00019200000012655007;MultiModal;16/06/2026 05:31;19/06/2026 17:00;16/06/2026 05:31;20/06/2026 12:00
556767;CE;TA1012;00019200000012655015;MultiModal;16/06/2026 05:31;19/06/2026 17:00;22/06/2026 05:50;24/06/2026 16:30
556767;CE;TA1129;00019200000012655023;MultiModal;16/06/2026 05:31;19/06/2026 17:00;22/06/2026 05:50;24/06/2026 16:30
556767;CE;A9466;00019200000012655031;MultiModal;16/06/2026 05:31;19/06/2026 17:00;22/06/2026 05:50;24/06/2026 16:30
556767;CE;A7372;00019200000012655040;MultiModal;16/06/2026 05:31;19/06/2026 17:00;16/06/2026 23:56;19/06/2026 16:30
556767;CE;A1046;00019200000012655058;MultiModal;16/06/2026 05:31;19/06/2026 17:00;16/06/2026 23:56;19/06/2026 16:30
556767;CE;A9362;00019200000012655066;MultiModal;16/06/2026 05:31;19/06/2026 17:00;16/06/2026 05:31;20/06/2026 12:00
556767;CE;A8301;00019200000012655074;MultiModal;16/06/2026 05:31;19/06/2026 17:00;16/06/2026 05:31;20/06/2026 12:00
556767;CE;A8734;00019200000012655082;MultiModal;16/06/2026 05:31;19/06/2026 17:00;16/06/2026 23:56;19/06/2026 16:30
556767;CE;TA1235;00019200000012655090;MultiModal;16/06/2026 05:31;19/06/2026 17:00;16/06/2026 23:56;19/06/2026 16:30
556767;CE;A4846;00019200000012655104;MultiModal;16/06/2026 05:31;19/06/2026 17:00;16/06/2026 05:31;20/06/2026 12:00
556767;CE;TA1206;00019200000012655112;MultiModal;16/06/2026 05:31;19/06/2026 17:00;16/06/2026 05:31;20/06/2026 12:00
556767;CE;A5868;00019200000012655120;MultiModal;16/06/2026 05:31;19/06/2026 17:00;16/06/2026 23:56;19/06/2026 16:30
556767;CE;A6721;00019200000012655139;MultiModal;16/06/2026 05:31;19/06/2026 17:00;16/06/2026 05:31;20/06/2026 12:00
556767;CE;A7297;00019200000012655147;MultiModal;16/06/2026 05:31;19/06/2026 17:00;16/06/2026 23:56;19/06/2026 16:30
556767;CE;A7501;00019200000012655155;MultiModal;16/06/2026 05:31;19/06/2026 17:00;16/06/2026 23:56;19/06/2026 16:30
556767;CE;A3139;00019200000012655163;MultiModal;16/06/2026 05:31;19/06/2026 17:00;16/06/2026 23:56;19/06/2026 16:30
556767;CE;A6873;00019200000012655171;MultiModal;16/06/2026 05:31;19/06/2026 17:00;16/06/2026 23:56;19/06/2026 16:30
556767;CE;A7972;00019200000012655180;MultiModal;16/06/2026 05:31;19/06/2026 17:00;16/06/2026 05:31;20/06/2026 12:00
556767;CE;A7328;00019200000012655198;MultiModal;16/06/2026 05:31;19/06/2026 17:00;16/06/2026 05:31;20/06/2026 12:00
556767;CE;A6865;00019200000012655201;MultiModal;16/06/2026 05:31;19/06/2026 17:00;16/06/2026 05:31;20/06/2026 12:00
556767;CE;A9527;00019200000012655210;MultiModal;16/06/2026 05:31;19/06/2026 17:00;16/06/2026 05:31;20/06/2026 12:00
556767;CE;A4821;00019200000012655228;MultiModal;16/06/2026 05:31;19/06/2026 17:00;16/06/2026 05:31;20/06/2026 12:00
556767;CE;A3705;00019200000012655236;MultiModal;16/06/2026 05:31;19/06/2026 17:00;16/06/2026 23:56;19/06/2026 16:30
556767;CE;A9646;00019200000012655244;MultiModal;16/06/2026 05:31;19/06/2026 17:00;16/06/2026 23:56;19/06/2026 16:30
556767;CE;A9160;00019200000012655252;MultiModal;16/06/2026 05:31;19/06/2026 17:00;16/06/2026 05:31;20/06/2026 12:00
556767;CE;A6832;00019200000012655260;MultiModal;16/06/2026 05:31;19/06/2026 17:00;16/06/2026 05:31;20/06/2026 12:00
556767;CE;A8640;00019200000012655600;MultiModal;16/06/2026 05:31;19/06/2026 17:00;23/06/2026 00:25;25/06/2026 16:00
556767;CE;TA0447;00019200000012655619;MultiModal;16/06/2026 05:31;19/06/2026 17:00;16/06/2026 05:31;20/06/2026 12:00
556767;CE;A0514;00019200000012655627;MultiModal;16/06/2026 05:31;19/06/2026 17:00;22/06/2026 05:50;24/06/2026 16:30
556767;CE;TA0463;00019200000012655635;MultiModal;16/06/2026 05:31;19/06/2026 17:00;22/06/2026 05:50;24/06/2026 16:30
556767;CE;A8223;00019200000012655643;MultiModal;16/06/2026 05:31;19/06/2026 17:00;22/06/2026 05:50;24/06/2026 16:30
556767;CE;A0027;00019200000012655651;MultiModal;16/06/2026 05:31;19/06/2026 17:00;22/06/2026 05:50;24/06/2026 16:30
556767;CE;A8957;00019200000012655660;MultiModal;16/06/2026 05:31;19/06/2026 17:00;16/06/2026 23:56;19/06/2026 16:30
556767;CE;A8810;00019200000012655678;MultiModal;16/06/2026 05:31;19/06/2026 17:00;22/06/2026 05:50;24/06/2026 16:30
556767;CE;TA1177;00019200000012655686;MultiModal;16/06/2026 05:31;19/06/2026 17:00;16/06/2026 23:56;19/06/2026 16:30
556767;CE;A6464;00019200000012655694;MultiModal;16/06/2026 05:31;19/06/2026 17:00;16/06/2026 23:56;19/06/2026 16:30
556767;CE;A6333;00019200000012655716;MultiModal;16/06/2026 05:31;19/06/2026 17:00;22/06/2026 05:50;24/06/2026 16:30
556767;CE;A5845;00019200000012655724;MultiModal;16/06/2026 05:31;19/06/2026 17:00;22/06/2026 05:50;24/06/2026 16:30
556767;CE;A3327;00019200000012655732;MultiModal;16/06/2026 05:31;19/06/2026 17:00;16/06/2026 23:56;19/06/2026 16:30
556767;CE;A4222;00019200000012655740;MultiModal;16/06/2026 05:31;19/06/2026 17:00;16/06/2026 23:56;19/06/2026 16:30
556767;CE;A3161;00019200000012655759;MultiModal;16/06/2026 05:31;19/06/2026 17:00;16/06/2026 05:31;20/06/2026 12:00
556767;CE;A7070;00019200000012655767;MultiModal;16/06/2026 05:31;19/06/2026 17:00;16/06/2026 23:56;19/06/2026 16:30
556767;CE;A7637;00019200000012655775;MultiModal;16/06/2026 05:31;19/06/2026 17:00;16/06/2026 05:31;20/06/2026 12:00
556767;CE;A0559;00019200000012655783;MultiModal;16/06/2026 05:31;19/06/2026 17:00;16/06/2026 05:31;20/06/2026 12:00
556767;CE;A7227;00019200000012655791;MultiModal;16/06/2026 05:31;19/06/2026 17:00;16/06/2026 23:56;19/06/2026 16:30
556767;CE;A8587;00019200000012655805;MultiModal;16/06/2026 05:31;19/06/2026 17:00;16/06/2026 23:56;19/06/2026 16:30
556833;CE;TA1084;00019200000012659150;MultiModal;13/06/2026 12:48;15/06/2026 16:14;13/06/2026 12:48;15/06/2026 16:14
556833;CE;A4035;00019200000012659169;MultiModal;13/06/2026 12:48;15/06/2026 16:14;13/06/2026 12:48;15/06/2026 16:14
556922;CE;A2029;00019200000012702536;MultiModal;11/06/2026 03:51;12/06/2026 10:45;-;-
556922;CE;A2361;00019200000012702560;MultiModal;11/06/2026 03:51;12/06/2026 10:45;-;-
556922;CE;A4360;00019200000012702579;MultiModal;11/06/2026 03:51;12/06/2026 10:45;-;-
556922;CE;A5841;00019200000012702587;MultiModal;11/06/2026 03:51;12/06/2026 10:45;-;-
556922;CE;A9501;00019200000012702595;MultiModal;11/06/2026 03:51;12/06/2026 10:45;-;-
556922;CE;A3287;00019200000012702609;MultiModal;11/06/2026 03:51;12/06/2026 10:45;-;-
557018;CE;A8948;00019200000013249614;MultiModal;01/07/2026 04:16;03/07/2026 18:00;02/07/2026 03:18;03/07/2026 18:00
557018;CE;A7156;00019200000013249622;MultiModal;01/07/2026 04:16;03/07/2026 18:00;02/07/2026 03:18;03/07/2026 18:00
557018;CE;TA0411;00019200000013249630;MultiModal;01/07/2026 04:16;03/07/2026 18:00;02/07/2026 03:18;03/07/2026 18:00
557018;CE;A8723;00019200000013249649;MultiModal;01/07/2026 04:16;03/07/2026 18:00;02/07/2026 03:18;03/07/2026 18:00
557018;CE;A1292;00019200000013249657;MultiModal;01/07/2026 04:16;03/07/2026 18:00;02/07/2026 03:18;03/07/2026 18:00
557018;CE;A4471;00019200000013249665;MultiModal;01/07/2026 04:16;03/07/2026 18:00;01/07/2026 04:16;03/07/2026 18:00
557018;CE;A3614;00019200000013250140;MultiModal;01/07/2026 04:16;03/07/2026 18:00;02/07/2026 03:18;03/07/2026 18:00
557018;CE;A2203;00019200000013250159;MultiModal;01/07/2026 04:16;03/07/2026 18:00;02/07/2026 03:18;03/07/2026 18:00
557018;CE;A3625;00019200000013250167;MultiModal;01/07/2026 04:16;03/07/2026 18:00;02/07/2026 03:18;03/07/2026 18:00
557018;CE;A5741;00019200000013250175;MultiModal;01/07/2026 04:16;03/07/2026 18:00;02/07/2026 03:18;03/07/2026 18:00
557018;CE;A8776;00019200000013250183;MultiModal;01/07/2026 04:16;03/07/2026 18:00;02/07/2026 03:18;03/07/2026 18:00
557018;CE;A8598;00019200000013250191;MultiModal;01/07/2026 04:16;03/07/2026 18:00;02/07/2026 03:18;03/07/2026 18:00
557018;CE;A1969;00019200000013250205;MultiModal;01/07/2026 04:16;03/07/2026 18:00;01/07/2026 04:16;03/07/2026 18:00
557018;CE;A3414;00019200000013250213;MultiModal;01/07/2026 04:16;03/07/2026 18:00;02/07/2026 03:18;03/07/2026 18:00
557018;CE;A8941;00019200000013250221;MultiModal;01/07/2026 04:16;03/07/2026 18:00;02/07/2026 03:18;03/07/2026 18:00
557018;CE;A7026;00019200000013250230;MultiModal;01/07/2026 04:16;03/07/2026 18:00;02/07/2026 03:18;03/07/2026 18:00
557018;CE;A7219;00019200000013250248;MultiModal;01/07/2026 04:16;03/07/2026 18:00;01/07/2026 04:16;03/07/2026 18:00
557018;CE;A5768;00019200000013250256;MultiModal;01/07/2026 04:16;03/07/2026 18:00;01/07/2026 04:16;03/07/2026 18:00
557018;CE;A6467;00019200000013250264;MultiModal;01/07/2026 04:16;03/07/2026 18:00;02/07/2026 03:18;03/07/2026 18:00
557018;CE;A0444;00019200000013250272;MultiModal;01/07/2026 04:16;03/07/2026 18:00;01/07/2026 04:16;03/07/2026 18:00
557018;CE;A5271;00019200000013250280;MultiModal;01/07/2026 04:16;03/07/2026 18:00;01/07/2026 04:16;03/07/2026 18:00
557018;CE;A6775;00019200000013250299;MultiModal;01/07/2026 04:16;03/07/2026 18:00;01/07/2026 04:16;03/07/2026 18:00
557018;CE;A4949;00019200000013250302;MultiModal;01/07/2026 04:16;03/07/2026 18:00;02/07/2026 03:18;03/07/2026 18:00
557018;CE;A7826;00019200000013250310;MultiModal;01/07/2026 04:16;03/07/2026 18:00;02/07/2026 03:18;03/07/2026 18:00
557018;CE;A7089;00019200000013250329;MultiModal;01/07/2026 04:16;03/07/2026 18:00;02/07/2026 03:18;03/07/2026 18:00
557018;CE;A9439;00019200000013250337;MultiModal;01/07/2026 04:16;03/07/2026 18:00;02/07/2026 03:18;03/07/2026 18:00
557018;CE;A6225;00019200000013250345;MultiModal;01/07/2026 04:16;03/07/2026 18:00;02/07/2026 03:18;03/07/2026 18:00
557018;CE;A2556;00019200000013250353;MultiModal;01/07/2026 04:16;03/07/2026 18:00;02/07/2026 03:18;03/07/2026 18:00
557018;CE;A7426;00019200000013250361;MultiModal;01/07/2026 04:16;03/07/2026 18:00;02/07/2026 03:18;03/07/2026 18:00
557018;CE;A2505;00019200000013250370;MultiModal;01/07/2026 04:16;03/07/2026 18:00;02/07/2026 03:18;03/07/2026 18:00
557018;CE;A6920;00019200000013250388;MultiModal;01/07/2026 04:16;03/07/2026 18:00;02/07/2026 03:18;03/07/2026 18:00
557018;CE;A7405;00019200000013250396;MultiModal;01/07/2026 04:16;03/07/2026 18:00;01/07/2026 04:16;03/07/2026 18:00
557018;CE;A6302;00019200000013250400;MultiModal;01/07/2026 04:16;03/07/2026 18:00;01/07/2026 04:16;03/07/2026 18:00
557018;CE;A6962;00019200000013250418;MultiModal;01/07/2026 04:16;03/07/2026 18:00;01/07/2026 04:16;03/07/2026 18:00
557018;CE;A7651;00019200000013250426;MultiModal;01/07/2026 04:16;03/07/2026 18:00;01/07/2026 04:16;03/07/2026 18:00
557018;CE;A3740;00019200000013250434;MultiModal;01/07/2026 04:16;03/07/2026 18:00;02/07/2026 03:18;03/07/2026 18:00
557018;CE;A6205;00019200000013250442;MultiModal;01/07/2026 04:16;03/07/2026 18:00;02/07/2026 03:18;03/07/2026 18:00
557018;CE;A8988;00019200000013250450;MultiModal;01/07/2026 04:16;03/07/2026 18:00;02/07/2026 03:18;03/07/2026 18:00
557018;CE;A9518;00019200000013250469;MultiModal;01/07/2026 04:16;03/07/2026 18:00;02/07/2026 03:18;03/07/2026 18:00
557018;CE;A8045;00019200000013250477;MultiModal;01/07/2026 04:16;03/07/2026 18:00;02/07/2026 03:18;03/07/2026 18:00
557018;CE;A7526;00019200000013250485;MultiModal;01/07/2026 04:16;03/07/2026 18:00;02/07/2026 03:18;03/07/2026 18:00
557018;CE;A1984;00019200000013250493;MultiModal;01/07/2026 04:16;03/07/2026 18:00;02/07/2026 03:18;03/07/2026 18:00
557018;CE;A2518;00019200000013250507;MultiModal;01/07/2026 04:16;03/07/2026 18:00;02/07/2026 03:18;03/07/2026 18:00
557018;CE;A8149;00019200000013250515;MultiModal;01/07/2026 04:16;03/07/2026 18:00;02/07/2026 03:18;03/07/2026 18:00
557018;CE;TA0527;00019200000013250523;MultiModal;01/07/2026 04:16;03/07/2026 18:00;02/07/2026 03:18;03/07/2026 18:00
557018;CE;A3152;00019200000013250531;MultiModal;01/07/2026 04:16;03/07/2026 18:00;02/07/2026 03:18;03/07/2026 18:00
557018;CE;A7259;00019200000013250540;MultiModal;01/07/2026 04:16;03/07/2026 18:00;01/07/2026 04:16;03/07/2026 18:00
557018;CE;A8569;00019200000013250558;MultiModal;01/07/2026 04:16;03/07/2026 18:00;01/07/2026 04:16;03/07/2026 18:00
557018;CE;A6499;00019200000013250566;MultiModal;01/07/2026 04:16;03/07/2026 18:00;01/07/2026 04:16;03/07/2026 18:00
557018;CE;A7928;00019200000013250574;MultiModal;01/07/2026 04:16;03/07/2026 18:00;01/07/2026 04:16;03/07/2026 18:00
557018;CE;A6677;00019200000013250582;MultiModal;01/07/2026 04:16;03/07/2026 18:00;01/07/2026 04:16;03/07/2026 18:00
557018;CE;A7019;00019200000013250590;MultiModal;01/07/2026 04:16;03/07/2026 18:00;01/07/2026 04:16;03/07/2026 18:00
557018;CE;A5635;00019200000013250604;MultiModal;01/07/2026 04:16;03/07/2026 18:00;01/07/2026 04:16;03/07/2026 18:00
557018;CE;A8506;00019200000013250612;MultiModal;01/07/2026 04:16;03/07/2026 18:00;01/07/2026 04:16;03/07/2026 18:00
557018;CE;A6665;00019200000013250620;MultiModal;01/07/2026 04:16;03/07/2026 18:00;02/07/2026 03:18;03/07/2026 18:00
557018;CE;A9534;00019200000013250639;MultiModal;01/07/2026 04:16;03/07/2026 18:00;02/07/2026 03:18;03/07/2026 18:00
557018;CE;A8879;00019200000013250647;MultiModal;01/07/2026 04:16;03/07/2026 18:00;02/07/2026 03:18;03/07/2026 18:00
557018;CE;A3468;00019200000013250655;MultiModal;01/07/2026 04:16;03/07/2026 18:00;02/07/2026 03:18;03/07/2026 18:00
557018;CE;A4652;00019200000013250663;MultiModal;01/07/2026 04:16;03/07/2026 18:00;02/07/2026 03:18;03/07/2026 18:00
557018;CE;A5735;00019200000013250671;MultiModal;01/07/2026 04:16;03/07/2026 18:00;02/07/2026 03:18;03/07/2026 18:00
557018;CE;A2487;00019200000013250680;MultiModal;01/07/2026 04:16;03/07/2026 18:00;02/07/2026 03:18;03/07/2026 18:00
557018;CE;A6433;00019200000013250698;MultiModal;01/07/2026 04:16;03/07/2026 18:00;01/07/2026 04:16;03/07/2026 18:00
557089;CE;TA1071;00019200000013210947;MultiModal;23/06/2026 03:37;24/06/2026 16:58;23/06/2026 03:37;24/06/2026 16:58
557089;CE;A3033;00019200000013210955;MultiModal;23/06/2026 03:37;24/06/2026 16:58;23/06/2026 03:37;24/06/2026 16:58
557089;CE;A5001;00019200000013210971;MultiModal;23/06/2026 03:37;24/06/2026 16:58;23/06/2026 03:37;24/06/2026 16:58
557089;CE;A7792;00019200000013211021;MultiModal;23/06/2026 03:37;24/06/2026 16:58;23/06/2026 03:37;24/06/2026 16:58
557258;CE;A4062;00019200000012926418;MultiModal;22/06/2026 05:47;23/06/2026 16:30;22/06/2026 05:47;23/06/2026 16:30
557258;CE;TA0604;00019200000012926426;MultiModal;22/06/2026 05:47;23/06/2026 16:30;22/06/2026 05:47;23/06/2026 16:30
557258;CE;A1390;00019200000012926434;MultiModal;22/06/2026 05:47;23/06/2026 16:30;22/06/2026 05:47;23/06/2026 16:30
557258;CE;A3438;00019200000012926442;MultiModal;22/06/2026 05:47;23/06/2026 16:30;22/06/2026 05:47;23/06/2026 16:30
557258;CE;A7382;00019200000013244183;MultiModal;22/06/2026 05:47;23/06/2026 16:30;22/06/2026 05:47;23/06/2026 16:30
557258;CE;TA0610;00019200000013244191;MultiModal;22/06/2026 05:47;23/06/2026 16:30;22/06/2026 05:47;23/06/2026 16:30
557258;CE;A7993;00019200000013244205;MultiModal;22/06/2026 05:47;23/06/2026 16:30;22/06/2026 05:47;23/06/2026 16:30
557258;CE;A4619;00019200000013244213;MultiModal;22/06/2026 05:47;23/06/2026 16:30;22/06/2026 05:47;23/06/2026 16:30
557258;CE;A6039;00019200000013244221;MultiModal;22/06/2026 05:47;23/06/2026 16:30;22/06/2026 05:47;23/06/2026 16:30
557258;CE;A3502;00019200000013244230;MultiModal;22/06/2026 05:47;23/06/2026 16:30;22/06/2026 05:47;23/06/2026 16:30
557258;CE;A9218;00019200000013244248;MultiModal;22/06/2026 05:47;23/06/2026 16:30;22/06/2026 05:47;23/06/2026 16:30
557258;CE;A5187;00019200000013244256;MultiModal;22/06/2026 05:47;23/06/2026 16:30;22/06/2026 05:47;23/06/2026 16:30
557258;CE;A0288;00019200000013244310;MultiModal;22/06/2026 05:47;23/06/2026 16:30;22/06/2026 05:47;23/06/2026 16:30
557258;CE;A0805;00019200000013244329;MultiModal;22/06/2026 05:47;23/06/2026 16:30;22/06/2026 05:47;23/06/2026 16:30
557258;CE;A2560;00019200000013244337;MultiModal;22/06/2026 05:47;23/06/2026 16:30;22/06/2026 05:47;23/06/2026 16:30
557755;CE;A7598;00019200000012926078;MultiModal;22/06/2026 00:46;23/06/2026 17:00;22/06/2026 00:46;23/06/2026 17:00
557755;CE;TA0401;00019200000012926213;MultiModal;22/06/2026 00:46;23/06/2026 17:00;22/06/2026 00:46;23/06/2026 17:00
557755;CE;A4998;00019200000012926221;MultiModal;22/06/2026 00:46;23/06/2026 17:00;22/06/2026 00:46;23/06/2026 17:00
557755;CE;A5924;00019200000012926345;MultiModal;22/06/2026 00:46;23/06/2026 17:00;22/06/2026 00:46;23/06/2026 17:00
557755;CE;A3112;00019200000012926353;MultiModal;22/06/2026 00:46;23/06/2026 17:00;22/06/2026 00:46;23/06/2026 17:00
557755;CE;A0408;00019200000012926361;MultiModal;22/06/2026 00:46;23/06/2026 17:00;22/06/2026 00:46;23/06/2026 17:00
557755;CE;A9187;00019200000012926370;MultiModal;22/06/2026 00:46;23/06/2026 17:00;22/06/2026 00:46;23/06/2026 17:00
557755;CE;A8678;00019200000013243764;MultiModal;22/06/2026 00:46;23/06/2026 17:00;22/06/2026 00:46;23/06/2026 17:00
557755;CE;A7110;00019200000013243772;MultiModal;22/06/2026 00:46;23/06/2026 17:00;22/06/2026 00:46;23/06/2026 17:00
557755;CE;A3222;00019200000013243896;MultiModal;22/06/2026 00:46;23/06/2026 17:00;22/06/2026 00:46;23/06/2026 17:00
557755;CE;A4907;00019200000013243934;MultiModal;22/06/2026 00:46;23/06/2026 17:00;22/06/2026 00:46;23/06/2026 17:00
557755;CE;A6763;00019200000013243942;MultiModal;22/06/2026 00:46;23/06/2026 17:00;22/06/2026 00:46;23/06/2026 17:00
557755;CE;A5698;00019200000013243969;MultiModal;22/06/2026 00:46;23/06/2026 17:00;22/06/2026 00:46;23/06/2026 17:00
557755;CE;A1360;00019200000013243977;MultiModal;22/06/2026 00:46;23/06/2026 17:00;22/06/2026 00:46;23/06/2026 17:00
557755;CE;A2256;00019200000013243985;MultiModal;22/06/2026 00:46;23/06/2026 17:00;22/06/2026 00:46;23/06/2026 17:00
557755;CE;A0287;00019200000013243993;MultiModal;22/06/2026 00:46;23/06/2026 17:00;22/06/2026 00:46;23/06/2026 17:00
557755;CE;A7619;00019200000013244000;MultiModal;22/06/2026 00:46;23/06/2026 17:00;22/06/2026 00:46;23/06/2026 17:00
557755;CE;A9191;00019200000013244019;MultiModal;22/06/2026 00:46;23/06/2026 17:00;22/06/2026 00:46;23/06/2026 17:00
557755;CE;TA1101;00019200000013244060;MultiModal;22/06/2026 00:46;23/06/2026 17:00;22/06/2026 00:46;23/06/2026 17:00
557890;CE;A6337;00019200000013314300;MultiModal;29/06/2026 01:01;30/06/2026 10:40;29/06/2026 01:01;30/06/2026 10:40
557890;CE;A9689;00019200000013314319;MultiModal;29/06/2026 01:01;30/06/2026 10:40;29/06/2026 01:01;30/06/2026 10:40
557890;CE;A7281;00019200000013314327;MultiModal;29/06/2026 01:01;30/06/2026 10:40;29/06/2026 01:01;30/06/2026 10:40
557890;CE;A5484;00019200000013314335;MultiModal;29/06/2026 01:01;30/06/2026 10:40;29/06/2026 01:01;30/06/2026 10:40
557890;CE;A4723;00019200000013314343;MultiModal;29/06/2026 01:01;30/06/2026 10:40;29/06/2026 01:01;30/06/2026 10:40
557890;CE;A8355;00019200000013328492;MultiModal;29/06/2026 01:01;30/06/2026 10:40;29/06/2026 01:01;30/06/2026 10:40
557891;CE;A2006;00019200000013334174;MultiModal;23/06/2026 04:00;25/06/2026 11:47;23/06/2026 04:00;25/06/2026 11:47
557891;CE;A4856;00019200000013334190;MultiModal;23/06/2026 04:00;25/06/2026 11:47;23/06/2026 04:00;25/06/2026 11:47
557891;CE;A7648;00019200000013334280;MultiModal;23/06/2026 04:00;25/06/2026 11:47;23/06/2026 04:00;25/06/2026 11:47
557891;CE;A7056;00019200000013334298;MultiModal;23/06/2026 04:00;25/06/2026 11:47;23/06/2026 04:00;25/06/2026 11:47
557891;CE;A1081;00019200000013334301;MultiModal;23/06/2026 04:00;25/06/2026 11:47;23/06/2026 04:00;25/06/2026 11:47
557891;CE;A2795;00019200000013334310;MultiModal;23/06/2026 04:00;25/06/2026 11:47;23/06/2026 04:00;25/06/2026 11:47
557891;CE;A4387;00019200000013334328;MultiModal;23/06/2026 04:00;25/06/2026 11:47;23/06/2026 04:00;25/06/2026 11:47
557891;CE;A4538;00019200000013334336;MultiModal;23/06/2026 04:00;25/06/2026 11:47;23/06/2026 04:00;25/06/2026 11:47
557891;CE;A9408;00019200000013334344;MultiModal;23/06/2026 04:00;25/06/2026 11:47;23/06/2026 04:00;25/06/2026 11:47
557891;CE;A9122;00019200000013334352;MultiModal;23/06/2026 04:00;25/06/2026 11:47;23/06/2026 04:00;25/06/2026 11:47
557891;CE;A6802;00019200000013334360;MultiModal;23/06/2026 04:00;25/06/2026 11:47;23/06/2026 04:00;25/06/2026 11:47
557891;CE;A6705;00019200000013334379;MultiModal;23/06/2026 04:00;25/06/2026 11:47;23/06/2026 04:00;25/06/2026 11:47
557891;CE;A2759;00019200000013334417;MultiModal;23/06/2026 04:00;25/06/2026 11:47;23/06/2026 04:00;25/06/2026 11:47
557891;CE;A9641;00019200000013334433;MultiModal;23/06/2026 04:00;25/06/2026 11:47;23/06/2026 04:00;25/06/2026 11:47
557891;CE;A6720;00019200000013334441;MultiModal;23/06/2026 04:00;25/06/2026 11:47;23/06/2026 04:00;25/06/2026 11:47
557891;CE;A6652;00019200000013334468;MultiModal;23/06/2026 04:00;25/06/2026 11:47;23/06/2026 04:00;25/06/2026 11:47
557891;CE;A8366;00019200000013334484;MultiModal;23/06/2026 04:00;25/06/2026 11:47;23/06/2026 04:00;25/06/2026 11:47
557891;CE;A2712;00019200000013334492;MultiModal;23/06/2026 04:00;25/06/2026 11:47;23/06/2026 04:00;25/06/2026 11:47
557891;CE;A2468;00019200000013334506;MultiModal;23/06/2026 04:00;25/06/2026 11:47;23/06/2026 04:00;25/06/2026 11:47
557891;CE;TA0086;00019200000013334522;MultiModal;23/06/2026 04:00;25/06/2026 11:47;23/06/2026 04:00;25/06/2026 11:47
557891;CE;A8519;00019200000013334530;MultiModal;23/06/2026 04:00;25/06/2026 11:47;23/06/2026 04:00;25/06/2026 11:47
557891;CE;A7898;00019200000013334557;MultiModal;23/06/2026 04:00;25/06/2026 11:47;23/06/2026 04:00;25/06/2026 11:47
557891;CE;TA0469;00019200000013334565;MultiModal;23/06/2026 04:00;25/06/2026 11:47;23/06/2026 04:00;25/06/2026 11:47
557891;CE;A8147;00019200000013334573;MultiModal;23/06/2026 04:00;25/06/2026 11:47;23/06/2026 04:00;25/06/2026 11:47
557891;CE;A4735;00019200000013334581;MultiModal;23/06/2026 04:00;25/06/2026 11:47;23/06/2026 04:00;25/06/2026 11:47
557891;CE;A0856;00019200000013334590;MultiModal;23/06/2026 04:00;25/06/2026 11:47;23/06/2026 04:00;25/06/2026 11:47
557891;CE;TA0611;00019200000013334603;MultiModal;23/06/2026 04:00;25/06/2026 11:47;23/06/2026 04:00;25/06/2026 11:47
557891;CE;TA0572;00019200000013334611;MultiModal;23/06/2026 04:00;25/06/2026 11:47;23/06/2026 04:00;25/06/2026 11:47
557891;CE;A5358;00019200000013334620;MultiModal;23/06/2026 04:00;25/06/2026 11:47;23/06/2026 04:00;25/06/2026 11:47
557893;CE;A1541;00019200000013315110;MultiModal;29/06/2026 01:00;30/06/2026 10:40;29/06/2026 01:00;30/06/2026 10:40
557893;CE;A3184;00019200000013315188;MultiModal;29/06/2026 01:00;30/06/2026 10:40;29/06/2026 01:00;30/06/2026 10:40
557893;CE;A1275;00019200000013315196;MultiModal;29/06/2026 01:00;30/06/2026 10:40;29/06/2026 03:49;30/06/2026 10:40
557893;CE;A9090;00019200000013332635;MultiModal;29/06/2026 01:00;30/06/2026 10:40;29/06/2026 01:00;30/06/2026 10:40
557893;CE;TA0979;00019200000013332643;MultiModal;29/06/2026 01:00;30/06/2026 10:40;29/06/2026 01:00;30/06/2026 10:40
557893;CE;A8185;00019200000013332651;MultiModal;29/06/2026 01:00;30/06/2026 10:40;29/06/2026 01:00;30/06/2026 10:40
557893;CE;A6335;00019200000013332660;MultiModal;29/06/2026 01:00;30/06/2026 10:40;29/06/2026 01:00;30/06/2026 10:40
557893;CE;A8782;00019200000013332708;MultiModal;29/06/2026 01:00;30/06/2026 10:40;29/06/2026 03:49;30/06/2026 10:40
557893;CE;A2733;00019200000013332716;MultiModal;29/06/2026 01:00;30/06/2026 10:40;29/06/2026 03:49;30/06/2026 10:40
557893;CE;A7008;00019200000013332724;MultiModal;29/06/2026 01:00;30/06/2026 10:40;29/06/2026 01:00;30/06/2026 10:40
557893;CE;A4748;00019200000013332732;MultiModal;29/06/2026 01:00;30/06/2026 10:40;29/06/2026 01:00;30/06/2026 10:40
557893;CE;A4914;00019200000013332740;MultiModal;29/06/2026 01:00;30/06/2026 10:40;29/06/2026 01:00;30/06/2026 10:40
557893;CE;A4510;00019200000013332872;MultiModal;29/06/2026 01:00;30/06/2026 10:40;29/06/2026 03:49;30/06/2026 10:40
557893;CE;A9181;00019200000013332880;MultiModal;29/06/2026 01:00;30/06/2026 10:40;29/06/2026 03:49;30/06/2026 10:40
557893;CE;A7862;00019200000013332899;MultiModal;29/06/2026 01:00;30/06/2026 10:40;29/06/2026 03:49;30/06/2026 10:40
557893;CE;A6153;00019200000013332902;MultiModal;29/06/2026 01:00;30/06/2026 10:40;29/06/2026 03:49;30/06/2026 10:40
557893;CE;A9267;00019200000013332910;MultiModal;29/06/2026 01:00;30/06/2026 10:40;29/06/2026 03:49;30/06/2026 10:40
557893;CE;A3532;00019200000013332929;MultiModal;29/06/2026 01:00;30/06/2026 10:40;29/06/2026 03:49;30/06/2026 10:40
557893;CE;A9080;00019200000013332937;MultiModal;29/06/2026 01:00;30/06/2026 10:40;29/06/2026 03:49;30/06/2026 10:40
557893;CE;A3028;00019200000013332945;MultiModal;29/06/2026 01:00;30/06/2026 10:40;29/06/2026 03:49;30/06/2026 10:40
557893;CE;A6405;00019200000013332953;MultiModal;29/06/2026 01:00;30/06/2026 10:40;29/06/2026 03:49;30/06/2026 10:40
557893;CE;A1768;00019200000013332961;MultiModal;29/06/2026 01:00;30/06/2026 10:40;29/06/2026 03:49;30/06/2026 10:40
557893;CE;A4987;00019200000013332970;MultiModal;29/06/2026 01:00;30/06/2026 10:40;29/06/2026 03:49;30/06/2026 10:40
557893;CE;A7379;00019200000013332988;MultiModal;29/06/2026 01:00;30/06/2026 10:40;29/06/2026 01:00;30/06/2026 10:40
557893;CE;A9604;00019200000013332996;MultiModal;29/06/2026 01:00;30/06/2026 10:40;29/06/2026 01:00;30/06/2026 10:40
557893;CE;TA0385;00019200000013333003;MultiModal;29/06/2026 01:00;30/06/2026 10:40;29/06/2026 01:00;30/06/2026 10:40
557893;CE;A2166;00019200000013333011;MultiModal;29/06/2026 01:00;30/06/2026 10:40;29/06/2026 01:00;30/06/2026 10:40
557893;CE;TA0232;00019200000013333020;MultiModal;29/06/2026 01:00;30/06/2026 10:40;29/06/2026 01:00;30/06/2026 10:40
557893;CE;A7760;00019200000013333038;MultiModal;29/06/2026 01:00;30/06/2026 10:40;29/06/2026 01:00;30/06/2026 10:40
557896;CE;TA0404;00019200000013238418;MultiModal;23/06/2026 06:35;24/06/2026 11:20;23/06/2026 06:38;27/06/2026 15:57
557896;CE;TA0982;00019200000013238426;MultiModal;23/06/2026 06:35;24/06/2026 11:20;23/06/2026 06:38;27/06/2026 15:57
557896;CE;A8818;00019200000013238434;MultiModal;23/06/2026 06:35;24/06/2026 11:20;23/06/2026 06:38;27/06/2026 15:57
557896;CE;A9261;00019200000013238442;MultiModal;23/06/2026 06:35;24/06/2026 11:20;23/06/2026 06:35;24/06/2026 11:20
557896;CE;A8421;00019200000013238450;MultiModal;23/06/2026 06:35;24/06/2026 11:20;23/06/2026 06:35;24/06/2026 11:20
557896;CE;A0143;00019200000013238469;MultiModal;23/06/2026 06:35;24/06/2026 11:20;23/06/2026 06:35;24/06/2026 11:20
557896;CE;A3261;00019200000013238477;MultiModal;23/06/2026 06:35;24/06/2026 11:20;23/06/2026 06:35;24/06/2026 11:20
557896;CE;A5712;00019200000013238485;MultiModal;23/06/2026 06:35;24/06/2026 11:20;23/06/2026 06:35;24/06/2026 11:20
557896;CE;A8686;00019200000013238493;MultiModal;23/06/2026 06:35;24/06/2026 11:20;23/06/2026 06:38;27/06/2026 15:57
557896;CE;TA1131;00019200000013238507;MultiModal;23/06/2026 06:35;24/06/2026 11:20;23/06/2026 06:35;24/06/2026 11:20
557896;CE;A2416;00019200000013238515;MultiModal;23/06/2026 06:35;24/06/2026 11:20;23/06/2026 06:38;27/06/2026 15:57
557896;CE;A9435;00019200000013238523;MultiModal;23/06/2026 06:35;24/06/2026 11:20;23/06/2026 06:38;27/06/2026 15:57
557896;CE;A9501;00019200000013239058;MultiModal;23/06/2026 06:35;24/06/2026 11:20;23/06/2026 06:38;27/06/2026 15:57
557896;CE;A9705;00019200000013239066;MultiModal;23/06/2026 06:35;24/06/2026 11:20;23/06/2026 06:38;27/06/2026 15:57
557896;CE;TA0809;00019200000013239074;MultiModal;23/06/2026 06:35;24/06/2026 11:20;23/06/2026 06:35;24/06/2026 11:20
557896;CE;A2834;00019200000013239082;MultiModal;23/06/2026 06:35;24/06/2026 11:20;23/06/2026 06:38;27/06/2026 15:57
557896;CE;TA0934;00019200000013239090;MultiModal;23/06/2026 06:35;24/06/2026 11:20;23/06/2026 06:38;27/06/2026 15:57
557896;CE;A4444;00019200000013239104;MultiModal;23/06/2026 06:35;24/06/2026 11:20;23/06/2026 06:38;27/06/2026 15:57
557896;CE;A9076;00019200000013334140;MultiModal;23/06/2026 06:35;24/06/2026 11:20;23/06/2026 06:38;27/06/2026 15:57
557896;CE;A7943;00019200000013334182;MultiModal;23/06/2026 06:35;24/06/2026 11:20;23/06/2026 06:35;24/06/2026 11:20
557896;CE;A8287;00019200000013334212;MultiModal;23/06/2026 06:35;24/06/2026 11:20;23/06/2026 06:35;24/06/2026 11:20
557896;CE;A2192;00019200000013334239;MultiModal;23/06/2026 06:35;24/06/2026 11:20;23/06/2026 06:35;24/06/2026 11:20
557896;CE;A3627;00019200000013334263;MultiModal;23/06/2026 06:35;24/06/2026 11:20;23/06/2026 06:35;24/06/2026 11:20
557896;CE;A5678;00019200000013334395;MultiModal;23/06/2026 06:35;24/06/2026 11:20;23/06/2026 06:35;24/06/2026 11:20
557896;CE;A9190;00019200000013334425;MultiModal;23/06/2026 06:35;24/06/2026 11:20;23/06/2026 06:38;27/06/2026 15:57
557896;CE;A3130;00019200000013334514;MultiModal;23/06/2026 06:35;24/06/2026 11:20;23/06/2026 06:35;24/06/2026 11:20
557896;CE;A7234;00019200000013334549;MultiModal;23/06/2026 06:35;24/06/2026 11:20;23/06/2026 06:35;24/06/2026 11:20
557896;CE;A1261;00019200000013335081;MultiModal;23/06/2026 06:35;24/06/2026 11:20;23/06/2026 06:38;27/06/2026 15:57
557896;CE;A9436;00019200000013335200;MultiModal;23/06/2026 06:35;24/06/2026 11:20;23/06/2026 06:35;24/06/2026 11:20
557896;CE;A3501;00019200000013335502;MultiModal;23/06/2026 06:35;24/06/2026 11:20;23/06/2026 06:38;27/06/2026 15:57
557897;CE;A9423;00019200000013205056;MultiModal;20/06/2026 22:19;22/06/2026 11:49;20/06/2026 22:19;22/06/2026 11:49
557897;CE;TA0876;00019200000013205064;MultiModal;20/06/2026 22:19;22/06/2026 11:49;20/06/2026 22:19;22/06/2026 11:49
557897;CE;TA1133;00019200000013205072;MultiModal;20/06/2026 22:19;22/06/2026 11:49;20/06/2026 22:21;22/06/2026 11:49
557897;CE;A7029;00019200000013205080;MultiModal;20/06/2026 22:19;22/06/2026 11:49;20/06/2026 22:21;22/06/2026 11:49
557897;CE;A3751;00019200000013205099;MultiModal;20/06/2026 22:19;22/06/2026 11:49;20/06/2026 22:21;22/06/2026 11:49
557897;CE;A8238;00019200000013205102;MultiModal;20/06/2026 22:19;22/06/2026 11:49;20/06/2026 22:21;22/06/2026 11:49
557897;CE;A6650;00019200000013205110;MultiModal;20/06/2026 22:19;22/06/2026 11:49;20/06/2026 22:19;22/06/2026 11:49
557897;CE;A6468;00019200000013205129;MultiModal;20/06/2026 22:19;22/06/2026 11:49;20/06/2026 22:19;22/06/2026 11:49
557897;CE;A8192;00019200000013205137;MultiModal;20/06/2026 22:19;22/06/2026 11:49;20/06/2026 22:21;22/06/2026 11:49
557897;CE;A7964;00019200000013205145;MultiModal;20/06/2026 22:19;22/06/2026 11:49;20/06/2026 22:19;22/06/2026 11:49
557897;CE;A9710;00019200000013205153;MultiModal;20/06/2026 22:19;22/06/2026 11:49;20/06/2026 22:21;22/06/2026 11:49
557897;CE;A0580;00019200000013205161;MultiModal;20/06/2026 22:19;22/06/2026 11:49;20/06/2026 22:19;22/06/2026 11:49
557897;CE;A6925;00019200000013205188;MultiModal;20/06/2026 22:19;22/06/2026 11:49;20/06/2026 22:21;22/06/2026 11:49
557897;CE;A4658;00019200000013205196;MultiModal;20/06/2026 22:19;22/06/2026 11:49;20/06/2026 22:19;22/06/2026 11:49
557897;CE;A9114;00019200000013205200;MultiModal;20/06/2026 22:19;22/06/2026 11:49;20/06/2026 22:21;22/06/2026 11:49
557897;CE;A8869;00019200000013207350;MultiModal;20/06/2026 22:19;22/06/2026 11:49;20/06/2026 22:21;22/06/2026 11:49
557897;CE;A7375;00019200000013207369;MultiModal;20/06/2026 22:19;22/06/2026 11:49;20/06/2026 22:19;22/06/2026 11:49
557897;CE;A6334;00019200000013207385;MultiModal;20/06/2026 22:19;22/06/2026 11:49;20/06/2026 22:19;22/06/2026 11:49
557897;CE;A8591;00019200000013207393;MultiModal;20/06/2026 22:19;22/06/2026 11:49;20/06/2026 22:19;22/06/2026 11:49
557897;CE;A7195;00019200000013207407;MultiModal;20/06/2026 22:19;22/06/2026 11:49;20/06/2026 22:19;22/06/2026 11:49
557897;CE;A3864;00019200000013207415;MultiModal;20/06/2026 22:19;22/06/2026 11:49;20/06/2026 22:21;22/06/2026 11:49
557897;CE;A8244;00019200000013207423;MultiModal;20/06/2026 22:19;22/06/2026 11:49;20/06/2026 22:19;22/06/2026 11:49
557897;CE;A5300;00019200000013210904;MultiModal;20/06/2026 22:19;22/06/2026 11:49;20/06/2026 22:21;22/06/2026 11:49
557897;CE;A7985;00019200000013240412;MultiModal;20/06/2026 22:19;22/06/2026 11:49;20/06/2026 22:21;22/06/2026 11:49
557897;CE;A7433;00019200000013240439;MultiModal;20/06/2026 22:19;22/06/2026 11:49;20/06/2026 22:21;22/06/2026 11:49
557897;CE;A9621;00019200000013240447;MultiModal;20/06/2026 22:19;22/06/2026 11:49;20/06/2026 22:21;22/06/2026 11:49
557897;CE;A5215;00019200000013240455;MultiModal;20/06/2026 22:19;22/06/2026 11:49;20/06/2026 22:19;22/06/2026 11:49
557897;CE;A5336;00019200000013240463;MultiModal;20/06/2026 22:19;22/06/2026 11:49;20/06/2026 22:19;22/06/2026 11:49
557897;CE;A2224;00019200000013240471;MultiModal;20/06/2026 22:19;22/06/2026 11:49;20/06/2026 22:21;22/06/2026 11:49
557897;CE;A9573;00019200000013240480;MultiModal;20/06/2026 22:19;22/06/2026 11:49;20/06/2026 22:19;22/06/2026 11:49
557898;CE;TA0540;00019200000013317814;MultiModal;24/06/2026 00:22;25/06/2026 11:47;24/06/2026 08:20;26/06/2026 09:39
557898;CE;TA0550;00019200000013317822;MultiModal;24/06/2026 00:22;25/06/2026 11:47;24/06/2026 08:20;26/06/2026 09:39
557898;CE;A7581;00019200000013317830;MultiModal;24/06/2026 00:22;25/06/2026 11:47;24/06/2026 08:20;26/06/2026 09:39
557898;CE;A1559;00019200000013317954;MultiModal;24/06/2026 00:22;25/06/2026 11:47;24/06/2026 08:20;26/06/2026 09:39
557898;CE;A0052;00019200000013317970;MultiModal;24/06/2026 00:22;25/06/2026 11:47;-;-
557898;CE;A8898;00019200000013317989;MultiModal;24/06/2026 00:22;25/06/2026 11:47;24/06/2026 00:22;25/06/2026 11:47
557898;CE;A5066;00019200000013317997;MultiModal;24/06/2026 00:22;25/06/2026 11:47;24/06/2026 00:22;25/06/2026 11:47
557898;CE;A8160;00019200000013318004;MultiModal;24/06/2026 00:22;25/06/2026 11:47;24/06/2026 08:20;26/06/2026 09:39
557898;CE;TA0361;00019200000013318012;MultiModal;24/06/2026 00:22;25/06/2026 11:47;24/06/2026 00:22;25/06/2026 11:47
557898;CE;A6254;00019200000013318020;MultiModal;24/06/2026 00:22;25/06/2026 11:47;24/06/2026 08:20;26/06/2026 09:39
557898;CE;A5434;00019200000013318039;MultiModal;24/06/2026 00:22;25/06/2026 11:47;24/06/2026 00:22;25/06/2026 11:47
557898;CE;A6481;00019200000013318047;MultiModal;24/06/2026 00:22;25/06/2026 11:47;24/06/2026 00:22;25/06/2026 11:47
557898;CE;A7837;00019200000013318055;MultiModal;24/06/2026 00:22;25/06/2026 11:47;24/06/2026 00:22;25/06/2026 11:47
557898;CE;A0075;00019200000013318063;MultiModal;24/06/2026 00:22;25/06/2026 11:47;24/06/2026 00:22;25/06/2026 11:47
557898;CE;A4033;00019200000013318071;MultiModal;24/06/2026 00:22;25/06/2026 11:47;24/06/2026 08:20;26/06/2026 09:39
557898;CE;A6402;00019200000013318080;MultiModal;24/06/2026 00:22;25/06/2026 11:47;24/06/2026 08:20;26/06/2026 09:39
557898;CE;A6691;00019200000013318098;MultiModal;24/06/2026 00:22;25/06/2026 11:47;24/06/2026 08:20;26/06/2026 09:39
557898;CE;TA0458;00019200000013318101;MultiModal;24/06/2026 00:22;25/06/2026 11:47;24/06/2026 08:20;26/06/2026 09:39
557898;CE;A3239;00019200000013318110;MultiModal;24/06/2026 00:22;25/06/2026 11:47;24/06/2026 00:22;25/06/2026 11:47
557898;CE;TA0502;00019200000013318136;MultiModal;24/06/2026 00:22;25/06/2026 11:47;24/06/2026 00:22;25/06/2026 11:47
557898;CE;A9660;00019200000013318144;MultiModal;24/06/2026 00:22;25/06/2026 11:47;24/06/2026 00:22;25/06/2026 11:47
557898;CE;A1100;00019200000013318160;MultiModal;24/06/2026 00:22;25/06/2026 11:47;24/06/2026 00:22;25/06/2026 11:47
557898;CE;A1285;00019200000013327259;MultiModal;24/06/2026 00:22;25/06/2026 11:47;24/06/2026 00:22;25/06/2026 11:47
558059;CE;A7978;00019200000012907324;MultiModal;18/06/2026 04:18;19/06/2026 11:30;18/06/2026 04:18;19/06/2026 11:30
558059;CE;TA0866;00019200000012907332;MultiModal;18/06/2026 04:18;19/06/2026 11:30;18/06/2026 04:18;19/06/2026 11:30
558169;CE;;00019200000013211129;MultiModal;18/06/2026 00:34;19/06/2026 11:00;-;-
558610;CE;A0388;00019200000013336517;MultiModal;23/06/2026 03:07;24/06/2026 15:14;23/06/2026 03:07;24/06/2026 15:14
558645;CE;A8150;00019200000013245120;MultiModal;01/07/2026 04:37;02/07/2026 10:40;01/07/2026 04:37;02/07/2026 10:40
558645;CE;A0222;00019200000013245139;MultiModal;01/07/2026 04:37;02/07/2026 10:40;01/07/2026 04:37;02/07/2026 10:40
558645;CE;A5751;00019200000013245147;MultiModal;01/07/2026 04:37;02/07/2026 10:40;01/07/2026 04:37;02/07/2026 10:40
558645;CE;A4511;00019200000013245155;MultiModal;01/07/2026 04:37;02/07/2026 10:40;01/07/2026 04:37;02/07/2026 10:40
558645;CE;A2120;00019200000013245163;MultiModal;01/07/2026 04:37;02/07/2026 10:40;01/07/2026 04:37;02/07/2026 10:40
558645;CE;A6611;00019200000013245171;MultiModal;01/07/2026 04:37;02/07/2026 10:40;01/07/2026 04:37;02/07/2026 10:40
558645;CE;A7690;00019200000013245180;MultiModal;01/07/2026 04:37;02/07/2026 10:40;01/07/2026 04:37;02/07/2026 10:40
558645;CE;A3177;00019200000013245198;MultiModal;01/07/2026 04:37;02/07/2026 10:40;01/07/2026 04:37;02/07/2026 10:40
558645;CE;A7799;00019200000013245201;MultiModal;01/07/2026 04:37;02/07/2026 10:40;01/07/2026 04:37;02/07/2026 10:40
558645;CE;A5334;00019200000013245210;MultiModal;01/07/2026 04:37;02/07/2026 10:40;01/07/2026 04:37;02/07/2026 10:40
558857;CE;A2324;00019200000012330035;MultiModal;06/07/2026 04:09;07/07/2026 09:40;06/07/2026 04:09;07/07/2026 09:40
558857;CE;A6832;00019200000012330043;MultiModal;06/07/2026 04:09;07/07/2026 09:40;06/07/2026 04:09;07/07/2026 09:40
558857;CE;A2170;00019200000012330051;MultiModal;06/07/2026 04:09;07/07/2026 09:40;06/07/2026 04:09;07/07/2026 09:40
558857;CE;A4919;00019200000012330060;MultiModal;06/07/2026 04:09;07/07/2026 09:40;06/07/2026 04:09;07/07/2026 09:40
558857;CE;A7511;00019200000012330078;MultiModal;06/07/2026 04:09;07/07/2026 09:40;06/07/2026 04:09;07/07/2026 09:40
558857;CE;A8036;00019200000012330086;MultiModal;06/07/2026 04:09;07/07/2026 09:40;06/07/2026 04:09;07/07/2026 09:40
558857;CE;TA1169;00019200000012330094;MultiModal;06/07/2026 04:09;07/07/2026 09:40;06/07/2026 04:09;07/07/2026 09:40
558857;CE;A7110;00019200000012330108;MultiModal;06/07/2026 04:09;07/07/2026 09:40;06/07/2026 04:09;07/07/2026 09:40
558857;CE;TA1101;00019200000012330116;MultiModal;06/07/2026 04:09;07/07/2026 09:40;07/07/2026 05:51;08/07/2026 17:00
558857;CE;TA0572;00019200000012330124;MultiModal;06/07/2026 04:09;07/07/2026 09:40;07/07/2026 05:51;08/07/2026 17:00
558857;CE;A2597;00019200000012330132;MultiModal;06/07/2026 04:09;07/07/2026 09:40;07/07/2026 02:48;08/07/2026 13:00
558857;CE;A5868;00019200000012330140;MultiModal;06/07/2026 04:09;07/07/2026 09:40;07/07/2026 05:51;08/07/2026 17:00
558857;CE;A0547;00019200000012330159;MultiModal;06/07/2026 04:09;07/07/2026 09:40;07/07/2026 05:51;08/07/2026 17:00
558857;CE;A8220;00019200000012330167;MultiModal;06/07/2026 04:09;07/07/2026 09:40;06/07/2026 04:09;07/07/2026 09:40
558857;CE;A2633;00019200000012330175;MultiModal;06/07/2026 04:09;07/07/2026 09:40;06/07/2026 04:09;07/07/2026 09:40
558857;CE;A4354;00019200000013425536;MultiModal;06/07/2026 04:09;07/07/2026 09:40;07/07/2026 02:48;08/07/2026 13:00
558857;CE;A3771;00019200000013425544;MultiModal;06/07/2026 04:09;07/07/2026 09:40;07/07/2026 05:51;08/07/2026 17:00
558857;CE;A9303;00019200000013425552;MultiModal;06/07/2026 04:09;07/07/2026 09:40;07/07/2026 05:51;08/07/2026 17:00
558857;CE;TA0949;00019200000013425560;MultiModal;06/07/2026 04:09;07/07/2026 09:40;07/07/2026 05:51;08/07/2026 17:00
558857;CE;A7146;00019200000013425579;MultiModal;06/07/2026 04:09;07/07/2026 09:40;07/07/2026 05:51;08/07/2026 17:00
558857;CE;A6812;00019200000013425587;MultiModal;06/07/2026 04:09;07/07/2026 09:40;06/07/2026 04:09;07/07/2026 09:40
558857;CE;A9144;00019200000013425595;MultiModal;06/07/2026 04:09;07/07/2026 09:40;07/07/2026 02:48;08/07/2026 13:00
558857;CE;A8697;00019200000013425617;MultiModal;06/07/2026 04:09;07/07/2026 09:40;06/07/2026 04:09;07/07/2026 09:40
558857;CE;A7878;00019200000013425633;MultiModal;06/07/2026 04:09;07/07/2026 09:40;07/07/2026 02:48;08/07/2026 13:00
558857;CE;A5860;00019200000013425765;MultiModal;06/07/2026 04:09;07/07/2026 09:40;07/07/2026 02:48;08/07/2026 13:00
558857;CE;A5785;00019200000013425773;MultiModal;06/07/2026 04:09;07/07/2026 09:40;07/07/2026 02:48;08/07/2026 13:00
558857;CE;A8757;00019200000013425781;MultiModal;06/07/2026 04:09;07/07/2026 09:40;06/07/2026 04:09;07/07/2026 09:40
558857;CE;TA0242;00019200000013425935;MultiModal;06/07/2026 04:09;07/07/2026 09:40;07/07/2026 02:48;08/07/2026 13:00
558857;CE;A9612;00019200000013425943;MultiModal;06/07/2026 04:09;07/07/2026 09:40;07/07/2026 02:48;08/07/2026 13:00
558857;CE;A1808;00019200000013425951;MultiModal;06/07/2026 04:09;07/07/2026 09:40;07/07/2026 02:48;08/07/2026 13:00
558857;CE;A4836;00019200000013425960;MultiModal;06/07/2026 04:09;07/07/2026 09:40;07/07/2026 02:48;08/07/2026 13:00
558857;CE;A0288;00019200000013425978;MultiModal;06/07/2026 04:09;07/07/2026 09:40;07/07/2026 02:48;08/07/2026 13:00
558857;CE;A9632;00019200000013425986;MultiModal;06/07/2026 04:09;07/07/2026 09:40;07/07/2026 02:48;08/07/2026 13:00
558857;CE;A6574;00019200000013425994;MultiModal;06/07/2026 04:09;07/07/2026 09:40;07/07/2026 02:48;08/07/2026 13:00
558857;CE;A4233;00019200000013426087;MultiModal;06/07/2026 04:09;07/07/2026 09:40;06/07/2026 04:09;07/07/2026 09:40
558857;CE;A7070;00019200000013426095;MultiModal;06/07/2026 04:09;07/07/2026 09:40;07/07/2026 02:48;08/07/2026 13:00
558857;CE;A6364;00019200000013426109;MultiModal;06/07/2026 04:09;07/07/2026 09:40;07/07/2026 02:48;08/07/2026 13:00
558857;CE;A1495;00019200000013426117;MultiModal;06/07/2026 04:09;07/07/2026 09:40;07/07/2026 02:48;08/07/2026 13:00
558857;CE;A1968;00019200000013426125;MultiModal;06/07/2026 04:09;07/07/2026 09:40;07/07/2026 02:48;08/07/2026 13:00
558857;CE;A7671;00019200000013426133;MultiModal;06/07/2026 04:09;07/07/2026 09:40;07/07/2026 02:48;08/07/2026 13:00
558857;CE;A3247;00019200000013426141;MultiModal;06/07/2026 04:09;07/07/2026 09:40;07/07/2026 02:48;08/07/2026 13:00
558857;CE;A6849;00019200000013426150;MultiModal;06/07/2026 04:09;07/07/2026 09:40;07/07/2026 02:48;08/07/2026 13:00
558857;CE;A6831;00019200000013426168;MultiModal;06/07/2026 04:09;07/07/2026 09:40;07/07/2026 05:51;08/07/2026 17:00
558857;CE;A3562;00019200000013426184;MultiModal;06/07/2026 04:09;07/07/2026 09:40;07/07/2026 05:51;08/07/2026 17:00
558857;CE;TA0620;00019200000013426192;MultiModal;06/07/2026 04:09;07/07/2026 09:40;07/07/2026 05:51;08/07/2026 17:00
558857;CE;A1815;00019200000013426206;MultiModal;06/07/2026 04:09;07/07/2026 09:40;07/07/2026 05:51;08/07/2026 17:00
558857;CE;A8862;00019200000013426214;MultiModal;06/07/2026 04:09;07/07/2026 09:40;07/07/2026 02:48;08/07/2026 13:00
558857;CE;TA0943;00019200000013426222;MultiModal;06/07/2026 04:09;07/07/2026 09:40;07/07/2026 05:51;08/07/2026 17:00
558857;CE;A7637;00019200000013426230;MultiModal;06/07/2026 04:09;07/07/2026 09:40;07/07/2026 05:51;08/07/2026 17:00
558857;CE;A8289;00019200000013426249;MultiModal;06/07/2026 04:09;07/07/2026 09:40;07/07/2026 05:51;08/07/2026 17:00
558857;CE;A7606;00019200000013426257;MultiModal;06/07/2026 04:09;07/07/2026 09:40;07/07/2026 05:51;08/07/2026 17:00
558857;CE;A3139;00019200000013426265;MultiModal;06/07/2026 04:09;07/07/2026 09:40;07/07/2026 05:51;08/07/2026 17:00
558857;CE;A5033;00019200000013426273;MultiModal;06/07/2026 04:09;07/07/2026 09:40;07/07/2026 05:51;08/07/2026 17:00
558857;CE;TA0986;00019200000013426281;MultiModal;06/07/2026 04:09;07/07/2026 09:40;07/07/2026 05:51;08/07/2026 17:00
558857;CE;A6821;00019200000013426290;MultiModal;06/07/2026 04:09;07/07/2026 09:40;07/07/2026 05:51;08/07/2026 17:00
558857;CE;A9272;00019200000013426303;MultiModal;06/07/2026 04:09;07/07/2026 09:40;07/07/2026 05:51;08/07/2026 17:00
558857;CE;TA0713;00019200000013426311;MultiModal;06/07/2026 04:09;07/07/2026 09:40;07/07/2026 05:51;08/07/2026 17:00
558857;CE;A3821;00019200000013426320;MultiModal;06/07/2026 04:09;07/07/2026 09:40;06/07/2026 04:09;07/07/2026 09:40
558857;CE;A6021;00019200000013426338;MultiModal;06/07/2026 04:09;07/07/2026 09:40;06/07/2026 04:09;07/07/2026 09:40
558857;CE;A4618;00019200000013426346;MultiModal;06/07/2026 04:09;07/07/2026 09:40;06/07/2026 04:09;07/07/2026 09:40
558857;CE;A2706;00019200000013426354;MultiModal;06/07/2026 04:09;07/07/2026 09:40;06/07/2026 04:09;07/07/2026 09:40
558857;CE;A4871;00019200000013426362;MultiModal;06/07/2026 04:09;07/07/2026 09:40;06/07/2026 04:09;07/07/2026 09:40
558857;CE;A9466;00019200000013426370;MultiModal;06/07/2026 04:09;07/07/2026 09:40;06/07/2026 04:09;07/07/2026 09:40
558857;CE;A1070;00019200000013426389;MultiModal;06/07/2026 04:09;07/07/2026 09:40;06/07/2026 04:09;07/07/2026 09:40
558857;CE;A2282;00019200000013426397;MultiModal;06/07/2026 04:09;07/07/2026 09:40;06/07/2026 04:09;07/07/2026 09:40
558857;CE;A2006;00019200000013426400;MultiModal;06/07/2026 04:09;07/07/2026 09:40;06/07/2026 04:09;07/07/2026 09:40
558857;CE;A1197;00019200000013426419;MultiModal;06/07/2026 04:09;07/07/2026 09:40;06/07/2026 04:09;07/07/2026 09:40
558857;CE;TA0982;00019200000013426427;MultiModal;06/07/2026 04:09;07/07/2026 09:40;06/07/2026 04:09;07/07/2026 09:40
558857;CE;A7680;00019200000013426435;MultiModal;06/07/2026 04:09;07/07/2026 09:40;06/07/2026 04:09;07/07/2026 09:40
558857;CE;A8980;00019200000013426443;MultiModal;06/07/2026 04:09;07/07/2026 09:40;06/07/2026 04:09;07/07/2026 09:40
558857;CE;A0805;00019200000013426451;MultiModal;06/07/2026 04:09;07/07/2026 09:40;06/07/2026 04:09;07/07/2026 09:40
558857;CE;A6409;00019200000013426460;MultiModal;06/07/2026 04:09;07/07/2026 09:40;06/07/2026 04:09;07/07/2026 09:40
558857;CE;A4665;00019200000013427369;MultiModal;06/07/2026 04:09;07/07/2026 09:40;06/07/2026 04:09;07/07/2026 09:40
558857;CE;A7898;00019200000013427377;MultiModal;06/07/2026 04:09;07/07/2026 09:40;06/07/2026 04:09;07/07/2026 09:40
558857;CE;A8686;00019200000013427385;MultiModal;06/07/2026 04:09;07/07/2026 09:40;06/07/2026 04:09;07/07/2026 09:40
558857;CE;A8126;00019200000013427393;MultiModal;06/07/2026 04:09;07/07/2026 09:40;06/07/2026 04:09;07/07/2026 09:40
558857;CE;A4937;00019200000013427407;MultiModal;06/07/2026 04:09;07/07/2026 09:40;06/07/2026 04:09;07/07/2026 09:40
558857;CE;A4998;00019200000013427415;MultiModal;06/07/2026 04:09;07/07/2026 09:40;06/07/2026 04:09;07/07/2026 09:40
558857;CE;A7164;00019200000013427423;MultiModal;06/07/2026 04:09;07/07/2026 09:40;06/07/2026 04:09;07/07/2026 09:40
558857;CE;A6367;00019200000013427431;MultiModal;06/07/2026 04:09;07/07/2026 09:40;06/07/2026 04:09;07/07/2026 09:40
558857;CE;A0760;00019200000013427440;MultiModal;06/07/2026 04:09;07/07/2026 09:40;06/07/2026 04:09;07/07/2026 09:40
558857;CE;A8235;00019200000013427547;MultiModal;06/07/2026 04:09;07/07/2026 09:40;06/07/2026 04:09;07/07/2026 09:40
558857;CE;A0256;00019200000013427555;MultiModal;06/07/2026 04:09;07/07/2026 09:40;06/07/2026 04:09;07/07/2026 09:40
558857;CE;A6652;00019200000013427563;MultiModal;06/07/2026 04:09;07/07/2026 09:40;06/07/2026 04:09;07/07/2026 09:40
558857;CE;A5930;00019200000013427571;MultiModal;06/07/2026 04:09;07/07/2026 09:40;06/07/2026 04:09;07/07/2026 09:40
558857;CE;A5212;00019200000013427580;MultiModal;06/07/2026 04:09;07/07/2026 09:40;06/07/2026 04:09;07/07/2026 09:40
558857;CE;A7560;00019200000013427598;MultiModal;06/07/2026 04:09;07/07/2026 09:40;06/07/2026 04:09;07/07/2026 09:40
558857;CE;A3549;00019200000013427687;MultiModal;06/07/2026 04:09;07/07/2026 09:40;07/07/2026 02:48;08/07/2026 13:00
558858;CE;A4186;00019200000013316958;MultiModal;24/06/2026 00:20;26/06/2026 14:00;24/06/2026 00:20;26/06/2026 14:00
558858;CE;A3080;00019200000013317571;MultiModal;24/06/2026 00:20;26/06/2026 14:00;24/06/2026 00:20;26/06/2026 14:00
558962;CE;A8485;00019200000013316966;MultiModal;24/06/2026 00:21;25/06/2026 16:20;24/06/2026 00:21;25/06/2026 16:20
559043;CE;A8491;00019200000013327240;MultiModal;24/06/2026 00:18;25/06/2026 14:25;24/06/2026 00:18;25/06/2026 14:25
559126;CE;A4198;00019200000013314556;MultiModal;25/06/2026 01:03;26/06/2026 16:58;25/06/2026 01:03;26/06/2026 16:58
559150;CE;A5927;00019200000013315811;MultiModal;25/06/2026 01:03;26/06/2026 14:30;25/06/2026 01:03;26/06/2026 14:30
559250;CE;A4809;00019200000013249711;MultiModal;29/06/2026 03:49;01/07/2026 14:00;29/06/2026 03:49;01/07/2026 14:00
559284;CE;A7859;00019200000013253140;MultiModal;29/06/2026 03:49;30/06/2026 11:26;29/06/2026 03:49;30/06/2026 11:26
559284;CE;A6644;00019200000013253166;MultiModal;29/06/2026 03:49;30/06/2026 11:26;29/06/2026 03:49;30/06/2026 11:26
559284;CE;A3630;00019200000013253417;MultiModal;29/06/2026 03:49;30/06/2026 11:26;29/06/2026 03:49;30/06/2026 11:26
559649;CE;A3212;00019200000013423444;MultiModal;06/07/2026 03:24;07/07/2026 09:40;06/07/2026 03:24;07/07/2026 09:40
559649;CE;A6590;00019200000013423452;MultiModal;06/07/2026 03:24;07/07/2026 09:40;06/07/2026 03:24;07/07/2026 09:40
559649;CE;A3977;00019200000013423550;MultiModal;06/07/2026 03:24;07/07/2026 09:40;06/07/2026 03:24;07/07/2026 09:40
556321;DF;A8850;00019200000012901563;MultiModal;11/06/2026 05:40;19/06/2026 10:43;-;-
556321;DF;A2656;00019200000012901571;MultiModal;11/06/2026 05:40;19/06/2026 10:43;-;-
556321;DF;TA0394;00019200000012901580;MultiModal;11/06/2026 05:40;19/06/2026 10:43;-;-
556321;DF;A8740;00019200000012901598;MultiModal;11/06/2026 05:40;19/06/2026 10:43;-;-
556321;DF;A9676;00019200000012901601;MultiModal;11/06/2026 05:40;19/06/2026 10:43;-;-
556321;DF;A5735;00019200000012901610;MultiModal;11/06/2026 05:40;19/06/2026 10:43;-;-
556321;DF;A9134;00019200000012901628;MultiModal;11/06/2026 05:40;19/06/2026 10:43;-;-
556321;DF;A1548;00019200000012901636;MultiModal;11/06/2026 05:40;19/06/2026 10:43;-;-
556321;DF;A9331;00019200000012901644;MultiModal;11/06/2026 05:40;19/06/2026 10:43;-;-
556321;DF;A8308;00019200000012901652;MultiModal;11/06/2026 05:40;19/06/2026 10:43;-;-
556321;DF;TA0819;00019200000012901660;MultiModal;11/06/2026 05:40;19/06/2026 10:43;-;-
556321;DF;A1049;00019200000012901679;MultiModal;11/06/2026 05:40;19/06/2026 10:43;-;-
556364;DF;A5989;00019200000012901431;MultiModal;11/06/2026 04:47;19/06/2026 10:45;-;-
556364;DF;A5615;00019200000012901440;MultiModal;11/06/2026 04:47;19/06/2026 10:45;-;-
556587;DF;A6222;00019200000012905933;MultiModal;16/06/2026 06:24;17/06/2026 11:16;16/06/2026 06:24;17/06/2026 11:16
556587;DF;A4442;00019200000012906000;MultiModal;16/06/2026 06:24;17/06/2026 11:16;16/06/2026 06:24;17/06/2026 11:16
556587;DF;A6040;00019200000012906018;MultiModal;16/06/2026 06:24;17/06/2026 11:16;16/06/2026 06:24;17/06/2026 11:16
556587;DF;A2650;00019200000012906026;MultiModal;16/06/2026 06:24;17/06/2026 11:16;16/06/2026 06:24;17/06/2026 11:16
556587;DF;A5702;00019200000012906034;MultiModal;16/06/2026 06:24;17/06/2026 11:16;16/06/2026 06:24;17/06/2026 11:16
556587;DF;A4976;00019200000012906042;MultiModal;16/06/2026 06:24;17/06/2026 11:16;16/06/2026 06:24;17/06/2026 11:16
556587;DF;A8855;00019200000012906050;MultiModal;16/06/2026 06:24;17/06/2026 11:16;16/06/2026 06:24;17/06/2026 11:16
556587;DF;TA0675;00019200000012906069;MultiModal;16/06/2026 06:24;17/06/2026 11:16;16/06/2026 06:24;17/06/2026 11:16
556587;DF;A0489;00019200000012906077;MultiModal;16/06/2026 06:24;17/06/2026 11:16;16/06/2026 06:24;17/06/2026 11:16
556587;DF;A8649;00019200000012906212;MultiModal;16/06/2026 06:24;17/06/2026 11:16;16/06/2026 06:24;17/06/2026 11:16
556700;DF;TA0349;00019200000013427458;MultiModal;02/07/2026 05:59;03/07/2026 11:02;02/07/2026 05:59;03/07/2026 11:02
556700;DF;A9183;00019200000013427466;MultiModal;02/07/2026 05:59;03/07/2026 11:02;02/07/2026 05:59;03/07/2026 11:02
556700;DF;A7067;00019200000013427474;MultiModal;02/07/2026 05:59;03/07/2026 11:02;02/07/2026 05:59;03/07/2026 11:02
556700;DF;A7805;00019200000013427482;MultiModal;02/07/2026 05:59;03/07/2026 11:02;02/07/2026 05:59;03/07/2026 11:02
556776;DF;A2803;00019200000012657808;MultiModal;16/06/2026 06:24;17/06/2026 15:42;16/06/2026 06:24;17/06/2026 15:42
556776;DF;A8011;00019200000012657816;MultiModal;16/06/2026 06:24;17/06/2026 15:42;16/06/2026 06:24;17/06/2026 15:42
556776;DF;TA0969;00019200000012657824;MultiModal;16/06/2026 06:24;17/06/2026 15:42;16/06/2026 06:24;17/06/2026 15:42
556776;DF;A7439;00019200000012657891;MultiModal;16/06/2026 06:24;17/06/2026 15:42;16/06/2026 06:24;17/06/2026 15:42
556776;DF;A5847;00019200000012657905;MultiModal;16/06/2026 06:24;17/06/2026 15:42;16/06/2026 06:24;17/06/2026 15:42
556776;DF;A4455;00019200000012657930;MultiModal;16/06/2026 06:24;17/06/2026 15:42;16/06/2026 06:24;17/06/2026 15:42
556776;DF;A8652;00019200000012657948;MultiModal;16/06/2026 06:24;17/06/2026 15:42;16/06/2026 06:24;17/06/2026 15:42
556776;DF;A6885;00019200000012658006;MultiModal;16/06/2026 06:24;17/06/2026 15:42;16/06/2026 06:24;17/06/2026 15:42
556776;DF;A8893;00019200000012658014;MultiModal;16/06/2026 06:24;17/06/2026 15:42;16/06/2026 06:24;17/06/2026 15:42
556776;DF;TA0925;00019200000012658022;MultiModal;16/06/2026 06:24;17/06/2026 15:42;16/06/2026 06:24;17/06/2026 15:42
556776;DF;A2227;00019200000012658030;MultiModal;16/06/2026 06:24;17/06/2026 15:42;16/06/2026 06:24;17/06/2026 15:42
556776;DF;TA0136;00019200000012658049;MultiModal;16/06/2026 06:24;17/06/2026 15:42;16/06/2026 06:24;17/06/2026 15:42
556776;DF;A3115;00019200000012658057;MultiModal;16/06/2026 06:24;17/06/2026 15:42;16/06/2026 06:24;17/06/2026 15:42
556776;DF;A7761;00019200000012658065;MultiModal;16/06/2026 06:24;17/06/2026 15:42;16/06/2026 06:24;17/06/2026 15:42
556776;DF;A8721;00019200000012658090;MultiModal;16/06/2026 06:24;17/06/2026 15:42;16/06/2026 06:24;17/06/2026 15:42
556776;DF;A7906;00019200000012658103;MultiModal;16/06/2026 06:24;17/06/2026 15:42;16/06/2026 06:24;17/06/2026 15:42
556776;DF;TA0214;00019200000012658278;MultiModal;16/06/2026 06:24;17/06/2026 15:42;16/06/2026 06:24;17/06/2026 15:42
556776;DF;A9471;00019200000012658510;MultiModal;16/06/2026 06:24;17/06/2026 15:42;16/06/2026 06:24;17/06/2026 15:42
556776;DF;A8071;00019200000012658529;MultiModal;16/06/2026 06:24;17/06/2026 15:42;16/06/2026 06:24;17/06/2026 15:42
556776;DF;A7780;00019200000012658537;MultiModal;16/06/2026 06:24;17/06/2026 15:42;16/06/2026 06:24;17/06/2026 15:42
556776;DF;A9222;00019200000012658545;MultiModal;16/06/2026 06:24;17/06/2026 15:42;16/06/2026 06:24;17/06/2026 15:42
556776;DF;A4779;00019200000012658553;MultiModal;16/06/2026 06:24;17/06/2026 15:42;16/06/2026 06:24;17/06/2026 15:42
556776;DF;A4308;00019200000012658561;MultiModal;16/06/2026 06:24;17/06/2026 15:42;16/06/2026 06:24;17/06/2026 15:42
556776;DF;A9470;00019200000012658570;MultiModal;16/06/2026 06:24;17/06/2026 15:42;16/06/2026 06:24;17/06/2026 15:42
556776;DF;A1431;00019200000012658588;MultiModal;16/06/2026 06:24;17/06/2026 15:42;16/06/2026 06:24;17/06/2026 15:42
556776;DF;A7462;00019200000012658596;MultiModal;16/06/2026 06:24;17/06/2026 15:42;16/06/2026 06:24;17/06/2026 15:42
556776;DF;A2776;00019200000012658600;MultiModal;16/06/2026 06:24;17/06/2026 15:42;16/06/2026 06:24;17/06/2026 15:42
556776;DF;A7075;00019200000012658618;MultiModal;16/06/2026 06:24;17/06/2026 15:42;16/06/2026 06:24;17/06/2026 15:42
556776;DF;A7742;00019200000012658626;MultiModal;16/06/2026 06:24;17/06/2026 15:42;16/06/2026 06:24;17/06/2026 15:42
556776;DF;A7654;00019200000012658634;MultiModal;16/06/2026 06:24;17/06/2026 15:42;16/06/2026 06:24;17/06/2026 15:42
556776;DF;A0433;00019200000012658642;MultiModal;16/06/2026 06:24;17/06/2026 15:42;16/06/2026 06:24;17/06/2026 15:42
556776;DF;A8134;00019200000012658650;MultiModal;16/06/2026 06:24;17/06/2026 15:42;16/06/2026 06:24;17/06/2026 15:42
556776;DF;A6877;00019200000012658669;MultiModal;16/06/2026 06:24;17/06/2026 15:42;16/06/2026 06:24;17/06/2026 15:42
556776;DF;A8359;00019200000012658677;MultiModal;16/06/2026 06:24;17/06/2026 15:42;16/06/2026 06:24;17/06/2026 15:42
556776;DF;TA0577;00019200000012658685;MultiModal;16/06/2026 06:24;17/06/2026 15:42;16/06/2026 06:24;17/06/2026 15:42
556924;DF;A3144;00019200000012904619;MultiModal;11/06/2026 05:18;12/06/2026 12:11;-;-
556924;DF;A6806;00019200000012904627;MultiModal;11/06/2026 05:18;12/06/2026 12:11;-;-
556924;DF;TA0846;00019200000012904635;MultiModal;11/06/2026 05:18;12/06/2026 12:11;-;-
556924;DF;A7911;00019200000012904643;MultiModal;11/06/2026 05:18;12/06/2026 12:11;-;-
557093;DF;A3153;00019200000013213440;MultiModal;16/06/2026 05:12;17/06/2026 15:41;16/06/2026 05:12;17/06/2026 15:41
557312;DF;A3485;00019200000012657611;MultiModal;11/06/2026 05:12;12/06/2026 12:53;-;-
557463;DF;AS-0695;00019200000012921513;MultiModal;16/06/2026 03:27;17/06/2026 13:43;16/06/2026 03:27;17/06/2026 13:43
557463;DF;869170035496919;00019200000012921521;MultiModal;16/06/2026 03:27;17/06/2026 13:43;16/06/2026 03:27;17/06/2026 13:43
557463;DF;AS-0877;00019200000012921530;MultiModal;16/06/2026 03:27;17/06/2026 13:43;16/06/2026 03:27;17/06/2026 13:43
557463;DF;AS-0796;00019200000012921548;MultiModal;16/06/2026 03:27;17/06/2026 13:43;16/06/2026 03:27;17/06/2026 13:43
557463;DF;AS-0167;00019200000012921556;MultiModal;16/06/2026 03:27;17/06/2026 13:43;16/06/2026 03:27;17/06/2026 13:43
557463;DF;AS-0259;00019200000012921564;MultiModal;16/06/2026 03:27;17/06/2026 13:43;16/06/2026 03:27;17/06/2026 13:43
557926;DF;TA0915;00019200000013205013;MultiModal;20/06/2026 22:20;22/06/2026 12:04;20/06/2026 22:20;22/06/2026 12:04
557926;DF;A9251;00019200000013205021;MultiModal;20/06/2026 22:20;22/06/2026 12:04;20/06/2026 22:20;22/06/2026 12:04
557926;DF;A5378;00019200000013207377;MultiModal;20/06/2026 22:20;22/06/2026 12:04;20/06/2026 22:20;22/06/2026 12:04
557927;DF;A9314;00019200000013204319;MultiModal;20/06/2026 22:20;22/06/2026 12:04;20/06/2026 22:20;22/06/2026 12:04
557927;DF;A9118;00019200000013204459;MultiModal;20/06/2026 22:20;22/06/2026 12:04;20/06/2026 22:20;22/06/2026 12:04
557927;DF;TA0994;00019200000013204467;MultiModal;20/06/2026 22:20;22/06/2026 12:04;20/06/2026 22:20;22/06/2026 12:04
557927;DF;A8097;00019200000013204475;MultiModal;20/06/2026 22:20;22/06/2026 12:04;20/06/2026 22:20;22/06/2026 12:04
557927;DF;A4580;00019200000013204483;MultiModal;20/06/2026 22:20;22/06/2026 12:04;20/06/2026 22:20;22/06/2026 12:04
557927;DF;A4668;00019200000013204505;MultiModal;20/06/2026 22:20;22/06/2026 12:04;20/06/2026 22:20;22/06/2026 12:04
557927;DF;A8608;00019200000013204513;MultiModal;20/06/2026 22:20;22/06/2026 12:04;20/06/2026 22:20;22/06/2026 12:04
557927;DF;A8955;00019200000013204521;MultiModal;20/06/2026 22:20;22/06/2026 12:04;20/06/2026 22:20;22/06/2026 12:04
557927;DF;TA0569;00019200000013204530;MultiModal;20/06/2026 22:20;22/06/2026 12:04;20/06/2026 22:20;22/06/2026 12:04
557927;DF;A5238;00019200000013204548;MultiModal;20/06/2026 22:20;22/06/2026 12:04;20/06/2026 22:20;22/06/2026 12:04
557927;DF;A8784;00019200000013204556;MultiModal;20/06/2026 22:20;22/06/2026 12:04;20/06/2026 22:20;22/06/2026 12:04
557927;DF;A8146;00019200000013204564;MultiModal;20/06/2026 22:20;22/06/2026 12:04;20/06/2026 22:20;22/06/2026 12:04
557927;DF;A7608;00019200000013204572;MultiModal;20/06/2026 22:20;22/06/2026 12:04;20/06/2026 22:20;22/06/2026 12:04
557927;DF;A1835;00019200000013204580;MultiModal;20/06/2026 22:20;22/06/2026 12:04;20/06/2026 22:20;22/06/2026 12:04
557927;DF;A8488;00019200000013204599;MultiModal;20/06/2026 22:20;22/06/2026 12:04;20/06/2026 22:20;22/06/2026 12:04
557927;DF;A7618;00019200000013204602;MultiModal;20/06/2026 22:20;22/06/2026 12:04;20/06/2026 22:20;22/06/2026 12:04
557927;DF;A8910;00019200000013204610;MultiModal;20/06/2026 22:20;22/06/2026 12:04;20/06/2026 22:20;22/06/2026 12:04
557927;DF;A1001;00019200000013204629;MultiModal;20/06/2026 22:20;22/06/2026 12:04;20/06/2026 22:20;22/06/2026 12:04
557927;DF;A4242;00019200000013204637;MultiModal;20/06/2026 22:20;22/06/2026 12:04;20/06/2026 22:20;22/06/2026 12:04
557927;DF;A5910;00019200000013204645;MultiModal;20/06/2026 22:20;22/06/2026 12:04;20/06/2026 22:20;22/06/2026 12:04
557927;DF;A5632;00019200000013204670;MultiModal;20/06/2026 22:20;22/06/2026 12:04;20/06/2026 22:20;22/06/2026 12:04
557927;DF;TA0441;00019200000013204688;MultiModal;20/06/2026 22:20;22/06/2026 12:04;20/06/2026 22:20;22/06/2026 12:04
557927;DF;A5430;00019200000013204718;MultiModal;20/06/2026 22:20;22/06/2026 12:04;20/06/2026 22:20;22/06/2026 12:04
557927;DF;TA0352;00019200000013204726;MultiModal;20/06/2026 22:20;22/06/2026 12:04;20/06/2026 22:20;22/06/2026 12:04
557927;DF;A7499;00019200000013204840;MultiModal;20/06/2026 22:20;22/06/2026 12:04;20/06/2026 22:20;22/06/2026 12:04
557928;DF;A3773;00019200000013203967;MultiModal;22/06/2026 05:46;23/06/2026 12:21;22/06/2026 05:46;23/06/2026 12:21
557928;DF;A6759;00019200000013203975;MultiModal;22/06/2026 05:46;23/06/2026 12:21;22/06/2026 05:46;23/06/2026 12:21
557928;DF;A5462;00019200000013203983;MultiModal;22/06/2026 05:46;23/06/2026 12:21;22/06/2026 05:46;23/06/2026 12:21
557928;DF;A5323;00019200000013203991;MultiModal;22/06/2026 05:46;23/06/2026 12:21;22/06/2026 05:46;23/06/2026 12:21
557928;DF;TA0628;00019200000013204017;MultiModal;22/06/2026 05:46;23/06/2026 12:21;22/06/2026 05:46;23/06/2026 12:21
557928;DF;A7217;00019200000013204025;MultiModal;22/06/2026 05:46;23/06/2026 12:21;22/06/2026 05:46;23/06/2026 12:21
557928;DF;TA0302;00019200000013204033;MultiModal;22/06/2026 05:46;23/06/2026 12:21;22/06/2026 05:46;23/06/2026 12:21
557928;DF;A4929;00019200000013204041;MultiModal;22/06/2026 05:46;23/06/2026 12:21;22/06/2026 05:46;23/06/2026 12:21
557928;DF;A4061;00019200000013240056;MultiModal;22/06/2026 05:46;23/06/2026 12:21;22/06/2026 05:46;23/06/2026 12:21
557928;DF;A5898;00019200000013240064;MultiModal;22/06/2026 05:46;23/06/2026 12:21;22/06/2026 05:46;23/06/2026 12:21
557928;DF;A7641;00019200000013240072;MultiModal;22/06/2026 05:46;23/06/2026 12:21;22/06/2026 05:46;23/06/2026 12:21
557928;DF;TA0737;00019200000013240080;MultiModal;22/06/2026 05:46;23/06/2026 12:21;22/06/2026 05:46;23/06/2026 12:21
557928;DF;A6493;00019200000013240099;MultiModal;22/06/2026 05:46;23/06/2026 12:21;22/06/2026 05:46;23/06/2026 12:21
557928;DF;A7164;00019200000013240102;MultiModal;22/06/2026 05:46;23/06/2026 12:21;22/06/2026 05:46;23/06/2026 12:21
557928;DF;A7137;00019200000013240110;MultiModal;22/06/2026 05:46;23/06/2026 12:21;22/06/2026 05:46;23/06/2026 12:21
557928;DF;A3104;00019200000013240196;MultiModal;22/06/2026 05:46;23/06/2026 12:21;22/06/2026 05:46;23/06/2026 12:21
557928;DF;A4273;00019200000013240200;MultiModal;22/06/2026 05:46;23/06/2026 12:21;22/06/2026 05:46;23/06/2026 12:21
557930;DF;A9639;00019200000012926973;MultiModal;22/06/2026 08:03;23/06/2026 12:22;22/06/2026 08:03;23/06/2026 12:22
557930;DF;TA0978;00019200000012926981;MultiModal;22/06/2026 08:03;23/06/2026 12:22;22/06/2026 08:03;23/06/2026 12:22
557930;DF;A7223;00019200000012926990;MultiModal;22/06/2026 08:03;23/06/2026 12:22;22/06/2026 08:03;23/06/2026 12:22
557930;DF;TA1114;00019200000012927007;MultiModal;22/06/2026 08:03;23/06/2026 12:22;22/06/2026 08:03;23/06/2026 12:22
557930;DF;A9029;00019200000012927058;MultiModal;22/06/2026 08:03;23/06/2026 12:22;22/06/2026 08:03;23/06/2026 12:22
557930;DF;A7092;00019200000012927066;MultiModal;22/06/2026 08:03;23/06/2026 12:22;22/06/2026 08:03;23/06/2026 12:22
557930;DF;A7036;00019200000012927074;MultiModal;22/06/2026 08:03;23/06/2026 12:22;22/06/2026 08:03;23/06/2026 12:22
557930;DF;A7511;00019200000012927082;MultiModal;22/06/2026 08:03;23/06/2026 12:22;22/06/2026 08:03;23/06/2026 12:22
557930;DF;A8505;00019200000012927090;MultiModal;22/06/2026 08:03;23/06/2026 12:22;22/06/2026 08:03;23/06/2026 12:22
557930;DF;TA1017;00019200000012927104;MultiModal;22/06/2026 08:03;23/06/2026 12:22;22/06/2026 08:03;23/06/2026 12:22
557930;DF;A8631;00019200000012927112;MultiModal;22/06/2026 08:03;23/06/2026 12:22;22/06/2026 08:03;23/06/2026 12:22
557930;DF;A8875;00019200000012927120;MultiModal;22/06/2026 08:03;23/06/2026 12:22;22/06/2026 08:03;23/06/2026 12:22
558060;DF;S1878;00019200000012922536;MultiModal;18/06/2026 03:51;19/06/2026 12:26;18/06/2026 03:51;19/06/2026 12:26
558176;DF;A9109;00019200000012697460;MultiModal;18/06/2026 04:37;19/06/2026 11:31;18/06/2026 04:37;19/06/2026 11:31
559159;DF;A4426;00019200000013316206;MultiModal;25/06/2026 23:17;26/06/2026 16:11;25/06/2026 23:17;26/06/2026 16:11
559159;DF;A3467;00019200000013316214;MultiModal;25/06/2026 23:17;26/06/2026 16:11;25/06/2026 23:17;26/06/2026 16:11
559493;DF;A9214;00019200000013202324;MultiModal;30/06/2026 05:32;01/07/2026 10:48;30/06/2026 05:32;01/07/2026 10:48
559635;DF;A5998;00019200000013428136;MultiModal;02/07/2026 04:51;03/07/2026 12:26;02/07/2026 04:51;03/07/2026 12:26
559663;DF;A5439;00019200000013428268;MultiModal;06/07/2026 05:41;07/07/2026 11:17;06/07/2026 05:41;07/07/2026 11:17
556115;ES;A7879;00019200000012757551;MultiModal;11/06/2026 05:01;12/06/2026 15:38;-;-
556115;ES;A4065;00019200000012757616;MultiModal;11/06/2026 05:01;12/06/2026 15:38;-;-
556115;ES;A5840;00019200000012757624;MultiModal;11/06/2026 05:01;12/06/2026 15:38;-;-
556115;ES;TA0602;00019200000012757632;MultiModal;11/06/2026 05:01;12/06/2026 15:38;-;-
556115;ES;A2075;00019200000012757640;MultiModal;11/06/2026 05:01;12/06/2026 15:38;-;-
556115;ES;A3457;00019200000012757659;MultiModal;11/06/2026 05:01;12/06/2026 15:38;-;-
556115;ES;A4788;00019200000012757667;MultiModal;11/06/2026 05:01;12/06/2026 15:38;-;-
556287;ES;A6240;00019200000013212982;Rodoviário;13/06/2026 12:54;15/06/2026 14:50;13/06/2026 12:54;15/06/2026 14:50
556367;ES;A6696;00019200000012725447;MultiModal;11/06/2026 04:34;12/06/2026 15:38;-;-
556367;ES;A2493;00019200000012727830;MultiModal;11/06/2026 04:34;12/06/2026 15:38;-;-
556367;ES;A8985;00019200000012727849;MultiModal;11/06/2026 04:34;12/06/2026 15:38;-;-
556367;ES;A9287;00019200000012727857;MultiModal;11/06/2026 04:34;12/06/2026 15:38;-;-
556442;ES;A5366;00019200000012685534;Rodoviário;13/06/2026 12:53;15/06/2026 14:50;13/06/2026 12:53;15/06/2026 14:50
556442;ES;A0003;00019200000012686204;Rodoviário;13/06/2026 12:53;15/06/2026 14:50;13/06/2026 12:53;15/06/2026 14:50
556442;ES;TA0291;00019200000012686212;Rodoviário;13/06/2026 12:53;15/06/2026 14:50;13/06/2026 12:53;15/06/2026 14:50
556442;ES;A3059;00019200000012686387;Rodoviário;13/06/2026 12:53;15/06/2026 14:50;13/06/2026 12:53;15/06/2026 14:50
556442;ES;A7517;00019200000013212869;Rodoviário;13/06/2026 12:53;15/06/2026 14:50;13/06/2026 12:53;15/06/2026 14:50
556442;ES;A3336;00019200000013212877;Rodoviário;13/06/2026 12:53;15/06/2026 14:50;13/06/2026 12:53;15/06/2026 14:50
556442;ES;TA0233;00019200000013213067;Rodoviário;13/06/2026 12:53;15/06/2026 14:50;13/06/2026 12:53;15/06/2026 14:50
556500;ES;A1458;00019200000012686093;Rodoviário;13/06/2026 13:14;15/06/2026 14:50;13/06/2026 13:14;15/06/2026 14:50
556500;ES;A1050;00019200000012686123;Rodoviário;13/06/2026 13:14;15/06/2026 14:50;13/06/2026 13:14;15/06/2026 14:50
556500;ES;A4861;00019200000013212974;Rodoviário;13/06/2026 13:14;15/06/2026 14:50;13/06/2026 13:14;15/06/2026 14:50
556578;ES;A5407;00019200000012685488;Rodoviário;13/06/2026 12:52;15/06/2026 14:10;13/06/2026 12:52;15/06/2026 14:10
556578;ES;A6957;00019200000013212966;Rodoviário;13/06/2026 12:52;15/06/2026 14:10;13/06/2026 12:52;15/06/2026 14:10
556597;ES;A4706;00019200000012905399;MultiModal;15/06/2026 08:56;16/06/2026 14:00;15/06/2026 16:10;16/06/2026 14:00
556597;ES;TA1226;00019200000012905674;MultiModal;15/06/2026 08:56;16/06/2026 14:00;15/06/2026 16:10;16/06/2026 14:00
556597;ES;A7569;00019200000012906263;MultiModal;15/06/2026 08:56;16/06/2026 14:00;15/06/2026 16:10;16/06/2026 14:00
556597;ES;A5404;00019200000012906425;MultiModal;15/06/2026 08:56;16/06/2026 14:00;15/06/2026 16:10;16/06/2026 14:00
556597;ES;TA0146;00019200000012906573;MultiModal;15/06/2026 08:56;16/06/2026 14:00;15/06/2026 16:10;16/06/2026 14:00
556597;ES;A4061;00019200000012906581;MultiModal;15/06/2026 08:56;16/06/2026 14:00;15/06/2026 16:10;16/06/2026 14:00
556631;ES;A9311;00019200000012684465;Rodoviário;13/06/2026 13:17;15/06/2026 14:50;13/06/2026 13:17;15/06/2026 14:50
556631;ES;A5458;00019200000012684473;Rodoviário;13/06/2026 13:17;15/06/2026 14:50;13/06/2026 13:17;15/06/2026 14:50
556631;ES;A9511;00019200000012684481;Rodoviário;13/06/2026 13:17;15/06/2026 14:50;13/06/2026 13:17;15/06/2026 14:50
556786;ES;A1108;00019200000012703400;MultiModal;15/06/2026 04:39;16/06/2026 15:00;15/06/2026 04:39;16/06/2026 15:00
556786;ES;A9197;00019200000012703419;MultiModal;15/06/2026 04:39;16/06/2026 15:00;15/06/2026 04:39;16/06/2026 15:00
556786;ES;TA1141;00019200000012703427;MultiModal;15/06/2026 04:39;16/06/2026 15:00;15/06/2026 04:39;16/06/2026 15:00
556786;ES;A9214;00019200000012703435;MultiModal;15/06/2026 04:39;16/06/2026 15:00;15/06/2026 04:39;16/06/2026 15:00
556786;ES;A9381;00019200000012703443;MultiModal;15/06/2026 04:39;16/06/2026 15:00;15/06/2026 04:39;16/06/2026 15:00
556786;ES;A9344;00019200000012703451;MultiModal;15/06/2026 04:39;16/06/2026 15:00;15/06/2026 04:39;16/06/2026 15:00
556786;ES;A0905;00019200000012703460;MultiModal;15/06/2026 04:39;16/06/2026 15:00;15/06/2026 04:39;16/06/2026 15:00
556786;ES;A6625;00019200000012703664;MultiModal;15/06/2026 04:39;16/06/2026 15:00;15/06/2026 04:39;16/06/2026 15:00
556786;ES;A7516;00019200000012703672;MultiModal;15/06/2026 04:39;16/06/2026 15:00;15/06/2026 04:39;16/06/2026 15:00
556786;ES;A3656;00019200000012703680;MultiModal;15/06/2026 04:39;16/06/2026 15:00;15/06/2026 04:39;16/06/2026 15:00
556786;ES;TA0797;00019200000012703699;MultiModal;15/06/2026 04:39;16/06/2026 15:00;15/06/2026 04:39;16/06/2026 15:00
556786;ES;A7475;00019200000012703702;MultiModal;15/06/2026 04:39;16/06/2026 15:00;15/06/2026 04:39;16/06/2026 15:00
556786;ES;A8063;00019200000012703710;MultiModal;15/06/2026 04:39;16/06/2026 15:00;15/06/2026 04:39;16/06/2026 15:00
556786;ES;A9580;00019200000012703729;MultiModal;15/06/2026 04:39;16/06/2026 15:00;15/06/2026 04:39;16/06/2026 15:00
556786;ES;A4992;00019200000012703737;MultiModal;15/06/2026 04:39;16/06/2026 15:00;15/06/2026 04:39;16/06/2026 15:00
556786;ES;A7968;00019200000012703745;MultiModal;15/06/2026 04:39;16/06/2026 15:00;15/06/2026 04:39;16/06/2026 15:00
556786;ES;A9429;00019200000012703753;MultiModal;15/06/2026 04:39;16/06/2026 15:00;15/06/2026 04:39;16/06/2026 15:00
556786;ES;A6715;00019200000012703761;MultiModal;15/06/2026 04:39;16/06/2026 15:00;15/06/2026 04:39;16/06/2026 15:00
556786;ES;A8392;00019200000012703770;MultiModal;15/06/2026 04:39;16/06/2026 15:00;15/06/2026 04:39;16/06/2026 15:00
556786;ES;A4439;00019200000012703788;MultiModal;15/06/2026 04:39;16/06/2026 15:00;15/06/2026 04:39;16/06/2026 15:00
556786;ES;A2160;00019200000012703796;MultiModal;15/06/2026 04:39;16/06/2026 15:00;15/06/2026 04:39;16/06/2026 15:00
556786;ES;TA0547;00019200000012703800;MultiModal;15/06/2026 04:39;16/06/2026 15:00;15/06/2026 04:39;16/06/2026 15:00
556786;ES;A0969;00019200000012703818;MultiModal;15/06/2026 04:39;16/06/2026 15:00;15/06/2026 04:39;16/06/2026 15:00
556786;ES;A5132;00019200000012703826;MultiModal;15/06/2026 04:39;16/06/2026 15:00;15/06/2026 04:39;16/06/2026 15:00
556786;ES;A9648;00019200000012703834;MultiModal;15/06/2026 04:39;16/06/2026 15:00;15/06/2026 04:39;16/06/2026 15:00
556786;ES;A4882;00019200000012703842;MultiModal;15/06/2026 04:39;16/06/2026 15:00;15/06/2026 04:39;16/06/2026 15:00
556925;ES;A6811;00019200000012906670;MultiModal;11/06/2026 04:34;12/06/2026 14:30;-;-
556925;ES;A7509;00019200000012906689;MultiModal;11/06/2026 04:34;12/06/2026 14:30;-;-
556925;ES;A9548;00019200000012906697;MultiModal;11/06/2026 04:34;12/06/2026 14:30;-;-
556925;ES;A5756;00019200000012906700;MultiModal;11/06/2026 04:34;12/06/2026 14:30;-;-
556992;ES;A7670;00019200000012904341;MultiModal;10/06/2026 04:09;12/06/2026 13:18;-;-
557094;ES;A2927;00019200000013211870;MultiModal;16/06/2026 05:11;17/06/2026 14:58;16/06/2026 05:11;17/06/2026 14:58
557251;ES;A4959;00019200000012685046;MultiModal;15/06/2026 07:11;17/06/2026 13:55;15/06/2026 07:11;17/06/2026 13:55
557251;ES;A0402;00019200000012685054;MultiModal;15/06/2026 07:11;17/06/2026 13:55;15/06/2026 07:11;17/06/2026 13:55
557251;ES;A7382;00019200000012685062;MultiModal;15/06/2026 07:11;17/06/2026 13:55;15/06/2026 07:11;17/06/2026 13:55
557251;ES;A8792;00019200000012685070;MultiModal;15/06/2026 07:11;17/06/2026 13:55;15/06/2026 07:11;17/06/2026 13:55
557251;ES;A3174;00019200000012685089;MultiModal;15/06/2026 07:11;17/06/2026 13:55;15/06/2026 07:11;17/06/2026 13:55
557251;ES;A5006;00019200000012685097;MultiModal;15/06/2026 07:11;17/06/2026 13:55;15/06/2026 07:11;17/06/2026 13:55
557251;ES;A8070;00019200000012685100;MultiModal;15/06/2026 07:11;17/06/2026 13:55;15/06/2026 07:11;17/06/2026 13:55
557251;ES;TA0162;00019200000012685119;MultiModal;15/06/2026 07:11;17/06/2026 13:55;15/06/2026 07:11;17/06/2026 13:55
557251;ES;A2792;00019200000012685127;MultiModal;15/06/2026 07:11;17/06/2026 13:55;15/06/2026 07:11;17/06/2026 13:55
557251;ES;A4470;00019200000012685135;MultiModal;15/06/2026 07:11;17/06/2026 13:55;15/06/2026 07:11;17/06/2026 13:55
557251;ES;A7121;00019200000013212770;MultiModal;15/06/2026 07:11;17/06/2026 13:55;15/06/2026 07:11;17/06/2026 13:55
557251;ES;A3519;00019200000013212788;MultiModal;15/06/2026 07:11;17/06/2026 13:55;-;-
557251;ES;A6763;00019200000013212796;MultiModal;15/06/2026 07:11;17/06/2026 13:55;15/06/2026 07:11;17/06/2026 13:55
557251;ES;A5435;00019200000013212818;MultiModal;15/06/2026 07:11;17/06/2026 13:55;15/06/2026 07:11;17/06/2026 13:55
557251;ES;A7483;00019200000013212826;MultiModal;15/06/2026 07:11;17/06/2026 13:55;15/06/2026 07:11;17/06/2026 13:55
557251;ES;A8417;00019200000013212834;MultiModal;15/06/2026 07:11;17/06/2026 13:55;15/06/2026 07:11;17/06/2026 13:55
557253;ES;A0774;00019200000013243225;MultiModal;22/06/2026 05:47;23/06/2026 14:15;22/06/2026 05:47;23/06/2026 14:15
557253;ES;A6358;00019200000013243233;MultiModal;22/06/2026 05:47;23/06/2026 14:15;22/06/2026 05:47;23/06/2026 14:15
557253;ES;A1541;00019200000013243241;MultiModal;22/06/2026 05:47;23/06/2026 14:15;22/06/2026 05:47;23/06/2026 14:15
557253;ES;A8318;00019200000013243250;MultiModal;22/06/2026 05:47;23/06/2026 14:15;22/06/2026 05:47;23/06/2026 14:15
557253;ES;TA1182;00019200000013243268;MultiModal;22/06/2026 05:47;23/06/2026 14:15;22/06/2026 05:47;23/06/2026 14:15
557253;ES;A0189;00019200000013243276;MultiModal;22/06/2026 05:47;23/06/2026 14:15;22/06/2026 05:47;23/06/2026 14:15
557253;ES;A6535;00019200000013243284;MultiModal;22/06/2026 05:47;23/06/2026 14:15;22/06/2026 05:47;23/06/2026 14:15
557253;ES;A4811;00019200000013243292;MultiModal;22/06/2026 05:47;23/06/2026 14:15;22/06/2026 05:47;23/06/2026 14:15
557253;ES;A4959;00019200000013243306;MultiModal;22/06/2026 05:47;23/06/2026 14:15;22/06/2026 05:47;23/06/2026 14:15
557253;ES;A7870;00019200000013243314;MultiModal;22/06/2026 05:47;23/06/2026 14:15;22/06/2026 05:47;23/06/2026 14:15
557253;ES;A8514;00019200000013243322;MultiModal;22/06/2026 05:47;23/06/2026 14:15;22/06/2026 05:47;23/06/2026 14:15
557253;ES;A1392;00019200000013243330;MultiModal;22/06/2026 05:47;23/06/2026 14:15;22/06/2026 05:47;23/06/2026 14:15
557253;ES;A1914;00019200000013243349;MultiModal;22/06/2026 05:47;23/06/2026 14:15;22/06/2026 05:47;23/06/2026 14:15
557253;ES;A6035;00019200000013243357;MultiModal;22/06/2026 05:47;23/06/2026 14:15;22/06/2026 05:47;23/06/2026 14:15
557253;ES;A5484;00019200000013243365;MultiModal;22/06/2026 05:47;23/06/2026 14:15;22/06/2026 05:47;23/06/2026 14:15
557253;ES;A6374;00019200000013243373;MultiModal;22/06/2026 05:47;23/06/2026 14:15;22/06/2026 05:47;23/06/2026 14:15
557253;ES;A3847;00019200000013243381;MultiModal;22/06/2026 05:47;23/06/2026 14:15;22/06/2026 05:47;23/06/2026 14:15
557253;ES;A3633;00019200000013243390;MultiModal;22/06/2026 05:47;23/06/2026 14:15;22/06/2026 05:47;23/06/2026 14:15
557253;ES;TA0883;00019200000013244507;MultiModal;22/06/2026 05:47;23/06/2026 14:15;22/06/2026 05:47;23/06/2026 14:15
557253;ES;A8458;00019200000013244515;MultiModal;22/06/2026 05:47;23/06/2026 14:15;22/06/2026 05:47;23/06/2026 14:15
557253;ES;TA0943;00019200000013244523;MultiModal;22/06/2026 05:47;23/06/2026 14:15;22/06/2026 05:47;23/06/2026 14:15
557253;ES;A8259;00019200000013244531;MultiModal;22/06/2026 05:47;23/06/2026 14:15;22/06/2026 05:47;23/06/2026 14:15
557253;ES;A4886;00019200000013244540;MultiModal;22/06/2026 05:47;23/06/2026 14:15;22/06/2026 05:47;23/06/2026 14:15
557253;ES;A7683;00019200000013244558;MultiModal;22/06/2026 05:47;23/06/2026 14:15;22/06/2026 05:47;23/06/2026 14:15
557253;ES;A8006;00019200000013244566;MultiModal;22/06/2026 05:47;23/06/2026 14:15;22/06/2026 05:47;23/06/2026 14:15
557253;ES;A6109;00019200000013244574;MultiModal;22/06/2026 05:47;23/06/2026 14:15;22/06/2026 05:47;23/06/2026 14:15
557253;ES;A6029;00019200000013244582;MultiModal;22/06/2026 05:47;23/06/2026 14:15;22/06/2026 05:47;23/06/2026 14:15
557253;ES;A8911;00019200000013244590;MultiModal;22/06/2026 05:47;23/06/2026 14:15;22/06/2026 05:47;23/06/2026 14:15
557253;ES;A4725;00019200000013244604;MultiModal;22/06/2026 05:47;23/06/2026 14:15;22/06/2026 05:47;23/06/2026 14:15
557253;ES;A5958;00019200000013244612;MultiModal;22/06/2026 05:47;23/06/2026 14:15;22/06/2026 05:47;23/06/2026 14:15
557253;ES;TA0162;00019200000013244620;MultiModal;22/06/2026 05:47;23/06/2026 14:15;22/06/2026 05:47;23/06/2026 14:15
557253;ES;A7200;00019200000013244639;MultiModal;22/06/2026 05:47;23/06/2026 14:15;22/06/2026 05:47;23/06/2026 14:15
557266;ES;A1881;00019200000013244132;MultiModal;22/06/2026 08:05;23/06/2026 13:14;22/06/2026 08:05;23/06/2026 13:14
557266;ES;A8672;00019200000013244140;MultiModal;22/06/2026 08:05;23/06/2026 13:14;22/06/2026 08:05;23/06/2026 13:14
557266;ES;A0402;00019200000013244159;MultiModal;22/06/2026 08:05;23/06/2026 13:14;22/06/2026 08:05;23/06/2026 13:14
557266;ES;A5109;00019200000013244167;MultiModal;22/06/2026 08:05;23/06/2026 13:14;22/06/2026 08:05;23/06/2026 13:14
557266;ES;A0695;00019200000013244175;MultiModal;22/06/2026 08:05;23/06/2026 13:14;22/06/2026 08:05;23/06/2026 13:14
557350;ES;A8508;00019200000013324705;MultiModal;23/06/2026 06:35;25/06/2026 14:00;23/06/2026 06:35;25/06/2026 14:00
557758;ES;A6541;00019200000012923788;MultiModal;22/06/2026 08:05;23/06/2026 13:14;22/06/2026 08:05;23/06/2026 13:14
557758;ES;A5601;00019200000012923834;MultiModal;22/06/2026 08:05;23/06/2026 13:14;22/06/2026 08:05;23/06/2026 13:14
557758;ES;A7273;00019200000012926191;MultiModal;22/06/2026 08:05;23/06/2026 13:14;22/06/2026 08:05;23/06/2026 13:14
557758;ES;TA0939;00019200000012926205;MultiModal;22/06/2026 08:05;23/06/2026 13:14;22/06/2026 08:05;23/06/2026 13:14
557932;ES;TA0826;00019200000012920550;MultiModal;23/06/2026 05:33;24/06/2026 09:12;23/06/2026 05:33;24/06/2026 09:12
557932;ES;TA0475;00019200000013334646;MultiModal;23/06/2026 05:33;24/06/2026 09:12;23/06/2026 05:33;24/06/2026 09:12
557932;ES;A9067;00019200000013334670;MultiModal;23/06/2026 05:33;24/06/2026 09:12;23/06/2026 05:33;24/06/2026 09:12
557932;ES;A6619;00019200000013334751;MultiModal;23/06/2026 05:33;24/06/2026 09:12;23/06/2026 05:33;24/06/2026 09:12
557932;ES;A5482;00019200000013335960;MultiModal;23/06/2026 05:33;24/06/2026 09:12;23/06/2026 05:33;24/06/2026 09:12
557932;ES;A6248;00019200000013335979;MultiModal;23/06/2026 05:33;24/06/2026 09:12;23/06/2026 05:33;24/06/2026 09:12
557932;ES;A1989;00019200000013336037;MultiModal;23/06/2026 05:33;24/06/2026 09:12;23/06/2026 05:33;24/06/2026 09:12
557932;ES;A0941;00019200000013336045;MultiModal;23/06/2026 05:33;24/06/2026 09:12;23/06/2026 05:33;24/06/2026 09:12
557932;ES;A8281;00019200000013336053;MultiModal;23/06/2026 05:33;24/06/2026 09:12;23/06/2026 05:33;24/06/2026 09:12
557932;ES;TA0592;00019200000013336061;MultiModal;23/06/2026 05:33;24/06/2026 09:12;23/06/2026 05:33;24/06/2026 09:12
557932;ES;A0839;00019200000013336096;MultiModal;23/06/2026 05:33;24/06/2026 09:12;23/06/2026 05:33;24/06/2026 09:12
557932;ES;A6586;00019200000013336100;MultiModal;23/06/2026 05:33;24/06/2026 09:12;23/06/2026 05:33;24/06/2026 09:12
557932;ES;A1004;00019200000013336118;MultiModal;23/06/2026 05:33;24/06/2026 09:12;23/06/2026 05:33;24/06/2026 09:12
557932;ES;A3871;00019200000013336126;MultiModal;23/06/2026 05:33;24/06/2026 09:12;23/06/2026 05:33;24/06/2026 09:12
557932;ES;A1044;00019200000013336134;MultiModal;23/06/2026 05:33;24/06/2026 09:12;23/06/2026 05:33;24/06/2026 09:12
557932;ES;A1193;00019200000013336142;MultiModal;23/06/2026 05:33;24/06/2026 09:12;23/06/2026 05:33;24/06/2026 09:12
557932;ES;A3402;00019200000013336169;MultiModal;23/06/2026 05:33;24/06/2026 09:12;23/06/2026 05:33;24/06/2026 09:12
557932;ES;A4011;00019200000013336177;MultiModal;23/06/2026 05:33;24/06/2026 09:12;23/06/2026 05:33;24/06/2026 09:12
557932;ES;A1513;00019200000013336185;MultiModal;23/06/2026 05:33;24/06/2026 09:12;23/06/2026 05:33;24/06/2026 09:12
557932;ES;A5502;00019200000013336193;MultiModal;23/06/2026 05:33;24/06/2026 09:12;23/06/2026 05:33;24/06/2026 09:12
557932;ES;A2632;00019200000013336207;MultiModal;23/06/2026 05:33;24/06/2026 09:12;23/06/2026 05:33;24/06/2026 09:12
557932;ES;A1354;00019200000013336215;MultiModal;23/06/2026 05:33;24/06/2026 09:12;23/06/2026 05:33;24/06/2026 09:12
557932;ES;A5539;00019200000013336223;MultiModal;23/06/2026 05:33;24/06/2026 09:12;23/06/2026 05:33;24/06/2026 09:12
557933;ES;A3802;00019200000013248340;MultiModal;30/06/2026 05:32;01/07/2026 14:30;30/06/2026 05:32;01/07/2026 14:30
557933;ES;A6366;00019200000013248359;MultiModal;30/06/2026 05:32;01/07/2026 14:30;30/06/2026 05:32;01/07/2026 14:30
557933;ES;A4223;00019200000013327461;MultiModal;30/06/2026 05:32;01/07/2026 14:30;30/06/2026 05:32;01/07/2026 14:30
557933;ES;A6643;00019200000013327470;MultiModal;30/06/2026 05:32;01/07/2026 14:30;30/06/2026 05:32;01/07/2026 14:30
557933;ES;A6235;00019200000013327488;MultiModal;30/06/2026 05:32;01/07/2026 14:30;30/06/2026 05:32;01/07/2026 14:30
557933;ES;A9484;00019200000013327496;MultiModal;30/06/2026 05:32;01/07/2026 14:30;30/06/2026 05:32;01/07/2026 14:30
557933;ES;A3366;00019200000013327518;MultiModal;30/06/2026 05:32;01/07/2026 14:30;30/06/2026 05:32;01/07/2026 14:30
557933;ES;A5196;00019200000013327526;MultiModal;30/06/2026 05:32;01/07/2026 14:30;30/06/2026 05:32;01/07/2026 14:30
557933;ES;A7988;00019200000013327534;MultiModal;30/06/2026 05:32;01/07/2026 14:30;30/06/2026 05:32;01/07/2026 14:30
557933;ES;A4287;00019200000013327542;MultiModal;30/06/2026 05:32;01/07/2026 14:30;30/06/2026 05:32;01/07/2026 14:30
557933;ES;A8729;00019200000013327550;MultiModal;30/06/2026 05:32;01/07/2026 14:30;30/06/2026 05:32;01/07/2026 14:30
557933;ES;A8015;00019200000013327577;MultiModal;30/06/2026 05:32;01/07/2026 14:30;30/06/2026 05:32;01/07/2026 14:30
557933;ES;A7516;00019200000013327585;MultiModal;30/06/2026 05:32;01/07/2026 14:30;30/06/2026 05:32;01/07/2026 14:30
557933;ES;A9333;00019200000013327593;MultiModal;30/06/2026 05:32;01/07/2026 14:30;30/06/2026 05:32;01/07/2026 14:30
557933;ES;TA0348;00019200000013327674;MultiModal;30/06/2026 05:32;01/07/2026 14:30;30/06/2026 05:32;01/07/2026 14:30
557933;ES;A7293;00019200000013327682;MultiModal;30/06/2026 05:32;01/07/2026 14:30;30/06/2026 05:32;01/07/2026 14:30
557933;ES;TA0573;00019200000013327690;MultiModal;30/06/2026 05:32;01/07/2026 14:30;30/06/2026 05:32;01/07/2026 14:30
557933;ES;A3946;00019200000013327704;MultiModal;30/06/2026 05:32;01/07/2026 14:30;30/06/2026 05:32;01/07/2026 14:30
557933;ES;A3120;00019200000013327712;MultiModal;30/06/2026 05:32;01/07/2026 14:30;30/06/2026 05:32;01/07/2026 14:30
557933;ES;A2890;00019200000013327720;MultiModal;30/06/2026 05:32;01/07/2026 14:30;30/06/2026 05:32;01/07/2026 14:30
557933;ES;A9643;00019200000013327739;MultiModal;30/06/2026 05:32;01/07/2026 14:30;30/06/2026 05:32;01/07/2026 14:30
557933;ES;A4126;00019200000013327747;MultiModal;30/06/2026 05:32;01/07/2026 14:30;30/06/2026 05:32;01/07/2026 14:30
557933;ES;A9287;00019200000013327755;MultiModal;30/06/2026 05:32;01/07/2026 14:30;30/06/2026 05:32;01/07/2026 14:30
557935;ES;A5059;00019200000013238701;MultiModal;20/06/2026 22:20;22/06/2026 13:23;20/06/2026 22:20;22/06/2026 13:23
557935;ES;A2039;00019200000013238710;MultiModal;20/06/2026 22:20;22/06/2026 13:23;20/06/2026 22:20;22/06/2026 13:23
557935;ES;A8467;00019200000013238728;MultiModal;20/06/2026 22:20;22/06/2026 13:23;20/06/2026 22:20;22/06/2026 13:23
557935;ES;A2661;00019200000013238736;MultiModal;20/06/2026 22:20;22/06/2026 13:23;20/06/2026 22:20;22/06/2026 13:23
557935;ES;A2389;00019200000013238744;MultiModal;20/06/2026 22:20;22/06/2026 13:23;20/06/2026 22:20;22/06/2026 13:23
557935;ES;TA0806;00019200000013238752;MultiModal;20/06/2026 22:20;22/06/2026 13:23;20/06/2026 22:20;22/06/2026 13:23
557935;ES;A4862;00019200000013238760;MultiModal;20/06/2026 22:20;22/06/2026 13:23;20/06/2026 22:20;22/06/2026 13:23
557935;ES;A7379;00019200000013238779;MultiModal;20/06/2026 22:20;22/06/2026 13:23;20/06/2026 22:20;22/06/2026 13:23
557935;ES;A3577;00019200000013239198;MultiModal;20/06/2026 22:20;22/06/2026 13:23;20/06/2026 22:20;22/06/2026 13:23
557935;ES;A7291;00019200000013239201;MultiModal;20/06/2026 22:20;22/06/2026 13:23;20/06/2026 22:20;22/06/2026 13:23
557935;ES;A3278;00019200000013239210;MultiModal;20/06/2026 22:20;22/06/2026 13:23;20/06/2026 22:20;22/06/2026 13:23
557935;ES;A4817;00019200000013239228;MultiModal;20/06/2026 22:20;22/06/2026 13:23;20/06/2026 22:20;22/06/2026 13:23
557935;ES;TA0321;00019200000013239236;MultiModal;20/06/2026 22:20;22/06/2026 13:23;20/06/2026 22:20;22/06/2026 13:23
557935;ES;A0893;00019200000013239244;MultiModal;20/06/2026 22:20;22/06/2026 13:23;20/06/2026 22:20;22/06/2026 13:23
557935;ES;A8355;00019200000013239252;MultiModal;20/06/2026 22:20;22/06/2026 13:23;20/06/2026 22:20;22/06/2026 13:23
557935;ES;A4324;00019200000013239260;MultiModal;20/06/2026 22:20;22/06/2026 13:23;20/06/2026 22:20;22/06/2026 13:23
557935;ES;A8683;00019200000013239279;MultiModal;20/06/2026 22:20;22/06/2026 13:23;20/06/2026 22:20;22/06/2026 13:23
557935;ES;A0727;00019200000013239449;MultiModal;20/06/2026 22:20;22/06/2026 13:23;20/06/2026 22:20;22/06/2026 13:23
557935;ES;TA0232;00019200000013239465;MultiModal;20/06/2026 22:20;22/06/2026 13:23;20/06/2026 22:20;22/06/2026 13:23
557935;ES;A2051;00019200000013239473;MultiModal;20/06/2026 22:20;22/06/2026 13:23;20/06/2026 22:20;22/06/2026 13:23
557935;ES;A8931;00019200000013239481;MultiModal;20/06/2026 22:20;22/06/2026 13:23;20/06/2026 22:20;22/06/2026 13:23
557935;ES;A4482;00019200000013239490;MultiModal;20/06/2026 22:20;22/06/2026 13:23;20/06/2026 22:20;22/06/2026 13:23
557935;ES;A5102;00019200000013239503;MultiModal;20/06/2026 22:20;22/06/2026 13:23;20/06/2026 22:20;22/06/2026 13:23
558079;ES;A2177;00019200000012926388;MultiModal;18/06/2026 04:17;19/06/2026 18:44;18/06/2026 04:17;19/06/2026 18:44
559085;ES;A9461;00019200000013423827;MultiModal;06/07/2026 03:24;07/07/2026 12:15;06/07/2026 03:24;07/07/2026 12:15
559085;ES;A8378;00019200000013423835;MultiModal;06/07/2026 03:24;07/07/2026 12:15;06/07/2026 03:24;07/07/2026 12:15
559085;ES;A7881;00019200000013423843;MultiModal;06/07/2026 03:24;07/07/2026 12:15;06/07/2026 03:24;07/07/2026 12:15
559085;ES;A5971;00019200000013423851;MultiModal;06/07/2026 03:24;07/07/2026 12:15;06/07/2026 03:24;07/07/2026 12:15
559085;ES;A8592;00019200000013423860;MultiModal;06/07/2026 03:24;07/07/2026 12:15;06/07/2026 03:24;07/07/2026 12:15
559085;ES;A7977;00019200000013423878;MultiModal;06/07/2026 03:24;07/07/2026 12:15;06/07/2026 03:24;07/07/2026 12:15
559085;ES;A2954;00019200000013423886;MultiModal;06/07/2026 03:24;07/07/2026 12:15;06/07/2026 03:24;07/07/2026 12:15
559085;ES;A6994;00019200000013423894;MultiModal;06/07/2026 03:24;07/07/2026 12:15;06/07/2026 03:24;07/07/2026 12:15
559085;ES;A5423;00019200000013424130;MultiModal;06/07/2026 03:24;07/07/2026 12:15;06/07/2026 03:24;07/07/2026 12:15
559133;ES;A7846;00019200000013315854;MultiModal;25/06/2026 07:02;26/06/2026 16:04;25/06/2026 07:02;26/06/2026 16:04
559333;ES;A9593;00019200000013202707;MultiModal;29/06/2026 03:58;30/06/2026 12:20;29/06/2026 03:58;30/06/2026 12:20
559333;ES;A5908;00019200000013202715;MultiModal;29/06/2026 03:58;30/06/2026 12:20;29/06/2026 03:58;30/06/2026 12:20
559362;ES;A7649;00019200000013252895;MultiModal;29/06/2026 03:58;-;29/06/2026 03:58;-
559863;ES;A8051;00019200000013421280;MultiModal;06/07/2026 00:01;07/07/2026 09:30;06/07/2026 00:01;07/07/2026 09:30
560407;ES;A8032;00019200000013481231;MultiModal;15/07/2026 03:28;16/07/2026 14:00;15/07/2026 03:28;16/07/2026 14:00
556116;GO;A3825;00019200000012715000;MultiModal;11/06/2026 04:51;12/06/2026 15:32;-;-
556116;GO;TA0253;00019200000012758574;MultiModal;11/06/2026 04:51;12/06/2026 15:32;-;-
556116;GO;A2945;00019200000012758582;MultiModal;11/06/2026 04:51;12/06/2026 15:32;-;-
556116;GO;A3368;00019200000012758590;MultiModal;11/06/2026 04:51;12/06/2026 15:32;-;-
556116;GO;A6041;00019200000012758604;MultiModal;11/06/2026 04:51;12/06/2026 15:32;-;-
556116;GO;A9345;00019200000012758612;MultiModal;11/06/2026 04:51;12/06/2026 15:32;-;-
556116;GO;A6994;00019200000012758620;MultiModal;11/06/2026 04:51;12/06/2026 15:32;-;-
556116;GO;A3554;00019200000012758639;MultiModal;11/06/2026 04:51;12/06/2026 15:32;-;-
556116;GO;A7636;00019200000012758647;MultiModal;11/06/2026 04:51;12/06/2026 15:32;-;-
556116;GO;A3246;00019200000012758655;MultiModal;11/06/2026 04:51;12/06/2026 15:32;-;-
556116;GO;A7017;00019200000012758663;MultiModal;11/06/2026 04:51;12/06/2026 15:32;-;-
556116;GO;A3852;00019200000012758671;MultiModal;11/06/2026 04:51;12/06/2026 15:32;-;-
556116;GO;A5071;00019200000012758680;MultiModal;11/06/2026 04:51;12/06/2026 15:32;-;-
556303;GO;TA0251;00019200000012907103;MultiModal;11/06/2026 05:02;12/06/2026 15:27;-;-
556366;GO;A3435;00019200000012728977;MultiModal;11/06/2026 04:51;12/06/2026 15:31;-;-
556366;GO;A2983;00019200000012728993;MultiModal;11/06/2026 04:51;12/06/2026 15:31;-;-
556366;GO;A3819;00019200000012729027;MultiModal;11/06/2026 04:51;12/06/2026 15:31;-;-
556501;GO;A4983;00019200000012905950;MultiModal;11/06/2026 04:52;12/06/2026 15:28;-;-
556501;GO;A1932;00019200000012905968;MultiModal;11/06/2026 04:52;12/06/2026 15:28;-;-
556501;GO;A3058;00019200000012905976;MultiModal;11/06/2026 04:52;12/06/2026 15:28;-;-
556602;GO;A0640;00019200000012905658;MultiModal;11/06/2026 04:37;12/06/2026 15:23;11/06/2026 04:37;12/06/2026 15:23
556602;GO;A9334;00019200000012905666;MultiModal;11/06/2026 04:37;12/06/2026 15:23;11/06/2026 04:37;12/06/2026 15:23
556602;GO;A2762;00019200000012906514;MultiModal;11/06/2026 04:37;12/06/2026 15:23;11/06/2026 04:37;12/06/2026 15:23
556622;GO;A4702;00019200000012906085;MultiModal;13/06/2026 14:10;15/06/2026 15:32;13/06/2026 14:10;15/06/2026 15:24
556622;GO;A0680;00019200000012906093;MultiModal;13/06/2026 14:10;15/06/2026 15:32;13/06/2026 14:10;15/06/2026 15:24
556622;GO;A5261;00019200000012906220;MultiModal;13/06/2026 14:10;15/06/2026 15:32;13/06/2026 14:10;15/06/2026 15:24
556622;GO;A8629;00019200000012906271;MultiModal;13/06/2026 14:10;15/06/2026 15:32;13/06/2026 14:10;15/06/2026 15:24
556622;GO;A4891;00019200000012906832;MultiModal;13/06/2026 14:10;15/06/2026 15:32;13/06/2026 14:10;15/06/2026 15:24
556622;GO;TA0092;00019200000012906840;MultiModal;13/06/2026 14:10;15/06/2026 15:32;13/06/2026 14:10;15/06/2026 15:24
556635;GO;A5734;00019200000012905992;MultiModal;11/06/2026 04:34;12/06/2026 15:30;-;-
556693;GO;A0185;00019200000012655813;MultiModal;15/06/2026 09:05;16/06/2026 15:30;-;-
556693;GO;A5102;00019200000012655821;MultiModal;15/06/2026 09:05;16/06/2026 15:30;15/06/2026 17:37;16/06/2026 15:30
556693;GO;A8675;00019200000012655830;MultiModal;15/06/2026 09:05;16/06/2026 15:30;-;-
556693;GO;A3152;00019200000012655988;MultiModal;15/06/2026 09:05;16/06/2026 15:30;-;-
556693;GO;A9028;00019200000012656305;MultiModal;15/06/2026 09:05;16/06/2026 15:30;-;-
556693;GO;A1324;00019200000012656313;MultiModal;15/06/2026 09:05;16/06/2026 15:30;15/06/2026 17:37;16/06/2026 15:30
556693;GO;TA0441;00019200000012656321;MultiModal;15/06/2026 09:05;16/06/2026 15:30;-;-
556693;GO;A8488;00019200000012656330;MultiModal;15/06/2026 09:05;16/06/2026 15:30;-;-
556693;GO;TA0363;00019200000012656348;MultiModal;15/06/2026 09:05;16/06/2026 15:30;-;-
556693;GO;A9696;00019200000012694185;MultiModal;15/06/2026 09:05;16/06/2026 15:30;15/06/2026 17:37;16/06/2026 15:30
556693;GO;TA0977;00019200000012694207;MultiModal;15/06/2026 09:05;16/06/2026 15:30;-;-
556693;GO;A6680;00019200000012694215;MultiModal;15/06/2026 09:05;16/06/2026 15:30;-;-
556693;GO;A5300;00019200000012694223;MultiModal;15/06/2026 09:05;16/06/2026 15:30;-;-
556693;GO;A3062;00019200000012694231;MultiModal;15/06/2026 09:05;16/06/2026 15:30;-;-
556693;GO;A4362;00019200000012694240;MultiModal;15/06/2026 09:05;16/06/2026 15:30;-;-
556693;GO;A6147;00019200000012694258;MultiModal;15/06/2026 09:05;16/06/2026 15:30;-;-
556693;GO;A4580;00019200000012694266;MultiModal;15/06/2026 09:05;16/06/2026 15:30;-;-
556693;GO;A7882;00019200000012694274;MultiModal;15/06/2026 09:05;16/06/2026 15:30;-;-
556693;GO;A7855;00019200000012694282;MultiModal;15/06/2026 09:05;16/06/2026 15:30;15/06/2026 17:37;16/06/2026 15:30
556693;GO;A9203;00019200000012694290;MultiModal;15/06/2026 09:05;16/06/2026 15:30;15/06/2026 17:37;16/06/2026 15:30
556693;GO;A7029;00019200000012694304;MultiModal;15/06/2026 09:05;16/06/2026 15:30;15/06/2026 17:37;16/06/2026 15:30
556693;GO;A1631;00019200000012694312;MultiModal;15/06/2026 09:05;16/06/2026 15:30;15/06/2026 17:37;16/06/2026 15:30
556693;GO;A4412;00019200000012694320;MultiModal;15/06/2026 09:05;16/06/2026 15:30;15/06/2026 17:37;16/06/2026 15:30
556693;GO;A5708;00019200000012694339;MultiModal;15/06/2026 09:05;16/06/2026 15:30;15/06/2026 17:37;16/06/2026 15:30
556693;GO;A7608;00019200000012694347;MultiModal;15/06/2026 09:05;16/06/2026 15:30;15/06/2026 17:37;16/06/2026 15:30
556693;GO;A8955;00019200000012694355;MultiModal;15/06/2026 09:05;16/06/2026 15:30;15/06/2026 17:37;16/06/2026 15:30
556693;GO;A9314;00019200000012694363;MultiModal;15/06/2026 09:05;16/06/2026 15:30;15/06/2026 17:37;16/06/2026 15:30
556693;GO;A3864;00019200000012864005;MultiModal;15/06/2026 09:05;16/06/2026 15:30;15/06/2026 17:37;16/06/2026 15:30
556693;GO;A8910;00019200000012864013;MultiModal;15/06/2026 09:05;16/06/2026 15:30;-;-
556701;GO;A1013;00019200000012696030;MultiModal;22/06/2026 08:10;23/06/2026 14:55;22/06/2026 08:10;23/06/2026 14:55
556701;GO;A3761;00019200000012696048;MultiModal;22/06/2026 08:10;23/06/2026 14:55;22/06/2026 08:10;23/06/2026 14:55
556701;GO;A3630;00019200000012696056;MultiModal;22/06/2026 08:10;23/06/2026 14:55;22/06/2026 08:10;23/06/2026 14:55
556790;GO;A6021;00019200000012655864;MultiModal;16/06/2026 06:24;18/06/2026 12:04;17/06/2026 03:33;18/06/2026 11:00
556790;GO;A4668;00019200000012657263;MultiModal;16/06/2026 06:24;18/06/2026 12:04;17/06/2026 04:21;18/06/2026 11:00
556926;GO;A2331;00019200000012905003;MultiModal;11/06/2026 04:46;12/06/2026 10:44;-;-
556926;GO;A1624;00019200000012905011;MultiModal;11/06/2026 04:46;12/06/2026 10:44;-;-
556926;GO;A4636;00019200000012905020;MultiModal;11/06/2026 04:46;12/06/2026 10:44;-;-
556926;GO;A3028;00019200000012905038;MultiModal;11/06/2026 04:46;12/06/2026 10:44;-;-
556926;GO;A3487;00019200000012905046;MultiModal;11/06/2026 04:46;12/06/2026 10:44;-;-
556926;GO;A8015;00019200000012905054;MultiModal;11/06/2026 04:46;12/06/2026 10:44;-;-
556926;GO;A8924;00019200000012905062;MultiModal;11/06/2026 04:46;12/06/2026 10:44;-;-
556977;GO;TA0569;00019200000012684490;MultiModal;15/06/2026 09:03;16/06/2026 15:32;15/06/2026 09:03;16/06/2026 15:32
557098;GO;A2753;00019200000013211706;MultiModal;16/06/2026 05:12;17/06/2026 12:00;16/06/2026 05:12;17/06/2026 12:00
557098;GO;A9335;00019200000013213059;MultiModal;16/06/2026 05:12;17/06/2026 12:00;16/06/2026 05:12;17/06/2026 12:00
557254;GO;A3472;00019200000012923427;MultiModal;20/06/2026 22:21;23/06/2026 12:00;24/06/2026 06:08;26/06/2026 13:54
557254;GO;A5820;00019200000012923435;MultiModal;20/06/2026 22:21;23/06/2026 12:00;25/06/2026 04:10;26/06/2026 13:55
557254;GO;A3207;00019200000012923443;MultiModal;20/06/2026 22:21;23/06/2026 12:00;24/06/2026 06:08;26/06/2026 13:54
557254;GO;A0841;00019200000012923494;MultiModal;20/06/2026 22:21;23/06/2026 12:00;24/06/2026 06:08;26/06/2026 13:54
557254;GO;TA0742;00019200000012923508;MultiModal;20/06/2026 22:21;23/06/2026 12:00;24/06/2026 06:08;26/06/2026 13:54
557254;GO;A3084;00019200000012923516;MultiModal;20/06/2026 22:21;23/06/2026 12:00;25/06/2026 04:10;26/06/2026 13:55
557254;GO;A3646;00019200000012923524;MultiModal;20/06/2026 22:21;23/06/2026 12:00;22/06/2026 06:05;23/06/2026 12:00
557254;GO;A6214;00019200000012923532;MultiModal;20/06/2026 22:21;23/06/2026 12:00;22/06/2026 06:05;23/06/2026 12:00
557254;GO;A8070;00019200000012923540;MultiModal;20/06/2026 22:21;23/06/2026 12:00;22/06/2026 06:05;23/06/2026 12:00
557254;GO;A3655;00019200000012923559;MultiModal;20/06/2026 22:21;23/06/2026 12:00;22/06/2026 06:05;23/06/2026 12:00
557254;GO;A0951;00019200000012923567;MultiModal;20/06/2026 22:21;23/06/2026 12:00;22/06/2026 06:05;23/06/2026 12:00
557254;GO;A0256;00019200000012923575;MultiModal;20/06/2026 22:21;23/06/2026 12:00;25/06/2026 04:10;26/06/2026 13:55
557254;GO;A4967;00019200000012923591;MultiModal;20/06/2026 22:21;23/06/2026 12:00;24/06/2026 06:08;26/06/2026 13:54
557254;GO;A2651;00019200000012923605;MultiModal;20/06/2026 22:21;23/06/2026 12:00;24/06/2026 06:08;26/06/2026 13:54
557254;GO;A4670;00019200000012923613;MultiModal;20/06/2026 22:21;23/06/2026 12:00;25/06/2026 04:10;26/06/2026 13:55
557254;GO;A6153;00019200000013243403;MultiModal;20/06/2026 22:21;23/06/2026 12:00;22/06/2026 06:05;23/06/2026 12:00
557254;GO;TA0373;00019200000013243411;MultiModal;20/06/2026 22:21;23/06/2026 12:00;22/06/2026 06:05;23/06/2026 12:00
557254;GO;A7833;00019200000013243420;MultiModal;20/06/2026 22:21;23/06/2026 12:00;22/06/2026 06:05;23/06/2026 12:00
557254;GO;A7944;00019200000013243438;MultiModal;20/06/2026 22:21;23/06/2026 12:00;25/06/2026 04:10;26/06/2026 13:55
557254;GO;A1940;00019200000013243446;MultiModal;20/06/2026 22:21;23/06/2026 12:00;25/06/2026 04:10;26/06/2026 13:55
557254;GO;A5196;00019200000013243454;MultiModal;20/06/2026 22:21;23/06/2026 12:00;22/06/2026 06:05;23/06/2026 12:00
557254;GO;TA0383;00019200000013243462;MultiModal;20/06/2026 22:21;23/06/2026 12:00;24/06/2026 06:08;26/06/2026 13:54
557254;GO;A2952;00019200000013243470;MultiModal;20/06/2026 22:21;23/06/2026 12:00;24/06/2026 06:08;26/06/2026 13:54
557254;GO;A8133;00019200000013243489;MultiModal;20/06/2026 22:21;23/06/2026 12:00;24/06/2026 06:08;26/06/2026 13:54
557254;GO;TA0310;00019200000013243497;MultiModal;20/06/2026 22:21;23/06/2026 12:00;24/06/2026 06:08;26/06/2026 13:54
557254;GO;A4509;00019200000013243500;MultiModal;20/06/2026 22:21;23/06/2026 12:00;25/06/2026 04:10;26/06/2026 13:55
557254;GO;A9581;00019200000013243519;MultiModal;20/06/2026 22:21;23/06/2026 12:00;24/06/2026 06:08;26/06/2026 13:54
557254;GO;A3628;00019200000013243527;MultiModal;20/06/2026 22:21;23/06/2026 12:00;24/06/2026 06:08;26/06/2026 13:54
557254;GO;A4597;00019200000013243535;MultiModal;20/06/2026 22:21;23/06/2026 12:00;24/06/2026 06:08;26/06/2026 13:54
557254;GO;A4278;00019200000013243543;MultiModal;20/06/2026 22:21;23/06/2026 12:00;20/06/2026 22:21;26/06/2026 13:56
557254;GO;A7537;00019200000013243551;MultiModal;20/06/2026 22:21;23/06/2026 12:00;20/06/2026 22:21;26/06/2026 13:56
557254;GO;A6767;00019200000013243560;MultiModal;20/06/2026 22:21;23/06/2026 12:00;24/06/2026 06:08;26/06/2026 13:54
557254;GO;A7748;00019200000013243578;MultiModal;20/06/2026 22:21;23/06/2026 12:00;20/06/2026 22:21;26/06/2026 13:56
557254;GO;A9612;00019200000013243586;MultiModal;20/06/2026 22:21;23/06/2026 12:00;24/06/2026 06:08;26/06/2026 13:54
557254;GO;A5115;00019200000013243594;MultiModal;20/06/2026 22:21;23/06/2026 12:00;25/06/2026 04:10;26/06/2026 13:55
557254;GO;A7994;00019200000013243608;MultiModal;20/06/2026 22:21;23/06/2026 12:00;24/06/2026 06:08;26/06/2026 13:54
557254;GO;A9321;00019200000013243616;MultiModal;20/06/2026 22:21;23/06/2026 12:00;24/06/2026 06:08;26/06/2026 13:54
557254;GO;A2863;00019200000013243624;MultiModal;20/06/2026 22:21;23/06/2026 12:00;24/06/2026 06:08;26/06/2026 13:54
557254;GO;TA0242;00019200000013243632;MultiModal;20/06/2026 22:21;23/06/2026 12:00;24/06/2026 06:08;26/06/2026 13:54
557254;GO;A0310;00019200000013243640;MultiModal;20/06/2026 22:21;23/06/2026 12:00;25/06/2026 04:10;26/06/2026 13:55
557254;GO;TA0275;00019200000013243659;MultiModal;20/06/2026 22:21;23/06/2026 12:00;25/06/2026 04:10;26/06/2026 13:55
557254;GO;A7680;00019200000013243667;MultiModal;20/06/2026 22:21;23/06/2026 12:00;25/06/2026 04:10;26/06/2026 13:55
557254;GO;A7785;00019200000013243675;MultiModal;20/06/2026 22:21;23/06/2026 12:00;20/06/2026 22:21;26/06/2026 13:56
557254;GO;A9519;00019200000013243683;MultiModal;20/06/2026 22:21;23/06/2026 12:00;25/06/2026 04:10;26/06/2026 13:55
557254;GO;A9354;00019200000013243691;MultiModal;20/06/2026 22:21;23/06/2026 12:00;20/06/2026 22:21;26/06/2026 13:56
557254;GO;A9484;00019200000013243705;MultiModal;20/06/2026 22:21;23/06/2026 12:00;20/06/2026 22:21;26/06/2026 13:56
557254;GO;TA0538;00019200000013243713;MultiModal;20/06/2026 22:21;23/06/2026 12:00;20/06/2026 22:21;26/06/2026 13:56
557254;GO;A4652;00019200000013243721;MultiModal;20/06/2026 22:21;23/06/2026 12:00;20/06/2026 22:21;26/06/2026 13:56
557254;GO;TA0407;00019200000013243730;MultiModal;20/06/2026 22:21;23/06/2026 12:00;20/06/2026 22:21;26/06/2026 13:56
557254;GO;A4749;00019200000013243748;MultiModal;20/06/2026 22:21;23/06/2026 12:00;20/06/2026 22:21;26/06/2026 13:56
557254;GO;A4894;00019200000013243756;MultiModal;20/06/2026 22:21;23/06/2026 12:00;20/06/2026 22:21;26/06/2026 13:56
557254;GO;A3152;00019200000013243780;MultiModal;20/06/2026 22:21;23/06/2026 12:00;20/06/2026 22:21;26/06/2026 13:56
557254;GO;A7444;00019200000013243799;MultiModal;20/06/2026 22:21;23/06/2026 12:00;20/06/2026 22:21;26/06/2026 13:56
557254;GO;A6036;00019200000013243802;MultiModal;20/06/2026 22:21;23/06/2026 12:00;20/06/2026 22:21;26/06/2026 13:56
557254;GO;A9296;00019200000013243810;MultiModal;20/06/2026 22:21;23/06/2026 12:00;20/06/2026 22:21;26/06/2026 13:56
557254;GO;A0117;00019200000013243829;MultiModal;20/06/2026 22:21;23/06/2026 12:00;20/06/2026 22:21;26/06/2026 13:56
557254;GO;A4622;00019200000013243837;MultiModal;20/06/2026 22:21;23/06/2026 12:00;20/06/2026 22:21;26/06/2026 13:56
557254;GO;A7054;00019200000013243845;MultiModal;20/06/2026 22:21;23/06/2026 12:00;20/06/2026 22:21;26/06/2026 13:56
557254;GO;A6235;00019200000013243853;MultiModal;20/06/2026 22:21;23/06/2026 12:00;20/06/2026 22:21;26/06/2026 13:56
557254;GO;A2753;00019200000013243861;MultiModal;20/06/2026 22:21;23/06/2026 12:00;20/06/2026 22:21;26/06/2026 13:56
557254;GO;A7864;00019200000013243870;MultiModal;20/06/2026 22:21;23/06/2026 12:00;25/06/2026 04:10;26/06/2026 13:55
557254;GO;A3899;00019200000013243888;MultiModal;20/06/2026 22:21;23/06/2026 12:00;25/06/2026 04:10;26/06/2026 13:55
557254;GO;A7150;00019200000013243900;MultiModal;20/06/2026 22:21;23/06/2026 12:00;25/06/2026 04:10;26/06/2026 13:55
557254;GO;A7356;00019200000013243918;MultiModal;20/06/2026 22:21;23/06/2026 12:00;25/06/2026 04:10;26/06/2026 13:55
557254;GO;A3284;00019200000013243926;MultiModal;20/06/2026 22:21;23/06/2026 12:00;20/06/2026 22:21;26/06/2026 13:56
557254;GO;A7634;00019200000013244299;MultiModal;20/06/2026 22:21;23/06/2026 12:00;24/06/2026 06:08;26/06/2026 13:54
557254;GO;A6469;00019200000013244345;MultiModal;20/06/2026 22:21;23/06/2026 12:00;22/06/2026 06:05;23/06/2026 12:00
557254;GO;A3468;00019200000013244353;MultiModal;20/06/2026 22:21;23/06/2026 12:00;22/06/2026 06:05;23/06/2026 12:00
557254;GO;A5226;00019200000013244361;MultiModal;20/06/2026 22:21;23/06/2026 12:00;22/06/2026 06:05;23/06/2026 12:00
557254;GO;A2147;00019200000013244370;MultiModal;20/06/2026 22:21;23/06/2026 12:00;25/06/2026 04:10;26/06/2026 13:55
557254;GO;A5547;00019200000013244388;MultiModal;20/06/2026 22:21;23/06/2026 12:00;22/06/2026 06:05;23/06/2026 12:00
557254;GO;A5861;00019200000013244396;MultiModal;20/06/2026 22:21;23/06/2026 12:00;22/06/2026 06:05;23/06/2026 12:00
557254;GO;A5988;00019200000013244400;MultiModal;20/06/2026 22:21;23/06/2026 12:00;25/06/2026 04:10;26/06/2026 13:55
557254;GO;A4426;00019200000013244418;MultiModal;20/06/2026 22:21;23/06/2026 12:00;22/06/2026 06:05;23/06/2026 12:00
557254;GO;A5006;00019200000013244426;MultiModal;20/06/2026 22:21;23/06/2026 12:00;22/06/2026 06:05;23/06/2026 12:00
557254;GO;A4287;00019200000013244434;MultiModal;20/06/2026 22:21;23/06/2026 12:00;22/06/2026 06:05;23/06/2026 12:00
557254;GO;A3444;00019200000013244442;MultiModal;20/06/2026 22:21;23/06/2026 12:00;22/06/2026 06:05;23/06/2026 12:00
557254;GO;A7594;00019200000013244450;MultiModal;20/06/2026 22:21;23/06/2026 12:00;25/06/2026 04:10;26/06/2026 13:55
557254;GO;A8539;00019200000013244469;MultiModal;20/06/2026 22:21;23/06/2026 12:00;22/06/2026 06:05;23/06/2026 12:00
557254;GO;A0447;00019200000013244477;MultiModal;20/06/2026 22:21;23/06/2026 12:00;22/06/2026 06:05;23/06/2026 12:00
557254;GO;A8607;00019200000013244485;MultiModal;20/06/2026 22:21;23/06/2026 12:00;22/06/2026 06:05;23/06/2026 12:00
557254;GO;TA0857;00019200000013244493;MultiModal;20/06/2026 22:21;23/06/2026 12:00;25/06/2026 04:10;26/06/2026 13:55
557270;GO;A8729;00019200000012907430;MultiModal;22/06/2026 08:11;23/06/2026 12:03;22/06/2026 08:11;23/06/2026 12:03
557270;GO;A2890;00019200000012907448;MultiModal;22/06/2026 08:11;23/06/2026 12:03;22/06/2026 08:11;23/06/2026 12:03
557270;GO;TA0620;00019200000012907456;MultiModal;22/06/2026 08:11;23/06/2026 12:03;22/06/2026 08:11;23/06/2026 12:03
557270;GO;A6345;00019200000012907464;MultiModal;22/06/2026 08:11;23/06/2026 12:03;22/06/2026 08:11;23/06/2026 12:03
557669;GO;A6353;00019200000012685305;MultiModal;16/06/2026 04:08;17/06/2026 15:01;16/06/2026 04:08;17/06/2026 15:01
557696;GO;A7123;00019200000012685380;MultiModal;16/06/2026 04:08;17/06/2026 14:49;16/06/2026 04:08;17/06/2026 14:49
557759;GO;A7033;00019200000013252836;MultiModal;30/06/2026 05:34;03/07/2026 14:21;30/06/2026 05:34;03/07/2026 14:21
557759;GO;A6681;00019200000013252844;MultiModal;30/06/2026 05:34;03/07/2026 14:21;30/06/2026 05:34;03/07/2026 14:21
557759;GO;A0349;00019200000013252852;MultiModal;30/06/2026 05:34;03/07/2026 14:21;30/06/2026 05:34;03/07/2026 14:21
557759;GO;A5064;00019200000013252860;MultiModal;30/06/2026 05:34;03/07/2026 14:21;30/06/2026 05:34;03/07/2026 14:21
557759;GO;A4865;00019200000013253018;MultiModal;30/06/2026 05:34;03/07/2026 14:21;30/06/2026 05:34;03/07/2026 14:21
557759;GO;A5819;00019200000013253026;MultiModal;30/06/2026 05:34;03/07/2026 14:21;30/06/2026 05:34;03/07/2026 14:21
557759;GO;A4702;00019200000013253034;MultiModal;30/06/2026 05:34;03/07/2026 14:21;30/06/2026 05:34;03/07/2026 14:21
557759;GO;A2214;00019200000013253042;MultiModal;30/06/2026 05:34;03/07/2026 14:21;30/06/2026 05:34;03/07/2026 14:21
557759;GO;A6783;00019200000013253050;MultiModal;30/06/2026 05:34;03/07/2026 14:21;30/06/2026 05:34;03/07/2026 14:21
557759;GO;A4587;00019200000013253069;MultiModal;30/06/2026 05:34;03/07/2026 14:21;30/06/2026 05:34;03/07/2026 14:21
557759;GO;A7169;00019200000013253352;MultiModal;30/06/2026 05:34;03/07/2026 14:21;30/06/2026 05:34;03/07/2026 14:21
557759;GO;A5524;00019200000013254286;MultiModal;30/06/2026 05:34;03/07/2026 14:21;30/06/2026 05:34;03/07/2026 14:21
557938;GO;A5838;00019200000012433250;MultiModal;23/06/2026 05:13;25/06/2026 11:58;23/06/2026 05:13;25/06/2026 11:58
557938;GO;A1807;00019200000012433306;MultiModal;23/06/2026 05:13;25/06/2026 11:58;23/06/2026 05:13;25/06/2026 11:58
557938;GO;A6074;00019200000012433314;MultiModal;23/06/2026 05:13;25/06/2026 11:58;23/06/2026 05:13;25/06/2026 11:58
557938;GO;A5627;00019200000012433322;MultiModal;23/06/2026 05:13;25/06/2026 11:58;23/06/2026 05:13;25/06/2026 11:58
557938;GO;A9063;00019200000012433330;MultiModal;23/06/2026 05:13;25/06/2026 11:58;23/06/2026 05:13;25/06/2026 11:58
557943;GO;A1908;00019200000013239287;MultiModal;20/06/2026 22:12;22/06/2026 16:14;20/06/2026 22:12;22/06/2026 16:14
557943;GO;A6543;00019200000013239295;MultiModal;20/06/2026 22:12;22/06/2026 16:14;20/06/2026 22:12;22/06/2026 16:14
557943;GO;A9463;00019200000013239317;MultiModal;20/06/2026 22:12;22/06/2026 16:14;20/06/2026 22:12;22/06/2026 16:14
557943;GO;A1736;00019200000013239325;MultiModal;20/06/2026 22:12;22/06/2026 16:14;20/06/2026 22:12;22/06/2026 16:14
557943;GO;A6773;00019200000013239333;MultiModal;20/06/2026 22:12;22/06/2026 16:14;20/06/2026 22:12;22/06/2026 16:14
557943;GO;A7146;00019200000013239341;MultiModal;20/06/2026 22:12;22/06/2026 16:14;20/06/2026 22:12;22/06/2026 16:14
557943;GO;A8559;00019200000013239350;MultiModal;20/06/2026 22:12;22/06/2026 16:14;20/06/2026 22:12;22/06/2026 16:14
557943;GO;;00019200000013239368;MultiModal;20/06/2026 22:12;22/06/2026 16:14;-;-
557943;GO;A8918;00019200000013239376;MultiModal;20/06/2026 22:12;22/06/2026 16:14;20/06/2026 22:12;22/06/2026 16:14
557943;GO;A3382;00019200000013239384;MultiModal;20/06/2026 22:12;22/06/2026 16:14;20/06/2026 22:12;22/06/2026 16:14
557943;GO;A8924;00019200000013239392;MultiModal;20/06/2026 22:12;22/06/2026 16:14;20/06/2026 22:12;22/06/2026 16:14
557943;GO;A8969;00019200000013239406;MultiModal;20/06/2026 22:12;22/06/2026 16:14;20/06/2026 22:12;22/06/2026 16:14
557943;GO;TA1088;00019200000013239414;MultiModal;20/06/2026 22:12;22/06/2026 16:14;20/06/2026 22:12;22/06/2026 16:14
557943;GO;A1927;00019200000013239422;MultiModal;20/06/2026 22:12;22/06/2026 16:14;20/06/2026 22:12;22/06/2026 16:14
557943;GO;A8561;00019200000013239511;MultiModal;20/06/2026 22:12;22/06/2026 16:14;20/06/2026 22:12;22/06/2026 16:14
557943;GO;A9050;00019200000013239520;MultiModal;20/06/2026 22:12;22/06/2026 16:14;20/06/2026 22:12;22/06/2026 16:14
557943;GO;A5193;00019200000013239538;MultiModal;20/06/2026 22:12;22/06/2026 16:14;20/06/2026 22:12;22/06/2026 16:14
557943;GO;A3062;00019200000013239546;MultiModal;20/06/2026 22:12;22/06/2026 16:14;20/06/2026 22:12;22/06/2026 16:14
557943;GO;A8846;00019200000013239554;MultiModal;20/06/2026 22:12;22/06/2026 16:14;20/06/2026 22:12;22/06/2026 16:14
557943;GO;A9567;00019200000013239562;MultiModal;20/06/2026 22:12;22/06/2026 16:14;20/06/2026 22:12;22/06/2026 16:14
557943;GO;A7011;00019200000013239570;MultiModal;20/06/2026 22:12;22/06/2026 16:14;20/06/2026 22:12;22/06/2026 16:14
557943;GO;A9433;00019200000013239589;MultiModal;20/06/2026 22:12;22/06/2026 16:14;20/06/2026 22:12;22/06/2026 16:14
557950;GO;A9643;00019200000013327089;MultiModal;23/06/2026 04:59;24/06/2026 10:44;23/06/2026 04:59;24/06/2026 10:43
557950;GO;A8779;00019200000013327194;MultiModal;23/06/2026 04:59;24/06/2026 10:44;23/06/2026 04:59;24/06/2026 10:43
557950;GO;A3461;00019200000013335154;MultiModal;23/06/2026 04:59;24/06/2026 10:44;23/06/2026 04:59;24/06/2026 10:43
557950;GO;TA0682;00019200000013335219;MultiModal;23/06/2026 04:59;24/06/2026 10:44;23/06/2026 05:31;24/06/2026 10:43
557950;GO;A7427;00019200000013335227;MultiModal;23/06/2026 04:59;24/06/2026 10:44;23/06/2026 05:31;24/06/2026 10:43
557950;GO;A9397;00019200000013335235;MultiModal;23/06/2026 04:59;24/06/2026 10:44;23/06/2026 04:59;24/06/2026 10:43
557950;GO;TA0517;00019200000013335243;MultiModal;23/06/2026 04:59;24/06/2026 10:44;23/06/2026 05:31;24/06/2026 10:43
557950;GO;A6278;00019200000013335251;MultiModal;23/06/2026 04:59;24/06/2026 10:44;23/06/2026 05:31;24/06/2026 10:43
557950;GO;S0634;00019200000013335260;MultiModal;23/06/2026 04:59;24/06/2026 10:44;23/06/2026 05:31;24/06/2026 10:43
557950;GO;TA1227;00019200000013335278;MultiModal;23/06/2026 04:59;24/06/2026 10:44;23/06/2026 05:31;24/06/2026 10:43
557950;GO;A6500;00019200000013335286;MultiModal;23/06/2026 04:59;24/06/2026 10:44;23/06/2026 04:59;24/06/2026 10:43
557950;GO;A9013;00019200000013335294;MultiModal;23/06/2026 04:59;24/06/2026 10:44;23/06/2026 04:59;24/06/2026 10:43
557950;GO;A0718;00019200000013335308;MultiModal;23/06/2026 04:59;24/06/2026 10:44;23/06/2026 04:59;24/06/2026 10:43
557950;GO;A6948;00019200000013335316;MultiModal;23/06/2026 04:59;24/06/2026 10:44;23/06/2026 05:31;24/06/2026 10:43
557950;GO;TA1105;00019200000013335324;MultiModal;23/06/2026 04:59;24/06/2026 10:44;23/06/2026 04:59;24/06/2026 10:43
557950;GO;A1433;00019200000013335359;MultiModal;23/06/2026 04:59;24/06/2026 10:44;23/06/2026 05:31;24/06/2026 10:43
557950;GO;A6989;00019200000013335367;MultiModal;23/06/2026 04:59;24/06/2026 10:44;23/06/2026 05:31;24/06/2026 10:43
557950;GO;TA0573;00019200000013335383;MultiModal;23/06/2026 04:59;24/06/2026 10:44;23/06/2026 04:59;24/06/2026 10:43
557950;GO;A7321;00019200000013335391;MultiModal;23/06/2026 04:59;24/06/2026 10:44;23/06/2026 05:31;24/06/2026 10:43
557950;GO;A8992;00019200000013335405;MultiModal;23/06/2026 04:59;24/06/2026 10:44;23/06/2026 04:59;24/06/2026 10:43
557950;GO;A1766;00019200000013335413;MultiModal;23/06/2026 04:59;24/06/2026 10:44;23/06/2026 05:31;24/06/2026 10:43
557950;GO;A8120;00019200000013335421;MultiModal;23/06/2026 04:59;24/06/2026 10:44;23/06/2026 04:59;24/06/2026 10:43
557950;GO;TA0348;00019200000013335430;MultiModal;23/06/2026 04:59;24/06/2026 10:44;23/06/2026 05:31;24/06/2026 10:43
557950;GO;A6184;00019200000013335448;MultiModal;23/06/2026 04:59;24/06/2026 10:44;23/06/2026 04:59;24/06/2026 10:43
557950;GO;A5832;00019200000013335456;MultiModal;23/06/2026 04:59;24/06/2026 10:44;23/06/2026 05:31;24/06/2026 10:43
557950;GO;A8986;00019200000013335464;MultiModal;23/06/2026 04:59;24/06/2026 10:44;23/06/2026 04:59;24/06/2026 10:43
557950;GO;A7260;00019200000013335472;MultiModal;23/06/2026 04:59;24/06/2026 10:44;23/06/2026 04:59;24/06/2026 10:43
557950;GO;A4695;00019200000013335510;MultiModal;23/06/2026 04:59;24/06/2026 10:44;23/06/2026 05:31;24/06/2026 10:43
557954;GO;A9702;00019200000013211340;MultiModal;20/06/2026 22:21;22/06/2026 16:12;20/06/2026 22:21;22/06/2026 16:12
557954;GO;A6633;00019200000013211358;MultiModal;20/06/2026 22:21;22/06/2026 16:12;20/06/2026 22:21;22/06/2026 16:12
557954;GO;TA0694;00019200000013211366;MultiModal;20/06/2026 22:21;22/06/2026 16:12;20/06/2026 22:21;22/06/2026 16:12
557954;GO;A6041;00019200000013211374;MultiModal;20/06/2026 22:21;22/06/2026 16:12;20/06/2026 22:21;22/06/2026 16:12
557954;GO;A9343;00019200000013211382;MultiModal;20/06/2026 22:21;22/06/2026 16:12;20/06/2026 22:21;22/06/2026 16:12
557954;GO;TA0589;00019200000013211390;MultiModal;20/06/2026 22:21;22/06/2026 16:12;20/06/2026 22:21;22/06/2026 16:12
557954;GO;A7342;00019200000013211404;MultiModal;20/06/2026 22:21;22/06/2026 16:12;20/06/2026 22:21;22/06/2026 16:12
557954;GO;;00019200000013211412;MultiModal;20/06/2026 22:21;22/06/2026 16:12;20/06/2026 22:21;22/06/2026 16:12
557954;GO;A4297;00019200000013211420;MultiModal;20/06/2026 22:21;22/06/2026 16:12;20/06/2026 22:21;22/06/2026 16:12
557954;GO;A4891;00019200000013211439;MultiModal;20/06/2026 22:21;22/06/2026 16:12;20/06/2026 22:21;22/06/2026 16:12
557954;GO;TA0856;00019200000013211447;MultiModal;20/06/2026 22:21;22/06/2026 16:12;20/06/2026 22:21;22/06/2026 16:12
557954;GO;A9107;00019200000013211455;MultiModal;20/06/2026 22:21;22/06/2026 16:12;20/06/2026 22:21;22/06/2026 16:12
557954;GO;;00019200000013211463;MultiModal;20/06/2026 22:21;22/06/2026 16:12;20/06/2026 22:21;22/06/2026 16:12
557954;GO;A6707;00019200000013211471;MultiModal;20/06/2026 22:21;22/06/2026 16:12;20/06/2026 22:21;22/06/2026 16:12
557954;GO;A8646;00019200000013211480;MultiModal;20/06/2026 22:21;22/06/2026 16:12;20/06/2026 22:21;22/06/2026 16:12
557954;GO;A3422;00019200000013211498;MultiModal;20/06/2026 22:21;22/06/2026 16:12;20/06/2026 22:21;22/06/2026 16:12
557954;GO;TA0960;00019200000013211501;MultiModal;20/06/2026 22:21;22/06/2026 16:12;20/06/2026 22:21;22/06/2026 16:12
557954;GO;A3028;00019200000013211510;MultiModal;20/06/2026 22:21;22/06/2026 16:12;20/06/2026 22:21;22/06/2026 16:12
557954;GO;TA0354;00019200000013211528;MultiModal;20/06/2026 22:21;22/06/2026 16:12;20/06/2026 22:21;22/06/2026 16:12
557954;GO;TA0687;00019200000013239015;MultiModal;20/06/2026 22:21;22/06/2026 16:12;20/06/2026 22:21;22/06/2026 16:12
557954;GO;A2216;00019200000013239023;MultiModal;20/06/2026 22:21;22/06/2026 16:12;20/06/2026 22:21;22/06/2026 16:12
557954;GO;TA1167;00019200000013239031;MultiModal;20/06/2026 22:21;22/06/2026 16:12;20/06/2026 22:21;22/06/2026 16:12
557954;GO;A9334;00019200000013239112;MultiModal;20/06/2026 22:21;22/06/2026 16:12;20/06/2026 22:21;22/06/2026 16:12
557954;GO;A9593;00019200000013239120;MultiModal;20/06/2026 22:21;22/06/2026 16:12;20/06/2026 22:21;22/06/2026 16:12
557954;GO;A9333;00019200000013242970;MultiModal;20/06/2026 22:21;22/06/2026 16:12;20/06/2026 22:21;22/06/2026 16:12
557954;GO;A6387;00019200000013242989;MultiModal;20/06/2026 22:21;22/06/2026 16:12;20/06/2026 22:21;22/06/2026 16:12
557954;GO;A3202;00019200000013242997;MultiModal;20/06/2026 22:21;22/06/2026 16:12;20/06/2026 22:21;22/06/2026 16:12
557954;GO;A7950;00019200000013243004;MultiModal;20/06/2026 22:21;22/06/2026 16:12;20/06/2026 22:21;22/06/2026 16:12
557954;GO;A8015;00019200000013243012;MultiModal;20/06/2026 22:21;22/06/2026 16:12;20/06/2026 22:21;22/06/2026 16:12
557956;GO;A8782;00019200000013203673;MultiModal;22/06/2026 08:12;23/06/2026 13:51;22/06/2026 08:12;23/06/2026 13:51
557956;GO;A5781;00019200000013204335;MultiModal;22/06/2026 08:12;23/06/2026 13:51;22/06/2026 08:12;23/06/2026 13:51
557956;GO;TA1155;00019200000013204343;MultiModal;22/06/2026 08:12;23/06/2026 13:51;22/06/2026 08:12;23/06/2026 13:51
557956;GO;A5455;00019200000013204351;MultiModal;22/06/2026 08:12;23/06/2026 13:51;22/06/2026 08:12;23/06/2026 13:51
557956;GO;A6696;00019200000013204360;MultiModal;22/06/2026 08:12;23/06/2026 13:51;22/06/2026 08:12;23/06/2026 13:51
557956;GO;A4327;00019200000013204378;MultiModal;22/06/2026 08:12;23/06/2026 13:51;22/06/2026 08:12;23/06/2026 13:51
557956;GO;A3778;00019200000013204386;MultiModal;22/06/2026 08:12;23/06/2026 13:51;22/06/2026 08:12;23/06/2026 13:51
557956;GO;A5285;00019200000013204394;MultiModal;22/06/2026 08:12;23/06/2026 13:51;22/06/2026 08:12;23/06/2026 13:51
557956;GO;A7475;00019200000013204408;MultiModal;22/06/2026 08:12;23/06/2026 13:51;22/06/2026 08:12;23/06/2026 13:51
557956;GO;A6737;00019200000013204416;MultiModal;22/06/2026 08:12;23/06/2026 13:51;22/06/2026 08:12;23/06/2026 13:51
557956;GO;A5015;00019200000013204424;MultiModal;22/06/2026 08:12;23/06/2026 13:51;22/06/2026 08:12;23/06/2026 13:51
557956;GO;A9267;00019200000013204432;MultiModal;22/06/2026 08:12;23/06/2026 13:51;22/06/2026 08:12;23/06/2026 13:51
557956;GO;A8466;00019200000013204440;MultiModal;22/06/2026 08:12;23/06/2026 13:51;22/06/2026 08:12;23/06/2026 13:51
557956;GO;A6747;00019200000013204653;MultiModal;22/06/2026 08:12;23/06/2026 13:51;22/06/2026 08:12;23/06/2026 13:51
557956;GO;A9080;00019200000013204661;MultiModal;22/06/2026 08:12;23/06/2026 13:51;22/06/2026 08:12;23/06/2026 13:51
557956;GO;A3467;00019200000013204696;MultiModal;22/06/2026 08:12;23/06/2026 13:51;22/06/2026 08:12;23/06/2026 13:51
557956;GO;A7917;00019200000013204700;MultiModal;22/06/2026 08:12;23/06/2026 13:51;22/06/2026 08:12;23/06/2026 13:51
557956;GO;TA1034;00019200000013204734;MultiModal;22/06/2026 08:12;23/06/2026 13:51;22/06/2026 08:12;23/06/2026 13:51
557956;GO;A8984;00019200000013204742;MultiModal;22/06/2026 08:12;23/06/2026 13:51;22/06/2026 08:12;23/06/2026 13:51
557956;GO;TA1051;00019200000013204750;MultiModal;22/06/2026 08:12;23/06/2026 13:51;22/06/2026 08:12;23/06/2026 13:51
557956;GO;TA0021;00019200000013204769;MultiModal;22/06/2026 08:12;23/06/2026 13:51;22/06/2026 08:12;23/06/2026 13:51
557956;GO;A2951;00019200000013204777;MultiModal;22/06/2026 08:12;23/06/2026 13:51;22/06/2026 08:12;23/06/2026 13:51
557956;GO;A7357;00019200000013204785;MultiModal;22/06/2026 08:12;23/06/2026 13:51;22/06/2026 08:12;23/06/2026 13:51
557956;GO;A9017;00019200000013204793;MultiModal;22/06/2026 08:12;23/06/2026 13:51;22/06/2026 08:12;23/06/2026 13:51
557956;GO;A9269;00019200000013204807;MultiModal;22/06/2026 08:12;23/06/2026 13:51;22/06/2026 08:12;23/06/2026 13:51
557957;GO;A3747;00019200000013203754;MultiModal;22/06/2026 05:48;23/06/2026 13:52;22/06/2026 05:48;23/06/2026 13:52
557957;GO;A4510;00019200000013203762;MultiModal;22/06/2026 05:48;23/06/2026 13:52;22/06/2026 05:48;23/06/2026 13:52
557957;GO;A0393;00019200000013203770;MultiModal;22/06/2026 05:48;23/06/2026 13:52;22/06/2026 05:48;23/06/2026 13:52
557957;GO;A7332;00019200000013203789;MultiModal;22/06/2026 05:48;23/06/2026 13:52;22/06/2026 05:48;23/06/2026 13:52
557957;GO;A7038;00019200000013203797;MultiModal;22/06/2026 05:48;23/06/2026 13:52;22/06/2026 05:48;23/06/2026 13:52
557957;GO;A5892;00019200000013203800;MultiModal;22/06/2026 05:48;23/06/2026 13:52;22/06/2026 05:48;23/06/2026 13:52
557957;GO;A8332;00019200000013203819;MultiModal;22/06/2026 05:48;23/06/2026 13:52;22/06/2026 05:48;23/06/2026 13:52
557957;GO;A5830;00019200000013203827;MultiModal;22/06/2026 05:48;23/06/2026 13:52;22/06/2026 05:48;23/06/2026 13:52
557957;GO;A6716;00019200000013203835;MultiModal;22/06/2026 05:48;23/06/2026 13:52;22/06/2026 05:48;23/06/2026 13:52
557957;GO;A7121;00019200000013203843;MultiModal;22/06/2026 05:48;23/06/2026 13:52;22/06/2026 05:48;23/06/2026 13:52
557957;GO;A1802;00019200000013203851;MultiModal;22/06/2026 05:48;23/06/2026 13:52;22/06/2026 05:48;23/06/2026 13:52
557957;GO;A8279;00019200000013203860;MultiModal;22/06/2026 05:48;23/06/2026 13:52;22/06/2026 05:48;23/06/2026 13:52
557957;GO;A3744;00019200000013203878;MultiModal;22/06/2026 05:48;23/06/2026 13:52;22/06/2026 05:48;23/06/2026 13:52
557957;GO;A7948;00019200000013203886;MultiModal;22/06/2026 05:48;23/06/2026 13:52;22/06/2026 05:48;23/06/2026 13:52
557957;GO;A6569;00019200000013203894;MultiModal;22/06/2026 05:48;23/06/2026 13:52;22/06/2026 05:48;23/06/2026 13:52
557957;GO;A5759;00019200000013203908;MultiModal;22/06/2026 05:48;23/06/2026 13:52;22/06/2026 05:48;23/06/2026 13:52
557957;GO;A8626;00019200000013203916;MultiModal;22/06/2026 05:48;23/06/2026 13:52;22/06/2026 05:48;23/06/2026 13:52
557957;GO;A0766;00019200000013203924;MultiModal;22/06/2026 05:48;23/06/2026 13:52;22/06/2026 05:48;23/06/2026 13:52
557957;GO;A3082;00019200000013203932;MultiModal;22/06/2026 05:48;23/06/2026 13:52;22/06/2026 05:48;23/06/2026 13:52
557957;GO;A0280;00019200000013203940;MultiModal;22/06/2026 05:48;23/06/2026 13:52;22/06/2026 05:48;23/06/2026 13:52
557957;GO;A9054;00019200000013203959;MultiModal;22/06/2026 05:48;23/06/2026 13:52;22/06/2026 05:48;23/06/2026 13:52
557957;GO;A1391;00019200000013204815;MultiModal;22/06/2026 05:48;23/06/2026 13:52;22/06/2026 05:48;23/06/2026 13:52
557957;GO;A7483;00019200000013204823;MultiModal;22/06/2026 05:48;23/06/2026 13:52;22/06/2026 05:48;23/06/2026 13:52
557957;GO;A3366;00019200000013204831;MultiModal;22/06/2026 05:48;23/06/2026 13:52;22/06/2026 05:48;23/06/2026 13:52
557957;GO;A9099;00019200000013204858;MultiModal;22/06/2026 05:48;23/06/2026 13:52;22/06/2026 05:48;23/06/2026 13:52
557957;GO;A6718;00019200000013204866;MultiModal;22/06/2026 05:48;23/06/2026 13:52;22/06/2026 05:48;23/06/2026 13:52
557957;GO;A8696;00019200000013204874;MultiModal;22/06/2026 05:48;23/06/2026 13:52;22/06/2026 05:48;23/06/2026 13:52
557957;GO;A5235;00019200000013204882;MultiModal;22/06/2026 05:48;23/06/2026 13:52;22/06/2026 05:48;23/06/2026 13:52
558098;GO;TA0946;00019200000012925900;MultiModal;18/06/2026 04:17;19/06/2026 14:31;18/06/2026 04:20;19/06/2026 14:31
558098;GO;A7048;00019200000012926280;MultiModal;18/06/2026 04:17;19/06/2026 14:31;18/06/2026 04:20;19/06/2026 14:31
558108;GO;A7389;00019200000013336304;MultiModal;23/06/2026 05:13;25/06/2026 13:00;23/06/2026 05:13;25/06/2026 13:00
558340;GO;A3737;00019200000013423215;MultiModal;06/07/2026 05:41;07/07/2026 11:58;06/07/2026 05:41;07/07/2026 11:58
558434;GO;A7485;00019200000012699829;MultiModal;22/06/2026 08:12;23/06/2026 11:58;22/06/2026 08:12;23/06/2026 11:58
558948;GO;A3195;00019200000013407376;MultiModal;08/07/2026 05:30;09/07/2026 14:45;08/07/2026 05:30;09/07/2026 14:45
558948;GO;A5057;00019200000013407384;MultiModal;08/07/2026 05:30;09/07/2026 14:45;08/07/2026 05:30;09/07/2026 14:45
559086;GO;A9362;00019200000013423266;MultiModal;06/07/2026 05:41;07/07/2026 13:14;06/07/2026 05:41;07/07/2026 13:14
559086;GO;A7843;00019200000013423274;MultiModal;06/07/2026 05:41;07/07/2026 13:14;06/07/2026 05:41;07/07/2026 13:14
559086;GO;A3287;00019200000013423282;MultiModal;06/07/2026 05:41;07/07/2026 13:14;06/07/2026 05:41;07/07/2026 13:14
559086;GO;A8502;00019200000013423290;MultiModal;06/07/2026 05:41;07/07/2026 13:14;06/07/2026 05:41;07/07/2026 13:14
559086;GO;TA0361;00019200000013423304;MultiModal;06/07/2026 05:41;07/07/2026 13:14;06/07/2026 05:41;07/07/2026 13:14
559086;GO;A6714;00019200000013423312;MultiModal;06/07/2026 05:41;07/07/2026 13:14;06/07/2026 05:41;07/07/2026 13:14
559086;GO;A4846;00019200000013423320;MultiModal;06/07/2026 05:41;07/07/2026 13:14;06/07/2026 05:41;07/07/2026 13:14
559086;GO;A9547;00019200000013423339;MultiModal;06/07/2026 05:41;07/07/2026 13:14;06/07/2026 05:41;07/07/2026 13:14
559086;GO;TA0710;00019200000013423592;MultiModal;06/07/2026 05:41;07/07/2026 13:14;06/07/2026 05:41;07/07/2026 13:14
559086;GO;A9075;00019200000013423606;MultiModal;06/07/2026 05:41;07/07/2026 13:14;06/07/2026 05:41;07/07/2026 13:14
559086;GO;A7979;00019200000013423614;MultiModal;06/07/2026 05:41;07/07/2026 13:14;06/07/2026 05:41;07/07/2026 13:14
559086;GO;A0052;00019200000013423622;MultiModal;06/07/2026 05:41;07/07/2026 13:14;06/07/2026 05:41;07/07/2026 13:14
559086;GO;A7174;00019200000013423630;MultiModal;06/07/2026 05:41;07/07/2026 13:14;06/07/2026 05:41;07/07/2026 13:14
559142;GO;A7146;00019200000013316192;MultiModal;25/06/2026 23:17;26/06/2026 17:01;25/06/2026 23:17;26/06/2026 17:01
559355;GO;A6424;00019200000013248278;MultiModal;29/06/2026 01:02;30/06/2026 15:30;29/06/2026 01:02;30/06/2026 15:30
559355;GO;A6778;00019200000013248286;MultiModal;29/06/2026 01:02;30/06/2026 15:30;29/06/2026 01:02;30/06/2026 15:30
559650;GO;A4444;00019200000013428365;MultiModal;06/07/2026 05:41;07/07/2026 13:16;06/07/2026 05:41;07/07/2026 13:16
559650;GO;A8161;00019200000013428373;MultiModal;06/07/2026 05:41;07/07/2026 13:16;06/07/2026 05:41;07/07/2026 13:16
559650;GO;A8303;00019200000013428497;MultiModal;06/07/2026 05:41;07/07/2026 13:16;06/07/2026 05:41;07/07/2026 13:16
559747;GO;TA0484;00019200000013422790;MultiModal;02/07/2026 23:49;03/07/2026 16:10;02/07/2026 23:49;03/07/2026 16:10
555902;MA;A8796;00019200000012698156;MultiModal;17/06/2026 00:03;-;17/06/2026 00:03;-
555902;MA;A5586;00019200000012698164;MultiModal;17/06/2026 00:03;-;17/06/2026 00:03;-
555902;MA;A8109;00019200000012698172;MultiModal;17/06/2026 00:03;-;17/06/2026 00:03;-
555902;MA;TA0739;00019200000012698180;MultiModal;17/06/2026 00:03;-;17/06/2026 00:03;-
555902;MA;A2715;00019200000012698202;MultiModal;17/06/2026 00:03;-;17/06/2026 00:03;-
555902;MA;TA0845;00019200000012698210;MultiModal;17/06/2026 00:03;-;17/06/2026 00:03;-
555902;MA;A7426;00019200000012698237;MultiModal;17/06/2026 00:03;-;17/06/2026 00:03;-
555902;MA;A7814;00019200000012698245;MultiModal;17/06/2026 00:03;-;17/06/2026 00:03;-
555902;MA;A4058;00019200000012698385;MultiModal;17/06/2026 00:03;-;17/06/2026 00:03;-
555902;MA;TA0073;00019200000012698393;MultiModal;17/06/2026 00:03;-;17/06/2026 00:03;-
555902;MA;A5487;00019200000012698407;MultiModal;17/06/2026 00:03;-;17/06/2026 00:03;-
555902;MA;A7678;00019200000012698415;MultiModal;17/06/2026 00:03;-;17/06/2026 00:03;-
555902;MA;TA0074;00019200000012698423;MultiModal;17/06/2026 00:03;-;17/06/2026 00:03;-
555902;MA;A8573;00019200000012698431;MultiModal;17/06/2026 00:03;-;17/06/2026 00:03;-
555902;MA;TA1139;00019200000012698440;MultiModal;17/06/2026 00:03;-;17/06/2026 00:03;-
555902;MA;A9681;00019200000012698458;MultiModal;17/06/2026 00:03;-;17/06/2026 00:03;-
556403;MA;A1045;00019200000012907383;MultiModal;22/06/2026 00:49;23/06/2026 10:00;22/06/2026 00:49;23/06/2026 10:00
556403;MA;A8895;00019200000012907391;MultiModal;22/06/2026 00:49;23/06/2026 10:00;22/06/2026 00:49;23/06/2026 10:00
556403;MA;A4008;00019200000012907413;MultiModal;22/06/2026 00:49;23/06/2026 10:00;22/06/2026 00:49;23/06/2026 10:00
556504;MA;A6740;00019200000013242610;MultiModal;15/06/2026 01:43;16/06/2026 15:00;15/06/2026 01:43;16/06/2026 15:00
556504;MA;A8684;00019200000013242628;MultiModal;15/06/2026 01:43;16/06/2026 15:00;15/06/2026 01:43;16/06/2026 15:00
556504;MA;TA0751;00019200000013242644;MultiModal;15/06/2026 01:43;16/06/2026 15:00;15/06/2026 01:43;16/06/2026 15:00
556504;MA;A4847;00019200000013242652;MultiModal;15/06/2026 01:43;16/06/2026 15:00;15/06/2026 01:43;16/06/2026 15:00
556708;MA;A4417;00019200000013242245;MultiModal;13/06/2026 14:11;15/06/2026 10:00;13/06/2026 14:11;15/06/2026 10:00
556708;MA;A9526;00019200000013242318;MultiModal;13/06/2026 14:11;15/06/2026 10:00;13/06/2026 14:11;15/06/2026 10:00
556708;MA;A5567;00019200000013242342;MultiModal;13/06/2026 14:11;15/06/2026 10:00;13/06/2026 14:11;15/06/2026 10:00
556708;MA;A8360;00019200000013242350;MultiModal;13/06/2026 14:11;15/06/2026 10:00;13/06/2026 14:11;15/06/2026 10:00
556710;MA;A3959;00019200000012907634;MultiModal;10/06/2026 04:09;11/06/2026 18:00;-;-
556720;MA;A3023;00019200000012907715;MultiModal;13/06/2026 13:23;15/06/2026 15:00;13/06/2026 13:23;15/06/2026 15:00
556720;MA;TA0827;00019200000012907723;MultiModal;13/06/2026 13:23;15/06/2026 15:00;13/06/2026 13:23;15/06/2026 15:00
556720;MA;A7324;00019200000012907731;MultiModal;13/06/2026 13:23;15/06/2026 15:00;13/06/2026 13:23;15/06/2026 15:00
556720;MA;A9149;00019200000012907740;MultiModal;13/06/2026 13:23;15/06/2026 15:00;13/06/2026 13:23;15/06/2026 15:00
556720;MA;A9460;00019200000012907758;MultiModal;13/06/2026 13:23;15/06/2026 15:00;13/06/2026 13:23;15/06/2026 15:00
556720;MA;A3142;00019200000012907766;MultiModal;13/06/2026 13:23;15/06/2026 15:00;13/06/2026 13:23;15/06/2026 15:00
556720;MA;A3247;00019200000012907774;MultiModal;13/06/2026 13:23;15/06/2026 15:00;13/06/2026 13:23;15/06/2026 15:00
556720;MA;A5005;00019200000012907782;MultiModal;13/06/2026 13:23;15/06/2026 15:00;13/06/2026 13:23;15/06/2026 15:00
556720;MA;A8563;00019200000012907790;MultiModal;13/06/2026 13:23;15/06/2026 15:00;13/06/2026 13:23;15/06/2026 15:00
556720;MA;TA0814;00019200000012907804;MultiModal;13/06/2026 13:23;15/06/2026 15:00;13/06/2026 13:23;15/06/2026 15:00
556720;MA;A3702;00019200000012907812;MultiModal;13/06/2026 13:23;15/06/2026 15:00;13/06/2026 13:23;15/06/2026 15:00
556720;MA;A7474;00019200000012907820;MultiModal;13/06/2026 13:23;15/06/2026 15:00;13/06/2026 13:23;15/06/2026 15:00
556720;MA;A4462;00019200000012907839;MultiModal;13/06/2026 13:23;15/06/2026 15:00;13/06/2026 13:23;15/06/2026 15:00
556720;MA;A3719;00019200000012907847;MultiModal;13/06/2026 13:23;15/06/2026 15:00;13/06/2026 13:23;15/06/2026 15:00
556720;MA;A3638;00019200000012907855;MultiModal;13/06/2026 13:23;15/06/2026 15:00;13/06/2026 13:23;15/06/2026 15:00
556720;MA;A7628;00019200000012907863;MultiModal;13/06/2026 13:23;15/06/2026 15:00;15/06/2026 01:40;16/06/2026 17:00
556720;MA;A4895;00019200000012907871;MultiModal;13/06/2026 13:23;15/06/2026 15:00;15/06/2026 01:40;16/06/2026 17:00
556720;MA;A4705;00019200000012907880;MultiModal;13/06/2026 13:23;15/06/2026 15:00;13/06/2026 13:23;15/06/2026 15:00
556720;MA;A8653;00019200000012907898;MultiModal;13/06/2026 13:23;15/06/2026 15:00;15/06/2026 01:40;16/06/2026 17:00
556720;MA;A6307;00019200000012907901;MultiModal;13/06/2026 13:23;15/06/2026 15:00;15/06/2026 01:40;16/06/2026 17:00
556720;MA;A4098;00019200000012907910;MultiModal;13/06/2026 13:23;15/06/2026 15:00;15/06/2026 01:40;16/06/2026 17:00
556720;MA;A6594;00019200000012907928;MultiModal;13/06/2026 13:23;15/06/2026 15:00;15/06/2026 01:40;16/06/2026 17:00
556720;MA;TA1115;00019200000012907936;MultiModal;13/06/2026 13:23;15/06/2026 15:00;13/06/2026 13:23;15/06/2026 15:00
556720;MA;A4520;00019200000012907944;MultiModal;13/06/2026 13:23;15/06/2026 15:00;13/06/2026 13:23;15/06/2026 15:00
556720;MA;A5094;00019200000012907952;MultiModal;13/06/2026 13:23;15/06/2026 15:00;15/06/2026 01:40;16/06/2026 17:00
556720;MA;A4885;00019200000012907960;MultiModal;13/06/2026 13:23;15/06/2026 15:00;15/06/2026 01:40;16/06/2026 17:00
556720;MA;A7111;00019200000012907979;MultiModal;13/06/2026 13:23;15/06/2026 15:00;15/06/2026 01:40;16/06/2026 17:00
556720;MA;A4464;00019200000012907987;MultiModal;13/06/2026 13:23;15/06/2026 15:00;13/06/2026 13:23;15/06/2026 15:00
556720;MA;A6490;00019200000012907995;MultiModal;13/06/2026 13:23;15/06/2026 15:00;13/06/2026 13:23;15/06/2026 15:00
556720;MA;A2916;00019200000012908002;MultiModal;13/06/2026 13:23;15/06/2026 15:00;15/06/2026 01:40;16/06/2026 17:00
556720;MA;A4386;00019200000012908010;MultiModal;13/06/2026 13:23;15/06/2026 15:00;15/06/2026 01:40;16/06/2026 17:00
556720;MA;A2031;00019200000012908029;MultiModal;13/06/2026 13:23;15/06/2026 15:00;15/06/2026 01:40;16/06/2026 17:00
556720;MA;A8593;00019200000012908037;MultiModal;13/06/2026 13:23;15/06/2026 15:00;15/06/2026 01:40;16/06/2026 17:00
556720;MA;A8226;00019200000012908053;MultiModal;13/06/2026 13:23;15/06/2026 15:00;15/06/2026 01:40;16/06/2026 17:00
556720;MA;A4627;00019200000012908061;MultiModal;13/06/2026 13:23;15/06/2026 15:00;15/06/2026 01:40;16/06/2026 17:00
556720;MA;A8541;00019200000012908070;MultiModal;13/06/2026 13:23;15/06/2026 15:00;15/06/2026 01:40;16/06/2026 17:00
556720;MA;TA1112;00019200000012908088;MultiModal;13/06/2026 13:23;15/06/2026 15:00;15/06/2026 01:40;16/06/2026 17:00
556720;MA;A9448;00019200000012908096;MultiModal;13/06/2026 13:23;15/06/2026 15:00;15/06/2026 01:40;16/06/2026 17:00
556720;MA;A7531;00019200000012908100;MultiModal;13/06/2026 13:23;15/06/2026 15:00;15/06/2026 01:40;16/06/2026 17:00
556791;MA;A4256;00019200000012697842;MultiModal;17/06/2026 23:42;19/06/2026 15:00;17/06/2026 23:42;19/06/2026 15:00
556791;MA;A8169;00019200000012697850;MultiModal;17/06/2026 23:42;19/06/2026 15:00;17/06/2026 23:42;19/06/2026 15:00
556791;MA;A9077;00019200000012697869;MultiModal;17/06/2026 23:42;19/06/2026 15:00;17/06/2026 23:42;19/06/2026 15:00
556791;MA;A4057;00019200000012697877;MultiModal;17/06/2026 23:42;19/06/2026 15:00;17/06/2026 23:42;19/06/2026 15:00
556791;MA;TA0152;00019200000012697885;MultiModal;17/06/2026 23:42;19/06/2026 15:00;17/06/2026 23:42;19/06/2026 15:00
556791;MA;TA0025;00019200000012697907;MultiModal;17/06/2026 23:42;19/06/2026 15:00;17/06/2026 23:42;19/06/2026 15:00
556791;MA;A6472;00019200000012697915;MultiModal;17/06/2026 23:42;19/06/2026 15:00;17/06/2026 23:42;19/06/2026 15:00
556791;MA;A8755;00019200000012697958;MultiModal;17/06/2026 23:42;19/06/2026 15:00;17/06/2026 23:42;19/06/2026 15:00
556791;MA;A8981;00019200000012697966;MultiModal;17/06/2026 23:42;19/06/2026 15:00;17/06/2026 23:42;19/06/2026 15:00
556791;MA;A3295;00019200000012697974;MultiModal;17/06/2026 23:42;19/06/2026 15:00;17/06/2026 23:42;19/06/2026 15:00
556791;MA;A7102;00019200000012697982;MultiModal;17/06/2026 23:42;19/06/2026 15:00;17/06/2026 23:42;19/06/2026 15:00
556927;MA;TA0992;00019200000012904287;MultiModal;11/06/2026 00:35;12/06/2026 12:00;-;-
556927;MA;A9056;00019200000012904295;MultiModal;11/06/2026 00:35;12/06/2026 12:00;-;-
556927;MA;A1537;00019200000012904309;MultiModal;11/06/2026 00:35;12/06/2026 12:00;-;-
556927;MA;A3616;00019200000012904317;MultiModal;11/06/2026 00:35;12/06/2026 12:00;-;-
556927;MA;A1485;00019200000012904325;MultiModal;11/06/2026 00:35;12/06/2026 12:00;-;-
556927;MA;A9133;00019200000012904350;MultiModal;11/06/2026 00:35;12/06/2026 12:00;-;-
556927;MA;A6418;00019200000012904376;MultiModal;11/06/2026 00:35;12/06/2026 12:00;-;-
556927;MA;A8032;00019200000012904384;MultiModal;11/06/2026 00:35;12/06/2026 12:00;-;-
556927;MA;A5769;00019200000012904392;MultiModal;11/06/2026 00:35;12/06/2026 12:00;-;-
556927;MA;A9035;00019200000012904406;MultiModal;11/06/2026 00:35;12/06/2026 12:00;-;-
557007;MA;A9039;00019200000012904872;MultiModal;13/06/2026 13:02;15/06/2026 10:00;13/06/2026 13:02;15/06/2026 10:00
557007;MA;A3126;00019200000012904880;MultiModal;13/06/2026 13:02;15/06/2026 10:00;13/06/2026 13:02;15/06/2026 10:00
557048;MA;A7425;00019200000012658774;MultiModal;11/06/2026 00:34;12/06/2026 15:00;-;-
557082;MA;A9272;00019200000012658758;MultiModal;10/06/2026 16:48;11/06/2026 16:26;-;-
557088;MA;TA0607;00019200000012697990;MultiModal;16/06/2026 04:08;17/06/2026 15:00;16/06/2026 04:08;17/06/2026 15:00
557088;MA;A3304;00019200000012698008;MultiModal;16/06/2026 04:08;17/06/2026 15:00;16/06/2026 04:08;17/06/2026 15:00
557088;MA;TA0500;00019200000012698016;MultiModal;16/06/2026 04:08;17/06/2026 15:00;16/06/2026 04:08;17/06/2026 15:00
557088;MA;A1604;00019200000012698024;MultiModal;16/06/2026 04:08;17/06/2026 15:00;16/06/2026 04:08;17/06/2026 15:00
557088;MA;A8526;00019200000012698032;MultiModal;16/06/2026 04:08;17/06/2026 15:00;16/06/2026 04:08;17/06/2026 15:00
557088;MA;A2219;00019200000012698040;MultiModal;16/06/2026 04:08;17/06/2026 15:00;16/06/2026 04:08;17/06/2026 15:00
557088;MA;TA1153;00019200000012698059;MultiModal;16/06/2026 04:08;17/06/2026 15:00;16/06/2026 04:08;17/06/2026 15:00
557088;MA;A8860;00019200000012698067;MultiModal;16/06/2026 04:08;17/06/2026 15:00;16/06/2026 04:08;17/06/2026 15:00
557088;MA;A9663;00019200000012698091;MultiModal;16/06/2026 04:08;17/06/2026 15:00;16/06/2026 04:08;17/06/2026 15:00
557088;MA;A6876;00019200000012698105;MultiModal;16/06/2026 04:08;17/06/2026 15:00;16/06/2026 04:08;17/06/2026 15:00
557088;MA;A7447;00019200000012698113;MultiModal;16/06/2026 04:08;17/06/2026 15:00;16/06/2026 04:08;17/06/2026 15:00
557088;MA;A3666;00019200000012698121;MultiModal;16/06/2026 04:08;17/06/2026 15:00;16/06/2026 04:08;17/06/2026 15:00
557088;MA;A1853;00019200000012698130;MultiModal;16/06/2026 04:08;17/06/2026 15:00;16/06/2026 04:08;17/06/2026 15:00
557088;MA;TA0100;00019200000012698148;MultiModal;16/06/2026 04:08;17/06/2026 15:00;16/06/2026 04:08;17/06/2026 15:00
557100;MA;A8623;00019200000013208918;MultiModal;16/06/2026 04:49;17/06/2026 08:00;16/06/2026 04:49;17/06/2026 08:00
557100;MA;A5148;00019200000013208926;MultiModal;16/06/2026 04:49;17/06/2026 08:00;16/06/2026 04:49;17/06/2026 08:00
557150;MA;TA0255;00019200000012658839;MultiModal;15/06/2026 01:43;16/06/2026 10:00;15/06/2026 01:43;16/06/2026 10:00
557150;MA;A0034;00019200000012658847;MultiModal;15/06/2026 01:43;16/06/2026 10:00;15/06/2026 01:43;16/06/2026 10:00
557847;MA;A5846;00019200000013328115;MultiModal;29/06/2026 23:42;01/07/2026 15:53;29/06/2026 23:42;01/07/2026 15:53
557847;MA;TA0883;00019200000013328123;MultiModal;29/06/2026 23:42;01/07/2026 15:53;29/06/2026 23:42;01/07/2026 15:53
557847;MA;A7167;00019200000013328131;MultiModal;29/06/2026 23:42;01/07/2026 15:53;29/06/2026 23:42;01/07/2026 15:53
557852;MA;A7395;00019200000013317296;MultiModal;30/06/2026 01:51;01/07/2026 15:53;30/06/2026 01:51;01/07/2026 15:53
557852;MA;A8975;00019200000013317318;MultiModal;30/06/2026 01:51;01/07/2026 15:53;30/06/2026 01:51;01/07/2026 15:53
557852;MA;TA0088;00019200000013317334;MultiModal;30/06/2026 01:51;01/07/2026 15:53;30/06/2026 01:51;01/07/2026 15:53
557852;MA;A4446;00019200000013317350;MultiModal;30/06/2026 01:51;01/07/2026 15:53;30/06/2026 01:51;01/07/2026 15:53
557852;MA;TA0613;00019200000013317377;MultiModal;30/06/2026 01:51;01/07/2026 15:53;30/06/2026 01:51;01/07/2026 15:53
557852;MA;A4788;00019200000013317385;MultiModal;30/06/2026 01:51;01/07/2026 15:53;30/06/2026 01:51;01/07/2026 15:53
557852;MA;A6217;00019200000013317393;MultiModal;30/06/2026 01:51;01/07/2026 15:53;30/06/2026 01:51;01/07/2026 15:53
557852;MA;A0158;00019200000013317407;MultiModal;30/06/2026 01:51;01/07/2026 15:53;30/06/2026 01:51;01/07/2026 15:53
557852;MA;A2695;00019200000013317415;MultiModal;30/06/2026 01:51;01/07/2026 15:53;30/06/2026 01:51;01/07/2026 15:53
557852;MA;A6185;00019200000013317580;MultiModal;30/06/2026 01:51;01/07/2026 15:53;30/06/2026 01:51;01/07/2026 15:53
557852;MA;A2608;00019200000013320653;MultiModal;30/06/2026 01:51;01/07/2026 15:53;30/06/2026 01:51;01/07/2026 15:53
557852;MA;A4412;00019200000013320661;MultiModal;30/06/2026 01:51;01/07/2026 15:53;30/06/2026 01:51;01/07/2026 15:53
557852;MA;A0133;00019200000013320670;MultiModal;30/06/2026 01:51;01/07/2026 15:53;30/06/2026 01:51;01/07/2026 15:53
557852;MA;A6532;00019200000013324640;MultiModal;30/06/2026 01:51;01/07/2026 15:53;30/06/2026 01:51;01/07/2026 15:53
557852;MA;A0177;00019200000013324659;MultiModal;30/06/2026 01:51;01/07/2026 15:53;30/06/2026 01:51;01/07/2026 15:53
557852;MA;A9165;00019200000013324667;MultiModal;30/06/2026 01:51;01/07/2026 15:53;30/06/2026 01:51;01/07/2026 15:53
557852;MA;A5492;00019200000013324675;MultiModal;30/06/2026 01:51;01/07/2026 15:53;30/06/2026 01:51;01/07/2026 15:53
557852;MA;A6049;00019200000013327330;MultiModal;30/06/2026 01:51;01/07/2026 15:53;30/06/2026 01:51;01/07/2026 15:53
557852;MA;A0461;00019200000013327348;MultiModal;30/06/2026 01:51;01/07/2026 15:53;30/06/2026 01:51;01/07/2026 15:53
557852;MA;A4529;00019200000013327356;MultiModal;30/06/2026 01:51;01/07/2026 15:53;30/06/2026 01:51;01/07/2026 15:53
557852;MA;A5800;00019200000013327364;MultiModal;30/06/2026 01:51;01/07/2026 15:53;30/06/2026 01:51;01/07/2026 15:53
557852;MA;A1936;00019200000013327372;MultiModal;30/06/2026 01:51;01/07/2026 15:53;30/06/2026 01:51;01/07/2026 15:53
557852;MA;TA0273;00019200000013327380;MultiModal;30/06/2026 01:51;01/07/2026 15:53;30/06/2026 01:51;01/07/2026 15:53
557852;MA;A7691;00019200000013327399;MultiModal;30/06/2026 01:51;01/07/2026 15:53;30/06/2026 01:51;01/07/2026 15:53
557852;MA;TA0146;00019200000013327402;MultiModal;30/06/2026 01:51;01/07/2026 15:53;30/06/2026 01:51;01/07/2026 15:53
557852;MA;TA0363;00019200000013327410;MultiModal;30/06/2026 01:51;01/07/2026 15:53;30/06/2026 01:51;01/07/2026 15:53
557852;MA;A3819;00019200000013327429;MultiModal;30/06/2026 01:51;01/07/2026 15:53;30/06/2026 01:51;01/07/2026 15:53
557852;MA;A5856;00019200000013327437;MultiModal;30/06/2026 01:51;01/07/2026 15:53;30/06/2026 01:51;01/07/2026 15:53
557855;MA;TA0791;00019200000013332678;MultiModal;29/06/2026 03:57;01/07/2026 14:00;29/06/2026 03:57;01/07/2026 14:00
557855;MA;A5788;00019200000013332686;MultiModal;29/06/2026 03:57;01/07/2026 14:00;29/06/2026 03:57;01/07/2026 14:00
557855;MA;A6362;00019200000013332694;MultiModal;29/06/2026 03:57;01/07/2026 14:00;29/06/2026 03:57;01/07/2026 14:00
557855;MA;A5756;00019200000013332759;MultiModal;29/06/2026 03:57;01/07/2026 14:00;29/06/2026 03:57;01/07/2026 14:00
557855;MA;A0542;00019200000013332767;MultiModal;29/06/2026 03:57;01/07/2026 14:00;29/06/2026 03:57;01/07/2026 14:00
557855;MA;A8617;00019200000013332775;MultiModal;29/06/2026 03:57;01/07/2026 14:00;29/06/2026 03:57;01/07/2026 14:00
557855;MA;A5958;00019200000013332783;MultiModal;29/06/2026 03:57;01/07/2026 14:00;29/06/2026 03:57;01/07/2026 14:00
557855;MA;A3607;00019200000013332791;MultiModal;29/06/2026 03:57;01/07/2026 14:00;29/06/2026 03:57;01/07/2026 14:00
557855;MA;A8922;00019200000013332805;MultiModal;29/06/2026 03:57;01/07/2026 14:00;29/06/2026 03:57;01/07/2026 14:00
557855;MA;A8467;00019200000013332813;MultiModal;29/06/2026 03:57;01/07/2026 14:00;29/06/2026 03:57;01/07/2026 14:00
557855;MA;A3246;00019200000013332821;MultiModal;29/06/2026 03:57;01/07/2026 14:00;29/06/2026 03:57;01/07/2026 14:00
557855;MA;A3129;00019200000013332848;MultiModal;29/06/2026 03:57;01/07/2026 14:00;29/06/2026 03:57;01/07/2026 14:00
557855;MA;A7804;00019200000013332856;MultiModal;29/06/2026 03:57;01/07/2026 14:00;29/06/2026 03:57;01/07/2026 14:00
557855;MA;TA0787;00019200000013332864;MultiModal;29/06/2026 03:57;01/07/2026 14:00;29/06/2026 03:57;01/07/2026 14:00
557861;MA;A3074;00019200000012433268;MultiModal;23/06/2026 06:35;24/06/2026 10:00;23/06/2026 06:35;24/06/2026 10:00
557861;MA;A5658;00019200000012433276;MultiModal;23/06/2026 06:35;24/06/2026 10:00;23/06/2026 06:35;24/06/2026 10:00
557861;MA;A8311;00019200000012433284;MultiModal;23/06/2026 06:35;24/06/2026 10:00;23/06/2026 06:35;24/06/2026 10:00
557861;MA;A0576;00019200000012433292;MultiModal;23/06/2026 06:35;24/06/2026 10:00;23/06/2026 06:35;24/06/2026 10:00
557861;MA;A2321;00019200000012433349;MultiModal;23/06/2026 06:35;24/06/2026 10:00;23/06/2026 06:35;24/06/2026 10:00
557861;MA;A5521;00019200000013235923;MultiModal;23/06/2026 06:35;24/06/2026 10:00;23/06/2026 06:35;24/06/2026 10:00
557861;MA;A6114;00019200000013235931;MultiModal;23/06/2026 06:35;24/06/2026 10:00;23/06/2026 06:35;24/06/2026 10:00
557861;MA;A5685;00019200000013236105;MultiModal;23/06/2026 06:35;24/06/2026 10:00;23/06/2026 06:35;24/06/2026 10:00
557861;MA;A5494;00019200000013236113;MultiModal;23/06/2026 06:35;24/06/2026 10:00;23/06/2026 06:35;24/06/2026 10:00
557861;MA;A7668;00019200000013236369;MultiModal;23/06/2026 06:35;24/06/2026 10:00;23/06/2026 06:35;24/06/2026 10:00
557861;MA;A6359;00019200000013236377;MultiModal;23/06/2026 06:35;24/06/2026 10:00;23/06/2026 06:35;24/06/2026 10:00
557861;MA;A6118;00019200000013236385;MultiModal;23/06/2026 06:35;24/06/2026 10:00;23/06/2026 06:35;24/06/2026 10:00
557861;MA;A5661;00019200000013236393;MultiModal;23/06/2026 06:35;24/06/2026 10:00;23/06/2026 06:35;24/06/2026 10:00
557861;MA;A6517;00019200000013236407;MultiModal;23/06/2026 06:35;24/06/2026 10:00;23/06/2026 06:35;24/06/2026 10:00
557861;MA;A8481;00019200000013236415;MultiModal;23/06/2026 06:35;24/06/2026 10:00;23/06/2026 06:35;24/06/2026 10:00
557861;MA;A6216;00019200000013236423;MultiModal;23/06/2026 06:35;24/06/2026 10:00;23/06/2026 06:35;24/06/2026 10:00
557861;MA;A7981;00019200000013236431;MultiModal;23/06/2026 06:35;24/06/2026 10:00;23/06/2026 06:35;24/06/2026 10:00
557861;MA;A5925;00019200000013236440;MultiModal;23/06/2026 06:35;24/06/2026 10:00;23/06/2026 06:35;24/06/2026 10:00
557861;MA;A1877;00019200000013236458;MultiModal;23/06/2026 06:35;24/06/2026 10:00;23/06/2026 06:35;24/06/2026 10:00
557861;MA;A0866;00019200000013236466;MultiModal;23/06/2026 06:35;24/06/2026 10:00;23/06/2026 06:35;24/06/2026 10:00
557861;MA;A1415;00019200000013236474;MultiModal;23/06/2026 06:35;24/06/2026 10:00;23/06/2026 06:35;24/06/2026 10:00
557861;MA;A5337;00019200000013236482;MultiModal;23/06/2026 06:35;24/06/2026 10:00;23/06/2026 06:35;24/06/2026 10:00
557861;MA;A1226;00019200000013236490;MultiModal;23/06/2026 06:35;24/06/2026 10:00;23/06/2026 06:35;24/06/2026 10:00
557861;MA;A8218;00019200000013236504;MultiModal;23/06/2026 06:35;24/06/2026 10:00;23/06/2026 06:35;24/06/2026 10:00
557864;MA;A9592;00019200000013247611;MultiModal;30/06/2026 00:18;01/07/2026 15:53;30/06/2026 03:30;01/07/2026 15:53
557864;MA;A1962;00019200000013247620;MultiModal;30/06/2026 00:18;01/07/2026 15:53;30/06/2026 00:18;01/07/2026 15:53
557864;MA;A1903;00019200000013250949;MultiModal;30/06/2026 00:18;01/07/2026 15:53;30/06/2026 03:30;01/07/2026 15:53
557864;MA;TA0650;00019200000013250965;MultiModal;30/06/2026 00:18;01/07/2026 15:53;30/06/2026 03:30;01/07/2026 15:53
557864;MA;A6065;00019200000013250973;MultiModal;30/06/2026 00:18;01/07/2026 15:53;30/06/2026 03:30;01/07/2026 15:53
557864;MA;A2588;00019200000013250981;MultiModal;30/06/2026 00:18;01/07/2026 15:53;30/06/2026 03:30;01/07/2026 15:53
557864;MA;TA0029;00019200000013250990;MultiModal;30/06/2026 00:18;01/07/2026 15:53;30/06/2026 03:30;01/07/2026 15:53
557864;MA;A5044;00019200000013251007;MultiModal;30/06/2026 00:18;01/07/2026 15:53;30/06/2026 03:30;01/07/2026 15:53
557864;MA;A8487;00019200000013251015;MultiModal;30/06/2026 00:18;01/07/2026 15:53;30/06/2026 03:30;01/07/2026 15:53
557864;MA;TA0296;00019200000013251023;MultiModal;30/06/2026 00:18;01/07/2026 15:53;30/06/2026 03:30;01/07/2026 15:53
557864;MA;A7733;00019200000013251031;MultiModal;30/06/2026 00:18;01/07/2026 15:53;30/06/2026 03:30;01/07/2026 15:53
557864;MA;A8000;00019200000013251040;MultiModal;30/06/2026 00:18;01/07/2026 15:53;30/06/2026 03:30;01/07/2026 15:53
557864;MA;A9666;00019200000013251058;MultiModal;30/06/2026 00:18;01/07/2026 15:53;30/06/2026 00:18;01/07/2026 15:53
557864;MA;TA0236;00019200000013251066;MultiModal;30/06/2026 00:18;01/07/2026 15:53;30/06/2026 00:18;01/07/2026 15:53
557864;MA;A2355;00019200000013251074;MultiModal;30/06/2026 00:18;01/07/2026 15:53;30/06/2026 00:18;01/07/2026 15:53
557864;MA;TA0696;00019200000013251082;MultiModal;30/06/2026 00:18;01/07/2026 15:53;30/06/2026 00:18;01/07/2026 15:53
557864;MA;A6583;00019200000013251090;MultiModal;30/06/2026 00:18;01/07/2026 15:53;30/06/2026 00:18;01/07/2026 15:53
557864;MA;A6355;00019200000013251104;MultiModal;30/06/2026 00:18;01/07/2026 15:53;30/06/2026 00:18;01/07/2026 15:53
557864;MA;A9065;00019200000013251112;MultiModal;30/06/2026 00:18;01/07/2026 15:53;30/06/2026 00:18;01/07/2026 15:53
557864;MA;A3714;00019200000013251120;MultiModal;30/06/2026 00:18;01/07/2026 15:53;30/06/2026 00:18;01/07/2026 15:53
557864;MA;A8272;00019200000013251139;MultiModal;30/06/2026 00:18;01/07/2026 15:53;30/06/2026 00:18;01/07/2026 15:53
557864;MA;A0774;00019200000013251147;MultiModal;30/06/2026 00:18;01/07/2026 15:53;30/06/2026 00:18;01/07/2026 15:53
557864;MA;A6012;00019200000013251155;MultiModal;30/06/2026 00:18;01/07/2026 15:53;30/06/2026 03:30;01/07/2026 15:53
557864;MA;A9116;00019200000013251163;MultiModal;30/06/2026 00:18;01/07/2026 15:53;30/06/2026 03:30;01/07/2026 15:53
557864;MA;A8411;00019200000013251171;MultiModal;30/06/2026 00:18;01/07/2026 15:53;30/06/2026 00:18;01/07/2026 15:53
557864;MA;TA1002;00019200000013251180;MultiModal;30/06/2026 00:18;01/07/2026 15:53;30/06/2026 00:18;01/07/2026 15:53
557864;MA;A7061;00019200000013251198;MultiModal;30/06/2026 00:18;01/07/2026 15:53;30/06/2026 00:18;01/07/2026 15:53
557864;MA;TA0331;00019200000013251201;MultiModal;30/06/2026 00:18;01/07/2026 15:53;30/06/2026 00:18;01/07/2026 15:53
557864;MA;A8028;00019200000013251210;MultiModal;30/06/2026 00:18;01/07/2026 15:53;30/06/2026 00:18;01/07/2026 15:53
557864;MA;A6602;00019200000013251228;MultiModal;30/06/2026 00:18;01/07/2026 15:53;30/06/2026 03:30;01/07/2026 15:53
557864;MA;A3571;00019200000013251236;MultiModal;30/06/2026 00:18;01/07/2026 15:53;30/06/2026 03:30;01/07/2026 15:53
557864;MA;A3128;00019200000013251244;MultiModal;30/06/2026 00:18;01/07/2026 15:53;30/06/2026 00:18;01/07/2026 15:53
557864;MA;A0188;00019200000013251252;MultiModal;30/06/2026 00:18;01/07/2026 15:53;30/06/2026 03:30;01/07/2026 15:53
557864;MA;A1705;00019200000013251260;MultiModal;30/06/2026 00:18;01/07/2026 15:53;30/06/2026 03:30;01/07/2026 15:53
557864;MA;A8590;00019200000013251279;MultiModal;30/06/2026 00:18;01/07/2026 15:53;30/06/2026 03:30;01/07/2026 15:53
557864;MA;A5659;00019200000013251287;MultiModal;30/06/2026 00:18;01/07/2026 15:53;30/06/2026 00:18;01/07/2026 15:53
557867;MA;A4156;00019200000013321331;MultiModal;24/06/2026 00:34;25/06/2026 15:00;24/06/2026 00:34;25/06/2026 15:00
557867;MA;A5953;00019200000013321340;MultiModal;24/06/2026 00:34;25/06/2026 15:00;24/06/2026 00:34;25/06/2026 15:00
557867;MA;A9361;00019200000013321358;MultiModal;24/06/2026 00:34;25/06/2026 15:00;24/06/2026 00:34;25/06/2026 15:00
557867;MA;A3879;00019200000013321366;MultiModal;24/06/2026 00:34;25/06/2026 15:00;24/06/2026 00:34;25/06/2026 15:00
557867;MA;A8025;00019200000013321374;MultiModal;24/06/2026 00:34;25/06/2026 15:00;24/06/2026 00:34;25/06/2026 15:00
557867;MA;A9525;00019200000013321382;MultiModal;24/06/2026 00:34;25/06/2026 15:00;24/06/2026 00:34;25/06/2026 15:00
557867;MA;A8523;00019200000013321390;MultiModal;24/06/2026 00:34;25/06/2026 15:00;24/06/2026 00:34;25/06/2026 15:00
557867;MA;A7575;00019200000013321404;MultiModal;24/06/2026 00:34;25/06/2026 15:00;24/06/2026 00:34;25/06/2026 15:00
557867;MA;TA0130;00019200000013321412;MultiModal;24/06/2026 00:34;25/06/2026 15:00;24/06/2026 00:34;25/06/2026 15:00
557867;MA;A7194;00019200000013321420;MultiModal;24/06/2026 00:34;25/06/2026 15:00;24/06/2026 00:34;25/06/2026 15:00
557867;MA;A8557;00019200000013321439;MultiModal;24/06/2026 00:34;25/06/2026 15:00;24/06/2026 00:34;25/06/2026 15:00
557867;MA;A9277;00019200000013321447;MultiModal;24/06/2026 00:34;25/06/2026 15:00;24/06/2026 00:34;25/06/2026 15:00
557867;MA;A2921;00019200000013326830;MultiModal;24/06/2026 00:34;25/06/2026 15:00;24/06/2026 00:34;25/06/2026 15:00
557867;MA;A7844;00019200000013326848;MultiModal;24/06/2026 00:34;25/06/2026 15:00;24/06/2026 00:34;25/06/2026 15:00
557867;MA;A5599;00019200000013326856;MultiModal;24/06/2026 00:34;25/06/2026 15:00;24/06/2026 00:34;25/06/2026 15:00
557867;MA;TA0350;00019200000013326864;MultiModal;24/06/2026 00:34;25/06/2026 15:00;24/06/2026 00:34;25/06/2026 15:00
557867;MA;A8657;00019200000013326953;MultiModal;24/06/2026 00:34;25/06/2026 15:00;24/06/2026 00:34;25/06/2026 15:00
557867;MA;TA1119;00019200000013326961;MultiModal;24/06/2026 00:34;25/06/2026 15:00;24/06/2026 00:34;25/06/2026 15:00
557867;MA;A8664;00019200000013326970;MultiModal;24/06/2026 00:34;25/06/2026 15:00;24/06/2026 00:34;25/06/2026 15:00
557867;MA;A7810;00019200000013326988;MultiModal;24/06/2026 00:34;25/06/2026 15:00;24/06/2026 00:34;25/06/2026 15:00
557867;MA;A6274;00019200000013326996;MultiModal;24/06/2026 00:34;25/06/2026 15:00;24/06/2026 00:34;25/06/2026 15:00
557867;MA;A8361;00019200000013327003;MultiModal;24/06/2026 00:34;25/06/2026 15:00;24/06/2026 00:34;25/06/2026 15:00
557867;MA;TA0704;00019200000013327011;MultiModal;24/06/2026 00:34;25/06/2026 15:00;24/06/2026 00:34;25/06/2026 15:00
557867;MA;A5453;00019200000013327020;MultiModal;24/06/2026 00:34;25/06/2026 15:00;24/06/2026 00:34;25/06/2026 15:00
557869;MA;A5841;00019200000013334050;MultiModal;02/07/2026 00:19;03/07/2026 16:00;02/07/2026 00:19;03/07/2026 16:00
557869;MA;A9112;00019200000013334069;MultiModal;02/07/2026 00:19;03/07/2026 16:00;02/07/2026 00:19;03/07/2026 16:00
557869;MA;A9681;00019200000013334077;MultiModal;02/07/2026 00:19;03/07/2026 16:00;02/07/2026 00:19;03/07/2026 16:00
557869;MA;A1105;00019200000013334085;MultiModal;02/07/2026 00:19;03/07/2026 16:00;02/07/2026 00:19;03/07/2026 16:00
557869;MA;A6301;00019200000013334093;MultiModal;02/07/2026 00:19;03/07/2026 16:00;02/07/2026 00:19;03/07/2026 16:00
557869;MA;A4599;00019200000013334107;MultiModal;02/07/2026 00:19;03/07/2026 16:00;02/07/2026 00:19;03/07/2026 16:00
557869;MA;A7827;00019200000013334115;MultiModal;02/07/2026 00:19;03/07/2026 16:00;02/07/2026 00:19;03/07/2026 16:00
557869;MA;A3722;00019200000013334123;MultiModal;02/07/2026 00:19;03/07/2026 16:00;02/07/2026 00:19;03/07/2026 16:00
557869;MA;A7571;00019200000013334166;MultiModal;02/07/2026 00:19;03/07/2026 16:00;02/07/2026 00:19;03/07/2026 16:00
557869;MA;A3488;00019200000013334930;MultiModal;02/07/2026 00:19;03/07/2026 16:00;02/07/2026 00:19;03/07/2026 16:00
557869;MA;A7824;00019200000013334948;MultiModal;02/07/2026 00:19;03/07/2026 16:00;02/07/2026 00:19;03/07/2026 16:00
557869;MA;A8700;00019200000013334964;MultiModal;02/07/2026 00:19;03/07/2026 16:00;02/07/2026 00:19;03/07/2026 16:00
557869;MA;TA1162;00019200000013334999;MultiModal;02/07/2026 00:19;03/07/2026 16:00;02/07/2026 00:19;03/07/2026 16:00
557871;MA;A9346;00019200000012429791;MultiModal;20/06/2026 22:17;22/06/2026 10:00;20/06/2026 22:17;22/06/2026 10:00
557871;MA;A7768;00019200000012429805;MultiModal;20/06/2026 22:17;22/06/2026 10:00;20/06/2026 22:17;22/06/2026 10:00
557871;MA;A1886;00019200000012429813;MultiModal;20/06/2026 22:17;22/06/2026 10:00;20/06/2026 22:17;22/06/2026 10:00
557871;MA;A9203;00019200000012429821;MultiModal;20/06/2026 22:17;22/06/2026 10:00;20/06/2026 22:17;22/06/2026 10:00
557871;MA;A9123;00019200000012429830;MultiModal;20/06/2026 22:17;22/06/2026 10:00;20/06/2026 22:17;22/06/2026 10:00
557871;MA;TA0989;00019200000012429848;MultiModal;20/06/2026 22:17;22/06/2026 10:00;20/06/2026 22:17;22/06/2026 10:00
557871;MA;A9345;00019200000012429856;MultiModal;20/06/2026 22:17;22/06/2026 10:00;20/06/2026 22:17;22/06/2026 10:00
557871;MA;A1731;00019200000012429864;MultiModal;20/06/2026 22:17;22/06/2026 10:00;20/06/2026 22:17;22/06/2026 10:00
557871;MA;A6739;00019200000012429872;MultiModal;20/06/2026 22:17;22/06/2026 10:00;20/06/2026 22:17;22/06/2026 10:00
557871;MA;A8820;00019200000012429880;MultiModal;20/06/2026 22:17;22/06/2026 10:00;20/06/2026 22:17;22/06/2026 10:00
557871;MA;A9571;00019200000012429899;MultiModal;20/06/2026 22:17;22/06/2026 10:00;20/06/2026 22:17;22/06/2026 10:00
557871;MA;A5034;00019200000012429902;MultiModal;20/06/2026 22:17;22/06/2026 10:00;20/06/2026 22:17;22/06/2026 10:00
557871;MA;TA1043;00019200000012429910;MultiModal;20/06/2026 22:17;22/06/2026 10:00;20/06/2026 22:17;22/06/2026 10:00
557871;MA;A8676;00019200000012429937;MultiModal;20/06/2026 22:17;22/06/2026 10:00;20/06/2026 22:17;22/06/2026 10:00
557871;MA;A2932;00019200000012429945;MultiModal;20/06/2026 22:17;22/06/2026 10:00;20/06/2026 22:17;22/06/2026 10:00
557871;MA;A4340;00019200000012429953;MultiModal;20/06/2026 22:17;22/06/2026 10:00;20/06/2026 22:17;22/06/2026 10:00
557871;MA;A7374;00019200000012429961;MultiModal;20/06/2026 22:17;22/06/2026 10:00;20/06/2026 22:17;22/06/2026 10:00
557871;MA;A4268;00019200000012429970;MultiModal;20/06/2026 22:17;22/06/2026 10:00;20/06/2026 22:17;22/06/2026 10:00
557871;MA;A6461;00019200000012429988;MultiModal;20/06/2026 22:17;22/06/2026 10:00;20/06/2026 22:17;22/06/2026 10:00
557871;MA;A3323;00019200000012433357;MultiModal;20/06/2026 22:17;22/06/2026 10:00;20/06/2026 22:17;22/06/2026 10:00
557871;MA;A8897;00019200000012527289;MultiModal;20/06/2026 22:17;22/06/2026 10:00;20/06/2026 22:17;22/06/2026 10:00
557871;MA;A3264;00019200000012527297;MultiModal;20/06/2026 22:17;22/06/2026 10:00;20/06/2026 22:17;22/06/2026 10:00
557871;MA;A7753;00019200000012527300;MultiModal;20/06/2026 22:17;22/06/2026 10:00;20/06/2026 22:17;22/06/2026 10:00
558063;MA;S1390;00019200000012923915;MultiModal;17/06/2026 23:50;19/06/2026 08:00;17/06/2026 23:50;19/06/2026 08:00
558065;MA;S1693;00019200000012926183;MultiModal;17/06/2026 23:50;19/06/2026 08:00;17/06/2026 23:50;19/06/2026 08:00
558065;MA;S0674;00019200000012926256;MultiModal;17/06/2026 23:50;19/06/2026 08:00;17/06/2026 23:50;19/06/2026 08:00
558070;MA;S0939;00019200000013243098;MultiModal;17/06/2026 23:50;19/06/2026 17:00;17/06/2026 23:50;19/06/2026 17:00
558611;MA;TA1067;00019200000013336541;MultiModal;23/06/2026 03:07;24/06/2026 15:00;23/06/2026 03:07;24/06/2026 15:00
559039;MA;TA0226;00019200000013327224;MultiModal;24/06/2026 00:08;25/06/2026 15:00;24/06/2026 00:08;25/06/2026 15:00
559087;MA;A9108;00019200000013423657;MultiModal;06/07/2026 00:01;07/07/2026 08:00;06/07/2026 00:01;07/07/2026 08:00
559087;MA;A7999;00019200000013423665;MultiModal;06/07/2026 00:01;07/07/2026 08:00;06/07/2026 00:01;07/07/2026 08:00
559087;MA;A5670;00019200000013423673;MultiModal;06/07/2026 00:01;07/07/2026 08:00;06/07/2026 00:01;07/07/2026 08:00
559087;MA;A3201;00019200000013423681;MultiModal;06/07/2026 00:01;07/07/2026 08:00;06/07/2026 00:01;07/07/2026 08:00
559087;MA;A9009;00019200000013423690;MultiModal;06/07/2026 00:01;07/07/2026 08:00;06/07/2026 00:01;07/07/2026 08:00
559087;MA;A9367;00019200000013423703;MultiModal;06/07/2026 00:01;07/07/2026 08:00;06/07/2026 00:01;07/07/2026 08:00
559087;MA;A3349;00019200000013423711;MultiModal;06/07/2026 00:01;07/07/2026 08:00;06/07/2026 00:01;07/07/2026 08:00
559087;MA;A5932;00019200000013423720;MultiModal;06/07/2026 00:01;07/07/2026 08:00;06/07/2026 00:01;07/07/2026 08:00
559087;MA;A9648;00019200000013423738;MultiModal;06/07/2026 00:01;07/07/2026 08:00;06/07/2026 00:01;07/07/2026 08:00
559087;MA;A6218;00019200000013424114;MultiModal;06/07/2026 00:01;07/07/2026 08:00;06/07/2026 00:01;07/07/2026 08:00
559087;MA;A5547;00019200000013424122;MultiModal;06/07/2026 00:01;07/07/2026 08:00;06/07/2026 00:01;07/07/2026 08:00
559152;MA;S1407;00019200000013332279;MultiModal;25/06/2026 01:10;27/06/2026 14:00;25/06/2026 01:10;27/06/2026 14:00
560770;MA;A3081;00019200000013441906;MultiModal;14/07/2026 23:02;16/07/2026 15:00;14/07/2026 23:02;16/07/2026 15:00
561160;MA;A4263;00019200000013454595;MultiModal;15/07/2026 22:44;17/07/2026 10:00;15/07/2026 22:44;17/07/2026 10:00
555648;MG;A3383;00019200000012735450;Rodoviário;10/06/2026 04:37;11/06/2026 11:25;-;-
555648;MG;A4265;00019200000012735469;Rodoviário;10/06/2026 04:37;11/06/2026 11:25;-;-
555648;MG;TA0097;00019200000012735477;Rodoviário;10/06/2026 04:37;11/06/2026 11:25;-;-
555648;MG;A5098;00019200000012735507;Rodoviário;10/06/2026 04:37;11/06/2026 11:25;-;-
555648;MG;TA0288;00019200000012735515;Rodoviário;10/06/2026 04:37;11/06/2026 11:25;-;-
555648;MG;A8755;00019200000012735523;Rodoviário;10/06/2026 04:37;11/06/2026 11:25;-;-
555648;MG;TA0073;00019200000012735531;Rodoviário;10/06/2026 04:37;11/06/2026 11:25;-;-
555648;MG;TA1139;00019200000012735540;Rodoviário;10/06/2026 04:37;11/06/2026 11:25;-;-
555648;MG;A8948;00019200000012735558;Rodoviário;10/06/2026 04:37;11/06/2026 11:25;-;-
555648;MG;TA0500;00019200000012735566;Rodoviário;10/06/2026 04:37;11/06/2026 11:25;-;-
555648;MG;TA0607;00019200000012735574;Rodoviário;10/06/2026 04:37;11/06/2026 11:25;-;-
555648;MG;TA0591;00019200000012735582;Rodoviário;10/06/2026 04:37;11/06/2026 11:25;-;-
555648;MG;A5404;00019200000012735590;Rodoviário;10/06/2026 04:37;11/06/2026 11:25;-;-
555648;MG;A7649;00019200000012735604;Rodoviário;10/06/2026 04:37;11/06/2026 11:25;-;-
555648;MG;A6165;00019200000012735612;Rodoviário;10/06/2026 04:37;11/06/2026 11:25;-;-
555648;MG;A3896;00019200000012735620;Rodoviário;10/06/2026 04:37;11/06/2026 11:25;-;-
555648;MG;A6027;00019200000012735639;Rodoviário;10/06/2026 04:37;11/06/2026 11:25;-;-
555648;MG;A4992;00019200000012735647;Rodoviário;10/06/2026 04:37;11/06/2026 11:25;-;-
555648;MG;A4706;00019200000012735655;Rodoviário;10/06/2026 04:37;11/06/2026 11:25;-;-
555648;MG;A5960;00019200000012735663;Rodoviário;10/06/2026 04:37;11/06/2026 11:25;-;-
555648;MG;A7526;00019200000012735671;Rodoviário;10/06/2026 04:37;11/06/2026 11:25;-;-
555648;MG;A6016;00019200000012735680;Rodoviário;10/06/2026 04:37;11/06/2026 11:25;-;-
555648;MG;A7581;00019200000012735698;Rodoviário;10/06/2026 04:37;11/06/2026 11:25;-;-
555648;MG;A9020;00019200000012735701;Rodoviário;10/06/2026 04:37;11/06/2026 11:25;-;-
555648;MG;A6797;00019200000012735710;Rodoviário;10/06/2026 04:37;11/06/2026 11:25;-;-
555648;MG;TA0003;00019200000012735728;Rodoviário;10/06/2026 04:37;11/06/2026 11:25;-;-
555648;MG;A6104;00019200000012735736;Rodoviário;10/06/2026 04:37;11/06/2026 11:25;-;-
555648;MG;A4256;00019200000012735744;Rodoviário;10/06/2026 04:37;11/06/2026 11:25;-;-
555648;MG;A3808;00019200000012735752;Rodoviário;10/06/2026 04:37;11/06/2026 11:25;-;-
555648;MG;A4809;00019200000012735760;Rodoviário;10/06/2026 04:37;11/06/2026 11:25;-;-
555648;MG;TA0267;00019200000012735779;Rodoviário;10/06/2026 04:37;11/06/2026 11:25;-;-
555648;MG;A7589;00019200000012735787;Rodoviário;10/06/2026 04:37;11/06/2026 11:25;-;-
555648;MG;A8506;00019200000012735795;Rodoviário;10/06/2026 04:37;11/06/2026 11:25;-;-
555648;MG;A0647;00019200000012735809;Rodoviário;10/06/2026 04:37;11/06/2026 11:25;-;-
555648;MG;TA0045;00019200000012735817;Rodoviário;10/06/2026 04:37;11/06/2026 11:25;-;-
555648;MG;TA0043;00019200000012735825;Rodoviário;10/06/2026 04:37;11/06/2026 11:25;-;-
555648;MG;TA0029;00019200000012735833;Rodoviário;10/06/2026 04:37;11/06/2026 11:25;-;-
555648;MG;A4439;00019200000012735841;Rodoviário;10/06/2026 04:37;11/06/2026 11:25;-;-
555648;MG;A7709;00019200000012735850;Rodoviário;10/06/2026 04:37;11/06/2026 11:25;-;-
555648;MG;TA0833;00019200000012735868;Rodoviário;10/06/2026 04:37;11/06/2026 11:25;-;-
555648;MG;TA0448;00019200000012735876;Rodoviário;10/06/2026 04:37;11/06/2026 11:25;-;-
555648;MG;A5522;00019200000012735884;Rodoviário;10/06/2026 04:37;11/06/2026 11:25;-;-
555648;MG;A5121;00019200000012735892;Rodoviário;10/06/2026 04:37;11/06/2026 11:25;-;-
555648;MG;A8676;00019200000012735906;Rodoviário;10/06/2026 04:37;11/06/2026 11:25;-;-
555648;MG;A6058;00019200000012735914;Rodoviário;10/06/2026 04:37;11/06/2026 11:25;-;-
555648;MG;TA1028;00019200000012735922;Rodoviário;10/06/2026 04:37;11/06/2026 11:25;-;-
555648;MG;A5741;00019200000012735930;Rodoviário;10/06/2026 04:37;11/06/2026 11:25;-;-
555648;MG;A0902;00019200000012735949;Rodoviário;10/06/2026 04:37;11/06/2026 11:25;-;-
555648;MG;A7678;00019200000012735957;Rodoviário;10/06/2026 04:37;11/06/2026 11:25;-;-
555648;MG;A4768;00019200000012735965;Rodoviário;10/06/2026 04:37;11/06/2026 11:25;-;-
555648;MG;TA0143;00019200000012735973;Rodoviário;10/06/2026 04:37;11/06/2026 11:25;-;-
555648;MG;TA0929;00019200000012735981;Rodoviário;10/06/2026 04:37;11/06/2026 11:25;-;-
555648;MG;TA0797;00019200000012735990;Rodoviário;10/06/2026 04:37;11/06/2026 11:25;-;-
555648;MG;TA1141;00019200000012736309;Rodoviário;10/06/2026 04:37;11/06/2026 11:25;-;-
555648;MG;A5208;00019200000012736317;Rodoviário;10/06/2026 04:37;11/06/2026 11:25;-;-
555648;MG;TA0170;00019200000012736325;Rodoviário;10/06/2026 04:37;11/06/2026 11:25;-;-
555648;MG;;00019200000012736333;Rodoviário;10/06/2026 04:37;11/06/2026 11:25;-;-
555648;MG;TA0669;00019200000012736341;Rodoviário;10/06/2026 04:37;11/06/2026 11:25;-;-
555648;MG;A1108;00019200000012736350;Rodoviário;10/06/2026 04:37;11/06/2026 11:25;-;-
555648;MG;A5477;00019200000012736368;Rodoviário;10/06/2026 04:37;11/06/2026 11:25;-;-
555648;MG;A0384;00019200000012736376;Rodoviário;10/06/2026 04:37;11/06/2026 11:25;-;-
555648;MG;A5480;00019200000012736384;Rodoviário;10/06/2026 04:37;11/06/2026 11:25;-;-
555648;MG;A3295;00019200000012736392;Rodoviário;10/06/2026 04:37;11/06/2026 11:25;-;-
555648;MG;TA0931;00019200000012736406;Rodoviário;10/06/2026 04:37;11/06/2026 11:25;-;-
555648;MG;TA0978;00019200000012736414;Rodoviário;10/06/2026 04:37;11/06/2026 11:25;-;-
555648;MG;A2460;00019200000012736422;Rodoviário;10/06/2026 04:37;11/06/2026 11:25;-;-
555648;MG;A4875;00019200000012736430;Rodoviário;10/06/2026 04:37;11/06/2026 11:25;-;-
555648;MG;TA0096;00019200000012736449;Rodoviário;10/06/2026 04:37;11/06/2026 11:25;-;-
555648;MG;A4882;00019200000012736457;Rodoviário;10/06/2026 04:37;11/06/2026 11:25;-;-
555648;MG;TA0050;00019200000012736465;Rodoviário;10/06/2026 04:37;11/06/2026 11:25;-;-
555648;MG;TA0569;00019200000012736473;Rodoviário;10/06/2026 04:37;11/06/2026 11:25;-;-
555648;MG;A9681;00019200000012736481;Rodoviário;10/06/2026 04:37;11/06/2026 11:25;-;-
555648;MG;TA0248;00019200000012736490;Rodoviário;10/06/2026 04:37;11/06/2026 11:25;-;-
555648;MG;TA0899;00019200000012736503;Rodoviário;10/06/2026 04:37;11/06/2026 11:25;-;-
555648;MG;A2307;00019200000012736511;Rodoviário;10/06/2026 04:37;11/06/2026 11:25;-;-
555648;MG;A0675;00019200000012736520;Rodoviário;10/06/2026 04:37;11/06/2026 11:25;-;-
555648;MG;A0986;00019200000012736538;Rodoviário;10/06/2026 04:37;11/06/2026 11:25;-;-
555648;MG;TA0335;00019200000012736546;Rodoviário;10/06/2026 04:37;11/06/2026 11:25;-;-
555648;MG;TA0074;00019200000012736554;Rodoviário;10/06/2026 04:37;11/06/2026 11:25;-;-
555648;MG;TA0773;00019200000012736562;Rodoviário;10/06/2026 04:37;11/06/2026 11:25;-;-
555648;MG;A3666;00019200000012736570;Rodoviário;10/06/2026 04:37;11/06/2026 11:25;-;-
555648;MG;A0905;00019200000012736589;Rodoviário;10/06/2026 04:37;11/06/2026 11:25;-;-
555648;MG;TA0030;00019200000012736597;Rodoviário;10/06/2026 04:37;11/06/2026 11:25;-;-
555648;MG;TA0152;00019200000012736600;Rodoviário;10/06/2026 04:37;11/06/2026 11:25;-;-
555648;MG;A9234;00019200000012736619;Rodoviário;10/06/2026 04:37;11/06/2026 11:25;-;-
555648;MG;TA0089;00019200000012736627;Rodoviário;10/06/2026 04:37;11/06/2026 11:25;-;-
555648;MG;A3844;00019200000012736635;Rodoviário;10/06/2026 04:37;11/06/2026 11:25;-;-
555648;MG;TA0739;00019200000012736643;Rodoviário;10/06/2026 04:37;11/06/2026 11:25;-;-
555648;MG;A8005;00019200000012736651;Rodoviário;10/06/2026 04:37;11/06/2026 11:25;-;-
555648;MG;A7817;00019200000012736660;Rodoviário;10/06/2026 04:37;11/06/2026 11:25;-;-
555648;MG;A9510;00019200000012736678;Rodoviário;10/06/2026 04:37;11/06/2026 11:25;-;-
555648;MG;A3489;00019200000012736686;Rodoviário;10/06/2026 04:37;11/06/2026 11:25;-;-
555648;MG;A5102;00019200000012736694;Rodoviário;10/06/2026 04:37;11/06/2026 11:25;-;-
555648;MG;TA1043;00019200000012736708;Rodoviário;10/06/2026 04:37;11/06/2026 11:25;-;-
555648;MG;TA0025;00019200000012736716;Rodoviário;10/06/2026 04:37;11/06/2026 11:25;-;-
555648;MG;TA0196;00019200000012736724;Rodoviário;10/06/2026 04:37;11/06/2026 11:25;-;-
555648;MG;TA1227;00019200000012736732;Rodoviário;10/06/2026 04:37;11/06/2026 11:25;-;-
555648;MG;A4856;00019200000012736740;Rodoviário;10/06/2026 04:37;11/06/2026 11:25;-;-
555648;MG;TA0385;00019200000012736759;Rodoviário;10/06/2026 04:37;11/06/2026 11:25;-;-
555648;MG;A4284;00019200000012736767;Rodoviário;10/06/2026 04:37;11/06/2026 11:25;-;-
555648;MG;A7569;00019200000012736775;Rodoviário;10/06/2026 04:37;11/06/2026 11:25;-;-
555648;MG;TA0158;00019200000012736783;Rodoviário;10/06/2026 04:37;11/06/2026 11:25;-;-
555648;MG;TA0887;00019200000012736791;Rodoviário;10/06/2026 04:37;11/06/2026 11:25;-;-
555648;MG;A6362;00019200000012736805;Rodoviário;10/06/2026 04:37;11/06/2026 11:25;-;-
555648;MG;A5487;00019200000012736813;Rodoviário;10/06/2026 04:37;11/06/2026 11:25;-;-
555648;MG;A4061;00019200000012736821;Rodoviário;10/06/2026 04:37;11/06/2026 11:25;-;-
555648;MG;TA0146;00019200000012736830;Rodoviário;10/06/2026 04:37;11/06/2026 11:25;-;-
555648;MG;TA0150;00019200000012736848;Rodoviário;10/06/2026 04:37;11/06/2026 11:25;-;-
555648;MG;A4806;00019200000012736856;Rodoviário;10/06/2026 04:37;11/06/2026 11:25;-;-
555648;MG;A9663;00019200000012736864;Rodoviário;10/06/2026 04:37;11/06/2026 11:25;-;-
555648;MG;TA0386;00019200000012736872;Rodoviário;10/06/2026 04:37;11/06/2026 11:25;-;-
555648;MG;A0239;00019200000012736880;Rodoviário;10/06/2026 04:37;11/06/2026 11:25;-;-
555648;MG;A8655;00019200000012736899;Rodoviário;10/06/2026 04:37;11/06/2026 11:25;-;-
555648;MG;A2619;00019200000012739065;Rodoviário;10/06/2026 04:37;11/06/2026 11:25;-;-
555648;MG;A3721;00019200000012858234;Rodoviário;10/06/2026 04:37;11/06/2026 11:25;-;-
556164;MG;A7165;00019200000012714380;Rodoviário;10/06/2026 05:05;11/06/2026 09:48;-;-
556164;MG;A4460;00019200000012714402;Rodoviário;10/06/2026 05:05;11/06/2026 09:48;-;-
556164;MG;A8410;00019200000012714410;Rodoviário;10/06/2026 05:05;11/06/2026 09:48;-;-
556164;MG;A6966;00019200000012714429;Rodoviário;10/06/2026 05:05;11/06/2026 09:48;-;-
556164;MG;A3656;00019200000012714437;Rodoviário;10/06/2026 05:05;11/06/2026 09:48;-;-
556164;MG;A5814;00019200000012714445;Rodoviário;10/06/2026 05:05;11/06/2026 09:48;-;-
556164;MG;TA1246;00019200000012714453;Rodoviário;10/06/2026 05:05;11/06/2026 09:48;-;-
556164;MG;A7560;00019200000012714461;Rodoviário;10/06/2026 05:05;11/06/2026 09:48;-;-
556164;MG;A2416;00019200000012714470;Rodoviário;10/06/2026 05:05;11/06/2026 09:48;-;-
556164;MG;A3261;00019200000012714488;Rodoviário;10/06/2026 05:05;11/06/2026 09:48;-;-
556164;MG;TA0680;00019200000012715280;Rodoviário;10/06/2026 05:05;11/06/2026 09:48;-;-
556164;MG;A7298;00019200000012717339;Rodoviário;10/06/2026 05:05;11/06/2026 09:48;-;-
556164;MG;A8253;00019200000012717347;Rodoviário;10/06/2026 05:05;11/06/2026 09:48;-;-
556164;MG;TA0527;00019200000012717355;Rodoviário;10/06/2026 05:05;11/06/2026 09:48;-;-
556164;MG;A6435;00019200000012717363;Rodoviário;10/06/2026 05:05;11/06/2026 09:48;-;-
556164;MG;A0014;00019200000012717371;Rodoviário;10/06/2026 05:05;11/06/2026 09:48;-;-
556164;MG;A9180;00019200000012717380;Rodoviário;10/06/2026 05:05;11/06/2026 09:48;-;-
556164;MG;A6542;00019200000012717398;Rodoviário;10/06/2026 05:05;11/06/2026 09:48;-;-
556164;MG;A9607;00019200000012717401;Rodoviário;10/06/2026 05:05;11/06/2026 09:48;-;-
556164;MG;A7371;00019200000012717410;Rodoviário;10/06/2026 05:05;11/06/2026 09:48;-;-
556164;MG;A6484;00019200000012717428;Rodoviário;10/06/2026 05:05;11/06/2026 09:48;-;-
556164;MG;A9197;00019200000012717436;Rodoviário;10/06/2026 05:05;11/06/2026 09:48;-;-
556164;MG;A9560;00019200000012717460;Rodoviário;10/06/2026 05:05;11/06/2026 09:48;-;-
556164;MG;A5586;00019200000012717479;Rodoviário;10/06/2026 05:05;11/06/2026 09:48;-;-
556164;MG;A8036;00019200000012717487;Rodoviário;10/06/2026 05:05;11/06/2026 09:48;-;-
556164;MG;A6053;00019200000012717495;Rodoviário;10/06/2026 05:05;11/06/2026 09:48;-;-
556164;MG;TA0547;00019200000012717509;Rodoviário;10/06/2026 05:05;11/06/2026 09:48;-;-
556164;MG;A1369;00019200000012717517;Rodoviário;10/06/2026 05:05;11/06/2026 09:48;-;-
556164;MG;TA0608;00019200000012717525;Rodoviário;10/06/2026 05:05;11/06/2026 09:48;-;-
556164;MG;TA0716;00019200000012717533;Rodoviário;10/06/2026 05:05;11/06/2026 09:48;-;-
556164;MG;A4243;00019200000012717878;Rodoviário;10/06/2026 05:05;11/06/2026 09:48;-;-
556164;MG;A3304;00019200000012717886;Rodoviário;10/06/2026 05:05;11/06/2026 09:48;-;-
556164;MG;A8573;00019200000012717894;Rodoviário;10/06/2026 05:05;11/06/2026 09:48;-;-
556164;MG;A6715;00019200000012717908;Rodoviário;10/06/2026 05:05;11/06/2026 09:48;-;-
556164;MG;A2160;00019200000012717916;Rodoviário;10/06/2026 05:05;11/06/2026 09:48;-;-
556164;MG;A0969;00019200000012717924;Rodoviário;10/06/2026 05:05;11/06/2026 09:48;-;-
556164;MG;A9314;00019200000012717932;Rodoviário;10/06/2026 05:05;11/06/2026 09:48;-;-
556164;MG;A8320;00019200000012717940;Rodoviário;10/06/2026 05:05;11/06/2026 09:48;-;-
556164;MG;A7475;00019200000012717959;Rodoviário;10/06/2026 05:05;11/06/2026 09:48;-;-
556164;MG;A4521;00019200000012717967;Rodoviário;10/06/2026 05:05;11/06/2026 09:48;-;-
556164;MG;A1324;00019200000012717975;Rodoviário;10/06/2026 05:05;11/06/2026 09:48;-;-
556164;MG;A4590;00019200000012717983;Rodoviário;10/06/2026 05:05;11/06/2026 09:48;-;-
556164;MG;A2642;00019200000012717991;Rodoviário;10/06/2026 05:05;11/06/2026 09:48;-;-
556164;MG;TA0418;00019200000012718009;Rodoviário;10/06/2026 05:05;11/06/2026 09:48;-;-
556164;MG;A9334;00019200000012718017;Rodoviário;10/06/2026 05:05;11/06/2026 09:48;-;-
556164;MG;A6876;00019200000012720097;Rodoviário;10/06/2026 05:05;11/06/2026 09:48;-;-
556164;MG;TA0296;00019200000012720399;Rodoviário;10/06/2026 05:05;11/06/2026 09:48;-;-
556164;MG;A3610;00019200000012720402;Rodoviário;10/06/2026 05:05;11/06/2026 09:48;-;-
556164;MG;A3551;00019200000012720410;Rodoviário;10/06/2026 05:05;11/06/2026 09:48;-;-
556164;MG;A3688;00019200000012720445;Rodoviário;10/06/2026 05:05;11/06/2026 09:48;-;-
556164;MG;A8576;00019200000012720674;Rodoviário;10/06/2026 05:05;11/06/2026 09:48;-;-
556308;MG;A8209;00019200000012698253;MultiModal;16/06/2026 05:12;17/06/2026 18:05;16/06/2026 05:12;17/06/2026 18:30
556308;MG;A7141;00019200000012698261;MultiModal;16/06/2026 05:12;17/06/2026 18:05;16/06/2026 05:12;17/06/2026 18:30
556308;MG;A6016;00019200000012698288;MultiModal;16/06/2026 05:12;17/06/2026 18:05;16/06/2026 05:12;17/06/2026 18:30
556308;MG;TA0522;00019200000012698296;MultiModal;16/06/2026 05:12;17/06/2026 18:05;16/06/2026 05:12;17/06/2026 18:30
556308;MG;A7508;00019200000012698300;MultiModal;16/06/2026 05:12;17/06/2026 18:05;16/06/2026 05:12;17/06/2026 18:30
556308;MG;A5208;00019200000012698318;MultiModal;16/06/2026 05:12;17/06/2026 18:05;16/06/2026 05:12;17/06/2026 18:30
556308;MG;A6966;00019200000012698326;MultiModal;16/06/2026 05:12;17/06/2026 18:05;16/06/2026 05:12;17/06/2026 18:30
556308;MG;A9234;00019200000012698334;MultiModal;16/06/2026 05:12;17/06/2026 18:05;16/06/2026 05:12;17/06/2026 18:30
556308;MG;A1454;00019200000012698342;MultiModal;16/06/2026 05:12;17/06/2026 18:05;16/06/2026 05:12;17/06/2026 18:30
556308;MG;A6440;00019200000012698350;MultiModal;16/06/2026 05:12;17/06/2026 18:05;16/06/2026 05:12;17/06/2026 18:30
556308;MG;A6366;00019200000012698369;MultiModal;16/06/2026 05:12;17/06/2026 18:05;16/06/2026 05:12;17/06/2026 18:30
556308;MG;TA0045;00019200000012698377;MultiModal;16/06/2026 05:12;17/06/2026 18:05;16/06/2026 05:12;17/06/2026 18:30
556308;MG;A4243;00019200000012920452;MultiModal;16/06/2026 05:12;17/06/2026 18:05;16/06/2026 05:12;17/06/2026 18:30
556308;MG;TA0029;00019200000012920487;MultiModal;16/06/2026 05:12;17/06/2026 18:05;16/06/2026 05:12;17/06/2026 18:30
556349;MG;A6151;00019200000012685216;Rodoviário;16/06/2026 09:47;17/06/2026 11:31;16/06/2026 09:47;17/06/2026 11:31
556349;MG;A7720;00019200000012685224;Rodoviário;16/06/2026 09:47;17/06/2026 11:31;16/06/2026 09:47;17/06/2026 11:31
556349;MG;A7031;00019200000012685232;Rodoviário;16/06/2026 09:47;17/06/2026 11:31;16/06/2026 09:47;17/06/2026 11:31
556349;MG;A9446;00019200000012685240;Rodoviário;16/06/2026 09:47;17/06/2026 11:31;16/06/2026 09:47;17/06/2026 11:31
556349;MG;A5035;00019200000012685259;Rodoviário;16/06/2026 09:47;17/06/2026 11:31;16/06/2026 09:47;17/06/2026 11:31
556349;MG;A2389;00019200000012685267;Rodoviário;16/06/2026 09:47;17/06/2026 11:31;16/06/2026 09:47;17/06/2026 11:31
556349;MG;A7900;00019200000012685275;Rodoviário;16/06/2026 09:47;17/06/2026 11:31;16/06/2026 09:47;17/06/2026 11:31
556349;MG;A6583;00019200000012685283;Rodoviário;16/06/2026 09:47;17/06/2026 11:31;16/06/2026 09:47;17/06/2026 11:31
556349;MG;A5109;00019200000012685291;Rodoviário;16/06/2026 09:47;17/06/2026 11:31;16/06/2026 09:47;17/06/2026 11:31
556349;MG;A8477;00019200000012907561;Rodoviário;16/06/2026 09:47;17/06/2026 11:31;16/06/2026 09:47;17/06/2026 11:31
556349;MG;A7217;00019200000012907570;Rodoviário;16/06/2026 09:47;17/06/2026 11:31;16/06/2026 09:47;17/06/2026 11:31
556349;MG;A6973;00019200000012907588;Rodoviário;16/06/2026 09:47;17/06/2026 11:31;16/06/2026 09:47;17/06/2026 11:31
556349;MG;A1684;00019200000013208977;Rodoviário;16/06/2026 09:47;17/06/2026 11:31;16/06/2026 09:47;17/06/2026 11:31
556349;MG;TA0353;00019200000013208985;Rodoviário;16/06/2026 09:47;17/06/2026 11:31;16/06/2026 09:47;17/06/2026 11:31
556349;MG;TA0831;00019200000013208993;Rodoviário;16/06/2026 09:47;17/06/2026 11:31;16/06/2026 09:47;17/06/2026 11:31
556349;MG;TA0939;00019200000013209000;Rodoviário;16/06/2026 09:47;17/06/2026 11:31;16/06/2026 09:47;17/06/2026 11:31
556349;MG;A3866;00019200000013209019;Rodoviário;16/06/2026 09:47;17/06/2026 11:31;16/06/2026 09:47;17/06/2026 11:31
556349;MG;A8938;00019200000013209027;Rodoviário;16/06/2026 09:47;17/06/2026 11:31;16/06/2026 09:47;17/06/2026 11:31
556349;MG;TA0624;00019200000013209035;Rodoviário;16/06/2026 09:47;17/06/2026 11:31;16/06/2026 09:47;17/06/2026 11:31
556349;MG;A6029;00019200000013209043;Rodoviário;16/06/2026 09:47;17/06/2026 11:31;16/06/2026 09:47;17/06/2026 11:31
556349;MG;TA0700;00019200000013209051;Rodoviário;16/06/2026 09:47;17/06/2026 11:31;16/06/2026 09:47;17/06/2026 11:31
556349;MG;A6719;00019200000013209060;Rodoviário;16/06/2026 09:47;17/06/2026 11:31;16/06/2026 09:47;17/06/2026 11:31
556349;MG;A9466;00019200000013209078;Rodoviário;16/06/2026 09:47;17/06/2026 11:31;16/06/2026 09:47;17/06/2026 11:31
556349;MG;;00019200000013209086;Rodoviário;16/06/2026 09:47;17/06/2026 11:31;-;-
556349;MG;A2030;00019200000013209094;Rodoviário;16/06/2026 09:47;17/06/2026 11:31;16/06/2026 09:47;17/06/2026 11:31
556421;MG;A6333;00019200000012902357;Rodoviário;16/06/2026 09:40;17/06/2026 11:32;16/06/2026 09:40;17/06/2026 11:32
556421;MG;A0791;00019200000012902365;Rodoviário;16/06/2026 09:40;17/06/2026 11:32;16/06/2026 09:40;17/06/2026 11:32
556421;MG;A4140;00019200000012902373;Rodoviário;16/06/2026 09:40;17/06/2026 11:32;16/06/2026 09:40;17/06/2026 11:32
556421;MG;A3467;00019200000012902381;Rodoviário;16/06/2026 09:40;17/06/2026 11:32;16/06/2026 09:40;17/06/2026 11:32
556421;MG;A9353;00019200000012902390;Rodoviário;16/06/2026 09:40;17/06/2026 11:32;16/06/2026 09:40;17/06/2026 11:32
556421;MG;A3960;00019200000012902403;Rodoviário;16/06/2026 09:40;17/06/2026 11:32;16/06/2026 09:40;17/06/2026 11:32
556421;MG;A8471;00019200000012902411;Rodoviário;16/06/2026 09:40;17/06/2026 11:32;16/06/2026 09:40;17/06/2026 11:32
556421;MG;A9065;00019200000012902420;Rodoviário;16/06/2026 09:40;17/06/2026 11:32;16/06/2026 09:40;17/06/2026 11:32
556421;MG;A9269;00019200000012902438;Rodoviário;16/06/2026 09:40;17/06/2026 11:32;16/06/2026 09:40;17/06/2026 11:32
556421;MG;A9710;00019200000012902446;Rodoviário;16/06/2026 09:40;17/06/2026 11:32;16/06/2026 09:40;17/06/2026 11:32
556421;MG;A0027;00019200000012902535;Rodoviário;16/06/2026 09:40;17/06/2026 11:32;16/06/2026 09:40;17/06/2026 11:32
556421;MG;A9621;00019200000012902543;Rodoviário;16/06/2026 09:40;17/06/2026 11:32;16/06/2026 09:40;17/06/2026 11:32
556421;MG;A8223;00019200000012902551;Rodoviário;16/06/2026 09:40;17/06/2026 11:32;16/06/2026 09:40;17/06/2026 11:32
556421;MG;TA0958;00019200000012902560;Rodoviário;16/06/2026 09:40;17/06/2026 11:32;16/06/2026 09:40;17/06/2026 11:32
556421;MG;A1850;00019200000012902578;Rodoviário;16/06/2026 09:40;17/06/2026 11:32;16/06/2026 09:40;17/06/2026 11:32
556421;MG;A3444;00019200000012902586;Rodoviário;16/06/2026 09:40;17/06/2026 11:32;16/06/2026 09:40;17/06/2026 11:32
556421;MG;A0349;00019200000012902594;Rodoviário;16/06/2026 09:40;17/06/2026 11:32;16/06/2026 09:40;17/06/2026 11:32
556421;MG;A7977;00019200000012902608;Rodoviário;16/06/2026 09:40;17/06/2026 11:32;16/06/2026 09:40;17/06/2026 11:32
556421;MG;A8661;00019200000012902616;Rodoviário;16/06/2026 09:40;17/06/2026 11:32;16/06/2026 09:40;17/06/2026 11:32
556421;MG;A7388;00019200000012902624;Rodoviário;16/06/2026 09:40;17/06/2026 11:32;16/06/2026 09:40;17/06/2026 11:32
556421;MG;TA1004;00019200000012902632;Rodoviário;16/06/2026 09:40;17/06/2026 11:32;16/06/2026 09:40;17/06/2026 11:32
556421;MG;A3778;00019200000012902640;Rodoviário;16/06/2026 09:40;17/06/2026 11:32;16/06/2026 09:40;17/06/2026 11:32
556421;MG;A5462;00019200000012902659;Rodoviário;16/06/2026 09:40;17/06/2026 11:32;16/06/2026 09:40;17/06/2026 11:32
556421;MG;A8911;00019200000012902667;Rodoviário;16/06/2026 09:40;17/06/2026 11:32;16/06/2026 09:40;17/06/2026 11:32
556421;MG;A7641;00019200000012902675;Rodoviário;16/06/2026 09:40;17/06/2026 11:32;16/06/2026 09:40;17/06/2026 11:32
556421;MG;A2418;00019200000012902683;Rodoviário;16/06/2026 09:40;17/06/2026 11:32;16/06/2026 09:40;17/06/2026 11:32
556421;MG;A4541;00019200000012902691;Rodoviário;16/06/2026 09:40;17/06/2026 11:32;16/06/2026 09:40;17/06/2026 11:32
556421;MG;A8028;00019200000012902705;Rodoviário;16/06/2026 09:40;17/06/2026 11:32;16/06/2026 09:40;17/06/2026 11:32
556421;MG;A7302;00019200000012902713;Rodoviário;16/06/2026 09:40;17/06/2026 11:32;16/06/2026 09:40;17/06/2026 11:32
556421;MG;A2890;00019200000012902721;Rodoviário;16/06/2026 09:40;17/06/2026 11:32;16/06/2026 09:40;17/06/2026 11:32
556421;MG;A8219;00019200000012902730;Rodoviário;16/06/2026 09:40;17/06/2026 11:32;16/06/2026 09:40;17/06/2026 11:32
556421;MG;A8575;00019200000012902748;Rodoviário;16/06/2026 09:40;17/06/2026 11:32;16/06/2026 09:40;17/06/2026 11:32
556421;MG;A4756;00019200000012902756;Rodoviário;16/06/2026 09:40;17/06/2026 11:32;16/06/2026 09:40;17/06/2026 11:32
556421;MG;A9080;00019200000012902764;Rodoviário;16/06/2026 09:40;17/06/2026 11:32;16/06/2026 09:40;17/06/2026 11:32
556421;MG;TA1034;00019200000012902772;Rodoviário;16/06/2026 09:40;17/06/2026 11:32;16/06/2026 09:40;17/06/2026 11:32
556421;MG;A8019;00019200000012902780;Rodoviário;16/06/2026 09:40;17/06/2026 11:32;16/06/2026 09:40;17/06/2026 11:32
556421;MG;A7480;00019200000012902799;Rodoviário;16/06/2026 09:40;17/06/2026 11:32;16/06/2026 09:40;17/06/2026 11:32
556421;MG;A1304;00019200000012902802;Rodoviário;16/06/2026 09:40;17/06/2026 11:32;16/06/2026 09:40;17/06/2026 11:32
556421;MG;TA0140;00019200000012902810;Rodoviário;16/06/2026 09:40;17/06/2026 11:32;16/06/2026 09:40;17/06/2026 11:32
556421;MG;A7212;00019200000012902829;Rodoviário;16/06/2026 09:40;17/06/2026 11:32;16/06/2026 09:40;17/06/2026 11:32
556421;MG;A7329;00019200000012902837;Rodoviário;16/06/2026 09:40;17/06/2026 11:32;16/06/2026 09:40;17/06/2026 11:32
556421;MG;A9099;00019200000012902845;Rodoviário;16/06/2026 09:40;17/06/2026 11:32;16/06/2026 09:40;17/06/2026 11:32
556421;MG;A3978;00019200000012902853;Rodoviário;16/06/2026 09:40;17/06/2026 11:32;16/06/2026 09:40;17/06/2026 11:32
556421;MG;A7034;00019200000012902861;Rodoviário;16/06/2026 09:40;17/06/2026 11:32;16/06/2026 09:40;17/06/2026 11:32
556421;MG;A5493;00019200000012902870;Rodoviário;16/06/2026 09:40;17/06/2026 11:32;16/06/2026 09:40;17/06/2026 11:32
556421;MG;A4273;00019200000012902888;Rodoviário;16/06/2026 09:40;17/06/2026 11:32;16/06/2026 09:40;17/06/2026 11:32
556421;MG;TA0302;00019200000012902896;Rodoviário;16/06/2026 09:40;17/06/2026 11:32;16/06/2026 09:40;17/06/2026 11:32
556421;MG;A2951;00019200000012902900;Rodoviário;16/06/2026 09:40;17/06/2026 11:32;16/06/2026 09:40;17/06/2026 11:32
556421;MG;TA0610;00019200000012903256;Rodoviário;16/06/2026 09:40;17/06/2026 11:32;16/06/2026 09:40;17/06/2026 11:32
556421;MG;A4492;00019200000012903264;Rodoviário;16/06/2026 09:40;17/06/2026 11:32;16/06/2026 09:40;17/06/2026 11:32
556421;MG;A7960;00019200000012903272;Rodoviário;16/06/2026 09:40;17/06/2026 11:32;16/06/2026 09:40;17/06/2026 11:32
556421;MG;A8729;00019200000012903280;Rodoviário;16/06/2026 09:40;17/06/2026 11:32;16/06/2026 09:40;17/06/2026 11:32
556421;MG;TA1194;00019200000012903299;Rodoviário;16/06/2026 09:40;17/06/2026 11:32;16/06/2026 09:40;17/06/2026 11:32
556421;MG;A9017;00019200000012903302;Rodoviário;16/06/2026 09:40;17/06/2026 11:32;16/06/2026 09:40;17/06/2026 11:32
556421;MG;A8868;00019200000012903310;Rodoviário;16/06/2026 09:40;17/06/2026 11:32;16/06/2026 09:40;17/06/2026 11:32
556421;MG;A8885;00019200000012903329;Rodoviário;16/06/2026 09:40;17/06/2026 11:32;16/06/2026 09:40;17/06/2026 11:32
556421;MG;A1567;00019200000012903337;Rodoviário;16/06/2026 09:40;17/06/2026 11:32;16/06/2026 09:40;17/06/2026 11:32
556421;MG;A8259;00019200000012903345;Rodoviário;16/06/2026 09:40;17/06/2026 11:32;16/06/2026 09:40;17/06/2026 11:32
556421;MG;A9544;00019200000012903353;Rodoviário;16/06/2026 09:40;17/06/2026 11:32;16/06/2026 09:40;17/06/2026 11:32
556421;MG;A3773;00019200000012903361;Rodoviário;16/06/2026 09:40;17/06/2026 11:32;16/06/2026 09:40;17/06/2026 11:32
556421;MG;TA0820;00019200000012903370;Rodoviário;16/06/2026 09:40;17/06/2026 11:32;16/06/2026 09:40;17/06/2026 11:32
556421;MG;A8678;00019200000012903388;Rodoviário;16/06/2026 09:40;17/06/2026 11:32;16/06/2026 09:40;17/06/2026 11:32
556421;MG;A8776;00019200000012903396;Rodoviário;16/06/2026 09:40;17/06/2026 11:32;16/06/2026 09:40;17/06/2026 11:32
556421;MG;A6737;00019200000012903400;Rodoviário;16/06/2026 09:40;17/06/2026 11:32;16/06/2026 09:40;17/06/2026 11:32
556421;MG;A6918;00019200000012903418;Rodoviário;16/06/2026 09:40;17/06/2026 11:32;16/06/2026 09:40;17/06/2026 11:32
556421;MG;A3104;00019200000012903426;Rodoviário;16/06/2026 09:40;17/06/2026 11:32;16/06/2026 09:40;17/06/2026 11:32
556421;MG;A8810;00019200000012903434;Rodoviário;16/06/2026 09:40;17/06/2026 11:32;16/06/2026 09:40;17/06/2026 11:32
556421;MG;A5318;00019200000012903442;Rodoviário;16/06/2026 09:40;17/06/2026 11:32;16/06/2026 09:40;17/06/2026 11:32
556421;MG;A9297;00019200000012903450;Rodoviário;16/06/2026 09:40;17/06/2026 11:32;16/06/2026 09:40;17/06/2026 11:32
556421;MG;A4510;00019200000012903469;Rodoviário;16/06/2026 09:40;17/06/2026 11:32;16/06/2026 09:40;17/06/2026 11:32
556421;MG;A5455;00019200000012903477;Rodoviário;16/06/2026 09:40;17/06/2026 11:32;16/06/2026 09:40;17/06/2026 11:32
556421;MG;TA1184;00019200000012903485;Rodoviário;16/06/2026 09:40;17/06/2026 11:32;16/06/2026 09:40;17/06/2026 11:32
556421;MG;A7789;00019200000012903493;Rodoviário;16/06/2026 09:40;17/06/2026 11:32;16/06/2026 09:40;17/06/2026 11:32
556421;MG;A7738;00019200000012903507;Rodoviário;16/06/2026 09:40;17/06/2026 11:32;16/06/2026 09:40;17/06/2026 11:32
556421;MG;A6913;00019200000012903515;Rodoviário;16/06/2026 09:40;17/06/2026 11:32;16/06/2026 09:40;17/06/2026 11:32
556421;MG;A8102;00019200000012903523;Rodoviário;16/06/2026 09:40;17/06/2026 11:32;16/06/2026 09:40;17/06/2026 11:32
556421;MG;A7089;00019200000012903531;Rodoviário;16/06/2026 09:40;17/06/2026 11:32;16/06/2026 09:40;17/06/2026 11:32
556421;MG;A6345;00019200000012903540;Rodoviário;16/06/2026 09:40;17/06/2026 11:32;16/06/2026 09:40;17/06/2026 11:32
556421;MG;A3623;00019200000012903558;Rodoviário;16/06/2026 09:40;17/06/2026 11:32;16/06/2026 09:40;17/06/2026 11:32
556421;MG;A3446;00019200000012903566;Rodoviário;16/06/2026 09:40;17/06/2026 11:32;16/06/2026 09:40;17/06/2026 11:32
556421;MG;A1569;00019200000012903574;Rodoviário;16/06/2026 09:40;17/06/2026 11:32;16/06/2026 09:40;17/06/2026 11:32
556421;MG;TA0373;00019200000012903582;Rodoviário;16/06/2026 09:40;17/06/2026 11:32;16/06/2026 09:40;17/06/2026 11:32
556421;MG;A5484;00019200000012903590;Rodoviário;16/06/2026 09:40;17/06/2026 11:32;16/06/2026 09:40;17/06/2026 11:32
556421;MG;A7047;00019200000012903604;Rodoviário;16/06/2026 09:40;17/06/2026 11:32;16/06/2026 09:40;17/06/2026 11:32
556421;MG;TA0927;00019200000012903612;Rodoviário;16/06/2026 09:40;17/06/2026 11:32;16/06/2026 09:40;17/06/2026 11:32
556421;MG;A7379;00019200000012903620;Rodoviário;16/06/2026 09:40;17/06/2026 11:32;16/06/2026 09:40;17/06/2026 11:32
556421;MG;TA0941;00019200000012903639;Rodoviário;16/06/2026 09:40;17/06/2026 11:32;16/06/2026 09:40;17/06/2026 11:32
556421;MG;A9191;00019200000012903647;Rodoviário;16/06/2026 09:40;17/06/2026 11:32;16/06/2026 09:40;17/06/2026 11:32
556421;MG;A6355;00019200000012903655;Rodoviário;16/06/2026 09:40;17/06/2026 11:32;16/06/2026 09:40;17/06/2026 11:32
556421;MG;A8411;00019200000012903663;Rodoviário;16/06/2026 09:40;17/06/2026 11:32;16/06/2026 09:40;17/06/2026 11:32
556421;MG;A6909;00019200000012903671;Rodoviário;16/06/2026 09:40;17/06/2026 11:32;16/06/2026 09:40;17/06/2026 11:32
556421;MG;A8782;00019200000012903680;Rodoviário;16/06/2026 09:40;17/06/2026 11:32;16/06/2026 09:40;17/06/2026 11:32
556421;MG;A3806;00019200000012903698;Rodoviário;16/06/2026 09:40;17/06/2026 11:32;16/06/2026 09:40;17/06/2026 11:32
556421;MG;A8711;00019200000012903701;Rodoviário;16/06/2026 09:40;17/06/2026 11:32;16/06/2026 09:40;17/06/2026 11:32
556421;MG;A0430;00019200000012903710;Rodoviário;16/06/2026 09:40;17/06/2026 11:32;16/06/2026 09:40;17/06/2026 11:32
556421;MG;A8913;00019200000012903728;Rodoviário;16/06/2026 09:40;17/06/2026 11:32;16/06/2026 09:40;17/06/2026 11:32
556722;MG;A0980;00019200000013209698;Rodoviário;13/06/2026 15:59;16/06/2026 12:17;13/06/2026 15:59;16/06/2026 12:17
556729;MG;A5582;00019200000012694673;Rodoviário;30/06/2026 09:03;01/07/2026 15:08;30/06/2026 09:08;01/07/2026 15:08
556729;MG;A5622;00019200000012694681;Rodoviário;30/06/2026 09:03;01/07/2026 15:08;30/06/2026 09:08;01/07/2026 15:08
556729;MG;TA1078;00019200000012694690;Rodoviário;30/06/2026 09:03;01/07/2026 15:08;30/06/2026 09:08;01/07/2026 15:08
556729;MG;A6242;00019200000013242415;Rodoviário;30/06/2026 09:03;01/07/2026 15:08;30/06/2026 09:08;01/07/2026 15:08
556729;MG;A6001;00019200000013242490;Rodoviário;30/06/2026 09:03;01/07/2026 15:08;30/06/2026 09:08;01/07/2026 15:08
556729;MG;A4151;00019200000013242504;Rodoviário;30/06/2026 09:03;01/07/2026 15:08;30/06/2026 09:08;01/07/2026 15:08
556729;MG;TA0710;00019200000013242512;Rodoviário;30/06/2026 09:03;01/07/2026 15:08;30/06/2026 09:08;01/07/2026 15:08
556851;MG;A4658;00019200000012907669;Rodoviário;10/06/2026 05:00;12/06/2026 15:08;-;-
556851;MG;TA0088;00019200000012907677;Rodoviário;10/06/2026 05:00;12/06/2026 15:08;-;-
556929;MG;TA1155;00019200000012906107;MultiModal;11/06/2026 03:55;12/06/2026 13:59;-;-
556929;MG;A3913;00019200000012906115;MultiModal;11/06/2026 03:55;12/06/2026 13:59;-;-
556929;MG;A3265;00019200000012906123;MultiModal;11/06/2026 03:55;12/06/2026 13:59;-;-
556929;MG;A3622;00019200000012906131;MultiModal;11/06/2026 03:55;12/06/2026 13:59;-;-
556929;MG;A4027;00019200000012906140;MultiModal;11/06/2026 03:55;12/06/2026 13:59;-;-
556929;MG;A3222;00019200000012906158;MultiModal;11/06/2026 03:55;12/06/2026 13:59;-;-
556929;MG;A4894;00019200000012906166;MultiModal;11/06/2026 03:55;12/06/2026 13:59;-;-
556929;MG;A6920;00019200000012906174;MultiModal;11/06/2026 03:55;12/06/2026 13:59;-;-
556929;MG;A1914;00019200000012906182;MultiModal;11/06/2026 03:55;12/06/2026 13:59;-;-
556929;MG;A4929;00019200000012906190;MultiModal;11/06/2026 03:55;12/06/2026 13:59;-;-
556929;MG;A3724;00019200000012906204;MultiModal;11/06/2026 03:55;12/06/2026 13:59;-;-
556929;MG;TA0628;00019200000012906417;MultiModal;11/06/2026 03:55;12/06/2026 13:59;-;-
556996;MG;A7102;00019200000012904899;MultiModal;10/06/2026 10:58;11/06/2026 18:38;-;-
556996;MG;A1013;00019200000012904902;MultiModal;10/06/2026 10:58;11/06/2026 18:38;-;-
556996;MG;A6819;00019200000012904910;MultiModal;10/06/2026 10:58;11/06/2026 18:38;-;-
556996;MG;TA0260;00019200000012905070;MultiModal;10/06/2026 10:58;11/06/2026 18:38;-;-
556996;MG;A8063;00019200000012905089;MultiModal;10/06/2026 10:58;11/06/2026 18:38;-;-
556996;MG;A6467;00019200000012905097;MultiModal;10/06/2026 10:58;11/06/2026 18:38;-;-
556996;MG;A7036;00019200000012905100;MultiModal;10/06/2026 10:58;11/06/2026 18:38;-;-
556996;MG;A6472;00019200000012905119;MultiModal;10/06/2026 10:58;11/06/2026 18:38;-;-
556996;MG;A7753;00019200000012905127;MultiModal;10/06/2026 10:58;11/06/2026 18:38;-;-
556996;MG;A8169;00019200000012905135;MultiModal;10/06/2026 10:58;11/06/2026 18:38;-;-
556996;MG;A4057;00019200000012905143;MultiModal;10/06/2026 10:58;11/06/2026 18:38;-;-
556996;MG;A0477;00019200000012905151;MultiModal;10/06/2026 10:58;11/06/2026 18:38;-;-
556996;MG;A5449;00019200000012905160;MultiModal;10/06/2026 10:58;11/06/2026 18:38;-;-
556996;MG;A9214;00019200000012905178;MultiModal;10/06/2026 10:58;11/06/2026 18:38;-;-
556996;MG;A8392;00019200000012905186;MultiModal;10/06/2026 10:58;11/06/2026 18:38;-;-
556996;MG;A5675;00019200000012905194;MultiModal;10/06/2026 10:58;11/06/2026 18:38;-;-
556996;MG;A4203;00019200000012905208;MultiModal;10/06/2026 10:58;11/06/2026 18:38;-;-
556996;MG;A7653;00019200000012905216;MultiModal;10/06/2026 10:58;11/06/2026 18:38;-;-
556996;MG;A4062;00019200000012905224;MultiModal;10/06/2026 10:58;11/06/2026 18:38;-;-
556996;MG;A6385;00019200000012905232;MultiModal;10/06/2026 10:58;11/06/2026 18:38;-;-
556996;MG;A9436;00019200000012905240;MultiModal;10/06/2026 10:58;11/06/2026 18:38;-;-
556996;MG;A2449;00019200000012905259;MultiModal;10/06/2026 10:58;11/06/2026 18:38;-;-
556996;MG;A0764;00019200000012905267;MultiModal;10/06/2026 10:58;11/06/2026 18:38;-;-
556996;MG;TA1006;00019200000012905275;MultiModal;10/06/2026 10:58;11/06/2026 18:38;-;-
556996;MG;A7702;00019200000012905283;MultiModal;10/06/2026 10:58;11/06/2026 18:38;-;-
556996;MG;TA1017;00019200000012905291;MultiModal;10/06/2026 10:58;11/06/2026 18:38;-;-
556996;MG;A8135;00019200000012905305;MultiModal;10/06/2026 10:58;11/06/2026 18:38;-;-
556996;MG;A2299;00019200000012905313;MultiModal;10/06/2026 10:58;11/06/2026 18:38;-;-
556996;MG;A0580;00019200000012905321;MultiModal;10/06/2026 10:58;11/06/2026 18:38;-;-
556996;MG;A8860;00019200000012905330;MultiModal;10/06/2026 10:58;11/06/2026 18:38;-;-
556996;MG;A9580;00019200000012905348;MultiModal;10/06/2026 10:58;11/06/2026 18:38;-;-
556996;MG;A6936;00019200000012905356;MultiModal;10/06/2026 10:58;11/06/2026 18:38;-;-
556996;MG;A9176;00019200000012905364;MultiModal;10/06/2026 10:58;11/06/2026 18:38;-;-
556996;MG;A8927;00019200000012905372;MultiModal;10/06/2026 10:58;11/06/2026 18:38;-;-
556996;MG;A9403;00019200000012905380;MultiModal;10/06/2026 10:58;11/06/2026 18:38;-;-
557016;MG;A7395;00019200000012685895;MultiModal;23/06/2026 05:31;24/06/2026 11:09;23/06/2026 05:31;24/06/2026 11:09
557016;MG;A3466;00019200000012685909;MultiModal;23/06/2026 05:31;24/06/2026 11:09;23/06/2026 05:31;24/06/2026 11:09
557081;MG;A1019;00019200000012659142;MultiModal;11/06/2026 00:37;12/06/2026 13:01;-;-
557315;MG;A1679;00019200000012659029;MultiModal;11/06/2026 00:44;13/06/2026 12:00;-;-
557317;MG;A6486;00019200000012658073;MultiModal;11/06/2026 00:38;12/06/2026 16:38;-;-
557322;MG;A8045;00019200000012657840;MultiModal;11/06/2026 00:38;12/06/2026 11:04;-;-
557324;MG;A7985;00019200000012658871;MultiModal;11/06/2026 00:39;12/06/2026 15:21;-;-
557382;MG;A0719;00019200000012656364;MultiModal;15/06/2026 11:33;18/06/2026 10:30;15/06/2026 11:33;18/06/2026 10:30
557383;MG;A8549;00019200000012656470;MultiModal;11/06/2026 23:19;12/06/2026 17:10;-;-
557478;MG;869170035517607;00019200000012701335;Rodoviário;16/06/2026 10:26;17/06/2026 13:01;16/06/2026 10:26;17/06/2026 13:01
557478;MG;869170035518498;00019200000012701505;Rodoviário;16/06/2026 10:26;17/06/2026 13:01;16/06/2026 10:26;17/06/2026 13:01
557478;MG;869170035504969;00019200000012701513;Rodoviário;16/06/2026 10:26;17/06/2026 13:01;16/06/2026 10:26;17/06/2026 13:01
557478;MG;869170034889478;00019200000012701521;Rodoviário;16/06/2026 10:26;17/06/2026 13:01;16/06/2026 10:26;17/06/2026 13:01
557478;MG;869170034874280;00019200000012701530;Rodoviário;16/06/2026 10:26;17/06/2026 13:01;16/06/2026 10:26;17/06/2026 13:01
557478;MG;869170034879644;00019200000012701548;Rodoviário;16/06/2026 10:26;17/06/2026 13:01;16/06/2026 10:26;17/06/2026 13:01
557478;MG;869170034880881;00019200000012701556;Rodoviário;16/06/2026 10:26;17/06/2026 13:01;16/06/2026 10:26;17/06/2026 13:01
557478;MG;869170035514257;00019200000012701564;Rodoviário;16/06/2026 10:26;17/06/2026 13:01;16/06/2026 10:26;17/06/2026 13:01
557478;MG;869170034888603;00019200000012701572;Rodoviário;16/06/2026 10:26;17/06/2026 13:01;16/06/2026 10:26;17/06/2026 13:01
557478;MG;869170034879370;00019200000012701580;Rodoviário;16/06/2026 10:26;17/06/2026 13:01;16/06/2026 10:26;17/06/2026 13:01
557478;MG;869170035513507;00019200000012701599;Rodoviário;16/06/2026 10:26;17/06/2026 13:01;16/06/2026 10:26;17/06/2026 13:01
557478;MG;869170035491506;00019200000012701610;Rodoviário;16/06/2026 10:26;17/06/2026 13:01;16/06/2026 10:26;17/06/2026 13:01
557478;MG;869170034886789;00019200000012701629;Rodoviário;16/06/2026 10:26;17/06/2026 13:01;16/06/2026 10:26;17/06/2026 13:01
557478;MG;869170034879941;00019200000012701637;Rodoviário;16/06/2026 10:26;17/06/2026 13:01;16/06/2026 10:26;17/06/2026 13:01
557478;MG;869170034875360;00019200000012701645;Rodoviário;16/06/2026 10:26;17/06/2026 13:01;16/06/2026 10:26;17/06/2026 13:01
557478;MG;869170034880766;00019200000012701653;Rodoviário;16/06/2026 10:26;17/06/2026 13:01;16/06/2026 10:26;17/06/2026 13:01
557478;MG;869170034888660;00019200000012701661;Rodoviário;16/06/2026 10:26;17/06/2026 13:01;16/06/2026 10:26;17/06/2026 13:01
557478;MG;869170034888322;00019200000012701670;Rodoviário;16/06/2026 10:26;17/06/2026 13:01;16/06/2026 10:26;17/06/2026 13:01
557478;MG;869170034872128;00019200000012701750;Rodoviário;16/06/2026 10:26;17/06/2026 13:01;16/06/2026 10:26;17/06/2026 13:01
557478;MG;869170034879032;00019200000012701769;Rodoviário;16/06/2026 10:26;17/06/2026 13:01;16/06/2026 10:26;17/06/2026 13:01
557478;MG;869170034887977;00019200000012701777;Rodoviário;16/06/2026 10:26;17/06/2026 13:01;16/06/2026 10:26;17/06/2026 13:01
557478;MG;AS-0529;00019200000012701785;Rodoviário;16/06/2026 10:26;17/06/2026 13:01;16/06/2026 10:26;17/06/2026 13:01
557478;MG;AS-0616;00019200000012701793;Rodoviário;16/06/2026 10:26;17/06/2026 13:01;16/06/2026 10:26;17/06/2026 13:01
557478;MG;AS-0424;00019200000012701807;Rodoviário;16/06/2026 10:26;17/06/2026 13:01;16/06/2026 10:26;17/06/2026 13:01
557478;MG;AS-0351;00019200000012701815;Rodoviário;16/06/2026 10:26;17/06/2026 13:01;16/06/2026 10:26;17/06/2026 13:01
557478;MG;869170035517193;00019200000012701823;Rodoviário;16/06/2026 10:26;17/06/2026 13:01;16/06/2026 10:26;17/06/2026 13:01
557478;MG;AS-0185;00019200000012701831;Rodoviário;16/06/2026 10:26;17/06/2026 13:01;16/06/2026 10:26;17/06/2026 13:01
557478;MG;AS-0756;00019200000012701840;Rodoviário;16/06/2026 10:26;17/06/2026 13:01;16/06/2026 10:26;17/06/2026 13:01
557478;MG;869170034882887;00019200000012701858;Rodoviário;16/06/2026 10:26;17/06/2026 13:01;16/06/2026 10:26;17/06/2026 13:01
557478;MG;AS-0599;00019200000012701866;Rodoviário;16/06/2026 10:26;17/06/2026 13:01;16/06/2026 10:26;17/06/2026 13:01
557478;MG;AS-0380;00019200000012701874;Rodoviário;16/06/2026 10:26;17/06/2026 13:01;16/06/2026 10:26;17/06/2026 13:01
557478;MG;AS-0840;00019200000012701882;Rodoviário;16/06/2026 10:26;17/06/2026 13:01;16/06/2026 10:26;17/06/2026 13:01
557478;MG;AS-0059;00019200000012701890;Rodoviário;16/06/2026 10:26;17/06/2026 13:01;16/06/2026 10:26;17/06/2026 13:01
557478;MG;869170035494781;00019200000012701904;Rodoviário;16/06/2026 10:26;17/06/2026 13:01;16/06/2026 10:26;17/06/2026 13:01
557478;MG;869170034887365;00019200000012701912;Rodoviário;16/06/2026 10:26;17/06/2026 13:01;16/06/2026 10:26;17/06/2026 13:01
557478;MG;869170035512699;00019200000012701920;Rodoviário;16/06/2026 10:26;17/06/2026 13:01;16/06/2026 10:26;17/06/2026 13:01
557478;MG;869170034879602;00019200000012701939;Rodoviário;16/06/2026 10:26;17/06/2026 13:01;16/06/2026 10:26;17/06/2026 13:01
557478;MG;869170034871831;00019200000012701947;Rodoviário;16/06/2026 10:26;17/06/2026 13:01;16/06/2026 10:26;17/06/2026 13:01
557478;MG;869170034872110;00019200000012701955;Rodoviário;16/06/2026 10:26;17/06/2026 13:01;16/06/2026 10:26;17/06/2026 13:01
557478;MG;869170034876459;00019200000012702196;Rodoviário;16/06/2026 10:26;17/06/2026 13:01;16/06/2026 10:26;17/06/2026 13:01
557478;MG;869170034887373;00019200000012702200;Rodoviário;16/06/2026 10:26;17/06/2026 13:01;16/06/2026 10:26;17/06/2026 13:01
557478;MG;AS-0676;00019200000012702234;Rodoviário;16/06/2026 10:26;17/06/2026 13:01;16/06/2026 10:26;17/06/2026 13:01
557478;MG;869170034889619;00019200000012702242;Rodoviário;16/06/2026 10:26;17/06/2026 13:01;16/06/2026 10:26;17/06/2026 13:01
557478;MG;869170034874686;00019200000012702250;Rodoviário;16/06/2026 10:26;17/06/2026 13:01;16/06/2026 10:26;17/06/2026 13:01
557478;MG;869170034876772;00019200000012702269;Rodoviário;16/06/2026 10:26;17/06/2026 13:01;16/06/2026 10:26;17/06/2026 13:01
557478;MG;869170034885856;00019200000012702307;Rodoviário;16/06/2026 10:26;17/06/2026 13:01;16/06/2026 10:26;17/06/2026 13:01
557478;MG;869170034876111;00019200000012702323;Rodoviário;16/06/2026 10:26;17/06/2026 13:01;16/06/2026 10:26;17/06/2026 13:01
557574;MG;A7183;00019200000012922714;Rodoviário;22/06/2026 18:48;24/06/2026 12:07;22/06/2026 18:48;24/06/2026 12:07
557574;MG;A8975;00019200000012922722;Rodoviário;22/06/2026 18:48;24/06/2026 12:07;22/06/2026 18:48;24/06/2026 12:07
557574;MG;A5018;00019200000012922730;Rodoviário;22/06/2026 18:48;24/06/2026 12:07;22/06/2026 18:48;24/06/2026 12:07
557574;MG;A6056;00019200000012922749;Rodoviário;22/06/2026 18:48;24/06/2026 12:07;22/06/2026 18:48;24/06/2026 12:07
557574;MG;A3446;00019200000012922757;Rodoviário;22/06/2026 18:48;24/06/2026 12:07;22/06/2026 18:48;24/06/2026 12:07
557574;MG;A9353;00019200000012922765;Rodoviário;22/06/2026 18:48;24/06/2026 12:07;22/06/2026 18:48;24/06/2026 12:07
557574;MG;A6054;00019200000012922773;Rodoviário;22/06/2026 18:48;24/06/2026 12:07;22/06/2026 18:48;24/06/2026 12:07
557574;MG;A8727;00019200000012922781;Rodoviário;22/06/2026 18:48;24/06/2026 12:07;22/06/2026 18:48;24/06/2026 12:07
557574;MG;A3960;00019200000012922790;Rodoviário;22/06/2026 18:48;24/06/2026 12:07;22/06/2026 18:48;24/06/2026 12:07
557574;MG;A6177;00019200000012922803;Rodoviário;22/06/2026 18:48;24/06/2026 12:07;22/06/2026 18:48;24/06/2026 12:07
557574;MG;A0177;00019200000012922811;Rodoviário;22/06/2026 18:48;24/06/2026 12:07;22/06/2026 18:48;24/06/2026 12:07
557574;MG;A0133;00019200000012922820;Rodoviário;22/06/2026 18:48;24/06/2026 12:07;22/06/2026 18:48;24/06/2026 12:07
557574;MG;A3571;00019200000012922838;Rodoviário;22/06/2026 18:48;24/06/2026 12:07;22/06/2026 18:48;24/06/2026 12:07
557574;MG;TA1184;00019200000012922846;Rodoviário;22/06/2026 18:48;24/06/2026 12:07;22/06/2026 18:48;24/06/2026 12:07
557574;MG;A6583;00019200000012922854;Rodoviário;22/06/2026 18:48;24/06/2026 12:07;22/06/2026 18:48;24/06/2026 12:07
557574;MG;A6909;00019200000012922862;Rodoviário;22/06/2026 18:48;24/06/2026 12:07;22/06/2026 18:48;24/06/2026 12:07
557574;MG;A5513;00019200000012922870;Rodoviário;22/06/2026 18:48;24/06/2026 12:07;22/06/2026 18:48;24/06/2026 12:07
557574;MG;A0158;00019200000012922889;Rodoviário;22/06/2026 18:48;24/06/2026 12:07;22/06/2026 18:48;24/06/2026 12:07
557574;MG;A5574;00019200000012922897;Rodoviário;22/06/2026 18:48;24/06/2026 12:07;22/06/2026 18:48;24/06/2026 12:07
557574;MG;A9065;00019200000012922900;Rodoviário;22/06/2026 18:48;24/06/2026 12:07;22/06/2026 18:48;24/06/2026 12:07
557574;MG;A2808;00019200000012922919;Rodoviário;22/06/2026 18:48;24/06/2026 12:07;22/06/2026 18:48;24/06/2026 12:07
557574;MG;A1317;00019200000012922927;Rodoviário;22/06/2026 18:48;24/06/2026 12:07;22/06/2026 18:48;24/06/2026 12:07
557574;MG;A0902;00019200000012922935;Rodoviário;22/06/2026 18:48;24/06/2026 12:07;22/06/2026 18:48;24/06/2026 12:07
557574;MG;A2804;00019200000012922943;Rodoviário;22/06/2026 18:48;24/06/2026 12:07;22/06/2026 18:48;24/06/2026 12:07
557574;MG;A8219;00019200000012922951;Rodoviário;22/06/2026 18:48;24/06/2026 12:07;22/06/2026 18:48;24/06/2026 12:07
557574;MG;A5623;00019200000012922960;Rodoviário;22/06/2026 18:48;24/06/2026 12:07;22/06/2026 18:48;24/06/2026 12:07
557574;MG;A6201;00019200000012922978;Rodoviário;22/06/2026 18:48;24/06/2026 12:07;22/06/2026 18:48;24/06/2026 12:07
557574;MG;A8411;00019200000012922986;Rodoviário;22/06/2026 18:48;24/06/2026 12:07;22/06/2026 18:48;24/06/2026 12:07
557574;MG;A5688;00019200000012922994;Rodoviário;22/06/2026 18:48;24/06/2026 12:07;22/06/2026 18:48;24/06/2026 12:07
557574;MG;A6103;00019200000012923001;Rodoviário;22/06/2026 18:48;24/06/2026 12:07;22/06/2026 18:48;24/06/2026 12:07
557574;MG;A6138;00019200000012923010;Rodoviário;22/06/2026 18:48;24/06/2026 12:07;22/06/2026 18:48;24/06/2026 12:07
557574;MG;A6094;00019200000012923028;Rodoviário;22/06/2026 18:48;24/06/2026 12:07;22/06/2026 18:48;24/06/2026 12:07
557574;MG;A6152;00019200000012923036;Rodoviário;22/06/2026 18:48;24/06/2026 12:07;22/06/2026 18:48;24/06/2026 12:07
557574;MG;A1873;00019200000012923044;Rodoviário;22/06/2026 18:48;24/06/2026 12:07;22/06/2026 18:48;24/06/2026 12:07
557574;MG;A5878;00019200000012923052;Rodoviário;22/06/2026 18:48;24/06/2026 12:07;22/06/2026 18:48;24/06/2026 12:07
557574;MG;A6061;00019200000012923060;Rodoviário;22/06/2026 18:48;24/06/2026 12:07;22/06/2026 18:48;24/06/2026 12:07
557574;MG;A6102;00019200000012923079;Rodoviário;22/06/2026 18:48;24/06/2026 12:07;22/06/2026 18:48;24/06/2026 12:07
557574;MG;A6179;00019200000012923087;Rodoviário;22/06/2026 18:48;24/06/2026 12:07;22/06/2026 18:48;24/06/2026 12:07
557574;MG;A5783;00019200000012923095;Rodoviário;22/06/2026 18:48;24/06/2026 12:07;22/06/2026 18:48;24/06/2026 12:07
557574;MG;A6212;00019200000012923109;Rodoviário;22/06/2026 18:48;24/06/2026 12:07;22/06/2026 18:48;24/06/2026 12:07
557574;MG;A8675;00019200000012923117;Rodoviário;22/06/2026 18:48;24/06/2026 12:07;22/06/2026 18:48;24/06/2026 12:07
557574;MG;A1992;00019200000012923125;Rodoviário;22/06/2026 18:48;24/06/2026 12:07;22/06/2026 18:48;24/06/2026 12:07
557574;MG;A1961;00019200000012923133;Rodoviário;22/06/2026 18:48;24/06/2026 12:07;22/06/2026 18:48;24/06/2026 12:07
557574;MG;A6012;00019200000012923141;Rodoviário;22/06/2026 18:48;24/06/2026 12:07;22/06/2026 18:48;24/06/2026 12:07
557574;MG;A5800;00019200000012923150;Rodoviário;22/06/2026 18:48;24/06/2026 12:07;22/06/2026 18:48;24/06/2026 12:07
557574;MG;A5713;00019200000012923168;Rodoviário;22/06/2026 18:48;24/06/2026 12:07;22/06/2026 18:48;24/06/2026 12:07
557574;MG;A5667;00019200000012923176;Rodoviário;22/06/2026 18:48;24/06/2026 12:07;22/06/2026 18:48;24/06/2026 12:07
557574;MG;A6085;00019200000012923184;Rodoviário;22/06/2026 18:48;24/06/2026 12:07;22/06/2026 18:48;24/06/2026 12:07
557574;MG;A6145;00019200000012923192;Rodoviário;22/06/2026 18:48;24/06/2026 12:07;22/06/2026 18:48;24/06/2026 12:07
557574;MG;A6082;00019200000012923206;Rodoviário;22/06/2026 18:48;24/06/2026 12:07;22/06/2026 18:48;24/06/2026 12:07
557574;MG;A6217;00019200000012923214;Rodoviário;22/06/2026 18:48;24/06/2026 12:07;22/06/2026 18:48;24/06/2026 12:07
557574;MG;A5790;00019200000012923222;Rodoviário;22/06/2026 18:48;24/06/2026 12:07;22/06/2026 18:48;24/06/2026 12:07
557574;MG;A5518;00019200000012923230;Rodoviário;22/06/2026 18:48;24/06/2026 12:07;22/06/2026 18:48;24/06/2026 12:07
557574;MG;TA0630;00019200000012923249;Rodoviário;22/06/2026 18:48;24/06/2026 12:07;-;-
557574;MG;A1846;00019200000012923257;Rodoviário;22/06/2026 18:48;24/06/2026 12:07;22/06/2026 18:48;24/06/2026 12:07
557574;MG;A5846;00019200000012923265;Rodoviário;22/06/2026 18:48;24/06/2026 12:07;22/06/2026 18:48;24/06/2026 12:07
557574;MG;A6182;00019200000012923273;Rodoviário;22/06/2026 18:48;24/06/2026 12:07;22/06/2026 18:48;24/06/2026 12:07
557574;MG;A5568;00019200000012923281;Rodoviário;22/06/2026 18:48;24/06/2026 12:07;22/06/2026 18:48;24/06/2026 12:07
557574;MG;A5975;00019200000012923290;Rodoviário;22/06/2026 18:48;24/06/2026 12:07;22/06/2026 18:48;24/06/2026 12:07
557574;MG;A5869;00019200000012923303;Rodoviário;22/06/2026 18:48;24/06/2026 12:07;22/06/2026 18:48;24/06/2026 12:07
557574;MG;A5772;00019200000012923311;Rodoviário;22/06/2026 18:48;24/06/2026 12:07;22/06/2026 18:48;24/06/2026 12:07
557574;MG;A6172;00019200000012923320;Rodoviário;22/06/2026 18:48;24/06/2026 12:07;22/06/2026 18:48;24/06/2026 12:07
557574;MG;A1742;00019200000012923338;Rodoviário;22/06/2026 18:48;24/06/2026 12:07;22/06/2026 18:48;24/06/2026 12:07
557574;MG;A9165;00019200000012923346;Rodoviário;22/06/2026 18:48;24/06/2026 12:07;22/06/2026 18:48;24/06/2026 12:07
557574;MG;A5686;00019200000012923354;Rodoviário;22/06/2026 18:48;24/06/2026 12:07;22/06/2026 18:48;24/06/2026 12:07
557574;MG;A2349;00019200000012923362;Rodoviário;22/06/2026 18:48;24/06/2026 12:07;22/06/2026 18:48;24/06/2026 12:07
557574;MG;TA0546;00019200000012923370;Rodoviário;22/06/2026 18:48;24/06/2026 12:07;22/06/2026 18:48;24/06/2026 12:07
557574;MG;A5749;00019200000012923389;Rodoviário;22/06/2026 18:48;24/06/2026 12:07;22/06/2026 18:48;24/06/2026 12:07
557574;MG;A5834;00019200000012923397;Rodoviário;22/06/2026 18:48;24/06/2026 12:07;22/06/2026 18:48;24/06/2026 12:07
557574;MG;A2181;00019200000012923400;Rodoviário;22/06/2026 18:48;24/06/2026 12:07;22/06/2026 18:48;24/06/2026 12:07
557574;MG;A1924;00019200000012923419;Rodoviário;22/06/2026 18:48;24/06/2026 12:07;22/06/2026 18:48;24/06/2026 12:07
557574;MG;A3128;00019200000012923451;Rodoviário;22/06/2026 18:48;24/06/2026 12:07;22/06/2026 18:48;24/06/2026 12:07
557574;MG;A8268;00019200000012923460;Rodoviário;22/06/2026 18:48;24/06/2026 12:07;22/06/2026 18:48;24/06/2026 12:07
557574;MG;A6196;00019200000012923478;Rodoviário;22/06/2026 18:48;24/06/2026 12:07;22/06/2026 18:48;24/06/2026 12:07
557574;MG;TA0914;00019200000012923486;Rodoviário;22/06/2026 18:48;24/06/2026 12:07;22/06/2026 18:48;24/06/2026 12:07
557574;MG;A7167;00019200000012923923;Rodoviário;22/06/2026 18:48;24/06/2026 12:07;22/06/2026 18:48;24/06/2026 12:07
557574;MG;A9413;00019200000012923931;Rodoviário;22/06/2026 18:48;24/06/2026 12:07;22/06/2026 18:48;24/06/2026 12:07
557574;MG;A7399;00019200000012923940;Rodoviário;22/06/2026 18:48;24/06/2026 12:07;22/06/2026 18:48;24/06/2026 12:07
557574;MG;A8028;00019200000012923958;Rodoviário;22/06/2026 18:48;24/06/2026 12:07;22/06/2026 18:48;24/06/2026 12:07
557574;MG;TA0684;00019200000012923966;Rodoviário;22/06/2026 18:48;24/06/2026 12:07;22/06/2026 18:48;24/06/2026 12:07
557574;MG;A6160;00019200000012923974;Rodoviário;22/06/2026 18:48;24/06/2026 12:07;22/06/2026 18:48;24/06/2026 12:07
557574;MG;A1286;00019200000012923982;Rodoviário;22/06/2026 18:48;24/06/2026 12:07;22/06/2026 18:48;24/06/2026 12:07
557574;MG;A5577;00019200000012923990;Rodoviário;22/06/2026 18:48;24/06/2026 12:07;22/06/2026 18:48;24/06/2026 12:07
557574;MG;A1938;00019200000012924008;Rodoviário;22/06/2026 18:48;24/06/2026 12:07;22/06/2026 18:48;24/06/2026 12:07
557574;MG;A5705;00019200000012924016;Rodoviário;22/06/2026 18:48;24/06/2026 12:07;22/06/2026 18:48;24/06/2026 12:07
557574;MG;A7047;00019200000012924024;Rodoviário;22/06/2026 18:48;24/06/2026 12:07;22/06/2026 18:48;24/06/2026 12:07
557574;MG;A7855;00019200000012924032;Rodoviário;22/06/2026 18:48;24/06/2026 12:07;22/06/2026 18:48;24/06/2026 12:07
557574;MG;A7212;00019200000012924040;Rodoviário;22/06/2026 18:48;24/06/2026 12:07;22/06/2026 18:48;24/06/2026 12:07
557574;MG;A3792;00019200000012924059;Rodoviário;22/06/2026 18:48;24/06/2026 12:07;22/06/2026 18:48;24/06/2026 12:07
557574;MG;A1913;00019200000012924067;Rodoviário;22/06/2026 18:48;24/06/2026 12:07;22/06/2026 18:48;24/06/2026 12:07
557574;MG;A5907;00019200000012924075;Rodoviário;22/06/2026 18:48;24/06/2026 12:07;22/06/2026 18:48;24/06/2026 12:07
557574;MG;A6355;00019200000012924083;Rodoviário;22/06/2026 18:48;24/06/2026 12:07;22/06/2026 18:48;24/06/2026 12:07
557574;MG;A6129;00019200000012924091;Rodoviário;22/06/2026 18:48;24/06/2026 12:07;22/06/2026 18:48;24/06/2026 12:07
557574;MG;A3250;00019200000012924105;Rodoviário;22/06/2026 18:48;24/06/2026 12:07;22/06/2026 18:48;24/06/2026 12:07
557574;MG;A6051;00019200000012924113;Rodoviário;22/06/2026 18:48;24/06/2026 12:07;22/06/2026 18:48;24/06/2026 12:07
557574;MG;A5677;00019200000012924121;Rodoviário;22/06/2026 18:48;24/06/2026 12:07;22/06/2026 18:48;24/06/2026 12:07
557574;MG;A1016;00019200000012924130;Rodoviário;22/06/2026 18:48;24/06/2026 12:07;22/06/2026 18:48;24/06/2026 12:07
557574;MG;A5543;00019200000012924148;Rodoviário;22/06/2026 18:48;24/06/2026 12:07;22/06/2026 18:48;24/06/2026 12:07
557574;MG;A8181;00019200000012924156;Rodoviário;22/06/2026 18:48;24/06/2026 12:07;22/06/2026 18:48;24/06/2026 12:07
557574;MG;A4992;00019200000012924164;Rodoviário;22/06/2026 18:48;24/06/2026 12:07;22/06/2026 18:48;24/06/2026 12:07
557574;MG;A3668;00019200000012924172;Rodoviário;22/06/2026 18:48;24/06/2026 12:07;22/06/2026 18:48;24/06/2026 12:07
557574;MG;A4412;00019200000012924180;Rodoviário;22/06/2026 18:48;24/06/2026 12:07;22/06/2026 18:48;24/06/2026 12:07
557574;MG;A0461;00019200000012924199;Rodoviário;22/06/2026 18:48;24/06/2026 12:07;22/06/2026 18:48;24/06/2026 12:07
557574;MG;A6213;00019200000012924202;Rodoviário;22/06/2026 18:48;24/06/2026 12:07;22/06/2026 18:48;24/06/2026 12:07
557574;MG;A6185;00019200000012924210;Rodoviário;22/06/2026 18:48;24/06/2026 12:07;22/06/2026 18:48;24/06/2026 12:07
557574;MG;A3168;00019200000012924229;Rodoviário;22/06/2026 18:48;24/06/2026 12:07;22/06/2026 18:48;24/06/2026 12:07
557574;MG;A0298;00019200000012924237;Rodoviário;22/06/2026 18:48;24/06/2026 12:07;22/06/2026 18:48;24/06/2026 12:07
557574;MG;A5856;00019200000012924245;Rodoviário;22/06/2026 18:48;24/06/2026 12:07;22/06/2026 18:48;24/06/2026 12:07
557574;MG;A5649;00019200000012924253;Rodoviário;22/06/2026 18:48;24/06/2026 12:07;22/06/2026 18:48;24/06/2026 12:07
557574;MG;A5809;00019200000012924261;Rodoviário;22/06/2026 18:48;24/06/2026 12:07;22/06/2026 18:48;24/06/2026 12:07
557574;MG;A6193;00019200000012924270;Rodoviário;22/06/2026 18:48;24/06/2026 12:07;22/06/2026 18:48;24/06/2026 12:07
557574;MG;A6084;00019200000012924288;Rodoviário;22/06/2026 18:48;24/06/2026 12:07;22/06/2026 18:48;24/06/2026 12:07
557574;MG;A5853;00019200000012924296;Rodoviário;22/06/2026 18:48;24/06/2026 12:07;22/06/2026 18:48;24/06/2026 12:07
557574;MG;A1043;00019200000012924300;Rodoviário;22/06/2026 18:48;24/06/2026 12:07;22/06/2026 18:48;24/06/2026 12:07
557574;MG;A5701;00019200000012924318;Rodoviário;22/06/2026 18:48;24/06/2026 12:07;22/06/2026 18:48;24/06/2026 12:07
557574;MG;A5962;00019200000012924326;Rodoviário;22/06/2026 18:48;24/06/2026 12:07;22/06/2026 18:48;24/06/2026 12:07
557574;MG;A2697;00019200000012924334;Rodoviário;22/06/2026 18:48;24/06/2026 12:07;22/06/2026 18:48;24/06/2026 12:07
557574;MG;A5597;00019200000012924342;Rodoviário;22/06/2026 18:48;24/06/2026 12:07;22/06/2026 18:48;24/06/2026 12:07
557574;MG;A6073;00019200000012924350;Rodoviário;22/06/2026 18:48;24/06/2026 12:07;22/06/2026 18:48;24/06/2026 12:07
557574;MG;A5589;00019200000012924369;Rodoviário;22/06/2026 18:48;24/06/2026 12:07;22/06/2026 18:48;24/06/2026 12:07
557574;MG;A6113;00019200000012924377;Rodoviário;22/06/2026 18:48;24/06/2026 12:07;22/06/2026 18:48;24/06/2026 12:07
557574;MG;A6200;00019200000012924385;Rodoviário;22/06/2026 18:48;24/06/2026 12:07;22/06/2026 18:48;24/06/2026 12:07
557574;MG;A6192;00019200000012924407;Rodoviário;22/06/2026 18:48;24/06/2026 12:07;22/06/2026 18:48;24/06/2026 12:07
557574;MG;A1903;00019200000012924415;Rodoviário;22/06/2026 18:48;24/06/2026 12:07;22/06/2026 18:48;24/06/2026 12:07
557574;MG;A5791;00019200000012924423;Rodoviário;22/06/2026 18:48;24/06/2026 12:07;22/06/2026 18:48;24/06/2026 12:07
557574;MG;A5533;00019200000012924431;Rodoviário;22/06/2026 18:48;24/06/2026 12:07;22/06/2026 18:48;24/06/2026 12:07
557574;MG;A6126;00019200000012924440;Rodoviário;22/06/2026 18:48;24/06/2026 12:07;22/06/2026 18:48;24/06/2026 12:07
557574;MG;A2823;00019200000012924458;Rodoviário;22/06/2026 18:48;24/06/2026 12:07;22/06/2026 18:48;24/06/2026 12:07
557574;MG;A3623;00019200000012924466;Rodoviário;22/06/2026 18:48;24/06/2026 12:07;22/06/2026 18:48;24/06/2026 12:07
557574;MG;A1997;00019200000012924474;Rodoviário;22/06/2026 18:48;24/06/2026 12:07;22/06/2026 18:48;24/06/2026 12:07
557574;MG;A6131;00019200000012924482;Rodoviário;22/06/2026 18:48;24/06/2026 12:07;22/06/2026 18:48;24/06/2026 12:07
557574;MG;A6170;00019200000012924490;Rodoviário;22/06/2026 18:48;24/06/2026 12:07;22/06/2026 18:48;24/06/2026 12:07
557574;MG;A6065;00019200000012924504;Rodoviário;22/06/2026 18:48;24/06/2026 12:07;22/06/2026 18:48;24/06/2026 12:07
557574;MG;A5825;00019200000012924512;Rodoviário;22/06/2026 18:48;24/06/2026 12:07;22/06/2026 18:48;24/06/2026 12:07
557574;MG;TA0106;00019200000012924520;Rodoviário;22/06/2026 18:48;24/06/2026 12:07;22/06/2026 18:48;24/06/2026 12:07
557574;MG;A4734;00019200000012924539;Rodoviário;22/06/2026 18:48;24/06/2026 12:07;22/06/2026 18:48;24/06/2026 12:07
557574;MG;A7034;00019200000012924547;Rodoviário;22/06/2026 18:48;24/06/2026 12:07;22/06/2026 18:48;24/06/2026 12:07
557574;MG;A6204;00019200000013224565;Rodoviário;22/06/2026 18:48;24/06/2026 12:07;22/06/2026 18:48;24/06/2026 12:07
557574;MG;A3588;00019200000013224573;Rodoviário;22/06/2026 18:48;24/06/2026 12:07;22/06/2026 18:48;24/06/2026 12:07
557574;MG;A5881;00019200000013224581;Rodoviário;22/06/2026 18:48;24/06/2026 12:07;22/06/2026 18:48;24/06/2026 12:07
557574;MG;A6144;00019200000013224590;Rodoviário;22/06/2026 18:48;24/06/2026 12:07;22/06/2026 18:48;24/06/2026 12:07
557574;MG;A2355;00019200000013224603;Rodoviário;22/06/2026 18:48;24/06/2026 12:07;22/06/2026 18:48;24/06/2026 12:07
557574;MG;A5954;00019200000013224611;Rodoviário;22/06/2026 18:48;24/06/2026 12:07;22/06/2026 18:48;24/06/2026 12:07
557574;MG;A5909;00019200000013224620;Rodoviário;22/06/2026 18:48;24/06/2026 12:07;22/06/2026 18:48;24/06/2026 12:07
557574;MG;A5732;00019200000013224638;Rodoviário;22/06/2026 18:48;24/06/2026 12:07;22/06/2026 18:48;24/06/2026 12:07
557574;MG;A5816;00019200000013224646;Rodoviário;22/06/2026 18:48;24/06/2026 12:07;22/06/2026 18:48;24/06/2026 12:07
557574;MG;A2459;00019200000013224654;Rodoviário;22/06/2026 18:48;24/06/2026 12:07;22/06/2026 18:48;24/06/2026 12:07
557574;MG;A5663;00019200000013224662;Rodoviário;22/06/2026 18:48;24/06/2026 12:07;22/06/2026 18:48;24/06/2026 12:07
557574;MG;A6210;00019200000013224670;Rodoviário;22/06/2026 18:48;24/06/2026 12:07;22/06/2026 18:48;24/06/2026 12:07
557574;MG;A1705;00019200000013224689;Rodoviário;22/06/2026 18:48;24/06/2026 12:07;22/06/2026 18:48;24/06/2026 12:07
557574;MG;A6049;00019200000013224697;Rodoviário;22/06/2026 18:48;24/06/2026 12:07;22/06/2026 18:48;24/06/2026 12:07
557574;MG;A6167;00019200000013224700;Rodoviário;22/06/2026 18:48;24/06/2026 12:07;22/06/2026 18:48;24/06/2026 12:07
557574;MG;A6183;00019200000013224719;Rodoviário;22/06/2026 18:48;24/06/2026 12:07;-;-
557574;MG;A2943;00019200000013224727;Rodoviário;22/06/2026 18:48;24/06/2026 12:07;22/06/2026 18:48;24/06/2026 12:07
557574;MG;A5551;00019200000013224735;Rodoviário;22/06/2026 18:48;24/06/2026 12:07;22/06/2026 18:48;24/06/2026 12:07
557574;MG;A1453;00019200000013224743;Rodoviário;22/06/2026 18:48;24/06/2026 12:07;22/06/2026 18:48;24/06/2026 12:07
557574;MG;A2695;00019200000013224751;Rodoviário;22/06/2026 18:48;24/06/2026 12:07;22/06/2026 18:48;24/06/2026 12:07
557574;MG;A5593;00019200000013224760;Rodoviário;22/06/2026 18:48;24/06/2026 12:07;22/06/2026 18:48;24/06/2026 12:07
557574;MG;A6087;00019200000013224778;Rodoviário;22/06/2026 18:48;24/06/2026 12:07;22/06/2026 18:48;24/06/2026 12:07
557574;MG;A6052;00019200000013224786;Rodoviário;22/06/2026 18:48;24/06/2026 12:07;22/06/2026 18:48;24/06/2026 12:07
557574;MG;A5538;00019200000013224794;Rodoviário;22/06/2026 18:48;24/06/2026 12:07;-;-
557574;MG;A5525;00019200000013224808;Rodoviário;22/06/2026 18:48;24/06/2026 12:07;22/06/2026 18:48;24/06/2026 12:07
557574;MG;A6089;00019200000013224816;Rodoviário;22/06/2026 18:48;24/06/2026 12:07;22/06/2026 18:48;24/06/2026 12:07
557574;MG;A5650;00019200000013224824;Rodoviário;22/06/2026 18:48;24/06/2026 12:07;22/06/2026 18:48;24/06/2026 12:07
557574;MG;A6024;00019200000013224832;Rodoviário;22/06/2026 18:48;24/06/2026 12:07;22/06/2026 18:48;24/06/2026 12:07
557574;MG;A5947;00019200000013224840;Rodoviário;22/06/2026 18:48;24/06/2026 12:07;22/06/2026 18:48;24/06/2026 12:07
557574;MG;A5991;00019200000013224859;Rodoviário;22/06/2026 18:48;24/06/2026 12:07;22/06/2026 18:48;24/06/2026 12:07
557574;MG;A5694;00019200000013224867;Rodoviário;22/06/2026 18:48;24/06/2026 12:07;22/06/2026 18:48;24/06/2026 12:07
557574;MG;A5652;00019200000013224875;Rodoviário;22/06/2026 18:48;24/06/2026 12:07;22/06/2026 18:48;24/06/2026 12:07
557574;MG;A6162;00019200000013224883;Rodoviário;22/06/2026 18:48;24/06/2026 12:07;22/06/2026 18:48;24/06/2026 12:07
557574;MG;A5728;00019200000013224891;Rodoviário;22/06/2026 18:48;24/06/2026 12:07;22/06/2026 18:48;24/06/2026 12:07
557574;MG;A6206;00019200000013224905;Rodoviário;22/06/2026 18:48;24/06/2026 12:07;22/06/2026 18:48;24/06/2026 12:07
557574;MG;A6157;00019200000013224913;Rodoviário;22/06/2026 18:48;24/06/2026 12:07;22/06/2026 18:48;24/06/2026 12:07
557574;MG;A5588;00019200000013224921;Rodoviário;22/06/2026 18:48;24/06/2026 12:07;22/06/2026 18:48;24/06/2026 12:07
557574;MG;A4446;00019200000013224930;Rodoviário;22/06/2026 18:48;24/06/2026 12:07;22/06/2026 18:48;24/06/2026 12:07
557574;MG;A5659;00019200000013224948;Rodoviário;22/06/2026 18:48;24/06/2026 12:07;22/06/2026 18:48;24/06/2026 12:07
557574;MG;A2595;00019200000013224956;Rodoviário;22/06/2026 18:48;24/06/2026 12:07;22/06/2026 18:48;24/06/2026 12:07
557574;MG;A6080;00019200000013224964;Rodoviário;22/06/2026 18:48;24/06/2026 12:07;22/06/2026 18:48;24/06/2026 12:07
557574;MG;A6161;00019200000013224972;Rodoviário;22/06/2026 18:48;24/06/2026 12:07;22/06/2026 18:48;24/06/2026 12:07
557574;MG;A5546;00019200000013224980;Rodoviário;22/06/2026 18:48;24/06/2026 12:07;22/06/2026 18:48;24/06/2026 12:07
557574;MG;A6156;00019200000013224999;Rodoviário;22/06/2026 18:48;24/06/2026 12:07;22/06/2026 18:48;24/06/2026 12:07
557574;MG;A5922;00019200000013225006;Rodoviário;22/06/2026 18:48;24/06/2026 12:07;22/06/2026 18:48;24/06/2026 12:07
557574;MG;A5870;00019200000013225014;Rodoviário;22/06/2026 18:48;24/06/2026 12:07;22/06/2026 18:48;24/06/2026 12:07
557574;MG;A6215;00019200000013225022;Rodoviário;22/06/2026 18:48;24/06/2026 12:07;22/06/2026 18:48;24/06/2026 12:07
557574;MG;A1150;00019200000013225030;Rodoviário;22/06/2026 18:48;24/06/2026 12:07;22/06/2026 18:48;24/06/2026 12:07
557574;MG;A5794;00019200000013225049;Rodoviário;22/06/2026 18:48;24/06/2026 12:07;22/06/2026 18:48;24/06/2026 12:07
557574;MG;A6181;00019200000013225057;Rodoviário;22/06/2026 18:48;24/06/2026 12:07;22/06/2026 18:48;24/06/2026 12:07
557574;MG;A5951;00019200000013225065;Rodoviário;22/06/2026 18:48;24/06/2026 12:07;22/06/2026 18:48;24/06/2026 12:07
557574;MG;A7480;00019200000013225073;Rodoviário;22/06/2026 18:48;24/06/2026 12:07;22/06/2026 18:48;24/06/2026 12:07
557574;MG;A4683;00019200000013225081;Rodoviário;22/06/2026 18:48;24/06/2026 12:07;22/06/2026 18:48;24/06/2026 12:07
557574;MG;A6124;00019200000013225090;Rodoviário;22/06/2026 18:48;24/06/2026 12:07;22/06/2026 18:48;24/06/2026 12:07
557574;MG;A5955;00019200000013225103;Rodoviário;22/06/2026 18:48;24/06/2026 12:07;22/06/2026 18:48;24/06/2026 12:07
557574;MG;A2588;00019200000013225111;Rodoviário;22/06/2026 18:48;24/06/2026 12:07;22/06/2026 18:48;24/06/2026 12:07
557574;MG;A5690;00019200000013225120;Rodoviário;22/06/2026 18:48;24/06/2026 12:07;22/06/2026 18:48;24/06/2026 12:07
557574;MG;A1154;00019200000013225138;Rodoviário;22/06/2026 18:48;24/06/2026 12:07;22/06/2026 18:48;24/06/2026 12:07
557574;MG;A6048;00019200000013225146;Rodoviário;22/06/2026 18:48;24/06/2026 12:07;22/06/2026 18:48;24/06/2026 12:07
557574;MG;A4226;00019200000013225154;Rodoviário;22/06/2026 18:48;24/06/2026 12:07;22/06/2026 18:48;24/06/2026 12:07
557574;MG;A1304;00019200000013225162;Rodoviário;22/06/2026 18:48;24/06/2026 12:07;22/06/2026 18:48;24/06/2026 12:07
557574;MG;A5492;00019200000013225170;Rodoviário;22/06/2026 18:48;24/06/2026 12:07;22/06/2026 18:48;24/06/2026 12:07
557574;MG;A6128;00019200000013225952;Rodoviário;22/06/2026 18:48;24/06/2026 12:07;22/06/2026 18:48;24/06/2026 12:07
557703;MG;A7930;00019200000012696145;MultiModal;22/06/2026 08:06;23/06/2026 10:12;22/06/2026 08:06;23/06/2026 10:12
557823;MG;A6407;00019200000012926876;MultiModal;17/06/2026 04:54;-;17/06/2026 04:54;-
557824;MG;A0854;00019200000012925845;MultiModal;17/06/2026 04:21;-;17/06/2026 04:21;-
557874;MG;A7429;00019200000013235770;Rodoviário;20/06/2026 14:39;22/06/2026 13:49;20/06/2026 14:39;22/06/2026 13:49
557874;MG;A7517;00019200000013235788;Rodoviário;20/06/2026 14:39;22/06/2026 13:49;20/06/2026 14:39;22/06/2026 13:49
557874;MG;A9548;00019200000013235796;Rodoviário;20/06/2026 14:39;22/06/2026 13:49;20/06/2026 14:39;22/06/2026 13:49
557874;MG;TA0444;00019200000013235818;Rodoviário;20/06/2026 14:39;22/06/2026 13:49;20/06/2026 14:39;22/06/2026 13:49
557874;MG;TA0547;00019200000013235826;Rodoviário;20/06/2026 14:39;22/06/2026 13:49;20/06/2026 14:39;22/06/2026 13:49
557874;MG;A5428;00019200000013235834;Rodoviário;20/06/2026 14:39;22/06/2026 13:49;20/06/2026 14:39;22/06/2026 13:49
557874;MG;A1275;00019200000013235842;Rodoviário;20/06/2026 14:39;22/06/2026 13:49;20/06/2026 14:39;22/06/2026 13:49
557874;MG;A7041;00019200000013235850;Rodoviário;20/06/2026 14:39;22/06/2026 13:49;20/06/2026 14:39;22/06/2026 13:49
557874;MG;A9287;00019200000013235869;Rodoviário;20/06/2026 14:39;22/06/2026 13:49;20/06/2026 14:39;22/06/2026 13:49
557874;MG;A6240;00019200000013235877;Rodoviário;20/06/2026 14:39;22/06/2026 13:49;20/06/2026 14:39;22/06/2026 13:49
557874;MG;A8742;00019200000013235885;Rodoviário;20/06/2026 14:39;22/06/2026 13:49;20/06/2026 14:39;22/06/2026 13:49
557874;MG;A5277;00019200000013235893;Rodoviário;20/06/2026 14:39;22/06/2026 13:49;20/06/2026 14:39;22/06/2026 13:49
557874;MG;A7187;00019200000013235907;Rodoviário;20/06/2026 14:39;22/06/2026 13:49;20/06/2026 14:39;22/06/2026 13:49
557874;MG;A7312;00019200000013235915;Rodoviário;20/06/2026 14:39;22/06/2026 13:49;20/06/2026 14:39;22/06/2026 13:49
557877;MG;A4098;00019200000012615030;Rodoviário;30/06/2026 09:05;01/07/2026 13:28;30/06/2026 09:05;01/07/2026 13:28
557877;MG;A6071;00019200000013313932;Rodoviário;30/06/2026 09:05;01/07/2026 13:28;30/06/2026 09:05;01/07/2026 13:28
557877;MG;A0465;00019200000013313940;Rodoviário;30/06/2026 09:05;01/07/2026 13:28;30/06/2026 09:05;01/07/2026 13:28
557877;MG;A6283;00019200000013313959;Rodoviário;30/06/2026 09:05;01/07/2026 13:28;30/06/2026 09:05;01/07/2026 13:28
557877;MG;A9066;00019200000013313967;Rodoviário;30/06/2026 09:05;01/07/2026 13:28;30/06/2026 09:05;01/07/2026 13:28
557877;MG;A7929;00019200000013313975;Rodoviário;30/06/2026 09:05;01/07/2026 13:28;30/06/2026 09:05;01/07/2026 13:28
557877;MG;A4242;00019200000013313983;Rodoviário;30/06/2026 09:05;01/07/2026 13:28;30/06/2026 09:05;01/07/2026 13:28
557877;MG;A8146;00019200000013313991;Rodoviário;30/06/2026 09:05;01/07/2026 13:28;30/06/2026 09:05;01/07/2026 13:28
557877;MG;A7164;00019200000013314009;Rodoviário;30/06/2026 09:05;01/07/2026 13:28;30/06/2026 09:05;01/07/2026 13:28
557877;MG;A9039;00019200000013314017;Rodoviário;30/06/2026 09:05;01/07/2026 13:28;30/06/2026 09:05;01/07/2026 13:28
557877;MG;A8942;00019200000013314025;Rodoviário;30/06/2026 09:05;01/07/2026 13:28;30/06/2026 09:05;01/07/2026 13:28
557877;MG;A3155;00019200000013314033;Rodoviário;30/06/2026 09:05;01/07/2026 13:28;30/06/2026 09:05;01/07/2026 13:28
557877;MG;A8910;00019200000013314041;Rodoviário;30/06/2026 09:05;01/07/2026 13:28;30/06/2026 09:05;01/07/2026 13:28
557877;MG;TA1114;00019200000013314050;Rodoviário;30/06/2026 09:05;01/07/2026 13:28;30/06/2026 09:05;01/07/2026 13:28
557877;MG;A0034;00019200000013314068;Rodoviário;30/06/2026 09:05;01/07/2026 13:28;30/06/2026 09:05;01/07/2026 13:28
557877;MG;A4618;00019200000013314076;Rodoviário;30/06/2026 09:05;01/07/2026 13:28;30/06/2026 09:05;01/07/2026 13:28
557877;MG;A7357;00019200000013314084;Rodoviário;30/06/2026 09:05;01/07/2026 13:28;30/06/2026 09:05;01/07/2026 13:28
557877;MG;A2706;00019200000013314092;Rodoviário;30/06/2026 09:05;01/07/2026 13:28;30/06/2026 09:05;01/07/2026 13:28
557877;MG;A2662;00019200000013314106;Rodoviário;30/06/2026 09:05;01/07/2026 13:28;30/06/2026 09:05;01/07/2026 13:28
557877;MG;A8300;00019200000013314114;Rodoviário;30/06/2026 09:05;01/07/2026 13:28;30/06/2026 09:05;01/07/2026 13:28
557877;MG;A0662;00019200000013314122;Rodoviário;30/06/2026 09:05;01/07/2026 13:28;30/06/2026 09:05;01/07/2026 13:28
557877;MG;A8565;00019200000013314130;Rodoviário;30/06/2026 09:05;01/07/2026 13:28;30/06/2026 09:05;01/07/2026 13:28
557877;MG;A4627;00019200000013314149;Rodoviário;30/06/2026 09:05;01/07/2026 13:28;30/06/2026 09:05;01/07/2026 13:28
557877;MG;A3719;00019200000013314157;Rodoviário;30/06/2026 09:05;01/07/2026 13:28;30/06/2026 09:05;01/07/2026 13:28
557877;MG;A0693;00019200000013314165;Rodoviário;30/06/2026 09:05;01/07/2026 13:28;30/06/2026 09:05;01/07/2026 13:28
557877;MG;A4626;00019200000013314173;Rodoviário;30/06/2026 09:05;01/07/2026 13:28;30/06/2026 09:05;01/07/2026 13:28
557877;MG;A4520;00019200000013314181;Rodoviário;30/06/2026 09:05;01/07/2026 13:28;30/06/2026 09:05;01/07/2026 13:28
557877;MG;A8289;00019200000013314190;Rodoviário;30/06/2026 09:05;01/07/2026 13:28;30/06/2026 09:05;01/07/2026 13:28
557877;MG;A1477;00019200000013314203;Rodoviário;30/06/2026 09:05;01/07/2026 13:28;30/06/2026 09:05;01/07/2026 13:28
557877;MG;A7909;00019200000013314211;Rodoviário;30/06/2026 09:05;01/07/2026 13:28;30/06/2026 09:05;01/07/2026 13:28
557877;MG;A3126;00019200000013314220;Rodoviário;30/06/2026 09:05;01/07/2026 13:28;30/06/2026 09:05;01/07/2026 13:28
557877;MG;A3127;00019200000013314351;Rodoviário;30/06/2026 09:05;01/07/2026 13:28;30/06/2026 09:05;01/07/2026 13:28
557877;MG;A6348;00019200000013314360;Rodoviário;30/06/2026 09:05;01/07/2026 13:28;30/06/2026 09:05;01/07/2026 13:28
557877;MG;A8912;00019200000013314378;Rodoviário;30/06/2026 09:05;01/07/2026 13:28;30/06/2026 09:05;01/07/2026 13:28
557877;MG;TA0737;00019200000013314386;Rodoviário;30/06/2026 09:05;01/07/2026 13:28;30/06/2026 09:05;01/07/2026 13:28
557877;MG;A0322;00019200000013314394;Rodoviário;30/06/2026 09:05;01/07/2026 13:28;30/06/2026 09:05;01/07/2026 13:28
557877;MG;A6590;00019200000013314408;Rodoviário;30/06/2026 09:05;01/07/2026 13:28;30/06/2026 09:05;01/07/2026 13:28
557877;MG;A0130;00019200000013314416;Rodoviário;30/06/2026 09:05;01/07/2026 13:28;30/06/2026 09:05;01/07/2026 13:28
557877;MG;A7276;00019200000013314424;Rodoviário;30/06/2026 09:05;01/07/2026 13:28;30/06/2026 09:05;01/07/2026 13:28
557877;MG;TA0932;00019200000013314432;Rodoviário;30/06/2026 09:05;01/07/2026 13:28;30/06/2026 09:05;01/07/2026 13:28
557877;MG;A5107;00019200000013314440;Rodoviário;30/06/2026 09:05;01/07/2026 13:28;30/06/2026 09:05;01/07/2026 13:28
557877;MG;A7769;00019200000013314459;Rodoviário;30/06/2026 09:05;01/07/2026 13:28;30/06/2026 09:05;01/07/2026 13:28
557877;MG;A8568;00019200000013314467;Rodoviário;30/06/2026 09:05;01/07/2026 13:28;30/06/2026 09:05;01/07/2026 13:28
557877;MG;A6397;00019200000013314475;Rodoviário;30/06/2026 09:05;01/07/2026 13:28;30/06/2026 09:05;01/07/2026 13:28
557877;MG;A9226;00019200000013314483;Rodoviário;30/06/2026 09:05;01/07/2026 13:28;30/06/2026 09:05;01/07/2026 13:28
557877;MG;A8690;00019200000013314491;Rodoviário;30/06/2026 09:05;01/07/2026 13:28;30/06/2026 09:05;01/07/2026 13:28
557877;MG;A7618;00019200000013314572;Rodoviário;30/06/2026 09:05;01/07/2026 13:28;30/06/2026 09:05;01/07/2026 13:28
557877;MG;A7474;00019200000013314580;Rodoviário;30/06/2026 09:05;01/07/2026 13:28;30/06/2026 09:05;01/07/2026 13:28
557877;MG;TA0915;00019200000013314599;Rodoviário;30/06/2026 09:05;01/07/2026 13:28;30/06/2026 09:05;01/07/2026 13:28
557877;MG;A9251;00019200000013314602;Rodoviário;30/06/2026 09:05;01/07/2026 13:28;30/06/2026 09:05;01/07/2026 13:28
557877;MG;A6439;00019200000013314610;Rodoviário;30/06/2026 09:05;01/07/2026 13:28;30/06/2026 09:05;01/07/2026 13:28
557877;MG;A5956;00019200000013314629;Rodoviário;30/06/2026 09:05;01/07/2026 13:28;30/06/2026 09:05;01/07/2026 13:28
557877;MG;A7092;00019200000013314637;Rodoviário;30/06/2026 09:05;01/07/2026 13:28;30/06/2026 09:05;01/07/2026 13:28
557877;MG;A7209;00019200000013314653;Rodoviário;30/06/2026 09:05;01/07/2026 13:28;30/06/2026 09:05;01/07/2026 13:28
557877;MG;A4061;00019200000013314661;Rodoviário;30/06/2026 09:05;01/07/2026 13:28;30/06/2026 09:05;01/07/2026 13:28
557877;MG;A7499;00019200000013314670;Rodoviário;30/06/2026 09:05;01/07/2026 13:28;30/06/2026 09:05;01/07/2026 13:28
557877;MG;A5457;00019200000013314688;Rodoviário;30/06/2026 09:05;01/07/2026 13:28;30/06/2026 09:05;01/07/2026 13:28
557877;MG;TA0302;00019200000013314696;Rodoviário;30/06/2026 09:05;01/07/2026 13:28;30/06/2026 09:05;01/07/2026 13:28
557877;MG;A8622;00019200000013314700;Rodoviário;30/06/2026 09:05;01/07/2026 13:28;30/06/2026 09:05;01/07/2026 13:28
557877;MG;A2641;00019200000013314734;Rodoviário;30/06/2026 09:05;01/07/2026 13:28;30/06/2026 09:05;01/07/2026 13:28
557877;MG;A3638;00019200000013314742;Rodoviário;30/06/2026 09:05;01/07/2026 13:28;30/06/2026 09:05;01/07/2026 13:28
557877;MG;A9639;00019200000013314750;Rodoviário;30/06/2026 09:05;01/07/2026 13:28;30/06/2026 09:05;01/07/2026 13:28
557877;MG;TA0827;00019200000013314769;Rodoviário;30/06/2026 09:05;01/07/2026 13:28;30/06/2026 09:05;01/07/2026 13:28
557877;MG;A5971;00019200000013314777;Rodoviário;30/06/2026 09:05;01/07/2026 13:28;30/06/2026 09:05;01/07/2026 13:28
557877;MG;A6493;00019200000013314785;Rodoviário;30/06/2026 09:05;01/07/2026 13:28;30/06/2026 09:05;01/07/2026 13:28
557877;MG;A8488;00019200000013314793;Rodoviário;30/06/2026 09:05;01/07/2026 13:28;30/06/2026 09:05;01/07/2026 13:28
557877;MG;A1802;00019200000013314807;Rodoviário;30/06/2026 09:05;01/07/2026 13:28;30/06/2026 09:05;01/07/2026 13:28
557877;MG;A5430;00019200000013314815;Rodoviário;30/06/2026 09:05;01/07/2026 13:28;30/06/2026 09:05;01/07/2026 13:28
557877;MG;A3861;00019200000013314823;Rodoviário;30/06/2026 09:05;01/07/2026 13:28;30/06/2026 09:05;01/07/2026 13:28
557877;MG;A7840;00019200000013314831;Rodoviário;30/06/2026 09:05;01/07/2026 13:28;30/06/2026 09:05;01/07/2026 13:28
557877;MG;A9420;00019200000013314840;Rodoviário;30/06/2026 09:05;01/07/2026 13:28;30/06/2026 09:05;01/07/2026 13:28
557877;MG;A8461;00019200000013314858;Rodoviário;30/06/2026 09:05;01/07/2026 13:28;30/06/2026 09:05;01/07/2026 13:28
557877;MG;A9257;00019200000013314866;Rodoviário;30/06/2026 09:05;01/07/2026 13:28;30/06/2026 09:05;01/07/2026 13:28
557877;MG;A2187;00019200000013314874;Rodoviário;30/06/2026 09:05;01/07/2026 13:28;30/06/2026 09:05;01/07/2026 13:28
557877;MG;A7531;00019200000013314882;Rodoviário;30/06/2026 09:05;01/07/2026 13:28;30/06/2026 09:05;01/07/2026 13:28
557877;MG;A1197;00019200000013314890;Rodoviário;30/06/2026 09:05;01/07/2026 13:28;30/06/2026 09:05;01/07/2026 13:28
557877;MG;A8388;00019200000013314904;Rodoviário;30/06/2026 09:05;01/07/2026 13:28;30/06/2026 09:05;01/07/2026 13:28
557877;MG;A8913;00019200000013314912;Rodoviário;30/06/2026 09:05;01/07/2026 13:28;30/06/2026 09:05;01/07/2026 13:28
557877;MG;A2832;00019200000013315161;Rodoviário;30/06/2026 09:05;01/07/2026 13:28;30/06/2026 09:05;01/07/2026 13:28
557877;MG;TA0814;00019200000013315170;Rodoviário;30/06/2026 09:05;01/07/2026 13:28;30/06/2026 09:05;01/07/2026 13:28
557877;MG;TA0255;00019200000013315420;Rodoviário;30/06/2026 09:05;01/07/2026 13:28;30/06/2026 09:05;01/07/2026 13:28
557877;MG;A5744;00019200000013315439;Rodoviário;30/06/2026 09:05;01/07/2026 13:28;30/06/2026 09:05;01/07/2026 13:28
557877;MG;A1717;00019200000013315447;Rodoviário;30/06/2026 09:05;01/07/2026 13:28;30/06/2026 09:05;01/07/2026 13:28
557877;MG;A3980;00019200000013316672;Rodoviário;30/06/2026 09:05;01/07/2026 13:28;30/06/2026 09:05;01/07/2026 13:28
557877;MG;A4117;00019200000013316680;Rodoviário;30/06/2026 09:05;01/07/2026 13:28;30/06/2026 09:05;01/07/2026 13:28
557877;MG;TA0441;00019200000013316699;Rodoviário;30/06/2026 09:05;01/07/2026 13:28;30/06/2026 09:05;01/07/2026 13:28
557877;MG;A9272;00019200000013316702;Rodoviário;30/06/2026 09:05;01/07/2026 13:28;30/06/2026 09:05;01/07/2026 13:28
557877;MG;A7464;00019200000013316710;Rodoviário;30/06/2026 09:05;01/07/2026 13:28;30/06/2026 09:05;01/07/2026 13:28
557877;MG;A7478;00019200000013316729;Rodoviário;30/06/2026 09:05;01/07/2026 13:28;30/06/2026 09:05;01/07/2026 13:28
557877;MG;A7217;00019200000013316737;Rodoviário;30/06/2026 09:05;01/07/2026 13:28;30/06/2026 09:05;01/07/2026 13:28
557877;MG;A4470;00019200000013328085;Rodoviário;30/06/2026 09:05;01/07/2026 13:28;30/06/2026 09:05;01/07/2026 13:28
557877;MG;A8151;00019200000013328093;Rodoviário;30/06/2026 09:05;01/07/2026 13:28;30/06/2026 09:05;01/07/2026 13:28
557877;MG;A3675;00019200000013328166;Rodoviário;30/06/2026 09:05;01/07/2026 13:28;30/06/2026 09:05;01/07/2026 13:28
557877;MG;A3142;00019200000013328212;Rodoviário;30/06/2026 09:05;01/07/2026 13:28;30/06/2026 09:05;01/07/2026 13:28
557877;MG;A7511;00019200000013328220;Rodoviário;30/06/2026 09:05;01/07/2026 13:28;30/06/2026 09:05;01/07/2026 13:28
557877;MG;A3773;00019200000013328239;Rodoviário;30/06/2026 09:05;01/07/2026 13:28;30/06/2026 09:05;01/07/2026 13:28
557877;MG;A5339;00019200000013328352;Rodoviário;30/06/2026 09:05;01/07/2026 13:28;30/06/2026 09:05;01/07/2026 13:28
557877;MG;A4668;00019200000013328409;Rodoviário;30/06/2026 09:05;01/07/2026 13:28;30/06/2026 09:05;01/07/2026 13:28
557877;MG;A7137;00019200000013328417;Rodoviário;30/06/2026 09:05;01/07/2026 13:28;30/06/2026 09:05;01/07/2026 13:28
557877;MG;A7755;00019200000013328425;Rodoviário;30/06/2026 09:05;01/07/2026 13:28;30/06/2026 09:05;01/07/2026 13:28
557889;MG;A8916;00019200000013197142;Rodoviário;07/07/2026 10:31;08/07/2026 14:43;07/07/2026 10:31;08/07/2026 14:43
557889;MG;A7920;00019200000013197169;Rodoviário;07/07/2026 10:31;08/07/2026 14:43;07/07/2026 10:31;08/07/2026 14:43
557889;MG;A3244;00019200000013197185;Rodoviário;07/07/2026 10:31;08/07/2026 14:43;07/07/2026 10:31;08/07/2026 14:43
557889;MG;A7242;00019200000013197193;Rodoviário;07/07/2026 10:31;08/07/2026 14:43;07/07/2026 10:31;08/07/2026 14:43
557889;MG;A8492;00019200000013197223;Rodoviário;07/07/2026 10:31;08/07/2026 14:43;07/07/2026 10:31;08/07/2026 14:43
557889;MG;A7864;00019200000013197231;Rodoviário;07/07/2026 10:31;08/07/2026 14:43;07/07/2026 10:31;08/07/2026 14:43
557889;MG;A8660;00019200000013201603;Rodoviário;07/07/2026 10:31;08/07/2026 14:43;07/07/2026 10:31;08/07/2026 14:43
557889;MG;A9246;00019200000013201611;Rodoviário;07/07/2026 10:31;08/07/2026 14:43;07/07/2026 10:31;08/07/2026 14:43
557889;MG;A5927;00019200000013201620;Rodoviário;07/07/2026 10:31;08/07/2026 14:43;07/07/2026 10:31;08/07/2026 14:43
557889;MG;A2492;00019200000013201638;Rodoviário;07/07/2026 10:31;08/07/2026 14:43;07/07/2026 10:31;08/07/2026 14:43
557889;MG;A2021;00019200000013201646;Rodoviário;07/07/2026 10:31;08/07/2026 14:43;07/07/2026 10:31;08/07/2026 14:43
557889;MG;A4988;00019200000013201654;Rodoviário;07/07/2026 10:31;08/07/2026 14:43;07/07/2026 10:31;08/07/2026 14:43
557889;MG;A9338;00019200000013201662;Rodoviário;07/07/2026 10:31;08/07/2026 14:43;07/07/2026 10:31;08/07/2026 14:43
557889;MG;TA0447;00019200000013201670;Rodoviário;07/07/2026 10:31;08/07/2026 14:43;07/07/2026 10:31;08/07/2026 14:43
557889;MG;A5457;00019200000013201689;Rodoviário;07/07/2026 10:31;08/07/2026 14:43;07/07/2026 10:31;08/07/2026 14:43
557889;MG;A9096;00019200000013201697;Rodoviário;07/07/2026 10:31;08/07/2026 14:43;07/07/2026 10:31;08/07/2026 14:43
557889;MG;A8007;00019200000013201700;Rodoviário;07/07/2026 10:31;08/07/2026 14:43;07/07/2026 10:31;08/07/2026 14:43
557889;MG;A1679;00019200000013201719;Rodoviário;07/07/2026 10:31;08/07/2026 14:43;07/07/2026 10:31;08/07/2026 14:43
557889;MG;A7457;00019200000013201727;Rodoviário;07/07/2026 10:31;08/07/2026 14:43;07/07/2026 10:31;08/07/2026 14:43
557889;MG;A5712;00019200000013201735;Rodoviário;07/07/2026 10:31;08/07/2026 14:43;07/07/2026 10:31;08/07/2026 14:43
557889;MG;A8689;00019200000013201743;Rodoviário;07/07/2026 10:31;08/07/2026 14:43;07/07/2026 10:31;08/07/2026 14:43
557889;MG;A6906;00019200000013201751;Rodoviário;07/07/2026 10:31;08/07/2026 14:43;07/07/2026 10:31;08/07/2026 14:43
557889;MG;A6692;00019200000013201760;Rodoviário;07/07/2026 10:31;08/07/2026 14:43;07/07/2026 10:31;08/07/2026 14:43
557889;MG;A2370;00019200000013201778;Rodoviário;07/07/2026 10:31;08/07/2026 14:43;07/07/2026 10:31;08/07/2026 14:43
557889;MG;A8678;00019200000013201786;Rodoviário;07/07/2026 10:31;08/07/2026 14:43;07/07/2026 10:31;08/07/2026 14:43
557889;MG;A9635;00019200000013201794;Rodoviário;07/07/2026 10:31;08/07/2026 14:43;07/07/2026 10:31;08/07/2026 14:43
557889;MG;A7720;00019200000013201808;Rodoviário;07/07/2026 10:31;08/07/2026 14:43;07/07/2026 10:31;08/07/2026 14:43
557889;MG;A4171;00019200000013201816;Rodoviário;07/07/2026 10:31;08/07/2026 14:43;07/07/2026 10:31;08/07/2026 14:43
557889;MG;TA0911;00019200000013201824;Rodoviário;07/07/2026 10:31;08/07/2026 14:43;07/07/2026 10:31;08/07/2026 14:43
557889;MG;A6476;00019200000013201832;Rodoviário;07/07/2026 10:31;08/07/2026 14:43;07/07/2026 10:31;08/07/2026 14:43
557889;MG;A6478;00019200000013201840;Rodoviário;07/07/2026 10:31;08/07/2026 14:43;07/07/2026 10:31;08/07/2026 14:43
557889;MG;TA0899;00019200000013201859;Rodoviário;07/07/2026 10:31;08/07/2026 14:43;07/07/2026 10:31;08/07/2026 14:43
557889;MG;A5801;00019200000013201867;Rodoviário;07/07/2026 10:31;08/07/2026 14:43;07/07/2026 10:31;08/07/2026 14:43
557889;MG;A1395;00019200000013201875;Rodoviário;07/07/2026 10:31;08/07/2026 14:43;07/07/2026 10:31;08/07/2026 14:43
557889;MG;A8413;00019200000013201883;Rodoviário;07/07/2026 10:31;08/07/2026 14:43;07/07/2026 10:31;08/07/2026 14:43
557889;MG;A3502;00019200000013201891;Rodoviário;07/07/2026 10:31;08/07/2026 14:43;07/07/2026 10:31;08/07/2026 14:43
557889;MG;A1798;00019200000013201905;Rodoviário;07/07/2026 10:31;08/07/2026 14:43;07/07/2026 10:31;08/07/2026 14:43
557889;MG;TA0579;00019200000013201913;Rodoviário;07/07/2026 10:31;08/07/2026 14:43;07/07/2026 10:31;08/07/2026 14:43
557889;MG;A8967;00019200000013201921;Rodoviário;07/07/2026 10:31;08/07/2026 14:43;07/07/2026 10:31;08/07/2026 14:43
557889;MG;A5353;00019200000013201930;Rodoviário;07/07/2026 10:31;08/07/2026 14:43;07/07/2026 10:31;08/07/2026 14:43
557889;MG;A3784;00019200000013201948;Rodoviário;07/07/2026 10:31;08/07/2026 14:43;07/07/2026 10:31;08/07/2026 14:43
557889;MG;A8250;00019200000013201956;Rodoviário;07/07/2026 10:31;08/07/2026 14:43;07/07/2026 10:31;08/07/2026 14:43
557889;MG;A6564;00019200000013201964;Rodoviário;07/07/2026 10:31;08/07/2026 14:43;07/07/2026 10:31;08/07/2026 14:43
557889;MG;A7840;00019200000013201972;Rodoviário;07/07/2026 10:31;08/07/2026 14:43;07/07/2026 10:31;08/07/2026 14:43
557889;MG;A2660;00019200000013201980;Rodoviário;07/07/2026 10:31;08/07/2026 14:43;07/07/2026 10:31;08/07/2026 14:43
557889;MG;A8052;00019200000013201999;Rodoviário;07/07/2026 10:31;08/07/2026 14:43;07/07/2026 10:31;08/07/2026 14:43
557889;MG;A7618;00019200000013202006;Rodoviário;07/07/2026 10:31;08/07/2026 14:43;07/07/2026 10:31;08/07/2026 14:43
557889;MG;A6464;00019200000013202014;Rodoviário;07/07/2026 10:31;08/07/2026 14:43;07/07/2026 10:31;08/07/2026 14:43
557889;MG;TA0433;00019200000013202022;Rodoviário;07/07/2026 10:31;08/07/2026 14:43;07/07/2026 10:31;08/07/2026 14:43
557889;MG;A4309;00019200000013202030;Rodoviário;07/07/2026 10:31;08/07/2026 14:43;07/07/2026 10:31;08/07/2026 14:43
557889;MG;A6763;00019200000013202049;Rodoviário;07/07/2026 10:31;08/07/2026 14:43;07/07/2026 10:31;08/07/2026 14:43
557889;MG;A4343;00019200000013202057;Rodoviário;07/07/2026 10:31;08/07/2026 14:43;07/07/2026 10:31;08/07/2026 14:43
557889;MG;A3448;00019200000013202065;Rodoviário;07/07/2026 10:31;08/07/2026 14:43;07/07/2026 10:31;08/07/2026 14:43
557889;MG;A0550;00019200000013202073;Rodoviário;07/07/2026 10:31;08/07/2026 14:43;07/07/2026 10:31;08/07/2026 14:43
557889;MG;A8753;00019200000013202081;Rodoviário;07/07/2026 10:31;08/07/2026 14:43;07/07/2026 10:31;08/07/2026 14:43
557889;MG;A8436;00019200000013202146;Rodoviário;07/07/2026 10:31;08/07/2026 14:43;07/07/2026 10:31;08/07/2026 14:43
557889;MG;TA0972;00019200000013202367;Rodoviário;07/07/2026 10:31;08/07/2026 14:43;07/07/2026 10:31;08/07/2026 14:43
557889;MG;A1474;00019200000013246267;Rodoviário;07/07/2026 10:31;08/07/2026 14:43;07/07/2026 10:31;08/07/2026 14:43
557889;MG;A4821;00019200000013246275;Rodoviário;07/07/2026 10:31;08/07/2026 14:43;07/07/2026 10:31;08/07/2026 14:43
557889;MG;A8937;00019200000013246283;Rodoviário;07/07/2026 10:31;08/07/2026 14:43;07/07/2026 10:31;08/07/2026 14:43
557889;MG;A7514;00019200000013246291;Rodoviário;07/07/2026 10:31;08/07/2026 14:43;07/07/2026 10:31;08/07/2026 14:43
557889;MG;TA0234;00019200000013246305;Rodoviário;07/07/2026 10:31;08/07/2026 14:43;07/07/2026 10:31;08/07/2026 14:43
557889;MG;A2935;00019200000013246313;Rodoviário;07/07/2026 10:31;08/07/2026 14:43;07/07/2026 10:31;08/07/2026 14:43
557889;MG;A8407;00019200000013246321;Rodoviário;07/07/2026 10:31;08/07/2026 14:43;07/07/2026 10:31;08/07/2026 14:43
557889;MG;A9063;00019200000013246330;Rodoviário;07/07/2026 10:31;08/07/2026 14:43;07/07/2026 10:31;08/07/2026 14:43
557889;MG;A2981;00019200000013246348;Rodoviário;07/07/2026 10:31;08/07/2026 14:43;07/07/2026 10:31;08/07/2026 14:43
557889;MG;A6333;00019200000013246356;Rodoviário;07/07/2026 10:31;08/07/2026 14:43;07/07/2026 10:31;08/07/2026 14:43
557889;MG;A9423;00019200000013246364;Rodoviário;07/07/2026 10:31;08/07/2026 14:43;07/07/2026 10:31;08/07/2026 14:43
557889;MG;A1618;00019200000013246372;Rodoviário;07/07/2026 10:31;08/07/2026 14:43;07/07/2026 10:31;08/07/2026 14:43
557889;MG;A8160;00019200000013246380;Rodoviário;07/07/2026 10:31;08/07/2026 14:43;07/07/2026 10:31;08/07/2026 14:43
557889;MG;A6500;00019200000013246399;Rodoviário;07/07/2026 10:31;08/07/2026 14:43;07/07/2026 10:31;08/07/2026 14:43
557889;MG;A7331;00019200000013246402;Rodoviário;07/07/2026 10:31;08/07/2026 14:43;07/07/2026 10:31;08/07/2026 14:43
557889;MG;A0092;00019200000013246410;Rodoviário;07/07/2026 10:31;08/07/2026 14:43;07/07/2026 10:31;08/07/2026 14:43
557889;MG;A9150;00019200000013246429;Rodoviário;07/07/2026 10:31;08/07/2026 14:43;07/07/2026 10:31;08/07/2026 14:43
557889;MG;A7101;00019200000013246437;Rodoviário;07/07/2026 10:31;08/07/2026 14:43;07/07/2026 10:31;08/07/2026 14:43
557889;MG;A8102;00019200000013246445;Rodoviário;07/07/2026 10:31;08/07/2026 14:43;07/07/2026 10:31;08/07/2026 14:43
557889;MG;A8022;00019200000013246453;Rodoviário;07/07/2026 10:31;08/07/2026 14:43;07/07/2026 10:31;08/07/2026 14:43
557889;MG;A2147;00019200000013246461;Rodoviário;07/07/2026 10:31;08/07/2026 14:43;07/07/2026 10:31;08/07/2026 14:43
557889;MG;TA0665;00019200000013246470;Rodoviário;07/07/2026 10:31;08/07/2026 14:43;07/07/2026 10:31;08/07/2026 14:43
557889;MG;A8725;00019200000013246488;Rodoviário;07/07/2026 10:31;08/07/2026 14:43;07/07/2026 10:31;08/07/2026 14:43
557889;MG;TA0934;00019200000013246496;Rodoviário;07/07/2026 10:31;08/07/2026 14:43;07/07/2026 10:31;08/07/2026 14:43
557889;MG;A8613;00019200000013246500;Rodoviário;07/07/2026 10:31;08/07/2026 14:43;07/07/2026 10:31;08/07/2026 14:43
557889;MG;A6074;00019200000013246518;Rodoviário;07/07/2026 10:31;08/07/2026 14:43;07/07/2026 10:31;08/07/2026 14:43
557889;MG;A8945;00019200000013246526;Rodoviário;07/07/2026 10:31;08/07/2026 14:43;07/07/2026 10:31;08/07/2026 14:43
557889;MG;A6729;00019200000013246534;Rodoviário;07/07/2026 10:31;08/07/2026 14:43;07/07/2026 10:31;08/07/2026 14:43
557889;MG;TA0966;00019200000013246542;Rodoviário;07/07/2026 10:31;08/07/2026 14:43;07/07/2026 10:31;08/07/2026 14:43
557889;MG;A3013;00019200000013246550;Rodoviário;07/07/2026 10:31;08/07/2026 14:43;07/07/2026 10:31;08/07/2026 14:43
557889;MG;A8612;00019200000013246569;Rodoviário;07/07/2026 10:31;08/07/2026 14:43;07/07/2026 10:31;08/07/2026 14:43
557889;MG;A3679;00019200000013246577;Rodoviário;07/07/2026 10:31;08/07/2026 14:43;07/07/2026 10:31;08/07/2026 14:43
557889;MG;A3464;00019200000013246585;Rodoviário;07/07/2026 10:31;08/07/2026 14:43;07/07/2026 10:31;08/07/2026 14:43
557889;MG;A6632;00019200000013246593;Rodoviário;07/07/2026 10:31;08/07/2026 14:43;07/07/2026 10:31;08/07/2026 14:43
557889;MG;A3438;00019200000013246607;Rodoviário;07/07/2026 10:31;08/07/2026 14:43;07/07/2026 10:31;08/07/2026 14:43
557889;MG;A8437;00019200000013246615;Rodoviário;07/07/2026 10:31;08/07/2026 14:43;07/07/2026 10:31;08/07/2026 14:43
557889;MG;A9379;00019200000013246631;Rodoviário;07/07/2026 10:31;08/07/2026 14:43;07/07/2026 10:31;08/07/2026 14:43
557889;MG;A7195;00019200000013246640;Rodoviário;07/07/2026 10:31;08/07/2026 14:43;07/07/2026 10:31;08/07/2026 14:43
557889;MG;A5622;00019200000013246658;Rodoviário;07/07/2026 10:31;08/07/2026 14:43;07/07/2026 10:31;08/07/2026 14:43
557889;MG;A0364;00019200000013246666;Rodoviário;07/07/2026 10:31;08/07/2026 14:43;07/07/2026 10:31;08/07/2026 14:43
557889;MG;A7964;00019200000013246674;Rodoviário;07/07/2026 10:31;08/07/2026 14:43;07/07/2026 10:31;08/07/2026 14:43
557889;MG;A6439;00019200000013246682;Rodoviário;07/07/2026 10:31;08/07/2026 14:43;07/07/2026 10:31;08/07/2026 14:43
557889;MG;A5488;00019200000013246690;Rodoviário;07/07/2026 10:31;08/07/2026 14:43;07/07/2026 10:31;08/07/2026 14:43
557889;MG;A6867;00019200000013246704;Rodoviário;07/07/2026 10:31;08/07/2026 14:43;07/07/2026 10:31;08/07/2026 14:43
557889;MG;A7143;00019200000013246712;Rodoviário;07/07/2026 10:31;08/07/2026 14:43;07/07/2026 10:31;08/07/2026 14:43
557889;MG;A8156;00019200000013246720;Rodoviário;07/07/2026 10:31;08/07/2026 14:43;07/07/2026 10:31;08/07/2026 14:43
557889;MG;A8147;00019200000013246739;Rodoviário;07/07/2026 10:31;08/07/2026 14:43;07/07/2026 10:31;08/07/2026 14:43
557889;MG;A6631;00019200000013246755;Rodoviário;07/07/2026 10:31;08/07/2026 14:43;07/07/2026 10:31;08/07/2026 14:43
557889;MG;A1599;00019200000013247000;Rodoviário;07/07/2026 10:31;08/07/2026 14:43;07/07/2026 10:31;08/07/2026 14:43
557889;MG;A7491;00019200000013247018;Rodoviário;07/07/2026 10:31;08/07/2026 14:43;07/07/2026 10:31;08/07/2026 14:43
557889;MG;A7467;00019200000013247026;Rodoviário;07/07/2026 10:31;08/07/2026 14:43;07/07/2026 10:31;08/07/2026 14:43
557889;MG;A5678;00019200000013247034;Rodoviário;07/07/2026 10:31;08/07/2026 14:43;07/07/2026 10:31;08/07/2026 14:43
557889;MG;A4502;00019200000013247042;Rodoviário;07/07/2026 10:31;08/07/2026 14:43;07/07/2026 10:31;08/07/2026 14:43
557889;MG;A3638;00019200000013247050;Rodoviário;07/07/2026 10:31;08/07/2026 14:43;07/07/2026 10:31;08/07/2026 14:43
557889;MG;A7697;00019200000013247069;Rodoviário;07/07/2026 10:31;08/07/2026 14:43;07/07/2026 10:31;08/07/2026 14:43
557889;MG;TA0215;00019200000013247077;Rodoviário;07/07/2026 10:31;08/07/2026 14:43;07/07/2026 10:31;08/07/2026 14:43
557889;MG;A7249;00019200000013247085;Rodoviário;07/07/2026 10:31;08/07/2026 14:43;07/07/2026 10:31;08/07/2026 14:43
557889;MG;A0852;00019200000013247093;Rodoviário;07/07/2026 10:31;08/07/2026 14:43;07/07/2026 10:31;08/07/2026 14:43
557889;MG;A6308;00019200000013247107;Rodoviário;07/07/2026 10:31;08/07/2026 14:43;07/07/2026 10:31;08/07/2026 14:43
557889;MG;A9076;00019200000013247115;Rodoviário;07/07/2026 10:31;08/07/2026 14:43;07/07/2026 10:31;08/07/2026 14:43
557889;MG;TA0505;00019200000013247123;Rodoviário;07/07/2026 10:31;08/07/2026 14:43;07/07/2026 10:31;08/07/2026 14:43
557889;MG;A8899;00019200000013247131;Rodoviário;07/07/2026 10:31;08/07/2026 14:43;07/07/2026 10:31;08/07/2026 14:43
557889;MG;A7960;00019200000013247140;Rodoviário;07/07/2026 10:31;08/07/2026 14:43;07/07/2026 10:31;08/07/2026 14:43
557889;MG;A2534;00019200000013247158;Rodoviário;07/07/2026 10:31;08/07/2026 14:43;07/07/2026 10:31;08/07/2026 14:43
557889;MG;A8485;00019200000013247166;Rodoviário;07/07/2026 10:31;08/07/2026 14:43;07/07/2026 10:31;08/07/2026 14:43
557889;MG;A8957;00019200000013247174;Rodoviário;07/07/2026 10:31;08/07/2026 14:43;07/07/2026 10:31;08/07/2026 14:43
557889;MG;A7849;00019200000013247182;Rodoviário;07/07/2026 10:31;08/07/2026 14:43;07/07/2026 10:31;08/07/2026 14:43
557889;MG;A5234;00019200000013247190;Rodoviário;07/07/2026 10:31;08/07/2026 14:43;07/07/2026 10:31;08/07/2026 14:43
557889;MG;A6317;00019200000013247204;Rodoviário;07/07/2026 10:31;08/07/2026 14:43;07/07/2026 10:31;08/07/2026 14:43
557889;MG;A0414;00019200000013247212;Rodoviário;07/07/2026 10:31;08/07/2026 14:43;07/07/2026 10:31;08/07/2026 14:43
557889;MG;A4797;00019200000013247220;Rodoviário;07/07/2026 10:31;08/07/2026 14:43;07/07/2026 10:31;08/07/2026 14:43
557889;MG;A4509;00019200000013247239;Rodoviário;07/07/2026 10:31;08/07/2026 14:43;07/07/2026 10:31;08/07/2026 14:43
557889;MG;A4565;00019200000013247247;Rodoviário;07/07/2026 10:31;08/07/2026 14:43;07/07/2026 10:31;08/07/2026 14:43
557889;MG;A3585;00019200000013247255;Rodoviário;07/07/2026 10:31;08/07/2026 14:43;07/07/2026 10:31;08/07/2026 14:43
557889;MG;A0621;00019200000013247263;Rodoviário;07/07/2026 10:31;08/07/2026 14:43;07/07/2026 10:31;08/07/2026 14:43
557889;MG;A6710;00019200000013247271;Rodoviário;07/07/2026 10:31;08/07/2026 14:43;07/07/2026 10:31;08/07/2026 14:43
557889;MG;A9639;00019200000013247280;Rodoviário;07/07/2026 10:31;08/07/2026 14:43;07/07/2026 10:31;08/07/2026 14:43
557889;MG;A5845;00019200000013247298;Rodoviário;07/07/2026 10:31;08/07/2026 14:43;07/07/2026 10:31;08/07/2026 14:43
557889;MG;A3296;00019200000013247301;Rodoviário;07/07/2026 10:31;08/07/2026 14:43;07/07/2026 10:31;08/07/2026 14:43
557889;MG;A9535;00019200000013247310;Rodoviário;07/07/2026 10:31;08/07/2026 14:43;07/07/2026 10:31;08/07/2026 14:43
557889;MG;TA0773;00019200000013247328;Rodoviário;07/07/2026 10:31;08/07/2026 14:43;07/07/2026 10:31;08/07/2026 14:43
557889;MG;A4098;00019200000013247336;Rodoviário;07/07/2026 10:31;08/07/2026 14:43;07/07/2026 10:31;08/07/2026 14:43
557889;MG;A2041;00019200000013247344;Rodoviário;07/07/2026 10:31;08/07/2026 14:43;07/07/2026 10:31;08/07/2026 14:43
557889;MG;A2192;00019200000013405233;Rodoviário;07/07/2026 10:31;08/07/2026 14:43;07/07/2026 10:31;08/07/2026 14:43
557889;MG;A1535;00019200000013405241;Rodoviário;07/07/2026 10:31;08/07/2026 14:43;07/07/2026 10:31;08/07/2026 14:43
557889;MG;A7987;00019200000013405250;Rodoviário;07/07/2026 10:31;08/07/2026 14:43;07/07/2026 10:31;08/07/2026 14:43
557889;MG;A9631;00019200000013405268;Rodoviário;07/07/2026 10:31;08/07/2026 14:43;07/07/2026 10:31;08/07/2026 14:43
557889;MG;A8794;00019200000013405276;Rodoviário;07/07/2026 10:31;08/07/2026 14:43;07/07/2026 10:31;08/07/2026 14:43
557889;MG;A8301;00019200000013406736;Rodoviário;07/07/2026 10:31;08/07/2026 14:43;07/07/2026 10:31;08/07/2026 14:43
557889;MG;A5944;00019200000013406744;Rodoviário;07/07/2026 10:31;08/07/2026 14:43;07/07/2026 10:31;08/07/2026 14:43
557889;MG;A2712;00019200000013406833;Rodoviário;07/07/2026 10:31;08/07/2026 14:43;07/07/2026 10:31;08/07/2026 14:43
557889;MG;A6254;00019200000013406922;Rodoviário;07/07/2026 10:31;08/07/2026 14:43;07/07/2026 10:31;08/07/2026 14:43
557889;MG;A0791;00019200000013406930;Rodoviário;07/07/2026 10:31;08/07/2026 14:43;07/07/2026 10:31;08/07/2026 14:43
557889;MG;A8257;00019200000013406949;Rodoviário;07/07/2026 10:31;08/07/2026 14:43;07/07/2026 10:31;08/07/2026 14:43
557889;MG;A6484;00019200000013406957;Rodoviário;07/07/2026 10:31;08/07/2026 14:43;07/07/2026 10:31;08/07/2026 14:43
557889;MG;A2078;00019200000013406965;Rodoviário;07/07/2026 10:31;08/07/2026 14:43;07/07/2026 10:31;08/07/2026 14:43
557889;MG;A3122;00019200000013406973;Rodoviário;07/07/2026 10:31;08/07/2026 14:43;07/07/2026 10:31;08/07/2026 14:43
557889;MG;A3630;00019200000013406981;Rodoviário;07/07/2026 10:31;08/07/2026 14:43;07/07/2026 10:31;08/07/2026 14:43
557889;MG;A3008;00019200000013406990;Rodoviário;07/07/2026 10:31;08/07/2026 14:43;07/07/2026 10:31;08/07/2026 14:43
557889;MG;A0857;00019200000013407007;Rodoviário;07/07/2026 10:31;08/07/2026 14:43;07/07/2026 10:31;08/07/2026 14:43
557889;MG;TA0937;00019200000013407015;Rodoviário;07/07/2026 10:31;08/07/2026 14:43;07/07/2026 10:31;08/07/2026 14:43
557889;MG;A4479;00019200000013407023;Rodoviário;07/07/2026 10:31;08/07/2026 14:43;07/07/2026 10:31;08/07/2026 14:43
557889;MG;A4554;00019200000013407031;Rodoviário;07/07/2026 10:31;08/07/2026 14:43;07/07/2026 10:31;08/07/2026 14:43
557889;MG;A9599;00019200000013407040;Rodoviário;07/07/2026 10:31;08/07/2026 14:43;07/07/2026 10:31;08/07/2026 14:43
557889;MG;A5775;00019200000013425412;Rodoviário;07/07/2026 10:31;08/07/2026 14:43;07/07/2026 10:31;08/07/2026 14:43
557889;MG;A8810;00019200000013425420;Rodoviário;07/07/2026 10:31;08/07/2026 14:43;07/07/2026 10:31;08/07/2026 14:43
557889;MG;A6713;00019200000013425439;Rodoviário;07/07/2026 10:31;08/07/2026 14:43;07/07/2026 10:31;08/07/2026 14:43
557889;MG;A8730;00019200000013425447;Rodoviário;07/07/2026 10:31;08/07/2026 14:43;07/07/2026 10:31;08/07/2026 14:43
557889;MG;A0026;00019200000013425455;Rodoviário;07/07/2026 10:31;08/07/2026 14:43;07/07/2026 10:31;08/07/2026 14:43
557889;MG;A1390;00019200000013425463;Rodoviário;07/07/2026 10:31;08/07/2026 14:43;07/07/2026 10:31;08/07/2026 14:43
557889;MG;A4601;00019200000013425471;Rodoviário;07/07/2026 10:31;08/07/2026 14:43;07/07/2026 10:31;08/07/2026 14:43
557889;MG;A6720;00019200000013425480;Rodoviário;07/07/2026 10:31;08/07/2026 14:43;07/07/2026 10:31;08/07/2026 14:43
557889;MG;TA0859;00019200000013425498;Rodoviário;07/07/2026 10:31;08/07/2026 14:43;07/07/2026 10:31;08/07/2026 14:43
557889;MG;A6595;00019200000013425501;Rodoviário;07/07/2026 10:31;08/07/2026 14:43;07/07/2026 10:31;08/07/2026 14:43
557889;MG;A5170;00019200000013425510;Rodoviário;07/07/2026 10:31;08/07/2026 14:43;07/07/2026 10:31;08/07/2026 14:43
557889;MG;A7831;00019200000013425528;Rodoviário;07/07/2026 10:31;08/07/2026 14:43;07/07/2026 10:31;08/07/2026 14:43
557889;MG;TA0923;00019200000013425609;Rodoviário;07/07/2026 10:31;08/07/2026 14:43;07/07/2026 10:31;08/07/2026 14:43
557889;MG;TA0610;00019200000013429035;Rodoviário;07/07/2026 10:31;08/07/2026 14:43;07/07/2026 10:31;08/07/2026 14:43
557895;MG;A5132;00019200000013203568;Rodoviário;20/06/2026 14:38;22/06/2026 14:02;20/06/2026 14:38;22/06/2026 14:02
557895;MG;A8291;00019200000013203576;Rodoviário;20/06/2026 14:38;22/06/2026 14:02;20/06/2026 14:38;22/06/2026 14:02
557895;MG;A9534;00019200000013203584;Rodoviário;20/06/2026 14:38;22/06/2026 14:02;20/06/2026 14:38;22/06/2026 14:02
557895;MG;A8300;00019200000013203592;Rodoviário;20/06/2026 14:38;22/06/2026 14:02;20/06/2026 14:38;22/06/2026 14:02
557895;MG;A3129;00019200000013203606;Rodoviário;20/06/2026 14:38;22/06/2026 14:02;20/06/2026 14:38;22/06/2026 14:02
557895;MG;A9592;00019200000013203614;Rodoviário;20/06/2026 14:38;22/06/2026 14:02;20/06/2026 14:38;22/06/2026 14:02
557895;MG;A9429;00019200000013203622;Rodoviário;20/06/2026 14:38;22/06/2026 14:02;20/06/2026 14:38;22/06/2026 14:02
557895;MG;A8271;00019200000013203630;Rodoviário;20/06/2026 14:38;22/06/2026 14:02;20/06/2026 14:38;22/06/2026 14:02
557895;MG;A2816;00019200000013203649;Rodoviário;20/06/2026 14:38;22/06/2026 14:02;20/06/2026 14:38;22/06/2026 14:02
557895;MG;A0078;00019200000013203657;Rodoviário;20/06/2026 14:38;22/06/2026 14:02;20/06/2026 14:38;22/06/2026 14:02
557895;MG;A8548;00019200000013203665;Rodoviário;20/06/2026 14:38;22/06/2026 14:02;20/06/2026 14:38;22/06/2026 14:02
557895;MG;A6903;00019200000013203681;Rodoviário;20/06/2026 14:38;22/06/2026 14:02;20/06/2026 14:38;22/06/2026 14:02
557895;MG;A0477;00019200000013203690;Rodoviário;20/06/2026 14:38;22/06/2026 14:02;20/06/2026 14:38;22/06/2026 14:02
557895;MG;A7275;00019200000013203703;Rodoviário;20/06/2026 14:38;22/06/2026 14:02;20/06/2026 14:38;22/06/2026 14:02
557895;MG;A1755;00019200000013203711;Rodoviário;20/06/2026 14:38;22/06/2026 14:02;20/06/2026 14:38;22/06/2026 14:02
557895;MG;A1817;00019200000013203720;Rodoviário;20/06/2026 14:38;22/06/2026 14:02;20/06/2026 14:38;22/06/2026 14:02
557895;MG;A2229;00019200000013203738;Rodoviário;20/06/2026 14:38;22/06/2026 14:02;20/06/2026 14:38;22/06/2026 14:02
557895;MG;A9416;00019200000013203746;Rodoviário;20/06/2026 14:38;22/06/2026 14:02;20/06/2026 14:38;22/06/2026 14:02
557895;MG;A1634;00019200000013205234;Rodoviário;20/06/2026 14:38;22/06/2026 14:02;20/06/2026 14:38;22/06/2026 14:02
557895;MG;A5788;00019200000013205242;Rodoviário;20/06/2026 14:38;22/06/2026 14:02;20/06/2026 14:38;22/06/2026 14:02
557895;MG;A8152;00019200000013205250;Rodoviário;20/06/2026 14:38;22/06/2026 14:02;20/06/2026 14:38;22/06/2026 14:02
557895;MG;A7813;00019200000013205269;Rodoviário;20/06/2026 14:38;22/06/2026 14:02;20/06/2026 14:38;22/06/2026 14:02
557895;MG;A7006;00019200000013205277;Rodoviário;20/06/2026 14:38;22/06/2026 14:02;20/06/2026 14:38;22/06/2026 14:02
557895;MG;TA0923;00019200000013205285;Rodoviário;20/06/2026 14:38;22/06/2026 14:02;20/06/2026 14:38;22/06/2026 14:02
557895;MG;TA1242;00019200000013205307;Rodoviário;20/06/2026 14:38;22/06/2026 14:02;20/06/2026 14:38;22/06/2026 14:02
557895;MG;A9055;00019200000013205315;Rodoviário;20/06/2026 14:38;22/06/2026 14:02;20/06/2026 14:38;22/06/2026 14:02
557895;MG;A5726;00019200000013205323;Rodoviário;20/06/2026 14:38;22/06/2026 14:02;20/06/2026 14:38;22/06/2026 14:02
557895;MG;A9214;00019200000013205331;Rodoviário;20/06/2026 14:38;22/06/2026 14:02;20/06/2026 14:38;22/06/2026 14:02
557895;MG;A6521;00019200000013205340;Rodoviário;20/06/2026 14:38;22/06/2026 14:02;20/06/2026 14:38;22/06/2026 14:02
557895;MG;A8131;00019200000013205358;Rodoviário;20/06/2026 14:38;22/06/2026 14:02;20/06/2026 14:38;22/06/2026 14:02
557895;MG;A6318;00019200000013205366;Rodoviário;20/06/2026 14:38;22/06/2026 14:02;20/06/2026 14:38;22/06/2026 14:02
557895;MG;A6479;00019200000013205374;Rodoviário;20/06/2026 14:38;22/06/2026 14:02;20/06/2026 14:38;22/06/2026 14:02
557895;MG;A3457;00019200000013205382;Rodoviário;20/06/2026 14:38;22/06/2026 14:02;20/06/2026 14:38;22/06/2026 14:02
557895;MG;A9580;00019200000013205390;Rodoviário;20/06/2026 14:38;22/06/2026 14:02;20/06/2026 14:38;22/06/2026 14:02
557895;MG;A1679;00019200000013205404;Rodoviário;20/06/2026 14:38;22/06/2026 14:02;20/06/2026 14:38;22/06/2026 14:02
557895;MG;A7559;00019200000013205412;Rodoviário;20/06/2026 14:38;22/06/2026 14:02;20/06/2026 14:38;22/06/2026 14:02
557895;MG;A7065;00019200000013205420;Rodoviário;20/06/2026 14:38;22/06/2026 14:02;20/06/2026 14:38;22/06/2026 14:02
557895;MG;A9268;00019200000013205439;Rodoviário;20/06/2026 14:38;22/06/2026 14:02;20/06/2026 14:38;22/06/2026 14:02
557895;MG;A3946;00019200000013205447;Rodoviário;20/06/2026 14:38;22/06/2026 14:02;20/06/2026 14:38;22/06/2026 14:02
557895;MG;TA1229;00019200000013205455;Rodoviário;20/06/2026 14:38;22/06/2026 14:02;20/06/2026 14:38;22/06/2026 14:02
557895;MG;A0335;00019200000013205463;Rodoviário;20/06/2026 14:38;22/06/2026 14:02;20/06/2026 14:38;22/06/2026 14:02
557895;MG;A8392;00019200000013205471;Rodoviário;20/06/2026 14:38;22/06/2026 14:02;20/06/2026 14:38;22/06/2026 14:02
557895;MG;A6702;00019200000013205480;Rodoviário;20/06/2026 14:38;22/06/2026 14:02;20/06/2026 14:38;22/06/2026 14:02
557895;MG;A2047;00019200000013205498;Rodoviário;20/06/2026 14:38;22/06/2026 14:02;20/06/2026 14:38;22/06/2026 14:02
557895;MG;A8985;00019200000013205501;Rodoviário;20/06/2026 14:38;22/06/2026 14:02;20/06/2026 14:38;22/06/2026 14:02
557895;MG;A1954;00019200000013205510;Rodoviário;20/06/2026 14:38;22/06/2026 14:02;20/06/2026 14:38;22/06/2026 14:02
557895;MG;A8689;00019200000013205528;Rodoviário;20/06/2026 14:38;22/06/2026 14:02;20/06/2026 14:38;22/06/2026 14:02
557895;MG;A1706;00019200000013205536;Rodoviário;20/06/2026 14:38;22/06/2026 14:02;20/06/2026 14:38;22/06/2026 14:02
557895;MG;A5840;00019200000013205544;Rodoviário;20/06/2026 14:38;22/06/2026 14:02;20/06/2026 14:38;22/06/2026 14:02
557895;MG;A4126;00019200000013205552;Rodoviário;20/06/2026 14:38;22/06/2026 14:02;20/06/2026 14:38;22/06/2026 14:02
557895;MG;A8487;00019200000013205560;Rodoviário;20/06/2026 14:38;22/06/2026 14:02;20/06/2026 14:38;22/06/2026 14:02
557895;MG;A4882;00019200000013205579;Rodoviário;20/06/2026 14:38;22/06/2026 14:02;20/06/2026 14:38;22/06/2026 14:02
557895;MG;TA0037;00019200000013205587;Rodoviário;20/06/2026 14:38;22/06/2026 14:02;20/06/2026 14:38;22/06/2026 14:02
557895;MG;TA0602;00019200000013205595;Rodoviário;20/06/2026 14:38;22/06/2026 14:02;20/06/2026 14:38;22/06/2026 14:02
557895;MG;A7516;00019200000013205609;Rodoviário;20/06/2026 14:38;22/06/2026 14:02;20/06/2026 14:38;22/06/2026 14:02
557895;MG;TA0468;00019200000013205617;Rodoviário;20/06/2026 14:38;22/06/2026 14:02;20/06/2026 14:38;22/06/2026 14:02
557895;MG;A7266;00019200000013205625;Rodoviário;20/06/2026 14:38;22/06/2026 14:02;20/06/2026 14:38;22/06/2026 14:02
557895;MG;A3085;00019200000013207253;Rodoviário;20/06/2026 14:38;22/06/2026 14:02;20/06/2026 14:38;22/06/2026 14:02
557895;MG;A8077;00019200000013207261;Rodoviário;20/06/2026 14:38;22/06/2026 14:02;20/06/2026 14:38;22/06/2026 14:02
557895;MG;A1633;00019200000013207270;Rodoviário;20/06/2026 14:38;22/06/2026 14:02;20/06/2026 14:38;22/06/2026 14:02
557895;MG;A5332;00019200000013207288;Rodoviário;20/06/2026 14:38;22/06/2026 14:02;20/06/2026 14:38;22/06/2026 14:02
557895;MG;A8714;00019200000013207296;Rodoviário;20/06/2026 14:38;22/06/2026 14:02;20/06/2026 14:38;22/06/2026 14:02
557895;MG;A5756;00019200000013207300;Rodoviário;20/06/2026 14:38;22/06/2026 14:02;20/06/2026 14:38;22/06/2026 14:02
557895;MG;A7293;00019200000013207318;Rodoviário;20/06/2026 14:38;22/06/2026 14:02;20/06/2026 14:38;22/06/2026 14:02
557895;MG;TA0499;00019200000013207326;Rodoviário;20/06/2026 14:38;22/06/2026 14:02;20/06/2026 14:38;22/06/2026 14:02
557895;MG;TA1160;00019200000013207334;Rodoviário;20/06/2026 14:38;22/06/2026 14:02;20/06/2026 14:38;22/06/2026 14:02
557895;MG;A4333;00019200000013207342;Rodoviário;20/06/2026 14:38;22/06/2026 14:02;20/06/2026 14:38;22/06/2026 14:02
557895;MG;A4401;00019200000013240510;Rodoviário;20/06/2026 14:38;22/06/2026 14:02;20/06/2026 14:38;22/06/2026 14:02
557895;MG;TA0202;00019200000013240528;Rodoviário;20/06/2026 14:38;22/06/2026 14:02;20/06/2026 14:38;22/06/2026 14:02
557895;MG;A7149;00019200000013240536;Rodoviário;20/06/2026 14:38;22/06/2026 14:02;20/06/2026 14:38;22/06/2026 14:02
557895;MG;A7473;00019200000013240544;Rodoviário;20/06/2026 14:38;22/06/2026 14:02;20/06/2026 14:38;22/06/2026 14:02
557895;MG;A0003;00019200000013240552;Rodoviário;20/06/2026 14:38;22/06/2026 14:02;20/06/2026 14:38;22/06/2026 14:02
557895;MG;TA0537;00019200000013240560;Rodoviário;20/06/2026 14:38;22/06/2026 14:02;20/06/2026 14:38;22/06/2026 14:02
557895;MG;TA0662;00019200000013240579;Rodoviário;20/06/2026 14:38;22/06/2026 14:02;20/06/2026 14:38;22/06/2026 14:02
557895;MG;TA0825;00019200000013240587;Rodoviário;20/06/2026 14:38;22/06/2026 14:02;20/06/2026 14:38;22/06/2026 14:02
557895;MG;A4987;00019200000013240595;Rodoviário;20/06/2026 14:38;22/06/2026 14:02;20/06/2026 14:38;22/06/2026 14:02
557895;MG;A4566;00019200000013240609;Rodoviário;20/06/2026 14:38;22/06/2026 14:02;20/06/2026 14:38;22/06/2026 14:02
557895;MG;A7166;00019200000013240633;Rodoviário;20/06/2026 14:38;22/06/2026 14:02;20/06/2026 14:38;22/06/2026 14:02
557895;MG;A6492;00019200000013240641;Rodoviário;20/06/2026 14:38;22/06/2026 14:02;20/06/2026 14:38;22/06/2026 14:02
557895;MG;A6426;00019200000013240650;Rodoviário;20/06/2026 14:38;22/06/2026 14:02;20/06/2026 14:38;22/06/2026 14:02
557895;MG;TA1030;00019200000013240668;Rodoviário;20/06/2026 14:38;22/06/2026 14:02;20/06/2026 14:38;22/06/2026 14:02
557895;MG;A9648;00019200000013240676;Rodoviário;20/06/2026 14:38;22/06/2026 14:02;20/06/2026 14:38;22/06/2026 14:02
557895;MG;TA0121;00019200000013240684;Rodoviário;20/06/2026 14:38;22/06/2026 14:02;20/06/2026 14:38;22/06/2026 14:02
557895;MG;A5404;00019200000013240692;Rodoviário;20/06/2026 14:38;22/06/2026 14:02;20/06/2026 14:38;22/06/2026 14:02
557895;MG;A3802;00019200000013240706;Rodoviário;20/06/2026 14:38;22/06/2026 14:02;20/06/2026 14:38;22/06/2026 14:02
557895;MG;TA0476;00019200000013240714;Rodoviário;20/06/2026 14:38;22/06/2026 14:02;20/06/2026 14:38;22/06/2026 14:02
557895;MG;A4706;00019200000013240722;Rodoviário;20/06/2026 14:38;22/06/2026 14:02;20/06/2026 14:38;22/06/2026 14:02
557895;MG;A2318;00019200000013240730;Rodoviário;20/06/2026 14:38;22/06/2026 14:02;20/06/2026 14:38;22/06/2026 14:02
557895;MG;A8744;00019200000013240749;Rodoviário;20/06/2026 14:38;22/06/2026 14:02;20/06/2026 14:38;22/06/2026 14:02
557895;MG;TA0596;00019200000013240757;Rodoviário;20/06/2026 14:38;22/06/2026 14:02;20/06/2026 14:38;22/06/2026 14:02
557895;MG;A8692;00019200000013240765;Rodoviário;20/06/2026 14:38;22/06/2026 14:02;20/06/2026 14:38;22/06/2026 14:02
557895;MG;A8543;00019200000013240773;Rodoviário;20/06/2026 14:38;22/06/2026 14:02;20/06/2026 14:38;22/06/2026 14:02
557895;MG;A3641;00019200000013240781;Rodoviário;20/06/2026 14:38;22/06/2026 14:02;20/06/2026 14:38;22/06/2026 14:02
557895;MG;A8697;00019200000013240790;Rodoviário;20/06/2026 14:38;22/06/2026 14:02;20/06/2026 14:38;22/06/2026 14:02
557895;MG;TA0701;00019200000013240803;Rodoviário;20/06/2026 14:38;22/06/2026 14:02;20/06/2026 14:38;22/06/2026 14:02
557895;MG;A3069;00019200000013240811;Rodoviário;20/06/2026 14:38;22/06/2026 14:02;20/06/2026 14:38;22/06/2026 14:02
557895;MG;A3933;00019200000013240820;Rodoviário;20/06/2026 14:38;22/06/2026 14:02;20/06/2026 14:38;22/06/2026 14:02
557895;MG;A7702;00019200000013240838;Rodoviário;20/06/2026 14:38;22/06/2026 14:02;20/06/2026 14:38;22/06/2026 14:02
557895;MG;A9154;00019200000013240846;Rodoviário;20/06/2026 14:38;22/06/2026 14:02;20/06/2026 14:38;22/06/2026 14:02
557895;MG;A3754;00019200000013240854;Rodoviário;20/06/2026 14:38;22/06/2026 14:02;20/06/2026 14:38;22/06/2026 14:02
557895;MG;A8605;00019200000013240862;Rodoviário;20/06/2026 14:38;22/06/2026 14:02;20/06/2026 14:38;22/06/2026 14:02
557895;MG;A1173;00019200000013240870;Rodoviário;20/06/2026 14:38;22/06/2026 14:02;20/06/2026 14:38;22/06/2026 14:02
557895;MG;A3656;00019200000013240889;Rodoviário;20/06/2026 14:38;22/06/2026 14:02;20/06/2026 14:38;22/06/2026 14:02
557895;MG;TA1048;00019200000013240897;Rodoviário;20/06/2026 14:38;22/06/2026 14:02;20/06/2026 14:38;22/06/2026 14:02
557895;MG;A9468;00019200000013240900;Rodoviário;20/06/2026 14:38;22/06/2026 14:02;20/06/2026 14:38;22/06/2026 14:02
557895;MG;TA0797;00019200000013240919;Rodoviário;20/06/2026 14:38;22/06/2026 14:02;20/06/2026 14:38;22/06/2026 14:02
557895;MG;A2160;00019200000013240927;Rodoviário;20/06/2026 14:38;22/06/2026 14:02;20/06/2026 14:38;22/06/2026 14:02
557895;MG;A9344;00019200000013240935;Rodoviário;20/06/2026 14:38;22/06/2026 14:02;20/06/2026 14:38;22/06/2026 14:02
557895;MG;A8136;00019200000013240943;Rodoviário;20/06/2026 14:38;22/06/2026 14:02;20/06/2026 14:38;22/06/2026 14:02
557895;MG;A6405;00019200000013240951;Rodoviário;20/06/2026 14:38;22/06/2026 14:02;20/06/2026 14:38;22/06/2026 14:02
557895;MG;TA0113;00019200000013240960;Rodoviário;20/06/2026 14:38;22/06/2026 14:02;20/06/2026 14:38;22/06/2026 14:02
557895;MG;A1108;00019200000013240978;Rodoviário;20/06/2026 14:38;22/06/2026 14:02;20/06/2026 14:38;22/06/2026 14:02
557895;MG;TA1219;00019200000013240986;Rodoviário;20/06/2026 14:38;22/06/2026 14:02;20/06/2026 14:38;22/06/2026 14:02
557895;MG;A7119;00019200000013240994;Rodoviário;20/06/2026 14:38;22/06/2026 14:02;20/06/2026 14:38;22/06/2026 14:02
557895;MG;A2493;00019200000013241001;Rodoviário;20/06/2026 14:38;22/06/2026 14:02;20/06/2026 14:38;22/06/2026 14:02
557895;MG;A5307;00019200000013241010;Rodoviário;20/06/2026 14:38;22/06/2026 14:02;20/06/2026 14:38;22/06/2026 14:02
557895;MG;TA1248;00019200000013241028;Rodoviário;20/06/2026 14:38;22/06/2026 14:02;20/06/2026 14:38;22/06/2026 14:02
557895;MG;A6613;00019200000013241036;Rodoviário;20/06/2026 14:38;22/06/2026 14:02;20/06/2026 14:38;22/06/2026 14:02
557895;MG;A4586;00019200000013241044;Rodoviário;20/06/2026 14:38;22/06/2026 14:02;20/06/2026 14:38;22/06/2026 14:02
557895;MG;A6967;00019200000013241052;Rodoviário;20/06/2026 14:38;22/06/2026 14:02;20/06/2026 14:38;22/06/2026 14:02
557895;MG;A2075;00019200000013241060;Rodoviário;20/06/2026 14:38;22/06/2026 14:02;20/06/2026 14:38;22/06/2026 14:02
557895;MG;TA0454;00019200000013241079;Rodoviário;20/06/2026 14:38;22/06/2026 14:02;20/06/2026 14:38;22/06/2026 14:02
557895;MG;TA0781;00019200000013241087;Rodoviário;20/06/2026 14:38;22/06/2026 14:02;20/06/2026 14:38;22/06/2026 14:02
557895;MG;TA0246;00019200000013241095;Rodoviário;20/06/2026 14:38;22/06/2026 14:02;20/06/2026 14:38;22/06/2026 14:02
557895;MG;A4223;00019200000013241109;Rodoviário;20/06/2026 14:38;22/06/2026 14:02;20/06/2026 14:38;22/06/2026 14:02
557895;MG;A4359;00019200000013241117;Rodoviário;20/06/2026 14:38;22/06/2026 14:02;20/06/2026 14:38;22/06/2026 14:02
557895;MG;A8648;00019200000013241125;Rodoviário;20/06/2026 14:38;22/06/2026 14:02;20/06/2026 14:38;22/06/2026 14:02
557993;MG;A9401;00019200000012926965;MultiModal;17/06/2026 04:56;18/06/2026 14:45;17/06/2026 04:56;18/06/2026 14:45
558002;MG;A9664;00019200000012926957;MultiModal;22/06/2026 08:08;24/06/2026 08:20;22/06/2026 08:08;24/06/2026 08:20
558067;MG;S0979;00019200000012922587;MultiModal;18/06/2026 03:50;19/06/2026 13:41;18/06/2026 03:50;19/06/2026 13:41
558166;MG;A9181;00019200000013211110;MultiModal;18/06/2026 04:17;19/06/2026 15:33;18/06/2026 04:17;19/06/2026 15:33
558312;MG;A8629;00019200000012927015;MultiModal;18/06/2026 22:59;20/06/2026 13:01;18/06/2026 22:59;20/06/2026 13:01
558342;MG;TA0729;00019200000013421255;MultiModal;06/07/2026 05:42;07/07/2026 15:45;06/07/2026 05:42;07/07/2026 15:45
558420;MG;A0185;00019200000013242660;MultiModal;22/06/2026 08:09;23/06/2026 10:48;22/06/2026 08:09;23/06/2026 10:48
558613;MG;A7197;00019200000013336495;MultiModal;23/06/2026 03:15;24/06/2026 10:00;23/06/2026 03:15;24/06/2026 10:00
558650;MG;A4134;00019200000012926450;Rodoviário;07/07/2026 10:30;08/07/2026 14:45;07/07/2026 10:30;08/07/2026 14:45
558650;MG;A7499;00019200000012926469;Rodoviário;07/07/2026 10:30;08/07/2026 14:45;07/07/2026 10:30;08/07/2026 14:45
558650;MG;A1583;00019200000012926477;Rodoviário;07/07/2026 10:30;08/07/2026 14:45;07/07/2026 10:30;08/07/2026 14:45
558650;MG;A7136;00019200000012926485;Rodoviário;07/07/2026 10:30;08/07/2026 14:45;07/07/2026 10:30;08/07/2026 14:45
558650;MG;A3272;00019200000012926493;Rodoviário;07/07/2026 10:30;08/07/2026 14:45;07/07/2026 10:30;08/07/2026 14:45
558650;MG;A2795;00019200000012926507;Rodoviário;07/07/2026 10:30;08/07/2026 14:45;07/07/2026 10:30;08/07/2026 14:45
558650;MG;A3622;00019200000012926515;Rodoviário;07/07/2026 10:30;08/07/2026 14:45;07/07/2026 10:30;08/07/2026 14:45
558650;MG;A9375;00019200000012926523;Rodoviário;07/07/2026 10:30;08/07/2026 14:45;07/07/2026 10:30;08/07/2026 14:45
558650;MG;A6267;00019200000012926531;Rodoviário;07/07/2026 10:30;08/07/2026 14:45;07/07/2026 10:30;08/07/2026 14:45
558650;MG;TA1045;00019200000012926540;Rodoviário;07/07/2026 10:30;08/07/2026 14:45;07/07/2026 10:30;08/07/2026 14:45
558650;MG;TA0944;00019200000012926558;Rodoviário;07/07/2026 10:30;08/07/2026 14:45;07/07/2026 10:30;08/07/2026 14:45
558650;MG;A8714;00019200000012926566;Rodoviário;07/07/2026 10:30;08/07/2026 14:45;07/07/2026 10:30;08/07/2026 14:45
558650;MG;TA0554;00019200000012926574;Rodoviário;07/07/2026 10:30;08/07/2026 14:45;07/07/2026 10:30;08/07/2026 14:45
558650;MG;A6946;00019200000012926582;Rodoviário;07/07/2026 10:30;08/07/2026 14:45;07/07/2026 10:30;08/07/2026 14:45
558650;MG;A7619;00019200000012926590;Rodoviário;07/07/2026 10:30;08/07/2026 14:45;07/07/2026 10:30;08/07/2026 14:45
558650;MG;A3758;00019200000012926604;Rodoviário;07/07/2026 10:30;08/07/2026 14:45;07/07/2026 10:30;08/07/2026 14:45
558650;MG;A4399;00019200000012926612;Rodoviário;07/07/2026 10:30;08/07/2026 14:45;07/07/2026 10:30;08/07/2026 14:45
558650;MG;A7092;00019200000012926620;Rodoviário;07/07/2026 10:30;08/07/2026 14:45;07/07/2026 10:30;08/07/2026 14:45
558650;MG;A6514;00019200000012926639;Rodoviário;07/07/2026 10:30;08/07/2026 14:45;07/07/2026 10:30;08/07/2026 14:45
558650;MG;A3161;00019200000012926647;Rodoviário;07/07/2026 10:30;08/07/2026 14:45;07/07/2026 10:30;08/07/2026 14:45
558650;MG;A0500;00019200000012926655;Rodoviário;07/07/2026 10:30;08/07/2026 14:45;07/07/2026 10:30;08/07/2026 14:45
558650;MG;TA0525;00019200000012926663;Rodoviário;07/07/2026 10:30;08/07/2026 14:45;07/07/2026 10:30;08/07/2026 14:45
558650;MG;A1980;00019200000012926671;Rodoviário;07/07/2026 10:30;08/07/2026 14:45;07/07/2026 10:30;08/07/2026 14:45
558650;MG;A8607;00019200000012926680;Rodoviário;07/07/2026 10:30;08/07/2026 14:45;07/07/2026 10:30;08/07/2026 14:45
558650;MG;A7255;00019200000012926698;Rodoviário;07/07/2026 10:30;08/07/2026 14:45;07/07/2026 10:30;08/07/2026 14:45
558650;MG;A4242;00019200000012926701;Rodoviário;07/07/2026 10:30;08/07/2026 14:45;07/07/2026 10:30;08/07/2026 14:45
558650;MG;A9696;00019200000012926710;Rodoviário;07/07/2026 10:30;08/07/2026 14:45;07/07/2026 10:30;08/07/2026 14:45
558650;MG;A7388;00019200000013324748;Rodoviário;07/07/2026 10:30;08/07/2026 14:45;07/07/2026 10:30;08/07/2026 14:45
558650;MG;A7493;00019200000013324756;Rodoviário;07/07/2026 10:30;08/07/2026 14:45;07/07/2026 10:30;08/07/2026 14:45
558650;MG;A2378;00019200000013324764;Rodoviário;07/07/2026 10:30;08/07/2026 14:45;07/07/2026 10:30;08/07/2026 14:45
558650;MG;A8325;00019200000013324772;Rodoviário;07/07/2026 10:30;08/07/2026 14:45;07/07/2026 10:30;08/07/2026 14:45
558650;MG;A3583;00019200000013324780;Rodoviário;07/07/2026 10:30;08/07/2026 14:45;07/07/2026 10:30;08/07/2026 14:45
558650;MG;A9467;00019200000013324799;Rodoviário;07/07/2026 10:30;08/07/2026 14:45;07/07/2026 10:30;08/07/2026 14:45
558650;MG;A8228;00019200000013324802;Rodoviário;07/07/2026 10:30;08/07/2026 14:45;07/07/2026 10:30;08/07/2026 14:45
558650;MG;A4725;00019200000013324810;Rodoviário;07/07/2026 10:30;08/07/2026 14:45;07/07/2026 10:30;08/07/2026 14:45
558650;MG;A8834;00019200000013324829;Rodoviário;07/07/2026 10:30;08/07/2026 14:45;07/07/2026 10:30;08/07/2026 14:45
558650;MG;A9321;00019200000013324837;Rodoviário;07/07/2026 10:30;08/07/2026 14:45;07/07/2026 10:30;08/07/2026 14:45
558650;MG;A5675;00019200000013324845;Rodoviário;07/07/2026 10:30;08/07/2026 14:45;07/07/2026 10:30;08/07/2026 14:45
558650;MG;A9390;00019200000013324853;Rodoviário;07/07/2026 10:30;08/07/2026 14:45;07/07/2026 10:30;08/07/2026 14:45
558650;MG;TA0228;00019200000013325256;Rodoviário;07/07/2026 10:30;08/07/2026 14:45;07/07/2026 10:30;08/07/2026 14:45
558650;MG;A1285;00019200000013325264;Rodoviário;07/07/2026 10:30;08/07/2026 14:45;07/07/2026 10:30;08/07/2026 14:45
558650;MG;A7209;00019200000013325272;Rodoviário;07/07/2026 10:30;08/07/2026 14:45;07/07/2026 10:30;08/07/2026 14:45
558650;MG;A8282;00019200000013325280;Rodoviário;07/07/2026 10:30;08/07/2026 14:45;07/07/2026 10:30;08/07/2026 14:45
558650;MG;A3223;00019200000013325299;Rodoviário;07/07/2026 10:30;08/07/2026 14:45;07/07/2026 10:30;08/07/2026 14:45
558650;MG;A8300;00019200000013325302;Rodoviário;07/07/2026 10:30;08/07/2026 14:45;07/07/2026 10:30;08/07/2026 14:45
559038;MG;A0640;00019200000013316290;MultiModal;24/06/2026 08:02;26/06/2026 12:06;24/06/2026 08:02;26/06/2026 12:06
559154;MG;S0998;00019200000013332287;MultiModal;25/06/2026 07:03;26/06/2026 09:17;25/06/2026 07:03;26/06/2026 09:17
559219;MG;A3422;00019200000013246240;MultiModal;25/06/2026 23:18;27/06/2026 14:59;25/06/2026 23:18;27/06/2026 14:59
559354;MG;A8259;00019200000013253158;MultiModal;29/06/2026 01:11;30/06/2026 11:13;29/06/2026 01:11;30/06/2026 11:13
559354;MG;A0173;00019200000013253263;MultiModal;29/06/2026 01:11;30/06/2026 11:13;29/06/2026 01:11;30/06/2026 11:13
559389;MG;A8433;00019200000013428926;MultiModal;02/07/2026 04:52;03/07/2026 12:32;02/07/2026 04:52;03/07/2026 12:32
559389;MG;A1787;00019200000013429027;MultiModal;02/07/2026 04:52;03/07/2026 12:32;02/07/2026 04:52;03/07/2026 12:32
559440;MG;A8987;00019200000013202235;MultiModal;29/06/2026 23:41;01/07/2026 10:46;29/06/2026 23:41;01/07/2026 10:46
559485;MG;A9485;00019200000013247565;MultiModal;30/06/2026 05:33;02/07/2026 12:14;30/06/2026 05:33;02/07/2026 12:14
559623;MG;A3761;00019200000013429000;MultiModal;02/07/2026 04:52;03/07/2026 11:08;02/07/2026 04:52;03/07/2026 11:08
559623;MG;A9244;00019200000013429019;MultiModal;02/07/2026 04:52;03/07/2026 11:08;02/07/2026 04:52;03/07/2026 11:08
559631;MG;A3746;00019200000013428322;MultiModal;02/07/2026 04:52;03/07/2026 13:08;02/07/2026 04:52;03/07/2026 13:08
559639;MG;A7165;00019200000013428314;MultiModal;02/07/2026 04:52;03/07/2026 13:35;02/07/2026 04:52;03/07/2026 13:35
559651;MG;A3782;00019200000013423983;Rodoviário;07/07/2026 10:28;08/07/2026 14:48;07/07/2026 10:28;08/07/2026 14:48
559651;MG;A4220;00019200000013423991;Rodoviário;07/07/2026 10:28;08/07/2026 14:48;07/07/2026 10:28;08/07/2026 14:48
559651;MG;A9501;00019200000013424009;Rodoviário;07/07/2026 10:28;08/07/2026 14:48;07/07/2026 10:28;08/07/2026 14:48
559651;MG;A7166;00019200000013424017;Rodoviário;07/07/2026 10:28;08/07/2026 14:48;07/07/2026 10:28;08/07/2026 14:48
559651;MG;A6882;00019200000013424025;Rodoviário;07/07/2026 10:28;08/07/2026 14:48;07/07/2026 10:28;08/07/2026 14:48
559651;MG;A9548;00019200000013424033;Rodoviário;07/07/2026 10:28;08/07/2026 14:48;07/07/2026 10:28;08/07/2026 14:48
559651;MG;A1170;00019200000013424041;Rodoviário;07/07/2026 10:28;08/07/2026 14:48;07/07/2026 10:28;08/07/2026 14:48
559651;MG;A8238;00019200000013424050;Rodoviário;07/07/2026 10:28;08/07/2026 14:48;07/07/2026 10:28;08/07/2026 14:48
559651;MG;A3435;00019200000013424068;Rodoviário;07/07/2026 10:28;08/07/2026 14:48;07/07/2026 10:28;08/07/2026 14:48
559651;MG;A8043;00019200000013424076;Rodoviário;07/07/2026 10:28;08/07/2026 14:48;07/07/2026 10:28;08/07/2026 14:48
559651;MG;A9343;00019200000013424084;Rodoviário;07/07/2026 10:28;08/07/2026 14:48;07/07/2026 10:28;08/07/2026 14:48
559651;MG;A4823;00019200000013424092;Rodoviário;07/07/2026 10:28;08/07/2026 14:48;07/07/2026 10:28;08/07/2026 14:48
559651;MG;A7597;00019200000013424106;Rodoviário;07/07/2026 10:28;08/07/2026 14:48;07/07/2026 10:28;08/07/2026 14:48
559666;MG;A3193;00019200000013428390;MultiModal;02/07/2026 03:38;03/07/2026 11:42;02/07/2026 03:38;03/07/2026 11:42
559670;MG;A2472;00019200000013428144;MultiModal;02/07/2026 04:52;03/07/2026 11:26;02/07/2026 04:52;03/07/2026 11:26
559695;MG;A8648;00019200000013423029;MultiModal;02/07/2026 23:52;03/07/2026 16:01;02/07/2026 23:52;03/07/2026 16:01
559702;MG;A0339;00019200000013422669;MultiModal;06/07/2026 00:28;07/07/2026 10:25;06/07/2026 00:28;07/07/2026 10:25
559748;MG;A8551;00019200000013422774;MultiModal;02/07/2026 23:52;04/07/2026 08:34;02/07/2026 23:52;04/07/2026 08:34
559832;MG;A0312;00019200000013421298;MultiModal;06/07/2026 05:41;09/07/2026 08:26;06/07/2026 05:41;09/07/2026 08:26
559836;MG;TA1105;00019200000013406230;MultiModal;06/07/2026 06:22;07/07/2026 11:23;06/07/2026 06:22;07/07/2026 11:23
559885;MG;A3461;00019200000013419226;MultiModal;07/07/2026 06:50;09/07/2026 07:58;07/07/2026 06:50;09/07/2026 07:58
560346;MG;A3999;00019200000013207997;Rodoviário;11/07/2026 14:14;13/07/2026 12:53;11/07/2026 14:14;13/07/2026 12:53
560346;MG;A6438;00019200000013208004;Rodoviário;11/07/2026 14:14;13/07/2026 12:53;11/07/2026 14:14;13/07/2026 12:53
560346;MG;A8734;00019200000013208012;Rodoviário;11/07/2026 14:14;13/07/2026 12:53;11/07/2026 14:14;13/07/2026 12:53
560346;MG;A3924;00019200000013208020;Rodoviário;11/07/2026 14:14;13/07/2026 12:53;11/07/2026 14:14;13/07/2026 12:53
560346;MG;A5361;00019200000013415921;Rodoviário;11/07/2026 14:14;13/07/2026 12:53;11/07/2026 14:14;13/07/2026 12:53
560346;MG;A7856;00019200000013415930;Rodoviário;11/07/2026 14:14;13/07/2026 12:53;11/07/2026 14:14;13/07/2026 12:53
560346;MG;A5706;00019200000013415948;Rodoviário;11/07/2026 14:14;13/07/2026 12:53;11/07/2026 14:14;13/07/2026 12:53
560346;MG;A6891;00019200000013415964;Rodoviário;11/07/2026 14:14;13/07/2026 12:53;11/07/2026 14:14;13/07/2026 12:53
560346;MG;A2864;00019200000013423568;Rodoviário;11/07/2026 14:14;13/07/2026 12:53;11/07/2026 14:14;13/07/2026 12:53
560346;MG;A4118;00019200000013453009;Rodoviário;11/07/2026 14:14;13/07/2026 12:53;11/07/2026 14:14;13/07/2026 12:53
560346;MG;A7109;00019200000013453017;Rodoviário;11/07/2026 14:14;13/07/2026 12:53;11/07/2026 14:14;13/07/2026 12:53
560346;MG;A9323;00019200000013453025;Rodoviário;11/07/2026 14:14;13/07/2026 12:53;11/07/2026 14:14;13/07/2026 12:53
560346;MG;A6513;00019200000013453033;Rodoviário;11/07/2026 14:14;13/07/2026 12:53;11/07/2026 14:14;13/07/2026 12:53
560346;MG;A7745;00019200000013453041;Rodoviário;11/07/2026 14:14;13/07/2026 12:53;11/07/2026 14:14;13/07/2026 12:53
560346;MG;A3681;00019200000013453050;Rodoviário;11/07/2026 14:14;13/07/2026 12:53;11/07/2026 14:14;13/07/2026 12:53
560346;MG;A8097;00019200000013453394;Rodoviário;11/07/2026 14:14;13/07/2026 12:53;11/07/2026 14:14;13/07/2026 12:53
560346;MG;A6852;00019200000013453408;Rodoviário;11/07/2026 14:14;13/07/2026 12:53;11/07/2026 14:14;13/07/2026 12:53
560346;MG;A8067;00019200000013453416;Rodoviário;11/07/2026 14:14;13/07/2026 12:53;11/07/2026 14:14;13/07/2026 12:53
560346;MG;A4999;00019200000013453424;Rodoviário;11/07/2026 14:14;13/07/2026 12:53;11/07/2026 14:14;13/07/2026 12:53
560346;MG;A0175;00019200000013453432;Rodoviário;11/07/2026 14:14;13/07/2026 12:53;11/07/2026 14:14;13/07/2026 12:53
560346;MG;A4839;00019200000013453440;Rodoviário;11/07/2026 14:14;13/07/2026 12:53;11/07/2026 14:14;13/07/2026 12:53
560346;MG;A1236;00019200000013453530;Rodoviário;11/07/2026 14:14;13/07/2026 12:53;11/07/2026 14:14;13/07/2026 12:53
560346;MG;A4163;00019200000013453548;Rodoviário;11/07/2026 14:14;13/07/2026 12:53;11/07/2026 14:14;13/07/2026 12:53
560346;MG;TA0305;00019200000013453556;Rodoviário;11/07/2026 14:14;13/07/2026 12:53;11/07/2026 14:14;13/07/2026 12:53
560346;MG;A4925;00019200000013453564;Rodoviário;11/07/2026 14:14;13/07/2026 12:53;11/07/2026 14:14;13/07/2026 12:53
560346;MG;A8083;00019200000013453572;Rodoviário;11/07/2026 14:14;13/07/2026 12:53;11/07/2026 14:14;13/07/2026 12:53
560346;MG;A3552;00019200000013453580;Rodoviário;11/07/2026 14:14;13/07/2026 12:53;11/07/2026 14:14;13/07/2026 12:53
560346;MG;A8818;00019200000013453599;Rodoviário;11/07/2026 14:14;13/07/2026 12:53;11/07/2026 14:14;13/07/2026 12:53
560346;MG;A7250;00019200000013453610;Rodoviário;11/07/2026 14:14;13/07/2026 12:53;11/07/2026 14:14;13/07/2026 12:53
560346;MG;A7591;00019200000013453629;Rodoviário;11/07/2026 14:14;13/07/2026 12:53;11/07/2026 14:14;13/07/2026 12:53
560346;MG;A9170;00019200000013453637;Rodoviário;11/07/2026 14:14;13/07/2026 12:53;11/07/2026 14:14;13/07/2026 12:53
560346;MG;A9614;00019200000013453645;Rodoviário;11/07/2026 14:14;13/07/2026 12:53;11/07/2026 14:14;13/07/2026 12:53
560346;MG;A3238;00019200000013453653;Rodoviário;11/07/2026 14:14;13/07/2026 12:53;11/07/2026 14:14;13/07/2026 12:53
560346;MG;A8567;00019200000013453661;Rodoviário;11/07/2026 14:14;13/07/2026 12:53;11/07/2026 14:14;13/07/2026 12:53
560346;MG;A6669;00019200000013453670;Rodoviário;11/07/2026 14:14;13/07/2026 12:53;11/07/2026 14:14;13/07/2026 12:53
560346;MG;A5133;00019200000013453688;Rodoviário;11/07/2026 14:14;13/07/2026 12:53;11/07/2026 14:14;13/07/2026 12:53
560346;MG;A7830;00019200000013453696;Rodoviário;11/07/2026 14:14;13/07/2026 12:53;11/07/2026 14:14;13/07/2026 12:53
560346;MG;A3863;00019200000013453742;Rodoviário;11/07/2026 14:14;13/07/2026 12:53;11/07/2026 14:14;13/07/2026 12:53
560346;MG;A7802;00019200000013453750;Rodoviário;11/07/2026 14:14;13/07/2026 12:53;11/07/2026 14:14;13/07/2026 12:53
560346;MG;A8968;00019200000013453769;Rodoviário;11/07/2026 14:14;13/07/2026 12:53;11/07/2026 14:14;13/07/2026 12:53
560346;MG;A7328;00019200000013453777;Rodoviário;11/07/2026 14:14;13/07/2026 12:53;11/07/2026 14:14;13/07/2026 12:53
560346;MG;A7823;00019200000013453785;Rodoviário;11/07/2026 14:14;13/07/2026 12:53;11/07/2026 14:14;13/07/2026 12:53
560346;MG;A2684;00019200000013453793;Rodoviário;11/07/2026 14:14;13/07/2026 12:53;11/07/2026 14:14;13/07/2026 12:53
560346;MG;A6933;00019200000013453807;Rodoviário;11/07/2026 14:14;13/07/2026 12:53;11/07/2026 14:14;13/07/2026 12:53
560346;MG;A7496;00019200000013453815;Rodoviário;11/07/2026 14:14;13/07/2026 12:53;11/07/2026 14:14;13/07/2026 12:53
560346;MG;A3692;00019200000013453823;Rodoviário;11/07/2026 14:14;13/07/2026 12:53;11/07/2026 14:14;13/07/2026 12:53
560346;MG;A6978;00019200000013453831;Rodoviário;11/07/2026 14:14;13/07/2026 12:53;11/07/2026 14:14;13/07/2026 12:53
560346;MG;A8586;00019200000013453840;Rodoviário;11/07/2026 14:14;13/07/2026 12:53;11/07/2026 14:14;13/07/2026 12:53
560346;MG;A6758;00019200000013453858;Rodoviário;11/07/2026 14:14;13/07/2026 12:53;11/07/2026 14:14;13/07/2026 12:53
560346;MG;TA0953;00019200000013453866;Rodoviário;11/07/2026 14:14;13/07/2026 12:53;11/07/2026 14:14;13/07/2026 12:53
560346;MG;A0280;00019200000013453874;Rodoviário;11/07/2026 14:14;13/07/2026 12:53;11/07/2026 14:14;13/07/2026 12:53
560346;MG;A9708;00019200000013453882;Rodoviário;11/07/2026 14:14;13/07/2026 12:53;11/07/2026 14:14;13/07/2026 12:53
560346;MG;A9087;00019200000013453890;Rodoviário;11/07/2026 14:14;13/07/2026 12:53;11/07/2026 14:14;13/07/2026 12:53
560346;MG;A5999;00019200000013453904;Rodoviário;11/07/2026 14:14;13/07/2026 12:53;11/07/2026 14:14;13/07/2026 12:53
560346;MG;TA0366;00019200000013453912;Rodoviário;11/07/2026 14:14;13/07/2026 12:53;11/07/2026 14:14;13/07/2026 12:53
560346;MG;A7808;00019200000013453920;Rodoviário;11/07/2026 14:14;13/07/2026 12:53;11/07/2026 14:14;13/07/2026 12:53
560346;MG;A8807;00019200000013453939;Rodoviário;11/07/2026 14:14;13/07/2026 12:53;11/07/2026 14:14;13/07/2026 12:53
560346;MG;A5960;00019200000013453947;Rodoviário;11/07/2026 14:14;13/07/2026 12:53;11/07/2026 14:14;13/07/2026 12:53
560346;MG;A6407;00019200000013453955;Rodoviário;11/07/2026 14:14;13/07/2026 12:53;11/07/2026 14:14;13/07/2026 12:53
560346;MG;A9044;00019200000013453963;Rodoviário;11/07/2026 14:14;13/07/2026 12:53;11/07/2026 14:14;13/07/2026 12:53
560346;MG;A0250;00019200000013453971;Rodoviário;11/07/2026 14:14;13/07/2026 12:53;11/07/2026 14:14;13/07/2026 12:53
560346;MG;A8865;00019200000013453980;Rodoviário;11/07/2026 14:14;13/07/2026 12:53;11/07/2026 14:14;13/07/2026 12:53
560346;MG;A7623;00019200000013453998;Rodoviário;11/07/2026 14:14;13/07/2026 12:53;11/07/2026 14:14;13/07/2026 12:53
560346;MG;A9015;00019200000013454005;Rodoviário;11/07/2026 14:14;13/07/2026 12:53;11/07/2026 14:14;13/07/2026 12:53
560346;MG;A4518;00019200000013454013;Rodoviário;11/07/2026 14:14;13/07/2026 12:53;11/07/2026 14:14;13/07/2026 12:53
560346;MG;A3703;00019200000013454021;Rodoviário;11/07/2026 14:14;13/07/2026 12:53;11/07/2026 14:14;13/07/2026 12:53
560346;MG;A9091;00019200000013454030;Rodoviário;11/07/2026 14:14;13/07/2026 12:53;11/07/2026 14:14;13/07/2026 12:53
560346;MG;A3749;00019200000013454048;Rodoviário;11/07/2026 14:14;13/07/2026 12:53;11/07/2026 14:14;13/07/2026 12:53
560346;MG;TA0033;00019200000013454056;Rodoviário;11/07/2026 14:14;13/07/2026 12:53;11/07/2026 14:14;13/07/2026 12:53
560346;MG;A6386;00019200000013454064;Rodoviário;11/07/2026 14:14;13/07/2026 12:53;11/07/2026 14:14;13/07/2026 12:53
560346;MG;A1593;00019200000013454072;Rodoviário;11/07/2026 14:14;13/07/2026 12:53;11/07/2026 14:14;13/07/2026 12:53
560346;MG;A3741;00019200000013454080;Rodoviário;11/07/2026 14:14;13/07/2026 12:53;11/07/2026 14:14;13/07/2026 12:53
560346;MG;A7653;00019200000013454099;Rodoviário;11/07/2026 14:14;13/07/2026 12:53;11/07/2026 14:14;13/07/2026 12:53
560346;MG;TA0478;00019200000013454102;Rodoviário;11/07/2026 14:14;13/07/2026 12:53;11/07/2026 14:14;13/07/2026 12:53
560346;MG;A5883;00019200000013454110;Rodoviário;11/07/2026 14:14;13/07/2026 12:53;11/07/2026 14:14;13/07/2026 12:53
560346;MG;A3688;00019200000013454129;Rodoviário;11/07/2026 14:14;13/07/2026 12:53;11/07/2026 14:14;13/07/2026 12:53
560346;MG;A4791;00019200000013454137;Rodoviário;11/07/2026 14:14;13/07/2026 12:53;11/07/2026 14:14;13/07/2026 12:53
560346;MG;TA1236;00019200000013454145;Rodoviário;11/07/2026 14:14;13/07/2026 12:53;11/07/2026 14:14;13/07/2026 12:53
560346;MG;A6582;00019200000013454153;Rodoviário;11/07/2026 14:14;13/07/2026 12:53;11/07/2026 14:14;13/07/2026 12:53
560346;MG;A2077;00019200000013454161;Rodoviário;11/07/2026 14:14;13/07/2026 12:53;11/07/2026 14:14;13/07/2026 12:53
560346;MG;A7073;00019200000013454170;Rodoviário;11/07/2026 14:14;13/07/2026 12:53;11/07/2026 14:14;13/07/2026 12:53
560346;MG;A7023;00019200000013454188;Rodoviário;11/07/2026 14:14;13/07/2026 12:53;11/07/2026 14:14;13/07/2026 12:53
560346;MG;A8966;00019200000013454196;Rodoviário;11/07/2026 14:14;13/07/2026 12:53;11/07/2026 14:14;13/07/2026 12:53
560346;MG;A6501;00019200000013454200;Rodoviário;11/07/2026 14:14;13/07/2026 12:53;11/07/2026 14:14;13/07/2026 12:53
560346;MG;A0411;00019200000013454218;Rodoviário;11/07/2026 14:14;13/07/2026 12:53;11/07/2026 14:14;13/07/2026 12:53
560346;MG;A3277;00019200000013454226;Rodoviário;11/07/2026 14:14;13/07/2026 12:53;11/07/2026 14:14;13/07/2026 12:53
560346;MG;A3533;00019200000013454234;Rodoviário;11/07/2026 14:14;13/07/2026 12:53;11/07/2026 14:14;13/07/2026 12:53
560346;MG;A6645;00019200000013454242;Rodoviário;11/07/2026 14:14;13/07/2026 12:53;11/07/2026 14:14;13/07/2026 12:53
560346;MG;A8117;00019200000013454250;Rodoviário;11/07/2026 14:14;13/07/2026 12:53;11/07/2026 14:14;13/07/2026 12:53
560346;MG;A5155;00019200000013454269;Rodoviário;11/07/2026 14:14;13/07/2026 12:53;11/07/2026 14:14;13/07/2026 12:53
560346;MG;A8507;00019200000013454277;Rodoviário;11/07/2026 14:14;13/07/2026 12:53;11/07/2026 14:14;13/07/2026 12:53
560346;MG;TA0811;00019200000013454293;Rodoviário;11/07/2026 14:14;13/07/2026 12:53;11/07/2026 14:14;13/07/2026 12:53
560346;MG;A7421;00019200000013454307;Rodoviário;11/07/2026 14:14;13/07/2026 12:53;11/07/2026 14:14;13/07/2026 12:53
560346;MG;A2863;00019200000013454315;Rodoviário;11/07/2026 14:14;13/07/2026 12:53;11/07/2026 14:14;13/07/2026 12:53
560346;MG;TA0714;00019200000013454323;Rodoviário;11/07/2026 14:14;13/07/2026 12:53;11/07/2026 14:14;13/07/2026 12:53
560346;MG;A9160;00019200000013454331;Rodoviário;11/07/2026 14:14;13/07/2026 12:53;11/07/2026 14:14;13/07/2026 12:53
560346;MG;A3001;00019200000013454692;Rodoviário;11/07/2026 14:14;13/07/2026 12:53;11/07/2026 14:14;13/07/2026 12:53
560346;MG;A7814;00019200000013454706;Rodoviário;11/07/2026 14:14;13/07/2026 12:53;11/07/2026 14:14;13/07/2026 12:53
560346;MG;A3429;00019200000013454714;Rodoviário;11/07/2026 14:14;13/07/2026 12:53;11/07/2026 14:14;13/07/2026 12:53
560346;MG;A2973;00019200000013454722;Rodoviário;11/07/2026 14:14;13/07/2026 12:53;11/07/2026 14:14;13/07/2026 12:53
560346;MG;A8737;00019200000013454730;Rodoviário;11/07/2026 14:14;13/07/2026 12:53;11/07/2026 14:14;13/07/2026 12:53
560346;MG;A1514;00019200000013454749;Rodoviário;11/07/2026 14:14;13/07/2026 12:53;11/07/2026 14:14;13/07/2026 12:53
560346;MG;A7894;00019200000013455044;Rodoviário;11/07/2026 14:14;13/07/2026 12:53;11/07/2026 14:14;13/07/2026 12:53
560346;MG;TA1226;00019200000013455052;Rodoviário;11/07/2026 14:14;13/07/2026 12:53;11/07/2026 14:14;13/07/2026 12:53
560346;MG;A6427;00019200000013455060;Rodoviário;11/07/2026 14:14;13/07/2026 12:53;11/07/2026 14:14;13/07/2026 12:53
560346;MG;A3336;00019200000013455079;Rodoviário;11/07/2026 14:14;13/07/2026 12:53;11/07/2026 14:14;13/07/2026 12:53
560346;MG;TA0332;00019200000013455087;Rodoviário;11/07/2026 14:14;13/07/2026 12:53;11/07/2026 14:14;13/07/2026 12:53
560346;MG;A6937;00019200000013455095;Rodoviário;11/07/2026 14:14;13/07/2026 12:53;11/07/2026 14:14;13/07/2026 12:53
560346;MG;A8529;00019200000013455109;Rodoviário;11/07/2026 14:14;13/07/2026 12:53;11/07/2026 14:14;13/07/2026 12:53
560346;MG;A6249;00019200000013455117;Rodoviário;11/07/2026 14:14;13/07/2026 12:53;11/07/2026 14:14;13/07/2026 12:53
560346;MG;A5189;00019200000013455125;Rodoviário;11/07/2026 14:14;13/07/2026 12:53;11/07/2026 14:14;13/07/2026 12:53
560346;MG;A1150;00019200000013455133;Rodoviário;11/07/2026 14:14;13/07/2026 12:53;11/07/2026 14:14;13/07/2026 12:53
560346;MG;A9048;00019200000013455141;Rodoviário;11/07/2026 14:14;13/07/2026 12:53;11/07/2026 14:14;13/07/2026 12:53
560346;MG;A8911;00019200000013455150;Rodoviário;11/07/2026 14:14;13/07/2026 12:53;11/07/2026 14:14;13/07/2026 12:53
560346;MG;A5909;00019200000013455168;Rodoviário;11/07/2026 14:14;13/07/2026 12:53;11/07/2026 14:14;13/07/2026 12:53
560346;MG;A9084;00019200000013455176;Rodoviário;11/07/2026 14:14;13/07/2026 12:53;11/07/2026 14:14;13/07/2026 12:53
560346;MG;A3796;00019200000013455184;Rodoviário;11/07/2026 14:14;13/07/2026 12:53;11/07/2026 14:14;13/07/2026 12:53
560346;MG;TA0821;00019200000013455192;Rodoviário;11/07/2026 14:14;13/07/2026 12:53;11/07/2026 14:14;13/07/2026 12:53
560346;MG;A3315;00019200000013455206;Rodoviário;11/07/2026 14:14;13/07/2026 12:53;11/07/2026 14:14;13/07/2026 12:53
560346;MG;A6955;00019200000013455214;Rodoviário;11/07/2026 14:14;13/07/2026 12:53;11/07/2026 14:14;13/07/2026 12:53
560346;MG;A6056;00019200000013455222;Rodoviário;11/07/2026 14:14;13/07/2026 12:53;11/07/2026 14:14;13/07/2026 12:53
560346;MG;TA0275;00019200000013455230;Rodoviário;11/07/2026 14:14;13/07/2026 12:53;11/07/2026 14:14;13/07/2026 12:53
560346;MG;A1844;00019200000013455249;Rodoviário;11/07/2026 14:14;13/07/2026 12:53;11/07/2026 14:14;13/07/2026 12:53
560346;MG;TA1217;00019200000013485253;Rodoviário;11/07/2026 14:14;13/07/2026 12:53;11/07/2026 14:14;13/07/2026 12:53
560346;MG;A4800;00019200000013485261;Rodoviário;11/07/2026 14:14;13/07/2026 12:53;11/07/2026 14:14;13/07/2026 12:53
560346;MG;A5543;00019200000013485270;Rodoviário;11/07/2026 14:14;13/07/2026 12:53;11/07/2026 14:14;13/07/2026 12:53
560346;MG;A8608;00019200000013485288;Rodoviário;11/07/2026 14:14;13/07/2026 12:53;11/07/2026 14:14;13/07/2026 12:53
560346;MG;A2946;00019200000013485296;Rodoviário;11/07/2026 14:14;13/07/2026 12:53;11/07/2026 14:14;13/07/2026 12:53
560346;MG;A0640;00019200000013485300;Rodoviário;11/07/2026 14:14;13/07/2026 12:53;11/07/2026 14:14;13/07/2026 12:53
560346;MG;A6813;00019200000013485318;Rodoviário;11/07/2026 14:14;13/07/2026 12:53;11/07/2026 14:14;13/07/2026 12:53
560346;MG;A6851;00019200000013485326;Rodoviário;11/07/2026 14:14;13/07/2026 12:53;11/07/2026 14:14;13/07/2026 12:53
560346;MG;A5649;00019200000013485334;Rodoviário;11/07/2026 14:14;13/07/2026 12:53;11/07/2026 14:14;13/07/2026 12:53
560346;MG;A9427;00019200000013485342;Rodoviário;11/07/2026 14:14;13/07/2026 12:53;11/07/2026 14:14;13/07/2026 12:53
560346;MG;A9643;00019200000013485369;Rodoviário;11/07/2026 14:14;13/07/2026 12:53;11/07/2026 14:14;13/07/2026 12:53
560346;MG;A9292;00019200000013485377;Rodoviário;11/07/2026 14:14;13/07/2026 12:53;11/07/2026 14:14;13/07/2026 12:53
560346;MG;A8188;00019200000013485385;Rodoviário;11/07/2026 14:14;13/07/2026 12:53;11/07/2026 14:14;13/07/2026 12:53
560346;MG;A5910;00019200000013486004;Rodoviário;11/07/2026 14:14;13/07/2026 12:53;11/07/2026 14:14;13/07/2026 12:53
560346;MG;A7988;00019200000013486012;Rodoviário;11/07/2026 14:14;13/07/2026 12:53;11/07/2026 14:14;13/07/2026 12:53
560413;MG;A6230;00019200000013452088;Rodoviário;11/07/2026 14:14;13/07/2026 12:51;11/07/2026 14:14;13/07/2026 12:51
560413;MG;A6751;00019200000013452096;Rodoviário;11/07/2026 14:14;13/07/2026 12:51;11/07/2026 14:14;13/07/2026 12:51
560413;MG;A2874;00019200000013452100;Rodoviário;11/07/2026 14:14;13/07/2026 12:51;11/07/2026 14:14;13/07/2026 12:51
560413;MG;A3813;00019200000013452118;Rodoviário;11/07/2026 14:14;13/07/2026 12:51;11/07/2026 14:14;13/07/2026 12:51
560413;MG;A6842;00019200000013452126;Rodoviário;11/07/2026 14:14;13/07/2026 12:51;11/07/2026 14:14;13/07/2026 12:51
560413;MG;A1312;00019200000013452134;Rodoviário;11/07/2026 14:14;13/07/2026 12:51;11/07/2026 14:14;13/07/2026 12:51
560413;MG;A7477;00019200000013452142;Rodoviário;11/07/2026 14:14;13/07/2026 12:51;11/07/2026 14:14;13/07/2026 12:51
560413;MG;A3960;00019200000013452150;Rodoviário;11/07/2026 14:14;13/07/2026 12:51;11/07/2026 14:14;13/07/2026 12:51
560413;MG;A7778;00019200000013452169;Rodoviário;11/07/2026 14:14;13/07/2026 12:51;11/07/2026 14:14;13/07/2026 12:51
560413;MG;A1016;00019200000013452177;Rodoviário;11/07/2026 14:14;13/07/2026 12:51;11/07/2026 14:14;13/07/2026 12:51
560413;MG;A5481;00019200000013452185;Rodoviário;11/07/2026 14:14;13/07/2026 12:51;11/07/2026 14:14;13/07/2026 12:51
560413;MG;A0713;00019200000013452193;Rodoviário;11/07/2026 14:14;13/07/2026 12:51;11/07/2026 14:14;13/07/2026 12:51
560413;MG;A8387;00019200000013452223;Rodoviário;11/07/2026 14:14;13/07/2026 12:51;11/07/2026 14:14;13/07/2026 12:51
560413;MG;A5834;00019200000013452231;Rodoviário;11/07/2026 14:14;13/07/2026 12:51;11/07/2026 14:14;13/07/2026 12:51
560413;MG;A1997;00019200000013452240;Rodoviário;11/07/2026 14:14;13/07/2026 12:51;11/07/2026 14:14;13/07/2026 12:51
560413;MG;A3466;00019200000013452258;Rodoviário;11/07/2026 14:14;13/07/2026 12:51;11/07/2026 14:14;13/07/2026 12:51
560413;MG;A2964;00019200000013452266;Rodoviário;11/07/2026 14:14;13/07/2026 12:51;11/07/2026 14:14;13/07/2026 12:51
560413;MG;A7744;00019200000013452274;Rodoviário;11/07/2026 14:14;13/07/2026 12:51;11/07/2026 14:14;13/07/2026 12:51
560413;MG;A9137;00019200000013452282;Rodoviário;11/07/2026 14:14;13/07/2026 12:51;11/07/2026 14:14;13/07/2026 12:51
560413;MG;A0719;00019200000013452290;Rodoviário;11/07/2026 14:14;13/07/2026 12:51;11/07/2026 14:14;13/07/2026 12:51
560413;MG;A5794;00019200000013452304;Rodoviário;11/07/2026 14:14;13/07/2026 12:51;11/07/2026 14:14;13/07/2026 12:51
560413;MG;A5701;00019200000013452312;Rodoviário;11/07/2026 14:14;13/07/2026 12:51;11/07/2026 14:14;13/07/2026 12:51
560413;MG;A9698;00019200000013452320;Rodoviário;11/07/2026 14:14;13/07/2026 12:51;11/07/2026 14:14;13/07/2026 12:51
560413;MG;A5679;00019200000013452339;Rodoviário;11/07/2026 14:14;13/07/2026 12:51;11/07/2026 14:14;13/07/2026 12:51
560413;MG;A6755;00019200000013452347;Rodoviário;11/07/2026 14:14;13/07/2026 12:51;11/07/2026 14:14;13/07/2026 12:51
560413;MG;A9613;00019200000013452355;Rodoviário;11/07/2026 14:14;13/07/2026 12:51;11/07/2026 14:14;13/07/2026 12:51
560413;MG;A6825;00019200000013452363;Rodoviário;11/07/2026 14:14;13/07/2026 12:51;11/07/2026 14:14;13/07/2026 12:51
560741;MG;A5538;00019200000013592459;Rodoviário;18/07/2026 14:55;-;18/07/2026 14:55;-
560741;MG;A8970;00019200000013592467;Rodoviário;18/07/2026 14:55;-;18/07/2026 14:55;-
560741;MG;A4613;00019200000013592475;Rodoviário;18/07/2026 14:55;-;18/07/2026 14:55;-
560741;MG;A4891;00019200000013592483;Rodoviário;18/07/2026 14:55;-;18/07/2026 14:55;-
560741;MG;A7116;00019200000013592491;Rodoviário;18/07/2026 14:55;-;18/07/2026 14:55;-
560741;MG;A5115;00019200000013592505;Rodoviário;18/07/2026 14:55;-;18/07/2026 14:55;-
560741;MG;A4476;00019200000013592513;Rodoviário;18/07/2026 14:55;-;18/07/2026 14:55;-
560741;MG;A7910;00019200000013592521;Rodoviário;18/07/2026 14:55;-;18/07/2026 14:55;-
560741;MG;TA0005;00019200000013592530;Rodoviário;18/07/2026 14:55;-;18/07/2026 14:55;-
560741;MG;A7058;00019200000013592548;Rodoviário;18/07/2026 14:55;-;18/07/2026 14:55;-
560741;MG;A8764;00019200000013592556;Rodoviário;18/07/2026 14:55;-;18/07/2026 14:55;-
560741;MG;A8543;00019200000013592564;Rodoviário;18/07/2026 14:55;-;18/07/2026 14:55;-
560741;MG;A6475;00019200000013592572;Rodoviário;18/07/2026 14:55;-;18/07/2026 14:55;-
560741;MG;A7175;00019200000013592580;Rodoviário;18/07/2026 14:55;-;18/07/2026 14:55;-
560741;MG;A6246;00019200000013592599;Rodoviário;18/07/2026 14:55;-;18/07/2026 14:55;-
560741;MG;A9269;00019200000013592602;Rodoviário;18/07/2026 14:55;-;18/07/2026 14:55;-
560741;MG;A7062;00019200000013592610;Rodoviário;18/07/2026 14:55;-;18/07/2026 14:55;-
560741;MG;TA0802;00019200000013592629;Rodoviário;18/07/2026 14:55;-;18/07/2026 14:55;-
560741;MG;TA1024;00019200000013592637;Rodoviário;18/07/2026 14:55;-;18/07/2026 14:55;-
560741;MG;A6156;00019200000013592645;Rodoviário;18/07/2026 14:55;-;18/07/2026 14:55;-
560741;MG;A8109;00019200000013592653;Rodoviário;18/07/2026 14:55;-;18/07/2026 14:55;-
560741;MG;TA0915;00019200000013592661;Rodoviário;18/07/2026 14:55;-;18/07/2026 14:55;-
560741;MG;A1051;00019200000013592670;Rodoviário;18/07/2026 14:55;-;18/07/2026 14:55;-
560741;MG;TA0219;00019200000013592688;Rodoviário;18/07/2026 14:55;-;18/07/2026 14:55;-
560741;MG;A0393;00019200000013592696;Rodoviário;18/07/2026 14:55;-;18/07/2026 14:55;-
560741;MG;A2614;00019200000013592700;Rodoviário;18/07/2026 14:55;-;18/07/2026 14:55;-
560741;MG;A8516;00019200000013592718;Rodoviário;18/07/2026 14:55;-;18/07/2026 14:55;-
560741;MG;A9247;00019200000013592726;Rodoviário;18/07/2026 14:55;-;18/07/2026 14:55;-
560741;MG;A5504;00019200000013592734;Rodoviário;18/07/2026 14:55;-;18/07/2026 14:55;-
560741;MG;A8971;00019200000013592742;Rodoviário;18/07/2026 14:55;-;18/07/2026 14:55;-
560741;MG;A8680;00019200000013592750;Rodoviário;18/07/2026 14:55;-;18/07/2026 14:55;-
560741;MG;A8102;00019200000013592769;Rodoviário;18/07/2026 14:55;-;18/07/2026 14:55;-
560741;MG;TA0570;00019200000013592777;Rodoviário;18/07/2026 14:55;-;18/07/2026 14:55;-
560741;MG;A8451;00019200000013592785;Rodoviário;18/07/2026 14:55;-;18/07/2026 14:55;-
560741;MG;A4566;00019200000013592793;Rodoviário;18/07/2026 14:55;-;18/07/2026 14:55;-
560741;MG;A4562;00019200000013592807;Rodoviário;18/07/2026 14:55;-;18/07/2026 14:55;-
560741;MG;A3656;00019200000013592815;Rodoviário;18/07/2026 14:55;-;18/07/2026 14:55;-
560741;MG;A7602;00019200000013592823;Rodoviário;18/07/2026 14:55;-;18/07/2026 14:55;-
560741;MG;A8203;00019200000013592831;Rodoviário;18/07/2026 14:55;-;18/07/2026 14:55;-
560741;MG;A8775;00019200000013592840;Rodoviário;18/07/2026 14:55;-;18/07/2026 14:55;-
560741;MG;A6327;00019200000013592858;Rodoviário;18/07/2026 14:55;-;18/07/2026 14:55;-
560741;MG;A7031;00019200000013592866;Rodoviário;18/07/2026 14:55;-;18/07/2026 14:55;-
560741;MG;A6353;00019200000013592890;Rodoviário;18/07/2026 14:55;-;18/07/2026 14:55;-
560741;MG;A3046;00019200000013592904;Rodoviário;18/07/2026 14:55;-;18/07/2026 14:55;-
560741;MG;A8913;00019200000013592912;Rodoviário;18/07/2026 14:55;-;18/07/2026 14:55;-
560741;MG;TA0998;00019200000013592920;Rodoviário;18/07/2026 14:55;-;18/07/2026 14:55;-
560741;MG;A7466;00019200000013592939;Rodoviário;18/07/2026 14:55;-;18/07/2026 14:55;-
560741;MG;A7798;00019200000013592947;Rodoviário;18/07/2026 14:55;-;18/07/2026 14:55;-
560741;MG;A6747;00019200000013592955;Rodoviário;18/07/2026 14:55;-;18/07/2026 14:55;-
560741;MG;A2890;00019200000013592963;Rodoviário;18/07/2026 14:55;-;18/07/2026 14:55;-
560741;MG;A2107;00019200000013592971;Rodoviário;18/07/2026 14:55;-;18/07/2026 14:55;-
560741;MG;A8779;00019200000013592980;Rodoviário;18/07/2026 14:55;-;18/07/2026 14:55;-
560741;MG;A7494;00019200000013592998;Rodoviário;18/07/2026 14:55;-;18/07/2026 14:55;-
560741;MG;TA0206;00019200000013593005;Rodoviário;18/07/2026 14:55;-;18/07/2026 14:55;-
560741;MG;A4751;00019200000013593013;Rodoviário;18/07/2026 14:55;-;18/07/2026 14:55;-
560741;MG;A7196;00019200000013593021;Rodoviário;18/07/2026 14:55;-;18/07/2026 14:55;-
560741;MG;A7269;00019200000013593030;Rodoviário;18/07/2026 14:55;-;18/07/2026 14:55;-
560741;MG;A8230;00019200000013593048;Rodoviário;18/07/2026 14:55;-;18/07/2026 14:55;-
560741;MG;A9185;00019200000013593056;Rodoviário;18/07/2026 14:55;-;18/07/2026 14:55;-
560741;MG;A7227;00019200000013593064;Rodoviário;18/07/2026 14:55;-;18/07/2026 14:55;-
560741;MG;A9202;00019200000013593072;Rodoviário;18/07/2026 14:55;-;18/07/2026 14:55;-
560741;MG;A7270;00019200000013593080;Rodoviário;18/07/2026 14:55;-;18/07/2026 14:55;-
560741;MG;A1420;00019200000013593099;Rodoviário;18/07/2026 14:55;-;18/07/2026 14:55;-
560741;MG;TA1051;00019200000013593102;Rodoviário;18/07/2026 14:55;-;18/07/2026 14:55;-
560741;MG;A6983;00019200000013593110;Rodoviário;18/07/2026 14:55;-;18/07/2026 14:55;-
560741;MG;A6177;00019200000013593129;Rodoviário;18/07/2026 14:55;-;18/07/2026 14:55;-
560741;MG;A6547;00019200000013593137;Rodoviário;18/07/2026 14:55;-;18/07/2026 14:55;-
560741;MG;A1173;00019200000013593145;Rodoviário;18/07/2026 14:55;-;18/07/2026 14:55;-
560741;MG;A6157;00019200000013593153;Rodoviário;18/07/2026 14:55;-;18/07/2026 14:55;-
560741;MG;A4482;00019200000013593161;Rodoviário;18/07/2026 14:55;-;18/07/2026 14:55;-
560741;MG;A6634;00019200000013593170;Rodoviário;18/07/2026 14:55;-;18/07/2026 14:55;-
560741;MG;A7086;00019200000013593188;Rodoviário;18/07/2026 14:55;-;18/07/2026 14:55;-
560741;MG;A0525;00019200000013593196;Rodoviário;18/07/2026 14:55;-;18/07/2026 14:55;-
560741;MG;A7636;00019200000013593200;Rodoviário;18/07/2026 14:55;-;18/07/2026 14:55;-
560741;MG;A8392;00019200000013593218;Rodoviário;18/07/2026 14:55;-;18/07/2026 14:55;-
560741;MG;A6090;00019200000013593226;Rodoviário;18/07/2026 14:55;-;18/07/2026 14:55;-
560741;MG;A5577;00019200000013593234;Rodoviário;18/07/2026 14:55;-;18/07/2026 14:55;-
560741;MG;A9099;00019200000013593242;Rodoviário;18/07/2026 14:55;-;18/07/2026 14:55;-
560741;MG;A6170;00019200000013593250;Rodoviário;18/07/2026 14:55;-;18/07/2026 14:55;-
560741;MG;A7470;00019200000013593269;Rodoviário;18/07/2026 14:55;-;18/07/2026 14:55;-
560741;MG;A4827;00019200000013593277;Rodoviário;18/07/2026 14:55;-;18/07/2026 14:55;-
560741;MG;A7288;00019200000013593285;Rodoviário;18/07/2026 14:55;-;18/07/2026 14:55;-
560741;MG;A8260;00019200000013593293;Rodoviário;18/07/2026 14:55;-;18/07/2026 14:55;-
560741;MG;A8669;00019200000013593307;Rodoviário;18/07/2026 14:55;-;18/07/2026 14:55;-
560741;MG;A6313;00019200000013593315;Rodoviário;18/07/2026 14:55;-;18/07/2026 14:55;-
560741;MG;A0003;00019200000013593323;Rodoviário;18/07/2026 14:55;-;18/07/2026 14:55;-
560741;MG;A2762;00019200000013593331;Rodoviário;18/07/2026 14:55;-;18/07/2026 14:55;-
560741;MG;A7527;00019200000013593340;Rodoviário;18/07/2026 14:55;-;18/07/2026 14:55;-
560741;MG;A3966;00019200000013593358;Rodoviário;18/07/2026 14:55;-;18/07/2026 14:55;-
560741;MG;A5190;00019200000013593366;Rodoviário;18/07/2026 14:55;-;18/07/2026 14:55;-
560741;MG;A7284;00019200000013593374;Rodoviário;18/07/2026 14:55;-;18/07/2026 14:55;-
560741;MG;A6267;00019200000013593382;Rodoviário;18/07/2026 14:55;-;18/07/2026 14:55;-
560741;MG;A0075;00019200000013593390;Rodoviário;18/07/2026 14:55;-;18/07/2026 14:55;-
560741;MG;A4846;00019200000013593404;Rodoviário;18/07/2026 14:55;-;18/07/2026 14:55;-
560741;MG;A4878;00019200000013593412;Rodoviário;18/07/2026 14:55;-;18/07/2026 14:55;-
560741;MG;A0287;00019200000013593420;Rodoviário;18/07/2026 14:55;-;18/07/2026 14:55;-
560741;MG;A3727;00019200000013593439;Rodoviário;18/07/2026 14:55;-;18/07/2026 14:55;-
560741;MG;A2716;00019200000013593455;Rodoviário;18/07/2026 14:55;-;18/07/2026 14:55;-
560743;MG;A0477;00019200000013592017;Rodoviário;18/07/2026 14:55;-;18/07/2026 14:55;-
560743;MG;A9254;00019200000013592025;Rodoviário;18/07/2026 14:55;-;18/07/2026 14:55;-
560743;MG;A6804;00019200000013592033;Rodoviário;18/07/2026 14:55;-;18/07/2026 14:55;-
560743;MG;TA1082;00019200000013592041;Rodoviário;18/07/2026 14:55;-;18/07/2026 14:55;-
560743;MG;A7976;00019200000013592050;Rodoviário;18/07/2026 14:55;-;18/07/2026 14:55;-
560743;MG;A8063;00019200000013592068;Rodoviário;18/07/2026 14:55;-;18/07/2026 14:55;-
560743;MG;A5219;00019200000013592076;Rodoviário;18/07/2026 14:55;-;18/07/2026 14:55;-
560743;MG;A0734;00019200000013592084;Rodoviário;18/07/2026 14:55;-;18/07/2026 14:55;-
560743;MG;A3112;00019200000013592092;Rodoviário;18/07/2026 14:55;-;18/07/2026 14:55;-
560743;MG;A5791;00019200000013592106;Rodoviário;18/07/2026 14:55;-;18/07/2026 14:55;-
560743;MG;A4909;00019200000013592114;Rodoviário;18/07/2026 14:55;-;18/07/2026 14:55;-
560743;MG;A2660;00019200000013592122;Rodoviário;18/07/2026 14:55;-;18/07/2026 14:55;-
560743;MG;A0033;00019200000013592130;Rodoviário;18/07/2026 14:55;-;18/07/2026 14:55;-
560743;MG;A5123;00019200000013592149;Rodoviário;18/07/2026 14:55;-;18/07/2026 14:55;-
560743;MG;TA0471;00019200000013592157;Rodoviário;18/07/2026 14:55;-;18/07/2026 14:55;-
560743;MG;A1646;00019200000013592165;Rodoviário;18/07/2026 14:55;-;18/07/2026 14:55;-
560743;MG;A7793;00019200000013592173;Rodoviário;18/07/2026 14:55;-;18/07/2026 14:55;-
560743;MG;A7603;00019200000013592181;Rodoviário;18/07/2026 14:55;-;18/07/2026 14:55;-
560743;MG;A3409;00019200000013592190;Rodoviário;18/07/2026 14:55;-;18/07/2026 14:55;-
560743;MG;A8336;00019200000013592203;Rodoviário;18/07/2026 14:55;-;18/07/2026 14:55;-
560743;MG;A9392;00019200000013592211;Rodoviário;18/07/2026 14:55;-;18/07/2026 14:55;-
560743;MG;A6027;00019200000013592220;Rodoviário;18/07/2026 14:55;-;18/07/2026 14:55;-
560743;MG;A0971;00019200000013592238;Rodoviário;18/07/2026 14:55;-;18/07/2026 14:55;-
560743;MG;A7382;00019200000013592246;Rodoviário;18/07/2026 14:55;-;18/07/2026 14:55;-
560743;MG;A8723;00019200000013592254;Rodoviário;18/07/2026 14:55;-;18/07/2026 14:55;-
560743;MG;A3121;00019200000013592262;Rodoviário;18/07/2026 14:55;-;18/07/2026 14:55;-
560743;MG;A7037;00019200000013592270;Rodoviário;18/07/2026 14:55;-;18/07/2026 14:55;-
560743;MG;A0663;00019200000013592289;Rodoviário;18/07/2026 14:55;-;18/07/2026 14:55;-
560743;MG;A8566;00019200000013592297;Rodoviário;18/07/2026 14:55;-;18/07/2026 14:55;-
560743;MG;TA1128;00019200000013592300;Rodoviário;18/07/2026 14:55;-;18/07/2026 14:55;-
560743;MG;A5884;00019200000013592319;Rodoviário;18/07/2026 14:55;-;18/07/2026 14:55;-
560743;MG;A6143;00019200000013592327;Rodoviário;18/07/2026 14:55;-;18/07/2026 14:55;-
560743;MG;A7736;00019200000013592335;Rodoviário;18/07/2026 14:55;-;18/07/2026 14:55;-
560743;MG;A9079;00019200000013592343;Rodoviário;18/07/2026 14:55;-;18/07/2026 14:55;-
560743;MG;A8448;00019200000013592351;Rodoviário;18/07/2026 14:55;-;18/07/2026 14:55;-
560743;MG;A9555;00019200000013592360;Rodoviário;18/07/2026 14:55;-;18/07/2026 14:55;-
560743;MG;A4611;00019200000013592378;Rodoviário;18/07/2026 14:55;-;18/07/2026 14:55;-
560743;MG;A0379;00019200000013592386;Rodoviário;18/07/2026 14:55;-;18/07/2026 14:55;-
560743;MG;A7638;00019200000013592394;Rodoviário;18/07/2026 14:55;-;18/07/2026 14:55;-
560743;MG;A6543;00019200000013592408;Rodoviário;18/07/2026 14:55;-;18/07/2026 14:55;-
560743;MG;A6706;00019200000013592416;Rodoviário;18/07/2026 14:55;-;18/07/2026 14:55;-
560743;MG;A6519;00019200000013592440;Rodoviário;18/07/2026 14:55;-;18/07/2026 14:55;-
560743;MG;TA0596;00019200000013592874;Rodoviário;18/07/2026 14:55;-;18/07/2026 14:55;-
560743;MG;A5496;00019200000013592882;Rodoviário;18/07/2026 14:55;-;18/07/2026 14:55;-
560743;MG;A5059;00019200000013596233;Rodoviário;18/07/2026 14:55;-;18/07/2026 14:55;-
560743;MG;A4232;00019200000013596241;Rodoviário;18/07/2026 14:55;-;18/07/2026 14:55;-
560743;MG;A8978;00019200000013596250;Rodoviário;18/07/2026 14:55;-;18/07/2026 14:55;-
560743;MG;A4394;00019200000013596268;Rodoviário;18/07/2026 14:55;-;18/07/2026 14:55;-
560743;MG;A8050;00019200000013596276;Rodoviário;18/07/2026 14:55;-;18/07/2026 14:55;-
560743;MG;A6948;00019200000013596284;Rodoviário;18/07/2026 14:55;-;18/07/2026 14:55;-
560743;MG;A6589;00019200000013596292;Rodoviário;18/07/2026 14:55;-;18/07/2026 14:55;-
560743;MG;TA0295;00019200000013596306;Rodoviário;18/07/2026 14:55;-;18/07/2026 14:55;-
560743;MG;TA1239;00019200000013596314;Rodoviário;18/07/2026 14:55;-;18/07/2026 14:55;-
560743;MG;A7336;00019200000013596322;Rodoviário;18/07/2026 14:55;-;18/07/2026 14:55;-
560743;MG;A0807;00019200000013596330;Rodoviário;18/07/2026 14:55;-;18/07/2026 14:55;-
560743;MG;A6655;00019200000013596349;Rodoviário;18/07/2026 14:55;-;18/07/2026 14:55;-
560743;MG;TA0964;00019200000013596357;Rodoviário;18/07/2026 14:55;-;18/07/2026 14:55;-
560743;MG;A8080;00019200000013596365;Rodoviário;18/07/2026 14:55;-;18/07/2026 14:55;-
560743;MG;A8140;00019200000013596373;Rodoviário;18/07/2026 14:55;-;18/07/2026 14:55;-
560743;MG;A8997;00019200000013596381;Rodoviário;18/07/2026 14:55;-;18/07/2026 14:55;-
560743;MG;A7648;00019200000013596390;Rodoviário;18/07/2026 14:55;-;18/07/2026 14:55;-
560743;MG;A6440;00019200000013596403;Rodoviário;18/07/2026 14:55;-;18/07/2026 14:55;-
560970;MG;A3938;00019200000013441930;MultiModal;14/07/2026 22:56;16/07/2026 14:35;14/07/2026 22:56;16/07/2026 14:35
556119;MS;A8538;00019200000012730785;MultiModal;11/06/2026 00:23;12/06/2026 17:15;-;-
556119;MS;A6779;00019200000012730793;MultiModal;11/06/2026 00:23;12/06/2026 17:15;-;-
556119;MS;A9438;00019200000012730807;MultiModal;11/06/2026 00:23;12/06/2026 17:15;-;-
556119;MS;TA1122;00019200000012730815;MultiModal;11/06/2026 00:23;12/06/2026 17:15;-;-
556119;MS;A3628;00019200000012730831;MultiModal;11/06/2026 00:23;12/06/2026 17:15;-;-
556443;MS;A5528;00019200000012904660;MultiModal;11/06/2026 00:36;12/06/2026 17:13;-;-
556443;MS;A3811;00019200000012904678;MultiModal;11/06/2026 00:36;12/06/2026 17:13;-;-
556506;MS;A4037;00019200000012904694;MultiModal;11/06/2026 00:36;12/06/2026 17:10;-;-
556615;MS;A8430;00019200000013209116;MultiModal;15/06/2026 10:09;17/06/2026 14:40;15/06/2026 10:09;17/06/2026 14:40
556615;MS;A9717;00019200000013209124;MultiModal;15/06/2026 10:09;17/06/2026 14:40;15/06/2026 10:09;17/06/2026 14:40
556615;MS;A6467;00019200000013209132;MultiModal;15/06/2026 10:09;17/06/2026 14:40;15/06/2026 10:09;17/06/2026 14:40
556651;MS;A9584;00019200000013212915;MultiModal;13/06/2026 12:56;16/06/2026 16:00;13/06/2026 12:56;16/06/2026 16:00
556651;MS;A2103;00019200000013212923;MultiModal;13/06/2026 12:56;16/06/2026 16:00;13/06/2026 12:56;16/06/2026 16:00
556651;MS;A7245;00019200000013212940;MultiModal;13/06/2026 12:56;16/06/2026 16:00;13/06/2026 12:56;16/06/2026 16:00
556698;MS;A7347;00019200000012659436;MultiModal;13/06/2026 14:14;16/06/2026 14:00;13/06/2026 14:14;16/06/2026 14:00
556698;MS;A3203;00019200000012659444;MultiModal;13/06/2026 14:14;16/06/2026 14:00;13/06/2026 14:14;16/06/2026 14:00
556698;MS;A6311;00019200000012659452;MultiModal;13/06/2026 14:14;16/06/2026 14:00;13/06/2026 14:14;16/06/2026 14:00
556698;MS;A7007;00019200000012659460;MultiModal;13/06/2026 14:14;16/06/2026 14:00;13/06/2026 14:14;16/06/2026 14:00
556698;MS;A7206;00019200000012659479;MultiModal;13/06/2026 14:14;16/06/2026 14:00;13/06/2026 14:14;16/06/2026 14:00
556698;MS;A5338;00019200000012659487;MultiModal;13/06/2026 14:14;16/06/2026 14:00;13/06/2026 14:14;16/06/2026 14:00
556698;MS;A2050;00019200000012659495;MultiModal;13/06/2026 14:14;16/06/2026 14:00;13/06/2026 14:14;16/06/2026 14:00
556698;MS;A5055;00019200000012659509;MultiModal;13/06/2026 14:14;16/06/2026 14:00;13/06/2026 14:14;16/06/2026 14:00
556698;MS;A3239;00019200000012659517;MultiModal;13/06/2026 14:14;16/06/2026 14:00;-;-
556702;MS;TA0929;00019200000012700398;MultiModal;20/06/2026 22:19;23/06/2026 14:40;20/06/2026 22:19;23/06/2026 14:40
556773;MS;A9369;00019200000012905879;MultiModal;16/06/2026 04:49;17/06/2026 14:40;-;-
556773;MS;TA0964;00019200000012905887;MultiModal;16/06/2026 04:49;17/06/2026 14:40;-;-
556773;MS;A7716;00019200000012905895;MultiModal;16/06/2026 04:49;17/06/2026 14:40;-;-
556773;MS;A6316;00019200000012905917;MultiModal;16/06/2026 04:49;17/06/2026 14:40;-;-
556773;MS;A0963;00019200000012905925;MultiModal;16/06/2026 04:49;17/06/2026 14:40;-;-
556798;MS;A6194;00019200000012703303;MultiModal;15/06/2026 01:40;16/06/2026 10:00;15/06/2026 01:40;16/06/2026 10:00
556798;MS;A4835;00019200000012703320;MultiModal;15/06/2026 01:40;16/06/2026 10:00;15/06/2026 01:40;16/06/2026 10:00
556798;MS;A5244;00019200000012703338;MultiModal;15/06/2026 01:40;16/06/2026 10:00;15/06/2026 01:40;16/06/2026 10:00
556798;MS;A6381;00019200000012703346;MultiModal;15/06/2026 01:40;16/06/2026 10:00;15/06/2026 01:40;16/06/2026 10:00
556798;MS;A7974;00019200000012703354;MultiModal;15/06/2026 01:40;16/06/2026 10:00;15/06/2026 01:40;16/06/2026 10:00
556798;MS;A1888;00019200000012703362;MultiModal;15/06/2026 01:40;16/06/2026 10:00;15/06/2026 01:40;16/06/2026 10:00
556798;MS;TA0728;00019200000012703370;MultiModal;15/06/2026 01:40;16/06/2026 10:00;15/06/2026 01:40;16/06/2026 10:00
556798;MS;A4182;00019200000012703389;MultiModal;15/06/2026 01:40;16/06/2026 10:00;15/06/2026 01:40;16/06/2026 10:00
556798;MS;TA0709;00019200000012703990;MultiModal;15/06/2026 01:40;16/06/2026 10:00;15/06/2026 01:40;16/06/2026 10:00
556798;MS;A6654;00019200000012704008;MultiModal;15/06/2026 01:40;16/06/2026 10:00;15/06/2026 01:40;16/06/2026 10:00
556798;MS;A9135;00019200000012704016;MultiModal;15/06/2026 01:40;16/06/2026 10:00;15/06/2026 01:40;16/06/2026 10:00
556798;MS;TA1109;00019200000012704024;MultiModal;15/06/2026 01:40;16/06/2026 10:00;15/06/2026 01:40;16/06/2026 10:00
556798;MS;A8923;00019200000012704032;MultiModal;15/06/2026 01:40;16/06/2026 10:00;15/06/2026 01:40;16/06/2026 10:00
556798;MS;A3607;00019200000012704040;MultiModal;15/06/2026 01:40;16/06/2026 10:00;15/06/2026 01:40;16/06/2026 10:00
556798;MS;A2148;00019200000012704059;MultiModal;15/06/2026 01:40;16/06/2026 10:00;15/06/2026 01:40;16/06/2026 10:00
556798;MS;A5715;00019200000012704067;MultiModal;15/06/2026 01:40;16/06/2026 10:00;15/06/2026 01:40;16/06/2026 10:00
556798;MS;A6971;00019200000012704075;MultiModal;15/06/2026 01:40;16/06/2026 10:00;15/06/2026 01:40;16/06/2026 10:00
556798;MS;A8232;00019200000012704083;MultiModal;15/06/2026 01:40;16/06/2026 10:00;15/06/2026 01:40;16/06/2026 10:00
556798;MS;A4790;00019200000012704091;MultiModal;15/06/2026 01:40;16/06/2026 10:00;15/06/2026 01:40;16/06/2026 10:00
556798;MS;A4171;00019200000012704105;MultiModal;15/06/2026 01:40;16/06/2026 10:00;15/06/2026 01:40;16/06/2026 10:00
556798;MS;A6621;00019200000012704113;MultiModal;15/06/2026 01:40;16/06/2026 10:00;15/06/2026 01:40;16/06/2026 10:00
556798;MS;A0330;00019200000012704121;MultiModal;15/06/2026 01:40;16/06/2026 10:00;15/06/2026 01:40;16/06/2026 10:00
556798;MS;A7317;00019200000012704130;MultiModal;15/06/2026 01:40;16/06/2026 10:00;15/06/2026 01:40;16/06/2026 10:00
556798;MS;A0995;00019200000012704148;MultiModal;15/06/2026 01:40;16/06/2026 10:00;15/06/2026 01:40;16/06/2026 10:00
556798;MS;A9186;00019200000012704156;MultiModal;15/06/2026 01:40;16/06/2026 10:00;15/06/2026 01:40;16/06/2026 10:00
556798;MS;A5668;00019200000012704164;MultiModal;15/06/2026 01:40;16/06/2026 10:00;15/06/2026 01:40;16/06/2026 10:00
556798;MS;A0204;00019200000012704172;MultiModal;15/06/2026 01:40;16/06/2026 10:00;15/06/2026 01:40;16/06/2026 10:00
556798;MS;A2555;00019200000012704180;MultiModal;15/06/2026 01:40;16/06/2026 10:00;15/06/2026 01:40;16/06/2026 10:00
556798;MS;TA0360;00019200000012704199;MultiModal;15/06/2026 01:40;16/06/2026 10:00;15/06/2026 01:40;16/06/2026 10:00
556933;MS;A3879;00019200000012704520;MultiModal;13/06/2026 14:13;15/06/2026 19:40;13/06/2026 14:13;15/06/2026 19:40
556933;MS;A9318;00019200000012704539;MultiModal;13/06/2026 14:13;15/06/2026 19:40;13/06/2026 14:13;15/06/2026 19:40
556933;MS;A2556;00019200000012704547;MultiModal;13/06/2026 14:13;15/06/2026 19:40;13/06/2026 14:13;15/06/2026 19:40
556933;MS;A4483;00019200000012704555;MultiModal;13/06/2026 14:13;15/06/2026 19:40;13/06/2026 14:13;15/06/2026 19:40
556933;MS;TA0778;00019200000012704563;MultiModal;13/06/2026 14:13;15/06/2026 19:40;13/06/2026 14:13;15/06/2026 19:40
556933;MS;A6783;00019200000012704571;MultiModal;13/06/2026 14:13;15/06/2026 19:40;13/06/2026 14:13;15/06/2026 19:40
556933;MS;A4240;00019200000012704580;MultiModal;13/06/2026 14:13;15/06/2026 19:40;13/06/2026 14:13;15/06/2026 19:40
557103;MS;A7151;00019200000013242636;MultiModal;16/06/2026 04:49;17/06/2026 14:40;16/06/2026 04:49;17/06/2026 14:40
557217;MS;A7302;00019200000012698075;MultiModal;17/06/2026 23:34;19/06/2026 18:02;22/06/2026 05:49;23/06/2026 18:30
557217;MS;A9232;00019200000012698083;MultiModal;17/06/2026 23:34;19/06/2026 18:02;22/06/2026 05:49;23/06/2026 18:30
557217;MS;A8477;00019200000012698199;MultiModal;17/06/2026 23:34;19/06/2026 18:02;22/06/2026 05:49;23/06/2026 18:30
557217;MS;A4756;00019200000012698229;MultiModal;17/06/2026 23:34;19/06/2026 18:02;22/06/2026 05:49;23/06/2026 18:30
557217;MS;S1438;00019200000012698466;MultiModal;17/06/2026 23:34;19/06/2026 18:02;17/06/2026 23:34;19/06/2026 18:02
557217;MS;S1221;00019200000012698474;MultiModal;17/06/2026 23:34;19/06/2026 18:02;17/06/2026 23:34;19/06/2026 18:02
557217;MS;A8307;00019200000012698482;MultiModal;17/06/2026 23:34;19/06/2026 18:02;22/06/2026 05:49;23/06/2026 18:30
557217;MS;A7733;00019200000012698490;MultiModal;17/06/2026 23:34;19/06/2026 18:02;22/06/2026 05:49;23/06/2026 18:30
557217;MS;TA1233;00019200000012698504;MultiModal;17/06/2026 23:34;19/06/2026 18:02;22/06/2026 05:49;23/06/2026 18:30
557217;MS;TA0743;00019200000012698512;MultiModal;17/06/2026 23:34;19/06/2026 18:02;22/06/2026 05:49;23/06/2026 18:30
557217;MS;A3729;00019200000012698520;MultiModal;17/06/2026 23:34;19/06/2026 18:02;22/06/2026 05:49;23/06/2026 18:30
557217;MS;S1713;00019200000012698539;MultiModal;17/06/2026 23:34;19/06/2026 18:02;17/06/2026 23:34;19/06/2026 18:02
557217;MS;S1365;00019200000012698547;MultiModal;17/06/2026 23:34;19/06/2026 18:02;17/06/2026 23:34;19/06/2026 18:02
557217;MS;S1128;00019200000012698555;MultiModal;17/06/2026 23:34;19/06/2026 18:02;17/06/2026 23:34;19/06/2026 18:02
557217;MS;S1754;00019200000012698563;MultiModal;17/06/2026 23:34;19/06/2026 18:02;17/06/2026 23:34;19/06/2026 18:02
557217;MS;S1112;00019200000012698571;MultiModal;17/06/2026 23:34;19/06/2026 18:02;17/06/2026 23:34;19/06/2026 18:02
557217;MS;S1993;00019200000012698580;MultiModal;17/06/2026 23:34;19/06/2026 18:02;17/06/2026 23:34;19/06/2026 18:02
557217;MS;S1966;00019200000012698598;MultiModal;17/06/2026 23:34;19/06/2026 18:02;17/06/2026 23:34;19/06/2026 18:02
557217;MS;S1655;00019200000012698601;MultiModal;17/06/2026 23:34;19/06/2026 18:02;17/06/2026 23:34;19/06/2026 18:02
557217;MS;S1627;00019200000012698610;MultiModal;17/06/2026 23:34;19/06/2026 18:02;17/06/2026 23:34;19/06/2026 18:02
557217;MS;S1554;00019200000012698628;MultiModal;17/06/2026 23:34;19/06/2026 18:02;17/06/2026 23:34;19/06/2026 18:02
557217;MS;S1817;00019200000012698636;MultiModal;17/06/2026 23:34;19/06/2026 18:02;17/06/2026 23:34;19/06/2026 18:02
557217;MS;S0868;00019200000012698679;MultiModal;17/06/2026 23:34;19/06/2026 18:02;17/06/2026 23:34;19/06/2026 18:02
557217;MS;A8019;00019200000012919098;MultiModal;17/06/2026 23:34;19/06/2026 18:02;22/06/2026 05:49;23/06/2026 18:30
557217;MS;TA0521;00019200000012919101;MultiModal;17/06/2026 23:34;19/06/2026 18:02;22/06/2026 05:49;23/06/2026 18:30
557217;MS;TA0206;00019200000012919110;MultiModal;17/06/2026 23:34;19/06/2026 18:02;22/06/2026 05:49;23/06/2026 18:30
557217;MS;A2144;00019200000012919128;MultiModal;17/06/2026 23:34;19/06/2026 18:02;22/06/2026 05:49;23/06/2026 18:30
557217;MS;S1786;00019200000012919136;MultiModal;17/06/2026 23:34;19/06/2026 18:02;17/06/2026 23:34;19/06/2026 18:02
557217;MS;A3978;00019200000012919144;MultiModal;17/06/2026 23:34;19/06/2026 18:02;22/06/2026 05:49;23/06/2026 18:30
557217;MS;A0299;00019200000012919152;MultiModal;17/06/2026 23:34;19/06/2026 18:02;22/06/2026 05:49;23/06/2026 18:30
557217;MS;A4694;00019200000012919160;MultiModal;17/06/2026 23:34;19/06/2026 18:02;22/06/2026 05:49;23/06/2026 18:30
557217;MS;S1296;00019200000012919179;MultiModal;17/06/2026 23:34;19/06/2026 18:02;17/06/2026 23:34;19/06/2026 18:02
557217;MS;S0208;00019200000012919187;MultiModal;17/06/2026 23:34;19/06/2026 18:02;17/06/2026 23:34;19/06/2026 18:02
557217;MS;S1218;00019200000012919195;MultiModal;17/06/2026 23:34;19/06/2026 18:02;17/06/2026 23:34;19/06/2026 18:02
557217;MS;S1874;00019200000012919209;MultiModal;17/06/2026 23:34;19/06/2026 18:02;17/06/2026 23:34;19/06/2026 18:02
557217;MS;S1258;00019200000012919217;MultiModal;17/06/2026 23:34;19/06/2026 18:02;17/06/2026 23:34;19/06/2026 18:02
557217;MS;S1320;00019200000012919225;MultiModal;17/06/2026 23:34;19/06/2026 18:02;17/06/2026 23:34;19/06/2026 18:02
557217;MS;S0859;00019200000012919233;MultiModal;17/06/2026 23:34;19/06/2026 18:02;17/06/2026 23:34;19/06/2026 18:02
557217;MS;S1199;00019200000012919241;MultiModal;17/06/2026 23:34;19/06/2026 18:02;17/06/2026 23:34;19/06/2026 18:02
557217;MS;S0884;00019200000012919250;MultiModal;17/06/2026 23:34;19/06/2026 18:02;17/06/2026 23:34;19/06/2026 18:02
557217;MS;S1615;00019200000012919268;MultiModal;17/06/2026 23:34;19/06/2026 18:02;17/06/2026 23:34;19/06/2026 18:02
557217;MS;S1401;00019200000012919276;MultiModal;17/06/2026 23:34;19/06/2026 18:02;17/06/2026 23:34;19/06/2026 18:02
557217;MS;S1976;00019200000012919284;MultiModal;17/06/2026 23:34;19/06/2026 18:02;17/06/2026 23:34;19/06/2026 18:02
557217;MS;A7027;00019200000012919292;MultiModal;17/06/2026 23:34;19/06/2026 18:02;22/06/2026 05:49;23/06/2026 18:30
557217;MS;A9446;00019200000012919306;MultiModal;17/06/2026 23:34;19/06/2026 18:02;22/06/2026 05:49;23/06/2026 18:30
557217;MS;S1360;00019200000012919314;MultiModal;17/06/2026 23:34;19/06/2026 18:02;17/06/2026 23:34;19/06/2026 18:02
557217;MS;S1085;00019200000012919322;MultiModal;17/06/2026 23:34;19/06/2026 18:02;17/06/2026 23:34;19/06/2026 18:02
557217;MS;S0972;00019200000012919330;MultiModal;17/06/2026 23:34;19/06/2026 18:02;17/06/2026 23:34;19/06/2026 18:02
557217;MS;S0834;00019200000012919349;MultiModal;17/06/2026 23:34;19/06/2026 18:02;17/06/2026 23:34;19/06/2026 18:02
557217;MS;S1357;00019200000012919357;MultiModal;17/06/2026 23:34;19/06/2026 18:02;17/06/2026 23:34;19/06/2026 18:02
557217;MS;A7738;00019200000012919365;MultiModal;17/06/2026 23:34;19/06/2026 18:02;22/06/2026 05:49;23/06/2026 18:30
557217;MS;A0430;00019200000012919373;MultiModal;17/06/2026 23:34;19/06/2026 18:02;22/06/2026 05:49;23/06/2026 18:30
557217;MS;A0807;00019200000012919381;MultiModal;17/06/2026 23:34;19/06/2026 18:02;22/06/2026 05:49;23/06/2026 18:30
557217;MS;TA0363;00019200000012919390;MultiModal;17/06/2026 23:34;19/06/2026 18:02;22/06/2026 05:49;23/06/2026 18:30
557217;MS;A3217;00019200000012919403;MultiModal;17/06/2026 23:34;19/06/2026 18:02;22/06/2026 05:49;23/06/2026 18:30
557217;MS;A6957;00019200000012919411;MultiModal;17/06/2026 23:34;19/06/2026 18:02;22/06/2026 05:49;23/06/2026 18:30
557217;MS;A4861;00019200000012919420;MultiModal;17/06/2026 23:34;19/06/2026 18:02;22/06/2026 05:49;23/06/2026 18:30
557217;MS;A4807;00019200000012919438;MultiModal;17/06/2026 23:34;19/06/2026 18:02;22/06/2026 05:49;23/06/2026 18:30
557217;MS;A0262;00019200000012919446;MultiModal;17/06/2026 23:34;19/06/2026 18:02;22/06/2026 05:49;23/06/2026 18:30
557217;MS;A7670;00019200000012919454;MultiModal;17/06/2026 23:34;19/06/2026 18:02;22/06/2026 05:49;23/06/2026 18:30
557217;MS;A7869;00019200000012919462;MultiModal;17/06/2026 23:34;19/06/2026 18:02;22/06/2026 05:49;23/06/2026 18:30
557217;MS;A4082;00019200000012919470;MultiModal;17/06/2026 23:34;19/06/2026 18:02;22/06/2026 05:49;23/06/2026 18:30
557217;MS;A5104;00019200000012919489;MultiModal;17/06/2026 23:34;19/06/2026 18:02;22/06/2026 05:49;23/06/2026 18:30
557217;MS;A4679;00019200000012919535;MultiModal;17/06/2026 23:34;19/06/2026 18:02;22/06/2026 05:49;23/06/2026 18:30
557217;MS;S0610;00019200000012919543;MultiModal;17/06/2026 23:34;19/06/2026 18:02;17/06/2026 23:34;19/06/2026 18:02
557260;MS;A0930;00019200000013204971;MultiModal;02/07/2026 04:24;03/07/2026 15:40;02/07/2026 04:24;03/07/2026 15:40
557260;MS;TA0432;00019200000013204980;MultiModal;02/07/2026 04:24;03/07/2026 15:40;02/07/2026 04:24;03/07/2026 15:40
557260;MS;A0719;00019200000013204998;MultiModal;02/07/2026 04:24;03/07/2026 15:40;02/07/2026 04:24;03/07/2026 15:40
557260;MS;A0647;00019200000013205005;MultiModal;02/07/2026 04:24;03/07/2026 15:40;02/07/2026 04:24;03/07/2026 15:40
557260;MS;A8826;00019200000013207431;MultiModal;02/07/2026 04:24;03/07/2026 15:40;02/07/2026 04:24;03/07/2026 15:40
557260;MS;A6851;00019200000013207440;MultiModal;02/07/2026 04:24;03/07/2026 15:40;02/07/2026 04:24;03/07/2026 15:40
557260;MS;A3311;00019200000013207458;MultiModal;02/07/2026 04:24;03/07/2026 15:40;02/07/2026 04:24;03/07/2026 15:40
557260;MS;A1273;00019200000013207466;MultiModal;02/07/2026 04:24;03/07/2026 15:40;02/07/2026 04:24;03/07/2026 15:40
557260;MS;A2142;00019200000013207474;MultiModal;02/07/2026 04:24;03/07/2026 15:40;02/07/2026 04:24;03/07/2026 15:40
557260;MS;A6391;00019200000013207482;MultiModal;02/07/2026 04:24;03/07/2026 15:40;02/07/2026 04:24;03/07/2026 15:40
557260;MS;A2469;00019200000013207490;MultiModal;02/07/2026 04:24;03/07/2026 15:40;02/07/2026 04:24;03/07/2026 15:40
557260;MS;A6755;00019200000013207504;MultiModal;02/07/2026 04:24;03/07/2026 15:40;02/07/2026 04:24;03/07/2026 15:40
557260;MS;TA0833;00019200000013207512;MultiModal;02/07/2026 04:24;03/07/2026 15:40;02/07/2026 04:24;03/07/2026 15:40
557260;MS;A8060;00019200000013207520;MultiModal;02/07/2026 04:24;03/07/2026 15:40;02/07/2026 04:24;03/07/2026 15:40
557260;MS;A7694;00019200000013207539;MultiModal;02/07/2026 04:24;03/07/2026 15:40;02/07/2026 04:24;03/07/2026 15:40
557260;MS;A7814;00019200000013207547;MultiModal;02/07/2026 04:24;03/07/2026 15:40;02/07/2026 04:24;03/07/2026 15:40
557260;MS;TA0784;00019200000013207555;MultiModal;02/07/2026 04:24;03/07/2026 15:40;02/07/2026 04:24;03/07/2026 15:40
557260;MS;TA1217;00019200000013207563;MultiModal;02/07/2026 04:24;03/07/2026 15:40;02/07/2026 04:24;03/07/2026 15:40
557260;MS;A7894;00019200000013207571;MultiModal;02/07/2026 04:24;03/07/2026 15:40;02/07/2026 04:24;03/07/2026 15:40
557260;MS;A4284;00019200000013207580;MultiModal;02/07/2026 04:24;03/07/2026 15:40;02/07/2026 04:24;03/07/2026 15:40
557260;MS;A3924;00019200000013207598;MultiModal;02/07/2026 04:24;03/07/2026 15:40;02/07/2026 04:24;03/07/2026 15:40
557260;MS;A9292;00019200000013207601;MultiModal;02/07/2026 04:24;03/07/2026 15:40;02/07/2026 04:24;03/07/2026 15:40
557278;MS;A6521;00019200000012697362;MultiModal;07/07/2026 06:21;08/07/2026 15:40;07/07/2026 06:21;08/07/2026 15:40
557278;MS;A9171;00019200000012697370;MultiModal;07/07/2026 06:21;08/07/2026 15:40;07/07/2026 06:21;08/07/2026 15:40
557278;MS;A0315;00019200000012697389;MultiModal;07/07/2026 06:21;08/07/2026 15:40;07/07/2026 06:21;08/07/2026 15:40
557278;MS;A5668;00019200000012697397;MultiModal;07/07/2026 06:21;08/07/2026 15:40;07/07/2026 06:21;08/07/2026 15:40
557278;MS;A6773;00019200000012697400;MultiModal;07/07/2026 06:21;08/07/2026 15:40;07/07/2026 06:21;08/07/2026 15:40
557352;MS;TA0020;00019200000013213458;MultiModal;17/06/2026 03:32;18/06/2026 14:30;17/06/2026 03:32;18/06/2026 14:30
557426;MS;A6546;00019200000012654957;MultiModal;11/06/2026 23:20;13/06/2026 12:00;-;-
557605;MS;A3958;00019200000013211730;MultiModal;16/06/2026 04:51;17/06/2026 15:01;16/06/2026 04:51;17/06/2026 15:01
557605;MS;A7457;00019200000013211749;MultiModal;16/06/2026 04:51;17/06/2026 15:01;16/06/2026 04:51;17/06/2026 15:01
557899;MS;A5368;00019200000013238841;MultiModal;22/06/2026 02:00;23/06/2026 18:30;22/06/2026 02:00;23/06/2026 18:30
557899;MS;A5043;00019200000013239430;MultiModal;22/06/2026 02:00;23/06/2026 18:30;22/06/2026 02:00;23/06/2026 18:30
557958;MS;TA0334;00019200000013239759;MultiModal;20/06/2026 22:19;22/06/2026 20:30;20/06/2026 22:19;22/06/2026 20:30
557958;MS;TA1226;00019200000013239767;MultiModal;20/06/2026 22:19;22/06/2026 20:30;20/06/2026 22:19;22/06/2026 20:30
557958;MS;A2864;00019200000013239775;MultiModal;20/06/2026 22:19;22/06/2026 20:30;20/06/2026 22:19;22/06/2026 20:30
557958;MS;A9002;00019200000013239821;MultiModal;20/06/2026 22:19;22/06/2026 20:30;20/06/2026 22:19;22/06/2026 20:30
557958;MS;A6575;00019200000013239830;MultiModal;20/06/2026 22:19;22/06/2026 20:30;20/06/2026 22:19;22/06/2026 20:30
557958;MS;A5481;00019200000013239848;MultiModal;20/06/2026 22:19;22/06/2026 20:30;20/06/2026 22:19;22/06/2026 20:30
557958;MS;A2626;00019200000013239856;MultiModal;20/06/2026 22:19;22/06/2026 20:30;20/06/2026 22:19;22/06/2026 20:30
557958;MS;A4059;00019200000013239864;MultiModal;20/06/2026 22:19;22/06/2026 20:30;20/06/2026 22:19;22/06/2026 20:30
557958;MS;A5745;00019200000013239872;MultiModal;20/06/2026 22:19;22/06/2026 20:30;20/06/2026 22:19;22/06/2026 20:30
557958;MS;TA1062;00019200000013239880;MultiModal;20/06/2026 22:19;22/06/2026 20:30;20/06/2026 22:19;22/06/2026 20:30
557958;MS;A1514;00019200000013239899;MultiModal;20/06/2026 22:19;22/06/2026 20:30;20/06/2026 22:19;22/06/2026 20:30
557958;MS;A9381;00019200000013239902;MultiModal;20/06/2026 22:19;22/06/2026 20:30;20/06/2026 22:19;22/06/2026 20:30
557958;MS;A9197;00019200000013240129;MultiModal;20/06/2026 22:19;22/06/2026 20:30;20/06/2026 22:19;22/06/2026 20:30
557958;MS;A8674;00019200000013240137;MultiModal;20/06/2026 22:19;22/06/2026 20:30;20/06/2026 22:19;22/06/2026 20:30
557958;MS;A9336;00019200000013240145;MultiModal;20/06/2026 22:19;22/06/2026 20:30;20/06/2026 22:19;22/06/2026 20:30
557958;MS;A6470;00019200000013240153;MultiModal;20/06/2026 22:19;22/06/2026 20:30;20/06/2026 22:19;22/06/2026 20:30
557958;MS;A9698;00019200000013240161;MultiModal;20/06/2026 22:19;22/06/2026 20:30;20/06/2026 22:19;22/06/2026 20:30
557958;MS;A8277;00019200000013240170;MultiModal;20/06/2026 22:19;22/06/2026 20:30;20/06/2026 22:19;22/06/2026 20:30
557958;MS;A0905;00019200000013240188;MultiModal;20/06/2026 22:19;22/06/2026 20:30;20/06/2026 22:19;22/06/2026 20:30
558069;MS;S1910;00019200000012920533;MultiModal;22/06/2026 05:49;24/06/2026 14:00;22/06/2026 05:49;24/06/2026 14:00
558069;MS;S1129;00019200000012920541;MultiModal;22/06/2026 05:49;24/06/2026 14:00;22/06/2026 05:49;24/06/2026 14:00
558646;MS;A8875;00019200000013244884;MultiModal;01/07/2026 04:40;02/07/2026 09:00;01/07/2026 04:40;02/07/2026 09:00
558646;MS;A6063;00019200000013244892;MultiModal;01/07/2026 04:40;02/07/2026 09:00;01/07/2026 04:40;02/07/2026 09:00
558646;MS;A3001;00019200000013244906;MultiModal;01/07/2026 04:40;02/07/2026 09:00;01/07/2026 04:40;02/07/2026 09:00
558646;MS;TA0978;00019200000013244914;MultiModal;01/07/2026 04:40;02/07/2026 09:00;01/07/2026 04:40;02/07/2026 09:00
558646;MS;A8056;00019200000013244922;MultiModal;01/07/2026 04:40;02/07/2026 09:00;01/07/2026 04:40;02/07/2026 09:00
558646;MS;A4055;00019200000013244930;MultiModal;01/07/2026 04:40;02/07/2026 09:00;01/07/2026 04:40;02/07/2026 09:00
558646;MS;A9538;00019200000013244949;MultiModal;01/07/2026 04:40;02/07/2026 09:00;01/07/2026 04:40;02/07/2026 09:00
558657;MS;TA0063;00019200000013235800;MultiModal;23/06/2026 03:07;26/06/2026 18:00;23/06/2026 03:07;26/06/2026 18:00
558657;MS;A1814;00019200000013336568;MultiModal;23/06/2026 03:07;26/06/2026 18:00;23/06/2026 03:07;26/06/2026 18:00
558749;MS;A8919;00019200000013317342;MultiModal;24/06/2026 04:59;26/06/2026 16:52;24/06/2026 04:59;26/06/2026 16:52
558837;MS;A9111;00019200000013423347;MultiModal;11/07/2026 13:56;14/07/2026 15:30;11/07/2026 13:56;14/07/2026 15:30
558837;MS;A8462;00019200000013423355;MultiModal;11/07/2026 13:56;14/07/2026 15:30;11/07/2026 13:56;14/07/2026 15:30
558837;MS;A3047;00019200000013423363;MultiModal;11/07/2026 13:56;14/07/2026 15:30;11/07/2026 13:56;14/07/2026 15:30
558837;MS;A7983;00019200000013423371;MultiModal;11/07/2026 13:56;14/07/2026 15:30;11/07/2026 13:56;14/07/2026 15:30
558837;MS;TA0425;00019200000013423380;MultiModal;11/07/2026 13:56;14/07/2026 15:30;11/07/2026 13:56;14/07/2026 15:30
558837;MS;A0942;00019200000013423398;MultiModal;11/07/2026 13:56;14/07/2026 15:30;11/07/2026 13:56;14/07/2026 15:30
558837;MS;A9083;00019200000013423401;MultiModal;11/07/2026 13:56;14/07/2026 15:30;11/07/2026 13:56;14/07/2026 15:30
558837;MS;A5943;00019200000013423410;MultiModal;11/07/2026 13:56;14/07/2026 15:30;11/07/2026 13:56;14/07/2026 15:30
558837;MS;A6565;00019200000013423428;MultiModal;11/07/2026 13:56;14/07/2026 15:30;11/07/2026 13:56;14/07/2026 15:30
559042;MS;A9712;00019200000013316567;MultiModal;24/06/2026 04:59;26/06/2026 17:00;24/06/2026 04:59;26/06/2026 17:00
559141;MS;A8188;00019200000013315870;MultiModal;25/06/2026 23:17;27/06/2026 11:15;25/06/2026 23:17;27/06/2026 11:15
559323;MS;TA0857;00019200000013406264;MultiModal;11/07/2026 12:12;13/07/2026 18:00;11/07/2026 13:29;14/07/2026 14:40
559323;MS;A8932;00019200000013406272;MultiModal;11/07/2026 12:12;13/07/2026 18:00;11/07/2026 13:30;13/07/2026 18:00
559323;MS;A7168;00019200000013406280;MultiModal;11/07/2026 12:12;13/07/2026 18:00;11/07/2026 13:29;14/07/2026 14:40
559323;MS;A6609;00019200000013406299;MultiModal;11/07/2026 12:12;13/07/2026 18:00;11/07/2026 13:30;13/07/2026 18:00
559323;MS;A8429;00019200000013406302;MultiModal;11/07/2026 12:12;13/07/2026 18:00;11/07/2026 13:29;14/07/2026 14:40
559323;MS;A7518;00019200000013406310;MultiModal;11/07/2026 12:12;13/07/2026 18:00;11/07/2026 13:29;14/07/2026 14:40
559323;MS;A5832;00019200000013406329;MultiModal;11/07/2026 12:12;13/07/2026 18:00;11/07/2026 13:29;14/07/2026 14:40
559323;MS;A1339;00019200000013406337;MultiModal;11/07/2026 12:12;13/07/2026 18:00;11/07/2026 13:30;13/07/2026 18:00
559323;MS;A6356;00019200000013406345;MultiModal;11/07/2026 12:12;13/07/2026 18:00;11/07/2026 13:30;13/07/2026 18:00
559323;MS;A8372;00019200000013406353;MultiModal;11/07/2026 12:12;13/07/2026 18:00;11/07/2026 13:30;13/07/2026 18:00
559323;MS;A6119;00019200000013406361;MultiModal;11/07/2026 12:12;13/07/2026 18:00;11/07/2026 13:30;13/07/2026 18:00
559323;MS;A9300;00019200000013406370;MultiModal;11/07/2026 12:12;13/07/2026 18:00;11/07/2026 13:29;14/07/2026 14:40
559323;MS;A8253;00019200000013406388;MultiModal;11/07/2026 12:12;13/07/2026 18:00;11/07/2026 13:29;14/07/2026 14:40
559323;MS;A5929;00019200000013406396;MultiModal;11/07/2026 12:12;13/07/2026 18:00;11/07/2026 13:29;14/07/2026 14:40
559323;MS;TA0764;00019200000013406400;MultiModal;11/07/2026 12:12;13/07/2026 18:00;11/07/2026 13:29;14/07/2026 14:40
559323;MS;A3525;00019200000013406418;MultiModal;11/07/2026 12:12;13/07/2026 18:00;11/07/2026 13:29;14/07/2026 14:40
559323;MS;A8829;00019200000013406426;MultiModal;11/07/2026 12:12;13/07/2026 18:00;11/07/2026 13:29;14/07/2026 14:40
559323;MS;A7206;00019200000013406434;MultiModal;11/07/2026 12:12;13/07/2026 18:00;11/07/2026 13:30;13/07/2026 18:00
559323;MS;TA0600;00019200000013406442;MultiModal;11/07/2026 12:12;13/07/2026 18:00;11/07/2026 13:30;13/07/2026 18:00
559323;MS;A4991;00019200000013407619;MultiModal;11/07/2026 12:12;13/07/2026 18:00;11/07/2026 13:30;13/07/2026 18:00
559323;MS;TA0574;00019200000013407651;MultiModal;11/07/2026 12:12;13/07/2026 18:00;11/07/2026 13:30;13/07/2026 18:00
559323;MS;A3643;00019200000013407660;MultiModal;11/07/2026 12:12;13/07/2026 18:00;11/07/2026 13:30;13/07/2026 18:00
559323;MS;TA0250;00019200000013407678;MultiModal;11/07/2026 12:12;13/07/2026 18:00;11/07/2026 13:30;13/07/2026 18:00
559323;MS;A7567;00019200000013407686;MultiModal;11/07/2026 12:12;13/07/2026 18:00;11/07/2026 13:30;13/07/2026 18:00
559323;MS;A6865;00019200000013407694;MultiModal;11/07/2026 12:12;13/07/2026 18:00;11/07/2026 13:30;13/07/2026 18:00
559323;MS;A7819;00019200000013407708;MultiModal;11/07/2026 12:12;13/07/2026 18:00;11/07/2026 13:30;13/07/2026 18:00
559323;MS;A7829;00019200000013407716;MultiModal;11/07/2026 12:12;13/07/2026 18:00;11/07/2026 13:30;13/07/2026 18:00
559323;MS;A3751;00019200000013407724;MultiModal;11/07/2026 12:12;13/07/2026 18:00;11/07/2026 13:30;13/07/2026 18:00
559323;MS;A7391;00019200000013407732;MultiModal;11/07/2026 12:12;13/07/2026 18:00;11/07/2026 13:30;13/07/2026 18:00
559323;MS;A7863;00019200000013407740;MultiModal;11/07/2026 12:12;13/07/2026 18:00;11/07/2026 13:30;13/07/2026 18:00
559323;MS;A6262;00019200000013407759;MultiModal;11/07/2026 12:12;13/07/2026 18:00;11/07/2026 13:29;14/07/2026 14:40
559323;MS;A6375;00019200000013407767;MultiModal;11/07/2026 12:12;13/07/2026 18:00;11/07/2026 13:30;13/07/2026 18:00
559323;MS;A1377;00019200000013407775;MultiModal;11/07/2026 12:12;13/07/2026 18:00;11/07/2026 13:29;14/07/2026 14:40
559323;MS;A8819;00019200000013407783;MultiModal;11/07/2026 12:12;13/07/2026 18:00;11/07/2026 13:29;14/07/2026 14:40
559323;MS;A6549;00019200000013407791;MultiModal;11/07/2026 12:12;13/07/2026 18:00;11/07/2026 13:29;14/07/2026 14:40
559323;MS;A9125;00019200000013407805;MultiModal;11/07/2026 12:12;13/07/2026 18:00;11/07/2026 13:30;13/07/2026 18:00
559323;MS;A3274;00019200000013407813;MultiModal;11/07/2026 12:12;13/07/2026 18:00;11/07/2026 13:30;13/07/2026 18:00
559323;MS;A8101;00019200000013407821;MultiModal;11/07/2026 12:12;13/07/2026 18:00;11/07/2026 13:30;13/07/2026 18:00
559323;MS;A6651;00019200000013407830;MultiModal;11/07/2026 12:12;13/07/2026 18:00;11/07/2026 13:30;13/07/2026 18:00
559323;MS;A7926;00019200000013417355;MultiModal;11/07/2026 12:12;13/07/2026 18:00;11/07/2026 13:30;13/07/2026 18:00
559441;MS;TA0004;00019200000013201514;MultiModal;30/06/2026 04:23;02/07/2026 10:55;30/06/2026 04:23;02/07/2026 10:55
559441;MS;A5814;00019200000013201522;MultiModal;30/06/2026 04:23;02/07/2026 10:55;30/06/2026 04:23;02/07/2026 10:55
559939;MS;A1637;00019200000013419250;MultiModal;07/07/2026 04:54;08/07/2026 14:00;07/07/2026 04:54;08/07/2026 14:00
559939;MS;A4470;00019200000013419269;MultiModal;07/07/2026 04:54;08/07/2026 14:00;07/07/2026 04:54;08/07/2026 14:00
559939;MS;TA1180;00019200000013419277;MultiModal;07/07/2026 04:54;08/07/2026 14:00;07/07/2026 04:54;08/07/2026 14:00
559939;MS;A5655;00019200000013419285;MultiModal;07/07/2026 04:54;08/07/2026 14:00;07/07/2026 04:54;08/07/2026 14:00
559939;MS;A9261;00019200000013419293;MultiModal;07/07/2026 04:54;08/07/2026 14:00;07/07/2026 04:54;08/07/2026 14:00
559939;MS;A7435;00019200000013419307;MultiModal;07/07/2026 04:54;08/07/2026 14:00;07/07/2026 04:54;08/07/2026 14:00
559939;MS;A8405;00019200000013419315;MultiModal;07/07/2026 04:54;08/07/2026 14:00;07/07/2026 04:54;08/07/2026 14:00
559939;MS;A7240;00019200000013419323;MultiModal;07/07/2026 04:54;08/07/2026 14:00;07/07/2026 04:54;08/07/2026 14:00
559939;MS;A8565;00019200000013419331;MultiModal;07/07/2026 04:54;08/07/2026 14:00;07/07/2026 04:54;08/07/2026 14:00
556121;MT;A3522;00019200000012753009;MultiModal;11/06/2026 00:40;12/06/2026 10:20;-;-
556121;MT;A2549;00019200000012753017;MultiModal;11/06/2026 00:40;12/06/2026 10:20;-;-
556121;MT;TA0999;00019200000012753025;MultiModal;11/06/2026 00:40;12/06/2026 10:20;-;-
556121;MT;A6501;00019200000012753033;MultiModal;11/06/2026 00:40;12/06/2026 10:20;-;-
556121;MT;A3496;00019200000012753041;MultiModal;11/06/2026 00:40;12/06/2026 10:20;-;-
556121;MT;A0944;00019200000012753084;MultiModal;11/06/2026 00:40;12/06/2026 10:20;-;-
556121;MT;TA0286;00019200000012753092;MultiModal;11/06/2026 00:40;12/06/2026 10:20;-;-
556121;MT;A3147;00019200000012753106;MultiModal;11/06/2026 00:40;12/06/2026 10:20;-;-
556121;MT;A3018;00019200000012753114;MultiModal;11/06/2026 00:40;12/06/2026 10:20;-;-
556423;MT;TA0156;00019200000012728543;MultiModal;10/06/2026 02:38;11/06/2026 11:22;10/06/2026 02:38;11/06/2026 11:22
556423;MT;TA1031;00019200000012728551;MultiModal;10/06/2026 02:38;11/06/2026 11:22;10/06/2026 02:38;11/06/2026 11:22
556423;MT;A6304;00019200000012728560;MultiModal;10/06/2026 02:38;11/06/2026 11:22;10/06/2026 02:38;11/06/2026 11:22
556423;MT;A6247;00019200000012728578;MultiModal;10/06/2026 02:38;11/06/2026 11:22;10/06/2026 02:38;11/06/2026 11:22
556423;MT;A1034;00019200000012728624;MultiModal;10/06/2026 02:38;11/06/2026 11:22;10/06/2026 02:38;11/06/2026 11:22
556423;MT;A3534;00019200000012728632;MultiModal;10/06/2026 02:38;11/06/2026 11:22;10/06/2026 02:38;11/06/2026 11:22
556423;MT;A7875;00019200000012728640;MultiModal;10/06/2026 02:38;11/06/2026 11:22;10/06/2026 02:38;11/06/2026 11:22
556423;MT;A2410;00019200000012728659;MultiModal;10/06/2026 02:38;11/06/2026 11:22;10/06/2026 02:38;11/06/2026 11:22
556423;MT;A7551;00019200000012728667;MultiModal;10/06/2026 02:38;11/06/2026 11:22;10/06/2026 02:38;11/06/2026 11:22
556423;MT;TA0866;00019200000012728675;MultiModal;10/06/2026 02:38;11/06/2026 11:22;10/06/2026 02:38;11/06/2026 11:22
556423;MT;A4289;00019200000012728683;MultiModal;10/06/2026 02:38;11/06/2026 11:22;10/06/2026 02:38;11/06/2026 11:22
556423;MT;A5228;00019200000012728691;MultiModal;10/06/2026 02:38;11/06/2026 11:22;10/06/2026 02:38;11/06/2026 11:22
556573;MT;A9705;00019200000013423541;MultiModal;06/07/2026 03:24;07/07/2026 15:00;06/07/2026 03:24;07/07/2026 15:00
556653;MT;A6767;00019200000013423649;MultiModal;06/07/2026 03:24;07/07/2026 15:20;06/07/2026 03:24;07/07/2026 15:20
556699;MT;A1072;00019200000012699080;MultiModal;17/06/2026 01:59;18/06/2026 16:32;17/06/2026 01:59;19/06/2026 17:47
556699;MT;A4731;00019200000012700487;MultiModal;17/06/2026 01:59;18/06/2026 16:32;17/06/2026 01:59;19/06/2026 17:47
556699;MT;A6284;00019200000012700509;MultiModal;17/06/2026 01:59;18/06/2026 16:32;17/06/2026 01:59;19/06/2026 17:47
556699;MT;A6067;00019200000012700533;MultiModal;17/06/2026 01:59;18/06/2026 16:32;17/06/2026 01:59;19/06/2026 17:47
556699;MT;A2142;00019200000012700550;MultiModal;17/06/2026 01:59;18/06/2026 16:32;17/06/2026 01:59;19/06/2026 17:47
556699;MT;A3733;00019200000012700649;MultiModal;17/06/2026 01:59;18/06/2026 16:32;17/06/2026 01:59;19/06/2026 17:47
556699;MT;TA0822;00019200000012921840;MultiModal;17/06/2026 01:59;18/06/2026 16:32;17/06/2026 01:59;19/06/2026 17:47
556699;MT;A9462;00019200000012921858;MultiModal;17/06/2026 01:59;18/06/2026 16:32;17/06/2026 01:59;19/06/2026 17:47
556699;MT;A8245;00019200000012921866;MultiModal;17/06/2026 01:59;18/06/2026 16:32;17/06/2026 01:59;19/06/2026 17:47
556699;MT;TA1022;00019200000012921874;MultiModal;17/06/2026 01:59;18/06/2026 16:32;17/06/2026 01:59;19/06/2026 17:47
556699;MT;A9327;00019200000012921882;MultiModal;17/06/2026 01:59;18/06/2026 16:32;17/06/2026 01:59;19/06/2026 17:47
556699;MT;A0339;00019200000012921890;MultiModal;17/06/2026 01:59;18/06/2026 16:32;17/06/2026 01:59;19/06/2026 17:47
556699;MT;A9125;00019200000012921904;MultiModal;17/06/2026 01:59;18/06/2026 16:32;17/06/2026 01:59;19/06/2026 17:47
556699;MT;A6498;00019200000012921912;MultiModal;17/06/2026 01:59;18/06/2026 16:32;17/06/2026 01:59;19/06/2026 17:47
556703;MT;A0979;00019200000013427490;MultiModal;02/07/2026 04:42;03/07/2026 15:45;02/07/2026 04:42;03/07/2026 15:45
556703;MT;A8599;00019200000013427504;MultiModal;02/07/2026 04:42;03/07/2026 15:45;02/07/2026 04:42;03/07/2026 15:45
556703;MT;A7529;00019200000013427512;MultiModal;02/07/2026 04:42;03/07/2026 15:45;02/07/2026 04:42;03/07/2026 15:45
556782;MT;A5639;00019200000012904848;MultiModal;15/06/2026 07:06;16/06/2026 15:11;15/06/2026 07:06;16/06/2026 15:11
556782;MT;A3120;00019200000012904929;MultiModal;15/06/2026 07:06;16/06/2026 15:11;15/06/2026 07:06;16/06/2026 15:11
556782;MT;A5315;00019200000012904937;MultiModal;15/06/2026 07:06;16/06/2026 15:11;15/06/2026 07:06;16/06/2026 15:11
556782;MT;A2884;00019200000012904945;MultiModal;15/06/2026 07:06;16/06/2026 15:11;15/06/2026 07:06;16/06/2026 15:11
556782;MT;TA0772;00019200000012904953;MultiModal;15/06/2026 07:06;16/06/2026 15:11;15/06/2026 07:06;16/06/2026 15:11
556782;MT;A7988;00019200000012904961;MultiModal;15/06/2026 07:06;16/06/2026 15:11;15/06/2026 07:06;16/06/2026 15:11
556782;MT;TA0861;00019200000012904970;MultiModal;15/06/2026 07:06;16/06/2026 15:11;15/06/2026 07:06;16/06/2026 15:11
556782;MT;A1340;00019200000012904988;MultiModal;15/06/2026 07:06;16/06/2026 15:11;15/06/2026 07:06;16/06/2026 15:11
556782;MT;A9121;00019200000012904996;MultiModal;15/06/2026 07:06;16/06/2026 15:11;15/06/2026 07:06;16/06/2026 15:11
556799;MT;TA0170;00019200000012694444;MultiModal;15/06/2026 01:51;16/06/2026 17:30;-;-
556943;MT;A9205;00019200000012906956;MultiModal;11/06/2026 00:38;12/06/2026 13:10;-;-
556943;MT;A7491;00019200000012906964;MultiModal;11/06/2026 00:38;12/06/2026 13:10;-;-
556943;MT;TA0484;00019200000012906972;MultiModal;11/06/2026 00:38;12/06/2026 13:10;-;-
556943;MT;A5908;00019200000012906980;MultiModal;11/06/2026 00:38;12/06/2026 13:10;-;-
557106;MT;A7470;00019200000013211757;MultiModal;16/06/2026 04:52;17/06/2026 10:30;16/06/2026 04:52;17/06/2026 10:30
557202;MT;A6027;00019200000012696242;MultiModal;18/06/2026 03:35;19/06/2026 11:11;18/06/2026 03:35;19/06/2026 11:11
557202;MT;A6484;00019200000012696250;MultiModal;18/06/2026 03:35;19/06/2026 11:11;18/06/2026 03:35;19/06/2026 11:11
557202;MT;A3383;00019200000012696269;MultiModal;18/06/2026 03:35;19/06/2026 11:11;18/06/2026 03:35;19/06/2026 11:11
557202;MT;TA0680;00019200000012696277;MultiModal;18/06/2026 03:35;19/06/2026 11:11;18/06/2026 03:35;19/06/2026 11:11
557202;MT;A7817;00019200000012696285;MultiModal;18/06/2026 03:35;19/06/2026 11:11;18/06/2026 03:35;19/06/2026 11:11
557202;MT;A6819;00019200000012696293;MultiModal;18/06/2026 03:35;19/06/2026 11:11;18/06/2026 03:35;19/06/2026 11:11
557202;MT;A7298;00019200000012696307;MultiModal;18/06/2026 03:35;19/06/2026 11:11;18/06/2026 03:35;19/06/2026 11:11
557327;MT;A5156;00019200000012696480;MultiModal;07/07/2026 06:05;08/07/2026 15:00;08/07/2026 04:19;14/07/2026 09:53
557327;MT;A6328;00019200000012696498;MultiModal;07/07/2026 06:05;08/07/2026 15:00;08/07/2026 04:19;14/07/2026 09:53
557327;MT;A6104;00019200000012696501;MultiModal;07/07/2026 06:05;08/07/2026 15:00;08/07/2026 04:19;14/07/2026 09:53
557327;MT;A9114;00019200000012696510;MultiModal;07/07/2026 06:05;08/07/2026 15:00;07/07/2026 06:05;14/07/2026 09:35
557327;MT;A6859;00019200000012696528;MultiModal;07/07/2026 06:05;08/07/2026 15:00;08/07/2026 04:19;14/07/2026 09:53
557327;MT;TA0262;00019200000012696536;MultiModal;07/07/2026 06:05;08/07/2026 15:00;08/07/2026 04:19;14/07/2026 09:53
557327;MT;A4623;00019200000012696544;MultiModal;07/07/2026 06:05;08/07/2026 15:00;08/07/2026 04:19;14/07/2026 09:53
557327;MT;TA0135;00019200000012696552;MultiModal;07/07/2026 06:05;08/07/2026 15:00;08/07/2026 04:19;14/07/2026 09:53
557327;MT;A6725;00019200000012696560;MultiModal;07/07/2026 06:05;08/07/2026 15:00;08/07/2026 04:19;14/07/2026 09:53
557327;MT;A6802;00019200000012696579;MultiModal;07/07/2026 06:05;08/07/2026 15:00;08/07/2026 04:19;14/07/2026 09:53
557327;MT;A7163;00019200000012696595;MultiModal;07/07/2026 06:05;08/07/2026 15:00;08/07/2026 04:19;14/07/2026 09:53
557327;MT;A5508;00019200000012696609;MultiModal;07/07/2026 06:05;08/07/2026 15:00;08/07/2026 04:19;14/07/2026 09:53
557327;MT;A8803;00019200000012696617;MultiModal;07/07/2026 06:05;08/07/2026 15:00;07/07/2026 06:05;14/07/2026 09:35
557327;MT;A9039;00019200000012696625;MultiModal;07/07/2026 06:05;08/07/2026 15:00;07/07/2026 06:05;14/07/2026 09:35
557327;MT;A3382;00019200000012696633;MultiModal;07/07/2026 06:05;08/07/2026 15:00;08/07/2026 04:19;14/07/2026 09:53
557327;MT;TA0746;00019200000012696641;MultiModal;07/07/2026 06:05;08/07/2026 15:00;08/07/2026 04:19;14/07/2026 09:53
557327;MT;A5458;00019200000012696650;MultiModal;07/07/2026 06:05;08/07/2026 15:00;08/07/2026 04:19;14/07/2026 09:53
557327;MT;A9400;00019200000012696668;MultiModal;07/07/2026 06:05;08/07/2026 15:00;08/07/2026 04:19;14/07/2026 09:53
557327;MT;A5781;00019200000012696676;MultiModal;07/07/2026 06:05;08/07/2026 15:00;08/07/2026 04:19;14/07/2026 09:53
557327;MT;A1464;00019200000012696684;MultiModal;07/07/2026 06:05;08/07/2026 15:00;08/07/2026 04:19;14/07/2026 09:53
557327;MT;A6559;00019200000012696692;MultiModal;07/07/2026 06:05;08/07/2026 15:00;07/07/2026 06:05;14/07/2026 09:35
557327;MT;A6323;00019200000012696706;MultiModal;07/07/2026 06:05;08/07/2026 15:00;07/07/2026 06:05;14/07/2026 09:35
557327;MT;A7994;00019200000012696722;MultiModal;07/07/2026 06:05;08/07/2026 15:00;07/07/2026 06:05;14/07/2026 09:35
557327;MT;A2419;00019200000012696730;MultiModal;07/07/2026 06:05;08/07/2026 15:00;07/07/2026 06:05;14/07/2026 09:35
557327;MT;A7357;00019200000012697494;MultiModal;07/07/2026 06:05;08/07/2026 15:00;07/07/2026 06:05;14/07/2026 09:35
557327;MT;A9528;00019200000012697508;MultiModal;07/07/2026 06:05;08/07/2026 15:00;07/07/2026 06:05;14/07/2026 09:35
557327;MT;A9685;00019200000013210939;MultiModal;07/07/2026 06:05;08/07/2026 15:00;08/07/2026 04:19;14/07/2026 09:53
557327;MT;TA0742;00019200000013211099;MultiModal;07/07/2026 06:05;08/07/2026 15:00;07/07/2026 06:05;14/07/2026 09:35
557327;MT;A4815;00019200000013211137;MultiModal;07/07/2026 06:05;08/07/2026 15:00;07/07/2026 06:05;14/07/2026 09:35
557327;MT;A8222;00019200000013211145;MultiModal;07/07/2026 06:05;08/07/2026 15:00;07/07/2026 06:05;14/07/2026 09:35
557327;MT;A6721;00019200000013211170;MultiModal;07/07/2026 06:05;08/07/2026 15:00;07/07/2026 06:05;14/07/2026 09:35
557327;MT;A6881;00019200000013211188;MultiModal;07/07/2026 06:05;08/07/2026 15:00;07/07/2026 06:05;14/07/2026 09:35
557327;MT;A2225;00019200000013211196;MultiModal;07/07/2026 06:05;08/07/2026 15:00;07/07/2026 06:05;14/07/2026 09:35
557327;MT;A2566;00019200000013211200;MultiModal;07/07/2026 06:05;08/07/2026 15:00;07/07/2026 06:05;14/07/2026 09:35
557327;MT;A5893;00019200000013211218;MultiModal;07/07/2026 06:05;08/07/2026 15:00;07/07/2026 06:05;14/07/2026 09:35
557327;MT;A8942;00019200000013211226;MultiModal;07/07/2026 06:05;08/07/2026 15:00;07/07/2026 06:05;14/07/2026 09:35
557327;MT;A7217;00019200000013211234;MultiModal;07/07/2026 06:05;08/07/2026 15:00;07/07/2026 06:05;14/07/2026 09:35
557327;MT;TA0912;00019200000013211242;MultiModal;07/07/2026 06:05;08/07/2026 15:00;08/07/2026 04:19;14/07/2026 09:53
557327;MT;A8245;00019200000013211609;MultiModal;07/07/2026 06:05;08/07/2026 15:00;08/07/2026 04:19;14/07/2026 09:53
557327;MT;A8876;00019200000013211617;MultiModal;07/07/2026 06:05;08/07/2026 15:00;07/07/2026 06:05;14/07/2026 09:35
557327;MT;A1509;00019200000013211625;MultiModal;07/07/2026 06:05;08/07/2026 15:00;07/07/2026 06:05;14/07/2026 09:35
557327;MT;A6053;00019200000013211633;MultiModal;07/07/2026 06:05;08/07/2026 15:00;08/07/2026 04:19;14/07/2026 09:53
557327;MT;A6326;00019200000013226894;MultiModal;07/07/2026 06:05;08/07/2026 15:00;07/07/2026 06:05;14/07/2026 09:35
557668;MT;A6856;00019200000012685313;MultiModal;16/06/2026 04:53;18/06/2026 07:53;16/06/2026 04:53;18/06/2026 07:53
557674;MT;A7556;00019200000013209752;MultiModal;16/06/2026 04:56;17/06/2026 11:45;16/06/2026 04:56;17/06/2026 11:45
557763;MT;A8538;00019200000013211030;MultiModal;01/07/2026 04:57;02/07/2026 14:30;01/07/2026 04:57;02/07/2026 14:30
557763;MT;TA0765;00019200000013211048;MultiModal;01/07/2026 04:57;02/07/2026 14:30;01/07/2026 04:57;02/07/2026 14:30
557763;MT;A9517;00019200000013211056;MultiModal;01/07/2026 04:57;02/07/2026 14:30;01/07/2026 04:57;02/07/2026 14:30
557763;MT;A8907;00019200000013211064;MultiModal;01/07/2026 04:57;02/07/2026 14:30;01/07/2026 04:57;02/07/2026 14:30
557763;MT;A8148;00019200000013211072;MultiModal;01/07/2026 04:57;02/07/2026 14:30;01/07/2026 04:57;02/07/2026 14:30
557763;MT;A7232;00019200000013211080;MultiModal;01/07/2026 04:57;02/07/2026 14:30;01/07/2026 04:57;02/07/2026 14:30
557961;MT;A3724;00019200000013241176;MultiModal;22/06/2026 05:48;23/06/2026 14:50;22/06/2026 05:48;23/06/2026 14:50
557961;MT;TA0831;00019200000013241184;MultiModal;22/06/2026 05:48;23/06/2026 14:50;22/06/2026 05:48;23/06/2026 14:50
557961;MT;A5944;00019200000013241192;MultiModal;22/06/2026 05:48;23/06/2026 14:50;22/06/2026 05:48;23/06/2026 14:50
557961;MT;TA0549;00019200000013241206;MultiModal;22/06/2026 05:48;23/06/2026 14:50;22/06/2026 05:48;23/06/2026 14:50
557964;MT;A3913;00019200000013204068;MultiModal;22/06/2026 06:05;23/06/2026 14:40;22/06/2026 06:05;23/06/2026 14:40
557964;MT;A8792;00019200000013204076;MultiModal;22/06/2026 06:05;23/06/2026 14:40;22/06/2026 06:05;23/06/2026 14:40
557964;MT;A3464;00019200000013204084;MultiModal;22/06/2026 06:05;23/06/2026 14:40;22/06/2026 06:05;23/06/2026 14:40
557964;MT;A1569;00019200000013204092;MultiModal;22/06/2026 06:05;23/06/2026 14:40;22/06/2026 06:05;23/06/2026 14:40
557964;MT;A3806;00019200000013204106;MultiModal;22/06/2026 06:05;23/06/2026 14:40;22/06/2026 06:05;23/06/2026 14:40
557964;MT;TA0140;00019200000013204114;MultiModal;22/06/2026 06:05;23/06/2026 14:40;22/06/2026 06:05;23/06/2026 14:40
557964;MT;A0252;00019200000013204122;MultiModal;22/06/2026 06:05;23/06/2026 14:40;22/06/2026 06:05;23/06/2026 14:40
557964;MT;A4162;00019200000013204130;MultiModal;22/06/2026 06:05;23/06/2026 14:40;22/06/2026 06:05;23/06/2026 14:40
557964;MT;A0832;00019200000013204149;MultiModal;22/06/2026 06:05;23/06/2026 14:40;22/06/2026 06:05;23/06/2026 14:40
557964;MT;A3576;00019200000013204157;MultiModal;22/06/2026 06:05;23/06/2026 14:40;22/06/2026 06:05;23/06/2026 14:40
557964;MT;A5035;00019200000013204165;MultiModal;22/06/2026 06:05;23/06/2026 14:40;22/06/2026 06:05;23/06/2026 14:40
557964;MT;A8711;00019200000013204173;MultiModal;22/06/2026 06:05;23/06/2026 14:40;22/06/2026 06:05;23/06/2026 14:40
557964;MT;A2534;00019200000013204181;MultiModal;22/06/2026 06:05;23/06/2026 14:40;22/06/2026 06:05;23/06/2026 14:40
557964;MT;A7068;00019200000013204190;MultiModal;22/06/2026 06:05;23/06/2026 14:40;22/06/2026 06:05;23/06/2026 14:40
557964;MT;A1850;00019200000013204203;MultiModal;22/06/2026 06:05;23/06/2026 14:40;22/06/2026 06:05;23/06/2026 14:40
557964;MT;TA0505;00019200000013204211;MultiModal;22/06/2026 06:05;23/06/2026 14:40;22/06/2026 06:05;23/06/2026 14:40
557964;MT;A8549;00019200000013204220;MultiModal;22/06/2026 06:05;23/06/2026 14:40;22/06/2026 06:05;23/06/2026 14:40
557964;MT;TA0353;00019200000013204238;MultiModal;22/06/2026 06:05;23/06/2026 14:40;22/06/2026 06:05;23/06/2026 14:40
557964;MT;TA0927;00019200000013204246;MultiModal;22/06/2026 06:05;23/06/2026 14:40;22/06/2026 06:05;23/06/2026 14:40
557964;MT;A5190;00019200000013204254;MultiModal;22/06/2026 06:05;23/06/2026 14:40;22/06/2026 06:05;23/06/2026 14:40
557964;MT;A8102;00019200000013204262;MultiModal;22/06/2026 06:05;23/06/2026 14:40;22/06/2026 06:05;23/06/2026 14:40
557964;MT;A9098;00019200000013204270;MultiModal;22/06/2026 06:05;23/06/2026 14:40;22/06/2026 06:05;23/06/2026 14:40
557964;MT;A4439;00019200000013204289;MultiModal;22/06/2026 06:05;23/06/2026 14:40;22/06/2026 06:05;23/06/2026 14:40
557964;MT;A7977;00019200000013204297;MultiModal;22/06/2026 06:05;23/06/2026 14:40;22/06/2026 06:05;23/06/2026 14:40
557965;MT;A4964;00019200000012699837;MultiModal;24/06/2026 00:18;25/06/2026 15:15;-;-
557965;MT;A9324;00019200000012699845;MultiModal;24/06/2026 00:18;25/06/2026 15:15;24/06/2026 00:18;25/06/2026 15:15
557965;MT;A2050;00019200000012699853;MultiModal;24/06/2026 00:18;25/06/2026 15:15;-;-
557965;MT;A4317;00019200000012699861;MultiModal;24/06/2026 00:18;25/06/2026 15:15;24/06/2026 00:18;25/06/2026 15:15
557965;MT;A6194;00019200000012699870;MultiModal;24/06/2026 00:18;25/06/2026 15:15;-;-
557965;MT;TA0792;00019200000012699888;MultiModal;24/06/2026 00:18;25/06/2026 15:15;24/06/2026 00:18;25/06/2026 15:15
557965;MT;A7097;00019200000012699896;MultiModal;24/06/2026 00:18;25/06/2026 15:15;24/06/2026 00:18;25/06/2026 15:15
557965;MT;A9134;00019200000012699900;MultiModal;24/06/2026 00:18;25/06/2026 15:15;-;-
557965;MT;A6996;00019200000012699918;MultiModal;24/06/2026 00:18;25/06/2026 15:15;24/06/2026 04:13;25/06/2026 15:10
557965;MT;A7451;00019200000012699926;MultiModal;24/06/2026 00:18;25/06/2026 15:15;24/06/2026 00:18;25/06/2026 15:15
557965;MT;A6687;00019200000012699934;MultiModal;24/06/2026 00:18;25/06/2026 15:15;24/06/2026 00:18;25/06/2026 15:15
557965;MT;A8952;00019200000012699942;MultiModal;24/06/2026 00:18;25/06/2026 15:15;24/06/2026 00:18;25/06/2026 15:15
557965;MT;A8379;00019200000012699950;MultiModal;24/06/2026 00:18;25/06/2026 15:15;24/06/2026 00:18;25/06/2026 15:15
557965;MT;A8095;00019200000012699969;MultiModal;24/06/2026 00:18;25/06/2026 15:15;24/06/2026 00:18;25/06/2026 15:15
557965;MT;A6336;00019200000012699977;MultiModal;24/06/2026 00:18;25/06/2026 15:15;24/06/2026 00:18;25/06/2026 15:15
557965;MT;A9153;00019200000012699985;MultiModal;24/06/2026 00:18;25/06/2026 15:15;24/06/2026 00:18;25/06/2026 15:15
557965;MT;A7007;00019200000012699993;MultiModal;24/06/2026 00:18;25/06/2026 15:15;-;-
557965;MT;A9490;00019200000012700002;MultiModal;24/06/2026 00:18;25/06/2026 15:15;-;-
557965;MT;A7876;00019200000012700010;MultiModal;24/06/2026 00:18;25/06/2026 15:15;-;-
557965;MT;A3992;00019200000012700029;MultiModal;24/06/2026 00:18;25/06/2026 15:15;-;-
557965;MT;A2555;00019200000012700037;MultiModal;24/06/2026 00:18;25/06/2026 15:15;-;-
557965;MT;A4792;00019200000012700045;MultiModal;24/06/2026 00:18;25/06/2026 15:15;-;-
557965;MT;A1610;00019200000012700070;MultiModal;24/06/2026 00:18;25/06/2026 15:15;-;-
557965;MT;TA0778;00019200000012700088;MultiModal;24/06/2026 00:18;25/06/2026 15:15;-;-
557965;MT;A3805;00019200000012700096;MultiModal;24/06/2026 00:18;25/06/2026 15:15;-;-
557965;MT;A9316;00019200000012700100;MultiModal;24/06/2026 00:18;25/06/2026 15:15;-;-
557965;MT;A9556;00019200000012700118;MultiModal;24/06/2026 00:18;25/06/2026 15:15;24/06/2026 00:18;25/06/2026 15:15
557965;MT;A6010;00019200000012700126;MultiModal;24/06/2026 00:18;25/06/2026 15:15;24/06/2026 00:18;25/06/2026 15:15
557965;MT;A0504;00019200000012700134;MultiModal;24/06/2026 00:18;25/06/2026 15:15;24/06/2026 00:18;25/06/2026 15:15
557990;MT;A8279;00019200000013329472;MultiModal;29/06/2026 05:31;30/06/2026 10:00;29/06/2026 05:31;30/06/2026 10:00
558007;MT;A6511;00019200000013201301;MultiModal;29/06/2026 05:21;30/06/2026 10:30;29/06/2026 05:21;30/06/2026 10:30
558007;MT;A8785;00019200000013201310;MultiModal;29/06/2026 05:21;30/06/2026 10:30;29/06/2026 05:21;30/06/2026 10:30
558007;MT;A5037;00019200000013201328;MultiModal;29/06/2026 05:21;30/06/2026 10:30;29/06/2026 05:21;30/06/2026 10:30
558072;MT;S1469;00019200000012925896;MultiModal;18/06/2026 03:35;19/06/2026 10:36;18/06/2026 03:35;19/06/2026 10:36
558861;MT;A4763;00019200000013317326;MultiModal;24/06/2026 00:15;25/06/2026 11:00;24/06/2026 00:15;25/06/2026 11:00
559034;MT;A9516;00019200000013327232;MultiModal;24/06/2026 00:15;25/06/2026 10:10;24/06/2026 00:15;25/06/2026 10:10
559088;MT;A4257;00019200000013423487;MultiModal;06/07/2026 04:05;07/07/2026 16:00;06/07/2026 04:05;07/07/2026 16:00
559088;MT;TA0271;00019200000013423495;MultiModal;06/07/2026 04:05;07/07/2026 16:00;06/07/2026 04:05;07/07/2026 16:00
559088;MT;A6636;00019200000013423509;MultiModal;06/07/2026 04:05;07/07/2026 16:00;06/07/2026 04:05;07/07/2026 16:00
559088;MT;A1677;00019200000013423517;MultiModal;06/07/2026 04:05;07/07/2026 16:00;06/07/2026 04:05;07/07/2026 16:00
559088;MT;A5731;00019200000013423525;MultiModal;06/07/2026 04:05;07/07/2026 16:00;06/07/2026 04:05;07/07/2026 16:00
559088;MT;A7290;00019200000013423533;MultiModal;06/07/2026 04:05;07/07/2026 16:00;06/07/2026 04:05;07/07/2026 16:00
561146;MT;A5169;00019200000013454374;MultiModal;15/07/2026 22:32;17/07/2026 10:00;15/07/2026 22:32;17/07/2026 10:00
556311;PA;A7544;00019200000012657727;MultiModal;11/06/2026 00:46;12/06/2026 11:31;-;-
556311;PA;A7644;00019200000012657735;MultiModal;11/06/2026 00:46;12/06/2026 11:31;-;-
556445;PA;A6562;00019200000012658693;MultiModal;11/06/2026 00:49;12/06/2026 11:30;-;-
556445;PA;A7331;00019200000012658715;MultiModal;11/06/2026 00:49;12/06/2026 11:30;-;-
556445;PA;A2173;00019200000012658901;MultiModal;11/06/2026 00:49;12/06/2026 11:30;-;-
556779;PA;A3739;00019200000012908339;MultiModal;13/06/2026 12:57;16/06/2026 15:30;13/06/2026 14:59;15/06/2026 17:00
556779;PA;TA1020;00019200000012908347;MultiModal;13/06/2026 12:57;16/06/2026 15:30;13/06/2026 14:59;15/06/2026 17:00
556779;PA;A5304;00019200000012908355;MultiModal;13/06/2026 12:57;16/06/2026 15:30;-;-
556779;PA;A4823;00019200000012908363;MultiModal;13/06/2026 12:57;16/06/2026 15:30;15/06/2026 01:45;16/06/2026 15:30
556779;PA;A4595;00019200000012908371;MultiModal;13/06/2026 12:57;16/06/2026 15:30;15/06/2026 01:45;16/06/2026 15:30
556779;PA;A1127;00019200000012908380;MultiModal;13/06/2026 12:57;16/06/2026 15:30;15/06/2026 01:45;16/06/2026 15:30
556779;PA;TA1180;00019200000012908398;MultiModal;13/06/2026 12:57;16/06/2026 15:30;15/06/2026 01:45;16/06/2026 15:30
556779;PA;A3977;00019200000012908401;MultiModal;13/06/2026 12:57;16/06/2026 15:30;15/06/2026 01:45;16/06/2026 15:30
556779;PA;TA1193;00019200000012908410;MultiModal;13/06/2026 12:57;16/06/2026 15:30;13/06/2026 14:59;15/06/2026 17:00
556779;PA;A6782;00019200000012908428;MultiModal;13/06/2026 12:57;16/06/2026 15:30;-;-
556779;PA;A2648;00019200000012908436;MultiModal;13/06/2026 12:57;16/06/2026 15:30;13/06/2026 14:59;15/06/2026 17:00
556779;PA;TA0852;00019200000012908444;MultiModal;13/06/2026 12:57;16/06/2026 15:30;13/06/2026 14:59;15/06/2026 17:00
556779;PA;A4554;00019200000012908452;MultiModal;13/06/2026 12:57;16/06/2026 15:30;-;-
556779;PA;A3713;00019200000012908460;MultiModal;13/06/2026 12:57;16/06/2026 15:30;13/06/2026 14:59;15/06/2026 17:00
556779;PA;A5396;00019200000012908479;MultiModal;13/06/2026 12:57;16/06/2026 15:30;13/06/2026 14:59;15/06/2026 17:00
556779;PA;A4339;00019200000012908487;MultiModal;13/06/2026 12:57;16/06/2026 15:30;13/06/2026 14:59;15/06/2026 17:00
556779;PA;A4704;00019200000012908495;MultiModal;13/06/2026 12:57;16/06/2026 15:30;13/06/2026 14:59;15/06/2026 17:00
556779;PA;TA1045;00019200000012908509;MultiModal;13/06/2026 12:57;16/06/2026 15:30;15/06/2026 01:45;16/06/2026 15:30
556779;PA;A8365;00019200000012908517;MultiModal;13/06/2026 12:57;16/06/2026 15:30;13/06/2026 14:59;15/06/2026 17:00
556779;PA;A6483;00019200000012908525;MultiModal;13/06/2026 12:57;16/06/2026 15:30;13/06/2026 14:59;15/06/2026 17:00
556779;PA;A7025;00019200000012908533;MultiModal;13/06/2026 12:57;16/06/2026 15:30;13/06/2026 14:59;15/06/2026 17:00
556779;PA;A2660;00019200000012908541;MultiModal;13/06/2026 12:57;16/06/2026 15:30;13/06/2026 14:59;15/06/2026 17:00
556779;PA;A4399;00019200000012908550;MultiModal;13/06/2026 12:57;16/06/2026 15:30;-;-
556779;PA;A4940;00019200000012908568;MultiModal;13/06/2026 12:57;16/06/2026 15:30;13/06/2026 14:59;15/06/2026 17:00
556779;PA;A6710;00019200000012908576;MultiModal;13/06/2026 12:57;16/06/2026 15:30;-;-
556779;PA;A9150;00019200000012908584;MultiModal;13/06/2026 12:57;16/06/2026 15:30;-;-
556779;PA;A2079;00019200000012908592;MultiModal;13/06/2026 12:57;16/06/2026 15:30;-;-
556779;PA;A9695;00019200000012908606;MultiModal;13/06/2026 12:57;16/06/2026 15:30;13/06/2026 14:59;15/06/2026 17:00
556779;PA;A8296;00019200000012908614;MultiModal;13/06/2026 12:57;16/06/2026 15:30;13/06/2026 14:59;15/06/2026 17:00
556779;PA;A8891;00019200000012908622;MultiModal;13/06/2026 12:57;16/06/2026 15:30;13/06/2026 14:59;15/06/2026 17:00
556779;PA;A5170;00019200000012908630;MultiModal;13/06/2026 12:57;16/06/2026 15:30;-;-
556779;PA;A4937;00019200000012908649;MultiModal;13/06/2026 12:57;16/06/2026 15:30;13/06/2026 14:59;15/06/2026 17:00
556779;PA;A3223;00019200000012908681;MultiModal;13/06/2026 12:57;16/06/2026 15:30;-;-
556779;PA;A3201;00019200000012908690;MultiModal;13/06/2026 12:57;16/06/2026 15:30;-;-
556779;PA;A8126;00019200000012908703;MultiModal;13/06/2026 12:57;16/06/2026 15:30;-;-
556779;PA;TA0276;00019200000012908711;MultiModal;13/06/2026 12:57;16/06/2026 15:30;-;-
556794;PA;TA0486;00019200000012685470;MultiModal;15/06/2026 03:01;16/06/2026 10:00;15/06/2026 03:01;16/06/2026 10:00
556794;PA;A9238;00019200000012685496;MultiModal;15/06/2026 03:01;16/06/2026 10:00;15/06/2026 03:01;16/06/2026 10:00
556794;PA;TA0231;00019200000012685500;MultiModal;15/06/2026 03:01;16/06/2026 10:00;15/06/2026 03:01;16/06/2026 10:00
556794;PA;TA0238;00019200000012685518;MultiModal;15/06/2026 03:01;16/06/2026 10:00;15/06/2026 03:01;16/06/2026 10:00
556794;PA;A5844;00019200000012685542;MultiModal;15/06/2026 03:01;16/06/2026 10:00;15/06/2026 03:01;16/06/2026 10:00
556803;PA;S1064;00019200000012703478;MultiModal;17/06/2026 23:48;19/06/2026 15:20;-;-
556803;PA;S1876;00019200000012703486;MultiModal;17/06/2026 23:48;19/06/2026 15:20;-;-
556803;PA;S1236;00019200000012703494;MultiModal;17/06/2026 23:48;19/06/2026 15:20;-;-
556803;PA;S0784;00019200000012703508;MultiModal;17/06/2026 23:48;19/06/2026 15:20;-;-
556803;PA;S0820;00019200000012703516;MultiModal;17/06/2026 23:48;19/06/2026 15:20;-;-
556803;PA;S0666;00019200000012703524;MultiModal;17/06/2026 23:48;19/06/2026 15:20;-;-
556803;PA;A7878;00019200000012703540;MultiModal;17/06/2026 23:48;19/06/2026 15:20;-;-
556803;PA;A2021;00019200000012705039;MultiModal;17/06/2026 23:48;19/06/2026 15:20;-;-
556803;PA;A5731;00019200000012705047;MultiModal;17/06/2026 23:48;19/06/2026 15:20;-;-
556803;PA;A3008;00019200000012705055;MultiModal;17/06/2026 23:48;19/06/2026 15:20;-;-
556803;PA;A7684;00019200000012705063;MultiModal;17/06/2026 23:48;19/06/2026 15:20;-;-
556803;PA;S0765;00019200000012705071;MultiModal;17/06/2026 23:48;19/06/2026 15:20;-;-
556803;PA;S1190;00019200000012705080;MultiModal;17/06/2026 23:48;19/06/2026 15:20;-;-
556803;PA;A9375;00019200000012705098;MultiModal;17/06/2026 23:48;19/06/2026 15:20;-;-
556803;PA;S1066;00019200000012705101;MultiModal;17/06/2026 23:48;19/06/2026 15:20;-;-
556803;PA;TA0665;00019200000012705110;MultiModal;17/06/2026 23:48;19/06/2026 15:20;-;-
556803;PA;A4277;00019200000012705128;MultiModal;17/06/2026 23:48;19/06/2026 15:20;-;-
556803;PA;A8669;00019200000012705136;MultiModal;17/06/2026 23:48;19/06/2026 15:20;-;-
556803;PA;A8555;00019200000012705144;MultiModal;17/06/2026 23:48;19/06/2026 15:20;-;-
556803;PA;A8179;00019200000012705152;MultiModal;17/06/2026 23:48;19/06/2026 15:20;-;-
556803;PA;S1431;00019200000012705160;MultiModal;17/06/2026 23:48;19/06/2026 15:20;-;-
556803;PA;A5775;00019200000012705179;MultiModal;17/06/2026 23:48;19/06/2026 15:20;-;-
556803;PA;S0992;00019200000012705187;MultiModal;17/06/2026 23:48;19/06/2026 15:20;-;-
556947;PA;A7288;00019200000012906433;MultiModal;11/06/2026 00:49;12/06/2026 11:30;-;-
556947;PA;A6871;00019200000012906441;MultiModal;11/06/2026 00:49;12/06/2026 11:30;-;-
556947;PA;A9610;00019200000012906450;MultiModal;11/06/2026 00:49;12/06/2026 11:30;-;-
556947;PA;A5801;00019200000012906468;MultiModal;11/06/2026 00:49;12/06/2026 11:30;-;-
556947;PA;A3679;00019200000012906476;MultiModal;11/06/2026 00:49;12/06/2026 11:30;-;-
556947;PA;A9667;00019200000012906484;MultiModal;11/06/2026 00:49;12/06/2026 11:30;-;-
556947;PA;A6694;00019200000012906492;MultiModal;11/06/2026 00:49;12/06/2026 11:30;-;-
556990;PA;A7136;00019200000012904120;MultiModal;10/06/2026 02:40;11/06/2026 14:47;-;-
557114;PA;TA0773;00019200000012696080;MultiModal;17/06/2026 23:49;19/06/2026 15:19;17/06/2026 23:49;19/06/2026 15:19
557114;PA;TA0591;00019200000012696099;MultiModal;17/06/2026 23:49;19/06/2026 15:19;17/06/2026 23:49;19/06/2026 15:19
557114;PA;TA0096;00019200000012696102;MultiModal;17/06/2026 23:49;19/06/2026 15:19;17/06/2026 23:49;19/06/2026 15:19
557114;PA;A3813;00019200000012696110;MultiModal;17/06/2026 23:49;19/06/2026 15:19;17/06/2026 23:49;19/06/2026 15:19
557114;PA;TA0158;00019200000012696153;MultiModal;17/06/2026 23:49;19/06/2026 15:19;17/06/2026 23:49;19/06/2026 15:19
557114;PA;A8437;00019200000012696161;MultiModal;17/06/2026 23:49;19/06/2026 15:19;17/06/2026 23:49;19/06/2026 15:19
557114;PA;A6831;00019200000012696170;MultiModal;17/06/2026 23:49;19/06/2026 15:19;17/06/2026 23:49;19/06/2026 15:19
557114;PA;TA0716;00019200000012696188;MultiModal;17/06/2026 23:49;19/06/2026 15:19;17/06/2026 23:49;19/06/2026 15:19
557114;PA;TA0030;00019200000012696196;MultiModal;17/06/2026 23:49;19/06/2026 15:19;17/06/2026 23:49;19/06/2026 15:19
557265;PA;A6906;00019200000012684546;MultiModal;17/06/2026 00:10;19/06/2026 10:01;22/06/2026 06:03;-
557265;PA;A6557;00019200000012684554;MultiModal;17/06/2026 00:10;19/06/2026 10:01;22/06/2026 06:03;-
557265;PA;A7388;00019200000012684562;MultiModal;17/06/2026 00:10;19/06/2026 10:01;22/06/2026 06:03;-
557265;PA;;00019200000012694622;MultiModal;17/06/2026 00:10;19/06/2026 10:01;-;-
557265;PA;A9599;00019200000012694789;MultiModal;17/06/2026 00:10;19/06/2026 10:01;17/06/2026 00:10;29/06/2026 08:41
557265;PA;A6572;00019200000012694797;MultiModal;17/06/2026 00:10;19/06/2026 10:01;17/06/2026 00:10;29/06/2026 08:41
557265;PA;TA1124;00019200000012694800;MultiModal;17/06/2026 00:10;19/06/2026 10:01;17/06/2026 00:10;29/06/2026 08:41
557265;PA;A9286;00019200000012694819;MultiModal;17/06/2026 00:10;19/06/2026 10:01;17/06/2026 00:10;29/06/2026 08:41
557265;PA;A4010;00019200000012694827;MultiModal;17/06/2026 00:10;19/06/2026 10:01;17/06/2026 00:10;29/06/2026 08:41
557265;PA;A6776;00019200000012694835;MultiModal;17/06/2026 00:10;19/06/2026 10:01;17/06/2026 00:10;29/06/2026 08:41
557265;PA;A7900;00019200000012694843;MultiModal;17/06/2026 00:10;19/06/2026 10:01;22/06/2026 06:03;-
557265;PA;A6380;00019200000012694851;MultiModal;17/06/2026 00:10;19/06/2026 10:01;22/06/2026 06:03;-
557265;PA;A8868;00019200000012694878;MultiModal;17/06/2026 00:10;19/06/2026 10:01;22/06/2026 06:03;-
557265;PA;A3674;00019200000012694886;MultiModal;17/06/2026 00:10;19/06/2026 10:01;22/06/2026 06:03;-
557265;PA;A6918;00019200000012694894;MultiModal;17/06/2026 00:10;19/06/2026 10:01;22/06/2026 06:03;-
557265;PA;TA0920;00019200000012694908;MultiModal;17/06/2026 00:10;19/06/2026 10:01;17/06/2026 00:10;29/06/2026 08:41
557265;PA;A3373;00019200000012694916;MultiModal;17/06/2026 00:10;19/06/2026 10:01;17/06/2026 00:10;29/06/2026 08:41
557265;PA;A7490;00019200000012695157;MultiModal;17/06/2026 00:10;19/06/2026 10:01;17/06/2026 00:10;29/06/2026 08:41
557265;PA;A4654;00019200000012695165;MultiModal;17/06/2026 00:10;19/06/2026 10:01;22/06/2026 06:03;-
557265;PA;A7960;00019200000012695173;MultiModal;17/06/2026 00:10;19/06/2026 10:01;22/06/2026 06:03;-
557265;PA;A2568;00019200000012695181;MultiModal;17/06/2026 00:10;19/06/2026 10:01;22/06/2026 06:03;-
557265;PA;A2030;00019200000012695190;MultiModal;17/06/2026 00:10;19/06/2026 10:01;22/06/2026 06:03;-
557265;PA;A7907;00019200000012695246;MultiModal;17/06/2026 00:10;19/06/2026 10:01;17/06/2026 00:10;29/06/2026 08:41
557265;PA;TA0786;00019200000012695254;MultiModal;17/06/2026 00:10;19/06/2026 10:01;17/06/2026 00:10;29/06/2026 08:41
557265;PA;A0212;00019200000012695262;MultiModal;17/06/2026 00:10;19/06/2026 10:01;17/06/2026 00:10;29/06/2026 08:41
557265;PA;A3583;00019200000012695270;MultiModal;17/06/2026 00:10;19/06/2026 10:01;17/06/2026 00:10;29/06/2026 08:41
557265;PA;A6458;00019200000012695289;MultiModal;17/06/2026 00:10;19/06/2026 10:01;17/06/2026 00:10;29/06/2026 08:41
557265;PA;A8378;00019200000012695297;MultiModal;17/06/2026 00:10;19/06/2026 10:01;17/06/2026 00:10;29/06/2026 08:41
557265;PA;A9009;00019200000012695300;MultiModal;17/06/2026 00:10;19/06/2026 10:01;17/06/2026 00:10;29/06/2026 08:41
557265;PA;A9714;00019200000012695319;MultiModal;17/06/2026 00:10;19/06/2026 10:01;17/06/2026 00:10;29/06/2026 08:41
557265;PA;A1324;00019200000012695327;MultiModal;17/06/2026 00:10;19/06/2026 10:01;22/06/2026 06:03;-
557265;PA;A3314;00019200000012695335;MultiModal;17/06/2026 00:10;19/06/2026 10:01;22/06/2026 06:03;-
557265;PA;A5318;00019200000012695343;MultiModal;17/06/2026 00:10;19/06/2026 10:01;22/06/2026 06:03;-
557265;PA;A5124;00019200000012695351;MultiModal;17/06/2026 00:10;19/06/2026 10:01;22/06/2026 06:03;-
557265;PA;A9335;00019200000012695360;MultiModal;17/06/2026 00:10;19/06/2026 10:01;22/06/2026 06:03;-
557265;PA;A8885;00019200000012695378;MultiModal;17/06/2026 00:10;19/06/2026 10:01;22/06/2026 06:03;-
557265;PA;A9052;00019200000012695386;MultiModal;17/06/2026 00:10;19/06/2026 10:01;17/06/2026 00:10;29/06/2026 08:41
557265;PA;A4233;00019200000012695394;MultiModal;17/06/2026 00:10;19/06/2026 10:01;17/06/2026 00:10;29/06/2026 08:41
557265;PA;A8122;00019200000012695408;MultiModal;17/06/2026 00:10;19/06/2026 10:01;17/06/2026 00:10;29/06/2026 08:41
557265;PA;A7018;00019200000012695416;MultiModal;17/06/2026 00:10;19/06/2026 10:01;22/06/2026 06:03;-
557265;PA;TA1135;00019200000012695424;MultiModal;17/06/2026 00:10;19/06/2026 10:01;22/06/2026 06:03;-
557265;PA;A3562;00019200000012695432;MultiModal;17/06/2026 00:10;19/06/2026 10:01;22/06/2026 06:03;-
557265;PA;A7278;00019200000012695440;MultiModal;17/06/2026 00:10;19/06/2026 10:01;22/06/2026 06:03;-
557265;PA;A9631;00019200000012695459;MultiModal;17/06/2026 00:10;19/06/2026 10:01;17/06/2026 00:10;29/06/2026 08:41
557265;PA;A2954;00019200000012695467;MultiModal;17/06/2026 00:10;19/06/2026 10:01;22/06/2026 06:03;-
557265;PA;A1609;00019200000012695475;MultiModal;17/06/2026 00:10;19/06/2026 10:01;22/06/2026 06:03;-
557265;PA;A8783;00019200000012695483;MultiModal;17/06/2026 00:10;19/06/2026 10:01;17/06/2026 00:10;29/06/2026 08:41
557265;PA;TA0211;00019200000013212842;MultiModal;17/06/2026 00:10;19/06/2026 10:01;17/06/2026 00:10;29/06/2026 08:41
557280;PA;A8432;00019200000013334638;MultiModal;23/06/2026 05:34;24/06/2026 17:03;23/06/2026 05:34;24/06/2026 17:03
557280;PA;A5969;00019200000013334654;MultiModal;23/06/2026 05:34;24/06/2026 17:03;23/06/2026 05:34;24/06/2026 17:03
557280;PA;A6218;00019200000013334662;MultiModal;23/06/2026 05:34;24/06/2026 17:03;23/06/2026 05:34;24/06/2026 17:03
557280;PA;A1445;00019200000013334689;MultiModal;23/06/2026 05:34;24/06/2026 17:03;23/06/2026 05:34;24/06/2026 17:03
557280;PA;A3843;00019200000013334697;MultiModal;23/06/2026 05:34;24/06/2026 17:03;23/06/2026 05:34;24/06/2026 17:03
557280;PA;A1535;00019200000013334700;MultiModal;23/06/2026 05:34;24/06/2026 17:03;23/06/2026 05:34;24/06/2026 17:03
557280;PA;A0971;00019200000013334719;MultiModal;23/06/2026 05:34;24/06/2026 17:03;23/06/2026 05:34;24/06/2026 17:03
557280;PA;A6984;00019200000013334727;MultiModal;23/06/2026 05:34;24/06/2026 17:03;23/06/2026 05:34;24/06/2026 17:03
557280;PA;A5514;00019200000013334735;MultiModal;23/06/2026 05:34;24/06/2026 17:03;23/06/2026 05:34;24/06/2026 17:03
557280;PA;A5893;00019200000013334743;MultiModal;23/06/2026 05:34;24/06/2026 17:03;23/06/2026 05:34;24/06/2026 17:03
557435;PA;TA0985;00019200000012654400;MultiModal;15/06/2026 01:46;17/06/2026 14:00;15/06/2026 01:46;17/06/2026 14:00
557649;PA;A4862;00019200000012700266;MultiModal;29/06/2026 03:58;01/07/2026 18:00;29/06/2026 03:58;07/07/2026 14:28
557654;PA;A7902;00019200000012685330;MultiModal;17/06/2026 23:52;22/06/2026 10:39;17/06/2026 23:52;22/06/2026 10:39
557765;PA;TA0941;00019200000013335987;MultiModal;23/06/2026 05:15;24/06/2026 17:04;23/06/2026 05:15;24/06/2026 17:04
557765;PA;A9620;00019200000013335995;MultiModal;23/06/2026 05:15;24/06/2026 17:04;23/06/2026 05:15;24/06/2026 17:04
557765;PA;TA0599;00019200000013336002;MultiModal;23/06/2026 05:15;24/06/2026 17:04;23/06/2026 05:15;24/06/2026 17:04
557765;PA;TA0134;00019200000013336010;MultiModal;23/06/2026 05:15;24/06/2026 17:04;23/06/2026 05:15;24/06/2026 17:04
557973;PA;A0387;00019200000013242679;MultiModal;24/06/2026 00:07;25/06/2026 18:41;24/06/2026 00:07;25/06/2026 18:41
557973;PA;A7094;00019200000013242687;MultiModal;24/06/2026 00:07;25/06/2026 18:41;24/06/2026 00:07;25/06/2026 18:41
557973;PA;A2204;00019200000013242695;MultiModal;24/06/2026 00:07;25/06/2026 18:41;24/06/2026 00:07;25/06/2026 18:41
557974;PA;A6900;00019200000013248685;MultiModal;01/07/2026 00:59;02/07/2026 18:00;01/07/2026 00:59;07/07/2026 17:00
557974;PA;A6473;00019200000013252240;MultiModal;01/07/2026 00:59;02/07/2026 18:00;01/07/2026 00:59;07/07/2026 17:00
557974;PA;A5836;00019200000013252259;MultiModal;01/07/2026 00:59;02/07/2026 18:00;01/07/2026 00:59;07/07/2026 17:00
557974;PA;A5569;00019200000013252267;MultiModal;01/07/2026 00:59;02/07/2026 18:00;01/07/2026 00:59;07/07/2026 17:00
557974;PA;A6972;00019200000013252275;MultiModal;01/07/2026 00:59;02/07/2026 18:00;01/07/2026 00:59;07/07/2026 17:00
557974;PA;A0800;00019200000013252283;MultiModal;01/07/2026 00:59;02/07/2026 18:00;01/07/2026 00:59;07/07/2026 17:00
557974;PA;A0668;00019200000013252291;MultiModal;01/07/2026 00:59;02/07/2026 18:00;01/07/2026 00:59;07/07/2026 17:00
557974;PA;A7402;00019200000013252305;MultiModal;01/07/2026 00:59;02/07/2026 18:00;01/07/2026 00:59;07/07/2026 17:00
557974;PA;A4993;00019200000013252313;MultiModal;01/07/2026 00:59;02/07/2026 18:00;01/07/2026 00:59;07/07/2026 17:00
557974;PA;A6617;00019200000013252321;MultiModal;01/07/2026 00:59;02/07/2026 18:00;01/07/2026 00:59;07/07/2026 17:00
557974;PA;A7997;00019200000013252330;MultiModal;01/07/2026 00:59;02/07/2026 18:00;01/07/2026 00:59;07/07/2026 17:00
557974;PA;A0967;00019200000013252348;MultiModal;01/07/2026 00:59;02/07/2026 18:00;01/07/2026 00:59;07/07/2026 17:00
557974;PA;A0255;00019200000013252356;MultiModal;01/07/2026 00:59;02/07/2026 18:00;01/07/2026 00:59;07/07/2026 17:00
557974;PA;A2876;00019200000013252364;MultiModal;01/07/2026 00:59;02/07/2026 18:00;01/07/2026 00:59;07/07/2026 17:00
557974;PA;TA0575;00019200000013252372;MultiModal;01/07/2026 00:59;02/07/2026 18:00;01/07/2026 00:59;07/07/2026 17:00
557974;PA;A3830;00019200000013252380;MultiModal;01/07/2026 00:59;02/07/2026 18:00;01/07/2026 00:59;07/07/2026 17:00
557974;PA;A3844;00019200000013252399;MultiModal;01/07/2026 00:59;02/07/2026 18:00;01/07/2026 00:59;07/07/2026 17:00
557974;PA;A8580;00019200000013252402;MultiModal;01/07/2026 00:59;02/07/2026 18:00;01/07/2026 00:59;07/07/2026 17:00
557974;PA;A4417;00019200000013252410;MultiModal;01/07/2026 00:59;02/07/2026 18:00;01/07/2026 00:59;07/07/2026 17:00
557974;PA;A0204;00019200000013252429;MultiModal;01/07/2026 00:59;02/07/2026 18:00;01/07/2026 00:59;07/07/2026 17:00
557974;PA;A8026;00019200000013252437;MultiModal;01/07/2026 00:59;02/07/2026 18:00;01/07/2026 00:59;07/07/2026 17:00
557974;PA;A2739;00019200000013252445;MultiModal;01/07/2026 00:59;02/07/2026 18:00;01/07/2026 00:59;07/07/2026 17:00
557974;PA;TA0364;00019200000013252453;MultiModal;01/07/2026 00:59;02/07/2026 18:00;01/07/2026 00:59;07/07/2026 17:00
557974;PA;A1574;00019200000013252461;MultiModal;01/07/2026 00:59;02/07/2026 18:00;01/07/2026 00:59;07/07/2026 17:00
557976;PA;A8156;00019200000013237241;MultiModal;23/06/2026 00:29;24/06/2026 18:00;23/06/2026 00:29;24/06/2026 18:30
557976;PA;A6308;00019200000013237250;MultiModal;23/06/2026 00:29;24/06/2026 18:00;23/06/2026 00:29;24/06/2026 18:30
557976;PA;A0760;00019200000013237268;MultiModal;23/06/2026 00:29;24/06/2026 18:00;23/06/2026 00:29;24/06/2026 18:30
557976;PA;A5480;00019200000013237276;MultiModal;23/06/2026 00:29;24/06/2026 18:00;23/06/2026 00:29;24/06/2026 18:30
557976;PA;A5061;00019200000013237284;MultiModal;23/06/2026 00:29;24/06/2026 18:00;23/06/2026 00:29;24/06/2026 18:30
557976;PA;A4360;00019200000013237292;MultiModal;23/06/2026 00:29;24/06/2026 18:00;23/06/2026 00:29;24/06/2026 18:30
557976;PA;A4003;00019200000013237306;MultiModal;23/06/2026 00:29;24/06/2026 18:00;23/06/2026 00:29;24/06/2026 18:30
557976;PA;A0888;00019200000013237314;MultiModal;23/06/2026 00:29;24/06/2026 18:00;23/06/2026 00:29;24/06/2026 18:30
557976;PA;A7560;00019200000013237322;MultiModal;23/06/2026 00:29;24/06/2026 18:00;23/06/2026 00:29;24/06/2026 18:30
557976;PA;A4165;00019200000013237330;MultiModal;23/06/2026 00:29;24/06/2026 18:00;23/06/2026 00:29;24/06/2026 18:30
557976;PA;A8390;00019200000013237349;MultiModal;23/06/2026 00:29;24/06/2026 18:00;23/06/2026 00:29;24/06/2026 18:30
557976;PA;A9535;00019200000013237357;MultiModal;23/06/2026 00:29;24/06/2026 18:00;23/06/2026 00:29;24/06/2026 18:30
557976;PA;A4873;00019200000013237365;MultiModal;23/06/2026 00:29;24/06/2026 18:00;23/06/2026 00:29;24/06/2026 18:30
557976;PA;A6262;00019200000013237381;MultiModal;23/06/2026 00:29;24/06/2026 18:00;23/06/2026 00:29;24/06/2026 18:30
557976;PA;A1070;00019200000013237390;MultiModal;23/06/2026 00:29;24/06/2026 18:00;23/06/2026 00:29;24/06/2026 18:30
557976;PA;A7978;00019200000013237403;MultiModal;23/06/2026 00:29;24/06/2026 18:00;23/06/2026 00:29;24/06/2026 18:30
557976;PA;A2029;00019200000013237411;MultiModal;23/06/2026 00:29;24/06/2026 18:00;23/06/2026 00:29;24/06/2026 18:30
557976;PA;A8401;00019200000013237438;MultiModal;23/06/2026 00:29;24/06/2026 18:00;23/06/2026 00:29;24/06/2026 18:30
557976;PA;A3287;00019200000013237446;MultiModal;23/06/2026 00:29;24/06/2026 18:00;23/06/2026 00:29;24/06/2026 18:30
557976;PA;A3916;00019200000013237454;MultiModal;23/06/2026 00:29;24/06/2026 18:00;23/06/2026 00:29;24/06/2026 18:30
557976;PA;A1808;00019200000013237462;MultiModal;23/06/2026 00:29;24/06/2026 18:00;23/06/2026 00:29;24/06/2026 18:30
557976;PA;TA0482;00019200000013237470;MultiModal;23/06/2026 00:29;24/06/2026 18:00;23/06/2026 00:29;24/06/2026 18:30
557976;PA;A8845;00019200000013237489;MultiModal;23/06/2026 00:29;24/06/2026 18:00;23/06/2026 00:29;24/06/2026 18:30
557976;PA;TA1169;00019200000013237497;MultiModal;23/06/2026 00:29;24/06/2026 18:00;23/06/2026 00:29;24/06/2026 18:30
557976;PA;TA0386;00019200000013237500;MultiModal;23/06/2026 00:29;24/06/2026 18:00;23/06/2026 00:29;24/06/2026 18:30
557976;PA;A9635;00019200000013242903;MultiModal;23/06/2026 00:29;24/06/2026 18:00;23/06/2026 00:29;24/06/2026 18:30
557976;PA;A2428;00019200000013242946;MultiModal;23/06/2026 00:29;24/06/2026 18:00;23/06/2026 00:29;24/06/2026 18:30
557976;PA;A8531;00019200000013242962;MultiModal;23/06/2026 00:29;24/06/2026 18:00;23/06/2026 00:29;24/06/2026 18:30
557976;PA;A9379;00019200000013243020;MultiModal;23/06/2026 00:29;24/06/2026 18:00;23/06/2026 00:29;24/06/2026 18:30
557976;PA;TA0257;00019200000013243039;MultiModal;23/06/2026 00:29;24/06/2026 18:00;23/06/2026 00:29;24/06/2026 18:30
557976;PA;A1495;00019200000013243047;MultiModal;23/06/2026 00:29;24/06/2026 18:00;23/06/2026 00:29;24/06/2026 18:30
557979;PA;A4169;00019200000013317601;MultiModal;05/07/2026 23:44;07/07/2026 14:21;05/07/2026 23:44;07/07/2026 14:21
557979;PA;A8287;00019200000013317610;MultiModal;05/07/2026 23:44;07/07/2026 14:21;05/07/2026 23:44;07/07/2026 14:21
557979;PA;A2361;00019200000013317628;MultiModal;05/07/2026 23:44;07/07/2026 14:21;05/07/2026 23:44;07/07/2026 14:21
557979;PA;TA0920;00019200000013317636;MultiModal;05/07/2026 23:44;07/07/2026 14:21;05/07/2026 23:44;07/07/2026 14:21
557979;PA;TA1114;00019200000013317644;MultiModal;05/07/2026 23:44;07/07/2026 14:21;05/07/2026 23:44;07/07/2026 14:21
557979;PA;A9190;00019200000013317652;MultiModal;05/07/2026 23:44;07/07/2026 14:21;05/07/2026 23:44;07/07/2026 14:21
557979;PA;A9360;00019200000013317660;MultiModal;05/07/2026 23:44;07/07/2026 14:21;05/07/2026 23:44;07/07/2026 14:21
557979;PA;A7138;00019200000013317679;MultiModal;05/07/2026 23:44;07/07/2026 14:21;05/07/2026 23:44;07/07/2026 14:21
557979;PA;A7993;00019200000013317687;MultiModal;05/07/2026 23:44;07/07/2026 14:21;05/07/2026 23:44;07/07/2026 14:21
557979;PA;A4772;00019200000013317695;MultiModal;05/07/2026 23:44;07/07/2026 14:21;05/07/2026 23:44;07/07/2026 14:21
557979;PA;A5072;00019200000013317709;MultiModal;05/07/2026 23:44;07/07/2026 14:21;05/07/2026 23:44;07/07/2026 14:21
557979;PA;A9441;00019200000013317717;MultiModal;05/07/2026 23:44;07/07/2026 14:21;05/07/2026 23:44;07/07/2026 14:21
557979;PA;A4178;00019200000013317725;MultiModal;05/07/2026 23:44;07/07/2026 14:21;05/07/2026 23:44;07/07/2026 14:21
557979;PA;A7474;00019200000013317733;MultiModal;05/07/2026 23:44;07/07/2026 14:21;05/07/2026 23:44;07/07/2026 14:21
557979;PA;A8354;00019200000013317741;MultiModal;05/07/2026 23:44;07/07/2026 14:21;05/07/2026 23:44;07/07/2026 14:21
557979;PA;A5988;00019200000013317750;MultiModal;05/07/2026 23:44;07/07/2026 14:21;05/07/2026 23:44;07/07/2026 14:21
557979;PA;A9585;00019200000013317768;MultiModal;05/07/2026 23:44;07/07/2026 14:21;05/07/2026 23:44;07/07/2026 14:21
557979;PA;A7519;00019200000013317776;MultiModal;05/07/2026 23:44;07/07/2026 14:21;05/07/2026 23:44;07/07/2026 14:21
557979;PA;A6918;00019200000013317962;MultiModal;05/07/2026 23:44;07/07/2026 14:21;05/07/2026 23:44;07/07/2026 14:21
557979;PA;A1807;00019200000013320327;MultiModal;05/07/2026 23:44;07/07/2026 14:21;05/07/2026 23:44;07/07/2026 14:21
557981;PA;TA1104;00019200000013319973;MultiModal;24/06/2026 00:33;25/06/2026 19:00;24/06/2026 00:33;25/06/2026 19:00
557981;PA;A8967;00019200000013319981;MultiModal;24/06/2026 00:33;25/06/2026 19:00;24/06/2026 00:33;25/06/2026 19:00
557981;PA;A0026;00019200000013320076;MultiModal;24/06/2026 00:33;25/06/2026 19:00;24/06/2026 00:33;25/06/2026 19:00
557981;PA;A8230;00019200000013320084;MultiModal;24/06/2026 00:33;25/06/2026 19:00;24/06/2026 00:33;25/06/2026 19:00
557981;PA;A6700;00019200000013320106;MultiModal;24/06/2026 00:33;25/06/2026 19:00;24/06/2026 00:33;25/06/2026 19:00
557981;PA;A4270;00019200000013320114;MultiModal;24/06/2026 00:33;25/06/2026 19:00;24/06/2026 00:33;25/06/2026 19:00
557981;PA;A3121;00019200000013320122;MultiModal;24/06/2026 00:33;25/06/2026 19:00;24/06/2026 00:33;25/06/2026 19:00
557981;PA;A4343;00019200000013320130;MultiModal;24/06/2026 00:33;25/06/2026 19:00;24/06/2026 00:33;25/06/2026 19:00
557981;PA;A6409;00019200000013320149;MultiModal;24/06/2026 00:33;25/06/2026 19:00;24/06/2026 00:33;25/06/2026 19:00
557981;PA;A8004;00019200000013320157;MultiModal;24/06/2026 00:33;25/06/2026 19:00;24/06/2026 00:33;25/06/2026 19:00
557981;PA;TA0235;00019200000013320165;MultiModal;24/06/2026 00:33;25/06/2026 19:00;24/06/2026 00:33;25/06/2026 19:00
557981;PA;A5394;00019200000013320173;MultiModal;24/06/2026 00:33;25/06/2026 19:00;24/06/2026 00:33;25/06/2026 19:00
557981;PA;A8448;00019200000013320548;MultiModal;24/06/2026 00:33;25/06/2026 19:00;24/06/2026 00:33;25/06/2026 19:00
557981;PA;A8407;00019200000013321145;MultiModal;24/06/2026 00:33;25/06/2026 19:00;24/06/2026 00:33;25/06/2026 19:00
557981;PA;A2378;00019200000013321153;MultiModal;24/06/2026 00:33;25/06/2026 19:00;24/06/2026 00:33;25/06/2026 19:00
557981;PA;A8222;00019200000013321161;MultiModal;24/06/2026 00:33;25/06/2026 19:00;24/06/2026 00:33;25/06/2026 19:00
557981;PA;A5440;00019200000013321170;MultiModal;24/06/2026 00:33;25/06/2026 19:00;24/06/2026 00:33;25/06/2026 19:00
557981;PA;A6893;00019200000013321188;MultiModal;24/06/2026 00:33;25/06/2026 19:00;24/06/2026 00:33;25/06/2026 19:00
557981;PA;A9202;00019200000013321196;MultiModal;24/06/2026 00:33;25/06/2026 19:00;24/06/2026 00:33;25/06/2026 19:00
557981;PA;TA0223;00019200000013321218;MultiModal;24/06/2026 00:33;25/06/2026 19:00;24/06/2026 00:33;25/06/2026 19:00
557981;PA;TA0234;00019200000013321226;MultiModal;24/06/2026 00:33;25/06/2026 19:00;24/06/2026 00:33;25/06/2026 19:00
557981;PA;A7849;00019200000013321234;MultiModal;24/06/2026 00:33;25/06/2026 19:00;24/06/2026 00:33;25/06/2026 19:00
557981;PA;A9144;00019200000013321242;MultiModal;24/06/2026 00:33;25/06/2026 19:00;24/06/2026 00:33;25/06/2026 19:00
557982;PA;A5991;00019200000012615005;MultiModal;29/06/2026 23:59;01/07/2026 19:00;29/06/2026 23:59;01/07/2026 19:00
557982;PA;A9017;00019200000013250701;MultiModal;29/06/2026 23:59;01/07/2026 19:00;29/06/2026 23:59;01/07/2026 19:00
557982;PA;A9143;00019200000013250710;MultiModal;29/06/2026 23:59;01/07/2026 19:00;29/06/2026 23:59;01/07/2026 19:00
557982;PA;A2075;00019200000013250728;MultiModal;29/06/2026 23:59;01/07/2026 19:00;29/06/2026 23:59;01/07/2026 19:00
557982;PA;A9344;00019200000013250736;MultiModal;29/06/2026 23:59;01/07/2026 19:00;29/06/2026 23:59;01/07/2026 19:00
557982;PA;A8692;00019200000013250744;MultiModal;29/06/2026 23:59;01/07/2026 19:00;29/06/2026 23:59;01/07/2026 19:00
557982;PA;A4243;00019200000013250752;MultiModal;29/06/2026 23:59;01/07/2026 19:00;29/06/2026 23:59;01/07/2026 19:00
557982;PA;A0402;00019200000013250760;MultiModal;29/06/2026 23:59;01/07/2026 19:00;29/06/2026 23:59;01/07/2026 19:00
557982;PA;A8985;00019200000013250779;MultiModal;29/06/2026 23:59;01/07/2026 19:00;29/06/2026 23:59;01/07/2026 19:00
557982;PA;A2493;00019200000013250787;MultiModal;29/06/2026 23:59;01/07/2026 19:00;29/06/2026 23:59;01/07/2026 19:00
557982;PA;A3577;00019200000013250795;MultiModal;29/06/2026 23:59;01/07/2026 19:00;29/06/2026 23:59;01/07/2026 19:00
557982;PA;A4645;00019200000013250809;MultiModal;29/06/2026 23:59;01/07/2026 19:00;29/06/2026 23:59;01/07/2026 19:00
557982;PA;A2389;00019200000013250817;MultiModal;29/06/2026 23:59;01/07/2026 19:00;29/06/2026 23:59;01/07/2026 19:00
557982;PA;A4955;00019200000013250825;MultiModal;29/06/2026 23:59;01/07/2026 19:00;29/06/2026 23:59;01/07/2026 19:00
557982;PA;A9055;00019200000013250833;MultiModal;29/06/2026 23:59;01/07/2026 19:00;29/06/2026 23:59;01/07/2026 19:00
557982;PA;A2160;00019200000013250841;MultiModal;29/06/2026 23:59;01/07/2026 19:00;29/06/2026 23:59;01/07/2026 19:00
557982;PA;TA0630;00019200000013250850;MultiModal;29/06/2026 23:59;01/07/2026 19:00;29/06/2026 23:59;01/07/2026 19:00
557982;PA;A1437;00019200000013250868;MultiModal;29/06/2026 23:59;01/07/2026 19:00;29/06/2026 23:59;01/07/2026 19:00
557982;PA;A8268;00019200000013250876;MultiModal;29/06/2026 23:59;01/07/2026 19:00;29/06/2026 23:59;01/07/2026 19:00
557982;PA;TA0797;00019200000013250884;MultiModal;29/06/2026 23:59;01/07/2026 19:00;29/06/2026 23:59;01/07/2026 19:00
557982;PA;A6193;00019200000013250892;MultiModal;29/06/2026 23:59;01/07/2026 19:00;29/06/2026 23:59;01/07/2026 19:00
557982;PA;A4603;00019200000013250906;MultiModal;29/06/2026 23:59;01/07/2026 19:00;29/06/2026 23:59;01/07/2026 19:00
557982;PA;TA0252;00019200000013250914;MultiModal;29/06/2026 23:59;01/07/2026 19:00;29/06/2026 23:59;01/07/2026 19:00
557982;PA;A2697;00019200000013250922;MultiModal;29/06/2026 23:59;01/07/2026 19:00;29/06/2026 23:59;01/07/2026 19:00
557982;PA;TA0167;00019200000013250930;MultiModal;29/06/2026 23:59;01/07/2026 19:00;29/06/2026 23:59;01/07/2026 19:00
557983;PA;TA0239;00019200000013331086;MultiModal;30/06/2026 00:15;01/07/2026 18:00;30/06/2026 00:15;-
557983;PA;A0430;00019200000013331094;MultiModal;30/06/2026 00:15;01/07/2026 18:00;30/06/2026 00:15;-
557983;PA;TA0850;00019200000013331124;MultiModal;30/06/2026 00:15;01/07/2026 18:00;30/06/2026 00:15;-
557983;PA;A6061;00019200000013331132;MultiModal;30/06/2026 00:15;01/07/2026 18:00;30/06/2026 00:15;-
557983;PA;A6048;00019200000013331140;MultiModal;30/06/2026 00:15;01/07/2026 18:00;30/06/2026 00:15;-
557983;PA;A3847;00019200000013331159;MultiModal;30/06/2026 00:15;01/07/2026 18:00;30/06/2026 00:15;-
557983;PA;A4486;00019200000013331167;MultiModal;30/06/2026 00:15;01/07/2026 18:00;30/06/2026 00:15;-
557983;PA;A8892;00019200000013331175;MultiModal;30/06/2026 00:15;01/07/2026 18:00;30/06/2026 00:15;-
557983;PA;A6094;00019200000013331183;MultiModal;30/06/2026 00:15;01/07/2026 18:00;30/06/2026 00:15;-
557983;PA;A1392;00019200000013331566;MultiModal;30/06/2026 00:15;01/07/2026 18:00;30/06/2026 00:15;-
557983;PA;A7302;00019200000013331574;MultiModal;30/06/2026 00:15;01/07/2026 18:00;30/06/2026 00:15;-
557983;PA;A6200;00019200000013331590;MultiModal;30/06/2026 00:15;01/07/2026 18:00;30/06/2026 00:15;-
557983;PA;A1913;00019200000013332554;MultiModal;30/06/2026 00:15;01/07/2026 18:00;30/06/2026 00:15;-
557983;PA;A5922;00019200000013332562;MultiModal;30/06/2026 00:15;01/07/2026 18:00;30/06/2026 00:15;-
557983;PA;A8673;00019200000013332570;MultiModal;30/06/2026 00:15;01/07/2026 18:00;30/06/2026 00:15;-
557983;PA;A7941;00019200000013332600;MultiModal;30/06/2026 00:15;01/07/2026 18:00;30/06/2026 00:15;-
557983;PA;A5705;00019200000013332619;MultiModal;30/06/2026 00:15;01/07/2026 18:00;30/06/2026 00:15;-
557983;PA;TA1184;00019200000013332627;MultiModal;30/06/2026 00:15;01/07/2026 18:00;30/06/2026 00:15;-
557983;PA;A3003;00019200000013332830;MultiModal;30/06/2026 00:15;01/07/2026 18:00;30/06/2026 00:15;-
557984;PA;A1290;00019200000013197371;MultiModal;02/07/2026 00:20;03/07/2026 17:08;02/07/2026 00:20;03/07/2026 17:08
557984;PA;A5906;00019200000013197380;MultiModal;02/07/2026 00:20;03/07/2026 17:08;02/07/2026 00:20;03/07/2026 17:08
557984;PA;A8054;00019200000013197398;MultiModal;02/07/2026 00:20;03/07/2026 17:08;02/07/2026 00:20;03/07/2026 17:08
557984;PA;A4245;00019200000013197401;MultiModal;02/07/2026 00:20;03/07/2026 17:08;02/07/2026 00:20;03/07/2026 17:08
557984;PA;A4929;00019200000013197410;MultiModal;02/07/2026 00:20;03/07/2026 17:08;02/07/2026 00:20;03/07/2026 17:08
557984;PA;A0974;00019200000013197428;MultiModal;02/07/2026 00:20;03/07/2026 17:08;02/07/2026 00:20;03/07/2026 17:08
557984;PA;A4519;00019200000013197436;MultiModal;02/07/2026 00:20;03/07/2026 17:08;02/07/2026 00:20;03/07/2026 17:08
557984;PA;A0586;00019200000013197444;MultiModal;02/07/2026 00:20;03/07/2026 17:08;02/07/2026 00:20;03/07/2026 17:08
557984;PA;A6883;00019200000013197452;MultiModal;02/07/2026 00:20;03/07/2026 17:08;02/07/2026 00:20;03/07/2026 17:08
557984;PA;A2926;00019200000013197460;MultiModal;02/07/2026 00:20;03/07/2026 17:08;02/07/2026 00:20;03/07/2026 17:08
557984;PA;A1751;00019200000013197495;MultiModal;02/07/2026 00:20;03/07/2026 17:08;02/07/2026 00:20;03/07/2026 17:08
557984;PA;A2150;00019200000013197568;MultiModal;02/07/2026 00:20;03/07/2026 17:08;02/07/2026 00:20;03/07/2026 17:08
557984;PA;A7701;00019200000013200364;MultiModal;02/07/2026 00:20;03/07/2026 17:08;02/07/2026 00:20;03/07/2026 17:08
557984;PA;A6479;00019200000013200372;MultiModal;02/07/2026 00:20;03/07/2026 17:08;02/07/2026 00:20;03/07/2026 17:08
557984;PA;A2731;00019200000013200380;MultiModal;02/07/2026 00:20;03/07/2026 17:08;02/07/2026 00:20;03/07/2026 17:08
557984;PA;A5325;00019200000013200399;MultiModal;02/07/2026 00:20;03/07/2026 17:08;02/07/2026 00:20;03/07/2026 17:08
557984;PA;A9003;00019200000013200402;MultiModal;02/07/2026 00:20;03/07/2026 17:08;02/07/2026 00:20;03/07/2026 17:08
557984;PA;TA0402;00019200000013200410;MultiModal;02/07/2026 00:20;03/07/2026 17:08;02/07/2026 00:20;03/07/2026 17:08
557984;PA;A6671;00019200000013200429;MultiModal;02/07/2026 00:20;03/07/2026 17:08;02/07/2026 00:20;03/07/2026 17:08
557984;PA;A3214;00019200000013200437;MultiModal;02/07/2026 00:20;03/07/2026 17:08;02/07/2026 00:20;03/07/2026 17:08
557984;PA;A5849;00019200000013200445;MultiModal;02/07/2026 00:20;03/07/2026 17:08;02/07/2026 00:20;03/07/2026 17:08
557984;PA;A1645;00019200000013200453;MultiModal;02/07/2026 00:20;03/07/2026 17:08;02/07/2026 00:20;03/07/2026 17:08
557984;PA;A7897;00019200000013200461;MultiModal;02/07/2026 00:20;03/07/2026 17:08;02/07/2026 00:20;03/07/2026 17:08
557984;PA;A7650;00019200000013200470;MultiModal;02/07/2026 00:20;03/07/2026 17:08;02/07/2026 00:20;03/07/2026 17:08
557986;PA;A6600;00019200000013314238;MultiModal;25/06/2026 11:20;30/06/2026 09:07;25/06/2026 11:20;06/07/2026 13:55
557986;PA;S1063;00019200000013314246;MultiModal;25/06/2026 11:20;30/06/2026 09:07;25/06/2026 11:20;06/07/2026 13:55
557986;PA;S1505;00019200000013314254;MultiModal;25/06/2026 11:20;30/06/2026 09:07;25/06/2026 11:20;06/07/2026 13:55
557986;PA;S0620;00019200000013314262;MultiModal;25/06/2026 11:20;30/06/2026 09:07;25/06/2026 11:20;06/07/2026 13:55
557986;PA;A7992;00019200000013314505;MultiModal;25/06/2026 11:20;30/06/2026 09:07;25/06/2026 11:20;06/07/2026 13:55
557986;PA;S0931;00019200000013314513;MultiModal;25/06/2026 11:20;30/06/2026 09:07;25/06/2026 11:20;06/07/2026 13:55
557986;PA;A3000;00019200000013314521;MultiModal;25/06/2026 11:20;30/06/2026 09:07;25/06/2026 11:20;06/07/2026 13:55
557986;PA;A6031;00019200000013314530;MultiModal;25/06/2026 11:20;30/06/2026 09:07;25/06/2026 11:20;06/07/2026 13:55
557986;PA;S1596;00019200000013314564;MultiModal;25/06/2026 11:20;30/06/2026 09:07;25/06/2026 11:20;06/07/2026 13:55
557986;PA;S1287;00019200000013314645;MultiModal;25/06/2026 11:20;30/06/2026 09:07;25/06/2026 11:20;06/07/2026 13:55
557986;PA;A6627;00019200000013314718;MultiModal;25/06/2026 11:20;30/06/2026 09:07;25/06/2026 11:20;06/07/2026 13:55
557986;PA;A3581;00019200000013314726;MultiModal;25/06/2026 11:20;30/06/2026 09:07;25/06/2026 11:20;06/07/2026 13:55
557986;PA;S1483;00019200000013316745;MultiModal;25/06/2026 11:20;30/06/2026 09:07;25/06/2026 11:20;06/07/2026 13:55
557986;PA;A4475;00019200000013316753;MultiModal;25/06/2026 11:20;30/06/2026 09:07;25/06/2026 11:20;06/07/2026 13:55
557986;PA;A2933;00019200000013327208;MultiModal;25/06/2026 11:20;30/06/2026 09:07;25/06/2026 11:20;06/07/2026 13:55
557986;PA;A3657;00019200000013327283;MultiModal;25/06/2026 11:20;30/06/2026 09:07;25/06/2026 11:20;06/07/2026 13:55
557986;PA;TA0636;00019200000013327291;MultiModal;25/06/2026 11:20;30/06/2026 09:07;25/06/2026 11:20;06/07/2026 13:55
557986;PA;A8578;00019200000013327984;MultiModal;25/06/2026 11:20;30/06/2026 09:07;25/06/2026 11:20;06/07/2026 13:55
557986;PA;A3328;00019200000013327992;MultiModal;25/06/2026 11:20;30/06/2026 09:07;25/06/2026 11:20;06/07/2026 13:55
557986;PA;A8343;00019200000013328000;MultiModal;25/06/2026 11:20;30/06/2026 09:07;25/06/2026 11:20;06/07/2026 13:55
557986;PA;A2426;00019200000013328018;MultiModal;25/06/2026 11:20;30/06/2026 09:07;25/06/2026 11:20;06/07/2026 13:55
557986;PA;S1720;00019200000013328026;MultiModal;25/06/2026 11:20;30/06/2026 09:07;25/06/2026 11:20;06/07/2026 13:55
557986;PA;S1998;00019200000013328034;MultiModal;25/06/2026 11:20;30/06/2026 09:07;25/06/2026 11:20;06/07/2026 13:55
557986;PA;S1259;00019200000013328042;MultiModal;25/06/2026 11:20;30/06/2026 09:07;25/06/2026 11:20;06/07/2026 13:55
557986;PA;S0635;00019200000013328050;MultiModal;25/06/2026 11:20;30/06/2026 09:07;25/06/2026 11:20;06/07/2026 13:55
557986;PA;S0993;00019200000013328069;MultiModal;25/06/2026 11:20;30/06/2026 09:07;25/06/2026 11:20;06/07/2026 13:55
557986;PA;S1351;00019200000013328077;MultiModal;25/06/2026 11:20;30/06/2026 09:07;25/06/2026 11:20;06/07/2026 13:55
557986;PA;A8442;00019200000013328484;MultiModal;25/06/2026 11:20;30/06/2026 09:07;25/06/2026 11:20;06/07/2026 13:55
557986;PA;S0618;00019200000013328506;MultiModal;25/06/2026 11:20;30/06/2026 09:07;25/06/2026 11:20;06/07/2026 13:55
558073;PA;S1306;00019200000012907472;MultiModal;17/06/2026 23:48;19/06/2026 18:27;17/06/2026 23:48;19/06/2026 18:27
558073;PA;S0885;00019200000012907480;MultiModal;17/06/2026 23:48;19/06/2026 18:27;17/06/2026 23:48;19/06/2026 18:27
558667;PA;A9647;00019200000013244795;MultiModal;01/07/2026 01:13;02/07/2026 18:00;01/07/2026 01:13;02/07/2026 18:00
558667;PA;A7677;00019200000013244809;MultiModal;01/07/2026 01:13;02/07/2026 18:00;01/07/2026 01:13;02/07/2026 18:00
558667;PA;A5128;00019200000013244817;MultiModal;01/07/2026 01:13;02/07/2026 18:00;01/07/2026 01:13;02/07/2026 18:00
558667;PA;A8494;00019200000013244825;MultiModal;01/07/2026 01:13;02/07/2026 18:00;01/07/2026 01:13;02/07/2026 18:00
558667;PA;TA0917;00019200000013244833;MultiModal;01/07/2026 01:13;02/07/2026 18:00;01/07/2026 01:13;02/07/2026 18:00
558860;PA;TA0400;00019200000013317369;MultiModal;24/06/2026 00:07;26/06/2026 19:00;24/06/2026 00:07;26/06/2026 19:00
558863;PA;A9704;00019200000013317300;MultiModal;24/06/2026 00:13;27/06/2026 16:00;24/06/2026 00:13;27/06/2026 16:00
558955;PA;A8890;00019200000013421220;MultiModal;08/07/2026 00:49;10/07/2026 14:15;08/07/2026 00:49;10/07/2026 14:15
558955;PA;A5052;00019200000013421239;MultiModal;08/07/2026 00:49;10/07/2026 14:15;08/07/2026 00:49;10/07/2026 14:15
559314;PA;A2222;00019200000013248391;MultiModal;29/06/2026 09:19;01/07/2026 16:24;29/06/2026 09:19;01/07/2026 16:24
559328;PA;TA0373;00019200000013253360;MultiModal;29/06/2026 03:58;30/06/2026 15:40;29/06/2026 03:58;30/06/2026 15:40
559328;PA;A9496;00019200000013253379;MultiModal;29/06/2026 03:58;30/06/2026 15:40;29/06/2026 03:58;30/06/2026 15:40
559467;PA;A6930;00019200000013250957;MultiModal;29/06/2026 23:47;07/07/2026 10:00;29/06/2026 23:47;07/07/2026 10:00
560349;PA;A6781;00019200000013438255;MultiModal;15/07/2026 22:20;17/07/2026 15:35;15/07/2026 22:20;17/07/2026 15:35
560349;PA;A4384;00019200000013438263;MultiModal;15/07/2026 22:20;17/07/2026 15:35;15/07/2026 22:20;17/07/2026 15:35
560349;PA;A8888;00019200000013438271;MultiModal;15/07/2026 22:20;17/07/2026 15:35;15/07/2026 22:20;17/07/2026 15:35
560349;PA;A7273;00019200000013438280;MultiModal;15/07/2026 22:20;17/07/2026 15:35;15/07/2026 22:20;17/07/2026 15:35
560349;PA;A8067;00019200000013438298;MultiModal;15/07/2026 22:20;17/07/2026 15:35;15/07/2026 22:20;17/07/2026 15:35
560349;PA;A7129;00019200000013438301;MultiModal;15/07/2026 22:20;17/07/2026 15:35;15/07/2026 22:20;17/07/2026 15:35
560349;PA;A8387;00019200000013438310;MultiModal;15/07/2026 22:20;17/07/2026 15:35;15/07/2026 22:20;17/07/2026 15:35
560349;PA;A5794;00019200000013438328;MultiModal;15/07/2026 22:20;17/07/2026 15:35;15/07/2026 22:20;17/07/2026 15:35
560349;PA;A2973;00019200000013438336;MultiModal;15/07/2026 22:20;17/07/2026 15:35;15/07/2026 22:20;17/07/2026 15:35
560349;PA;A5649;00019200000013438344;MultiModal;15/07/2026 22:20;17/07/2026 15:35;15/07/2026 22:20;17/07/2026 15:35
560349;PA;A8742;00019200000013438352;MultiModal;15/07/2026 22:20;17/07/2026 15:35;15/07/2026 22:20;17/07/2026 15:35
560349;PA;A1935;00019200000013438360;MultiModal;15/07/2026 22:20;17/07/2026 15:35;15/07/2026 22:20;17/07/2026 15:35
560349;PA;A7023;00019200000013438379;MultiModal;15/07/2026 22:20;17/07/2026 15:35;15/07/2026 22:20;17/07/2026 15:35
560349;PA;A6971;00019200000013438387;MultiModal;15/07/2026 22:20;17/07/2026 15:35;15/07/2026 22:20;17/07/2026 15:35
560349;PA;A9449;00019200000013438760;MultiModal;15/07/2026 22:20;17/07/2026 15:35;15/07/2026 22:20;17/07/2026 15:35
560349;PA;A9064;00019200000013438778;MultiModal;15/07/2026 22:20;17/07/2026 15:35;15/07/2026 22:20;17/07/2026 15:35
560349;PA;A8966;00019200000013438786;MultiModal;15/07/2026 22:20;17/07/2026 15:35;15/07/2026 22:20;17/07/2026 15:35
560349;PA;A5867;00019200000013438794;MultiModal;15/07/2026 22:20;17/07/2026 15:35;15/07/2026 22:20;17/07/2026 15:35
560349;PA;A5552;00019200000013438808;MultiModal;15/07/2026 22:20;17/07/2026 15:35;15/07/2026 22:20;17/07/2026 15:35
560349;PA;TA1194;00019200000013438816;MultiModal;15/07/2026 22:20;17/07/2026 15:35;15/07/2026 22:20;17/07/2026 15:35
560349;PA;A8068;00019200000013438824;MultiModal;15/07/2026 22:20;17/07/2026 15:35;15/07/2026 22:20;17/07/2026 15:35
560349;PA;A8744;00019200000013439898;MultiModal;15/07/2026 22:20;17/07/2026 15:35;15/07/2026 22:20;17/07/2026 15:35
560349;PA;A5842;00019200000013439901;MultiModal;15/07/2026 22:20;17/07/2026 15:35;15/07/2026 22:20;17/07/2026 15:35
560349;PA;A5799;00019200000013439910;MultiModal;15/07/2026 22:20;17/07/2026 15:35;15/07/2026 22:20;17/07/2026 15:35
560349;PA;TA0519;00019200000013439928;MultiModal;15/07/2026 22:20;17/07/2026 15:35;15/07/2026 22:20;17/07/2026 15:35
560349;PA;TA0517;00019200000013439936;MultiModal;15/07/2026 22:20;17/07/2026 15:35;15/07/2026 22:20;17/07/2026 15:35
560349;PA;A0969;00019200000013439944;MultiModal;15/07/2026 22:20;17/07/2026 15:35;15/07/2026 22:20;17/07/2026 15:35
560349;PA;A3533;00019200000013480197;MultiModal;15/07/2026 22:20;17/07/2026 15:35;15/07/2026 22:20;17/07/2026 15:35
560349;PA;A5053;00019200000013480391;MultiModal;15/07/2026 22:20;17/07/2026 15:35;15/07/2026 22:20;17/07/2026 15:35
560349;PA;A5032;00019200000013480405;MultiModal;15/07/2026 22:20;17/07/2026 15:35;15/07/2026 22:20;17/07/2026 15:35
560349;PA;TA0763;00019200000013480413;MultiModal;15/07/2026 22:20;17/07/2026 15:35;15/07/2026 22:20;17/07/2026 15:35
560349;PA;TA0014;00019200000013481304;MultiModal;15/07/2026 22:20;17/07/2026 15:35;15/07/2026 22:20;17/07/2026 15:35
560349;PA;A9186;00019200000013481312;MultiModal;15/07/2026 22:20;17/07/2026 15:35;15/07/2026 22:20;17/07/2026 15:35
560349;PA;A0791;00019200000013481320;MultiModal;15/07/2026 22:20;17/07/2026 15:35;15/07/2026 22:20;17/07/2026 15:35
560349;PA;A9373;00019200000013481339;MultiModal;15/07/2026 22:20;17/07/2026 15:35;15/07/2026 22:20;17/07/2026 15:35
560349;PA;A3066;00019200000013481347;MultiModal;15/07/2026 22:20;17/07/2026 15:35;15/07/2026 22:20;17/07/2026 15:35
560349;PA;A5050;00019200000013481355;MultiModal;15/07/2026 22:20;17/07/2026 15:35;15/07/2026 22:20;17/07/2026 15:35
560349;PA;A5286;00019200000013481363;MultiModal;15/07/2026 22:20;17/07/2026 15:35;15/07/2026 22:20;17/07/2026 15:35
560349;PA;A2896;00019200000013481371;MultiModal;15/07/2026 22:20;17/07/2026 15:35;15/07/2026 22:20;17/07/2026 15:35
560444;PA;A6216;00019200000013441710;MultiModal;14/07/2026 23:03;-;14/07/2026 23:03;-
560444;PA;A6739;00019200000013441728;MultiModal;14/07/2026 23:03;-;14/07/2026 23:03;-
560444;PA;A7807;00019200000013441736;MultiModal;14/07/2026 23:03;-;14/07/2026 23:03;-
560444;PA;A0414;00019200000013441744;MultiModal;14/07/2026 23:03;-;14/07/2026 23:03;-
560444;PA;A6819;00019200000013441752;MultiModal;14/07/2026 23:03;-;14/07/2026 23:03;-
560444;PA;A9035;00019200000013441760;MultiModal;14/07/2026 23:03;-;14/07/2026 23:03;-
560444;PA;A6067;00019200000013441787;MultiModal;14/07/2026 23:03;-;14/07/2026 23:03;-
560444;PA;TA1030;00019200000013441795;MultiModal;14/07/2026 23:03;-;14/07/2026 23:03;-
560444;PA;A1657;00019200000013441809;MultiModal;14/07/2026 23:03;-;14/07/2026 23:03;-
560444;PA;A5353;00019200000013441817;MultiModal;14/07/2026 23:03;-;14/07/2026 23:03;-
560444;PA;A8249;00019200000013441825;MultiModal;14/07/2026 23:03;-;14/07/2026 23:03;-
560444;PA;TA0665;00019200000013441833;MultiModal;14/07/2026 23:03;-;14/07/2026 23:03;-
560444;PA;A7209;00019200000013441841;MultiModal;14/07/2026 23:03;-;14/07/2026 23:03;-
560444;PA;TA1119;00019200000013441850;MultiModal;14/07/2026 23:03;-;14/07/2026 23:03;-
560444;PA;A5685;00019200000013442082;MultiModal;14/07/2026 23:03;-;14/07/2026 23:03;-
560444;PA;A2656;00019200000013442090;MultiModal;14/07/2026 23:03;-;14/07/2026 23:03;-
560444;PA;A0406;00019200000013442104;MultiModal;14/07/2026 23:03;-;14/07/2026 23:03;-
560776;PA;TA0526;00019200000013441892;MultiModal;14/07/2026 23:19;16/07/2026 16:00;14/07/2026 23:19;16/07/2026 16:00
560950;PA;A9139;00019200000013441922;MultiModal;14/07/2026 23:03;17/07/2026 14:50;14/07/2026 23:03;17/07/2026 14:50
561157;PA;A1526;00019200000013454366;MultiModal;15/07/2026 22:32;-;15/07/2026 22:32;-
556404;PB;TA1061;00019200000012702889;MultiModal;11/06/2026 04:50;12/06/2026 11:59;-;-
556404;PB;A4088;00019200000012702897;MultiModal;11/06/2026 04:50;12/06/2026 11:59;-;-
556404;PB;A3284;00019200000012702900;MultiModal;11/06/2026 04:50;12/06/2026 11:59;-;-
556404;PB;A5034;00019200000012702960;MultiModal;11/06/2026 04:50;12/06/2026 11:59;-;-
556404;PB;A0262;00019200000012702978;MultiModal;11/06/2026 04:50;12/06/2026 11:59;-;-
556510;PB;A5336;00019200000012657638;MultiModal;11/06/2026 04:50;12/06/2026 11:53;-;-
556510;PB;A2915;00019200000012657646;MultiModal;11/06/2026 04:50;12/06/2026 11:53;-;-
556655;PB;A3948;00019200000012658723;MultiModal;11/06/2026 04:49;12/06/2026 12:01;-;-
556655;PB;A9573;00019200000012658731;MultiModal;11/06/2026 04:49;12/06/2026 12:01;-;-
556655;PB;A1466;00019200000012658740;MultiModal;11/06/2026 04:49;12/06/2026 12:01;-;-
556711;PB;A6435;00019200000012698881;MultiModal;20/06/2026 22:16;22/06/2026 12:20;20/06/2026 22:16;01/07/2026 09:32
556711;PB;A1621;00019200000012698890;MultiModal;20/06/2026 22:16;22/06/2026 12:20;20/06/2026 22:16;01/07/2026 09:32
556727;PB;A7228;00019200000012908118;MultiModal;15/06/2026 01:44;16/06/2026 11:40;15/06/2026 01:44;16/06/2026 11:40
556727;PB;A0444;00019200000012908126;MultiModal;15/06/2026 01:44;16/06/2026 11:40;15/06/2026 01:44;16/06/2026 11:40
556727;PB;A2522;00019200000012908134;MultiModal;15/06/2026 01:44;16/06/2026 11:40;15/06/2026 01:44;16/06/2026 11:40
556727;PB;TA1052;00019200000012908142;MultiModal;15/06/2026 01:44;16/06/2026 11:40;15/06/2026 01:44;16/06/2026 11:40
556727;PB;TA1074;00019200000012908150;MultiModal;15/06/2026 01:44;16/06/2026 11:40;15/06/2026 01:44;16/06/2026 11:40
556727;PB;A8553;00019200000012908169;MultiModal;15/06/2026 01:44;16/06/2026 11:40;15/06/2026 01:44;16/06/2026 11:40
556727;PB;A4499;00019200000012908177;MultiModal;15/06/2026 01:44;16/06/2026 11:40;15/06/2026 01:44;16/06/2026 11:40
556727;PB;A2551;00019200000012908185;MultiModal;15/06/2026 01:44;16/06/2026 11:40;15/06/2026 01:44;16/06/2026 11:40
556727;PB;A4690;00019200000012908193;MultiModal;15/06/2026 01:44;16/06/2026 11:40;15/06/2026 01:44;16/06/2026 11:40
556727;PB;A3715;00019200000012908207;MultiModal;15/06/2026 01:44;16/06/2026 11:40;15/06/2026 01:44;16/06/2026 11:40
556727;PB;A9533;00019200000012908215;MultiModal;15/06/2026 01:44;16/06/2026 11:40;15/06/2026 01:44;16/06/2026 11:40
556727;PB;A8562;00019200000012908223;MultiModal;15/06/2026 01:44;16/06/2026 11:40;15/06/2026 01:44;16/06/2026 11:40
556727;PB;A0802;00019200000012908231;MultiModal;15/06/2026 01:44;16/06/2026 11:40;15/06/2026 01:44;16/06/2026 11:40
556727;PB;A8148;00019200000012908240;MultiModal;15/06/2026 01:44;16/06/2026 11:40;15/06/2026 01:44;16/06/2026 11:40
556727;PB;A1811;00019200000012908258;MultiModal;15/06/2026 01:44;16/06/2026 11:40;15/06/2026 01:44;16/06/2026 11:40
556727;PB;A7726;00019200000012908266;MultiModal;15/06/2026 01:44;16/06/2026 11:40;15/06/2026 01:44;16/06/2026 11:40
556727;PB;A2472;00019200000012908304;MultiModal;15/06/2026 01:44;16/06/2026 11:40;15/06/2026 01:44;16/06/2026 11:40
556727;PB;A8636;00019200000012908312;MultiModal;15/06/2026 01:44;16/06/2026 11:40;15/06/2026 01:44;16/06/2026 11:40
556727;PB;A8221;00019200000012908320;MultiModal;15/06/2026 01:44;16/06/2026 11:40;15/06/2026 01:44;16/06/2026 11:40
556787;PB;S1680;00019200000013209701;MultiModal;17/06/2026 23:47;19/06/2026 17:31;17/06/2026 23:47;19/06/2026 17:31
556787;PB;S1517;00019200000013209710;MultiModal;17/06/2026 23:47;19/06/2026 17:31;17/06/2026 23:47;19/06/2026 17:31
556787;PB;S0853;00019200000013209728;MultiModal;17/06/2026 23:47;19/06/2026 17:31;17/06/2026 23:47;19/06/2026 17:31
556808;PB;A7799;00019200000012696137;MultiModal;17/06/2026 00:04;18/06/2026 11:30;17/06/2026 00:04;18/06/2026 11:30
556808;PB;A8320;00019200000012696200;MultiModal;17/06/2026 00:04;18/06/2026 11:30;17/06/2026 00:04;18/06/2026 11:30
556808;PB;A1645;00019200000012697648;MultiModal;17/06/2026 00:04;18/06/2026 11:30;17/06/2026 00:04;18/06/2026 11:30
556808;PB;A8376;00019200000012697656;MultiModal;17/06/2026 00:04;18/06/2026 11:30;17/06/2026 00:04;18/06/2026 11:30
556808;PB;A4993;00019200000012697664;MultiModal;17/06/2026 00:04;18/06/2026 11:30;17/06/2026 00:58;18/06/2026 11:30
556808;PB;A6510;00019200000012697672;MultiModal;17/06/2026 00:04;18/06/2026 11:30;17/06/2026 00:04;18/06/2026 11:30
556808;PB;A1369;00019200000012697680;MultiModal;17/06/2026 00:04;18/06/2026 11:30;17/06/2026 00:58;18/06/2026 11:30
556808;PB;A7165;00019200000012697699;MultiModal;17/06/2026 00:04;18/06/2026 11:30;17/06/2026 00:58;18/06/2026 11:30
556808;PB;TA0520;00019200000012697702;MultiModal;17/06/2026 00:04;18/06/2026 11:30;17/06/2026 00:58;18/06/2026 11:30
556808;PB;A4124;00019200000012697710;MultiModal;17/06/2026 00:04;18/06/2026 11:30;17/06/2026 00:58;18/06/2026 11:30
556808;PB;A3844;00019200000012697729;MultiModal;17/06/2026 00:04;18/06/2026 11:30;17/06/2026 00:58;18/06/2026 11:30
556808;PB;TA0050;00019200000012697737;MultiModal;17/06/2026 00:04;18/06/2026 11:30;17/06/2026 00:04;18/06/2026 11:30
556808;PB;A3551;00019200000012697745;MultiModal;17/06/2026 00:04;18/06/2026 11:30;17/06/2026 00:04;18/06/2026 11:30
556808;PB;A2299;00019200000012697753;MultiModal;17/06/2026 00:04;18/06/2026 11:30;17/06/2026 00:58;18/06/2026 11:30
556808;PB;A3489;00019200000012697761;MultiModal;17/06/2026 00:04;18/06/2026 11:30;17/06/2026 00:58;18/06/2026 11:30
556808;PB;TA0260;00019200000012697770;MultiModal;17/06/2026 00:04;18/06/2026 11:30;17/06/2026 00:58;18/06/2026 11:30
556808;PB;A9403;00019200000012697788;MultiModal;17/06/2026 00:04;18/06/2026 11:30;17/06/2026 00:58;18/06/2026 11:30
556808;PB;A5271;00019200000012697796;MultiModal;17/06/2026 00:04;18/06/2026 11:30;17/06/2026 00:58;18/06/2026 11:30
556808;PB;TA0669;00019200000012697800;MultiModal;17/06/2026 00:04;18/06/2026 11:30;17/06/2026 00:04;18/06/2026 11:30
556808;PB;A8506;00019200000012697818;MultiModal;17/06/2026 00:04;18/06/2026 11:30;17/06/2026 00:04;18/06/2026 11:30
556808;PB;A5424;00019200000012697826;MultiModal;17/06/2026 00:04;18/06/2026 11:30;17/06/2026 00:58;18/06/2026 11:30
556808;PB;A3817;00019200000012697834;MultiModal;17/06/2026 00:04;18/06/2026 11:30;17/06/2026 00:04;18/06/2026 11:30
556808;PB;A5067;00019200000012700320;MultiModal;17/06/2026 00:04;18/06/2026 11:30;17/06/2026 00:58;18/06/2026 11:30
556808;PB;A2642;00019200000012907499;MultiModal;17/06/2026 00:04;18/06/2026 11:30;17/06/2026 00:04;18/06/2026 11:30
556808;PB;A9180;00019200000012907502;MultiModal;17/06/2026 00:04;18/06/2026 11:30;17/06/2026 00:04;18/06/2026 11:30
556808;PB;TA0288;00019200000012907510;MultiModal;17/06/2026 00:04;18/06/2026 11:30;17/06/2026 00:04;18/06/2026 11:30
556808;PB;A8655;00019200000012907529;MultiModal;17/06/2026 00:04;18/06/2026 11:30;17/06/2026 00:58;18/06/2026 11:30
556808;PB;A9176;00019200000012907537;MultiModal;17/06/2026 00:04;18/06/2026 11:30;17/06/2026 00:04;18/06/2026 11:30
556808;PB;A5449;00019200000012907545;MultiModal;17/06/2026 00:04;18/06/2026 11:30;17/06/2026 00:58;18/06/2026 11:30
556808;PB;A6165;00019200000012907553;MultiModal;17/06/2026 00:04;18/06/2026 11:30;17/06/2026 00:04;18/06/2026 11:30
556808;PB;A2474;00019200000013208950;MultiModal;17/06/2026 00:04;18/06/2026 11:30;17/06/2026 00:04;18/06/2026 11:30
556951;PB;A4110;00019200000012658898;MultiModal;11/06/2026 04:50;12/06/2026 12:24;-;-
556951;PB;A5046;00019200000012658910;MultiModal;11/06/2026 04:50;12/06/2026 12:24;-;-
556951;PB;A4919;00019200000012658928;MultiModal;11/06/2026 04:50;12/06/2026 12:24;-;-
556951;PB;A1051;00019200000012658936;MultiModal;11/06/2026 04:50;12/06/2026 12:24;-;-
556951;PB;TA1230;00019200000012658944;MultiModal;11/06/2026 04:50;12/06/2026 12:24;-;-
556951;PB;A5238;00019200000012659320;MultiModal;11/06/2026 04:50;12/06/2026 12:24;-;-
557267;PB;A8639;00019200000012697290;MultiModal;24/06/2026 05:00;25/06/2026 15:15;25/06/2026 03:51;26/06/2026 13:09
557267;PB;A8583;00019200000012697338;MultiModal;24/06/2026 05:00;25/06/2026 15:15;25/06/2026 03:51;26/06/2026 13:09
557267;PB;TA0839;00019200000012697354;MultiModal;24/06/2026 05:00;25/06/2026 15:15;02/07/2026 00:20;03/07/2026 14:30
557267;PB;A3042;00019200000012697435;MultiModal;24/06/2026 05:00;25/06/2026 15:15;25/06/2026 03:51;26/06/2026 13:09
557267;PB;A6985;00019200000013204890;MultiModal;24/06/2026 05:00;25/06/2026 15:15;02/07/2026 00:20;03/07/2026 14:30
557267;PB;A7899;00019200000013204904;MultiModal;24/06/2026 05:00;25/06/2026 15:15;02/07/2026 00:20;03/07/2026 14:30
557267;PB;A7767;00019200000013204912;MultiModal;24/06/2026 05:00;25/06/2026 15:15;02/07/2026 00:20;03/07/2026 14:30
557267;PB;A1965;00019200000013204920;MultiModal;24/06/2026 05:00;25/06/2026 15:15;02/07/2026 00:48;03/07/2026 11:30
557267;PB;TA0594;00019200000013204939;MultiModal;24/06/2026 05:00;25/06/2026 15:15;02/07/2026 00:48;03/07/2026 11:30
557267;PB;A1502;00019200000013204947;MultiModal;24/06/2026 05:00;25/06/2026 15:15;02/07/2026 00:20;03/07/2026 14:30
557267;PB;TA0426;00019200000013204955;MultiModal;24/06/2026 05:00;25/06/2026 15:15;02/07/2026 00:20;03/07/2026 14:30
557267;PB;TA0256;00019200000013204963;MultiModal;24/06/2026 05:00;25/06/2026 15:15;02/07/2026 00:20;03/07/2026 14:30
557267;PB;A9679;00019200000013205030;MultiModal;24/06/2026 05:00;25/06/2026 15:15;02/07/2026 00:20;03/07/2026 14:30
557267;PB;A5715;00019200000013205048;MultiModal;24/06/2026 05:00;25/06/2026 15:15;24/06/2026 05:00;25/06/2026 15:15
557267;PB;A2398;00019200000013205986;MultiModal;24/06/2026 05:00;25/06/2026 15:15;02/07/2026 00:48;03/07/2026 11:30
557267;PB;A6617;00019200000013206109;MultiModal;24/06/2026 05:00;25/06/2026 15:15;24/06/2026 05:00;25/06/2026 15:15
557267;PB;A8636;00019200000013206117;MultiModal;24/06/2026 05:00;25/06/2026 15:15;02/07/2026 00:20;03/07/2026 14:30
557267;PB;A6435;00019200000013206184;MultiModal;24/06/2026 05:00;25/06/2026 15:15;02/07/2026 00:20;03/07/2026 14:30
557267;PB;A9524;00019200000013206192;MultiModal;24/06/2026 05:00;25/06/2026 15:15;02/07/2026 00:20;03/07/2026 14:30
557267;PB;A9676;00019200000013206214;MultiModal;24/06/2026 05:00;25/06/2026 15:15;24/06/2026 05:00;25/06/2026 15:15
557267;PB;A5095;00019200000013206222;MultiModal;24/06/2026 05:00;25/06/2026 15:15;02/07/2026 00:20;03/07/2026 14:30
557267;PB;A4483;00019200000013206230;MultiModal;24/06/2026 05:00;25/06/2026 15:15;24/06/2026 05:00;25/06/2026 15:15
557267;PB;A8455;00019200000013206249;MultiModal;24/06/2026 05:00;25/06/2026 15:15;02/07/2026 00:20;03/07/2026 14:30
557267;PB;A2944;00019200000013206257;MultiModal;24/06/2026 05:00;25/06/2026 15:15;25/06/2026 03:51;26/06/2026 13:09
557267;PB;A7028;00019200000013206265;MultiModal;24/06/2026 05:00;25/06/2026 15:15;02/07/2026 00:48;03/07/2026 11:30
557267;PB;TA0394;00019200000013206273;MultiModal;24/06/2026 05:00;25/06/2026 15:15;02/07/2026 00:48;03/07/2026 11:30
557267;PB;A5657;00019200000013206281;MultiModal;24/06/2026 05:00;25/06/2026 15:15;02/07/2026 00:20;03/07/2026 14:30
557267;PB;A6870;00019200000013206290;MultiModal;24/06/2026 05:00;25/06/2026 15:15;02/07/2026 00:48;03/07/2026 11:30
557267;PB;A4273;00019200000013206303;MultiModal;24/06/2026 05:00;25/06/2026 15:15;02/07/2026 00:48;03/07/2026 11:30
557267;PB;A8535;00019200000013206311;MultiModal;24/06/2026 05:00;25/06/2026 15:15;02/07/2026 00:48;03/07/2026 11:30
557267;PB;A0497;00019200000013206320;MultiModal;24/06/2026 05:00;25/06/2026 15:15;02/07/2026 00:48;03/07/2026 11:30
557267;PB;TA0269;00019200000013206338;MultiModal;24/06/2026 05:00;25/06/2026 15:15;02/07/2026 00:48;03/07/2026 11:30
557267;PB;A2065;00019200000013206346;MultiModal;24/06/2026 05:00;25/06/2026 15:15;02/07/2026 00:48;03/07/2026 11:30
557267;PB;A5898;00019200000013206354;MultiModal;24/06/2026 05:00;25/06/2026 15:15;02/07/2026 00:20;03/07/2026 14:30
557267;PB;A2968;00019200000013206362;MultiModal;24/06/2026 05:00;25/06/2026 15:15;25/06/2026 03:51;26/06/2026 13:09
557267;PB;TA0882;00019200000013206370;MultiModal;24/06/2026 05:00;25/06/2026 15:15;25/06/2026 03:51;26/06/2026 13:09
557267;PB;A2904;00019200000013206389;MultiModal;24/06/2026 05:00;25/06/2026 15:15;25/06/2026 03:51;26/06/2026 13:09
557267;PB;A2561;00019200000013206397;MultiModal;24/06/2026 05:00;25/06/2026 15:15;25/06/2026 03:51;26/06/2026 13:09
557267;PB;A3271;00019200000013206400;MultiModal;24/06/2026 05:00;25/06/2026 15:15;25/06/2026 03:51;26/06/2026 13:09
557267;PB;A8294;00019200000013206419;MultiModal;24/06/2026 05:00;25/06/2026 15:15;25/06/2026 03:51;26/06/2026 13:09
557267;PB;A4745;00019200000013206427;MultiModal;24/06/2026 05:00;25/06/2026 15:15;25/06/2026 03:51;26/06/2026 13:09
557267;PB;A8735;00019200000013206435;MultiModal;24/06/2026 05:00;25/06/2026 15:15;25/06/2026 03:51;26/06/2026 13:09
557267;PB;A4996;00019200000013206443;MultiModal;24/06/2026 05:00;25/06/2026 15:15;25/06/2026 03:51;26/06/2026 13:09
557267;PB;A8624;00019200000013206451;MultiModal;24/06/2026 05:00;25/06/2026 15:15;25/06/2026 03:51;26/06/2026 13:09
557267;PB;A4349;00019200000013206460;MultiModal;24/06/2026 05:00;25/06/2026 15:15;25/06/2026 03:51;26/06/2026 13:09
557267;PB;A3693;00019200000013206478;MultiModal;24/06/2026 05:00;25/06/2026 15:15;25/06/2026 03:51;26/06/2026 13:09
557267;PB;A0985;00019200000013206486;MultiModal;24/06/2026 05:00;25/06/2026 15:15;25/06/2026 03:51;26/06/2026 13:09
557267;PB;TA0731;00019200000013206494;MultiModal;24/06/2026 05:00;25/06/2026 15:15;25/06/2026 03:51;26/06/2026 13:09
557267;PB;A8385;00019200000013206508;MultiModal;24/06/2026 05:00;25/06/2026 15:15;25/06/2026 03:51;26/06/2026 13:09
557267;PB;A2510;00019200000013206516;MultiModal;24/06/2026 05:00;25/06/2026 15:15;02/07/2026 00:20;03/07/2026 14:30
557267;PB;A2414;00019200000013206524;MultiModal;24/06/2026 05:00;25/06/2026 15:15;02/07/2026 00:20;03/07/2026 14:30
557267;PB;A8258;00019200000013206532;MultiModal;24/06/2026 05:00;25/06/2026 15:15;02/07/2026 00:20;03/07/2026 14:30
557267;PB;A5901;00019200000013206540;MultiModal;24/06/2026 05:00;25/06/2026 15:15;02/07/2026 00:20;03/07/2026 14:30
557267;PB;A6502;00019200000013206559;MultiModal;24/06/2026 05:00;25/06/2026 15:15;02/07/2026 00:20;03/07/2026 14:30
557267;PB;A3509;00019200000013206567;MultiModal;24/06/2026 05:00;25/06/2026 15:15;02/07/2026 00:20;03/07/2026 14:30
557267;PB;A3926;00019200000013206575;MultiModal;24/06/2026 05:00;25/06/2026 15:15;25/06/2026 03:51;26/06/2026 13:09
557267;PB;A8232;00019200000013206605;MultiModal;24/06/2026 05:00;25/06/2026 15:15;24/06/2026 05:00;25/06/2026 15:15
557267;PB;A9230;00019200000013206613;MultiModal;24/06/2026 05:00;25/06/2026 15:15;24/06/2026 05:00;25/06/2026 15:15
557267;PB;A0204;00019200000013206621;MultiModal;24/06/2026 05:00;25/06/2026 15:15;24/06/2026 05:00;25/06/2026 15:15
557267;PB;A5092;00019200000013206630;MultiModal;24/06/2026 05:00;25/06/2026 15:15;24/06/2026 05:00;25/06/2026 15:15
557267;PB;A6286;00019200000013206648;MultiModal;24/06/2026 05:00;25/06/2026 15:15;24/06/2026 05:00;25/06/2026 15:15
557267;PB;A7317;00019200000013206656;MultiModal;24/06/2026 05:00;25/06/2026 15:15;24/06/2026 05:00;25/06/2026 15:15
557267;PB;A2739;00019200000013206664;MultiModal;24/06/2026 05:00;25/06/2026 15:15;24/06/2026 05:00;25/06/2026 15:15
557267;PB;A8430;00019200000013206672;MultiModal;24/06/2026 05:00;25/06/2026 15:15;24/06/2026 05:00;25/06/2026 15:15
557267;PB;A7060;00019200000013206680;MultiModal;24/06/2026 05:00;25/06/2026 15:15;24/06/2026 05:00;25/06/2026 15:15
557267;PB;A2907;00019200000013206699;MultiModal;24/06/2026 05:00;25/06/2026 15:15;24/06/2026 05:00;25/06/2026 15:15
557267;PB;A1502;00019200000013206702;MultiModal;24/06/2026 05:00;25/06/2026 15:15;24/06/2026 05:00;25/06/2026 15:15
557267;PB;A5156;00019200000013206710;MultiModal;24/06/2026 05:00;25/06/2026 15:15;24/06/2026 05:00;25/06/2026 15:15
557267;PB;TA0544;00019200000013206729;MultiModal;24/06/2026 05:00;25/06/2026 15:15;24/06/2026 05:00;25/06/2026 15:15
557267;PB;A6895;00019200000013206737;MultiModal;24/06/2026 05:00;25/06/2026 15:15;24/06/2026 05:00;25/06/2026 15:15
557267;PB;A2926;00019200000013206745;MultiModal;24/06/2026 05:00;25/06/2026 15:15;24/06/2026 05:00;25/06/2026 15:15
557267;PB;A2441;00019200000013206753;MultiModal;24/06/2026 05:00;25/06/2026 15:15;02/07/2026 00:48;03/07/2026 11:30
557267;PB;A9550;00019200000013206761;MultiModal;24/06/2026 05:00;25/06/2026 15:15;02/07/2026 00:48;03/07/2026 11:30
557267;PB;A5675;00019200000013206770;MultiModal;24/06/2026 05:00;25/06/2026 15:15;24/06/2026 05:00;25/06/2026 15:15
557267;PB;A7019;00019200000013206788;MultiModal;24/06/2026 05:00;25/06/2026 15:15;24/06/2026 05:00;25/06/2026 15:15
557267;PB;A7974;00019200000013206796;MultiModal;24/06/2026 05:00;25/06/2026 15:15;02/07/2026 00:48;03/07/2026 11:30
557267;PB;A1621;00019200000013206800;MultiModal;24/06/2026 05:00;25/06/2026 15:15;02/07/2026 00:48;03/07/2026 11:30
557267;PB;A5080;00019200000013206818;MultiModal;24/06/2026 05:00;25/06/2026 15:15;02/07/2026 00:48;03/07/2026 11:30
557267;PB;A7797;00019200000013206826;MultiModal;24/06/2026 05:00;25/06/2026 15:15;02/07/2026 00:48;03/07/2026 11:30
557267;PB;A7486;00019200000013206834;MultiModal;24/06/2026 05:00;25/06/2026 15:15;24/06/2026 05:00;25/06/2026 15:15
557267;PB;A8538;00019200000013206842;MultiModal;24/06/2026 05:00;25/06/2026 15:15;24/06/2026 05:00;25/06/2026 15:15
557267;PB;A0071;00019200000013206850;MultiModal;24/06/2026 05:00;25/06/2026 15:15;02/07/2026 00:48;03/07/2026 11:30
557267;PB;A3680;00019200000013206869;MultiModal;24/06/2026 05:00;25/06/2026 15:15;02/07/2026 00:48;03/07/2026 11:30
557267;PB;A3258;00019200000013206877;MultiModal;24/06/2026 05:00;25/06/2026 15:15;02/07/2026 00:48;03/07/2026 11:30
557267;PB;A8232;00019200000013206885;MultiModal;24/06/2026 05:00;25/06/2026 15:15;02/07/2026 00:48;03/07/2026 11:30
557267;PB;A6448;00019200000013206893;MultiModal;24/06/2026 05:00;25/06/2026 15:15;02/07/2026 00:20;03/07/2026 14:30
557267;PB;A6661;00019200000013206907;MultiModal;24/06/2026 05:00;25/06/2026 15:15;02/07/2026 00:48;03/07/2026 11:30
557267;PB;A8175;00019200000013225413;MultiModal;24/06/2026 05:00;25/06/2026 15:15;25/06/2026 03:51;26/06/2026 13:09
557267;PB;A5477;00019200000013227149;MultiModal;24/06/2026 05:00;25/06/2026 15:15;25/06/2026 03:51;26/06/2026 13:09
557283;PB;A2414;00019200000013211641;MultiModal;24/06/2026 05:00;25/06/2026 15:15;24/06/2026 05:00;25/06/2026 15:15
557283;PB;TA0807;00019200000013211650;MultiModal;24/06/2026 05:00;25/06/2026 15:15;24/06/2026 05:00;25/06/2026 15:15
557283;PB;A2148;00019200000013211668;MultiModal;24/06/2026 05:00;25/06/2026 15:15;24/06/2026 05:00;25/06/2026 15:15
557283;PB;A0618;00019200000013211676;MultiModal;24/06/2026 05:00;25/06/2026 15:15;24/06/2026 05:00;25/06/2026 15:15
557724;PB;A1102;00019200000013208900;MultiModal;17/06/2026 23:48;20/06/2026 08:10;17/06/2026 23:48;20/06/2026 08:10
557767;PB;A3058;00019200000013246909;MultiModal;29/06/2026 03:57;30/06/2026 15:40;29/06/2026 03:57;30/06/2026 15:40
557767;PB;A8131;00019200000013246917;MultiModal;29/06/2026 03:57;30/06/2026 15:40;29/06/2026 03:57;30/06/2026 15:40
557767;PB;A8425;00019200000013246925;MultiModal;29/06/2026 03:57;30/06/2026 15:40;29/06/2026 03:57;30/06/2026 15:40
557767;PB;A7149;00019200000013246933;MultiModal;29/06/2026 03:57;30/06/2026 15:40;29/06/2026 03:57;30/06/2026 15:40
557767;PB;A5902;00019200000013246941;MultiModal;29/06/2026 03:57;30/06/2026 15:40;29/06/2026 03:57;30/06/2026 15:40
557767;PB;A3649;00019200000013246950;MultiModal;29/06/2026 03:57;30/06/2026 15:40;29/06/2026 03:57;30/06/2026 15:40
557767;PB;A8136;00019200000013246968;MultiModal;29/06/2026 03:57;30/06/2026 15:40;29/06/2026 03:57;30/06/2026 15:40
557767;PB;A6843;00019200000013246976;MultiModal;29/06/2026 03:57;30/06/2026 15:40;29/06/2026 03:57;30/06/2026 15:40
557767;PB;A4577;00019200000013246984;MultiModal;29/06/2026 03:57;30/06/2026 15:40;29/06/2026 03:57;30/06/2026 15:40
557767;PB;A4521;00019200000013246992;MultiModal;29/06/2026 03:57;30/06/2026 15:40;29/06/2026 03:57;30/06/2026 15:40
557989;PB;A7219;00019200000012418641;MultiModal;24/06/2026 08:18;25/06/2026 12:50;24/06/2026 08:18;25/06/2026 12:50
557989;PB;A8325;00019200000012418684;MultiModal;24/06/2026 08:18;25/06/2026 12:50;24/06/2026 08:18;25/06/2026 12:50
557989;PB;TA0394;00019200000012418692;MultiModal;24/06/2026 08:18;25/06/2026 12:50;24/06/2026 08:18;25/06/2026 12:50
557991;PB;A7871;00019200000013317490;MultiModal;24/06/2026 00:34;25/06/2026 12:50;24/06/2026 00:34;25/06/2026 12:50
557991;PB;A6635;00019200000013317504;MultiModal;24/06/2026 00:34;25/06/2026 12:50;24/06/2026 00:34;25/06/2026 12:50
557991;PB;A3259;00019200000013317512;MultiModal;24/06/2026 00:34;25/06/2026 12:50;24/06/2026 00:34;25/06/2026 12:50
557991;PB;A0525;00019200000013317520;MultiModal;24/06/2026 00:34;25/06/2026 12:50;24/06/2026 00:34;25/06/2026 12:50
557991;PB;A7767;00019200000013317539;MultiModal;24/06/2026 00:34;25/06/2026 12:50;24/06/2026 00:34;25/06/2026 12:50
557991;PB;A3203;00019200000013317547;MultiModal;24/06/2026 00:34;25/06/2026 12:50;24/06/2026 00:34;25/06/2026 12:50
557991;PB;A6189;00019200000013317555;MultiModal;24/06/2026 00:34;25/06/2026 12:50;24/06/2026 00:34;25/06/2026 12:50
557991;PB;A1214;00019200000013317563;MultiModal;24/06/2026 00:34;25/06/2026 12:50;24/06/2026 00:34;25/06/2026 12:50
557991;PB;A8748;00019200000013317857;MultiModal;24/06/2026 00:34;25/06/2026 12:50;24/06/2026 00:34;25/06/2026 12:50
557991;PB;A9483;00019200000013317890;MultiModal;24/06/2026 00:34;25/06/2026 12:50;24/06/2026 00:34;25/06/2026 12:50
557991;PB;A7323;00019200000013317903;MultiModal;24/06/2026 00:34;25/06/2026 12:50;24/06/2026 00:34;25/06/2026 12:50
557991;PB;A2665;00019200000013317911;MultiModal;24/06/2026 00:34;25/06/2026 12:50;24/06/2026 00:34;25/06/2026 12:50
557991;PB;A3838;00019200000013317920;MultiModal;24/06/2026 00:34;25/06/2026 12:50;24/06/2026 00:34;25/06/2026 12:50
557991;PB;A0995;00019200000013317938;MultiModal;24/06/2026 00:34;25/06/2026 12:50;24/06/2026 00:34;25/06/2026 12:50
557991;PB;A3737;00019200000013317946;MultiModal;24/06/2026 00:34;25/06/2026 12:50;24/06/2026 00:34;25/06/2026 12:50
557991;PB;A5836;00019200000013320300;MultiModal;24/06/2026 00:34;25/06/2026 12:50;24/06/2026 00:34;25/06/2026 12:50
557991;PB;A0527;00019200000013320319;MultiModal;24/06/2026 00:34;25/06/2026 12:50;24/06/2026 00:34;25/06/2026 12:50
557991;PB;A8397;00019200000013320335;MultiModal;24/06/2026 00:34;25/06/2026 12:50;24/06/2026 00:34;25/06/2026 12:50
557991;PB;A9085;00019200000013320629;MultiModal;24/06/2026 00:34;25/06/2026 12:50;24/06/2026 00:34;25/06/2026 12:50
557991;PB;A6584;00019200000013320637;MultiModal;24/06/2026 00:34;25/06/2026 12:50;24/06/2026 00:34;25/06/2026 12:50
557991;PB;A7695;00019200000013320645;MultiModal;24/06/2026 00:34;25/06/2026 12:50;24/06/2026 00:34;25/06/2026 12:50
557991;PB;A8205;00019200000013320688;MultiModal;24/06/2026 00:34;25/06/2026 12:50;24/06/2026 00:34;25/06/2026 12:50
557991;PB;A5720;00019200000013320700;MultiModal;24/06/2026 00:34;25/06/2026 12:50;24/06/2026 00:34;25/06/2026 12:50
557991;PB;A6762;00019200000013320718;MultiModal;24/06/2026 00:34;25/06/2026 12:50;24/06/2026 00:34;25/06/2026 12:50
557991;PB;A6854;00019200000013320726;MultiModal;24/06/2026 00:34;25/06/2026 12:50;24/06/2026 00:34;25/06/2026 12:50
557991;PB;A1510;00019200000013320734;MultiModal;24/06/2026 00:34;25/06/2026 12:50;24/06/2026 00:34;25/06/2026 12:50
557991;PB;TA1103;00019200000013320742;MultiModal;24/06/2026 00:34;25/06/2026 12:50;24/06/2026 00:34;25/06/2026 12:50
557991;PB;A5687;00019200000013320750;MultiModal;24/06/2026 00:34;25/06/2026 12:50;24/06/2026 00:34;25/06/2026 12:50
557999;PB;S1940;00019200000012923770;MultiModal;17/06/2026 23:48;19/06/2026 17:00;17/06/2026 23:48;19/06/2026 17:00
558004;PB;A2549;00019200000013200801;MultiModal;29/06/2026 05:21;30/06/2026 16:00;29/06/2026 05:21;30/06/2026 16:00
558004;PB;A1436;00019200000013200810;MultiModal;29/06/2026 05:21;30/06/2026 16:00;29/06/2026 05:21;30/06/2026 16:00
558004;PB;A6936;00019200000013200828;MultiModal;29/06/2026 05:21;30/06/2026 16:00;29/06/2026 05:21;30/06/2026 16:00
558004;PB;A2951;00019200000013200836;MultiModal;29/06/2026 05:21;30/06/2026 16:00;29/06/2026 05:21;30/06/2026 16:00
558004;PB;A6922;00019200000013200844;MultiModal;29/06/2026 05:21;30/06/2026 16:00;29/06/2026 05:21;30/06/2026 16:00
558004;PB;A7456;00019200000013200852;MultiModal;29/06/2026 05:21;30/06/2026 16:00;29/06/2026 05:21;30/06/2026 16:00
558004;PB;A5332;00019200000013200860;MultiModal;29/06/2026 05:21;30/06/2026 16:00;29/06/2026 05:21;30/06/2026 16:00
558004;PB;A3457;00019200000013200879;MultiModal;29/06/2026 05:21;30/06/2026 16:00;29/06/2026 05:21;30/06/2026 16:00
558004;PB;TA0506;00019200000013200887;MultiModal;29/06/2026 05:21;30/06/2026 16:00;29/06/2026 05:21;30/06/2026 16:00
558004;PB;A2949;00019200000013200895;MultiModal;29/06/2026 05:21;30/06/2026 16:00;29/06/2026 05:21;30/06/2026 16:00
558004;PB;A9410;00019200000013200909;MultiModal;29/06/2026 05:21;30/06/2026 16:00;29/06/2026 05:21;30/06/2026 16:00
558004;PB;TA0002;00019200000013200917;MultiModal;29/06/2026 05:21;30/06/2026 16:00;29/06/2026 05:21;30/06/2026 16:00
558004;PB;A6214;00019200000013200925;MultiModal;29/06/2026 05:21;30/06/2026 16:00;29/06/2026 05:21;30/06/2026 16:00
558004;PB;A8410;00019200000013200933;MultiModal;29/06/2026 05:21;30/06/2026 16:00;29/06/2026 05:21;30/06/2026 16:00
558004;PB;A7371;00019200000013200941;MultiModal;29/06/2026 05:21;30/06/2026 16:00;29/06/2026 05:21;30/06/2026 16:00
558004;PB;A0016;00019200000013200950;MultiModal;29/06/2026 05:21;30/06/2026 16:00;29/06/2026 05:21;30/06/2026 16:00
558004;PB;A6958;00019200000013200968;MultiModal;29/06/2026 05:21;30/06/2026 16:00;29/06/2026 05:21;30/06/2026 16:00
558004;PB;A9265;00019200000013200976;MultiModal;29/06/2026 05:21;30/06/2026 16:00;29/06/2026 05:21;30/06/2026 16:00
558004;PB;A7048;00019200000013202243;MultiModal;29/06/2026 05:21;30/06/2026 16:00;29/06/2026 05:21;30/06/2026 16:00
558004;PB;A6696;00019200000013327615;MultiModal;29/06/2026 05:21;30/06/2026 16:00;29/06/2026 05:21;30/06/2026 16:00
558054;PB;S1486;00019200000012696714;MultiModal;17/06/2026 23:48;19/06/2026 18:23;17/06/2026 23:48;19/06/2026 18:23
558426;PB;A2873;00019200000013242954;MultiModal;22/06/2026 05:48;23/06/2026 10:05;22/06/2026 05:48;23/06/2026 10:05
558603;PB;A1632;00019200000013336487;MultiModal;23/06/2026 03:53;25/06/2026 16:30;23/06/2026 03:53;25/06/2026 16:30
558634;PB;A6436;00019200000013245554;MultiModal;01/07/2026 04:35;03/07/2026 14:08;01/07/2026 04:35;03/07/2026 14:08
558634;PB;A0081;00019200000013245775;MultiModal;01/07/2026 04:35;03/07/2026 14:08;01/07/2026 04:35;03/07/2026 14:08
558634;PB;A9085;00019200000013245783;MultiModal;01/07/2026 04:35;03/07/2026 14:08;01/07/2026 04:35;03/07/2026 14:08
558634;PB;A8452;00019200000013245791;MultiModal;01/07/2026 04:35;03/07/2026 14:08;01/07/2026 04:35;03/07/2026 14:08
558634;PB;A1001;00019200000013245805;MultiModal;01/07/2026 04:35;03/07/2026 14:08;01/07/2026 04:35;03/07/2026 14:08
558634;PB;A6253;00019200000013245813;MultiModal;01/07/2026 04:35;03/07/2026 14:08;01/07/2026 04:35;03/07/2026 14:08
558634;PB;A7416;00019200000013245821;MultiModal;01/07/2026 04:35;03/07/2026 14:08;01/07/2026 04:35;03/07/2026 14:08
558634;PB;A9279;00019200000013245830;MultiModal;01/07/2026 04:35;03/07/2026 14:08;01/07/2026 04:35;03/07/2026 14:08
558990;PB;A5099;00019200000013422324;MultiModal;08/07/2026 00:46;09/07/2026 11:57;08/07/2026 00:46;09/07/2026 11:57
559405;PB;A4727;00019200000013248405;MultiModal;29/06/2026 05:32;01/07/2026 14:04;29/06/2026 05:32;01/07/2026 14:04
559439;PB;A8579;00019200000013201506;MultiModal;30/06/2026 04:34;01/07/2026 13:43;30/06/2026 04:34;01/07/2026 13:43
560350;PB;A0137;00019200000013438395;MultiModal;16/07/2026 00:01;17/07/2026 11:19;16/07/2026 00:01;17/07/2026 11:19
560350;PB;A9049;00019200000013438409;MultiModal;16/07/2026 00:01;17/07/2026 11:19;16/07/2026 00:01;17/07/2026 11:19
560350;PB;A6396;00019200000013438417;MultiModal;16/07/2026 00:01;17/07/2026 11:19;16/07/2026 00:01;17/07/2026 11:19
560350;PB;A7341;00019200000013438425;MultiModal;16/07/2026 00:01;17/07/2026 11:19;16/07/2026 00:01;17/07/2026 11:19
560350;PB;A9140;00019200000013438433;MultiModal;16/07/2026 00:01;17/07/2026 11:19;16/07/2026 00:01;17/07/2026 11:19
560350;PB;TA1105;00019200000013438441;MultiModal;16/07/2026 00:01;17/07/2026 11:19;19/07/2026 08:59;-
560350;PB;A6485;00019200000013438450;MultiModal;16/07/2026 00:01;17/07/2026 11:19;16/07/2026 00:01;17/07/2026 11:19
560350;PB;A3434;00019200000013438468;MultiModal;16/07/2026 00:01;17/07/2026 11:19;16/07/2026 00:01;17/07/2026 11:19
560350;PB;TA0637;00019200000013438476;MultiModal;16/07/2026 00:01;17/07/2026 11:19;16/07/2026 00:01;17/07/2026 11:19
560350;PB;A3001;00019200000013438484;MultiModal;16/07/2026 00:01;17/07/2026 11:19;16/07/2026 00:01;17/07/2026 11:19
560350;PB;A6891;00019200000013438492;MultiModal;16/07/2026 00:01;17/07/2026 11:19;16/07/2026 00:01;17/07/2026 11:19
560350;PB;A4688;00019200000013438506;MultiModal;16/07/2026 00:01;17/07/2026 11:19;19/07/2026 08:59;-
560350;PB;A7895;00019200000013438514;MultiModal;16/07/2026 00:01;17/07/2026 11:19;16/07/2026 00:01;17/07/2026 11:19
560350;PB;A9499;00019200000013438522;MultiModal;16/07/2026 00:01;17/07/2026 11:19;16/07/2026 00:01;17/07/2026 11:19
560350;PB;A3936;00019200000013438530;MultiModal;16/07/2026 00:01;17/07/2026 11:19;16/07/2026 00:01;17/07/2026 11:19
560350;PB;A6531;00019200000013438549;MultiModal;16/07/2026 00:01;17/07/2026 11:19;16/07/2026 00:01;17/07/2026 11:19
560350;PB;A5521;00019200000013438557;MultiModal;16/07/2026 00:01;17/07/2026 11:19;16/07/2026 00:01;17/07/2026 11:19
560350;PB;A7097;00019200000013438565;MultiModal;16/07/2026 00:01;17/07/2026 11:19;19/07/2026 08:59;-
560350;PB;A7362;00019200000013438573;MultiModal;16/07/2026 00:01;17/07/2026 11:19;16/07/2026 00:01;17/07/2026 11:19
560350;PB;A8118;00019200000013438581;MultiModal;16/07/2026 00:01;17/07/2026 11:19;16/07/2026 00:01;17/07/2026 11:19
560350;PB;TA0708;00019200000013438590;MultiModal;16/07/2026 00:01;17/07/2026 11:19;16/07/2026 00:01;17/07/2026 11:19
560350;PB;A1904;00019200000013438603;MultiModal;16/07/2026 00:01;17/07/2026 11:19;19/07/2026 08:59;-
560350;PB;A8534;00019200000013438611;MultiModal;16/07/2026 00:01;17/07/2026 11:19;16/07/2026 00:01;17/07/2026 11:19
560350;PB;A9151;00019200000013438620;MultiModal;16/07/2026 00:01;17/07/2026 11:19;16/07/2026 00:01;17/07/2026 11:19
560350;PB;A7768;00019200000013438638;MultiModal;16/07/2026 00:01;17/07/2026 11:19;16/07/2026 00:01;17/07/2026 11:19
560350;PB;A7844;00019200000013438646;MultiModal;16/07/2026 00:01;17/07/2026 11:19;16/07/2026 00:01;17/07/2026 11:19
560350;PB;A6168;00019200000013438654;MultiModal;16/07/2026 00:01;17/07/2026 11:19;16/07/2026 00:01;17/07/2026 11:19
560350;PB;A6861;00019200000013438662;MultiModal;16/07/2026 00:01;17/07/2026 11:19;19/07/2026 08:59;-
560350;PB;A0284;00019200000013438670;MultiModal;16/07/2026 00:01;17/07/2026 11:19;16/07/2026 00:01;17/07/2026 11:19
560350;PB;A0250;00019200000013438689;MultiModal;16/07/2026 00:01;17/07/2026 11:19;16/07/2026 00:01;17/07/2026 11:19
560350;PB;A3946;00019200000013438697;MultiModal;16/07/2026 00:01;17/07/2026 11:19;19/07/2026 08:59;-
560350;PB;A6158;00019200000013438700;MultiModal;16/07/2026 00:01;17/07/2026 11:19;19/07/2026 08:59;-
560350;PB;TA0025;00019200000013438719;MultiModal;16/07/2026 00:01;17/07/2026 11:19;16/07/2026 00:01;17/07/2026 11:19
560350;PB;A3016;00019200000013438727;MultiModal;16/07/2026 00:01;17/07/2026 11:19;19/07/2026 08:59;-
560350;PB;A1304;00019200000013438735;MultiModal;16/07/2026 00:01;17/07/2026 11:19;19/07/2026 08:59;-
560350;PB;A1599;00019200000013438743;MultiModal;16/07/2026 00:01;17/07/2026 11:19;19/07/2026 08:59;-
560350;PB;A5768;00019200000013438751;MultiModal;16/07/2026 00:01;17/07/2026 11:19;19/07/2026 08:59;-
560350;PB;A8095;00019200000013438832;MultiModal;16/07/2026 00:01;17/07/2026 11:19;19/07/2026 08:59;-
560350;PB;A7041;00019200000013438840;MultiModal;16/07/2026 00:01;17/07/2026 11:19;16/07/2026 00:01;17/07/2026 11:19
560350;PB;A2487;00019200000013438859;MultiModal;16/07/2026 00:01;17/07/2026 11:19;16/07/2026 00:01;17/07/2026 11:19
560350;PB;A3520;00019200000013438867;MultiModal;16/07/2026 00:01;17/07/2026 11:19;19/07/2026 08:59;-
560350;PB;A9316;00019200000013442007;MultiModal;16/07/2026 00:01;17/07/2026 11:19;19/07/2026 08:59;-
560445;PB;A7917;00019200000013441949;MultiModal;14/07/2026 22:54;16/07/2026 14:26;14/07/2026 22:54;16/07/2026 14:26
560445;PB;A8178;00019200000013441957;MultiModal;14/07/2026 22:54;16/07/2026 14:26;14/07/2026 22:54;16/07/2026 14:26
560445;PB;A1537;00019200000013441965;MultiModal;14/07/2026 22:54;16/07/2026 14:26;14/07/2026 22:54;16/07/2026 14:26
560445;PB;A6118;00019200000013441973;MultiModal;14/07/2026 22:54;16/07/2026 14:26;14/07/2026 22:54;16/07/2026 14:26
560445;PB;A8058;00019200000013441981;MultiModal;14/07/2026 22:54;16/07/2026 14:26;14/07/2026 22:54;16/07/2026 14:26
560445;PB;A2935;00019200000013445804;MultiModal;14/07/2026 22:54;16/07/2026 14:26;14/07/2026 22:54;16/07/2026 14:26
560445;PB;A8483;00019200000013445812;MultiModal;14/07/2026 22:54;16/07/2026 14:26;14/07/2026 22:54;16/07/2026 14:26
560445;PB;A0336;00019200000013445847;MultiModal;14/07/2026 22:54;16/07/2026 14:26;14/07/2026 22:54;16/07/2026 14:26
560445;PB;A9141;00019200000013445871;MultiModal;14/07/2026 22:54;16/07/2026 14:26;14/07/2026 22:54;16/07/2026 14:26
560445;PB;TA0440;00019200000013445880;MultiModal;14/07/2026 22:54;16/07/2026 14:26;14/07/2026 22:54;16/07/2026 14:26
560725;PB;A6215;00019200000013439162;MultiModal;19/07/2026 02:18;-;19/07/2026 02:18;-
560725;PB;A1347;00019200000013439170;MultiModal;19/07/2026 02:18;-;19/07/2026 02:18;-
560725;PB;TA0677;00019200000013439189;MultiModal;19/07/2026 02:18;-;19/07/2026 02:18;-
560725;PB;A8759;00019200000013439197;MultiModal;19/07/2026 02:18;-;19/07/2026 02:18;-
560725;PB;A2981;00019200000013439200;MultiModal;19/07/2026 02:18;-;19/07/2026 02:18;-
560725;PB;A8149;00019200000013439219;MultiModal;19/07/2026 02:18;-;19/07/2026 02:18;-
560725;PB;A8686;00019200000013439227;MultiModal;19/07/2026 02:18;-;19/07/2026 02:18;-
560725;PB;A3027;00019200000013439235;MultiModal;19/07/2026 02:18;-;19/07/2026 02:18;-
560725;PB;A5759;00019200000013474154;MultiModal;19/07/2026 02:18;-;19/07/2026 02:18;-
560725;PB;A9278;00019200000013474162;MultiModal;19/07/2026 02:18;-;19/07/2026 02:18;-
560725;PB;TA0620;00019200000013474170;MultiModal;19/07/2026 02:18;-;19/07/2026 02:18;-
560725;PB;A1033;00019200000013474189;MultiModal;19/07/2026 02:18;-;19/07/2026 02:18;-
560725;PB;TA0404;00019200000013474197;MultiModal;19/07/2026 02:18;-;19/07/2026 02:18;-
560725;PB;A6996;00019200000013474200;MultiModal;19/07/2026 02:18;-;19/07/2026 02:18;-
560725;PB;;00019200000013474235;MultiModal;19/07/2026 02:18;-;-;-
560725;PB;;00019200000013474243;MultiModal;19/07/2026 02:18;-;-;-
560725;PB;;00019200000013474251;MultiModal;19/07/2026 02:18;-;-;-
560725;PB;;00019200000013474260;MultiModal;19/07/2026 02:18;-;-;-
560725;PB;;00019200000013474278;MultiModal;19/07/2026 02:18;-;-;-
560725;PB;;00019200000013474286;MultiModal;19/07/2026 02:18;-;-;-
560725;PB;;00019200000013474294;MultiModal;19/07/2026 02:18;-;-;-
560725;PB;;00019200000013474308;MultiModal;19/07/2026 02:18;-;-;-
560725;PB;;00019200000013474316;MultiModal;19/07/2026 02:18;-;-;-
560725;PB;;00019200000013474324;MultiModal;19/07/2026 02:18;-;-;-
560725;PB;TA0234;00019200000013474332;MultiModal;19/07/2026 02:18;-;19/07/2026 02:18;-
560725;PB;A9534;00019200000013474340;MultiModal;19/07/2026 02:18;-;19/07/2026 02:18;-
560725;PB;A1037;00019200000013474359;MultiModal;19/07/2026 02:18;-;19/07/2026 02:18;-
560725;PB;A4248;00019200000013474367;MultiModal;19/07/2026 02:18;-;19/07/2026 02:18;-
560725;PB;;00019200000013474383;MultiModal;19/07/2026 02:18;-;-;-
560725;PB;;00019200000013474391;MultiModal;19/07/2026 02:18;-;-;-
560725;PB;;00019200000013474405;MultiModal;19/07/2026 02:18;-;-;-
560725;PB;;00019200000013474413;MultiModal;19/07/2026 02:18;-;-;-
560725;PB;;00019200000013474421;MultiModal;19/07/2026 02:18;-;-;-
560725;PB;;00019200000013474430;MultiModal;19/07/2026 02:18;-;-;-
560725;PB;;00019200000013474448;MultiModal;19/07/2026 02:18;-;-;-
560725;PB;;00019200000013474456;MultiModal;19/07/2026 02:18;-;-;-
560725;PB;A7100;00019200000013474464;MultiModal;19/07/2026 02:18;-;19/07/2026 02:18;-
560725;PB;A4082;00019200000013474472;MultiModal;19/07/2026 02:18;-;19/07/2026 02:18;-
560725;PB;A7142;00019200000013474480;MultiModal;19/07/2026 02:18;-;19/07/2026 02:18;-
560725;PB;A0839;00019200000013474685;MultiModal;19/07/2026 02:18;-;19/07/2026 02:18;-
560725;PB;A0491;00019200000013474707;MultiModal;19/07/2026 02:18;-;19/07/2026 02:18;-
560725;PB;A8381;00019200000013474715;MultiModal;19/07/2026 02:18;-;19/07/2026 02:18;-
560725;PB;A4949;00019200000013474723;MultiModal;19/07/2026 02:18;-;19/07/2026 02:18;-
560725;PB;;00019200000013474758;MultiModal;19/07/2026 02:18;-;-;-
560725;PB;A4919;00019200000013474766;MultiModal;19/07/2026 02:18;-;19/07/2026 02:18;-
560725;PB;;00019200000013474774;MultiModal;19/07/2026 02:18;-;-;-
560974;PB;A6631;00019200000013441914;MultiModal;14/07/2026 22:57;16/07/2026 15:00;14/07/2026 22:57;16/07/2026 15:00
560981;PB;A8664;00019200000013441701;MultiModal;14/07/2026 22:56;17/07/2026 12:15;14/07/2026 22:56;17/07/2026 12:15
556122;PE;A7966;00019200000012715085;MultiModal;11/06/2026 07:26;16/06/2026 16:55;-;-
556122;PE;TA0209;00019200000012715301;MultiModal;11/06/2026 07:26;16/06/2026 16:55;-;-
556122;PE;A9614;00019200000012715310;MultiModal;11/06/2026 07:26;16/06/2026 16:55;-;-
556122;PE;TA0326;00019200000012715328;MultiModal;11/06/2026 07:26;16/06/2026 16:55;-;-
556122;PE;A7178;00019200000012715336;MultiModal;11/06/2026 07:26;16/06/2026 16:55;-;-
556122;PE;A6565;00019200000012758485;MultiModal;11/06/2026 07:26;16/06/2026 16:55;-;-
556122;PE;A2957;00019200000012758493;MultiModal;11/06/2026 07:26;16/06/2026 16:55;-;-
556122;PE;A8067;00019200000012758507;MultiModal;11/06/2026 07:26;16/06/2026 16:55;-;-
556122;PE;A8759;00019200000012758515;MultiModal;11/06/2026 07:26;16/06/2026 16:55;-;-
556122;PE;A6230;00019200000012758523;MultiModal;11/06/2026 07:26;16/06/2026 16:55;-;-
556122;PE;A8807;00019200000012758531;MultiModal;11/06/2026 07:26;16/06/2026 16:55;-;-
556122;PE;A9091;00019200000012758540;MultiModal;11/06/2026 07:26;16/06/2026 16:55;-;-
556122;PE;A3749;00019200000012758558;MultiModal;11/06/2026 07:26;16/06/2026 16:55;-;-
556122;PE;TA0841;00019200000012758698;MultiModal;11/06/2026 07:26;16/06/2026 16:55;-;-
556122;PE;A5706;00019200000012758701;MultiModal;11/06/2026 07:26;16/06/2026 16:55;-;-
556122;PE;A6513;00019200000012758710;MultiModal;11/06/2026 07:26;16/06/2026 16:55;-;-
556122;PE;TA0574;00019200000012758728;MultiModal;11/06/2026 07:26;16/06/2026 16:55;-;-
556122;PE;A4822;00019200000012758736;MultiModal;11/06/2026 07:26;16/06/2026 16:55;-;-
556122;PE;A8589;00019200000012758744;MultiModal;11/06/2026 07:26;16/06/2026 16:55;-;-
556122;PE;A8145;00019200000012758752;MultiModal;11/06/2026 07:26;16/06/2026 16:55;-;-
556122;PE;A9394;00019200000012758760;MultiModal;11/06/2026 07:26;16/06/2026 16:55;-;-
556122;PE;A5935;00019200000012758779;MultiModal;11/06/2026 07:26;16/06/2026 16:55;-;-
556122;PE;TA0366;00019200000012758787;MultiModal;11/06/2026 07:26;16/06/2026 16:55;-;-
556122;PE;A5068;00019200000012758795;MultiModal;11/06/2026 07:26;16/06/2026 16:55;-;-
556122;PE;A5361;00019200000012758809;MultiModal;11/06/2026 07:26;16/06/2026 16:55;-;-
556122;PE;A8429;00019200000012758817;MultiModal;11/06/2026 07:26;16/06/2026 16:55;-;-
556122;PE;A6765;00019200000012758825;MultiModal;11/06/2026 07:26;16/06/2026 16:55;-;-
556122;PE;A9522;00019200000012758833;MultiModal;11/06/2026 07:26;16/06/2026 16:55;-;-
556122;PE;A4791;00019200000012758841;MultiModal;11/06/2026 07:26;16/06/2026 16:55;-;-
556122;PE;A7506;00019200000012758850;MultiModal;11/06/2026 07:26;16/06/2026 16:55;-;-
556122;PE;A3191;00019200000012758868;MultiModal;11/06/2026 07:26;16/06/2026 16:55;-;-
556122;PE;A5933;00019200000012758876;MultiModal;11/06/2026 07:26;16/06/2026 16:55;-;-
556122;PE;A7292;00019200000012758884;MultiModal;11/06/2026 07:26;16/06/2026 16:55;-;-
556122;PE;TA0327;00019200000012758892;MultiModal;11/06/2026 07:26;16/06/2026 16:55;-;-
556122;PE;A7823;00019200000012758906;MultiModal;11/06/2026 07:26;16/06/2026 16:55;-;-
556122;PE;A6234;00019200000012758914;MultiModal;11/06/2026 07:26;16/06/2026 16:55;-;-
556122;PE;A3692;00019200000012758922;MultiModal;11/06/2026 07:26;16/06/2026 16:55;-;-
556122;PE;A4732;00019200000012758930;MultiModal;11/06/2026 07:26;16/06/2026 16:55;-;-
556122;PE;A6383;00019200000012758949;MultiModal;11/06/2026 07:26;16/06/2026 16:55;-;-
556122;PE;A7711;00019200000012758957;MultiModal;11/06/2026 07:26;16/06/2026 16:55;-;-
556122;PE;A7829;00019200000012758965;MultiModal;11/06/2026 07:26;16/06/2026 16:55;-;-
556122;PE;A5025;00019200000012758973;MultiModal;11/06/2026 07:26;16/06/2026 16:55;-;-
556122;PE;A0942;00019200000012758981;MultiModal;11/06/2026 07:26;16/06/2026 16:55;-;-
556122;PE;A0411;00019200000012758990;MultiModal;11/06/2026 07:26;16/06/2026 16:55;-;-
556122;PE;A7983;00019200000012759007;MultiModal;11/06/2026 07:26;16/06/2026 16:55;-;-
556122;PE;A9044;00019200000012759015;MultiModal;11/06/2026 07:26;16/06/2026 16:55;-;-
556122;PE;TA0663;00019200000012759023;MultiModal;11/06/2026 07:26;16/06/2026 16:55;-;-
556122;PE;A7442;00019200000012759031;MultiModal;11/06/2026 07:26;16/06/2026 16:55;-;-
556122;PE;A7623;00019200000012759040;MultiModal;11/06/2026 07:26;16/06/2026 16:55;-;-
556122;PE;A7591;00019200000012759058;MultiModal;11/06/2026 07:26;16/06/2026 16:55;-;-
556122;PE;A4778;00019200000012759066;MultiModal;11/06/2026 07:26;16/06/2026 16:55;-;-
556122;PE;A9111;00019200000012759074;MultiModal;11/06/2026 07:26;16/06/2026 16:55;-;-
556122;PE;A3867;00019200000012759082;MultiModal;11/06/2026 07:26;16/06/2026 16:55;-;-
556122;PE;A8586;00019200000012759090;MultiModal;11/06/2026 07:26;16/06/2026 16:55;-;-
556122;PE;A8968;00019200000012759104;MultiModal;11/06/2026 07:26;16/06/2026 16:55;-;-
556122;PE;A2429;00019200000012759112;MultiModal;11/06/2026 07:26;16/06/2026 16:55;-;-
556122;PE;A9087;00019200000012759120;MultiModal;11/06/2026 07:26;16/06/2026 16:55;-;-
556122;PE;A7443;00019200000012759139;MultiModal;11/06/2026 07:26;16/06/2026 16:55;-;-
556122;PE;A6891;00019200000012759147;MultiModal;11/06/2026 07:26;16/06/2026 16:55;-;-
556122;PE;A8808;00019200000012759155;MultiModal;11/06/2026 07:26;16/06/2026 16:55;-;-
556122;PE;A5999;00019200000012759163;MultiModal;11/06/2026 07:26;16/06/2026 16:55;-;-
556122;PE;A4147;00019200000012759171;MultiModal;11/06/2026 07:26;16/06/2026 16:55;-;-
556122;PE;A7168;00019200000012759180;MultiModal;11/06/2026 07:26;16/06/2026 16:55;-;-
556122;PE;TA0305;00019200000012759198;MultiModal;11/06/2026 07:26;16/06/2026 16:55;-;-
556122;PE;TA1236;00019200000012759201;MultiModal;11/06/2026 07:26;16/06/2026 16:55;-;-
556122;PE;TA0370;00019200000012759210;MultiModal;11/06/2026 07:26;16/06/2026 16:55;-;-
556122;PE;A1294;00019200000012759228;MultiModal;11/06/2026 07:26;16/06/2026 16:55;-;-
556122;PE;A9253;00019200000012759236;MultiModal;11/06/2026 07:26;16/06/2026 16:55;-;-
556122;PE;A6582;00019200000012863459;MultiModal;11/06/2026 07:26;16/06/2026 16:55;-;-
556406;PE;A3703;00019200000012704288;MultiModal;15/06/2026 04:45;16/06/2026 17:03;15/06/2026 04:45;16/06/2026 17:03
556406;PE;TA0077;00019200000012704318;MultiModal;15/06/2026 04:45;16/06/2026 17:03;15/06/2026 04:45;16/06/2026 17:03
556406;PE;A0175;00019200000012704334;MultiModal;15/06/2026 04:45;16/06/2026 17:03;15/06/2026 04:45;16/06/2026 17:03
556512;PE;A0530;00019200000012657328;MultiModal;11/06/2026 05:30;12/06/2026 17:29;-;-
556512;PE;TA1181;00019200000012657336;MultiModal;11/06/2026 05:30;12/06/2026 17:29;-;-
556567;PE;TA0953;00019200000012703850;MultiModal;15/06/2026 04:46;16/06/2026 17:08;15/06/2026 04:46;16/06/2026 17:08
556567;PE;A3741;00019200000012703869;MultiModal;15/06/2026 04:46;16/06/2026 17:08;15/06/2026 04:46;16/06/2026 17:08
556567;PE;A3699;00019200000012703877;MultiModal;15/06/2026 04:46;16/06/2026 17:08;15/06/2026 04:46;16/06/2026 17:08
556567;PE;A3552;00019200000012703885;MultiModal;15/06/2026 04:46;16/06/2026 17:08;15/06/2026 04:46;16/06/2026 17:08
556567;PE;A7109;00019200000012703893;MultiModal;15/06/2026 04:46;16/06/2026 17:08;15/06/2026 04:46;16/06/2026 17:08
556567;PE;A5027;00019200000012703907;MultiModal;15/06/2026 04:46;16/06/2026 17:08;15/06/2026 04:46;16/06/2026 17:08
556567;PE;TA0507;00019200000012703915;MultiModal;15/06/2026 04:46;16/06/2026 17:08;15/06/2026 04:46;16/06/2026 17:08
556567;PE;A8372;00019200000012703923;MultiModal;15/06/2026 04:46;16/06/2026 17:08;15/06/2026 04:46;16/06/2026 17:08
556567;PE;A5303;00019200000012703931;MultiModal;15/06/2026 04:46;16/06/2026 17:08;15/06/2026 04:46;16/06/2026 17:08
556567;PE;A3643;00019200000012703940;MultiModal;15/06/2026 04:46;16/06/2026 17:08;15/06/2026 04:46;16/06/2026 17:08
556567;PE;A7518;00019200000012703958;MultiModal;15/06/2026 04:46;16/06/2026 17:08;15/06/2026 04:46;16/06/2026 17:08
556663;PE;A3040;00019200000012654370;MultiModal;11/06/2026 04:57;12/06/2026 17:37;-;-
556740;PE;A5943;00019200000012693863;MultiModal;15/06/2026 04:24;16/06/2026 12:48;-;-
556740;PE;A3912;00019200000012693871;MultiModal;15/06/2026 04:24;16/06/2026 12:48;-;-
556740;PE;A8336;00019200000012693880;MultiModal;15/06/2026 04:24;16/06/2026 12:48;-;-
556740;PE;A3274;00019200000012693898;MultiModal;15/06/2026 04:24;16/06/2026 12:48;-;-
556740;PE;A9555;00019200000012693901;MultiModal;15/06/2026 04:24;16/06/2026 12:48;-;-
556740;PE;A7567;00019200000012693910;MultiModal;15/06/2026 04:24;16/06/2026 12:48;-;-
556740;PE;TA1246;00019200000013213555;MultiModal;15/06/2026 04:24;16/06/2026 12:48;15/06/2026 04:24;16/06/2026 12:48
556740;PE;A6645;00019200000013241389;MultiModal;15/06/2026 04:24;16/06/2026 12:48;15/06/2026 04:24;16/06/2026 12:48
556740;PE;A1236;00019200000013241397;MultiModal;15/06/2026 04:24;16/06/2026 12:48;15/06/2026 04:24;16/06/2026 12:48
556740;PE;A6978;00019200000013241400;MultiModal;15/06/2026 04:24;16/06/2026 12:48;15/06/2026 04:24;16/06/2026 12:48
556740;PE;A5960;00019200000013241419;MultiModal;15/06/2026 04:24;16/06/2026 12:48;15/06/2026 04:24;16/06/2026 12:48
556740;PE;A9607;00019200000013241427;MultiModal;15/06/2026 04:24;16/06/2026 12:48;15/06/2026 04:24;16/06/2026 12:48
556740;PE;A6549;00019200000013241435;MultiModal;15/06/2026 04:24;16/06/2026 12:48;15/06/2026 04:24;16/06/2026 12:48
556740;PE;A0162;00019200000013241443;MultiModal;15/06/2026 04:24;16/06/2026 12:48;15/06/2026 04:24;16/06/2026 12:48
556740;PE;A4163;00019200000013241451;MultiModal;15/06/2026 04:24;16/06/2026 12:48;15/06/2026 04:24;16/06/2026 12:48
556740;PE;A4687;00019200000013241460;MultiModal;15/06/2026 04:24;16/06/2026 12:48;15/06/2026 04:24;16/06/2026 12:48
556740;PE;A7496;00019200000013241478;MultiModal;15/06/2026 04:24;16/06/2026 12:48;15/06/2026 04:24;16/06/2026 12:48
556740;PE;A3688;00019200000013241486;MultiModal;15/06/2026 04:24;16/06/2026 12:48;15/06/2026 04:24;16/06/2026 12:48
556740;PE;A1312;00019200000013241494;MultiModal;15/06/2026 04:24;16/06/2026 12:48;-;-
556740;PE;A6598;00019200000013241508;MultiModal;15/06/2026 04:24;16/06/2026 12:48;16/06/2026 04:59;17/06/2026 14:41
556740;PE;A4047;00019200000013241516;MultiModal;15/06/2026 04:24;16/06/2026 12:48;-;-
556740;PE;A7819;00019200000013241524;MultiModal;15/06/2026 04:24;16/06/2026 12:48;15/06/2026 04:24;16/06/2026 12:48
556740;PE;A7098;00019200000013241532;MultiModal;15/06/2026 04:24;16/06/2026 12:48;15/06/2026 04:24;16/06/2026 12:48
556740;PE;A3016;00019200000013241540;MultiModal;15/06/2026 04:24;16/06/2026 12:48;15/06/2026 04:24;16/06/2026 12:48
556740;PE;A8253;00019200000013241559;MultiModal;15/06/2026 04:24;16/06/2026 12:48;15/06/2026 04:24;16/06/2026 12:48
556740;PE;A0384;00019200000013241567;MultiModal;15/06/2026 04:24;16/06/2026 12:48;15/06/2026 04:24;16/06/2026 12:48
556740;PE;A8567;00019200000013241575;MultiModal;15/06/2026 04:24;16/06/2026 12:48;15/06/2026 04:24;16/06/2026 12:48
556740;PE;A4875;00019200000013241583;MultiModal;15/06/2026 04:24;16/06/2026 12:48;15/06/2026 04:24;16/06/2026 12:48
556740;PE;A8135;00019200000013241591;MultiModal;15/06/2026 04:24;16/06/2026 12:48;15/06/2026 04:24;16/06/2026 12:48
556740;PE;A5401;00019200000013241605;MultiModal;15/06/2026 04:24;16/06/2026 12:48;15/06/2026 04:24;16/06/2026 12:48
556740;PE;TA0478;00019200000013241613;MultiModal;15/06/2026 04:24;16/06/2026 12:48;15/06/2026 04:24;16/06/2026 12:48
556740;PE;A2316;00019200000013241621;MultiModal;15/06/2026 04:24;16/06/2026 12:48;15/06/2026 04:24;16/06/2026 12:48
556740;PE;TA1006;00019200000013241630;MultiModal;15/06/2026 04:24;16/06/2026 12:48;15/06/2026 04:24;16/06/2026 12:48
556740;PE;A9003;00019200000013241648;MultiModal;15/06/2026 04:24;16/06/2026 12:48;16/06/2026 04:59;17/06/2026 14:41
556740;PE;A1593;00019200000013241656;MultiModal;15/06/2026 04:24;16/06/2026 12:48;16/06/2026 04:59;17/06/2026 14:41
556740;PE;A5598;00019200000013241664;MultiModal;15/06/2026 04:24;16/06/2026 12:48;16/06/2026 04:59;17/06/2026 14:41
556740;PE;A6202;00019200000013241672;MultiModal;15/06/2026 04:24;16/06/2026 12:48;16/06/2026 04:59;17/06/2026 14:41
556740;PE;A8829;00019200000013241680;MultiModal;15/06/2026 04:24;16/06/2026 12:48;15/06/2026 04:24;16/06/2026 12:48
556740;PE;A4768;00019200000013241702;MultiModal;15/06/2026 04:24;16/06/2026 12:48;15/06/2026 04:24;16/06/2026 12:48
556740;PE;TA0248;00019200000013241710;MultiModal;15/06/2026 04:24;16/06/2026 12:48;15/06/2026 04:24;16/06/2026 12:48
556740;PE;A9095;00019200000013241729;MultiModal;15/06/2026 04:24;16/06/2026 12:48;16/06/2026 04:59;17/06/2026 14:41
556740;PE;A1053;00019200000013241737;MultiModal;15/06/2026 04:24;16/06/2026 12:48;-;-
556740;PE;A6981;00019200000013241745;MultiModal;15/06/2026 04:24;16/06/2026 12:48;16/06/2026 04:59;17/06/2026 14:41
556740;PE;A4834;00019200000013241753;MultiModal;15/06/2026 04:24;16/06/2026 12:48;16/06/2026 04:59;17/06/2026 14:41
556740;PE;A8770;00019200000013241761;MultiModal;15/06/2026 04:24;16/06/2026 12:48;16/06/2026 04:59;17/06/2026 14:41
556740;PE;A1339;00019200000013241770;MultiModal;15/06/2026 04:24;16/06/2026 12:48;-;-
556740;PE;A7254;00019200000013241788;MultiModal;15/06/2026 04:24;16/06/2026 12:48;-;-
556740;PE;TA0250;00019200000013241796;MultiModal;15/06/2026 04:24;16/06/2026 12:48;16/06/2026 04:59;17/06/2026 14:41
556740;PE;A7856;00019200000013241800;MultiModal;15/06/2026 04:24;16/06/2026 12:48;-;-
556740;PE;A3193;00019200000013241818;MultiModal;15/06/2026 04:24;16/06/2026 12:48;-;-
556740;PE;A3533;00019200000013241826;MultiModal;15/06/2026 04:24;16/06/2026 12:48;-;-
556740;PE;TA0471;00019200000013241834;MultiModal;15/06/2026 04:24;16/06/2026 12:48;-;-
556740;PE;A2441;00019200000013241842;MultiModal;15/06/2026 04:24;16/06/2026 12:48;-;-
556740;PE;TA0890;00019200000013241850;MultiModal;15/06/2026 04:24;16/06/2026 12:48;-;-
556740;PE;TA0375;00019200000013241869;MultiModal;15/06/2026 04:24;16/06/2026 12:48;-;-
556740;PE;A9015;00019200000013241877;MultiModal;15/06/2026 04:24;16/06/2026 12:48;-;-
556740;PE;A8966;00019200000013241885;MultiModal;15/06/2026 04:24;16/06/2026 12:48;-;-
556740;PE;A8494;00019200000013241893;MultiModal;15/06/2026 04:24;16/06/2026 12:48;-;-
556740;PE;A4999;00019200000013241907;MultiModal;15/06/2026 04:24;16/06/2026 12:48;-;-
556740;PE;A7073;00019200000013241915;MultiModal;15/06/2026 04:24;16/06/2026 12:48;-;-
556761;PE;A4912;00019200000012904651;MultiModal;15/06/2026 07:10;16/06/2026 13:51;15/06/2026 07:10;16/06/2026 13:51
556771;PE;A8809;00019200000012659215;MultiModal;13/06/2026 14:12;15/06/2026 11:30;13/06/2026 14:12;15/06/2026 11:30
556771;PE;A7863;00019200000012659223;MultiModal;13/06/2026 14:12;15/06/2026 11:30;13/06/2026 14:12;15/06/2026 11:30
556771;PE;A3179;00019200000012659231;MultiModal;13/06/2026 14:12;15/06/2026 11:30;13/06/2026 14:12;15/06/2026 11:30
556771;PE;A3047;00019200000012659240;MultiModal;13/06/2026 14:12;15/06/2026 11:30;13/06/2026 14:12;15/06/2026 11:30
556771;PE;A5821;00019200000012659258;MultiModal;13/06/2026 14:12;15/06/2026 11:30;13/06/2026 14:12;15/06/2026 11:30
556771;PE;A4533;00019200000012659266;MultiModal;13/06/2026 14:12;15/06/2026 11:30;13/06/2026 14:12;15/06/2026 11:30
556771;PE;A6377;00019200000012659274;MultiModal;13/06/2026 14:12;15/06/2026 11:30;13/06/2026 14:12;15/06/2026 11:30
556771;PE;A4311;00019200000012659282;MultiModal;13/06/2026 14:12;15/06/2026 11:30;13/06/2026 14:12;15/06/2026 11:30
556771;PE;A4090;00019200000012659290;MultiModal;13/06/2026 14:12;15/06/2026 11:30;13/06/2026 14:12;15/06/2026 11:30
556771;PE;A4118;00019200000012659304;MultiModal;13/06/2026 14:12;15/06/2026 11:30;13/06/2026 14:12;15/06/2026 11:30
556771;PE;A7383;00019200000012659312;MultiModal;13/06/2026 14:12;15/06/2026 11:30;13/06/2026 14:12;15/06/2026 11:30
556811;PE;A3525;00019200000012656542;MultiModal;16/06/2026 05:33;17/06/2026 18:17;16/06/2026 05:33;17/06/2026 18:17
556811;PE;A7370;00019200000012656550;MultiModal;16/06/2026 05:33;17/06/2026 18:17;-;-
556811;PE;A6014;00019200000012656569;MultiModal;16/06/2026 05:33;17/06/2026 18:17;17/06/2026 03:19;18/06/2026 17:39
556811;PE;A2769;00019200000012656577;MultiModal;16/06/2026 05:33;17/06/2026 18:17;-;-
556811;PE;A6618;00019200000012656585;MultiModal;16/06/2026 05:33;17/06/2026 18:17;17/06/2026 03:19;18/06/2026 17:39
556811;PE;A7188;00019200000012703397;MultiModal;16/06/2026 05:33;17/06/2026 18:17;17/06/2026 03:19;18/06/2026 17:39
556811;PE;A3067;00019200000012703966;MultiModal;16/06/2026 05:33;17/06/2026 18:17;17/06/2026 03:19;18/06/2026 17:39
556811;PE;A9170;00019200000012704601;MultiModal;16/06/2026 05:33;17/06/2026 18:17;-;-
556811;PE;A7971;00019200000012704610;MultiModal;16/06/2026 05:33;17/06/2026 18:17;17/06/2026 03:19;18/06/2026 17:39
556811;PE;A6303;00019200000012704628;MultiModal;16/06/2026 05:33;17/06/2026 18:17;17/06/2026 03:19;18/06/2026 17:39
556811;PE;A5849;00019200000012704636;MultiModal;16/06/2026 05:33;17/06/2026 18:17;17/06/2026 03:19;18/06/2026 17:39
556811;PE;A8907;00019200000012704644;MultiModal;16/06/2026 05:33;17/06/2026 18:17;17/06/2026 03:19;18/06/2026 17:39
556811;PE;TA0970;00019200000012704652;MultiModal;16/06/2026 05:33;17/06/2026 18:17;17/06/2026 03:19;18/06/2026 17:39
556811;PE;A4229;00019200000012704660;MultiModal;16/06/2026 05:33;17/06/2026 18:17;17/06/2026 03:19;18/06/2026 17:39
556811;PE;TA0765;00019200000012704679;MultiModal;16/06/2026 05:33;17/06/2026 18:17;17/06/2026 03:19;18/06/2026 17:39
556811;PE;A5748;00019200000012704687;MultiModal;16/06/2026 05:33;17/06/2026 18:17;17/06/2026 03:19;18/06/2026 17:39
556811;PE;A6733;00019200000012704695;MultiModal;16/06/2026 05:33;17/06/2026 18:17;17/06/2026 03:19;18/06/2026 17:39
556811;PE;A6433;00019200000012704709;MultiModal;16/06/2026 05:33;17/06/2026 18:17;17/06/2026 03:19;18/06/2026 17:39
556811;PE;A3289;00019200000012704717;MultiModal;16/06/2026 05:33;17/06/2026 18:17;17/06/2026 03:19;18/06/2026 17:39
556811;PE;A8756;00019200000012704725;MultiModal;16/06/2026 05:33;17/06/2026 18:17;17/06/2026 03:19;18/06/2026 17:39
556811;PE;A6985;00019200000012704733;MultiModal;16/06/2026 05:33;17/06/2026 18:17;17/06/2026 03:19;18/06/2026 17:39
556811;PE;A7887;00019200000012704741;MultiModal;16/06/2026 05:33;17/06/2026 18:17;-;-
556811;PE;A4839;00019200000012704750;MultiModal;16/06/2026 05:33;17/06/2026 18:17;-;-
556811;PE;A1653;00019200000012704768;MultiModal;16/06/2026 05:33;17/06/2026 18:17;-;-
556811;PE;A3603;00019200000012704776;MultiModal;16/06/2026 05:33;17/06/2026 18:17;-;-
556811;PE;A9550;00019200000012704784;MultiModal;16/06/2026 05:33;17/06/2026 18:17;17/06/2026 03:19;18/06/2026 17:39
556811;PE;A4844;00019200000012704792;MultiModal;16/06/2026 05:33;17/06/2026 18:17;-;-
556811;PE;A6524;00019200000012704806;MultiModal;16/06/2026 05:33;17/06/2026 18:17;17/06/2026 03:19;18/06/2026 17:39
556811;PE;A7023;00019200000012704814;MultiModal;16/06/2026 05:33;17/06/2026 18:17;-;-
556811;PE;A6386;00019200000012704822;MultiModal;16/06/2026 05:33;17/06/2026 18:17;-;-
556811;PE;TA0715;00019200000012704830;MultiModal;16/06/2026 05:33;17/06/2026 18:17;-;-
556811;PE;A6651;00019200000012704849;MultiModal;16/06/2026 05:33;17/06/2026 18:17;-;-
556811;PE;A7672;00019200000012704857;MultiModal;16/06/2026 05:33;17/06/2026 18:17;-;-
556811;PE;A8373;00019200000012704865;MultiModal;16/06/2026 05:33;17/06/2026 18:17;-;-
556811;PE;TA1192;00019200000012704873;MultiModal;16/06/2026 05:33;17/06/2026 18:17;-;-
556811;PE;A6758;00019200000012704881;MultiModal;16/06/2026 05:33;17/06/2026 18:17;-;-
556811;PE;A8056;00019200000012704890;MultiModal;16/06/2026 05:33;17/06/2026 18:17;17/06/2026 03:19;18/06/2026 17:39
556811;PE;A6528;00019200000012704903;MultiModal;16/06/2026 05:33;17/06/2026 18:17;17/06/2026 03:19;18/06/2026 17:39
556811;PE;A7784;00019200000012704911;MultiModal;16/06/2026 05:33;17/06/2026 18:17;16/06/2026 05:33;17/06/2026 18:17
556811;PE;A6568;00019200000012704920;MultiModal;16/06/2026 05:33;17/06/2026 18:17;-;-
556811;PE;A8819;00019200000012704938;MultiModal;16/06/2026 05:33;17/06/2026 18:17;-;-
556811;PE;A9554;00019200000012704946;MultiModal;16/06/2026 05:33;17/06/2026 18:17;-;-
556811;PE;A8117;00019200000012704954;MultiModal;16/06/2026 05:33;17/06/2026 18:17;-;-
556811;PE;A5883;00019200000012704962;MultiModal;16/06/2026 05:33;17/06/2026 18:17;-;-
556811;PE;TA0397;00019200000012705250;MultiModal;16/06/2026 05:33;17/06/2026 18:17;17/06/2026 03:19;18/06/2026 17:39
556952;PE;A9323;00019200000012904856;MultiModal;11/06/2026 05:24;12/06/2026 16:40;-;-
556952;PE;TA0811;00019200000012906360;MultiModal;11/06/2026 05:24;12/06/2026 16:40;-;-
556952;PE;A6155;00019200000012906379;MultiModal;11/06/2026 05:24;12/06/2026 16:40;-;-
556952;PE;TA0332;00019200000012906387;MultiModal;11/06/2026 05:24;12/06/2026 16:40;-;-
556952;PE;A6119;00019200000012906395;MultiModal;11/06/2026 05:24;12/06/2026 16:40;-;-
556952;PE;A6093;00019200000012906409;MultiModal;11/06/2026 05:24;12/06/2026 16:40;-;-
557107;PE;A2846;00019200000013213512;MultiModal;16/06/2026 05:04;17/06/2026 18:15;16/06/2026 05:04;17/06/2026 18:15
557107;PE;A5133;00019200000013213520;MultiModal;16/06/2026 05:04;17/06/2026 18:15;16/06/2026 05:04;17/06/2026 18:15
557107;PE;A8865;00019200000013213539;MultiModal;16/06/2026 05:04;17/06/2026 18:15;16/06/2026 05:04;17/06/2026 18:15
557107;PE;A7808;00019200000013213547;MultiModal;16/06/2026 05:04;17/06/2026 18:15;16/06/2026 05:04;17/06/2026 18:15
557124;PE;A1773;00019200000013244760;MultiModal;30/06/2026 04:37;03/07/2026 16:39;30/06/2026 04:37;03/07/2026 16:44
557124;PE;A6204;00019200000013244841;MultiModal;30/06/2026 04:37;03/07/2026 16:39;30/06/2026 04:37;03/07/2026 16:44
557124;PE;A9154;00019200000013244850;MultiModal;30/06/2026 04:37;03/07/2026 16:39;30/06/2026 04:37;03/07/2026 16:44
557124;PE;TA0187;00019200000013244868;MultiModal;30/06/2026 04:37;03/07/2026 16:39;30/06/2026 04:37;03/07/2026 16:42
557124;PE;A0185;00019200000013328514;MultiModal;30/06/2026 04:37;03/07/2026 16:39;30/06/2026 04:37;03/07/2026 16:44
557124;PE;A5601;00019200000013328522;MultiModal;30/06/2026 04:37;03/07/2026 16:39;30/06/2026 04:37;03/07/2026 16:42
557124;PE;A5686;00019200000013328530;MultiModal;30/06/2026 04:37;03/07/2026 16:39;30/06/2026 04:37;03/07/2026 16:44
557124;PE;A0189;00019200000013328549;MultiModal;30/06/2026 04:37;03/07/2026 16:39;30/06/2026 04:37;03/07/2026 16:42
557124;PE;TA0806;00019200000013328557;MultiModal;30/06/2026 04:37;03/07/2026 16:39;30/06/2026 04:37;03/07/2026 16:42
557124;PE;A6542;00019200000013328565;MultiModal;30/06/2026 04:37;03/07/2026 16:39;30/06/2026 04:37;03/07/2026 16:42
557124;PE;A8696;00019200000013328573;MultiModal;30/06/2026 04:37;03/07/2026 16:39;30/06/2026 04:37;03/07/2026 16:42
557124;PE;A6032;00019200000013328581;MultiModal;30/06/2026 04:37;03/07/2026 16:39;30/06/2026 04:37;03/07/2026 16:42
557124;PE;A7836;00019200000013328590;MultiModal;30/06/2026 04:37;03/07/2026 16:39;30/06/2026 04:37;03/07/2026 16:42
557124;PE;A7481;00019200000013328603;MultiModal;30/06/2026 04:37;03/07/2026 16:39;30/06/2026 04:37;03/07/2026 16:42
557124;PE;A9079;00019200000013328611;MultiModal;30/06/2026 04:37;03/07/2026 16:39;30/06/2026 04:37;03/07/2026 16:42
557124;PE;A1220;00019200000013328620;MultiModal;30/06/2026 04:37;03/07/2026 16:39;30/06/2026 04:37;03/07/2026 16:42
557124;PE;A4853;00019200000013328638;MultiModal;30/06/2026 04:37;03/07/2026 16:39;30/06/2026 04:37;03/07/2026 16:42
557124;PE;A9603;00019200000013328646;MultiModal;30/06/2026 04:37;03/07/2026 16:39;30/06/2026 04:37;03/07/2026 16:44
557124;PE;A5677;00019200000013328654;MultiModal;30/06/2026 04:37;03/07/2026 16:39;30/06/2026 04:37;03/07/2026 16:42
557124;PE;A5749;00019200000013328662;MultiModal;30/06/2026 04:37;03/07/2026 16:39;30/06/2026 04:37;03/07/2026 16:42
557124;PE;A5663;00019200000013328670;MultiModal;30/06/2026 04:37;03/07/2026 16:39;30/06/2026 04:37;03/07/2026 16:42
557124;PE;A5611;00019200000013328689;MultiModal;30/06/2026 04:37;03/07/2026 16:39;30/06/2026 04:37;03/07/2026 16:42
557124;PE;A8217;00019200000013328697;MultiModal;30/06/2026 04:37;03/07/2026 16:39;30/06/2026 04:37;03/07/2026 16:44
557124;PE;A3633;00019200000013328700;MultiModal;30/06/2026 04:37;03/07/2026 16:39;30/06/2026 04:37;03/07/2026 16:44
557124;PE;A5586;00019200000013328719;MultiModal;30/06/2026 04:37;03/07/2026 16:39;02/07/2026 00:19;08/07/2026 16:47
557124;PE;A0135;00019200000013328727;MultiModal;30/06/2026 04:37;03/07/2026 16:39;30/06/2026 04:37;03/07/2026 16:42
557124;PE;TA0971;00019200000013328735;MultiModal;30/06/2026 04:37;03/07/2026 16:39;30/06/2026 04:37;03/07/2026 16:42
557124;PE;A8181;00019200000013328743;MultiModal;30/06/2026 04:37;03/07/2026 16:39;30/06/2026 04:37;03/07/2026 16:42
557124;PE;A5955;00019200000013328751;MultiModal;30/06/2026 04:37;03/07/2026 16:39;30/06/2026 04:37;03/07/2026 16:44
557124;PE;A4124;00019200000013328760;MultiModal;30/06/2026 04:37;03/07/2026 16:39;01/07/2026 00:49;03/07/2026 16:39
557124;PE;A6492;00019200000013328778;MultiModal;30/06/2026 04:37;03/07/2026 16:39;30/06/2026 04:37;03/07/2026 16:42
557124;PE;TA0060;00019200000013328786;MultiModal;30/06/2026 04:37;03/07/2026 16:39;30/06/2026 04:37;03/07/2026 16:44
557124;PE;A5529;00019200000013328794;MultiModal;30/06/2026 04:37;03/07/2026 16:39;01/07/2026 00:49;03/07/2026 16:39
557124;PE;A2026;00019200000013328808;MultiModal;30/06/2026 04:37;03/07/2026 16:39;01/07/2026 00:49;03/07/2026 16:39
557124;PE;A8631;00019200000013328816;MultiModal;30/06/2026 04:37;03/07/2026 16:39;01/07/2026 00:49;03/07/2026 16:39
557124;PE;A5870;00019200000013328824;MultiModal;30/06/2026 04:37;03/07/2026 16:39;30/06/2026 04:37;03/07/2026 16:44
557124;PE;A4909;00019200000013328832;MultiModal;30/06/2026 04:37;03/07/2026 16:39;30/06/2026 04:37;03/07/2026 16:44
557124;PE;A8140;00019200000013328840;MultiModal;30/06/2026 04:37;03/07/2026 16:39;02/07/2026 00:19;08/07/2026 16:47
557124;PE;A6662;00019200000013328859;MultiModal;30/06/2026 04:37;03/07/2026 16:39;01/07/2026 00:49;03/07/2026 16:39
557124;PE;A6138;00019200000013328867;MultiModal;30/06/2026 04:37;03/07/2026 16:39;30/06/2026 04:37;03/07/2026 16:44
557124;PE;A6124;00019200000013328875;MultiModal;30/06/2026 04:37;03/07/2026 16:39;30/06/2026 04:37;03/07/2026 16:44
557124;PE;A9232;00019200000013328883;MultiModal;30/06/2026 04:37;03/07/2026 16:39;30/06/2026 04:37;03/07/2026 16:44
557124;PE;A7670;00019200000013328891;MultiModal;30/06/2026 04:37;03/07/2026 16:39;30/06/2026 04:37;03/07/2026 16:44
557124;PE;A5828;00019200000013329251;MultiModal;30/06/2026 04:37;03/07/2026 16:39;01/07/2026 00:49;03/07/2026 16:39
557124;PE;A6429;00019200000013329260;MultiModal;30/06/2026 04:37;03/07/2026 16:39;01/07/2026 00:49;03/07/2026 16:39
557124;PE;A9299;00019200000013329278;MultiModal;30/06/2026 04:37;03/07/2026 16:39;01/07/2026 00:49;03/07/2026 16:39
557124;PE;TA0711;00019200000013329286;MultiModal;30/06/2026 04:37;03/07/2026 16:39;30/06/2026 04:37;03/07/2026 16:44
557124;PE;A5790;00019200000013329294;MultiModal;30/06/2026 04:37;03/07/2026 16:39;30/06/2026 04:37;03/07/2026 16:44
557124;PE;A7602;00019200000013329308;MultiModal;30/06/2026 04:37;03/07/2026 16:39;02/07/2026 00:19;08/07/2026 16:47
557124;PE;A2175;00019200000013329456;MultiModal;30/06/2026 04:37;03/07/2026 16:39;01/07/2026 00:49;03/07/2026 16:39
557124;PE;A0527;00019200000013329464;MultiModal;30/06/2026 04:37;03/07/2026 16:39;01/07/2026 00:49;03/07/2026 16:39
557124;PE;A0618;00019200000013329480;MultiModal;30/06/2026 04:37;03/07/2026 16:39;01/07/2026 00:49;03/07/2026 16:39
557124;PE;A8008;00019200000013329502;MultiModal;30/06/2026 04:37;03/07/2026 16:39;01/07/2026 00:49;03/07/2026 16:39
557124;PE;A9136;00019200000013329529;MultiModal;30/06/2026 04:37;03/07/2026 16:39;01/07/2026 00:49;03/07/2026 16:39
557124;PE;A8541;00019200000013329545;MultiModal;30/06/2026 04:37;03/07/2026 16:39;01/07/2026 00:49;03/07/2026 16:39
557124;PE;A9185;00019200000013329553;MultiModal;30/06/2026 04:37;03/07/2026 16:39;02/07/2026 00:19;08/07/2026 16:47
557124;PE;A5097;00019200000013329561;MultiModal;30/06/2026 04:37;03/07/2026 16:39;02/07/2026 00:19;08/07/2026 16:47
557124;PE;A1646;00019200000013329570;MultiModal;30/06/2026 04:37;03/07/2026 16:39;02/07/2026 00:19;08/07/2026 16:47
557124;PE;A6706;00019200000013329588;MultiModal;30/06/2026 04:37;03/07/2026 16:39;02/07/2026 00:19;08/07/2026 16:47
557124;PE;A7095;00019200000013329596;MultiModal;30/06/2026 04:37;03/07/2026 16:39;02/07/2026 00:19;08/07/2026 16:47
557124;PE;A3116;00019200000013329600;MultiModal;30/06/2026 04:37;03/07/2026 16:39;02/07/2026 00:19;08/07/2026 16:47
557124;PE;A6589;00019200000013329618;MultiModal;30/06/2026 04:37;03/07/2026 16:39;02/07/2026 00:19;08/07/2026 16:47
557124;PE;A6014;00019200000013329626;MultiModal;30/06/2026 04:37;03/07/2026 16:39;01/07/2026 00:49;03/07/2026 16:39
557124;PE;A6142;00019200000013329634;MultiModal;30/06/2026 04:37;03/07/2026 16:39;02/07/2026 00:19;08/07/2026 16:47
557124;PE;TA0453;00019200000013329642;MultiModal;30/06/2026 04:37;03/07/2026 16:39;02/07/2026 00:19;08/07/2026 16:47
557124;PE;A4776;00019200000013329650;MultiModal;30/06/2026 04:37;03/07/2026 16:39;01/07/2026 00:49;03/07/2026 16:39
557124;PE;TA0003;00019200000013329669;MultiModal;30/06/2026 04:37;03/07/2026 16:39;02/07/2026 00:19;08/07/2026 16:47
557124;PE;A8109;00019200000013329677;MultiModal;30/06/2026 04:37;03/07/2026 16:39;02/07/2026 00:19;08/07/2026 16:47
557124;PE;A6246;00019200000013329685;MultiModal;30/06/2026 04:37;03/07/2026 16:39;02/07/2026 00:19;08/07/2026 16:47
557124;PE;TA0845;00019200000013329693;MultiModal;30/06/2026 04:37;03/07/2026 16:39;02/07/2026 00:19;08/07/2026 16:47
557124;PE;TA0570;00019200000013329707;MultiModal;30/06/2026 04:37;03/07/2026 16:39;02/07/2026 00:19;08/07/2026 16:47
557124;PE;A3096;00019200000013329715;MultiModal;30/06/2026 04:37;03/07/2026 16:39;02/07/2026 00:19;08/07/2026 16:47
557124;PE;A4694;00019200000013329723;MultiModal;30/06/2026 04:37;03/07/2026 16:39;30/06/2026 04:37;03/07/2026 16:44
557124;PE;A9331;00019200000013329731;MultiModal;30/06/2026 04:37;03/07/2026 16:39;02/07/2026 00:19;08/07/2026 16:47
557124;PE;A2983;00019200000013329740;MultiModal;30/06/2026 04:37;03/07/2026 16:39;02/07/2026 00:19;08/07/2026 16:47
557124;PE;A6747;00019200000013329758;MultiModal;30/06/2026 04:37;03/07/2026 16:39;02/07/2026 00:19;08/07/2026 16:47
557124;PE;A2109;00019200000013329766;MultiModal;30/06/2026 04:37;03/07/2026 16:39;01/07/2026 00:49;03/07/2026 16:39
557124;PE;A5878;00019200000013329774;MultiModal;30/06/2026 04:37;03/07/2026 16:39;30/06/2026 04:37;03/07/2026 16:44
557124;PE;A7228;00019200000013329782;MultiModal;30/06/2026 04:37;03/07/2026 16:39;01/07/2026 00:49;03/07/2026 16:39
557124;PE;A5598;00019200000013329790;MultiModal;30/06/2026 04:37;03/07/2026 16:39;01/07/2026 00:49;03/07/2026 16:39
557124;PE;A7246;00019200000013329804;MultiModal;30/06/2026 04:37;03/07/2026 16:39;01/07/2026 00:49;03/07/2026 16:39
557268;PE;A3660;00019200000012527319;MultiModal;24/06/2026 08:11;25/06/2026 17:24;25/06/2026 00:44;30/06/2026 17:59
557268;PE;A6545;00019200000012527327;MultiModal;24/06/2026 08:11;25/06/2026 17:24;25/06/2026 00:44;30/06/2026 17:59
557268;PE;A6786;00019200000012527335;MultiModal;24/06/2026 08:11;25/06/2026 17:24;25/06/2026 00:44;30/06/2026 17:59
557268;PE;A6244;00019200000012527343;MultiModal;24/06/2026 08:11;25/06/2026 17:24;25/06/2026 00:44;30/06/2026 17:59
557268;PE;A3853;00019200000012527351;MultiModal;24/06/2026 08:11;25/06/2026 17:24;25/06/2026 00:44;30/06/2026 17:59
557268;PE;A9210;00019200000012527360;MultiModal;24/06/2026 08:11;25/06/2026 17:24;25/06/2026 00:44;30/06/2026 17:59
557268;PE;A5513;00019200000012527378;MultiModal;24/06/2026 08:11;25/06/2026 17:24;30/06/2026 00:15;-
557268;PE;A9301;00019200000012697281;MultiModal;24/06/2026 08:11;25/06/2026 17:24;24/06/2026 08:11;25/06/2026 17:24
557268;PE;A7974;00019200000012697303;MultiModal;24/06/2026 08:11;25/06/2026 17:24;24/06/2026 08:11;25/06/2026 17:24
557268;PE;TA0126;00019200000012697311;MultiModal;24/06/2026 08:11;25/06/2026 17:24;30/06/2026 00:15;-
557268;PE;A8462;00019200000012697320;MultiModal;24/06/2026 08:11;25/06/2026 17:24;24/06/2026 08:11;25/06/2026 17:24
557268;PE;A4794;00019200000012697346;MultiModal;24/06/2026 08:11;25/06/2026 17:24;25/06/2026 00:44;30/06/2026 17:59
557268;PE;A1494;00019200000012697419;MultiModal;24/06/2026 08:11;25/06/2026 17:24;25/06/2026 00:44;30/06/2026 17:59
557268;PE;A6201;00019200000012697427;MultiModal;24/06/2026 08:11;25/06/2026 17:24;30/06/2026 00:15;-
557268;PE;TA0237;00019200000012697443;MultiModal;24/06/2026 08:11;25/06/2026 17:24;25/06/2026 00:44;30/06/2026 17:59
557268;PE;A4327;00019200000013205633;MultiModal;24/06/2026 08:11;25/06/2026 17:24;02/07/2026 05:57;-
557268;PE;TA1059;00019200000013205641;MultiModal;24/06/2026 08:11;25/06/2026 17:24;02/07/2026 05:57;-
557268;PE;A0532;00019200000013205650;MultiModal;24/06/2026 08:11;25/06/2026 17:24;02/07/2026 05:57;-
557268;PE;A9135;00019200000013205668;MultiModal;24/06/2026 08:11;25/06/2026 17:24;02/07/2026 05:57;-
557268;PE;A3062;00019200000013205676;MultiModal;24/06/2026 08:11;25/06/2026 17:24;02/07/2026 05:57;-
557268;PE;A9054;00019200000013205684;MultiModal;24/06/2026 08:11;25/06/2026 17:24;02/07/2026 05:57;-
557268;PE;TA0813;00019200000013205692;MultiModal;24/06/2026 08:11;25/06/2026 17:24;02/07/2026 05:57;-
557268;PE;A7342;00019200000013205706;MultiModal;24/06/2026 08:11;25/06/2026 17:24;02/07/2026 05:57;-
557268;PE;A4416;00019200000013205714;MultiModal;24/06/2026 08:11;25/06/2026 17:24;24/06/2026 08:11;25/06/2026 17:24
557268;PE;A1595;00019200000013205722;MultiModal;24/06/2026 08:11;25/06/2026 17:24;24/06/2026 08:11;25/06/2026 17:24
557268;PE;A6033;00019200000013205730;MultiModal;24/06/2026 08:11;25/06/2026 17:24;24/06/2026 08:11;25/06/2026 17:24
557268;PE;A5989;00019200000013205749;MultiModal;24/06/2026 08:11;25/06/2026 17:24;24/06/2026 08:11;25/06/2026 17:24
557268;PE;A0081;00019200000013205757;MultiModal;24/06/2026 08:11;25/06/2026 17:24;24/06/2026 08:11;25/06/2026 17:24
557268;PE;A7650;00019200000013205765;MultiModal;24/06/2026 08:11;25/06/2026 17:24;24/06/2026 08:11;25/06/2026 17:24
557268;PE;TA0156;00019200000013205773;MultiModal;24/06/2026 08:11;25/06/2026 17:24;02/07/2026 05:57;-
557268;PE;A3637;00019200000013205781;MultiModal;24/06/2026 08:11;25/06/2026 17:24;02/07/2026 05:57;-
557268;PE;A6779;00019200000013205790;MultiModal;24/06/2026 08:11;25/06/2026 17:24;24/06/2026 08:11;25/06/2026 17:24
557268;PE;A4688;00019200000013205803;MultiModal;24/06/2026 08:11;25/06/2026 17:24;24/06/2026 08:11;25/06/2026 17:24
557268;PE;A9369;00019200000013205811;MultiModal;24/06/2026 08:11;25/06/2026 17:24;24/06/2026 08:11;25/06/2026 17:24
557268;PE;A9399;00019200000013205820;MultiModal;24/06/2026 08:11;25/06/2026 17:24;24/06/2026 08:11;25/06/2026 17:24
557268;PE;A1633;00019200000013205838;MultiModal;24/06/2026 08:11;25/06/2026 17:24;02/07/2026 05:57;-
557268;PE;A4731;00019200000013205846;MultiModal;24/06/2026 08:11;25/06/2026 17:24;02/07/2026 05:57;-
557268;PE;TA0043;00019200000013205854;MultiModal;24/06/2026 08:11;25/06/2026 17:24;24/06/2026 08:11;25/06/2026 17:24
557268;PE;A4500;00019200000013205862;MultiModal;24/06/2026 08:11;25/06/2026 17:24;24/06/2026 08:11;25/06/2026 17:24
557268;PE;A7750;00019200000013205870;MultiModal;24/06/2026 08:11;25/06/2026 17:24;02/07/2026 05:57;-
557268;PE;A9296;00019200000013205889;MultiModal;24/06/2026 08:11;25/06/2026 17:24;02/07/2026 05:57;-
557268;PE;A1180;00019200000013205897;MultiModal;24/06/2026 08:11;25/06/2026 17:24;02/07/2026 05:57;-
557268;PE;A4514;00019200000013205900;MultiModal;24/06/2026 08:11;25/06/2026 17:24;02/07/2026 05:57;-
557268;PE;A2948;00019200000013205919;MultiModal;24/06/2026 08:11;25/06/2026 17:24;02/07/2026 05:57;-
557268;PE;A8605;00019200000013205927;MultiModal;24/06/2026 08:11;25/06/2026 17:24;02/07/2026 05:57;-
557268;PE;A8580;00019200000013205935;MultiModal;24/06/2026 08:11;25/06/2026 17:24;24/06/2026 08:11;25/06/2026 17:24
557268;PE;TA0819;00019200000013205943;MultiModal;24/06/2026 08:11;25/06/2026 17:24;24/06/2026 08:11;25/06/2026 17:24
557268;PE;A6894;00019200000013205951;MultiModal;24/06/2026 08:11;25/06/2026 17:24;02/07/2026 05:57;-
557268;PE;A6654;00019200000013205960;MultiModal;24/06/2026 08:11;25/06/2026 17:24;02/07/2026 05:57;-
557268;PE;A8246;00019200000013205994;MultiModal;24/06/2026 08:11;25/06/2026 17:24;24/06/2026 08:11;25/06/2026 17:24
557268;PE;TA0014;00019200000013206001;MultiModal;24/06/2026 08:11;25/06/2026 17:24;25/06/2026 00:44;30/06/2026 17:59
557268;PE;A5615;00019200000013206010;MultiModal;24/06/2026 08:11;25/06/2026 17:24;24/06/2026 08:11;25/06/2026 17:24
557268;PE;A6126;00019200000013211684;MultiModal;24/06/2026 08:11;25/06/2026 17:24;30/06/2026 00:15;-
557268;PE;A8216;00019200000013225405;MultiModal;24/06/2026 08:11;25/06/2026 17:24;25/06/2026 00:44;30/06/2026 17:59
557268;PE;A7231;00019200000013225421;MultiModal;24/06/2026 08:11;25/06/2026 17:24;25/06/2026 00:44;30/06/2026 17:59
557268;PE;A3758;00019200000013225430;MultiModal;24/06/2026 08:11;25/06/2026 17:24;25/06/2026 00:44;30/06/2026 17:59
557268;PE;A9186;00019200000013225448;MultiModal;24/06/2026 08:11;25/06/2026 17:24;24/06/2026 08:11;25/06/2026 17:24
557268;PE;A5498;00019200000013225456;MultiModal;24/06/2026 08:11;25/06/2026 17:24;25/06/2026 00:44;30/06/2026 17:59
557268;PE;A5652;00019200000013226908;MultiModal;24/06/2026 08:11;25/06/2026 17:24;30/06/2026 00:15;-
557268;PE;TA0521;00019200000013226916;MultiModal;24/06/2026 08:11;25/06/2026 17:24;30/06/2026 00:15;-
557268;PE;A8766;00019200000013226924;MultiModal;24/06/2026 08:11;25/06/2026 17:24;01/07/2026 05:47;-
557268;PE;A4580;00019200000013226932;MultiModal;24/06/2026 08:11;25/06/2026 17:24;01/07/2026 05:47;-
557268;PE;A8594;00019200000013226940;MultiModal;24/06/2026 08:11;25/06/2026 17:24;01/07/2026 05:47;-
557268;PE;A7009;00019200000013226959;MultiModal;24/06/2026 08:11;25/06/2026 17:24;01/07/2026 05:47;-
557268;PE;A1899;00019200000013226967;MultiModal;24/06/2026 08:11;25/06/2026 17:24;01/07/2026 05:47;-
557268;PE;A2578;00019200000013226975;MultiModal;24/06/2026 08:11;25/06/2026 17:24;01/07/2026 05:47;-
557268;PE;TA0566;00019200000013226983;MultiModal;24/06/2026 08:11;25/06/2026 17:24;01/07/2026 05:47;-
557268;PE;A2575;00019200000013226991;MultiModal;24/06/2026 08:11;25/06/2026 17:24;25/06/2026 00:44;30/06/2026 17:59
557268;PE;A5163;00019200000013227009;MultiModal;24/06/2026 08:11;25/06/2026 17:24;25/06/2026 00:44;30/06/2026 17:59
557268;PE;A6981;00019200000013227017;MultiModal;24/06/2026 08:11;25/06/2026 17:24;01/07/2026 05:47;-
557268;PE;A9664;00019200000013227025;MultiModal;24/06/2026 08:11;25/06/2026 17:24;30/06/2026 00:15;-
557268;PE;A3729;00019200000013227033;MultiModal;24/06/2026 08:11;25/06/2026 17:24;30/06/2026 00:15;-
557268;PE;A6051;00019200000013227041;MultiModal;24/06/2026 08:11;25/06/2026 17:24;30/06/2026 00:15;-
557268;PE;TA0218;00019200000013227050;MultiModal;24/06/2026 08:11;25/06/2026 17:24;30/06/2026 00:15;-
557268;PE;A7034;00019200000013227068;MultiModal;24/06/2026 08:11;25/06/2026 17:24;30/06/2026 00:15;-
557268;PE;A0363;00019200000013227076;MultiModal;24/06/2026 08:11;25/06/2026 17:24;30/06/2026 00:15;-
557268;PE;A6129;00019200000013227084;MultiModal;24/06/2026 08:11;25/06/2026 17:24;30/06/2026 00:15;-
557268;PE;TA0021;00019200000013227092;MultiModal;24/06/2026 08:11;25/06/2026 17:24;30/06/2026 00:15;-
557268;PE;A7855;00019200000013227106;MultiModal;24/06/2026 08:11;25/06/2026 17:24;30/06/2026 00:15;-
557268;PE;A6753;00019200000013227114;MultiModal;24/06/2026 08:11;25/06/2026 17:24;30/06/2026 00:15;-
557268;PE;A7415;00019200000013227122;MultiModal;24/06/2026 08:11;25/06/2026 17:24;30/06/2026 00:15;-
557268;PE;A0086;00019200000013227130;MultiModal;24/06/2026 08:11;25/06/2026 17:24;30/06/2026 00:15;-
557268;PE;A7304;00019200000013227157;MultiModal;24/06/2026 08:11;25/06/2026 17:24;01/07/2026 05:47;-
557268;PE;A7065;00019200000013227165;MultiModal;24/06/2026 08:11;25/06/2026 17:24;30/06/2026 00:15;-
557268;PE;A6167;00019200000013227173;MultiModal;24/06/2026 08:11;25/06/2026 17:24;30/06/2026 00:15;-
557268;PE;A8275;00019200000013227181;MultiModal;24/06/2026 08:11;25/06/2026 17:24;25/06/2026 00:44;30/06/2026 17:59
557268;PE;A9105;00019200000013227190;MultiModal;24/06/2026 08:11;25/06/2026 17:24;25/06/2026 00:44;30/06/2026 17:59
557268;PE;A3077;00019200000013227203;MultiModal;24/06/2026 08:11;25/06/2026 17:24;25/06/2026 00:44;30/06/2026 17:59
557268;PE;A7682;00019200000013227211;MultiModal;24/06/2026 08:11;25/06/2026 17:24;30/06/2026 00:15;-
557268;PE;A0522;00019200000013227220;MultiModal;24/06/2026 08:11;25/06/2026 17:24;01/07/2026 05:47;-
557268;PE;A7011;00019200000013227238;MultiModal;24/06/2026 08:11;25/06/2026 17:24;30/06/2026 00:15;-
557268;PE;A3503;00019200000013227246;MultiModal;24/06/2026 08:11;25/06/2026 17:24;01/07/2026 05:47;-
557268;PE;A4756;00019200000013227254;MultiModal;24/06/2026 08:11;25/06/2026 17:24;30/06/2026 00:15;-
557268;PE;A8668;00019200000013227262;MultiModal;24/06/2026 08:11;25/06/2026 17:24;01/07/2026 05:47;-
557268;PE;A2494;00019200000013227270;MultiModal;24/06/2026 08:11;25/06/2026 17:24;01/07/2026 05:47;-
557268;PE;A5888;00019200000013227297;MultiModal;24/06/2026 08:11;25/06/2026 17:24;02/07/2026 05:57;-
557268;PE;A9273;00019200000013227300;MultiModal;24/06/2026 08:11;25/06/2026 17:24;02/07/2026 05:57;-
557268;PE;A7139;00019200000013227319;MultiModal;24/06/2026 08:11;25/06/2026 17:24;01/07/2026 05:47;-
557268;PE;A0795;00019200000013227327;MultiModal;24/06/2026 08:11;25/06/2026 17:24;01/07/2026 05:47;-
557268;PE;A3235;00019200000013227335;MultiModal;24/06/2026 08:11;25/06/2026 17:24;01/07/2026 05:47;-
557268;PE;A7060;00019200000013227343;MultiModal;24/06/2026 08:11;25/06/2026 17:24;01/07/2026 05:47;-
557268;PE;TA0515;00019200000013227351;MultiModal;24/06/2026 08:11;25/06/2026 17:24;01/07/2026 05:47;-
557268;PE;A4729;00019200000013227360;MultiModal;24/06/2026 08:11;25/06/2026 17:24;01/07/2026 05:47;-
557268;PE;A9625;00019200000013227378;MultiModal;24/06/2026 08:11;25/06/2026 17:24;01/07/2026 05:47;-
557268;PE;A5517;00019200000013227386;MultiModal;24/06/2026 08:11;25/06/2026 17:24;01/07/2026 05:47;-
557268;PE;A4750;00019200000013227394;MultiModal;24/06/2026 08:11;25/06/2026 17:24;02/07/2026 05:57;-
557268;PE;A7316;00019200000013227408;MultiModal;24/06/2026 08:11;25/06/2026 17:24;25/06/2026 00:44;30/06/2026 17:59
557268;PE;A7347;00019200000013227416;MultiModal;24/06/2026 08:11;25/06/2026 17:24;24/06/2026 08:11;25/06/2026 17:24
557268;PE;A3958;00019200000013227424;MultiModal;24/06/2026 08:11;25/06/2026 17:24;24/06/2026 08:11;25/06/2026 17:24
557268;PE;A3935;00019200000013227432;MultiModal;24/06/2026 08:11;25/06/2026 17:24;24/06/2026 08:11;25/06/2026 17:24
557268;PE;A4452;00019200000013227440;MultiModal;24/06/2026 08:11;25/06/2026 17:24;25/06/2026 00:44;30/06/2026 17:59
557268;PE;A7720;00019200000013227459;MultiModal;24/06/2026 08:11;25/06/2026 17:24;25/06/2026 00:44;30/06/2026 17:59
557268;PE;A8340;00019200000013227467;MultiModal;24/06/2026 08:11;25/06/2026 17:24;01/07/2026 05:47;-
557268;PE;A9399;00019200000013227475;MultiModal;24/06/2026 08:11;25/06/2026 17:24;01/07/2026 05:47;-
557289;PE;A1969;00019200000013319809;MultiModal;24/06/2026 04:57;25/06/2026 17:22;-;-
557289;PE;A6546;00019200000013319817;MultiModal;24/06/2026 04:57;25/06/2026 17:22;24/06/2026 04:57;25/06/2026 17:22
557289;PE;A5014;00019200000013319825;MultiModal;24/06/2026 04:57;25/06/2026 17:22;24/06/2026 04:57;25/06/2026 17:22
557289;PE;TA0272;00019200000013319833;MultiModal;24/06/2026 04:57;25/06/2026 17:22;24/06/2026 04:57;25/06/2026 17:22
557289;PE;A2139;00019200000013319841;MultiModal;24/06/2026 04:57;25/06/2026 17:22;24/06/2026 04:57;25/06/2026 17:22
557289;PE;A0533;00019200000013320254;MultiModal;24/06/2026 04:57;25/06/2026 17:22;24/06/2026 04:57;25/06/2026 17:22
557289;PE;A1077;00019200000013320262;MultiModal;24/06/2026 04:57;25/06/2026 17:22;24/06/2026 04:57;25/06/2026 17:22
557289;PE;A3424;00019200000013320270;MultiModal;24/06/2026 04:57;25/06/2026 17:22;24/06/2026 04:57;25/06/2026 17:22
557289;PE;A0963;00019200000013320289;MultiModal;24/06/2026 04:57;25/06/2026 17:22;-;-
557321;PE;A9638;00019200000012657964;MultiModal;11/06/2026 00:40;12/06/2026 15:32;-;-
557386;PE;A1141;00019200000012656534;MultiModal;11/06/2026 23:22;13/06/2026 13:10;-;-
557412;PE;A6522;00019200000012656500;MultiModal;11/06/2026 23:13;13/06/2026 13:08;-;-
557414;PE;A6933;00019200000012654965;MultiModal;11/06/2026 23:14;13/06/2026 13:04;-;-
557697;PE;A5176;00019200000012685402;MultiModal;16/06/2026 05:06;17/06/2026 13:40;16/06/2026 05:06;17/06/2026 13:40
557768;PE;A3479;00019200000012907316;MultiModal;24/06/2026 05:12;30/06/2026 18:01;24/06/2026 05:12;30/06/2026 18:01
557768;PE;A7457;00019200000012907359;MultiModal;24/06/2026 05:12;30/06/2026 18:01;24/06/2026 05:12;30/06/2026 18:01
557768;PE;A5668;00019200000012907367;MultiModal;24/06/2026 05:12;30/06/2026 18:01;24/06/2026 05:12;30/06/2026 18:01
557768;PE;A1833;00019200000012907375;MultiModal;24/06/2026 05:12;30/06/2026 18:01;24/06/2026 05:12;30/06/2026 18:01
557768;PE;A2435;00019200000012907421;MultiModal;24/06/2026 05:12;30/06/2026 18:01;24/06/2026 05:12;30/06/2026 18:01
557768;PE;A3330;00019200000012927600;MultiModal;24/06/2026 05:12;30/06/2026 18:01;24/06/2026 05:12;30/06/2026 18:01
557768;PE;A0810;00019200000012927619;MultiModal;24/06/2026 05:12;30/06/2026 18:01;24/06/2026 05:12;30/06/2026 18:01
557768;PE;A0303;00019200000012927627;MultiModal;24/06/2026 05:12;30/06/2026 18:01;24/06/2026 05:12;30/06/2026 18:01
557768;PE;A1942;00019200000012927635;MultiModal;24/06/2026 05:12;30/06/2026 18:01;24/06/2026 05:12;30/06/2026 18:01
557768;PE;A4231;00019200000013225529;MultiModal;24/06/2026 05:12;30/06/2026 18:01;24/06/2026 05:12;30/06/2026 18:01
558011;PE;A7166;00019200000013327607;MultiModal;29/06/2026 03:48;30/06/2026 16:02;29/06/2026 03:48;30/06/2026 16:02
558011;PE;A4297;00019200000013327623;MultiModal;29/06/2026 03:48;30/06/2026 16:02;29/06/2026 03:48;30/06/2026 16:02
558011;PE;A1817;00019200000013327631;MultiModal;29/06/2026 03:48;30/06/2026 16:02;29/06/2026 03:48;30/06/2026 16:02
558011;PE;A3641;00019200000013327640;MultiModal;29/06/2026 03:48;30/06/2026 16:02;29/06/2026 03:48;30/06/2026 16:02
558011;PE;A9327;00019200000013327658;MultiModal;29/06/2026 03:48;30/06/2026 16:02;29/06/2026 03:48;30/06/2026 16:02
558015;PE;A3085;00019200000013248596;MultiModal;29/06/2026 03:48;30/06/2026 16:01;29/06/2026 03:48;30/06/2026 16:01
558015;PE;A7466;00019200000013252232;MultiModal;29/06/2026 03:48;30/06/2026 16:01;29/06/2026 03:48;30/06/2026 16:01
558015;PE;A6702;00019200000013252470;MultiModal;29/06/2026 03:48;30/06/2026 16:01;29/06/2026 03:48;30/06/2026 16:01
558015;PE;A6737;00019200000013252488;MultiModal;29/06/2026 03:48;30/06/2026 16:01;29/06/2026 03:48;30/06/2026 16:01
558015;PE;A2047;00019200000013252496;MultiModal;29/06/2026 03:48;30/06/2026 16:01;29/06/2026 03:48;30/06/2026 16:01
558015;PE;A9343;00019200000013252500;MultiModal;29/06/2026 03:48;30/06/2026 16:01;29/06/2026 03:48;30/06/2026 16:01
558015;PE;TA0923;00019200000013252518;MultiModal;29/06/2026 03:48;30/06/2026 16:01;29/06/2026 03:48;30/06/2026 16:01
558015;PE;TA1030;00019200000013252526;MultiModal;29/06/2026 03:48;30/06/2026 16:01;29/06/2026 03:48;30/06/2026 16:01
558015;PE;TA1242;00019200000013252534;MultiModal;29/06/2026 03:48;30/06/2026 16:01;29/06/2026 03:48;30/06/2026 16:01
558015;PE;A8308;00019200000013253425;MultiModal;29/06/2026 03:48;30/06/2026 16:01;29/06/2026 03:48;30/06/2026 16:01
558015;PE;A1679;00019200000013253433;MultiModal;29/06/2026 03:48;30/06/2026 16:01;29/06/2026 03:48;30/06/2026 16:01
558015;PE;TA0202;00019200000013253441;MultiModal;29/06/2026 03:48;30/06/2026 16:01;29/06/2026 03:48;30/06/2026 16:01
558015;PE;A6773;00019200000013253450;MultiModal;29/06/2026 03:48;30/06/2026 16:01;29/06/2026 03:48;30/06/2026 16:01
558015;PE;A4401;00019200000013253468;MultiModal;29/06/2026 03:48;30/06/2026 16:01;29/06/2026 03:48;30/06/2026 16:01
558015;PE;TA0354;00019200000013253476;MultiModal;29/06/2026 03:48;30/06/2026 16:01;29/06/2026 03:48;30/06/2026 16:01
558015;PE;TA0037;00019200000013253484;MultiModal;29/06/2026 03:48;30/06/2026 16:01;29/06/2026 03:48;30/06/2026 16:01
558015;PE;TA0781;00019200000013253492;MultiModal;29/06/2026 03:48;30/06/2026 16:01;29/06/2026 03:48;30/06/2026 16:01
558015;PE;A9047;00019200000013254260;MultiModal;29/06/2026 03:48;30/06/2026 16:01;29/06/2026 03:48;30/06/2026 16:01
558015;PE;A8483;00019200000013254278;MultiModal;29/06/2026 03:48;30/06/2026 16:01;29/06/2026 03:48;30/06/2026 16:01
558015;PE;A7813;00019200000013254294;MultiModal;29/06/2026 03:48;30/06/2026 16:01;29/06/2026 03:48;30/06/2026 16:01
558015;PE;A2661;00019200000013254316;MultiModal;29/06/2026 03:48;30/06/2026 16:01;29/06/2026 03:48;30/06/2026 16:01
558015;PE;A2318;00019200000013254324;MultiModal;29/06/2026 03:48;30/06/2026 16:01;29/06/2026 03:48;30/06/2026 16:01
558015;PE;A2449;00019200000013254332;MultiModal;29/06/2026 03:48;30/06/2026 16:01;29/06/2026 03:48;30/06/2026 16:01
558015;PE;A8548;00019200000013254359;MultiModal;29/06/2026 03:48;30/06/2026 16:01;29/06/2026 03:48;30/06/2026 16:01
558015;PE;A0315;00019200000013254367;MultiModal;29/06/2026 03:48;30/06/2026 16:01;29/06/2026 03:48;30/06/2026 16:01
558015;PE;A8010;00019200000013254375;MultiModal;29/06/2026 03:48;30/06/2026 16:01;29/06/2026 03:48;30/06/2026 16:01
558015;PE;TA0951;00019200000013254383;MultiModal;29/06/2026 03:48;30/06/2026 16:01;29/06/2026 03:48;30/06/2026 16:01
558015;PE;A7860;00019200000013254391;MultiModal;29/06/2026 03:48;30/06/2026 16:01;29/06/2026 03:48;30/06/2026 16:01
558017;PE;A0276;00019200000013324861;MultiModal;02/07/2026 04:04;03/07/2026 11:23;02/07/2026 04:06;03/07/2026 11:23
558017;PE;A8199;00019200000013324870;MultiModal;02/07/2026 04:04;03/07/2026 11:23;02/07/2026 04:06;03/07/2026 11:23
558017;PE;A5892;00019200000013324888;MultiModal;02/07/2026 04:04;03/07/2026 11:23;02/07/2026 04:06;03/07/2026 11:23
558017;PE;A3866;00019200000013324896;MultiModal;02/07/2026 04:04;03/07/2026 11:23;02/07/2026 04:06;03/07/2026 11:23
558017;PE;A4965;00019200000013324900;MultiModal;02/07/2026 04:04;03/07/2026 11:23;02/07/2026 04:04;06/07/2026 11:35
558017;PE;A8779;00019200000013324918;MultiModal;02/07/2026 04:04;03/07/2026 11:23;02/07/2026 04:06;03/07/2026 11:23
558017;PE;A2986;00019200000013324926;MultiModal;02/07/2026 04:04;03/07/2026 11:23;02/07/2026 04:04;06/07/2026 11:35
558017;PE;A8280;00019200000013324934;MultiModal;02/07/2026 04:04;03/07/2026 11:23;02/07/2026 04:06;03/07/2026 11:23
558017;PE;A5456;00019200000013325230;MultiModal;02/07/2026 04:04;03/07/2026 11:23;02/07/2026 04:04;06/07/2026 11:35
558017;PE;A8471;00019200000013325248;MultiModal;02/07/2026 04:04;03/07/2026 11:23;02/07/2026 04:04;06/07/2026 11:35
558017;PE;A4586;00019200000013325310;MultiModal;02/07/2026 04:04;03/07/2026 11:23;02/07/2026 04:06;03/07/2026 11:23
558017;PE;A0764;00019200000013325329;MultiModal;02/07/2026 04:04;03/07/2026 11:23;02/07/2026 04:04;06/07/2026 11:35
558017;PE;A9608;00019200000013325337;MultiModal;02/07/2026 04:04;03/07/2026 11:23;02/07/2026 04:04;06/07/2026 11:35
558017;PE;A8152;00019200000013325345;MultiModal;02/07/2026 04:04;03/07/2026 11:23;02/07/2026 04:06;03/07/2026 11:23
558017;PE;A3896;00019200000013325353;MultiModal;02/07/2026 04:04;03/07/2026 11:23;02/07/2026 04:04;06/07/2026 11:35
558017;PE;A8460;00019200000013325361;MultiModal;02/07/2026 04:04;03/07/2026 11:23;02/07/2026 04:04;06/07/2026 11:35
558017;PE;A4153;00019200000013325370;MultiModal;02/07/2026 04:04;03/07/2026 11:23;02/07/2026 04:04;06/07/2026 11:35
558017;PE;A6353;00019200000013325388;MultiModal;02/07/2026 04:04;03/07/2026 11:23;02/07/2026 04:06;03/07/2026 11:23
558017;PE;A2959;00019200000013325396;MultiModal;02/07/2026 04:04;03/07/2026 11:23;02/07/2026 04:06;03/07/2026 11:23
558017;PE;A7835;00019200000013325400;MultiModal;02/07/2026 04:04;03/07/2026 11:23;02/07/2026 04:04;06/07/2026 11:35
558017;PE;A4232;00019200000013325418;MultiModal;02/07/2026 04:04;03/07/2026 11:23;02/07/2026 04:06;03/07/2026 11:23
558017;PE;A8823;00019200000013325426;MultiModal;02/07/2026 04:04;03/07/2026 11:23;02/07/2026 04:06;03/07/2026 11:23
558017;PE;A6143;00019200000013325434;MultiModal;02/07/2026 04:04;03/07/2026 11:23;02/07/2026 04:06;03/07/2026 11:23
558017;PE;A1049;00019200000013325442;MultiModal;02/07/2026 04:04;03/07/2026 11:23;02/07/2026 04:04;06/07/2026 11:35
558017;PE;A9438;00019200000013325590;MultiModal;02/07/2026 04:04;03/07/2026 11:23;02/07/2026 04:04;06/07/2026 11:35
558017;PE;A3613;00019200000013325604;MultiModal;02/07/2026 04:04;03/07/2026 11:23;02/07/2026 04:04;06/07/2026 11:35
558017;PE;A6875;00019200000013325612;MultiModal;02/07/2026 04:04;03/07/2026 11:23;02/07/2026 04:04;06/07/2026 11:35
558017;PE;TA1024;00019200000013325620;MultiModal;02/07/2026 04:04;03/07/2026 11:23;02/07/2026 04:06;03/07/2026 11:23
558018;PE;A6748;00019200000013238558;MultiModal;24/06/2026 08:15;25/06/2026 13:00;24/06/2026 08:15;26/06/2026 16:02
558018;PE;TA0092;00019200000013238566;MultiModal;24/06/2026 08:15;25/06/2026 13:00;24/06/2026 08:39;25/06/2026 13:00
558018;PE;A4806;00019200000013238574;MultiModal;24/06/2026 08:15;25/06/2026 13:00;24/06/2026 08:15;26/06/2026 16:02
558018;PE;TA0584;00019200000013238582;MultiModal;24/06/2026 08:15;25/06/2026 13:00;24/06/2026 08:39;25/06/2026 13:00
558018;PE;A6560;00019200000013238590;MultiModal;24/06/2026 08:15;25/06/2026 13:00;24/06/2026 08:39;25/06/2026 13:00
558018;PE;TA1047;00019200000013238604;MultiModal;24/06/2026 08:15;25/06/2026 13:00;24/06/2026 08:39;25/06/2026 13:00
558018;PE;A6883;00019200000013316664;MultiModal;24/06/2026 08:15;25/06/2026 13:00;24/06/2026 08:15;26/06/2026 16:02
558018;PE;A6351;00019200000013316877;MultiModal;24/06/2026 08:15;25/06/2026 13:00;24/06/2026 08:15;26/06/2026 16:02
558018;PE;TA1208;00019200000013316885;MultiModal;24/06/2026 08:15;25/06/2026 13:00;24/06/2026 08:39;25/06/2026 13:00
558018;PE;A8511;00019200000013316893;MultiModal;24/06/2026 08:15;25/06/2026 13:00;24/06/2026 08:15;26/06/2026 16:02
558018;PE;A9609;00019200000013316907;MultiModal;24/06/2026 08:15;25/06/2026 13:00;24/06/2026 08:15;26/06/2026 16:02
558018;PE;A7139;00019200000013316915;MultiModal;24/06/2026 08:15;25/06/2026 13:00;24/06/2026 08:15;26/06/2026 16:02
558018;PE;A4171;00019200000013316923;MultiModal;24/06/2026 08:15;25/06/2026 13:00;24/06/2026 08:39;25/06/2026 13:00
558018;PE;A9562;00019200000013316931;MultiModal;24/06/2026 08:15;25/06/2026 13:00;24/06/2026 08:39;25/06/2026 13:00
558018;PE;A8055;00019200000013316974;MultiModal;24/06/2026 08:15;25/06/2026 13:00;24/06/2026 08:39;25/06/2026 13:00
558018;PE;TA0975;00019200000013317440;MultiModal;24/06/2026 08:15;25/06/2026 13:00;24/06/2026 08:39;25/06/2026 13:00
558018;PE;A0041;00019200000013317458;MultiModal;24/06/2026 08:15;25/06/2026 13:00;24/06/2026 08:39;25/06/2026 13:00
558018;PE;TA0110;00019200000013317865;MultiModal;24/06/2026 08:15;25/06/2026 13:00;24/06/2026 08:39;25/06/2026 13:00
558018;PE;A8381;00019200000013317873;MultiModal;24/06/2026 08:15;25/06/2026 13:00;24/06/2026 08:15;26/06/2026 16:02
558018;PE;A4220;00019200000013324683;MultiModal;24/06/2026 08:15;25/06/2026 13:00;24/06/2026 08:15;26/06/2026 16:02
558018;PE;A8155;00019200000013324691;MultiModal;24/06/2026 08:15;25/06/2026 13:00;24/06/2026 08:39;25/06/2026 13:00
558018;PE;A3435;00019200000013324721;MultiModal;24/06/2026 08:15;25/06/2026 13:00;24/06/2026 08:39;25/06/2026 13:00
558018;PE;TA0974;00019200000013324730;MultiModal;24/06/2026 08:15;25/06/2026 13:00;24/06/2026 08:15;26/06/2026 16:02
558018;PE;A6473;00019200000013327445;MultiModal;24/06/2026 08:15;25/06/2026 13:00;24/06/2026 08:15;26/06/2026 16:02
558018;PE;A7232;00019200000013327453;MultiModal;24/06/2026 08:15;25/06/2026 13:00;24/06/2026 08:39;25/06/2026 13:00
558018;PE;A0255;00019200000013327763;MultiModal;24/06/2026 08:15;25/06/2026 13:00;24/06/2026 08:15;26/06/2026 16:02
558018;PE;A5569;00019200000013327771;MultiModal;24/06/2026 08:15;25/06/2026 13:00;24/06/2026 08:15;26/06/2026 16:02
558021;PE;A1579;00019200000013331191;MultiModal;29/06/2026 03:48;30/06/2026 16:04;29/06/2026 03:48;30/06/2026 16:04
558021;PE;A2241;00019200000013331205;MultiModal;29/06/2026 03:48;30/06/2026 16:04;29/06/2026 03:48;30/06/2026 16:04
558021;PE;A6701;00019200000013331213;MultiModal;29/06/2026 03:48;30/06/2026 16:04;29/06/2026 03:48;30/06/2026 16:04
558021;PE;A6374;00019200000013331221;MultiModal;29/06/2026 03:48;30/06/2026 16:04;29/06/2026 03:48;30/06/2026 16:04
558021;PE;A4318;00019200000013331230;MultiModal;29/06/2026 03:48;30/06/2026 16:04;29/06/2026 03:48;30/06/2026 16:04
558021;PE;A0675;00019200000013331248;MultiModal;29/06/2026 03:48;30/06/2026 16:04;29/06/2026 03:48;30/06/2026 16:04
558021;PE;A9208;00019200000013331256;MultiModal;29/06/2026 03:48;30/06/2026 16:04;29/06/2026 03:48;30/06/2026 16:04
558021;PE;A4484;00019200000013331264;MultiModal;29/06/2026 03:48;30/06/2026 16:04;29/06/2026 03:48;30/06/2026 16:04
558021;PE;A6797;00019200000013331272;MultiModal;29/06/2026 03:48;30/06/2026 16:04;29/06/2026 03:48;30/06/2026 16:04
558021;PE;A1458;00019200000013331280;MultiModal;29/06/2026 03:48;30/06/2026 16:04;29/06/2026 03:48;30/06/2026 16:04
558021;PE;TA0899;00019200000013331299;MultiModal;29/06/2026 03:48;30/06/2026 16:04;29/06/2026 03:48;30/06/2026 16:04
558021;PE;A6613;00019200000013331302;MultiModal;29/06/2026 03:48;30/06/2026 16:04;29/06/2026 03:48;30/06/2026 16:04
558021;PE;A1108;00019200000013331310;MultiModal;29/06/2026 03:48;30/06/2026 16:04;29/06/2026 03:48;30/06/2026 16:04
558021;PE;A8228;00019200000013331329;MultiModal;29/06/2026 03:48;30/06/2026 16:04;29/06/2026 03:48;30/06/2026 16:04
558021;PE;A7702;00019200000013331337;MultiModal;29/06/2026 03:48;30/06/2026 16:04;29/06/2026 03:48;30/06/2026 16:04
558021;PE;A4886;00019200000013331345;MultiModal;29/06/2026 03:48;30/06/2026 16:04;29/06/2026 03:48;30/06/2026 16:04
558021;PE;A2177;00019200000013331353;MultiModal;29/06/2026 03:48;30/06/2026 16:04;29/06/2026 03:48;30/06/2026 16:04
558021;PE;TA0943;00019200000013331361;MultiModal;29/06/2026 03:48;30/06/2026 16:04;29/06/2026 03:48;30/06/2026 16:04
558021;PE;TA0513;00019200000013331370;MultiModal;29/06/2026 03:48;30/06/2026 16:04;29/06/2026 03:48;30/06/2026 16:04
558021;PE;A2716;00019200000013331388;MultiModal;29/06/2026 03:48;30/06/2026 16:04;29/06/2026 03:48;30/06/2026 16:04
558021;PE;A8931;00019200000013331396;MultiModal;29/06/2026 03:48;30/06/2026 16:04;29/06/2026 03:48;30/06/2026 16:04
558021;PE;TA0195;00019200000013331531;MultiModal;29/06/2026 03:48;30/06/2026 16:04;29/06/2026 03:48;30/06/2026 16:04
558021;PE;A9258;00019200000013331582;MultiModal;29/06/2026 03:48;30/06/2026 16:04;29/06/2026 03:48;30/06/2026 16:04
558021;PE;TA0547;00019200000013331604;MultiModal;29/06/2026 03:48;30/06/2026 16:04;29/06/2026 03:48;30/06/2026 16:04
558021;PE;A6615;00019200000013332252;MultiModal;29/06/2026 03:48;30/06/2026 16:04;29/06/2026 03:48;30/06/2026 16:04
558022;PE;TA0429;00019200000013200127;MultiModal;01/07/2026 04:50;02/07/2026 13:49;01/07/2026 04:50;02/07/2026 13:49
558022;PE;TA1039;00019200000013200135;MultiModal;01/07/2026 04:50;02/07/2026 13:49;01/07/2026 04:50;02/07/2026 13:49
558022;PE;A5256;00019200000013200143;MultiModal;01/07/2026 04:50;02/07/2026 13:49;01/07/2026 04:50;02/07/2026 13:49
558022;PE;A6927;00019200000013200151;MultiModal;01/07/2026 04:50;02/07/2026 13:49;01/07/2026 04:50;02/07/2026 13:49
558022;PE;A3974;00019200000013200160;MultiModal;01/07/2026 04:50;02/07/2026 13:49;01/07/2026 04:50;02/07/2026 13:49
558022;PE;A4039;00019200000013200178;MultiModal;01/07/2026 04:50;02/07/2026 13:49;01/07/2026 04:50;02/07/2026 13:49
558022;PE;A8042;00019200000013200186;MultiModal;01/07/2026 04:50;02/07/2026 13:49;01/07/2026 04:50;02/07/2026 13:49
558022;PE;A1510;00019200000013200194;MultiModal;01/07/2026 04:50;02/07/2026 13:49;01/07/2026 04:50;02/07/2026 13:49
558022;PE;A7343;00019200000013200208;MultiModal;01/07/2026 04:50;02/07/2026 13:49;01/07/2026 04:50;02/07/2026 13:49
558022;PE;A7507;00019200000013200216;MultiModal;01/07/2026 04:50;02/07/2026 13:49;01/07/2026 04:50;02/07/2026 13:49
558022;PE;TA0807;00019200000013200224;MultiModal;01/07/2026 04:50;02/07/2026 13:49;01/07/2026 04:50;02/07/2026 13:49
558022;PE;A8552;00019200000013200232;MultiModal;01/07/2026 04:50;02/07/2026 13:49;01/07/2026 04:50;02/07/2026 13:49
558022;PE;A6428;00019200000013200240;MultiModal;01/07/2026 04:50;02/07/2026 13:49;01/07/2026 04:50;02/07/2026 13:49
558022;PE;A2785;00019200000013200259;MultiModal;01/07/2026 04:50;02/07/2026 13:49;01/07/2026 04:50;02/07/2026 13:49
558022;PE;A3838;00019200000013200267;MultiModal;01/07/2026 04:50;02/07/2026 13:49;01/07/2026 04:50;02/07/2026 13:49
558022;PE;A9676;00019200000013200275;MultiModal;01/07/2026 04:50;02/07/2026 13:49;01/07/2026 04:50;02/07/2026 13:49
558022;PE;A0491;00019200000013200283;MultiModal;01/07/2026 04:50;02/07/2026 13:49;01/07/2026 04:50;02/07/2026 13:49
558022;PE;A8430;00019200000013200291;MultiModal;01/07/2026 04:50;02/07/2026 13:49;01/07/2026 04:50;02/07/2026 13:49
558022;PE;A9032;00019200000013200305;MultiModal;01/07/2026 04:50;02/07/2026 13:49;01/07/2026 04:50;02/07/2026 13:49
558022;PE;A6890;00019200000013200313;MultiModal;01/07/2026 04:50;02/07/2026 13:49;01/07/2026 04:50;02/07/2026 13:49
558022;PE;A8871;00019200000013200321;MultiModal;01/07/2026 04:50;02/07/2026 13:49;01/07/2026 04:50;02/07/2026 13:49
558022;PE;A3302;00019200000013200330;MultiModal;01/07/2026 04:50;02/07/2026 13:49;01/07/2026 04:50;02/07/2026 13:49
558022;PE;A6683;00019200000013200348;MultiModal;01/07/2026 04:50;02/07/2026 13:49;01/07/2026 04:50;02/07/2026 13:49
558022;PE;A2789;00019200000013200356;MultiModal;01/07/2026 04:50;02/07/2026 13:49;01/07/2026 04:50;02/07/2026 13:49
558025;PE;A5235;00019200000013202723;MultiModal;29/06/2026 03:48;30/06/2026 16:00;29/06/2026 03:48;30/06/2026 16:00
558025;PE;A3655;00019200000013202731;MultiModal;29/06/2026 03:48;30/06/2026 16:00;29/06/2026 03:48;30/06/2026 16:00
558025;PE;TA1034;00019200000013202740;MultiModal;29/06/2026 03:48;30/06/2026 16:00;29/06/2026 03:48;30/06/2026 16:00
558025;PE;A5861;00019200000013202758;MultiModal;29/06/2026 03:48;30/06/2026 16:00;29/06/2026 03:48;30/06/2026 16:00
558025;PE;A7915;00019200000013202766;MultiModal;29/06/2026 03:48;30/06/2026 16:00;29/06/2026 03:48;30/06/2026 16:00
558025;PE;A9107;00019200000013202774;MultiModal;29/06/2026 03:48;30/06/2026 16:00;29/06/2026 03:48;30/06/2026 16:00
558025;PE;TA0407;00019200000013202782;MultiModal;29/06/2026 03:48;30/06/2026 16:00;29/06/2026 03:48;30/06/2026 16:00
558025;PE;A8607;00019200000013202790;MultiModal;29/06/2026 03:48;30/06/2026 16:00;29/06/2026 03:48;30/06/2026 16:00
558025;PE;A3461;00019200000013202804;MultiModal;29/06/2026 03:48;30/06/2026 16:00;29/06/2026 03:48;30/06/2026 16:00
558025;PE;A9548;00019200000013202812;MultiModal;29/06/2026 03:48;30/06/2026 16:00;29/06/2026 03:48;30/06/2026 16:00
558025;PE;A7748;00019200000013202820;MultiModal;29/06/2026 03:48;30/06/2026 16:00;29/06/2026 03:48;30/06/2026 16:00
558025;PE;A7961;00019200000013202839;MultiModal;29/06/2026 03:48;30/06/2026 16:00;29/06/2026 03:48;30/06/2026 16:00
558025;PE;A1927;00019200000013202847;MultiModal;29/06/2026 03:48;30/06/2026 16:00;29/06/2026 03:48;30/06/2026 16:00
558025;PE;A6521;00019200000013202855;MultiModal;29/06/2026 03:48;30/06/2026 16:00;29/06/2026 03:48;30/06/2026 16:00
558025;PE;A8559;00019200000013202863;MultiModal;29/06/2026 03:48;30/06/2026 16:00;29/06/2026 03:48;30/06/2026 16:00
558025;PE;A4695;00019200000013202871;MultiModal;29/06/2026 03:48;30/06/2026 16:00;29/06/2026 03:48;30/06/2026 16:00
558025;PE;A8120;00019200000013202880;MultiModal;29/06/2026 03:48;30/06/2026 16:00;29/06/2026 03:48;30/06/2026 16:00
558025;PE;A4696;00019200000013202898;MultiModal;29/06/2026 03:48;30/06/2026 16:00;29/06/2026 03:48;30/06/2026 16:00
558025;PE;A4891;00019200000013202901;MultiModal;29/06/2026 03:48;30/06/2026 16:00;29/06/2026 03:48;30/06/2026 16:00
558025;PE;A0718;00019200000013202910;MultiModal;29/06/2026 03:48;30/06/2026 16:00;29/06/2026 03:48;30/06/2026 16:00
558025;PE;A8689;00019200000013202928;MultiModal;29/06/2026 03:48;30/06/2026 16:00;29/06/2026 03:48;30/06/2026 16:00
558025;PE;A0003;00019200000013202936;MultiModal;29/06/2026 03:48;30/06/2026 16:00;29/06/2026 03:48;30/06/2026 16:00
558025;PE;A3754;00019200000013202944;MultiModal;29/06/2026 03:48;30/06/2026 16:00;29/06/2026 03:48;30/06/2026 16:00
558025;PE;A8445;00019200000013202952;MultiModal;29/06/2026 03:48;30/06/2026 16:00;29/06/2026 03:48;30/06/2026 16:00
558025;PE;A8846;00019200000013202960;MultiModal;29/06/2026 03:48;30/06/2026 16:00;29/06/2026 03:48;30/06/2026 16:00
558025;PE;A4278;00019200000013202979;MultiModal;29/06/2026 03:48;30/06/2026 16:00;29/06/2026 03:48;30/06/2026 16:00
558025;PE;A8070;00019200000013202987;MultiModal;29/06/2026 03:48;30/06/2026 16:00;29/06/2026 03:48;30/06/2026 16:00
558025;PE;A7785;00019200000013202995;MultiModal;29/06/2026 03:48;30/06/2026 16:00;29/06/2026 03:48;30/06/2026 16:00
558025;PE;A6498;00019200000013203002;MultiModal;29/06/2026 03:48;30/06/2026 16:00;29/06/2026 03:48;30/06/2026 16:00
558025;PE;A6184;00019200000013203010;MultiModal;29/06/2026 03:48;30/06/2026 16:00;29/06/2026 03:48;30/06/2026 16:00
558074;PE;A3496;00019200000012926264;MultiModal;18/06/2026 04:19;25/06/2026 13:40;18/06/2026 04:19;25/06/2026 13:40
558074;PE;TA0156;00019200000012926272;MultiModal;18/06/2026 04:19;25/06/2026 13:40;18/06/2026 04:19;25/06/2026 13:40
558177;PE;A4087;00019200000012697486;MultiModal;18/06/2026 04:37;22/06/2026 13:38;18/06/2026 04:37;22/06/2026 13:38
558318;PE;A4636;00019200000013205218;MultiModal;18/06/2026 22:57;22/06/2026 13:30;18/06/2026 22:57;22/06/2026 13:30
558320;PE;A7636;00019200000013240420;MultiModal;18/06/2026 22:56;20/06/2026 10:00;18/06/2026 22:56;20/06/2026 10:00
558422;PE;A4182;00019200000013313860;MultiModal;24/06/2026 08:12;25/06/2026 12:00;24/06/2026 08:12;25/06/2026 12:00
558617;PE;A2331;00019200000013336550;MultiModal;23/06/2026 08:27;25/06/2026 11:11;23/06/2026 08:27;25/06/2026 11:11
558659;PE;A5107;00019200000013424149;MultiModal;06/07/2026 02:37;07/07/2026 10:48;06/07/2026 02:37;07/07/2026 10:48
558659;PE;A6657;00019200000013424157;MultiModal;06/07/2026 02:37;07/07/2026 10:48;06/07/2026 02:37;07/07/2026 10:48
558659;PE;A6655;00019200000013424165;MultiModal;06/07/2026 02:37;07/07/2026 10:48;06/07/2026 02:37;07/07/2026 10:48
558659;PE;A5440;00019200000013424173;MultiModal;06/07/2026 02:37;07/07/2026 10:48;06/07/2026 02:37;07/07/2026 10:48
558659;PE;A4827;00019200000013424181;MultiModal;06/07/2026 02:37;07/07/2026 10:48;06/07/2026 02:37;07/07/2026 10:48
558659;PE;A8531;00019200000013424190;MultiModal;06/07/2026 02:37;07/07/2026 10:48;06/07/2026 02:37;07/07/2026 10:48
558659;PE;A5115;00019200000013424203;MultiModal;06/07/2026 02:37;07/07/2026 10:48;06/07/2026 02:37;07/07/2026 10:48
558659;PE;A9286;00019200000013424211;MultiModal;06/07/2026 02:37;07/07/2026 10:48;06/07/2026 02:37;07/07/2026 10:48
558659;PE;A3478;00019200000013424220;MultiModal;06/07/2026 02:37;07/07/2026 10:48;06/07/2026 02:37;07/07/2026 10:48
558659;PE;A7943;00019200000013424297;MultiModal;06/07/2026 02:37;07/07/2026 10:48;06/07/2026 02:37;07/07/2026 10:48
558659;PE;A3112;00019200000013424300;MultiModal;06/07/2026 02:37;07/07/2026 10:48;06/07/2026 02:37;07/07/2026 10:48
558659;PE;A5124;00019200000013424319;MultiModal;06/07/2026 02:37;07/07/2026 10:48;06/07/2026 02:37;07/07/2026 10:48
558659;PE;A9673;00019200000013424327;MultiModal;06/07/2026 02:37;07/07/2026 10:48;06/07/2026 02:37;07/07/2026 10:48
558659;PE;TA0346;00019200000013424335;MultiModal;06/07/2026 02:37;07/07/2026 10:48;06/07/2026 02:37;07/07/2026 10:48
558659;PE;A7478;00019200000013424343;MultiModal;06/07/2026 02:37;07/07/2026 10:48;06/07/2026 02:37;07/07/2026 10:48
558659;PE;TA1168;00019200000013424351;MultiModal;06/07/2026 02:37;07/07/2026 10:48;06/07/2026 02:37;07/07/2026 10:48
558659;PE;A7544;00019200000013424360;MultiModal;06/07/2026 02:37;07/07/2026 10:48;06/07/2026 02:37;07/07/2026 10:48
559151;PE;A4894;00019200000013316257;MultiModal;25/06/2026 23:16;27/06/2026 14:57;25/06/2026 23:16;27/06/2026 14:57
559436;PE;A9234;00019200000013201557;MultiModal;30/06/2026 04:34;01/07/2026 11:25;30/06/2026 04:34;01/07/2026 11:25
559443;PE;A8209;00019200000013202332;MultiModal;30/06/2026 04:34;01/07/2026 11:06;30/06/2026 04:34;01/07/2026 11:06
559703;PE;A6440;00019200000013422642;MultiModal;05/07/2026 23:52;08/07/2026 11:07;05/07/2026 23:52;08/07/2026 11:07
559834;PE;A7155;00019200000013421301;MultiModal;06/07/2026 03:35;07/07/2026 10:07;06/07/2026 03:35;07/07/2026 10:07
560749;PE;A1127;00019200000013474499;MultiModal;19/07/2026 03:54;-;19/07/2026 03:54;-
560749;PE;A3116;00019200000013474502;MultiModal;19/07/2026 03:54;-;19/07/2026 03:54;-
560749;PE;TA0527;00019200000013474510;MultiModal;19/07/2026 03:54;-;19/07/2026 03:54;-
560749;PE;A9556;00019200000013474529;MultiModal;19/07/2026 03:54;-;19/07/2026 03:54;-
560749;PE;A4665;00019200000013474537;MultiModal;19/07/2026 03:54;-;19/07/2026 03:54;-
560749;PE;A8924;00019200000013474545;MultiModal;19/07/2026 03:54;-;19/07/2026 03:54;-
560749;PE;A5398;00019200000013474553;MultiModal;19/07/2026 03:54;-;19/07/2026 03:54;-
560749;PE;A8020;00019200000013474561;MultiModal;19/07/2026 03:54;-;19/07/2026 03:54;-
560749;PE;A1618;00019200000013474570;MultiModal;19/07/2026 03:54;-;19/07/2026 03:54;-
560749;PE;A7936;00019200000013474588;MultiModal;19/07/2026 03:54;-;19/07/2026 03:54;-
560749;PE;A6397;00019200000013474596;MultiModal;19/07/2026 03:54;-;19/07/2026 03:54;-
560749;PE;A7231;00019200000013474600;MultiModal;19/07/2026 03:54;-;19/07/2026 03:54;-
560749;PE;A2983;00019200000013474618;MultiModal;19/07/2026 03:54;-;19/07/2026 03:54;-
560749;PE;A8765;00019200000013474626;MultiModal;19/07/2026 03:54;-;19/07/2026 03:54;-
560749;PE;A6774;00019200000013474634;MultiModal;19/07/2026 03:54;-;19/07/2026 03:54;-
560749;PE;A8136;00019200000013474642;MultiModal;19/07/2026 03:54;-;19/07/2026 03:54;-
560749;PE;A8918;00019200000013474650;MultiModal;19/07/2026 03:54;-;19/07/2026 03:54;-
560749;PE;A7013;00019200000013474669;MultiModal;19/07/2026 03:54;-;19/07/2026 03:54;-
560749;PE;A0662;00019200000013474677;MultiModal;19/07/2026 03:54;-;19/07/2026 03:54;-
560749;PE;A3839;00019200000013474693;MultiModal;19/07/2026 03:54;-;19/07/2026 03:54;-
560752;PE;A7149;00019200000013473891;MultiModal;19/07/2026 03:49;-;19/07/2026 03:49;-
560752;PE;A6713;00019200000013473913;MultiModal;19/07/2026 03:49;-;19/07/2026 03:49;-
560752;PE;A6153;00019200000013473921;MultiModal;19/07/2026 03:49;-;19/07/2026 03:49;-
560752;PE;A7825;00019200000013473930;MultiModal;19/07/2026 03:49;-;19/07/2026 03:49;-
560752;PE;A5104;00019200000013473948;MultiModal;19/07/2026 03:49;-;19/07/2026 03:49;-
560752;PE;A2642;00019200000013473956;MultiModal;19/07/2026 03:49;-;19/07/2026 03:49;-
560752;PE;A6562;00019200000013473964;MultiModal;19/07/2026 03:49;-;19/07/2026 03:49;-
560752;PE;A9353;00019200000013473972;MultiModal;19/07/2026 03:49;-;19/07/2026 03:49;-
560752;PE;A4477;00019200000013473980;MultiModal;19/07/2026 03:49;-;19/07/2026 03:49;-
560752;PE;A2496;00019200000013473999;MultiModal;19/07/2026 03:49;-;19/07/2026 03:49;-
560752;PE;A3911;00019200000013474006;MultiModal;19/07/2026 03:49;-;19/07/2026 03:49;-
560752;PE;A9181;00019200000013474014;MultiModal;19/07/2026 03:49;-;19/07/2026 03:49;-
560752;PE;A8735;00019200000013474022;MultiModal;19/07/2026 03:49;-;19/07/2026 03:49;-
560752;PE;TA0884;00019200000013474030;MultiModal;19/07/2026 03:49;-;19/07/2026 03:49;-
560752;PE;A5962;00019200000013474049;MultiModal;19/07/2026 03:49;-;19/07/2026 03:49;-
560752;PE;A9448;00019200000013474057;MultiModal;19/07/2026 03:49;-;19/07/2026 03:49;-
560752;PE;A1679;00019200000013474065;MultiModal;19/07/2026 03:49;-;19/07/2026 03:49;-
560752;PE;A3203;00019200000013474073;MultiModal;19/07/2026 03:49;-;19/07/2026 03:49;-
560752;PE;A1144;00019200000013474219;MultiModal;19/07/2026 03:49;-;19/07/2026 03:49;-
560752;PE;A7405;00019200000013474227;MultiModal;19/07/2026 03:49;-;19/07/2026 03:49;-
560850;PE;A8282;00019200000013445928;MultiModal;13/07/2026 23:10;17/07/2026 12:05;13/07/2026 23:10;17/07/2026 12:05
556410;PI;A8993;00019200000012658499;MultiModal;11/06/2026 00:37;12/06/2026 19:00;-;-
556410;PI;A9307;00019200000012658502;MultiModal;11/06/2026 00:37;12/06/2026 19:00;-;-
556411;PI;TA1173;00019200000012657654;MultiModal;11/06/2026 00:24;12/06/2026 17:19;-;-
556411;PI;A7704;00019200000012657662;MultiModal;11/06/2026 00:24;12/06/2026 17:19;-;-
556411;PI;A9173;00019200000012657670;MultiModal;11/06/2026 00:24;12/06/2026 17:19;-;-
556514;PI;A1692;00019200000012657743;MultiModal;11/06/2026 00:24;12/06/2026 19:00;-;-
556664;PI;A4625;00019200000012657832;MultiModal;11/06/2026 00:24;12/06/2026 19:00;-;-
556746;PI;A3595;00019200000012905445;MultiModal;16/06/2026 04:59;17/06/2026 16:47;16/06/2026 04:59;17/06/2026 16:47
556746;PI;A9264;00019200000012905453;MultiModal;16/06/2026 04:59;17/06/2026 16:47;16/06/2026 04:59;17/06/2026 16:47
556746;PI;A7806;00019200000012905461;MultiModal;16/06/2026 04:59;17/06/2026 16:47;16/06/2026 04:59;17/06/2026 16:47
556746;PI;A8283;00019200000012905470;MultiModal;16/06/2026 04:59;17/06/2026 16:47;16/06/2026 04:59;17/06/2026 16:47
556746;PI;A2964;00019200000012905488;MultiModal;16/06/2026 04:59;17/06/2026 16:47;16/06/2026 04:59;17/06/2026 16:47
556746;PI;A9380;00019200000012905496;MultiModal;16/06/2026 04:59;17/06/2026 16:47;16/06/2026 04:59;17/06/2026 16:47
556746;PI;A8206;00019200000012905518;MultiModal;16/06/2026 04:59;17/06/2026 16:47;16/06/2026 04:59;17/06/2026 16:47
556746;PI;A9613;00019200000012905526;MultiModal;16/06/2026 04:59;17/06/2026 16:47;16/06/2026 04:59;17/06/2026 16:47
556746;PI;A1162;00019200000012905534;MultiModal;16/06/2026 04:59;17/06/2026 16:47;16/06/2026 04:59;17/06/2026 16:47
556746;PI;A8482;00019200000012905542;MultiModal;16/06/2026 04:59;17/06/2026 16:47;16/06/2026 04:59;17/06/2026 16:47
556746;PI;A8713;00019200000012905550;MultiModal;16/06/2026 04:59;17/06/2026 16:47;16/06/2026 04:59;17/06/2026 16:47
556746;PI;A7632;00019200000012905569;MultiModal;16/06/2026 04:59;17/06/2026 16:47;16/06/2026 04:59;17/06/2026 16:47
556746;PI;A7082;00019200000012905577;MultiModal;16/06/2026 04:59;17/06/2026 16:47;16/06/2026 04:59;17/06/2026 16:47
556746;PI;A6732;00019200000012905585;MultiModal;16/06/2026 04:59;17/06/2026 16:47;16/06/2026 04:59;17/06/2026 16:47
556746;PI;A7734;00019200000012905593;MultiModal;16/06/2026 04:59;17/06/2026 16:47;16/06/2026 04:59;17/06/2026 16:47
556746;PI;A7744;00019200000012906301;MultiModal;16/06/2026 04:59;17/06/2026 16:47;16/06/2026 04:59;17/06/2026 16:47
556746;PI;A7563;00019200000012906310;MultiModal;16/06/2026 04:59;17/06/2026 16:47;16/06/2026 04:59;17/06/2026 16:47
556746;PI;A2946;00019200000012906328;MultiModal;16/06/2026 04:59;17/06/2026 16:47;16/06/2026 04:59;17/06/2026 16:47
556746;PI;A9278;00019200000012906336;MultiModal;16/06/2026 04:59;17/06/2026 16:47;16/06/2026 04:59;17/06/2026 16:47
556746;PI;A8780;00019200000012906344;MultiModal;16/06/2026 04:59;17/06/2026 16:47;16/06/2026 04:59;17/06/2026 16:47
556746;PI;A8632;00019200000012906352;MultiModal;16/06/2026 04:59;17/06/2026 16:47;16/06/2026 04:59;17/06/2026 16:47
556750;PI;A5254;00019200000013209736;MultiModal;13/06/2026 14:12;15/06/2026 16:04;13/06/2026 14:12;15/06/2026 16:04
556818;PI;S1717;00019200000012654469;MultiModal;17/06/2026 23:51;19/06/2026 17:00;17/06/2026 23:51;23/06/2026 18:22
556818;PI;S1580;00019200000012654507;MultiModal;17/06/2026 23:51;19/06/2026 17:00;18/06/2026 00:28;19/06/2026 17:00
556818;PI;S1875;00019200000012654540;MultiModal;17/06/2026 23:51;19/06/2026 17:00;17/06/2026 23:51;23/06/2026 18:22
556818;PI;S0718;00019200000012654558;MultiModal;17/06/2026 23:51;19/06/2026 17:00;17/06/2026 23:51;23/06/2026 18:22
556818;PI;S1161;00019200000012654566;MultiModal;17/06/2026 23:51;19/06/2026 17:00;17/06/2026 23:51;23/06/2026 18:22
556818;PI;S1796;00019200000012654574;MultiModal;17/06/2026 23:51;19/06/2026 17:00;17/06/2026 23:51;23/06/2026 18:22
556818;PI;S1594;00019200000012654582;MultiModal;17/06/2026 23:51;19/06/2026 17:00;17/06/2026 23:51;23/06/2026 18:22
556818;PI;S1705;00019200000012654590;MultiModal;17/06/2026 23:51;19/06/2026 17:00;17/06/2026 23:51;23/06/2026 18:22
556818;PI;S0756;00019200000012654604;MultiModal;17/06/2026 23:51;19/06/2026 17:00;18/06/2026 00:28;19/06/2026 17:00
556818;PI;S0938;00019200000012654612;MultiModal;17/06/2026 23:51;19/06/2026 17:00;18/06/2026 00:28;19/06/2026 17:00
556818;PI;S0839;00019200000012654620;MultiModal;17/06/2026 23:51;19/06/2026 17:00;17/06/2026 23:51;23/06/2026 18:22
556818;PI;S1426;00019200000012654639;MultiModal;17/06/2026 23:51;19/06/2026 17:00;18/06/2026 00:28;19/06/2026 17:00
556818;PI;S1497;00019200000012654647;MultiModal;17/06/2026 23:51;19/06/2026 17:00;18/06/2026 00:28;19/06/2026 17:00
556818;PI;S1130;00019200000012654655;MultiModal;17/06/2026 23:51;19/06/2026 17:00;17/06/2026 23:51;23/06/2026 18:22
556818;PI;S1062;00019200000012654663;MultiModal;17/06/2026 23:51;19/06/2026 17:00;18/06/2026 00:28;19/06/2026 17:00
556818;PI;S1496;00019200000012654671;MultiModal;17/06/2026 23:51;19/06/2026 17:00;17/06/2026 23:51;23/06/2026 18:22
556818;PI;S1017;00019200000012654680;MultiModal;17/06/2026 23:51;19/06/2026 17:00;18/06/2026 00:28;19/06/2026 17:00
556818;PI;S0818;00019200000012654698;MultiModal;17/06/2026 23:51;19/06/2026 17:00;17/06/2026 23:51;23/06/2026 18:22
556818;PI;S1772;00019200000012654701;MultiModal;17/06/2026 23:51;19/06/2026 17:00;18/06/2026 00:28;19/06/2026 17:00
556818;PI;S1943;00019200000012654710;MultiModal;17/06/2026 23:51;19/06/2026 17:00;17/06/2026 23:51;23/06/2026 18:22
556818;PI;S1511;00019200000012654728;MultiModal;17/06/2026 23:51;19/06/2026 17:00;17/06/2026 23:51;23/06/2026 18:22
556818;PI;S1150;00019200000012654736;MultiModal;17/06/2026 23:51;19/06/2026 17:00;18/06/2026 00:28;19/06/2026 17:00
556818;PI;S1162;00019200000012654744;MultiModal;17/06/2026 23:51;19/06/2026 17:00;18/06/2026 00:28;19/06/2026 17:00
556818;PI;S0652;00019200000012654752;MultiModal;17/06/2026 23:51;19/06/2026 17:00;18/06/2026 00:28;19/06/2026 17:00
556818;PI;S1054;00019200000012654760;MultiModal;17/06/2026 23:51;19/06/2026 17:00;18/06/2026 00:28;19/06/2026 17:00
556953;PI;A5189;00019200000012905810;MultiModal;11/06/2026 00:24;12/06/2026 17:00;-;-
556953;PI;A8387;00019200000012905828;MultiModal;11/06/2026 00:24;12/06/2026 17:00;-;-
556991;PI;A7757;00019200000012904708;MultiModal;10/06/2026 02:37;11/06/2026 15:40;-;-
556991;PI;A8760;00019200000012904716;MultiModal;10/06/2026 02:37;11/06/2026 15:40;-;-
557291;PI;A8909;00019200000013210963;MultiModal;24/06/2026 00:26;26/06/2026 17:00;24/06/2026 00:26;26/06/2026 17:00
557291;PI;A9388;00019200000013210980;MultiModal;24/06/2026 00:26;26/06/2026 17:00;24/06/2026 00:26;26/06/2026 17:00
557291;PI;A9040;00019200000013210998;MultiModal;24/06/2026 00:26;26/06/2026 17:00;24/06/2026 00:26;26/06/2026 17:00
557291;PI;A7599;00019200000013211005;MultiModal;24/06/2026 00:26;26/06/2026 17:00;24/06/2026 00:26;26/06/2026 17:00
557428;PI;A9019;00019200000012656518;MultiModal;11/06/2026 23:16;15/06/2026 15:40;-;-
557770;PI;A5738;00019200000012920630;MultiModal;23/06/2026 03:07;26/06/2026 15:00;23/06/2026 03:07;26/06/2026 15:00
557770;PI;A8630;00019200000012920649;MultiModal;23/06/2026 03:07;26/06/2026 15:00;23/06/2026 03:07;26/06/2026 15:00
557770;PI;A8542;00019200000012920657;MultiModal;23/06/2026 03:07;26/06/2026 15:00;23/06/2026 03:07;26/06/2026 15:00
558026;PI;A9302;00019200000012699225;MultiModal;24/06/2026 00:06;25/06/2026 08:46;24/06/2026 05:41;26/06/2026 08:26
558026;PI;TA0089;00019200000012699233;MultiModal;24/06/2026 00:06;25/06/2026 08:46;24/06/2026 05:41;26/06/2026 08:26
558026;PI;A6381;00019200000012699292;MultiModal;24/06/2026 00:06;25/06/2026 08:46;24/06/2026 05:41;26/06/2026 08:26
558026;PI;A0400;00019200000012699306;MultiModal;24/06/2026 00:06;25/06/2026 08:46;24/06/2026 05:41;26/06/2026 08:26
558026;PI;A5050;00019200000012699314;MultiModal;24/06/2026 00:06;25/06/2026 08:46;24/06/2026 05:41;26/06/2026 08:26
558026;PI;A5875;00019200000012699322;MultiModal;24/06/2026 00:06;25/06/2026 08:46;24/06/2026 05:41;26/06/2026 08:26
558026;PI;A9499;00019200000012699349;MultiModal;24/06/2026 00:06;25/06/2026 08:46;24/06/2026 05:41;26/06/2026 08:26
558026;PI;A6971;00019200000012699357;MultiModal;24/06/2026 00:06;25/06/2026 08:46;24/06/2026 05:41;26/06/2026 08:26
558026;PI;A4312;00019200000012699756;MultiModal;24/06/2026 00:06;25/06/2026 08:46;24/06/2026 05:41;26/06/2026 08:26
558026;PI;A7600;00019200000012699764;MultiModal;24/06/2026 00:06;25/06/2026 08:46;24/06/2026 05:41;26/06/2026 08:26
558026;PI;TA0933;00019200000012699780;MultiModal;24/06/2026 00:06;25/06/2026 08:46;24/06/2026 05:41;26/06/2026 08:26
558026;PI;A8888;00019200000012699799;MultiModal;24/06/2026 00:06;25/06/2026 08:46;24/06/2026 05:41;26/06/2026 08:26
558027;PI;A6396;00019200000013238787;MultiModal;22/06/2026 00:53;26/06/2026 11:00;-;-
558027;PI;A8068;00019200000013238795;MultiModal;22/06/2026 00:53;26/06/2026 11:00;22/06/2026 00:53;26/06/2026 11:00
558027;PI;A4492;00019200000013238809;MultiModal;22/06/2026 00:53;26/06/2026 11:00;22/06/2026 00:53;26/06/2026 11:00
558027;PI;A0969;00019200000013238817;MultiModal;22/06/2026 00:53;26/06/2026 11:00;-;-
558027;PI;A7583;00019200000013238825;MultiModal;22/06/2026 00:53;26/06/2026 11:00;-;-
558027;PI;TA1194;00019200000013238833;MultiModal;22/06/2026 00:53;26/06/2026 11:00;-;-
558027;PI;A0543;00019200000013238850;MultiModal;22/06/2026 00:53;26/06/2026 11:00;22/06/2026 00:53;26/06/2026 11:00
558027;PI;A5842;00019200000013238868;MultiModal;22/06/2026 00:53;26/06/2026 11:00;22/06/2026 00:53;26/06/2026 11:00
558027;PI;A8118;00019200000013238876;MultiModal;22/06/2026 00:53;26/06/2026 11:00;22/06/2026 00:53;26/06/2026 11:00
558027;PI;A6808;00019200000013238884;MultiModal;22/06/2026 00:53;26/06/2026 11:00;22/06/2026 00:53;26/06/2026 11:00
558027;PI;TA0708;00019200000013238892;MultiModal;22/06/2026 00:53;26/06/2026 11:00;22/06/2026 00:53;26/06/2026 11:00
558027;PI;A5890;00019200000013238906;MultiModal;22/06/2026 00:53;26/06/2026 11:00;-;-
558027;PI;A5493;00019200000013238914;MultiModal;22/06/2026 00:53;26/06/2026 11:00;22/06/2026 00:53;26/06/2026 11:00
558027;PI;TA0637;00019200000013238922;MultiModal;22/06/2026 00:53;26/06/2026 11:00;22/06/2026 00:53;26/06/2026 11:00
558027;PI;A6168;00019200000013238930;MultiModal;22/06/2026 00:53;26/06/2026 11:00;22/06/2026 00:53;26/06/2026 11:00
558027;PI;A3174;00019200000013238949;MultiModal;22/06/2026 00:53;26/06/2026 11:00;22/06/2026 00:53;26/06/2026 11:00
558027;PI;A4304;00019200000013238957;MultiModal;22/06/2026 00:53;26/06/2026 11:00;22/06/2026 00:53;26/06/2026 11:00
558027;PI;A5867;00019200000013238965;MultiModal;22/06/2026 00:53;26/06/2026 11:00;22/06/2026 00:53;26/06/2026 11:00
558027;PI;A7587;00019200000013238973;MultiModal;22/06/2026 00:53;26/06/2026 11:00;22/06/2026 00:53;26/06/2026 11:00
558027;PI;A6238;00019200000013238981;MultiModal;22/06/2026 00:53;26/06/2026 11:00;22/06/2026 00:53;26/06/2026 11:00
558027;PI;A2896;00019200000013238990;MultiModal;22/06/2026 00:53;26/06/2026 11:00;22/06/2026 00:53;26/06/2026 11:00
558027;PI;A5993;00019200000013239007;MultiModal;22/06/2026 00:53;26/06/2026 11:00;22/06/2026 00:53;26/06/2026 11:00
558028;PI;A6781;00019200000012418668;MultiModal;24/06/2026 00:07;25/06/2026 09:07;24/06/2026 00:07;25/06/2026 09:07
558028;PI;A6305;00019200000012418676;MultiModal;24/06/2026 00:07;25/06/2026 09:07;24/06/2026 00:07;25/06/2026 09:07
558028;PI;A6485;00019200000012418803;MultiModal;24/06/2026 00:07;25/06/2026 09:07;24/06/2026 00:07;25/06/2026 09:07
558077;PI;S1233;00019200000012922579;MultiModal;17/06/2026 23:36;19/06/2026 17:00;17/06/2026 23:36;19/06/2026 17:00
558956;PI;A8849;00019200000013316613;MultiModal;24/06/2026 06:08;26/06/2026 16:34;24/06/2026 06:08;26/06/2026 16:34
559045;PI;A4113;00019200000013327216;MultiModal;24/06/2026 00:05;25/06/2026 11:20;24/06/2026 00:05;25/06/2026 11:20
559089;PI;A7297;00019200000013423762;MultiModal;05/07/2026 23:44;07/07/2026 11:59;05/07/2026 23:44;07/07/2026 11:59
559089;PI;A8296;00019200000013423770;MultiModal;05/07/2026 23:44;07/07/2026 11:59;05/07/2026 23:44;07/07/2026 11:59
559089;PI;A0465;00019200000013423789;MultiModal;05/07/2026 23:44;07/07/2026 11:59;05/07/2026 23:44;07/07/2026 11:59
559089;PI;A7712;00019200000013423797;MultiModal;05/07/2026 23:44;07/07/2026 11:59;05/07/2026 23:44;07/07/2026 11:59
559089;PI;A8868;00019200000013423800;MultiModal;05/07/2026 23:44;07/07/2026 11:59;05/07/2026 23:44;07/07/2026 11:59
559089;PI;A8064;00019200000013423819;MultiModal;05/07/2026 23:44;07/07/2026 11:59;05/07/2026 23:44;07/07/2026 11:59
559228;PI;A0564;00019200000013207849;MultiModal;08/07/2026 00:52;09/07/2026 10:00;08/07/2026 00:52;09/07/2026 10:00
559228;PI;A9623;00019200000013408364;MultiModal;08/07/2026 00:52;09/07/2026 10:00;08/07/2026 00:52;09/07/2026 10:00
559228;PI;A2124;00019200000013408372;MultiModal;08/07/2026 00:52;09/07/2026 10:00;08/07/2026 00:52;09/07/2026 10:00
559228;PI;A6226;00019200000013408461;MultiModal;08/07/2026 00:52;09/07/2026 10:00;08/07/2026 00:52;09/07/2026 10:00
559228;PI;A9334;00019200000013408496;MultiModal;08/07/2026 00:52;09/07/2026 10:00;08/07/2026 00:52;09/07/2026 10:00
559228;PI;A6261;00019200000013408500;MultiModal;08/07/2026 00:52;09/07/2026 10:00;08/07/2026 00:52;09/07/2026 10:00
559228;PI;A7207;00019200000013408518;MultiModal;08/07/2026 00:52;09/07/2026 10:00;08/07/2026 00:52;09/07/2026 10:00
559228;PI;A4139;00019200000013408526;MultiModal;08/07/2026 00:52;09/07/2026 10:00;08/07/2026 00:52;09/07/2026 10:00
559228;PI;A6940;00019200000013408534;MultiModal;08/07/2026 00:52;09/07/2026 10:00;08/07/2026 00:52;09/07/2026 10:00
559228;PI;A8709;00019200000013408542;MultiModal;08/07/2026 00:52;09/07/2026 10:00;08/07/2026 00:52;09/07/2026 10:00
559228;PI;A3990;00019200000013408615;MultiModal;08/07/2026 00:52;09/07/2026 10:00;08/07/2026 00:52;09/07/2026 10:00
559228;PI;A7072;00019200000013421395;MultiModal;08/07/2026 00:52;09/07/2026 10:00;08/07/2026 00:52;09/07/2026 10:00
559289;PI;A7273;00019200000013252941;MultiModal;29/06/2026 02:30;30/06/2026 09:00;29/06/2026 02:30;30/06/2026 09:00
559289;PI;A7052;00019200000013252950;MultiModal;29/06/2026 02:30;30/06/2026 09:00;29/06/2026 02:30;30/06/2026 09:00
559289;PI;A4274;00019200000013252968;MultiModal;29/06/2026 02:30;30/06/2026 09:00;29/06/2026 02:30;30/06/2026 09:00
559289;PI;A7275;00019200000013252976;MultiModal;29/06/2026 02:30;30/06/2026 09:00;29/06/2026 02:30;30/06/2026 09:00
559289;PI;A8539;00019200000013252984;MultiModal;29/06/2026 02:30;30/06/2026 09:00;29/06/2026 02:30;30/06/2026 09:00
559289;PI;A5648;00019200000013252992;MultiModal;29/06/2026 02:30;30/06/2026 09:00;29/06/2026 02:30;30/06/2026 09:00
559289;PI;A7129;00019200000013253000;MultiModal;29/06/2026 02:30;30/06/2026 09:00;29/06/2026 02:30;30/06/2026 09:00
559472;PI;TA0621;00019200000013202308;MultiModal;29/06/2026 23:46;01/07/2026 09:51;29/06/2026 23:46;01/07/2026 09:51
560447;PI;A8810;00019200000013441671;MultiModal;14/07/2026 22:58;16/07/2026 09:40;14/07/2026 22:58;16/07/2026 09:40
560447;PI;A6517;00019200000013441680;MultiModal;14/07/2026 22:58;16/07/2026 09:40;14/07/2026 22:58;16/07/2026 09:40
560447;PI;TA1148;00019200000013441698;MultiModal;14/07/2026 22:58;16/07/2026 09:40;14/07/2026 22:58;16/07/2026 09:40
560602;PI;A3630;00019200000013445910;MultiModal;13/07/2026 23:23;16/07/2026 15:15;13/07/2026 23:23;16/07/2026 15:15
560727;PI;A9084;00019200000013454358;MultiModal;15/07/2026 22:32;-;15/07/2026 22:32;-
556449;PR;A3921;00019200000012656615;MultiModal;11/06/2026 06:12;12/06/2026 18:01;-;-
556449;PR;A5044;00019200000012656623;MultiModal;11/06/2026 06:12;12/06/2026 18:01;-;-
556449;PR;TA0416;00019200000012656631;MultiModal;11/06/2026 06:12;12/06/2026 18:01;-;-
556449;PR;A4577;00019200000012656640;MultiModal;11/06/2026 06:12;12/06/2026 18:01;-;-
556449;PR;A3560;00019200000012656658;MultiModal;11/06/2026 06:12;12/06/2026 18:01;-;-
556511;PR;A8033;00019200000012656593;MultiModal;11/06/2026 05:56;12/06/2026 17:50;-;-
556511;PR;A1436;00019200000012702919;MultiModal;11/06/2026 05:56;12/06/2026 17:50;-;-
556511;PR;A3276;00019200000012702927;MultiModal;11/06/2026 05:56;12/06/2026 17:50;-;-
556511;PR;A4361;00019200000012702935;MultiModal;11/06/2026 05:56;12/06/2026 17:50;-;-
556732;PR;TA0252;00019200000013241923;MultiModal;15/06/2026 08:15;16/06/2026 18:00;15/06/2026 09:04;16/06/2026 18:00
556732;PR;A2865;00019200000013241931;MultiModal;15/06/2026 08:15;16/06/2026 18:00;15/06/2026 09:04;16/06/2026 18:00
556732;PR;A5814;00019200000013241940;MultiModal;15/06/2026 08:15;16/06/2026 18:00;15/06/2026 09:04;16/06/2026 18:00
556732;PR;A7371;00019200000013242407;MultiModal;15/06/2026 08:15;16/06/2026 18:00;15/06/2026 09:04;16/06/2026 18:00
556732;PR;A6936;00019200000013242423;MultiModal;15/06/2026 08:15;16/06/2026 18:00;15/06/2026 09:04;16/06/2026 18:00
556732;PR;A9510;00019200000013242431;MultiModal;15/06/2026 08:15;16/06/2026 18:00;15/06/2026 09:04;16/06/2026 18:00
556732;PR;A8987;00019200000013242440;MultiModal;15/06/2026 08:15;16/06/2026 18:00;15/06/2026 09:04;16/06/2026 18:00
556732;PR;A7914;00019200000013242520;MultiModal;15/06/2026 08:15;16/06/2026 18:00;15/06/2026 09:04;16/06/2026 18:00
556732;PR;A6104;00019200000013242539;MultiModal;15/06/2026 08:15;16/06/2026 18:00;15/06/2026 09:04;16/06/2026 18:00
556732;PR;A2307;00019200000013242547;MultiModal;15/06/2026 08:15;16/06/2026 18:00;15/06/2026 09:04;16/06/2026 18:00
556732;PR;TA0745;00019200000013242555;MultiModal;15/06/2026 08:15;16/06/2026 18:00;15/06/2026 09:04;16/06/2026 18:00
556847;PR;A6875;00019200000012904457;MultiModal;10/06/2026 02:38;11/06/2026 16:18;-;-
556847;PR;A8060;00019200000012904473;MultiModal;10/06/2026 02:38;11/06/2026 16:18;-;-
556873;PR;A7444;00019200000012659967;MultiModal;16/06/2026 17:55;19/06/2026 08:59;17/06/2026 01:55;19/06/2026 09:05
556873;PR;A3315;00019200000012696315;MultiModal;16/06/2026 17:55;19/06/2026 08:59;16/06/2026 17:59;19/06/2026 09:02
556873;PR;TA0401;00019200000012696323;MultiModal;16/06/2026 17:55;19/06/2026 08:59;16/06/2026 17:59;19/06/2026 09:02
556873;PR;A3566;00019200000012696331;MultiModal;16/06/2026 17:55;19/06/2026 08:59;16/06/2026 17:59;19/06/2026 09:02
556873;PR;A7233;00019200000012696340;MultiModal;16/06/2026 17:55;19/06/2026 08:59;16/06/2026 17:59;19/06/2026 09:02
556873;PR;A9625;00019200000012696358;MultiModal;16/06/2026 17:55;19/06/2026 08:59;16/06/2026 18:03;19/06/2026 09:04
556873;PR;A6574;00019200000012696366;MultiModal;16/06/2026 17:55;19/06/2026 08:59;16/06/2026 17:59;19/06/2026 09:02
556873;PR;A7613;00019200000012696374;MultiModal;16/06/2026 17:55;19/06/2026 08:59;16/06/2026 18:03;19/06/2026 09:04
556873;PR;TA0232;00019200000012696382;MultiModal;16/06/2026 17:55;19/06/2026 08:59;16/06/2026 18:03;19/06/2026 09:04
556873;PR;A5226;00019200000012696390;MultiModal;16/06/2026 17:55;19/06/2026 08:59;16/06/2026 18:03;19/06/2026 09:04
556873;PR;A8318;00019200000012696404;MultiModal;16/06/2026 17:55;19/06/2026 08:59;16/06/2026 18:03;19/06/2026 09:04
556873;PR;A9567;00019200000012696412;MultiModal;16/06/2026 17:55;19/06/2026 08:59;16/06/2026 18:03;19/06/2026 09:04
556873;PR;TA1062;00019200000012696420;MultiModal;16/06/2026 17:55;19/06/2026 08:59;16/06/2026 18:03;19/06/2026 09:04
556873;PR;A9114;00019200000012696439;MultiModal;16/06/2026 17:55;19/06/2026 08:59;16/06/2026 18:03;19/06/2026 09:04
556873;PR;A8089;00019200000012696447;MultiModal;16/06/2026 17:55;19/06/2026 08:59;16/06/2026 18:03;19/06/2026 09:04
556873;PR;A6235;00019200000012699101;MultiModal;16/06/2026 17:55;19/06/2026 08:59;16/06/2026 17:55;19/06/2026 08:59
556873;PR;A9628;00019200000012699110;MultiModal;16/06/2026 17:55;19/06/2026 08:59;16/06/2026 17:59;19/06/2026 09:02
556873;PR;A3366;00019200000012699128;MultiModal;16/06/2026 17:55;19/06/2026 08:59;16/06/2026 17:59;19/06/2026 09:02
556873;PR;A7384;00019200000012699136;MultiModal;16/06/2026 17:55;19/06/2026 08:59;16/06/2026 17:59;19/06/2026 09:02
556873;PR;A6356;00019200000012699144;MultiModal;16/06/2026 17:55;19/06/2026 08:59;16/06/2026 17:59;19/06/2026 09:02
556873;PR;A8591;00019200000012919896;MultiModal;16/06/2026 17:55;19/06/2026 08:59;17/06/2026 01:55;19/06/2026 09:05
556873;PR;TA0883;00019200000012919900;MultiModal;16/06/2026 17:55;19/06/2026 08:59;17/06/2026 01:55;19/06/2026 09:05
556873;PR;TA0948;00019200000012919918;MultiModal;16/06/2026 17:55;19/06/2026 08:59;17/06/2026 01:55;19/06/2026 09:05
556873;PR;A8454;00019200000012919926;MultiModal;16/06/2026 17:55;19/06/2026 08:59;17/06/2026 01:55;19/06/2026 09:05
556873;PR;A2534;00019200000012919934;MultiModal;16/06/2026 17:55;19/06/2026 08:59;17/06/2026 04:36;19/06/2026 09:06
556873;PR;A0163;00019200000012919942;MultiModal;16/06/2026 17:55;19/06/2026 08:59;17/06/2026 04:36;19/06/2026 09:06
556873;PR;A0252;00019200000012920100;MultiModal;16/06/2026 17:55;19/06/2026 08:59;17/06/2026 04:36;19/06/2026 09:06
556873;PR;A8458;00019200000012920118;MultiModal;16/06/2026 17:55;19/06/2026 08:59;17/06/2026 04:36;19/06/2026 09:06
556873;PR;TA0914;00019200000012920126;MultiModal;16/06/2026 17:55;19/06/2026 08:59;17/06/2026 04:36;19/06/2026 09:06
556873;PR;A8268;00019200000012920134;MultiModal;16/06/2026 17:55;19/06/2026 08:59;17/06/2026 04:36;19/06/2026 09:06
556873;PR;A5231;00019200000012920142;MultiModal;16/06/2026 17:55;19/06/2026 08:59;17/06/2026 04:36;19/06/2026 09:06
556873;PR;A1299;00019200000012920150;MultiModal;16/06/2026 17:55;19/06/2026 08:59;17/06/2026 04:36;19/06/2026 09:06
556873;PR;A8118;00019200000012920169;MultiModal;16/06/2026 17:55;19/06/2026 08:59;17/06/2026 04:36;19/06/2026 09:06
556873;PR;A5043;00019200000012920177;MultiModal;16/06/2026 17:55;19/06/2026 08:59;17/06/2026 04:36;19/06/2026 09:06
556873;PR;A3185;00019200000012920185;MultiModal;16/06/2026 17:55;19/06/2026 08:59;17/06/2026 01:55;19/06/2026 09:05
556873;PR;A6543;00019200000012920193;MultiModal;16/06/2026 17:55;19/06/2026 08:59;17/06/2026 01:55;19/06/2026 09:05
556873;PR;A5884;00019200000012920207;MultiModal;16/06/2026 17:55;19/06/2026 08:59;17/06/2026 01:55;19/06/2026 09:05
556873;PR;A8975;00019200000012920215;MultiModal;16/06/2026 17:55;19/06/2026 08:59;17/06/2026 04:36;19/06/2026 09:06
556873;PR;TA1188;00019200000012920223;MultiModal;16/06/2026 17:55;19/06/2026 08:59;17/06/2026 04:36;19/06/2026 09:06
556873;PR;A8626;00019200000012920231;MultiModal;16/06/2026 17:55;19/06/2026 08:59;17/06/2026 01:55;19/06/2026 09:05
556873;PR;A2757;00019200000012920240;MultiModal;16/06/2026 17:55;19/06/2026 08:59;17/06/2026 04:36;19/06/2026 09:06
556873;PR;A2039;00019200000012920355;MultiModal;16/06/2026 17:55;19/06/2026 08:59;17/06/2026 04:36;19/06/2026 09:06
556873;PR;A8516;00019200000012920363;MultiModal;16/06/2026 17:55;19/06/2026 08:59;17/06/2026 04:36;19/06/2026 09:06
556873;PR;A9433;00019200000012920371;MultiModal;16/06/2026 17:55;19/06/2026 08:59;17/06/2026 04:36;19/06/2026 09:06
556873;PR;A5235;00019200000012920380;MultiModal;16/06/2026 17:55;19/06/2026 08:59;17/06/2026 04:36;19/06/2026 09:06
556873;PR;A9467;00019200000012920398;MultiModal;16/06/2026 17:55;19/06/2026 08:59;17/06/2026 04:36;19/06/2026 09:06
556873;PR;A8149;00019200000012920401;MultiModal;16/06/2026 17:55;19/06/2026 08:59;17/06/2026 01:55;19/06/2026 09:05
556873;PR;TA1032;00019200000012920410;MultiModal;16/06/2026 17:55;19/06/2026 08:59;17/06/2026 01:55;19/06/2026 09:05
556873;PR;A8820;00019200000012920428;MultiModal;16/06/2026 17:55;19/06/2026 08:59;17/06/2026 01:55;19/06/2026 09:05
556873;PR;A1881;00019200000012922625;MultiModal;16/06/2026 17:55;19/06/2026 08:59;17/06/2026 04:36;19/06/2026 09:06
556873;PR;TA0915;00019200000012922633;MultiModal;16/06/2026 17:55;19/06/2026 08:59;17/06/2026 04:36;19/06/2026 09:06
556873;PR;A4287;00019200000012922641;MultiModal;16/06/2026 17:55;19/06/2026 08:59;17/06/2026 04:36;19/06/2026 09:06
556873;PR;TA0893;00019200000012922650;MultiModal;16/06/2026 17:55;19/06/2026 08:59;17/06/2026 04:36;19/06/2026 09:06
556873;PR;A7167;00019200000012922668;MultiModal;16/06/2026 17:55;19/06/2026 08:59;17/06/2026 04:36;19/06/2026 09:06
556873;PR;A6556;00019200000012922676;MultiModal;16/06/2026 17:55;19/06/2026 08:59;17/06/2026 04:36;19/06/2026 09:06
556873;PR;A6718;00019200000012922684;MultiModal;16/06/2026 17:55;19/06/2026 08:59;17/06/2026 04:36;19/06/2026 09:06
556873;PR;A9364;00019200000012922692;MultiModal;16/06/2026 17:55;19/06/2026 08:59;17/06/2026 04:36;19/06/2026 09:06
556873;PR;A5193;00019200000012922706;MultiModal;16/06/2026 17:55;19/06/2026 08:59;17/06/2026 04:36;19/06/2026 09:06
556873;PR;TA0787;00019200000012924555;MultiModal;16/06/2026 17:55;19/06/2026 08:59;17/06/2026 00:05;19/06/2026 09:01
556873;PR;A7748;00019200000012924563;MultiModal;16/06/2026 17:55;19/06/2026 08:59;17/06/2026 00:05;19/06/2026 09:01
556873;PR;A8822;00019200000012924571;MultiModal;16/06/2026 17:55;19/06/2026 08:59;17/06/2026 00:05;19/06/2026 09:01
556873;PR;A9267;00019200000012924580;MultiModal;16/06/2026 17:55;19/06/2026 08:59;17/06/2026 01:55;19/06/2026 09:05
556873;PR;A9463;00019200000012924598;MultiModal;16/06/2026 17:55;19/06/2026 08:59;17/06/2026 01:55;19/06/2026 09:05
556873;PR;A5898;00019200000012924601;MultiModal;16/06/2026 17:55;19/06/2026 08:59;17/06/2026 01:55;19/06/2026 09:05
556873;PR;A1802;00019200000012924610;MultiModal;16/06/2026 17:55;19/06/2026 08:59;17/06/2026 01:55;19/06/2026 09:05
556873;PR;TA0298;00019200000012924628;MultiModal;16/06/2026 17:55;19/06/2026 08:59;17/06/2026 01:55;19/06/2026 09:05
556873;PR;A8727;00019200000012924636;MultiModal;16/06/2026 17:55;19/06/2026 08:59;17/06/2026 04:36;19/06/2026 09:06
556873;PR;A2954;00019200000012924644;MultiModal;16/06/2026 17:55;19/06/2026 08:59;17/06/2026 04:36;19/06/2026 09:06
556873;PR;A6517;00019200000012924652;MultiModal;16/06/2026 17:55;19/06/2026 08:59;17/06/2026 00:05;19/06/2026 09:01
556873;PR;A4730;00019200000012924660;MultiModal;16/06/2026 17:55;19/06/2026 08:59;17/06/2026 00:05;19/06/2026 09:01
556873;PR;A7164;00019200000012924679;MultiModal;16/06/2026 17:55;19/06/2026 08:59;17/06/2026 01:55;19/06/2026 09:05
556873;PR;A8068;00019200000012924687;MultiModal;16/06/2026 17:55;19/06/2026 08:59;17/06/2026 01:55;19/06/2026 09:05
556873;PR;TA0538;00019200000012924695;MultiModal;16/06/2026 17:55;19/06/2026 08:59;17/06/2026 00:05;19/06/2026 09:01
556873;PR;A8672;00019200000012924709;MultiModal;16/06/2026 17:55;19/06/2026 08:59;17/06/2026 01:55;19/06/2026 09:05
556873;PR;A1001;00019200000012924717;MultiModal;16/06/2026 17:55;19/06/2026 08:59;17/06/2026 01:55;19/06/2026 09:05
556873;PR;A0522;00019200000012924725;MultiModal;16/06/2026 17:55;19/06/2026 08:59;17/06/2026 01:55;19/06/2026 09:05
556873;PR;A7993;00019200000012924733;MultiModal;16/06/2026 17:55;19/06/2026 08:59;17/06/2026 01:55;19/06/2026 09:05
556873;PR;A8671;00019200000012924741;MultiModal;16/06/2026 17:55;19/06/2026 08:59;17/06/2026 04:36;19/06/2026 09:06
556873;PR;A6465;00019200000012924750;MultiModal;16/06/2026 17:55;19/06/2026 08:59;17/06/2026 04:36;19/06/2026 09:06
556873;PR;A8561;00019200000012924768;MultiModal;16/06/2026 17:55;19/06/2026 08:59;17/06/2026 04:36;19/06/2026 09:06
556873;PR;A7270;00019200000012924776;MultiModal;16/06/2026 17:55;19/06/2026 08:59;17/06/2026 04:36;19/06/2026 09:06
556873;PR;A6493;00019200000012924784;MultiModal;16/06/2026 17:55;19/06/2026 08:59;17/06/2026 04:36;19/06/2026 09:06
556873;PR;A7870;00019200000012924792;MultiModal;16/06/2026 17:55;19/06/2026 08:59;17/06/2026 04:36;19/06/2026 09:06
556873;PR;TA1128;00019200000012924806;MultiModal;16/06/2026 17:55;19/06/2026 08:59;17/06/2026 01:55;19/06/2026 09:05
556873;PR;A2560;00019200000012924814;MultiModal;16/06/2026 17:55;19/06/2026 08:59;17/06/2026 01:55;19/06/2026 09:05
556873;PR;A6313;00019200000012924822;MultiModal;16/06/2026 17:55;19/06/2026 08:59;17/06/2026 00:05;19/06/2026 09:01
556873;PR;TA0976;00019200000012924830;MultiModal;16/06/2026 17:55;19/06/2026 08:59;17/06/2026 04:36;19/06/2026 09:06
556873;PR;A3789;00019200000012924849;MultiModal;16/06/2026 17:55;19/06/2026 08:59;17/06/2026 01:55;19/06/2026 09:05
556873;PR;A6241;00019200000012924857;MultiModal;16/06/2026 17:55;19/06/2026 08:59;17/06/2026 01:55;19/06/2026 09:05
556873;PR;A8965;00019200000012924865;MultiModal;16/06/2026 17:55;19/06/2026 08:59;17/06/2026 01:55;19/06/2026 09:05
556873;PR;A4749;00019200000012924873;MultiModal;16/06/2026 17:55;19/06/2026 08:59;17/06/2026 00:05;19/06/2026 09:01
556873;PR;A8931;00019200000012924881;MultiModal;16/06/2026 17:55;19/06/2026 08:59;17/06/2026 00:05;19/06/2026 09:01
556873;PR;A1603;00019200000012924890;MultiModal;16/06/2026 17:55;19/06/2026 08:59;17/06/2026 04:36;19/06/2026 09:06
556873;PR;A3221;00019200000012924903;MultiModal;16/06/2026 17:55;19/06/2026 08:59;17/06/2026 01:55;19/06/2026 09:05
556873;PR;A3668;00019200000012924911;MultiModal;16/06/2026 17:55;19/06/2026 08:59;17/06/2026 04:36;19/06/2026 09:06
556873;PR;A9140;00019200000012924920;MultiModal;16/06/2026 17:55;19/06/2026 08:59;17/06/2026 01:55;19/06/2026 09:05
556873;PR;TA0708;00019200000012924938;MultiModal;16/06/2026 17:55;19/06/2026 08:59;17/06/2026 01:55;19/06/2026 09:05
556873;PR;A1831;00019200000012924946;MultiModal;16/06/2026 17:55;19/06/2026 08:59;17/06/2026 01:55;19/06/2026 09:05
556873;PR;A4304;00019200000012924954;MultiModal;16/06/2026 17:55;19/06/2026 08:59;17/06/2026 01:55;19/06/2026 09:05
556873;PR;A6569;00019200000012924962;MultiModal;16/06/2026 17:55;19/06/2026 08:59;17/06/2026 01:55;19/06/2026 09:05
556873;PR;A6959;00019200000012924970;MultiModal;16/06/2026 17:55;19/06/2026 08:59;17/06/2026 04:36;19/06/2026 09:06
556873;PR;A7587;00019200000012924989;MultiModal;16/06/2026 17:55;19/06/2026 08:59;17/06/2026 00:05;19/06/2026 09:01
556873;PR;TA0407;00019200000012924997;MultiModal;16/06/2026 17:55;19/06/2026 08:59;17/06/2026 00:05;19/06/2026 09:01
556873;PR;A7499;00019200000012925012;MultiModal;16/06/2026 17:55;19/06/2026 08:59;17/06/2026 00:05;19/06/2026 09:01
556873;PR;A7273;00019200000012925020;MultiModal;16/06/2026 17:55;19/06/2026 08:59;17/06/2026 00:05;19/06/2026 09:01
556873;PR;TA0986;00019200000012925039;MultiModal;16/06/2026 17:55;19/06/2026 08:59;17/06/2026 00:05;19/06/2026 09:01
556873;PR;A7618;00019200000012925047;MultiModal;16/06/2026 17:55;19/06/2026 08:59;17/06/2026 00:05;19/06/2026 09:01
556873;PR;A2808;00019200000012925055;MultiModal;16/06/2026 17:55;19/06/2026 08:59;17/06/2026 00:05;19/06/2026 09:01
556873;PR;A8517;00019200000012925063;MultiModal;16/06/2026 17:55;19/06/2026 08:59;17/06/2026 00:05;19/06/2026 09:01
556873;PR;A6358;00019200000012925071;MultiModal;16/06/2026 17:55;19/06/2026 08:59;17/06/2026 00:05;19/06/2026 09:01
556873;PR;A5860;00019200000012925080;MultiModal;16/06/2026 17:55;19/06/2026 08:59;17/06/2026 00:05;19/06/2026 09:01
556873;PR;A4008;00019200000012925098;MultiModal;16/06/2026 17:55;19/06/2026 08:59;16/06/2026 17:55;19/06/2026 08:59
556873;PR;A7859;00019200000012925101;MultiModal;16/06/2026 17:55;19/06/2026 08:59;16/06/2026 17:59;19/06/2026 09:02
556873;PR;TA0505;00019200000012925110;MultiModal;16/06/2026 17:55;19/06/2026 08:59;16/06/2026 17:59;19/06/2026 09:02
556873;PR;A4725;00019200000012925128;MultiModal;16/06/2026 17:55;19/06/2026 08:59;16/06/2026 17:59;19/06/2026 09:02
556873;PR;A3331;00019200000012925136;MultiModal;16/06/2026 17:55;19/06/2026 08:59;17/06/2026 00:05;19/06/2026 09:01
556873;PR;TA0549;00019200000012925144;MultiModal;16/06/2026 17:55;19/06/2026 08:59;17/06/2026 00:05;19/06/2026 09:01
556873;PR;A3184;00019200000012925152;MultiModal;16/06/2026 17:55;19/06/2026 08:59;16/06/2026 17:55;19/06/2026 08:59
556873;PR;A6036;00019200000012925160;MultiModal;16/06/2026 17:55;19/06/2026 08:59;16/06/2026 17:55;19/06/2026 08:59
556873;PR;A2224;00019200000012925179;MultiModal;16/06/2026 17:55;19/06/2026 08:59;17/06/2026 00:05;19/06/2026 09:01
556873;PR;TA1182;00019200000012925187;MultiModal;16/06/2026 17:55;19/06/2026 08:59;17/06/2026 00:05;19/06/2026 09:01
556873;PR;A6334;00019200000012925195;MultiModal;16/06/2026 17:55;19/06/2026 08:59;16/06/2026 17:55;19/06/2026 08:59
556873;PR;A4998;00019200000012925209;MultiModal;16/06/2026 17:55;19/06/2026 08:59;16/06/2026 17:55;19/06/2026 08:59
556873;PR;A3775;00019200000012925217;MultiModal;16/06/2026 17:55;19/06/2026 08:59;16/06/2026 17:59;19/06/2026 09:02
556873;PR;A6541;00019200000012925225;MultiModal;16/06/2026 17:55;19/06/2026 08:59;16/06/2026 17:55;19/06/2026 08:59
556873;PR;A8969;00019200000012925233;MultiModal;16/06/2026 17:55;19/06/2026 08:59;17/06/2026 00:05;19/06/2026 09:01
556873;PR;A5215;00019200000012925241;MultiModal;16/06/2026 17:55;19/06/2026 08:59;17/06/2026 00:05;19/06/2026 09:01
556873;PR;A7315;00019200000012925250;MultiModal;16/06/2026 17:55;19/06/2026 08:59;16/06/2026 17:55;19/06/2026 08:59
556873;PR;A7038;00019200000012925268;MultiModal;16/06/2026 17:55;19/06/2026 08:59;16/06/2026 17:55;19/06/2026 08:59
556873;PR;A4734;00019200000012925276;MultiModal;16/06/2026 17:55;19/06/2026 08:59;16/06/2026 17:55;19/06/2026 08:59
556873;PR;A6557;00019200000012925284;MultiModal;16/06/2026 17:55;19/06/2026 08:59;16/06/2026 17:59;19/06/2026 09:02
556873;PR;A2981;00019200000012925292;MultiModal;16/06/2026 17:55;19/06/2026 08:59;16/06/2026 17:55;19/06/2026 08:59
556873;PR;A4907;00019200000012925306;MultiModal;16/06/2026 17:55;19/06/2026 08:59;16/06/2026 17:55;19/06/2026 08:59
556873;PR;A9002;00019200000012925314;MultiModal;16/06/2026 17:55;19/06/2026 08:59;16/06/2026 17:55;19/06/2026 08:59
556873;PR;A6469;00019200000012925322;MultiModal;16/06/2026 17:55;19/06/2026 08:59;16/06/2026 17:55;19/06/2026 08:59
556873;PR;A9303;00019200000012925330;MultiModal;16/06/2026 17:55;19/06/2026 08:59;16/06/2026 17:55;19/06/2026 08:59
556873;PR;TA0134;00019200000012925349;MultiModal;16/06/2026 17:55;19/06/2026 08:59;16/06/2026 17:55;19/06/2026 08:59
556873;PR;A7018;00019200000012925357;MultiModal;16/06/2026 17:55;19/06/2026 08:59;16/06/2026 17:55;19/06/2026 08:59
556873;PR;A6263;00019200000012925365;MultiModal;16/06/2026 17:55;19/06/2026 08:59;16/06/2026 17:55;19/06/2026 08:59
556873;PR;A2876;00019200000012925373;MultiModal;16/06/2026 17:55;19/06/2026 08:59;16/06/2026 17:55;19/06/2026 08:59
556873;PR;A6505;00019200000012925381;MultiModal;16/06/2026 17:55;19/06/2026 08:59;16/06/2026 17:55;19/06/2026 08:59
556873;PR;A7054;00019200000012925390;MultiModal;16/06/2026 17:55;19/06/2026 08:59;16/06/2026 17:55;19/06/2026 08:59
556873;PR;A9251;00019200000012925403;MultiModal;16/06/2026 17:55;19/06/2026 08:59;16/06/2026 17:59;19/06/2026 09:02
556873;PR;A5378;00019200000012925411;MultiModal;16/06/2026 17:55;19/06/2026 08:59;16/06/2026 17:55;19/06/2026 08:59
556873;PR;A5368;00019200000012925420;MultiModal;16/06/2026 17:55;19/06/2026 08:59;16/06/2026 17:59;19/06/2026 09:02
556873;PR;A5825;00019200000012925438;MultiModal;16/06/2026 17:55;19/06/2026 08:59;16/06/2026 17:55;19/06/2026 08:59
556873;PR;TA0352;00019200000012925446;MultiModal;16/06/2026 17:55;19/06/2026 08:59;16/06/2026 17:59;19/06/2026 09:02
556873;PR;A7619;00019200000012925454;MultiModal;16/06/2026 17:55;19/06/2026 08:59;17/06/2026 00:05;19/06/2026 09:01
556873;PR;TA1159;00019200000012925462;MultiModal;16/06/2026 17:55;19/06/2026 08:59;17/06/2026 00:05;19/06/2026 09:01
556873;PR;A9270;00019200000012925470;MultiModal;16/06/2026 17:55;19/06/2026 08:59;17/06/2026 00:05;19/06/2026 09:01
556873;PR;A8696;00019200000012925489;MultiModal;16/06/2026 17:55;19/06/2026 08:59;17/06/2026 00:05;19/06/2026 09:01
556873;PR;A3655;00019200000012925497;MultiModal;16/06/2026 17:55;19/06/2026 08:59;16/06/2026 17:55;19/06/2026 08:59
556873;PR;A7183;00019200000012925500;MultiModal;16/06/2026 17:55;19/06/2026 08:59;16/06/2026 17:59;19/06/2026 09:02
556873;PR;A7278;00019200000012925519;MultiModal;16/06/2026 17:55;19/06/2026 08:59;16/06/2026 17:55;19/06/2026 08:59
556873;PR;A7399;00019200000012925527;MultiModal;16/06/2026 17:55;19/06/2026 08:59;16/06/2026 17:55;19/06/2026 08:59
556873;PR;A5210;00019200000012925535;MultiModal;16/06/2026 17:55;19/06/2026 08:59;16/06/2026 17:55;19/06/2026 08:59
556873;PR;A7485;00019200000012925543;MultiModal;16/06/2026 17:55;19/06/2026 08:59;16/06/2026 17:55;19/06/2026 08:59
556873;PR;A6849;00019200000012925551;MultiModal;16/06/2026 17:55;19/06/2026 08:59;16/06/2026 17:55;19/06/2026 08:59
556873;PR;A7011;00019200000012925560;MultiModal;16/06/2026 17:55;19/06/2026 08:59;16/06/2026 17:55;19/06/2026 08:59
556873;PR;A8289;00019200000012925578;MultiModal;16/06/2026 17:55;19/06/2026 08:59;16/06/2026 17:55;19/06/2026 08:59
556873;PR;A6894;00019200000012925586;MultiModal;16/06/2026 17:55;19/06/2026 08:59;16/06/2026 17:55;19/06/2026 08:59
556873;PR;A1392;00019200000012925594;MultiModal;16/06/2026 17:55;19/06/2026 08:59;16/06/2026 17:55;19/06/2026 08:59
556873;PR;A4324;00019200000012925608;MultiModal;16/06/2026 17:55;19/06/2026 08:59;16/06/2026 17:59;19/06/2026 09:02
556873;PR;A8389;00019200000012925616;MultiModal;16/06/2026 17:55;19/06/2026 08:59;16/06/2026 17:59;19/06/2026 09:02
556873;PR;A6589;00019200000012925624;MultiModal;16/06/2026 17:55;19/06/2026 08:59;16/06/2026 17:59;19/06/2026 09:02
556873;PR;TA0512;00019200000012925632;MultiModal;16/06/2026 17:55;19/06/2026 08:59;16/06/2026 17:59;19/06/2026 09:02
556873;PR;A5015;00019200000012925640;MultiModal;16/06/2026 17:55;19/06/2026 08:59;16/06/2026 17:55;19/06/2026 08:59
556873;PR;A0092;00019200000012925659;MultiModal;16/06/2026 17:55;19/06/2026 08:59;16/06/2026 17:59;19/06/2026 09:02
556873;PR;A2661;00019200000012927171;MultiModal;16/06/2026 17:55;19/06/2026 08:59;17/06/2026 00:05;19/06/2026 09:01
556873;PR;TA0806;00019200000012927180;MultiModal;16/06/2026 17:55;19/06/2026 08:59;17/06/2026 00:05;19/06/2026 09:01
556873;PR;A8612;00019200000012927198;MultiModal;16/06/2026 17:55;19/06/2026 08:59;17/06/2026 00:05;19/06/2026 09:01
556873;PR;A9165;00019200000012927210;MultiModal;16/06/2026 17:55;19/06/2026 08:59;16/06/2026 18:03;19/06/2026 09:04
556873;PR;A2896;00019200000012927228;MultiModal;16/06/2026 17:55;19/06/2026 08:59;17/06/2026 00:05;19/06/2026 09:01
556873;PR;A9620;00019200000012927236;MultiModal;16/06/2026 17:55;19/06/2026 08:59;16/06/2026 18:03;19/06/2026 09:04
556873;PR;A9423;00019200000012927244;MultiModal;16/06/2026 17:55;19/06/2026 08:59;17/06/2026 00:05;19/06/2026 09:01
556873;PR;A8321;00019200000012927252;MultiModal;16/06/2026 17:55;19/06/2026 08:59;16/06/2026 18:03;19/06/2026 09:04
556873;PR;A9187;00019200000012927260;MultiModal;16/06/2026 17:55;19/06/2026 08:59;16/06/2026 18:03;19/06/2026 09:04
556873;PR;TA0546;00019200000012927279;MultiModal;16/06/2026 17:55;19/06/2026 08:59;16/06/2026 18:03;19/06/2026 09:04
556873;PR;A2662;00019200000012927287;MultiModal;16/06/2026 17:55;19/06/2026 08:59;16/06/2026 18:03;19/06/2026 09:04
556873;PR;A5236;00019200000012927295;MultiModal;16/06/2026 17:55;19/06/2026 08:59;16/06/2026 17:59;19/06/2026 09:02
556873;PR;A4322;00019200000012927309;MultiModal;16/06/2026 17:55;19/06/2026 08:59;16/06/2026 17:59;19/06/2026 09:02
556873;PR;A4162;00019200000012927317;MultiModal;16/06/2026 17:55;19/06/2026 08:59;16/06/2026 17:59;19/06/2026 09:02
556873;PR;A8355;00019200000012927325;MultiModal;16/06/2026 17:55;19/06/2026 08:59;16/06/2026 17:59;19/06/2026 09:02
556873;PR;A7341;00019200000012927333;MultiModal;16/06/2026 17:55;19/06/2026 08:59;16/06/2026 17:59;19/06/2026 09:02
556873;PR;A3729;00019200000012927341;MultiModal;16/06/2026 17:55;19/06/2026 08:59;16/06/2026 17:59;19/06/2026 09:02
556873;PR;TA1133;00019200000012927350;MultiModal;16/06/2026 17:55;19/06/2026 08:59;16/06/2026 17:59;19/06/2026 09:02
556873;PR;A8846;00019200000012927368;MultiModal;16/06/2026 17:55;19/06/2026 08:59;16/06/2026 18:03;19/06/2026 09:04
556873;PR;A2181;00019200000012927376;MultiModal;16/06/2026 17:55;19/06/2026 08:59;16/06/2026 18:03;19/06/2026 09:04
556873;PR;A7733;00019200000012927384;MultiModal;16/06/2026 17:55;19/06/2026 08:59;16/06/2026 18:03;19/06/2026 09:04
556873;PR;A8559;00019200000012927392;MultiModal;16/06/2026 17:55;19/06/2026 08:59;16/06/2026 18:03;19/06/2026 09:04
556873;PR;A0287;00019200000012927406;MultiModal;16/06/2026 17:55;19/06/2026 08:59;16/06/2026 18:03;19/06/2026 09:04
556873;PR;A8279;00019200000012927414;MultiModal;16/06/2026 17:55;19/06/2026 08:59;16/06/2026 18:03;19/06/2026 09:04
556873;PR;A7332;00019200000012927422;MultiModal;16/06/2026 17:55;19/06/2026 08:59;16/06/2026 18:03;19/06/2026 09:04
556873;PR;A6335;00019200000012927430;MultiModal;16/06/2026 17:55;19/06/2026 08:59;16/06/2026 18:03;19/06/2026 09:04
556873;PR;A9118;00019200000012927449;MultiModal;16/06/2026 17:55;19/06/2026 08:59;16/06/2026 18:03;19/06/2026 09:04
556873;PR;A7110;00019200000012927457;MultiModal;16/06/2026 17:55;19/06/2026 08:59;16/06/2026 18:03;19/06/2026 09:04
556873;PR;A7746;00019200000012927465;MultiModal;16/06/2026 17:55;19/06/2026 08:59;16/06/2026 18:03;19/06/2026 09:04
556873;PR;A6547;00019200000012927473;MultiModal;16/06/2026 17:55;19/06/2026 08:59;16/06/2026 18:03;19/06/2026 09:04
556873;PR;TA1101;00019200000012927481;MultiModal;16/06/2026 17:55;19/06/2026 08:59;16/06/2026 18:03;19/06/2026 09:04
556873;PR;A2832;00019200000012927490;MultiModal;16/06/2026 17:55;19/06/2026 08:59;16/06/2026 18:03;19/06/2026 09:04
556873;PR;A2478;00019200000012927503;MultiModal;16/06/2026 17:55;19/06/2026 08:59;16/06/2026 18:03;19/06/2026 09:04
556873;PR;A4318;00019200000012927511;MultiModal;16/06/2026 17:55;19/06/2026 08:59;16/06/2026 18:03;19/06/2026 09:04
556873;PR;A8607;00019200000012927520;MultiModal;16/06/2026 17:55;19/06/2026 08:59;16/06/2026 17:59;19/06/2026 09:02
556873;PR;A8177;00019200000012927538;MultiModal;16/06/2026 17:55;19/06/2026 08:59;16/06/2026 17:59;19/06/2026 09:02
556873;PR;TA1225;00019200000012927546;MultiModal;16/06/2026 17:55;19/06/2026 08:59;16/06/2026 17:59;19/06/2026 09:02
556873;PR;A5601;00019200000012927554;MultiModal;16/06/2026 17:55;19/06/2026 08:59;16/06/2026 17:59;19/06/2026 09:02
556873;PR;A2077;00019200000012927562;MultiModal;16/06/2026 17:55;19/06/2026 08:59;16/06/2026 18:03;19/06/2026 09:04
556873;PR;A4723;00019200000012927570;MultiModal;16/06/2026 17:55;19/06/2026 08:59;16/06/2026 18:03;19/06/2026 09:04
556873;PR;A8467;00019200000012927589;MultiModal;16/06/2026 17:55;19/06/2026 08:59;16/06/2026 18:03;19/06/2026 09:04
556955;PR;A6441;00019200000012659592;MultiModal;11/06/2026 05:18;12/06/2026 17:50;-;-
556955;PR;A7020;00019200000012659606;MultiModal;11/06/2026 05:18;12/06/2026 17:50;-;-
556955;PR;A8574;00019200000012659614;MultiModal;11/06/2026 05:18;12/06/2026 17:50;-;-
556955;PR;A3376;00019200000012659622;MultiModal;11/06/2026 05:18;12/06/2026 17:50;-;-
556955;PR;A5037;00019200000012702544;MultiModal;11/06/2026 05:18;12/06/2026 17:50;-;-
556955;PR;A6882;00019200000012702552;MultiModal;11/06/2026 05:18;12/06/2026 17:50;-;-
557012;PR;A9569;00019200000012904155;MultiModal;11/06/2026 05:11;12/06/2026 16:32;-;-
557012;PR;A5799;00019200000012904163;MultiModal;11/06/2026 05:11;12/06/2026 16:32;-;-
557012;PR;TA0427;00019200000012904244;MultiModal;11/06/2026 05:11;12/06/2026 16:32;-;-
557074;PR;A5456;00019200000012659657;MultiModal;11/06/2026 00:35;12/06/2026 13:24;-;-
557075;PR;A8090;00019200000012657972;MultiModal;11/06/2026 06:37;12/06/2026 16:33;-;-
557075;PR;A9274;00019200000012657980;MultiModal;11/06/2026 06:37;12/06/2026 16:33;-;-
557078;PR;A9280;00019200000012659177;MultiModal;11/06/2026 06:38;16/06/2026 19:00;-;-
557109;PR;A6958;00019200000012696005;MultiModal;16/06/2026 06:46;17/06/2026 13:45;16/06/2026 06:48;17/06/2026 13:45
557109;PR;A8410;00019200000012696013;MultiModal;16/06/2026 06:46;17/06/2026 13:45;16/06/2026 06:48;17/06/2026 13:45
557109;PR;A0020;00019200000012696021;MultiModal;16/06/2026 06:46;17/06/2026 13:45;16/06/2026 06:48;17/06/2026 13:45
557109;PR;A6674;00019200000012696064;MultiModal;16/06/2026 06:46;17/06/2026 13:45;16/06/2026 06:48;17/06/2026 13:45
557438;PR;A6816;00019200000013211781;MultiModal;17/06/2026 04:19;18/06/2026 19:06;17/06/2026 04:19;18/06/2026 19:06
557438;PR;A7835;00019200000013211790;MultiModal;17/06/2026 04:19;18/06/2026 19:06;17/06/2026 04:19;18/06/2026 19:06
557484;PR;AS-0246;00019200000012701688;Rodoviário;16/06/2026 10:48;17/06/2026 11:23;16/06/2026 10:48;17/06/2026 11:23
557484;PR;869170034881301;00019200000012701696;Rodoviário;16/06/2026 10:48;17/06/2026 11:23;16/06/2026 10:48;17/06/2026 11:23
557484;PR;AS-0598;00019200000012701700;Rodoviário;16/06/2026 10:48;17/06/2026 11:23;16/06/2026 10:48;17/06/2026 11:23
557484;PR;AS-0570;00019200000012701718;Rodoviário;16/06/2026 10:48;17/06/2026 11:23;16/06/2026 10:48;17/06/2026 11:23
557484;PR;AS-0377;00019200000012701726;Rodoviário;16/06/2026 10:48;17/06/2026 11:23;16/06/2026 10:48;17/06/2026 11:23
557484;PR;AS-0752;00019200000012701734;Rodoviário;16/06/2026 10:48;17/06/2026 11:23;16/06/2026 10:48;17/06/2026 11:23
557484;PR;AS-0425;00019200000012701742;Rodoviário;16/06/2026 10:48;17/06/2026 11:23;16/06/2026 10:48;17/06/2026 11:23
557484;PR;AS-0131;00019200000012701963;Rodoviário;16/06/2026 10:48;17/06/2026 11:23;16/06/2026 10:48;17/06/2026 11:23
557484;PR;AS-0657;00019200000012701971;Rodoviário;16/06/2026 10:48;17/06/2026 11:23;16/06/2026 10:48;17/06/2026 11:23
557484;PR;AS-0642;00019200000012701980;Rodoviário;16/06/2026 10:48;17/06/2026 11:23;16/06/2026 10:48;17/06/2026 11:23
557484;PR;AS-0542;00019200000012701998;Rodoviário;16/06/2026 10:48;17/06/2026 11:23;16/06/2026 10:48;17/06/2026 11:23
557484;PR;869170034874660;00019200000012702005;Rodoviário;16/06/2026 10:48;17/06/2026 11:23;16/06/2026 10:48;17/06/2026 11:23
557484;PR;AS-0670;00019200000012702013;Rodoviário;16/06/2026 10:48;17/06/2026 11:23;16/06/2026 10:48;17/06/2026 11:23
557484;PR;AS-0467;00019200000012702021;Rodoviário;16/06/2026 10:48;17/06/2026 11:23;16/06/2026 10:48;17/06/2026 11:23
557484;PR;869170034882572;00019200000012702030;Rodoviário;16/06/2026 10:48;17/06/2026 11:23;16/06/2026 10:48;17/06/2026 11:23
557484;PR;AS-0442;00019200000012702048;Rodoviário;16/06/2026 10:48;17/06/2026 11:23;16/06/2026 10:48;17/06/2026 11:23
557484;PR;AS-0171;00019200000012702056;Rodoviário;16/06/2026 10:48;17/06/2026 11:23;16/06/2026 10:48;17/06/2026 11:23
557484;PR;AS-0087;00019200000012702064;Rodoviário;16/06/2026 10:48;17/06/2026 11:23;16/06/2026 10:48;17/06/2026 11:23
557484;PR;AS-0453;00019200000012702072;Rodoviário;16/06/2026 10:48;17/06/2026 11:23;16/06/2026 10:48;17/06/2026 11:23
557484;PR;AS-0221;00019200000012702080;Rodoviário;16/06/2026 10:48;17/06/2026 11:23;16/06/2026 10:48;17/06/2026 11:23
557484;PR;AS-0205;00019200000012702099;Rodoviário;16/06/2026 10:48;17/06/2026 11:23;16/06/2026 10:48;17/06/2026 11:23
557484;PR;869170034882218;00019200000012702102;Rodoviário;16/06/2026 10:48;17/06/2026 11:23;16/06/2026 10:48;17/06/2026 11:23
557484;PR;AS-0824;00019200000012921254;Rodoviário;16/06/2026 10:48;17/06/2026 11:23;16/06/2026 10:48;17/06/2026 11:23
557484;PR;AS-0646;00019200000012921262;Rodoviário;16/06/2026 10:48;17/06/2026 11:23;16/06/2026 10:48;17/06/2026 11:23
557484;PR;869170034888124;00019200000012921270;Rodoviário;16/06/2026 10:48;17/06/2026 11:23;16/06/2026 10:48;17/06/2026 11:23
557484;PR;AS-0436;00019200000012921289;Rodoviário;16/06/2026 10:48;17/06/2026 11:23;16/06/2026 10:48;17/06/2026 11:23
557484;PR;AS-0785;00019200000012921297;Rodoviário;16/06/2026 10:48;17/06/2026 11:23;16/06/2026 10:48;17/06/2026 11:23
557484;PR;AS-0635;00019200000012921300;Rodoviário;16/06/2026 10:48;17/06/2026 11:23;16/06/2026 10:48;17/06/2026 11:23
557484;PR;AS-0828;00019200000012921319;Rodoviário;16/06/2026 10:48;17/06/2026 11:23;16/06/2026 10:48;17/06/2026 11:23
557484;PR;AS-0148;00019200000012921327;Rodoviário;16/06/2026 10:48;17/06/2026 11:23;16/06/2026 10:48;17/06/2026 11:23
557484;PR;AS-0061;00019200000012921335;Rodoviário;16/06/2026 10:48;17/06/2026 11:23;16/06/2026 10:48;17/06/2026 11:23
557484;PR;AS-0035;00019200000012921343;Rodoviário;16/06/2026 10:48;17/06/2026 11:23;16/06/2026 10:48;17/06/2026 11:23
557484;PR;AS-0266;00019200000012921351;Rodoviário;16/06/2026 10:48;17/06/2026 11:23;16/06/2026 10:48;17/06/2026 11:23
557484;PR;AS-0213;00019200000012921360;Rodoviário;16/06/2026 10:48;17/06/2026 11:23;16/06/2026 10:48;17/06/2026 11:23
557484;PR;AS-0867;00019200000012921378;Rodoviário;16/06/2026 10:48;17/06/2026 11:23;16/06/2026 10:48;17/06/2026 11:23
557484;PR;AS-0872;00019200000012921386;Rodoviário;16/06/2026 10:48;17/06/2026 11:23;16/06/2026 10:48;17/06/2026 11:23
557484;PR;AS-0932;00019200000012921394;Rodoviário;16/06/2026 10:48;17/06/2026 11:23;16/06/2026 10:48;17/06/2026 11:23
557484;PR;AS-0631;00019200000012921408;Rodoviário;16/06/2026 10:48;17/06/2026 11:23;16/06/2026 10:48;17/06/2026 11:23
557484;PR;AS-0720;00019200000012921416;Rodoviário;16/06/2026 10:48;17/06/2026 11:23;16/06/2026 10:48;17/06/2026 11:23
557484;PR;AS-0254;00019200000012921424;Rodoviário;16/06/2026 10:48;17/06/2026 11:23;16/06/2026 10:48;17/06/2026 11:23
557484;PR;AS-0070;00019200000012921432;Rodoviário;16/06/2026 10:48;17/06/2026 11:23;16/06/2026 10:48;17/06/2026 11:23
557484;PR;AS-0583;00019200000012921440;Rodoviário;16/06/2026 10:48;17/06/2026 11:23;16/06/2026 10:48;17/06/2026 11:23
557718;PR;A7873;00019200000013208934;MultiModal;17/06/2026 23:51;19/06/2026 17:54;17/06/2026 23:51;19/06/2026 17:54
557787;PR;A0244;00019200000012615382;MultiModal;23/06/2026 03:01;24/06/2026 15:13;24/06/2026 07:20;25/06/2026 16:00
557787;PR;A2469;00019200000012615390;MultiModal;23/06/2026 03:01;24/06/2026 15:13;24/06/2026 07:20;25/06/2026 16:00
557787;PR;TA1122;00019200000012615404;MultiModal;23/06/2026 03:01;24/06/2026 15:13;24/06/2026 07:20;25/06/2026 16:00
557787;PR;A2983;00019200000012615412;MultiModal;23/06/2026 03:01;24/06/2026 15:13;24/06/2026 07:20;25/06/2026 16:00
557787;PR;A0719;00019200000012615420;MultiModal;23/06/2026 03:01;24/06/2026 15:13;24/06/2026 07:20;25/06/2026 16:00
557787;PR;A6970;00019200000012615439;MultiModal;23/06/2026 03:01;24/06/2026 15:13;24/06/2026 07:20;25/06/2026 16:00
557787;PR;A1105;00019200000012615447;MultiModal;23/06/2026 03:01;24/06/2026 15:13;24/06/2026 07:20;25/06/2026 16:00
557787;PR;A2823;00019200000012615455;MultiModal;23/06/2026 03:01;24/06/2026 15:13;30/06/2026 03:39;01/07/2026 20:18
557787;PR;A6145;00019200000012615463;MultiModal;23/06/2026 03:01;24/06/2026 15:13;30/06/2026 03:39;01/07/2026 20:18
557787;PR;A6280;00019200000012615471;MultiModal;23/06/2026 03:01;24/06/2026 15:13;24/06/2026 07:20;25/06/2026 16:00
557787;PR;A4236;00019200000012615480;MultiModal;23/06/2026 03:01;24/06/2026 15:13;24/06/2026 07:20;25/06/2026 16:00
557787;PR;A3116;00019200000012615498;MultiModal;23/06/2026 03:01;24/06/2026 15:13;24/06/2026 07:20;25/06/2026 16:00
557787;PR;A6128;00019200000012615501;MultiModal;23/06/2026 03:01;24/06/2026 15:13;30/06/2026 05:34;01/07/2026 20:15
557787;PR;A6211;00019200000012615510;MultiModal;23/06/2026 03:01;24/06/2026 15:13;30/06/2026 03:39;01/07/2026 20:18
557787;PR;TA0509;00019200000012615528;MultiModal;23/06/2026 03:01;24/06/2026 15:13;30/06/2026 03:39;01/07/2026 20:18
557787;PR;A9353;00019200000012615536;MultiModal;23/06/2026 03:01;24/06/2026 15:13;30/06/2026 03:39;01/07/2026 20:18
557787;PR;A8675;00019200000012615544;MultiModal;23/06/2026 03:01;24/06/2026 15:13;30/06/2026 05:34;01/07/2026 20:15
557787;PR;A7027;00019200000012615552;MultiModal;23/06/2026 03:01;24/06/2026 15:13;30/06/2026 05:34;01/07/2026 20:15
557787;PR;A4992;00019200000012615560;MultiModal;23/06/2026 03:01;24/06/2026 15:13;30/06/2026 03:39;01/07/2026 20:18
557787;PR;A5747;00019200000012615579;MultiModal;23/06/2026 03:01;24/06/2026 15:13;30/06/2026 03:39;01/07/2026 20:18
557787;PR;A7879;00019200000012615587;MultiModal;23/06/2026 03:01;24/06/2026 15:13;30/06/2026 03:39;01/07/2026 20:18
557787;PR;A7825;00019200000012615595;MultiModal;23/06/2026 03:01;24/06/2026 15:13;30/06/2026 03:39;01/07/2026 20:18
557787;PR;A9510;00019200000012615609;MultiModal;23/06/2026 03:01;24/06/2026 15:13;30/06/2026 03:39;01/07/2026 20:18
557787;PR;A1480;00019200000012615617;MultiModal;23/06/2026 03:01;24/06/2026 15:13;30/06/2026 05:34;01/07/2026 20:15
557787;PR;A6183;00019200000012615625;MultiModal;23/06/2026 03:01;24/06/2026 15:13;30/06/2026 05:34;01/07/2026 20:15
557787;PR;TA0828;00019200000012615633;MultiModal;23/06/2026 03:01;24/06/2026 15:13;30/06/2026 05:34;01/07/2026 20:15
557787;PR;A8174;00019200000012615641;MultiModal;23/06/2026 03:01;24/06/2026 15:13;30/06/2026 05:34;01/07/2026 20:15
557787;PR;A2804;00019200000012615650;MultiModal;23/06/2026 03:01;24/06/2026 15:13;30/06/2026 05:34;01/07/2026 20:15
557787;PR;A2459;00019200000012615668;MultiModal;23/06/2026 03:01;24/06/2026 15:13;30/06/2026 05:34;01/07/2026 20:15
557787;PR;A1961;00019200000012615676;MultiModal;23/06/2026 03:01;24/06/2026 15:13;30/06/2026 05:34;01/07/2026 20:15
557787;PR;TA0931;00019200000012615684;MultiModal;23/06/2026 03:01;24/06/2026 15:13;30/06/2026 05:34;01/07/2026 20:15
557787;PR;A5772;00019200000012615692;MultiModal;23/06/2026 03:01;24/06/2026 15:13;30/06/2026 05:34;01/07/2026 20:15
557787;PR;A6113;00019200000012615706;MultiModal;23/06/2026 03:01;24/06/2026 15:13;30/06/2026 05:34;01/07/2026 20:15
557787;PR;A6446;00019200000012696749;MultiModal;23/06/2026 03:01;24/06/2026 15:13;30/06/2026 05:34;01/07/2026 20:15
557787;PR;A5006;00019200000012696757;MultiModal;23/06/2026 03:01;24/06/2026 15:13;30/06/2026 05:34;01/07/2026 20:15
557787;PR;TA1217;00019200000012696765;MultiModal;23/06/2026 03:01;24/06/2026 15:13;23/06/2026 03:01;25/06/2026 16:00
557787;PR;A6215;00019200000012696773;MultiModal;23/06/2026 03:01;24/06/2026 15:13;30/06/2026 05:34;01/07/2026 20:15
557787;PR;A1317;00019200000012696781;MultiModal;23/06/2026 03:01;24/06/2026 15:13;30/06/2026 05:34;01/07/2026 20:15
557787;PR;A5018;00019200000012696790;MultiModal;23/06/2026 03:01;24/06/2026 15:13;30/06/2026 05:34;01/07/2026 20:15
557787;PR;A5907;00019200000012696803;MultiModal;23/06/2026 03:01;24/06/2026 15:13;30/06/2026 05:34;01/07/2026 20:15
557787;PR;A9563;00019200000012696811;MultiModal;23/06/2026 03:01;24/06/2026 15:13;24/06/2026 07:20;25/06/2026 16:00
557787;PR;A3249;00019200000012696820;MultiModal;23/06/2026 03:01;24/06/2026 15:13;30/06/2026 03:39;01/07/2026 20:18
557787;PR;A1914;00019200000012696838;MultiModal;23/06/2026 03:01;24/06/2026 15:13;30/06/2026 03:39;01/07/2026 20:18
557787;PR;A6835;00019200000012696846;MultiModal;23/06/2026 03:01;24/06/2026 15:13;24/06/2026 07:20;25/06/2026 16:00
557787;PR;A1984;00019200000012696854;MultiModal;23/06/2026 03:01;24/06/2026 15:13;24/06/2026 07:20;25/06/2026 16:00
557787;PR;A9193;00019200000012696862;MultiModal;23/06/2026 03:01;24/06/2026 15:13;30/06/2026 05:34;01/07/2026 20:15
557787;PR;A1634;00019200000012696870;MultiModal;23/06/2026 03:01;24/06/2026 15:13;30/06/2026 05:34;01/07/2026 20:15
557787;PR;TA0537;00019200000012696889;MultiModal;23/06/2026 03:01;24/06/2026 15:13;30/06/2026 05:34;01/07/2026 20:15
557787;PR;A8924;00019200000012696897;MultiModal;23/06/2026 03:01;24/06/2026 15:13;30/06/2026 05:34;01/07/2026 20:15
557787;PR;A2735;00019200000012696900;MultiModal;23/06/2026 03:01;24/06/2026 15:13;30/06/2026 05:34;01/07/2026 20:15
557787;PR;A7498;00019200000012696919;MultiModal;23/06/2026 03:01;24/06/2026 15:13;23/06/2026 03:01;25/06/2026 16:00
557787;PR;TA1178;00019200000012696927;MultiModal;23/06/2026 03:01;24/06/2026 15:13;23/06/2026 03:01;25/06/2026 16:00
557787;PR;A3541;00019200000012696935;MultiModal;23/06/2026 03:01;24/06/2026 15:13;24/06/2026 07:20;25/06/2026 16:00
557787;PR;A9318;00019200000012696943;MultiModal;23/06/2026 03:01;24/06/2026 15:13;24/06/2026 07:20;25/06/2026 16:00
557787;PR;A1049;00019200000012696951;MultiModal;23/06/2026 03:01;24/06/2026 15:13;24/06/2026 07:20;25/06/2026 16:00
557787;PR;A9273;00019200000012696960;MultiModal;23/06/2026 03:01;24/06/2026 15:13;24/06/2026 07:20;25/06/2026 16:00
557787;PR;A7526;00019200000012696978;MultiModal;23/06/2026 03:01;24/06/2026 15:13;24/06/2026 07:20;25/06/2026 16:00
557787;PR;A7319;00019200000012696994;MultiModal;23/06/2026 03:01;24/06/2026 15:13;30/06/2026 03:39;01/07/2026 20:18
557787;PR;A1037;00019200000012697001;MultiModal;23/06/2026 03:01;24/06/2026 15:13;30/06/2026 03:39;01/07/2026 20:18
557787;PR;A8480;00019200000012697010;MultiModal;23/06/2026 03:01;24/06/2026 15:13;30/06/2026 03:39;01/07/2026 20:18
557787;PR;A8994;00019200000012697028;MultiModal;23/06/2026 03:01;24/06/2026 15:13;30/06/2026 03:39;01/07/2026 20:18
557787;PR;A1933;00019200000012697036;MultiModal;23/06/2026 03:01;24/06/2026 15:13;30/06/2026 03:39;01/07/2026 20:18
557787;PR;A3596;00019200000012697044;MultiModal;23/06/2026 03:01;24/06/2026 15:13;23/06/2026 03:01;25/06/2026 16:00
557787;PR;TA0277;00019200000012697052;MultiModal;23/06/2026 03:01;24/06/2026 15:13;23/06/2026 03:01;25/06/2026 16:00
557787;PR;A9106;00019200000012697060;MultiModal;23/06/2026 03:01;24/06/2026 15:13;23/06/2026 03:01;25/06/2026 16:00
557787;PR;A9439;00019200000012697079;MultiModal;23/06/2026 03:01;24/06/2026 15:13;23/06/2026 03:01;25/06/2026 16:00
557787;PR;TA1162;00019200000012697087;MultiModal;23/06/2026 03:01;24/06/2026 15:13;23/06/2026 03:01;25/06/2026 16:00
557787;PR;A7156;00019200000012697095;MultiModal;23/06/2026 03:01;24/06/2026 15:13;23/06/2026 03:01;25/06/2026 16:00
557787;PR;TA0570;00019200000012697109;MultiModal;23/06/2026 03:01;24/06/2026 15:13;23/06/2026 03:01;25/06/2026 16:00
557787;PR;A0168;00019200000012697117;MultiModal;23/06/2026 03:01;24/06/2026 15:13;23/06/2026 03:01;25/06/2026 16:00
557787;PR;A6829;00019200000012697125;MultiModal;23/06/2026 03:01;24/06/2026 15:13;23/06/2026 03:01;25/06/2026 16:00
557787;PR;A4750;00019200000012697133;MultiModal;23/06/2026 03:01;24/06/2026 15:13;23/06/2026 03:01;25/06/2026 16:00
557787;PR;A0094;00019200000013207610;MultiModal;23/06/2026 03:01;24/06/2026 15:13;24/06/2026 07:20;25/06/2026 16:00
557787;PR;A0695;00019200000013207628;MultiModal;23/06/2026 03:01;24/06/2026 15:13;30/06/2026 05:34;01/07/2026 20:15
557787;PR;A8633;00019200000013207636;MultiModal;23/06/2026 03:01;24/06/2026 15:13;24/06/2026 07:20;25/06/2026 16:00
557787;PR;A8078;00019200000013207644;MultiModal;23/06/2026 03:01;24/06/2026 15:13;30/06/2026 03:39;01/07/2026 20:18
557787;PR;A5195;00019200000013207652;MultiModal;23/06/2026 03:01;24/06/2026 15:13;30/06/2026 03:39;01/07/2026 20:18
557787;PR;A8460;00019200000013207679;MultiModal;23/06/2026 03:01;24/06/2026 15:13;24/06/2026 07:20;25/06/2026 16:00
557787;PR;A7750;00019200000013207687;MultiModal;23/06/2026 03:01;24/06/2026 15:13;23/06/2026 03:01;25/06/2026 16:00
557787;PR;A9252;00019200000013207695;MultiModal;23/06/2026 03:01;24/06/2026 15:13;30/06/2026 03:39;01/07/2026 20:18
557787;PR;A5451;00019200000013207709;MultiModal;23/06/2026 03:01;24/06/2026 15:13;30/06/2026 03:39;01/07/2026 20:18
557787;PR;A6316;00019200000013207717;MultiModal;23/06/2026 03:01;24/06/2026 15:13;30/06/2026 03:39;01/07/2026 20:18
557787;PR;A4281;00019200000013207725;MultiModal;23/06/2026 03:01;24/06/2026 15:13;30/06/2026 03:39;01/07/2026 20:18
557787;PR;A7483;00019200000013207733;MultiModal;23/06/2026 03:01;24/06/2026 15:13;30/06/2026 03:39;01/07/2026 20:18
557787;PR;A6608;00019200000013207741;MultiModal;23/06/2026 03:01;24/06/2026 15:13;30/06/2026 03:39;01/07/2026 20:18
557787;PR;A7153;00019200000013209507;MultiModal;23/06/2026 03:01;24/06/2026 15:13;23/06/2026 03:01;25/06/2026 16:00
557787;PR;A5841;00019200000013209515;MultiModal;23/06/2026 03:01;24/06/2026 15:13;23/06/2026 03:01;25/06/2026 16:00
557787;PR;A6851;00019200000013209523;MultiModal;23/06/2026 03:01;24/06/2026 15:13;24/06/2026 07:20;25/06/2026 16:00
557787;PR;A6205;00019200000013209531;MultiModal;23/06/2026 03:01;24/06/2026 15:13;24/06/2026 07:20;25/06/2026 16:00
557787;PR;A8527;00019200000013209540;MultiModal;23/06/2026 03:01;24/06/2026 15:13;23/06/2026 03:01;25/06/2026 16:00
557787;PR;A2762;00019200000013209558;MultiModal;23/06/2026 03:01;24/06/2026 15:13;24/06/2026 07:20;25/06/2026 16:00
557787;PR;A2518;00019200000013209566;MultiModal;23/06/2026 03:01;24/06/2026 15:13;23/06/2026 03:01;25/06/2026 16:00
557787;PR;A9608;00019200000013209574;MultiModal;23/06/2026 03:01;24/06/2026 15:13;23/06/2026 03:01;25/06/2026 16:00
557787;PR;A8140;00019200000013209582;MultiModal;23/06/2026 03:01;24/06/2026 15:13;23/06/2026 03:01;25/06/2026 16:00
557787;PR;A3414;00019200000013209590;MultiModal;23/06/2026 03:01;24/06/2026 15:13;23/06/2026 03:01;25/06/2026 16:00
557787;PR;TA0527;00019200000013227483;MultiModal;23/06/2026 03:01;24/06/2026 15:13;23/06/2026 03:01;25/06/2026 16:00
557787;PR;A5741;00019200000013227491;MultiModal;23/06/2026 03:01;24/06/2026 15:13;23/06/2026 03:01;25/06/2026 16:00
557787;PR;A3334;00019200000013227505;MultiModal;23/06/2026 03:01;24/06/2026 15:13;23/06/2026 03:01;25/06/2026 16:00
557787;PR;A9560;00019200000013227513;MultiModal;23/06/2026 03:01;24/06/2026 15:13;23/06/2026 03:01;25/06/2026 16:00
557787;PR;A7206;00019200000013227521;MultiModal;23/06/2026 03:01;24/06/2026 15:13;24/06/2026 07:20;25/06/2026 16:00
558052;PR;S1667;00019200000012926248;MultiModal;17/06/2026 23:51;19/06/2026 15:30;17/06/2026 23:51;19/06/2026 15:30
558058;PR;A5163;00019200000013243101;MultiModal;18/06/2026 04:17;20/06/2026 10:24;18/06/2026 04:17;20/06/2026 10:24
558058;PR;TA0004;00019200000013243110;MultiModal;18/06/2026 04:17;20/06/2026 10:24;18/06/2026 04:17;20/06/2026 10:24
558316;PR;A7017;00019200000013205226;MultiModal;18/06/2026 22:56;19/06/2026 21:00;18/06/2026 22:56;19/06/2026 21:00
558346;PR;A7294;00019200000013423193;MultiModal;06/07/2026 05:42;07/07/2026 18:45;06/07/2026 05:42;07/07/2026 18:45
558602;PR;S1494;00019200000013336436;MultiModal;23/06/2026 08:30;25/06/2026 17:00;23/06/2026 08:30;25/06/2026 17:00
558653;PR;A5327;00019200000013245236;MultiModal;02/07/2026 05:56;03/07/2026 15:30;02/07/2026 05:56;03/07/2026 15:30
558653;PR;A4600;00019200000013245244;MultiModal;02/07/2026 05:56;03/07/2026 15:30;02/07/2026 05:56;03/07/2026 15:30
558653;PR;A3990;00019200000013245252;MultiModal;02/07/2026 05:56;03/07/2026 15:30;02/07/2026 05:56;03/07/2026 15:30
558653;PR;A2910;00019200000013245260;MultiModal;02/07/2026 05:56;03/07/2026 15:30;02/07/2026 05:56;03/07/2026 15:30
558653;PR;A7329;00019200000013245279;MultiModal;02/07/2026 05:56;03/07/2026 15:30;02/07/2026 05:56;03/07/2026 15:30
558653;PR;A3541;00019200000013245287;MultiModal;02/07/2026 05:56;03/07/2026 15:30;02/07/2026 05:56;03/07/2026 15:30
558653;PR;A8245;00019200000013245295;MultiModal;02/07/2026 05:56;03/07/2026 15:30;02/07/2026 05:56;03/07/2026 15:30
558653;PR;A7917;00019200000013245309;MultiModal;02/07/2026 05:56;03/07/2026 15:30;02/07/2026 05:56;03/07/2026 15:30
558653;PR;A7057;00019200000013245317;MultiModal;02/07/2026 05:56;03/07/2026 15:30;02/07/2026 05:56;03/07/2026 15:30
558653;PR;A3065;00019200000013245325;MultiModal;02/07/2026 05:56;03/07/2026 15:30;02/07/2026 05:56;03/07/2026 15:30
558653;PR;A4777;00019200000013245333;MultiModal;02/07/2026 05:56;03/07/2026 15:30;02/07/2026 05:56;03/07/2026 15:30
558653;PR;A8517;00019200000013245341;MultiModal;02/07/2026 05:56;03/07/2026 15:30;02/07/2026 05:56;03/07/2026 15:30
558653;PR;A9013;00019200000013245350;MultiModal;02/07/2026 05:56;03/07/2026 15:30;02/07/2026 05:56;03/07/2026 15:30
558653;PR;A8704;00019200000013245368;MultiModal;02/07/2026 05:56;03/07/2026 15:30;02/07/2026 05:56;03/07/2026 15:30
558653;PR;A9334;00019200000013245376;MultiModal;02/07/2026 05:56;03/07/2026 15:30;02/07/2026 05:56;03/07/2026 15:30
558653;PR;A6621;00019200000013245384;MultiModal;02/07/2026 05:56;03/07/2026 15:30;02/07/2026 05:56;03/07/2026 15:30
558653;PR;A5830;00019200000013245392;MultiModal;02/07/2026 05:56;03/07/2026 15:30;02/07/2026 05:56;03/07/2026 15:30
558653;PR;A7072;00019200000013245406;MultiModal;02/07/2026 05:56;03/07/2026 15:30;02/07/2026 05:56;03/07/2026 15:30
558653;PR;A6829;00019200000013245414;MultiModal;02/07/2026 05:56;03/07/2026 15:30;02/07/2026 05:56;03/07/2026 15:30
558653;PR;A8178;00019200000013245422;MultiModal;02/07/2026 05:56;03/07/2026 15:30;02/07/2026 05:56;03/07/2026 15:30
558653;PR;A1539;00019200000013245430;MultiModal;02/07/2026 05:56;03/07/2026 15:30;02/07/2026 05:56;03/07/2026 15:30
558653;PR;A8338;00019200000013245490;MultiModal;02/07/2026 05:56;03/07/2026 15:30;02/07/2026 05:56;03/07/2026 15:30
558653;PR;A6839;00019200000013245503;MultiModal;02/07/2026 05:56;03/07/2026 15:30;02/07/2026 05:56;03/07/2026 15:30
558653;PR;A7031;00019200000013245511;MultiModal;02/07/2026 05:56;03/07/2026 15:30;02/07/2026 05:56;03/07/2026 15:30
558942;PR;TA0538;00019200000013202669;MultiModal;02/07/2026 05:57;03/07/2026 18:34;02/07/2026 05:57;03/07/2026 18:34
558942;PR;A5226;00019200000013202677;MultiModal;02/07/2026 05:57;03/07/2026 18:34;02/07/2026 05:57;03/07/2026 18:34
558942;PR;A9462;00019200000013202685;MultiModal;02/07/2026 05:57;03/07/2026 18:34;02/07/2026 05:57;03/07/2026 18:34
558942;PR;TA0861;00019200000013202693;MultiModal;02/07/2026 05:57;03/07/2026 18:34;02/07/2026 05:57;03/07/2026 18:34
558959;PR;A7179;00019200000013421247;MultiModal;08/07/2026 05:24;09/07/2026 17:24;08/07/2026 05:24;09/07/2026 17:24
559099;PR;A5951;00019200000013253190;MultiModal;30/06/2026 00:19;30/06/2026 22:45;30/06/2026 00:19;30/06/2026 22:45
559099;PR;A5962;00019200000013253204;MultiModal;30/06/2026 00:19;30/06/2026 22:45;30/06/2026 00:19;30/06/2026 22:45
559099;PR;A6957;00019200000013253212;MultiModal;30/06/2026 00:19;30/06/2026 22:45;30/06/2026 00:19;30/06/2026 22:45
559099;PR;TA0081;00019200000013253220;MultiModal;30/06/2026 00:19;30/06/2026 22:45;30/06/2026 00:19;30/06/2026 22:45
559099;PR;A5809;00019200000013253239;MultiModal;30/06/2026 00:19;30/06/2026 22:45;30/06/2026 00:19;30/06/2026 22:45
559099;PR;A3588;00019200000013253247;MultiModal;30/06/2026 00:19;30/06/2026 22:45;30/06/2026 00:19;30/06/2026 22:45
559099;PR;A7198;00019200000013253255;MultiModal;30/06/2026 00:19;30/06/2026 22:45;30/06/2026 00:19;30/06/2026 22:45
559231;PR;A5759;00019200000013253131;MultiModal;29/06/2026 00:53;01/07/2026 17:09;29/06/2026 00:53;01/07/2026 17:09
559243;PR;A5989;00019200000013246887;MultiModal;01/07/2026 05:47;02/07/2026 14:01;01/07/2026 05:47;02/07/2026 14:01
559357;PR;A6328;00019200000013248294;MultiModal;29/06/2026 00:52;30/06/2026 11:36;29/06/2026 00:52;30/06/2026 11:36
559357;PR;A3759;00019200000013248308;MultiModal;29/06/2026 00:52;30/06/2026 11:36;29/06/2026 00:52;30/06/2026 11:36
559357;PR;A8880;00019200000013248316;MultiModal;29/06/2026 00:52;30/06/2026 11:36;29/06/2026 00:52;30/06/2026 11:36
559357;PR;A0773;00019200000013327500;MultiModal;29/06/2026 00:52;30/06/2026 11:36;29/06/2026 00:52;30/06/2026 11:36
559390;PR;A5512;00019200000013427520;MultiModal;06/07/2026 06:22;07/07/2026 19:35;06/07/2026 06:22;07/07/2026 19:35
559390;PR;A4035;00019200000013427539;MultiModal;06/07/2026 06:22;07/07/2026 19:35;06/07/2026 06:22;07/07/2026 19:35
559475;PR;A6882;00019200000013247603;MultiModal;30/06/2026 00:16;02/07/2026 11:30;30/06/2026 00:16;02/07/2026 11:30
559654;PR;TA0294;00019200000013423908;MultiModal;06/07/2026 05:42;07/07/2026 18:43;06/07/2026 05:42;07/07/2026 18:43
559654;PR;A8020;00019200000013423916;MultiModal;06/07/2026 05:42;07/07/2026 18:43;06/07/2026 05:42;07/07/2026 18:43
559654;PR;A8304;00019200000013423924;MultiModal;06/07/2026 05:42;07/07/2026 18:43;06/07/2026 05:42;07/07/2026 18:43
559654;PR;A6562;00019200000013423932;MultiModal;06/07/2026 05:42;07/07/2026 18:43;06/07/2026 05:42;07/07/2026 18:43
559654;PR;A8133;00019200000013423940;MultiModal;06/07/2026 05:42;07/07/2026 18:43;06/07/2026 05:42;07/07/2026 18:43
559654;PR;A7972;00019200000013423959;MultiModal;06/07/2026 05:42;07/07/2026 18:43;06/07/2026 05:42;07/07/2026 18:43
559654;PR;TA0834;00019200000013423967;MultiModal;06/07/2026 05:42;07/07/2026 18:43;06/07/2026 05:42;07/07/2026 18:43
559654;PR;A1299;00019200000013423975;MultiModal;06/07/2026 05:42;07/07/2026 18:43;06/07/2026 05:42;07/07/2026 18:43
559719;PR;A5844;00019200000013422987;MultiModal;05/07/2026 23:44;07/07/2026 13:37;05/07/2026 23:44;07/07/2026 13:37
559744;PR;A0406;00019200000013422677;MultiModal;06/07/2026 00:28;08/07/2026 15:00;06/07/2026 00:28;08/07/2026 15:00
559865;PR;TA1178;00019200000013421263;MultiModal;05/07/2026 23:44;07/07/2026 15:15;05/07/2026 23:44;07/07/2026 15:15
559869;PR;A3656;00019200000013421190;MultiModal;05/07/2026 23:45;06/07/2026 16:19;05/07/2026 23:45;06/07/2026 16:19
560552;PR;869170035513507;00019200000013409000;Rodoviário;16/07/2026 10:13;17/07/2026 08:44;16/07/2026 10:13;17/07/2026 08:44
560552;PR;AS-0213;00019200000013409018;Rodoviário;16/07/2026 10:13;17/07/2026 08:44;16/07/2026 10:13;17/07/2026 08:44
560552;PR;869170034875006;00019200000013481967;Rodoviário;16/07/2026 10:13;17/07/2026 08:44;16/07/2026 10:13;17/07/2026 08:44
560552;PR;AS-0628;00019200000013481975;Rodoviário;16/07/2026 10:13;17/07/2026 08:44;16/07/2026 10:13;17/07/2026 08:44
560552;PR;AS-0570;00019200000013481983;Rodoviário;16/07/2026 10:13;17/07/2026 08:44;16/07/2026 10:13;17/07/2026 08:44
560552;PR;AS-0226;00019200000013481991;Rodoviário;16/07/2026 10:13;17/07/2026 08:44;16/07/2026 10:13;17/07/2026 08:44
560552;PR;869170035511287;00019200000013482009;Rodoviário;16/07/2026 10:13;17/07/2026 08:44;16/07/2026 10:13;17/07/2026 08:44
560552;PR;AS-0442;00019200000013482017;Rodoviário;16/07/2026 10:13;17/07/2026 08:44;16/07/2026 10:13;17/07/2026 08:44
560552;PR;869170035510313;00019200000013482025;Rodoviário;16/07/2026 10:13;17/07/2026 08:44;16/07/2026 10:13;17/07/2026 08:44
560552;PR;AS-0284;00019200000013482033;Rodoviário;16/07/2026 10:13;17/07/2026 08:44;16/07/2026 10:13;17/07/2026 08:44
560552;PR;AS-0228;00019200000013482041;Rodoviário;16/07/2026 10:13;17/07/2026 08:44;16/07/2026 10:13;17/07/2026 08:44
560552;PR;AS-0351;00019200000013482050;Rodoviário;16/07/2026 10:13;17/07/2026 08:44;16/07/2026 10:13;17/07/2026 08:44
560552;PR;869170035503748;00019200000013482068;Rodoviário;16/07/2026 10:13;17/07/2026 08:44;16/07/2026 10:13;17/07/2026 08:44
560552;PR;AS-0037;00019200000013482076;Rodoviário;16/07/2026 10:13;17/07/2026 08:44;16/07/2026 10:13;17/07/2026 08:44
560552;PR;869170034889494;00019200000013482084;Rodoviário;16/07/2026 10:13;17/07/2026 08:44;16/07/2026 10:13;17/07/2026 08:44
560552;PR;869170034880824;00019200000013482092;Rodoviário;16/07/2026 10:13;17/07/2026 08:44;16/07/2026 10:13;17/07/2026 08:44
560552;PR;869170034884347;00019200000013482106;Rodoviário;16/07/2026 10:13;17/07/2026 08:44;16/07/2026 10:13;17/07/2026 08:44
560552;PR;AS-0673;00019200000013482114;Rodoviário;16/07/2026 10:13;17/07/2026 08:44;16/07/2026 10:13;17/07/2026 08:44
560552;PR;869170034874280;00019200000013482122;Rodoviário;16/07/2026 10:13;17/07/2026 08:44;16/07/2026 10:13;17/07/2026 08:44
560552;PR;869170035501593;00019200000013482130;Rodoviário;16/07/2026 10:13;17/07/2026 08:44;16/07/2026 10:13;17/07/2026 08:44
560552;PR;AS-0877;00019200000013482149;Rodoviário;16/07/2026 10:13;17/07/2026 08:44;16/07/2026 10:13;17/07/2026 08:44
560552;PR;AS-0448;00019200000013482157;Rodoviário;16/07/2026 10:13;17/07/2026 08:44;16/07/2026 10:13;17/07/2026 08:44
560552;PR;869170034878521;00019200000013482165;Rodoviário;16/07/2026 10:13;17/07/2026 08:44;16/07/2026 10:13;17/07/2026 08:44
560552;PR;AS-0817;00019200000013482173;Rodoviário;16/07/2026 10:13;17/07/2026 08:44;16/07/2026 10:13;17/07/2026 08:44
560552;PR;869170034882424;00019200000013482181;Rodoviário;16/07/2026 10:13;17/07/2026 08:44;16/07/2026 10:13;17/07/2026 08:44
560552;PR;869170034876020;00019200000013482190;Rodoviário;16/07/2026 10:13;17/07/2026 08:44;16/07/2026 10:13;17/07/2026 08:44
560552;PR;869170034874512;00019200000013482203;Rodoviário;16/07/2026 10:13;17/07/2026 08:44;16/07/2026 10:13;17/07/2026 08:44
560552;PR;869170035512376;00019200000013482211;Rodoviário;16/07/2026 10:13;17/07/2026 08:44;16/07/2026 10:13;17/07/2026 08:44
560552;PR;869170035494781;00019200000013482220;Rodoviário;16/07/2026 10:13;17/07/2026 08:44;16/07/2026 10:13;17/07/2026 08:44
560552;PR;869170035503607;00019200000013482238;Rodoviário;16/07/2026 10:13;17/07/2026 08:44;16/07/2026 10:13;17/07/2026 08:44
560552;PR;869170035519066;00019200000013482246;Rodoviário;16/07/2026 10:13;17/07/2026 08:44;16/07/2026 10:13;17/07/2026 08:44
560552;PR;AS-0154;00019200000013493884;Rodoviário;16/07/2026 10:13;17/07/2026 08:44;16/07/2026 10:13;17/07/2026 08:44
560552;PR;AS-0569;00019200000013493892;Rodoviário;16/07/2026 10:13;17/07/2026 08:44;16/07/2026 10:13;17/07/2026 08:44
560552;PR;AS-0490;00019200000013493906;Rodoviário;16/07/2026 10:13;17/07/2026 08:44;16/07/2026 10:13;17/07/2026 08:44
560552;PR;869170034882895;00019200000013493914;Rodoviário;16/07/2026 10:13;17/07/2026 08:44;16/07/2026 10:13;17/07/2026 08:44
560552;PR;AS-0679;00019200000013493922;Rodoviário;16/07/2026 10:13;17/07/2026 08:44;16/07/2026 10:13;17/07/2026 08:44
20260950;RJ;A4139;00019200000013422871;MultiModal;02/07/2026 23:47;03/07/2026 17:56;02/07/2026 23:47;03/07/2026 17:56
20260952;RJ;A4009;00019200000013429116;MultiModal;01/07/2026 01:10;01/07/2026 18:58;01/07/2026 01:10;01/07/2026 18:58
20260953;RJ;A5096;00019200000013208284;MultiModal;02/07/2026 23:47;03/07/2026 17:56;02/07/2026 23:47;03/07/2026 17:56
20260954;RJ;A8965;00019200000013419749;MultiModal;06/07/2026 00:21;06/07/2026 19:00;06/07/2026 00:21;06/07/2026 19:00
20261152;RJ;A3008;00019200000013445693;MultiModal;14/07/2026 00:40;14/07/2026 15:41;14/07/2026 00:40;14/07/2026 15:41
556515;RJ;A5788;00019200000012726516;MultiModal;10/06/2026 11:22;12/06/2026 13:00;-;-
556515;RJ;A9498;00019200000012726524;MultiModal;10/06/2026 11:22;12/06/2026 13:00;-;-
556515;RJ;A7895;00019200000012726532;MultiModal;10/06/2026 11:22;12/06/2026 13:00;-;-
556515;RJ;A7813;00019200000012726559;MultiModal;10/06/2026 11:22;12/06/2026 13:00;-;-
556596;RJ;A4484;00019200000012725218;MultiModal;10/06/2026 12:00;12/06/2026 13:00;-;-
556596;RJ;TA0770;00019200000012725226;MultiModal;10/06/2026 12:00;12/06/2026 13:00;-;-
556596;RJ;TA0192;00019200000012725234;MultiModal;10/06/2026 12:00;12/06/2026 13:00;-;-
556596;RJ;A4604;00019200000012725242;MultiModal;10/06/2026 12:00;12/06/2026 13:00;-;-
556596;RJ;A5247;00019200000012725250;MultiModal;10/06/2026 12:00;12/06/2026 13:00;-;-
556596;RJ;TA0121;00019200000012725269;MultiModal;10/06/2026 12:00;12/06/2026 13:00;-;-
556596;RJ;A8803;00019200000012725277;MultiModal;10/06/2026 12:00;12/06/2026 13:00;-;-
556596;RJ;A3641;00019200000012725285;MultiModal;10/06/2026 12:00;12/06/2026 13:00;-;-
556596;RJ;A6604;00019200000012725293;MultiModal;10/06/2026 12:00;12/06/2026 13:00;-;-
556596;RJ;TA0918;00019200000012725307;MultiModal;10/06/2026 12:00;12/06/2026 13:00;-;-
556596;RJ;TA0456;00019200000012725315;MultiModal;10/06/2026 12:00;12/06/2026 13:00;-;-
556596;RJ;TA0981;00019200000012725323;MultiModal;10/06/2026 12:00;12/06/2026 13:00;-;-
556596;RJ;A3946;00019200000012725340;MultiModal;10/06/2026 12:00;12/06/2026 13:00;-;-
556596;RJ;A0525;00019200000012725358;MultiModal;10/06/2026 12:00;12/06/2026 13:00;-;-
556596;RJ;A1609;00019200000012725366;MultiModal;10/06/2026 12:00;12/06/2026 13:00;-;-
556596;RJ;A8346;00019200000012727547;MultiModal;10/06/2026 12:00;12/06/2026 13:00;-;-
556596;RJ;TA0207;00019200000012727555;MultiModal;10/06/2026 12:00;12/06/2026 13:00;-;-
556596;RJ;A2414;00019200000012727563;MultiModal;10/06/2026 12:00;12/06/2026 13:00;-;-
556596;RJ;TA0679;00019200000012727571;MultiModal;10/06/2026 12:00;12/06/2026 13:00;-;-
556596;RJ;A5038;00019200000012727580;MultiModal;10/06/2026 12:00;12/06/2026 13:00;-;-
556596;RJ;TA0742;00019200000012727598;MultiModal;10/06/2026 12:00;12/06/2026 13:00;-;-
556596;RJ;A5287;00019200000012727601;MultiModal;10/06/2026 12:00;12/06/2026 13:00;-;-
556596;RJ;A2564;00019200000012727610;MultiModal;10/06/2026 12:00;12/06/2026 13:00;-;-
556596;RJ;TA1003;00019200000012727628;MultiModal;10/06/2026 12:00;12/06/2026 13:00;-;-
556596;RJ;A5572;00019200000012727636;MultiModal;10/06/2026 12:00;12/06/2026 13:00;-;-
556596;RJ;A3329;00019200000012727644;MultiModal;10/06/2026 12:00;12/06/2026 13:00;-;-
556596;RJ;A0188;00019200000012727652;MultiModal;10/06/2026 12:00;12/06/2026 13:00;-;-
556596;RJ;A1787;00019200000012727660;MultiModal;10/06/2026 12:00;12/06/2026 13:00;-;-
556596;RJ;TA1248;00019200000012727679;MultiModal;10/06/2026 12:00;12/06/2026 13:00;-;-
556596;RJ;A4186;00019200000012727687;MultiModal;10/06/2026 12:00;12/06/2026 13:00;-;-
556596;RJ;TA0410;00019200000012727695;MultiModal;10/06/2026 12:00;12/06/2026 13:00;-;-
556596;RJ;A4126;00019200000012727709;MultiModal;10/06/2026 12:00;12/06/2026 13:00;-;-
556596;RJ;A3838;00019200000012727717;MultiModal;10/06/2026 12:00;12/06/2026 13:00;-;-
556596;RJ;A4566;00019200000012727725;MultiModal;10/06/2026 12:00;12/06/2026 13:00;-;-
556596;RJ;A2823;00019200000012727733;MultiModal;10/06/2026 12:00;12/06/2026 13:00;-;-
556596;RJ;TA0476;00019200000012727741;MultiModal;10/06/2026 12:00;12/06/2026 13:00;-;-
556596;RJ;TA0367;00019200000012727750;MultiModal;10/06/2026 12:00;12/06/2026 13:00;-;-
556596;RJ;A1177;00019200000012753637;MultiModal;10/06/2026 12:00;12/06/2026 13:00;-;-
556605;RJ;TA1167;00019200000012905607;MultiModal;15/06/2026 04:49;16/06/2026 12:37;15/06/2026 04:49;16/06/2026 12:37
556605;RJ;A9295;00019200000012905615;MultiModal;15/06/2026 04:49;16/06/2026 12:37;15/06/2026 04:49;16/06/2026 12:37
556605;RJ;A3382;00019200000012905623;MultiModal;15/06/2026 04:49;16/06/2026 12:37;15/06/2026 04:49;16/06/2026 12:37
556605;RJ;A6633;00019200000012905631;MultiModal;15/06/2026 04:49;16/06/2026 12:37;15/06/2026 04:49;16/06/2026 12:37
556605;RJ;A8631;00019200000012905640;MultiModal;15/06/2026 04:49;16/06/2026 12:37;15/06/2026 04:49;16/06/2026 12:37
556605;RJ;A9029;00019200000012905682;MultiModal;15/06/2026 04:49;16/06/2026 12:37;15/06/2026 04:49;16/06/2026 12:37
556605;RJ;TA0060;00019200000012905690;MultiModal;15/06/2026 04:49;16/06/2026 12:37;15/06/2026 04:49;16/06/2026 12:37
556605;RJ;A7092;00019200000012905704;MultiModal;15/06/2026 04:49;16/06/2026 12:37;15/06/2026 04:49;16/06/2026 12:37
556605;RJ;TA0369;00019200000012905712;MultiModal;15/06/2026 04:49;16/06/2026 12:37;15/06/2026 04:49;16/06/2026 12:37
556605;RJ;A6461;00019200000012905720;MultiModal;15/06/2026 04:49;16/06/2026 12:37;15/06/2026 04:49;16/06/2026 12:37
556605;RJ;A7511;00019200000012905739;MultiModal;15/06/2026 04:49;16/06/2026 12:37;15/06/2026 04:49;16/06/2026 12:37
556605;RJ;TA0694;00019200000012905747;MultiModal;15/06/2026 04:49;16/06/2026 12:37;15/06/2026 04:49;16/06/2026 12:37
556605;RJ;A2216;00019200000012905755;MultiModal;15/06/2026 04:49;16/06/2026 12:37;15/06/2026 04:49;16/06/2026 12:37
556612;RJ;A7342;00019200000012904538;MultiModal;15/06/2026 04:46;16/06/2026 12:00;15/06/2026 04:46;16/06/2026 12:00
556632;RJ;TA1017;00019200000012685550;MultiModal;15/06/2026 04:49;16/06/2026 11:10;15/06/2026 11:54;16/06/2026 11:10
556632;RJ;A7036;00019200000012685569;MultiModal;15/06/2026 04:49;16/06/2026 11:10;15/06/2026 11:54;16/06/2026 11:10
556632;RJ;A9702;00019200000012685577;MultiModal;15/06/2026 04:49;16/06/2026 11:10;15/06/2026 11:54;16/06/2026 11:10
556632;RJ;TA1043;00019200000012685585;MultiModal;15/06/2026 04:49;16/06/2026 11:10;15/06/2026 11:54;16/06/2026 11:10
556632;RJ;A0239;00019200000012685593;MultiModal;15/06/2026 04:49;16/06/2026 11:10;15/06/2026 11:54;16/06/2026 11:10
556632;RJ;TA0267;00019200000012685607;MultiModal;15/06/2026 04:49;16/06/2026 11:10;15/06/2026 11:54;16/06/2026 11:10
556632;RJ;TA0687;00019200000012685631;MultiModal;15/06/2026 04:49;16/06/2026 11:10;15/06/2026 11:54;16/06/2026 11:10
556632;RJ;A9593;00019200000012685640;MultiModal;15/06/2026 04:49;16/06/2026 11:10;15/06/2026 11:54;16/06/2026 11:10
556632;RJ;A4340;00019200000012685658;MultiModal;15/06/2026 04:49;16/06/2026 11:10;15/06/2026 11:54;16/06/2026 11:10
556632;RJ;A2932;00019200000012685666;MultiModal;15/06/2026 04:49;16/06/2026 11:10;15/06/2026 11:54;16/06/2026 11:10
556632;RJ;A8676;00019200000012685674;MultiModal;15/06/2026 04:49;16/06/2026 11:10;15/06/2026 11:54;16/06/2026 11:10
556632;RJ;A8505;00019200000012685690;MultiModal;15/06/2026 04:49;16/06/2026 11:10;15/06/2026 11:54;16/06/2026 11:10
556632;RJ;TA0978;00019200000012685704;MultiModal;15/06/2026 04:49;16/06/2026 11:10;15/06/2026 11:54;16/06/2026 11:10
556632;RJ;A9334;00019200000012685712;MultiModal;15/06/2026 04:49;16/06/2026 11:10;15/06/2026 11:54;16/06/2026 11:10
556822;RJ;A0810;00019200000012698644;MultiModal;16/06/2026 04:28;17/06/2026 10:40;16/06/2026 04:28;17/06/2026 10:40
556822;RJ;A8171;00019200000012698652;MultiModal;16/06/2026 04:28;17/06/2026 10:40;16/06/2026 04:28;17/06/2026 10:40
556822;RJ;TA0089;00019200000012698660;MultiModal;16/06/2026 04:28;17/06/2026 10:40;16/06/2026 04:28;17/06/2026 10:40
556822;RJ;A8164;00019200000012698687;MultiModal;16/06/2026 04:28;17/06/2026 10:40;16/06/2026 04:28;17/06/2026 10:40
556822;RJ;A6837;00019200000012698695;MultiModal;16/06/2026 04:28;17/06/2026 10:40;16/06/2026 04:28;17/06/2026 10:40
556822;RJ;A0379;00019200000012698717;MultiModal;16/06/2026 04:28;17/06/2026 10:40;16/06/2026 04:28;17/06/2026 10:40
556822;RJ;A5064;00019200000012698725;MultiModal;16/06/2026 04:28;17/06/2026 10:40;16/06/2026 04:30;17/06/2026 10:40
556822;RJ;A9399;00019200000012698733;MultiModal;16/06/2026 04:28;17/06/2026 10:40;16/06/2026 04:30;17/06/2026 10:40
556822;RJ;TA0843;00019200000012698741;MultiModal;16/06/2026 04:28;17/06/2026 10:40;16/06/2026 04:28;17/06/2026 10:40
556822;RJ;TA0289;00019200000012698750;MultiModal;16/06/2026 04:28;17/06/2026 10:40;16/06/2026 04:28;17/06/2026 10:40
556822;RJ;TA0262;00019200000012698768;MultiModal;16/06/2026 04:28;17/06/2026 10:40;16/06/2026 04:30;17/06/2026 10:40
556822;RJ;A3800;00019200000012698776;MultiModal;16/06/2026 04:28;17/06/2026 10:40;16/06/2026 04:30;17/06/2026 10:40
556822;RJ;A4806;00019200000012698784;MultiModal;16/06/2026 04:28;17/06/2026 10:40;16/06/2026 04:28;17/06/2026 10:40
556822;RJ;TA0097;00019200000012698792;MultiModal;16/06/2026 04:28;17/06/2026 10:40;16/06/2026 04:28;17/06/2026 10:40
556822;RJ;A6446;00019200000012698806;MultiModal;16/06/2026 04:28;17/06/2026 10:40;16/06/2026 04:28;17/06/2026 10:40
556822;RJ;A8133;00019200000012698814;MultiModal;16/06/2026 04:28;17/06/2026 10:40;16/06/2026 04:30;17/06/2026 10:40
556822;RJ;A9273;00019200000012698822;MultiModal;16/06/2026 04:28;17/06/2026 10:40;16/06/2026 04:30;17/06/2026 10:40
556822;RJ;A7910;00019200000012698830;MultiModal;16/06/2026 04:28;17/06/2026 10:40;16/06/2026 04:28;17/06/2026 10:40
556822;RJ;A3721;00019200000012698849;MultiModal;16/06/2026 04:28;17/06/2026 10:40;16/06/2026 04:30;17/06/2026 10:40
556822;RJ;TA0061;00019200000012698857;MultiModal;16/06/2026 04:28;17/06/2026 10:40;16/06/2026 04:30;17/06/2026 10:40
556822;RJ;A6560;00019200000012700401;MultiModal;16/06/2026 04:28;17/06/2026 10:40;16/06/2026 04:28;17/06/2026 10:40
556822;RJ;A7861;00019200000012700410;MultiModal;16/06/2026 04:28;17/06/2026 10:40;16/06/2026 04:30;17/06/2026 10:40
556822;RJ;TA0931;00019200000012700428;MultiModal;16/06/2026 04:28;17/06/2026 10:40;16/06/2026 04:30;17/06/2026 10:40
556822;RJ;A7526;00019200000012700436;MultiModal;16/06/2026 04:28;17/06/2026 10:40;16/06/2026 04:30;17/06/2026 10:40
556822;RJ;A6053;00019200000012700444;MultiModal;16/06/2026 04:28;17/06/2026 10:40;16/06/2026 04:30;17/06/2026 10:40
556822;RJ;TA0576;00019200000012700452;MultiModal;16/06/2026 04:28;17/06/2026 10:40;16/06/2026 04:30;17/06/2026 10:40
556822;RJ;A2651;00019200000012700460;MultiModal;16/06/2026 04:28;17/06/2026 10:40;16/06/2026 04:30;17/06/2026 10:40
556822;RJ;TA0043;00019200000012700479;MultiModal;16/06/2026 04:28;17/06/2026 10:40;16/06/2026 04:30;17/06/2026 10:40
556822;RJ;A5675;00019200000012700568;MultiModal;16/06/2026 04:28;17/06/2026 10:40;16/06/2026 04:30;17/06/2026 10:40
556822;RJ;TA0418;00019200000012700576;MultiModal;16/06/2026 04:28;17/06/2026 10:40;16/06/2026 04:28;17/06/2026 10:40
556822;RJ;A3015;00019200000012700584;MultiModal;16/06/2026 04:28;17/06/2026 10:40;16/06/2026 04:28;17/06/2026 10:40
556822;RJ;TA1047;00019200000012700592;MultiModal;16/06/2026 04:28;17/06/2026 10:40;16/06/2026 04:28;17/06/2026 10:40
556822;RJ;TA0887;00019200000012700606;MultiModal;16/06/2026 04:28;17/06/2026 10:40;16/06/2026 04:28;17/06/2026 10:40
556822;RJ;TA0885;00019200000012700614;MultiModal;16/06/2026 04:28;17/06/2026 10:40;16/06/2026 04:28;17/06/2026 10:40
556822;RJ;A6835;00019200000012700622;MultiModal;16/06/2026 04:28;17/06/2026 10:40;16/06/2026 04:28;17/06/2026 10:40
556822;RJ;A6225;00019200000012700630;MultiModal;16/06/2026 04:28;17/06/2026 10:40;16/06/2026 04:28;17/06/2026 10:40
556822;RJ;A7827;00019200000012700657;MultiModal;16/06/2026 04:28;17/06/2026 10:40;16/06/2026 04:28;17/06/2026 10:40
556822;RJ;A7019;00019200000012700665;MultiModal;16/06/2026 04:28;17/06/2026 10:40;16/06/2026 04:28;17/06/2026 10:40
556822;RJ;A4777;00019200000012700673;MultiModal;16/06/2026 04:28;17/06/2026 10:40;16/06/2026 04:28;17/06/2026 10:40
556822;RJ;A7656;00019200000012700681;MultiModal;16/06/2026 04:28;17/06/2026 10:40;16/06/2026 04:28;17/06/2026 10:40
556822;RJ;A7486;00019200000012700690;MultiModal;16/06/2026 04:28;17/06/2026 10:40;16/06/2026 04:28;17/06/2026 10:40
556822;RJ;A7650;00019200000012700703;MultiModal;16/06/2026 04:28;17/06/2026 10:40;16/06/2026 04:28;17/06/2026 10:40
556822;RJ;A8217;00019200000012700711;MultiModal;16/06/2026 04:28;17/06/2026 10:40;16/06/2026 04:28;17/06/2026 10:40
556822;RJ;TA0383;00019200000012700720;MultiModal;16/06/2026 04:28;17/06/2026 10:40;16/06/2026 04:28;17/06/2026 10:40
556822;RJ;A1077;00019200000012700738;MultiModal;16/06/2026 04:28;17/06/2026 10:40;16/06/2026 04:28;17/06/2026 10:40
556822;RJ;A4698;00019200000012700746;MultiModal;16/06/2026 04:28;17/06/2026 10:40;16/06/2026 04:28;17/06/2026 10:40
556822;RJ;A2907;00019200000012700754;MultiModal;16/06/2026 04:28;17/06/2026 10:40;16/06/2026 04:28;17/06/2026 10:40
556822;RJ;A6970;00019200000012700762;MultiModal;16/06/2026 04:28;17/06/2026 10:40;16/06/2026 04:28;17/06/2026 10:40
556822;RJ;A3424;00019200000012700770;MultiModal;16/06/2026 04:28;17/06/2026 10:40;16/06/2026 04:28;17/06/2026 10:40
556822;RJ;A1646;00019200000012700789;MultiModal;16/06/2026 04:28;17/06/2026 10:40;16/06/2026 04:28;17/06/2026 10:40
556822;RJ;A7695;00019200000012700797;MultiModal;16/06/2026 04:28;17/06/2026 10:40;16/06/2026 04:28;17/06/2026 10:40
556822;RJ;A9020;00019200000012700800;MultiModal;16/06/2026 04:28;17/06/2026 10:40;16/06/2026 04:28;17/06/2026 10:40
556822;RJ;A9532;00019200000012700819;MultiModal;16/06/2026 04:28;17/06/2026 10:40;16/06/2026 04:28;17/06/2026 10:40
556865;RJ;A5648;00019200000012904465;MultiModal;10/06/2026 11:23;15/06/2026 15:46;-;-
556865;RJ;TA0241;00019200000012904481;MultiModal;10/06/2026 11:23;15/06/2026 15:46;-;-
556956;RJ;TA0187;00019200000012906603;MultiModal;10/06/2026 10:19;15/06/2026 17:00;-;-
556956;RJ;A7682;00019200000012906611;MultiModal;10/06/2026 10:19;15/06/2026 17:00;-;-
556956;RJ;A7166;00019200000012906620;MultiModal;10/06/2026 10:19;15/06/2026 17:00;-;-
556956;RJ;TA0195;00019200000012906638;MultiModal;10/06/2026 10:19;15/06/2026 17:00;-;-
556956;RJ;TA0113;00019200000012906719;MultiModal;10/06/2026 10:19;15/06/2026 17:00;-;-
556956;RJ;A4253;00019200000012906760;MultiModal;10/06/2026 10:19;15/06/2026 17:00;-;-
556956;RJ;A8185;00019200000012906778;MultiModal;10/06/2026 10:19;15/06/2026 17:00;-;-
557112;RJ;A1464;00019200000013243055;MultiModal;22/06/2026 05:49;23/06/2026 17:00;22/06/2026 05:49;23/06/2026 17:00
557112;RJ;A3689;00019200000013243063;MultiModal;22/06/2026 05:49;23/06/2026 17:00;22/06/2026 05:49;23/06/2026 17:00
557112;RJ;A0981;00019200000013243071;MultiModal;22/06/2026 05:49;23/06/2026 17:00;22/06/2026 05:49;23/06/2026 17:00
557112;RJ;A4425;00019200000013243080;MultiModal;22/06/2026 05:49;23/06/2026 17:00;22/06/2026 05:49;23/06/2026 17:00
557135;RJ;A4590;00019200000012684430;MultiModal;15/06/2026 07:08;16/06/2026 11:10;15/06/2026 07:08;16/06/2026 11:10
557273;RJ;A9671;00019200000013206028;MultiModal;24/06/2026 08:04;-;24/06/2026 08:04;-
557273;RJ;A3015;00019200000013206036;MultiModal;24/06/2026 08:04;-;24/06/2026 08:04;-
557273;RJ;A8191;00019200000013206044;MultiModal;24/06/2026 08:04;-;24/06/2026 08:04;-
557273;RJ;A1427;00019200000013206052;MultiModal;24/06/2026 08:04;-;24/06/2026 08:04;-
557273;RJ;A8171;00019200000013206060;MultiModal;24/06/2026 08:04;-;24/06/2026 08:04;-
557273;RJ;A4617;00019200000013206079;MultiModal;24/06/2026 08:04;-;24/06/2026 08:04;-
557273;RJ;A3154;00019200000013206087;MultiModal;24/06/2026 08:04;-;24/06/2026 08:04;-
557273;RJ;A2564;00019200000013206095;MultiModal;24/06/2026 08:04;-;24/06/2026 08:04;-
557273;RJ;A2768;00019200000013206125;MultiModal;24/06/2026 08:04;-;24/06/2026 08:04;-
557273;RJ;A2103;00019200000013206133;MultiModal;24/06/2026 08:04;-;24/06/2026 08:04;-
557273;RJ;A0638;00019200000013206141;MultiModal;24/06/2026 08:04;-;24/06/2026 08:04;-
557273;RJ;A3631;00019200000013206150;MultiModal;24/06/2026 08:04;-;24/06/2026 08:04;-
557273;RJ;TA0936;00019200000013206168;MultiModal;24/06/2026 08:04;-;24/06/2026 08:04;-
557273;RJ;A3105;00019200000013206176;MultiModal;24/06/2026 08:04;-;24/06/2026 08:04;-
557277;RJ;A9321;00019200000013242571;MultiModal;18/06/2026 22:55;20/06/2026 11:00;18/06/2026 22:55;20/06/2026 11:00
557292;RJ;A9342;00019200000013326112;MultiModal;19/07/2026 03:50;-;19/07/2026 03:50;-
557292;RJ;A3486;00019200000013326139;MultiModal;19/07/2026 03:50;-;19/07/2026 03:50;-
557292;RJ;A8133;00019200000013326155;MultiModal;19/07/2026 03:50;-;19/07/2026 03:50;-
557292;RJ;A8357;00019200000013326163;MultiModal;19/07/2026 03:50;-;19/07/2026 03:50;-
557292;RJ;TA0257;00019200000013326171;MultiModal;19/07/2026 03:50;-;19/07/2026 03:50;-
557292;RJ;A7544;00019200000013326180;MultiModal;19/07/2026 03:50;-;19/07/2026 03:50;-
557292;RJ;A5777;00019200000013326198;MultiModal;19/07/2026 03:50;-;19/07/2026 03:50;-
557292;RJ;A8456;00019200000013326201;MultiModal;19/07/2026 03:50;-;19/07/2026 03:50;-
557292;RJ;A6628;00019200000013326210;MultiModal;19/07/2026 03:50;-;19/07/2026 03:50;-
557292;RJ;A4391;00019200000013326228;MultiModal;19/07/2026 03:50;-;19/07/2026 03:50;-
557337;RJ;A9581;00019200000012696234;MultiModal;17/06/2026 00:06;18/06/2026 11:53;17/06/2026 00:06;18/06/2026 11:53
557425;RJ;A9268;00019200000012654981;MultiModal;11/06/2026 23:27;13/06/2026 11:00;-;-
557425;RJ;TA0361;00019200000012704342;MultiModal;11/06/2026 23:27;13/06/2026 11:00;-;-
557551;RJ;A9309;00019200000013211765;MultiModal;17/06/2026 00:05;18/06/2026 11:40;17/06/2026 00:05;18/06/2026 11:40
557551;RJ;TA0544;00019200000013211773;MultiModal;17/06/2026 00:05;18/06/2026 11:40;17/06/2026 00:05;18/06/2026 11:40
557720;RJ;A7107;00019200000012927651;MultiModal;17/06/2026 03:53;18/06/2026 11:40;17/06/2026 03:53;18/06/2026 11:40
558046;RJ;TA0458;00019200000012926230;MultiModal;18/06/2026 04:19;19/06/2026 13:54;18/06/2026 04:19;19/06/2026 13:54
558080;RJ;S1687;00019200000012922552;MultiModal;18/06/2026 03:30;19/06/2026 11:10;18/06/2026 03:30;19/06/2026 11:10
558658;RJ;TA1143;00019200000013235761;MultiModal;23/06/2026 06:35;24/06/2026 16:40;23/06/2026 06:35;24/06/2026 16:40
558658;RJ;TA1079;00019200000013336983;MultiModal;23/06/2026 06:35;24/06/2026 16:40;23/06/2026 06:35;24/06/2026 16:40
558747;RJ;A3889;00019200000013316621;MultiModal;24/06/2026 04:59;25/06/2026 13:00;24/06/2026 04:59;25/06/2026 13:00
558855;RJ;A6628;00019200000013316508;MultiModal;24/06/2026 08:08;26/06/2026 16:50;24/06/2026 08:08;26/06/2026 16:50
558856;RJ;A6053;00019200000013316540;MultiModal;24/06/2026 08:07;26/06/2026 16:17;24/06/2026 08:07;26/06/2026 16:17
558947;RJ;A1340;00019200000013407368;MultiModal;08/07/2026 04:21;09/07/2026 16:50;08/07/2026 04:21;09/07/2026 16:50
558972;RJ;A4441;00019200000013316559;MultiModal;24/06/2026 08:05;26/06/2026 13:52;24/06/2026 08:05;26/06/2026 13:52
559052;RJ;A8749;00019200000013316605;MultiModal;24/06/2026 05:00;25/06/2026 13:24;24/06/2026 05:00;25/06/2026 13:24
559078;RJ;A6726;00019200000013325981;MultiModal;24/06/2026 00:16;25/06/2026 14:30;-;-
559079;RJ;TA0522;00019200000013329499;MultiModal;29/06/2026 05:34;30/06/2026 14:27;29/06/2026 05:34;30/06/2026 14:27
559083;RJ;A2924;00019200000013315838;MultiModal;25/06/2026 01:04;26/06/2026 15:54;25/06/2026 01:04;26/06/2026 15:54
559083;RJ;A4490;00019200000013315846;MultiModal;25/06/2026 01:04;26/06/2026 15:54;25/06/2026 01:04;26/06/2026 15:54
559442;RJ;TA0598;00019200000013202251;MultiModal;30/06/2026 04:33;01/07/2026 13:00;30/06/2026 04:33;01/07/2026 13:00
559442;RJ;TA0262;00019200000013202260;MultiModal;30/06/2026 04:33;01/07/2026 13:00;30/06/2026 04:33;01/07/2026 13:00
559442;RJ;A7091;00019200000013202278;MultiModal;30/06/2026 04:33;01/07/2026 13:00;30/06/2026 04:33;01/07/2026 13:00
559482;RJ;A5946;00019200000013247590;MultiModal;30/06/2026 04:33;01/07/2026 13:40;30/06/2026 04:33;01/07/2026 13:40
559644;RJ;A6078;00019200000013428187;MultiModal;02/07/2026 04:05;03/07/2026 10:20;02/07/2026 04:05;03/07/2026 10:20
559684;RJ;A8991;00019200000013429108;MultiModal;01/07/2026 01:10;02/07/2026 11:15;01/07/2026 01:10;02/07/2026 11:15
559729;RJ;TA0682;00019200000013423037;MultiModal;02/07/2026 23:46;06/07/2026 14:00;02/07/2026 23:46;06/07/2026 14:00
559866;RJ;A4935;00019200000013421271;MultiModal;06/07/2026 03:35;07/07/2026 16:00;06/07/2026 03:35;07/07/2026 16:00
560041;RJ;A9141;00019200000013408631;MultiModal;08/07/2026 09:58;09/07/2026 15:20;08/07/2026 09:58;09/07/2026 15:20
555028;RN;A6889;00019200000012732729;MultiModal;13/06/2026 12:58;16/06/2026 18:01;13/06/2026 12:58;16/06/2026 18:01
555028;RN;A9605;00019200000012732737;MultiModal;13/06/2026 12:58;16/06/2026 18:01;13/06/2026 12:58;16/06/2026 18:01
555028;RN;A9292;00019200000012732745;MultiModal;13/06/2026 12:58;16/06/2026 18:01;13/06/2026 12:58;16/06/2026 18:01
555028;RN;A3171;00019200000012732753;MultiModal;13/06/2026 12:58;16/06/2026 18:01;13/06/2026 12:58;16/06/2026 18:01
555028;RN;TA0541;00019200000012732761;MultiModal;13/06/2026 12:58;16/06/2026 18:01;13/06/2026 12:58;16/06/2026 18:01
555028;RN;A3096;00019200000012732770;MultiModal;13/06/2026 12:58;16/06/2026 18:01;13/06/2026 12:58;16/06/2026 18:01
556517;RN;A3613;00019200000012654388;MultiModal;11/06/2026 05:02;15/06/2026 10:00;-;-
556517;RN;A1824;00019200000012654396;MultiModal;11/06/2026 05:02;15/06/2026 10:00;-;-
556575;RN;A5152;00019200000012658790;MultiModal;11/06/2026 04:38;15/06/2026 10:00;-;-
556594;RN;A3976;00019200000012658189;MultiModal;13/06/2026 14:13;15/06/2026 15:00;13/06/2026 14:13;15/06/2026 15:00
556594;RN;A5097;00019200000012658197;MultiModal;13/06/2026 14:13;15/06/2026 15:00;13/06/2026 14:13;15/06/2026 15:00
556594;RN;A5327;00019200000012658200;MultiModal;13/06/2026 14:13;15/06/2026 15:00;13/06/2026 14:13;15/06/2026 15:00
556594;RN;A7072;00019200000012658219;MultiModal;13/06/2026 14:13;15/06/2026 15:00;13/06/2026 14:13;15/06/2026 15:00
556594;RN;A3625;00019200000012658227;MultiModal;13/06/2026 14:13;15/06/2026 15:00;13/06/2026 14:13;15/06/2026 15:00
556594;RN;A5099;00019200000012658235;MultiModal;13/06/2026 14:13;15/06/2026 15:00;13/06/2026 14:13;15/06/2026 15:00
556594;RN;A6706;00019200000012658243;MultiModal;13/06/2026 14:13;15/06/2026 15:00;13/06/2026 14:13;15/06/2026 15:00
556594;RN;A0979;00019200000012658251;MultiModal;13/06/2026 14:13;15/06/2026 15:00;13/06/2026 14:13;15/06/2026 15:00
556594;RN;A4935;00019200000012658260;MultiModal;13/06/2026 14:13;15/06/2026 15:00;13/06/2026 14:13;15/06/2026 15:00
556594;RN;TA0042;00019200000012658286;MultiModal;13/06/2026 14:13;15/06/2026 15:00;13/06/2026 14:13;15/06/2026 15:00
556594;RN;A3553;00019200000012658294;MultiModal;13/06/2026 14:13;15/06/2026 15:00;13/06/2026 14:13;15/06/2026 15:00
556594;RN;TA0784;00019200000012658308;MultiModal;13/06/2026 14:13;15/06/2026 15:00;13/06/2026 14:13;15/06/2026 15:00
556594;RN;A7805;00019200000012658316;MultiModal;13/06/2026 14:13;15/06/2026 15:00;13/06/2026 14:13;15/06/2026 15:00
556594;RN;A6525;00019200000012658324;MultiModal;13/06/2026 14:13;15/06/2026 15:00;13/06/2026 14:13;15/06/2026 15:00
556667;RN;TA0057;00019200000012657271;MultiModal;11/06/2026 05:25;12/06/2026 14:00;-;-
556667;RN;A0312;00019200000012657280;MultiModal;11/06/2026 05:25;12/06/2026 14:00;-;-
556667;RN;A5380;00019200000012657298;MultiModal;11/06/2026 05:25;12/06/2026 14:00;-;-
556667;RN;A5096;00019200000012702986;MultiModal;11/06/2026 05:25;12/06/2026 14:00;-;-
556713;RN;A4309;00019200000012698709;MultiModal;20/06/2026 22:30;22/06/2026 16:00;20/06/2026 22:30;22/06/2026 16:00
556752;RN;A4200;00019200000012659037;MultiModal;13/06/2026 12:59;16/06/2026 14:50;13/06/2026 12:59;16/06/2026 14:50
556752;RN;A4642;00019200000012659045;MultiModal;13/06/2026 12:59;16/06/2026 14:50;13/06/2026 12:59;16/06/2026 14:50
556752;RN;A2986;00019200000012659053;MultiModal;13/06/2026 12:59;16/06/2026 14:50;13/06/2026 12:59;16/06/2026 14:50
556752;RN;A5057;00019200000012659061;MultiModal;13/06/2026 12:59;16/06/2026 14:50;13/06/2026 12:59;16/06/2026 14:50
556752;RN;TA0349;00019200000012659070;MultiModal;13/06/2026 12:59;16/06/2026 14:50;13/06/2026 12:59;16/06/2026 14:50
556752;RN;A0137;00019200000012659088;MultiModal;13/06/2026 12:59;16/06/2026 14:50;13/06/2026 12:59;16/06/2026 14:50
556752;RN;A4443;00019200000012659096;MultiModal;13/06/2026 12:59;16/06/2026 14:50;13/06/2026 12:59;16/06/2026 14:50
556752;RN;A3614;00019200000012659100;MultiModal;13/06/2026 12:59;16/06/2026 14:50;13/06/2026 12:59;16/06/2026 14:50
556752;RN;A2487;00019200000012659118;MultiModal;13/06/2026 12:59;16/06/2026 14:50;13/06/2026 12:59;16/06/2026 14:50
556752;RN;A7529;00019200000012659126;MultiModal;13/06/2026 12:59;16/06/2026 14:50;13/06/2026 12:59;16/06/2026 14:50
556752;RN;TA0432;00019200000012659134;MultiModal;13/06/2026 12:59;16/06/2026 14:50;13/06/2026 12:59;16/06/2026 14:50
556752;RN;A7289;00019200000012659525;MultiModal;13/06/2026 12:59;16/06/2026 14:50;13/06/2026 12:59;16/06/2026 14:50
556752;RN;A3065;00019200000012659533;MultiModal;13/06/2026 12:59;16/06/2026 14:50;13/06/2026 12:59;16/06/2026 14:50
556752;RN;A9367;00019200000012659541;MultiModal;13/06/2026 12:59;16/06/2026 14:50;13/06/2026 12:59;16/06/2026 14:50
556752;RN;A6301;00019200000012659550;MultiModal;13/06/2026 12:59;16/06/2026 14:50;13/06/2026 12:59;16/06/2026 14:50
556752;RN;A4457;00019200000012659568;MultiModal;13/06/2026 12:59;16/06/2026 14:50;13/06/2026 12:59;16/06/2026 14:50
556752;RN;A8823;00019200000012659576;MultiModal;13/06/2026 12:59;16/06/2026 14:50;13/06/2026 12:59;16/06/2026 14:50
556752;RN;A8599;00019200000012659584;MultiModal;13/06/2026 12:59;16/06/2026 14:50;13/06/2026 12:59;16/06/2026 14:50
556752;RN;A5684;00019200000012659630;MultiModal;13/06/2026 12:59;16/06/2026 14:50;13/06/2026 12:59;16/06/2026 14:50
556752;RN;A3434;00019200000012659649;MultiModal;13/06/2026 12:59;16/06/2026 14:50;13/06/2026 12:59;16/06/2026 14:50
556832;RN;A7179;00019200000012703532;MultiModal;15/06/2026 04:50;16/06/2026 17:59;15/06/2026 04:50;16/06/2026 17:59
556832;RN;A4562;00019200000012703559;MultiModal;15/06/2026 04:50;16/06/2026 17:59;15/06/2026 04:50;16/06/2026 17:59
556832;RN;TA0448;00019200000012703567;MultiModal;15/06/2026 04:50;16/06/2026 17:59;15/06/2026 04:50;16/06/2026 17:59
556832;RN;TA0886;00019200000012703575;MultiModal;15/06/2026 04:50;16/06/2026 17:59;15/06/2026 04:50;16/06/2026 17:59
556832;RN;A0930;00019200000012703583;MultiModal;15/06/2026 04:50;16/06/2026 17:59;15/06/2026 04:50;16/06/2026 17:59
556832;RN;A5522;00019200000012703591;MultiModal;15/06/2026 04:50;16/06/2026 17:59;15/06/2026 04:50;16/06/2026 17:59
556832;RN;TA1028;00019200000012703605;MultiModal;15/06/2026 04:50;16/06/2026 17:59;15/06/2026 04:50;16/06/2026 17:59
556832;RN;TA0833;00019200000012703613;MultiModal;15/06/2026 04:50;16/06/2026 17:59;15/06/2026 04:50;16/06/2026 17:59
556832;RN;A0764;00019200000012703621;MultiModal;15/06/2026 04:50;16/06/2026 17:59;15/06/2026 04:50;16/06/2026 17:59
556832;RN;TA0895;00019200000012703630;MultiModal;15/06/2026 04:50;16/06/2026 17:59;15/06/2026 04:50;16/06/2026 17:59
556832;RN;A8433;00019200000012703648;MultiModal;15/06/2026 04:50;16/06/2026 17:59;15/06/2026 04:50;16/06/2026 17:59
556832;RN;A8948;00019200000012703656;MultiModal;15/06/2026 04:50;16/06/2026 17:59;15/06/2026 04:50;16/06/2026 17:59
556832;RN;A8927;00019200000012703974;MultiModal;15/06/2026 04:50;16/06/2026 17:59;15/06/2026 04:50;16/06/2026 17:59
556832;RN;TA0196;00019200000012703982;MultiModal;15/06/2026 04:50;16/06/2026 17:59;15/06/2026 04:50;16/06/2026 17:59
556832;RN;A1683;00019200000012705195;MultiModal;15/06/2026 04:50;16/06/2026 17:59;15/06/2026 04:50;16/06/2026 17:59
556832;RN;A4265;00019200000012705209;MultiModal;15/06/2026 04:50;16/06/2026 17:59;15/06/2026 04:50;16/06/2026 17:59
556832;RN;A2619;00019200000012705217;MultiModal;15/06/2026 04:50;16/06/2026 17:59;15/06/2026 04:50;16/06/2026 17:59
556832;RN;A6785;00019200000012705225;MultiModal;15/06/2026 04:50;16/06/2026 17:59;15/06/2026 04:50;16/06/2026 17:59
556832;RN;A0014;00019200000012705233;MultiModal;15/06/2026 04:50;16/06/2026 17:59;15/06/2026 04:50;16/06/2026 17:59
556832;RN;A4284;00019200000012705241;MultiModal;15/06/2026 04:50;16/06/2026 17:59;15/06/2026 04:50;16/06/2026 17:59
556832;RN;A3610;00019200000012705268;MultiModal;15/06/2026 04:50;16/06/2026 17:59;15/06/2026 04:50;16/06/2026 17:59
556832;RN;A6526;00019200000012705276;MultiModal;15/06/2026 04:50;16/06/2026 17:59;15/06/2026 04:50;16/06/2026 17:59
556832;RN;A9503;00019200000012705284;MultiModal;15/06/2026 04:50;16/06/2026 17:59;15/06/2026 04:50;16/06/2026 17:59
556832;RN;A8079;00019200000012705292;MultiModal;15/06/2026 04:50;16/06/2026 17:59;15/06/2026 04:50;16/06/2026 17:59
556832;RN;TA0003;00019200000012705306;MultiModal;15/06/2026 04:50;16/06/2026 17:59;15/06/2026 04:50;16/06/2026 17:59
556832;RN;A6391;00019200000012705314;MultiModal;15/06/2026 04:50;16/06/2026 17:59;15/06/2026 04:50;16/06/2026 17:59
556832;RN;TA0143;00019200000012705322;MultiModal;15/06/2026 04:50;16/06/2026 17:59;15/06/2026 04:50;16/06/2026 17:59
556832;RN;A5098;00019200000012705330;MultiModal;15/06/2026 04:50;16/06/2026 17:59;15/06/2026 04:50;16/06/2026 17:59
556832;RN;A3896;00019200000012705349;MultiModal;15/06/2026 04:50;16/06/2026 17:59;15/06/2026 04:50;16/06/2026 17:59
556832;RN;A6385;00019200000012705357;MultiModal;15/06/2026 04:50;16/06/2026 17:59;15/06/2026 04:50;16/06/2026 17:59
556957;RN;TA0055;00019200000012907049;MultiModal;11/06/2026 04:38;15/06/2026 10:00;-;-
556957;RN;A5033;00019200000012907065;MultiModal;11/06/2026 04:38;15/06/2026 10:00;-;-
556957;RN;A5103;00019200000012907081;MultiModal;11/06/2026 04:38;15/06/2026 10:00;-;-
557275;RN;A8517;00019200000013325450;MultiModal;08/07/2026 04:30;13/07/2026 14:00;08/07/2026 04:30;09/07/2026 16:43
557275;RN;A0773;00019200000013325469;MultiModal;08/07/2026 04:30;13/07/2026 14:00;08/07/2026 04:30;09/07/2026 16:43
557275;RN;A7298;00019200000013325477;MultiModal;08/07/2026 04:30;13/07/2026 14:00;08/07/2026 04:30;09/07/2026 16:43
557275;RN;A3689;00019200000013325485;MultiModal;08/07/2026 04:30;13/07/2026 14:00;08/07/2026 04:30;09/07/2026 16:43
557275;RN;A3126;00019200000013325493;MultiModal;08/07/2026 04:30;13/07/2026 14:00;08/07/2026 04:30;09/07/2026 16:43
557275;RN;A6078;00019200000013325507;MultiModal;08/07/2026 04:30;13/07/2026 14:00;08/07/2026 04:30;09/07/2026 16:43
557275;RN;A6429;00019200000013325515;MultiModal;08/07/2026 04:30;13/07/2026 14:00;09/07/2026 02:20;13/07/2026 14:00
557275;RN;A8763;00019200000013325523;MultiModal;08/07/2026 04:30;13/07/2026 14:00;09/07/2026 02:20;13/07/2026 14:00
557275;RN;A9583;00019200000013325531;MultiModal;08/07/2026 04:30;13/07/2026 14:00;09/07/2026 02:20;13/07/2026 14:00
557275;RN;A5601;00019200000013325540;MultiModal;08/07/2026 04:30;13/07/2026 14:00;09/07/2026 02:20;13/07/2026 14:00
557275;RN;A9426;00019200000013325558;MultiModal;08/07/2026 04:30;13/07/2026 14:00;09/07/2026 02:20;13/07/2026 14:00
557275;RN;A8460;00019200000013325566;MultiModal;08/07/2026 04:30;13/07/2026 14:00;09/07/2026 02:20;13/07/2026 14:00
557275;RN;A4776;00019200000013325574;MultiModal;08/07/2026 04:30;13/07/2026 14:00;09/07/2026 02:20;13/07/2026 14:00
557275;RN;A8871;00019200000013325582;MultiModal;08/07/2026 04:30;13/07/2026 14:00;09/07/2026 02:20;13/07/2026 14:00
557275;RN;A9408;00019200000013325779;MultiModal;08/07/2026 04:30;13/07/2026 14:00;08/07/2026 04:30;09/07/2026 16:43
557275;RN;A2175;00019200000013325825;MultiModal;08/07/2026 04:30;13/07/2026 14:00;09/07/2026 02:20;13/07/2026 14:00
557275;RN;A7279;00019200000013325833;MultiModal;08/07/2026 04:30;13/07/2026 14:00;08/07/2026 04:30;09/07/2026 16:43
557275;RN;A8428;00019200000013325841;MultiModal;08/07/2026 04:30;13/07/2026 14:00;08/07/2026 04:30;09/07/2026 16:43
557275;RN;A0764;00019200000013325850;MultiModal;08/07/2026 04:30;13/07/2026 14:00;09/07/2026 02:20;13/07/2026 14:00
557275;RN;A1539;00019200000013325868;MultiModal;08/07/2026 04:30;13/07/2026 14:00;08/07/2026 04:30;09/07/2026 16:43
557275;RN;A2785;00019200000013325876;MultiModal;08/07/2026 04:30;13/07/2026 14:00;09/07/2026 02:20;13/07/2026 14:00
557275;RN;A5289;00019200000013325884;MultiModal;08/07/2026 04:30;13/07/2026 14:00;08/07/2026 04:30;09/07/2026 16:43
557275;RN;A6890;00019200000013325892;MultiModal;08/07/2026 04:30;13/07/2026 14:00;09/07/2026 02:20;13/07/2026 14:00
557275;RN;A9438;00019200000013325906;MultiModal;08/07/2026 04:30;13/07/2026 14:00;09/07/2026 02:20;13/07/2026 14:00
557275;RN;A8285;00019200000013325914;MultiModal;08/07/2026 04:30;13/07/2026 14:00;08/07/2026 04:30;09/07/2026 16:43
557275;RN;A3838;00019200000013325922;MultiModal;08/07/2026 04:30;13/07/2026 14:00;09/07/2026 02:20;13/07/2026 14:00
557275;RN;A7019;00019200000013325930;MultiModal;08/07/2026 04:30;13/07/2026 14:00;09/07/2026 02:20;13/07/2026 14:00
557275;RN;A4039;00019200000013325949;MultiModal;08/07/2026 04:30;13/07/2026 14:00;09/07/2026 02:20;13/07/2026 14:00
557275;RN;A3080;00019200000013325957;MultiModal;08/07/2026 04:30;13/07/2026 14:00;09/07/2026 02:20;13/07/2026 14:00
557275;RN;A8541;00019200000013325965;MultiModal;08/07/2026 04:30;13/07/2026 14:00;09/07/2026 02:20;13/07/2026 14:00
557275;RN;A6662;00019200000013325973;MultiModal;08/07/2026 04:30;13/07/2026 14:00;09/07/2026 02:20;13/07/2026 14:00
557275;RN;A3854;00019200000013326252;MultiModal;08/07/2026 04:30;13/07/2026 14:00;08/07/2026 04:30;09/07/2026 16:43
557275;RN;A4447;00019200000013326260;MultiModal;08/07/2026 04:30;13/07/2026 14:00;08/07/2026 04:30;09/07/2026 16:43
557275;RN;A3713;00019200000013326279;MultiModal;08/07/2026 04:30;13/07/2026 14:00;08/07/2026 04:30;09/07/2026 16:43
557275;RN;A3865;00019200000013326287;MultiModal;08/07/2026 04:30;13/07/2026 14:00;08/07/2026 04:30;09/07/2026 16:43
557275;RN;A2435;00019200000013326295;MultiModal;08/07/2026 04:30;13/07/2026 14:00;08/07/2026 04:30;09/07/2026 16:43
557275;RN;A9295;00019200000013326309;MultiModal;08/07/2026 04:30;13/07/2026 14:00;08/07/2026 04:30;09/07/2026 16:43
557275;RN;A3221;00019200000013326317;MultiModal;08/07/2026 04:30;13/07/2026 14:00;08/07/2026 04:30;09/07/2026 16:43
557275;RN;A2910;00019200000013326325;MultiModal;08/07/2026 04:30;13/07/2026 14:00;08/07/2026 04:30;09/07/2026 16:43
557778;RN;A9140;00019200000013324403;MultiModal;23/06/2026 04:09;24/06/2026 15:27;23/06/2026 04:09;24/06/2026 15:27
557778;RN;A9363;00019200000013324411;MultiModal;23/06/2026 04:09;24/06/2026 15:27;23/06/2026 04:09;24/06/2026 15:27
557778;RN;A2915;00019200000013324420;MultiModal;23/06/2026 04:09;24/06/2026 15:27;23/06/2026 04:09;24/06/2026 15:27
557962;RN;A9314;00019200000013254464;MultiModal;06/07/2026 03:34;07/07/2026 15:00;06/07/2026 03:34;07/07/2026 15:00
557962;RN;A6516;00019200000013254472;MultiModal;06/07/2026 03:34;07/07/2026 15:00;06/07/2026 03:34;07/07/2026 15:00
557963;RN;A8742;00019200000013317474;MultiModal;29/06/2026 05:23;30/06/2026 14:00;29/06/2026 05:23;30/06/2026 14:00
557963;RN;A8018;00019200000013317482;MultiModal;29/06/2026 05:23;30/06/2026 14:00;29/06/2026 05:23;30/06/2026 14:00
557963;RN;A7341;00019200000013317784;MultiModal;29/06/2026 05:23;30/06/2026 14:00;29/06/2026 05:23;30/06/2026 14:00
557963;RN;A6318;00019200000013317792;MultiModal;29/06/2026 05:23;30/06/2026 14:00;29/06/2026 05:23;30/06/2026 14:00
557963;RN;A5767;00019200000013317806;MultiModal;29/06/2026 05:23;30/06/2026 14:00;29/06/2026 05:23;30/06/2026 14:00
557963;RN;A7895;00019200000013317849;MultiModal;29/06/2026 05:23;30/06/2026 14:00;29/06/2026 05:23;30/06/2026 14:00
557963;RN;A4706;00019200000013319965;MultiModal;29/06/2026 05:23;30/06/2026 14:00;29/06/2026 05:23;30/06/2026 14:00
557963;RN;TA1064;00019200000013320017;MultiModal;29/06/2026 05:23;30/06/2026 14:00;29/06/2026 05:23;30/06/2026 14:00
557963;RN;A5285;00019200000013320025;MultiModal;29/06/2026 05:23;30/06/2026 14:00;29/06/2026 05:23;30/06/2026 14:00
557963;RN;A0766;00019200000013320033;MultiModal;29/06/2026 05:23;30/06/2026 14:00;29/06/2026 05:23;30/06/2026 14:00
557963;RN;A7041;00019200000013320041;MultiModal;29/06/2026 05:23;30/06/2026 14:00;29/06/2026 05:23;30/06/2026 14:00
557963;RN;A8601;00019200000013320050;MultiModal;29/06/2026 05:23;30/06/2026 14:00;29/06/2026 05:23;30/06/2026 14:00
557963;RN;A8744;00019200000013320068;MultiModal;29/06/2026 05:23;30/06/2026 14:00;29/06/2026 05:23;30/06/2026 14:00
557963;RN;A5071;00019200000013320092;MultiModal;29/06/2026 05:23;30/06/2026 14:00;29/06/2026 05:23;30/06/2026 14:00
557963;RN;A0623;00019200000013321200;MultiModal;29/06/2026 05:23;30/06/2026 14:00;29/06/2026 05:23;30/06/2026 14:00
557963;RN;A2655;00019200000013321250;MultiModal;29/06/2026 05:23;30/06/2026 14:00;29/06/2026 05:23;30/06/2026 14:00
557963;RN;A0727;00019200000013321269;MultiModal;29/06/2026 05:23;30/06/2026 14:00;29/06/2026 05:23;30/06/2026 14:00
557963;RN;A9188;00019200000013321277;MultiModal;29/06/2026 05:23;30/06/2026 14:00;29/06/2026 05:23;30/06/2026 14:00
557963;RN;A2856;00019200000013321285;MultiModal;29/06/2026 05:23;30/06/2026 14:00;29/06/2026 05:23;30/06/2026 14:00
557963;RN;A5169;00019200000013321293;MultiModal;29/06/2026 05:23;30/06/2026 14:00;29/06/2026 05:23;30/06/2026 14:00
557963;RN;A6016;00019200000013321307;MultiModal;29/06/2026 05:23;30/06/2026 14:00;29/06/2026 05:23;30/06/2026 14:00
557963;RN;A4622;00019200000013321315;MultiModal;29/06/2026 05:23;30/06/2026 14:00;29/06/2026 05:23;30/06/2026 14:00
557963;RN;A6604;00019200000013321323;MultiModal;29/06/2026 05:23;30/06/2026 14:00;29/06/2026 05:23;30/06/2026 14:00
557966;RN;A5187;00019200000013428500;MultiModal;06/07/2026 02:37;08/07/2026 09:00;06/07/2026 02:37;08/07/2026 09:00
557966;RN;TA0983;00019200000013428519;MultiModal;06/07/2026 02:37;08/07/2026 09:00;06/07/2026 02:37;08/07/2026 09:00
557966;RN;A3843;00019200000013428527;MultiModal;06/07/2026 02:37;08/07/2026 09:00;06/07/2026 02:37;08/07/2026 09:00
557966;RN;A5318;00019200000013428535;MultiModal;06/07/2026 02:37;08/07/2026 09:00;06/07/2026 02:37;08/07/2026 09:00
557966;RN;A6664;00019200000013428543;MultiModal;06/07/2026 02:37;08/07/2026 09:00;06/07/2026 02:37;08/07/2026 09:00
557966;RN;A6256;00019200000013428551;MultiModal;06/07/2026 02:37;08/07/2026 09:00;06/07/2026 02:37;08/07/2026 09:00
557966;RN;A6296;00019200000013428560;MultiModal;06/07/2026 02:37;08/07/2026 09:00;06/07/2026 02:37;08/07/2026 09:00
557966;RN;A9238;00019200000013428578;MultiModal;06/07/2026 02:37;08/07/2026 09:00;06/07/2026 02:37;08/07/2026 09:00
557966;RN;A9519;00019200000013428586;MultiModal;06/07/2026 02:37;08/07/2026 09:00;06/07/2026 02:37;08/07/2026 09:00
557966;RN;A9559;00019200000013428594;MultiModal;06/07/2026 02:37;08/07/2026 09:00;06/07/2026 02:37;08/07/2026 09:00
557966;RN;A5700;00019200000013428608;MultiModal;06/07/2026 02:37;08/07/2026 09:00;06/07/2026 02:37;08/07/2026 09:00
557966;RN;A3678;00019200000013428616;MultiModal;06/07/2026 02:37;08/07/2026 09:00;06/07/2026 02:37;08/07/2026 09:00
557966;RN;A1261;00019200000013428624;MultiModal;06/07/2026 02:37;08/07/2026 09:00;06/07/2026 02:37;08/07/2026 09:00
557966;RN;A1094;00019200000013428632;MultiModal;06/07/2026 02:37;08/07/2026 09:00;06/07/2026 02:37;08/07/2026 09:00
557966;RN;A7018;00019200000013428640;MultiModal;06/07/2026 02:37;08/07/2026 09:00;06/07/2026 02:37;08/07/2026 09:00
557966;RN;A4619;00019200000013428659;MultiModal;06/07/2026 02:37;08/07/2026 09:00;06/07/2026 02:37;08/07/2026 09:00
557966;RN;TA1104;00019200000013428667;MultiModal;06/07/2026 02:37;08/07/2026 09:00;06/07/2026 02:37;08/07/2026 09:00
557966;RN;A8366;00019200000013428675;MultiModal;06/07/2026 02:37;08/07/2026 09:00;06/07/2026 02:37;08/07/2026 09:00
557966;RN;A9251;00019200000013428683;MultiModal;06/07/2026 02:37;08/07/2026 09:00;06/07/2026 02:37;08/07/2026 09:00
557966;RN;A4369;00019200000013428691;MultiModal;06/07/2026 02:37;08/07/2026 09:00;06/07/2026 02:37;08/07/2026 09:00
557966;RN;A5083;00019200000013428705;MultiModal;06/07/2026 02:37;08/07/2026 09:00;06/07/2026 02:37;08/07/2026 09:00
557966;RN;A0940;00019200000013428713;MultiModal;06/07/2026 02:37;08/07/2026 09:00;06/07/2026 02:37;08/07/2026 09:00
557966;RN;A7050;00019200000013428918;MultiModal;06/07/2026 02:37;08/07/2026 09:00;06/07/2026 02:37;08/07/2026 09:00
558082;RN;S0873;00019200000012922544;MultiModal;18/06/2026 03:38;22/06/2026 16:00;18/06/2026 03:38;22/06/2026 16:00
558185;RN;A7340;00019200000012697451;MultiModal;18/06/2026 04:37;22/06/2026 08:30;18/06/2026 04:37;22/06/2026 08:30
558207;RN;A1888;00019200000013239309;MultiModal;24/06/2026 07:59;25/06/2026 13:50;24/06/2026 07:59;25/06/2026 13:50
558583;RN;A3207;00019200000013328174;MultiModal;06/07/2026 03:34;07/07/2026 15:15;06/07/2026 03:34;07/07/2026 15:15
559054;RN;A9488;00019200000013316591;MultiModal;24/06/2026 05:28;26/06/2026 13:09;24/06/2026 05:28;26/06/2026 13:09
559055;RN;TA0517;00019200000013316249;MultiModal;25/06/2026 23:16;26/06/2026 18:47;25/06/2026 23:16;26/06/2026 18:47
559091;RN;TA0581;00019200000013424238;MultiModal;06/07/2026 04:05;07/07/2026 08:30;06/07/2026 04:05;07/07/2026 08:30
559091;RN;TA0616;00019200000013424246;MultiModal;06/07/2026 04:05;07/07/2026 08:30;06/07/2026 04:05;07/07/2026 08:30
559091;RN;A8510;00019200000013424254;MultiModal;06/07/2026 04:05;07/07/2026 08:30;06/07/2026 04:05;07/07/2026 08:30
559091;RN;A7264;00019200000013424262;MultiModal;06/07/2026 04:05;07/07/2026 08:30;06/07/2026 04:05;07/07/2026 08:30
559091;RN;TA0223;00019200000013424270;MultiModal;06/07/2026 04:05;07/07/2026 08:30;06/07/2026 04:05;07/07/2026 08:30
559091;RN;A4780;00019200000013424289;MultiModal;06/07/2026 04:05;07/07/2026 08:30;06/07/2026 04:05;07/07/2026 08:30
559137;RN;A2975;00019200000013408356;MultiModal;08/07/2026 04:22;13/07/2026 14:21;08/07/2026 04:22;13/07/2026 14:21
559137;RN;A7091;00019200000013408380;MultiModal;08/07/2026 04:22;13/07/2026 14:21;08/07/2026 04:22;13/07/2026 14:21
559137;RN;A7266;00019200000013408399;MultiModal;08/07/2026 04:22;13/07/2026 14:21;08/07/2026 04:22;13/07/2026 14:21
559137;RN;A7882;00019200000013408402;MultiModal;08/07/2026 04:22;13/07/2026 14:21;08/07/2026 04:22;13/07/2026 14:21
559137;RN;A9036;00019200000013408410;MultiModal;08/07/2026 04:22;13/07/2026 14:21;08/07/2026 04:22;13/07/2026 14:21
559137;RN;A2690;00019200000013408429;MultiModal;08/07/2026 04:22;13/07/2026 14:21;08/07/2026 04:22;13/07/2026 14:21
559137;RN;A3889;00019200000013408437;MultiModal;08/07/2026 04:22;13/07/2026 14:21;08/07/2026 04:22;13/07/2026 14:21
559137;RN;TA0091;00019200000013408445;MultiModal;08/07/2026 04:22;13/07/2026 14:21;08/07/2026 04:22;13/07/2026 14:21
559249;RN;A9126;00019200000013249703;MultiModal;29/06/2026 03:57;01/07/2026 16:00;29/06/2026 03:57;01/07/2026 16:00
559500;RN;A7020;00019200000013247573;MultiModal;30/06/2026 04:34;01/07/2026 14:30;30/06/2026 04:34;01/07/2026 14:30
560750;RN;A5735;00019200000013473476;MultiModal;20/07/2026 06:01;-;20/07/2026 06:01;-
560750;RN;A2505;00019200000013473484;MultiModal;20/07/2026 06:01;-;20/07/2026 06:01;-
560750;RN;TA0121;00019200000013473492;MultiModal;20/07/2026 06:01;-;20/07/2026 06:01;-
556131;RO;A4112;00019200000013211854;MultiModal;17/06/2026 00:07;22/06/2026 18:00;17/06/2026 00:07;22/06/2026 18:00
556131;RO;A8260;00019200000013211862;MultiModal;17/06/2026 00:07;22/06/2026 18:00;17/06/2026 00:07;22/06/2026 18:00
556412;RO;A1210;00019200000012658804;MultiModal;11/06/2026 00:33;16/06/2026 18:00;-;-
556520;RO;A4447;00019200000012658766;MultiModal;11/06/2026 00:23;16/06/2026 18:00;-;-
556520;RO;A8046;00019200000012658782;MultiModal;11/06/2026 00:23;16/06/2026 18:00;-;-
556576;RO;A9036;00019200000012658812;MultiModal;11/06/2026 00:29;16/06/2026 18:00;-;-
556576;RO;A6518;00019200000012658820;MultiModal;11/06/2026 00:29;16/06/2026 18:00;-;-
556633;RO;TA0654;00019200000012657867;MultiModal;11/06/2026 00:23;16/06/2026 10:30;-;-
556785;RO;A6722;00019200000012905763;MultiModal;10/06/2026 03:01;17/06/2026 18:00;-;-
556785;RO;A9141;00019200000012905771;MultiModal;10/06/2026 03:01;17/06/2026 18:00;-;-
556785;RO;A6264;00019200000012905780;MultiModal;10/06/2026 03:01;17/06/2026 18:00;-;-
556785;RO;A9630;00019200000012905801;MultiModal;10/06/2026 03:01;17/06/2026 18:00;-;-
556835;RO;S0606;00019200000012695491;MultiModal;17/06/2026 23:43;22/06/2026 18:00;17/06/2026 23:43;22/06/2026 18:00
556835;RO;S1490;00019200000012695505;MultiModal;17/06/2026 23:43;22/06/2026 18:00;17/06/2026 23:43;22/06/2026 18:00
556835;RO;S0858;00019200000012695513;MultiModal;17/06/2026 23:43;22/06/2026 18:00;17/06/2026 23:43;22/06/2026 18:00
556835;RO;S1125;00019200000012695521;MultiModal;17/06/2026 23:43;22/06/2026 18:00;17/06/2026 23:43;22/06/2026 18:00
556835;RO;S1586;00019200000012695580;MultiModal;17/06/2026 23:43;22/06/2026 18:00;17/06/2026 23:43;22/06/2026 18:00
556835;RO;S1742;00019200000012695599;MultiModal;17/06/2026 23:43;22/06/2026 18:00;17/06/2026 23:43;22/06/2026 18:00
556835;RO;S0623;00019200000012697524;MultiModal;17/06/2026 23:43;22/06/2026 18:00;17/06/2026 23:43;22/06/2026 18:00
556835;RO;S1312;00019200000012697532;MultiModal;17/06/2026 23:43;22/06/2026 18:00;17/06/2026 23:43;22/06/2026 18:00
556835;RO;S0930;00019200000012697540;MultiModal;17/06/2026 23:43;22/06/2026 18:00;17/06/2026 23:43;22/06/2026 18:00
556835;RO;S1384;00019200000012697559;MultiModal;17/06/2026 23:43;22/06/2026 18:00;17/06/2026 23:43;22/06/2026 18:00
556958;RO;A4755;00019200000012906646;MultiModal;10/06/2026 02:42;17/06/2026 17:00;-;-
556958;RO;TA0313;00019200000012906662;MultiModal;10/06/2026 02:42;17/06/2026 17:00;-;-
556958;RO;TA0434;00019200000012907235;MultiModal;10/06/2026 02:42;17/06/2026 17:00;-;-
556958;RO;TA0135;00019200000012907243;MultiModal;10/06/2026 02:42;17/06/2026 17:00;-;-
556958;RO;TA0070;00019200000012907251;MultiModal;10/06/2026 02:42;17/06/2026 17:00;-;-
557079;RO;A3920;00019200000012658863;MultiModal;11/06/2026 00:31;15/06/2026 15:32;-;-
557116;RO;S0796;00019200000013211811;MultiModal;17/06/2026 23:40;22/06/2026 18:00;17/06/2026 23:40;22/06/2026 18:00
557137;RO;A2988;00019200000012695602;MultiModal;16/06/2026 05:32;24/06/2026 11:10;22/06/2026 00:55;24/06/2026 11:10
557137;RO;A3331;00019200000012695610;MultiModal;16/06/2026 05:32;24/06/2026 11:10;22/06/2026 00:55;24/06/2026 11:10
557137;RO;A8822;00019200000012695629;MultiModal;16/06/2026 05:32;24/06/2026 11:10;22/06/2026 00:55;24/06/2026 11:10
557137;RO;A3775;00019200000012695637;MultiModal;16/06/2026 05:32;24/06/2026 11:10;22/06/2026 00:55;24/06/2026 11:10
557137;RO;A7882;00019200000012695645;MultiModal;16/06/2026 05:32;24/06/2026 11:10;22/06/2026 00:55;24/06/2026 11:10
557137;RO;TA1159;00019200000012695653;MultiModal;16/06/2026 05:32;24/06/2026 11:10;22/06/2026 00:55;24/06/2026 11:10
557137;RO;A0564;00019200000012695661;MultiModal;16/06/2026 05:32;24/06/2026 11:10;22/06/2026 00:55;24/06/2026 11:10
557137;RO;A4289;00019200000012695670;MultiModal;16/06/2026 05:32;24/06/2026 11:10;22/06/2026 00:55;24/06/2026 11:10
557137;RO;A8321;00019200000012695688;MultiModal;16/06/2026 05:32;24/06/2026 11:10;22/06/2026 00:55;24/06/2026 11:10
557137;RO;A1613;00019200000012695696;MultiModal;16/06/2026 05:32;24/06/2026 11:10;22/06/2026 00:55;24/06/2026 11:10
557137;RO;A1019;00019200000012695700;MultiModal;16/06/2026 05:32;24/06/2026 11:10;22/06/2026 00:55;24/06/2026 11:10
557137;RO;A4068;00019200000012695718;MultiModal;16/06/2026 05:32;24/06/2026 11:10;22/06/2026 00:55;24/06/2026 11:10
557137;RO;A9201;00019200000012695726;MultiModal;16/06/2026 05:32;24/06/2026 11:10;17/06/2026 00:08;22/06/2026 12:55
557137;RO;A8650;00019200000012695734;MultiModal;16/06/2026 05:32;24/06/2026 11:10;17/06/2026 00:08;22/06/2026 12:55
557137;RO;A5803;00019200000012695742;MultiModal;16/06/2026 05:32;24/06/2026 11:10;17/06/2026 00:08;22/06/2026 12:55
557137;RO;A2975;00019200000012695750;MultiModal;16/06/2026 05:32;24/06/2026 11:10;17/06/2026 00:08;22/06/2026 12:55
557137;RO;A0482;00019200000012695769;MultiModal;16/06/2026 05:32;24/06/2026 11:10;16/06/2026 05:32;18/06/2026 13:17
557137;RO;A9384;00019200000012695777;MultiModal;16/06/2026 05:32;24/06/2026 11:10;16/06/2026 05:32;18/06/2026 13:17
557137;RO;A8088;00019200000012695785;MultiModal;16/06/2026 05:32;24/06/2026 11:10;16/06/2026 05:32;18/06/2026 13:17
557137;RO;A0923;00019200000012695793;MultiModal;16/06/2026 05:32;24/06/2026 11:10;16/06/2026 05:32;18/06/2026 13:17
557137;RO;A4624;00019200000012695807;MultiModal;16/06/2026 05:32;24/06/2026 11:10;17/06/2026 00:08;22/06/2026 12:55
557137;RO;A8963;00019200000012695815;MultiModal;16/06/2026 05:32;24/06/2026 11:10;17/06/2026 00:08;22/06/2026 12:55
557137;RO;A4783;00019200000012695823;MultiModal;16/06/2026 05:32;24/06/2026 11:10;17/06/2026 00:08;22/06/2026 12:55
557137;RO;A2621;00019200000012695831;MultiModal;16/06/2026 05:32;24/06/2026 11:10;17/06/2026 00:08;22/06/2026 12:55
557137;RO;A8781;00019200000012695840;MultiModal;16/06/2026 05:32;24/06/2026 11:10;16/06/2026 05:32;18/06/2026 13:17
557137;RO;A4620;00019200000012695858;MultiModal;16/06/2026 05:32;24/06/2026 11:10;16/06/2026 05:32;18/06/2026 13:17
557137;RO;A6360;00019200000012695866;MultiModal;16/06/2026 05:32;24/06/2026 11:10;16/06/2026 05:32;18/06/2026 13:17
557137;RO;A8394;00019200000012695874;MultiModal;16/06/2026 05:32;24/06/2026 11:10;16/06/2026 05:32;18/06/2026 13:17
557137;RO;A8709;00019200000012695882;MultiModal;16/06/2026 05:32;24/06/2026 11:10;16/06/2026 05:32;18/06/2026 13:17
557137;RO;TA1072;00019200000012695890;MultiModal;16/06/2026 05:32;24/06/2026 11:10;16/06/2026 05:32;18/06/2026 13:17
557137;RO;A6226;00019200000012695904;MultiModal;16/06/2026 05:32;24/06/2026 11:10;17/06/2026 00:08;22/06/2026 12:55
557137;RO;TA0746;00019200000012695912;MultiModal;16/06/2026 05:32;24/06/2026 11:10;17/06/2026 00:08;22/06/2026 12:55
557137;RO;A4751;00019200000012695920;MultiModal;16/06/2026 05:32;24/06/2026 11:10;17/06/2026 00:08;22/06/2026 12:55
557137;RO;A1657;00019200000012695939;MultiModal;16/06/2026 05:32;24/06/2026 11:10;17/06/2026 00:08;22/06/2026 12:55
557137;RO;A2690;00019200000012695947;MultiModal;16/06/2026 05:32;24/06/2026 11:10;17/06/2026 00:08;22/06/2026 12:55
557137;RO;A6229;00019200000012695955;MultiModal;16/06/2026 05:32;24/06/2026 11:10;17/06/2026 00:08;22/06/2026 12:55
557137;RO;A4623;00019200000012695963;MultiModal;16/06/2026 05:32;24/06/2026 11:10;17/06/2026 00:08;22/06/2026 12:55
557137;RO;A6940;00019200000012695971;MultiModal;16/06/2026 05:32;24/06/2026 11:10;17/06/2026 00:08;22/06/2026 12:55
557137;RO;A0317;00019200000012695980;MultiModal;16/06/2026 05:32;24/06/2026 11:10;16/06/2026 05:32;18/06/2026 13:17
557137;RO;A8560;00019200000012695998;MultiModal;16/06/2026 05:32;24/06/2026 11:10;16/06/2026 05:32;18/06/2026 13:17
557137;RO;TA0449;00019200000012697567;MultiModal;16/06/2026 05:32;24/06/2026 11:10;17/06/2026 00:08;22/06/2026 12:55
557137;RO;A0403;00019200000012697575;MultiModal;16/06/2026 05:32;24/06/2026 11:10;17/06/2026 00:08;22/06/2026 12:55
557137;RO;A6796;00019200000012697583;MultiModal;16/06/2026 05:32;24/06/2026 11:10;16/06/2026 05:32;18/06/2026 13:17
557137;RO;A3891;00019200000012697591;MultiModal;16/06/2026 05:32;24/06/2026 11:10;16/06/2026 05:32;18/06/2026 13:17
557137;RO;A7820;00019200000012697605;MultiModal;16/06/2026 05:32;24/06/2026 11:10;16/06/2026 05:32;18/06/2026 13:17
557137;RO;A3922;00019200000012697613;MultiModal;16/06/2026 05:32;24/06/2026 11:10;16/06/2026 05:32;18/06/2026 13:17
557137;RO;TA1098;00019200000012697621;MultiModal;16/06/2026 05:32;24/06/2026 11:10;16/06/2026 05:32;18/06/2026 13:17
557137;RO;A8801;00019200000012697630;MultiModal;16/06/2026 05:32;24/06/2026 11:10;16/06/2026 05:32;18/06/2026 13:17
557156;RO;A6019;00019200000012696072;MultiModal;18/06/2026 00:07;22/06/2026 18:00;18/06/2026 00:07;22/06/2026 18:00
557259;RO;A8237;00019200000012698946;MultiModal;16/06/2026 01:09;17/06/2026 18:00;16/06/2026 01:09;17/06/2026 18:00
557259;RO;A8285;00019200000012698954;MultiModal;16/06/2026 01:09;17/06/2026 18:00;16/06/2026 01:09;17/06/2026 18:00
557276;RO;S1326;00019200000013324357;MultiModal;25/06/2026 00:42;26/06/2026 19:33;25/06/2026 00:42;26/06/2026 19:33
557276;RO;S0757;00019200000013324365;MultiModal;25/06/2026 00:42;26/06/2026 19:33;25/06/2026 00:42;26/06/2026 19:33
557276;RO;S0676;00019200000013324373;MultiModal;25/06/2026 00:42;26/06/2026 19:33;25/06/2026 00:42;26/06/2026 19:33
557276;RO;S1072;00019200000013324381;MultiModal;25/06/2026 00:42;26/06/2026 19:33;25/06/2026 00:42;26/06/2026 19:33
557276;RO;S1241;00019200000013324390;MultiModal;25/06/2026 00:42;26/06/2026 19:33;25/06/2026 00:42;26/06/2026 19:33
557276;RO;S1513;00019200000013324446;MultiModal;25/06/2026 00:42;26/06/2026 19:33;25/06/2026 00:42;26/06/2026 19:33
557276;RO;S0662;00019200000013324454;MultiModal;25/06/2026 00:42;26/06/2026 19:33;25/06/2026 00:42;26/06/2026 19:33
557276;RO;S1102;00019200000013324462;MultiModal;25/06/2026 00:42;26/06/2026 19:33;25/06/2026 00:42;26/06/2026 19:33
557276;RO;S1467;00019200000013324560;MultiModal;25/06/2026 00:42;26/06/2026 19:33;25/06/2026 00:42;26/06/2026 19:33
557276;RO;S0891;00019200000013324578;MultiModal;25/06/2026 00:42;26/06/2026 19:33;25/06/2026 00:42;26/06/2026 19:33
557276;RO;S0624;00019200000013324586;MultiModal;25/06/2026 00:42;26/06/2026 19:33;25/06/2026 00:42;26/06/2026 19:33
557276;RO;S0976;00019200000013324594;MultiModal;25/06/2026 00:42;26/06/2026 19:33;25/06/2026 00:42;26/06/2026 19:33
557276;RO;S1395;00019200000013324608;MultiModal;25/06/2026 00:42;26/06/2026 19:33;25/06/2026 00:42;26/06/2026 19:33
557779;RO;A5058;00019200000013317423;MultiModal;24/06/2026 00:07;25/06/2026 11:50;24/06/2026 00:07;25/06/2026 11:50
557779;RO;A6466;00019200000013317431;MultiModal;24/06/2026 00:07;25/06/2026 11:50;24/06/2026 00:07;25/06/2026 11:50
557951;RO;A3519;00019200000013205293;MultiModal;22/06/2026 00:54;23/06/2026 18:00;22/06/2026 00:54;23/06/2026 18:00
557955;RO;A5595;00019200000012418714;MultiModal;22/06/2026 00:54;23/06/2026 18:00;22/06/2026 00:54;23/06/2026 18:00
557955;RO;A3265;00019200000012418722;MultiModal;22/06/2026 00:54;23/06/2026 18:00;22/06/2026 00:54;23/06/2026 18:00
557955;RO;A6465;00019200000012418730;MultiModal;22/06/2026 00:54;23/06/2026 18:00;22/06/2026 00:54;23/06/2026 18:00
557955;RO;A0278;00019200000012418749;MultiModal;22/06/2026 00:54;23/06/2026 18:00;22/06/2026 00:54;23/06/2026 18:00
557955;RO;A6255;00019200000012418757;MultiModal;22/06/2026 00:54;23/06/2026 18:00;22/06/2026 00:54;23/06/2026 18:00
557955;RO;A9364;00019200000012418765;MultiModal;22/06/2026 00:54;23/06/2026 18:00;22/06/2026 00:54;23/06/2026 18:00
557955;RO;A5508;00019200000012418773;MultiModal;22/06/2026 00:54;23/06/2026 18:00;22/06/2026 00:54;23/06/2026 18:00
557955;RO;A0806;00019200000012418781;MultiModal;22/06/2026 00:54;23/06/2026 18:00;22/06/2026 00:54;23/06/2026 18:00
558031;RO;A3676;00019200000013241168;MultiModal;22/06/2026 00:54;23/06/2026 18:00;22/06/2026 00:54;23/06/2026 18:00
558482;RO;A6684;00019200000013198084;MultiModal;01/07/2026 01:00;07/07/2026 18:00;08/07/2026 00:40;16/07/2026 10:33
558482;RO;A6827;00019200000013198092;MultiModal;01/07/2026 01:00;07/07/2026 18:00;06/07/2026 00:51;16/07/2026 10:37
558482;RO;TA1164;00019200000013198106;MultiModal;01/07/2026 01:00;07/07/2026 18:00;07/07/2026 00:59;16/07/2026 10:38
558482;RO;A5000;00019200000013198114;MultiModal;01/07/2026 01:00;07/07/2026 18:00;08/07/2026 00:40;16/07/2026 10:33
558482;RO;A6141;00019200000013198122;MultiModal;01/07/2026 01:00;07/07/2026 18:00;08/07/2026 00:40;16/07/2026 10:33
558482;RO;A8554;00019200000013198130;MultiModal;01/07/2026 01:00;07/07/2026 18:00;08/07/2026 00:40;16/07/2026 10:33
558482;RO;A7437;00019200000013198149;MultiModal;01/07/2026 01:00;07/07/2026 18:00;09/07/2026 01:26;14/07/2026 18:00
558482;RO;A3067;00019200000013198157;MultiModal;01/07/2026 01:00;07/07/2026 18:00;09/07/2026 01:26;14/07/2026 18:00
558482;RO;A5721;00019200000013198165;MultiModal;01/07/2026 01:00;07/07/2026 18:00;07/07/2026 00:59;16/07/2026 10:38
558482;RO;A5417;00019200000013198173;MultiModal;01/07/2026 01:00;07/07/2026 18:00;06/07/2026 00:51;16/07/2026 10:37
558482;RO;A2152;00019200000013198181;MultiModal;01/07/2026 01:00;07/07/2026 18:00;06/07/2026 00:51;16/07/2026 10:37
558482;RO;A7424;00019200000013198696;MultiModal;01/07/2026 01:00;07/07/2026 18:00;07/07/2026 00:59;16/07/2026 10:38
558482;RO;A0102;00019200000013198700;MultiModal;01/07/2026 01:00;07/07/2026 18:00;09/07/2026 01:26;14/07/2026 18:00
558482;RO;A3789;00019200000013198718;MultiModal;01/07/2026 01:00;07/07/2026 18:00;07/07/2026 00:59;16/07/2026 10:38
558482;RO;A3810;00019200000013198726;MultiModal;01/07/2026 01:00;07/07/2026 18:00;09/07/2026 01:26;14/07/2026 18:00
558482;RO;A6266;00019200000013198734;MultiModal;01/07/2026 01:00;07/07/2026 18:00;08/07/2026 00:40;16/07/2026 10:33
558482;RO;TA1112;00019200000013198742;MultiModal;01/07/2026 01:00;07/07/2026 18:00;07/07/2026 00:59;16/07/2026 10:38
558482;RO;A4660;00019200000013198750;MultiModal;01/07/2026 01:00;07/07/2026 18:00;08/07/2026 00:40;16/07/2026 10:33
558482;RO;A6202;00019200000013198769;MultiModal;01/07/2026 01:00;07/07/2026 18:00;06/07/2026 00:51;16/07/2026 10:37
558482;RO;A6321;00019200000013198777;MultiModal;01/07/2026 01:00;07/07/2026 18:00;09/07/2026 01:26;14/07/2026 18:00
558482;RO;A4254;00019200000013198785;MultiModal;01/07/2026 01:00;07/07/2026 18:00;07/07/2026 00:59;16/07/2026 10:38
558482;RO;A9526;00019200000013198793;MultiModal;01/07/2026 01:00;07/07/2026 18:00;06/07/2026 00:51;16/07/2026 10:37
558482;RO;A0381;00019200000013198807;MultiModal;01/07/2026 01:00;07/07/2026 18:00;06/07/2026 00:51;16/07/2026 10:37
558482;RO;A2985;00019200000013198815;MultiModal;01/07/2026 01:00;07/07/2026 18:00;08/07/2026 00:40;16/07/2026 10:33
558482;RO;A9460;00019200000013198823;MultiModal;01/07/2026 01:00;07/07/2026 18:00;09/07/2026 01:26;14/07/2026 18:00
558482;RO;A8572;00019200000013198831;MultiModal;01/07/2026 01:00;07/07/2026 18:00;08/07/2026 00:40;16/07/2026 10:33
558482;RO;A7223;00019200000013198840;MultiModal;01/07/2026 01:00;07/07/2026 18:00;06/07/2026 00:51;16/07/2026 10:37
558482;RO;A5632;00019200000013198866;MultiModal;01/07/2026 01:00;07/07/2026 18:00;06/07/2026 00:51;16/07/2026 10:37
558482;RO;A3348;00019200000013198874;MultiModal;01/07/2026 01:00;07/07/2026 18:00;08/07/2026 00:40;16/07/2026 10:33
558482;RO;A8202;00019200000013198882;MultiModal;01/07/2026 01:00;07/07/2026 18:00;09/07/2026 01:26;14/07/2026 18:00
558482;RO;A7970;00019200000013198890;MultiModal;01/07/2026 01:00;07/07/2026 18:00;07/07/2026 00:59;16/07/2026 10:38
558482;RO;A7628;00019200000013198904;MultiModal;01/07/2026 01:00;07/07/2026 18:00;06/07/2026 00:51;16/07/2026 10:37
558482;RO;A6601;00019200000013198912;MultiModal;01/07/2026 01:00;07/07/2026 18:00;09/07/2026 01:26;14/07/2026 18:00
558482;RO;A6490;00019200000013198920;MultiModal;01/07/2026 01:00;07/07/2026 18:00;07/07/2026 00:59;16/07/2026 10:38
558482;RO;A9176;00019200000013198939;MultiModal;01/07/2026 01:00;07/07/2026 18:00;09/07/2026 01:26;14/07/2026 18:00
558482;RO;A7482;00019200000013198947;MultiModal;01/07/2026 01:00;07/07/2026 18:00;08/07/2026 00:40;16/07/2026 10:33
558482;RO;A5818;00019200000013198955;MultiModal;01/07/2026 01:00;07/07/2026 18:00;07/07/2026 00:59;16/07/2026 10:38
558482;RO;A5952;00019200000013198963;MultiModal;01/07/2026 01:00;07/07/2026 18:00;07/07/2026 00:59;16/07/2026 10:38
558482;RO;A8581;00019200000013198971;MultiModal;01/07/2026 01:00;07/07/2026 18:00;07/07/2026 00:59;16/07/2026 10:38
558482;RO;TA0511;00019200000013198980;MultiModal;01/07/2026 01:00;07/07/2026 18:00;09/07/2026 01:26;14/07/2026 18:00
558482;RO;A4819;00019200000013198998;MultiModal;01/07/2026 01:00;07/07/2026 18:00;07/07/2026 00:59;16/07/2026 10:38
558482;RO;A8440;00019200000013199005;MultiModal;01/07/2026 01:00;07/07/2026 18:00;07/07/2026 00:59;16/07/2026 10:38
558482;RO;A6892;00019200000013199013;MultiModal;01/07/2026 01:00;07/07/2026 18:00;09/07/2026 01:26;14/07/2026 18:00
558482;RO;A7921;00019200000013199021;MultiModal;01/07/2026 01:00;07/07/2026 18:00;06/07/2026 00:51;16/07/2026 10:37
558482;RO;A6288;00019200000013199030;MultiModal;01/07/2026 01:00;07/07/2026 18:00;06/07/2026 00:51;16/07/2026 10:37
558482;RO;A8210;00019200000013199048;MultiModal;01/07/2026 01:00;07/07/2026 18:00;06/07/2026 00:51;16/07/2026 10:37
558482;RO;A6594;00019200000013199056;MultiModal;01/07/2026 01:00;07/07/2026 18:00;06/07/2026 00:51;16/07/2026 10:37
558482;RO;A9118;00019200000013199064;MultiModal;01/07/2026 01:00;07/07/2026 18:00;09/07/2026 01:26;14/07/2026 18:00
558482;RO;A7111;00019200000013199072;MultiModal;01/07/2026 01:00;07/07/2026 18:00;06/07/2026 00:51;16/07/2026 10:37
558482;RO;A3935;00019200000013199080;MultiModal;01/07/2026 01:00;07/07/2026 18:00;06/07/2026 00:51;16/07/2026 10:37
558482;RO;A8756;00019200000013199099;MultiModal;01/07/2026 01:00;07/07/2026 18:00;09/07/2026 01:26;14/07/2026 18:00
558482;RO;A7641;00019200000013199102;MultiModal;01/07/2026 01:00;07/07/2026 18:00;09/07/2026 01:26;14/07/2026 18:00
558482;RO;A2705;00019200000013199110;MultiModal;01/07/2026 01:00;07/07/2026 18:00;06/07/2026 00:51;16/07/2026 10:37
558482;RO;A2907;00019200000013199129;MultiModal;01/07/2026 01:00;07/07/2026 18:00;06/07/2026 00:51;16/07/2026 10:37
558482;RO;A5563;00019200000013199137;MultiModal;01/07/2026 01:00;07/07/2026 18:00;09/07/2026 01:26;14/07/2026 18:00
558482;RO;A6992;00019200000013199145;MultiModal;01/07/2026 01:00;07/07/2026 18:00;08/07/2026 00:40;16/07/2026 10:33
558482;RO;A7271;00019200000013199153;MultiModal;01/07/2026 01:00;07/07/2026 18:00;07/07/2026 00:59;16/07/2026 10:38
558482;RO;A8221;00019200000013199161;MultiModal;01/07/2026 01:00;07/07/2026 18:00;09/07/2026 01:26;14/07/2026 18:00
558482;RO;A9200;00019200000013199170;MultiModal;01/07/2026 01:00;07/07/2026 18:00;07/07/2026 00:59;16/07/2026 10:38
558482;RO;A5715;00019200000013199188;MultiModal;01/07/2026 01:00;07/07/2026 18:00;08/07/2026 00:40;16/07/2026 10:33
558482;RO;A5687;00019200000013199196;MultiModal;01/07/2026 01:00;07/07/2026 18:00;09/07/2026 01:26;14/07/2026 18:00
558482;RO;A5990;00019200000013199200;MultiModal;01/07/2026 01:00;07/07/2026 18:00;06/07/2026 00:51;16/07/2026 10:37
558482;RO;A8532;00019200000013199218;MultiModal;01/07/2026 01:00;07/07/2026 18:00;09/07/2026 01:26;14/07/2026 18:00
558482;RO;A3424;00019200000013199226;MultiModal;01/07/2026 01:00;07/07/2026 18:00;08/07/2026 00:40;16/07/2026 10:33
558482;RO;A5014;00019200000013199234;MultiModal;01/07/2026 01:00;07/07/2026 18:00;08/07/2026 00:40;16/07/2026 10:33
558482;RO;A6120;00019200000013199242;MultiModal;01/07/2026 01:00;07/07/2026 18:00;08/07/2026 00:40;16/07/2026 10:33
558482;RO;A6759;00019200000013199250;MultiModal;01/07/2026 01:00;07/07/2026 18:00;09/07/2026 01:26;14/07/2026 18:00
558482;RO;A9520;00019200000013199269;MultiModal;01/07/2026 01:00;07/07/2026 18:00;07/07/2026 00:59;16/07/2026 10:38
558482;RO;A9659;00019200000013199277;MultiModal;01/07/2026 01:00;07/07/2026 18:00;08/07/2026 00:40;16/07/2026 10:33
558482;RO;A7380;00019200000013199285;MultiModal;01/07/2026 01:00;07/07/2026 18:00;08/07/2026 00:40;16/07/2026 10:33
558482;RO;A7036;00019200000013199293;MultiModal;01/07/2026 01:00;07/07/2026 18:00;08/07/2026 00:40;16/07/2026 10:33
558482;RO;A3822;00019200000013199307;MultiModal;01/07/2026 01:00;07/07/2026 18:00;07/07/2026 00:59;16/07/2026 10:38
558482;RO;A3124;00019200000013199315;MultiModal;01/07/2026 01:00;07/07/2026 18:00;07/07/2026 00:59;16/07/2026 10:38
558482;RO;TA0844;00019200000013199323;MultiModal;01/07/2026 01:00;07/07/2026 18:00;07/07/2026 00:59;16/07/2026 10:38
558845;RO;A2135;00019200000013201549;MultiModal;02/07/2026 00:22;03/07/2026 18:00;02/07/2026 00:22;03/07/2026 18:00
558845;RO;A9365;00019200000013201565;MultiModal;02/07/2026 00:22;03/07/2026 18:00;02/07/2026 00:22;03/07/2026 18:00
558845;RO;TA1171;00019200000013201573;MultiModal;02/07/2026 00:22;03/07/2026 18:00;02/07/2026 00:22;03/07/2026 18:00
558845;RO;A3921;00019200000013201581;MultiModal;02/07/2026 00:22;03/07/2026 18:00;02/07/2026 00:22;03/07/2026 18:00
558845;RO;A7686;00019200000013201590;MultiModal;02/07/2026 00:22;03/07/2026 18:00;02/07/2026 00:22;03/07/2026 18:00
559746;RO;A3632;00019200000013422650;MultiModal;05/07/2026 23:57;07/07/2026 18:00;05/07/2026 23:57;07/07/2026 18:00
560356;RO;A2041;00019200000013441990;MultiModal;14/07/2026 22:57;-;14/07/2026 22:57;-
560356;RO;A2460;00019200000013442031;MultiModal;14/07/2026 22:57;-;14/07/2026 22:57;-
560356;RO;A4468;00019200000013442040;MultiModal;14/07/2026 22:57;-;14/07/2026 22:57;-
560356;RO;A5971;00019200000013442058;MultiModal;14/07/2026 22:57;-;14/07/2026 22:57;-
560356;RO;TA0100;00019200000013442066;MultiModal;14/07/2026 22:57;-;14/07/2026 22:57;-
560356;RO;A8361;00019200000013442074;MultiModal;14/07/2026 22:57;-;14/07/2026 22:57;-
560356;RO;A7354;00019200000013445782;MultiModal;14/07/2026 22:57;-;14/07/2026 22:57;-
560356;RO;A1305;00019200000013445790;MultiModal;14/07/2026 22:57;-;14/07/2026 22:57;-
560356;RO;A8523;00019200000013445820;MultiModal;14/07/2026 22:57;-;14/07/2026 22:57;-
560356;RO;A4675;00019200000013445863;MultiModal;14/07/2026 22:57;-;14/07/2026 22:57;-
560356;RO;A3585;00019200000013445898;MultiModal;14/07/2026 22:57;-;14/07/2026 22:57;-
560450;RO;A5444;00019200000013441639;MultiModal;14/07/2026 22:56;-;14/07/2026 22:56;-
560450;RO;A5054;00019200000013441647;MultiModal;14/07/2026 22:56;-;14/07/2026 22:56;-
560450;RO;A9192;00019200000013441655;MultiModal;14/07/2026 22:56;-;14/07/2026 22:56;-
560805;RO;A0811;00019200000013475380;MultiModal;20/07/2026 04:20;-;20/07/2026 04:20;-
556329;RR;A6930;00019200000012926884;MultiModal;17/06/2026 04:21;19/06/2026 14:45;17/06/2026 04:21;19/06/2026 14:45
556329;RR;A3526;00019200000012926892;MultiModal;17/06/2026 04:21;19/06/2026 14:45;17/06/2026 04:21;19/06/2026 14:45
556329;RR;A9485;00019200000012926906;MultiModal;17/06/2026 04:21;19/06/2026 14:45;17/06/2026 04:21;19/06/2026 14:45
556329;RR;A7091;00019200000012926914;MultiModal;17/06/2026 04:21;19/06/2026 14:45;17/06/2026 04:21;19/06/2026 14:45
556329;RR;A9410;00019200000012926922;MultiModal;17/06/2026 04:21;19/06/2026 14:45;17/06/2026 04:21;19/06/2026 14:45
556329;RR;TA0280;00019200000012926930;MultiModal;17/06/2026 04:21;19/06/2026 14:45;17/06/2026 04:21;19/06/2026 14:45
556329;RR;A3052;00019200000012926949;MultiModal;17/06/2026 04:21;19/06/2026 14:45;17/06/2026 04:21;19/06/2026 14:45
557046;RR;A3808;00019200000012697940;MultiModal;16/06/2026 23:57;19/06/2026 14:50;16/06/2026 23:57;19/06/2026 14:50
557046;RR;A5620;00019200000012920460;MultiModal;16/06/2026 23:57;19/06/2026 14:50;16/06/2026 23:57;19/06/2026 14:50
557046;RR;A5073;00019200000012920479;MultiModal;16/06/2026 23:57;19/06/2026 14:50;16/06/2026 23:57;19/06/2026 14:50
557046;RR;A4521;00019200000012920495;MultiModal;16/06/2026 23:57;19/06/2026 14:50;16/06/2026 23:57;19/06/2026 14:50
557139;RR;A4270;00019200000013210424;MultiModal;15/06/2026 10:11;17/06/2026 15:15;15/06/2026 10:11;17/06/2026 15:15
557167;RR;A4003;00019200000012684732;MultiModal;15/06/2026 10:12;17/06/2026 15:11;15/06/2026 10:12;17/06/2026 15:11
557780;RR;A5182;00019200000012921084;MultiModal;17/06/2026 04:21;19/06/2026 14:00;17/06/2026 04:21;19/06/2026 14:00
557939;RR;A6263;00019200000013236270;MultiModal;22/06/2026 00:59;25/06/2026 11:00;22/06/2026 00:59;25/06/2026 11:00
558085;RR;S1006;00019200000012922560;MultiModal;17/06/2026 23:48;22/06/2026 14:40;17/06/2026 23:48;22/06/2026 14:40
558483;RR;TA0946;00019200000013422413;MultiModal;08/07/2026 00:20;10/07/2026 16:39;08/07/2026 00:46;10/07/2026 16:42
558483;RR;TA0589;00019200000013422421;MultiModal;08/07/2026 00:20;10/07/2026 16:39;08/07/2026 00:46;10/07/2026 16:42
558483;RR;A1674;00019200000013422430;MultiModal;08/07/2026 00:20;10/07/2026 16:39;08/07/2026 00:46;10/07/2026 16:42
558483;RR;A6948;00019200000013422448;MultiModal;08/07/2026 00:20;10/07/2026 16:39;08/07/2026 00:46;10/07/2026 16:42
558483;RR;A3762;00019200000013422464;MultiModal;08/07/2026 00:20;10/07/2026 16:39;08/07/2026 00:20;10/07/2026 16:39
558483;RR;A3520;00019200000013422472;MultiModal;08/07/2026 00:20;10/07/2026 16:39;08/07/2026 00:46;10/07/2026 16:42
558483;RR;A0401;00019200000013422480;MultiModal;08/07/2026 00:20;10/07/2026 16:39;08/07/2026 00:46;10/07/2026 16:42
558483;RR;A3733;00019200000013422499;MultiModal;08/07/2026 00:20;10/07/2026 16:39;08/07/2026 00:46;10/07/2026 16:42
558483;RR;TA0964;00019200000013422502;MultiModal;08/07/2026 00:20;10/07/2026 16:39;08/07/2026 00:46;10/07/2026 16:42
558483;RR;A9463;00019200000013422510;MultiModal;08/07/2026 00:20;10/07/2026 16:39;08/07/2026 00:46;10/07/2026 16:42
558483;RR;A8516;00019200000013422529;MultiModal;08/07/2026 00:20;10/07/2026 16:39;08/07/2026 00:46;10/07/2026 16:42
558483;RR;A4837;00019200000013422537;MultiModal;08/07/2026 00:20;10/07/2026 16:39;08/07/2026 00:20;10/07/2026 16:39
558483;RR;A2762;00019200000013422545;MultiModal;08/07/2026 00:20;10/07/2026 16:39;08/07/2026 00:46;10/07/2026 16:42
558483;RR;A5132;00019200000013422553;MultiModal;08/07/2026 00:20;10/07/2026 16:39;08/07/2026 00:20;10/07/2026 16:39
558483;RR;A1766;00019200000013422561;MultiModal;08/07/2026 00:20;10/07/2026 16:39;08/07/2026 00:20;10/07/2026 16:39
558483;RR;A2715;00019200000013422570;MultiModal;08/07/2026 00:20;10/07/2026 16:39;08/07/2026 00:20;10/07/2026 16:39
558483;RR;A9269;00019200000013422588;MultiModal;08/07/2026 00:20;10/07/2026 16:39;08/07/2026 00:20;10/07/2026 16:39
558483;RR;A7427;00019200000013422596;MultiModal;08/07/2026 00:20;10/07/2026 16:39;08/07/2026 00:20;10/07/2026 16:39
558483;RR;A0393;00019200000013422600;MultiModal;08/07/2026 00:20;10/07/2026 16:39;08/07/2026 00:20;10/07/2026 16:39
558483;RR;A6284;00019200000013422618;MultiModal;08/07/2026 00:20;10/07/2026 16:39;08/07/2026 00:20;10/07/2026 16:39
558483;RR;A9563;00019200000013422626;MultiModal;08/07/2026 00:20;10/07/2026 16:39;08/07/2026 00:20;10/07/2026 16:39
558846;RR;A0832;00019200000013423576;MultiModal;08/07/2026 00:20;10/07/2026 16:37;08/07/2026 00:20;10/07/2026 16:37
558846;RR;A3861;00019200000013423584;MultiModal;08/07/2026 00:20;10/07/2026 16:37;08/07/2026 00:20;10/07/2026 16:37
559023;RR;A4774;00019200000013329537;MultiModal;29/06/2026 00:56;30/06/2026 12:10;29/06/2026 00:56;30/06/2026 12:10
559532;RR;A5156;00019200000013429124;MultiModal;01/07/2026 00:58;02/07/2026 10:00;01/07/2026 00:58;02/07/2026 10:00
559944;RR;A0313;00019200000013419048;MultiModal;07/07/2026 06:51;10/07/2026 18:00;07/07/2026 06:51;10/07/2026 18:00
559944;RR;TA0932;00019200000013419056;MultiModal;07/07/2026 06:51;10/07/2026 18:00;07/07/2026 06:51;10/07/2026 18:00
560711;RR;A1108;00019200000013473778;MultiModal;20/07/2026 04:21;-;20/07/2026 04:21;-
560711;RR;A1984;00019200000013473786;MultiModal;20/07/2026 04:21;-;20/07/2026 04:21;-
560711;RR;A8420;00019200000013473794;MultiModal;20/07/2026 04:21;-;20/07/2026 04:21;-
560711;RR;A2661;00019200000013473808;MultiModal;20/07/2026 04:21;-;20/07/2026 04:21;-
560711;RR;TA1079;00019200000013473816;MultiModal;20/07/2026 04:21;-;20/07/2026 04:21;-
560711;RR;A3566;00019200000013473824;MultiModal;20/07/2026 04:21;-;20/07/2026 04:21;-
560711;RR;A7289;00019200000013473832;MultiModal;20/07/2026 04:21;-;20/07/2026 04:21;-
560711;RR;A6875;00019200000013473840;MultiModal;20/07/2026 04:21;-;20/07/2026 04:21;-
560711;RR;A7478;00019200000013473859;MultiModal;20/07/2026 04:21;-;20/07/2026 04:21;-
560711;RR;A3313;00019200000013474081;MultiModal;20/07/2026 04:21;-;20/07/2026 04:21;-
560711;RR;A8385;00019200000013474090;MultiModal;20/07/2026 04:21;-;20/07/2026 04:21;-
560711;RR;A3422;00019200000013474103;MultiModal;20/07/2026 04:21;-;20/07/2026 04:21;-
560711;RR;A8304;00019200000013474111;MultiModal;20/07/2026 04:21;-;20/07/2026 04:21;-
560711;RR;A3674;00019200000013474120;MultiModal;20/07/2026 04:21;-;20/07/2026 04:21;-
560711;RR;A3478;00019200000013474138;MultiModal;20/07/2026 04:21;-;20/07/2026 04:21;-
560711;RR;A6483;00019200000013474146;MultiModal;20/07/2026 04:21;-;20/07/2026 04:21;-
556351;RS;A2124;00019200000012904686;MultiModal;30/06/2026 04:24;01/07/2026 16:57;30/06/2026 04:24;01/07/2026 16:57
556356;RS;TA0531;00019200000012864099;MultiModal;25/06/2026 01:04;-;25/06/2026 01:04;-
556356;RS;A3046;00019200000012905941;MultiModal;25/06/2026 01:04;-;25/06/2026 01:04;-
556356;RS;A3194;00019200000012905984;MultiModal;25/06/2026 01:04;-;25/06/2026 01:04;-
556356;RS;A5524;00019200000012906735;MultiModal;25/06/2026 01:04;-;25/06/2026 01:04;-
556356;RS;A2706;00019200000012906743;MultiModal;25/06/2026 01:04;-;25/06/2026 01:04;-
556356;RS;A6242;00019200000012906751;MultiModal;25/06/2026 01:04;-;25/06/2026 01:04;-
556356;RS;A6309;00019200000012906999;MultiModal;25/06/2026 01:04;-;25/06/2026 01:04;-
556356;RS;A0663;00019200000012907006;MultiModal;25/06/2026 01:04;-;25/06/2026 01:04;-
556356;RS;A6678;00019200000012907030;MultiModal;25/06/2026 01:04;-;25/06/2026 01:04;-
556356;RS;A4544;00019200000012907057;MultiModal;25/06/2026 01:04;-;25/06/2026 01:04;-
556356;RS;A4578;00019200000012907073;MultiModal;25/06/2026 01:04;-;25/06/2026 01:04;-
556356;RS;A0693;00019200000012907090;MultiModal;25/06/2026 01:04;-;25/06/2026 01:04;-
556356;RS;A4394;00019200000012907111;MultiModal;25/06/2026 01:04;-;25/06/2026 01:04;-
556356;RS;A7945;00019200000012907120;MultiModal;25/06/2026 01:04;-;25/06/2026 01:04;-
556356;RS;A4587;00019200000012907138;MultiModal;25/06/2026 01:04;-;25/06/2026 01:04;-
556356;RS;A9226;00019200000012907146;MultiModal;25/06/2026 01:04;-;25/06/2026 01:04;-
556356;RS;A6001;00019200000012907154;MultiModal;25/06/2026 01:04;-;25/06/2026 01:04;-
556356;RS;A3053;00019200000012907162;MultiModal;25/06/2026 01:04;-;25/06/2026 01:04;-
556356;RS;A3197;00019200000012907294;MultiModal;25/06/2026 01:04;-;25/06/2026 01:04;-
556356;RS;TA0710;00019200000012907618;MultiModal;25/06/2026 01:04;-;25/06/2026 01:04;-
556356;RS;A4878;00019200000012907626;MultiModal;25/06/2026 01:04;-;25/06/2026 01:04;-
556356;RS;A7276;00019200000012907642;MultiModal;25/06/2026 01:04;-;25/06/2026 01:04;-
556356;RS;TA0509;00019200000012907650;MultiModal;25/06/2026 01:04;-;25/06/2026 01:04;-
556356;RS;A4151;00019200000012907685;MultiModal;25/06/2026 01:04;-;25/06/2026 01:04;-
556356;RS;A6397;00019200000012907693;MultiModal;25/06/2026 01:04;-;25/06/2026 01:04;-
556427;RS;A9014;00019200000012726109;MultiModal;10/06/2026 08:20;11/06/2026 13:30;-;-
556427;RS;A3092;00019200000012726133;MultiModal;10/06/2026 08:20;11/06/2026 13:30;-;-
556427;RS;A0363;00019200000012726141;MultiModal;10/06/2026 08:20;11/06/2026 13:30;-;-
556427;RS;A4395;00019200000012726150;MultiModal;10/06/2026 08:20;11/06/2026 13:30;-;-
556432;RS;TA0261;00019200000012715670;MultiModal;10/06/2026 06:42;11/06/2026 13:30;-;-
556432;RS;TA1228;00019200000012715689;MultiModal;10/06/2026 06:42;11/06/2026 13:30;-;-
556432;RS;A8557;00019200000012715697;MultiModal;10/06/2026 06:42;11/06/2026 13:30;-;-
556432;RS;A2768;00019200000012715700;MultiModal;10/06/2026 06:42;11/06/2026 13:30;-;-
556432;RS;A3429;00019200000012715719;MultiModal;10/06/2026 06:42;11/06/2026 13:30;-;-
556432;RS;TA0551;00019200000012715727;MultiModal;10/06/2026 06:42;11/06/2026 13:30;-;-
556432;RS;TA0219;00019200000012725455;MultiModal;10/06/2026 06:42;11/06/2026 13:30;-;-
556432;RS;A0244;00019200000012726699;MultiModal;10/06/2026 06:42;11/06/2026 13:30;-;-
556432;RS;TA0888;00019200000012726702;MultiModal;10/06/2026 06:42;11/06/2026 13:30;-;-
556432;RS;A8012;00019200000012727768;MultiModal;10/06/2026 06:42;11/06/2026 13:30;-;-
556432;RS;TA0975;00019200000012727776;MultiModal;10/06/2026 06:42;11/06/2026 13:30;-;-
556432;RS;A3755;00019200000012727806;MultiModal;10/06/2026 06:42;11/06/2026 13:30;-;-
556432;RS;A8230;00019200000012727814;MultiModal;10/06/2026 06:42;11/06/2026 13:30;-;-
556432;RS;TA0625;00019200000012727822;MultiModal;10/06/2026 06:42;11/06/2026 13:30;-;-
556432;RS;A7323;00019200000012900737;MultiModal;10/06/2026 06:42;11/06/2026 13:30;-;-
556432;RS;A3154;00019200000012900745;MultiModal;10/06/2026 06:42;11/06/2026 13:30;-;-
556432;RS;A8407;00019200000012900753;MultiModal;10/06/2026 06:42;11/06/2026 13:30;-;-
556432;RS;TA0272;00019200000012900761;MultiModal;10/06/2026 06:42;11/06/2026 13:30;-;-
556432;RS;TA0652;00019200000012900770;MultiModal;10/06/2026 06:42;11/06/2026 13:30;-;-
556432;RS;A3094;00019200000012900788;MultiModal;10/06/2026 06:42;11/06/2026 13:30;-;-
556432;RS;A4800;00019200000012900796;MultiModal;10/06/2026 06:42;11/06/2026 13:30;-;-
556432;RS;A2469;00019200000012900800;MultiModal;10/06/2026 06:42;11/06/2026 13:30;-;-
556432;RS;A5992;00019200000012900818;MultiModal;10/06/2026 06:42;11/06/2026 13:30;-;-
556432;RS;TA0792;00019200000012900826;MultiModal;10/06/2026 06:42;11/06/2026 13:30;-;-
556432;RS;TA1042;00019200000012900834;MultiModal;10/06/2026 06:42;11/06/2026 13:30;-;-
556432;RS;A1595;00019200000012900842;MultiModal;10/06/2026 06:42;11/06/2026 13:30;-;-
556432;RS;A3649;00019200000012900850;MultiModal;10/06/2026 06:42;11/06/2026 13:30;-;-
556432;RS;A3889;00019200000012900869;MultiModal;10/06/2026 06:42;11/06/2026 13:30;-;-
556432;RS;A8312;00019200000012900877;MultiModal;10/06/2026 06:42;11/06/2026 13:30;-;-
556432;RS;A3124;00019200000012900885;MultiModal;10/06/2026 06:42;11/06/2026 13:30;-;-
556432;RS;A2948;00019200000012900893;MultiModal;10/06/2026 06:42;11/06/2026 13:30;-;-
556432;RS;A4767;00019200000012900907;MultiModal;10/06/2026 06:42;11/06/2026 13:30;-;-
556432;RS;TA0968;00019200000012900915;MultiModal;10/06/2026 06:42;11/06/2026 13:30;-;-
556432;RS;A3199;00019200000012900923;MultiModal;10/06/2026 06:42;11/06/2026 13:30;-;-
556432;RS;A1984;00019200000012900931;MultiModal;10/06/2026 06:42;11/06/2026 13:30;-;-
556432;RS;A3796;00019200000012900940;MultiModal;10/06/2026 06:42;11/06/2026 13:30;-;-
556432;RS;A3116;00019200000012900958;MultiModal;10/06/2026 06:42;11/06/2026 13:30;-;-
556432;RS;A2942;00019200000012900966;MultiModal;10/06/2026 06:42;11/06/2026 13:30;-;-
556432;RS;TA0865;00019200000012900974;MultiModal;10/06/2026 06:42;11/06/2026 13:30;-;-
556432;RS;A2989;00019200000012900982;MultiModal;10/06/2026 06:42;11/06/2026 13:30;-;-
556432;RS;A1347;00019200000012900990;MultiModal;10/06/2026 06:42;11/06/2026 13:30;-;-
556432;RS;A5183;00019200000012901008;MultiModal;10/06/2026 06:42;11/06/2026 13:30;-;-
556432;RS;TA0535;00019200000012901016;MultiModal;10/06/2026 06:42;11/06/2026 13:30;-;-
556432;RS;A3762;00019200000012901024;MultiModal;10/06/2026 06:42;11/06/2026 13:30;-;-
556432;RS;TA1214;00019200000012901032;MultiModal;10/06/2026 06:42;11/06/2026 13:30;-;-
556432;RS;TA0278;00019200000012901040;MultiModal;10/06/2026 06:42;11/06/2026 13:30;-;-
556432;RS;A0081;00019200000012901059;MultiModal;10/06/2026 06:42;11/06/2026 13:30;-;-
556432;RS;A4343;00019200000012901075;MultiModal;10/06/2026 06:42;11/06/2026 13:30;-;-
556432;RS;A6328;00019200000012901083;MultiModal;10/06/2026 06:42;11/06/2026 13:30;-;-
556432;RS;A7942;00019200000012901091;MultiModal;10/06/2026 06:42;11/06/2026 13:30;-;-
556432;RS;A9144;00019200000012901105;MultiModal;10/06/2026 06:42;11/06/2026 13:30;-;-
556432;RS;TA0223;00019200000012901113;MultiModal;10/06/2026 06:42;11/06/2026 13:30;-;-
556432;RS;A1100;00019200000012901130;MultiModal;10/06/2026 06:42;11/06/2026 13:30;-;-
556459;RS;A7795;00019200000013408453;MultiModal;14/07/2026 04:34;-;14/07/2026 04:34;-
556459;RS;A6011;00019200000013408470;MultiModal;14/07/2026 04:34;-;14/07/2026 04:34;-
556459;RS;A9684;00019200000013408488;MultiModal;14/07/2026 04:34;-;14/07/2026 04:34;-
556459;RS;A2672;00019200000013408569;MultiModal;14/07/2026 04:34;-;14/07/2026 04:34;-
556518;RS;A4909;00019200000013336231;MultiModal;20/06/2026 22:17;22/06/2026 15:00;20/06/2026 22:17;22/06/2026 15:00
556518;RS;A7825;00019200000013336240;MultiModal;20/06/2026 22:17;22/06/2026 15:00;20/06/2026 22:17;22/06/2026 15:00
556518;RS;A1844;00019200000013336258;MultiModal;20/06/2026 22:17;22/06/2026 15:00;20/06/2026 22:17;22/06/2026 15:00
556518;RS;A0811;00019200000013336266;MultiModal;20/06/2026 22:17;22/06/2026 15:00;20/06/2026 22:17;22/06/2026 15:00
556518;RS;A7691;00019200000013336274;MultiModal;20/06/2026 22:17;22/06/2026 15:00;20/06/2026 22:17;22/06/2026 15:00
556518;RS;A7061;00019200000013336282;MultiModal;20/06/2026 22:17;22/06/2026 15:00;20/06/2026 22:17;22/06/2026 15:00
556960;RS;A8785;00019200000012906727;MultiModal;10/06/2026 06:42;11/06/2026 18:00;-;-
556960;RS;A0086;00019200000012906808;MultiModal;10/06/2026 06:42;11/06/2026 18:00;-;-
556960;RS;A8787;00019200000012907200;MultiModal;10/06/2026 06:42;11/06/2026 18:00;-;-
557164;RS;A7794;00019200000013210475;MultiModal;15/06/2026 10:12;16/06/2026 17:00;15/06/2026 10:12;16/06/2026 17:00
557205;RS;TA0608;00019200000012697923;MultiModal;18/06/2026 03:50;18/06/2026 19:00;18/06/2026 03:50;18/06/2026 19:00
557205;RS;A3911;00019200000012697931;MultiModal;18/06/2026 03:50;18/06/2026 19:00;18/06/2026 03:50;18/06/2026 19:00
557336;RS;A0818;00019200000012656488;MultiModal;12/06/2026 00:22;15/06/2026 17:00;-;-
557389;RS;A8351;00019200000012656356;MultiModal;11/06/2026 23:20;15/06/2026 17:00;-;-
557427;RS;A5720;00019200000012654949;MultiModal;11/06/2026 23:19;15/06/2026 17:00;-;-
557494;RS;AS-0575;00019200000012921572;MultiModal;16/06/2026 05:11;17/06/2026 17:14;16/06/2026 09:00;17/06/2026 17:14
557494;RS;AS-0034;00019200000012921580;MultiModal;16/06/2026 05:11;17/06/2026 17:14;16/06/2026 09:00;17/06/2026 17:14
557494;RS;AS-0841;00019200000012921599;MultiModal;16/06/2026 05:11;17/06/2026 17:14;16/06/2026 09:00;17/06/2026 17:14
557494;RS;AS-0180;00019200000012921602;MultiModal;16/06/2026 05:11;17/06/2026 17:14;16/06/2026 09:00;17/06/2026 17:14
557494;RS;869170035511360;00019200000012921610;MultiModal;16/06/2026 05:11;17/06/2026 17:14;16/06/2026 09:00;17/06/2026 17:14
557494;RS;AS-0011;00019200000012921629;MultiModal;16/06/2026 05:11;17/06/2026 17:14;16/06/2026 09:00;17/06/2026 17:14
557494;RS;869170035513879;00019200000012921637;MultiModal;16/06/2026 05:11;17/06/2026 17:14;16/06/2026 09:00;17/06/2026 17:14
557494;RS;AS-0835;00019200000012921645;MultiModal;16/06/2026 05:11;17/06/2026 17:14;16/06/2026 09:00;17/06/2026 17:14
557494;RS;AS-0001;00019200000012921653;MultiModal;16/06/2026 05:11;17/06/2026 17:14;16/06/2026 09:00;17/06/2026 17:14
557494;RS;AS-0608;00019200000012921670;MultiModal;16/06/2026 05:11;17/06/2026 17:14;16/06/2026 09:00;17/06/2026 17:14
557494;RS;AS-0897;00019200000012921688;MultiModal;16/06/2026 05:11;17/06/2026 17:14;16/06/2026 09:00;17/06/2026 17:14
557494;RS;AS-0817;00019200000012921696;MultiModal;16/06/2026 05:11;17/06/2026 17:14;16/06/2026 09:00;17/06/2026 17:14
557502;RS;A7125;00019200000012654418;MultiModal;11/06/2026 23:22;16/06/2026 19:00;-;-
557640;RS;TA0408;00019200000012921050;MultiModal;18/06/2026 03:50;18/06/2026 19:00;18/06/2026 03:50;18/06/2026 19:00
557673;RS;A2179;00019200000013242482;MultiModal;16/06/2026 06:47;17/06/2026 17:00;16/06/2026 06:47;17/06/2026 17:00
557904;RS;A4781;00019200000012418552;Rodoviário;23/06/2026 12:54;25/06/2026 10:09;23/06/2026 12:54;25/06/2026 10:09
557904;RS;TA1134;00019200000012418560;Rodoviário;23/06/2026 12:54;25/06/2026 10:09;23/06/2026 12:54;25/06/2026 10:09
557904;RS;A1306;00019200000012418579;Rodoviário;23/06/2026 12:54;25/06/2026 10:09;23/06/2026 12:54;25/06/2026 10:09
557904;RS;A7381;00019200000012418587;Rodoviário;23/06/2026 12:54;25/06/2026 10:09;23/06/2026 12:54;25/06/2026 10:09
557904;RS;A6855;00019200000012418595;Rodoviário;23/06/2026 12:54;25/06/2026 10:09;23/06/2026 12:54;25/06/2026 10:09
557904;RS;A9622;00019200000012418609;Rodoviário;23/06/2026 12:54;25/06/2026 10:09;23/06/2026 12:54;25/06/2026 10:09
557904;RS;A5863;00019200000012418617;Rodoviário;23/06/2026 12:54;25/06/2026 10:09;23/06/2026 12:54;25/06/2026 10:09
557904;RS;A6614;00019200000012418625;Rodoviário;23/06/2026 12:54;25/06/2026 10:09;23/06/2026 12:54;25/06/2026 10:09
557904;RS;A2111;00019200000012418633;Rodoviário;23/06/2026 12:54;25/06/2026 10:09;23/06/2026 12:54;25/06/2026 10:09
557904;RS;A9684;00019200000012418790;Rodoviário;23/06/2026 12:54;25/06/2026 10:09;23/06/2026 12:54;25/06/2026 10:09
557905;RS;A6780;00019200000012433179;Rodoviário;23/06/2026 12:53;25/06/2026 10:08;23/06/2026 12:53;25/06/2026 10:08
557905;RS;A9474;00019200000013236091;Rodoviário;23/06/2026 12:53;25/06/2026 10:08;23/06/2026 12:53;25/06/2026 10:08
557905;RS;A0342;00019200000013236121;Rodoviário;23/06/2026 12:53;25/06/2026 10:08;23/06/2026 12:53;25/06/2026 10:08
557905;RS;TA0523;00019200000013236156;Rodoviário;23/06/2026 12:53;25/06/2026 10:08;23/06/2026 12:53;25/06/2026 10:08
557905;RS;A2410;00019200000013236164;Rodoviário;23/06/2026 12:53;25/06/2026 10:08;23/06/2026 12:53;25/06/2026 10:08
557905;RS;A6398;00019200000013236814;Rodoviário;23/06/2026 12:53;25/06/2026 10:08;23/06/2026 12:53;25/06/2026 10:08
557905;RS;A7551;00019200000013236822;Rodoviário;23/06/2026 12:53;25/06/2026 10:08;23/06/2026 12:53;25/06/2026 10:08
557905;RS;A5228;00019200000013236830;Rodoviário;23/06/2026 12:53;25/06/2026 10:08;23/06/2026 12:53;25/06/2026 10:08
557905;RS;A6639;00019200000013236849;Rodoviário;23/06/2026 12:53;25/06/2026 10:08;23/06/2026 12:53;25/06/2026 10:08
557905;RS;A4901;00019200000013236857;Rodoviário;23/06/2026 12:53;25/06/2026 10:08;23/06/2026 12:53;25/06/2026 10:08
557905;RS;A4803;00019200000013236865;Rodoviário;23/06/2026 12:53;25/06/2026 10:08;23/06/2026 12:53;25/06/2026 10:08
557905;RS;TA0769;00019200000013236873;Rodoviário;23/06/2026 12:53;25/06/2026 10:08;23/06/2026 12:53;25/06/2026 10:08
557905;RS;A1056;00019200000013236881;Rodoviário;23/06/2026 12:53;25/06/2026 10:08;23/06/2026 12:53;25/06/2026 10:08
557905;RS;A3268;00019200000013237195;Rodoviário;23/06/2026 12:53;25/06/2026 10:08;23/06/2026 12:53;25/06/2026 10:08
557905;RS;TA1031;00019200000013237209;Rodoviário;23/06/2026 12:53;25/06/2026 10:08;23/06/2026 12:53;25/06/2026 10:08
557906;RS;A5703;00019200000013237373;Rodoviário;23/06/2026 12:52;25/06/2026 10:00;23/06/2026 12:52;25/06/2026 10:00
557906;RS;A5977;00019200000013237519;Rodoviário;23/06/2026 12:52;25/06/2026 10:00;23/06/2026 12:52;25/06/2026 10:00
557906;RS;A5904;00019200000013237527;Rodoviário;23/06/2026 12:52;25/06/2026 10:00;23/06/2026 12:52;25/06/2026 10:00
557906;RS;A5900;00019200000013237535;Rodoviário;23/06/2026 12:52;25/06/2026 10:00;23/06/2026 12:52;25/06/2026 10:00
557906;RS;A6158;00019200000013237543;Rodoviário;23/06/2026 12:52;25/06/2026 10:00;23/06/2026 12:52;25/06/2026 10:00
557906;RS;A6043;00019200000013237551;Rodoviário;23/06/2026 12:52;25/06/2026 10:00;23/06/2026 12:52;25/06/2026 10:00
557906;RS;A6159;00019200000013237560;Rodoviário;23/06/2026 12:52;25/06/2026 10:00;23/06/2026 12:52;25/06/2026 10:00
557906;RS;A5727;00019200000013237578;Rodoviário;23/06/2026 12:52;25/06/2026 10:00;23/06/2026 12:52;25/06/2026 10:00
557906;RS;A5950;00019200000013237586;Rodoviário;23/06/2026 12:52;25/06/2026 10:00;23/06/2026 12:52;25/06/2026 10:00
557906;RS;A6110;00019200000013237594;Rodoviário;23/06/2026 12:52;25/06/2026 10:00;23/06/2026 12:52;25/06/2026 10:00
557906;RS;A6090;00019200000013237608;Rodoviário;23/06/2026 12:52;25/06/2026 10:00;23/06/2026 12:52;25/06/2026 10:00
557906;RS;A5750;00019200000013237616;Rodoviário;23/06/2026 12:52;25/06/2026 10:00;23/06/2026 12:52;25/06/2026 10:00
557906;RS;A1757;00019200000013237624;Rodoviário;23/06/2026 12:52;25/06/2026 10:00;23/06/2026 12:52;25/06/2026 10:00
557906;RS;A5471;00019200000013237632;Rodoviário;23/06/2026 12:52;25/06/2026 10:00;23/06/2026 12:52;25/06/2026 10:00
557906;RS;A5938;00019200000013237640;Rodoviário;23/06/2026 12:52;25/06/2026 10:00;23/06/2026 12:52;25/06/2026 10:00
557906;RS;A1685;00019200000013237659;Rodoviário;23/06/2026 12:52;25/06/2026 10:00;23/06/2026 12:52;25/06/2026 10:00
557906;RS;A5963;00019200000013237667;Rodoviário;23/06/2026 12:52;25/06/2026 10:00;23/06/2026 12:52;25/06/2026 10:00
557906;RS;A6127;00019200000013237683;Rodoviário;23/06/2026 12:52;25/06/2026 10:00;23/06/2026 12:52;25/06/2026 10:00
557906;RS;A6180;00019200000013237691;Rodoviário;23/06/2026 12:52;25/06/2026 10:00;23/06/2026 12:52;25/06/2026 10:00
557906;RS;A0599;00019200000013237705;Rodoviário;23/06/2026 12:52;25/06/2026 10:00;23/06/2026 12:52;25/06/2026 10:00
557906;RS;A9618;00019200000013237713;Rodoviário;23/06/2026 12:52;25/06/2026 10:00;23/06/2026 12:52;25/06/2026 10:00
557906;RS;A5596;00019200000013237721;Rodoviário;23/06/2026 12:52;25/06/2026 10:00;23/06/2026 12:52;25/06/2026 10:00
557906;RS;A5579;00019200000013237730;Rodoviário;23/06/2026 12:52;25/06/2026 10:00;23/06/2026 12:52;25/06/2026 10:00
557906;RS;A6038;00019200000013237748;Rodoviário;23/06/2026 12:52;25/06/2026 10:00;23/06/2026 12:52;25/06/2026 10:00
557909;RS;A8473;00019200000013236172;Rodoviário;23/06/2026 12:50;25/06/2026 10:04;23/06/2026 12:56;25/06/2026 10:04
557909;RS;A8705;00019200000013236180;Rodoviário;23/06/2026 12:50;25/06/2026 10:04;23/06/2026 12:56;25/06/2026 10:04
557909;RS;TA0259;00019200000013236199;Rodoviário;23/06/2026 12:50;25/06/2026 10:04;23/06/2026 12:56;25/06/2026 10:04
557909;RS;A4843;00019200000013236202;Rodoviário;23/06/2026 12:50;25/06/2026 10:04;23/06/2026 12:56;25/06/2026 10:04
557909;RS;A6866;00019200000013236210;Rodoviário;23/06/2026 12:50;25/06/2026 10:04;23/06/2026 12:56;25/06/2026 10:04
557909;RS;TA1029;00019200000013236890;Rodoviário;23/06/2026 12:50;25/06/2026 10:04;23/06/2026 12:56;25/06/2026 10:04
557909;RS;A9611;00019200000013236903;Rodoviário;23/06/2026 12:50;25/06/2026 10:04;23/06/2026 12:56;25/06/2026 10:04
557909;RS;A7135;00019200000013236911;Rodoviário;23/06/2026 12:50;25/06/2026 10:04;23/06/2026 12:56;25/06/2026 10:04
557909;RS;A6379;00019200000013236920;Rodoviário;23/06/2026 12:50;25/06/2026 10:04;23/06/2026 12:56;25/06/2026 10:04
557909;RS;A7420;00019200000013236938;Rodoviário;23/06/2026 12:50;25/06/2026 10:04;23/06/2026 12:56;25/06/2026 10:04
557909;RS;A6011;00019200000013236946;Rodoviário;23/06/2026 12:50;25/06/2026 10:04;23/06/2026 12:56;25/06/2026 10:04
557909;RS;TA0421;00019200000013236954;Rodoviário;23/06/2026 12:50;25/06/2026 10:04;23/06/2026 12:56;25/06/2026 10:04
557909;RS;A6917;00019200000013236962;Rodoviário;23/06/2026 12:50;25/06/2026 10:04;23/06/2026 12:56;25/06/2026 10:04
557909;RS;A7182;00019200000013236970;Rodoviário;23/06/2026 12:50;25/06/2026 10:04;23/06/2026 12:56;25/06/2026 10:04
557909;RS;A6449;00019200000013236989;Rodoviário;23/06/2026 12:50;25/06/2026 10:04;23/06/2026 12:56;25/06/2026 10:04
557909;RS;TA0208;00019200000013236997;Rodoviário;23/06/2026 12:50;25/06/2026 10:04;23/06/2026 12:56;25/06/2026 10:04
557909;RS;TA0722;00019200000013237004;Rodoviário;23/06/2026 12:50;25/06/2026 10:04;23/06/2026 12:56;25/06/2026 10:04
557909;RS;A9259;00019200000013237012;Rodoviário;23/06/2026 12:50;25/06/2026 10:04;23/06/2026 12:56;25/06/2026 10:04
557909;RS;A6228;00019200000013237020;Rodoviário;23/06/2026 12:50;25/06/2026 10:04;23/06/2026 12:56;25/06/2026 10:04
557909;RS;A6801;00019200000013237039;Rodoviário;23/06/2026 12:50;25/06/2026 10:04;23/06/2026 12:56;25/06/2026 10:04
557909;RS;A8001;00019200000013237047;Rodoviário;23/06/2026 12:50;25/06/2026 10:04;23/06/2026 12:56;25/06/2026 10:04
557909;RS;TA0763;00019200000013237055;Rodoviário;23/06/2026 12:50;25/06/2026 10:04;23/06/2026 12:56;25/06/2026 10:04
557909;RS;A8114;00019200000013237063;Rodoviário;23/06/2026 12:50;25/06/2026 10:04;23/06/2026 12:56;25/06/2026 10:04
557909;RS;TA0677;00019200000013237071;Rodoviário;23/06/2026 12:50;25/06/2026 10:04;23/06/2026 12:56;25/06/2026 10:04
557909;RS;A9553;00019200000013237080;Rodoviário;23/06/2026 12:50;25/06/2026 10:04;23/06/2026 12:56;25/06/2026 10:04
557909;RS;A7715;00019200000013237098;Rodoviário;23/06/2026 12:50;25/06/2026 10:04;23/06/2026 12:56;25/06/2026 10:04
557909;RS;A8643;00019200000013237101;Rodoviário;23/06/2026 12:50;25/06/2026 10:04;23/06/2026 12:56;25/06/2026 10:04
557909;RS;A7962;00019200000013237110;Rodoviário;23/06/2026 12:50;25/06/2026 10:04;23/06/2026 12:56;25/06/2026 10:04
557909;RS;A7472;00019200000013237128;Rodoviário;23/06/2026 12:50;25/06/2026 10:04;23/06/2026 12:56;25/06/2026 10:04
557909;RS;TA1092;00019200000013237136;Rodoviário;23/06/2026 12:50;25/06/2026 10:04;23/06/2026 12:56;25/06/2026 10:04
557909;RS;A4473;00019200000013237144;Rodoviário;23/06/2026 12:50;25/06/2026 10:04;23/06/2026 12:56;25/06/2026 10:04
557909;RS;TA0533;00019200000013237152;Rodoviário;23/06/2026 12:50;25/06/2026 10:04;23/06/2026 12:56;25/06/2026 10:04
557909;RS;A3619;00019200000013237160;Rodoviário;23/06/2026 12:50;25/06/2026 10:04;23/06/2026 12:56;25/06/2026 10:04
557909;RS;A8306;00019200000013237179;Rodoviário;23/06/2026 12:50;25/06/2026 10:04;23/06/2026 12:56;25/06/2026 10:04
557909;RS;TA1204;00019200000013237187;Rodoviário;23/06/2026 12:50;25/06/2026 10:04;23/06/2026 12:56;25/06/2026 10:04
557909;RS;A7658;00019200000013237217;Rodoviário;23/06/2026 12:50;25/06/2026 10:04;23/06/2026 12:56;25/06/2026 10:04
557909;RS;TA0435;00019200000013237225;Rodoviário;23/06/2026 12:50;25/06/2026 10:04;23/06/2026 12:56;25/06/2026 10:04
557909;RS;A7087;00019200000013237233;Rodoviário;23/06/2026 12:50;25/06/2026 10:04;23/06/2026 12:56;25/06/2026 10:04
557910;RS;A5858;00019200000013204300;Rodoviário;23/06/2026 12:55;25/06/2026 10:07;23/06/2026 12:55;25/06/2026 10:07
557910;RS;A7975;00019200000013239139;Rodoviário;23/06/2026 12:55;25/06/2026 10:07;23/06/2026 12:55;25/06/2026 10:07
557910;RS;TA0324;00019200000013239147;Rodoviário;23/06/2026 12:55;25/06/2026 10:07;23/06/2026 12:55;25/06/2026 10:07
557910;RS;A8204;00019200000013239155;Rodoviário;23/06/2026 12:55;25/06/2026 10:07;23/06/2026 12:55;25/06/2026 10:07
557910;RS;A2757;00019200000013239163;Rodoviário;23/06/2026 12:55;25/06/2026 10:07;23/06/2026 12:55;25/06/2026 10:07
557910;RS;A9421;00019200000013239171;Rodoviário;23/06/2026 12:55;25/06/2026 10:07;23/06/2026 12:55;25/06/2026 10:07
557910;RS;TA1023;00019200000013239180;Rodoviário;23/06/2026 12:55;25/06/2026 10:07;23/06/2026 12:55;25/06/2026 10:07
557910;RS;S1588;00019200000013239597;Rodoviário;23/06/2026 12:55;25/06/2026 10:07;23/06/2026 12:55;25/06/2026 10:07
557910;RS;A9236;00019200000013239600;Rodoviário;23/06/2026 12:55;25/06/2026 10:07;23/06/2026 12:55;25/06/2026 10:07
557910;RS;A3522;00019200000013239619;Rodoviário;23/06/2026 12:55;25/06/2026 10:07;23/06/2026 12:55;25/06/2026 10:07
557910;RS;A6294;00019200000013239627;Rodoviário;23/06/2026 12:55;25/06/2026 10:07;23/06/2026 12:55;25/06/2026 10:07
557910;RS;TA0286;00019200000013239635;Rodoviário;23/06/2026 12:55;25/06/2026 10:07;23/06/2026 12:55;25/06/2026 10:07
557910;RS;TA0999;00019200000013239643;Rodoviário;23/06/2026 12:55;25/06/2026 10:07;23/06/2026 12:55;25/06/2026 10:07
557910;RS;A6840;00019200000013239651;Rodoviário;23/06/2026 12:55;25/06/2026 10:07;23/06/2026 12:55;25/06/2026 10:07
557910;RS;A7875;00019200000013239660;Rodoviário;23/06/2026 12:55;25/06/2026 10:07;23/06/2026 12:55;25/06/2026 10:07
557910;RS;A8489;00019200000013239678;Rodoviário;23/06/2026 12:55;25/06/2026 10:07;23/06/2026 12:55;25/06/2026 10:07
557910;RS;A2269;00019200000013239686;Rodoviário;23/06/2026 12:55;25/06/2026 10:07;23/06/2026 12:55;25/06/2026 10:07
557910;RS;A9139;00019200000013239694;Rodoviário;23/06/2026 12:55;25/06/2026 10:07;23/06/2026 12:55;25/06/2026 10:07
557910;RS;A2995;00019200000013239708;Rodoviário;23/06/2026 12:55;25/06/2026 10:07;23/06/2026 12:55;25/06/2026 10:07
557910;RS;A7884;00019200000013239716;Rodoviário;23/06/2026 12:55;25/06/2026 10:07;23/06/2026 12:55;25/06/2026 10:07
557910;RS;A3534;00019200000013239724;Rodoviário;23/06/2026 12:55;25/06/2026 10:07;23/06/2026 12:55;25/06/2026 10:07
557910;RS;A8349;00019200000013239732;Rodoviário;23/06/2026 12:55;25/06/2026 10:07;23/06/2026 12:55;25/06/2026 10:07
557910;RS;A6166;00019200000013239783;Rodoviário;23/06/2026 12:55;25/06/2026 10:07;23/06/2026 12:55;25/06/2026 10:07
557910;RS;A4356;00019200000013239791;Rodoviário;23/06/2026 12:55;25/06/2026 10:07;23/06/2026 12:55;25/06/2026 10:07
557910;RS;TA0213;00019200000013239805;Rodoviário;23/06/2026 12:55;25/06/2026 10:07;23/06/2026 12:55;25/06/2026 10:07
557910;RS;A0373;00019200000013239813;Rodoviário;23/06/2026 12:55;25/06/2026 10:07;23/06/2026 12:55;25/06/2026 10:07
557911;RS;A6101;00019200000013335723;Rodoviário;23/06/2026 12:50;25/06/2026 10:02;23/06/2026 12:57;25/06/2026 10:02
557911;RS;A6190;00019200000013335731;Rodoviário;23/06/2026 12:50;25/06/2026 10:02;23/06/2026 12:57;25/06/2026 10:02
557911;RS;A5445;00019200000013335740;Rodoviário;23/06/2026 12:50;25/06/2026 10:02;23/06/2026 12:57;25/06/2026 10:02
557911;RS;A6097;00019200000013335758;Rodoviário;23/06/2026 12:50;25/06/2026 10:02;23/06/2026 12:57;25/06/2026 10:02
557911;RS;A6149;00019200000013335766;Rodoviário;23/06/2026 12:50;25/06/2026 10:02;23/06/2026 12:57;25/06/2026 10:02
557911;RS;A6088;00019200000013335774;Rodoviário;23/06/2026 12:50;25/06/2026 10:02;23/06/2026 12:57;25/06/2026 10:02
557911;RS;A6186;00019200000013335782;Rodoviário;23/06/2026 12:50;25/06/2026 10:02;23/06/2026 12:57;25/06/2026 10:02
557911;RS;A5636;00019200000013335790;Rodoviário;23/06/2026 12:50;25/06/2026 10:02;23/06/2026 12:57;25/06/2026 10:02
557911;RS;A5808;00019200000013335804;Rodoviário;23/06/2026 12:50;25/06/2026 10:02;23/06/2026 12:57;25/06/2026 10:02
557911;RS;A1612;00019200000013335812;Rodoviário;23/06/2026 12:50;25/06/2026 10:02;23/06/2026 12:57;25/06/2026 10:02
557911;RS;A6137;00019200000013335820;Rodoviário;23/06/2026 12:50;25/06/2026 10:02;23/06/2026 12:57;25/06/2026 10:02
557911;RS;A5026;00019200000013335839;Rodoviário;23/06/2026 12:50;25/06/2026 10:02;23/06/2026 12:57;25/06/2026 10:02
557911;RS;S0639;00019200000013335847;Rodoviário;23/06/2026 12:50;25/06/2026 10:02;23/06/2026 12:57;25/06/2026 10:02
557911;RS;A6136;00019200000013335855;Rodoviário;23/06/2026 12:50;25/06/2026 10:02;23/06/2026 12:57;25/06/2026 10:02
557911;RS;A5603;00019200000013335863;Rodoviário;23/06/2026 12:50;25/06/2026 10:02;23/06/2026 12:57;25/06/2026 10:02
557911;RS;A2367;00019200000013335871;Rodoviário;23/06/2026 12:50;25/06/2026 10:02;23/06/2026 12:57;25/06/2026 10:02
557911;RS;A6062;00019200000013335880;Rodoviário;23/06/2026 12:50;25/06/2026 10:02;23/06/2026 12:57;25/06/2026 10:02
557911;RS;A5843;00019200000013335898;Rodoviário;23/06/2026 12:50;25/06/2026 10:02;23/06/2026 12:57;25/06/2026 10:02
557911;RS;A6060;00019200000013335901;Rodoviário;23/06/2026 12:50;25/06/2026 10:02;23/06/2026 12:57;25/06/2026 10:02
557911;RS;A1209;00019200000013335910;Rodoviário;23/06/2026 12:50;25/06/2026 10:02;23/06/2026 12:57;25/06/2026 10:02
557911;RS;A5504;00019200000013335928;Rodoviário;23/06/2026 12:50;25/06/2026 10:02;23/06/2026 12:57;25/06/2026 10:02
557911;RS;A6708;00019200000013335936;Rodoviário;23/06/2026 12:50;25/06/2026 10:02;23/06/2026 12:57;25/06/2026 10:02
557911;RS;TA1004;00019200000013335944;Rodoviário;23/06/2026 12:50;25/06/2026 10:02;23/06/2026 12:57;25/06/2026 10:02
557911;RS;A6134;00019200000013335952;Rodoviário;23/06/2026 12:50;25/06/2026 10:02;23/06/2026 12:57;25/06/2026 10:02
558066;RS;A1034;00019200000012926094;MultiModal;18/06/2026 04:22;24/06/2026 16:40;18/06/2026 04:22;24/06/2026 16:40
558086;RS;A1480;00019200000013211153;MultiModal;18/06/2026 04:17;18/06/2026 19:00;18/06/2026 04:17;18/06/2026 19:00
558242;RS;A8661;00019200000013242830;MultiModal;23/06/2026 05:35;24/06/2026 18:00;23/06/2026 05:35;24/06/2026 18:00
558242;RS;A7233;00019200000013242849;MultiModal;23/06/2026 05:35;24/06/2026 18:00;23/06/2026 05:35;24/06/2026 18:00
558314;RS;A1624;00019200000012927023;MultiModal;18/06/2026 22:58;20/06/2026 17:00;18/06/2026 22:58;20/06/2026 17:00
558376;RS;TA0288;00019200000013196901;MultiModal;01/07/2026 04:16;02/07/2026 15:35;01/07/2026 04:16;02/07/2026 15:35
558376;RS;A1369;00019200000013196910;MultiModal;01/07/2026 04:16;02/07/2026 15:35;01/07/2026 04:16;02/07/2026 15:35
558376;RS;TA0272;00019200000013196928;MultiModal;01/07/2026 04:16;02/07/2026 15:35;01/07/2026 04:16;02/07/2026 15:35
558376;RS;A7513;00019200000013196936;MultiModal;01/07/2026 04:16;02/07/2026 15:35;01/07/2026 04:16;02/07/2026 15:35
558376;RS;TA0489;00019200000013196944;MultiModal;01/07/2026 04:16;02/07/2026 15:35;01/07/2026 04:16;02/07/2026 15:35
558376;RS;TA0824;00019200000013196952;MultiModal;01/07/2026 04:16;02/07/2026 15:35;01/07/2026 04:16;02/07/2026 15:35
558376;RS;A9239;00019200000013196960;MultiModal;01/07/2026 04:16;02/07/2026 15:35;01/07/2026 04:16;02/07/2026 15:35
558376;RS;A2474;00019200000013196979;MultiModal;01/07/2026 04:16;02/07/2026 15:35;01/07/2026 04:16;02/07/2026 15:35
558376;RS;A6303;00019200000013196987;MultiModal;01/07/2026 04:16;02/07/2026 15:35;01/07/2026 04:16;02/07/2026 15:35
558376;RS;A1632;00019200000013196995;MultiModal;01/07/2026 04:16;02/07/2026 15:35;01/07/2026 04:16;02/07/2026 15:35
558376;RS;A7971;00019200000013197002;MultiModal;01/07/2026 04:16;02/07/2026 15:35;01/07/2026 04:16;02/07/2026 15:35
558376;RS;A6947;00019200000013197010;MultiModal;01/07/2026 04:16;02/07/2026 15:35;01/07/2026 04:16;02/07/2026 15:35
558376;RS;A4366;00019200000013197029;MultiModal;01/07/2026 04:16;02/07/2026 15:35;01/07/2026 04:16;02/07/2026 15:35
558376;RS;A6528;00019200000013202103;MultiModal;01/07/2026 04:16;02/07/2026 15:35;01/07/2026 04:16;02/07/2026 15:35
558376;RS;A7274;00019200000013202111;MultiModal;01/07/2026 04:16;02/07/2026 15:35;01/07/2026 04:16;02/07/2026 15:35
558376;RS;A7608;00019200000013202138;MultiModal;01/07/2026 04:16;02/07/2026 15:35;01/07/2026 04:16;02/07/2026 15:35
558376;RS;A1915;00019200000013202154;MultiModal;01/07/2026 04:16;02/07/2026 15:35;01/07/2026 04:16;02/07/2026 15:35
558376;RS;A8655;00019200000013202162;MultiModal;01/07/2026 04:16;02/07/2026 15:35;01/07/2026 04:16;02/07/2026 15:35
558376;RS;TA0819;00019200000013202170;MultiModal;01/07/2026 04:16;02/07/2026 15:35;01/07/2026 04:16;02/07/2026 15:35
558376;RS;A6660;00019200000013202189;MultiModal;01/07/2026 04:16;02/07/2026 15:35;01/07/2026 04:16;02/07/2026 15:35
558376;RS;A8075;00019200000013202197;MultiModal;01/07/2026 04:16;02/07/2026 15:35;01/07/2026 04:16;02/07/2026 15:35
558433;RS;A3155;00019200000012699810;MultiModal;22/06/2026 08:03;23/06/2026 18:00;22/06/2026 08:03;23/06/2026 18:00
558614;RS;A7718;00019200000013336576;MultiModal;23/06/2026 05:40;24/06/2026 18:00;23/06/2026 05:40;24/06/2026 18:00
558664;RS;A4396;00019200000013245104;MultiModal;01/07/2026 05:47;02/07/2026 15:34;01/07/2026 05:47;02/07/2026 15:34
558664;RS;A8182;00019200000013245112;MultiModal;01/07/2026 05:47;02/07/2026 15:34;01/07/2026 05:47;02/07/2026 15:34
558664;RS;A2622;00019200000013245228;MultiModal;01/07/2026 05:47;02/07/2026 15:34;01/07/2026 05:47;02/07/2026 15:34
558664;RS;A6554;00019200000013245449;MultiModal;01/07/2026 05:47;02/07/2026 15:34;01/07/2026 05:47;02/07/2026 15:34
558664;RS;A7896;00019200000013245457;MultiModal;01/07/2026 05:47;02/07/2026 15:34;01/07/2026 05:47;02/07/2026 15:34
558664;RS;TA0752;00019200000013245465;MultiModal;01/07/2026 05:47;02/07/2026 15:34;01/07/2026 05:47;02/07/2026 15:34
558664;RS;A8680;00019200000013245473;MultiModal;01/07/2026 05:47;02/07/2026 15:34;01/07/2026 05:47;02/07/2026 15:34
558664;RS;A5987;00019200000013245481;MultiModal;01/07/2026 05:47;02/07/2026 15:34;01/07/2026 05:47;02/07/2026 15:34
558664;RS;A8139;00019200000013245520;MultiModal;01/07/2026 05:47;02/07/2026 15:34;01/07/2026 05:47;02/07/2026 15:34
558664;RS;A2672;00019200000013245538;MultiModal;01/07/2026 05:47;02/07/2026 15:34;01/07/2026 05:47;02/07/2026 15:34
558664;RS;A9455;00019200000013245546;MultiModal;01/07/2026 05:47;02/07/2026 15:34;01/07/2026 05:47;02/07/2026 15:34
558664;RS;A1567;00019200000013245562;MultiModal;01/07/2026 05:47;02/07/2026 15:34;01/07/2026 05:47;02/07/2026 15:34
558664;RS;A2148;00019200000013245570;MultiModal;01/07/2026 05:47;02/07/2026 15:34;01/07/2026 05:47;02/07/2026 15:34
558664;RS;A4841;00019200000013245589;MultiModal;01/07/2026 05:47;02/07/2026 15:34;01/07/2026 05:47;02/07/2026 15:34
558664;RS;TA0050;00019200000013245597;MultiModal;01/07/2026 05:47;02/07/2026 15:34;01/07/2026 05:47;02/07/2026 15:34
558664;RS;TA0281;00019200000013245600;MultiModal;01/07/2026 05:47;02/07/2026 15:34;01/07/2026 05:47;02/07/2026 15:34
558664;RS;A2699;00019200000013245619;MultiModal;01/07/2026 05:47;02/07/2026 15:34;01/07/2026 05:47;02/07/2026 15:34
558664;RS;A2031;00019200000013245627;MultiModal;01/07/2026 05:47;02/07/2026 15:34;01/07/2026 05:47;02/07/2026 15:34
558664;RS;A7624;00019200000013245635;MultiModal;01/07/2026 05:47;02/07/2026 15:34;01/07/2026 05:47;02/07/2026 15:34
558664;RS;A9551;00019200000013245643;MultiModal;01/07/2026 05:47;02/07/2026 15:34;01/07/2026 05:47;02/07/2026 15:34
558664;RS;A8360;00019200000013245651;MultiModal;01/07/2026 05:47;02/07/2026 15:34;01/07/2026 05:47;02/07/2026 15:34
558664;RS;A6698;00019200000013245660;MultiModal;01/07/2026 05:47;02/07/2026 15:34;01/07/2026 05:47;02/07/2026 15:34
558664;RS;TA0818;00019200000013245848;MultiModal;01/07/2026 05:47;02/07/2026 15:34;01/07/2026 05:47;02/07/2026 15:34
558664;RS;A9374;00019200000013245856;MultiModal;01/07/2026 05:47;02/07/2026 15:34;01/07/2026 05:47;02/07/2026 15:34
559037;RS;A6859;00019200000013316281;MultiModal;24/06/2026 06:07;25/06/2026 18:00;24/06/2026 06:07;25/06/2026 18:00
559356;RS;A7890;00019200000013254340;MultiModal;29/06/2026 01:22;30/06/2026 14:41;29/06/2026 01:22;30/06/2026 14:41
559360;RS;A2051;00019200000013247654;MultiModal;29/06/2026 02:27;30/06/2026 15:26;29/06/2026 02:27;30/06/2026 15:26
559474;RS;A7429;00019200000013327666;MultiModal;30/06/2026 04:38;01/07/2026 14:41;30/06/2026 04:38;01/07/2026 14:41
559632;RS;A3135;00019200000013428128;MultiModal;02/07/2026 04:51;07/07/2026 15:30;02/07/2026 04:51;07/07/2026 15:30
559730;RS;A3744;00019200000013423231;MultiModal;02/07/2026 23:51;04/07/2026 13:00;02/07/2026 23:51;04/07/2026 13:00
559731;RS;A4877;00019200000013423436;MultiModal;06/07/2026 06:23;09/07/2026 13:10;06/07/2026 06:23;09/07/2026 13:10
559750;RS;TA0822;00019200000013422782;MultiModal;02/07/2026 23:51;04/07/2026 12:12;02/07/2026 23:51;04/07/2026 12:12
559867;RS;TA0987;00019200000013421212;MultiModal;06/07/2026 05:43;09/07/2026 13:00;06/07/2026 05:43;09/07/2026 13:00
560359;RS;A8257;00019200000013449311;Rodoviário;14/07/2026 09:16;16/07/2026 11:25;14/07/2026 09:16;16/07/2026 11:25
560359;RS;A4802;00019200000013449320;Rodoviário;14/07/2026 09:16;16/07/2026 11:25;14/07/2026 09:16;16/07/2026 11:25
560359;RS;A6228;00019200000013449338;Rodoviário;14/07/2026 09:16;16/07/2026 11:25;14/07/2026 09:16;16/07/2026 11:25
560359;RS;A9106;00019200000013449346;Rodoviário;14/07/2026 09:16;16/07/2026 11:25;14/07/2026 09:16;16/07/2026 11:25
560359;RS;A6209;00019200000013449354;Rodoviário;14/07/2026 09:16;16/07/2026 11:25;14/07/2026 09:16;16/07/2026 11:25
560359;RS;A8834;00019200000013449362;Rodoviário;14/07/2026 09:16;16/07/2026 11:25;14/07/2026 09:16;16/07/2026 11:25
560359;RS;A7964;00019200000013449389;Rodoviário;14/07/2026 09:16;16/07/2026 11:25;14/07/2026 09:16;16/07/2026 11:25
560359;RS;A5548;00019200000013449397;Rodoviário;14/07/2026 09:16;16/07/2026 11:25;14/07/2026 09:16;16/07/2026 11:25
560359;RS;A2757;00019200000013449400;Rodoviário;14/07/2026 09:16;16/07/2026 11:25;14/07/2026 09:16;16/07/2026 11:25
560359;RS;A7864;00019200000013449419;Rodoviário;14/07/2026 09:16;16/07/2026 11:25;14/07/2026 09:16;16/07/2026 11:25
560359;RS;A1354;00019200000013449427;Rodoviário;14/07/2026 09:16;16/07/2026 11:25;14/07/2026 09:16;16/07/2026 11:25
560359;RS;TA0798;00019200000013449435;Rodoviário;14/07/2026 09:16;16/07/2026 11:25;14/07/2026 09:16;16/07/2026 11:25
560359;RS;A0092;00019200000013449443;Rodoviário;14/07/2026 09:16;16/07/2026 11:25;14/07/2026 09:16;16/07/2026 11:25
560359;RS;A1583;00019200000013449451;Rodoviário;14/07/2026 09:16;16/07/2026 11:25;14/07/2026 09:16;16/07/2026 11:25
560359;RS;A0852;00019200000013449460;Rodoviário;14/07/2026 09:16;16/07/2026 11:25;14/07/2026 09:16;16/07/2026 11:25
560359;RS;A8160;00019200000013449478;Rodoviário;14/07/2026 09:16;16/07/2026 11:25;14/07/2026 09:16;16/07/2026 11:25
560359;RS;A3646;00019200000013449486;Rodoviário;14/07/2026 09:16;16/07/2026 11:25;14/07/2026 09:16;16/07/2026 11:25
560359;RS;A0077;00019200000013449494;Rodoviário;14/07/2026 09:16;16/07/2026 11:25;14/07/2026 09:16;16/07/2026 11:25
560359;RS;TA0867;00019200000013449508;Rodoviário;14/07/2026 09:16;16/07/2026 11:25;14/07/2026 09:16;16/07/2026 11:25
560359;RS;A3072;00019200000013449516;Rodoviário;14/07/2026 09:16;16/07/2026 11:25;14/07/2026 09:16;16/07/2026 11:25
560359;RS;TA1134;00019200000013449524;Rodoviário;14/07/2026 09:16;16/07/2026 11:25;14/07/2026 09:16;16/07/2026 11:25
560359;RS;A3181;00019200000013449532;Rodoviário;14/07/2026 09:16;16/07/2026 11:25;14/07/2026 09:16;16/07/2026 11:25
560359;RS;A7225;00019200000013449540;Rodoviário;14/07/2026 09:16;16/07/2026 11:25;14/07/2026 09:16;16/07/2026 11:25
560359;RS;A3325;00019200000013449559;Rodoviário;14/07/2026 09:16;16/07/2026 11:25;14/07/2026 09:16;16/07/2026 11:25
560359;RS;TA0819;00019200000013449567;Rodoviário;14/07/2026 09:16;16/07/2026 11:25;14/07/2026 09:16;16/07/2026 11:25
560359;RS;A5843;00019200000013449575;Rodoviário;14/07/2026 09:16;16/07/2026 11:25;14/07/2026 09:16;16/07/2026 11:25
560359;RS;A0184;00019200000013449583;Rodoviário;14/07/2026 09:16;16/07/2026 11:25;14/07/2026 09:16;16/07/2026 11:25
560359;RS;A8945;00019200000013449591;Rodoviário;14/07/2026 09:16;16/07/2026 11:25;14/07/2026 09:16;16/07/2026 11:25
560359;RS;A6763;00019200000013449605;Rodoviário;14/07/2026 09:16;16/07/2026 11:25;14/07/2026 09:16;16/07/2026 11:25
560359;RS;A3874;00019200000013449613;Rodoviário;14/07/2026 09:16;16/07/2026 11:25;14/07/2026 09:16;16/07/2026 11:25
560359;RS;TA0740;00019200000013449621;Rodoviário;14/07/2026 09:16;16/07/2026 11:25;14/07/2026 09:16;16/07/2026 11:25
560359;RS;A0199;00019200000013449630;Rodoviário;14/07/2026 09:16;16/07/2026 11:25;14/07/2026 09:16;16/07/2026 11:25
560359;RS;TA0134;00019200000013449648;Rodoviário;14/07/2026 09:16;16/07/2026 11:25;14/07/2026 09:16;16/07/2026 11:25
560359;RS;A0409;00019200000013449656;Rodoviário;14/07/2026 09:16;16/07/2026 11:25;14/07/2026 09:16;16/07/2026 11:25
560359;RS;A4558;00019200000013449664;Rodoviário;14/07/2026 09:16;16/07/2026 11:25;14/07/2026 09:16;16/07/2026 11:25
560359;RS;A5457;00019200000013449672;Rodoviário;14/07/2026 09:16;16/07/2026 11:25;14/07/2026 09:16;16/07/2026 11:25
560359;RS;TA0945;00019200000013449680;Rodoviário;14/07/2026 09:16;16/07/2026 11:25;14/07/2026 09:16;16/07/2026 11:25
560359;RS;TA0934;00019200000013449699;Rodoviário;14/07/2026 09:16;16/07/2026 11:25;14/07/2026 09:16;16/07/2026 11:25
560359;RS;TA0288;00019200000013449702;Rodoviário;14/07/2026 09:16;16/07/2026 11:25;14/07/2026 09:16;16/07/2026 11:25
560359;RS;TA0858;00019200000013449710;Rodoviário;14/07/2026 09:16;16/07/2026 11:25;14/07/2026 09:16;16/07/2026 11:25
560359;RS;TA0777;00019200000013449729;Rodoviário;14/07/2026 09:16;16/07/2026 11:25;14/07/2026 09:16;16/07/2026 11:25
560359;RS;A8436;00019200000013449737;Rodoviário;14/07/2026 09:16;16/07/2026 11:25;14/07/2026 09:16;16/07/2026 11:25
560359;RS;A2503;00019200000013449745;Rodoviário;14/07/2026 09:16;16/07/2026 11:25;14/07/2026 09:16;16/07/2026 11:25
560359;RS;A5950;00019200000013449753;Rodoviário;14/07/2026 09:16;16/07/2026 11:25;14/07/2026 09:16;16/07/2026 11:25
560359;RS;TA0972;00019200000013449761;Rodoviário;14/07/2026 09:16;16/07/2026 11:25;14/07/2026 09:16;16/07/2026 11:25
560359;RS;A9338;00019200000013449770;Rodoviário;14/07/2026 09:16;16/07/2026 11:25;14/07/2026 09:16;16/07/2026 11:25
560359;RS;A6692;00019200000013449788;Rodoviário;14/07/2026 09:16;16/07/2026 11:25;14/07/2026 09:16;16/07/2026 11:25
560359;RS;A6043;00019200000013449796;Rodoviário;14/07/2026 09:16;16/07/2026 11:25;14/07/2026 09:16;16/07/2026 11:25
560359;RS;A7987;00019200000013449800;Rodoviário;14/07/2026 09:16;16/07/2026 11:25;14/07/2026 09:16;16/07/2026 11:25
560359;RS;TA0924;00019200000013449818;Rodoviário;14/07/2026 09:16;16/07/2026 11:25;14/07/2026 09:16;16/07/2026 11:25
560359;RS;A5863;00019200000013449826;Rodoviário;14/07/2026 09:16;16/07/2026 11:25;14/07/2026 09:16;16/07/2026 11:25
560359;RS;A4134;00019200000013449834;Rodoviário;14/07/2026 09:16;16/07/2026 11:25;14/07/2026 09:16;16/07/2026 11:25
560359;RS;A3122;00019200000013449842;Rodoviário;14/07/2026 09:16;16/07/2026 11:25;14/07/2026 09:16;16/07/2026 11:25
560359;RS;A8705;00019200000013449850;Rodoviário;14/07/2026 09:16;16/07/2026 11:25;14/07/2026 09:16;16/07/2026 11:25
560359;RS;TA0783;00019200000013449869;Rodoviário;14/07/2026 09:16;16/07/2026 11:25;14/07/2026 09:16;16/07/2026 11:25
560359;RS;A9073;00019200000013449877;Rodoviário;14/07/2026 09:16;16/07/2026 11:25;14/07/2026 09:16;16/07/2026 11:25
560359;RS;A9467;00019200000013449885;Rodoviário;14/07/2026 09:16;16/07/2026 11:25;14/07/2026 09:16;16/07/2026 11:25
560359;RS;A6254;00019200000013449893;Rodoviário;14/07/2026 09:16;16/07/2026 11:25;14/07/2026 09:16;16/07/2026 11:25
560359;RS;A4440;00019200000013449907;Rodoviário;14/07/2026 09:16;16/07/2026 11:25;14/07/2026 09:16;16/07/2026 11:25
560359;RS;TA0902;00019200000013449915;Rodoviário;14/07/2026 09:16;16/07/2026 11:25;14/07/2026 09:16;16/07/2026 11:25
560359;RS;A7697;00019200000013449923;Rodoviário;14/07/2026 09:16;16/07/2026 11:25;14/07/2026 09:16;16/07/2026 11:25
560359;RS;A8957;00019200000013449931;Rodoviário;14/07/2026 09:16;16/07/2026 11:25;14/07/2026 09:16;16/07/2026 11:25
560359;RS;A8899;00019200000013449940;Rodoviário;14/07/2026 09:16;16/07/2026 11:25;14/07/2026 09:16;16/07/2026 11:25
560359;RS;A6449;00019200000013449958;Rodoviário;14/07/2026 09:16;16/07/2026 11:25;14/07/2026 09:16;16/07/2026 11:25
560359;RS;A5292;00019200000013449966;Rodoviário;14/07/2026 09:16;16/07/2026 11:25;14/07/2026 09:16;16/07/2026 11:25
560359;RS;A2966;00019200000013449974;Rodoviário;14/07/2026 09:16;16/07/2026 11:25;14/07/2026 09:16;16/07/2026 11:25
560359;RS;A2897;00019200000013449982;Rodoviário;14/07/2026 09:16;16/07/2026 11:25;14/07/2026 09:16;16/07/2026 11:25
560359;RS;A5775;00019200000013449990;Rodoviário;14/07/2026 09:16;16/07/2026 11:25;14/07/2026 09:16;16/07/2026 11:25
560359;RS;A5019;00019200000013450000;Rodoviário;14/07/2026 09:16;16/07/2026 11:25;14/07/2026 09:16;16/07/2026 11:25
560359;RS;TA0313;00019200000013450018;Rodoviário;14/07/2026 09:16;16/07/2026 11:25;14/07/2026 09:16;16/07/2026 11:25
560359;RS;A6886;00019200000013450026;Rodoviário;14/07/2026 09:16;16/07/2026 11:25;14/07/2026 09:16;16/07/2026 11:25
560359;RS;A7033;00019200000013450034;Rodoviário;14/07/2026 09:16;16/07/2026 11:25;14/07/2026 09:16;16/07/2026 11:25
560359;RS;A4011;00019200000013450042;Rodoviário;14/07/2026 09:16;16/07/2026 11:25;14/07/2026 09:16;16/07/2026 11:25
560359;RS;TA0039;00019200000013450050;Rodoviário;14/07/2026 09:16;16/07/2026 11:25;14/07/2026 09:16;16/07/2026 11:25
560359;RS;A6639;00019200000013450069;Rodoviário;14/07/2026 09:16;16/07/2026 11:25;14/07/2026 09:16;16/07/2026 11:25
560359;RS;A7971;00019200000013450077;Rodoviário;14/07/2026 09:16;16/07/2026 11:25;14/07/2026 09:16;16/07/2026 11:25
560359;RS;A3161;00019200000013450085;Rodoviário;14/07/2026 09:16;16/07/2026 11:25;14/07/2026 09:16;16/07/2026 11:25
560359;RS;TA0311;00019200000013450093;Rodoviário;14/07/2026 09:16;16/07/2026 11:25;14/07/2026 09:16;16/07/2026 11:25
560359;RS;A5185;00019200000013450107;Rodoviário;14/07/2026 09:16;16/07/2026 11:25;14/07/2026 09:16;16/07/2026 11:25
560359;RS;A5678;00019200000013450115;Rodoviário;14/07/2026 09:16;16/07/2026 11:25;14/07/2026 09:16;16/07/2026 11:25
560359;RS;A8022;00019200000013450123;Rodoviário;14/07/2026 09:16;16/07/2026 11:25;14/07/2026 09:16;16/07/2026 11:25
560359;RS;A5801;00019200000013450131;Rodoviário;14/07/2026 09:16;16/07/2026 11:25;14/07/2026 09:16;16/07/2026 11:25
560359;RS;A3746;00019200000013450140;Rodoviário;14/07/2026 09:16;16/07/2026 11:25;14/07/2026 09:16;16/07/2026 11:25
560359;RS;TA0957;00019200000013450158;Rodoviário;14/07/2026 09:16;16/07/2026 11:25;14/07/2026 09:16;16/07/2026 11:25
560359;RS;TA1182;00019200000013450166;Rodoviário;14/07/2026 09:16;16/07/2026 11:25;14/07/2026 09:16;16/07/2026 11:25
560359;RS;A0014;00019200000013450174;Rodoviário;14/07/2026 09:16;16/07/2026 11:25;14/07/2026 09:16;16/07/2026 11:25
560359;RS;A6029;00019200000013450182;Rodoviário;14/07/2026 09:16;16/07/2026 11:25;14/07/2026 09:16;16/07/2026 11:25
560359;RS;A9485;00019200000013450204;Rodoviário;14/07/2026 09:16;16/07/2026 11:25;14/07/2026 09:16;16/07/2026 11:25
560359;RS;A1824;00019200000013450212;Rodoviário;14/07/2026 09:16;16/07/2026 11:25;14/07/2026 09:16;16/07/2026 11:25
560359;RS;A5900;00019200000013453068;Rodoviário;14/07/2026 09:16;16/07/2026 11:25;14/07/2026 09:16;16/07/2026 11:25
560359;RS;A7165;00019200000013453076;Rodoviário;14/07/2026 09:16;16/07/2026 11:25;14/07/2026 09:16;16/07/2026 11:25
560359;RS;TA0872;00019200000013453092;Rodoviário;14/07/2026 09:16;16/07/2026 11:25;14/07/2026 09:16;16/07/2026 11:25
556223;SC;A0662;00019200000012729175;MultiModal;11/06/2026 05:18;12/06/2026 16:00;-;-
556224;SC;A5014;00019200000012729051;MultiModal;11/06/2026 05:11;12/06/2026 16:00;-;-
556409;SC;A1674;00019200000012723541;MultiModal;10/06/2026 06:40;11/06/2026 17:18;-;-
556409;SC;TA0080;00019200000012723576;MultiModal;10/06/2026 06:40;11/06/2026 17:18;-;-
556409;SC;A7824;00019200000012723584;MultiModal;10/06/2026 06:40;11/06/2026 17:18;-;-
556409;SC;A6762;00019200000012723614;MultiModal;10/06/2026 06:40;11/06/2026 17:18;-;-
556464;SC;A0052;00019200000012657344;MultiModal;11/06/2026 05:11;12/06/2026 16:00;-;-
556464;SC;A9660;00019200000012657352;MultiModal;11/06/2026 05:11;12/06/2026 16:00;-;-
556464;SC;A9230;00019200000012657360;MultiModal;11/06/2026 05:11;12/06/2026 16:00;-;-
556464;SC;A6579;00019200000012657379;MultiModal;11/06/2026 05:11;12/06/2026 16:00;-;-
556875;SC;A3328;00019200000012656666;MultiModal;11/06/2026 08:23;12/06/2026 11:30;-;-
556875;SC;A8578;00019200000012656674;MultiModal;11/06/2026 08:23;12/06/2026 11:30;-;-
556875;SC;A1494;00019200000012656682;MultiModal;11/06/2026 08:23;12/06/2026 11:30;-;-
556875;SC;A3841;00019200000012656690;MultiModal;11/06/2026 08:23;12/06/2026 11:30;-;-
556875;SC;A3581;00019200000012656704;MultiModal;11/06/2026 08:23;12/06/2026 11:30;-;-
556875;SC;A3783;00019200000012656712;MultiModal;11/06/2026 08:23;12/06/2026 11:30;-;-
556875;SC;A2933;00019200000012656720;MultiModal;11/06/2026 08:23;12/06/2026 11:30;-;-
556875;SC;A5367;00019200000012656739;MultiModal;11/06/2026 08:23;12/06/2026 11:30;-;-
556875;SC;A3706;00019200000012656747;MultiModal;11/06/2026 08:23;12/06/2026 11:30;-;-
556875;SC;A6600;00019200000012656755;MultiModal;11/06/2026 08:23;12/06/2026 11:30;-;-
556875;SC;A4587;00019200000012656763;MultiModal;11/06/2026 08:23;12/06/2026 11:30;-;-
556875;SC;A8442;00019200000012656771;MultiModal;11/06/2026 08:23;12/06/2026 11:30;-;-
556875;SC;A4198;00019200000012656780;MultiModal;11/06/2026 08:23;12/06/2026 11:30;-;-
556875;SC;A3853;00019200000012656798;MultiModal;11/06/2026 08:23;12/06/2026 11:30;-;-
556875;SC;A3194;00019200000012656801;MultiModal;11/06/2026 08:23;12/06/2026 11:30;-;-
556875;SC;A5262;00019200000012656810;MultiModal;11/06/2026 08:23;12/06/2026 11:30;-;-
556875;SC;A3557;00019200000012656828;MultiModal;11/06/2026 08:23;12/06/2026 11:30;-;-
556875;SC;TA0237;00019200000012656836;MultiModal;11/06/2026 08:23;12/06/2026 11:30;-;-
556875;SC;A3926;00019200000012656844;MultiModal;11/06/2026 08:23;12/06/2026 11:30;-;-
556875;SC;TA1154;00019200000012656852;MultiModal;11/06/2026 08:23;12/06/2026 11:30;-;-
556875;SC;A5296;00019200000012656860;MultiModal;11/06/2026 08:23;12/06/2026 11:30;-;-
556875;SC;A3148;00019200000012656879;MultiModal;11/06/2026 08:23;12/06/2026 11:30;-;-
556875;SC;A9716;00019200000012656887;MultiModal;11/06/2026 08:23;12/06/2026 11:30;-;-
556875;SC;A1125;00019200000012656895;MultiModal;11/06/2026 08:23;12/06/2026 11:30;-;-
556875;SC;A9519;00019200000012656909;MultiModal;11/06/2026 08:23;12/06/2026 11:30;-;-
556875;SC;A4958;00019200000012656917;MultiModal;11/06/2026 08:23;12/06/2026 11:30;-;-
556875;SC;A3512;00019200000012656925;MultiModal;11/06/2026 08:23;12/06/2026 11:30;-;-
556875;SC;A4754;00019200000012656933;MultiModal;11/06/2026 08:23;12/06/2026 11:30;-;-
556875;SC;A2944;00019200000012656941;MultiModal;11/06/2026 08:23;12/06/2026 11:30;-;-
556875;SC;A0690;00019200000012656950;MultiModal;11/06/2026 08:23;12/06/2026 11:30;-;-
556875;SC;TA0754;00019200000012656968;MultiModal;11/06/2026 08:23;12/06/2026 11:30;-;-
556875;SC;A3077;00019200000012656976;MultiModal;11/06/2026 08:23;12/06/2026 11:30;-;-
556875;SC;A5127;00019200000012656984;MultiModal;11/06/2026 08:23;12/06/2026 11:30;-;-
556875;SC;A3660;00019200000012656992;MultiModal;11/06/2026 08:23;12/06/2026 11:30;-;-
556875;SC;TA0731;00019200000012657000;MultiModal;11/06/2026 08:23;12/06/2026 11:30;-;-
556875;SC;A3854;00019200000012657018;MultiModal;11/06/2026 08:23;12/06/2026 11:30;-;-
556875;SC;A4593;00019200000012657026;MultiModal;11/06/2026 08:23;12/06/2026 11:30;-;-
556875;SC;A0299;00019200000012657034;MultiModal;11/06/2026 08:23;12/06/2026 11:30;-;-
556875;SC;A2904;00019200000012657042;MultiModal;11/06/2026 08:23;12/06/2026 11:30;-;-
556875;SC;A5216;00019200000012657050;MultiModal;11/06/2026 08:23;12/06/2026 11:30;-;-
556875;SC;A4578;00019200000012657069;MultiModal;11/06/2026 08:23;12/06/2026 11:30;-;-
556875;SC;A5160;00019200000012657077;MultiModal;11/06/2026 08:23;12/06/2026 11:30;-;-
556875;SC;A4509;00019200000012657107;MultiModal;11/06/2026 08:23;12/06/2026 11:30;-;-
556875;SC;A3839;00019200000012657115;MultiModal;11/06/2026 08:23;12/06/2026 11:30;-;-
556875;SC;A0372;00019200000012657123;MultiModal;11/06/2026 08:23;12/06/2026 11:30;-;-
556875;SC;A2561;00019200000012657131;MultiModal;11/06/2026 08:23;12/06/2026 11:30;-;-
556875;SC;TA1221;00019200000012657140;MultiModal;11/06/2026 08:23;12/06/2026 11:30;-;-
556875;SC;A2184;00019200000012657158;MultiModal;11/06/2026 08:23;12/06/2026 11:30;-;-
556875;SC;A4544;00019200000012657166;MultiModal;11/06/2026 08:23;12/06/2026 11:30;-;-
556875;SC;A0985;00019200000012657174;MultiModal;11/06/2026 08:23;12/06/2026 11:30;-;-
556875;SC;A3758;00019200000012657182;MultiModal;11/06/2026 08:23;12/06/2026 11:30;-;-
556875;SC;A4878;00019200000012657190;MultiModal;11/06/2026 08:23;12/06/2026 11:30;-;-
556875;SC;A0306;00019200000012657204;MultiModal;11/06/2026 08:23;12/06/2026 11:30;-;-
556875;SC;A3175;00019200000012657212;MultiModal;11/06/2026 08:23;12/06/2026 11:30;-;-
556875;SC;A3084;00019200000012657220;MultiModal;11/06/2026 08:23;12/06/2026 11:30;-;-
556875;SC;A3693;00019200000012657239;MultiModal;11/06/2026 08:23;12/06/2026 11:30;-;-
556875;SC;A4490;00019200000012657573;MultiModal;11/06/2026 08:23;12/06/2026 11:30;-;-
556875;SC;A5230;00019200000012657581;MultiModal;11/06/2026 08:23;12/06/2026 11:30;-;-
556875;SC;A5248;00019200000012657590;MultiModal;11/06/2026 08:23;12/06/2026 11:30;-;-
556875;SC;A4151;00019200000012863963;MultiModal;11/06/2026 08:23;12/06/2026 11:30;-;-
556875;SC;A4960;00019200000012863971;MultiModal;11/06/2026 08:23;12/06/2026 11:30;-;-
556875;SC;TA0322;00019200000012863980;MultiModal;11/06/2026 08:23;12/06/2026 11:30;-;-
556962;SC;TA0138;00019200000012658952;MultiModal;11/06/2026 05:11;12/06/2026 13:30;-;-
556962;SC;A5066;00019200000012658960;MultiModal;11/06/2026 05:11;12/06/2026 13:30;-;-
556962;SC;A6280;00019200000012658979;MultiModal;11/06/2026 05:11;12/06/2026 13:30;-;-
556962;SC;A3313;00019200000012658987;MultiModal;11/06/2026 05:11;12/06/2026 13:30;-;-
556962;SC;A2241;00019200000012658995;MultiModal;11/06/2026 05:11;12/06/2026 13:30;-;-
556962;SC;A6691;00019200000012659002;MultiModal;11/06/2026 05:11;12/06/2026 13:30;-;-
556962;SC;A2952;00019200000012659010;MultiModal;11/06/2026 05:11;12/06/2026 13:30;-;-
556995;SC;A3818;00019200000012657620;MultiModal;11/06/2026 05:11;12/06/2026 16:00;-;-
557121;SC;TA0966;00019200000013211838;MultiModal;16/06/2026 05:12;17/06/2026 17:00;16/06/2026 05:12;17/06/2026 17:00
557121;SC;A7155;00019200000013211846;MultiModal;16/06/2026 05:12;17/06/2026 17:00;16/06/2026 05:12;17/06/2026 17:00
557286;SC;A2337;00019200000013322397;MultiModal;07/07/2026 04:44;09/07/2026 16:00;07/07/2026 13:55;17/07/2026 12:24
557286;SC;A9348;00019200000013322400;MultiModal;07/07/2026 04:44;09/07/2026 16:00;07/07/2026 05:52;10/07/2026 17:00
557286;SC;TA0238;00019200000013322419;MultiModal;07/07/2026 04:44;09/07/2026 16:00;07/07/2026 13:55;17/07/2026 12:24
557286;SC;A8828;00019200000013322427;MultiModal;07/07/2026 04:44;09/07/2026 16:00;07/07/2026 13:55;17/07/2026 12:24
557286;SC;A6039;00019200000013322435;MultiModal;07/07/2026 04:44;09/07/2026 16:00;07/07/2026 13:55;17/07/2026 12:24
557286;SC;TA0482;00019200000013322443;MultiModal;07/07/2026 04:44;09/07/2026 16:00;07/07/2026 05:52;10/07/2026 17:00
557286;SC;A9420;00019200000013322451;MultiModal;07/07/2026 04:44;09/07/2026 16:00;07/07/2026 05:52;10/07/2026 17:00
557286;SC;A8671;00019200000013322460;MultiModal;07/07/2026 04:44;09/07/2026 16:00;07/07/2026 13:55;17/07/2026 12:24
557286;SC;A6007;00019200000013322478;MultiModal;07/07/2026 04:44;09/07/2026 16:00;07/07/2026 04:44;10/07/2026 17:00
557286;SC;A3505;00019200000013322486;MultiModal;07/07/2026 04:44;09/07/2026 16:00;07/07/2026 05:52;10/07/2026 17:00
557286;SC;A5838;00019200000013322494;MultiModal;07/07/2026 04:44;09/07/2026 16:00;07/07/2026 13:55;17/07/2026 12:24
557286;SC;A3913;00019200000013322508;MultiModal;07/07/2026 04:44;09/07/2026 16:00;07/07/2026 13:55;17/07/2026 12:24
557286;SC;A9155;00019200000013322516;MultiModal;07/07/2026 04:44;09/07/2026 16:00;07/07/2026 05:52;10/07/2026 17:00
557286;SC;A6969;00019200000013322540;MultiModal;07/07/2026 04:44;09/07/2026 16:00;07/07/2026 13:55;17/07/2026 12:24
557286;SC;A3130;00019200000013322559;MultiModal;07/07/2026 04:44;09/07/2026 16:00;07/07/2026 13:55;17/07/2026 12:24
557286;SC;A6644;00019200000013322567;MultiModal;07/07/2026 04:44;09/07/2026 16:00;07/07/2026 13:55;17/07/2026 12:24
557286;SC;A9617;00019200000013322575;MultiModal;07/07/2026 04:44;09/07/2026 16:00;07/07/2026 13:55;17/07/2026 12:24
557286;SC;TA0307;00019200000013322583;MultiModal;07/07/2026 04:44;09/07/2026 16:00;07/07/2026 13:55;17/07/2026 12:24
557286;SC;A4595;00019200000013322591;MultiModal;07/07/2026 04:44;09/07/2026 16:00;07/07/2026 13:55;17/07/2026 12:24
557286;SC;A2651;00019200000013322605;MultiModal;07/07/2026 04:44;09/07/2026 16:00;07/07/2026 05:52;10/07/2026 17:00
557286;SC;A8912;00019200000013322613;MultiModal;07/07/2026 04:44;09/07/2026 16:00;07/07/2026 13:55;17/07/2026 12:24
557286;SC;A5500;00019200000013322621;MultiModal;07/07/2026 04:44;09/07/2026 16:00;07/07/2026 13:55;17/07/2026 12:24
557286;SC;TA0255;00019200000013322630;MultiModal;07/07/2026 04:44;09/07/2026 16:00;07/07/2026 13:55;17/07/2026 12:24
557286;SC;A7327;00019200000013322648;MultiModal;07/07/2026 04:44;09/07/2026 16:00;07/07/2026 05:52;10/07/2026 17:00
557286;SC;A3628;00019200000013322656;MultiModal;07/07/2026 04:44;09/07/2026 16:00;07/07/2026 05:52;10/07/2026 17:00
557286;SC;A8847;00019200000013322664;MultiModal;07/07/2026 04:44;09/07/2026 16:00;07/07/2026 13:55;17/07/2026 12:24
557286;SC;TA0611;00019200000013322672;MultiModal;07/07/2026 04:44;09/07/2026 16:00;07/07/2026 13:55;17/07/2026 12:24
557286;SC;A7057;00019200000013322680;MultiModal;07/07/2026 04:44;09/07/2026 16:00;08/07/2026 04:20;10/07/2026 17:00
557286;SC;A3084;00019200000013322699;MultiModal;07/07/2026 04:44;09/07/2026 16:00;07/07/2026 05:52;10/07/2026 17:00
557286;SC;A6071;00019200000013322702;MultiModal;07/07/2026 04:44;09/07/2026 16:00;07/07/2026 05:52;10/07/2026 17:00
557286;SC;A4062;00019200000013322710;MultiModal;07/07/2026 04:44;09/07/2026 16:00;07/07/2026 05:52;10/07/2026 17:00
557286;SC;A6829;00019200000013322729;MultiModal;07/07/2026 04:44;09/07/2026 16:00;08/07/2026 04:20;10/07/2026 17:00
557286;SC;A6726;00019200000013322737;MultiModal;07/07/2026 04:44;09/07/2026 16:00;08/07/2026 04:20;10/07/2026 17:00
557286;SC;A8229;00019200000013322745;MultiModal;07/07/2026 04:44;09/07/2026 16:00;08/07/2026 04:20;10/07/2026 17:00
557286;SC;A4441;00019200000013322753;MultiModal;07/07/2026 04:44;09/07/2026 16:00;08/07/2026 04:20;10/07/2026 17:00
557286;SC;TA0522;00019200000013322761;MultiModal;07/07/2026 04:44;09/07/2026 16:00;08/07/2026 04:20;10/07/2026 17:00
557286;SC;A4068;00019200000013322770;MultiModal;07/07/2026 04:44;09/07/2026 16:00;08/07/2026 04:20;10/07/2026 17:00
557286;SC;A7017;00019200000013322788;MultiModal;07/07/2026 04:44;09/07/2026 16:00;08/07/2026 04:20;10/07/2026 17:00
557286;SC;A4425;00019200000013322796;MultiModal;07/07/2026 04:44;09/07/2026 16:00;08/07/2026 04:20;10/07/2026 17:00
557286;SC;A7299;00019200000013322800;MultiModal;07/07/2026 04:44;09/07/2026 16:00;08/07/2026 04:20;10/07/2026 17:00
557286;SC;TA0456;00019200000013322818;MultiModal;07/07/2026 04:44;09/07/2026 16:00;08/07/2026 04:20;10/07/2026 17:00
557286;SC;A2051;00019200000013322826;MultiModal;07/07/2026 04:44;09/07/2026 16:00;08/07/2026 04:20;10/07/2026 17:00
557286;SC;A5772;00019200000013322834;MultiModal;07/07/2026 04:44;09/07/2026 16:00;08/07/2026 04:20;10/07/2026 17:00
557286;SC;A7859;00019200000013322842;MultiModal;07/07/2026 04:44;09/07/2026 16:00;07/07/2026 04:44;10/07/2026 17:00
557286;SC;A6279;00019200000013322850;MultiModal;07/07/2026 04:44;09/07/2026 16:00;07/07/2026 04:44;10/07/2026 17:00
557286;SC;A3541;00019200000013322869;MultiModal;07/07/2026 04:44;09/07/2026 16:00;08/07/2026 04:20;10/07/2026 17:00
557286;SC;A5595;00019200000013322877;MultiModal;07/07/2026 04:44;09/07/2026 16:00;08/07/2026 04:20;10/07/2026 17:00
557286;SC;A5956;00019200000013322885;MultiModal;07/07/2026 04:44;09/07/2026 16:00;07/07/2026 04:44;10/07/2026 17:00
557286;SC;A2213;00019200000013322893;MultiModal;07/07/2026 04:44;09/07/2026 16:00;07/07/2026 04:44;10/07/2026 17:00
557286;SC;TA1188;00019200000013322907;MultiModal;07/07/2026 04:44;09/07/2026 16:00;07/07/2026 04:44;10/07/2026 17:00
557286;SC;A1324;00019200000013322915;MultiModal;07/07/2026 04:44;09/07/2026 16:00;07/07/2026 04:44;10/07/2026 17:00
557286;SC;A7356;00019200000013322923;MultiModal;07/07/2026 04:44;09/07/2026 16:00;07/07/2026 04:44;10/07/2026 17:00
557286;SC;A9256;00019200000013322931;MultiModal;07/07/2026 04:44;09/07/2026 16:00;07/07/2026 04:44;10/07/2026 17:00
557286;SC;A8555;00019200000013322940;MultiModal;07/07/2026 04:44;09/07/2026 16:00;07/07/2026 04:44;10/07/2026 17:00
557286;SC;A5940;00019200000013322958;MultiModal;07/07/2026 04:44;09/07/2026 16:00;07/07/2026 04:44;10/07/2026 17:00
557286;SC;TA0449;00019200000013322966;MultiModal;07/07/2026 04:44;09/07/2026 16:00;08/07/2026 05:29;10/07/2026 17:00
557286;SC;A3806;00019200000013322974;MultiModal;07/07/2026 04:44;09/07/2026 16:00;07/07/2026 13:55;17/07/2026 12:24
557286;SC;A4528;00019200000013322982;MultiModal;07/07/2026 04:44;09/07/2026 16:00;08/07/2026 05:29;10/07/2026 17:00
557286;SC;A7769;00019200000013322990;MultiModal;07/07/2026 04:44;09/07/2026 16:00;07/07/2026 13:55;17/07/2026 12:24
557286;SC;A4112;00019200000013323008;MultiModal;07/07/2026 04:44;09/07/2026 16:00;08/07/2026 05:29;10/07/2026 17:00
557286;SC;A4783;00019200000013323016;MultiModal;07/07/2026 04:44;09/07/2026 16:00;08/07/2026 04:20;10/07/2026 17:00
557286;SC;A4289;00019200000013323024;MultiModal;07/07/2026 04:44;09/07/2026 16:00;08/07/2026 05:29;10/07/2026 17:00
557286;SC;A3020;00019200000013323032;MultiModal;07/07/2026 04:44;09/07/2026 16:00;08/07/2026 05:29;10/07/2026 17:00
557286;SC;A6701;00019200000013323040;MultiModal;07/07/2026 04:44;09/07/2026 16:00;07/07/2026 13:55;17/07/2026 12:24
557286;SC;A7150;00019200000013323059;MultiModal;07/07/2026 04:44;09/07/2026 16:00;07/07/2026 13:55;17/07/2026 12:24
557286;SC;A4811;00019200000013323067;MultiModal;07/07/2026 04:44;09/07/2026 16:00;08/07/2026 05:29;10/07/2026 17:00
557286;SC;A1210;00019200000013323075;MultiModal;07/07/2026 04:44;09/07/2026 16:00;08/07/2026 04:20;10/07/2026 17:00
557286;SC;A3331;00019200000013323083;MultiModal;07/07/2026 04:44;09/07/2026 16:00;08/07/2026 04:20;10/07/2026 17:00
557286;SC;A6901;00019200000013323091;MultiModal;07/07/2026 04:44;09/07/2026 16:00;08/07/2026 04:20;10/07/2026 17:00
557286;SC;A6839;00019200000013323105;MultiModal;07/07/2026 04:44;09/07/2026 16:00;08/07/2026 05:29;10/07/2026 17:00
557286;SC;A3265;00019200000013323113;MultiModal;07/07/2026 04:44;09/07/2026 16:00;08/07/2026 05:29;10/07/2026 17:00
557286;SC;A8394;00019200000013323121;MultiModal;07/07/2026 04:44;09/07/2026 16:00;08/07/2026 05:29;10/07/2026 17:00
557286;SC;A9013;00019200000013323130;MultiModal;07/07/2026 04:44;09/07/2026 16:00;08/07/2026 05:29;10/07/2026 17:00
557286;SC;A3734;00019200000013323148;MultiModal;07/07/2026 04:44;09/07/2026 16:00;08/07/2026 05:29;10/07/2026 17:00
557286;SC;A6360;00019200000013323156;MultiModal;07/07/2026 04:44;09/07/2026 16:00;08/07/2026 05:29;10/07/2026 17:00
557286;SC;A8749;00019200000013323164;MultiModal;07/07/2026 04:44;09/07/2026 16:00;08/07/2026 05:29;10/07/2026 17:00
557286;SC;A1466;00019200000013323172;MultiModal;07/07/2026 04:44;09/07/2026 16:00;08/07/2026 05:29;10/07/2026 17:00
557286;SC;A6001;00019200000013323180;MultiModal;07/07/2026 04:44;09/07/2026 16:00;07/07/2026 13:55;17/07/2026 12:24
557286;SC;A9406;00019200000013323199;MultiModal;07/07/2026 04:44;09/07/2026 16:00;07/07/2026 04:44;10/07/2026 17:00
557286;SC;A8500;00019200000013323202;MultiModal;07/07/2026 04:44;09/07/2026 16:00;07/07/2026 04:44;10/07/2026 17:00
557286;SC;A7094;00019200000013323210;MultiModal;07/07/2026 04:44;09/07/2026 16:00;07/07/2026 04:44;10/07/2026 17:00
557286;SC;A8813;00019200000013323229;MultiModal;07/07/2026 04:44;09/07/2026 16:00;07/07/2026 04:44;10/07/2026 17:00
557286;SC;A0252;00019200000013323237;MultiModal;07/07/2026 04:44;09/07/2026 16:00;07/07/2026 04:44;10/07/2026 17:00
557286;SC;A4198;00019200000013323245;MultiModal;07/07/2026 04:44;09/07/2026 16:00;07/07/2026 04:44;10/07/2026 17:00
557286;SC;A8291;00019200000013323253;MultiModal;07/07/2026 04:44;09/07/2026 16:00;08/07/2026 05:29;10/07/2026 17:00
557286;SC;A7792;00019200000013323261;MultiModal;07/07/2026 04:44;09/07/2026 16:00;07/07/2026 04:44;10/07/2026 17:00
557286;SC;A7335;00019200000013323270;MultiModal;07/07/2026 04:44;09/07/2026 16:00;07/07/2026 04:44;10/07/2026 17:00
557286;SC;A6283;00019200000013323288;MultiModal;07/07/2026 04:44;09/07/2026 16:00;07/07/2026 13:55;17/07/2026 12:24
557286;SC;A7746;00019200000013323296;MultiModal;07/07/2026 04:44;09/07/2026 16:00;07/07/2026 05:52;10/07/2026 17:00
557286;SC;A9210;00019200000013323300;MultiModal;07/07/2026 04:44;09/07/2026 16:00;07/07/2026 04:44;10/07/2026 17:00
557286;SC;A8972;00019200000013323318;MultiModal;07/07/2026 04:44;09/07/2026 16:00;07/07/2026 05:52;10/07/2026 17:00
557286;SC;A7692;00019200000013323326;MultiModal;07/07/2026 04:44;09/07/2026 16:00;07/07/2026 05:52;10/07/2026 17:00
557286;SC;A5430;00019200000013323334;MultiModal;07/07/2026 04:44;09/07/2026 16:00;07/07/2026 05:52;10/07/2026 17:00
557286;SC;A0317;00019200000013323423;MultiModal;07/07/2026 04:44;09/07/2026 16:00;08/07/2026 04:20;10/07/2026 17:00
557286;SC;A5006;00019200000013323431;MultiModal;07/07/2026 04:44;09/07/2026 16:00;08/07/2026 04:20;10/07/2026 17:00
557286;SC;A1942;00019200000013326600;MultiModal;07/07/2026 04:44;09/07/2026 16:00;07/07/2026 05:52;10/07/2026 17:00
557286;SC;A1833;00019200000013326619;MultiModal;07/07/2026 04:44;09/07/2026 16:00;07/07/2026 05:52;10/07/2026 17:00
557286;SC;A5509;00019200000013326627;MultiModal;07/07/2026 04:44;09/07/2026 16:00;07/07/2026 04:44;10/07/2026 17:00
557286;SC;A7748;00019200000013326635;MultiModal;07/07/2026 04:44;09/07/2026 16:00;07/07/2026 05:52;10/07/2026 17:00
557286;SC;A6768;00019200000013326643;MultiModal;07/07/2026 04:44;09/07/2026 16:00;07/07/2026 05:52;10/07/2026 17:00
557286;SC;A9105;00019200000013326651;MultiModal;07/07/2026 04:44;09/07/2026 16:00;07/07/2026 05:52;10/07/2026 17:00
557286;SC;A6793;00019200000013326660;MultiModal;07/07/2026 04:44;09/07/2026 16:00;07/07/2026 04:44;10/07/2026 17:00
557286;SC;A7234;00019200000013326678;MultiModal;07/07/2026 04:44;09/07/2026 16:00;07/07/2026 05:52;10/07/2026 17:00
557286;SC;A4117;00019200000013326686;MultiModal;07/07/2026 04:44;09/07/2026 16:00;07/07/2026 04:44;10/07/2026 17:00
557286;SC;A8625;00019200000013326694;MultiModal;07/07/2026 04:44;09/07/2026 16:00;07/07/2026 04:44;10/07/2026 17:00
557286;SC;A8010;00019200000013326708;MultiModal;07/07/2026 04:44;09/07/2026 16:00;07/07/2026 05:52;10/07/2026 17:00
557286;SC;A9371;00019200000013326716;MultiModal;07/07/2026 04:44;09/07/2026 16:00;07/07/2026 04:44;10/07/2026 17:00
557286;SC;A5192;00019200000013326724;MultiModal;07/07/2026 04:44;09/07/2026 16:00;07/07/2026 05:52;10/07/2026 17:00
557286;SC;A9527;00019200000013326732;MultiModal;07/07/2026 04:44;09/07/2026 16:00;07/07/2026 05:52;10/07/2026 17:00
557286;SC;A6871;00019200000013326740;MultiModal;07/07/2026 04:44;09/07/2026 16:00;07/07/2026 05:52;10/07/2026 17:00
557286;SC;A5096;00019200000013326805;MultiModal;07/07/2026 04:44;09/07/2026 16:00;08/07/2026 05:29;10/07/2026 17:00
557286;SC;A6518;00019200000013326813;MultiModal;07/07/2026 04:44;09/07/2026 16:00;08/07/2026 05:29;10/07/2026 17:00
557286;SC;TA0441;00019200000013326821;MultiModal;07/07/2026 04:44;09/07/2026 16:00;07/07/2026 13:55;17/07/2026 12:24
557286;SC;A9606;00019200000013326872;MultiModal;07/07/2026 04:44;09/07/2026 16:00;08/07/2026 05:29;10/07/2026 17:00
557286;SC;A7820;00019200000013326880;MultiModal;07/07/2026 04:44;09/07/2026 16:00;08/07/2026 05:29;10/07/2026 17:00
557286;SC;A0806;00019200000013326899;MultiModal;07/07/2026 04:44;09/07/2026 16:00;08/07/2026 05:29;10/07/2026 17:00
557286;SC;A9378;00019200000013326902;MultiModal;07/07/2026 04:44;09/07/2026 16:00;08/07/2026 05:29;10/07/2026 17:00
557286;SC;A9401;00019200000013326910;MultiModal;07/07/2026 04:44;09/07/2026 16:00;08/07/2026 05:29;10/07/2026 17:00
557286;SC;A5830;00019200000013326929;MultiModal;07/07/2026 04:44;09/07/2026 16:00;08/07/2026 05:29;10/07/2026 17:00
557286;SC;A4600;00019200000013326937;MultiModal;07/07/2026 04:44;09/07/2026 16:00;08/07/2026 05:29;10/07/2026 17:00
557286;SC;A3476;00019200000013326945;MultiModal;07/07/2026 04:44;09/07/2026 16:00;08/07/2026 05:29;10/07/2026 17:00
557296;SC;A3886;00019200000013325990;MultiModal;02/07/2026 03:57;03/07/2026 15:00;02/07/2026 03:57;03/07/2026 15:00
557296;SC;A8573;00019200000013326007;MultiModal;02/07/2026 03:57;03/07/2026 15:00;02/07/2026 03:57;03/07/2026 15:00
557296;SC;A7537;00019200000013326015;MultiModal;02/07/2026 03:57;03/07/2026 15:00;02/07/2026 03:57;03/07/2026 15:00
557296;SC;A4418;00019200000013326023;MultiModal;02/07/2026 03:57;03/07/2026 15:00;02/07/2026 03:57;03/07/2026 15:00
557296;SC;A7473;00019200000013326031;MultiModal;02/07/2026 03:57;03/07/2026 15:00;02/07/2026 03:57;03/07/2026 15:00
557296;SC;A6975;00019200000013326040;MultiModal;02/07/2026 03:57;03/07/2026 15:00;02/07/2026 03:57;03/07/2026 15:00
557296;SC;A5680;00019200000013326058;MultiModal;02/07/2026 03:57;03/07/2026 15:00;02/07/2026 03:57;03/07/2026 15:00
557296;SC;A5380;00019200000013326066;MultiModal;02/07/2026 03:57;03/07/2026 15:00;02/07/2026 03:57;03/07/2026 15:00
557296;SC;A3334;00019200000013326074;MultiModal;02/07/2026 03:57;03/07/2026 15:00;02/07/2026 03:57;03/07/2026 15:00
557296;SC;A4460;00019200000013326082;MultiModal;02/07/2026 03:57;03/07/2026 15:00;02/07/2026 03:57;03/07/2026 15:00
557296;SC;A2960;00019200000013326090;MultiModal;02/07/2026 03:57;03/07/2026 15:00;02/07/2026 03:57;03/07/2026 15:00
557296;SC;A6041;00019200000013326104;MultiModal;02/07/2026 03:57;03/07/2026 15:00;02/07/2026 03:57;03/07/2026 15:00
557313;SC;A7043;00019200000012657999;MultiModal;11/06/2026 00:23;12/06/2026 14:26;-;-
557326;SC;A8177;00019200000013328204;MultiModal;06/07/2026 06:22;10/07/2026 20:00;06/07/2026 06:22;10/07/2026 20:00
557497;SC;AS-0820;00019200000013321790;MultiModal;22/06/2026 23:13;24/06/2026 14:20;22/06/2026 23:13;24/06/2026 14:20
557497;SC;AS-0061;00019200000013321803;MultiModal;22/06/2026 23:13;24/06/2026 14:20;22/06/2026 23:13;24/06/2026 14:20
557497;SC;AS-0161;00019200000013321811;MultiModal;22/06/2026 23:13;24/06/2026 14:20;22/06/2026 23:13;24/06/2026 14:20
557497;SC;AS-0380;00019200000013321820;MultiModal;22/06/2026 23:13;24/06/2026 14:20;22/06/2026 23:13;24/06/2026 14:20
557497;SC;AS-0124;00019200000013321838;MultiModal;22/06/2026 23:13;24/06/2026 14:20;22/06/2026 23:13;24/06/2026 14:20
557497;SC;869170034882572;00019200000013321846;MultiModal;22/06/2026 23:13;24/06/2026 14:20;22/06/2026 23:13;24/06/2026 14:20
557497;SC;AS-0542;00019200000013321854;MultiModal;22/06/2026 23:13;24/06/2026 14:20;22/06/2026 23:13;24/06/2026 14:20
557497;SC;AS-0583;00019200000013321862;MultiModal;22/06/2026 23:13;24/06/2026 14:20;22/06/2026 23:13;24/06/2026 14:20
557497;SC;AS-0171;00019200000013321870;MultiModal;22/06/2026 23:13;24/06/2026 14:20;22/06/2026 23:13;24/06/2026 14:20
557497;SC;AS-0867;00019200000013321889;MultiModal;22/06/2026 23:13;24/06/2026 14:20;22/06/2026 23:13;24/06/2026 14:20
557497;SC;AS-0087;00019200000013321897;MultiModal;22/06/2026 23:13;24/06/2026 14:20;22/06/2026 23:13;24/06/2026 14:20
557497;SC;AS-0670;00019200000013321900;MultiModal;22/06/2026 23:13;24/06/2026 14:20;22/06/2026 23:13;24/06/2026 14:20
557497;SC;AS-0528;00019200000013321919;MultiModal;22/06/2026 23:13;24/06/2026 14:20;22/06/2026 23:13;24/06/2026 14:20
557497;SC;AS-0205;00019200000013321927;MultiModal;22/06/2026 23:13;24/06/2026 14:20;22/06/2026 23:13;24/06/2026 14:20
557497;SC;AS-0785;00019200000013321935;MultiModal;22/06/2026 23:13;24/06/2026 14:20;22/06/2026 23:13;24/06/2026 14:20
557497;SC;AS-0254;00019200000013321943;MultiModal;22/06/2026 23:13;24/06/2026 14:20;22/06/2026 23:13;24/06/2026 14:20
557726;SC;A7665;00019200000012921092;MultiModal;17/06/2026 04:19;18/06/2026 17:02;17/06/2026 04:19;18/06/2026 17:02
557783;SC;A1646;00019200000013335006;MultiModal;24/06/2026 06:07;25/06/2026 17:00;24/06/2026 06:07;25/06/2026 17:00
557783;SC;A7824;00019200000013335014;MultiModal;24/06/2026 06:07;25/06/2026 17:00;24/06/2026 06:07;25/06/2026 17:00
557783;SC;A3755;00019200000013335049;MultiModal;24/06/2026 06:07;25/06/2026 17:00;24/06/2026 06:07;25/06/2026 17:00
557783;SC;A9183;00019200000013335057;MultiModal;24/06/2026 06:07;25/06/2026 17:00;24/06/2026 06:07;25/06/2026 17:00
557783;SC;A9518;00019200000013335065;MultiModal;24/06/2026 06:07;25/06/2026 17:00;24/06/2026 06:07;25/06/2026 17:00
557783;SC;A9331;00019200000013335073;MultiModal;24/06/2026 06:07;25/06/2026 17:00;24/06/2026 06:07;25/06/2026 17:00
557783;SC;A3924;00019200000013335090;MultiModal;24/06/2026 06:07;25/06/2026 17:00;24/06/2026 06:07;25/06/2026 17:00
557783;SC;TA1172;00019200000013335103;MultiModal;24/06/2026 06:07;25/06/2026 17:00;24/06/2026 06:07;25/06/2026 17:00
557783;SC;TA0453;00019200000013335111;MultiModal;24/06/2026 06:07;25/06/2026 17:00;24/06/2026 06:07;25/06/2026 17:00
557783;SC;A4777;00019200000013335138;MultiModal;24/06/2026 06:07;25/06/2026 17:00;24/06/2026 06:07;25/06/2026 17:00
557783;SC;A7095;00019200000013335146;MultiModal;24/06/2026 06:07;25/06/2026 17:00;24/06/2026 06:07;25/06/2026 17:00
557783;SC;A8344;00019200000013335162;MultiModal;24/06/2026 06:07;25/06/2026 17:00;24/06/2026 06:07;25/06/2026 17:00
557783;SC;A7656;00019200000013335189;MultiModal;24/06/2026 06:07;25/06/2026 17:00;24/06/2026 06:07;25/06/2026 17:00
557783;SC;A7827;00019200000013335375;MultiModal;24/06/2026 06:07;25/06/2026 17:00;24/06/2026 06:07;25/06/2026 17:00
557882;SC;A3990;00019200000013315137;Rodoviário;27/06/2026 10:44;29/06/2026 12:27;27/06/2026 10:44;29/06/2026 12:27
557882;SC;A6278;00019200000013315145;Rodoviário;27/06/2026 10:44;29/06/2026 12:27;27/06/2026 10:44;29/06/2026 12:27
557882;SC;A2203;00019200000013315153;Rodoviário;27/06/2026 10:44;29/06/2026 12:27;27/06/2026 10:44;29/06/2026 12:27
557882;SC;A9269;00019200000013315200;Rodoviário;27/06/2026 10:44;29/06/2026 12:27;27/06/2026 10:44;29/06/2026 12:27
557882;SC;A7321;00019200000013315218;Rodoviário;27/06/2026 10:44;29/06/2026 12:27;27/06/2026 10:44;29/06/2026 12:27
557882;SC;A5832;00019200000013315226;Rodoviário;27/06/2026 10:44;29/06/2026 12:27;27/06/2026 10:44;29/06/2026 12:27
557882;SC;TA1105;00019200000013315234;Rodoviário;27/06/2026 10:44;29/06/2026 12:27;27/06/2026 10:44;29/06/2026 12:27
557882;SC;A9268;00019200000013315242;Rodoviário;27/06/2026 10:44;29/06/2026 12:27;27/06/2026 10:44;29/06/2026 12:27
557883;SC;A9054;00019200000013314548;Rodoviário;27/06/2026 10:43;29/06/2026 12:22;27/06/2026 10:43;29/06/2026 12:22
557883;SC;A5830;00019200000013315552;Rodoviário;27/06/2026 10:43;29/06/2026 12:22;27/06/2026 10:43;29/06/2026 12:22
557883;SC;TA1227;00019200000013315790;Rodoviário;27/06/2026 10:43;29/06/2026 12:22;27/06/2026 10:43;29/06/2026 12:22
557883;SC;A6036;00019200000013315897;Rodoviário;27/06/2026 10:43;29/06/2026 12:22;27/06/2026 10:43;29/06/2026 12:22
557883;SC;A6856;00019200000013315900;Rodoviário;27/06/2026 10:43;29/06/2026 12:22;27/06/2026 10:43;29/06/2026 12:22
557883;SC;A1766;00019200000013315919;Rodoviário;27/06/2026 10:43;29/06/2026 12:22;27/06/2026 10:43;29/06/2026 12:22
557883;SC;A3933;00019200000013315927;Rodoviário;27/06/2026 10:43;29/06/2026 12:22;27/06/2026 10:43;29/06/2026 12:22
557883;SC;A6284;00019200000013315935;Rodoviário;27/06/2026 10:43;29/06/2026 12:22;27/06/2026 10:43;29/06/2026 12:22
557883;SC;A6903;00019200000013315943;Rodoviário;27/06/2026 10:43;29/06/2026 12:22;27/06/2026 10:43;29/06/2026 12:22
557883;SC;A8986;00019200000013315951;Rodoviário;27/06/2026 10:43;29/06/2026 12:22;27/06/2026 10:43;29/06/2026 12:22
557883;SC;A6407;00019200000013315960;Rodoviário;27/06/2026 10:43;29/06/2026 12:22;27/06/2026 10:43;29/06/2026 12:22
557883;SC;A7427;00019200000013315978;Rodoviário;27/06/2026 10:43;29/06/2026 12:22;27/06/2026 10:43;29/06/2026 12:22
557883;SC;A3346;00019200000013315986;Rodoviário;27/06/2026 10:43;29/06/2026 12:22;27/06/2026 10:43;29/06/2026 12:22
557883;SC;TA0694;00019200000013315994;Rodoviário;27/06/2026 10:43;29/06/2026 12:22;27/06/2026 10:43;29/06/2026 12:22
557883;SC;A3152;00019200000013316001;Rodoviário;27/06/2026 10:43;29/06/2026 12:22;27/06/2026 10:43;29/06/2026 12:22
557883;SC;A9334;00019200000013316010;Rodoviário;27/06/2026 10:43;29/06/2026 12:22;27/06/2026 10:43;29/06/2026 12:22
557883;SC;A0980;00019200000013316028;Rodoviário;27/06/2026 10:43;29/06/2026 12:22;27/06/2026 10:43;29/06/2026 12:22
557883;SC;A8561;00019200000013316036;Rodoviário;27/06/2026 10:43;29/06/2026 12:22;27/06/2026 10:43;29/06/2026 12:22
557883;SC;A6067;00019200000013316044;Rodoviário;27/06/2026 10:43;29/06/2026 12:22;27/06/2026 10:43;29/06/2026 12:22
557883;SC;TA0682;00019200000013316052;Rodoviário;27/06/2026 10:43;29/06/2026 12:22;27/06/2026 10:43;29/06/2026 12:22
557883;SC;TA1160;00019200000013316060;Rodoviário;27/06/2026 10:43;29/06/2026 12:22;27/06/2026 10:43;29/06/2026 12:22
557883;SC;A6500;00019200000013316079;Rodoviário;27/06/2026 10:43;29/06/2026 12:22;27/06/2026 10:43;29/06/2026 12:22
557883;SC;A7266;00019200000013316087;Rodoviário;27/06/2026 10:43;29/06/2026 12:22;27/06/2026 10:43;29/06/2026 12:22
557883;SC;A9648;00019200000013316095;Rodoviário;27/06/2026 10:43;29/06/2026 12:22;27/06/2026 10:43;29/06/2026 12:22
557883;SC;A4652;00019200000013316109;Rodoviário;27/06/2026 10:43;29/06/2026 12:22;27/06/2026 10:43;29/06/2026 12:22
557883;SC;A1908;00019200000013316117;Rodoviário;27/06/2026 10:43;29/06/2026 12:22;27/06/2026 10:43;29/06/2026 12:22
557883;SC;A6440;00019200000013316125;Rodoviário;27/06/2026 10:43;29/06/2026 12:22;27/06/2026 10:43;29/06/2026 12:22
557883;SC;A3761;00019200000013316133;Rodoviário;27/06/2026 10:43;29/06/2026 12:22;27/06/2026 10:43;29/06/2026 12:22
557883;SC;A8152;00019200000013316141;Rodoviário;27/06/2026 10:43;29/06/2026 12:22;27/06/2026 10:43;29/06/2026 12:22
557883;SC;A8646;00019200000013316168;Rodoviário;27/06/2026 10:43;29/06/2026 12:22;27/06/2026 10:43;29/06/2026 12:22
557883;SC;A6967;00019200000013331965;Rodoviário;27/06/2026 10:43;29/06/2026 12:22;27/06/2026 10:43;29/06/2026 12:22
557883;SC;A9013;00019200000013331973;Rodoviário;27/06/2026 10:43;29/06/2026 12:22;27/06/2026 10:43;29/06/2026 12:22
557883;SC;A3082;00019200000013331981;Rodoviário;27/06/2026 10:43;29/06/2026 12:22;27/06/2026 10:43;29/06/2026 12:22
557883;SC;TA0946;00019200000013331990;Rodoviário;27/06/2026 10:43;29/06/2026 12:22;27/06/2026 10:43;29/06/2026 12:22
557883;SC;A5639;00019200000013332007;Rodoviário;27/06/2026 10:43;29/06/2026 12:22;27/06/2026 10:43;29/06/2026 12:22
557883;SC;A4586;00019200000013332015;Rodoviário;27/06/2026 10:43;29/06/2026 12:22;27/06/2026 10:43;29/06/2026 12:22
557883;SC;A9463;00019200000013332023;Rodoviário;27/06/2026 10:43;29/06/2026 12:22;27/06/2026 10:43;29/06/2026 12:22
557883;SC;A8648;00019200000013332031;Rodoviário;27/06/2026 10:43;29/06/2026 12:22;27/06/2026 10:43;29/06/2026 12:22
557883;SC;A7312;00019200000013332040;Rodoviário;27/06/2026 10:43;29/06/2026 12:22;27/06/2026 10:43;29/06/2026 12:22
557883;SC;A9534;00019200000013332058;Rodoviário;27/06/2026 10:43;29/06/2026 12:22;27/06/2026 10:43;29/06/2026 12:22
557883;SC;A6948;00019200000013332066;Rodoviário;27/06/2026 10:43;29/06/2026 12:22;27/06/2026 10:43;29/06/2026 12:22
557883;SC;A9359;00019200000013332074;Rodoviário;27/06/2026 10:43;29/06/2026 12:22;27/06/2026 10:43;29/06/2026 12:22
557883;SC;A5132;00019200000013332082;Rodoviário;27/06/2026 10:43;29/06/2026 12:22;27/06/2026 10:43;29/06/2026 12:22
557883;SC;A1433;00019200000013332090;Rodoviário;27/06/2026 10:43;29/06/2026 12:22;27/06/2026 10:43;29/06/2026 12:22
557883;SC;A8605;00019200000013332104;Rodoviário;27/06/2026 10:43;29/06/2026 12:22;27/06/2026 10:43;29/06/2026 12:22
557883;SC;TA0960;00019200000013332112;Rodoviário;27/06/2026 10:43;29/06/2026 12:22;27/06/2026 10:43;29/06/2026 12:22
557883;SC;A9050;00019200000013332120;Rodoviário;27/06/2026 10:43;29/06/2026 12:22;27/06/2026 10:43;29/06/2026 12:22
557883;SC;A7119;00019200000013332139;Rodoviário;27/06/2026 10:43;29/06/2026 12:22;27/06/2026 10:43;29/06/2026 12:22
557883;SC;A1633;00019200000013332147;Rodoviário;27/06/2026 10:43;29/06/2026 12:22;27/06/2026 10:43;29/06/2026 12:22
557883;SC;A6387;00019200000013332155;Rodoviário;27/06/2026 10:43;29/06/2026 12:22;27/06/2026 10:43;29/06/2026 12:22
557883;SC;A7038;00019200000013332163;Rodoviário;27/06/2026 10:43;29/06/2026 12:22;27/06/2026 10:43;29/06/2026 12:22
557883;SC;A6707;00019200000013332171;Rodoviário;27/06/2026 10:43;29/06/2026 12:22;27/06/2026 10:43;29/06/2026 12:22
557883;SC;A7473;00019200000013332180;Rodoviário;27/06/2026 10:43;29/06/2026 12:22;27/06/2026 10:43;29/06/2026 12:22
557883;SC;A7123;00019200000013332198;Rodoviário;27/06/2026 10:43;29/06/2026 12:22;27/06/2026 10:43;29/06/2026 12:22
557883;SC;TA0170;00019200000013332201;Rodoviário;27/06/2026 10:43;29/06/2026 12:22;27/06/2026 10:43;29/06/2026 12:22
557883;SC;A3656;00019200000013332210;Rodoviário;27/06/2026 10:43;29/06/2026 12:22;27/06/2026 10:43;29/06/2026 12:22
557883;SC;A4359;00019200000013332228;Rodoviário;27/06/2026 10:43;29/06/2026 12:22;27/06/2026 10:43;29/06/2026 12:22
557883;SC;A8291;00019200000013332236;Rodoviário;27/06/2026 10:43;29/06/2026 12:22;-;-
557902;SC;A9296;00019200000013238620;Rodoviário;27/06/2026 10:40;29/06/2026 12:29;27/06/2026 10:40;29/06/2026 12:29
557902;SC;A4731;00019200000013238639;Rodoviário;27/06/2026 10:40;29/06/2026 12:29;27/06/2026 10:40;29/06/2026 12:29
557902;SC;A9433;00019200000013238655;Rodoviário;27/06/2026 10:40;29/06/2026 12:29;27/06/2026 10:40;29/06/2026 12:29
557902;SC;A8992;00019200000013249509;Rodoviário;27/06/2026 10:40;29/06/2026 12:29;27/06/2026 10:40;29/06/2026 12:29
557902;SC;A7444;00019200000013249517;Rodoviário;27/06/2026 10:40;29/06/2026 12:29;27/06/2026 10:40;29/06/2026 12:29
557902;SC;TA0484;00019200000013249525;Rodoviário;27/06/2026 10:40;29/06/2026 12:29;27/06/2026 10:40;29/06/2026 12:29
557902;SC;A7917;00019200000013249533;Rodoviário;27/06/2026 10:40;29/06/2026 12:29;27/06/2026 10:40;29/06/2026 12:29
557902;SC;TA1022;00019200000013249541;Rodoviário;27/06/2026 10:40;29/06/2026 12:29;27/06/2026 10:40;29/06/2026 12:29
557902;SC;A2959;00019200000013249550;Rodoviário;27/06/2026 10:40;29/06/2026 12:29;27/06/2026 10:40;29/06/2026 12:29
557902;SC;A4327;00019200000013249568;Rodoviário;27/06/2026 10:40;29/06/2026 12:29;27/06/2026 10:40;29/06/2026 12:29
557902;SC;A3468;00019200000013249576;Rodoviário;27/06/2026 10:40;29/06/2026 12:29;27/06/2026 10:40;29/06/2026 12:29
557902;SC;A0339;00019200000013249584;Rodoviário;27/06/2026 10:40;29/06/2026 12:29;27/06/2026 10:40;29/06/2026 12:29
557902;SC;A0393;00019200000013249592;Rodoviário;27/06/2026 10:40;29/06/2026 12:29;27/06/2026 10:40;29/06/2026 12:29
557902;SC;A6345;00019200000013249606;Rodoviário;27/06/2026 10:40;29/06/2026 12:29;27/06/2026 10:40;29/06/2026 12:29
557902;SC;A7121;00019200000013249754;Rodoviário;27/06/2026 10:40;29/06/2026 12:29;27/06/2026 10:40;29/06/2026 12:29
557902;SC;A8779;00019200000013249762;Rodoviário;27/06/2026 10:40;29/06/2026 12:29;27/06/2026 10:40;29/06/2026 12:29
557902;SC;TA0620;00019200000013249770;Rodoviário;27/06/2026 10:40;29/06/2026 12:29;27/06/2026 10:40;29/06/2026 12:29
557902;SC;A2753;00019200000013249789;Rodoviário;27/06/2026 10:40;29/06/2026 12:29;27/06/2026 10:40;29/06/2026 12:29
557902;SC;A6353;00019200000013249797;Rodoviário;27/06/2026 10:40;29/06/2026 12:29;27/06/2026 10:40;29/06/2026 12:29
557902;SC;A3663;00019200000013249800;Rodoviário;27/06/2026 10:40;29/06/2026 12:29;27/06/2026 10:40;29/06/2026 12:29
557902;SC;A2119;00019200000013249819;Rodoviário;27/06/2026 10:40;29/06/2026 12:29;27/06/2026 10:40;29/06/2026 12:29
557902;SC;TA0822;00019200000013249827;Rodoviário;27/06/2026 10:40;29/06/2026 12:29;27/06/2026 10:40;29/06/2026 12:29
557902;SC;A5781;00019200000013249835;Rodoviário;27/06/2026 10:40;29/06/2026 12:29;27/06/2026 10:40;29/06/2026 12:29
557902;SC;A0117;00019200000013249843;Rodoviário;27/06/2026 10:40;29/06/2026 12:29;27/06/2026 10:40;29/06/2026 12:29
557902;SC;A9205;00019200000013249851;Rodoviário;27/06/2026 10:40;29/06/2026 12:29;27/06/2026 10:40;29/06/2026 12:29
557902;SC;A1072;00019200000013249860;Rodoviário;27/06/2026 10:40;29/06/2026 12:29;27/06/2026 10:40;29/06/2026 12:29
557902;SC;A4949;00019200000013249878;Rodoviário;27/06/2026 10:40;29/06/2026 12:29;27/06/2026 10:40;29/06/2026 12:29
557902;SC;A7342;00019200000013249886;Rodoviário;27/06/2026 10:40;29/06/2026 12:29;27/06/2026 10:40;29/06/2026 12:29
557902;SC;A6716;00019200000013249894;Rodoviário;27/06/2026 10:40;29/06/2026 12:29;27/06/2026 10:40;29/06/2026 12:29
557902;SC;A3747;00019200000013249908;Rodoviário;27/06/2026 10:40;29/06/2026 12:29;27/06/2026 10:40;29/06/2026 12:29
557902;SC;A3733;00019200000013249916;Rodoviário;27/06/2026 10:40;29/06/2026 12:29;27/06/2026 10:40;29/06/2026 12:29
557902;SC;A7537;00019200000013249924;Rodoviário;27/06/2026 10:40;29/06/2026 12:29;27/06/2026 10:40;29/06/2026 12:29
557902;SC;A9125;00019200000013249932;Rodoviário;27/06/2026 10:40;29/06/2026 12:29;27/06/2026 10:40;29/06/2026 12:29
557902;SC;A7491;00019200000013249940;Rodoviário;27/06/2026 10:40;29/06/2026 12:29;27/06/2026 10:40;29/06/2026 12:29
557902;SC;A5547;00019200000013249959;Rodoviário;27/06/2026 10:40;29/06/2026 12:29;27/06/2026 10:40;29/06/2026 12:29
557902;SC;A0280;00019200000013249967;Rodoviário;27/06/2026 10:40;29/06/2026 12:29;27/06/2026 10:40;29/06/2026 12:29
557902;SC;A8245;00019200000013249975;Rodoviário;27/06/2026 10:40;29/06/2026 12:29;27/06/2026 10:40;29/06/2026 12:29
557902;SC;A3062;00019200000013249983;Rodoviário;27/06/2026 10:40;29/06/2026 12:29;27/06/2026 10:40;29/06/2026 12:29
557902;SC;A9397;00019200000013249991;Rodoviário;27/06/2026 10:40;29/06/2026 12:29;27/06/2026 10:40;29/06/2026 12:29
557902;SC;A4460;00019200000013250000;Rodoviário;27/06/2026 10:40;29/06/2026 12:29;27/06/2026 10:40;29/06/2026 12:29
557902;SC;A9588;00019200000013250019;Rodoviário;27/06/2026 10:40;29/06/2026 12:29;27/06/2026 10:40;29/06/2026 12:29
557902;SC;A3744;00019200000013250027;Rodoviário;27/06/2026 10:40;29/06/2026 12:29;27/06/2026 10:40;29/06/2026 12:29
557902;SC;TA0589;00019200000013250035;Rodoviário;27/06/2026 10:40;29/06/2026 12:29;27/06/2026 10:40;29/06/2026 12:29
557902;SC;A8969;00019200000013250043;Rodoviário;27/06/2026 10:40;29/06/2026 12:29;27/06/2026 10:40;29/06/2026 12:29
557902;SC;A6041;00019200000013250051;Rodoviário;27/06/2026 10:40;29/06/2026 12:29;27/06/2026 10:40;29/06/2026 12:29
557902;SC;TA0772;00019200000013250060;Rodoviário;27/06/2026 10:40;29/06/2026 12:29;27/06/2026 10:40;29/06/2026 12:29
557902;SC;A6633;00019200000013250078;Rodoviário;27/06/2026 10:40;29/06/2026 12:29;27/06/2026 10:40;29/06/2026 12:29
557902;SC;A5315;00019200000013250086;Rodoviário;27/06/2026 10:40;29/06/2026 12:29;27/06/2026 10:40;29/06/2026 12:29
557902;SC;A3520;00019200000013250094;Rodoviário;27/06/2026 10:40;29/06/2026 12:29;27/06/2026 10:40;29/06/2026 12:29
557902;SC;A1180;00019200000013250108;Rodoviário;27/06/2026 10:40;29/06/2026 12:29;27/06/2026 10:40;29/06/2026 12:29
557902;SC;A1340;00019200000013250116;Rodoviário;27/06/2026 10:40;29/06/2026 12:29;27/06/2026 10:40;29/06/2026 12:29
557902;SC;A5892;00019200000013250124;Rodoviário;27/06/2026 10:40;29/06/2026 12:29;27/06/2026 10:40;29/06/2026 12:29
558102;SC;TA0976;00019200000013249398;MultiModal;29/06/2026 01:10;01/07/2026 10:00;29/06/2026 01:10;01/07/2026 10:00
558102;SC;A2039;00019200000013315617;MultiModal;29/06/2026 01:10;01/07/2026 10:00;29/06/2026 01:10;01/07/2026 10:00
558102;SC;A7517;00019200000013315625;MultiModal;29/06/2026 01:10;01/07/2026 10:00;29/06/2026 01:10;01/07/2026 10:00
558102;SC;A8672;00019200000013315633;MultiModal;29/06/2026 01:10;01/07/2026 10:00;29/06/2026 01:10;01/07/2026 10:00
558102;SC;A0020;00019200000013315641;MultiModal;29/06/2026 01:10;01/07/2026 10:00;29/06/2026 01:10;01/07/2026 10:00
558102;SC;A6718;00019200000013315650;MultiModal;29/06/2026 01:10;01/07/2026 10:00;29/06/2026 01:10;01/07/2026 10:00
558102;SC;A7006;00019200000013315668;MultiModal;29/06/2026 01:10;01/07/2026 10:00;29/06/2026 01:10;01/07/2026 10:00
558102;SC;A5455;00019200000013315676;MultiModal;29/06/2026 01:10;01/07/2026 10:00;29/06/2026 01:10;01/07/2026 10:00
558102;SC;A6520;00019200000013315684;MultiModal;29/06/2026 01:10;01/07/2026 10:00;29/06/2026 01:10;01/07/2026 10:00
558102;SC;A6029;00019200000013315706;MultiModal;29/06/2026 01:10;01/07/2026 10:00;29/06/2026 01:10;01/07/2026 10:00
558102;SC;A1152;00019200000013315714;MultiModal;29/06/2026 01:10;01/07/2026 10:00;29/06/2026 01:10;01/07/2026 10:00
558102;SC;A3646;00019200000013315722;MultiModal;29/06/2026 01:10;01/07/2026 10:00;29/06/2026 01:10;01/07/2026 10:00
558102;SC;A7709;00019200000013315749;MultiModal;29/06/2026 01:10;01/07/2026 10:00;29/06/2026 01:10;01/07/2026 10:00
558102;SC;A6541;00019200000013315757;MultiModal;29/06/2026 01:10;01/07/2026 10:00;29/06/2026 01:10;01/07/2026 10:00
558102;SC;A8775;00019200000013315765;MultiModal;29/06/2026 01:10;01/07/2026 10:00;29/06/2026 01:10;01/07/2026 10:00
558161;SC;A7726;00019200000013425790;MultiModal;02/07/2026 05:59;03/07/2026 09:57;02/07/2026 05:59;03/07/2026 09:57
558167;SC;A3147;00019200000013211013;MultiModal;18/06/2026 04:16;22/06/2026 12:14;18/06/2026 04:16;22/06/2026 12:14
558641;SC;A9416;00019200000013329413;MultiModal;29/06/2026 05:35;30/06/2026 17:19;29/06/2026 05:35;30/06/2026 17:19
558641;SC;A9498;00019200000013329430;MultiModal;29/06/2026 05:35;30/06/2026 17:19;29/06/2026 05:35;30/06/2026 17:19
558641;SC;TA0481;00019200000013329448;MultiModal;29/06/2026 05:35;30/06/2026 17:19;29/06/2026 05:35;30/06/2026 17:19
558748;SC;A4217;00019200000013316338;MultiModal;24/06/2026 06:07;26/06/2026 14:34;24/06/2026 06:07;26/06/2026 14:34
558748;SC;A8923;00019200000013316346;MultiModal;24/06/2026 06:07;26/06/2026 14:34;24/06/2026 06:07;26/06/2026 14:34
558859;SC;A6626;00019200000013316486;MultiModal;24/06/2026 06:07;26/06/2026 14:18;24/06/2026 06:07;26/06/2026 14:18
558859;SC;A4345;00019200000013316494;MultiModal;24/06/2026 06:07;26/06/2026 14:18;24/06/2026 06:07;26/06/2026 14:18
558984;SC;A6967;00019200000013422278;MultiModal;08/07/2026 06:29;09/07/2026 16:00;08/07/2026 06:29;09/07/2026 16:00
559008;SC;A5942;00019200000013407422;MultiModal;08/07/2026 05:53;09/07/2026 16:00;08/07/2026 05:53;09/07/2026 16:00
559186;SC;A7947;00019200000013316222;MultiModal;29/06/2026 01:10;30/06/2026 17:17;29/06/2026 01:10;30/06/2026 17:17
559186;SC;A5967;00019200000013316230;MultiModal;29/06/2026 01:10;30/06/2026 17:17;29/06/2026 01:10;30/06/2026 17:17
559205;SC;TA0113;00019200000013244779;MultiModal;29/06/2026 05:35;01/07/2026 15:55;29/06/2026 05:35;01/07/2026 15:55
559205;SC;A7147;00019200000013244876;MultiModal;29/06/2026 05:35;01/07/2026 15:55;29/06/2026 05:35;01/07/2026 15:55
559216;SC;A3778;00019200000013244787;MultiModal;25/06/2026 23:16;26/06/2026 15:30;25/06/2026 23:16;26/06/2026 15:30
559370;SC;A2735;00019200000013408550;MultiModal;08/07/2026 13:44;14/07/2026 12:00;08/07/2026 13:44;14/07/2026 12:00
559376;SC;A6716;00019200000013419714;MultiModal;08/07/2026 06:28;09/07/2026 16:00;08/07/2026 06:28;09/07/2026 16:00
559637;SC;A1305;00019200000013428152;MultiModal;02/07/2026 00:22;02/07/2026 17:00;02/07/2026 00:22;02/07/2026 17:00
559727;SC;A9695;00019200000013423010;MultiModal;06/07/2026 05:43;08/07/2026 20:00;06/07/2026 05:43;08/07/2026 20:00
559861;SC;A2868;00019200000013406221;MultiModal;06/07/2026 06:37;08/07/2026 15:36;06/07/2026 06:37;08/07/2026 15:36
560360;SC;A2555;00019200000013445987;Rodoviário;14/07/2026 09:15;15/07/2026 14:52;14/07/2026 09:15;15/07/2026 14:52
560360;SC;A4823;00019200000013445995;Rodoviário;14/07/2026 09:15;15/07/2026 14:52;14/07/2026 09:15;15/07/2026 14:52
560360;SC;A0480;00019200000013446002;Rodoviário;14/07/2026 09:15;15/07/2026 14:52;14/07/2026 09:15;15/07/2026 14:52
560360;SC;A9691;00019200000013446010;Rodoviário;14/07/2026 09:15;15/07/2026 14:52;14/07/2026 09:15;15/07/2026 14:52
560360;SC;A1264;00019200000013446029;Rodoviário;14/07/2026 09:15;15/07/2026 14:52;14/07/2026 09:15;15/07/2026 14:52
560360;SC;A6057;00019200000013446037;Rodoviário;14/07/2026 09:15;15/07/2026 14:52;14/07/2026 09:15;15/07/2026 14:52
560360;SC;A6917;00019200000013446045;Rodoviário;14/07/2026 09:15;15/07/2026 14:52;14/07/2026 09:15;15/07/2026 14:52
560360;SC;A9421;00019200000013446053;Rodoviário;14/07/2026 09:15;15/07/2026 14:52;14/07/2026 09:15;15/07/2026 14:52
560360;SC;TA0448;00019200000013446061;Rodoviário;14/07/2026 09:15;15/07/2026 14:52;14/07/2026 09:15;15/07/2026 14:52
560360;SC;A6514;00019200000013446070;Rodoviário;14/07/2026 09:15;15/07/2026 14:52;14/07/2026 09:15;15/07/2026 14:52
560360;SC;A5736;00019200000013446088;Rodoviário;14/07/2026 09:15;15/07/2026 14:52;14/07/2026 09:15;15/07/2026 14:52
560360;SC;A3638;00019200000013446096;Rodoviário;14/07/2026 09:15;15/07/2026 14:52;14/07/2026 09:15;15/07/2026 14:52
560360;SC;TA0030;00019200000013446100;Rodoviário;14/07/2026 09:15;15/07/2026 14:52;14/07/2026 09:15;15/07/2026 14:52
560360;SC;A8612;00019200000013446118;Rodoviário;14/07/2026 09:15;15/07/2026 14:52;14/07/2026 09:15;15/07/2026 14:52
560360;SC;A1170;00019200000013446126;Rodoviário;14/07/2026 09:15;15/07/2026 14:52;14/07/2026 09:15;15/07/2026 14:52
560360;SC;A7601;00019200000013446134;Rodoviário;14/07/2026 09:15;15/07/2026 14:52;14/07/2026 09:15;15/07/2026 14:52
560360;SC;A4242;00019200000013446142;Rodoviário;14/07/2026 09:15;15/07/2026 14:52;14/07/2026 09:15;15/07/2026 14:52
560360;SC;A7457;00019200000013446150;Rodoviário;14/07/2026 09:15;15/07/2026 14:52;14/07/2026 09:15;15/07/2026 14:52
560360;SC;A8223;00019200000013446169;Rodoviário;14/07/2026 09:15;15/07/2026 14:52;14/07/2026 09:15;15/07/2026 14:52
560360;SC;TA0434;00019200000013446177;Rodoviário;14/07/2026 09:15;15/07/2026 14:52;14/07/2026 09:15;15/07/2026 14:52
560360;SC;A9321;00019200000013446185;Rodoviário;14/07/2026 09:15;15/07/2026 14:52;14/07/2026 09:15;15/07/2026 14:52
560360;SC;A5675;00019200000013446193;Rodoviário;14/07/2026 09:15;15/07/2026 14:52;14/07/2026 09:15;15/07/2026 14:52
560360;SC;A2370;00019200000013446207;Rodoviário;14/07/2026 09:15;15/07/2026 14:52;14/07/2026 09:15;15/07/2026 14:52
560360;SC;TA0489;00019200000013446215;Rodoviário;14/07/2026 09:15;15/07/2026 14:52;14/07/2026 09:15;15/07/2026 14:52
560360;SC;A7233;00019200000013446223;Rodoviário;14/07/2026 09:15;15/07/2026 14:52;14/07/2026 09:15;15/07/2026 14:52
560360;SC;A6643;00019200000013446231;Rodoviário;14/07/2026 09:15;15/07/2026 14:52;14/07/2026 09:15;15/07/2026 14:52
560360;SC;A5358;00019200000013446240;Rodoviário;14/07/2026 09:15;15/07/2026 14:52;14/07/2026 09:15;15/07/2026 14:52
560360;SC;A9667;00019200000013446258;Rodoviário;14/07/2026 09:15;15/07/2026 14:52;14/07/2026 09:15;15/07/2026 14:52
560360;SC;A6710;00019200000013446266;Rodoviário;14/07/2026 09:15;15/07/2026 14:52;14/07/2026 09:15;15/07/2026 14:52
560360;SC;A7849;00019200000013446274;Rodoviário;14/07/2026 09:15;15/07/2026 14:52;14/07/2026 09:15;15/07/2026 14:52
560360;SC;TA0599;00019200000013446282;Rodoviário;14/07/2026 09:15;15/07/2026 14:52;14/07/2026 09:15;15/07/2026 14:52
560360;SC;A3448;00019200000013446290;Rodoviário;14/07/2026 09:15;15/07/2026 14:52;14/07/2026 09:15;15/07/2026 14:52
560360;SC;A5779;00019200000013446304;Rodoviário;14/07/2026 09:15;15/07/2026 14:52;14/07/2026 09:15;15/07/2026 14:52
560360;SC;A1915;00019200000013446312;Rodoviário;14/07/2026 09:15;15/07/2026 14:52;14/07/2026 09:15;15/07/2026 14:52
560360;SC;A3871;00019200000013446320;Rodoviário;14/07/2026 09:15;15/07/2026 14:52;14/07/2026 09:15;15/07/2026 14:52
560360;SC;A4098;00019200000013446339;Rodoviário;14/07/2026 09:15;15/07/2026 14:52;14/07/2026 09:15;15/07/2026 14:52
560360;SC;A1866;00019200000013446347;Rodoviário;14/07/2026 09:15;15/07/2026 14:52;14/07/2026 09:15;15/07/2026 14:52
560360;SC;A6190;00019200000013446355;Rodoviário;14/07/2026 09:15;15/07/2026 14:52;14/07/2026 09:15;15/07/2026 14:52
560360;SC;A5845;00019200000013446363;Rodoviário;14/07/2026 09:15;15/07/2026 14:52;14/07/2026 09:15;15/07/2026 14:52
560360;SC;A0621;00019200000013446371;Rodoviário;14/07/2026 09:15;15/07/2026 14:52;14/07/2026 09:15;15/07/2026 14:52
560360;SC;A8043;00019200000013446380;Rodoviário;14/07/2026 09:15;15/07/2026 14:52;14/07/2026 09:15;15/07/2026 14:52
560360;SC;A6750;00019200000013446398;Rodoviário;14/07/2026 09:15;15/07/2026 14:52;14/07/2026 09:15;15/07/2026 14:52
560360;SC;A4882;00019200000013446401;Rodoviário;14/07/2026 09:15;15/07/2026 14:52;14/07/2026 09:15;15/07/2026 14:52
560360;SC;TA0228;00019200000013446410;Rodoviário;14/07/2026 09:15;15/07/2026 14:52;14/07/2026 09:15;15/07/2026 14:52
560360;SC;A0388;00019200000013446428;Rodoviário;14/07/2026 09:15;15/07/2026 14:52;14/07/2026 09:15;15/07/2026 14:52
560360;SC;TA0731;00019200000013446436;Rodoviário;14/07/2026 09:15;15/07/2026 14:52;14/07/2026 09:15;15/07/2026 14:52
560360;SC;A3402;00019200000013446444;Rodoviário;14/07/2026 09:15;15/07/2026 14:52;14/07/2026 09:15;15/07/2026 14:52
560360;SC;A5299;00019200000013446452;Rodoviário;14/07/2026 09:15;15/07/2026 14:52;14/07/2026 09:15;15/07/2026 14:52
560360;SC;A4907;00019200000013446460;Rodoviário;14/07/2026 09:15;15/07/2026 14:52;14/07/2026 09:15;15/07/2026 14:52
560360;SC;A5698;00019200000013446479;Rodoviário;14/07/2026 09:15;15/07/2026 14:52;14/07/2026 09:15;15/07/2026 14:52
560360;SC;TA0374;00019200000013446487;Rodoviário;14/07/2026 09:15;15/07/2026 14:52;14/07/2026 09:15;15/07/2026 14:52
560360;SC;A7499;00019200000013446495;Rodoviário;14/07/2026 09:15;15/07/2026 14:52;14/07/2026 09:15;15/07/2026 14:52
560360;SC;A8689;00019200000013446584;Rodoviário;14/07/2026 09:15;15/07/2026 14:52;14/07/2026 09:15;15/07/2026 14:52
560360;SC;A7504;00019200000013446592;Rodoviário;14/07/2026 09:15;15/07/2026 14:52;14/07/2026 09:15;15/07/2026 14:52
560360;SC;A9616;00019200000013446606;Rodoviário;14/07/2026 09:15;15/07/2026 14:52;14/07/2026 09:15;15/07/2026 14:52
560360;SC;TA0859;00019200000013446614;Rodoviário;14/07/2026 09:15;15/07/2026 14:52;14/07/2026 09:15;15/07/2026 14:52
560360;SC;A0632;00019200000013453106;Rodoviário;14/07/2026 09:15;15/07/2026 14:52;14/07/2026 09:15;15/07/2026 14:52
560453;SC;A4781;00019200000013415891;Rodoviário;14/07/2026 09:14;15/07/2026 14:53;14/07/2026 09:14;15/07/2026 14:53
560453;SC;A2699;00019200000013415905;Rodoviário;14/07/2026 09:14;15/07/2026 14:53;14/07/2026 09:14;15/07/2026 14:53
560453;SC;A1567;00019200000013415956;Rodoviário;14/07/2026 09:14;15/07/2026 14:53;14/07/2026 09:14;15/07/2026 14:53
560453;SC;TA0818;00019200000013415972;Rodoviário;14/07/2026 09:14;15/07/2026 14:53;14/07/2026 09:14;15/07/2026 14:53
560453;SC;A6780;00019200000013415980;Rodoviário;14/07/2026 09:14;15/07/2026 14:53;14/07/2026 09:14;15/07/2026 14:53
560453;SC;A7199;00019200000013415999;Rodoviário;14/07/2026 09:14;15/07/2026 14:53;14/07/2026 09:14;15/07/2026 14:53
560453;SC;A6062;00019200000013416006;Rodoviário;14/07/2026 09:14;15/07/2026 14:53;14/07/2026 09:14;15/07/2026 14:53
560453;SC;A7135;00019200000013416014;Rodoviário;14/07/2026 09:14;15/07/2026 14:53;14/07/2026 09:14;15/07/2026 14:53
560453;SC;A9398;00019200000013416022;Rodoviário;14/07/2026 09:14;15/07/2026 14:53;14/07/2026 09:14;15/07/2026 14:53
560845;SC;TA0897;00019200000013445901;MultiModal;13/07/2026 23:12;15/07/2026 14:35;13/07/2026 23:12;15/07/2026 14:35
556414;SE;A8869;00019200000012658120;MultiModal;11/06/2026 00:48;12/06/2026 10:00;-;-
556466;SE;A4257;00019200000012657468;MultiModal;11/06/2026 00:51;12/06/2026 11:00;-;-
556466;SE;A6707;00019200000012657476;MultiModal;11/06/2026 00:51;12/06/2026 11:00;-;-
556525;SE;A6804;00019200000012657859;MultiModal;11/06/2026 00:47;12/06/2026 11:10;-;-
556570;SE;TA0960;00019200000012659339;MultiModal;11/06/2026 00:48;12/06/2026 13:03;-;-
556753;SE;A0543;00019200000012702366;MultiModal;13/06/2026 13:00;15/06/2026 14:56;13/06/2026 13:00;15/06/2026 14:56
556753;SE;A4858;00019200000012702382;MultiModal;13/06/2026 13:00;15/06/2026 14:56;13/06/2026 13:00;15/06/2026 14:56
556753;SE;A4113;00019200000012702390;MultiModal;13/06/2026 13:00;15/06/2026 14:56;13/06/2026 13:00;15/06/2026 14:56
556753;SE;TA0620;00019200000012702404;MultiModal;13/06/2026 13:00;15/06/2026 14:56;13/06/2026 13:00;15/06/2026 14:56
556753;SE;A2051;00019200000012702412;MultiModal;13/06/2026 13:00;15/06/2026 14:56;13/06/2026 13:00;15/06/2026 14:56
556753;SE;A4297;00019200000012702420;MultiModal;13/06/2026 13:00;15/06/2026 14:56;13/06/2026 13:00;15/06/2026 14:56
556753;SE;A2921;00019200000012702439;MultiModal;13/06/2026 13:00;15/06/2026 14:56;13/06/2026 13:00;15/06/2026 14:56
556753;SE;A7291;00019200000012702447;MultiModal;13/06/2026 13:00;15/06/2026 14:56;13/06/2026 13:00;15/06/2026 14:56
556753;SE;TA1088;00019200000012702455;MultiModal;13/06/2026 13:00;15/06/2026 14:56;13/06/2026 13:00;15/06/2026 14:56
556753;SE;A3105;00019200000012702463;MultiModal;13/06/2026 13:00;15/06/2026 14:56;13/06/2026 13:00;15/06/2026 14:56
556753;SE;A6739;00019200000012702471;MultiModal;13/06/2026 13:00;15/06/2026 14:56;13/06/2026 13:00;15/06/2026 14:56
556753;SE;TA0856;00019200000012702480;MultiModal;13/06/2026 13:00;15/06/2026 14:56;13/06/2026 13:00;15/06/2026 14:56
556753;SE;A1731;00019200000012702498;MultiModal;13/06/2026 13:00;15/06/2026 14:56;13/06/2026 13:00;15/06/2026 14:56
556841;SE;A1292;00019200000012684368;MultiModal;15/06/2026 01:53;16/06/2026 11:00;15/06/2026 01:53;16/06/2026 11:00
556841;SE;TA0307;00019200000012684376;MultiModal;15/06/2026 01:53;16/06/2026 11:00;15/06/2026 01:53;16/06/2026 11:00
556964;SE;A7086;00019200000012905402;MultiModal;11/06/2026 00:16;12/06/2026 10:04;-;-
556964;SE;A3422;00019200000012905410;MultiModal;11/06/2026 00:16;12/06/2026 10:04;-;-
556964;SE;A3278;00019200000012905429;MultiModal;11/06/2026 00:16;12/06/2026 10:04;-;-
556964;SE;A7864;00019200000012905437;MultiModal;11/06/2026 00:16;12/06/2026 10:04;-;-
557005;SE;A1927;00019200000013242598;MultiModal;15/06/2026 01:53;16/06/2026 11:00;15/06/2026 01:53;16/06/2026 11:00
557143;SE;S1418;00019200000012387193;MultiModal;17/06/2026 23:50;22/06/2026 11:20;17/06/2026 23:50;22/06/2026 11:20
557143;SE;S1167;00019200000012387207;MultiModal;17/06/2026 23:50;22/06/2026 11:20;17/06/2026 23:50;22/06/2026 11:20
557143;SE;S1790;00019200000012387215;MultiModal;17/06/2026 23:50;22/06/2026 11:20;17/06/2026 23:50;22/06/2026 11:20
557143;SE;S1302;00019200000012694614;MultiModal;17/06/2026 23:50;22/06/2026 11:20;17/06/2026 23:50;22/06/2026 11:20
557143;SE;S1922;00019200000012694630;MultiModal;17/06/2026 23:50;22/06/2026 11:20;17/06/2026 23:50;22/06/2026 11:20
557143;SE;S1797;00019200000012694649;MultiModal;17/06/2026 23:50;22/06/2026 11:20;17/06/2026 23:50;22/06/2026 11:20
557143;SE;S0957;00019200000012694657;MultiModal;17/06/2026 23:50;22/06/2026 11:20;17/06/2026 23:50;22/06/2026 11:20
557143;SE;S1444;00019200000012694665;MultiModal;17/06/2026 23:50;22/06/2026 11:20;17/06/2026 23:50;22/06/2026 11:20
557143;SE;S0724;00019200000012694703;MultiModal;17/06/2026 23:50;22/06/2026 11:20;17/06/2026 23:50;22/06/2026 11:20
557143;SE;S0925;00019200000012694711;MultiModal;17/06/2026 23:50;22/06/2026 11:20;17/06/2026 23:50;22/06/2026 11:20
557143;SE;S0210;00019200000012694720;MultiModal;17/06/2026 23:50;22/06/2026 11:20;17/06/2026 23:50;22/06/2026 11:20
557143;SE;S0655;00019200000012694738;MultiModal;17/06/2026 23:50;22/06/2026 11:20;17/06/2026 23:50;22/06/2026 11:20
557143;SE;S1610;00019200000012695149;MultiModal;17/06/2026 23:50;22/06/2026 11:20;17/06/2026 23:50;22/06/2026 11:20
557143;SE;S1069;00019200000013242288;MultiModal;17/06/2026 23:50;22/06/2026 11:20;17/06/2026 23:50;22/06/2026 11:20
557143;SE;S1316;00019200000013242296;MultiModal;17/06/2026 23:50;22/06/2026 11:20;17/06/2026 23:50;22/06/2026 11:20
557143;SE;S1623;00019200000013242300;MultiModal;17/06/2026 23:50;22/06/2026 11:20;17/06/2026 23:50;22/06/2026 11:20
557143;SE;S1166;00019200000013242326;MultiModal;17/06/2026 23:50;22/06/2026 11:20;17/06/2026 23:50;22/06/2026 11:20
557143;SE;S1101;00019200000013242334;MultiModal;17/06/2026 23:50;22/06/2026 11:20;17/06/2026 23:50;22/06/2026 11:20
557143;SE;S1247;00019200000013242385;MultiModal;17/06/2026 23:50;22/06/2026 11:20;17/06/2026 23:50;22/06/2026 11:20
557143;SE;S1516;00019200000013242393;MultiModal;17/06/2026 23:50;22/06/2026 11:20;17/06/2026 23:50;22/06/2026 11:20
557287;SE;A7431;00019200000013324632;MultiModal;25/06/2026 03:25;26/06/2026 16:00;25/06/2026 03:25;26/06/2026 16:00
557287;SE;A9171;00019200000013330110;MultiModal;25/06/2026 03:25;26/06/2026 16:00;25/06/2026 03:25;26/06/2026 16:00
557287;SE;A3480;00019200000013330136;MultiModal;25/06/2026 03:25;26/06/2026 16:00;25/06/2026 03:25;26/06/2026 16:00
557287;SE;TA1209;00019200000013330144;MultiModal;25/06/2026 03:25;26/06/2026 16:00;25/06/2026 03:25;26/06/2026 16:00
557287;SE;A4134;00019200000013330152;MultiModal;25/06/2026 03:25;26/06/2026 16:00;25/06/2026 03:25;26/06/2026 16:00
557287;SE;A5752;00019200000013330160;MultiModal;25/06/2026 03:25;26/06/2026 16:00;25/06/2026 03:25;26/06/2026 16:00
557287;SE;A2701;00019200000013330179;MultiModal;25/06/2026 03:25;26/06/2026 16:00;25/06/2026 03:25;26/06/2026 16:00
557287;SE;A5509;00019200000013330187;MultiModal;25/06/2026 03:25;26/06/2026 16:00;25/06/2026 03:25;26/06/2026 16:00
557287;SE;TA1007;00019200000013330195;MultiModal;25/06/2026 03:25;26/06/2026 16:00;25/06/2026 03:25;26/06/2026 16:00
557287;SE;A6017;00019200000013330209;MultiModal;25/06/2026 03:25;26/06/2026 16:00;25/06/2026 03:25;26/06/2026 16:00
557287;SE;A9431;00019200000013330225;MultiModal;25/06/2026 03:25;26/06/2026 16:00;25/06/2026 03:25;26/06/2026 16:00
557287;SE;A8451;00019200000013330233;MultiModal;25/06/2026 03:25;26/06/2026 16:00;25/06/2026 03:25;26/06/2026 16:00
557287;SE;A6236;00019200000013330241;MultiModal;25/06/2026 03:25;26/06/2026 16:00;25/06/2026 03:25;26/06/2026 16:00
557287;SE;A6692;00019200000013330250;MultiModal;25/06/2026 03:25;26/06/2026 16:00;25/06/2026 03:25;26/06/2026 16:00
557287;SE;A6227;00019200000013330268;MultiModal;25/06/2026 03:25;26/06/2026 16:00;25/06/2026 03:25;26/06/2026 16:00
557287;SE;A2249;00019200000013330276;MultiModal;25/06/2026 03:25;26/06/2026 16:00;25/06/2026 03:25;26/06/2026 16:00
557287;SE;A3839;00019200000013331540;MultiModal;25/06/2026 03:25;26/06/2026 16:00;25/06/2026 03:25;26/06/2026 16:00
557287;SE;A4754;00019200000013331558;MultiModal;25/06/2026 03:25;26/06/2026 16:00;25/06/2026 03:25;26/06/2026 16:00
557287;SE;A3841;00019200000013332244;MultiModal;25/06/2026 03:25;26/06/2026 16:00;25/06/2026 03:25;26/06/2026 16:00
557287;SE;A8438;00019200000013332465;MultiModal;25/06/2026 03:25;26/06/2026 16:00;25/06/2026 03:25;26/06/2026 16:00
557287;SE;A8058;00019200000013332473;MultiModal;25/06/2026 03:25;26/06/2026 16:00;25/06/2026 03:25;26/06/2026 16:00
557287;SE;A3771;00019200000013332503;MultiModal;25/06/2026 03:25;26/06/2026 16:00;25/06/2026 03:25;26/06/2026 16:00
557287;SE;A3854;00019200000013332520;MultiModal;25/06/2026 03:25;26/06/2026 16:00;25/06/2026 03:25;26/06/2026 16:00
557287;SE;A8023;00019200000013332538;MultiModal;25/06/2026 03:25;26/06/2026 16:00;25/06/2026 03:25;26/06/2026 16:00
557287;SE;A3782;00019200000013332546;MultiModal;25/06/2026 03:25;26/06/2026 16:00;25/06/2026 03:25;26/06/2026 16:00
557287;SE;A8921;00019200000013332589;MultiModal;25/06/2026 03:25;26/06/2026 16:00;25/06/2026 03:25;26/06/2026 16:00
557298;SE;S1835;00019200000013328182;MultiModal;25/06/2026 01:04;26/06/2026 15:00;25/06/2026 01:04;26/06/2026 15:00
558488;SE;TA1209;00019200000013208268;MultiModal;07/07/2026 00:59;10/07/2026 16:02;07/07/2026 00:59;10/07/2026 17:00
558488;SE;TA0547;00019200000013208276;MultiModal;07/07/2026 00:59;10/07/2026 16:02;07/07/2026 00:59;10/07/2026 17:00
558488;SE;A5219;00019200000013405284;MultiModal;07/07/2026 00:59;10/07/2026 16:02;07/07/2026 04:44;10/07/2026 16:02
558488;SE;A2716;00019200000013405292;MultiModal;07/07/2026 00:59;10/07/2026 16:02;07/07/2026 00:59;10/07/2026 17:00
558488;SE;A6227;00019200000013405306;MultiModal;07/07/2026 00:59;10/07/2026 16:02;07/07/2026 00:59;10/07/2026 17:00
558488;SE;A0662;00019200000013405314;MultiModal;07/07/2026 00:59;10/07/2026 16:02;07/07/2026 04:44;10/07/2026 16:02
558488;SE;A5359;00019200000013405322;MultiModal;07/07/2026 00:59;10/07/2026 16:02;14/07/2026 03:18;15/07/2026 08:00
558488;SE;TA0915;00019200000013405330;MultiModal;07/07/2026 00:59;10/07/2026 16:02;07/07/2026 04:44;10/07/2026 16:02
558488;SE;A2040;00019200000013405349;MultiModal;07/07/2026 00:59;10/07/2026 16:02;14/07/2026 03:18;15/07/2026 08:00
558488;SE;A7494;00019200000013405357;MultiModal;07/07/2026 00:59;10/07/2026 16:02;07/07/2026 04:44;10/07/2026 16:02
558488;SE;A6702;00019200000013405365;MultiModal;07/07/2026 00:59;10/07/2026 16:02;07/07/2026 00:59;10/07/2026 17:00
558488;SE;A8451;00019200000013405373;MultiModal;07/07/2026 00:59;10/07/2026 16:02;07/07/2026 00:59;10/07/2026 17:00
558488;SE;A4268;00019200000013405381;MultiModal;07/07/2026 00:59;10/07/2026 16:02;16/07/2026 03:34;17/07/2026 11:00
558488;SE;A3012;00019200000013405390;MultiModal;07/07/2026 00:59;10/07/2026 16:02;20/07/2026 04:20;-
558488;SE;TA0459;00019200000013405403;MultiModal;07/07/2026 00:59;10/07/2026 16:02;20/07/2026 04:20;-
558488;SE;TA1063;00019200000013405411;MultiModal;07/07/2026 00:59;10/07/2026 16:02;20/07/2026 04:20;-
558488;SE;A3058;00019200000013405420;MultiModal;07/07/2026 00:59;10/07/2026 16:02;20/07/2026 04:20;-
558488;SE;A8539;00019200000013405438;MultiModal;07/07/2026 00:59;10/07/2026 16:02;20/07/2026 04:20;-
558488;SE;A0041;00019200000013405462;MultiModal;07/07/2026 00:59;10/07/2026 16:02;07/07/2026 00:59;10/07/2026 17:00
558488;SE;A2641;00019200000013405659;MultiModal;07/07/2026 00:59;10/07/2026 16:02;07/07/2026 04:44;10/07/2026 16:02
558488;SE;A6974;00019200000013405667;MultiModal;07/07/2026 00:59;10/07/2026 16:02;07/07/2026 04:44;10/07/2026 16:02
558488;SE;A6109;00019200000013405675;MultiModal;07/07/2026 00:59;10/07/2026 16:02;07/07/2026 04:44;10/07/2026 16:02
558488;SE;A0400;00019200000013405683;MultiModal;07/07/2026 00:59;10/07/2026 16:02;20/07/2026 04:20;-
558488;SE;A6932;00019200000013405691;MultiModal;07/07/2026 00:59;10/07/2026 16:02;16/07/2026 03:34;17/07/2026 11:00
558488;SE;A8410;00019200000013405705;MultiModal;07/07/2026 00:59;10/07/2026 16:02;20/07/2026 04:20;-
558488;SE;A3199;00019200000013405713;MultiModal;07/07/2026 00:59;10/07/2026 16:02;16/07/2026 03:34;17/07/2026 11:00
558488;SE;A5545;00019200000013405721;MultiModal;07/07/2026 00:59;10/07/2026 16:02;16/07/2026 03:34;17/07/2026 11:00
558488;SE;TA0278;00019200000013405730;MultiModal;07/07/2026 00:59;10/07/2026 16:02;20/07/2026 04:20;-
558488;SE;A4236;00019200000013405748;MultiModal;07/07/2026 00:59;10/07/2026 16:02;20/07/2026 04:20;-
558488;SE;A7909;00019200000013405756;MultiModal;07/07/2026 00:59;10/07/2026 16:02;07/07/2026 04:44;10/07/2026 16:02
558488;SE;A9257;00019200000013405764;MultiModal;07/07/2026 00:59;10/07/2026 16:02;07/07/2026 04:44;10/07/2026 16:02
558488;SE;A5408;00019200000013405772;MultiModal;07/07/2026 00:59;10/07/2026 16:02;07/07/2026 04:44;10/07/2026 16:02
558488;SE;A0810;00019200000013405780;MultiModal;07/07/2026 00:59;10/07/2026 16:02;07/07/2026 00:59;10/07/2026 17:00
558488;SE;A5058;00019200000013405799;MultiModal;07/07/2026 00:59;10/07/2026 16:02;16/07/2026 03:34;17/07/2026 11:00
558488;SE;A2660;00019200000013406752;MultiModal;07/07/2026 00:59;10/07/2026 16:02;14/07/2026 22:57;17/07/2026 11:00
558488;SE;A7609;00019200000013406760;MultiModal;07/07/2026 00:59;10/07/2026 16:02;14/07/2026 22:57;17/07/2026 11:00
558488;SE;A5319;00019200000013406779;MultiModal;07/07/2026 00:59;10/07/2026 16:02;14/07/2026 03:18;15/07/2026 08:00
558488;SE;A3255;00019200000013406787;MultiModal;07/07/2026 00:59;10/07/2026 16:02;14/07/2026 03:18;15/07/2026 08:00
558488;SE;TA1214;00019200000013406795;MultiModal;07/07/2026 00:59;10/07/2026 16:02;14/07/2026 03:18;15/07/2026 08:00
558488;SE;A3450;00019200000013406809;MultiModal;07/07/2026 00:59;10/07/2026 16:02;14/07/2026 03:18;15/07/2026 08:00
558488;SE;A3453;00019200000013406817;MultiModal;07/07/2026 00:59;10/07/2026 16:02;14/07/2026 03:18;15/07/2026 08:00
558488;SE;A9555;00019200000013406825;MultiModal;07/07/2026 00:59;10/07/2026 16:02;14/07/2026 03:18;15/07/2026 08:00
558488;SE;A2989;00019200000013406841;MultiModal;07/07/2026 00:59;10/07/2026 16:02;14/07/2026 22:57;17/07/2026 11:00
558488;SE;A6180;00019200000013406850;MultiModal;07/07/2026 00:59;10/07/2026 16:02;14/07/2026 22:57;17/07/2026 11:00
558488;SE;A1502;00019200000013406868;MultiModal;07/07/2026 00:59;10/07/2026 16:02;20/07/2026 04:20;-
558488;SE;A6983;00019200000013406876;MultiModal;07/07/2026 00:59;10/07/2026 16:02;14/07/2026 22:57;17/07/2026 11:00
558488;SE;A6548;00019200000013406884;MultiModal;07/07/2026 00:59;10/07/2026 16:02;14/07/2026 22:57;17/07/2026 11:00
558488;SE;A3457;00019200000013406892;MultiModal;07/07/2026 00:59;10/07/2026 16:02;20/07/2026 04:20;-
558488;SE;A6541;00019200000013406906;MultiModal;07/07/2026 00:59;10/07/2026 16:02;14/07/2026 22:57;17/07/2026 11:00
558488;SE;TA0076;00019200000013406914;MultiModal;07/07/2026 00:59;10/07/2026 16:02;14/07/2026 22:57;17/07/2026 11:00
558488;SE;;00019200000013407414;MultiModal;07/07/2026 00:59;10/07/2026 16:02;-;-
558488;SE;;00019200000013407570;MultiModal;07/07/2026 00:59;10/07/2026 16:02;-;-
558488;SE;;00019200000013407589;MultiModal;07/07/2026 00:59;10/07/2026 16:02;-;-
558488;SE;;00019200000013407597;MultiModal;07/07/2026 00:59;10/07/2026 16:02;-;-
558488;SE;;00019200000013407600;MultiModal;07/07/2026 00:59;10/07/2026 16:02;-;-
558488;SE;A5235;00019200000013407627;MultiModal;07/07/2026 00:59;10/07/2026 16:02;07/07/2026 00:59;10/07/2026 17:00
558488;SE;A8461;00019200000013407635;MultiModal;07/07/2026 00:59;10/07/2026 16:02;07/07/2026 04:44;10/07/2026 16:02
558488;SE;A9524;00019200000013407643;MultiModal;07/07/2026 00:59;10/07/2026 16:02;20/07/2026 04:20;-
558488;SE;A8850;00019200000013421379;MultiModal;07/07/2026 00:59;10/07/2026 16:02;07/07/2026 00:59;10/07/2026 17:00
558488;SE;A7915;00019200000013421409;MultiModal;07/07/2026 00:59;10/07/2026 16:02;07/07/2026 00:59;10/07/2026 17:00
558488;SE;A9390;00019200000013421417;MultiModal;07/07/2026 00:59;10/07/2026 16:02;16/07/2026 03:34;17/07/2026 11:00
558488;SE;;00019200000013421425;MultiModal;07/07/2026 00:59;10/07/2026 16:02;-;-
558488;SE;;00019200000013421433;MultiModal;07/07/2026 00:59;10/07/2026 16:02;-;-
558488;SE;;00019200000013421441;MultiModal;07/07/2026 00:59;10/07/2026 16:02;-;-
558488;SE;A4891;00019200000013421450;MultiModal;07/07/2026 00:59;10/07/2026 16:02;07/07/2026 00:59;10/07/2026 17:00
558488;SE;;00019200000013421468;MultiModal;07/07/2026 00:59;10/07/2026 16:02;-;-
558488;SE;;00019200000013421476;MultiModal;07/07/2026 00:59;10/07/2026 16:02;-;-
558488;SE;A7466;00019200000013421484;MultiModal;07/07/2026 00:59;10/07/2026 16:02;07/07/2026 00:59;10/07/2026 17:00
558488;SE;A2030;00019200000013421492;MultiModal;07/07/2026 00:59;10/07/2026 16:02;07/07/2026 04:44;10/07/2026 16:02
558488;SE;A6380;00019200000013421506;MultiModal;07/07/2026 00:59;10/07/2026 16:02;07/07/2026 04:44;10/07/2026 16:02
558488;SE;A7013;00019200000013421514;MultiModal;07/07/2026 00:59;10/07/2026 16:02;07/07/2026 04:44;10/07/2026 16:02
558488;SE;TA0219;00019200000013421522;MultiModal;07/07/2026 00:59;10/07/2026 16:02;14/07/2026 03:18;15/07/2026 08:00
558488;SE;TA0981;00019200000013421530;MultiModal;07/07/2026 00:59;10/07/2026 16:02;14/07/2026 03:18;15/07/2026 08:00
558488;SE;;00019200000013421549;MultiModal;07/07/2026 00:59;10/07/2026 16:02;-;-
558488;SE;A0003;00019200000013421557;MultiModal;07/07/2026 00:59;10/07/2026 16:02;07/07/2026 00:59;10/07/2026 17:00
558488;SE;A8120;00019200000013421565;MultiModal;07/07/2026 00:59;10/07/2026 16:02;07/07/2026 00:59;10/07/2026 17:00
558488;SE;A8631;00019200000013421573;MultiModal;07/07/2026 00:59;10/07/2026 16:02;20/07/2026 04:20;-
558488;SE;A3839;00019200000013421581;MultiModal;07/07/2026 00:59;10/07/2026 16:02;07/07/2026 00:59;10/07/2026 17:00
558488;SE;A8155;00019200000013421590;MultiModal;07/07/2026 00:59;10/07/2026 16:02;07/07/2026 00:59;10/07/2026 17:00
558488;SE;A7056;00019200000013421603;MultiModal;07/07/2026 00:59;10/07/2026 16:02;07/07/2026 04:44;10/07/2026 16:02
558488;SE;A4003;00019200000013421611;MultiModal;07/07/2026 00:59;10/07/2026 16:02;07/07/2026 04:44;10/07/2026 16:02
558488;SE;A0027;00019200000013421620;MultiModal;07/07/2026 00:59;10/07/2026 16:02;07/07/2026 04:44;10/07/2026 16:02
558488;SE;A4278;00019200000013421638;MultiModal;07/07/2026 00:59;10/07/2026 16:02;07/07/2026 00:59;10/07/2026 17:00
558488;SE;A1494;00019200000013421646;MultiModal;07/07/2026 00:59;10/07/2026 16:02;07/07/2026 00:59;10/07/2026 17:00
558488;SE;;00019200000013421654;MultiModal;07/07/2026 00:59;10/07/2026 16:02;-;-
558488;SE;;00019200000013421662;MultiModal;07/07/2026 00:59;10/07/2026 16:02;-;-
558488;SE;;00019200000013421670;MultiModal;07/07/2026 00:59;10/07/2026 16:02;-;-
558488;SE;;00019200000013421689;MultiModal;07/07/2026 00:59;10/07/2026 16:02;-;-
558488;SE;;00019200000013421697;MultiModal;07/07/2026 00:59;10/07/2026 16:02;-;-
558488;SE;;00019200000013421700;MultiModal;07/07/2026 00:59;10/07/2026 16:02;-;-
558488;SE;;00019200000013421719;MultiModal;07/07/2026 00:59;10/07/2026 16:02;-;-
558488;SE;;00019200000013421727;MultiModal;07/07/2026 00:59;10/07/2026 16:02;-;-
558488;SE;;00019200000013421735;MultiModal;07/07/2026 00:59;10/07/2026 16:02;-;-
558488;SE;TA0452;00019200000013421743;MultiModal;07/07/2026 00:59;10/07/2026 16:02;14/07/2026 22:57;17/07/2026 11:00
558488;SE;A6090;00019200000013421751;MultiModal;07/07/2026 00:59;10/07/2026 16:02;14/07/2026 22:57;17/07/2026 11:00
558488;SE;A8661;00019200000013421760;MultiModal;07/07/2026 00:59;10/07/2026 16:02;14/07/2026 22:57;17/07/2026 11:00
558488;SE;A8776;00019200000013421778;MultiModal;07/07/2026 00:59;10/07/2026 16:02;14/07/2026 03:18;15/07/2026 08:00
558488;SE;A5287;00019200000013421786;MultiModal;07/07/2026 00:59;10/07/2026 16:02;14/07/2026 03:18;15/07/2026 08:00
558488;SE;A1445;00019200000013421794;MultiModal;07/07/2026 00:59;10/07/2026 16:02;07/07/2026 04:44;10/07/2026 16:02
558488;SE;A2622;00019200000013421808;MultiModal;07/07/2026 00:59;10/07/2026 16:02;14/07/2026 22:57;17/07/2026 11:00
558488;SE;A7195;00019200000013421816;MultiModal;07/07/2026 00:59;10/07/2026 16:02;14/07/2026 22:57;17/07/2026 11:00
558488;SE;;00019200000013421824;MultiModal;07/07/2026 00:59;10/07/2026 16:02;-;-
558488;SE;A3215;00019200000013421832;MultiModal;07/07/2026 00:59;10/07/2026 16:02;14/07/2026 22:57;17/07/2026 11:00
558488;SE;A7166;00019200000013421840;MultiModal;07/07/2026 00:59;10/07/2026 16:02;14/07/2026 22:57;17/07/2026 11:00
558488;SE;A4676;00019200000013421859;MultiModal;07/07/2026 00:59;10/07/2026 16:02;16/07/2026 03:34;17/07/2026 11:00
558488;SE;A8657;00019200000013421867;MultiModal;07/07/2026 00:59;10/07/2026 16:02;16/07/2026 03:34;17/07/2026 11:00
558488;SE;A6419;00019200000013421875;MultiModal;07/07/2026 00:59;10/07/2026 16:02;14/07/2026 03:18;15/07/2026 08:00
558488;SE;TA0261;00019200000013421883;MultiModal;07/07/2026 00:59;10/07/2026 16:02;14/07/2026 03:18;15/07/2026 08:00
558488;SE;A4391;00019200000013421891;MultiModal;07/07/2026 00:59;10/07/2026 16:02;07/07/2026 04:44;10/07/2026 16:02
558488;SE;A3759;00019200000013421905;MultiModal;07/07/2026 00:59;10/07/2026 16:02;14/07/2026 03:18;15/07/2026 08:00
558488;SE;A7289;00019200000013421913;MultiModal;07/07/2026 00:59;10/07/2026 16:02;14/07/2026 03:18;15/07/2026 08:00
558488;SE;A2029;00019200000013421921;MultiModal;07/07/2026 00:59;10/07/2026 16:02;20/07/2026 04:20;-
558488;SE;A8455;00019200000013421930;MultiModal;07/07/2026 00:59;10/07/2026 16:02;20/07/2026 04:20;-
558488;SE;A7169;00019200000013421948;MultiModal;07/07/2026 00:59;10/07/2026 16:02;20/07/2026 04:20;-
558488;SE;A7754;00019200000013421956;MultiModal;07/07/2026 00:59;10/07/2026 16:02;14/07/2026 03:18;15/07/2026 08:00
558488;SE;A7098;00019200000013421964;MultiModal;07/07/2026 00:59;10/07/2026 16:02;14/07/2026 03:18;15/07/2026 08:00
558488;SE;;00019200000013421972;MultiModal;07/07/2026 00:59;10/07/2026 16:02;-;-
558488;SE;A7881;00019200000013421980;MultiModal;07/07/2026 00:59;10/07/2026 16:02;16/07/2026 03:34;17/07/2026 11:00
558488;SE;A4693;00019200000013421999;MultiModal;07/07/2026 00:59;10/07/2026 16:02;16/07/2026 03:34;17/07/2026 11:00
558488;SE;A6633;00019200000013422006;MultiModal;07/07/2026 00:59;10/07/2026 16:02;16/07/2026 03:34;17/07/2026 11:00
558488;SE;;00019200000013422014;MultiModal;07/07/2026 00:59;10/07/2026 16:02;-;-
558488;SE;A8775;00019200000013422022;MultiModal;07/07/2026 00:59;10/07/2026 16:02;14/07/2026 22:57;17/07/2026 11:00
558488;SE;;00019200000013422030;MultiModal;07/07/2026 00:59;10/07/2026 16:02;-;-
558488;SE;;00019200000013422049;MultiModal;07/07/2026 00:59;10/07/2026 16:02;-;-
558488;SE;TA1074;00019200000013422057;MultiModal;07/07/2026 00:59;10/07/2026 16:02;20/07/2026 04:20;-
558488;SE;A7974;00019200000013422065;MultiModal;07/07/2026 00:59;10/07/2026 16:02;20/07/2026 04:20;-
558488;SE;A3486;00019200000013422073;MultiModal;07/07/2026 00:59;10/07/2026 16:02;14/07/2026 22:57;17/07/2026 11:00
558488;SE;A7197;00019200000013422081;MultiModal;07/07/2026 00:59;10/07/2026 16:02;16/07/2026 03:34;17/07/2026 11:00
558488;SE;A8156;00019200000013422090;MultiModal;07/07/2026 00:59;10/07/2026 16:02;16/07/2026 03:34;17/07/2026 11:00
558488;SE;A9631;00019200000013422103;MultiModal;07/07/2026 00:59;10/07/2026 16:02;14/07/2026 22:57;17/07/2026 11:00
558488;SE;;00019200000013422111;MultiModal;07/07/2026 00:59;10/07/2026 16:02;-;-
558488;SE;;00019200000013422120;MultiModal;07/07/2026 00:59;10/07/2026 16:02;-;-
558488;SE;;00019200000013422138;MultiModal;07/07/2026 00:59;10/07/2026 16:02;-;-
558488;SE;;00019200000013422146;MultiModal;07/07/2026 00:59;10/07/2026 16:02;-;-
558488;SE;;00019200000013422154;MultiModal;07/07/2026 00:59;10/07/2026 16:02;-;-
558488;SE;;00019200000013422162;MultiModal;07/07/2026 00:59;10/07/2026 16:02;-;-
558488;SE;A7626;00019200000013422170;MultiModal;07/07/2026 00:59;10/07/2026 16:02;16/07/2026 03:34;17/07/2026 11:00
558488;SE;A7668;00019200000013422189;MultiModal;07/07/2026 00:59;10/07/2026 16:02;16/07/2026 03:34;17/07/2026 11:00
558488;SE;A8218;00019200000013422197;MultiModal;07/07/2026 00:59;10/07/2026 16:02;16/07/2026 03:34;17/07/2026 11:00
558488;SE;;00019200000013422200;MultiModal;07/07/2026 00:59;10/07/2026 16:02;-;-
558488;SE;;00019200000013422219;MultiModal;07/07/2026 00:59;10/07/2026 16:02;-;-
558488;SE;;00019200000013422227;MultiModal;07/07/2026 00:59;10/07/2026 16:02;-;-
558488;SE;;00019200000013422235;MultiModal;07/07/2026 00:59;10/07/2026 16:02;-;-
558488;SE;;00019200000013422243;MultiModal;07/07/2026 00:59;10/07/2026 16:02;-;-
558488;SE;A8969;00019200000013422251;MultiModal;07/07/2026 00:59;10/07/2026 16:02;16/07/2026 03:34;17/07/2026 11:00
558488;SE;TA0395;00019200000013422260;MultiModal;07/07/2026 00:59;10/07/2026 16:02;16/07/2026 03:34;17/07/2026 11:00
558489;SE;A3434;00019200000013248448;MultiModal;01/07/2026 05:28;03/07/2026 11:01;02/07/2026 00:26;03/07/2026 11:01
558489;SE;A7153;00019200000013248456;MultiModal;01/07/2026 05:28;03/07/2026 11:01;02/07/2026 00:26;03/07/2026 11:01
558489;SE;A7498;00019200000013248464;MultiModal;01/07/2026 05:28;03/07/2026 11:01;02/07/2026 00:26;03/07/2026 11:01
558489;SE;A9605;00019200000013248472;MultiModal;01/07/2026 05:28;03/07/2026 11:01;02/07/2026 00:26;03/07/2026 11:01
558489;SE;A0191;00019200000013248480;MultiModal;01/07/2026 05:28;03/07/2026 11:01;02/07/2026 00:26;03/07/2026 11:01
558489;SE;A9219;00019200000013248499;MultiModal;01/07/2026 05:28;03/07/2026 11:01;01/07/2026 05:28;03/07/2026 11:01
558489;SE;A6889;00019200000013248502;MultiModal;01/07/2026 05:28;03/07/2026 11:01;02/07/2026 00:26;03/07/2026 11:01
558489;SE;A0431;00019200000013248510;MultiModal;01/07/2026 05:28;03/07/2026 11:01;01/07/2026 05:28;03/07/2026 11:01
558489;SE;TA1172;00019200000013248529;MultiModal;01/07/2026 05:28;03/07/2026 11:01;02/07/2026 00:26;03/07/2026 11:01
558489;SE;A6477;00019200000013248537;MultiModal;01/07/2026 05:28;03/07/2026 11:01;01/07/2026 05:28;03/07/2026 11:01
558489;SE;A6970;00019200000013248545;MultiModal;01/07/2026 05:28;03/07/2026 11:01;02/07/2026 00:26;03/07/2026 11:01
558489;SE;A8079;00019200000013248553;MultiModal;01/07/2026 05:28;03/07/2026 11:01;02/07/2026 00:26;03/07/2026 11:01
558489;SE;A0499;00019200000013248561;MultiModal;01/07/2026 05:28;03/07/2026 11:01;01/07/2026 05:28;03/07/2026 11:01
558489;SE;A9318;00019200000013248570;MultiModal;01/07/2026 05:28;03/07/2026 11:01;02/07/2026 00:26;03/07/2026 11:01
558489;SE;A7100;00019200000013248588;MultiModal;01/07/2026 05:28;03/07/2026 11:01;01/07/2026 05:28;03/07/2026 11:01
558489;SE;TA0892;00019200000013252089;MultiModal;01/07/2026 05:28;03/07/2026 11:01;01/07/2026 05:28;03/07/2026 11:01
558489;SE;A9533;00019200000013252097;MultiModal;01/07/2026 05:28;03/07/2026 11:01;01/07/2026 05:28;03/07/2026 11:01
558489;SE;TA0243;00019200000013252100;MultiModal;01/07/2026 05:28;03/07/2026 11:01;01/07/2026 05:28;03/07/2026 11:01
558489;SE;A6008;00019200000013252119;MultiModal;01/07/2026 05:28;03/07/2026 11:01;02/07/2026 00:26;03/07/2026 11:01
558489;SE;TA1122;00019200000013252127;MultiModal;01/07/2026 05:28;03/07/2026 11:01;02/07/2026 00:26;03/07/2026 11:01
558489;SE;TA0886;00019200000013252135;MultiModal;01/07/2026 05:28;03/07/2026 11:01;02/07/2026 00:26;03/07/2026 11:01
558489;SE;A7289;00019200000013252143;MultiModal;01/07/2026 05:28;03/07/2026 11:01;02/07/2026 00:26;03/07/2026 11:01
558489;SE;A4200;00019200000013252151;MultiModal;01/07/2026 05:28;03/07/2026 11:01;02/07/2026 00:26;03/07/2026 11:01
558489;SE;A7588;00019200000013252160;MultiModal;01/07/2026 05:28;03/07/2026 11:01;01/07/2026 05:28;03/07/2026 11:01
558489;SE;A8062;00019200000013252178;MultiModal;01/07/2026 05:28;03/07/2026 11:01;01/07/2026 05:28;03/07/2026 11:01
558489;SE;A8397;00019200000013252186;MultiModal;01/07/2026 05:28;03/07/2026 11:01;01/07/2026 05:28;03/07/2026 11:01
558489;SE;TA0851;00019200000013252194;MultiModal;01/07/2026 05:28;03/07/2026 11:01;01/07/2026 05:28;03/07/2026 11:01
558489;SE;TA0898;00019200000013252208;MultiModal;01/07/2026 05:28;03/07/2026 11:01;01/07/2026 05:28;03/07/2026 11:01
558489;SE;A5092;00019200000013252216;MultiModal;01/07/2026 05:28;03/07/2026 11:01;01/07/2026 05:28;03/07/2026 11:01
558489;SE;A8989;00019200000013252224;MultiModal;01/07/2026 05:28;03/07/2026 11:01;01/07/2026 05:28;03/07/2026 11:01
558850;SE;A7450;00019200000013248677;MultiModal;01/07/2026 04:39;02/07/2026 14:00;02/07/2026 00:19;02/07/2026 14:00
558850;SE;A7774;00019200000013248758;MultiModal;01/07/2026 04:39;02/07/2026 14:00;01/07/2026 04:39;03/07/2026 11:00
558850;SE;A0707;00019200000013248766;MultiModal;01/07/2026 04:39;02/07/2026 14:00;01/07/2026 04:39;03/07/2026 11:00
558850;SE;A7525;00019200000013248774;MultiModal;01/07/2026 04:39;02/07/2026 14:00;01/07/2026 04:39;03/07/2026 11:00
558850;SE;A4250;00019200000013248782;MultiModal;01/07/2026 04:39;02/07/2026 14:00;01/07/2026 04:39;03/07/2026 11:00
558850;SE;A3399;00019200000013248790;MultiModal;01/07/2026 04:39;02/07/2026 14:00;02/07/2026 00:19;02/07/2026 14:00
558850;SE;A4752;00019200000013248804;MultiModal;01/07/2026 04:39;02/07/2026 14:00;01/07/2026 04:39;03/07/2026 11:00
558850;SE;A6117;00019200000013248812;MultiModal;01/07/2026 04:39;02/07/2026 14:00;02/07/2026 00:19;02/07/2026 14:00
558850;SE;A4286;00019200000013248820;MultiModal;01/07/2026 04:39;02/07/2026 14:00;01/07/2026 04:39;03/07/2026 11:00
558850;SE;A3856;00019200000013248839;MultiModal;01/07/2026 04:39;02/07/2026 14:00;01/07/2026 04:39;03/07/2026 11:00
558850;SE;A6419;00019200000013248847;MultiModal;01/07/2026 04:39;02/07/2026 14:00;01/07/2026 04:39;03/07/2026 11:00
558850;SE;A8320;00019200000013248855;MultiModal;01/07/2026 04:39;02/07/2026 14:00;01/07/2026 04:39;03/07/2026 11:00
558850;SE;A4688;00019200000013248863;MultiModal;01/07/2026 04:39;02/07/2026 14:00;01/07/2026 04:39;03/07/2026 11:00
558850;SE;A8914;00019200000013248871;MultiModal;01/07/2026 04:39;02/07/2026 14:00;01/07/2026 04:39;03/07/2026 11:00
558850;SE;A8417;00019200000013248880;MultiModal;01/07/2026 04:39;02/07/2026 14:00;02/07/2026 00:19;02/07/2026 14:00
558850;SE;A6931;00019200000013248898;MultiModal;01/07/2026 04:39;02/07/2026 14:00;02/07/2026 00:19;02/07/2026 14:00
558850;SE;A4047;00019200000013248901;MultiModal;01/07/2026 04:39;02/07/2026 14:00;02/07/2026 00:19;02/07/2026 14:00
558850;SE;A7646;00019200000013248910;MultiModal;01/07/2026 04:39;02/07/2026 14:00;01/07/2026 04:39;03/07/2026 11:00
558850;SE;TA0092;00019200000013248928;MultiModal;01/07/2026 04:39;02/07/2026 14:00;01/07/2026 04:39;03/07/2026 11:00
558850;SE;A9489;00019200000013248936;MultiModal;01/07/2026 04:39;02/07/2026 14:00;01/07/2026 04:39;03/07/2026 11:00
558850;SE;A4383;00019200000013248944;MultiModal;01/07/2026 04:39;02/07/2026 14:00;01/07/2026 04:39;03/07/2026 11:00
558850;SE;A4462;00019200000013248952;MultiModal;01/07/2026 04:39;02/07/2026 14:00;01/07/2026 04:39;03/07/2026 11:00
558850;SE;A4058;00019200000013248960;MultiModal;01/07/2026 04:39;02/07/2026 14:00;02/07/2026 00:19;02/07/2026 14:00
558850;SE;A9276;00019200000013248979;MultiModal;01/07/2026 04:39;02/07/2026 14:00;02/07/2026 00:19;02/07/2026 14:00
558850;SE;A0218;00019200000013248987;MultiModal;01/07/2026 04:39;02/07/2026 14:00;02/07/2026 00:19;02/07/2026 14:00
558850;SE;A5176;00019200000013248995;MultiModal;01/07/2026 04:39;02/07/2026 14:00;02/07/2026 00:19;02/07/2026 14:00
558850;SE;A6816;00019200000013249002;MultiModal;01/07/2026 04:39;02/07/2026 14:00;02/07/2026 00:19;02/07/2026 14:00
558850;SE;A6444;00019200000013249010;MultiModal;01/07/2026 04:39;02/07/2026 14:00;02/07/2026 00:19;02/07/2026 14:00
558850;SE;A9217;00019200000013249029;MultiModal;01/07/2026 04:39;02/07/2026 14:00;02/07/2026 00:19;02/07/2026 14:00
558850;SE;A0244;00019200000013249037;MultiModal;01/07/2026 04:39;02/07/2026 14:00;02/07/2026 00:19;02/07/2026 14:00
558850;SE;A8553;00019200000013249045;MultiModal;01/07/2026 04:39;02/07/2026 14:00;02/07/2026 00:19;02/07/2026 14:00
558850;SE;A6280;00019200000013249053;MultiModal;01/07/2026 04:39;02/07/2026 14:00;02/07/2026 00:19;02/07/2026 14:00
558850;SE;A3929;00019200000013249061;MultiModal;01/07/2026 04:39;02/07/2026 14:00;01/07/2026 04:39;03/07/2026 11:00
558851;SE;A3202;00019200000013248600;MultiModal;01/07/2026 01:13;03/07/2026 11:01;01/07/2026 01:13;03/07/2026 11:01
558851;SE;TA0520;00019200000013248618;MultiModal;01/07/2026 01:13;03/07/2026 11:01;01/07/2026 01:13;03/07/2026 11:01
558851;SE;A8961;00019200000013248626;MultiModal;01/07/2026 01:13;03/07/2026 11:01;01/07/2026 01:13;03/07/2026 11:01
558851;SE;A4705;00019200000013248634;MultiModal;01/07/2026 01:13;03/07/2026 11:01;01/07/2026 01:13;03/07/2026 11:01
558851;SE;A9483;00019200000013248642;MultiModal;01/07/2026 01:13;03/07/2026 11:01;01/07/2026 01:13;03/07/2026 11:01
558851;SE;A3766;00019200000013248650;MultiModal;01/07/2026 01:13;03/07/2026 11:01;01/07/2026 01:13;03/07/2026 11:01
558851;SE;A9645;00019200000013248669;MultiModal;01/07/2026 01:13;03/07/2026 11:01;01/07/2026 01:13;03/07/2026 11:01
558851;SE;A0676;00019200000013248693;MultiModal;01/07/2026 01:13;03/07/2026 11:01;01/07/2026 01:13;03/07/2026 11:01
558851;SE;A4282;00019200000013248707;MultiModal;01/07/2026 01:13;03/07/2026 11:01;01/07/2026 01:13;03/07/2026 11:01
558851;SE;A9448;00019200000013248715;MultiModal;01/07/2026 01:13;03/07/2026 11:01;01/07/2026 01:13;03/07/2026 11:01
558851;SE;A0830;00019200000013248723;MultiModal;01/07/2026 01:13;03/07/2026 11:01;01/07/2026 01:13;03/07/2026 11:01
558851;SE;A5094;00019200000013248731;MultiModal;01/07/2026 01:13;03/07/2026 11:01;01/07/2026 01:13;03/07/2026 11:01
558851;SE;TA1113;00019200000013248740;MultiModal;01/07/2026 01:13;03/07/2026 11:01;01/07/2026 01:13;03/07/2026 11:01
559094;SE;A6724;00019200000013423460;MultiModal;05/07/2026 23:49;06/07/2026 14:31;05/07/2026 23:49;06/07/2026 14:31
559094;SE;A8870;00019200000013423479;MultiModal;05/07/2026 23:49;06/07/2026 14:31;05/07/2026 23:49;06/07/2026 14:31
559094;SE;A0476;00019200000013423746;MultiModal;05/07/2026 23:49;06/07/2026 14:31;05/07/2026 23:49;06/07/2026 14:31
559094;SE;A9066;00019200000013423754;MultiModal;05/07/2026 23:49;06/07/2026 14:31;05/07/2026 23:49;06/07/2026 14:31
559242;SE;A5378;00019200000013246879;MultiModal;01/07/2026 04:57;02/07/2026 17:30;01/07/2026 04:57;02/07/2026 17:30
559326;SE;A6478;00019200000013253115;MultiModal;29/06/2026 00:57;30/06/2026 12:29;29/06/2026 00:57;30/06/2026 12:29
559427;SE;A7914;00019200000013201530;MultiModal;30/06/2026 04:37;01/07/2026 09:00;30/06/2026 04:37;01/07/2026 09:00
559533;SE;A0137;00019200000013428381;MultiModal;02/07/2026 00:23;03/07/2026 15:00;02/07/2026 00:23;03/07/2026 15:00
559876;SE;A7037;00019200000013419064;MultiModal;07/07/2026 00:57;17/07/2026 15:00;07/07/2026 00:57;17/07/2026 15:00
559876;SE;A7490;00019200000013419072;MultiModal;07/07/2026 00:57;17/07/2026 15:00;07/07/2026 00:57;17/07/2026 15:00
560269;SE;A8613;00019200000013445936;MultiModal;13/07/2026 23:12;14/07/2026 15:00;13/07/2026 23:12;14/07/2026 15:00
560269;SE;A7503;00019200000013445944;MultiModal;13/07/2026 23:12;14/07/2026 15:00;13/07/2026 23:12;14/07/2026 15:00
560269;SE;A5824;00019200000013445952;MultiModal;13/07/2026 23:12;14/07/2026 15:00;13/07/2026 23:12;14/07/2026 15:00
560269;SE;A3430;00019200000013445960;MultiModal;13/07/2026 23:12;14/07/2026 15:00;13/07/2026 23:12;14/07/2026 15:00
560658;SE;A3414;00019200000013473328;MultiModal;19/07/2026 02:08;-;19/07/2026 02:08;-
560658;SE;A3108;00019200000013473336;MultiModal;19/07/2026 02:08;-;19/07/2026 02:08;-
560658;SE;A6945;00019200000013473344;MultiModal;19/07/2026 02:08;-;19/07/2026 02:08;-
560658;SE;A9333;00019200000013473352;MultiModal;19/07/2026 02:08;-;19/07/2026 02:08;-
560658;SE;A6409;00019200000013473360;MultiModal;19/07/2026 02:08;-;19/07/2026 02:08;-
560658;SE;TA0537;00019200000013473379;MultiModal;19/07/2026 02:08;-;19/07/2026 02:08;-
560658;SE;A2078;00019200000013473387;MultiModal;19/07/2026 02:08;-;19/07/2026 02:08;-
560658;SE;A1610;00019200000013473395;MultiModal;19/07/2026 02:08;-;19/07/2026 02:08;-
560658;SE;A4090;00019200000013473409;MultiModal;19/07/2026 02:08;-;19/07/2026 02:08;-
560658;SE;A8062;00019200000013473417;MultiModal;19/07/2026 02:08;-;19/07/2026 02:08;-
560658;SE;A5911;00019200000013473425;MultiModal;19/07/2026 02:08;-;19/07/2026 02:08;-
560658;SE;A3673;00019200000013473433;MultiModal;19/07/2026 02:08;-;19/07/2026 02:08;-
560658;SE;A3468;00019200000013473441;MultiModal;19/07/2026 02:08;-;19/07/2026 02:08;-
560658;SE;A2324;00019200000013473867;MultiModal;19/07/2026 02:08;-;19/07/2026 02:08;-
560658;SE;TA0792;00019200000013473875;MultiModal;19/07/2026 02:08;-;19/07/2026 02:08;-
560658;SE;TA0435;00019200000013473883;MultiModal;19/07/2026 02:08;-;19/07/2026 02:08;-
560658;SE;A5226;00019200000013473905;MultiModal;19/07/2026 02:08;-;19/07/2026 02:08;-
556298;SP;A0342;00019200000012726540;Rodoviário;18/06/2026 04:26;18/06/2026 14:58;18/06/2026 04:26;18/06/2026 14:58
556298;SP;A7087;00019200000012726567;Rodoviário;18/06/2026 04:26;18/06/2026 14:58;18/06/2026 04:26;18/06/2026 14:58
556298;SP;A5863;00019200000012726575;Rodoviário;18/06/2026 04:26;18/06/2026 14:58;18/06/2026 04:26;18/06/2026 14:58
556298;SP;A1056;00019200000012726583;Rodoviário;18/06/2026 04:26;18/06/2026 14:58;18/06/2026 04:26;18/06/2026 14:58
556298;SP;TA0421;00019200000012726591;Rodoviário;18/06/2026 04:26;18/06/2026 14:58;18/06/2026 04:26;18/06/2026 14:58
556298;SP;A9611;00019200000012726605;Rodoviário;18/06/2026 04:26;18/06/2026 14:58;18/06/2026 04:26;18/06/2026 14:58
556298;SP;A6379;00019200000012726613;Rodoviário;18/06/2026 04:26;18/06/2026 14:58;18/06/2026 04:26;18/06/2026 14:58
556298;SP;A7884;00019200000012726621;Rodoviário;18/06/2026 04:26;18/06/2026 14:58;18/06/2026 04:26;18/06/2026 14:58
556298;SP;A7715;00019200000012726630;Rodoviário;18/06/2026 04:26;18/06/2026 14:58;18/06/2026 04:26;18/06/2026 14:58
556298;SP;TA1092;00019200000012726648;Rodoviário;18/06/2026 04:26;18/06/2026 14:58;18/06/2026 04:26;18/06/2026 14:58
556298;SP;A6801;00019200000012726656;Rodoviário;18/06/2026 04:26;18/06/2026 14:58;18/06/2026 04:26;18/06/2026 14:58
556298;SP;TA0208;00019200000012901504;Rodoviário;18/06/2026 04:26;18/06/2026 14:58;18/06/2026 04:26;18/06/2026 14:58
556298;SP;A7962;00019200000012901695;Rodoviário;18/06/2026 04:26;18/06/2026 14:58;18/06/2026 04:26;18/06/2026 14:58
556298;SP;A4843;00019200000012901709;Rodoviário;18/06/2026 04:26;18/06/2026 14:58;18/06/2026 04:26;18/06/2026 14:58
556298;SP;A4473;00019200000012901717;Rodoviário;18/06/2026 04:26;18/06/2026 14:58;18/06/2026 04:26;18/06/2026 14:58
556298;SP;A8473;00019200000012901725;Rodoviário;18/06/2026 04:26;18/06/2026 14:58;18/06/2026 04:26;18/06/2026 14:58
556298;SP;A6866;00019200000012901733;Rodoviário;18/06/2026 04:26;18/06/2026 14:58;18/06/2026 04:26;18/06/2026 14:58
556298;SP;TA1029;00019200000012901741;Rodoviário;18/06/2026 04:26;18/06/2026 14:58;18/06/2026 04:26;18/06/2026 14:58
556298;SP;A6228;00019200000012901750;Rodoviário;18/06/2026 04:26;18/06/2026 14:58;18/06/2026 04:26;18/06/2026 14:58
556298;SP;A6840;00019200000012901768;Rodoviário;18/06/2026 04:26;18/06/2026 14:58;18/06/2026 04:26;18/06/2026 14:58
556298;SP;A1306;00019200000012901776;Rodoviário;18/06/2026 04:26;18/06/2026 14:58;18/06/2026 04:26;18/06/2026 14:58
556298;SP;A6639;00019200000012901784;Rodoviário;18/06/2026 04:26;18/06/2026 14:58;18/06/2026 04:26;18/06/2026 14:58
556298;SP;A9474;00019200000012901792;Rodoviário;18/06/2026 04:26;18/06/2026 14:58;18/06/2026 04:26;18/06/2026 14:58
556298;SP;A9684;00019200000012901806;Rodoviário;18/06/2026 04:26;18/06/2026 14:58;18/06/2026 04:26;18/06/2026 14:58
556298;SP;A2269;00019200000012901814;Rodoviário;18/06/2026 04:26;18/06/2026 14:58;18/06/2026 04:26;18/06/2026 14:58
556298;SP;A9139;00019200000012901822;Rodoviário;18/06/2026 04:26;18/06/2026 14:58;18/06/2026 04:26;18/06/2026 14:58
556298;SP;A8114;00019200000012901830;Rodoviário;18/06/2026 04:26;18/06/2026 14:58;18/06/2026 04:26;18/06/2026 14:58
556298;SP;A2995;00019200000012901849;Rodoviário;18/06/2026 04:26;18/06/2026 14:58;18/06/2026 04:26;18/06/2026 14:58
556298;SP;A4781;00019200000012901857;Rodoviário;18/06/2026 04:26;18/06/2026 14:58;18/06/2026 04:26;18/06/2026 14:58
556298;SP;A7135;00019200000012901865;Rodoviário;18/06/2026 04:26;18/06/2026 14:58;18/06/2026 04:26;18/06/2026 14:58
556298;SP;A7658;00019200000012901873;Rodoviário;18/06/2026 04:26;18/06/2026 14:58;18/06/2026 04:26;18/06/2026 14:58
556298;SP;A6917;00019200000012901881;Rodoviário;18/06/2026 04:26;18/06/2026 14:58;18/06/2026 04:26;18/06/2026 14:58
556298;SP;A8001;00019200000012901890;Rodoviário;18/06/2026 04:26;18/06/2026 14:58;18/06/2026 04:26;18/06/2026 14:58
556298;SP;A6614;00019200000012901903;Rodoviário;18/06/2026 04:26;18/06/2026 14:58;18/06/2026 04:26;18/06/2026 14:58
556298;SP;A6398;00019200000012901911;Rodoviário;18/06/2026 04:26;18/06/2026 14:58;18/06/2026 04:26;18/06/2026 14:58
556298;SP;TA0677;00019200000012901920;Rodoviário;18/06/2026 04:26;18/06/2026 14:58;18/06/2026 04:26;18/06/2026 14:58
556298;SP;A6449;00019200000012901938;Rodoviário;18/06/2026 04:26;18/06/2026 14:58;18/06/2026 04:26;18/06/2026 14:58
556298;SP;TA0533;00019200000012901946;Rodoviário;18/06/2026 04:26;18/06/2026 14:58;18/06/2026 04:26;18/06/2026 14:58
556298;SP;TA1204;00019200000012901954;Rodoviário;18/06/2026 04:26;18/06/2026 14:58;18/06/2026 04:26;18/06/2026 14:58
556298;SP;A6011;00019200000012901962;Rodoviário;18/06/2026 04:26;18/06/2026 14:58;18/06/2026 04:26;18/06/2026 14:58
556298;SP;TA0763;00019200000012901970;Rodoviário;18/06/2026 04:26;18/06/2026 14:58;18/06/2026 04:26;18/06/2026 14:58
556298;SP;TA0259;00019200000012901989;Rodoviário;18/06/2026 04:26;18/06/2026 14:58;18/06/2026 04:26;18/06/2026 14:58
556298;SP;A8349;00019200000012901997;Rodoviário;18/06/2026 04:26;18/06/2026 14:58;18/06/2026 04:26;18/06/2026 14:58
556298;SP;A9553;00019200000012902004;Rodoviário;18/06/2026 04:26;18/06/2026 14:58;18/06/2026 04:26;18/06/2026 14:58
556298;SP;A8489;00019200000012902012;Rodoviário;18/06/2026 04:26;18/06/2026 14:58;18/06/2026 04:26;18/06/2026 14:58
556298;SP;A5858;00019200000012902020;Rodoviário;18/06/2026 04:26;18/06/2026 14:58;18/06/2026 04:26;18/06/2026 14:58
556298;SP;A8643;00019200000012902055;Rodoviário;18/06/2026 04:26;18/06/2026 14:58;18/06/2026 04:26;18/06/2026 14:58
556298;SP;A7420;00019200000012902063;Rodoviário;18/06/2026 04:26;18/06/2026 14:58;18/06/2026 04:26;18/06/2026 14:58
556298;SP;A8204;00019200000012902071;Rodoviário;18/06/2026 04:26;18/06/2026 14:58;18/06/2026 04:26;18/06/2026 14:58
556298;SP;A2111;00019200000012902080;Rodoviário;18/06/2026 04:26;18/06/2026 14:58;18/06/2026 04:26;18/06/2026 14:58
556298;SP;TA0435;00019200000012902098;Rodoviário;18/06/2026 04:26;18/06/2026 14:58;18/06/2026 04:26;18/06/2026 14:58
556298;SP;TA0523;00019200000012902101;Rodoviário;18/06/2026 04:26;18/06/2026 14:58;18/06/2026 04:26;18/06/2026 14:58
556298;SP;A8306;00019200000012902110;Rodoviário;18/06/2026 04:26;18/06/2026 14:58;18/06/2026 04:26;18/06/2026 14:58
556298;SP;A4803;00019200000012902128;Rodoviário;18/06/2026 04:26;18/06/2026 14:58;18/06/2026 04:26;18/06/2026 14:58
556298;SP;TA0722;00019200000012902136;Rodoviário;18/06/2026 04:26;18/06/2026 14:58;18/06/2026 04:26;18/06/2026 14:58
556298;SP;A7381;00019200000012902144;Rodoviário;18/06/2026 04:26;18/06/2026 14:58;18/06/2026 04:26;18/06/2026 14:58
556298;SP;A7472;00019200000012902152;Rodoviário;18/06/2026 04:26;18/06/2026 14:58;18/06/2026 04:26;18/06/2026 14:58
556298;SP;TA1134;00019200000012902160;Rodoviário;18/06/2026 04:26;18/06/2026 14:58;18/06/2026 04:26;18/06/2026 14:58
556298;SP;A3619;00019200000012902179;Rodoviário;18/06/2026 04:26;18/06/2026 14:58;18/06/2026 04:26;18/06/2026 14:58
556298;SP;A6855;00019200000012902187;Rodoviário;18/06/2026 04:26;18/06/2026 14:58;18/06/2026 04:26;18/06/2026 14:58
556298;SP;A8705;00019200000012902195;Rodoviário;18/06/2026 04:26;18/06/2026 14:58;18/06/2026 04:26;18/06/2026 14:58
556298;SP;A7975;00019200000012902209;Rodoviário;18/06/2026 04:26;18/06/2026 14:58;18/06/2026 04:26;18/06/2026 14:58
556298;SP;TA0217;00019200000012902217;Rodoviário;18/06/2026 04:26;18/06/2026 14:58;18/06/2026 04:26;18/06/2026 14:58
556298;SP;A6704;00019200000012902225;Rodoviário;18/06/2026 04:26;18/06/2026 14:58;18/06/2026 04:26;18/06/2026 14:58
556298;SP;A7182;00019200000012902233;Rodoviário;18/06/2026 04:26;18/06/2026 14:58;18/06/2026 04:26;18/06/2026 14:58
556298;SP;A9622;00019200000012902241;Rodoviário;18/06/2026 04:26;18/06/2026 14:58;18/06/2026 04:26;18/06/2026 14:58
557047;SP;A0902;00019200000012658707;Rodoviário;17/06/2026 04:24;17/06/2026 16:49;17/06/2026 04:24;17/06/2026 16:49
557047;SP;A8890;00019200000012658855;Rodoviário;17/06/2026 04:24;17/06/2026 16:49;-;-
557049;SP;A8074;00019200000012656496;Rodoviário;12/06/2026 02:55;12/06/2026 14:47;-;-
557323;SP;A3409;00019200000012657603;Rodoviário;17/06/2026 04:53;17/06/2026 12:54;17/06/2026 04:53;17/06/2026 12:54
557471;SP;A5277;00019200000012654434;Rodoviário;12/06/2026 02:45;12/06/2026 08:53;-;-
557602;SP;TA0249;00019200000012695530;Rodoviário;16/06/2026 08:01;16/06/2026 19:12;16/06/2026 08:01;16/06/2026 19:12
557602;SP;A5833;00019200000012695548;Rodoviário;16/06/2026 08:01;16/06/2026 19:12;16/06/2026 08:01;16/06/2026 19:12
557604;SP;TA0813;00019200000013212990;Rodoviário;15/06/2026 03:39;-;15/06/2026 03:39;-
557604;SP;TA0789;00019200000013213016;Rodoviário;15/06/2026 03:39;-;15/06/2026 03:39;-
557608;SP;A7686;00019200000012695564;Rodoviário;16/06/2026 08:01;16/06/2026 19:10;16/06/2026 08:01;16/06/2026 19:10
557608;SP;TA0395;00019200000012695572;Rodoviário;16/06/2026 08:01;16/06/2026 19:10;16/06/2026 08:01;16/06/2026 19:10
557652;SP;A6468;00019200000013209744;Rodoviário;18/06/2026 04:54;18/06/2026 15:24;18/06/2026 04:54;18/06/2026 15:24
557655;SP;A1220;00019200000012685348;Rodoviário;16/06/2026 09:30;16/06/2026 15:14;16/06/2026 09:30;16/06/2026 15:14
557698;SP;A9473;00019200000012696129;Rodoviário;16/06/2026 00:00;16/06/2026 17:15;-;-
557701;SP;A3254;00019200000013208969;Rodoviário;17/06/2026 05:26;17/06/2026 15:24;17/06/2026 05:26;17/06/2026 15:24
557725;SP;A5698;00019200000013208896;Rodoviário;16/06/2026 08:27;16/06/2026 11:28;16/06/2026 08:27;16/06/2026 11:28
557822;SP;A2144;00019200000012927716;Rodoviário;18/06/2026 03:45;18/06/2026 07:07;18/06/2026 03:45;18/06/2026 07:07
557947;SP;A5163;00019200000012921033;Rodoviário;17/06/2026 05:19;17/06/2026 13:29;17/06/2026 05:19;17/06/2026 13:29
558056;SP;A4289;00019200000012926396;Rodoviário;18/06/2026 04:01;19/06/2026 08:28;18/06/2026 04:01;19/06/2026 08:28
558056;SP;A8984;00019200000012926400;Rodoviário;18/06/2026 04:01;19/06/2026 08:28;18/06/2026 04:01;19/06/2026 08:28
558071;SP;A7751;00019200000012926299;Rodoviário;18/06/2026 05:03;18/06/2026 11:28;18/06/2026 05:03;18/06/2026 11:28
558160;SP;TA1195;00019200000013241150;Rodoviário;08/07/2026 04:58;-;-;-
558179;SP;A3409;00019200000012697478;Rodoviário;18/06/2026 04:55;18/06/2026 11:26;18/06/2026 04:55;18/06/2026 11:26
558428;SP;A7720;00019200000013242920;Rodoviário;22/06/2026 03:16;22/06/2026 10:28;22/06/2026 03:16;22/06/2026 10:28
558428;SP;A4996;00019200000013242938;Rodoviário;22/06/2026 03:16;22/06/2026 10:28;22/06/2026 03:16;22/06/2026 10:28
558431;SP;A6719;00019200000013242709;Rodoviário;22/06/2026 06:50;22/06/2026 10:45;22/06/2026 06:50;22/06/2026 10:45
558665;SP;A3160;00019200000013336533;Rodoviário;23/06/2026 07:01;23/06/2026 14:55;23/06/2026 07:01;23/06/2026 14:55
558741;SP;A8308;00019200000013316630;Rodoviário;24/06/2026 05:40;24/06/2026 13:11;24/06/2026 05:40;24/06/2026 13:11
558742;SP;A3042;00019200000013316648;Rodoviário;24/06/2026 04:18;24/06/2026 08:36;24/06/2026 04:18;24/06/2026 08:36
558742;SP;A4794;00019200000013316656;Rodoviário;24/06/2026 04:18;24/06/2026 08:36;24/06/2026 04:18;24/06/2026 08:36
558888;SP;A0680;00019200000013316460;Rodoviário;24/06/2026 05:30;24/06/2026 17:27;24/06/2026 05:30;24/06/2026 17:27
558888;SP;A3649;00019200000013316478;Rodoviário;24/06/2026 05:30;24/06/2026 17:27;24/06/2026 05:30;24/06/2026 17:27
559040;SP;A3819;00019200000013316427;Rodoviário;24/06/2026 05:16;24/06/2026 13:15;24/06/2026 05:16;24/06/2026 13:15
559040;SP;A6446;00019200000013316435;Rodoviário;24/06/2026 05:16;24/06/2026 13:15;24/06/2026 05:16;24/06/2026 13:15
559044;SP;A2733;00019200000013316400;Rodoviário;24/06/2026 05:31;25/06/2026 07:32;24/06/2026 05:31;25/06/2026 07:32
559044;SP;A4685;00019200000013316419;Rodoviário;24/06/2026 05:31;25/06/2026 07:32;24/06/2026 05:31;25/06/2026 07:32
559053;SP;A6363;00019200000013316575;Rodoviário;24/06/2026 05:41;24/06/2026 12:16;24/06/2026 05:41;24/06/2026 12:16
559082;SP;A7763;00019200000013315803;Rodoviário;25/06/2026 04:59;25/06/2026 16:36;25/06/2026 04:59;25/06/2026 16:36
559082;SP;A4600;00019200000013315820;Rodoviário;25/06/2026 04:59;25/06/2026 16:36;25/06/2026 04:59;25/06/2026 16:36
559128;SP;TA0296;00019200000013332260;Rodoviário;25/06/2026 04:57;25/06/2026 14:56;25/06/2026 04:57;25/06/2026 14:56
559132;SP;A1013;00019200000013315692;Rodoviário;26/06/2026 00:44;26/06/2026 11:48;26/06/2026 00:44;26/06/2026 11:48
559134;SP;A6945;00019200000013315862;Rodoviário;25/06/2026 04:52;25/06/2026 17:22;25/06/2026 04:52;25/06/2026 17:22
559143;SP;A7357;00019200000013315773;Rodoviário;26/06/2026 00:44;26/06/2026 08:46;26/06/2026 00:44;26/06/2026 08:46
559143;SP;A3202;00019200000013315781;Rodoviário;26/06/2026 00:44;26/06/2026 08:46;26/06/2026 00:44;26/06/2026 08:46
559251;SP;A6747;00019200000013249673;Rodoviário;26/06/2026 04:03;26/06/2026 07:50;26/06/2026 04:03;26/06/2026 07:50
559319;SP;A9230;00019200000013248383;Rodoviário;01/07/2026 03:55;01/07/2026 13:54;01/07/2026 03:55;01/07/2026 13:54
559361;SP;A5726;00019200000013252887;Rodoviário;29/06/2026 07:19;29/06/2026 16:21;29/06/2026 07:19;29/06/2026 16:21
559435;SP;A6479;00019200000013202340;Rodoviário;29/06/2026 07:19;29/06/2026 16:19;29/06/2026 07:19;29/06/2026 16:19
559471;SP;A6441;00019200000013247557;Rodoviário;29/06/2026 05:57;29/06/2026 13:51;29/06/2026 05:57;29/06/2026 13:51
559490;SP;A3276;00019200000013247581;Rodoviário;29/06/2026 06:20;29/06/2026 09:22;29/06/2026 06:20;29/06/2026 09:22
559501;SP;A9600;00019200000013254413;Rodoviário;01/07/2026 04:08;01/07/2026 13:35;01/07/2026 04:08;01/07/2026 13:35
559501;SP;A4881;00019200000013254502;Rodoviário;01/07/2026 04:08;01/07/2026 13:35;01/07/2026 04:08;01/07/2026 13:35
559629;SP;A2298;00019200000013428225;Rodoviário;02/07/2026 06:10;02/07/2026 16:07;02/07/2026 06:10;02/07/2026 16:07
559630;SP;A5312;00019200000013428284;Rodoviário;02/07/2026 06:09;02/07/2026 16:12;02/07/2026 06:09;02/07/2026 16:12
559745;SP;A7119;00019200000013422715;Rodoviário;03/07/2026 04:27;03/07/2026 11:13;03/07/2026 04:27;03/07/2026 11:13
559749;SP;TA0620;00019200000013422707;Rodoviário;03/07/2026 04:14;03/07/2026 14:46;03/07/2026 04:14;03/07/2026 14:46
559835;SP;A8633;00019200000013421310;Rodoviário;06/07/2026 02:43;06/07/2026 12:41;06/07/2026 02:43;06/07/2026 12:41
559835;SP;A3289;00019200000013421328;Rodoviário;06/07/2026 02:43;06/07/2026 12:41;06/07/2026 02:43;06/07/2026 12:41
559864;SP;A8796;00019200000013421204;Rodoviário;06/07/2026 02:43;07/07/2026 14:48;06/07/2026 02:43;07/07/2026 14:48
559870;SP;A8557;00019200000013416030;Rodoviário;17/07/2026 04:54;17/07/2026 10:18;17/07/2026 04:54;-
559870;SP;TA0500;00019200000013416049;Rodoviário;17/07/2026 04:54;17/07/2026 10:18;17/07/2026 04:54;-
559870;SP;A3959;00019200000013416057;Rodoviário;17/07/2026 04:54;17/07/2026 10:18;17/07/2026 04:54;-
559870;SP;A2964;00019200000013416065;Rodoviário;17/07/2026 04:54;17/07/2026 10:18;17/07/2026 04:54;-
559870;SP;A5186;00019200000013416073;Rodoviário;17/07/2026 04:54;17/07/2026 10:18;17/07/2026 04:54;-
559870;SP;A5070;00019200000013416081;Rodoviário;17/07/2026 04:54;17/07/2026 10:18;17/07/2026 10:31;17/07/2026 16:20
559870;SP;A4348;00019200000013416090;Rodoviário;17/07/2026 04:54;17/07/2026 10:18;17/07/2026 10:31;17/07/2026 16:20
559870;SP;A3666;00019200000013416103;Rodoviário;17/07/2026 04:54;17/07/2026 10:18;17/07/2026 04:54;-
559870;SP;A4999;00019200000013416111;Rodoviário;17/07/2026 04:54;17/07/2026 10:18;17/07/2026 04:54;-
559870;SP;TA0356;00019200000013416120;Rodoviário;17/07/2026 04:54;17/07/2026 10:18;17/07/2026 04:54;-
559870;SP;A2181;00019200000013416138;Rodoviário;17/07/2026 04:54;17/07/2026 10:18;17/07/2026 04:54;-
559870;SP;TA1003;00019200000013416146;Rodoviário;17/07/2026 04:54;17/07/2026 10:18;17/07/2026 04:54;-
559870;SP;TA0368;00019200000013416154;Rodoviário;17/07/2026 04:54;17/07/2026 10:18;17/07/2026 04:54;-
559870;SP;TA0216;00019200000013416162;Rodoviário;17/07/2026 04:54;17/07/2026 10:18;17/07/2026 04:54;-
559870;SP;A4490;00019200000013416170;Rodoviário;17/07/2026 04:54;17/07/2026 10:18;17/07/2026 04:54;-
559870;SP;A5875;00019200000013416189;Rodoviário;17/07/2026 04:54;17/07/2026 10:18;17/07/2026 04:54;-
559870;SP;A7587;00019200000013416197;Rodoviário;17/07/2026 04:54;17/07/2026 10:18;17/07/2026 04:54;-
559870;SP;A7578;00019200000013416200;Rodoviário;17/07/2026 04:54;17/07/2026 10:18;17/07/2026 04:54;-
559870;SP;A3997;00019200000013416219;Rodoviário;17/07/2026 04:54;17/07/2026 10:18;17/07/2026 04:54;-
559870;SP;A0117;00019200000013416227;Rodoviário;17/07/2026 04:54;17/07/2026 10:18;17/07/2026 04:54;-
559870;SP;A4256;00019200000013416235;Rodoviário;17/07/2026 04:54;17/07/2026 10:18;17/07/2026 04:54;-
559870;SP;TA0888;00019200000013416243;Rodoviário;17/07/2026 04:54;17/07/2026 10:18;17/07/2026 04:54;-
559870;SP;A5161;00019200000013416251;Rodoviário;17/07/2026 04:54;17/07/2026 10:18;17/07/2026 04:54;-
559870;SP;A4286;00019200000013416260;Rodoviário;17/07/2026 04:54;17/07/2026 10:18;17/07/2026 04:54;-
559870;SP;TA0308;00019200000013416278;Rodoviário;17/07/2026 04:54;17/07/2026 10:18;17/07/2026 04:54;-
559870;SP;A3423;00019200000013416286;Rodoviário;17/07/2026 04:54;17/07/2026 10:18;17/07/2026 04:54;-
559870;SP;A2945;00019200000013416294;Rodoviário;17/07/2026 04:54;17/07/2026 10:18;17/07/2026 04:54;-
559870;SP;A5423;00019200000013416308;Rodoviário;17/07/2026 04:54;17/07/2026 10:18;17/07/2026 04:54;-
559870;SP;TA1155;00019200000013416316;Rodoviário;17/07/2026 04:54;17/07/2026 10:18;17/07/2026 04:54;-
559870;SP;A3530;00019200000013416324;Rodoviário;17/07/2026 04:54;17/07/2026 10:18;17/07/2026 10:31;17/07/2026 16:20
559870;SP;TA0562;00019200000013416332;Rodoviário;17/07/2026 04:54;17/07/2026 10:18;17/07/2026 10:31;17/07/2026 16:20
559870;SP;TA0392;00019200000013416340;Rodoviário;17/07/2026 04:54;17/07/2026 10:18;17/07/2026 04:54;-
559870;SP;A4056;00019200000013416359;Rodoviário;17/07/2026 04:54;17/07/2026 10:18;17/07/2026 04:54;-
559870;SP;A3380;00019200000013416367;Rodoviário;17/07/2026 04:54;17/07/2026 10:18;17/07/2026 04:54;-
559870;SP;A8755;00019200000013416375;Rodoviário;17/07/2026 04:54;17/07/2026 10:18;17/07/2026 04:54;-
559870;SP;A1596;00019200000013416383;Rodoviário;17/07/2026 04:54;17/07/2026 10:18;17/07/2026 10:31;17/07/2026 16:20
559870;SP;A3156;00019200000013416391;Rodoviário;17/07/2026 04:54;17/07/2026 10:18;17/07/2026 04:54;-
559870;SP;TA0556;00019200000013416405;Rodoviário;17/07/2026 04:54;17/07/2026 10:18;17/07/2026 10:31;17/07/2026 16:20
559870;SP;TA0914;00019200000013416413;Rodoviário;17/07/2026 04:54;17/07/2026 10:18;17/07/2026 10:31;17/07/2026 16:20
559870;SP;TA1229;00019200000013416421;Rodoviário;17/07/2026 04:54;17/07/2026 10:18;17/07/2026 04:54;-
559870;SP;A4274;00019200000013416430;Rodoviário;17/07/2026 04:54;17/07/2026 10:18;17/07/2026 04:54;-
559870;SP;A1252;00019200000013416448;Rodoviário;17/07/2026 04:54;17/07/2026 10:18;17/07/2026 10:31;17/07/2026 16:20
559870;SP;A3322;00019200000013416456;Rodoviário;17/07/2026 04:54;17/07/2026 10:18;17/07/2026 10:31;17/07/2026 16:20
559870;SP;A3461;00019200000013416464;Rodoviário;17/07/2026 04:54;17/07/2026 10:18;17/07/2026 10:31;17/07/2026 16:20
559870;SP;A3659;00019200000013416472;Rodoviário;17/07/2026 04:54;17/07/2026 10:18;17/07/2026 10:31;17/07/2026 16:20
559870;SP;A2655;00019200000013416480;Rodoviário;17/07/2026 04:54;17/07/2026 10:18;17/07/2026 10:31;17/07/2026 16:20
559870;SP;A4181;00019200000013416499;Rodoviário;17/07/2026 04:54;17/07/2026 10:18;17/07/2026 10:31;17/07/2026 16:20
559870;SP;TA0770;00019200000013416502;Rodoviário;17/07/2026 04:54;17/07/2026 10:18;17/07/2026 04:54;-
559870;SP;A3957;00019200000013416596;Rodoviário;17/07/2026 04:54;17/07/2026 10:18;17/07/2026 04:54;-
559870;SP;TA0244;00019200000013416600;Rodoviário;17/07/2026 04:54;17/07/2026 10:18;17/07/2026 04:54;-
559870;SP;A1602;00019200000013416618;Rodoviário;17/07/2026 04:54;17/07/2026 10:18;17/07/2026 04:54;-
559870;SP;TA1046;00019200000013416626;Rodoviário;17/07/2026 04:54;17/07/2026 10:18;17/07/2026 04:54;-
559870;SP;A5379;00019200000013416634;Rodoviário;17/07/2026 04:54;17/07/2026 10:18;17/07/2026 04:54;-
559870;SP;A4459;00019200000013416642;Rodoviário;17/07/2026 04:54;17/07/2026 10:18;17/07/2026 04:54;-
559870;SP;A5261;00019200000013416650;Rodoviário;17/07/2026 04:54;17/07/2026 10:18;17/07/2026 04:54;-
559870;SP;A3554;00019200000013416669;Rodoviário;17/07/2026 04:54;17/07/2026 10:18;17/07/2026 04:54;-
559870;SP;A3766;00019200000013416677;Rodoviário;17/07/2026 04:54;17/07/2026 10:18;17/07/2026 04:54;-
559870;SP;TA0529;00019200000013416685;Rodoviário;17/07/2026 04:54;17/07/2026 10:18;17/07/2026 04:54;-
559870;SP;A4797;00019200000013416693;Rodoviário;17/07/2026 04:54;17/07/2026 10:18;17/07/2026 04:54;-
559870;SP;A4573;00019200000013416707;Rodoviário;17/07/2026 04:54;17/07/2026 10:18;17/07/2026 04:54;-
559870;SP;TA1136;00019200000013416715;Rodoviário;17/07/2026 04:54;17/07/2026 10:18;17/07/2026 04:54;-
559870;SP;TA0267;00019200000013416723;Rodoviário;17/07/2026 04:54;17/07/2026 10:18;17/07/2026 04:54;-
559870;SP;A5230;00019200000013416731;Rodoviário;17/07/2026 04:54;17/07/2026 10:18;17/07/2026 04:54;-
559870;SP;A5714;00019200000013416740;Rodoviário;17/07/2026 04:54;17/07/2026 10:18;17/07/2026 04:54;-
559870;SP;A5386;00019200000013416758;Rodoviário;17/07/2026 04:54;17/07/2026 10:18;17/07/2026 04:54;-
559870;SP;TA0367;00019200000013416766;Rodoviário;17/07/2026 04:54;17/07/2026 10:18;17/07/2026 04:54;-
559870;SP;TA0767;00019200000013416774;Rodoviário;17/07/2026 04:54;17/07/2026 10:18;17/07/2026 04:54;-
559870;SP;A4577;00019200000013416782;Rodoviário;17/07/2026 04:54;17/07/2026 10:18;17/07/2026 10:31;17/07/2026 16:20
559870;SP;A5397;00019200000013416790;Rodoviário;17/07/2026 04:54;17/07/2026 10:18;17/07/2026 04:54;-
559870;SP;A3419;00019200000013416804;Rodoviário;17/07/2026 04:54;17/07/2026 10:18;17/07/2026 10:31;17/07/2026 16:20
559870;SP;A4454;00019200000013416812;Rodoviário;17/07/2026 04:54;17/07/2026 10:18;17/07/2026 04:54;-
559870;SP;A2431;00019200000013416820;Rodoviário;17/07/2026 04:54;17/07/2026 10:18;17/07/2026 04:54;-
559870;SP;TA0299;00019200000013416839;Rodoviário;17/07/2026 04:54;17/07/2026 10:18;17/07/2026 04:54;-
559870;SP;A5304;00019200000013416847;Rodoviário;17/07/2026 04:54;17/07/2026 10:18;17/07/2026 04:54;-
559870;SP;TA1236;00019200000013416855;Rodoviário;17/07/2026 04:54;17/07/2026 10:18;17/07/2026 10:31;17/07/2026 16:20
559870;SP;TA1248;00019200000013416863;Rodoviário;17/07/2026 04:54;17/07/2026 10:18;17/07/2026 04:54;-
559870;SP;A0623;00019200000013416871;Rodoviário;17/07/2026 04:54;17/07/2026 10:18;17/07/2026 10:31;17/07/2026 16:20
559870;SP;A8820;00019200000013416880;Rodoviário;17/07/2026 04:54;17/07/2026 10:18;17/07/2026 10:31;17/07/2026 16:20
559870;SP;TA0350;00019200000013416898;Rodoviário;17/07/2026 04:54;17/07/2026 10:18;17/07/2026 10:31;17/07/2026 16:20
559870;SP;A4365;00019200000013416901;Rodoviário;17/07/2026 04:54;17/07/2026 10:18;17/07/2026 04:54;-
559870;SP;A8114;00019200000013416910;Rodoviário;17/07/2026 04:54;17/07/2026 10:18;17/07/2026 10:31;17/07/2026 16:20
559870;SP;A5391;00019200000013416928;Rodoviário;17/07/2026 04:54;17/07/2026 10:18;17/07/2026 04:54;-
559870;SP;A5034;00019200000013416936;Rodoviário;17/07/2026 04:54;17/07/2026 10:18;17/07/2026 10:31;17/07/2026 16:20
559870;SP;TA0684;00019200000013416944;Rodoviário;17/07/2026 04:54;17/07/2026 10:18;17/07/2026 04:54;-
559870;SP;A5999;00019200000013416952;Rodoviário;17/07/2026 04:54;17/07/2026 10:18;17/07/2026 10:31;17/07/2026 16:20
559870;SP;A5071;00019200000013416960;Rodoviário;17/07/2026 04:54;17/07/2026 10:18;17/07/2026 10:31;17/07/2026 16:20
559870;SP;TA0231;00019200000013416979;Rodoviário;17/07/2026 04:54;17/07/2026 10:18;17/07/2026 04:54;-
559870;SP;A4403;00019200000013416987;Rodoviário;17/07/2026 04:54;17/07/2026 10:18;17/07/2026 10:31;17/07/2026 16:20
559870;SP;A8787;00019200000013416995;Rodoviário;17/07/2026 04:54;17/07/2026 10:18;17/07/2026 10:31;17/07/2026 16:20
559870;SP;A1980;00019200000013417002;Rodoviário;17/07/2026 04:54;17/07/2026 10:18;17/07/2026 10:31;17/07/2026 16:20
559870;SP;A2649;00019200000013417010;Rodoviário;17/07/2026 04:54;17/07/2026 10:18;17/07/2026 04:54;-
559870;SP;TA1078;00019200000013417029;Rodoviário;17/07/2026 04:54;17/07/2026 10:18;17/07/2026 10:31;17/07/2026 16:20
559870;SP;A7472;00019200000013417037;Rodoviário;17/07/2026 04:54;17/07/2026 10:18;17/07/2026 10:31;17/07/2026 16:20
559870;SP;A0438;00019200000013417045;Rodoviário;17/07/2026 04:54;17/07/2026 10:18;17/07/2026 10:31;17/07/2026 16:20
559870;SP;A5414;00019200000013417053;Rodoviário;17/07/2026 04:54;17/07/2026 10:18;17/07/2026 04:54;-
559870;SP;TA0761;00019200000013417061;Rodoviário;17/07/2026 04:54;17/07/2026 10:18;17/07/2026 10:31;17/07/2026 16:20
559871;SP;TA0420;00019200000013419501;Rodoviário;08/07/2026 04:58;08/07/2026 16:42;08/07/2026 04:58;08/07/2026 16:42
559890;SP;A2077;00019200000013419641;Rodoviário;08/07/2026 03:08;08/07/2026 10:44;08/07/2026 03:08;08/07/2026 10:44
559989;SP;A2173;00019200000013419234;Rodoviário;08/07/2026 03:22;08/07/2026 10:29;08/07/2026 03:22;08/07/2026 10:29
560124;SP;A8866;00019200000013414305;Rodoviário;08/07/2026 02:22;08/07/2026 14:12;08/07/2026 02:22;08/07/2026 14:12
560146;SP;A6229;00019200000013416529;Rodoviário;08/07/2026 04:40;08/07/2026 15:32;08/07/2026 04:40;08/07/2026 15:32
556739;TO;A2187;00019200000012904864;MultiModal;16/06/2026 23:57;18/06/2026 17:54;16/06/2026 23:57;18/06/2026 17:54
556796;TO;A5095;00019200000012657387;MultiModal;13/06/2026 14:10;16/06/2026 10:30;13/06/2026 14:10;16/06/2026 10:30
556796;TO;A2985;00019200000012657395;MultiModal;13/06/2026 14:10;16/06/2026 10:30;13/06/2026 14:10;16/06/2026 10:30
556796;TO;A6323;00019200000012657409;MultiModal;13/06/2026 14:10;16/06/2026 10:30;13/06/2026 14:10;16/06/2026 10:30
556796;TO;TA0575;00019200000012657417;MultiModal;13/06/2026 14:10;16/06/2026 10:30;13/06/2026 14:10;16/06/2026 10:30
556796;TO;TA0867;00019200000012657425;MultiModal;13/06/2026 14:10;16/06/2026 10:30;13/06/2026 14:10;16/06/2026 10:30
556796;TO;A7840;00019200000012657433;MultiModal;13/06/2026 14:10;16/06/2026 10:30;13/06/2026 14:10;16/06/2026 10:30
556796;TO;A8757;00019200000012657441;MultiModal;13/06/2026 14:10;16/06/2026 10:30;13/06/2026 14:10;16/06/2026 10:30
556796;TO;A4209;00019200000012657450;MultiModal;13/06/2026 14:10;16/06/2026 10:30;13/06/2026 14:10;16/06/2026 10:30
556853;TO;A3868;00019200000012904090;MultiModal;13/06/2026 13:01;16/06/2026 11:00;13/06/2026 13:01;16/06/2026 11:00
556853;TO;A6283;00019200000012904104;MultiModal;13/06/2026 13:01;16/06/2026 11:00;13/06/2026 13:01;16/06/2026 11:00
556968;TO;A5971;00019200000012864072;MultiModal;11/06/2026 00:28;12/06/2026 14:40;-;-
556968;TO;A9200;00019200000012864080;MultiModal;11/06/2026 00:28;12/06/2026 14:40;-;-
556968;TO;A5906;00019200000012864129;MultiModal;11/06/2026 00:28;12/06/2026 14:40;-;-
556969;TO;TA0932;00019200000012904414;MultiModal;11/06/2026 00:23;12/06/2026 14:40;-;-
556969;TO;A8388;00019200000012904422;MultiModal;11/06/2026 00:23;12/06/2026 14:40;-;-
556969;TO;A5000;00019200000012904430;MultiModal;11/06/2026 00:23;12/06/2026 14:40;-;-
556969;TO;A5964;00019200000012904449;MultiModal;11/06/2026 00:23;12/06/2026 14:40;-;-
557131;TO;A5312;00019200000013210467;MultiModal;15/06/2026 01:54;16/06/2026 11:00;15/06/2026 01:54;16/06/2026 11:00
557160;TO;A3135;00019200000012684740;MultiModal;15/06/2026 01:55;16/06/2026 11:00;15/06/2026 01:55;16/06/2026 11:00
557160;TO;A0586;00019200000012684759;MultiModal;15/06/2026 01:55;16/06/2026 11:00;15/06/2026 01:55;16/06/2026 11:00
557194;TO;A9517;00019200000012921068;MultiModal;17/06/2026 23:30;19/06/2026 14:06;17/06/2026 23:30;19/06/2026 14:06
557194;TO;A7937;00019200000012921076;MultiModal;17/06/2026 23:30;19/06/2026 14:06;17/06/2026 23:30;19/06/2026 14:06
557221;TO;A6063;00019200000012387037;MultiModal;15/06/2026 05:06;16/06/2026 11:00;17/06/2026 03:33;18/06/2026 11:00
557221;TO;A4250;00019200000012387045;MultiModal;15/06/2026 05:06;16/06/2026 11:00;17/06/2026 03:33;18/06/2026 11:00
557221;TO;TA0440;00019200000012387053;MultiModal;15/06/2026 05:06;16/06/2026 11:00;17/06/2026 03:33;18/06/2026 11:00
557221;TO;A2150;00019200000012387061;MultiModal;15/06/2026 05:06;16/06/2026 11:00;17/06/2026 03:33;18/06/2026 11:00
557221;TO;A5548;00019200000012387070;MultiModal;15/06/2026 05:06;16/06/2026 11:00;17/06/2026 03:33;18/06/2026 11:00
557221;TO;A4245;00019200000012387088;MultiModal;15/06/2026 05:06;16/06/2026 11:00;17/06/2026 03:33;18/06/2026 11:00
557221;TO;A7274;00019200000012387096;MultiModal;15/06/2026 05:06;16/06/2026 11:00;17/06/2026 03:33;18/06/2026 11:00
557221;TO;A8461;00019200000012387100;MultiModal;15/06/2026 05:06;16/06/2026 11:00;17/06/2026 03:33;18/06/2026 11:00
557221;TO;A3214;00019200000012684813;MultiModal;15/06/2026 05:06;16/06/2026 11:00;15/06/2026 05:06;16/06/2026 11:00
557221;TO;A1813;00019200000012684821;MultiModal;15/06/2026 05:06;16/06/2026 11:00;-;-
557221;TO;A3476;00019200000012684830;MultiModal;15/06/2026 05:06;16/06/2026 11:00;-;-
557221;TO;A4757;00019200000012684848;MultiModal;15/06/2026 05:06;16/06/2026 11:00;-;-
557221;TO;A1760;00019200000012684856;MultiModal;15/06/2026 05:06;16/06/2026 11:00;-;-
557221;TO;A8572;00019200000012684864;MultiModal;15/06/2026 05:06;16/06/2026 11:00;15/06/2026 05:06;16/06/2026 11:00
557221;TO;A2510;00019200000012684872;MultiModal;15/06/2026 05:06;16/06/2026 11:00;15/06/2026 05:06;16/06/2026 11:00
557221;TO;A4286;00019200000012684880;MultiModal;15/06/2026 05:06;16/06/2026 11:00;-;-
557221;TO;A1531;00019200000012684899;MultiModal;15/06/2026 05:06;16/06/2026 11:00;-;-
557221;TO;A3078;00019200000012684902;MultiModal;15/06/2026 05:06;16/06/2026 11:00;-;-
557221;TO;A7909;00019200000012684910;MultiModal;15/06/2026 05:06;16/06/2026 11:00;-;-
557221;TO;A1758;00019200000012684929;MultiModal;15/06/2026 05:06;16/06/2026 11:00;-;-
557221;TO;A8915;00019200000012684937;MultiModal;15/06/2026 05:06;16/06/2026 11:00;-;-
557221;TO;A4018;00019200000012684945;MultiModal;15/06/2026 05:06;16/06/2026 11:00;17/06/2026 03:33;18/06/2026 11:00
557221;TO;A5325;00019200000012684953;MultiModal;15/06/2026 05:06;16/06/2026 11:00;17/06/2026 03:33;18/06/2026 11:00
557221;TO;A1290;00019200000012684961;MultiModal;15/06/2026 05:06;16/06/2026 11:00;17/06/2026 03:33;18/06/2026 11:00
557221;TO;A8942;00019200000012684970;MultiModal;15/06/2026 05:06;16/06/2026 11:00;17/06/2026 03:33;18/06/2026 11:00
557221;TO;A3399;00019200000012684988;MultiModal;15/06/2026 05:06;16/06/2026 11:00;17/06/2026 03:33;18/06/2026 11:00
557221;TO;A7032;00019200000012684996;MultiModal;15/06/2026 05:06;16/06/2026 11:00;17/06/2026 03:33;18/06/2026 11:00
557221;TO;A7929;00019200000012685003;MultiModal;15/06/2026 05:06;16/06/2026 11:00;22/06/2026 01:24;23/06/2026 11:00
557221;TO;A7755;00019200000012685011;MultiModal;15/06/2026 05:06;16/06/2026 11:00;17/06/2026 03:33;18/06/2026 11:00
557221;TO;A3509;00019200000012685020;MultiModal;15/06/2026 05:06;16/06/2026 11:00;22/06/2026 01:24;23/06/2026 11:00
557221;TO;A4519;00019200000012685038;MultiModal;15/06/2026 05:06;16/06/2026 11:00;22/06/2026 01:24;23/06/2026 11:00
557221;TO;TA0040;00019200000013209604;MultiModal;15/06/2026 05:06;16/06/2026 11:00;-;-
557221;TO;A4043;00019200000013209612;MultiModal;15/06/2026 05:06;16/06/2026 11:00;15/06/2026 05:06;16/06/2026 11:00
557221;TO;A5339;00019200000013209620;MultiModal;15/06/2026 05:06;16/06/2026 11:00;15/06/2026 05:06;16/06/2026 11:00
557221;TO;A3545;00019200000013209639;MultiModal;15/06/2026 05:06;16/06/2026 11:00;15/06/2026 05:06;16/06/2026 11:00
557221;TO;TA0168;00019200000013209647;MultiModal;15/06/2026 05:06;16/06/2026 11:00;15/06/2026 05:06;16/06/2026 11:00
557221;TO;A1751;00019200000013209655;MultiModal;15/06/2026 05:06;16/06/2026 11:00;15/06/2026 05:06;16/06/2026 11:00
557221;TO;A9084;00019200000013209663;MultiModal;15/06/2026 05:06;16/06/2026 11:00;15/06/2026 05:06;16/06/2026 11:00
557221;TO;TA0299;00019200000013209671;MultiModal;15/06/2026 05:06;16/06/2026 11:00;15/06/2026 05:06;16/06/2026 11:00
557221;TO;A2990;00019200000013209680;MultiModal;15/06/2026 05:06;16/06/2026 11:00;15/06/2026 05:06;16/06/2026 11:00
557221;TO;A8961;00019200000013210521;MultiModal;15/06/2026 05:06;16/06/2026 11:00;-;-
557221;TO;A7635;00019200000013210530;MultiModal;15/06/2026 05:06;16/06/2026 11:00;15/06/2026 05:06;16/06/2026 11:00
557221;TO;A5736;00019200000013210548;MultiModal;15/06/2026 05:06;16/06/2026 11:00;-;-
557221;TO;A7646;00019200000013210556;MultiModal;15/06/2026 05:06;16/06/2026 11:00;17/06/2026 03:33;18/06/2026 11:00
557221;TO;A0322;00019200000013210564;MultiModal;15/06/2026 05:06;16/06/2026 11:00;15/06/2026 05:06;16/06/2026 11:00
557221;TO;A7209;00019200000013212850;MultiModal;15/06/2026 05:06;16/06/2026 11:00;15/06/2026 05:06;16/06/2026 11:00
557221;TO;A4468;00019200000013212893;MultiModal;15/06/2026 05:06;16/06/2026 11:00;15/06/2026 05:06;16/06/2026 11:00
557221;TO;A5671;00019200000013212907;MultiModal;15/06/2026 05:06;16/06/2026 11:00;15/06/2026 05:06;16/06/2026 11:00
557221;TO;A3746;00019200000013212931;MultiModal;15/06/2026 05:06;16/06/2026 11:00;15/06/2026 05:06;16/06/2026 11:00
557293;TO;A3001;00019200000012925837;MultiModal;18/06/2026 00:27;19/06/2026 14:00;18/06/2026 00:27;19/06/2026 14:00
557433;TO;A6963;00019200000012925870;MultiModal;17/06/2026 23:33;19/06/2026 14:00;17/06/2026 23:33;19/06/2026 14:00
557711;TO;A8565;00019200000012927686;MultiModal;17/06/2026 03:54;18/06/2026 15:10;17/06/2026 03:54;18/06/2026 15:10
557786;TO;TA0243;00019200000012927643;MultiModal;17/06/2026 03:55;18/06/2026 11:00;17/06/2026 03:55;18/06/2026 11:00
557842;TO;A2152;00019200000013238680;MultiModal;23/06/2026 04:52;25/06/2026 14:00;23/06/2026 04:52;25/06/2026 14:00
557843;TO;A1197;00019200000012920568;MultiModal;23/06/2026 09:15;25/06/2026 14:00;23/06/2026 09:15;25/06/2026 14:00
557843;TO;A9257;00019200000012920576;MultiModal;23/06/2026 09:15;25/06/2026 14:00;23/06/2026 09:15;25/06/2026 14:00
557843;TO;A5744;00019200000012920584;MultiModal;23/06/2026 09:15;25/06/2026 14:00;23/06/2026 09:15;25/06/2026 14:00
557843;TO;A2641;00019200000012920592;MultiModal;23/06/2026 09:15;25/06/2026 14:00;23/06/2026 09:15;25/06/2026 14:00
557843;TO;A9600;00019200000012920606;MultiModal;23/06/2026 09:15;25/06/2026 14:00;23/06/2026 09:15;25/06/2026 14:00
557843;TO;A6071;00019200000012920614;MultiModal;23/06/2026 09:15;25/06/2026 14:00;23/06/2026 09:15;25/06/2026 14:00
557843;TO;A8151;00019200000012920622;MultiModal;23/06/2026 09:15;25/06/2026 14:00;23/06/2026 09:15;25/06/2026 14:00
557843;TO;A6068;00019200000013334131;MultiModal;23/06/2026 09:15;25/06/2026 14:00;23/06/2026 09:15;25/06/2026 14:00
557843;TO;A3861;00019200000013334247;MultiModal;23/06/2026 09:15;25/06/2026 14:00;23/06/2026 09:15;25/06/2026 14:00
557843;TO;A2175;00019200000013334255;MultiModal;23/06/2026 09:15;25/06/2026 14:00;23/06/2026 09:15;25/06/2026 14:00
557843;TO;A5956;00019200000013334271;MultiModal;23/06/2026 09:15;25/06/2026 14:00;23/06/2026 09:15;25/06/2026 14:00
557843;TO;TA0851;00019200000013334387;MultiModal;23/06/2026 09:15;25/06/2026 14:00;23/06/2026 09:15;25/06/2026 14:00
557843;TO;A8772;00019200000013334409;MultiModal;23/06/2026 09:15;25/06/2026 14:00;23/06/2026 09:15;25/06/2026 14:00
557843;TO;A6590;00019200000013334450;MultiModal;23/06/2026 09:15;25/06/2026 14:00;23/06/2026 09:15;25/06/2026 14:00
557843;TO;A8196;00019200000013335197;MultiModal;23/06/2026 09:15;25/06/2026 14:00;23/06/2026 09:15;25/06/2026 14:00
558087;TO;S1135;00019200000012925888;MultiModal;17/06/2026 23:32;19/06/2026 11:10;17/06/2026 23:32;19/06/2026 11:10
558125;TO;A0668;00019200000012615714;MultiModal;22/06/2026 06:03;23/06/2026 11:19;22/06/2026 06:03;23/06/2026 11:19
558125;TO;A5952;00019200000012615722;MultiModal;22/06/2026 06:03;23/06/2026 11:19;22/06/2026 06:03;23/06/2026 11:19
558125;TO;A3675;00019200000012615730;MultiModal;22/06/2026 06:03;23/06/2026 11:19;22/06/2026 06:03;23/06/2026 11:19
558125;TO;A0522;00019200000012615749;MultiModal;22/06/2026 06:03;23/06/2026 11:19;22/06/2026 06:03;23/06/2026 11:19
558125;TO;A2832;00019200000012615773;MultiModal;22/06/2026 06:03;23/06/2026 11:19;22/06/2026 06:03;23/06/2026 11:19
559286;TO;A8626;00019200000013253182;MultiModal;29/06/2026 01:22;30/06/2026 17:27;29/06/2026 01:22;30/06/2026 17:27
560456;TO;A9379;00019200000013441868;MultiModal;14/07/2026 22:51;16/07/2026 11:00;14/07/2026 22:51;16/07/2026 11:00
560456;TO;TA0385;00019200000013441876;MultiModal;14/07/2026 22:51;16/07/2026 11:00;14/07/2026 22:51;16/07/2026 11:00
560456;TO;TA1127;00019200000013441884;MultiModal;14/07/2026 22:51;16/07/2026 11:00;14/07/2026 22:51;16/07/2026 11:00
560646;TO;A8199;00019200000013474812;MultiModal;20/07/2026 04:21;-;20/07/2026 04:21;-
560646;TO;TA0365;00019200000013474820;MultiModal;20/07/2026 04:21;-;20/07/2026 04:21;-
560646;TO;A7003;00019200000013474839;MultiModal;20/07/2026 04:21;-;20/07/2026 04:21;-
560646;TO;A9257;00019200000013474847;MultiModal;20/07/2026 04:21;-;20/07/2026 04:21;-
560646;TO;A9581;00019200000013474855;MultiModal;20/07/2026 04:21;-;20/07/2026 04:21;-
560646;TO;A6541;00019200000013474863;MultiModal;20/07/2026 04:21;-;20/07/2026 04:21;-
560646;TO;A7481;00019200000013474871;MultiModal;20/07/2026 04:21;-;20/07/2026 04:21;-
560646;TO;A9223;00019200000013474880;MultiModal;20/07/2026 04:21;-;20/07/2026 04:21;-
560646;TO;A8280;00019200000013474898;MultiModal;20/07/2026 04:21;-;20/07/2026 04:21;-
560646;TO;A5421;00019200000013474901;MultiModal;20/07/2026 04:21;-;20/07/2026 04:21;-
560646;TO;A8070;00019200000013474910;MultiModal;20/07/2026 04:21;-;20/07/2026 04:21;-
560646;TO;A6653;00019200000013474928;MultiModal;20/07/2026 04:21;-;20/07/2026 04:21;-
560648;TO;TA0330;00019200000013475045;MultiModal;19/07/2026 02:09;-;19/07/2026 02:09;-
560648;TO;A6765;00019200000013475053;MultiModal;19/07/2026 02:09;-;19/07/2026 02:09;-
560648;TO;A8131;00019200000013475061;MultiModal;19/07/2026 02:09;-;19/07/2026 02:09;-
560648;TO;A3247;00019200000013475070;MultiModal;19/07/2026 02:09;-;19/07/2026 02:09;-
560648;TO;A7438;00019200000013475088;MultiModal;19/07/2026 02:09;-;19/07/2026 02:09;-
560648;TO;A4998;00019200000013475096;MultiModal;19/07/2026 02:09;-;19/07/2026 02:09;-
560648;TO;A6276;00019200000013475100;MultiModal;19/07/2026 02:09;-;19/07/2026 02:09;-
560648;TO;TA0002;00019200000013475126;MultiModal;19/07/2026 02:09;-;19/07/2026 02:09;-
560648;TO;A0020;00019200000013475134;MultiModal;19/07/2026 02:09;-;19/07/2026 02:09;-
560648;TO;A7294;00019200000013475142;MultiModal;19/07/2026 02:09;-;19/07/2026 02:09;-
560648;TO;A8139;00019200000013475150;MultiModal;19/07/2026 02:09;-;19/07/2026 02:09;-
560648;TO;A3004;00019200000013475169;MultiModal;19/07/2026 02:09;-;19/07/2026 02:09;-
560648;TO;A8051;00019200000013475177;MultiModal;19/07/2026 02:09;-;19/07/2026 02:09;-
560648;TO;A6093;00019200000013475185;MultiModal;19/07/2026 02:09;-;19/07/2026 02:09;-
560648;TO;A5439;00019200000013475193;MultiModal;19/07/2026 02:09;-;19/07/2026 02:09;-
560648;TO;A9710;00019200000013475274;MultiModal;19/07/2026 02:09;-;19/07/2026 02:09;-
