Caixa;Tipo térmico;Pedido;UF;Logger;LPN;MODAL;Data da coleta;Data da entrega;CHEGADA CLIENTE;COLETA EMBARQUE;ENTREGA EMBARQUE
CAIXA 42L;-35 C a -15 C;557138;AC;A2968;00019200000012684708;MultiModal;15/06/2026 08:09;18/06/2026 11:00;-;15/06/2026 08:09;18/06/2026 11:00
CAIXA 42L;-90 C a -60 C;557456;AC;AS-0221;00019200000013321978;MultiModal;23/06/2026 00:17;25/06/2026 10:00;-;23/06/2026 00:17;25/06/2026 10:00
CAIXA 42L;-90 C a -60 C;557456;AC;AS-0824;00019200000013321986;MultiModal;23/06/2026 00:17;25/06/2026 10:00;-;23/06/2026 00:17;25/06/2026 10:00
CAIXA 42L;-90 C a -60 C;557456;AC;AS-0657;00019200000013321994;MultiModal;23/06/2026 00:17;25/06/2026 10:00;-;23/06/2026 00:17;25/06/2026 10:00
CAIXA 42L;-90 C a -60 C;557456;AC;AS-0131;00019200000013322001;MultiModal;23/06/2026 00:17;25/06/2026 10:00;-;23/06/2026 00:17;25/06/2026 10:00
CAIXA 42L;-90 C a -60 C;557456;AC;AS-0436;00019200000013322010;MultiModal;23/06/2026 00:17;25/06/2026 10:00;-;23/06/2026 00:17;25/06/2026 10:00
CAIXA 42L;-30 C a -15 C;559941;AC;A4471;00019200000013412515;MultiModal;09/07/2026 01:55;11/07/2026 15:00;-;09/07/2026 01:55;11/07/2026 15:00
CAIXA 42L;-90 C a -60 C;560522;AC;AS-0616;00019200000013468863;MultiModal;20/07/2026 22:46;23/07/2026 16:45;-;20/07/2026 22:46;23/07/2026 16:45
CAIXA 42L;-90 C a -60 C;560530;AC;AS-0245;00019200000013468855;MultiModal;20/07/2026 22:44;23/07/2026 16:45;-;20/07/2026 22:50;23/07/2026 16:45
CAIXA 42L;-25 C a -15 C;556195;AL;TA0515;00019200000012728713;MultiModal;10/06/2026 03:29;11/06/2026 18:00;-;-;-
CAIXA 42L;-35 C a -15 C;557140;AL;A6516;00019200000012685771;MultiModal;15/06/2026 04:39;16/06/2026 15:00;-;15/06/2026 04:39;16/06/2026 15:00
CAIXA 42L;-90 C a -60 C;557454;AL;AS-0138;00019200000013322028;MultiModal;22/06/2026 23:13;25/06/2026 11:04;-;22/06/2026 23:13;25/06/2026 11:04
CAIXA 42L;-90 C a -60 C;557454;AL;AS-0377;00019200000013322036;MultiModal;22/06/2026 23:13;25/06/2026 11:04;-;22/06/2026 23:13;25/06/2026 11:04
CAIXA 42L;-90 C a -60 C;557454;AL;AS-0448;00019200000013322044;MultiModal;22/06/2026 23:13;25/06/2026 11:04;-;22/06/2026 23:13;25/06/2026 11:04
CAIXA 42L;-30 C a -15 C;559097;AL;A8005;00019200000013202286;MultiModal;29/06/2026 05:29;30/06/2026 15:08;-;29/06/2026 05:29;30/06/2026 15:08
CAIXA 42L;-30 C a -15 C;559098;AL;A5491;00019200000013429094;MultiModal;01/07/2026 04:24;03/07/2026 16:00;-;01/07/2026 04:24;03/07/2026 16:00
CAIXA 42L;-30 C a -15 C;559961;AL;A1360;00019200000013418297;MultiModal;07/07/2026 05:43;08/07/2026 11:05;-;07/07/2026 05:43;08/07/2026 11:05
CAIXA 42L;-90 C a -60 C;560523;AL;AS-0060;00019200000013468847;MultiModal;20/07/2026 22:43;22/07/2026 18:30;-;20/07/2026 22:47;22/07/2026 18:30
CAIXA 42L;-30 C a -15 C;561686;AL;A7806;00019200000013467034;MultiModal;21/07/2026 04:14;23/07/2026 16:00;-;21/07/2026 04:14;23/07/2026 16:00
CAIXA 42L;-25 C a -15 C;559077;AM;A4725;00019200000013328905;MultiModal;29/06/2026 06:54;30/06/2026 16:44;30/06/2026 16:44;29/06/2026 06:54;30/06/2026 16:55
CAIXA 42L;-25 C a -15 C;559287;AM;A2460;00019200000013248375;MultiModal;29/06/2026 05:37;30/06/2026 16:55;30/06/2026 16:55;29/06/2026 05:37;30/06/2026 16:56
CAIXA 42L;-25 C a -15 C;559985;AM;A6980;00019200000013419170;MultiModal;07/07/2026 06:03;08/07/2026 12:16;08/07/2026 12:16;07/07/2026 06:03;08/07/2026 12:17
CAIXA 42L;-90 C a -60 C;560535;AM;869170034886797;00019200000013440373;MultiModal;15/07/2026 23:22;17/07/2026 10:45;17/07/2026 12:29;15/07/2026 23:22;17/07/2026 12:30
CAIXA 42L;-90 C a -60 C;560535;AM;869170035514240;00019200000013440381;MultiModal;15/07/2026 23:22;17/07/2026 10:45;17/07/2026 12:29;15/07/2026 23:22;17/07/2026 12:30
CAIXA 42L;-90 C a -60 C;560535;AM;869170035508382;00019200000013440390;MultiModal;15/07/2026 23:22;17/07/2026 10:45;17/07/2026 12:29;15/07/2026 23:22;17/07/2026 12:30
CAIXA 42L;-90 C a -60 C;560535;AM;869170034877747;00019200000013440403;MultiModal;15/07/2026 23:22;17/07/2026 10:45;17/07/2026 12:27;15/07/2026 23:23;17/07/2026 12:28
CAIXA 42L;-90 C a -60 C;560535;AM;869170034885856;00019200000013440411;MultiModal;15/07/2026 23:22;17/07/2026 10:45;17/07/2026 12:29;15/07/2026 23:22;17/07/2026 12:30
CAIXA 42L;-90 C a -60 C;560535;AM;869170035502047;00019200000013440420;MultiModal;15/07/2026 23:22;17/07/2026 10:45;17/07/2026 12:27;15/07/2026 23:23;17/07/2026 12:28
CAIXA 42L;-90 C a -60 C;560535;AM;869170034881301;00019200000013440438;MultiModal;15/07/2026 23:22;17/07/2026 10:45;17/07/2026 12:27;15/07/2026 23:23;17/07/2026 12:28
CAIXA 42L;-90 C a -60 C;560535;AM;869170034885815;00019200000013440446;MultiModal;15/07/2026 23:22;17/07/2026 10:45;17/07/2026 12:27;15/07/2026 23:23;17/07/2026 12:28
CAIXA 42L;-90 C a -60 C;560535;AM;869170034885120;00019200000013440454;MultiModal;15/07/2026 23:22;17/07/2026 10:45;17/07/2026 12:29;15/07/2026 23:22;17/07/2026 12:30
CAIXA 42L;-90 C a -60 C;560535;AM;869170034881129;00019200000013440462;MultiModal;15/07/2026 23:22;17/07/2026 10:45;17/07/2026 12:27;15/07/2026 23:23;17/07/2026 12:28
CAIXA 42L;-90 C a -60 C;560535;AM;869170034872987;00019200000013440470;MultiModal;15/07/2026 23:22;17/07/2026 10:45;17/07/2026 12:27;15/07/2026 23:23;17/07/2026 12:28
CAIXA 42L;-90 C a -60 C;560535;AM;869170034883513;00019200000013440489;MultiModal;15/07/2026 23:22;17/07/2026 10:45;17/07/2026 12:27;15/07/2026 23:23;17/07/2026 12:28
CAIXA 42L;-90 C a -60 C;560535;AM;869170035503821;00019200000013440497;MultiModal;15/07/2026 23:22;17/07/2026 10:45;17/07/2026 12:29;15/07/2026 23:22;17/07/2026 12:30
CAIXA 42L;-90 C a -60 C;560535;AM;869170034885153;00019200000013440500;MultiModal;15/07/2026 23:22;17/07/2026 10:45;17/07/2026 12:29;15/07/2026 23:22;17/07/2026 12:30
CAIXA 42L;-90 C a -60 C;560535;AM;869170034881269;00019200000013440519;MultiModal;15/07/2026 23:22;17/07/2026 10:45;17/07/2026 12:27;15/07/2026 23:23;17/07/2026 12:28
CAIXA 42L;-90 C a -60 C;560535;AM;869170035512582;00019200000013440527;MultiModal;15/07/2026 23:22;17/07/2026 10:45;17/07/2026 12:29;15/07/2026 23:22;17/07/2026 12:30
CAIXA 42L;-90 C a -60 C;560535;AM;869170034879222;00019200000013440535;MultiModal;15/07/2026 23:22;17/07/2026 10:45;17/07/2026 12:29;15/07/2026 23:22;17/07/2026 12:30
CAIXA 42L;-90 C a -60 C;560535;AM;869170034872250;00019200000013440543;MultiModal;15/07/2026 23:22;17/07/2026 10:45;17/07/2026 12:29;15/07/2026 23:22;17/07/2026 12:30
CAIXA 42L;-90 C a -60 C;560535;AM;869170034872755;00019200000013440551;MultiModal;15/07/2026 23:22;17/07/2026 10:45;17/07/2026 12:29;15/07/2026 23:22;17/07/2026 12:30
CAIXA 42L;-90 C a -60 C;560535;AM;869170035510362;00019200000013440560;MultiModal;15/07/2026 23:22;17/07/2026 10:45;17/07/2026 12:27;15/07/2026 23:23;17/07/2026 12:28
CAIXA 42L;-90 C a -60 C;560535;AM;869170034873480;00019200000013440578;MultiModal;15/07/2026 23:22;17/07/2026 10:45;17/07/2026 12:29;15/07/2026 23:22;17/07/2026 12:30
CAIXA 42L;-90 C a -60 C;560535;AM;869170034871708;00019200000013440586;MultiModal;15/07/2026 23:22;17/07/2026 10:45;17/07/2026 12:29;15/07/2026 23:22;17/07/2026 12:30
CAIXA 42L;-90 C a -60 C;560535;AM;869170034879586;00019200000013440594;MultiModal;15/07/2026 23:22;17/07/2026 10:45;17/07/2026 12:27;15/07/2026 23:23;17/07/2026 12:28
CAIXA 42L;-90 C a -60 C;560535;AM;869170035501478;00019200000013440608;MultiModal;15/07/2026 23:22;17/07/2026 10:45;17/07/2026 12:27;15/07/2026 23:23;17/07/2026 12:28
CAIXA 42L;-90 C a -60 C;560535;AM;869170035512814;00019200000013440616;MultiModal;15/07/2026 23:22;17/07/2026 10:45;17/07/2026 12:29;15/07/2026 23:22;17/07/2026 12:30
CAIXA 42L;-90 C a -60 C;560535;AM;869170035520866;00019200000013440624;MultiModal;15/07/2026 23:22;17/07/2026 10:45;17/07/2026 12:27;15/07/2026 23:23;17/07/2026 12:28
CAIXA 42L;-90 C a -60 C;560535;AM;869170034876806;00019200000013440632;MultiModal;15/07/2026 23:22;17/07/2026 10:45;17/07/2026 12:27;15/07/2026 23:23;17/07/2026 12:28
CAIXA 42L;-90 C a -60 C;560535;AM;869170035518829;00019200000013440640;MultiModal;15/07/2026 23:22;17/07/2026 10:45;17/07/2026 12:27;15/07/2026 23:23;17/07/2026 12:28
CAIXA 42L;-90 C a -60 C;560535;AM;869170035517805;00019200000013440659;MultiModal;15/07/2026 23:22;17/07/2026 10:45;17/07/2026 12:27;15/07/2026 23:23;17/07/2026 12:28
CAIXA 42L;-90 C a -60 C;560535;AM;869170035504837;00019200000013440667;MultiModal;15/07/2026 23:22;17/07/2026 10:45;17/07/2026 12:29;15/07/2026 23:22;17/07/2026 12:30
CAIXA 42L;-90 C a -60 C;560535;AM;869170034884081;00019200000013440675;MultiModal;15/07/2026 23:22;17/07/2026 10:45;17/07/2026 12:29;15/07/2026 23:22;17/07/2026 12:30
CAIXA 42L;-35 C a -15 C;561858;AM;A5003;00019200000013456300;MultiModal;23/07/2026 03:44;24/07/2026 10:10;-;23/07/2026 04:34;24/07/2026 10:10
CAIXA 42L;-30 C a -15 C;561858;AM;TA0326;00019200000013456318;MultiModal;23/07/2026 03:44;24/07/2026 10:10;-;23/07/2026 04:34;24/07/2026 10:10
CAIXA 42L;-35 C a -15 C;557141;AP;TA0487;00019200000012684651;MultiModal;15/06/2026 05:31;17/06/2026 15:06;-;15/06/2026 05:31;17/06/2026 15:06
CAIXA 42L;-90 C a -60 C;557457;AP;AS-0866;00019200000013197070;MultiModal;30/06/2026 01:10;01/07/2026 14:20;-;30/06/2026 01:10;01/07/2026 14:20
CAIXA 42L;-90 C a -60 C;557457;AP;AS-0446;00019200000013197088;MultiModal;30/06/2026 01:10;01/07/2026 14:20;-;30/06/2026 01:10;01/07/2026 14:20
CAIXA 42L;-90 C a -60 C;557457;AP;AS-0835;00019200000013197096;MultiModal;30/06/2026 01:10;01/07/2026 14:20;-;30/06/2026 01:10;01/07/2026 14:20
CAIXA 42L;-90 C a -60 C;557457;AP;AS-0114;00019200000013197100;MultiModal;30/06/2026 01:10;01/07/2026 14:20;-;30/06/2026 01:10;01/07/2026 14:20
CAIXA 42L;-90 C a -60 C;557457;AP;AS-0239;00019200000013197118;MultiModal;30/06/2026 01:10;01/07/2026 14:20;-;30/06/2026 01:10;01/07/2026 14:20
CAIXA 42L;-90 C a -60 C;557457;AP;AS-0469;00019200000013197126;MultiModal;30/06/2026 01:10;01/07/2026 14:20;-;30/06/2026 01:10;01/07/2026 14:20
CAIXA 42L;-35 C a -15 C;560054;AP;A0189;00019200000013412841;MultiModal;09/07/2026 00:00;10/07/2026 12:06;-;09/07/2026 00:00;10/07/2026 12:06
CAIXA 42L;-90 C a -60 C;560524;AP;AS-0628;00019200000013468618;MultiModal;20/07/2026 22:49;22/07/2026 16:46;-;20/07/2026 22:49;22/07/2026 16:46
CAIXA 42L;-90 C a -60 C;560524;AP;AS-0762;00019200000013468871;MultiModal;20/07/2026 22:49;22/07/2026 16:46;-;20/07/2026 22:49;22/07/2026 16:46
CAIXA 42L;-90 C a -60 C;560524;AP;AS-0785;00019200000013468880;MultiModal;20/07/2026 22:49;22/07/2026 16:46;-;20/07/2026 22:49;22/07/2026 16:46
CAIXA 42L;-90 C a -60 C;560524;AP;AS-0583;00019200000013468898;MultiModal;20/07/2026 22:49;22/07/2026 16:46;-;20/07/2026 22:49;22/07/2026 16:46
CAIXA 42L;-90 C a -60 C;560524;AP;AS-0433;00019200000013468901;MultiModal;20/07/2026 22:49;22/07/2026 16:46;-;20/07/2026 22:49;22/07/2026 16:46
CAIXA 42L;-90 C a -60 C;560524;AP;AS-0172;00019200000013468910;MultiModal;20/07/2026 22:49;22/07/2026 16:46;-;20/07/2026 22:49;22/07/2026 16:46
CAIXA 42L;-90 C a -60 C;560524;AP;AS-0615;00019200000013468928;MultiModal;20/07/2026 22:49;22/07/2026 16:46;-;20/07/2026 22:49;22/07/2026 16:46
CAIXA 42L;-90 C a -60 C;560524;AP;AS-0138;00019200000013468936;MultiModal;20/07/2026 22:49;22/07/2026 16:46;-;20/07/2026 22:49;22/07/2026 16:46
CAIXA 42L;-90 C a -60 C;560524;AP;AS-0676;00019200000013468944;MultiModal;20/07/2026 22:49;22/07/2026 16:46;-;20/07/2026 22:49;22/07/2026 16:46
CAIXA 42L;-25 C a -15 C;560659;AP;TA0854;00019200000013469398;MultiModal;23/07/2026 00:25;24/07/2026 10:48;-;26/07/2026 23:51;28/07/2026 14:56
CAIXA 42L;-35 C a -15 C;557144;BA;A5387;00019200000012685755;MultiModal;15/06/2026 04:40;16/06/2026 15:48;-;15/06/2026 04:40;16/06/2026 15:48
CAIXA 42L;-35 C a -15 C;557144;BA;A8539;00019200000012685763;MultiModal;15/06/2026 04:40;16/06/2026 15:48;-;15/06/2026 04:40;16/06/2026 15:48
CAIXA 42L;-90 C a -60 C;557458;BA;869170034879594;00019200000013331710;MultiModal;25/06/2026 04:44;26/06/2026 15:00;-;02/07/2026 00:21;03/07/2026 09:55
CAIXA 42L;-90 C a -60 C;557458;BA;AS-0872;00019200000013331728;MultiModal;25/06/2026 04:44;26/06/2026 15:00;-;02/07/2026 00:21;03/07/2026 09:55
CAIXA 42L;-90 C a -60 C;557458;BA;869170034879677;00019200000013331736;MultiModal;25/06/2026 04:44;26/06/2026 15:00;-;02/07/2026 00:21;03/07/2026 09:55
CAIXA 42L;-90 C a -60 C;557458;BA;869170035494781;00019200000013331744;MultiModal;25/06/2026 04:44;26/06/2026 15:00;-;02/07/2026 00:21;04/07/2026 10:00
CAIXA 42L;-90 C a -60 C;557458;BA;869170035519025;00019200000013331752;MultiModal;25/06/2026 04:44;26/06/2026 15:00;-;02/07/2026 00:21;03/07/2026 09:55
CAIXA 42L;-90 C a -60 C;557458;BA;869170034876459;00019200000013331760;MultiModal;25/06/2026 04:44;26/06/2026 15:00;-;02/07/2026 00:21;03/07/2026 09:55
CAIXA 42L;-90 C a -60 C;557458;BA;869170035500322;00019200000013331779;MultiModal;25/06/2026 04:44;26/06/2026 15:00;-;02/07/2026 00:21;04/07/2026 10:00
CAIXA 42L;-90 C a -60 C;557458;BA;AS-0785;00019200000013331787;MultiModal;25/06/2026 04:44;26/06/2026 15:00;-;02/07/2026 00:21;04/07/2026 10:00
CAIXA 42L;-90 C a -60 C;557458;BA;AS-0229;00019200000013331795;MultiModal;25/06/2026 04:44;26/06/2026 15:00;-;02/07/2026 00:21;03/07/2026 09:55
CAIXA 42L;-90 C a -60 C;557458;BA;AS-0166;00019200000013331809;MultiModal;25/06/2026 04:44;26/06/2026 15:00;-;02/07/2026 00:21;04/07/2026 10:00
CAIXA 42L;-90 C a -60 C;557458;BA;AS-0756;00019200000013331817;MultiModal;25/06/2026 04:44;26/06/2026 15:00;-;02/07/2026 00:21;03/07/2026 09:55
CAIXA 42L;-90 C a -60 C;557458;BA;AS-0060;00019200000013331825;MultiModal;25/06/2026 04:44;26/06/2026 15:00;-;02/07/2026 00:21;04/07/2026 10:00
CAIXA 42L;-90 C a -60 C;557458;BA;AS-0559;00019200000013331833;MultiModal;25/06/2026 04:44;26/06/2026 15:00;-;02/07/2026 00:21;03/07/2026 09:55
CAIXA 42L;-90 C a -60 C;557458;BA;AS-0628;00019200000013331841;MultiModal;25/06/2026 04:44;26/06/2026 15:00;-;02/07/2026 00:21;04/07/2026 10:00
CAIXA 42L;-90 C a -60 C;557458;BA;AS-0037;00019200000013331850;MultiModal;25/06/2026 04:44;26/06/2026 15:00;-;02/07/2026 00:21;04/07/2026 10:00
CAIXA 42L;-90 C a -60 C;557458;BA;AS-0673;00019200000013331868;MultiModal;25/06/2026 04:44;26/06/2026 15:00;-;02/07/2026 00:21;04/07/2026 10:00
CAIXA 42L;-90 C a -60 C;557458;BA;AS-0893;00019200000013331876;MultiModal;25/06/2026 04:44;26/06/2026 15:00;-;02/07/2026 00:21;04/07/2026 10:00
CAIXA 42L;-90 C a -60 C;557458;BA;AS-0228;00019200000013331884;MultiModal;25/06/2026 04:44;26/06/2026 15:00;-;02/07/2026 00:21;03/07/2026 09:55
CAIXA 42L;-90 C a -60 C;557458;BA;869170034878521;00019200000013331892;MultiModal;25/06/2026 04:44;26/06/2026 15:00;-;02/07/2026 00:21;03/07/2026 09:55
CAIXA 42L;-90 C a -60 C;557458;BA;AS-0542;00019200000013331906;MultiModal;25/06/2026 04:44;26/06/2026 15:00;-;02/07/2026 00:21;03/07/2026 09:55
CAIXA 42L;-90 C a -60 C;557458;BA;AS-0380;00019200000013331914;MultiModal;25/06/2026 04:44;26/06/2026 15:00;-;02/07/2026 00:21;03/07/2026 09:55
CAIXA 42L;-90 C a -60 C;557458;BA;AS-0226;00019200000013331922;MultiModal;25/06/2026 04:44;26/06/2026 15:00;-;02/07/2026 00:21;03/07/2026 09:55
CAIXA 42L;-90 C a -60 C;557458;BA;AS-0569;00019200000013331930;MultiModal;25/06/2026 04:44;26/06/2026 15:00;-;02/07/2026 00:21;03/07/2026 09:55
CAIXA 42L;-90 C a -60 C;557458;BA;AS-0867;00019200000013331949;MultiModal;25/06/2026 04:44;26/06/2026 15:00;-;02/07/2026 00:21;03/07/2026 09:55
CAIXA 42L;-90 C a -60 C;557458;BA;AS-0180;00019200000013331957;MultiModal;25/06/2026 04:44;26/06/2026 15:00;-;02/07/2026 00:21;03/07/2026 09:55
CAIXA 42L;-90 C a -60 C;557458;BA;AS-0467;00019200000013332511;MultiModal;25/06/2026 04:44;26/06/2026 15:00;-;02/07/2026 00:21;04/07/2026 10:00
CAIXA 42L;-90 C a -60 C;557458;BA;AS-0841;00019200000013333046;MultiModal;25/06/2026 04:44;26/06/2026 15:00;-;02/07/2026 00:21;04/07/2026 10:00
CAIXA 42L;-90 C a -60 C;557458;BA;AS-0061;00019200000013333054;MultiModal;25/06/2026 04:44;26/06/2026 15:00;-;02/07/2026 00:21;04/07/2026 10:00
CAIXA 42L;-90 C a -60 C;557458;BA;AS-0817;00019200000013333062;MultiModal;25/06/2026 04:44;26/06/2026 15:00;-;02/07/2026 00:21;04/07/2026 10:00
CAIXA 42L;-90 C a -60 C;557458;BA;AS-0897;00019200000013333070;MultiModal;25/06/2026 04:44;26/06/2026 15:00;-;02/07/2026 00:21;04/07/2026 10:00
CAIXA 42L;-90 C a -60 C;557458;BA;AS-0623;00019200000013333089;MultiModal;25/06/2026 04:44;26/06/2026 15:00;-;02/07/2026 00:21;03/07/2026 09:55
CAIXA 42L;-90 C a -60 C;557458;BA;AS-0282;00019200000013333097;MultiModal;25/06/2026 04:44;26/06/2026 15:00;-;02/07/2026 00:21;03/07/2026 09:55
CAIXA 42L;-90 C a -60 C;557458;BA;869170034882945;00019200000013333100;MultiModal;25/06/2026 04:44;26/06/2026 15:00;-;02/07/2026 00:21;03/07/2026 09:55
CAIXA 42L;-90 C a -60 C;557458;BA;869170035512699;00019200000013333119;MultiModal;25/06/2026 04:44;26/06/2026 15:00;-;02/07/2026 00:21;04/07/2026 10:00
CAIXA 42L;-90 C a -60 C;557458;BA;869170035491530;00019200000013333160;MultiModal;25/06/2026 04:44;26/06/2026 15:00;-;02/07/2026 00:21;04/07/2026 10:00
CAIXA 42L;-90 C a -60 C;557458;BA;869170034874686;00019200000013333178;MultiModal;25/06/2026 04:44;26/06/2026 15:00;-;02/07/2026 00:21;03/07/2026 09:55
CAIXA 42L;-90 C a -60 C;557458;BA;AS-0679;00019200000013333186;MultiModal;25/06/2026 04:44;26/06/2026 15:00;-;02/07/2026 00:21;03/07/2026 09:55
CAIXA 42L;-90 C a -60 C;557458;BA;AS-0171;00019200000013333194;MultiModal;25/06/2026 04:44;26/06/2026 15:00;-;02/07/2026 00:21;03/07/2026 09:55
CAIXA 42L;-90 C a -60 C;557458;BA;869170035517607;00019200000013333208;MultiModal;25/06/2026 04:44;26/06/2026 15:00;-;02/07/2026 00:21;04/07/2026 10:00
CAIXA 42L;-90 C a -60 C;557458;BA;AS-0448;00019200000013333216;MultiModal;25/06/2026 04:44;26/06/2026 15:00;-;02/07/2026 00:21;03/07/2026 09:55
CAIXA 42L;-90 C a -60 C;557458;BA;869170034876368;00019200000013333224;MultiModal;25/06/2026 04:44;26/06/2026 15:00;-;02/07/2026 00:21;04/07/2026 10:00
CAIXA 42L;-90 C a -60 C;557458;BA;AS-0583;00019200000013333232;MultiModal;25/06/2026 04:44;26/06/2026 15:00;-;02/07/2026 00:21;04/07/2026 10:00
CAIXA 42L;-90 C a -60 C;557458;BA;AS-0497;00019200000013333240;MultiModal;25/06/2026 04:44;26/06/2026 15:00;-;02/07/2026 00:21;03/07/2026 09:55
CAIXA 42L;-90 C a -60 C;557458;BA;869170034876749;00019200000013333259;MultiModal;25/06/2026 04:44;26/06/2026 15:00;-;02/07/2026 00:21;03/07/2026 09:55
CAIXA 42L;-90 C a -60 C;557458;BA;869170034876111;00019200000013333267;MultiModal;25/06/2026 04:44;26/06/2026 15:00;-;02/07/2026 00:21;04/07/2026 10:00
CAIXA 42L;-90 C a -60 C;557458;BA;869170035503607;00019200000013333275;MultiModal;25/06/2026 04:44;26/06/2026 15:00;-;02/07/2026 00:21;03/07/2026 09:55
CAIXA 42L;-90 C a -60 C;557458;BA;AS-0001;00019200000013333283;MultiModal;25/06/2026 04:44;26/06/2026 15:00;-;02/07/2026 00:21;03/07/2026 09:55
CAIXA 42L;-90 C a -60 C;557458;BA;869170034882366;00019200000013333291;MultiModal;25/06/2026 04:44;26/06/2026 15:00;-;02/07/2026 00:21;04/07/2026 10:00
CAIXA 42L;-90 C a -60 C;557458;BA;869170034877788;00019200000013333305;MultiModal;25/06/2026 04:44;26/06/2026 15:00;-;02/07/2026 00:21;04/07/2026 10:00
CAIXA 42L;-90 C a -60 C;557458;BA;869170034889650;00019200000013333313;MultiModal;25/06/2026 04:44;26/06/2026 15:00;-;02/07/2026 00:21;04/07/2026 10:00
CAIXA 42L;-90 C a -60 C;557458;BA;AS-0670;00019200000013333321;MultiModal;25/06/2026 04:44;26/06/2026 15:00;-;02/07/2026 00:21;04/07/2026 10:00
CAIXA 42L;-90 C a -60 C;557458;BA;869170034875006;00019200000013333330;MultiModal;25/06/2026 04:44;26/06/2026 15:00;-;02/07/2026 00:21;03/07/2026 09:55
CAIXA 42L;-90 C a -60 C;557458;BA;869170035513507;00019200000013333348;MultiModal;25/06/2026 04:44;26/06/2026 15:00;-;02/07/2026 00:21;04/07/2026 10:00
CAIXA 42L;-90 C a -60 C;557458;BA;869170034876020;00019200000013333356;MultiModal;25/06/2026 04:44;26/06/2026 15:00;-;02/07/2026 00:21;04/07/2026 10:00
CAIXA 42L;-90 C a -60 C;557458;BA;869170035519066;00019200000013333364;MultiModal;25/06/2026 04:44;26/06/2026 15:00;-;02/07/2026 00:21;03/07/2026 09:55
CAIXA 42L;-90 C a -60 C;557458;BA;869170034876715;00019200000013333372;MultiModal;25/06/2026 04:44;26/06/2026 15:00;-;02/07/2026 00:21;04/07/2026 10:00
CAIXA 42L;-90 C a -60 C;557458;BA;869170034880824;00019200000013333380;MultiModal;25/06/2026 04:44;26/06/2026 15:00;-;02/07/2026 00:21;04/07/2026 10:00
CAIXA 42L;-90 C a -60 C;557458;BA;869170035503748;00019200000013333399;MultiModal;25/06/2026 04:44;26/06/2026 15:00;-;02/07/2026 00:21;04/07/2026 10:00
CAIXA 42L;-90 C a -60 C;557458;BA;869170034882341;00019200000013333402;MultiModal;25/06/2026 04:44;26/06/2026 15:00;-;02/07/2026 00:21;04/07/2026 10:00
CAIXA 42L;-90 C a -60 C;557458;BA;869170034889478;00019200000013333410;MultiModal;25/06/2026 04:44;26/06/2026 15:00;-;02/07/2026 00:21;04/07/2026 10:00
CAIXA 42L;-90 C a -60 C;557458;BA;869170035510313;00019200000013333429;MultiModal;25/06/2026 04:44;26/06/2026 15:00;-;02/07/2026 00:21;04/07/2026 10:00
CAIXA 42L;-90 C a -60 C;557458;BA;869170035520551;00019200000013333437;MultiModal;25/06/2026 04:44;26/06/2026 15:00;-;02/07/2026 00:21;04/07/2026 10:00
CAIXA 42L;-90 C a -60 C;557458;BA;869170035502823;00019200000013333445;MultiModal;25/06/2026 04:44;26/06/2026 15:00;-;25/06/2026 10:53;26/06/2026 15:00
CAIXA 42L;-90 C a -60 C;557458;BA;869170035503821;00019200000013333453;MultiModal;25/06/2026 04:44;26/06/2026 15:00;-;25/06/2026 10:53;26/06/2026 15:00
CAIXA 42L;-90 C a -60 C;557458;BA;869170034876285;00019200000013333461;MultiModal;25/06/2026 04:44;26/06/2026 15:00;-;25/06/2026 10:53;26/06/2026 15:00
CAIXA 42L;-90 C a -60 C;557458;BA;869170034871708;00019200000013333470;MultiModal;25/06/2026 04:44;26/06/2026 15:00;-;25/06/2026 10:53;26/06/2026 15:00
CAIXA 42L;-90 C a -60 C;557458;BA;869170034873548;00019200000013333488;MultiModal;25/06/2026 04:44;26/06/2026 15:00;-;25/06/2026 10:53;26/06/2026 15:00
CAIXA 42L;-90 C a -60 C;557458;BA;869170034873472;00019200000013333496;MultiModal;25/06/2026 04:44;26/06/2026 15:00;-;25/06/2026 10:53;26/06/2026 15:00
CAIXA 42L;-90 C a -60 C;557458;BA;AS-0877;00019200000013333500;MultiModal;25/06/2026 04:44;26/06/2026 15:00;-;25/06/2026 10:53;26/06/2026 15:00
CAIXA 42L;-90 C a -60 C;557458;BA;869170034885815;00019200000013333518;MultiModal;25/06/2026 04:44;26/06/2026 15:00;-;25/06/2026 10:53;26/06/2026 15:00
CAIXA 42L;-90 C a -60 C;557458;BA;869170035511394;00019200000013333526;MultiModal;25/06/2026 04:44;26/06/2026 15:00;-;25/06/2026 10:53;26/06/2026 15:00
CAIXA 42L;-90 C a -60 C;557458;BA;869170035494922;00019200000013333534;MultiModal;25/06/2026 04:44;26/06/2026 15:00;-;25/06/2026 10:53;26/06/2026 15:00
CAIXA 42L;-90 C a -60 C;557458;BA;V56M3003;00019200000013333542;MultiModal;25/06/2026 04:44;26/06/2026 15:00;-;25/06/2026 10:53;26/06/2026 15:00
CAIXA 42L;-90 C a -60 C;557458;BA;869170034887530;00019200000013333550;MultiModal;25/06/2026 04:44;26/06/2026 15:00;-;25/06/2026 10:53;26/06/2026 15:00
CAIXA 42L;-90 C a -60 C;557458;BA;869170034873480;00019200000013333569;MultiModal;25/06/2026 04:44;26/06/2026 15:00;-;25/06/2026 10:53;26/06/2026 15:00
CAIXA 42L;-90 C a -60 C;557458;BA;869170034885153;00019200000013333577;MultiModal;25/06/2026 04:44;26/06/2026 15:00;-;25/06/2026 10:53;26/06/2026 15:00
CAIXA 42L;-90 C a -60 C;557458;BA;869170034880188;00019200000013333585;MultiModal;25/06/2026 04:44;26/06/2026 15:00;-;25/06/2026 10:53;26/06/2026 15:00
CAIXA 42L;-90 C a -60 C;557458;BA;869170035502492;00019200000013333593;MultiModal;25/06/2026 04:44;26/06/2026 15:00;-;25/06/2026 10:53;26/06/2026 15:00
CAIXA 42L;-90 C a -60 C;557458;BA;869170034883513;00019200000013333607;MultiModal;25/06/2026 04:44;26/06/2026 15:00;-;25/06/2026 10:53;26/06/2026 15:00
CAIXA 42L;-90 C a -60 C;557458;BA;869170035517805;00019200000013333615;MultiModal;25/06/2026 04:44;26/06/2026 15:00;-;25/06/2026 10:53;26/06/2026 15:00
CAIXA 42L;-90 C a -60 C;557458;BA;869170035510362;00019200000013333623;MultiModal;25/06/2026 04:44;26/06/2026 15:00;-;25/06/2026 10:53;26/06/2026 15:00
CAIXA 42L;-90 C a -60 C;557458;BA;869170035501585;00019200000013333631;MultiModal;25/06/2026 04:44;26/06/2026 15:00;-;25/06/2026 10:53;26/06/2026 15:00
CAIXA 42L;-90 C a -60 C;557458;BA;869170035496919;00019200000013333640;MultiModal;25/06/2026 04:44;26/06/2026 15:00;-;25/06/2026 10:53;26/06/2026 15:00
CAIXA 42L;-90 C a -60 C;557458;BA;869170034887365;00019200000013333658;MultiModal;25/06/2026 04:44;26/06/2026 15:00;-;25/06/2026 10:53;26/06/2026 15:00
CAIXA 42L;-90 C a -60 C;557458;BA;869170034877747;00019200000013333666;MultiModal;25/06/2026 04:44;26/06/2026 15:00;-;25/06/2026 10:53;26/06/2026 15:00
CAIXA 42L;-90 C a -60 C;557458;BA;869170034873209;00019200000013333674;MultiModal;25/06/2026 04:44;26/06/2026 15:00;-;25/06/2026 10:53;26/06/2026 15:00
CAIXA 42L;-90 C a -60 C;557458;BA;869170034871989;00019200000013333682;MultiModal;25/06/2026 04:44;26/06/2026 15:00;-;25/06/2026 10:53;26/06/2026 15:00
CAIXA 42L;-90 C a -60 C;557458;BA;869170034884677;00019200000013333690;MultiModal;25/06/2026 04:44;26/06/2026 15:00;-;25/06/2026 10:53;26/06/2026 15:00
CAIXA 42L;-90 C a -60 C;557458;BA;869170035514166;00019200000013333704;MultiModal;25/06/2026 04:44;26/06/2026 15:00;-;25/06/2026 10:53;26/06/2026 15:00
CAIXA 42L;-90 C a -60 C;557458;BA;869170034889494;00019200000013333712;MultiModal;25/06/2026 04:44;26/06/2026 15:00;-;25/06/2026 10:53;26/06/2026 15:00
CAIXA 42L;-90 C a -60 C;557458;BA;869170034888819;00019200000013333720;MultiModal;25/06/2026 04:44;26/06/2026 15:00;-;25/06/2026 10:53;26/06/2026 15:00
CAIXA 42L;-90 C a -60 C;557458;BA;869170034886391;00019200000013333739;MultiModal;25/06/2026 04:44;26/06/2026 15:00;-;25/06/2026 10:53;26/06/2026 15:00
CAIXA 42L;-90 C a -60 C;557458;BA;869170035508382;00019200000013333747;MultiModal;25/06/2026 04:44;26/06/2026 15:00;-;25/06/2026 10:53;26/06/2026 15:00
CAIXA 42L;-90 C a -60 C;557458;BA;AS-0167;00019200000013333755;MultiModal;25/06/2026 04:44;26/06/2026 15:00;-;25/06/2026 10:53;26/06/2026 15:00
CAIXA 42L;-90 C a -60 C;557458;BA;869170034885120;00019200000013333763;MultiModal;25/06/2026 04:44;26/06/2026 15:00;-;25/06/2026 10:53;26/06/2026 15:00
CAIXA 42L;-90 C a -60 C;557458;BA;869170034874496;00019200000013333771;MultiModal;25/06/2026 04:44;26/06/2026 15:00;-;02/07/2026 00:21;03/07/2026 09:55
CAIXA 42L;-90 C a -60 C;557458;BA;AS-0254;00019200000013333780;MultiModal;25/06/2026 04:44;26/06/2026 15:00;-;02/07/2026 00:21;04/07/2026 10:00
CAIXA 42L;-90 C a -60 C;557458;BA;869170035501478;00019200000013333798;MultiModal;25/06/2026 04:44;26/06/2026 15:00;-;25/06/2026 10:53;26/06/2026 15:00
CAIXA 42L;-25 C a -15 C;560056;BA;A3553;00019200000013412523;MultiModal;09/07/2026 04:39;10/07/2026 11:46;-;09/07/2026 04:39;10/07/2026 11:46
CAIXA 42L;-35 C a -15 C;561632;BA;A6190;00019200000013467042;MultiModal;21/07/2026 04:14;22/07/2026 11:00;-;21/07/2026 04:14;22/07/2026 11:00
CAIXA 42L;-35 C a -15 C;561632;BA;A7433;00019200000013467050;MultiModal;21/07/2026 04:14;22/07/2026 11:00;-;21/07/2026 04:14;22/07/2026 11:00
CAIXA 42L;-25 C a -15 C;562751;BA;A8696;00019200000013823388;MultiModal;03/08/2026 03:56;04/08/2026 12:00;-;03/08/2026 03:56;04/08/2026 12:00
CAIXA 42L;-35 C a -15 C;563238;BA;TA0763;00019200000013869132;MultiModal;06/08/2026 06:38;-;-;06/08/2026 06:38;-
CAIXA 42L;-30 C a -15 C;563238;BA;A7466;00019200000013869167;MultiModal;06/08/2026 06:38;-;-;06/08/2026 06:38;-
CAIXA 42L;-30 C a -15 C;563238;BA;A6379;00019200000013869175;MultiModal;06/08/2026 06:38;-;-;06/08/2026 06:38;-
CAIXA 42L;-30 C a -15 C;563238;BA;TA1194;00019200000013869183;MultiModal;06/08/2026 06:38;-;-;06/08/2026 06:38;-
CAIXA 42L;-35 C a -15 C;563238;BA;A5286;00019200000013869191;MultiModal;06/08/2026 06:38;-;-;06/08/2026 06:38;-
CAIXA 42L;-30 C a -15 C;563238;BA;A0522;00019200000013869205;MultiModal;06/08/2026 06:38;-;-;06/08/2026 06:38;-
CAIXA 42L;-35 C a -15 C;563238;BA;A1395;00019200000013869213;MultiModal;06/08/2026 06:38;-;-;06/08/2026 06:38;-
CAIXA 42L;-35 C a -15 C;563238;BA;A9076;00019200000013869221;MultiModal;06/08/2026 06:38;-;-;06/08/2026 06:38;-
CAIXA 42L;-30 C a -15 C;563238;BA;A3649;00019200000013869230;MultiModal;06/08/2026 06:38;-;-;06/08/2026 06:38;-
CAIXA 42L;-30 C a -15 C;556405;CE;TA1240;00019200000012726346;MultiModal;10/06/2026 03:07;11/06/2026 16:00;-;-;-
CAIXA 42L;-30 C a -15 C;556405;CE;A4685;00019200000012726354;MultiModal;10/06/2026 03:07;11/06/2026 16:00;-;-;-
CAIXA 42L;-35 C a -15 C;557145;CE;A6351;00019200000012685810;MultiModal;15/06/2026 01:52;16/06/2026 15:00;-;15/06/2026 01:52;16/06/2026 15:00
CAIXA 42L;-35 C a -15 C;557145;CE;TA0570;00019200000012685828;MultiModal;15/06/2026 01:52;16/06/2026 15:00;-;15/06/2026 01:52;16/06/2026 15:00
CAIXA 42L;-90 C a -60 C;557461;CE;869170034876749;00019200000012700894;MultiModal;16/06/2026 03:36;18/06/2026 10:20;-;16/06/2026 03:36;30/06/2026 15:56
CAIXA 42L;-90 C a -60 C;557461;CE;869170035517797;00019200000012700908;MultiModal;16/06/2026 03:36;18/06/2026 10:20;-;17/06/2026 07:00;25/06/2026 17:04
CAIXA 42L;-90 C a -60 C;557461;CE;869170035502021;00019200000012700916;MultiModal;16/06/2026 03:36;18/06/2026 10:20;-;16/06/2026 03:36;30/06/2026 15:56
CAIXA 42L;-90 C a -60 C;557461;CE;869170035515635;00019200000012700924;MultiModal;16/06/2026 03:36;18/06/2026 10:20;-;16/06/2026 03:36;30/06/2026 15:56
CAIXA 42L;-90 C a -60 C;557461;CE;869170035501775;00019200000012700932;MultiModal;16/06/2026 03:36;18/06/2026 10:20;-;16/06/2026 03:36;30/06/2026 15:56
CAIXA 42L;-90 C a -60 C;557461;CE;869170034879040;00019200000012700940;MultiModal;16/06/2026 03:36;18/06/2026 10:20;-;16/06/2026 03:36;30/06/2026 15:56
CAIXA 42L;-90 C a -60 C;557461;CE;869170034877770;00019200000012700959;MultiModal;16/06/2026 03:36;18/06/2026 10:20;-;17/06/2026 07:00;25/06/2026 17:04
CAIXA 42L;-90 C a -60 C;557461;CE;869170034875956;00019200000012700967;MultiModal;16/06/2026 03:36;18/06/2026 10:20;-;16/06/2026 03:36;30/06/2026 15:56
CAIXA 42L;-90 C a -60 C;557461;CE;869170034886425;00019200000012700975;MultiModal;16/06/2026 03:36;18/06/2026 10:20;-;16/06/2026 03:36;30/06/2026 15:56
CAIXA 42L;-90 C a -60 C;557461;CE;869170034872383;00019200000012700983;MultiModal;16/06/2026 03:36;18/06/2026 10:20;-;16/06/2026 03:36;30/06/2026 15:56
CAIXA 42L;-90 C a -60 C;557461;CE;869170034876418;00019200000012700991;MultiModal;16/06/2026 03:36;18/06/2026 10:20;-;17/06/2026 07:00;25/06/2026 17:04
CAIXA 42L;-90 C a -60 C;557461;CE;869170034876715;00019200000012701009;MultiModal;16/06/2026 03:36;18/06/2026 10:20;-;17/06/2026 07:00;25/06/2026 17:04
CAIXA 42L;-90 C a -60 C;557461;CE;869170034885583;00019200000012701017;MultiModal;16/06/2026 03:36;18/06/2026 10:20;-;17/06/2026 07:00;25/06/2026 17:04
CAIXA 42L;-90 C a -60 C;557461;CE;869170034875428;00019200000012701025;MultiModal;16/06/2026 03:36;18/06/2026 10:20;-;16/06/2026 03:36;30/06/2026 15:56
CAIXA 42L;-90 C a -60 C;557461;CE;869170035512772;00019200000012701033;MultiModal;16/06/2026 03:36;18/06/2026 10:20;-;16/06/2026 03:36;30/06/2026 15:56
CAIXA 42L;-90 C a -60 C;557461;CE;869170034874363;00019200000012701041;MultiModal;16/06/2026 03:36;18/06/2026 10:20;-;16/06/2026 03:36;30/06/2026 15:56
CAIXA 42L;-90 C a -60 C;557461;CE;869170034872300;00019200000012701050;MultiModal;16/06/2026 03:36;18/06/2026 10:20;-;16/06/2026 03:36;30/06/2026 15:56
CAIXA 42L;-90 C a -60 C;557461;CE;869170034876509;00019200000012701068;MultiModal;16/06/2026 03:36;18/06/2026 10:20;-;16/06/2026 03:36;30/06/2026 15:56
CAIXA 42L;-90 C a -60 C;557461;CE;869170034886250;00019200000012701076;MultiModal;16/06/2026 03:36;18/06/2026 10:20;-;16/06/2026 03:36;30/06/2026 15:56
CAIXA 42L;-90 C a -60 C;557461;CE;869170034879909;00019200000012701084;MultiModal;16/06/2026 03:36;18/06/2026 10:20;-;16/06/2026 03:36;30/06/2026 15:56
CAIXA 42L;-90 C a -60 C;557461;CE;869170035512582;00019200000012701092;MultiModal;16/06/2026 03:36;18/06/2026 10:20;-;17/06/2026 07:00;25/06/2026 17:04
CAIXA 42L;-90 C a -60 C;557461;CE;869170035514117;00019200000012701106;MultiModal;16/06/2026 03:36;18/06/2026 10:20;-;17/06/2026 07:00;25/06/2026 17:04
CAIXA 42L;-90 C a -60 C;557461;CE;869170035512376;00019200000012701114;MultiModal;16/06/2026 03:36;18/06/2026 10:20;-;16/06/2026 03:36;30/06/2026 15:56
CAIXA 42L;-90 C a -60 C;557461;CE;869170035512814;00019200000012701122;MultiModal;16/06/2026 03:36;18/06/2026 10:20;-;17/06/2026 07:00;25/06/2026 17:04
CAIXA 42L;-90 C a -60 C;557461;CE;869170035519215;00019200000012701130;MultiModal;16/06/2026 03:36;18/06/2026 10:20;-;17/06/2026 07:00;25/06/2026 17:04
CAIXA 42L;-90 C a -60 C;557461;CE;869170034871690;00019200000012701149;MultiModal;16/06/2026 03:36;18/06/2026 10:20;-;17/06/2026 07:00;25/06/2026 17:04
CAIXA 42L;-90 C a -60 C;557461;CE;869170035518829;00019200000012701157;MultiModal;16/06/2026 03:36;18/06/2026 10:20;-;17/06/2026 07:00;25/06/2026 17:04
CAIXA 42L;-90 C a -60 C;557461;CE;869170034878364;00019200000012701165;MultiModal;16/06/2026 03:36;18/06/2026 10:20;-;17/06/2026 07:00;25/06/2026 17:04
CAIXA 42L;-90 C a -60 C;557461;CE;869170034887415;00019200000012701173;MultiModal;16/06/2026 03:36;18/06/2026 10:20;-;16/06/2026 03:36;30/06/2026 15:56
CAIXA 42L;-90 C a -60 C;557461;CE;869170035518480;00019200000012701181;MultiModal;16/06/2026 03:36;18/06/2026 10:20;-;16/06/2026 03:36;30/06/2026 15:56
CAIXA 42L;-90 C a -60 C;557461;CE;869170035509083;00019200000012701190;MultiModal;16/06/2026 03:36;18/06/2026 10:20;-;16/06/2026 03:36;30/06/2026 15:56
CAIXA 42L;-90 C a -60 C;557461;CE;869170034876020;00019200000012701203;MultiModal;16/06/2026 03:36;18/06/2026 10:20;-;16/06/2026 03:36;30/06/2026 15:56
CAIXA 42L;-90 C a -60 C;557461;CE;869170035507079;00019200000012701211;MultiModal;16/06/2026 03:36;18/06/2026 10:20;-;16/06/2026 03:36;30/06/2026 15:56
CAIXA 42L;-90 C a -60 C;557461;CE;869170034879131;00019200000012701220;MultiModal;16/06/2026 03:36;18/06/2026 10:20;-;16/06/2026 03:36;30/06/2026 15:56
CAIXA 42L;-90 C a -60 C;557461;CE;869170034879453;00019200000012701238;MultiModal;16/06/2026 03:36;18/06/2026 10:20;-;17/06/2026 07:00;25/06/2026 17:04
CAIXA 42L;-90 C a -60 C;557461;CE;869170034879594;00019200000012701246;MultiModal;16/06/2026 03:36;18/06/2026 10:20;-;16/06/2026 03:36;30/06/2026 15:56
CAIXA 42L;-90 C a -60 C;557461;CE;869170034879149;00019200000012701254;MultiModal;16/06/2026 03:36;18/06/2026 10:20;-;16/06/2026 03:36;30/06/2026 15:56
CAIXA 42L;-90 C a -60 C;557461;CE;869170034886144;00019200000012701262;MultiModal;16/06/2026 03:36;18/06/2026 10:20;-;16/06/2026 03:36;30/06/2026 15:56
CAIXA 42L;-90 C a -60 C;557461;CE;869170034890153;00019200000012701270;MultiModal;16/06/2026 03:36;18/06/2026 10:20;-;16/06/2026 03:36;30/06/2026 15:56
CAIXA 42L;-90 C a -60 C;557461;CE;869170034876806;00019200000012701289;MultiModal;16/06/2026 03:36;18/06/2026 10:20;-;17/06/2026 07:00;25/06/2026 17:04
CAIXA 42L;-90 C a -60 C;557461;CE;869170034889643;00019200000012701297;MultiModal;16/06/2026 03:36;18/06/2026 10:20;-;16/06/2026 03:36;30/06/2026 15:56
CAIXA 42L;-90 C a -60 C;557461;CE;869170034874710;00019200000012701300;MultiModal;16/06/2026 03:36;18/06/2026 10:20;-;16/06/2026 03:36;30/06/2026 15:56
CAIXA 42L;-90 C a -60 C;557461;CE;869170034880725;00019200000012701319;MultiModal;16/06/2026 03:36;18/06/2026 10:20;-;16/06/2026 03:36;30/06/2026 15:56
CAIXA 42L;-90 C a -60 C;557461;CE;869170035503748;00019200000012701327;MultiModal;16/06/2026 03:36;18/06/2026 10:20;-;16/06/2026 03:36;30/06/2026 15:56
CAIXA 42L;-90 C a -60 C;557461;CE;869170035504837;00019200000012701343;MultiModal;16/06/2026 03:36;18/06/2026 10:20;-;16/06/2026 03:36;30/06/2026 15:56
CAIXA 42L;-90 C a -60 C;557461;CE;869170035512228;00019200000012701351;MultiModal;16/06/2026 03:36;18/06/2026 10:20;-;16/06/2026 03:36;30/06/2026 15:56
CAIXA 42L;-90 C a -60 C;557461;CE;869170035519066;00019200000012701360;MultiModal;16/06/2026 03:36;18/06/2026 10:20;-;16/06/2026 03:36;30/06/2026 15:56
CAIXA 42L;-90 C a -60 C;557461;CE;869170034882945;00019200000012701378;MultiModal;16/06/2026 03:36;18/06/2026 10:20;-;16/06/2026 03:36;30/06/2026 15:56
CAIXA 42L;-90 C a -60 C;557461;CE;869170034874272;00019200000012701386;MultiModal;16/06/2026 03:36;18/06/2026 10:20;-;17/06/2026 07:00;25/06/2026 17:04
CAIXA 42L;-90 C a -60 C;557461;CE;869170035503755;00019200000012701394;MultiModal;16/06/2026 03:36;18/06/2026 10:20;-;17/06/2026 07:00;25/06/2026 17:04
CAIXA 42L;-90 C a -60 C;557461;CE;869170034888553;00019200000012701408;MultiModal;16/06/2026 03:36;18/06/2026 10:20;-;17/06/2026 07:00;25/06/2026 17:04
CAIXA 42L;-90 C a -60 C;557461;CE;869170034886946;00019200000012701416;MultiModal;16/06/2026 03:36;18/06/2026 10:20;-;17/06/2026 07:00;25/06/2026 17:04
CAIXA 42L;-90 C a -60 C;557461;CE;869170035508457;00019200000012701424;MultiModal;16/06/2026 03:36;18/06/2026 10:20;-;16/06/2026 03:36;30/06/2026 15:56
CAIXA 42L;-90 C a -60 C;557461;CE;869170034885674;00019200000012701432;MultiModal;16/06/2026 03:36;18/06/2026 10:20;-;17/06/2026 07:00;25/06/2026 17:04
CAIXA 42L;-90 C a -60 C;557461;CE;869170035501593;00019200000012701440;MultiModal;16/06/2026 03:36;18/06/2026 10:20;-;17/06/2026 07:00;25/06/2026 17:04
CAIXA 42L;-90 C a -60 C;557461;CE;869170034889528;00019200000012701459;MultiModal;16/06/2026 03:36;18/06/2026 10:20;-;16/06/2026 03:36;30/06/2026 15:56
CAIXA 42L;-90 C a -60 C;557461;CE;869170034884347;00019200000012701467;MultiModal;16/06/2026 03:36;18/06/2026 10:20;-;17/06/2026 07:00;25/06/2026 17:04
CAIXA 42L;-90 C a -60 C;557461;CE;869170035503680;00019200000012701475;MultiModal;16/06/2026 03:36;18/06/2026 10:20;-;16/06/2026 03:36;30/06/2026 15:56
CAIXA 42L;-90 C a -60 C;557461;CE;869170034876616;00019200000012701483;MultiModal;16/06/2026 03:36;18/06/2026 10:20;-;16/06/2026 03:36;30/06/2026 15:56
CAIXA 42L;-90 C a -60 C;557461;CE;869170034875493;00019200000012701491;MultiModal;16/06/2026 03:36;18/06/2026 10:20;-;16/06/2026 03:36;30/06/2026 15:56
CAIXA 42L;-90 C a -60 C;557461;CE;869170034874454;00019200000012702110;MultiModal;16/06/2026 03:36;18/06/2026 10:20;-;16/06/2026 03:36;30/06/2026 15:56
CAIXA 42L;-90 C a -60 C;557461;CE;869170034879586;00019200000012702129;MultiModal;16/06/2026 03:36;18/06/2026 10:20;-;17/06/2026 07:00;25/06/2026 17:04
CAIXA 42L;-90 C a -60 C;557461;CE;869170034877788;00019200000012702137;MultiModal;16/06/2026 03:36;18/06/2026 10:20;-;16/06/2026 03:36;30/06/2026 15:56
CAIXA 42L;-90 C a -60 C;557461;CE;869170034884701;00019200000012702145;MultiModal;16/06/2026 03:36;18/06/2026 10:20;-;16/06/2026 03:36;30/06/2026 15:56
CAIXA 42L;-90 C a -60 C;557461;CE;869170034885609;00019200000012702153;MultiModal;16/06/2026 03:36;18/06/2026 10:20;-;16/06/2026 03:36;30/06/2026 15:56
CAIXA 42L;-90 C a -60 C;557461;CE;869170034876368;00019200000012702161;MultiModal;16/06/2026 03:36;18/06/2026 10:20;-;-;-
CAIXA 42L;-90 C a -60 C;557461;CE;869170035503870;00019200000012702170;MultiModal;16/06/2026 03:36;18/06/2026 10:20;-;16/06/2026 03:36;30/06/2026 15:56
CAIXA 42L;-90 C a -60 C;557461;CE;869170035520551;00019200000012702188;MultiModal;16/06/2026 03:36;18/06/2026 10:20;-;16/06/2026 03:36;30/06/2026 15:56
CAIXA 42L;-90 C a -60 C;557461;CE;869170034876913;00019200000012702218;MultiModal;16/06/2026 03:36;18/06/2026 10:20;-;16/06/2026 03:36;30/06/2026 15:56
CAIXA 42L;-90 C a -60 C;557461;CE;869170034881087;00019200000012702226;MultiModal;16/06/2026 03:36;18/06/2026 10:20;-;16/06/2026 03:36;30/06/2026 15:56
CAIXA 42L;-90 C a -60 C;557461;CE;869170034879677;00019200000012702277;MultiModal;16/06/2026 03:36;18/06/2026 10:20;-;16/06/2026 03:36;30/06/2026 15:56
CAIXA 42L;-90 C a -60 C;557461;CE;869170034889650;00019200000012702285;MultiModal;16/06/2026 03:36;18/06/2026 10:20;-;16/06/2026 03:36;30/06/2026 15:56
CAIXA 42L;-90 C a -60 C;557461;CE;869170034882341;00019200000012702293;MultiModal;16/06/2026 03:36;18/06/2026 10:20;-;16/06/2026 03:36;30/06/2026 15:56
CAIXA 42L;-90 C a -60 C;557461;CE;869170034884123;00019200000012702315;MultiModal;16/06/2026 03:36;18/06/2026 10:20;-;-;-
CAIXA 42L;-90 C a -60 C;557461;CE;869170035510313;00019200000012702331;MultiModal;16/06/2026 03:36;18/06/2026 10:20;-;17/06/2026 07:00;25/06/2026 17:04
CAIXA 42L;-90 C a -60 C;557461;CE;869170035513432;00019200000012702340;MultiModal;16/06/2026 03:36;18/06/2026 10:20;-;16/06/2026 03:36;30/06/2026 15:56
CAIXA 42L;-90 C a -60 C;557461;CE;869170034875378;00019200000012702358;MultiModal;16/06/2026 03:36;18/06/2026 10:20;-;17/06/2026 07:00;25/06/2026 17:04
CAIXA 42L;-30 C a -15 C;559421;CE;A4082;00019200000013197045;MultiModal;30/06/2026 04:23;02/07/2026 09:20;-;30/06/2026 04:23;02/07/2026 09:20
CAIXA 42L;-30 C a -15 C;559421;CE;A5525;00019200000013197053;MultiModal;30/06/2026 04:23;02/07/2026 09:20;-;30/06/2026 04:23;02/07/2026 09:20
CAIXA 42L;-30 C a -15 C;560058;CE;A4282;00019200000013409077;MultiModal;13/07/2026 06:07;14/07/2026 11:25;-;13/07/2026 06:07;14/07/2026 11:25
CAIXA 42L;-30 C a -15 C;560058;CE;A8616;00019200000013409085;MultiModal;13/07/2026 06:07;14/07/2026 11:25;-;13/07/2026 06:07;14/07/2026 11:25
CAIXA 42L;-35 C a -15 C;560058;CE;A5735;00019200000013409093;MultiModal;13/07/2026 06:07;14/07/2026 11:25;-;13/07/2026 06:07;14/07/2026 11:25
CAIXA 42L;-35 C a -15 C;560058;CE;TA0504;00019200000013409107;MultiModal;13/07/2026 06:07;14/07/2026 11:25;-;13/07/2026 06:07;14/07/2026 11:25
CAIXA 42L;-30 C a -15 C;560058;CE;A6008;00019200000013409190;MultiModal;13/07/2026 06:07;14/07/2026 11:25;-;13/07/2026 06:07;14/07/2026 11:25
CAIXA 42L;-30 C a -15 C;560930;CE;A1853;00019200000013481479;MultiModal;15/07/2026 03:31;16/07/2026 14:00;-;15/07/2026 03:31;16/07/2026 14:00
CAIXA 42L;-30 C a -15 C;560930;CE;TA0687;00019200000013481487;MultiModal;15/07/2026 03:31;16/07/2026 14:00;-;15/07/2026 03:31;16/07/2026 14:00
CAIXA 42L;-85 C a -15 C;562773;CE;A8860;00019200000013730657;MultiModal;01/08/2026 16:41;03/08/2026 13:55;-;01/08/2026 16:41;03/08/2026 13:55
CAIXA 42L;-25 C a -15 C;556587;DF;TA0768;00019200000012904783;MultiModal;16/06/2026 06:24;17/06/2026 11:16;17/06/2026 10:52;16/06/2026 06:24;17/06/2026 11:13
CAIXA 42L;-35 C a -15 C;557146;DF;A4980;00019200000012685798;MultiModal;15/06/2026 08:54;16/06/2026 11:01;16/06/2026 10:56;15/06/2026 08:54;16/06/2026 10:58
CAIXA 42L;-35 C a -15 C;557146;DF;A4019;00019200000012685801;MultiModal;15/06/2026 08:54;16/06/2026 11:01;16/06/2026 10:56;15/06/2026 08:54;16/06/2026 10:58
CAIXA 42L;-25 C a -15 C;559786;DF;TA1206;00019200000013419013;MultiModal;07/07/2026 06:49;08/07/2026 11:11;08/07/2026 11:11;07/07/2026 06:49;08/07/2026 11:14
CAIXA 42L;-35 C a -15 C;560061;DF;A9484;00019200000013409646;MultiModal;09/07/2026 05:47;10/07/2026 11:10;-;09/07/2026 05:47;10/07/2026 11:10
CAIXA 42L;-30 C a -15 C;560061;DF;A1193;00019200000013409654;MultiModal;09/07/2026 05:47;10/07/2026 11:10;-;09/07/2026 05:47;10/07/2026 11:10
CAIXA 42L;-35 C a -15 C;560061;DF;A5539;00019200000013409662;MultiModal;09/07/2026 05:47;10/07/2026 11:10;-;09/07/2026 05:47;10/07/2026 11:10
CAIXA 42L;-30 C a -15 C;560061;DF;A8508;00019200000013409670;MultiModal;09/07/2026 05:47;10/07/2026 11:10;-;09/07/2026 05:47;10/07/2026 11:10
CAIXA 42L;-90 C a -60 C;560528;DF;AS-0467;00019200000013697900;MultiModal;23/07/2026 16:18;27/07/2026 11:23;-;23/07/2026 16:18;27/07/2026 11:23
CAIXA 42L;-90 C a -60 C;560528;DF;AS-0180;00019200000013697919;MultiModal;23/07/2026 16:18;27/07/2026 11:23;-;23/07/2026 16:18;27/07/2026 11:23
CAIXA 42L;-90 C a -60 C;560528;DF;AS-0166;00019200000013697927;MultiModal;23/07/2026 16:18;27/07/2026 11:23;-;23/07/2026 16:18;27/07/2026 11:23
CAIXA 42L;-90 C a -60 C;560528;DF;AS-0462;00019200000013697935;MultiModal;23/07/2026 16:18;27/07/2026 11:23;-;23/07/2026 16:18;27/07/2026 11:23
CAIXA 42L;-90 C a -60 C;560528;DF;AS-0817;00019200000013697943;MultiModal;23/07/2026 16:18;27/07/2026 11:23;-;23/07/2026 16:18;27/07/2026 11:23
CAIXA 42L;-90 C a -60 C;560528;DF;AS-0497;00019200000013697951;MultiModal;23/07/2026 16:18;27/07/2026 11:23;-;23/07/2026 16:18;27/07/2026 11:23
CAIXA 42L;-90 C a -60 C;560528;DF;AS-0635;00019200000013697960;MultiModal;23/07/2026 16:18;27/07/2026 11:23;-;23/07/2026 16:18;27/07/2026 11:23
CAIXA 42L;-90 C a -60 C;560528;DF;AS-0453;00019200000013697978;MultiModal;23/07/2026 16:18;27/07/2026 11:23;-;23/07/2026 16:18;27/07/2026 11:23
CAIXA 42L;-90 C a -60 C;560528;DF;AS-0001;00019200000013697986;MultiModal;23/07/2026 16:18;27/07/2026 11:23;-;23/07/2026 16:18;27/07/2026 11:23
CAIXA 42L;-90 C a -60 C;560528;DF;AS-0282;00019200000013697994;MultiModal;23/07/2026 16:18;27/07/2026 11:23;-;23/07/2026 16:18;27/07/2026 11:23
CAIXA 42L;-90 C a -60 C;560528;DF;AS-0164;00019200000013698001;MultiModal;23/07/2026 16:18;27/07/2026 11:23;-;23/07/2026 16:18;27/07/2026 11:23
CAIXA 42L;-90 C a -60 C;560528;DF;AS-0077;00019200000013698010;MultiModal;23/07/2026 16:18;27/07/2026 11:23;-;23/07/2026 16:18;27/07/2026 11:23
CAIXA 42L;-90 C a -60 C;560528;DF;AS-0148;00019200000013698028;MultiModal;23/07/2026 16:18;27/07/2026 11:23;-;23/07/2026 16:18;27/07/2026 11:23
CAIXA 42L;-90 C a -60 C;560528;DF;869170034872433;00019200000013698036;MultiModal;23/07/2026 16:18;27/07/2026 11:23;-;23/07/2026 16:18;27/07/2026 11:23
CAIXA 42L;-25 C a -15 C;560698;DF;A5747;00019200000013471970;MultiModal;19/07/2026 04:13;20/07/2026 11:40;20/07/2026 10:27;19/07/2026 04:13;20/07/2026 11:43
CAIXA 42L;-30 C a -15 C;563280;DF;A0252;00019200000013874136;MultiModal;06/08/2026 06:39;-;-;06/08/2026 06:39;-
CAIXA 42L;-30 C a -15 C;563280;DF;A1706;00019200000013874144;MultiModal;06/08/2026 06:39;-;-;06/08/2026 06:39;-
CAIXA 42L;-35 C a -15 C;563280;DF;TA0334;00019200000013874152;MultiModal;06/08/2026 06:39;-;-;06/08/2026 06:39;-
CAIXA 42L;-35 C a -15 C;563280;DF;A7146;00019200000013874160;MultiModal;06/08/2026 06:39;-;-;06/08/2026 06:39;-
CAIXA 42L;-35 C a -15 C;563280;DF;A8991;00019200000013874179;MultiModal;06/08/2026 06:39;-;-;06/08/2026 06:39;-
CAIXA 42L;-30 C a -15 C;563280;DF;TA0331;00019200000013874187;MultiModal;06/08/2026 06:39;-;-;06/08/2026 06:39;-
CAIXA 42L;-30 C a -15 C;556597;ES;A3129;00019200000012904732;MultiModal;15/06/2026 08:56;16/06/2026 14:00;-;-;-
CAIXA 42L;-30 C a -15 C;556597;ES;A6881;00019200000012904740;MultiModal;15/06/2026 08:56;16/06/2026 14:00;-;-;-
CAIXA 42L;-25 C a -15 C;556597;ES;A9054;00019200000012904813;MultiModal;15/06/2026 08:56;16/06/2026 14:00;-;-;-
CAIXA 42L;-90 C a -60 C;557465;ES;869170035517607;00019200000013336592;MultiModal;22/06/2026 23:13;24/06/2026 14:06;-;22/06/2026 23:13;24/06/2026 14:06
CAIXA 42L;-90 C a -60 C;557465;ES;869170034874660;00019200000013336665;MultiModal;22/06/2026 23:13;24/06/2026 14:06;-;22/06/2026 23:13;24/06/2026 14:06
CAIXA 42L;-90 C a -60 C;557465;ES;869170034875006;00019200000013336673;MultiModal;22/06/2026 23:13;24/06/2026 14:06;-;22/06/2026 23:13;24/06/2026 14:06
CAIXA 42L;-90 C a -60 C;557465;ES;869170034880824;00019200000013336681;MultiModal;22/06/2026 23:13;24/06/2026 14:06;-;22/06/2026 23:13;24/06/2026 14:06
CAIXA 42L;-90 C a -60 C;557465;ES;869170034876459;00019200000013336690;MultiModal;22/06/2026 23:13;24/06/2026 14:06;-;22/06/2026 23:13;24/06/2026 14:06
CAIXA 42L;-90 C a -60 C;557465;ES;869170034882366;00019200000013336703;MultiModal;22/06/2026 23:13;24/06/2026 14:06;-;22/06/2026 23:13;24/06/2026 14:06
CAIXA 42L;-90 C a -60 C;557465;ES;869170034876111;00019200000013336711;MultiModal;22/06/2026 23:13;24/06/2026 14:06;-;22/06/2026 23:13;24/06/2026 14:06
CAIXA 42L;-90 C a -60 C;557465;ES;869170034878521;00019200000013336720;MultiModal;22/06/2026 23:13;24/06/2026 14:06;-;22/06/2026 23:13;24/06/2026 14:06
CAIXA 42L;-90 C a -60 C;557465;ES;869170035519025;00019200000013336738;MultiModal;22/06/2026 23:13;24/06/2026 14:06;-;22/06/2026 23:13;24/06/2026 14:06
CAIXA 42L;-90 C a -60 C;557465;ES;869170034888322;00019200000013336746;MultiModal;22/06/2026 23:13;24/06/2026 14:06;-;22/06/2026 23:13;24/06/2026 14:06
CAIXA 42L;-90 C a -60 C;557465;ES;869170034890062;00019200000013336754;MultiModal;22/06/2026 23:13;24/06/2026 14:06;-;22/06/2026 23:13;24/06/2026 14:06
CAIXA 42L;-90 C a -60 C;557465;ES;869170035494781;00019200000013336762;MultiModal;22/06/2026 23:13;24/06/2026 14:06;-;22/06/2026 23:13;24/06/2026 14:06
CAIXA 42L;-90 C a -60 C;557465;ES;869170035514208;00019200000013336770;MultiModal;22/06/2026 23:13;24/06/2026 14:06;-;22/06/2026 23:13;24/06/2026 14:06
CAIXA 42L;-90 C a -60 C;557465;ES;869170034884248;00019200000013336789;MultiModal;22/06/2026 23:13;24/06/2026 14:06;-;22/06/2026 23:13;24/06/2026 14:06
CAIXA 42L;-25 C a -15 C;559847;ES;A9667;00019200000013418602;MultiModal;07/07/2026 06:50;08/07/2026 14:55;-;07/07/2026 06:50;08/07/2026 14:55
CAIXA 42L;-30 C a -15 C;559847;ES;A8223;00019200000013418629;MultiModal;07/07/2026 06:50;08/07/2026 14:55;-;07/07/2026 06:50;08/07/2026 14:55
CAIXA 42L;-30 C a -15 C;559847;ES;A7131;00019200000013418661;MultiModal;07/07/2026 06:50;08/07/2026 14:55;-;07/07/2026 06:50;08/07/2026 14:55
CAIXA 42L;-30 C a -15 C;560069;ES;A8729;00019200000013410482;MultiModal;09/07/2026 04:49;10/07/2026 14:00;-;09/07/2026 04:49;10/07/2026 14:00
CAIXA 42L;-30 C a -15 C;560069;ES;TA0074;00019200000013410490;MultiModal;09/07/2026 04:49;10/07/2026 14:00;-;09/07/2026 04:49;10/07/2026 14:00
CAIXA 42L;-30 C a -15 C;560069;ES;A9102;00019200000013410504;MultiModal;09/07/2026 04:49;10/07/2026 14:00;-;09/07/2026 04:49;10/07/2026 14:00
CAIXA 42L;-35 C a -15 C;560069;ES;A6248;00019200000013410512;MultiModal;09/07/2026 04:49;10/07/2026 14:00;-;09/07/2026 04:49;10/07/2026 14:00
CAIXA 42L;-25 C a -15 C;560069;ES;A5736;00019200000013410520;MultiModal;09/07/2026 04:49;10/07/2026 14:00;-;09/07/2026 04:49;10/07/2026 14:00
CAIXA 42L;-90 C a -60 C;560529;ES;869170034878810;00019200000013698079;MultiModal;23/07/2026 16:19;24/07/2026 13:30;-;23/07/2026 16:19;24/07/2026 13:30
CAIXA 42L;-90 C a -60 C;560529;ES;869170034882317;00019200000013698087;MultiModal;23/07/2026 16:19;24/07/2026 13:30;-;23/07/2026 16:19;24/07/2026 13:30
CAIXA 42L;-90 C a -60 C;560529;ES;869170034873522;00019200000013698095;MultiModal;23/07/2026 16:19;24/07/2026 13:30;-;23/07/2026 16:19;24/07/2026 13:30
CAIXA 42L;-90 C a -60 C;560529;ES;869170034885773;00019200000013698109;MultiModal;23/07/2026 16:19;24/07/2026 13:30;-;23/07/2026 16:19;24/07/2026 13:30
CAIXA 42L;-90 C a -60 C;560529;ES;869170034886789;00019200000013698117;MultiModal;23/07/2026 16:19;24/07/2026 13:30;-;23/07/2026 16:19;24/07/2026 13:30
CAIXA 42L;-90 C a -60 C;560529;ES;869170034884222;00019200000013698125;MultiModal;23/07/2026 16:19;24/07/2026 13:30;-;23/07/2026 16:19;24/07/2026 13:30
CAIXA 42L;-25 C a -15 C;562754;ES;A5747;00019200000013823418;MultiModal;03/08/2026 04:07;04/08/2026 15:18;-;03/08/2026 04:07;04/08/2026 15:18
CAIXA 42L;-30 C a -15 C;556622;GO;A2122;00019200000012684805;MultiModal;13/06/2026 14:10;15/06/2026 15:32;-;13/06/2026 14:10;15/06/2026 15:24
CAIXA 42L;-30 C a -15 C;556622;GO;A0255;00019200000012904767;MultiModal;13/06/2026 14:10;15/06/2026 15:32;-;13/06/2026 14:10;15/06/2026 15:24
CAIXA 42L;-30 C a -15 C;556622;GO;TA0354;00019200000012904805;MultiModal;13/06/2026 14:10;15/06/2026 15:32;-;13/06/2026 14:10;15/06/2026 15:24
CAIXA 42L;-30 C a -15 C;556622;GO;A5910;00019200000012904821;MultiModal;13/06/2026 14:10;15/06/2026 15:32;-;13/06/2026 14:10;15/06/2026 15:24
CAIXA 42L;-30 C a -15 C;556622;GO;TA0589;00019200000012906859;MultiModal;13/06/2026 14:10;15/06/2026 15:32;-;13/06/2026 14:10;15/06/2026 15:24
CAIXA 42L;-30 C a -15 C;556622;GO;A7041;00019200000012906867;MultiModal;13/06/2026 14:10;15/06/2026 15:32;-;13/06/2026 14:10;15/06/2026 15:24
CAIXA 42L;-30 C a -15 C;556622;GO;A3470;00019200000012906875;MultiModal;13/06/2026 14:10;15/06/2026 15:32;-;13/06/2026 14:10;15/06/2026 15:24
CAIXA 42L;-30 C a -15 C;556622;GO;A7362;00019200000012906883;MultiModal;13/06/2026 14:10;15/06/2026 15:32;-;13/06/2026 14:10;15/06/2026 15:24
CAIXA 42L;-30 C a -15 C;556622;GO;A3935;00019200000012906891;MultiModal;13/06/2026 14:10;15/06/2026 15:32;-;13/06/2026 14:10;15/06/2026 15:24
CAIXA 42L;-30 C a -15 C;556622;GO;A0893;00019200000012906905;MultiModal;13/06/2026 14:10;15/06/2026 15:32;-;13/06/2026 14:10;15/06/2026 15:24
CAIXA 42L;-30 C a -15 C;556622;GO;A2435;00019200000012907707;MultiModal;13/06/2026 14:10;15/06/2026 15:32;-;13/06/2026 14:10;15/06/2026 15:24
CAIXA 42L;-35 C a -15 C;557149;GO;A2041;00019200000012685739;MultiModal;15/06/2026 09:03;16/06/2026 16:25;-;15/06/2026 09:03;16/06/2026 16:25
CAIXA 42L;-35 C a -15 C;557149;GO;A4652;00019200000012685747;MultiModal;15/06/2026 09:03;16/06/2026 16:25;-;15/06/2026 09:03;16/06/2026 16:25
CAIXA 42L;-30 C a -15 C;560077;GO;TA0895;00019200000013412850;MultiModal;09/07/2026 05:51;10/07/2026 15:51;-;09/07/2026 05:51;10/07/2026 15:51
CAIXA 42L;-30 C a -15 C;560077;GO;A2980;00019200000013412884;MultiModal;09/07/2026 05:51;10/07/2026 15:51;-;09/07/2026 05:51;10/07/2026 15:51
CAIXA 42L;-25 C a -15 C;560077;GO;A8281;00019200000013412892;MultiModal;09/07/2026 05:51;10/07/2026 15:51;-;09/07/2026 05:51;10/07/2026 15:51
CAIXA 42L;-90 C a -60 C;560534;GO;869170035502823;00019200000013457250;MultiModal;22/07/2026 18:37;24/07/2026 15:39;-;22/07/2026 18:37;24/07/2026 10:30
CAIXA 42L;-90 C a -60 C;560534;GO;869170034871666;00019200000013457268;MultiModal;22/07/2026 18:37;24/07/2026 15:39;-;22/07/2026 18:49;24/07/2026 15:00
CAIXA 42L;-90 C a -60 C;560534;GO;869170035511394;00019200000013457276;MultiModal;22/07/2026 18:37;24/07/2026 15:39;-;22/07/2026 18:49;24/07/2026 15:00
CAIXA 42L;-90 C a -60 C;560534;GO;869170034887449;00019200000013457284;MultiModal;22/07/2026 18:37;24/07/2026 15:39;-;22/07/2026 18:49;24/07/2026 15:00
CAIXA 42L;-90 C a -60 C;560534;GO;869170034887373;00019200000013457292;MultiModal;22/07/2026 18:37;24/07/2026 15:39;-;22/07/2026 18:49;24/07/2026 15:00
CAIXA 42L;-90 C a -60 C;560534;GO;869170034884032;00019200000013457306;MultiModal;22/07/2026 18:37;24/07/2026 15:39;-;22/07/2026 18:37;24/07/2026 10:30
CAIXA 42L;-90 C a -60 C;560534;GO;869170034887761;00019200000013457314;MultiModal;22/07/2026 18:37;24/07/2026 15:39;-;22/07/2026 18:49;24/07/2026 15:00
CAIXA 42L;-90 C a -60 C;560534;GO;869170035503680;00019200000013457322;MultiModal;22/07/2026 18:37;24/07/2026 15:39;-;22/07/2026 18:49;24/07/2026 15:00
CAIXA 42L;-90 C a -60 C;560534;GO;869170035501585;00019200000013457330;MultiModal;22/07/2026 18:37;24/07/2026 15:39;-;22/07/2026 18:37;24/07/2026 10:30
CAIXA 42L;-90 C a -60 C;560534;GO;869170034882598;00019200000013457349;MultiModal;22/07/2026 18:37;24/07/2026 15:39;-;22/07/2026 18:37;24/07/2026 10:30
CAIXA 42L;-90 C a -60 C;560534;GO;AS-0132;00019200000013457357;MultiModal;22/07/2026 18:37;24/07/2026 15:39;-;22/07/2026 18:37;24/07/2026 10:30
CAIXA 42L;-90 C a -60 C;560534;GO;AS-0259;00019200000013457365;MultiModal;22/07/2026 18:37;24/07/2026 15:39;-;22/07/2026 18:37;24/07/2026 10:30
CAIXA 42L;-90 C a -60 C;560534;GO;AS-0851;00019200000013457373;MultiModal;22/07/2026 18:37;24/07/2026 15:39;-;22/07/2026 18:37;24/07/2026 10:30
CAIXA 42L;-90 C a -60 C;560534;GO;AS-0912;00019200000013457381;MultiModal;22/07/2026 18:37;24/07/2026 15:39;-;22/07/2026 18:49;24/07/2026 15:00
CAIXA 42L;-90 C a -60 C;560534;GO;AS-0933;00019200000013457390;MultiModal;22/07/2026 18:37;24/07/2026 15:39;-;22/07/2026 18:37;24/07/2026 10:30
CAIXA 42L;-90 C a -60 C;560534;GO;AS-0564;00019200000013457403;MultiModal;22/07/2026 18:37;24/07/2026 15:39;-;22/07/2026 18:37;24/07/2026 10:30
CAIXA 42L;-90 C a -60 C;560534;GO;AS-0826;00019200000013457411;MultiModal;22/07/2026 18:37;24/07/2026 15:39;-;22/07/2026 18:37;24/07/2026 10:30
CAIXA 42L;-90 C a -60 C;560534;GO;AS-0113;00019200000013457420;MultiModal;22/07/2026 18:37;24/07/2026 15:39;-;22/07/2026 18:49;24/07/2026 15:00
CAIXA 42L;-90 C a -60 C;560534;GO;AS-0545;00019200000013457438;MultiModal;22/07/2026 18:37;24/07/2026 15:39;-;22/07/2026 18:49;24/07/2026 15:00
CAIXA 42L;-90 C a -60 C;560534;GO;AS-0095;00019200000013457446;MultiModal;22/07/2026 18:37;24/07/2026 15:39;-;22/07/2026 18:37;24/07/2026 10:30
CAIXA 42L;-90 C a -60 C;560534;GO;AS-0481;00019200000013457454;MultiModal;22/07/2026 18:37;24/07/2026 15:39;-;22/07/2026 18:37;24/07/2026 10:30
CAIXA 42L;-90 C a -60 C;560534;GO;AS-0878;00019200000013457462;MultiModal;22/07/2026 18:37;24/07/2026 15:39;-;22/07/2026 18:49;24/07/2026 15:00
CAIXA 42L;-90 C a -60 C;560534;GO;869170034872110;00019200000013457667;MultiModal;22/07/2026 18:37;24/07/2026 15:39;-;22/07/2026 18:49;24/07/2026 15:00
CAIXA 42L;-90 C a -60 C;560534;GO;869170035514208;00019200000013457675;MultiModal;22/07/2026 18:37;24/07/2026 15:39;-;22/07/2026 18:49;24/07/2026 15:00
CAIXA 42L;-90 C a -60 C;560534;GO;AS-0804;00019200000013457683;MultiModal;22/07/2026 18:37;24/07/2026 15:39;-;22/07/2026 18:49;24/07/2026 15:00
CAIXA 42L;-90 C a -60 C;560534;GO;AS-0716;00019200000013457691;MultiModal;22/07/2026 18:37;24/07/2026 15:39;-;22/07/2026 18:37;24/07/2026 10:30
CAIXA 42L;-90 C a -60 C;560534;GO;AS-0102;00019200000013457705;MultiModal;22/07/2026 18:37;24/07/2026 15:39;-;22/07/2026 18:37;24/07/2026 10:30
CAIXA 42L;-90 C a -60 C;560534;GO;AS-0655;00019200000013457713;MultiModal;22/07/2026 18:37;24/07/2026 15:39;-;22/07/2026 18:49;24/07/2026 15:00
CAIXA 42L;-90 C a -60 C;560534;GO;AS-0182;00019200000013457721;MultiModal;22/07/2026 18:37;24/07/2026 15:39;-;22/07/2026 18:37;24/07/2026 10:30
CAIXA 42L;-90 C a -60 C;560534;GO;AS-0073;00019200000013457730;MultiModal;22/07/2026 18:37;24/07/2026 15:39;-;22/07/2026 18:49;24/07/2026 15:00
CAIXA 42L;-90 C a -60 C;560534;GO;AS-0781;00019200000013457748;MultiModal;22/07/2026 18:37;24/07/2026 15:39;-;22/07/2026 18:37;24/07/2026 10:30
CAIXA 42L;-25 C a -15 C;560716;GO;TA0030;00019200000013466135;MultiModal;21/07/2026 04:57;23/07/2026 11:33;-;21/07/2026 04:57;23/07/2026 11:33
CAIXA 42L;-15 C a -30 C;561932;GO;A8366;00019200000013456296;MultiModal;23/07/2026 03:48;27/07/2026 16:02;-;23/07/2026 03:48;27/07/2026 16:02
CAIXA 42L;-25 C a -15 C;562760;GO;A1646;00019200000013788400;MultiModal;03/08/2026 03:55;04/08/2026 09:53;04/08/2026 09:53;03/08/2026 03:55;04/08/2026 10:12
CAIXA 42L;-35 C a -15 C;563298;GO;TA0965;00019200000013869728;MultiModal;06/08/2026 06:35;-;-;06/08/2026 06:35;-
CAIXA 42L;-30 C a -15 C;563298;GO;A6078;00019200000013869736;MultiModal;06/08/2026 06:35;-;-;06/08/2026 06:35;-
CAIXA 42L;-30 C a -15 C;556708;MA;A7671;00019200000013244744;MultiModal;13/06/2026 14:11;15/06/2026 10:00;-;13/06/2026 14:11;15/06/2026 10:00
CAIXA 42L;-35 C a -15 C;557151;MA;A2960;00019200000012684716;MultiModal;15/06/2026 03:01;16/06/2026 10:00;-;15/06/2026 03:01;16/06/2026 10:00
CAIXA 42L;-90 C a -60 C;557473;MA;AS-0635;00019200000013322052;MultiModal;22/06/2026 23:13;24/06/2026 10:00;-;22/06/2026 23:13;24/06/2026 10:00
CAIXA 42L;-30 C a -15 C;560073;MA;A9318;00019200000013411098;MultiModal;13/07/2026 05:05;14/07/2026 08:00;-;13/07/2026 05:05;14/07/2026 08:00
CAIXA 42L;-35 C a -15 C;560073;MA;TA0476;00019200000013411101;MultiModal;13/07/2026 05:05;14/07/2026 08:00;-;13/07/2026 05:05;14/07/2026 08:00
CAIXA 42L;-25 C a -15 C;560073;MA;A8961;00019200000013411110;MultiModal;13/07/2026 05:05;14/07/2026 08:00;-;13/07/2026 05:05;14/07/2026 08:00
CAIXA 42L;-90 C a -60 C;560537;MA;869170034885153;00019200000013695436;MultiModal;24/07/2026 00:47;25/07/2026 11:00;-;27/07/2026 23:11;30/07/2026 16:00
CAIXA 42L;-90 C a -60 C;560537;MA;AS-0442;00019200000013695444;MultiModal;24/07/2026 00:47;25/07/2026 11:00;-;24/07/2026 00:47;25/07/2026 11:00
CAIXA 42L;-90 C a -60 C;560537;MA;AS-0376;00019200000013695452;MultiModal;24/07/2026 00:47;25/07/2026 11:00;-;24/07/2026 00:47;25/07/2026 11:00
CAIXA 42L;-90 C a -60 C;560537;MA;AS-0559;00019200000013695460;MultiModal;24/07/2026 00:47;25/07/2026 11:00;-;24/07/2026 00:47;25/07/2026 11:00
CAIXA 42L;-90 C a -60 C;560537;MA;AS-0171;00019200000013695479;MultiModal;24/07/2026 00:47;25/07/2026 11:00;-;27/07/2026 23:11;30/07/2026 16:00
CAIXA 42L;-90 C a -60 C;560537;MA;AS-0229;00019200000013695487;MultiModal;24/07/2026 00:47;25/07/2026 11:00;-;24/07/2026 00:47;25/07/2026 11:00
CAIXA 42L;-90 C a -60 C;560537;MA;869170035518399;00019200000013695495;MultiModal;24/07/2026 00:47;25/07/2026 11:00;-;24/07/2026 00:47;25/07/2026 11:00
CAIXA 42L;-90 C a -60 C;560537;MA;869170035491506;00019200000013695509;MultiModal;24/07/2026 00:47;25/07/2026 11:00;-;24/07/2026 00:47;25/07/2026 11:00
CAIXA 42L;-90 C a -60 C;560537;MA;869170034880766;00019200000013695517;MultiModal;24/07/2026 00:47;25/07/2026 11:00;-;24/07/2026 00:47;25/07/2026 11:00
CAIXA 42L;-90 C a -60 C;560537;MA;869170034875469;00019200000013695525;MultiModal;24/07/2026 00:47;25/07/2026 11:00;-;24/07/2026 00:47;25/07/2026 11:00
CAIXA 42L;-90 C a -60 C;560537;MA;869170034884719;00019200000013695533;MultiModal;24/07/2026 00:47;25/07/2026 11:00;-;24/07/2026 00:47;25/07/2026 11:00
CAIXA 42L;-90 C a -60 C;560537;MA;869170034882887;00019200000013695541;MultiModal;24/07/2026 00:47;25/07/2026 11:00;-;24/07/2026 00:47;25/07/2026 11:00
CAIXA 42L;-90 C a -60 C;560537;MA;869170034872987;00019200000013695550;MultiModal;24/07/2026 00:47;25/07/2026 11:00;-;27/07/2026 23:11;30/07/2026 16:00
CAIXA 42L;-90 C a -60 C;560537;MA;300070;00019200000013695568;MultiModal;24/07/2026 00:47;25/07/2026 11:00;-;27/07/2026 23:11;30/07/2026 16:00
CAIXA 42L;-90 C a -60 C;560537;MA;300030;00019200000013695576;MultiModal;24/07/2026 00:47;25/07/2026 11:00;-;27/07/2026 23:11;30/07/2026 16:00
CAIXA 42L;-90 C a -60 C;560537;MA;300063;00019200000013695584;MultiModal;24/07/2026 00:47;25/07/2026 11:00;-;27/07/2026 23:11;30/07/2026 16:00
CAIXA 42L;-90 C a -60 C;560537;MA;869170034884081;00019200000013695592;MultiModal;24/07/2026 00:47;25/07/2026 11:00;-;27/07/2026 23:11;30/07/2026 16:00
CAIXA 42L;-90 C a -60 C;560537;MA;S-152;00019200000013695606;MultiModal;24/07/2026 00:47;25/07/2026 11:00;-;27/07/2026 23:11;30/07/2026 16:00
CAIXA 42L;-90 C a -60 C;560537;MA;300184;00019200000013695614;MultiModal;24/07/2026 00:47;25/07/2026 11:00;-;27/07/2026 23:11;30/07/2026 16:00
CAIXA 42L;-90 C a -60 C;560537;MA;AS-0673;00019200000013695622;MultiModal;24/07/2026 00:47;25/07/2026 11:00;-;27/07/2026 23:11;30/07/2026 16:00
CAIXA 42L;-90 C a -60 C;560537;MA;300171;00019200000013695630;MultiModal;24/07/2026 00:47;25/07/2026 11:00;-;27/07/2026 23:11;30/07/2026 16:00
CAIXA 42L;-30 C a -15 C;556729;MG;A6309;00019200000012685852;Rodoviário;30/06/2026 09:03;01/07/2026 15:08;-;30/06/2026 09:08;01/07/2026 15:08
CAIXA 42L;-30 C a -15 C;556729;MG;A4784;00019200000012685860;Rodoviário;30/06/2026 09:03;01/07/2026 15:08;-;30/06/2026 09:08;01/07/2026 15:08
CAIXA 42L;-30 C a -15 C;556729;MG;A5408;00019200000012685879;Rodoviário;30/06/2026 09:03;01/07/2026 15:08;-;30/06/2026 09:08;01/07/2026 15:08
CAIXA 42L;-30 C a -15 C;556729;MG;A8757;00019200000012685887;Rodoviário;30/06/2026 09:03;01/07/2026 15:08;-;30/06/2026 09:08;01/07/2026 15:08
CAIXA 42L;-35 C a -15 C;556810;MG;TA0160;00019200000012901148;MultiModal;10/06/2026 08:20;11/06/2026 14:10;-;-;-
CAIXA 42L;-35 C a -15 C;556825;MG;A6759;00019200000012715751;MultiModal;11/06/2026 07:09;12/06/2026 13:48;-;-;-
CAIXA 42L;-35 C a -15 C;556825;MG;A5124;00019200000012725706;MultiModal;11/06/2026 07:09;12/06/2026 13:48;-;-;-
CAIXA 42L;-35 C a -15 C;556825;MG;A6537;00019200000012725714;MultiModal;11/06/2026 07:09;12/06/2026 13:48;-;-;-
CAIXA 42L;-35 C a -15 C;556825;MG;A8280;00019200000012725854;MultiModal;11/06/2026 07:09;12/06/2026 13:48;-;-;-
CAIXA 42L;-35 C a -15 C;556825;MG;A3438;00019200000012725862;MultiModal;11/06/2026 07:09;12/06/2026 13:48;-;-;-
CAIXA 42L;-35 C a -15 C;556825;MG;A3013;00019200000012725870;MultiModal;11/06/2026 07:09;12/06/2026 13:48;-;-;-
CAIXA 42L;-35 C a -15 C;556825;MG;A7357;00019200000012725889;MultiModal;11/06/2026 07:09;12/06/2026 13:48;-;-;-
CAIXA 42L;-35 C a -15 C;556825;MG;A7433;00019200000012725897;MultiModal;11/06/2026 07:09;12/06/2026 13:48;-;-;-
CAIXA 42L;-35 C a -15 C;556825;MG;A0807;00019200000012725900;MultiModal;11/06/2026 07:09;12/06/2026 13:48;-;-;-
CAIXA 42L;-35 C a -15 C;556825;MG;TA0463;00019200000012725919;MultiModal;11/06/2026 07:09;12/06/2026 13:48;-;-;-
CAIXA 42L;-35 C a -15 C;556825;MG;A3744;00019200000012725927;MultiModal;11/06/2026 07:09;12/06/2026 13:48;-;-;-
CAIXA 42L;-35 C a -15 C;556825;MG;A4679;00019200000012725935;MultiModal;11/06/2026 07:09;12/06/2026 13:48;-;-;-
CAIXA 42L;-35 C a -15 C;556825;MG;A3082;00019200000012725943;MultiModal;11/06/2026 07:09;12/06/2026 13:48;-;-;-
CAIXA 42L;-35 C a -15 C;556825;MG;A4694;00019200000012725951;MultiModal;11/06/2026 07:09;12/06/2026 13:48;-;-;-
CAIXA 42L;-35 C a -15 C;556825;MG;A1390;00019200000012725960;MultiModal;11/06/2026 07:09;12/06/2026 13:48;-;-;-
CAIXA 42L;-35 C a -15 C;556825;MG;A2588;00019200000012725978;MultiModal;11/06/2026 07:09;12/06/2026 13:48;-;-;-
CAIXA 42L;-35 C a -15 C;556825;MG;A4418;00019200000012725986;MultiModal;11/06/2026 07:09;12/06/2026 13:48;-;-;-
CAIXA 42L;-35 C a -15 C;556825;MG;A3674;00019200000012725994;MultiModal;11/06/2026 07:09;12/06/2026 13:48;-;-;-
CAIXA 42L;-35 C a -15 C;556825;MG;A4683;00019200000012726001;MultiModal;11/06/2026 07:09;12/06/2026 13:48;-;-;-
CAIXA 42L;-35 C a -15 C;556825;MG;A3314;00019200000012726010;MultiModal;11/06/2026 07:09;12/06/2026 13:48;-;-;-
CAIXA 42L;-35 C a -15 C;556825;MG;A3481;00019200000012726028;MultiModal;11/06/2026 07:09;12/06/2026 13:48;-;-;-
CAIXA 42L;-35 C a -15 C;556825;MG;A8307;00019200000012726036;MultiModal;11/06/2026 07:09;12/06/2026 13:48;-;-;-
CAIXA 42L;-35 C a -15 C;556825;MG;A4327;00019200000012726044;MultiModal;11/06/2026 07:09;12/06/2026 13:48;-;-;-
CAIXA 42L;-35 C a -15 C;556825;MG;A7546;00019200000012726052;MultiModal;11/06/2026 07:09;12/06/2026 13:48;-;-;-
CAIXA 42L;-35 C a -15 C;556825;MG;TA0604;00019200000012726060;MultiModal;11/06/2026 07:09;12/06/2026 13:48;-;-;-
CAIXA 42L;-35 C a -15 C;556825;MG;A3250;00019200000012726079;MultiModal;11/06/2026 07:09;12/06/2026 13:48;-;-;-
CAIXA 42L;-35 C a -15 C;556849;MG;A3259;00019200000012726095;MultiModal;10/06/2026 08:20;11/06/2026 14:18;-;-;-
CAIXA 42L;-35 C a -15 C;557155;MG;A2449;00019200000012684597;MultiModal;15/06/2026 10:13;16/06/2026 10:50;16/06/2026 10:41;15/06/2026 10:13;16/06/2026 10:51
CAIXA 42L;-35 C a -15 C;557667;MG;S1204;00019200000013208829;MultiModal;18/06/2026 05:14;19/06/2026 13:43;19/06/2026 13:33;18/06/2026 05:14;19/06/2026 13:36
CAIXA 42L;-25 C a -15 C;559662;MG;TA0811;00019200000013452835;MultiModal;16/07/2026 03:17;17/07/2026 13:04;17/07/2026 13:04;16/07/2026 03:17;17/07/2026 13:06
CAIXA 42L;-25 C a -15 C;559662;MG;TA0060;00019200000013452843;MultiModal;16/07/2026 03:17;17/07/2026 13:04;17/07/2026 13:04;16/07/2026 03:17;17/07/2026 13:06
CAIXA 42L;-25 C a -15 C;559794;MG;A9206;00019200000013419005;MultiModal;07/07/2026 06:50;08/07/2026 11:24;08/07/2026 11:24;07/07/2026 06:50;08/07/2026 11:28
CAIXA 42L;-30 C a -15 C;560099;MG;A9455;00019200000013488775;MultiModal;13/07/2026 06:42;14/07/2026 11:21;14/07/2026 11:23;13/07/2026 06:42;14/07/2026 11:24
CAIXA 42L;-30 C a -15 C;560099;MG;A4176;00019200000013488783;MultiModal;13/07/2026 06:42;14/07/2026 11:21;14/07/2026 11:23;13/07/2026 06:42;14/07/2026 11:24
CAIXA 42L;-30 C a -15 C;560099;MG;A5504;00019200000013488791;MultiModal;13/07/2026 06:42;14/07/2026 11:21;14/07/2026 11:23;13/07/2026 06:42;14/07/2026 11:24
CAIXA 42L;-25 C a -15 C;560099;MG;A4135;00019200000013488805;MultiModal;13/07/2026 06:42;14/07/2026 11:21;14/07/2026 11:23;13/07/2026 06:42;14/07/2026 11:24
CAIXA 42L;-30 C a -15 C;563316;MG;A4311;00019200000013867687;MultiModal;06/08/2026 06:37;-;-;06/08/2026 06:37;-
CAIXA 42L;-25 C a -15 C;563316;MG;A7023;00019200000013867695;MultiModal;06/08/2026 06:37;-;-;06/08/2026 06:37;-
CAIXA 42L;-30 C a -15 C;556773;MS;A6767;00019200000012904791;MultiModal;16/06/2026 04:49;17/06/2026 14:40;-;16/06/2026 04:49;17/06/2026 14:40
CAIXA 42L;-35 C a -15 C;557157;MS;TA0350;00019200000012684660;MultiModal;15/06/2026 03:01;16/06/2026 15:00;-;15/06/2026 03:01;16/06/2026 15:00
CAIXA 42L;-35 C a -15 C;557330;MS;A7026;00019200000012920436;MultiModal;16/06/2026 04:49;17/06/2026 14:40;-;16/06/2026 04:49;17/06/2026 14:40
CAIXA 42L;-90 C a -60 C;557477;MS;869170035518407;00019200000013322060;MultiModal;22/06/2026 23:13;24/06/2026 10:02;-;22/06/2026 23:13;24/06/2026 10:02
CAIXA 42L;-90 C a -60 C;557477;MS;869170034884255;00019200000013322079;MultiModal;22/06/2026 23:13;24/06/2026 10:02;-;22/06/2026 23:13;24/06/2026 10:02
CAIXA 42L;-90 C a -60 C;557477;MS;869170034874686;00019200000013322087;MultiModal;22/06/2026 23:13;24/06/2026 10:02;-;22/06/2026 23:13;24/06/2026 10:02
CAIXA 42L;-90 C a -60 C;557477;MS;869170034882887;00019200000013322095;MultiModal;22/06/2026 23:13;24/06/2026 10:02;-;22/06/2026 23:13;24/06/2026 10:02
CAIXA 42L;-90 C a -60 C;557477;MS;869170034874496;00019200000013322109;MultiModal;22/06/2026 23:13;24/06/2026 10:02;-;22/06/2026 23:13;24/06/2026 10:02
CAIXA 42L;-90 C a -60 C;557477;MS;869170035491530;00019200000013322117;MultiModal;22/06/2026 23:13;24/06/2026 10:02;-;22/06/2026 23:13;24/06/2026 10:02
CAIXA 42L;-90 C a -60 C;557477;MS;869170034887373;00019200000013322125;MultiModal;22/06/2026 23:13;24/06/2026 10:02;-;22/06/2026 23:13;24/06/2026 10:02
CAIXA 42L;-90 C a -60 C;557477;MS;869170035513507;00019200000013322133;MultiModal;22/06/2026 23:13;24/06/2026 10:02;-;22/06/2026 23:13;24/06/2026 10:02
CAIXA 42L;-90 C a -60 C;557477;MS;869170035503607;00019200000013322141;MultiModal;22/06/2026 23:13;24/06/2026 10:02;-;22/06/2026 23:13;24/06/2026 10:02
CAIXA 42L;-90 C a -60 C;557477;MS;869170034879644;00019200000013322150;MultiModal;22/06/2026 23:13;24/06/2026 10:02;-;22/06/2026 23:13;24/06/2026 10:02
CAIXA 42L;-25 C a -15 C;560108;MS;A9645;00019200000013412671;MultiModal;13/07/2026 05:02;14/07/2026 15:00;-;13/07/2026 05:02;14/07/2026 15:00
CAIXA 42L;-90 C a -60 C;560539;MS;869170035496273;00019200000013698133;MultiModal;23/07/2026 16:19;24/07/2026 14:00;-;23/07/2026 16:19;24/07/2026 14:00
CAIXA 42L;-90 C a -60 C;560539;MS;869170034878976;00019200000013698141;MultiModal;23/07/2026 16:19;24/07/2026 14:00;-;23/07/2026 16:19;24/07/2026 14:00
CAIXA 42L;-90 C a -60 C;560539;MS;869170034890062;00019200000013698150;MultiModal;23/07/2026 16:19;24/07/2026 14:00;-;23/07/2026 16:19;24/07/2026 14:00
CAIXA 42L;-90 C a -60 C;560539;MS;869170034888744;00019200000013698168;MultiModal;23/07/2026 16:19;24/07/2026 14:00;-;23/07/2026 16:19;24/07/2026 14:00
CAIXA 42L;-90 C a -60 C;560539;MS;869170035508457;00019200000013698176;MultiModal;23/07/2026 16:19;24/07/2026 14:00;-;23/07/2026 16:19;24/07/2026 14:00
CAIXA 42L;-90 C a -60 C;560539;MS;869170035518407;00019200000013698184;MultiModal;23/07/2026 16:19;24/07/2026 14:00;-;23/07/2026 16:19;24/07/2026 14:00
CAIXA 42L;-90 C a -60 C;560539;MS;869170034884396;00019200000013698192;MultiModal;23/07/2026 16:19;24/07/2026 14:00;-;23/07/2026 16:19;24/07/2026 14:00
CAIXA 42L;-90 C a -60 C;560539;MS;869170034885807;00019200000013698206;MultiModal;23/07/2026 16:19;24/07/2026 14:00;-;23/07/2026 16:19;24/07/2026 14:00
CAIXA 42L;-25 C a -15 C;560662;MS;A8102;00019200000013460412;MultiModal;23/07/2026 00:33;24/07/2026 14:00;-;23/07/2026 08:06;24/07/2026 14:00
CAIXA 42L;-35 C a -15 C;563325;MS;TA0949;00019200000013867202;MultiModal;06/08/2026 05:37;-;-;06/08/2026 05:37;-
CAIXA 42L;-30 C a -15 C;556782;MT;A3663;00019200000012905844;MultiModal;15/06/2026 07:06;16/06/2026 15:11;-;-;-
CAIXA 42L;-90 C a -60 C;557475;MT;869170034873522;00019200000013336606;MultiModal;22/06/2026 23:14;23/06/2026 16:26;-;22/06/2026 23:14;23/06/2026 16:26
CAIXA 42L;-90 C a -60 C;557475;MT;869170034884222;00019200000013336622;MultiModal;22/06/2026 23:14;23/06/2026 16:26;-;22/06/2026 23:14;23/06/2026 16:26
CAIXA 42L;-90 C a -60 C;557475;MT;869170035501791;00019200000013336630;MultiModal;22/06/2026 23:14;23/06/2026 16:26;-;22/06/2026 23:14;23/06/2026 16:26
CAIXA 42L;-90 C a -60 C;557475;MT;869170035519124;00019200000013336649;MultiModal;22/06/2026 23:14;23/06/2026 16:26;-;22/06/2026 23:14;23/06/2026 16:26
CAIXA 42L;-90 C a -60 C;557475;MT;869170034878810;00019200000013336657;MultiModal;22/06/2026 23:14;23/06/2026 16:26;-;22/06/2026 23:14;23/06/2026 16:26
CAIXA 42L;-90 C a -60 C;557475;MT;869170035518399;00019200000013336797;MultiModal;22/06/2026 23:14;23/06/2026 16:26;-;22/06/2026 23:14;23/06/2026 16:16
CAIXA 42L;-90 C a -60 C;557475;MT;869170034880766;00019200000013336800;MultiModal;22/06/2026 23:14;23/06/2026 16:26;-;22/06/2026 23:14;23/06/2026 16:16
CAIXA 42L;-90 C a -60 C;557475;MT;869170035518605;00019200000013336819;MultiModal;22/06/2026 23:14;23/06/2026 16:26;-;22/06/2026 23:14;23/06/2026 16:26
CAIXA 42L;-90 C a -60 C;557475;MT;869170035511279;00019200000013336827;MultiModal;22/06/2026 23:14;23/06/2026 16:26;-;22/06/2026 23:14;23/06/2026 16:16
CAIXA 42L;-90 C a -60 C;557475;MT;869170034885773;00019200000013336835;MultiModal;22/06/2026 23:14;23/06/2026 16:26;-;22/06/2026 23:14;23/06/2026 16:16
CAIXA 42L;-90 C a -60 C;557475;MT;869170035511337;00019200000013336843;MultiModal;22/06/2026 23:14;23/06/2026 16:26;-;22/06/2026 23:14;23/06/2026 16:16
CAIXA 42L;-90 C a -60 C;557475;MT;869170034882317;00019200000013336851;MultiModal;22/06/2026 23:14;23/06/2026 16:26;-;22/06/2026 23:14;23/06/2026 16:16
CAIXA 42L;-90 C a -60 C;557475;MT;869170034871831;00019200000013336860;MultiModal;22/06/2026 23:14;23/06/2026 16:26;-;22/06/2026 23:14;23/06/2026 16:16
CAIXA 42L;-90 C a -60 C;557475;MT;869170034886789;00019200000013336878;MultiModal;22/06/2026 23:14;23/06/2026 16:26;-;22/06/2026 23:14;23/06/2026 16:16
CAIXA 42L;-90 C a -60 C;557475;MT;869170034878976;00019200000013336886;MultiModal;22/06/2026 23:14;23/06/2026 16:26;-;22/06/2026 23:14;23/06/2026 16:16
CAIXA 42L;-90 C a -60 C;557475;MT;869170034888744;00019200000013336894;MultiModal;22/06/2026 23:14;23/06/2026 16:26;-;22/06/2026 23:14;23/06/2026 16:26
CAIXA 42L;-90 C a -60 C;557475;MT;869170034884396;00019200000013336908;MultiModal;22/06/2026 23:14;23/06/2026 16:26;-;22/06/2026 23:14;23/06/2026 16:26
CAIXA 42L;-90 C a -60 C;557475;MT;869170034872433;00019200000013336916;MultiModal;22/06/2026 23:14;23/06/2026 16:26;-;22/06/2026 23:14;23/06/2026 16:26
CAIXA 42L;-90 C a -60 C;557475;MT;869170034884032;00019200000013336924;MultiModal;22/06/2026 23:14;23/06/2026 16:26;-;22/06/2026 23:14;23/06/2026 16:26
CAIXA 42L;-30 C a -15 C;560105;MT;A6280;00019200000013488368;MultiModal;13/07/2026 05:02;14/07/2026 10:30;-;13/07/2026 05:02;14/07/2026 10:30
CAIXA 42L;-90 C a -60 C;560538;MT;869170034876285;00019200000013457470;MultiModal;22/07/2026 18:09;24/07/2026 10:10;-;22/07/2026 18:09;24/07/2026 10:35
CAIXA 42L;-90 C a -60 C;560538;MT;869170035513416;00019200000013457489;MultiModal;22/07/2026 18:09;24/07/2026 10:10;-;22/07/2026 18:18;24/07/2026 10:10
CAIXA 42L;-90 C a -60 C;560538;MT;869170035502211;00019200000013457497;MultiModal;22/07/2026 18:09;24/07/2026 10:10;-;22/07/2026 18:18;24/07/2026 10:10
CAIXA 42L;-90 C a -60 C;560538;MT;869170034884255;00019200000013457500;MultiModal;22/07/2026 18:09;24/07/2026 10:10;-;22/07/2026 18:09;24/07/2026 10:35
CAIXA 42L;-90 C a -60 C;560538;MT;869170034874660;00019200000013457519;MultiModal;22/07/2026 18:09;24/07/2026 10:10;-;22/07/2026 18:18;24/07/2026 10:10
CAIXA 42L;-90 C a -60 C;560538;MT;869170034882861;00019200000013457527;MultiModal;22/07/2026 18:09;24/07/2026 10:10;-;22/07/2026 18:18;24/07/2026 10:10
CAIXA 42L;-90 C a -60 C;560538;MT;869170034890369;00019200000013457535;MultiModal;22/07/2026 18:09;24/07/2026 10:10;-;22/07/2026 18:18;24/07/2026 10:10
CAIXA 42L;-90 C a -60 C;560538;MT;869170035511634;00019200000013457543;MultiModal;22/07/2026 18:09;24/07/2026 10:10;-;22/07/2026 18:18;24/07/2026 10:10
CAIXA 42L;-90 C a -60 C;560538;MT;869170035510313;00019200000013457551;MultiModal;22/07/2026 18:09;24/07/2026 10:10;-;22/07/2026 18:09;24/07/2026 10:35
CAIXA 42L;-90 C a -60 C;560538;MT;869170035511345;00019200000013457560;MultiModal;22/07/2026 18:09;24/07/2026 10:10;-;22/07/2026 18:09;24/07/2026 10:35
CAIXA 42L;-90 C a -60 C;560538;MT;869170035494781;00019200000013457578;MultiModal;22/07/2026 18:09;24/07/2026 10:10;-;22/07/2026 18:09;24/07/2026 10:35
CAIXA 42L;-90 C a -60 C;560538;MT;869170034874363;00019200000013457586;MultiModal;22/07/2026 18:09;24/07/2026 10:10;-;22/07/2026 18:18;24/07/2026 10:10
CAIXA 42L;-90 C a -60 C;560538;MT;869170034876020;00019200000013457594;MultiModal;22/07/2026 18:09;24/07/2026 10:10;-;22/07/2026 18:09;24/07/2026 10:35
CAIXA 42L;-90 C a -60 C;560538;MT;869170035502815;00019200000013457608;MultiModal;22/07/2026 18:09;24/07/2026 10:10;-;22/07/2026 18:09;24/07/2026 10:35
CAIXA 42L;-90 C a -60 C;560538;MT;869170035503748;00019200000013457616;MultiModal;22/07/2026 18:09;24/07/2026 10:10;-;22/07/2026 18:09;24/07/2026 10:35
CAIXA 42L;-90 C a -60 C;560538;MT;869170034877341;00019200000013457624;MultiModal;22/07/2026 18:09;24/07/2026 10:10;-;22/07/2026 18:18;24/07/2026 10:10
CAIXA 42L;-90 C a -60 C;560538;MT;869170034878968;00019200000013457632;MultiModal;22/07/2026 18:09;24/07/2026 10:10;-;22/07/2026 18:09;24/07/2026 10:35
CAIXA 42L;-90 C a -60 C;560538;MT;869170035501593;00019200000013457640;MultiModal;22/07/2026 18:09;24/07/2026 10:10;-;22/07/2026 18:18;24/07/2026 10:10
CAIXA 42L;-90 C a -60 C;560538;MT;869170034874280;00019200000013457659;MultiModal;22/07/2026 18:09;24/07/2026 10:10;-;22/07/2026 18:09;24/07/2026 10:35
CAIXA 42L;-30 C a -15 C;563331;MT;A5545;00019200000013867903;MultiModal;06/08/2026 05:38;-;-;06/08/2026 05:38;-
CAIXA 42L;-30 C a -15 C;556794;PA;A7054;00019200000012685429;MultiModal;15/06/2026 03:01;16/06/2026 10:00;-;-;-
CAIXA 42L;-30 C a -15 C;557132;PA;A4454;00019200000012684678;MultiModal;15/06/2026 04:41;16/06/2026 10:00;-;15/06/2026 04:41;16/06/2026 10:00
CAIXA 42L;-35 C a -15 C;557159;PA;A4953;00019200000012684694;MultiModal;15/06/2026 04:41;16/06/2026 10:00;-;15/06/2026 04:41;16/06/2026 10:00
CAIXA 42L;-90 C a -60 C;557482;PA;869170034885807;00019200000013418319;MultiModal;07/07/2026 02:30;12/07/2026 07:00;-;07/07/2026 02:30;12/07/2026 07:00
CAIXA 42L;-90 C a -60 C;557482;PA;869170034875469;00019200000013418327;MultiModal;07/07/2026 02:30;12/07/2026 07:00;-;07/07/2026 02:30;12/07/2026 07:00
CAIXA 42L;-90 C a -60 C;557482;PA;869170034879339;00019200000013418335;MultiModal;07/07/2026 02:30;12/07/2026 07:00;-;07/07/2026 02:30;12/07/2026 07:00
CAIXA 42L;-90 C a -60 C;557482;PA;869170035518407;00019200000013418343;MultiModal;07/07/2026 02:30;12/07/2026 07:00;-;07/07/2026 02:30;12/07/2026 07:00
CAIXA 42L;-90 C a -60 C;557482;PA;869170035509083;00019200000013418351;MultiModal;07/07/2026 02:30;12/07/2026 07:00;-;07/07/2026 02:30;12/07/2026 07:00
CAIXA 42L;-90 C a -60 C;557482;PA;869170034886235;00019200000013418378;MultiModal;07/07/2026 02:30;12/07/2026 07:00;-;07/07/2026 02:30;12/07/2026 07:00
CAIXA 42L;-90 C a -60 C;557482;PA;869170034881749;00019200000013418386;MultiModal;07/07/2026 02:30;12/07/2026 07:00;-;07/07/2026 02:30;12/07/2026 07:00
CAIXA 42L;-90 C a -60 C;557482;PA;869170034872896;00019200000013418394;MultiModal;07/07/2026 02:30;12/07/2026 07:00;-;07/07/2026 02:30;12/07/2026 07:00
CAIXA 42L;-90 C a -60 C;557482;PA;869170034883687;00019200000013418408;MultiModal;07/07/2026 02:30;12/07/2026 07:00;-;07/07/2026 02:30;12/07/2026 07:00
CAIXA 42L;-90 C a -60 C;557482;PA;869170034881004;00019200000013418416;MultiModal;07/07/2026 02:30;12/07/2026 07:00;-;07/07/2026 02:30;12/07/2026 07:00
CAIXA 42L;-90 C a -60 C;557482;PA;869170035502203;00019200000013418424;MultiModal;07/07/2026 02:30;12/07/2026 07:00;-;07/07/2026 02:30;12/07/2026 07:00
CAIXA 42L;-90 C a -60 C;557482;PA;869170034886243;00019200000013418432;MultiModal;07/07/2026 02:30;12/07/2026 07:00;-;07/07/2026 02:30;12/07/2026 07:00
CAIXA 42L;-90 C a -60 C;557482;PA;869170034886110;00019200000013418440;MultiModal;07/07/2026 02:30;12/07/2026 07:00;-;07/07/2026 02:30;12/07/2026 07:00
CAIXA 42L;-90 C a -60 C;557482;PA;869170034882887;00019200000013418459;MultiModal;07/07/2026 02:30;12/07/2026 07:00;-;07/07/2026 02:30;12/07/2026 07:00
CAIXA 42L;-90 C a -60 C;557482;PA;869170035519132;00019200000013418467;MultiModal;07/07/2026 02:30;12/07/2026 07:00;-;07/07/2026 02:30;12/07/2026 07:00
CAIXA 42L;-90 C a -60 C;557482;PA;869170035503680;00019200000013418475;MultiModal;07/07/2026 02:30;12/07/2026 07:00;-;07/07/2026 02:30;12/07/2026 07:00
CAIXA 42L;-90 C a -60 C;557482;PA;869170034884719;00019200000013418483;MultiModal;07/07/2026 02:30;12/07/2026 07:00;-;07/07/2026 02:30;12/07/2026 07:00
CAIXA 42L;-90 C a -60 C;557482;PA;869170035496273;00019200000013418491;MultiModal;07/07/2026 02:30;12/07/2026 07:00;-;07/07/2026 02:30;12/07/2026 07:00
CAIXA 42L;-90 C a -60 C;557482;PA;869170034890062;00019200000013418505;MultiModal;07/07/2026 02:30;12/07/2026 07:00;-;07/07/2026 02:30;12/07/2026 07:00
CAIXA 42L;-90 C a -60 C;557482;PA;869170034887373;00019200000013418513;MultiModal;07/07/2026 02:30;12/07/2026 07:00;-;07/07/2026 02:30;12/07/2026 07:00
CAIXA 42L;-90 C a -60 C;557482;PA;869170034885799;00019200000013418521;MultiModal;07/07/2026 02:30;12/07/2026 07:00;-;07/07/2026 02:30;12/07/2026 07:00
CAIXA 42L;-90 C a -60 C;557482;PA;869170034889734;00019200000013418530;MultiModal;07/07/2026 02:30;12/07/2026 07:00;-;07/07/2026 02:30;12/07/2026 07:00
CAIXA 42L;-90 C a -60 C;557482;PA;869170034881103;00019200000013418548;MultiModal;07/07/2026 02:30;12/07/2026 07:00;-;07/07/2026 02:30;12/07/2026 07:00
CAIXA 42L;-90 C a -60 C;557482;PA;869170034873043;00019200000013418556;MultiModal;07/07/2026 02:30;12/07/2026 07:00;-;07/07/2026 02:30;12/07/2026 07:00
CAIXA 42L;-90 C a -60 C;557482;PA;869170034887332;00019200000013418572;MultiModal;07/07/2026 02:30;12/07/2026 07:00;-;07/07/2026 02:30;12/07/2026 07:00
CAIXA 42L;-90 C a -60 C;557482;PA;869170035510388;00019200000013418580;MultiModal;07/07/2026 02:30;12/07/2026 07:00;-;07/07/2026 02:30;12/07/2026 07:00
CAIXA 42L;-90 C a -60 C;557482;PA;869170035491506;00019200000013418599;MultiModal;07/07/2026 02:30;12/07/2026 07:00;-;07/07/2026 02:30;12/07/2026 07:00
CAIXA 42L;-90 C a -60 C;557482;PA;869170034879321;00019200000013418688;MultiModal;07/07/2026 02:30;12/07/2026 07:00;-;07/07/2026 02:30;12/07/2026 07:00
CAIXA 42L;-90 C a -60 C;557482;PA;869170035512772;00019200000013418696;MultiModal;07/07/2026 02:30;12/07/2026 07:00;-;07/07/2026 02:30;12/07/2026 07:00
CAIXA 42L;-25 C a -15 C;559314;PA;A6887;00019200000013247646;MultiModal;29/06/2026 09:19;01/07/2026 16:24;-;29/06/2026 09:19;01/07/2026 16:24
CAIXA 42L;-25 C a -15 C;559799;PA;A2249;00019200000013418998;MultiModal;07/07/2026 01:04;08/07/2026 18:00;-;07/07/2026 01:04;08/07/2026 18:00
CAIXA 42L;-35 C a -15 C;560103;PA;A9090;00019200000013410415;MultiModal;08/07/2026 23:59;10/07/2026 11:16;-;08/07/2026 23:59;10/07/2026 11:16
CAIXA 42L;-30 C a -15 C;560103;PA;A4965;00019200000013410423;MultiModal;08/07/2026 23:59;10/07/2026 11:16;-;08/07/2026 23:59;10/07/2026 11:16
CAIXA 42L;-30 C a -15 C;560114;PA;A6466;00019200000013414240;MultiModal;08/07/2026 06:02;09/07/2026 10:00;-;08/07/2026 06:02;09/07/2026 10:00
CAIXA 42L;-25 C a -15 C;560695;PA;A1766;00019200000013475630;MultiModal;19/07/2026 03:54;20/07/2026 18:00;-;19/07/2026 03:54;20/07/2026 18:00
CAIXA 42L;-30 C a -15 C;561585;PA;A3733;00019200000013467280;MultiModal;20/07/2026 23:43;22/07/2026 16:18;-;20/07/2026 23:43;22/07/2026 16:18
CAIXA 42L;-15 C a -30 C;561954;PA;A8062;00019200000013456377;MultiModal;22/07/2026 22:58;24/07/2026 16:15;-;22/07/2026 22:58;24/07/2026 16:15
CAIXA 42L;-30 C a -15 C;562209;PA;A3072;00019200000013778315;MultiModal;28/07/2026 01:48;29/07/2026 15:00;-;28/07/2026 01:48;29/07/2026 15:00
CAIXA 42L;-35 C a -15 C;562231;PA;A7887;00019200000013778307;MultiModal;28/07/2026 01:48;29/07/2026 15:00;-;28/07/2026 01:48;29/07/2026 15:00
CAIXA 42L;-30 C a -15 C;556787;PB;S1090;00019200000013209760;MultiModal;17/06/2026 23:47;19/06/2026 17:31;-;17/06/2026 23:47;19/06/2026 17:31
CAIXA 42L;-35 C a -15 C;557162;PB;A6542;00019200000012684619;MultiModal;15/06/2026 05:22;16/06/2026 12:20;-;15/06/2026 05:22;16/06/2026 12:20
CAIXA 42L;-90 C a -60 C;557483;PB;869170034879602;00019200000012699446;MultiModal;22/06/2026 23:14;24/06/2026 16:00;-;22/06/2026 23:14;26/06/2026 14:00
CAIXA 42L;-90 C a -60 C;557483;PB;869170035512699;00019200000012699454;MultiModal;22/06/2026 23:14;24/06/2026 16:00;-;22/06/2026 23:14;26/06/2026 14:00
CAIXA 42L;-90 C a -60 C;557483;PB;869170034882218;00019200000012699462;MultiModal;22/06/2026 23:14;24/06/2026 16:00;-;22/06/2026 23:14;24/06/2026 16:00
CAIXA 42L;-90 C a -60 C;557483;PB;869170034879032;00019200000012699470;MultiModal;22/06/2026 23:14;24/06/2026 16:00;-;22/06/2026 23:14;24/06/2026 16:00
CAIXA 42L;-90 C a -60 C;557483;PB;AS-0720;00019200000012699489;MultiModal;22/06/2026 23:14;24/06/2026 16:00;-;22/06/2026 23:14;24/06/2026 16:00
CAIXA 42L;-90 C a -60 C;557483;PB;AS-0616;00019200000012699497;MultiModal;22/06/2026 23:14;24/06/2026 16:00;-;22/06/2026 23:14;26/06/2026 14:00
CAIXA 42L;-90 C a -60 C;557483;PB;AS-0070;00019200000012699500;MultiModal;22/06/2026 23:14;24/06/2026 16:00;-;22/06/2026 23:14;24/06/2026 16:00
CAIXA 42L;-90 C a -60 C;557483;PB;869170034880881;00019200000012699519;MultiModal;22/06/2026 23:14;24/06/2026 16:00;-;22/06/2026 23:14;26/06/2026 14:00
CAIXA 42L;-90 C a -60 C;557483;PB;AS-0351;00019200000012699527;MultiModal;22/06/2026 23:14;24/06/2026 16:00;-;22/06/2026 23:14;24/06/2026 16:00
CAIXA 42L;-90 C a -60 C;557483;PB;869170034885856;00019200000012699535;MultiModal;22/06/2026 23:14;24/06/2026 16:00;-;22/06/2026 23:14;24/06/2026 16:00
CAIXA 42L;-90 C a -60 C;557483;PB;869170035491506;00019200000012699543;MultiModal;22/06/2026 23:14;24/06/2026 16:00;-;22/06/2026 23:14;26/06/2026 14:00
CAIXA 42L;-90 C a -60 C;557483;PB;AS-0872;00019200000012699551;MultiModal;22/06/2026 23:14;24/06/2026 16:00;-;22/06/2026 23:14;26/06/2026 14:00
CAIXA 42L;-90 C a -60 C;557483;PB;AS-0271;00019200000012699560;MultiModal;22/06/2026 23:14;24/06/2026 16:00;-;22/06/2026 23:14;24/06/2026 16:00
CAIXA 42L;-90 C a -60 C;557483;PB;AS-0631;00019200000012699578;MultiModal;22/06/2026 23:14;24/06/2026 16:00;-;22/06/2026 23:14;26/06/2026 14:00
CAIXA 42L;-90 C a -60 C;557483;PB;869170034888124;00019200000012699586;MultiModal;22/06/2026 23:14;24/06/2026 16:00;-;22/06/2026 23:14;24/06/2026 16:00
CAIXA 42L;-90 C a -60 C;557483;PB;AS-0570;00019200000012699594;MultiModal;22/06/2026 23:14;24/06/2026 16:00;-;22/06/2026 23:14;26/06/2026 14:00
CAIXA 42L;-90 C a -60 C;557483;PB;AS-0467;00019200000012699608;MultiModal;22/06/2026 23:14;24/06/2026 16:00;-;22/06/2026 23:14;26/06/2026 14:00
CAIXA 42L;-90 C a -60 C;557483;PB;AS-0059;00019200000012699616;MultiModal;22/06/2026 23:14;24/06/2026 16:00;-;22/06/2026 23:14;26/06/2026 14:00
CAIXA 42L;-90 C a -60 C;557483;PB;AS-0932;00019200000012699624;MultiModal;22/06/2026 23:14;24/06/2026 16:00;-;22/06/2026 23:14;24/06/2026 16:00
CAIXA 42L;-90 C a -60 C;557483;PB;AS-0035;00019200000012699632;MultiModal;22/06/2026 23:14;24/06/2026 16:00;-;22/06/2026 23:14;24/06/2026 16:00
CAIXA 42L;-90 C a -60 C;557483;PB;AS-0453;00019200000012920673;MultiModal;22/06/2026 23:14;24/06/2026 16:00;-;22/06/2026 23:14;24/06/2026 16:00
CAIXA 42L;-90 C a -60 C;557483;PB;AS-0373;00019200000013225189;MultiModal;22/06/2026 23:14;24/06/2026 16:00;-;22/06/2026 23:14;26/06/2026 14:00
CAIXA 42L;-90 C a -60 C;557483;PB;AS-0284;00019200000013225200;MultiModal;22/06/2026 23:14;24/06/2026 16:00;-;22/06/2026 23:14;24/06/2026 16:00
CAIXA 42L;-90 C a -60 C;557483;PB;AS-0433;00019200000013225219;MultiModal;22/06/2026 23:14;24/06/2026 16:00;-;22/06/2026 23:14;26/06/2026 14:00
CAIXA 42L;-90 C a -60 C;557483;PB;869170034872110;00019200000013225227;MultiModal;22/06/2026 23:14;24/06/2026 16:00;-;22/06/2026 23:14;26/06/2026 14:00
CAIXA 42L;-90 C a -60 C;557483;PB;869170034874280;00019200000013225235;MultiModal;22/06/2026 23:14;24/06/2026 16:00;-;22/06/2026 23:14;24/06/2026 16:00
CAIXA 42L;-90 C a -60 C;557483;PB;AS-0213;00019200000013225243;MultiModal;22/06/2026 23:14;24/06/2026 16:00;-;22/06/2026 23:14;24/06/2026 16:00
CAIXA 42L;-90 C a -60 C;557483;PB;AS-0642;00019200000013225251;MultiModal;22/06/2026 23:14;24/06/2026 16:00;-;22/06/2026 23:14;24/06/2026 16:00
CAIXA 42L;-90 C a -60 C;557483;PB;AS-0598;00019200000013225260;MultiModal;22/06/2026 23:14;24/06/2026 16:00;-;22/06/2026 23:14;24/06/2026 16:00
CAIXA 42L;-90 C a -60 C;557483;PB;AS-0676;00019200000013225278;MultiModal;22/06/2026 23:14;24/06/2026 16:00;-;22/06/2026 23:14;26/06/2026 14:00
CAIXA 42L;-90 C a -60 C;557483;PB;AS-0756;00019200000013225286;MultiModal;22/06/2026 23:14;24/06/2026 16:00;-;22/06/2026 23:14;26/06/2026 14:00
CAIXA 42L;-25 C a -15 C;559803;PB;A3841;00019200000013419412;MultiModal;07/07/2026 00:57;08/07/2026 12:08;-;07/07/2026 00:57;08/07/2026 12:08
CAIXA 42L;-35 C a -15 C;560101;PB;A5908;00019200000013412493;MultiModal;09/07/2026 04:24;10/07/2026 14:51;-;09/07/2026 04:24;10/07/2026 14:51
CAIXA 42L;-25 C a -15 C;560101;PB;A3802;00019200000013412507;MultiModal;09/07/2026 04:24;10/07/2026 14:51;-;09/07/2026 04:24;10/07/2026 14:51
CAIXA 42L;-30 C a -15 C;560101;PB;A1004;00019200000013412604;MultiModal;09/07/2026 04:24;10/07/2026 14:51;-;09/07/2026 04:24;10/07/2026 14:51
CAIXA 42L;-25 C a -15 C;560361;PB;A5378;00019200000013491539;MultiModal;13/07/2026 01:35;14/07/2026 08:15;-;13/07/2026 01:44;14/07/2026 08:15
CAIXA 42L;-90 C a -60 C;560547;PB;300043;00019200000013778617;MultiModal;27/07/2026 22:39;29/07/2026 10:30;-;27/07/2026 22:39;29/07/2026 10:30
CAIXA 42L;-90 C a -60 C;560547;PB;300213;00019200000013778684;MultiModal;27/07/2026 22:39;29/07/2026 10:30;-;27/07/2026 22:39;29/07/2026 10:30
CAIXA 42L;-90 C a -60 C;560547;PB;300102;00019200000013778765;MultiModal;27/07/2026 22:39;29/07/2026 10:30;-;27/07/2026 22:39;29/07/2026 10:30
CAIXA 42L;-90 C a -60 C;560547;PB;300064;00019200000013778773;MultiModal;27/07/2026 22:39;29/07/2026 10:30;-;27/07/2026 22:39;29/07/2026 10:30
CAIXA 42L;-90 C a -60 C;560547;PB;300076;00019200000013778781;MultiModal;27/07/2026 22:39;29/07/2026 10:30;-;27/07/2026 22:39;29/07/2026 10:30
CAIXA 42L;-90 C a -60 C;560547;PB;300004;00019200000013778790;MultiModal;27/07/2026 22:39;29/07/2026 10:30;-;27/07/2026 22:39;29/07/2026 10:30
CAIXA 42L;-90 C a -60 C;560547;PB;300001;00019200000013778803;MultiModal;27/07/2026 22:39;29/07/2026 10:30;-;27/07/2026 22:39;29/07/2026 10:30
CAIXA 42L;-90 C a -60 C;560547;PB;300202;00019200000013778811;MultiModal;27/07/2026 22:39;29/07/2026 10:30;-;27/07/2026 22:39;29/07/2026 10:30
CAIXA 42L;-90 C a -60 C;560547;PB;300187;00019200000013778820;MultiModal;27/07/2026 22:39;29/07/2026 10:30;-;27/07/2026 22:39;29/07/2026 10:30
CAIXA 42L;-90 C a -60 C;560547;PB;300062;00019200000013778838;MultiModal;27/07/2026 22:39;29/07/2026 10:30;-;27/07/2026 23:12;29/07/2026 10:30
CAIXA 42L;-90 C a -60 C;560547;PB;300036;00019200000013778846;MultiModal;27/07/2026 22:39;29/07/2026 10:30;-;27/07/2026 22:39;29/07/2026 10:30
CAIXA 42L;-90 C a -60 C;560547;PB;300040;00019200000013778854;MultiModal;27/07/2026 22:39;29/07/2026 10:30;-;27/07/2026 22:39;29/07/2026 10:30
CAIXA 42L;-90 C a -60 C;560547;PB;300005;00019200000013778862;MultiModal;27/07/2026 22:39;29/07/2026 10:30;-;27/07/2026 22:39;29/07/2026 10:30
CAIXA 42L;-90 C a -60 C;560547;PB;869170035502617;00019200000013778870;MultiModal;27/07/2026 22:39;29/07/2026 10:30;-;27/07/2026 22:39;29/07/2026 10:30
CAIXA 42L;-90 C a -60 C;560547;PB;300032;00019200000013778889;MultiModal;27/07/2026 22:39;29/07/2026 10:30;-;27/07/2026 23:12;29/07/2026 10:30
CAIXA 42L;-90 C a -60 C;560547;PB;300052;00019200000013778897;MultiModal;27/07/2026 22:39;29/07/2026 10:30;-;27/07/2026 23:12;29/07/2026 10:30
CAIXA 42L;-90 C a -60 C;560547;PB;869170035508382;00019200000013778900;MultiModal;27/07/2026 22:39;29/07/2026 10:30;-;27/07/2026 23:12;29/07/2026 10:30
CAIXA 42L;-90 C a -60 C;560547;PB;869170034872755;00019200000013778927;MultiModal;27/07/2026 22:39;29/07/2026 10:30;-;27/07/2026 23:12;29/07/2026 10:30
CAIXA 42L;-90 C a -60 C;560547;PB;869170034879222;00019200000013778935;MultiModal;27/07/2026 22:39;29/07/2026 10:30;-;27/07/2026 23:12;29/07/2026 10:30
CAIXA 42L;-90 C a -60 C;560547;PB;869170034883687;00019200000013778943;MultiModal;27/07/2026 22:39;29/07/2026 10:30;-;27/07/2026 23:12;29/07/2026 10:30
CAIXA 42L;-90 C a -60 C;560547;PB;869170035512814;00019200000013778960;MultiModal;27/07/2026 22:39;29/07/2026 10:30;-;27/07/2026 23:12;29/07/2026 10:30
CAIXA 42L;-90 C a -60 C;560547;PB;869170034885120;00019200000013778978;MultiModal;27/07/2026 22:39;29/07/2026 10:30;-;27/07/2026 22:39;29/07/2026 10:30
CAIXA 42L;-90 C a -60 C;560547;PB;AS-0226;00019200000013778986;MultiModal;27/07/2026 22:39;29/07/2026 10:30;-;27/07/2026 23:12;29/07/2026 10:30
CAIXA 42L;-90 C a -60 C;560547;PB;869170035502047;00019200000013778994;MultiModal;27/07/2026 22:39;29/07/2026 10:30;-;27/07/2026 23:12;29/07/2026 10:30
CAIXA 42L;-90 C a -60 C;560547;PB;869170034879586;00019200000013779001;MultiModal;27/07/2026 22:39;29/07/2026 10:30;-;27/07/2026 23:12;29/07/2026 10:30
CAIXA 42L;-90 C a -60 C;560547;PB;AS-0154;00019200000013779010;MultiModal;27/07/2026 22:39;29/07/2026 10:30;-;27/07/2026 23:12;29/07/2026 10:30
CAIXA 42L;-90 C a -60 C;560547;PB;869170035517805;00019200000013779028;MultiModal;27/07/2026 22:39;29/07/2026 10:30;-;27/07/2026 23:12;29/07/2026 10:30
CAIXA 42L;-90 C a -60 C;560547;PB;S-406;00019200000013779036;MultiModal;27/07/2026 22:39;29/07/2026 10:30;-;27/07/2026 23:12;29/07/2026 10:30
CAIXA 42L;-90 C a -60 C;560547;PB;869170035511337;00019200000013779044;MultiModal;27/07/2026 22:39;29/07/2026 10:30;-;27/07/2026 23:12;29/07/2026 10:30
CAIXA 42L;-90 C a -60 C;560547;PB;300011;00019200000013779052;MultiModal;27/07/2026 22:39;29/07/2026 10:30;-;27/07/2026 22:39;29/07/2026 10:30
CAIXA 42L;-25 C a -15 C;560710;PB;A8480;00019200000013462040;MultiModal;21/07/2026 22:27;23/07/2026 11:50;-;21/07/2026 22:27;23/07/2026 11:50
CAIXA 42L;-25 C a -15 C;561250;PB;TA1209;00019200000013473751;MultiModal;20/07/2026 06:01;21/07/2026 12:50;-;20/07/2026 06:01;21/07/2026 12:50
CAIXA 42L;-25 C a -15 C;563328;PB;A5043;00019200000013867709;MultiModal;06/08/2026 05:37;-;-;06/08/2026 05:37;-
CAIXA 42L;-30 C a -15 C;563328;PB;A5104;00019200000013867911;MultiModal;06/08/2026 05:37;-;-;06/08/2026 05:37;-
CAIXA 42L;-30 C a -15 C;556771;PE;A6791;00019200000012659185;MultiModal;13/06/2026 14:12;15/06/2026 11:30;-;13/06/2026 14:12;15/06/2026 11:30
CAIXA 42L;-30 C a -15 C;556771;PE;A0512;00019200000012659193;MultiModal;13/06/2026 14:12;15/06/2026 11:30;-;13/06/2026 14:12;15/06/2026 11:30
CAIXA 42L;-30 C a -15 C;556771;PE;A4428;00019200000012659207;MultiModal;13/06/2026 14:12;15/06/2026 11:30;-;13/06/2026 14:12;15/06/2026 11:30
CAIXA 42L;-35 C a -15 C;557166;PE;A7653;00019200000012684589;MultiModal;15/06/2026 07:10;16/06/2026 10:27;-;15/06/2026 07:10;16/06/2026 10:27
CAIXA 42L;-35 C a -15 C;560063;PE;A7319;00019200000013408798;MultiModal;08/07/2026 06:03;13/07/2026 13:00;-;08/07/2026 06:03;13/07/2026 13:00
CAIXA 42L;-25 C a -15 C;560063;PE;A3588;00019200000013408801;MultiModal;08/07/2026 06:03;13/07/2026 13:00;-;08/07/2026 06:03;13/07/2026 13:00
CAIXA 42L;-30 C a -15 C;560063;PE;A8080;00019200000013408810;MultiModal;08/07/2026 06:03;13/07/2026 13:00;-;08/07/2026 06:03;13/07/2026 13:00
CAIXA 42L;-25 C a -15 C;560357;PE;A5027;00019200000013491547;MultiModal;13/07/2026 05:02;15/07/2026 11:48;-;13/07/2026 05:02;15/07/2026 11:48
CAIXA 42L;-90 C a -60 C;560555;PE;AS-0628;00019200000013836471;MultiModal;03/08/2026 04:11;04/08/2026 15:18;04/08/2026 15:18;03/08/2026 04:11;04/08/2026 15:25
CAIXA 42L;-90 C a -60 C;560555;PE;AS-0623;00019200000013836480;MultiModal;03/08/2026 04:11;04/08/2026 15:18;04/08/2026 15:18;03/08/2026 04:11;04/08/2026 15:25
CAIXA 42L;-90 C a -60 C;560555;PE;AS-0564;00019200000013836501;MultiModal;03/08/2026 04:11;04/08/2026 15:18;04/08/2026 15:18;03/08/2026 04:11;04/08/2026 15:25
CAIXA 42L;-90 C a -60 C;560555;PE;AS-0060;00019200000013836510;MultiModal;03/08/2026 04:11;04/08/2026 15:18;04/08/2026 15:18;03/08/2026 04:11;04/08/2026 15:25
CAIXA 42L;-90 C a -60 C;560555;PE;AS-0148;00019200000013836528;MultiModal;03/08/2026 04:11;04/08/2026 15:18;04/08/2026 15:18;03/08/2026 04:11;04/08/2026 15:25
CAIXA 42L;-90 C a -60 C;560555;PE;AS-0781;00019200000013836536;MultiModal;03/08/2026 04:11;04/08/2026 15:18;04/08/2026 15:22;03/08/2026 04:11;04/08/2026 15:29
CAIXA 42L;-90 C a -60 C;560555;PE;AS-0583;00019200000013836544;MultiModal;03/08/2026 04:11;04/08/2026 15:18;04/08/2026 15:22;03/08/2026 04:11;04/08/2026 15:29
CAIXA 42L;-90 C a -60 C;560555;PE;AS-0433;00019200000013836552;MultiModal;03/08/2026 04:11;04/08/2026 15:18;04/08/2026 15:22;03/08/2026 04:11;04/08/2026 15:29
CAIXA 42L;-90 C a -60 C;560555;PE;AS-0065;00019200000013836560;MultiModal;03/08/2026 04:11;04/08/2026 15:18;04/08/2026 15:22;03/08/2026 04:11;04/08/2026 15:29
CAIXA 42L;-90 C a -60 C;560555;PE;AS-0785;00019200000013836579;MultiModal;03/08/2026 04:11;04/08/2026 15:18;04/08/2026 15:18;03/08/2026 04:11;04/08/2026 15:25
CAIXA 42L;-90 C a -60 C;560555;PE;AS-0453;00019200000013836587;MultiModal;03/08/2026 04:11;04/08/2026 15:18;04/08/2026 15:18;03/08/2026 04:11;04/08/2026 15:25
CAIXA 42L;-90 C a -60 C;560555;PE;AS-0164;00019200000013836595;MultiModal;03/08/2026 04:11;04/08/2026 15:18;04/08/2026 15:18;03/08/2026 04:11;04/08/2026 15:25
CAIXA 42L;-90 C a -60 C;560555;PE;AS-0102;00019200000013836609;MultiModal;03/08/2026 04:11;04/08/2026 15:18;04/08/2026 15:22;03/08/2026 04:11;04/08/2026 15:29
CAIXA 42L;-90 C a -60 C;560555;PE;AS-0180;00019200000013836617;MultiModal;03/08/2026 04:11;04/08/2026 15:18;04/08/2026 15:22;03/08/2026 04:11;04/08/2026 15:29
CAIXA 42L;-90 C a -60 C;560555;PE;AS-0467;00019200000013836625;MultiModal;03/08/2026 04:11;04/08/2026 15:18;04/08/2026 15:22;03/08/2026 04:11;04/08/2026 15:29
CAIXA 42L;-90 C a -60 C;560555;PE;AS-0762;00019200000013836633;MultiModal;03/08/2026 04:11;04/08/2026 15:18;04/08/2026 15:22;03/08/2026 04:11;04/08/2026 15:29
CAIXA 42L;-90 C a -60 C;560555;PE;AS-0077;00019200000013836641;MultiModal;03/08/2026 04:11;04/08/2026 15:18;04/08/2026 15:22;03/08/2026 04:11;04/08/2026 15:29
CAIXA 42L;-90 C a -60 C;560555;PE;AS-0545;00019200000013836650;MultiModal;03/08/2026 04:11;04/08/2026 15:18;04/08/2026 15:22;03/08/2026 04:11;04/08/2026 15:29
CAIXA 42L;-90 C a -60 C;560555;PE;AS-0073;00019200000013836668;MultiModal;03/08/2026 04:11;04/08/2026 15:18;04/08/2026 15:18;03/08/2026 04:11;04/08/2026 15:25
CAIXA 42L;-90 C a -60 C;560555;PE;AS-0826;00019200000013836676;MultiModal;03/08/2026 04:11;04/08/2026 15:18;04/08/2026 15:22;03/08/2026 04:11;04/08/2026 15:29
CAIXA 42L;-90 C a -60 C;560555;PE;AS-0676;00019200000013836684;MultiModal;03/08/2026 04:11;04/08/2026 15:18;04/08/2026 15:18;03/08/2026 04:11;04/08/2026 15:25
CAIXA 42L;-90 C a -60 C;560555;PE;AS-0469;00019200000013836692;MultiModal;03/08/2026 04:11;04/08/2026 15:18;04/08/2026 15:18;03/08/2026 04:11;04/08/2026 15:25
CAIXA 42L;-90 C a -60 C;560555;PE;AS-0481;00019200000013836706;MultiModal;03/08/2026 04:11;04/08/2026 15:18;04/08/2026 15:22;03/08/2026 04:11;04/08/2026 15:29
CAIXA 42L;-90 C a -60 C;560555;PE;AS-0615;00019200000013836714;MultiModal;03/08/2026 04:11;04/08/2026 15:18;04/08/2026 15:18;03/08/2026 04:11;04/08/2026 15:25
CAIXA 42L;-90 C a -60 C;560555;PE;AS-0166;00019200000013836722;MultiModal;03/08/2026 04:11;04/08/2026 15:18;04/08/2026 15:18;03/08/2026 04:11;04/08/2026 15:25
CAIXA 42L;-90 C a -60 C;560555;PE;AS-0866;00019200000013836730;MultiModal;03/08/2026 04:11;04/08/2026 15:18;04/08/2026 15:18;03/08/2026 04:11;04/08/2026 15:25
CAIXA 42L;-90 C a -60 C;560555;PE;AS-0804;00019200000013836749;MultiModal;03/08/2026 04:11;04/08/2026 15:18;04/08/2026 15:22;03/08/2026 04:11;04/08/2026 15:29
CAIXA 42L;-90 C a -60 C;560555;PE;AS-0835;00019200000013836757;MultiModal;03/08/2026 04:11;04/08/2026 15:18;04/08/2026 15:18;03/08/2026 04:11;04/08/2026 15:25
CAIXA 42L;-90 C a -60 C;560555;PE;AS-0446;00019200000013836765;MultiModal;03/08/2026 04:11;04/08/2026 15:18;04/08/2026 15:22;03/08/2026 04:11;04/08/2026 15:29
CAIXA 42L;-90 C a -60 C;560555;PE;AS-0138;00019200000013836773;MultiModal;03/08/2026 04:11;04/08/2026 15:18;04/08/2026 15:22;03/08/2026 04:11;04/08/2026 15:29
CAIXA 42L;-90 C a -60 C;560555;PE;AS-0114;00019200000013837125;MultiModal;03/08/2026 04:11;04/08/2026 15:18;04/08/2026 15:18;03/08/2026 04:11;04/08/2026 15:25
CAIXA 42L;-90 C a -60 C;560555;PE;AS-0172;00019200000013837133;MultiModal;03/08/2026 04:11;04/08/2026 15:18;04/08/2026 15:22;03/08/2026 04:11;04/08/2026 15:29
CAIXA 42L;-90 C a -60 C;560555;PE;869170034882366;00019200000013837141;MultiModal;03/08/2026 04:11;04/08/2026 15:18;04/08/2026 15:18;03/08/2026 04:11;04/08/2026 15:25
CAIXA 42L;-90 C a -60 C;560555;PE;AS-0655;00019200000013837150;MultiModal;03/08/2026 04:11;04/08/2026 15:18;04/08/2026 15:18;03/08/2026 04:11;04/08/2026 15:25
CAIXA 42L;-90 C a -60 C;560555;PE;AS-0878;00019200000013837168;MultiModal;03/08/2026 04:11;04/08/2026 15:18;04/08/2026 15:22;03/08/2026 04:11;04/08/2026 15:29
CAIXA 42L;-90 C a -60 C;560555;PE;AS-0933;00019200000013837176;MultiModal;03/08/2026 04:11;04/08/2026 15:18;04/08/2026 15:22;03/08/2026 04:11;04/08/2026 15:29
CAIXA 42L;-90 C a -60 C;560555;PE;AS-0817;00019200000013837184;MultiModal;03/08/2026 04:11;04/08/2026 15:18;04/08/2026 15:18;03/08/2026 04:11;04/08/2026 15:25
CAIXA 42L;-25 C a -15 C;560795;PE;A5579;00019200000013445014;MultiModal;14/07/2026 04:19;15/07/2026 16:40;-;14/07/2026 04:19;15/07/2026 16:40
CAIXA 42L;-35 C a -15 C;563317;PE;TA0349;00019200000013869671;MultiModal;06/08/2026 05:37;-;-;06/08/2026 05:37;-
CAIXA 42L;-25 C a -15 C;563317;PE;TA0694;00019200000013869680;MultiModal;06/08/2026 05:37;-;-;06/08/2026 05:37;-
CAIXA 42L;-30 C a -15 C;563317;PE;A9343;00019200000013869698;MultiModal;06/08/2026 05:37;-;-;06/08/2026 05:37;-
CAIXA 42L;-30 C a -15 C;556750;PI;A6864;00019200000013209817;MultiModal;13/06/2026 14:12;15/06/2026 16:04;-;13/06/2026 14:12;15/06/2026 16:04
CAIXA 42L;-35 C a -15 C;557168;PI;A5123;00019200000012684686;MultiModal;15/06/2026 02:49;16/06/2026 16:00;-;15/06/2026 02:49;16/06/2026 16:00
CAIXA 42L;-90 C a -60 C;557491;PI;869170034885583;00019200000013251759;MultiModal;29/06/2026 02:27;30/06/2026 09:00;-;29/06/2026 02:27;30/06/2026 09:00
CAIXA 42L;-90 C a -60 C;557491;PI;869170034875493;00019200000013251767;MultiModal;29/06/2026 02:27;30/06/2026 09:00;-;29/06/2026 02:27;30/06/2026 09:00
CAIXA 42L;-90 C a -60 C;557491;PI;869170035502021;00019200000013251775;MultiModal;29/06/2026 02:27;30/06/2026 09:00;-;29/06/2026 02:27;30/06/2026 09:00
CAIXA 42L;-90 C a -60 C;557491;PI;869170034888181;00019200000013251783;MultiModal;29/06/2026 02:27;30/06/2026 09:00;-;29/06/2026 02:27;30/06/2026 09:00
CAIXA 42L;-90 C a -60 C;557491;PI;869170034889643;00019200000013251791;MultiModal;29/06/2026 02:27;30/06/2026 09:00;-;29/06/2026 02:27;30/06/2026 09:00
CAIXA 42L;-90 C a -60 C;557491;PI;869170034875428;00019200000013251805;MultiModal;29/06/2026 02:27;30/06/2026 09:00;-;29/06/2026 02:27;30/06/2026 09:00
CAIXA 42L;-90 C a -60 C;557491;PI;869170034874447;00019200000013251813;MultiModal;29/06/2026 02:27;30/06/2026 09:00;-;29/06/2026 02:27;30/06/2026 09:00
CAIXA 42L;-90 C a -60 C;557491;PI;869170034880725;00019200000013251821;MultiModal;29/06/2026 02:27;30/06/2026 09:00;-;29/06/2026 02:27;30/06/2026 09:00
CAIXA 42L;-90 C a -60 C;557491;PI;869170034885609;00019200000013251830;MultiModal;29/06/2026 02:27;30/06/2026 09:00;-;29/06/2026 02:27;30/06/2026 09:00
CAIXA 42L;-90 C a -60 C;557491;PI;869170034886946;00019200000013251848;MultiModal;29/06/2026 02:27;30/06/2026 09:00;-;29/06/2026 02:27;30/06/2026 09:00
CAIXA 42L;-90 C a -60 C;557491;PI;869170034879453;00019200000013251856;MultiModal;29/06/2026 02:27;30/06/2026 09:00;-;29/06/2026 02:27;30/06/2026 09:00
CAIXA 42L;-90 C a -60 C;557491;PI;869170034888512;00019200000013251864;MultiModal;29/06/2026 02:27;30/06/2026 09:00;-;29/06/2026 02:27;30/06/2026 09:00
CAIXA 42L;-90 C a -60 C;557491;PI;869170035511360;00019200000013252038;MultiModal;29/06/2026 02:27;30/06/2026 09:00;-;29/06/2026 02:27;30/06/2026 09:00
CAIXA 42L;-90 C a -60 C;557491;PI;869170035513879;00019200000013252046;MultiModal;29/06/2026 02:27;30/06/2026 09:00;-;29/06/2026 02:27;30/06/2026 09:00
CAIXA 42L;-90 C a -60 C;557491;PI;869170034875378;00019200000013252054;MultiModal;29/06/2026 02:27;30/06/2026 09:00;-;29/06/2026 02:27;30/06/2026 09:00
CAIXA 42L;-90 C a -60 C;557491;PI;869170034886300;00019200000013252062;MultiModal;29/06/2026 02:27;30/06/2026 09:00;-;29/06/2026 02:27;30/06/2026 09:00
CAIXA 42L;-90 C a -60 C;557491;PI;869170034877770;00019200000013252070;MultiModal;29/06/2026 02:27;30/06/2026 09:00;-;29/06/2026 02:27;30/06/2026 09:00
CAIXA 42L;-30 C a -15 C;560051;PI;A6124;00019200000013410652;MultiModal;09/07/2026 01:14;10/07/2026 10:30;-;09/07/2026 01:14;10/07/2026 10:30
CAIXA 42L;-90 C a -60 C;560559;PI;869170035513507;00019200000013456970;MultiModal;22/07/2026 18:11;24/07/2026 12:00;-;22/07/2026 18:24;24/07/2026 12:00
CAIXA 42L;-90 C a -60 C;560559;PI;869170034878521;00019200000013456989;MultiModal;22/07/2026 18:11;24/07/2026 12:00;-;22/07/2026 18:24;24/07/2026 12:00
CAIXA 42L;-90 C a -60 C;560559;PI;869170034879289;00019200000013456997;MultiModal;22/07/2026 18:11;24/07/2026 12:00;-;22/07/2026 18:24;24/07/2026 12:00
CAIXA 42L;-90 C a -60 C;560559;PI;869170034879602;00019200000013457004;MultiModal;22/07/2026 18:11;24/07/2026 12:00;-;22/07/2026 18:24;24/07/2026 12:00
CAIXA 42L;-90 C a -60 C;560559;PI;869170035519066;00019200000013457012;MultiModal;22/07/2026 18:11;24/07/2026 12:00;-;22/07/2026 18:11;24/07/2026 12:00
CAIXA 42L;-90 C a -60 C;560559;PI;869170034874272;00019200000013457020;MultiModal;22/07/2026 18:11;24/07/2026 12:00;-;22/07/2026 18:24;24/07/2026 12:00
CAIXA 42L;-90 C a -60 C;560559;PI;869170034884248;00019200000013457039;MultiModal;22/07/2026 18:11;24/07/2026 12:00;-;22/07/2026 18:24;24/07/2026 12:00
CAIXA 42L;-90 C a -60 C;560559;PI;869170035518597;00019200000013457047;MultiModal;22/07/2026 18:11;24/07/2026 12:00;-;22/07/2026 18:24;24/07/2026 12:00
CAIXA 42L;-90 C a -60 C;560559;PI;869170035517797;00019200000013457055;MultiModal;22/07/2026 18:11;24/07/2026 12:00;-;22/07/2026 18:11;24/07/2026 12:00
CAIXA 42L;-90 C a -60 C;560559;PI;869170035510180;00019200000013457063;MultiModal;22/07/2026 18:11;24/07/2026 12:00;-;22/07/2026 18:11;24/07/2026 12:00
CAIXA 42L;-90 C a -60 C;560559;PI;869170034879644;00019200000013457071;MultiModal;22/07/2026 18:11;24/07/2026 12:00;-;22/07/2026 18:11;24/07/2026 12:00
CAIXA 42L;-90 C a -60 C;560559;PI;869170034875006;00019200000013457080;MultiModal;22/07/2026 18:11;24/07/2026 12:00;-;22/07/2026 18:11;24/07/2026 12:00
CAIXA 42L;-90 C a -60 C;560559;PI;869170034882572;00019200000013457098;MultiModal;22/07/2026 18:11;24/07/2026 12:00;-;22/07/2026 18:11;24/07/2026 12:00
CAIXA 42L;-90 C a -60 C;560559;PI;AS-0756;00019200000013457101;MultiModal;22/07/2026 18:11;24/07/2026 12:00;-;22/07/2026 18:11;24/07/2026 12:00
CAIXA 42L;-90 C a -60 C;560559;PI;AS-0934;00019200000013457110;MultiModal;22/07/2026 18:11;24/07/2026 12:00;-;22/07/2026 18:24;24/07/2026 12:00
CAIXA 42L;-90 C a -60 C;560559;PI;AS-0736;00019200000013457128;MultiModal;22/07/2026 18:11;24/07/2026 12:00;-;22/07/2026 18:24;24/07/2026 12:00
CAIXA 42L;-90 C a -60 C;560559;PI;869170034880170;00019200000013457136;MultiModal;22/07/2026 18:11;24/07/2026 12:00;-;22/07/2026 18:24;24/07/2026 12:00
CAIXA 42L;-90 C a -60 C;560559;PI;AS-0035;00019200000013457144;MultiModal;22/07/2026 18:11;24/07/2026 12:00;-;22/07/2026 18:24;24/07/2026 12:00
CAIXA 42L;-90 C a -60 C;560559;PI;869170035512699;00019200000013457152;MultiModal;22/07/2026 18:11;24/07/2026 12:00;-;22/07/2026 18:24;24/07/2026 12:00
CAIXA 42L;-90 C a -60 C;560559;PI;869170035506253;00019200000013457160;MultiModal;22/07/2026 18:11;24/07/2026 12:00;-;22/07/2026 18:24;24/07/2026 12:00
CAIXA 42L;-90 C a -60 C;560559;PI;869170034888066;00019200000013457179;MultiModal;22/07/2026 18:11;24/07/2026 12:00;-;22/07/2026 18:24;24/07/2026 12:00
CAIXA 42L;-90 C a -60 C;560559;PI;869170034876228;00019200000013457187;MultiModal;22/07/2026 18:11;24/07/2026 12:00;-;22/07/2026 18:11;24/07/2026 12:00
CAIXA 42L;-90 C a -60 C;560559;PI;869170034877861;00019200000013457195;MultiModal;22/07/2026 18:11;24/07/2026 12:00;-;22/07/2026 18:11;24/07/2026 12:00
CAIXA 42L;-90 C a -60 C;560559;PI;869170034884677;00019200000013457209;MultiModal;22/07/2026 18:11;24/07/2026 12:00;-;22/07/2026 18:11;24/07/2026 12:00
CAIXA 42L;-90 C a -60 C;560559;PI;869170034878802;00019200000013457217;MultiModal;22/07/2026 18:11;24/07/2026 12:00;-;22/07/2026 18:11;24/07/2026 12:00
CAIXA 42L;-90 C a -60 C;560559;PI;869170034871989;00019200000013457225;MultiModal;22/07/2026 18:11;24/07/2026 12:00;-;22/07/2026 18:11;24/07/2026 12:00
CAIXA 42L;-90 C a -60 C;560559;PI;869170034880758;00019200000013457233;MultiModal;22/07/2026 18:11;24/07/2026 12:00;-;22/07/2026 18:11;24/07/2026 12:00
CAIXA 42L;-90 C a -60 C;560559;PI;869170035502807;00019200000013457241;MultiModal;22/07/2026 18:11;24/07/2026 12:00;-;22/07/2026 18:11;24/07/2026 12:00
CAIXA 42L;-30 C a -15 C;556732;PR;A6836;00019200000013244752;MultiModal;15/06/2026 08:15;16/06/2026 18:00;-;15/06/2026 09:04;16/06/2026 18:00
CAIXA 42L;-30 C a -15 C;560047;PR;TA1041;00019200000013412680;MultiModal;09/07/2026 04:58;10/07/2026 17:52;-;09/07/2026 04:58;10/07/2026 17:52
CAIXA 42L;-30 C a -15 C;560049;PR;A3027;00019200000013412612;MultiModal;09/07/2026 04:58;10/07/2026 18:57;-;09/07/2026 04:58;10/07/2026 18:57
CAIXA 42L;-30 C a -15 C;563297;PR;A6967;00019200000013870203;MultiModal;06/08/2026 06:34;-;-;06/08/2026 06:34;-
CAIXA 42L;-90 C a -60 C;20260884;RJ;869170034876806;00019200000012329622;MultiModal;29/06/2026 05:45;30/06/2026 11:55;-;29/06/2026 05:45;30/06/2026 11:55
CAIXA 42L;-90 C a -60 C;20260958;RJ;869170034885674;00019200000013422766;MultiModal;03/07/2026 02:12;03/07/2026 17:56;-;03/07/2026 02:12;03/07/2026 17:56
CAIXA 42L;-30 C a -15 C;556609;RJ;A8428;00019200000013209841;MultiModal;13/06/2026 14:12;22/06/2026 12:40;-;13/06/2026 14:12;22/06/2026 12:40
CAIXA 42L;-30 C a -15 C;556632;RJ;A8875;00019200000012685437;MultiModal;15/06/2026 04:49;16/06/2026 11:10;-;-;-
CAIXA 42L;-30 C a -15 C;556632;RJ;A6545;00019200000012685445;MultiModal;15/06/2026 04:49;16/06/2026 11:10;-;-;-
CAIXA 42L;-25 C a -15 C;556632;RJ;A7753;00019200000012685453;MultiModal;15/06/2026 04:49;16/06/2026 11:10;-;-;-
CAIXA 42L;-30 C a -15 C;556632;RJ;A9171;00019200000012685461;MultiModal;15/06/2026 04:49;16/06/2026 11:10;-;-;-
CAIXA 42L;-35 C a -15 C;557119;RJ;TA1114;00019200000012684643;MultiModal;15/06/2026 04:48;16/06/2026 13:17;-;15/06/2026 04:48;16/06/2026 13:17
CAIXA 42L;-30 C a -15 C;557126;RJ;A3259;00019200000012684627;MultiModal;15/06/2026 07:09;16/06/2026 12:08;-;15/06/2026 07:09;16/06/2026 12:08
CAIXA 42L;-30 C a -15 C;557135;RJ;A7309;00019200000012684600;MultiModal;15/06/2026 07:08;16/06/2026 11:10;-;15/06/2026 07:08;16/06/2026 11:10
CAIXA 42L;-35 C a -15 C;557170;RJ;A7223;00019200000012684570;MultiModal;15/06/2026 07:09;16/06/2026 11:10;-;15/06/2026 07:09;16/06/2026 11:10
CAIXA 42L;-30 C a -15 C;557745;RJ;A4268;00019200000012921459;MultiModal;16/06/2026 01:09;17/06/2026 11:36;-;16/06/2026 01:09;17/06/2026 11:36
CAIXA 42L;-25 C a -15 C;558826;RJ;A8683;00019200000013248367;MultiModal;29/06/2026 09:18;30/06/2026 13:46;-;29/06/2026 09:18;30/06/2026 13:46
CAIXA 42L;-25 C a -15 C;559078;RJ;A6261;00019200000013327275;MultiModal;24/06/2026 00:16;25/06/2026 14:30;-;24/06/2026 00:16;25/06/2026 14:30
CAIXA 42L;-25 C a -15 C;559079;RJ;A8318;00019200000013328913;MultiModal;29/06/2026 05:34;30/06/2026 14:27;-;29/06/2026 05:34;30/06/2026 14:27
CAIXA 42L;-30 C a -15 C;560041;RJ;A3922;00019200000013414259;MultiModal;08/07/2026 09:58;09/07/2026 15:20;-;08/07/2026 09:58;09/07/2026 15:20
CAIXA 42L;-35 C a -15 C;560044;RJ;TA0160;00019200000013409603;MultiModal;09/07/2026 04:51;10/07/2026 13:30;-;09/07/2026 04:51;10/07/2026 13:30
CAIXA 42L;-30 C a -15 C;560044;RJ;A4253;00019200000013409620;MultiModal;09/07/2026 04:51;10/07/2026 13:30;-;09/07/2026 04:51;10/07/2026 13:30
CAIXA 42L;-30 C a -15 C;560044;RJ;A6811;00019200000013409638;MultiModal;09/07/2026 04:51;10/07/2026 13:30;-;09/07/2026 04:51;10/07/2026 13:30
CAIXA 42L;-35 C a -15 C;562261;RJ;A3676;00019200000013778277;MultiModal;28/07/2026 03:41;29/07/2026 12:00;-;28/07/2026 03:41;29/07/2026 12:00
CAIXA 42L;-35 C a -15 C;562261;RJ;A8624;00019200000013778285;MultiModal;28/07/2026 03:41;29/07/2026 12:00;-;28/07/2026 03:41;29/07/2026 12:00
CAIXA 42L;-30 C a -15 C;562577;RJ;TA0260;00019200000013824139;MultiModal;29/07/2026 22:57;31/07/2026 10:40;31/07/2026 12:47;29/07/2026 22:57;31/07/2026 12:58
CAIXA 42L;-25 C a -15 C;563281;RJ;A7797;00019200000013863886;MultiModal;04/08/2026 23:26;06/08/2026 11:40;-;04/08/2026 23:26;06/08/2026 11:40
CAIXA 42L;-15 C a -30 C;563282;RJ;A2995;00019200000013863878;MultiModal;04/08/2026 23:30;06/08/2026 10:40;-;04/08/2026 23:30;06/08/2026 10:40
CAIXA 42L;-30 C a -15 C;563288;RJ;A2949;00019200000013867717;MultiModal;06/08/2026 06:34;-;-;06/08/2026 06:34;-
CAIXA 42L;-30 C a -15 C;563288;RJ;A8181;00019200000013867725;MultiModal;06/08/2026 06:34;-;-;06/08/2026 06:34;-
CAIXA 42L;-35 C a -15 C;563288;RJ;A7329;00019200000013867733;MultiModal;06/08/2026 06:34;-;-;06/08/2026 06:34;-
CAIXA 42L;-30 C a -15 C;563288;RJ;A5456;00019200000013867741;MultiModal;06/08/2026 06:34;-;-;06/08/2026 06:34;-
CAIXA 42L;-25 C a -15 C;556594;RN;TA0411;00019200000012658111;MultiModal;13/06/2026 14:13;15/06/2026 15:00;-;13/06/2026 14:13;15/06/2026 15:00
CAIXA 42L;-90 C a -60 C;557493;RN;AS-0511;00019200000013252739;MultiModal;01/07/2026 01:19;03/07/2026 15:30;-;01/07/2026 01:19;03/07/2026 15:30
CAIXA 42L;-90 C a -60 C;557493;RN;AS-0615;00019200000013252747;MultiModal;01/07/2026 01:19;03/07/2026 15:30;-;01/07/2026 01:19;03/07/2026 15:30
CAIXA 42L;-90 C a -60 C;557493;RN;AS-0425;00019200000013252755;MultiModal;01/07/2026 01:19;03/07/2026 15:30;-;01/07/2026 01:19;03/07/2026 15:30
CAIXA 42L;-90 C a -60 C;557493;RN;AS-0138;00019200000013252763;MultiModal;01/07/2026 01:19;03/07/2026 15:30;-;01/07/2026 01:19;03/07/2026 15:30
CAIXA 42L;-90 C a -60 C;557493;RN;AS-0245;00019200000013252771;MultiModal;01/07/2026 01:19;03/07/2026 15:30;-;01/07/2026 01:19;03/07/2026 15:30
CAIXA 42L;-90 C a -60 C;557493;RN;AS-0762;00019200000013252780;MultiModal;01/07/2026 01:19;03/07/2026 15:30;-;01/07/2026 01:19;03/07/2026 15:30
CAIXA 42L;-90 C a -60 C;557493;RN;AS-0462;00019200000013252798;MultiModal;01/07/2026 01:19;03/07/2026 15:30;-;01/07/2026 01:19;03/07/2026 15:30
CAIXA 42L;-90 C a -60 C;557493;RN;AS-0702;00019200000013252801;MultiModal;01/07/2026 01:19;03/07/2026 15:30;-;01/07/2026 01:19;03/07/2026 15:30
CAIXA 42L;-90 C a -60 C;557493;RN;AS-0513;00019200000013254510;MultiModal;01/07/2026 01:19;03/07/2026 15:30;-;01/07/2026 01:19;03/07/2026 15:30
CAIXA 42L;-90 C a -60 C;557493;RN;AS-0172;00019200000013254529;MultiModal;01/07/2026 01:19;03/07/2026 15:30;-;01/07/2026 01:19;03/07/2026 15:30
CAIXA 42L;-90 C a -60 C;557493;RN;AS-0019;00019200000013429450;MultiModal;01/07/2026 01:19;03/07/2026 15:30;-;01/07/2026 01:19;03/07/2026 15:30
CAIXA 42L;-90 C a -60 C;557493;RN;AS-0426;00019200000013429469;MultiModal;01/07/2026 01:19;03/07/2026 15:30;-;01/07/2026 01:19;03/07/2026 15:30
CAIXA 42L;-90 C a -60 C;557493;RN;AS-0699;00019200000013429477;MultiModal;01/07/2026 01:19;03/07/2026 15:30;-;01/07/2026 01:19;03/07/2026 15:30
CAIXA 42L;-90 C a -60 C;557493;RN;AS-0376;00019200000013429485;MultiModal;01/07/2026 01:19;03/07/2026 15:30;-;01/07/2026 01:19;03/07/2026 15:30
CAIXA 42L;-90 C a -60 C;557493;RN;AS-0683;00019200000013429493;MultiModal;01/07/2026 01:19;03/07/2026 15:30;-;01/07/2026 01:19;03/07/2026 15:30
CAIXA 42L;-90 C a -60 C;557493;RN;AS-0078;00019200000013429507;MultiModal;01/07/2026 01:19;03/07/2026 15:30;-;01/07/2026 01:19;03/07/2026 15:30
CAIXA 42L;-90 C a -60 C;557493;RN;AS-0077;00019200000013429515;MultiModal;01/07/2026 01:19;03/07/2026 15:30;-;01/07/2026 01:19;03/07/2026 15:30
CAIXA 42L;-90 C a -60 C;557493;RN;AS-0499;00019200000013429523;MultiModal;01/07/2026 01:19;03/07/2026 15:30;-;01/07/2026 01:19;03/07/2026 15:30
CAIXA 42L;-90 C a -60 C;557493;RN;AS-0518;00019200000013429531;MultiModal;01/07/2026 01:19;03/07/2026 15:30;-;01/07/2026 01:19;03/07/2026 15:30
CAIXA 42L;-90 C a -60 C;557493;RN;AS-0494;00019200000013429540;MultiModal;01/07/2026 01:19;03/07/2026 15:30;-;01/07/2026 01:19;03/07/2026 15:30
CAIXA 42L;-90 C a -60 C;557493;RN;AS-0269;00019200000013429558;MultiModal;01/07/2026 01:19;03/07/2026 15:30;-;01/07/2026 01:19;03/07/2026 15:30
CAIXA 42L;-90 C a -60 C;557493;RN;AS-0201;00019200000013429566;MultiModal;01/07/2026 01:19;03/07/2026 15:30;-;01/07/2026 01:19;03/07/2026 15:30
CAIXA 42L;-25 C a -15 C;559981;RN;A6263;00019200000013419153;MultiModal;07/07/2026 05:52;08/07/2026 17:32;-;07/07/2026 05:52;08/07/2026 17:32
CAIXA 42L;-90 C a -60 C;560570;RN;869170034877747;00019200000013776150;MultiModal;27/07/2026 22:34;29/07/2026 14:40;-;27/07/2026 22:34;29/07/2026 14:40
CAIXA 42L;-90 C a -60 C;560570;RN;300100;00019200000013776169;MultiModal;27/07/2026 22:34;29/07/2026 14:40;-;27/07/2026 22:34;29/07/2026 14:40
CAIXA 42L;-90 C a -60 C;560570;RN;300054;00019200000013776177;MultiModal;27/07/2026 22:34;29/07/2026 14:40;-;27/07/2026 22:34;29/07/2026 14:40
CAIXA 42L;-90 C a -60 C;560570;RN;300056;00019200000013776185;MultiModal;27/07/2026 22:34;29/07/2026 14:40;-;27/07/2026 22:34;29/07/2026 14:40
CAIXA 42L;-90 C a -60 C;560570;RN;300163;00019200000013776193;MultiModal;27/07/2026 22:34;29/07/2026 14:40;-;27/07/2026 22:34;29/07/2026 14:40
CAIXA 42L;-90 C a -60 C;560570;RN;300059;00019200000013776207;MultiModal;27/07/2026 22:34;29/07/2026 14:40;-;27/07/2026 22:34;29/07/2026 14:40
CAIXA 42L;-90 C a -60 C;560570;RN;869170035504837;00019200000013776215;MultiModal;27/07/2026 22:34;29/07/2026 14:40;-;27/07/2026 22:34;29/07/2026 14:40
CAIXA 42L;-90 C a -60 C;560570;RN;869170035520866;00019200000013776223;MultiModal;27/07/2026 22:34;29/07/2026 14:40;-;27/07/2026 22:34;29/07/2026 14:40
CAIXA 42L;-90 C a -60 C;560570;RN;869170035517771;00019200000013776231;MultiModal;27/07/2026 22:34;29/07/2026 14:40;-;27/07/2026 22:34;29/07/2026 14:40
CAIXA 42L;-90 C a -60 C;560570;RN;869170034881269;00019200000013776240;MultiModal;27/07/2026 22:34;29/07/2026 14:40;-;27/07/2026 22:34;29/07/2026 14:40
CAIXA 42L;-90 C a -60 C;560570;RN;869170034876806;00019200000013776258;MultiModal;27/07/2026 22:34;29/07/2026 14:40;-;27/07/2026 22:34;29/07/2026 14:40
CAIXA 42L;-90 C a -60 C;560570;RN;AS-0213;00019200000013776266;MultiModal;27/07/2026 22:34;29/07/2026 14:40;-;27/07/2026 22:34;29/07/2026 14:40
CAIXA 42L;-90 C a -60 C;560570;RN;300027;00019200000013776274;MultiModal;27/07/2026 22:34;29/07/2026 14:40;-;27/07/2026 22:34;29/07/2026 14:40
CAIXA 42L;-90 C a -60 C;560570;RN;300173;00019200000013776282;MultiModal;27/07/2026 22:34;29/07/2026 14:40;-;27/07/2026 22:34;29/07/2026 14:40
CAIXA 42L;-90 C a -60 C;560570;RN;300181;00019200000013776290;MultiModal;27/07/2026 22:34;29/07/2026 14:40;-;27/07/2026 22:34;29/07/2026 14:40
CAIXA 42L;-30 C a -15 C;563244;RN;A6216;00019200000013858386;MultiModal;04/08/2026 23:32;-;-;04/08/2026 23:32;-
CAIXA 42L;-30 C a -15 C;563244;RN;A8161;00019200000013858416;MultiModal;04/08/2026 23:32;-;-;04/08/2026 23:32;-
CAIXA 42L;-25 C a -15 C;563244;RN;A4389;00019200000013858424;MultiModal;04/08/2026 23:32;-;-;04/08/2026 23:32;-
CAIXA 42L;-35 C a -15 C;557172;RO;A3734;00019200000012684635;MultiModal;15/06/2026 02:51;18/06/2026 10:00;-;15/06/2026 02:51;18/06/2026 10:00
CAIXA 42L;-90 C a -60 C;557495;RO;869170035501775;00019200000013197061;MultiModal;30/06/2026 01:09;02/07/2026 18:00;-;30/06/2026 01:09;02/07/2026 18:00
CAIXA 42L;-30 C a -15 C;559957;RO;A9354;00019200000013418211;MultiModal;07/07/2026 01:00;08/07/2026 18:00;-;07/07/2026 01:00;08/07/2026 18:00
CAIXA 42L;-35 C a -15 C;559957;RO;A3754;00019200000013418220;MultiModal;07/07/2026 01:00;08/07/2026 18:00;-;07/07/2026 01:00;08/07/2026 18:00
CAIXA 42L;-90 C a -60 C;560527;RO;869170035519140;00019200000013778544;MultiModal;27/07/2026 22:33;29/07/2026 12:05;-;27/07/2026 22:33;29/07/2026 12:05
CAIXA 42L;-90 C a -60 C;560576;RO;V5561022;00019200000013471686;MultiModal;19/07/2026 23:45;21/07/2026 17:30;-;19/07/2026 23:45;21/07/2026 17:30
CAIXA 42L;-90 C a -60 C;560576;RO;V56M3023;00019200000013471694;MultiModal;19/07/2026 23:45;21/07/2026 17:30;-;19/07/2026 23:45;21/07/2026 17:30
CAIXA 42L;-90 C a -60 C;560576;RO;V56M300F;00019200000013471708;MultiModal;19/07/2026 23:45;21/07/2026 17:30;-;19/07/2026 23:45;21/07/2026 17:30
CAIXA 42L;-90 C a -60 C;560576;RO;V54101A9;00019200000013471716;MultiModal;19/07/2026 23:45;21/07/2026 17:30;-;19/07/2026 23:45;21/07/2026 17:30
CAIXA 42L;-90 C a -60 C;560576;RO;V556101C;00019200000013471724;MultiModal;19/07/2026 23:45;21/07/2026 17:30;-;19/07/2026 23:45;21/07/2026 17:30
CAIXA 42L;-90 C a -60 C;560576;RO;V56M3016;00019200000013471732;MultiModal;19/07/2026 23:45;21/07/2026 17:30;-;19/07/2026 23:45;21/07/2026 17:30
CAIXA 42L;-90 C a -60 C;560576;RO;V54100A1;00019200000013471740;MultiModal;19/07/2026 23:45;21/07/2026 17:30;-;19/07/2026 23:45;21/07/2026 17:30
CAIXA 42L;-90 C a -60 C;560576;RO;V556102F;00019200000013471872;MultiModal;19/07/2026 23:45;21/07/2026 17:30;-;19/07/2026 23:45;21/07/2026 17:30
CAIXA 42L;-90 C a -60 C;560576;RO;V5561002;00019200000013471880;MultiModal;19/07/2026 23:45;21/07/2026 17:30;-;19/07/2026 23:45;21/07/2026 17:30
CAIXA 42L;-90 C a -60 C;560576;RO;V56M301E;00019200000013471899;MultiModal;19/07/2026 23:45;21/07/2026 17:30;-;19/07/2026 23:45;21/07/2026 17:30
CAIXA 42L;-90 C a -60 C;560576;RO;V5561015;00019200000013475789;MultiModal;19/07/2026 23:45;21/07/2026 17:30;-;19/07/2026 23:45;21/07/2026 17:30
CAIXA 42L;-90 C a -60 C;560576;RO;V5560004;00019200000013475797;MultiModal;19/07/2026 23:45;21/07/2026 17:30;-;19/07/2026 23:45;21/07/2026 17:30
CAIXA 42L;-30 C a -15 C;561418;RO;A8179;00019200000013472151;MultiModal;19/07/2026 03:54;24/07/2026 20:25;-;19/07/2026 03:54;24/07/2026 20:25
CAIXA 42L;-30 C a -15 C;561418;RO;A9611;00019200000013472160;MultiModal;19/07/2026 03:54;24/07/2026 20:25;-;19/07/2026 03:54;24/07/2026 20:25
CAIXA 42L;-30 C a -15 C;561418;RO;TA0310;00019200000013472178;MultiModal;19/07/2026 03:54;24/07/2026 20:25;-;19/07/2026 03:54;24/07/2026 20:25
CAIXA 42L;-30 C a -15 C;561418;RO;TA0493;00019200000013472186;MultiModal;19/07/2026 03:54;24/07/2026 20:25;-;19/07/2026 03:54;24/07/2026 20:25
CAIXA 42L;-30 C a -15 C;561418;RO;A2344;00019200000013472194;MultiModal;19/07/2026 03:54;24/07/2026 20:25;-;19/07/2026 03:54;24/07/2026 20:25
CAIXA 42L;-25 C a -15 C;561418;RO;A8458;00019200000013472208;MultiModal;19/07/2026 03:54;24/07/2026 20:25;-;19/07/2026 03:54;24/07/2026 20:25
CAIXA 42L;-25 C a -15 C;561418;RO;A7945;00019200000013472216;MultiModal;19/07/2026 03:54;24/07/2026 20:25;-;19/07/2026 03:54;24/07/2026 20:25
CAIXA 42L;-25 C a -15 C;561418;RO;A5377;00019200000013472224;MultiModal;19/07/2026 03:54;24/07/2026 20:25;-;19/07/2026 03:54;24/07/2026 20:25
CAIXA 42L;-25 C a -15 C;561418;RO;A7312;00019200000013472232;MultiModal;19/07/2026 03:54;24/07/2026 20:25;-;19/07/2026 03:54;24/07/2026 20:25
CAIXA 42L;-25 C a -15 C;561418;RO;A6642;00019200000013472259;MultiModal;19/07/2026 03:54;24/07/2026 20:25;-;19/07/2026 03:54;24/07/2026 20:25
CAIXA 42L;-25 C a -15 C;561418;RO;A6142;00019200000013472267;MultiModal;19/07/2026 03:54;24/07/2026 20:25;-;19/07/2026 03:54;24/07/2026 20:25
CAIXA 42L;-25 C a -15 C;561418;RO;TA0826;00019200000013472275;MultiModal;19/07/2026 03:54;24/07/2026 20:25;-;19/07/2026 03:54;24/07/2026 20:25
CAIXA 42L;-25 C a -15 C;561418;RO;A8679;00019200000013472283;MultiModal;19/07/2026 03:54;24/07/2026 20:25;-;19/07/2026 03:54;24/07/2026 20:25
CAIXA 42L;-25 C a -15 C;561418;RO;TA1135;00019200000013472291;MultiModal;19/07/2026 03:54;24/07/2026 20:25;-;19/07/2026 03:54;24/07/2026 20:25
CAIXA 42L;-25 C a -15 C;561418;RO;TA0895;00019200000013472305;MultiModal;19/07/2026 03:54;24/07/2026 20:25;-;19/07/2026 03:54;24/07/2026 20:25
CAIXA 42L;-25 C a -15 C;561418;RO;A7095;00019200000013472313;MultiModal;19/07/2026 03:54;24/07/2026 20:25;-;19/07/2026 03:54;24/07/2026 20:25
CAIXA 42L;-25 C a -15 C;561418;RO;A6569;00019200000013472321;MultiModal;19/07/2026 03:54;24/07/2026 20:25;-;19/07/2026 03:54;24/07/2026 20:25
CAIXA 42L;-25 C a -15 C;561418;RO;TA1062;00019200000013472330;MultiModal;19/07/2026 03:54;24/07/2026 20:25;-;19/07/2026 03:54;24/07/2026 20:25
CAIXA 42L;-25 C a -15 C;561418;RO;A5533;00019200000013472348;MultiModal;19/07/2026 03:54;24/07/2026 20:25;-;19/07/2026 03:54;24/07/2026 20:25
CAIXA 42L;-25 C a -15 C;561418;RO;A9128;00019200000013472356;MultiModal;19/07/2026 03:54;24/07/2026 20:25;-;19/07/2026 03:54;24/07/2026 20:25
CAIXA 42L;-25 C a -15 C;561418;RO;A8531;00019200000013472364;MultiModal;19/07/2026 03:54;24/07/2026 20:25;-;19/07/2026 03:54;24/07/2026 20:25
CAIXA 42L;-25 C a -15 C;561418;RO;A0259;00019200000013472372;MultiModal;19/07/2026 03:54;24/07/2026 20:25;-;19/07/2026 03:54;24/07/2026 20:25
CAIXA 42L;-25 C a -15 C;561418;RO;A3195;00019200000013472380;MultiModal;19/07/2026 03:54;24/07/2026 20:25;-;19/07/2026 03:54;24/07/2026 20:25
CAIXA 42L;-25 C a -15 C;561418;RO;A5061;00019200000013472399;MultiModal;19/07/2026 03:54;24/07/2026 20:25;-;19/07/2026 03:54;24/07/2026 20:25
CAIXA 42L;-25 C a -15 C;561418;RO;A5097;00019200000013472402;MultiModal;19/07/2026 03:54;24/07/2026 20:25;-;19/07/2026 03:54;24/07/2026 20:25
CAIXA 42L;-25 C a -15 C;561418;RO;A3193;00019200000013472410;MultiModal;19/07/2026 03:54;24/07/2026 20:25;-;19/07/2026 03:54;24/07/2026 20:25
CAIXA 42L;-30 C a -15 C;561418;RO;A5035;00019200000013473760;MultiModal;19/07/2026 03:54;24/07/2026 20:25;-;19/07/2026 03:54;24/07/2026 20:25
CAIXA 42L;-30 C a -15 C;563236;RO;A0086;00019200000013861204;MultiModal;04/08/2026 23:18;-;-;04/08/2026 23:18;-
CAIXA 42L;-30 C a -15 C;563236;RO;A2370;00019200000013861212;MultiModal;04/08/2026 23:18;-;-;04/08/2026 23:18;-
CAIXA 42L;-30 C a -15 C;563236;RO;TA0303;00019200000013861239;MultiModal;04/08/2026 23:18;-;-;04/08/2026 23:18;-
CAIXA 42L;-25 C a -15 C;563236;RO;A1914;00019200000013861301;MultiModal;04/08/2026 23:18;-;-;04/08/2026 23:18;-
CAIXA 42L;-35 C a -15 C;557174;RR;A4735;00019200000012685720;MultiModal;15/06/2026 08:55;17/06/2026 10:32;-;15/06/2026 08:55;17/06/2026 10:32
CAIXA 42L;-90 C a -60 C;557496;RR;869170034879586;00019200000013251872;MultiModal;29/06/2026 05:22;01/07/2026 10:31;-;29/06/2026 05:22;01/07/2026 10:31
CAIXA 42L;-90 C a -60 C;557496;RR;869170035518829;00019200000013251880;MultiModal;29/06/2026 05:22;01/07/2026 10:31;-;29/06/2026 05:22;01/07/2026 10:31
CAIXA 42L;-90 C a -60 C;557496;RR;869170034890153;00019200000013251899;MultiModal;29/06/2026 05:22;01/07/2026 10:31;-;29/06/2026 05:22;01/07/2026 10:31
CAIXA 42L;-90 C a -60 C;557496;RR;869170034872250;00019200000013252011;MultiModal;29/06/2026 05:22;01/07/2026 10:31;-;29/06/2026 05:22;01/07/2026 10:31
CAIXA 42L;-30 C a -15 C;559944;RR;A3432;00019200000013419030;MultiModal;07/07/2026 06:51;10/07/2026 18:00;-;07/07/2026 06:51;10/07/2026 18:00
CAIXA 42L;-90 C a -60 C;560780;RR;300017;00019200000013778609;MultiModal;27/07/2026 22:35;29/07/2026 10:11;-;27/07/2026 22:35;29/07/2026 10:11
CAIXA 42L;-90 C a -60 C;562345;RR;869170035519025;00019200000013790021;MultiModal;04/08/2026 02:39;-;-;04/08/2026 02:39;-
CAIXA 42L;-90 C a -60 C;562345;RR;869170034882317;00019200000013790030;MultiModal;04/08/2026 02:39;-;-;04/08/2026 02:39;-
CAIXA 42L;-90 C a -60 C;562345;RR;869170034882424;00019200000013790048;MultiModal;04/08/2026 02:39;-;-;04/08/2026 02:39;-
CAIXA 42L;-90 C a -60 C;562345;RR;869170034886789;00019200000013790056;MultiModal;04/08/2026 02:39;-;-;04/08/2026 02:39;-
CAIXA 42L;-90 C a -60 C;562345;RR;869170034885773;00019200000013790064;MultiModal;04/08/2026 02:39;-;-;04/08/2026 02:39;-
CAIXA 42L;-90 C a -60 C;562345;RR;869170034888231;00019200000013790072;MultiModal;04/08/2026 02:39;-;-;04/08/2026 02:39;-
CAIXA 42L;-30 C a -15 C;563229;RR;A6102;00019200000013853007;MultiModal;04/08/2026 23:19;06/08/2026 10:30;-;04/08/2026 23:19;06/08/2026 10:30
CAIXA 42L;-30 C a -15 C;556427;RS;A8174;00019200000012726788;MultiModal;10/06/2026 08:20;11/06/2026 13:30;-;-;-
CAIXA 42L;-25 C a -15 C;556427;RS;A4607;00019200000012901067;MultiModal;10/06/2026 08:20;11/06/2026 13:30;-;-;-
CAIXA 42L;-25 C a -15 C;559096;RS;A6393;00019200000013248332;MultiModal;29/06/2026 05:40;30/06/2026 15:00;-;29/06/2026 05:40;30/06/2026 15:00
CAIXA 42L;-30 C a -15 C;559925;RS;A7594;00019200000013419137;MultiModal;07/07/2026 06:51;09/07/2026 13:09;-;07/07/2026 06:51;09/07/2026 13:09
CAIXA 42L;-90 C a -60 C;560574;RS;AS-0499;00019200000013463969;MultiModal;21/07/2026 22:28;23/07/2026 15:00;-;21/07/2026 22:28;23/07/2026 13:15
CAIXA 42L;-90 C a -60 C;560574;RS;AS-0683;00019200000013463977;MultiModal;21/07/2026 22:28;23/07/2026 15:00;-;21/07/2026 22:28;23/07/2026 13:15
CAIXA 42L;-90 C a -60 C;560574;RS;AS-0426;00019200000013463985;MultiModal;21/07/2026 22:28;23/07/2026 15:00;-;21/07/2026 22:28;23/07/2026 13:15
CAIXA 42L;-90 C a -60 C;560574;RS;AS-0702;00019200000013463993;MultiModal;21/07/2026 22:28;23/07/2026 15:00;-;21/07/2026 22:28;23/07/2026 13:15
CAIXA 42L;-90 C a -60 C;560574;RS;AS-0869;00019200000013464019;MultiModal;21/07/2026 22:28;23/07/2026 15:00;-;21/07/2026 22:28;23/07/2026 13:15
CAIXA 42L;-90 C a -60 C;560574;RS;AS-0837;00019200000013464027;MultiModal;21/07/2026 22:28;23/07/2026 15:00;-;21/07/2026 22:28;23/07/2026 13:15
CAIXA 42L;-90 C a -60 C;560574;RS;AS-0201;00019200000013464035;MultiModal;21/07/2026 22:28;23/07/2026 15:00;-;21/07/2026 22:28;23/07/2026 15:00
CAIXA 42L;-90 C a -60 C;560574;RS;AS-0487;00019200000013464043;MultiModal;21/07/2026 22:28;23/07/2026 15:00;-;21/07/2026 22:28;23/07/2026 13:15
CAIXA 42L;-90 C a -60 C;560574;RS;AS-0356;00019200000013464051;MultiModal;21/07/2026 22:28;23/07/2026 15:00;-;21/07/2026 22:28;23/07/2026 15:00
CAIXA 42L;-90 C a -60 C;560574;RS;AS-0414;00019200000013464078;MultiModal;21/07/2026 22:28;23/07/2026 15:00;-;21/07/2026 22:28;23/07/2026 13:15
CAIXA 42L;-90 C a -60 C;560574;RS;AS-0078;00019200000013464086;MultiModal;21/07/2026 22:28;23/07/2026 15:00;-;21/07/2026 22:28;23/07/2026 15:00
CAIXA 42L;-90 C a -60 C;560574;RS;AS-0019;00019200000013464094;MultiModal;21/07/2026 22:28;23/07/2026 15:00;-;21/07/2026 22:28;23/07/2026 15:00
CAIXA 42L;-90 C a -60 C;560574;RS;AS-0252;00019200000013464108;MultiModal;21/07/2026 22:28;23/07/2026 15:00;-;21/07/2026 22:28;23/07/2026 15:00
CAIXA 42L;-90 C a -60 C;560574;RS;AS-0160;00019200000013464116;MultiModal;21/07/2026 22:28;23/07/2026 15:00;-;21/07/2026 22:28;23/07/2026 15:00
CAIXA 42L;-90 C a -60 C;560574;RS;AS-0513;00019200000013464124;MultiModal;21/07/2026 22:28;23/07/2026 15:00;-;21/07/2026 22:28;23/07/2026 13:15
CAIXA 42L;-90 C a -60 C;560574;RS;AS-0234;00019200000013464132;MultiModal;21/07/2026 22:28;23/07/2026 15:00;-;21/07/2026 22:28;23/07/2026 15:00
CAIXA 42L;-90 C a -60 C;560574;RS;AS-0494;00019200000013464140;MultiModal;21/07/2026 22:28;23/07/2026 15:00;-;21/07/2026 22:28;23/07/2026 15:00
CAIXA 42L;-90 C a -60 C;560574;RS;AS-0850;00019200000013464159;MultiModal;21/07/2026 22:28;23/07/2026 15:00;-;21/07/2026 22:28;23/07/2026 15:00
CAIXA 42L;-90 C a -60 C;560574;RS;AS-0107;00019200000013464167;MultiModal;21/07/2026 22:28;23/07/2026 15:00;-;21/07/2026 22:28;23/07/2026 15:00
CAIXA 42L;-90 C a -60 C;560574;RS;AS-0845;00019200000013464175;MultiModal;21/07/2026 22:28;23/07/2026 15:00;-;21/07/2026 22:28;23/07/2026 15:00
CAIXA 42L;-90 C a -60 C;560574;RS;AS-0511;00019200000013464183;MultiModal;21/07/2026 22:28;23/07/2026 15:00;-;21/07/2026 22:28;23/07/2026 15:00
CAIXA 42L;-90 C a -60 C;560574;RS;AS-0363;00019200000013464191;MultiModal;21/07/2026 22:28;23/07/2026 15:00;-;21/07/2026 22:28;23/07/2026 13:15
CAIXA 42L;-90 C a -60 C;560574;RS;AS-0269;00019200000013464205;MultiModal;21/07/2026 22:28;23/07/2026 15:00;-;21/07/2026 22:28;23/07/2026 13:15
CAIXA 42L;-90 C a -60 C;560574;RS;AS-0643;00019200000013464213;MultiModal;21/07/2026 22:28;23/07/2026 15:00;-;21/07/2026 22:28;23/07/2026 13:15
CAIXA 42L;-90 C a -60 C;560574;RS;AS-0263;00019200000013464221;MultiModal;21/07/2026 22:28;23/07/2026 15:00;-;21/07/2026 22:28;23/07/2026 13:15
CAIXA 42L;-25 C a -15 C;560688;RS;A5913;00019200000013694359;Rodoviário;27/07/2026 06:04;29/07/2026 10:36;29/07/2026 09:00;27/07/2026 06:04;29/07/2026 10:23
CAIXA 42L;-90 C a -60 C;561641;RS;869170034872433;00019200000013789848;MultiModal;03/08/2026 04:37;04/08/2026 11:10;-;03/08/2026 04:37;04/08/2026 11:10
CAIXA 42L;-90 C a -60 C;561641;RS;869170035510362;00019200000013836790;MultiModal;03/08/2026 04:37;04/08/2026 11:10;-;03/08/2026 04:37;04/08/2026 11:10
CAIXA 42L;-90 C a -60 C;561641;RS;869170035513457;00019200000013836803;MultiModal;03/08/2026 04:37;04/08/2026 11:10;-;03/08/2026 04:37;04/08/2026 11:10
CAIXA 42L;-90 C a -60 C;561641;RS;869170034888512;00019200000013836811;MultiModal;03/08/2026 04:37;04/08/2026 11:10;-;03/08/2026 05:05;04/08/2026 11:10
CAIXA 42L;-90 C a -60 C;561641;RS;869170035512301;00019200000013836820;MultiModal;03/08/2026 04:37;04/08/2026 11:10;-;03/08/2026 05:05;04/08/2026 11:10
CAIXA 42L;-90 C a -60 C;561641;RS;869170035514208;00019200000013836838;MultiModal;03/08/2026 04:37;04/08/2026 11:10;-;03/08/2026 05:05;04/08/2026 11:10
CAIXA 42L;-90 C a -60 C;561641;RS;869170035502492;00019200000013836846;MultiModal;03/08/2026 04:37;04/08/2026 11:10;-;03/08/2026 05:05;04/08/2026 11:10
CAIXA 42L;-90 C a -60 C;561641;RS;869170035511394;00019200000013836854;MultiModal;03/08/2026 04:37;04/08/2026 11:10;-;03/08/2026 04:37;04/08/2026 11:10
CAIXA 42L;-90 C a -60 C;561641;RS;869170034877770;00019200000013836862;MultiModal;03/08/2026 04:37;04/08/2026 11:10;-;03/08/2026 05:05;04/08/2026 11:10
CAIXA 42L;-90 C a -60 C;561641;RS;869170034887449;00019200000013836870;MultiModal;03/08/2026 04:37;04/08/2026 11:10;-;03/08/2026 04:37;04/08/2026 11:10
CAIXA 42L;-90 C a -60 C;561641;RS;869170035503821;00019200000013836889;MultiModal;03/08/2026 04:37;04/08/2026 11:10;-;03/08/2026 05:05;04/08/2026 11:10
CAIXA 42L;-90 C a -60 C;561641;RS;869170035501585;00019200000013836897;MultiModal;03/08/2026 04:37;04/08/2026 11:10;-;03/08/2026 04:37;04/08/2026 11:10
CAIXA 42L;-90 C a -60 C;561641;RS;869170034872243;00019200000013836900;MultiModal;03/08/2026 04:37;04/08/2026 11:10;-;03/08/2026 05:05;04/08/2026 11:10
CAIXA 42L;-90 C a -60 C;561641;RS;869170034872110;00019200000013836919;MultiModal;03/08/2026 04:37;04/08/2026 11:10;-;03/08/2026 04:37;04/08/2026 11:10
CAIXA 42L;-90 C a -60 C;561641;RS;869170034886797;00019200000013836927;MultiModal;03/08/2026 04:37;04/08/2026 11:10;-;03/08/2026 04:37;04/08/2026 11:10
CAIXA 42L;-90 C a -60 C;561641;RS;869170035503680;00019200000013836935;MultiModal;03/08/2026 04:37;04/08/2026 11:10;-;03/08/2026 04:37;04/08/2026 11:10
CAIXA 42L;-90 C a -60 C;561641;RS;869170034882598;00019200000013836943;MultiModal;03/08/2026 04:37;04/08/2026 11:10;-;03/08/2026 05:05;04/08/2026 11:10
CAIXA 42L;-90 C a -60 C;561641;RS;869170034871666;00019200000013836951;MultiModal;03/08/2026 04:37;04/08/2026 11:10;-;03/08/2026 05:05;04/08/2026 11:10
CAIXA 42L;-90 C a -60 C;561641;RS;869170035514240;00019200000013836960;MultiModal;03/08/2026 04:37;04/08/2026 11:10;-;03/08/2026 05:05;04/08/2026 11:10
CAIXA 42L;-90 C a -60 C;561641;RS;869170034890153;00019200000013836978;MultiModal;03/08/2026 04:37;04/08/2026 11:10;-;03/08/2026 05:05;04/08/2026 11:10
CAIXA 42L;-90 C a -60 C;561641;RS;V541018C;00019200000013836986;MultiModal;03/08/2026 04:37;04/08/2026 11:10;-;03/08/2026 04:37;04/08/2026 11:10
CAIXA 42L;-90 C a -60 C;561641;RS;869170035501478;00019200000013837010;MultiModal;03/08/2026 04:37;04/08/2026 11:10;-;03/08/2026 05:05;04/08/2026 11:10
CAIXA 42L;-90 C a -60 C;561641;RS;869170035518829;00019200000013837028;MultiModal;03/08/2026 04:37;04/08/2026 11:10;-;03/08/2026 05:05;04/08/2026 11:10
CAIXA 42L;-90 C a -60 C;561641;RS;869170035513879;00019200000013837036;MultiModal;03/08/2026 04:37;04/08/2026 11:10;-;03/08/2026 04:37;04/08/2026 11:10
CAIXA 42L;-90 C a -60 C;561641;RS;869170034872250;00019200000013837044;MultiModal;03/08/2026 04:37;04/08/2026 11:10;-;03/08/2026 04:37;04/08/2026 11:10
CAIXA 42L;-90 C a -60 C;561641;RS;869170034886946;00019200000013837052;MultiModal;03/08/2026 04:37;04/08/2026 11:10;-;03/08/2026 05:05;04/08/2026 11:10
CAIXA 42L;-90 C a -60 C;561641;RS;869170034887373;00019200000013837060;MultiModal;03/08/2026 04:37;04/08/2026 11:10;-;03/08/2026 05:05;04/08/2026 11:10
CAIXA 42L;-90 C a -60 C;561641;RS;869170035512582;00019200000013837079;MultiModal;03/08/2026 04:37;04/08/2026 11:10;-;03/08/2026 04:37;04/08/2026 11:10
CAIXA 42L;-90 C a -60 C;561641;RS;869170034884032;00019200000013837087;MultiModal;03/08/2026 04:37;04/08/2026 11:10;-;03/08/2026 04:37;04/08/2026 11:10
CAIXA 42L;-90 C a -60 C;561641;RS;869170034889643;00019200000013837095;MultiModal;03/08/2026 04:37;04/08/2026 11:10;-;03/08/2026 04:37;04/08/2026 11:10
CAIXA 42L;-90 C a -60 C;561641;RS;869170034885856;00019200000013837109;MultiModal;03/08/2026 04:37;04/08/2026 11:10;-;03/08/2026 04:37;04/08/2026 11:10
CAIXA 42L;-90 C a -60 C;561641;RS;869170035502823;00019200000013837117;MultiModal;03/08/2026 04:37;04/08/2026 11:10;-;03/08/2026 05:05;04/08/2026 11:10
CAIXA 42L;-30 C a -15 C;562154;RS;A4440;00019200000013778293;MultiModal;28/07/2026 03:39;31/07/2026 11:28;-;28/07/2026 03:39;31/07/2026 11:28
CAIXA 42L;-30 C a -15 C;563189;RS;A0204;00019200000013853376;MultiModal;04/08/2026 23:26;06/08/2026 13:45;-;04/08/2026 23:26;06/08/2026 13:45
CAIXA 42L;-35 C a -15 C;563189;RS;A2981;00019200000013853384;MultiModal;04/08/2026 23:26;06/08/2026 13:45;-;04/08/2026 23:26;06/08/2026 13:45
CAIXA 42L;-30 C a -15 C;556409;SC;A5875;00019200000012729590;MultiModal;10/06/2026 06:40;11/06/2026 17:18;-;-;-
CAIXA 42L;-35 C a -15 C;557176;SC;A6058;00019200000012684520;MultiModal;15/06/2026 10:11;16/06/2026 13:40;-;15/06/2026 10:11;16/06/2026 13:40
CAIXA 42L;-35 C a -15 C;557176;SC;A4203;00019200000012684538;MultiModal;15/06/2026 10:11;16/06/2026 13:40;-;15/06/2026 10:11;16/06/2026 13:40
CAIXA 42L;-30 C a -15 C;559423;SC;A8271;00019200000013202294;MultiModal;29/06/2026 05:35;30/06/2026 14:52;-;29/06/2026 05:35;30/06/2026 14:52
CAIXA 42L;-30 C a -15 C;559880;SC;A8482;00019200000013407147;MultiModal;09/07/2026 05:48;10/07/2026 17:00;-;09/07/2026 05:48;10/07/2026 17:00
CAIXA 42L;-30 C a -15 C;559880;SC;A4021;00019200000013407180;MultiModal;09/07/2026 05:48;10/07/2026 17:00;-;09/07/2026 05:48;10/07/2026 17:00
CAIXA 42L;-30 C a -15 C;559880;SC;A7212;00019200000013407198;MultiModal;09/07/2026 05:48;10/07/2026 17:00;-;09/07/2026 05:48;10/07/2026 17:00
CAIXA 42L;-35 C a -15 C;559880;SC;A3672;00019200000013407201;MultiModal;09/07/2026 05:48;10/07/2026 17:00;-;09/07/2026 05:48;10/07/2026 17:00
CAIXA 42L;-35 C a -15 C;559880;SC;TA0241;00019200000013407210;MultiModal;09/07/2026 05:48;10/07/2026 17:00;-;09/07/2026 05:48;10/07/2026 17:00
CAIXA 42L;-15 C a -30 C;563153;SC;A0372;00019200000013852965;MultiModal;04/08/2026 23:33;-;-;04/08/2026 23:33;-
CAIXA 42L;-35 C a -15 C;563153;SC;A8300;00019200000013852973;MultiModal;04/08/2026 23:33;-;-;04/08/2026 23:33;-
CAIXA 42L;-30 C a -15 C;563153;SC;TA0920;00019200000013852981;MultiModal;04/08/2026 23:33;-;-;04/08/2026 23:33;-
CAIXA 42L;-35 C a -15 C;563153;SC;TA0004;00019200000013852990;MultiModal;04/08/2026 23:33;-;-;04/08/2026 23:33;-
CAIXA 42L;-25 C a -15 C;563153;SC;A8425;00019200000013856740;MultiModal;04/08/2026 23:33;-;-;04/08/2026 23:33;-
CAIXA 42L;-90 C a -60 C;557500;SE;AS-0259;00019200000012614947;MultiModal;25/06/2026 00:48;26/06/2026 15:00;-;25/06/2026 00:48;26/06/2026 15:00
CAIXA 42L;-90 C a -60 C;557500;SE;869170034875337;00019200000012614955;MultiModal;25/06/2026 00:48;26/06/2026 15:00;-;25/06/2026 00:48;26/06/2026 15:00
CAIXA 42L;-90 C a -60 C;557500;SE;869170035502047;00019200000012614963;MultiModal;25/06/2026 00:48;26/06/2026 15:00;-;25/06/2026 00:48;26/06/2026 15:00
CAIXA 42L;-90 C a -60 C;557500;SE;869170035520544;00019200000012614980;MultiModal;25/06/2026 00:48;26/06/2026 15:00;-;25/06/2026 00:48;26/06/2026 15:00
CAIXA 42L;-90 C a -60 C;557500;SE;869170034875469;00019200000012614998;MultiModal;25/06/2026 00:48;26/06/2026 15:00;-;25/06/2026 00:48;26/06/2026 15:00
CAIXA 42L;-90 C a -60 C;557500;SE;869170034878802;00019200000013313916;MultiModal;25/06/2026 00:48;26/06/2026 15:00;-;25/06/2026 00:48;26/06/2026 15:00
CAIXA 42L;-90 C a -60 C;557500;SE;869170035502203;00019200000013314920;MultiModal;25/06/2026 00:48;26/06/2026 15:00;-;25/06/2026 00:48;26/06/2026 15:00
CAIXA 42L;-90 C a -60 C;557500;SE;869170034872755;00019200000013314939;MultiModal;25/06/2026 00:48;26/06/2026 15:00;-;25/06/2026 00:48;26/06/2026 15:00
CAIXA 42L;-90 C a -60 C;557500;SE;869170034883687;00019200000013314947;MultiModal;25/06/2026 00:48;26/06/2026 15:00;-;25/06/2026 00:48;26/06/2026 15:00
CAIXA 42L;-90 C a -60 C;557500;SE;869170034873043;00019200000013314955;MultiModal;25/06/2026 00:48;26/06/2026 15:00;-;25/06/2026 00:48;26/06/2026 15:00
CAIXA 42L;-90 C a -60 C;557500;SE;869170034879339;00019200000013314963;MultiModal;25/06/2026 00:48;26/06/2026 15:00;-;25/06/2026 00:48;26/06/2026 15:00
CAIXA 42L;-90 C a -60 C;557500;SE;869170034886797;00019200000013314971;MultiModal;25/06/2026 00:48;26/06/2026 15:00;-;25/06/2026 00:48;26/06/2026 15:00
CAIXA 42L;-90 C a -60 C;557500;SE;869170034885807;00019200000013314980;MultiModal;25/06/2026 00:48;26/06/2026 15:00;-;25/06/2026 00:48;26/06/2026 15:00
CAIXA 42L;-90 C a -60 C;557500;SE;869170035501999;00019200000013314998;MultiModal;25/06/2026 00:48;26/06/2026 15:00;-;25/06/2026 00:48;26/06/2026 15:00
CAIXA 42L;-90 C a -60 C;557500;SE;869170034886243;00019200000013315005;MultiModal;25/06/2026 00:48;26/06/2026 15:00;-;25/06/2026 00:48;26/06/2026 15:00
CAIXA 42L;-90 C a -60 C;557500;SE;869170034887332;00019200000013315013;MultiModal;25/06/2026 00:48;26/06/2026 15:00;-;25/06/2026 00:48;26/06/2026 15:00
CAIXA 42L;-90 C a -60 C;557500;SE;AS-0695;00019200000013315021;MultiModal;25/06/2026 00:48;26/06/2026 15:00;-;25/06/2026 00:48;26/06/2026 15:00
CAIXA 42L;-90 C a -60 C;557500;SE;869170034877499;00019200000013315030;MultiModal;25/06/2026 00:48;26/06/2026 15:00;-;25/06/2026 00:48;26/06/2026 15:00
CAIXA 42L;-90 C a -60 C;557500;SE;869170034889734;00019200000013315048;MultiModal;25/06/2026 00:48;26/06/2026 15:00;-;25/06/2026 00:48;26/06/2026 15:00
CAIXA 42L;-90 C a -60 C;557500;SE;869170034886110;00019200000013315056;MultiModal;25/06/2026 00:48;26/06/2026 15:00;-;25/06/2026 00:48;26/06/2026 15:00
CAIXA 42L;-90 C a -60 C;557500;SE;869170034886235;00019200000013315064;MultiModal;25/06/2026 00:48;26/06/2026 15:00;-;25/06/2026 00:48;26/06/2026 15:00
CAIXA 42L;-90 C a -60 C;557500;SE;869170034872896;00019200000013315072;MultiModal;25/06/2026 00:48;26/06/2026 15:00;-;25/06/2026 00:48;26/06/2026 15:00
CAIXA 42L;-90 C a -60 C;557500;SE;869170034876905;00019200000013315080;MultiModal;25/06/2026 00:48;26/06/2026 15:00;-;25/06/2026 00:48;26/06/2026 15:00
CAIXA 42L;-90 C a -60 C;557500;SE;869170034881301;00019200000013315099;MultiModal;25/06/2026 00:48;26/06/2026 15:00;-;25/06/2026 00:48;26/06/2026 15:00
CAIXA 42L;-90 C a -60 C;557500;SE;869170035510388;00019200000013315102;MultiModal;25/06/2026 00:48;26/06/2026 15:00;-;25/06/2026 00:48;26/06/2026 15:00
CAIXA 42L;-90 C a -60 C;557500;SE;869170034884198;00019200000013315129;MultiModal;25/06/2026 00:48;26/06/2026 15:00;-;25/06/2026 00:48;26/06/2026 15:00
CAIXA 42L;-30 C a -15 C;559876;SE;A1817;00019200000013419021;MultiModal;07/07/2026 00:57;17/07/2026 15:00;-;07/07/2026 00:57;17/07/2026 15:00
CAIXA 42L;-30 C a -15 C;560503;SE;A0727;00019200000013454420;MultiModal;15/07/2026 23:21;17/07/2026 12:20;-;15/07/2026 23:21;17/07/2026 12:20
CAIXA 42L;-90 C a -60 C;560566;SE;300044;00019200000013784048;MultiModal;04/08/2026 02:39;05/08/2026 11:43;-;04/08/2026 02:39;05/08/2026 11:43
CAIXA 42L;-90 C a -60 C;560566;SE;869170034888124;00019200000013784056;MultiModal;04/08/2026 02:39;05/08/2026 11:43;-;04/08/2026 02:39;05/08/2026 11:43
CAIXA 42L;-90 C a -60 C;560566;SE;869170034873522;00019200000013784064;MultiModal;04/08/2026 02:39;05/08/2026 11:43;-;04/08/2026 02:39;05/08/2026 11:43
CAIXA 42L;-90 C a -60 C;560566;SE;869170034876368;00019200000013784072;MultiModal;04/08/2026 02:39;05/08/2026 11:43;-;04/08/2026 02:39;05/08/2026 11:43
CAIXA 42L;-90 C a -60 C;560566;SE;869170034889734;00019200000013784080;MultiModal;04/08/2026 02:39;05/08/2026 11:43;-;04/08/2026 02:39;05/08/2026 11:43
CAIXA 42L;-90 C a -60 C;560566;SE;869170034871708;00019200000013784099;MultiModal;04/08/2026 02:39;05/08/2026 11:43;-;04/08/2026 02:39;05/08/2026 11:43
CAIXA 42L;-90 C a -60 C;560566;SE;300176;00019200000013784102;MultiModal;04/08/2026 02:39;05/08/2026 11:43;-;04/08/2026 02:39;05/08/2026 11:43
CAIXA 42L;-90 C a -60 C;560566;SE;300029;00019200000013784110;MultiModal;04/08/2026 02:39;05/08/2026 11:43;-;04/08/2026 02:39;05/08/2026 11:43
CAIXA 42L;-90 C a -60 C;560566;SE;300034;00019200000013784129;MultiModal;04/08/2026 02:39;05/08/2026 11:43;-;04/08/2026 02:39;05/08/2026 11:43
CAIXA 42L;-90 C a -60 C;560566;SE;300008;00019200000013784137;MultiModal;04/08/2026 02:39;05/08/2026 11:43;-;04/08/2026 02:39;05/08/2026 11:43
CAIXA 42L;-90 C a -60 C;560566;SE;869170034878810;00019200000013784145;MultiModal;04/08/2026 02:39;05/08/2026 11:43;-;04/08/2026 02:39;05/08/2026 11:43
CAIXA 42L;-90 C a -60 C;560566;SE;869170035491530;00019200000013784153;MultiModal;04/08/2026 02:39;05/08/2026 11:43;-;04/08/2026 02:39;05/08/2026 11:43
CAIXA 42L;-90 C a -60 C;560566;SE;869170034887530;00019200000013784161;MultiModal;04/08/2026 02:39;05/08/2026 11:43;-;04/08/2026 02:39;05/08/2026 11:43
CAIXA 42L;-90 C a -60 C;560566;SE;869170034872300;00019200000013789937;MultiModal;04/08/2026 02:39;05/08/2026 11:43;-;04/08/2026 02:39;05/08/2026 11:43
CAIXA 42L;-90 C a -60 C;560566;SE;869170034875378;00019200000013789945;MultiModal;04/08/2026 02:39;05/08/2026 11:43;-;04/08/2026 02:39;05/08/2026 11:43
CAIXA 42L;-90 C a -60 C;560566;SE;869170034885583;00019200000013789953;MultiModal;04/08/2026 02:39;05/08/2026 11:43;-;04/08/2026 02:39;05/08/2026 11:43
CAIXA 42L;-90 C a -60 C;560566;SE;869170034886110;00019200000013789961;MultiModal;04/08/2026 02:39;05/08/2026 11:43;-;04/08/2026 02:39;05/08/2026 11:43
CAIXA 42L;-90 C a -60 C;560566;SE;869170034874447;00019200000013789970;MultiModal;04/08/2026 02:39;05/08/2026 11:43;-;04/08/2026 02:39;05/08/2026 11:43
CAIXA 42L;-90 C a -60 C;560566;SE;869170035510388;00019200000013789988;MultiModal;04/08/2026 02:39;05/08/2026 11:43;-;04/08/2026 02:39;05/08/2026 11:43
CAIXA 42L;-30 C a -15 C;563130;SE;A9555;00019200000013864106;MultiModal;04/08/2026 23:39;05/08/2026 16:25;-;04/08/2026 23:39;05/08/2026 16:02
CAIXA 42L;-35 C a -15 C;563130;SE;A6073;00019200000013864114;MultiModal;04/08/2026 23:39;05/08/2026 16:25;-;04/08/2026 23:39;05/08/2026 16:02
CAIXA 42L;-35 C a -15 C;556179;SP;S1241;00019200000012717746;Rodoviário;18/06/2026 04:02;22/06/2026 13:13;-;18/06/2026 04:02;22/06/2026 13:13
CAIXA 42L;-30 C a -15 C;556179;SP;S1104;00019200000012717754;Rodoviário;18/06/2026 04:02;22/06/2026 13:13;-;18/06/2026 04:02;22/06/2026 13:13
CAIXA 42L;-30 C a -15 C;556298;SP;S0799;00019200000012902039;Rodoviário;18/06/2026 04:26;18/06/2026 14:58;-;18/06/2026 04:26;18/06/2026 14:58
CAIXA 42L;-30 C a -15 C;556298;SP;A5190;00019200000012902047;Rodoviário;18/06/2026 04:26;18/06/2026 14:58;-;18/06/2026 04:26;18/06/2026 14:58
CAIXA 42L;-30 C a -15 C;556298;SP;A6396;00019200000012902250;Rodoviário;18/06/2026 04:26;18/06/2026 14:58;-;18/06/2026 04:26;18/06/2026 14:58
CAIXA 42L;-35 C a -15 C;556589;SP;S1581;00019200000012920509;Rodoviário;18/06/2026 04:02;18/06/2026 09:51;-;18/06/2026 04:02;18/06/2026 09:51
CAIXA 42L;-35 C a -15 C;556589;SP;S1148;00019200000012920517;Rodoviário;18/06/2026 04:02;18/06/2026 09:51;-;18/06/2026 04:02;18/06/2026 09:51
CAIXA 42L;-35 C a -15 C;556589;SP;S1240;00019200000012920525;Rodoviário;18/06/2026 04:02;18/06/2026 09:51;-;18/06/2026 04:02;18/06/2026 09:51
CAIXA 42L;-35 C a -15 C;556709;SP;A8669;00019200000012697516;Rodoviário;16/06/2026 07:53;16/06/2026 17:21;-;16/06/2026 07:53;16/06/2026 17:21
CAIXA 42L;-35 C a -15 C;556717;SP;S0867;00019200000012698873;Rodoviário;18/06/2026 04:28;18/06/2026 14:12;-;18/06/2026 04:28;18/06/2026 14:12
CAIXA 42L;-35 C a -15 C;556830;SP;A9259;00019200000012700339;Rodoviário;18/06/2026 06:51;18/06/2026 11:06;-;18/06/2026 06:51;18/06/2026 11:06
CAIXA 42L;-35 C a -15 C;556830;SP;A7875;00019200000012700347;Rodoviário;18/06/2026 06:51;18/06/2026 11:06;-;18/06/2026 06:51;18/06/2026 11:06
CAIXA 42L;-35 C a -15 C;556830;SP;A3534;00019200000012700355;Rodoviário;18/06/2026 06:51;18/06/2026 11:06;-;18/06/2026 06:51;18/06/2026 11:06
CAIXA 42L;-35 C a -15 C;556830;SP;A9236;00019200000012700363;Rodoviário;18/06/2026 06:51;18/06/2026 11:06;-;18/06/2026 06:51;18/06/2026 11:06
CAIXA 42L;-35 C a -15 C;556830;SP;TA1031;00019200000012700371;Rodoviário;18/06/2026 06:51;18/06/2026 11:06;-;18/06/2026 06:51;18/06/2026 11:06
CAIXA 42L;-35 C a -15 C;556830;SP;A7551;00019200000012700380;Rodoviário;18/06/2026 06:51;18/06/2026 11:06;-;18/06/2026 06:51;18/06/2026 11:06
CAIXA 42L;-35 C a -15 C;556830;SP;A6780;00019200000012919772;Rodoviário;18/06/2026 06:51;18/06/2026 11:06;-;18/06/2026 06:51;18/06/2026 11:06
CAIXA 42L;-35 C a -15 C;556830;SP;A2410;00019200000012919780;Rodoviário;18/06/2026 06:51;18/06/2026 11:06;-;18/06/2026 06:51;18/06/2026 11:06
CAIXA 42L;-35 C a -15 C;556830;SP;A4901;00019200000012919799;Rodoviário;18/06/2026 06:51;18/06/2026 11:06;-;18/06/2026 06:51;18/06/2026 11:06
CAIXA 42L;-35 C a -15 C;556830;SP;A3268;00019200000012919802;Rodoviário;18/06/2026 06:51;18/06/2026 11:06;-;18/06/2026 06:51;18/06/2026 11:06
CAIXA 42L;-35 C a -15 C;556830;SP;TA0999;00019200000012919810;Rodoviário;18/06/2026 06:51;18/06/2026 11:06;-;18/06/2026 06:51;18/06/2026 11:06
CAIXA 42L;-35 C a -15 C;556830;SP;A6294;00019200000012919829;Rodoviário;18/06/2026 06:51;18/06/2026 11:06;-;18/06/2026 06:51;18/06/2026 11:06
CAIXA 42L;-35 C a -15 C;556830;SP;A5228;00019200000012919837;Rodoviário;18/06/2026 06:51;18/06/2026 11:06;-;18/06/2026 06:51;18/06/2026 11:06
CAIXA 42L;-35 C a -15 C;556830;SP;A3522;00019200000012919845;Rodoviário;18/06/2026 06:51;18/06/2026 11:06;-;18/06/2026 06:51;18/06/2026 11:06
CAIXA 42L;-35 C a -15 C;556830;SP;A4356;00019200000012919853;Rodoviário;18/06/2026 06:51;18/06/2026 11:06;-;18/06/2026 06:51;18/06/2026 11:06
CAIXA 42L;-35 C a -15 C;556830;SP;A6501;00019200000012919861;Rodoviário;18/06/2026 06:51;18/06/2026 11:06;-;18/06/2026 06:51;18/06/2026 11:06
CAIXA 42L;-35 C a -15 C;556830;SP;TA0769;00019200000012919870;Rodoviário;18/06/2026 06:51;18/06/2026 11:06;-;18/06/2026 06:51;18/06/2026 11:06
CAIXA 42L;-35 C a -15 C;556830;SP;TA0286;00019200000012919888;Rodoviário;18/06/2026 06:51;18/06/2026 11:06;-;18/06/2026 06:51;18/06/2026 11:06
CAIXA 42L;-35 C a -15 C;557178;SP;S0656;00019200000012685836;Rodoviário;18/06/2026 06:54;18/06/2026 14:56;-;18/06/2026 06:54;18/06/2026 14:56
CAIXA 42L;-25 C a -15 C;559319;SP;A8356;00019200000013247638;Rodoviário;01/07/2026 03:55;01/07/2026 13:54;-;01/07/2026 03:55;01/07/2026 13:54
CAIXA 42L;-25 C a -15 C;559697;SP;A5033;00019200000013422723;Rodoviário;03/07/2026 05:14;03/07/2026 12:42;-;03/07/2026 05:14;03/07/2026 12:42
CAIXA 42L;-35 C a -15 C;559870;SP;A5209;00019200000013415280;Rodoviário;17/07/2026 04:54;17/07/2026 10:18;-;17/07/2026 04:54;20/07/2026 14:05
CAIXA 42L;-25 C a -15 C;559870;SP;A4755;00019200000013415298;Rodoviário;17/07/2026 04:54;17/07/2026 10:18;-;17/07/2026 04:54;20/07/2026 14:05
CAIXA 42L;-35 C a -15 C;559870;SP;A4555;00019200000013415301;Rodoviário;17/07/2026 04:54;17/07/2026 10:18;-;17/07/2026 04:54;20/07/2026 14:05
CAIXA 42L;-30 C a -15 C;559870;SP;A4843;00019200000013415310;Rodoviário;17/07/2026 04:54;17/07/2026 10:18;-;17/07/2026 04:54;20/07/2026 14:05
CAIXA 42L;-30 C a -15 C;560113;SP;A3818;00019200000013451758;Rodoviário;15/07/2026 02:34;15/07/2026 10:05;-;15/07/2026 02:34;15/07/2026 10:05
CAIXA 42L;-25 C a -15 C;561125;SP;A8303;00019200000013478745;Rodoviário;16/07/2026 01:43;16/07/2026 09:34;-;16/07/2026 01:43;16/07/2026 09:34
CAIXA 42L;-90 C a -60 C;561435;SP;869170035491621;00019200000013751824;Rodoviário;27/07/2026 01:06;27/07/2026 09:08;27/07/2026 07:58;27/07/2026 01:06;27/07/2026 09:11
CAIXA 42L;-90 C a -60 C;561435;SP;869170034887332;00019200000013751832;Rodoviário;27/07/2026 01:06;27/07/2026 09:08;27/07/2026 07:58;27/07/2026 01:06;27/07/2026 09:11
CAIXA 42L;-90 C a -60 C;561435;SP;869170034874710;00019200000013751840;Rodoviário;27/07/2026 01:06;27/07/2026 09:08;27/07/2026 07:58;27/07/2026 01:06;27/07/2026 09:11
CAIXA 42L;-90 C a -60 C;561435;SP;869170035511287;00019200000013751859;Rodoviário;27/07/2026 01:06;27/07/2026 09:08;27/07/2026 07:58;27/07/2026 01:06;27/07/2026 09:11
CAIXA 42L;-90 C a -60 C;561435;SP;869170035511360;00019200000013751867;Rodoviário;27/07/2026 01:06;27/07/2026 09:08;27/07/2026 07:58;27/07/2026 01:06;27/07/2026 09:11
CAIXA 42L;-90 C a -60 C;561435;SP;869170035518605;00019200000013751875;Rodoviário;27/07/2026 01:06;27/07/2026 09:08;27/07/2026 07:58;27/07/2026 01:06;27/07/2026 09:11
CAIXA 42L;-15 C a -30 C;562000;SP;A3766;00019200000013595202;Rodoviário;23/07/2026 03:21;23/07/2026 12:49;-;23/07/2026 03:21;23/07/2026 12:49
CAIXA 42L;-30 C a -15 C;563123;SP;A6644;00019200000013870300;Rodoviário;06/08/2026 04:44;06/08/2026 10:49;-;06/08/2026 05:06;06/08/2026 12:33
CAIXA 42L;-35 C a -15 C;563123;SP;A5521;00019200000013870319;Rodoviário;06/08/2026 04:44;06/08/2026 10:49;-;06/08/2026 05:06;06/08/2026 12:33
CAIXA 42L;-30 C a -15 C;563123;SP;A7760;00019200000013870327;Rodoviário;06/08/2026 04:44;06/08/2026 10:49;-;06/08/2026 05:06;06/08/2026 12:33
CAIXA 42L;-30 C a -15 C;563123;SP;TA0579;00019200000013870335;Rodoviário;06/08/2026 04:44;06/08/2026 10:49;-;06/08/2026 05:06;06/08/2026 12:33
CAIXA 42L;-25 C a -15 C;563123;SP;A8174;00019200000013870343;Rodoviário;06/08/2026 04:44;06/08/2026 10:49;-;06/08/2026 05:06;06/08/2026 12:33
CAIXA 42L;-35 C a -15 C;557180;TO;A3929;00019200000012685780;MultiModal;15/06/2026 09:37;16/06/2026 10:00;-;15/06/2026 09:38;16/06/2026 10:00
CAIXA 42L;-30 C a -15 C;559781;TO;A8445;00019200000013419129;MultiModal;07/07/2026 01:13;08/07/2026 18:00;-;07/07/2026 01:13;08/07/2026 18:00
CAIXA 42L;-25 C a -15 C;560364;TO;A8870;00019200000013491555;MultiModal;13/07/2026 01:44;15/07/2026 17:22;-;13/07/2026 01:44;15/07/2026 17:22
CAIXA 42L;-90 C a -60 C;560565;TO;AS-0851;00019200000013789856;MultiModal;03/08/2026 00:41;04/08/2026 15:00;-;03/08/2026 00:41;04/08/2026 15:00
CAIXA 42L;-90 C a -60 C;560565;TO;AS-0095;00019200000013789864;MultiModal;03/08/2026 00:41;04/08/2026 15:00;-;03/08/2026 00:41;04/08/2026 15:00
CAIXA 42L;-90 C a -60 C;560565;TO;AS-0001;00019200000013789872;MultiModal;03/08/2026 00:41;04/08/2026 15:00;-;03/08/2026 00:41;04/08/2026 15:00
CAIXA 42L;-90 C a -60 C;560565;TO;AS-0259;00019200000013789880;MultiModal;03/08/2026 00:41;04/08/2026 15:00;-;03/08/2026 00:41;04/08/2026 15:00
CAIXA 42L;-90 C a -60 C;560565;TO;AS-0635;00019200000013789899;MultiModal;03/08/2026 00:41;04/08/2026 15:00;-;03/08/2026 00:41;04/08/2026 15:00
CAIXA 42L;-90 C a -60 C;560565;TO;AS-0716;00019200000013789902;MultiModal;03/08/2026 00:41;04/08/2026 15:00;-;03/08/2026 00:41;04/08/2026 15:00
CAIXA 42L;-90 C a -60 C;560565;TO;AS-0462;00019200000013789910;MultiModal;03/08/2026 00:41;04/08/2026 15:00;-;03/08/2026 00:41;04/08/2026 15:00
CAIXA 42L;-90 C a -60 C;560565;TO;AS-0182;00019200000013789929;MultiModal;03/08/2026 00:41;04/08/2026 15:00;-;03/08/2026 00:41;04/08/2026 15:00
CAIXA 42L;-30 C a -15 C;563104;TO;A9410;00019200000013863851;MultiModal;04/08/2026 23:37;06/08/2026 12:14;-;04/08/2026 23:37;06/08/2026 12:14
CAIXA 42L;-35 C a -15 C;563104;TO;A6513;00019200000013863860;MultiModal;04/08/2026 23:37;06/08/2026 12:14;-;04/08/2026 23:37;06/08/2026 12:14
