Pedido;UF;Logger;LPN;MODAL;Data da coleta;Data da entrega;COLETA EMBARQUE;ENTREGA EMBARQUE
556134;AC;TA0236;00019200000012729612;MultiModal;06/06/2026 05:04;10/06/2026 18:00;-;-
556134;AC;A7827;00019200000012729620;MultiModal;06/06/2026 05:04;10/06/2026 18:00;-;-
556134;AC;TA0441;00019200000012729639;MultiModal;06/06/2026 05:04;10/06/2026 18:00;-;-
556134;AC;A7537;00019200000012729655;MultiModal;06/06/2026 05:04;10/06/2026 18:00;-;-
556134;AC;A9125;00019200000012729663;MultiModal;06/06/2026 05:04;10/06/2026 18:00;-;-
556134;AC;A0185;00019200000012857793;MultiModal;06/06/2026 05:04;10/06/2026 18:00;-;-
556134;AC;A6837;00019200000012857815;MultiModal;06/06/2026 05:04;10/06/2026 18:00;-;-
556182;AC;A7486;00019200000012729574;MultiModal;09/06/2026 04:41;11/06/2026 09:50;-;-
556260;AC;A8371;00019200000012730572;MultiModal;06/06/2026 05:05;10/06/2026 18:00;-;-
556260;AC;A6835;00019200000012730580;MultiModal;06/06/2026 05:05;10/06/2026 18:00;-;-
557836;AC;TA1032;00019200000013240404;MultiModal;22/06/2026 00:40;25/06/2026 10:00;22/06/2026 00:40;25/06/2026 10:00
558494;AC;A5741;00019200000013439790;MultiModal;13/07/2026 23:14;-;-;-
558494;AC;A8576;00019200000013439804;MultiModal;13/07/2026 23:14;-;-;-
558494;AC;A8626;00019200000013486292;MultiModal;13/07/2026 23:14;-;13/07/2026 23:14;-
558494;AC;A4171;00019200000013486306;MultiModal;13/07/2026 23:14;-;13/07/2026 23:14;-
558494;AC;A5239;00019200000013486314;MultiModal;13/07/2026 23:14;-;13/07/2026 23:14;-
558494;AC;A3583;00019200000013486322;MultiModal;13/07/2026 23:14;-;13/07/2026 23:14;-
558494;AC;A6101;00019200000013486349;MultiModal;13/07/2026 23:14;-;13/07/2026 23:14;-
558494;AC;A3114;00019200000013486357;MultiModal;13/07/2026 23:14;-;13/07/2026 23:14;-
558494;AC;A7323;00019200000013486438;MultiModal;13/07/2026 23:14;-;-;-
558494;AC;A2963;00019200000013486446;MultiModal;13/07/2026 23:14;-;13/07/2026 23:14;-
558494;AC;A5392;00019200000013486454;MultiModal;13/07/2026 23:14;-;13/07/2026 23:14;-
558494;AC;A5277;00019200000013486462;MultiModal;13/07/2026 23:14;-;13/07/2026 23:14;-
558494;AC;A0500;00019200000013486470;MultiModal;13/07/2026 23:14;-;-;-
558494;AC;A7720;00019200000013486497;MultiModal;13/07/2026 23:14;-;-;-
558494;AC;A1843;00019200000013486500;MultiModal;13/07/2026 23:14;-;13/07/2026 23:14;-
558494;AC;A8349;00019200000013486519;MultiModal;13/07/2026 23:14;-;13/07/2026 23:14;-
558494;AC;A2545;00019200000013486527;MultiModal;13/07/2026 23:14;-;13/07/2026 23:14;-
558494;AC;A9389;00019200000013486535;MultiModal;13/07/2026 23:14;-;13/07/2026 23:14;-
558494;AC;A9077;00019200000013486543;MultiModal;13/07/2026 23:14;-;-;-
558494;AC;A5987;00019200000013486551;MultiModal;13/07/2026 23:14;-;13/07/2026 23:14;-
558494;AC;A4201;00019200000013486560;MultiModal;13/07/2026 23:14;-;13/07/2026 23:14;-
558494;AC;A3275;00019200000013486578;MultiModal;13/07/2026 23:14;-;13/07/2026 23:14;-
558494;AC;A1877;00019200000013486586;MultiModal;13/07/2026 23:14;-;-;-
558494;AC;A9345;00019200000013486594;MultiModal;13/07/2026 23:14;-;-;-
558494;AC;A7245;00019200000013486608;MultiModal;13/07/2026 23:14;-;-;-
558494;AC;A2995;00019200000013486616;MultiModal;13/07/2026 23:14;-;13/07/2026 23:14;-
558494;AC;A0576;00019200000013486624;MultiModal;13/07/2026 23:14;-;-;-
558494;AC;A9508;00019200000013486632;MultiModal;13/07/2026 23:14;-;-;-
558494;AC;A8965;00019200000013486640;MultiModal;13/07/2026 23:14;-;-;-
558494;AC;A9277;00019200000013486659;MultiModal;13/07/2026 23:14;-;-;-
558494;AC;A6854;00019200000013486667;MultiModal;13/07/2026 23:14;-;-;-
558494;AC;A5925;00019200000013486675;MultiModal;13/07/2026 23:14;-;-;-
558494;AC;A9523;00019200000013486683;MultiModal;13/07/2026 23:14;-;-;-
559020;AC;A8111;00019200000013249355;MultiModal;01/07/2026 01:06;06/07/2026 17:00;01/07/2026 01:06;06/07/2026 17:00
559020;AC;A7486;00019200000013249363;MultiModal;01/07/2026 01:06;06/07/2026 17:00;01/07/2026 01:06;06/07/2026 17:00
559922;AC;A8434;00019200000013414402;MultiModal;08/07/2026 05:31;13/07/2026 18:00;08/07/2026 05:31;13/07/2026 18:00
559922;AC;A8256;00019200000013414410;MultiModal;08/07/2026 05:31;13/07/2026 18:00;08/07/2026 05:31;13/07/2026 18:00
559922;AC;A2952;00019200000013414429;MultiModal;08/07/2026 05:31;13/07/2026 18:00;08/07/2026 05:31;13/07/2026 18:00
559922;AC;A2832;00019200000013414437;MultiModal;08/07/2026 05:31;13/07/2026 18:00;08/07/2026 05:31;13/07/2026 18:00
559922;AC;A8035;00019200000013414445;MultiModal;08/07/2026 05:31;13/07/2026 18:00;08/07/2026 05:31;13/07/2026 18:00
559922;AC;A7634;00019200000013414453;MultiModal;08/07/2026 05:31;13/07/2026 18:00;08/07/2026 05:31;13/07/2026 18:00
559922;AC;A8106;00019200000013414461;MultiModal;08/07/2026 05:31;13/07/2026 18:00;08/07/2026 05:31;13/07/2026 18:00
559922;AC;TA1047;00019200000013414470;MultiModal;08/07/2026 05:31;13/07/2026 18:00;08/07/2026 05:31;13/07/2026 18:00
559922;AC;A4474;00019200000013414488;MultiModal;08/07/2026 05:31;13/07/2026 18:00;08/07/2026 05:31;13/07/2026 18:00
559940;AC;A6987;00019200000013414534;MultiModal;08/07/2026 05:31;13/07/2026 18:00;08/07/2026 05:31;13/07/2026 18:00
559941;AC;A6857;00019200000013412663;MultiModal;09/07/2026 01:55;11/07/2026 15:00;09/07/2026 01:55;11/07/2026 15:00
560310;AC;A7950;00019200000013488228;MultiModal;13/07/2026 00:46;-;13/07/2026 00:46;-
560310;AC;A7934;00019200000013488236;MultiModal;13/07/2026 00:46;-;13/07/2026 00:46;-
556135;AL;TA1233;00019200000012729183;MultiModal;10/06/2026 10:20;11/06/2026 17:00;-;-
556135;AL;A3207;00019200000012729191;MultiModal;10/06/2026 10:20;11/06/2026 17:00;-;-
556135;AL;A4911;00019200000012729205;MultiModal;10/06/2026 10:20;11/06/2026 17:00;-;-
556135;AL;TA1219;00019200000012729248;MultiModal;10/06/2026 10:20;11/06/2026 17:00;-;-
556135;AL;TA0206;00019200000012729256;MultiModal;10/06/2026 10:20;11/06/2026 17:00;-;-
556135;AL;A3042;00019200000012729264;MultiModal;10/06/2026 10:20;11/06/2026 17:00;-;-
556135;AL;A3802;00019200000012729272;MultiModal;10/06/2026 10:20;11/06/2026 17:00;-;-
556135;AL;A0400;00019200000012729744;MultiModal;10/06/2026 10:20;11/06/2026 17:00;-;-
556135;AL;A0026;00019200000012729752;MultiModal;10/06/2026 10:20;11/06/2026 17:00;-;-
556135;AL;A4838;00019200000012729760;MultiModal;10/06/2026 10:20;11/06/2026 17:00;-;-
556135;AL;A2816;00019200000012729779;MultiModal;10/06/2026 10:20;11/06/2026 17:00;-;-
556135;AL;TA1136;00019200000012729787;MultiModal;10/06/2026 10:20;11/06/2026 17:00;-;-
556135;AL;A9424;00019200000012729795;MultiModal;10/06/2026 10:20;11/06/2026 17:00;-;-
556135;AL;TA0468;00019200000012729809;MultiModal;10/06/2026 10:20;11/06/2026 17:00;-;-
556135;AL;TA0454;00019200000012729817;MultiModal;10/06/2026 10:20;11/06/2026 17:00;-;-
556135;AL;TA1048;00019200000012729825;MultiModal;10/06/2026 10:20;11/06/2026 17:00;-;-
556135;AL;A4586;00019200000012729841;MultiModal;10/06/2026 10:20;11/06/2026 17:00;-;-
556135;AL;A2756;00019200000012729850;MultiModal;10/06/2026 10:20;11/06/2026 17:00;-;-
556135;AL;A5107;00019200000012729868;MultiModal;10/06/2026 10:20;11/06/2026 17:00;-;-
556135;AL;A4139;00019200000012729876;MultiModal;10/06/2026 10:20;11/06/2026 17:00;-;-
556135;AL;TA0906;00019200000012729892;MultiModal;10/06/2026 10:20;11/06/2026 17:00;-;-
556135;AL;A8136;00019200000012729906;MultiModal;10/06/2026 10:20;11/06/2026 17:00;-;-
556135;AL;A5434;00019200000012729914;MultiModal;10/06/2026 10:20;11/06/2026 17:00;-;-
556135;AL;TA0504;00019200000012729922;MultiModal;10/06/2026 10:20;11/06/2026 17:00;-;-
556135;AL;A5050;00019200000012729930;MultiModal;10/06/2026 10:20;11/06/2026 17:00;-;-
556135;AL;TA0556;00019200000012729949;MultiModal;10/06/2026 10:20;11/06/2026 17:00;-;-
556135;AL;TA0532;00019200000012729957;MultiModal;10/06/2026 10:20;11/06/2026 17:00;-;-
556135;AL;A7559;00019200000012729965;MultiModal;10/06/2026 10:20;11/06/2026 17:00;-;-
556135;AL;A4792;00019200000012729981;MultiModal;10/06/2026 10:20;11/06/2026 17:00;-;-
556195;AL;A5747;00019200000012729396;MultiModal;10/06/2026 03:29;11/06/2026 18:00;-;-
556195;AL;A7319;00019200000012729400;MultiModal;10/06/2026 03:29;11/06/2026 18:00;-;-
556195;AL;A4626;00019200000012729418;MultiModal;10/06/2026 03:29;11/06/2026 18:00;-;-
556355;AL;A7281;00019200000012728900;MultiModal;10/06/2026 03:03;11/06/2026 18:00;-;-
559947;AL;TA0604;00019200000013412701;MultiModal;13/07/2026 01:43;-;13/07/2026 01:43;-
559947;AL;A5693;00019200000013412710;MultiModal;13/07/2026 01:43;-;13/07/2026 01:43;-
559947;AL;TA0468;00019200000013412728;MultiModal;13/07/2026 01:43;-;13/07/2026 01:43;-
559947;AL;A3809;00019200000013412736;MultiModal;13/07/2026 01:43;-;13/07/2026 04:06;-
559947;AL;TA0595;00019200000013412744;MultiModal;13/07/2026 01:43;-;13/07/2026 01:43;-
559947;AL;TA1203;00019200000013412752;MultiModal;13/07/2026 01:43;-;13/07/2026 04:06;-
559947;AL;A4686;00019200000013412760;MultiModal;13/07/2026 01:43;-;13/07/2026 04:06;-
559947;AL;A1027;00019200000013412779;MultiModal;13/07/2026 01:43;-;13/07/2026 04:06;-
559947;AL;A5384;00019200000013412787;MultiModal;13/07/2026 01:43;-;13/07/2026 04:06;-
559947;AL;A0458;00019200000013412795;MultiModal;13/07/2026 01:43;-;13/07/2026 04:06;-
559947;AL;A3208;00019200000013412809;MultiModal;13/07/2026 01:43;-;13/07/2026 04:06;-
559947;AL;TA1037;00019200000013412817;MultiModal;13/07/2026 01:43;-;13/07/2026 04:06;-
559947;AL;TA0327;00019200000013412825;MultiModal;13/07/2026 01:43;-;13/07/2026 04:06;-
559947;AL;A3917;00019200000013412833;MultiModal;13/07/2026 01:43;-;13/07/2026 04:06;-
559947;AL;TA0628;00019200000013413040;MultiModal;13/07/2026 01:43;-;13/07/2026 01:43;-
559947;AL;A0620;00019200000013413058;MultiModal;13/07/2026 01:43;-;13/07/2026 01:43;-
559947;AL;A4464;00019200000013413066;MultiModal;13/07/2026 01:43;-;13/07/2026 01:43;-
559947;AL;A4881;00019200000013413074;MultiModal;13/07/2026 01:43;-;13/07/2026 01:43;-
559947;AL;A4047;00019200000013413082;MultiModal;13/07/2026 01:43;-;13/07/2026 01:43;-
559947;AL;A6010;00019200000013413090;MultiModal;13/07/2026 01:43;-;13/07/2026 01:43;-
559947;AL;A0970;00019200000013413104;MultiModal;13/07/2026 01:43;-;13/07/2026 01:43;-
559961;AL;A0675;00019200000013418300;MultiModal;07/07/2026 05:43;08/07/2026 11:05;07/07/2026 05:43;08/07/2026 11:05
560081;AL;A7763;00019200000013406710;MultiModal;09/07/2026 04:24;10/07/2026 17:00;09/07/2026 04:24;10/07/2026 17:00
560206;AL;A4126;00019200000012708925;MultiModal;09/07/2026 04:25;10/07/2026 17:00;09/07/2026 04:25;-
560206;AL;A3712;00019200000013208110;MultiModal;09/07/2026 04:25;10/07/2026 17:00;13/07/2026 00:34;-
560206;AL;A4763;00019200000013208128;MultiModal;09/07/2026 04:25;10/07/2026 17:00;13/07/2026 00:34;-
560206;AL;TA0263;00019200000013208136;MultiModal;09/07/2026 04:25;10/07/2026 17:00;13/07/2026 05:03;-
560206;AL;A4964;00019200000013208144;MultiModal;09/07/2026 04:25;10/07/2026 17:00;13/07/2026 05:03;-
560206;AL;A4045;00019200000013208152;MultiModal;09/07/2026 04:25;10/07/2026 17:00;13/07/2026 00:34;-
560206;AL;A4328;00019200000013208241;MultiModal;09/07/2026 04:25;10/07/2026 17:00;13/07/2026 05:03;-
560206;AL;A3596;00019200000013404822;MultiModal;09/07/2026 04:25;10/07/2026 17:00;09/07/2026 04:25;-
560206;AL;TA1026;00019200000013404830;MultiModal;09/07/2026 04:25;10/07/2026 17:00;13/07/2026 00:34;-
560206;AL;A8971;00019200000013404849;MultiModal;09/07/2026 04:25;10/07/2026 17:00;09/07/2026 04:25;-
560206;AL;A7846;00019200000013404865;MultiModal;09/07/2026 04:25;10/07/2026 17:00;09/07/2026 04:25;-
560206;AL;TA0860;00019200000013404873;MultiModal;09/07/2026 04:25;10/07/2026 17:00;09/07/2026 04:25;-
560206;AL;A1406;00019200000013404881;MultiModal;09/07/2026 04:25;10/07/2026 17:00;09/07/2026 04:25;-
560206;AL;A6724;00019200000013404890;MultiModal;09/07/2026 04:25;10/07/2026 17:00;13/07/2026 05:03;-
560206;AL;A3373;00019200000013404903;MultiModal;09/07/2026 04:25;10/07/2026 17:00;13/07/2026 00:34;-
560206;AL;A4408;00019200000013404911;MultiModal;09/07/2026 04:25;10/07/2026 17:00;13/07/2026 05:03;-
560206;AL;A4079;00019200000013404920;MultiModal;09/07/2026 04:25;10/07/2026 17:00;13/07/2026 05:03;-
560206;AL;A6920;00019200000013404938;MultiModal;09/07/2026 04:25;10/07/2026 17:00;13/07/2026 05:03;-
560206;AL;A5961;00019200000013404946;MultiModal;09/07/2026 04:25;10/07/2026 17:00;13/07/2026 05:03;-
560206;AL;A5345;00019200000013404954;MultiModal;09/07/2026 04:25;10/07/2026 17:00;13/07/2026 05:03;-
560206;AL;A5307;00019200000013404962;MultiModal;09/07/2026 04:25;10/07/2026 17:00;13/07/2026 05:03;-
560206;AL;A6242;00019200000013404970;MultiModal;09/07/2026 04:25;10/07/2026 17:00;13/07/2026 05:03;-
560206;AL;A3168;00019200000013404989;MultiModal;09/07/2026 04:25;10/07/2026 17:00;13/07/2026 05:03;-
560206;AL;A7559;00019200000013404997;MultiModal;09/07/2026 04:25;10/07/2026 17:00;13/07/2026 00:34;-
560206;AL;A7588;00019200000013405004;MultiModal;09/07/2026 04:25;10/07/2026 17:00;13/07/2026 05:03;-
560206;AL;A9130;00019200000013406213;MultiModal;09/07/2026 04:25;10/07/2026 17:00;13/07/2026 00:34;-
560206;AL;A0431;00019200000013406248;MultiModal;09/07/2026 04:25;10/07/2026 17:00;13/07/2026 05:03;-
560206;AL;A9285;00019200000013406590;MultiModal;09/07/2026 04:25;10/07/2026 17:00;09/07/2026 04:25;-
560206;AL;A8566;00019200000013406604;MultiModal;09/07/2026 04:25;10/07/2026 17:00;09/07/2026 04:25;-
560206;AL;A5502;00019200000013406612;MultiModal;09/07/2026 04:25;10/07/2026 17:00;09/07/2026 04:25;-
560206;AL;A6903;00019200000013406620;MultiModal;09/07/2026 04:25;10/07/2026 17:00;09/07/2026 04:25;-
560206;AL;A4223;00019200000013406639;MultiModal;09/07/2026 04:25;10/07/2026 17:00;09/07/2026 04:25;-
560206;AL;A9560;00019200000013406647;MultiModal;09/07/2026 04:25;10/07/2026 17:00;09/07/2026 04:25;-
560206;AL;A6307;00019200000013406655;MultiModal;09/07/2026 04:25;10/07/2026 17:00;09/07/2026 04:25;-
560206;AL;A7286;00019200000013406663;MultiModal;09/07/2026 04:25;10/07/2026 17:00;09/07/2026 04:25;-
560206;AL;A8005;00019200000013406671;MultiModal;09/07/2026 04:25;10/07/2026 17:00;09/07/2026 04:25;-
560206;AL;A5210;00019200000013407546;MultiModal;09/07/2026 04:25;10/07/2026 17:00;13/07/2026 05:03;-
560206;AL;A7914;00019200000013407554;MultiModal;09/07/2026 04:25;10/07/2026 17:00;13/07/2026 05:03;-
560206;AL;A9324;00019200000013407562;MultiModal;09/07/2026 04:25;10/07/2026 17:00;13/07/2026 05:03;-
560206;AL;A5178;00019200000013410350;MultiModal;09/07/2026 04:25;10/07/2026 17:00;13/07/2026 00:34;-
560206;AL;A4775;00019200000013410750;MultiModal;09/07/2026 04:25;10/07/2026 17:00;09/07/2026 04:25;-
560206;AL;A1391;00019200000013410768;MultiModal;09/07/2026 04:25;10/07/2026 17:00;09/07/2026 04:25;-
560206;AL;A2890;00019200000013410792;MultiModal;09/07/2026 04:25;10/07/2026 17:00;09/07/2026 04:25;-
560206;AL;A0941;00019200000013410806;MultiModal;09/07/2026 04:25;10/07/2026 17:00;09/07/2026 04:25;-
560206;AL;A3131;00019200000013417401;MultiModal;09/07/2026 04:25;10/07/2026 17:00;13/07/2026 00:34;-
560206;AL;A5654;00019200000013417410;MultiModal;09/07/2026 04:25;10/07/2026 17:00;13/07/2026 00:34;-
560206;AL;TA0370;00019200000013417428;MultiModal;09/07/2026 04:25;10/07/2026 17:00;13/07/2026 00:34;-
560206;AL;A4214;00019200000013417436;MultiModal;09/07/2026 04:25;10/07/2026 17:00;13/07/2026 00:34;-
560206;AL;A2316;00019200000013417444;MultiModal;09/07/2026 04:25;10/07/2026 17:00;13/07/2026 00:34;-
560206;AL;A2518;00019200000013417452;MultiModal;09/07/2026 04:25;10/07/2026 17:00;13/07/2026 00:34;-
560206;AL;A6207;00019200000013417460;MultiModal;09/07/2026 04:25;10/07/2026 17:00;13/07/2026 00:34;-
560206;AL;TA0092;00019200000013417479;MultiModal;09/07/2026 04:25;10/07/2026 17:00;13/07/2026 00:34;-
560206;AL;A5182;00019200000013417517;MultiModal;09/07/2026 04:25;10/07/2026 17:00;13/07/2026 00:34;-
560263;AL;A7597;00019200000013488589;MultiModal;14/07/2026 03:31;-;14/07/2026 03:31;-
560263;AL;A6184;00019200000013488597;MultiModal;14/07/2026 03:31;-;14/07/2026 03:31;-
560263;AL;A3622;00019200000013488600;MultiModal;14/07/2026 03:31;-;14/07/2026 03:31;-
560263;AL;TA0074;00019200000013488619;MultiModal;14/07/2026 03:31;-;14/07/2026 03:31;-
560263;AL;A4601;00019200000013488627;MultiModal;14/07/2026 03:31;-;14/07/2026 03:31;-
560263;AL;A1787;00019200000013488635;MultiModal;14/07/2026 03:31;-;14/07/2026 03:31;-
560263;AL;TA0289;00019200000013488643;MultiModal;14/07/2026 03:31;-;14/07/2026 03:31;-
556110;AM;A5998;00019200000012730130;MultiModal;11/06/2026 00:29;12/06/2026 15:00;-;-
556110;AM;A3318;00019200000012730149;MultiModal;11/06/2026 00:29;12/06/2026 15:00;-;-
556110;AM;A9375;00019200000012730157;MultiModal;11/06/2026 00:29;12/06/2026 15:00;-;-
556110;AM;A8555;00019200000012730165;MultiModal;11/06/2026 00:29;12/06/2026 15:00;-;-
556110;AM;A8455;00019200000012730173;MultiModal;11/06/2026 00:29;12/06/2026 15:00;-;-
556110;AM;A2021;00019200000012730190;MultiModal;11/06/2026 00:29;12/06/2026 15:00;-;-
556553;AM;TA0565;00019200000012729388;MultiModal;06/06/2026 04:55;09/06/2026 15:30;-;-
556595;AM;A9312;00019200000012906522;MultiModal;10/06/2026 08:02;12/06/2026 15:00;-;-
558043;AM;TA1141;00019200000012699373;MultiModal;22/06/2026 00:46;23/06/2026 09:30;22/06/2026 00:46;23/06/2026 09:30
558043;AM;A6646;00019200000012699381;MultiModal;22/06/2026 00:46;23/06/2026 09:30;22/06/2026 00:46;23/06/2026 09:30
558043;AM;A1622;00019200000012699390;MultiModal;22/06/2026 00:46;23/06/2026 09:30;22/06/2026 00:46;23/06/2026 09:30
558043;AM;A7760;00019200000012699403;MultiModal;22/06/2026 00:46;23/06/2026 09:30;22/06/2026 00:46;23/06/2026 09:30
558043;AM;TA0750;00019200000012699411;MultiModal;22/06/2026 00:46;23/06/2026 09:30;22/06/2026 00:46;23/06/2026 09:30
558043;AM;TA0632;00019200000012699420;MultiModal;22/06/2026 00:46;23/06/2026 09:30;22/06/2026 00:46;23/06/2026 09:30
558043;AM;A6310;00019200000012699438;MultiModal;22/06/2026 00:46;23/06/2026 09:30;22/06/2026 00:46;23/06/2026 09:30
558043;AM;TA0195;00019200000012699659;MultiModal;22/06/2026 00:46;23/06/2026 09:30;22/06/2026 00:46;23/06/2026 09:30
558043;AM;A7736;00019200000012699667;MultiModal;22/06/2026 00:46;23/06/2026 09:30;23/06/2026 03:09;24/06/2026 09:30
558043;AM;A6887;00019200000012699675;MultiModal;22/06/2026 00:46;23/06/2026 09:30;23/06/2026 03:09;24/06/2026 09:30
558043;AM;TA0644;00019200000012699683;MultiModal;22/06/2026 00:46;23/06/2026 09:30;22/06/2026 00:46;23/06/2026 09:30
558043;AM;A0819;00019200000012699691;MultiModal;22/06/2026 00:46;23/06/2026 09:30;22/06/2026 00:46;23/06/2026 09:30
558043;AM;A7968;00019200000012699705;MultiModal;22/06/2026 00:46;23/06/2026 09:30;22/06/2026 00:46;23/06/2026 09:30
558043;AM;A2222;00019200000012699713;MultiModal;22/06/2026 00:46;23/06/2026 09:30;22/06/2026 00:46;23/06/2026 09:30
558043;AM;A8922;00019200000013234668;MultiModal;22/06/2026 00:46;23/06/2026 09:30;23/06/2026 03:09;24/06/2026 09:30
558043;AM;A7062;00019200000013234676;MultiModal;22/06/2026 00:46;23/06/2026 09:30;23/06/2026 03:09;24/06/2026 09:30
558043;AM;A7481;00019200000013234684;MultiModal;22/06/2026 00:46;23/06/2026 09:30;23/06/2026 03:09;24/06/2026 09:30
558043;AM;A7836;00019200000013234692;MultiModal;22/06/2026 00:46;23/06/2026 09:30;23/06/2026 03:09;24/06/2026 09:30
558043;AM;A0173;00019200000013234706;MultiModal;22/06/2026 00:46;23/06/2026 09:30;23/06/2026 03:09;24/06/2026 09:30
558043;AM;A4645;00019200000013236539;MultiModal;22/06/2026 00:46;23/06/2026 09:30;22/06/2026 00:46;23/06/2026 09:30
558043;AM;A8775;00019200000013236547;MultiModal;22/06/2026 00:46;23/06/2026 09:30;23/06/2026 03:09;24/06/2026 09:30
558043;AM;A5648;00019200000013236555;MultiModal;22/06/2026 00:46;23/06/2026 09:30;23/06/2026 03:09;24/06/2026 09:30
558043;AM;A0542;00019200000013236563;MultiModal;22/06/2026 00:46;23/06/2026 09:30;23/06/2026 03:09;24/06/2026 09:30
558043;AM;A7147;00019200000013236571;MultiModal;22/06/2026 00:46;23/06/2026 09:30;23/06/2026 03:09;24/06/2026 09:30
558043;AM;TA0187;00019200000013236580;MultiModal;22/06/2026 00:46;23/06/2026 09:30;22/06/2026 00:46;23/06/2026 09:30
558043;AM;A6625;00019200000013236598;MultiModal;22/06/2026 00:46;23/06/2026 09:30;23/06/2026 03:09;24/06/2026 09:30
558043;AM;A4774;00019200000013236601;MultiModal;22/06/2026 00:46;23/06/2026 09:30;22/06/2026 00:46;23/06/2026 09:30
558043;AM;A8185;00019200000013236610;MultiModal;22/06/2026 00:46;23/06/2026 09:30;23/06/2026 03:09;24/06/2026 09:30
558043;AM;A6478;00019200000013236628;MultiModal;22/06/2026 00:46;23/06/2026 09:30;23/06/2026 03:09;24/06/2026 09:30
558043;AM;A8063;00019200000013236636;MultiModal;22/06/2026 00:46;23/06/2026 09:30;23/06/2026 03:09;24/06/2026 09:30
558043;AM;A4853;00019200000013236644;MultiModal;22/06/2026 00:46;23/06/2026 09:30;23/06/2026 03:09;24/06/2026 09:30
558043;AM;A6701;00019200000013236652;MultiModal;22/06/2026 00:46;23/06/2026 09:30;23/06/2026 03:09;24/06/2026 09:30
558043;AM;A7281;00019200000013236660;MultiModal;22/06/2026 00:46;23/06/2026 09:30;22/06/2026 00:46;23/06/2026 09:30
558043;AM;A9126;00019200000013236679;MultiModal;22/06/2026 00:46;23/06/2026 09:30;23/06/2026 03:09;24/06/2026 09:30
558043;AM;A7895;00019200000013236687;MultiModal;22/06/2026 00:46;23/06/2026 09:30;23/06/2026 03:09;24/06/2026 09:30
558043;AM;A7284;00019200000013236695;MultiModal;22/06/2026 00:46;23/06/2026 09:30;23/06/2026 03:09;24/06/2026 09:30
558043;AM;A9511;00019200000013236709;MultiModal;22/06/2026 00:46;23/06/2026 09:30;23/06/2026 03:09;24/06/2026 09:30
558043;AM;A5611;00019200000013236717;MultiModal;22/06/2026 00:46;23/06/2026 09:30;22/06/2026 00:46;23/06/2026 09:30
558043;AM;A9623;00019200000013236725;MultiModal;22/06/2026 00:46;23/06/2026 09:30;22/06/2026 00:46;23/06/2026 09:30
558043;AM;A9090;00019200000013236733;MultiModal;22/06/2026 00:46;23/06/2026 09:30;22/06/2026 00:46;23/06/2026 09:30
558043;AM;A6604;00019200000013236741;MultiModal;22/06/2026 00:46;23/06/2026 09:30;22/06/2026 00:46;23/06/2026 09:30
558043;AM;A6337;00019200000013236750;MultiModal;22/06/2026 00:46;23/06/2026 09:30;22/06/2026 00:46;23/06/2026 09:30
558043;AM;A1458;00019200000013236768;MultiModal;22/06/2026 00:46;23/06/2026 09:30;23/06/2026 03:09;24/06/2026 09:30
558043;AM;A9498;00019200000013236776;MultiModal;22/06/2026 00:46;23/06/2026 09:30;23/06/2026 03:09;24/06/2026 09:30
558043;AM;A0315;00019200000013236784;MultiModal;22/06/2026 00:46;23/06/2026 09:30;23/06/2026 03:09;24/06/2026 09:30
558043;AM;TA0959;00019200000013236792;MultiModal;22/06/2026 00:46;23/06/2026 09:30;22/06/2026 00:46;23/06/2026 09:30
558043;AM;A6463;00019200000013236806;MultiModal;22/06/2026 00:46;23/06/2026 09:30;22/06/2026 00:46;23/06/2026 09:30
558053;AM;A6993;00019200000013211293;MultiModal;17/06/2026 23:57;19/06/2026 11:00;17/06/2026 23:57;19/06/2026 11:00
559892;AM;A4886;00019200000013419595;MultiModal;07/07/2026 00:58;08/07/2026 11:55;07/07/2026 00:58;08/07/2026 11:55
559923;AM;A3676;00019200000013208055;MultiModal;08/07/2026 03:45;09/07/2026 13:10;08/07/2026 03:45;09/07/2026 13:10
559923;AM;A1613;00019200000013208063;MultiModal;08/07/2026 03:45;09/07/2026 13:10;08/07/2026 03:45;09/07/2026 13:10
559923;AM;TA1159;00019200000013208071;MultiModal;08/07/2026 03:45;09/07/2026 13:10;08/07/2026 03:45;09/07/2026 13:10
559923;AM;A9384;00019200000013208080;MultiModal;08/07/2026 03:45;09/07/2026 13:10;08/07/2026 03:45;09/07/2026 13:10
559923;AM;A4777;00019200000013208098;MultiModal;08/07/2026 03:45;09/07/2026 13:10;08/07/2026 03:45;09/07/2026 13:10
559923;AM;A0403;00019200000013208101;MultiModal;08/07/2026 03:45;09/07/2026 13:10;08/07/2026 03:45;09/07/2026 13:10
559923;AM;A0482;00019200000013416537;MultiModal;08/07/2026 03:45;09/07/2026 13:10;08/07/2026 03:45;09/07/2026 13:10
560082;AM;A4053;00019200000013492608;MultiModal;13/07/2026 04:07;14/07/2026 16:07;13/07/2026 04:07;14/07/2026 16:07
560082;AM;A9516;00019200000013492616;MultiModal;13/07/2026 04:07;14/07/2026 16:07;13/07/2026 04:07;14/07/2026 16:07
560389;AM;A6084;00019200000013485601;MultiModal;14/07/2026 03:18;-;14/07/2026 03:18;-
560389;AM;A9380;00019200000013485610;MultiModal;14/07/2026 03:18;-;14/07/2026 03:18;-
560389;AM;A3313;00019200000013485628;MultiModal;14/07/2026 03:18;-;14/07/2026 03:18;-
560389;AM;A8283;00019200000013485636;MultiModal;14/07/2026 03:18;-;14/07/2026 03:18;-
560389;AM;A5728;00019200000013485644;MultiModal;14/07/2026 03:18;-;14/07/2026 03:18;-
560389;AM;A5574;00019200000013485652;MultiModal;14/07/2026 03:18;-;14/07/2026 03:18;-
560389;AM;TA0334;00019200000013485660;MultiModal;14/07/2026 03:18;-;14/07/2026 03:18;-
560389;AM;A6391;00019200000013485679;MultiModal;14/07/2026 03:18;-;14/07/2026 03:18;-
560389;AM;A8458;00019200000013485687;MultiModal;14/07/2026 03:18;-;14/07/2026 03:18;-
560389;AM;A5254;00019200000013485695;MultiModal;14/07/2026 03:18;-;14/07/2026 03:18;-
560389;AM;A6063;00019200000013485709;MultiModal;14/07/2026 03:18;-;14/07/2026 03:18;-
560389;AM;A5690;00019200000013485717;MultiModal;14/07/2026 03:18;-;14/07/2026 03:18;-
560389;AM;A5482;00019200000013485725;MultiModal;14/07/2026 03:18;-;14/07/2026 03:18;-
560389;AM;A1304;00019200000013485733;MultiModal;14/07/2026 03:18;-;14/07/2026 03:18;-
555895;AP;A9286;00019200000012721875;MultiModal;01/06/2026 22:09;03/06/2026 10:09;-;-
555895;AP;A9364;00019200000012721883;MultiModal;01/06/2026 22:09;03/06/2026 10:09;-;-
556111;AP;A9517;00019200000012714500;MultiModal;06/06/2026 04:52;09/06/2026 15:38;-;-
556111;AP;A6517;00019200000012714518;MultiModal;06/06/2026 04:52;09/06/2026 15:38;-;-
556138;AP;A7490;00019200000012730483;MultiModal;06/06/2026 04:53;09/06/2026 11:40;-;-
556138;AP;A7197;00019200000012730599;MultiModal;06/06/2026 04:53;09/06/2026 11:40;-;-
556138;AP;A2256;00019200000012730602;MultiModal;06/06/2026 04:53;09/06/2026 11:40;-;-
556138;AP;A2716;00019200000012730610;MultiModal;06/06/2026 04:53;09/06/2026 11:40;-;-
556138;AP;A8378;00019200000012730629;MultiModal;06/06/2026 04:53;09/06/2026 11:40;-;-
556138;AP;A6465;00019200000012730637;MultiModal;06/06/2026 04:53;09/06/2026 11:40;-;-
556138;AP;A9053;00019200000012730645;MultiModal;06/06/2026 04:53;09/06/2026 11:40;-;-
557848;AP;TA1230;00019200000013211315;MultiModal;20/06/2026 22:19;22/06/2026 14:21;20/06/2026 22:19;22/06/2026 14:21
557848;AP;A9358;00019200000013240340;MultiModal;20/06/2026 22:19;22/06/2026 14:21;20/06/2026 22:19;22/06/2026 14:21
558495;AP;A6776;00019200000013417487;MultiModal;08/07/2026 00:49;09/07/2026 15:30;08/07/2026 00:49;09/07/2026 15:30
558495;AP;A5792;00019200000013417495;MultiModal;08/07/2026 00:49;09/07/2026 15:30;08/07/2026 00:49;09/07/2026 15:30
558495;AP;A7137;00019200000013417509;MultiModal;08/07/2026 00:49;09/07/2026 15:30;08/07/2026 00:49;09/07/2026 15:30
558495;AP;A7025;00019200000013417525;MultiModal;08/07/2026 00:49;09/07/2026 15:30;08/07/2026 00:49;09/07/2026 15:30
558495;AP;A8505;00019200000013417533;MultiModal;08/07/2026 00:49;09/07/2026 15:30;08/07/2026 00:49;09/07/2026 15:30
558495;AP;A1125;00019200000013417541;MultiModal;08/07/2026 00:49;09/07/2026 15:30;08/07/2026 00:49;09/07/2026 15:30
558495;AP;TA0614;00019200000013417550;MultiModal;08/07/2026 00:49;09/07/2026 15:30;08/07/2026 00:49;09/07/2026 15:30
558495;AP;A6545;00019200000013417568;MultiModal;08/07/2026 00:49;09/07/2026 15:30;08/07/2026 00:49;09/07/2026 15:30
558495;AP;A7877;00019200000013417576;MultiModal;08/07/2026 00:49;09/07/2026 15:30;08/07/2026 00:49;09/07/2026 15:30
558495;AP;A8151;00019200000013417584;MultiModal;08/07/2026 00:49;09/07/2026 15:30;08/07/2026 00:49;09/07/2026 15:30
558495;AP;A4668;00019200000013417592;MultiModal;08/07/2026 00:49;09/07/2026 15:30;08/07/2026 00:49;09/07/2026 15:30
558495;AP;A8939;00019200000013417622;MultiModal;08/07/2026 00:49;09/07/2026 15:30;08/07/2026 00:49;09/07/2026 15:30
559888;AP;A6469;00019200000013417126;MultiModal;08/07/2026 23:58;10/07/2026 11:35;08/07/2026 23:58;10/07/2026 11:35
559888;AP;A6165;00019200000013417134;MultiModal;08/07/2026 23:58;10/07/2026 11:35;08/07/2026 23:58;10/07/2026 11:35
559888;AP;A9154;00019200000013417142;MultiModal;08/07/2026 23:58;10/07/2026 11:35;08/07/2026 23:58;10/07/2026 11:35
559888;AP;A6032;00019200000013417150;MultiModal;08/07/2026 23:58;10/07/2026 11:35;08/07/2026 23:58;10/07/2026 11:35
560054;AP;A8430;00019200000013406701;MultiModal;09/07/2026 00:00;10/07/2026 12:06;09/07/2026 00:00;10/07/2026 12:06
560054;AP;A8704;00019200000013413112;MultiModal;09/07/2026 00:00;10/07/2026 12:06;09/07/2026 00:00;10/07/2026 12:06
560267;AP;A8478;00019200000013488376;MultiModal;13/07/2026 23:32;-;13/07/2026 23:32;-
560267;AP;A3905;00019200000013488481;MultiModal;13/07/2026 23:32;-;13/07/2026 23:32;-
560267;AP;A8607;00019200000013488490;MultiModal;13/07/2026 23:32;-;13/07/2026 23:32;-
560267;AP;A6478;00019200000013488503;MultiModal;13/07/2026 23:32;-;13/07/2026 23:32;-
555896;BA;A7354;00019200000012718394;MultiModal;06/06/2026 04:51;09/06/2026 15:00;-;-
555896;BA;A7613;00019200000012718408;MultiModal;06/06/2026 04:51;09/06/2026 15:00;-;-
555896;BA;A7332;00019200000012718416;MultiModal;06/06/2026 04:51;09/06/2026 15:00;-;-
555969;BA;A2224;00019200000012718424;MultiModal;06/06/2026 04:49;09/06/2026 15:00;-;-
555969;BA;A1657;00019200000012718432;MultiModal;06/06/2026 04:49;09/06/2026 15:00;-;-
555969;BA;A7404;00019200000012718440;MultiModal;06/06/2026 04:49;09/06/2026 15:00;-;-
555969;BA;A7936;00019200000012718459;MultiModal;06/06/2026 04:49;09/06/2026 15:00;-;-
555969;BA;A9118;00019200000012718475;MultiModal;06/06/2026 04:49;09/06/2026 15:00;-;-
556299;BA;A8210;00019200000012729507;MultiModal;09/06/2026 02:55;10/06/2026 12:00;-;-
556359;BA;A4853;00019200000012728942;MultiModal;10/06/2026 03:03;11/06/2026 16:55;-;-
556359;BA;A6318;00019200000012728950;MultiModal;10/06/2026 03:03;11/06/2026 16:55;-;-
556359;BA;A6825;00019200000012728969;MultiModal;10/06/2026 03:03;11/06/2026 16:55;-;-
556359;BA;A4059;00019200000012730653;MultiModal;10/06/2026 03:03;11/06/2026 16:55;-;-
556359;BA;A8828;00019200000012730661;MultiModal;10/06/2026 03:03;11/06/2026 16:55;-;-
556541;BA;A4069;00019200000012730513;MultiModal;06/06/2026 04:48;09/06/2026 15:39;-;-
556765;BA;A0564;00019200000012694495;MultiModal;15/06/2026 04:40;16/06/2026 19:03;15/06/2026 04:40;16/06/2026 19:03
556765;BA;A7477;00019200000012694509;MultiModal;15/06/2026 04:40;16/06/2026 19:03;15/06/2026 04:40;16/06/2026 19:03
557977;BA;A3481;00019200000013210769;MultiModal;22/06/2026 05:57;26/06/2026 18:00;22/06/2026 05:57;26/06/2026 18:00
557977;BA;A8938;00019200000013210777;MultiModal;22/06/2026 05:57;26/06/2026 18:00;22/06/2026 05:57;26/06/2026 18:00
557977;BA;A5708;00019200000013210785;MultiModal;22/06/2026 05:57;26/06/2026 18:00;22/06/2026 05:57;26/06/2026 18:00
557977;BA;TA0624;00019200000013210793;MultiModal;22/06/2026 05:57;26/06/2026 18:00;22/06/2026 05:57;26/06/2026 18:00
557977;BA;TA0958;00019200000013210807;MultiModal;22/06/2026 05:57;26/06/2026 18:00;22/06/2026 05:57;26/06/2026 18:00
557977;BA;A7751;00019200000013210815;MultiModal;22/06/2026 05:57;26/06/2026 18:00;22/06/2026 05:57;26/06/2026 18:00
557977;BA;A9544;00019200000013210823;MultiModal;22/06/2026 05:57;26/06/2026 18:00;22/06/2026 05:57;26/06/2026 18:00
559689;BA;A7058;00019200000013422634;MultiModal;07/07/2026 04:42;09/07/2026 10:00;07/07/2026 04:42;09/07/2026 10:00
559948;BA;A8146;00019200000013417100;MultiModal;08/07/2026 05:59;09/07/2026 12:00;08/07/2026 05:59;09/07/2026 12:00
559948;BA;A8420;00019200000013417118;MultiModal;08/07/2026 05:59;09/07/2026 12:00;08/07/2026 05:59;09/07/2026 12:00
559948;BA;A2900;00019200000013417169;MultiModal;08/07/2026 05:59;09/07/2026 12:00;08/07/2026 05:59;09/07/2026 12:00
559948;BA;A8783;00019200000013417177;MultiModal;08/07/2026 05:59;09/07/2026 12:00;08/07/2026 05:59;09/07/2026 12:00
559948;BA;A6722;00019200000013417185;MultiModal;08/07/2026 05:59;09/07/2026 12:00;08/07/2026 05:59;09/07/2026 12:00
559992;BA;A3085;00019200000013419536;MultiModal;07/07/2026 00:58;08/07/2026 11:00;07/07/2026 00:58;08/07/2026 11:00
560083;BA;A5026;00019200000013492640;MultiModal;13/07/2026 06:41;14/07/2026 12:10;13/07/2026 06:41;14/07/2026 12:10
560154;BA;A9610;00019200000013414909;MultiModal;09/07/2026 03:26;10/07/2026 10:37;09/07/2026 03:26;10/07/2026 10:37
560270;BA;A8987;00019200000013420844;MultiModal;14/07/2026 04:35;-;14/07/2026 04:35;-
560270;BA;A9019;00019200000013485806;MultiModal;14/07/2026 04:35;-;14/07/2026 04:35;-
560270;BA;A7734;00019200000013485814;MultiModal;14/07/2026 04:35;-;14/07/2026 04:35;-
560270;BA;A7103;00019200000013485822;MultiModal;14/07/2026 04:35;-;14/07/2026 04:35;-
560270;BA;A2349;00019200000013485830;MultiModal;14/07/2026 04:35;-;14/07/2026 04:35;-
560270;BA;A5881;00019200000013485881;MultiModal;14/07/2026 04:35;-;14/07/2026 04:35;-
560270;BA;A6087;00019200000013485890;MultiModal;14/07/2026 04:35;-;14/07/2026 04:35;-
560270;BA;A7241;00019200000013485903;MultiModal;14/07/2026 04:35;-;14/07/2026 04:35;-
560270;BA;A5825;00019200000013485911;MultiModal;14/07/2026 04:35;-;14/07/2026 04:35;-
560270;BA;A7632;00019200000013485920;MultiModal;14/07/2026 04:35;-;14/07/2026 04:35;-
560270;BA;TA0124;00019200000013485938;MultiModal;14/07/2026 04:35;-;14/07/2026 04:35;-
560270;BA;A4861;00019200000013485946;MultiModal;14/07/2026 04:35;-;14/07/2026 04:35;-
560270;BA;A6152;00019200000013485954;MultiModal;14/07/2026 04:35;-;14/07/2026 04:35;-
560270;BA;A3311;00019200000013485962;MultiModal;14/07/2026 04:35;-;14/07/2026 04:35;-
560270;BA;A8015;00019200000013486381;MultiModal;14/07/2026 04:35;-;14/07/2026 04:35;-
560320;BA;A1938;00019200000013488082;MultiModal;11/07/2026 13:44;13/07/2026 11:43;11/07/2026 13:44;13/07/2026 11:43
560458;BA;A5963;00019200000013492659;MultiModal;13/07/2026 06:41;-;13/07/2026 06:41;-
560478;BA;A5694;00019200000013488350;MultiModal;11/07/2026 13:43;13/07/2026 11:40;11/07/2026 13:43;13/07/2026 11:40
555972;CE;A9406;00019200000012729213;MultiModal;17/06/2026 03:28;19/06/2026 18:05;17/06/2026 03:28;19/06/2026 18:05
555972;CE;A7514;00019200000012729221;MultiModal;17/06/2026 03:28;19/06/2026 18:05;17/06/2026 03:28;19/06/2026 18:05
555972;CE;A8304;00019200000012729604;MultiModal;17/06/2026 03:28;19/06/2026 18:05;17/06/2026 03:28;19/06/2026 18:05
555972;CE;A6634;00019200000012729671;MultiModal;17/06/2026 03:28;19/06/2026 18:05;17/06/2026 03:28;19/06/2026 18:05
555972;CE;A9206;00019200000012729680;MultiModal;17/06/2026 03:28;19/06/2026 18:05;17/06/2026 03:28;19/06/2026 18:05
555972;CE;A4726;00019200000012729698;MultiModal;17/06/2026 03:28;19/06/2026 18:05;17/06/2026 03:28;19/06/2026 18:05
555972;CE;A8064;00019200000012729701;MultiModal;17/06/2026 03:28;19/06/2026 18:05;17/06/2026 03:28;19/06/2026 18:05
555972;CE;TA0581;00019200000012729710;MultiModal;17/06/2026 03:28;19/06/2026 18:05;17/06/2026 03:28;19/06/2026 18:05
555972;CE;TA0747;00019200000012729728;MultiModal;17/06/2026 03:28;19/06/2026 18:05;17/06/2026 03:28;19/06/2026 18:05
555972;CE;A2833;00019200000012729736;MultiModal;17/06/2026 03:28;19/06/2026 18:05;17/06/2026 03:28;19/06/2026 18:05
555972;CE;A2935;00019200000012921149;MultiModal;17/06/2026 03:28;19/06/2026 18:05;17/06/2026 03:28;19/06/2026 18:05
556767;CE;A6993;00019200000012654833;MultiModal;16/06/2026 05:31;19/06/2026 17:00;23/06/2026 00:25;25/06/2026 16:00
558502;CE;A6279;00019200000013336401;MultiModal;23/06/2026 08:35;25/06/2026 14:32;23/06/2026 08:35;25/06/2026 14:32
559856;CE;A3785;00019200000013488880;MultiModal;13/07/2026 23:37;-;13/07/2026 23:37;-
559856;CE;A1395;00019200000013488899;MultiModal;13/07/2026 23:37;-;13/07/2026 23:37;-
559856;CE;A7381;00019200000013488902;MultiModal;13/07/2026 23:37;-;13/07/2026 23:37;-
559856;CE;A8473;00019200000013488910;MultiModal;13/07/2026 23:37;-;13/07/2026 23:37;-
559856;CE;TA0884;00019200000013488929;MultiModal;13/07/2026 23:37;-;13/07/2026 23:37;-
559856;CE;TA0727;00019200000013488937;MultiModal;13/07/2026 23:37;-;13/07/2026 23:37;-
559856;CE;A3004;00019200000013488945;MultiModal;13/07/2026 23:37;-;13/07/2026 23:37;-
559856;CE;A9158;00019200000013488953;MultiModal;13/07/2026 23:37;-;13/07/2026 23:37;-
559856;CE;A4317;00019200000013488961;MultiModal;13/07/2026 23:37;-;13/07/2026 23:37;-
559856;CE;TA1105;00019200000013488970;MultiModal;13/07/2026 23:37;-;13/07/2026 23:37;-
559856;CE;A7875;00019200000013488988;MultiModal;13/07/2026 23:37;-;13/07/2026 23:37;-
559856;CE;A0020;00019200000013488996;MultiModal;13/07/2026 23:37;-;13/07/2026 23:37;-
559856;CE;A3292;00019200000013489003;MultiModal;13/07/2026 23:37;-;13/07/2026 23:37;-
559856;CE;A3237;00019200000013489011;MultiModal;13/07/2026 23:37;-;13/07/2026 23:37;-
559856;CE;A2922;00019200000013490508;MultiModal;13/07/2026 23:37;-;13/07/2026 23:37;-
559856;CE;TA0944;00019200000013490516;MultiModal;13/07/2026 23:37;-;13/07/2026 23:37;-
559856;CE;TA1152;00019200000013490524;MultiModal;13/07/2026 23:37;-;13/07/2026 23:37;-
559856;CE;A1033;00019200000013490648;MultiModal;13/07/2026 23:37;-;13/07/2026 23:37;-
559856;CE;A8204;00019200000013490656;MultiModal;13/07/2026 23:37;-;13/07/2026 23:37;-
559856;CE;A9259;00019200000013490664;MultiModal;13/07/2026 23:37;-;13/07/2026 23:37;-
559949;CE;A2823;00019200000013406469;MultiModal;08/07/2026 06:45;10/07/2026 15:00;13/07/2026 00:34;14/07/2026 14:20
559949;CE;A8175;00019200000013406477;MultiModal;08/07/2026 06:45;10/07/2026 15:00;13/07/2026 00:34;14/07/2026 14:20
559949;CE;A2949;00019200000013406485;MultiModal;08/07/2026 06:45;10/07/2026 15:00;13/07/2026 00:34;14/07/2026 14:20
559949;CE;A8748;00019200000013406493;MultiModal;08/07/2026 06:45;10/07/2026 15:00;13/07/2026 00:34;14/07/2026 14:20
559949;CE;A6635;00019200000013406507;MultiModal;08/07/2026 06:45;10/07/2026 15:00;13/07/2026 00:34;14/07/2026 14:20
559949;CE;A7260;00019200000013406515;MultiModal;08/07/2026 06:45;10/07/2026 15:00;13/07/2026 00:34;14/07/2026 14:20
559949;CE;A8078;00019200000013406523;MultiModal;08/07/2026 06:45;10/07/2026 15:00;13/07/2026 00:34;14/07/2026 14:20
559949;CE;A4996;00019200000013406531;MultiModal;08/07/2026 06:45;10/07/2026 15:00;13/07/2026 00:34;14/07/2026 14:20
559949;CE;A4745;00019200000013406540;MultiModal;08/07/2026 06:45;10/07/2026 15:00;13/07/2026 00:34;14/07/2026 14:20
559949;CE;A7149;00019200000013406558;MultiModal;08/07/2026 06:45;10/07/2026 15:00;13/07/2026 00:34;14/07/2026 14:20
559949;CE;A1037;00019200000013406566;MultiModal;08/07/2026 06:45;10/07/2026 15:00;13/07/2026 00:34;14/07/2026 14:20
559949;CE;A8385;00019200000013406574;MultiModal;08/07/2026 06:45;10/07/2026 15:00;13/07/2026 00:34;14/07/2026 14:20
559949;CE;A8924;00019200000013406582;MultiModal;08/07/2026 06:45;10/07/2026 15:00;13/07/2026 00:34;14/07/2026 14:20
559949;CE;A9410;00019200000013407848;MultiModal;08/07/2026 06:45;10/07/2026 15:00;08/07/2026 06:45;-
559949;CE;A7438;00019200000013407856;MultiModal;08/07/2026 06:45;10/07/2026 15:00;08/07/2026 06:45;-
559949;CE;A8174;00019200000013407864;MultiModal;08/07/2026 06:45;10/07/2026 15:00;08/07/2026 06:45;-
559949;CE;A9193;00019200000013407872;MultiModal;08/07/2026 06:45;10/07/2026 15:00;08/07/2026 06:45;-
559949;CE;A2944;00019200000013407880;MultiModal;08/07/2026 06:45;10/07/2026 15:00;08/07/2026 06:45;-
559949;CE;A6316;00019200000013407899;MultiModal;08/07/2026 06:45;10/07/2026 15:00;08/07/2026 06:45;-
559949;CE;A0654;00019200000013407902;MultiModal;08/07/2026 06:45;10/07/2026 15:00;08/07/2026 06:45;-
559949;CE;A6211;00019200000013407910;MultiModal;08/07/2026 06:45;10/07/2026 15:00;08/07/2026 06:45;-
559949;CE;A8994;00019200000013407929;MultiModal;08/07/2026 06:45;10/07/2026 15:00;08/07/2026 06:45;-
559949;CE;A3042;00019200000013407937;MultiModal;08/07/2026 06:45;10/07/2026 15:00;08/07/2026 06:45;-
559949;CE;A3259;00019200000013407945;MultiModal;08/07/2026 06:45;10/07/2026 15:00;08/07/2026 06:45;-
559949;CE;A9429;00019200000013407953;MultiModal;08/07/2026 06:45;10/07/2026 15:00;08/07/2026 06:45;-
559949;CE;A4521;00019200000013407961;MultiModal;08/07/2026 06:45;10/07/2026 15:00;08/07/2026 06:45;-
559949;CE;A7371;00019200000013407970;MultiModal;08/07/2026 06:45;10/07/2026 15:00;08/07/2026 06:45;-
559949;CE;A0995;00019200000013407988;MultiModal;08/07/2026 06:45;10/07/2026 15:00;08/07/2026 06:45;-
559949;CE;A6957;00019200000013407996;MultiModal;08/07/2026 06:45;10/07/2026 15:00;09/07/2026 00:04;10/07/2026 15:00
559949;CE;A3203;00019200000013408003;MultiModal;08/07/2026 06:45;10/07/2026 15:00;09/07/2026 00:04;10/07/2026 15:00
559949;CE;A5747;00019200000013408011;MultiModal;08/07/2026 06:45;10/07/2026 15:00;08/07/2026 06:45;-
559949;CE;A3926;00019200000013408020;MultiModal;08/07/2026 06:45;10/07/2026 15:00;09/07/2026 00:04;10/07/2026 15:00
559949;CE;A8131;00019200000013408038;MultiModal;08/07/2026 06:45;10/07/2026 15:00;08/07/2026 06:45;-
559949;CE;A1634;00019200000013408046;MultiModal;08/07/2026 06:45;10/07/2026 15:00;08/07/2026 06:45;-
559949;CE;A1954;00019200000013408054;MultiModal;08/07/2026 06:45;10/07/2026 15:00;09/07/2026 00:04;10/07/2026 15:00
559949;CE;A1480;00019200000013408062;MultiModal;08/07/2026 06:45;10/07/2026 15:00;08/07/2026 06:45;-
559949;CE;A6922;00019200000013408070;MultiModal;08/07/2026 06:45;10/07/2026 15:00;09/07/2026 00:04;10/07/2026 15:00
559949;CE;TA0419;00019200000013408089;MultiModal;08/07/2026 06:45;10/07/2026 15:00;09/07/2026 00:04;10/07/2026 15:00
559949;CE;A5989;00019200000013408097;MultiModal;08/07/2026 06:45;10/07/2026 15:00;09/07/2026 00:04;10/07/2026 15:00
559949;CE;A6183;00019200000013408100;MultiModal;08/07/2026 06:45;10/07/2026 15:00;09/07/2026 00:04;10/07/2026 15:00
559949;CE;A2951;00019200000013408119;MultiModal;08/07/2026 06:45;10/07/2026 15:00;09/07/2026 00:04;10/07/2026 15:00
559949;CE;A2459;00019200000013408127;MultiModal;08/07/2026 06:45;10/07/2026 15:00;09/07/2026 00:04;10/07/2026 15:00
559949;CE;A6128;00019200000013408143;MultiModal;08/07/2026 06:45;10/07/2026 15:00;09/07/2026 00:04;10/07/2026 15:00
559949;CE;A5656;00019200000013408151;MultiModal;08/07/2026 06:45;10/07/2026 15:00;09/07/2026 00:04;10/07/2026 15:00
559949;CE;A7879;00019200000013408160;MultiModal;08/07/2026 06:45;10/07/2026 15:00;13/07/2026 00:34;14/07/2026 14:20
559949;CE;A9353;00019200000013408178;MultiModal;08/07/2026 06:45;10/07/2026 15:00;09/07/2026 00:04;10/07/2026 15:00
559949;CE;A9510;00019200000013408186;MultiModal;08/07/2026 06:45;10/07/2026 15:00;09/07/2026 00:04;10/07/2026 15:00
559949;CE;A6958;00019200000013408194;MultiModal;08/07/2026 06:45;10/07/2026 15:00;13/07/2026 00:34;14/07/2026 14:20
559949;CE;A6446;00019200000013408208;MultiModal;08/07/2026 06:45;10/07/2026 15:00;09/07/2026 00:04;10/07/2026 15:00
559949;CE;A0016;00019200000013408216;MultiModal;08/07/2026 06:45;10/07/2026 15:00;13/07/2026 00:34;14/07/2026 14:20
559949;CE;A5962;00019200000013408224;MultiModal;08/07/2026 06:45;10/07/2026 15:00;13/07/2026 00:34;14/07/2026 14:20
559949;CE;A7825;00019200000013408232;MultiModal;08/07/2026 06:45;10/07/2026 15:00;13/07/2026 00:34;14/07/2026 14:20
559949;CE;A3649;00019200000013408240;MultiModal;08/07/2026 06:45;10/07/2026 15:00;09/07/2026 00:04;10/07/2026 15:00
559949;CE;A5332;00019200000013408259;MultiModal;08/07/2026 06:45;10/07/2026 15:00;09/07/2026 00:04;10/07/2026 15:00
559949;CE;A2665;00019200000013408267;MultiModal;08/07/2026 06:45;10/07/2026 15:00;09/07/2026 00:04;10/07/2026 15:00
559949;CE;A6215;00019200000013408275;MultiModal;08/07/2026 06:45;10/07/2026 15:00;09/07/2026 00:04;10/07/2026 15:00
559949;CE;A6214;00019200000013408283;MultiModal;08/07/2026 06:45;10/07/2026 15:00;13/07/2026 00:34;14/07/2026 14:20
560058;CE;TA0975;00019200000013413732;MultiModal;13/07/2026 06:07;14/07/2026 11:25;13/07/2026 06:07;14/07/2026 11:25
560058;CE;A7715;00019200000013413740;MultiModal;13/07/2026 06:07;14/07/2026 11:25;13/07/2026 06:07;14/07/2026 11:28
560058;CE;TA0286;00019200000013413759;MultiModal;13/07/2026 06:07;14/07/2026 11:25;13/07/2026 06:07;14/07/2026 11:28
560058;CE;TA0847;00019200000013413767;MultiModal;13/07/2026 06:07;14/07/2026 11:25;13/07/2026 06:07;14/07/2026 11:25
560058;CE;A5031;00019200000013413775;MultiModal;13/07/2026 06:07;14/07/2026 11:25;13/07/2026 06:07;14/07/2026 11:28
560058;CE;A5603;00019200000013413783;MultiModal;13/07/2026 06:07;14/07/2026 11:25;13/07/2026 06:07;14/07/2026 11:28
560058;CE;A7624;00019200000013413791;MultiModal;13/07/2026 06:07;14/07/2026 11:25;13/07/2026 06:07;14/07/2026 11:28
560058;CE;A3744;00019200000013413805;MultiModal;13/07/2026 06:07;14/07/2026 11:25;13/07/2026 06:07;14/07/2026 11:28
560058;CE;TA0514;00019200000013413813;MultiModal;13/07/2026 06:07;14/07/2026 11:25;13/07/2026 06:07;14/07/2026 11:25
560058;CE;A5653;00019200000013413821;MultiModal;13/07/2026 06:07;14/07/2026 11:25;13/07/2026 06:07;14/07/2026 11:28
560058;CE;A5537;00019200000013413830;MultiModal;13/07/2026 06:07;14/07/2026 11:25;13/07/2026 06:07;14/07/2026 11:28
560058;CE;A8476;00019200000013413848;MultiModal;13/07/2026 06:07;14/07/2026 11:25;13/07/2026 06:07;14/07/2026 11:25
560058;CE;A1632;00019200000013413856;MultiModal;13/07/2026 06:07;14/07/2026 11:25;13/07/2026 06:07;14/07/2026 11:25
560058;CE;TA0050;00019200000013413864;MultiModal;13/07/2026 06:07;14/07/2026 11:25;13/07/2026 06:07;14/07/2026 11:28
560058;CE;A3911;00019200000013413872;MultiModal;13/07/2026 06:07;14/07/2026 11:25;13/07/2026 06:07;14/07/2026 11:28
560058;CE;TA0138;00019200000013413880;MultiModal;13/07/2026 06:07;14/07/2026 11:25;13/07/2026 06:07;14/07/2026 11:28
560058;CE;TA1240;00019200000013413899;MultiModal;13/07/2026 06:07;14/07/2026 11:25;13/07/2026 06:07;14/07/2026 11:25
560058;CE;TA1092;00019200000013413902;MultiModal;13/07/2026 06:07;14/07/2026 11:25;13/07/2026 06:07;14/07/2026 11:28
560058;CE;A5003;00019200000013413910;MultiModal;13/07/2026 06:07;14/07/2026 11:25;13/07/2026 06:07;14/07/2026 11:25
560058;CE;A6149;00019200000013413929;MultiModal;13/07/2026 06:07;14/07/2026 11:25;13/07/2026 06:07;14/07/2026 11:28
560058;CE;TA0304;00019200000013413937;MultiModal;13/07/2026 06:07;14/07/2026 11:25;13/07/2026 06:07;14/07/2026 11:25
560084;CE;A7589;00019200000013492586;MultiModal;13/07/2026 04:10;-;13/07/2026 04:10;-
560084;CE;A9211;00019200000013492594;MultiModal;13/07/2026 04:10;-;13/07/2026 04:10;-
560163;CE;A8388;00019200000013414631;MultiModal;08/07/2026 06:02;09/07/2026 11:00;08/07/2026 06:02;09/07/2026 11:00
560285;CE;TA0649;00019200000013487825;MultiModal;14/07/2026 04:46;-;14/07/2026 04:46;-
560285;CE;A7566;00019200000013487833;MultiModal;14/07/2026 04:46;-;14/07/2026 04:46;-
560285;CE;A7131;00019200000013487841;MultiModal;14/07/2026 04:46;-;14/07/2026 04:46;-
560285;CE;A3464;00019200000013487850;MultiModal;14/07/2026 04:46;-;14/07/2026 04:46;-
560285;CE;A3572;00019200000013487868;MultiModal;14/07/2026 04:46;-;14/07/2026 04:46;-
560285;CE;A8937;00019200000013487876;MultiModal;14/07/2026 04:46;-;14/07/2026 04:46;-
560285;CE;A0599;00019200000013487884;MultiModal;14/07/2026 04:46;-;14/07/2026 04:46;-
560470;CE;A5496;00019200000013488171;MultiModal;13/07/2026 00:46;-;13/07/2026 00:46;-
560511;CE;TA0876;00019200000013451367;MultiModal;13/07/2026 04:11;-;13/07/2026 04:11;-
560585;CE;A4462;00019200000013452517;MultiModal;13/07/2026 00:46;-;13/07/2026 00:46;-
560591;CE;A5193;00019200000013452622;MultiModal;13/07/2026 00:46;-;13/07/2026 00:46;-
556114;DF;A8397;00019200000012729060;MultiModal;11/06/2026 04:55;19/06/2026 10:46;-;-
556114;DF;A8462;00019200000012729078;MultiModal;11/06/2026 04:55;19/06/2026 10:46;-;-
556114;DF;A8381;00019200000012729086;MultiModal;11/06/2026 04:55;19/06/2026 10:46;-;-
556114;DF;A6336;00019200000012729094;MultiModal;11/06/2026 04:55;19/06/2026 10:46;-;-
556114;DF;A4281;00019200000012729108;MultiModal;11/06/2026 04:55;19/06/2026 10:46;-;-
556441;DF;A8499;00019200000012730947;MultiModal;11/06/2026 05:12;12/06/2026 12:10;-;-
556441;DF;A3691;00019200000012730955;MultiModal;11/06/2026 05:12;12/06/2026 12:10;-;-
556441;DF;A2725;00019200000012730963;MultiModal;11/06/2026 05:12;12/06/2026 12:10;-;-
556441;DF;A4158;00019200000012730971;MultiModal;11/06/2026 05:12;12/06/2026 12:10;-;-
556441;DF;A9376;00019200000012731013;MultiModal;11/06/2026 05:12;12/06/2026 12:10;-;-
556441;DF;A8124;00019200000012731021;MultiModal;11/06/2026 05:12;12/06/2026 12:10;-;-
556441;DF;A9372;00019200000012731030;MultiModal;11/06/2026 05:12;12/06/2026 12:10;-;-
556441;DF;A3102;00019200000012731048;MultiModal;11/06/2026 05:12;12/06/2026 12:10;-;-
556441;DF;A4344;00019200000012731056;MultiModal;11/06/2026 05:12;12/06/2026 12:10;-;-
556441;DF;A6968;00019200000012731064;MultiModal;11/06/2026 05:12;12/06/2026 12:10;-;-
556441;DF;A5617;00019200000012731072;MultiModal;11/06/2026 05:12;12/06/2026 12:10;-;-
556441;DF;A7063;00019200000012731080;MultiModal;11/06/2026 05:12;12/06/2026 12:10;-;-
556441;DF;TA0655;00019200000012731099;MultiModal;11/06/2026 05:12;12/06/2026 12:10;-;-
556441;DF;A1491;00019200000012731102;MultiModal;11/06/2026 05:12;12/06/2026 12:10;-;-
556441;DF;A9492;00019200000012731110;MultiModal;11/06/2026 05:12;12/06/2026 12:10;-;-
556441;DF;TA0328;00019200000012731129;MultiModal;11/06/2026 05:12;12/06/2026 12:10;-;-
556441;DF;A6350;00019200000012731137;MultiModal;11/06/2026 05:12;12/06/2026 12:10;-;-
556441;DF;A2301;00019200000012731145;MultiModal;11/06/2026 05:12;12/06/2026 12:10;-;-
556441;DF;A2105;00019200000012731153;MultiModal;11/06/2026 05:12;12/06/2026 12:10;-;-
556441;DF;A8310;00019200000012731161;MultiModal;11/06/2026 05:12;12/06/2026 12:10;-;-
556441;DF;A7667;00019200000012731170;MultiModal;11/06/2026 05:12;12/06/2026 12:10;-;-
558718;DF;A2815;00019200000013235001;MultiModal;23/06/2026 05:31;24/06/2026 10:24;23/06/2026 05:31;24/06/2026 10:24
559877;DF;A7860;00019200000013197037;MultiModal;07/07/2026 06:49;08/07/2026 10:35;07/07/2026 06:49;08/07/2026 10:35
560061;DF;A6535;00019200000013409751;MultiModal;09/07/2026 05:47;10/07/2026 11:10;09/07/2026 05:47;10/07/2026 11:10
560061;DF;A9593;00019200000013409760;MultiModal;09/07/2026 05:47;10/07/2026 11:10;09/07/2026 05:47;10/07/2026 11:10
560061;DF;A0094;00019200000013409778;MultiModal;09/07/2026 05:47;10/07/2026 11:10;09/07/2026 05:47;10/07/2026 11:10
560061;DF;A3946;00019200000013409786;MultiModal;09/07/2026 05:47;10/07/2026 11:10;09/07/2026 05:47;10/07/2026 11:10
560061;DF;TA0592;00019200000013409794;MultiModal;09/07/2026 05:47;10/07/2026 11:10;09/07/2026 05:47;10/07/2026 11:10
560079;DF;A9181;00019200000013406698;MultiModal;09/07/2026 00:07;10/07/2026 10:24;09/07/2026 00:35;10/07/2026 10:24
560079;DF;A0618;00019200000013410741;MultiModal;09/07/2026 00:07;10/07/2026 10:24;09/07/2026 00:35;10/07/2026 10:24
560079;DF;A2109;00019200000013414810;MultiModal;09/07/2026 00:07;10/07/2026 10:24;09/07/2026 00:35;10/07/2026 10:24
560287;DF;A8826;00019200000013247395;MultiModal;14/07/2026 04:35;-;14/07/2026 04:35;-
560287;DF;TA0557;00019200000013247409;MultiModal;14/07/2026 04:35;-;14/07/2026 04:35;-
560287;DF;A4226;00019200000013488309;MultiModal;14/07/2026 04:35;-;14/07/2026 04:35;-
560287;DF;A5568;00019200000013488317;MultiModal;14/07/2026 04:35;-;14/07/2026 04:35;-
560287;DF;A3668;00019200000013488325;MultiModal;14/07/2026 04:35;-;14/07/2026 04:35;-
560482;DF;A5745;00019200000013489097;MultiModal;09/07/2026 23:45;10/07/2026 16:10;09/07/2026 23:45;10/07/2026 16:10
556142;ES;A3065;00019200000012720828;MultiModal;01/06/2026 23:33;03/06/2026 13:23;-;-
556142;ES;A7125;00019200000012720836;MultiModal;01/06/2026 23:33;03/06/2026 13:23;-;-
556142;ES;TA0400;00019200000012720844;MultiModal;01/06/2026 23:33;03/06/2026 13:23;-;-
556142;ES;A6280;00019200000012720852;MultiModal;01/06/2026 23:33;03/06/2026 13:23;-;-
556142;ES;A5548;00019200000012720860;MultiModal;01/06/2026 23:33;03/06/2026 13:23;-;-
556142;ES;A8280;00019200000012720879;MultiModal;01/06/2026 23:33;03/06/2026 13:23;-;-
556142;ES;A6441;00019200000012720887;MultiModal;01/06/2026 23:33;03/06/2026 13:23;-;-
556142;ES;A8574;00019200000012720895;MultiModal;01/06/2026 23:33;03/06/2026 13:23;-;-
556142;ES;A4277;00019200000012720909;MultiModal;01/06/2026 23:33;03/06/2026 13:23;-;-
556142;ES;A6759;00019200000012720917;MultiModal;01/06/2026 23:33;03/06/2026 13:23;-;-
556142;ES;A0322;00019200000012720925;MultiModal;01/06/2026 23:33;03/06/2026 13:23;-;-
556142;ES;A7121;00019200000012720933;MultiModal;01/06/2026 23:33;03/06/2026 13:23;-;-
556142;ES;A6782;00019200000012720950;MultiModal;01/06/2026 23:33;03/06/2026 13:23;-;-
556142;ES;A8381;00019200000012720968;MultiModal;01/06/2026 23:33;03/06/2026 13:23;-;-
556142;ES;A9570;00019200000012720976;MultiModal;01/06/2026 23:33;03/06/2026 13:23;-;-
556142;ES;A6240;00019200000012720984;MultiModal;01/06/2026 23:33;03/06/2026 13:23;-;-
556142;ES;TA0575;00019200000012720992;MultiModal;01/06/2026 23:33;03/06/2026 13:23;-;-
556142;ES;A6323;00019200000012721000;MultiModal;01/06/2026 23:33;03/06/2026 13:23;-;-
556142;ES;TA0852;00019200000012721042;MultiModal;01/06/2026 23:33;03/06/2026 13:23;-;-
556142;ES;A6889;00019200000012721050;MultiModal;01/06/2026 23:33;03/06/2026 13:23;-;-
556142;ES;TA0276;00019200000012721069;MultiModal;01/06/2026 23:33;03/06/2026 13:23;-;-
556142;ES;A8365;00019200000012721077;MultiModal;01/06/2026 23:33;03/06/2026 13:23;-;-
556142;ES;A8629;00019200000012721085;MultiModal;01/06/2026 23:33;03/06/2026 13:23;-;-
556142;ES;A4675;00019200000012721093;MultiModal;01/06/2026 23:33;03/06/2026 13:23;-;-
556142;ES;A6579;00019200000012721140;MultiModal;01/06/2026 23:33;03/06/2026 13:23;-;-
556142;ES;A8397;00019200000012721158;MultiModal;01/06/2026 23:33;03/06/2026 13:23;-;-
556142;ES;A5458;00019200000012721166;MultiModal;01/06/2026 23:33;03/06/2026 13:23;-;-
556142;ES;A4891;00019200000012721174;MultiModal;01/06/2026 23:33;03/06/2026 13:23;-;-
556142;ES;A8757;00019200000012721182;MultiModal;01/06/2026 23:33;03/06/2026 13:23;-;-
556142;ES;A4443;00019200000012721190;MultiModal;01/06/2026 23:33;03/06/2026 13:23;-;-
556142;ES;A3168;00019200000012721204;MultiModal;01/06/2026 23:33;03/06/2026 13:23;-;-
556142;ES;A9112;00019200000012721212;MultiModal;01/06/2026 23:33;03/06/2026 13:23;-;-
556331;ES;TA1030;00019200000012729167;MultiModal;11/06/2026 04:33;12/06/2026 14:31;-;-
557931;ES;A7133;00019200000013210831;MultiModal;20/06/2026 22:21;22/06/2026 13:23;20/06/2026 22:21;22/06/2026 13:23
557931;ES;A4723;00019200000013240358;MultiModal;20/06/2026 22:21;22/06/2026 13:23;20/06/2026 22:21;22/06/2026 13:23
557931;ES;A7116;00019200000013240366;MultiModal;20/06/2026 22:21;22/06/2026 13:23;20/06/2026 22:21;22/06/2026 13:23
557931;ES;A8601;00019200000013240374;MultiModal;20/06/2026 22:21;22/06/2026 13:23;20/06/2026 22:21;22/06/2026 13:23
557931;ES;A3184;00019200000013240382;MultiModal;20/06/2026 22:21;22/06/2026 13:23;20/06/2026 22:21;22/06/2026 13:23
557931;ES;TA0787;00019200000013240390;MultiModal;20/06/2026 22:21;22/06/2026 13:23;20/06/2026 22:21;22/06/2026 13:23
558655;ES;A8892;00019200000013234960;MultiModal;23/06/2026 04:09;24/06/2026 16:30;23/06/2026 04:09;24/06/2026 16:30
558655;ES;A8590;00019200000013234978;MultiModal;23/06/2026 04:09;24/06/2026 16:30;23/06/2026 04:09;24/06/2026 16:30
559254;ES;A2478;00019200000013249347;MultiModal;29/06/2026 03:58;30/06/2026 14:56;29/06/2026 03:58;30/06/2026 14:56
559900;ES;TA0435;00019200000013492535;MultiModal;13/07/2026 06:42;-;13/07/2026 06:42;-
560069;ES;A6619;00019200000013410660;MultiModal;09/07/2026 04:49;10/07/2026 14:00;09/07/2026 04:49;10/07/2026 14:00
560069;ES;A6235;00019200000013410679;MultiModal;09/07/2026 04:49;10/07/2026 14:00;09/07/2026 04:49;10/07/2026 14:00
560069;ES;A6650;00019200000013410687;MultiModal;09/07/2026 04:49;10/07/2026 14:00;09/07/2026 04:49;10/07/2026 14:00
560069;ES;A6643;00019200000013410695;MultiModal;09/07/2026 04:49;10/07/2026 14:00;09/07/2026 04:49;10/07/2026 14:00
560069;ES;A7649;00019200000013410709;MultiModal;09/07/2026 04:49;10/07/2026 14:00;09/07/2026 04:49;10/07/2026 14:00
560069;ES;A5196;00019200000013410717;MultiModal;09/07/2026 04:49;10/07/2026 14:00;09/07/2026 04:49;10/07/2026 14:00
560069;ES;A1354;00019200000013410725;MultiModal;09/07/2026 04:49;10/07/2026 14:00;09/07/2026 04:49;10/07/2026 14:00
560069;ES;A3402;00019200000013410733;MultiModal;09/07/2026 04:49;10/07/2026 14:00;09/07/2026 04:49;10/07/2026 14:00
560069;ES;A1824;00019200000013411454;MultiModal;09/07/2026 04:49;10/07/2026 14:00;09/07/2026 04:49;10/07/2026 14:00
560069;ES;A0014;00019200000013411462;MultiModal;09/07/2026 04:49;10/07/2026 14:00;09/07/2026 04:49;10/07/2026 14:00
560069;ES;A4011;00019200000013411470;MultiModal;09/07/2026 04:49;10/07/2026 14:00;09/07/2026 04:49;10/07/2026 14:00
560085;ES;A6373;00019200000013485504;MultiModal;13/07/2026 06:42;-;13/07/2026 06:42;-
560294;ES;A8407;00019200000013486039;MultiModal;14/07/2026 03:21;-;14/07/2026 03:21;-
560294;ES;A1959;00019200000013486047;MultiModal;14/07/2026 03:21;-;14/07/2026 03:21;-
560294;ES;A6276;00019200000013486055;MultiModal;14/07/2026 03:21;-;14/07/2026 03:21;-
560294;ES;A5488;00019200000013486063;MultiModal;14/07/2026 03:21;-;14/07/2026 03:21;-
560294;ES;A4434;00019200000013486071;MultiModal;14/07/2026 03:21;-;14/07/2026 03:21;-
560294;ES;A5549;00019200000013486080;MultiModal;14/07/2026 03:21;-;14/07/2026 03:21;-
560294;ES;A3709;00019200000013486373;MultiModal;14/07/2026 03:21;-;14/07/2026 03:21;-
560322;ES;A5023;00019200000013488333;MultiModal;13/07/2026 06:42;-;13/07/2026 06:42;-
560323;ES;A9223;00019200000013488287;MultiModal;11/07/2026 13:43;14/07/2026 12:01;11/07/2026 13:43;14/07/2026 12:01
555900;GO;A8646;00019200000012718491;MultiModal;07/06/2026 22:51;11/06/2026 12:53;-;-
555900;GO;A3577;00019200000012719919;MultiModal;07/06/2026 22:51;11/06/2026 12:53;-;-
555900;GO;TA0321;00019200000012719927;MultiModal;07/06/2026 22:51;11/06/2026 12:53;-;-
555900;GO;A9321;00019200000012719935;MultiModal;07/06/2026 22:51;11/06/2026 12:53;-;-
555900;GO;A6773;00019200000012719943;MultiModal;07/06/2026 22:51;11/06/2026 12:53;-;-
555900;GO;A7950;00019200000012719951;MultiModal;07/06/2026 22:51;11/06/2026 12:53;-;-
555900;GO;A1583;00019200000012719960;MultiModal;07/06/2026 22:51;11/06/2026 12:53;-;-
555900;GO;A9107;00019200000012719978;MultiModal;07/06/2026 22:51;11/06/2026 12:53;-;-
555900;GO;A9333;00019200000012719994;MultiModal;07/06/2026 22:51;11/06/2026 12:53;-;-
555900;GO;A4817;00019200000012720003;MultiModal;07/06/2026 22:51;11/06/2026 12:53;-;-
555900;GO;A3202;00019200000012720011;MultiModal;07/06/2026 22:51;11/06/2026 12:53;-;-
555900;GO;A8238;00019200000012721220;MultiModal;07/06/2026 22:51;11/06/2026 12:53;-;-
555900;GO;A9343;00019200000012721239;MultiModal;07/06/2026 22:51;11/06/2026 12:53;-;-
555900;GO;A6387;00019200000012864218;MultiModal;07/06/2026 22:51;11/06/2026 12:53;-;-
555900;GO;A8998;00019200000012864226;MultiModal;07/06/2026 22:51;11/06/2026 12:53;-;-
555900;GO;A7860;00019200000012864234;MultiModal;07/06/2026 22:51;11/06/2026 12:53;-;-
555975;GO;A3761;00019200000012718505;MultiModal;08/06/2026 05:41;09/06/2026 10:30;-;-
555975;GO;A6545;00019200000012718513;MultiModal;08/06/2026 05:41;09/06/2026 10:30;-;-
556366;GO;TA1050;00019200000012728985;MultiModal;11/06/2026 04:51;12/06/2026 15:31;-;-
556366;GO;TA0041;00019200000012729000;MultiModal;11/06/2026 04:51;12/06/2026 15:31;-;-
556366;GO;A5058;00019200000012729116;MultiModal;11/06/2026 04:51;12/06/2026 15:31;-;-
556368;GO;A3932;00019200000012729019;MultiModal;11/06/2026 04:51;12/06/2026 15:25;-;-
556368;GO;A4416;00019200000012729035;MultiModal;11/06/2026 04:51;12/06/2026 15:25;-;-
556790;GO;A7286;00019200000012655279;MultiModal;16/06/2026 06:24;18/06/2026 12:04;17/06/2026 04:21;18/06/2026 11:00
556790;GO;A1360;00019200000012655287;MultiModal;16/06/2026 06:24;18/06/2026 12:04;17/06/2026 04:21;18/06/2026 11:00
556790;GO;A7133;00019200000012655295;MultiModal;16/06/2026 06:24;18/06/2026 12:04;17/06/2026 04:21;18/06/2026 11:00
556790;GO;A4242;00019200000012655309;MultiModal;16/06/2026 06:24;18/06/2026 12:04;16/06/2026 06:46;18/06/2026 11:00
556790;GO;A8784;00019200000012655317;MultiModal;16/06/2026 06:24;18/06/2026 12:04;16/06/2026 06:46;18/06/2026 11:00
556790;GO;TA0295;00019200000012655325;MultiModal;16/06/2026 06:24;18/06/2026 12:04;16/06/2026 06:46;18/06/2026 11:00
556790;GO;A8181;00019200000012655333;MultiModal;16/06/2026 06:24;18/06/2026 12:04;17/06/2026 04:21;18/06/2026 11:00
556790;GO;A8244;00019200000012655341;MultiModal;16/06/2026 06:24;18/06/2026 12:04;17/06/2026 03:33;18/06/2026 11:00
556790;GO;S0634;00019200000012655350;MultiModal;16/06/2026 06:24;18/06/2026 12:04;17/06/2026 04:21;18/06/2026 11:00
556790;GO;TA1023;00019200000012655368;MultiModal;16/06/2026 06:24;18/06/2026 12:04;17/06/2026 04:21;18/06/2026 11:00
556790;GO;A1037;00019200000012655376;MultiModal;16/06/2026 06:24;18/06/2026 12:04;17/06/2026 03:33;18/06/2026 11:00
556790;GO;A6747;00019200000012655384;MultiModal;16/06/2026 06:24;18/06/2026 12:04;16/06/2026 06:46;18/06/2026 11:00
556790;GO;A8601;00019200000012655392;MultiModal;16/06/2026 06:24;18/06/2026 12:04;16/06/2026 06:46;18/06/2026 11:00
556790;GO;A9098;00019200000012655406;MultiModal;16/06/2026 06:24;18/06/2026 12:04;17/06/2026 04:21;18/06/2026 11:00
556790;GO;S1494;00019200000012655414;MultiModal;16/06/2026 06:24;18/06/2026 12:04;17/06/2026 04:21;18/06/2026 11:00
556790;GO;A2804;00019200000012655422;MultiModal;16/06/2026 06:24;18/06/2026 12:04;17/06/2026 03:33;18/06/2026 11:00
556790;GO;A4278;00019200000012655430;MultiModal;16/06/2026 06:24;18/06/2026 12:04;17/06/2026 03:33;18/06/2026 11:00
556790;GO;A5466;00019200000012655449;MultiModal;16/06/2026 06:24;18/06/2026 12:04;17/06/2026 03:33;18/06/2026 11:00
556790;GO;A5734;00019200000012655457;MultiModal;16/06/2026 06:24;18/06/2026 12:04;17/06/2026 04:21;18/06/2026 11:00
556790;GO;A9363;00019200000012655465;MultiModal;16/06/2026 06:24;18/06/2026 12:04;17/06/2026 03:33;18/06/2026 11:00
556790;GO;A7466;00019200000012655481;MultiModal;16/06/2026 06:24;18/06/2026 12:04;16/06/2026 06:46;18/06/2026 11:00
556790;GO;A8424;00019200000012655490;MultiModal;16/06/2026 06:24;18/06/2026 12:04;17/06/2026 04:21;18/06/2026 11:00
556790;GO;S0639;00019200000012655503;MultiModal;16/06/2026 06:24;18/06/2026 12:04;17/06/2026 04:21;18/06/2026 11:00
556790;GO;A6039;00019200000012655511;MultiModal;16/06/2026 06:24;18/06/2026 12:04;17/06/2026 04:21;18/06/2026 11:00
556790;GO;TA0876;00019200000012655520;MultiModal;16/06/2026 06:24;18/06/2026 12:04;17/06/2026 04:21;18/06/2026 11:00
556790;GO;A8483;00019200000012655538;MultiModal;16/06/2026 06:24;18/06/2026 12:04;16/06/2026 06:46;18/06/2026 11:00
556790;GO;S1588;00019200000012655546;MultiModal;16/06/2026 06:24;18/06/2026 12:04;17/06/2026 04:21;18/06/2026 11:00
556790;GO;A8097;00019200000012655554;MultiModal;16/06/2026 06:24;18/06/2026 12:04;17/06/2026 03:33;18/06/2026 11:00
556790;GO;A3646;00019200000012655589;MultiModal;16/06/2026 06:24;18/06/2026 12:04;17/06/2026 03:33;18/06/2026 11:00
556790;GO;TA0565;00019200000012655597;MultiModal;16/06/2026 06:24;18/06/2026 12:04;17/06/2026 04:21;18/06/2026 11:00
556790;GO;A1908;00019200000012655856;MultiModal;16/06/2026 06:24;18/06/2026 12:04;17/06/2026 03:33;18/06/2026 11:00
556790;GO;A8918;00019200000012655872;MultiModal;16/06/2026 06:24;18/06/2026 12:04;17/06/2026 04:21;18/06/2026 11:00
556790;GO;A4622;00019200000012655880;MultiModal;16/06/2026 06:24;18/06/2026 12:04;17/06/2026 04:21;18/06/2026 11:00
556790;GO;A7964;00019200000012655899;MultiModal;16/06/2026 06:24;18/06/2026 12:04;17/06/2026 03:33;18/06/2026 11:00
556790;GO;A7787;00019200000012655902;MultiModal;16/06/2026 06:24;18/06/2026 12:04;17/06/2026 03:33;18/06/2026 11:00
556790;GO;A3576;00019200000012655910;MultiModal;16/06/2026 06:24;18/06/2026 12:04;17/06/2026 03:33;18/06/2026 11:00
556790;GO;TA1051;00019200000012655929;MultiModal;16/06/2026 06:24;18/06/2026 12:04;17/06/2026 03:33;18/06/2026 11:00
556790;GO;A5698;00019200000012655937;MultiModal;16/06/2026 06:24;18/06/2026 12:04;17/06/2026 04:21;18/06/2026 11:00
556790;GO;A5059;00019200000012655945;MultiModal;16/06/2026 06:24;18/06/2026 12:04;17/06/2026 04:21;18/06/2026 11:00
556790;GO;A7375;00019200000012655953;MultiModal;16/06/2026 06:24;18/06/2026 12:04;17/06/2026 03:33;18/06/2026 11:00
556790;GO;TA1012;00019200000012655961;MultiModal;16/06/2026 06:24;18/06/2026 12:04;16/06/2026 06:46;18/06/2026 11:00
556790;GO;A7785;00019200000012655970;MultiModal;16/06/2026 06:24;18/06/2026 12:04;16/06/2026 06:46;18/06/2026 11:00
556790;GO;A8704;00019200000012655996;MultiModal;16/06/2026 06:24;18/06/2026 12:04;16/06/2026 06:46;18/06/2026 11:00
556790;GO;A6665;00019200000012656003;MultiModal;16/06/2026 06:24;18/06/2026 12:04;16/06/2026 06:46;18/06/2026 11:00
556790;GO;A5285;00019200000012656011;MultiModal;16/06/2026 06:24;18/06/2026 12:04;16/06/2026 06:46;18/06/2026 11:00
556790;GO;A2256;00019200000012656020;MultiModal;16/06/2026 06:24;18/06/2026 12:04;17/06/2026 03:33;18/06/2026 11:00
556790;GO;A9304;00019200000012656038;MultiModal;16/06/2026 06:24;18/06/2026 12:04;17/06/2026 03:33;18/06/2026 11:00
556790;GO;A6374;00019200000012656046;MultiModal;16/06/2026 06:24;18/06/2026 12:04;17/06/2026 03:33;18/06/2026 11:00
556790;GO;A6650;00019200000012656054;MultiModal;16/06/2026 06:24;18/06/2026 12:04;17/06/2026 03:33;18/06/2026 11:00
556790;GO;A8608;00019200000012657247;MultiModal;16/06/2026 06:24;18/06/2026 12:04;17/06/2026 03:33;18/06/2026 11:00
556790;GO;A5582;00019200000012657255;MultiModal;16/06/2026 06:24;18/06/2026 12:04;17/06/2026 04:21;18/06/2026 11:00
556790;GO;A8866;00019200000012704369;MultiModal;16/06/2026 06:24;18/06/2026 12:04;16/06/2026 06:46;18/06/2026 11:00
556790;GO;A8743;00019200000012704377;MultiModal;16/06/2026 06:24;18/06/2026 12:04;16/06/2026 06:46;18/06/2026 11:00
556790;GO;A6861;00019200000012704385;MultiModal;16/06/2026 06:24;18/06/2026 12:04;16/06/2026 06:46;18/06/2026 11:00
556790;GO;A8936;00019200000012704423;MultiModal;16/06/2026 06:24;18/06/2026 12:04;16/06/2026 06:46;18/06/2026 11:00
556790;GO;A8371;00019200000012704440;MultiModal;16/06/2026 06:24;18/06/2026 12:04;16/06/2026 06:46;18/06/2026 11:00
556790;GO;A0727;00019200000012704458;MultiModal;16/06/2026 06:24;18/06/2026 12:04;16/06/2026 06:46;18/06/2026 11:00
556790;GO;A6535;00019200000012704466;MultiModal;16/06/2026 06:24;18/06/2026 12:04;16/06/2026 06:46;18/06/2026 11:00
556790;GO;A9232;00019200000012704474;MultiModal;16/06/2026 06:24;18/06/2026 12:04;16/06/2026 06:46;18/06/2026 11:00
556790;GO;A7417;00019200000012704482;MultiModal;16/06/2026 06:24;18/06/2026 12:04;16/06/2026 06:46;18/06/2026 11:00
556790;GO;A8192;00019200000012704490;MultiModal;16/06/2026 06:24;18/06/2026 12:04;16/06/2026 06:46;18/06/2026 11:00
556790;GO;A9354;00019200000012704504;MultiModal;16/06/2026 06:24;18/06/2026 12:04;17/06/2026 04:21;18/06/2026 11:00
556790;GO;A2716;00019200000012704512;MultiModal;16/06/2026 06:24;18/06/2026 12:04;17/06/2026 03:33;18/06/2026 11:00
559886;GO;TA0781;00019200000013419528;MultiModal;07/07/2026 06:50;08/07/2026 11:19;07/07/2026 06:50;08/07/2026 11:19
559970;GO;A5102;00019200000013411500;MultiModal;14/07/2026 03:20;-;14/07/2026 03:20;-
559970;GO;A4477;00019200000013411519;MultiModal;14/07/2026 03:20;-;14/07/2026 03:20;-
559970;GO;A3191;00019200000013411527;MultiModal;14/07/2026 03:20;-;14/07/2026 03:20;-
559970;GO;A1474;00019200000013411535;MultiModal;14/07/2026 03:20;-;14/07/2026 03:20;-
559970;GO;A9096;00019200000013411543;MultiModal;14/07/2026 03:20;-;14/07/2026 03:20;-
559970;GO;A1679;00019200000013411551;MultiModal;14/07/2026 03:20;-;14/07/2026 03:20;-
559970;GO;A0550;00019200000013411560;MultiModal;14/07/2026 03:20;-;14/07/2026 03:20;-
559970;GO;A0857;00019200000013411578;MultiModal;14/07/2026 03:20;-;14/07/2026 03:20;-
559970;GO;TA0677;00019200000013411586;MultiModal;14/07/2026 03:20;-;14/07/2026 03:20;-
559970;GO;TA0752;00019200000013411594;MultiModal;14/07/2026 03:20;-;14/07/2026 03:20;-
559970;GO;A2534;00019200000013411608;MultiModal;14/07/2026 03:20;-;14/07/2026 03:20;-
559970;GO;A7975;00019200000013411616;MultiModal;14/07/2026 03:20;-;14/07/2026 03:20;-
559970;GO;A1685;00019200000013411624;MultiModal;14/07/2026 03:20;-;14/07/2026 03:20;-
559970;GO;A8139;00019200000013411632;MultiModal;14/07/2026 03:20;-;14/07/2026 03:20;-
559970;GO;TA0414;00019200000013411640;MultiModal;14/07/2026 03:20;-;14/07/2026 03:20;-
559970;GO;A4655;00019200000013411659;MultiModal;14/07/2026 03:20;-;14/07/2026 03:20;-
559970;GO;A7142;00019200000013411667;MultiModal;14/07/2026 03:20;-;14/07/2026 03:20;-
559970;GO;A3528;00019200000013411675;MultiModal;14/07/2026 03:20;-;14/07/2026 03:20;-
559970;GO;TA0386;00019200000013411683;MultiModal;14/07/2026 03:20;-;14/07/2026 03:20;-
559970;GO;A3673;00019200000013411691;MultiModal;14/07/2026 03:20;-;14/07/2026 03:20;-
559970;GO;A1270;00019200000013411705;MultiModal;14/07/2026 03:20;-;14/07/2026 03:20;-
559970;GO;A6660;00019200000013411713;MultiModal;14/07/2026 03:20;-;14/07/2026 03:20;-
559970;GO;A5312;00019200000013411721;MultiModal;14/07/2026 03:20;-;14/07/2026 03:20;-
559970;GO;A3098;00019200000013411730;MultiModal;14/07/2026 03:20;-;14/07/2026 03:20;-
559970;GO;A5105;00019200000013411748;MultiModal;14/07/2026 03:20;-;14/07/2026 03:20;-
559970;GO;TA0215;00019200000013411772;MultiModal;14/07/2026 03:20;-;14/07/2026 03:20;-
559970;GO;TA0234;00019200000013411780;MultiModal;14/07/2026 03:20;-;14/07/2026 03:20;-
559970;GO;A3108;00019200000013411799;MultiModal;14/07/2026 03:20;-;14/07/2026 03:20;-
559970;GO;A5398;00019200000013411802;MultiModal;14/07/2026 03:20;-;14/07/2026 03:20;-
559970;GO;A6294;00019200000013411810;MultiModal;14/07/2026 03:20;-;14/07/2026 03:20;-
560077;GO;A6229;00019200000013412620;MultiModal;09/07/2026 05:51;10/07/2026 15:51;09/07/2026 05:51;10/07/2026 15:51
560077;GO;A9600;00019200000013412639;MultiModal;09/07/2026 05:51;10/07/2026 15:51;09/07/2026 05:51;10/07/2026 15:51
560077;GO;A4958;00019200000013412647;MultiModal;09/07/2026 05:51;10/07/2026 15:51;09/07/2026 05:51;10/07/2026 15:51
560086;GO;A8425;00019200000013413708;MultiModal;08/07/2026 08:10;10/07/2026 14:17;08/07/2026 08:10;10/07/2026 14:17
560086;GO;A9265;00019200000013413724;MultiModal;08/07/2026 08:10;10/07/2026 14:17;08/07/2026 08:10;10/07/2026 14:17
560203;GO;A2817;00019200000013491377;MultiModal;13/07/2026 04:06;14/07/2026 11:05;13/07/2026 04:06;-
560203;GO;A2410;00019200000013491385;MultiModal;13/07/2026 04:06;14/07/2026 11:05;13/07/2026 06:42;-
560203;GO;A9534;00019200000013491393;MultiModal;13/07/2026 04:06;14/07/2026 11:05;13/07/2026 04:06;-
560203;GO;A5113;00019200000013491407;MultiModal;13/07/2026 04:06;14/07/2026 11:05;13/07/2026 04:06;-
560203;GO;A9316;00019200000013491415;MultiModal;13/07/2026 04:06;14/07/2026 11:05;13/07/2026 04:06;-
560203;GO;A1610;00019200000013491423;MultiModal;13/07/2026 04:06;14/07/2026 11:05;13/07/2026 04:06;-
560203;GO;A6158;00019200000013491431;MultiModal;13/07/2026 04:06;14/07/2026 11:05;13/07/2026 06:42;-
560203;GO;TA0792;00019200000013491440;MultiModal;13/07/2026 04:06;14/07/2026 11:05;13/07/2026 04:06;-
560203;GO;A3912;00019200000013491458;MultiModal;13/07/2026 04:06;14/07/2026 11:05;13/07/2026 04:06;-
560203;GO;A1842;00019200000013491466;MultiModal;13/07/2026 04:06;14/07/2026 11:05;13/07/2026 04:06;-
560203;GO;A5093;00019200000013491474;MultiModal;13/07/2026 04:06;14/07/2026 11:05;13/07/2026 04:06;-
560203;GO;TA0233;00019200000013491482;MultiModal;13/07/2026 04:06;14/07/2026 11:05;13/07/2026 04:06;-
560203;GO;TA1228;00019200000013491490;MultiModal;13/07/2026 04:06;14/07/2026 11:05;13/07/2026 04:06;-
560203;GO;A4058;00019200000013491504;MultiModal;13/07/2026 04:06;14/07/2026 11:05;13/07/2026 04:06;-
560203;GO;A6205;00019200000013491512;MultiModal;13/07/2026 04:06;14/07/2026 11:05;13/07/2026 04:06;-
560203;GO;A4237;00019200000013491520;MultiModal;13/07/2026 04:06;14/07/2026 11:05;13/07/2026 04:06;-
560203;GO;TA0625;00019200000013491563;MultiModal;13/07/2026 04:06;14/07/2026 11:05;13/07/2026 04:06;-
560203;GO;A5216;00019200000013491571;MultiModal;13/07/2026 04:06;14/07/2026 11:05;13/07/2026 04:06;-
560203;GO;A4547;00019200000013491580;MultiModal;13/07/2026 04:06;14/07/2026 11:05;13/07/2026 04:06;-
560203;GO;A7966;00019200000013491598;MultiModal;13/07/2026 04:06;14/07/2026 11:05;13/07/2026 04:28;-
560203;GO;TA0330;00019200000013491601;MultiModal;13/07/2026 04:06;14/07/2026 11:05;13/07/2026 04:28;-
560203;GO;A2496;00019200000013491610;MultiModal;13/07/2026 04:06;14/07/2026 11:05;13/07/2026 04:28;-
560203;GO;A4061;00019200000013491628;MultiModal;13/07/2026 04:06;14/07/2026 11:05;13/07/2026 04:28;-
560203;GO;TA0016;00019200000013491636;MultiModal;13/07/2026 04:06;14/07/2026 11:05;13/07/2026 04:28;-
560203;GO;A3545;00019200000013491644;MultiModal;13/07/2026 04:06;14/07/2026 11:05;13/07/2026 06:42;-
560203;GO;A8149;00019200000013491652;MultiModal;13/07/2026 04:06;14/07/2026 11:05;13/07/2026 06:42;-
560203;GO;A9518;00019200000013491660;MultiModal;13/07/2026 04:06;14/07/2026 11:05;13/07/2026 06:42;-
560203;GO;A3836;00019200000013491679;MultiModal;13/07/2026 04:06;14/07/2026 11:05;13/07/2026 06:42;-
560203;GO;A5367;00019200000013491687;MultiModal;13/07/2026 04:06;14/07/2026 11:05;13/07/2026 06:42;-
560203;GO;TA0886;00019200000013491695;MultiModal;13/07/2026 04:06;14/07/2026 11:05;13/07/2026 04:28;-
560203;GO;A8320;00019200000013491709;MultiModal;13/07/2026 04:06;14/07/2026 11:05;13/07/2026 04:28;-
560203;GO;TA0866;00019200000013491717;MultiModal;13/07/2026 04:06;14/07/2026 11:05;13/07/2026 06:42;-
560203;GO;A3414;00019200000013491725;MultiModal;13/07/2026 04:06;14/07/2026 11:05;13/07/2026 06:42;-
560203;GO;A3792;00019200000013491733;MultiModal;13/07/2026 04:06;14/07/2026 11:05;13/07/2026 06:42;-
560203;GO;A8062;00019200000013491741;MultiModal;13/07/2026 04:06;14/07/2026 11:05;13/07/2026 06:42;-
560203;GO;TA0042;00019200000013491750;MultiModal;13/07/2026 04:06;14/07/2026 11:05;13/07/2026 04:28;-
560203;GO;A3351;00019200000013491768;MultiModal;13/07/2026 04:06;14/07/2026 11:05;13/07/2026 04:06;-
560203;GO;A7525;00019200000013491776;MultiModal;13/07/2026 04:06;14/07/2026 11:05;13/07/2026 04:06;-
560203;GO;A3137;00019200000013491784;MultiModal;13/07/2026 04:06;14/07/2026 11:05;13/07/2026 04:06;-
560203;GO;TA0994;00019200000013491792;MultiModal;13/07/2026 04:06;14/07/2026 11:05;13/07/2026 04:06;-
560203;GO;A4949;00019200000013491806;MultiModal;13/07/2026 04:06;14/07/2026 11:05;13/07/2026 06:42;-
560203;GO;A0504;00019200000013491814;MultiModal;13/07/2026 04:06;14/07/2026 11:05;13/07/2026 04:28;-
560203;GO;A7097;00019200000013491822;MultiModal;13/07/2026 04:06;14/07/2026 11:05;13/07/2026 04:06;-
560203;GO;A3565;00019200000013491830;MultiModal;13/07/2026 04:06;14/07/2026 11:05;13/07/2026 04:28;-
560203;GO;A7451;00019200000013491849;MultiModal;13/07/2026 04:06;14/07/2026 11:05;13/07/2026 06:42;-
560203;GO;A4420;00019200000013491857;MultiModal;13/07/2026 04:06;14/07/2026 11:05;13/07/2026 04:28;-
560203;GO;A9249;00019200000013491865;MultiModal;13/07/2026 04:06;14/07/2026 11:05;13/07/2026 06:42;-
560203;GO;A7100;00019200000013491873;MultiModal;13/07/2026 04:06;14/07/2026 11:05;13/07/2026 04:28;-
560203;GO;A6093;00019200000013491881;MultiModal;13/07/2026 04:06;14/07/2026 11:05;13/07/2026 06:42;-
560203;GO;A6996;00019200000013491890;MultiModal;13/07/2026 04:06;14/07/2026 11:05;13/07/2026 06:42;-
560203;GO;A9556;00019200000013491903;MultiModal;13/07/2026 04:06;14/07/2026 11:05;13/07/2026 04:28;-
560203;GO;TA0248;00019200000013492128;MultiModal;13/07/2026 04:06;14/07/2026 11:05;13/07/2026 06:42;-
560203;GO;A4688;00019200000013492136;MultiModal;13/07/2026 04:06;14/07/2026 11:05;13/07/2026 06:42;-
560203;GO;A9333;00019200000013492144;MultiModal;13/07/2026 04:06;14/07/2026 11:05;13/07/2026 06:42;-
560203;GO;A9448;00019200000013492152;MultiModal;13/07/2026 04:06;14/07/2026 11:05;13/07/2026 06:42;-
560203;GO;A3016;00019200000013492160;MultiModal;13/07/2026 04:06;14/07/2026 11:05;13/07/2026 06:42;-
560203;GO;TA1039;00019200000013492179;MultiModal;13/07/2026 04:06;14/07/2026 11:05;13/07/2026 04:28;-
560203;GO;TA1247;00019200000013492187;MultiModal;13/07/2026 04:06;14/07/2026 11:05;13/07/2026 04:28;-
560203;GO;A2516;00019200000013492195;MultiModal;13/07/2026 04:06;14/07/2026 11:05;13/07/2026 04:28;-
560203;GO;A6194;00019200000013492209;MultiModal;13/07/2026 04:06;14/07/2026 11:05;13/07/2026 06:42;-
560203;GO;A3383;00019200000013492217;MultiModal;13/07/2026 04:06;14/07/2026 11:05;13/07/2026 04:28;-
560203;GO;TA0251;00019200000013492225;MultiModal;13/07/2026 04:06;14/07/2026 11:05;13/07/2026 04:28;-
560203;GO;A3927;00019200000013492233;MultiModal;13/07/2026 04:06;14/07/2026 11:05;13/07/2026 04:28;-
560203;GO;TA0527;00019200000013492241;MultiModal;13/07/2026 04:06;14/07/2026 11:05;13/07/2026 04:28;-
560203;GO;A4041;00019200000013492250;MultiModal;13/07/2026 04:06;14/07/2026 11:05;13/07/2026 04:28;-
560203;GO;TA0875;00019200000013492667;MultiModal;13/07/2026 04:06;14/07/2026 11:05;13/07/2026 04:28;-
560213;GO;A9079;00019200000013410385;MultiModal;09/07/2026 04:32;10/07/2026 17:00;09/07/2026 04:32;10/07/2026 17:00
560214;GO;A6677;00019200000013410407;MultiModal;09/07/2026 04:33;10/07/2026 14:45;09/07/2026 04:33;10/07/2026 14:45
560295;GO;A1599;00019200000013444930;MultiModal;14/07/2026 05:25;-;14/07/2026 05:25;-
560295;GO;A4309;00019200000013444948;MultiModal;14/07/2026 05:25;-;14/07/2026 05:25;-
560295;GO;A4473;00019200000013444956;MultiModal;14/07/2026 05:25;-;14/07/2026 05:25;-
560295;GO;A1618;00019200000013444964;MultiModal;14/07/2026 05:25;-;14/07/2026 05:25;-
560295;GO;A9294;00019200000013444972;MultiModal;14/07/2026 05:25;-;14/07/2026 05:25;-
560295;GO;TA0887;00019200000013444980;MultiModal;14/07/2026 05:25;-;14/07/2026 05:25;-
560295;GO;TA1045;00019200000013444999;MultiModal;14/07/2026 05:25;-;14/07/2026 05:25;-
560295;GO;A4901;00019200000013445006;MultiModal;14/07/2026 05:25;-;14/07/2026 05:25;-
560295;GO;A5777;00019200000013448021;MultiModal;14/07/2026 05:25;-;14/07/2026 05:25;-
560295;GO;A1904;00019200000013448064;MultiModal;14/07/2026 05:25;-;14/07/2026 05:25;-
560295;GO;A5911;00019200000013448072;MultiModal;14/07/2026 05:25;-;14/07/2026 05:25;-
556144;MA;A9132;00019200000012755206;MultiModal;09/06/2026 00:40;10/06/2026 11:30;-;-
556144;MA;TA0962;00019200000012755214;MultiModal;09/06/2026 00:40;10/06/2026 11:30;-;-
556144;MA;A6111;00019200000012755222;MultiModal;09/06/2026 00:40;10/06/2026 11:30;-;-
556144;MA;A2789;00019200000012755281;MultiModal;09/06/2026 00:40;10/06/2026 11:30;-;-
556144;MA;A7009;00019200000012755290;MultiModal;09/06/2026 00:40;10/06/2026 11:30;-;-
556144;MA;A9414;00019200000012755303;MultiModal;09/06/2026 00:40;10/06/2026 11:30;-;-
556144;MA;A6723;00019200000012755311;MultiModal;09/06/2026 00:40;10/06/2026 11:30;-;-
556144;MA;A0622;00019200000012755320;MultiModal;09/06/2026 00:40;10/06/2026 11:30;-;-
556144;MA;A7578;00019200000012755338;MultiModal;09/06/2026 00:40;10/06/2026 11:30;-;-
556144;MA;A6660;00019200000012755346;MultiModal;09/06/2026 00:40;10/06/2026 11:30;-;-
556144;MA;TA0844;00019200000012755354;MultiModal;09/06/2026 00:40;10/06/2026 11:30;-;-
556144;MA;A8356;00019200000012755362;MultiModal;09/06/2026 00:40;10/06/2026 11:30;-;-
556144;MA;A9440;00019200000012755389;MultiModal;09/06/2026 00:40;10/06/2026 11:30;-;-
556144;MA;A3238;00019200000012755397;MultiModal;09/06/2026 00:40;10/06/2026 11:30;-;-
556144;MA;A5386;00019200000012755419;MultiModal;09/06/2026 00:40;10/06/2026 11:30;-;-
556144;MA;A3774;00019200000012755427;MultiModal;09/06/2026 00:40;10/06/2026 11:30;-;-
556144;MA;TA0721;00019200000012755435;MultiModal;09/06/2026 00:40;10/06/2026 11:30;-;-
556144;MA;TA1234;00019200000012755443;MultiModal;09/06/2026 00:40;10/06/2026 11:30;-;-
556144;MA;A7464;00019200000012755451;MultiModal;09/06/2026 00:40;10/06/2026 11:30;-;-
556144;MA;A9342;00019200000012755460;MultiModal;09/06/2026 00:40;10/06/2026 11:30;-;-
556144;MA;A0381;00019200000012755478;MultiModal;09/06/2026 00:40;10/06/2026 11:30;-;-
556144;MA;TA0426;00019200000012755486;MultiModal;09/06/2026 00:40;10/06/2026 11:30;-;-
556144;MA;A2365;00019200000012755494;MultiModal;09/06/2026 00:40;10/06/2026 11:30;-;-
556144;MA;A5032;00019200000012755516;MultiModal;09/06/2026 00:40;10/06/2026 11:30;-;-
556144;MA;A0892;00019200000012755524;MultiModal;09/06/2026 00:40;10/06/2026 11:30;-;-
556144;MA;TA0425;00019200000012755532;MultiModal;09/06/2026 00:40;10/06/2026 11:30;-;-
556144;MA;A7774;00019200000012755540;MultiModal;09/06/2026 00:40;10/06/2026 11:30;-;-
556144;MA;A5614;00019200000012755559;MultiModal;09/06/2026 00:40;10/06/2026 11:30;-;-
556144;MA;A7894;00019200000012755567;MultiModal;09/06/2026 00:40;10/06/2026 11:30;-;-
556144;MA;A9373;00019200000012755575;MultiModal;09/06/2026 00:40;10/06/2026 11:30;-;-
556144;MA;A1717;00019200000012755583;MultiModal;09/06/2026 00:40;10/06/2026 11:30;-;-
556144;MA;TA0171;00019200000012755591;MultiModal;09/06/2026 00:40;10/06/2026 11:30;-;-
556144;MA;A7402;00019200000012755605;MultiModal;09/06/2026 00:40;10/06/2026 11:30;-;-
556144;MA;;00019200000012755613;MultiModal;09/06/2026 00:40;10/06/2026 11:30;-;-
556144;MA;A6947;00019200000012755621;MultiModal;09/06/2026 00:40;10/06/2026 11:30;-;-
556144;MA;TA1244;00019200000012755630;MultiModal;09/06/2026 00:40;10/06/2026 11:30;-;-
556144;MA;A6932;00019200000012755648;MultiModal;09/06/2026 00:40;10/06/2026 11:30;-;-
556144;MA;A8680;00019200000012755656;MultiModal;09/06/2026 00:40;10/06/2026 11:30;-;-
556144;MA;A5645;00019200000012755664;MultiModal;09/06/2026 00:40;10/06/2026 11:30;-;-
556144;MA;A0975;00019200000012755672;MultiModal;09/06/2026 00:40;10/06/2026 11:30;-;-
556144;MA;A7416;00019200000012755680;MultiModal;09/06/2026 00:40;10/06/2026 11:30;-;-
556144;MA;A7259;00019200000012755699;MultiModal;09/06/2026 00:40;10/06/2026 11:30;-;-
556144;MA;A4009;00019200000012755702;MultiModal;09/06/2026 00:40;10/06/2026 11:30;-;-
556144;MA;A8026;00019200000012755710;MultiModal;09/06/2026 00:40;10/06/2026 11:30;-;-
556144;MA;A2120;00019200000012755729;MultiModal;09/06/2026 00:40;10/06/2026 11:30;-;-
556144;MA;TA0752;00019200000012755737;MultiModal;09/06/2026 00:40;10/06/2026 11:30;-;-
556144;MA;A7246;00019200000012755745;MultiModal;09/06/2026 00:40;10/06/2026 11:30;-;-
556144;MA;A2083;00019200000012755753;MultiModal;09/06/2026 00:40;10/06/2026 11:30;-;-
556144;MA;A7897;00019200000012755761;MultiModal;09/06/2026 00:40;10/06/2026 11:30;-;-
556144;MA;A1456;00019200000012755770;MultiModal;09/06/2026 00:40;10/06/2026 11:30;-;-
556144;MA;A6502;00019200000012755788;MultiModal;09/06/2026 00:40;10/06/2026 11:30;-;-
556144;MA;A5680;00019200000012755796;MultiModal;09/06/2026 00:40;10/06/2026 11:30;-;-
556144;MA;A6429;00019200000012755800;MultiModal;09/06/2026 00:40;10/06/2026 11:30;-;-
556144;MA;A1965;00019200000012755818;MultiModal;09/06/2026 00:40;10/06/2026 11:30;-;-
556144;MA;A8150;00019200000012755826;MultiModal;09/06/2026 00:40;10/06/2026 11:30;-;-
556144;MA;A2868;00019200000012755834;MultiModal;09/06/2026 00:40;10/06/2026 11:30;-;-
556144;MA;A4396;00019200000012755842;MultiModal;09/06/2026 00:40;10/06/2026 11:30;-;-
556144;MA;A8096;00019200000012755850;MultiModal;09/06/2026 00:40;10/06/2026 11:30;-;-
556144;MA;A7624;00019200000012755869;MultiModal;09/06/2026 00:40;10/06/2026 11:30;-;-
556144;MA;A8979;00019200000012755877;MultiModal;09/06/2026 00:40;10/06/2026 11:30;-;-
556144;MA;A3681;00019200000012755885;MultiModal;09/06/2026 00:40;10/06/2026 11:30;-;-
556144;MA;A9706;00019200000012755893;MultiModal;09/06/2026 00:40;10/06/2026 11:30;-;-
556144;MA;A5635;00019200000012755907;MultiModal;09/06/2026 00:40;10/06/2026 11:30;-;-
556144;MA;A2785;00019200000012755915;MultiModal;09/06/2026 00:40;10/06/2026 11:30;-;-
556144;MA;TA0256;00019200000012755923;MultiModal;09/06/2026 00:40;10/06/2026 11:30;-;-
556144;MA;A2109;00019200000012755931;MultiModal;09/06/2026 00:40;10/06/2026 11:30;-;-
556144;MA;A3447;00019200000012755940;MultiModal;09/06/2026 00:40;10/06/2026 11:30;-;-
556304;MA;A4692;00019200000012694541;MultiModal;15/06/2026 01:42;16/06/2026 15:00;15/06/2026 01:42;16/06/2026 15:00
556304;MA;A3943;00019200000012704253;MultiModal;15/06/2026 01:42;16/06/2026 15:00;15/06/2026 01:42;16/06/2026 15:00
556369;MA;TA0957;00019200000012728934;MultiModal;11/06/2026 00:36;12/06/2026 15:00;-;-
556608;MA;A8930;00019200000012694517;MultiModal;15/06/2026 01:42;16/06/2026 15:00;15/06/2026 01:42;16/06/2026 15:00
556608;MA;A6858;00019200000012694525;MultiModal;15/06/2026 01:42;16/06/2026 15:00;15/06/2026 01:42;16/06/2026 15:00
556608;MA;A8034;00019200000012694533;MultiModal;15/06/2026 01:42;16/06/2026 15:00;15/06/2026 01:42;16/06/2026 15:00
556646;MA;A3086;00019200000012694550;MultiModal;16/06/2026 04:49;17/06/2026 08:00;16/06/2026 04:49;17/06/2026 08:00
556646;MA;A9508;00019200000012694568;MultiModal;16/06/2026 04:49;17/06/2026 08:00;16/06/2026 04:49;17/06/2026 08:00
556646;MA;A3875;00019200000012694576;MultiModal;16/06/2026 04:49;17/06/2026 08:00;16/06/2026 04:49;17/06/2026 08:00
557255;MA;A7026;00019200000013408348;MultiModal;13/07/2026 00:38;14/07/2026 10:00;13/07/2026 00:38;14/07/2026 10:00
557255;MA;TA1172;00019200000013417088;MultiModal;13/07/2026 00:38;14/07/2026 10:00;13/07/2026 00:38;14/07/2026 10:00
557255;MA;A9439;00019200000013417193;MultiModal;13/07/2026 00:38;14/07/2026 10:00;13/07/2026 00:38;14/07/2026 10:00
557255;MA;TA1160;00019200000013417207;MultiModal;13/07/2026 00:38;14/07/2026 10:00;13/07/2026 00:38;14/07/2026 10:00
557255;MA;A6889;00019200000013417215;MultiModal;13/07/2026 00:38;14/07/2026 10:00;13/07/2026 00:38;14/07/2026 10:00
557255;MA;TA0808;00019200000013417223;MultiModal;13/07/2026 00:38;14/07/2026 10:00;13/07/2026 00:38;14/07/2026 10:00
557255;MA;A7498;00019200000013417231;MultiModal;13/07/2026 00:38;14/07/2026 10:00;13/07/2026 00:38;14/07/2026 10:00
557255;MA;A7089;00019200000013417240;MultiModal;13/07/2026 00:38;14/07/2026 10:00;13/07/2026 00:38;14/07/2026 10:00
557255;MA;A6225;00019200000013417258;MultiModal;13/07/2026 00:38;14/07/2026 10:00;13/07/2026 00:38;14/07/2026 10:00
557255;MA;A3740;00019200000013417266;MultiModal;13/07/2026 00:38;14/07/2026 10:00;13/07/2026 00:38;14/07/2026 10:00
557255;MA;A6931;00019200000013417274;MultiModal;13/07/2026 00:38;14/07/2026 10:00;13/07/2026 00:38;14/07/2026 10:00
557255;MA;A7178;00019200000013417282;MultiModal;13/07/2026 00:38;14/07/2026 10:00;13/07/2026 00:38;14/07/2026 10:00
557255;MA;A9226;00019200000013417290;MultiModal;13/07/2026 00:38;14/07/2026 10:00;13/07/2026 00:38;14/07/2026 10:00
557255;MA;A6377;00019200000013417304;MultiModal;13/07/2026 00:38;14/07/2026 10:00;13/07/2026 00:38;14/07/2026 10:00
557255;MA;A3929;00019200000013417312;MultiModal;13/07/2026 00:38;14/07/2026 10:00;13/07/2026 00:38;14/07/2026 10:00
557255;MA;A0476;00019200000013417371;MultiModal;13/07/2026 00:38;14/07/2026 10:00;13/07/2026 00:38;14/07/2026 10:00
559950;MA;A1013;00019200000013408291;MultiModal;08/07/2026 23:40;10/07/2026 10:00;08/07/2026 23:40;10/07/2026 10:00
559950;MA;A7246;00019200000013408305;MultiModal;08/07/2026 23:40;10/07/2026 10:00;08/07/2026 23:40;10/07/2026 10:00
559950;MA;A6014;00019200000013408313;MultiModal;08/07/2026 23:40;10/07/2026 10:00;08/07/2026 23:40;10/07/2026 10:00
559950;MA;A8471;00019200000013408321;MultiModal;08/07/2026 23:40;10/07/2026 10:00;08/07/2026 23:40;10/07/2026 10:00
559950;MA;A5663;00019200000013417096;MultiModal;08/07/2026 23:40;10/07/2026 10:00;08/07/2026 23:40;10/07/2026 10:00
559955;MA;A7219;00019200000013410458;MultiModal;08/07/2026 23:40;10/07/2026 08:00;08/07/2026 23:40;10/07/2026 08:00
560073;MA;A4265;00019200000013412183;MultiModal;13/07/2026 05:05;-;13/07/2026 05:05;-
560073;MA;A4184;00019200000013412191;MultiModal;13/07/2026 05:05;-;13/07/2026 05:05;-
560073;MA;A6117;00019200000013412205;MultiModal;13/07/2026 05:05;-;13/07/2026 05:05;-
560073;MA;TA0942;00019200000013412213;MultiModal;13/07/2026 05:05;-;13/07/2026 05:05;-
560073;MA;A4450;00019200000013412221;MultiModal;13/07/2026 05:05;-;13/07/2026 05:05;-
560073;MA;A7774;00019200000013412230;MultiModal;13/07/2026 05:05;-;13/07/2026 05:05;-
560073;MA;A0196;00019200000013412299;MultiModal;13/07/2026 05:05;-;13/07/2026 05:05;-
560073;MA;A5069;00019200000013412302;MultiModal;13/07/2026 05:05;-;13/07/2026 05:05;-
560087;MA;A5303;00019200000013492624;MultiModal;13/07/2026 00:37;14/07/2026 10:00;13/07/2026 00:37;14/07/2026 10:00
560144;MA;A0212;00019200000013414364;MultiModal;08/07/2026 00:40;09/07/2026 16:00;08/07/2026 00:40;09/07/2026 16:00
560296;MA;A1822;00019200000013488651;MultiModal;13/07/2026 23:23;-;13/07/2026 23:23;-
560296;MA;A4343;00019200000013488660;MultiModal;13/07/2026 23:23;-;13/07/2026 23:23;-
560296;MA;TA1187;00019200000013488678;MultiModal;13/07/2026 23:23;-;13/07/2026 23:23;-
560296;MA;A4957;00019200000013488686;MultiModal;13/07/2026 23:23;-;13/07/2026 23:23;-
560296;MA;A8306;00019200000013488694;MultiModal;13/07/2026 23:23;-;13/07/2026 23:23;-
560296;MA;A8730;00019200000013488708;MultiModal;13/07/2026 23:23;-;13/07/2026 23:23;-
560296;MA;A5282;00019200000013488716;MultiModal;13/07/2026 23:23;-;13/07/2026 23:23;-
560296;MA;A2192;00019200000013488724;MultiModal;13/07/2026 23:23;-;13/07/2026 23:23;-
560296;MA;A3141;00019200000013488732;MultiModal;13/07/2026 23:23;-;13/07/2026 23:23;-
560296;MA;TA0096;00019200000013488740;MultiModal;13/07/2026 23:23;-;13/07/2026 23:23;-
560296;MA;A7006;00019200000013488759;MultiModal;13/07/2026 23:23;-;13/07/2026 23:23;-
560296;MA;A6729;00019200000013488767;MultiModal;13/07/2026 23:23;-;13/07/2026 23:23;-
560316;MA;TA0375;00019200000013492560;MultiModal;11/07/2026 13:43;13/07/2026 08:00;11/07/2026 13:43;13/07/2026 08:00
560580;MA;A7442;00019200000013452487;MultiModal;13/07/2026 00:38;-;13/07/2026 00:38;-
558170;MG;A8228;00019200000013210858;MultiModal;18/06/2026 04:23;19/06/2026 14:51;18/06/2026 04:23;19/06/2026 14:51
559878;MG;A9258;00019200000013419579;MultiModal;07/07/2026 07:51;09/07/2026 10:27;07/07/2026 07:51;09/07/2026 10:27
559994;MG;A5163;00019200000013419552;MultiModal;07/07/2026 00:59;08/07/2026 13:40;07/07/2026 00:59;08/07/2026 13:40
560090;MG;A5596;00019200000013492675;MultiModal;13/07/2026 06:42;14/07/2026 17:05;13/07/2026 06:42;14/07/2026 17:05
560090;MG;A6136;00019200000013492683;MultiModal;13/07/2026 06:42;14/07/2026 17:05;13/07/2026 06:42;14/07/2026 17:05
560090;MG;TA1004;00019200000013492691;MultiModal;13/07/2026 06:42;14/07/2026 17:05;13/07/2026 06:42;14/07/2026 17:05
560090;MG;A9611;00019200000013492705;MultiModal;13/07/2026 06:42;14/07/2026 17:05;13/07/2026 06:42;14/07/2026 17:05
560090;MG;A5858;00019200000013492713;MultiModal;13/07/2026 06:42;14/07/2026 17:05;13/07/2026 06:42;14/07/2026 17:05
560090;MG;TA0533;00019200000013492780;MultiModal;13/07/2026 06:42;14/07/2026 17:05;13/07/2026 06:42;14/07/2026 17:05
560099;MG;A6398;00019200000013490494;MultiModal;13/07/2026 06:42;14/07/2026 11:21;13/07/2026 06:42;14/07/2026 11:21
560099;MG;A5808;00019200000013490532;MultiModal;13/07/2026 06:42;14/07/2026 11:21;13/07/2026 06:42;14/07/2026 11:21
560099;MG;A6137;00019200000013490540;MultiModal;13/07/2026 06:42;14/07/2026 11:21;13/07/2026 06:42;14/07/2026 11:21
560099;MG;A6379;00019200000013490559;MultiModal;13/07/2026 06:42;14/07/2026 11:21;13/07/2026 06:42;14/07/2026 11:21
560099;MG;A2474;00019200000013490567;MultiModal;13/07/2026 06:42;14/07/2026 11:21;13/07/2026 06:42;14/07/2026 11:21
560099;MG;A6060;00019200000013490575;MultiModal;13/07/2026 06:42;14/07/2026 11:21;13/07/2026 06:42;14/07/2026 11:21
560099;MG;TA0802;00019200000013490583;MultiModal;13/07/2026 06:42;14/07/2026 11:21;13/07/2026 06:42;14/07/2026 11:21
560099;MG;A6127;00019200000013490591;MultiModal;13/07/2026 06:42;14/07/2026 11:21;13/07/2026 06:42;14/07/2026 11:21
560099;MG;A8680;00019200000013490630;MultiModal;13/07/2026 06:42;14/07/2026 11:21;13/07/2026 06:42;14/07/2026 11:21
560119;MG;TA0893;00019200000013414054;MultiModal;09/07/2026 05:53;11/07/2026 16:47;09/07/2026 05:53;10/07/2026 11:02
560134;MG;A1811;00019200000013486420;MultiModal;14/07/2026 04:35;-;14/07/2026 04:35;-
560147;MG;TA1103;00019200000013413716;MultiModal;08/07/2026 08:10;09/07/2026 13:20;08/07/2026 08:10;09/07/2026 13:20
560155;MG;A6537;00019200000013414704;MultiModal;09/07/2026 04:33;10/07/2026 10:29;09/07/2026 04:33;10/07/2026 10:29
560156;MG;A7986;00019200000013414917;MultiModal;08/07/2026 05:33;11/07/2026 11:28;08/07/2026 05:33;11/07/2026 11:28
560157;MG;TA0947;00019200000013414690;MultiModal;09/07/2026 04:33;10/07/2026 11:03;09/07/2026 04:33;10/07/2026 11:03
560160;MG;A8885;00019200000013414615;MultiModal;08/07/2026 06:23;09/07/2026 13:42;08/07/2026 06:23;09/07/2026 13:42
560160;MG;A0303;00019200000013414623;MultiModal;08/07/2026 06:23;09/07/2026 13:42;08/07/2026 06:23;09/07/2026 13:42
560216;MG;A3489;00019200000013410369;MultiModal;09/07/2026 04:32;10/07/2026 18:20;09/07/2026 04:32;10/07/2026 18:20
560217;MG;A5598;00019200000013410377;MultiModal;09/07/2026 04:33;10/07/2026 10:55;09/07/2026 04:33;10/07/2026 13:15
560301;MG;A2142;00019200000013452762;MultiModal;14/07/2026 03:29;-;14/07/2026 03:29;-
560301;MG;A8206;00019200000013452770;MultiModal;14/07/2026 03:29;-;14/07/2026 03:29;-
560301;MG;A4337;00019200000013452789;MultiModal;14/07/2026 03:29;-;14/07/2026 03:29;-
560301;MG;A2642;00019200000013452797;MultiModal;14/07/2026 03:29;-;14/07/2026 03:29;-
560301;MG;TA0689;00019200000013452800;MultiModal;14/07/2026 03:29;-;14/07/2026 03:29;-
560301;MG;A6470;00019200000013452819;MultiModal;14/07/2026 03:29;-;14/07/2026 03:29;-
560301;MG;A9278;00019200000013453157;MultiModal;14/07/2026 03:29;-;14/07/2026 03:29;-
560301;MG;A3470;00019200000013453165;MultiModal;14/07/2026 03:29;-;14/07/2026 03:29;-
560301;MG;A1989;00019200000013453173;MultiModal;14/07/2026 03:29;-;14/07/2026 03:29;-
560301;MG;TA1062;00019200000013453181;MultiModal;14/07/2026 03:29;-;14/07/2026 03:29;-
560301;MG;A0811;00019200000013453190;MultiModal;14/07/2026 03:29;-;14/07/2026 03:29;-
560301;MG;A1448;00019200000013453203;MultiModal;14/07/2026 03:29;-;14/07/2026 03:29;-
560301;MG;A4055;00019200000013453211;MultiModal;14/07/2026 03:29;-;14/07/2026 03:29;-
560301;MG;A8780;00019200000013453220;MultiModal;14/07/2026 03:29;-;14/07/2026 03:29;-
560301;MG;A5123;00019200000013453238;MultiModal;14/07/2026 03:29;-;14/07/2026 03:29;-
560301;MG;TA0826;00019200000013453246;MultiModal;14/07/2026 03:29;-;14/07/2026 03:29;-
560301;MG;A8632;00019200000013453254;MultiModal;14/07/2026 03:29;-;14/07/2026 03:29;-
560301;MG;A7776;00019200000013485466;MultiModal;14/07/2026 03:29;-;14/07/2026 03:29;-
560301;MG;A4683;00019200000013485474;MultiModal;14/07/2026 03:29;-;14/07/2026 03:29;-
560301;MG;A4059;00019200000013485490;MultiModal;14/07/2026 03:29;-;14/07/2026 03:29;-
560301;MG;A7470;00019200000013485873;MultiModal;14/07/2026 03:29;-;14/07/2026 03:29;-
560301;MG;A2144;00019200000013486810;MultiModal;14/07/2026 03:29;-;14/07/2026 03:29;-
560317;MG;A6162;00019200000013488180;MultiModal;13/07/2026 00:47;14/07/2026 15:40;13/07/2026 00:47;14/07/2026 15:40
560346;MG;A5531;00019200000013453459;Rodoviário;11/07/2026 14:14;13/07/2026 12:53;11/07/2026 14:14;13/07/2026 12:53
560346;MG;A7644;00019200000013453467;Rodoviário;11/07/2026 14:14;13/07/2026 12:53;11/07/2026 14:14;13/07/2026 12:53
560346;MG;A6791;00019200000013453475;Rodoviário;11/07/2026 14:14;13/07/2026 12:53;11/07/2026 14:14;13/07/2026 12:53
560346;MG;TA1192;00019200000013453483;Rodoviário;11/07/2026 14:14;13/07/2026 12:53;11/07/2026 14:14;13/07/2026 12:53
560346;MG;A3245;00019200000013453491;Rodoviário;11/07/2026 14:14;13/07/2026 12:53;11/07/2026 14:14;13/07/2026 12:53
560346;MG;A9522;00019200000013453505;Rodoviário;11/07/2026 14:14;13/07/2026 12:53;11/07/2026 14:14;13/07/2026 12:53
560346;MG;A2429;00019200000013453513;Rodoviário;11/07/2026 14:14;13/07/2026 12:53;11/07/2026 14:14;13/07/2026 12:53
560346;MG;A7696;00019200000013453521;Rodoviário;11/07/2026 14:14;13/07/2026 12:53;11/07/2026 14:14;13/07/2026 12:53
560465;MG;A6864;00019200000013488252;MultiModal;13/07/2026 01:06;-;13/07/2026 01:06;-
556119;MS;A3032;00019200000012730718;MultiModal;11/06/2026 00:23;12/06/2026 17:15;-;-
556119;MS;A9518;00019200000012730726;MultiModal;11/06/2026 00:23;12/06/2026 17:15;-;-
556119;MS;A7769;00019200000012730734;MultiModal;11/06/2026 00:23;12/06/2026 17:15;-;-
556119;MS;A5953;00019200000012730742;MultiModal;11/06/2026 00:23;12/06/2026 17:15;-;-
556119;MS;A8598;00019200000012730750;MultiModal;11/06/2026 00:23;12/06/2026 17:15;-;-
556119;MS;A6859;00019200000012730777;MultiModal;11/06/2026 00:23;12/06/2026 17:15;-;-
556119;MS;A8155;00019200000012730823;MultiModal;11/06/2026 00:23;12/06/2026 17:15;-;-
556119;MS;A7994;00019200000012730840;MultiModal;11/06/2026 00:23;12/06/2026 17:15;-;-
556119;MS;TA0110;00019200000012730858;MultiModal;11/06/2026 00:23;12/06/2026 17:15;-;-
556119;MS;A6473;00019200000012730866;MultiModal;11/06/2026 00:23;12/06/2026 17:15;-;-
556119;MS;TA0239;00019200000012730874;MultiModal;11/06/2026 00:23;12/06/2026 17:15;-;-
556119;MS;A7003;00019200000012731196;MultiModal;11/06/2026 00:23;12/06/2026 17:15;-;-
556119;MS;A3886;00019200000012731200;MultiModal;11/06/2026 00:23;12/06/2026 17:15;-;-
556119;MS;A7837;00019200000012731218;MultiModal;11/06/2026 00:23;12/06/2026 17:15;-;-
556119;MS;A1833;00019200000012731226;MultiModal;11/06/2026 00:23;12/06/2026 17:15;-;-
556119;MS;A6726;00019200000012731234;MultiModal;11/06/2026 00:23;12/06/2026 17:15;-;-
556119;MS;A8960;00019200000012731242;MultiModal;11/06/2026 00:23;12/06/2026 17:15;-;-
556119;MS;A8420;00019200000012731250;MultiModal;11/06/2026 00:23;12/06/2026 17:15;-;-
556546;MS;A6617;00019200000012723495;MultiModal;06/06/2026 05:01;09/06/2026 09:00;-;-
556548;MS;A6895;00019200000012723509;MultiModal;06/06/2026 05:03;09/06/2026 17:00;-;-
556651;MS;TA0400;00019200000013212958;MultiModal;13/06/2026 12:56;16/06/2026 16:00;13/06/2026 12:56;16/06/2026 16:00
557761;MS;TA0993;00019200000013422332;MultiModal;07/07/2026 04:42;08/07/2026 15:40;07/07/2026 04:42;08/07/2026 15:40
557761;MS;A9359;00019200000013422340;MultiModal;07/07/2026 04:42;08/07/2026 15:40;07/07/2026 04:42;08/07/2026 15:40
557761;MS;A5757;00019200000013422359;MultiModal;07/07/2026 04:42;08/07/2026 15:40;07/07/2026 04:42;08/07/2026 15:40
557946;MS;A8346;00019200000013234730;MultiModal;22/06/2026 00:51;22/06/2026 20:48;22/06/2026 01:22;22/06/2026 20:48
557946;MS;A1224;00019200000013234749;MultiModal;22/06/2026 00:51;22/06/2026 20:48;22/06/2026 01:22;22/06/2026 20:48
557946;MS;A4788;00019200000013234757;MultiModal;22/06/2026 00:51;22/06/2026 20:48;22/06/2026 01:22;22/06/2026 20:48
557946;MS;TA0338;00019200000013234765;MultiModal;22/06/2026 00:51;22/06/2026 20:48;22/06/2026 00:51;23/06/2026 18:30
557946;MS;A6825;00019200000013234773;MultiModal;22/06/2026 00:51;22/06/2026 20:48;22/06/2026 00:51;23/06/2026 18:30
557946;MS;A8970;00019200000013234781;MultiModal;22/06/2026 00:51;22/06/2026 20:48;22/06/2026 01:22;22/06/2026 20:48
557946;MS;A6211;00019200000013234790;MultiModal;22/06/2026 00:51;22/06/2026 20:48;22/06/2026 01:22;22/06/2026 20:48
557946;MS;A7941;00019200000013234803;MultiModal;22/06/2026 00:51;22/06/2026 20:48;22/06/2026 01:22;22/06/2026 20:48
557946;MS;TA0971;00019200000013234811;MultiModal;22/06/2026 00:51;22/06/2026 20:48;22/06/2026 01:22;22/06/2026 20:48
557946;MS;A6715;00019200000013234820;MultiModal;22/06/2026 00:51;22/06/2026 20:48;22/06/2026 00:51;23/06/2026 18:30
557946;MS;A7778;00019200000013234838;MultiModal;22/06/2026 00:51;22/06/2026 20:48;22/06/2026 01:22;22/06/2026 20:48
557946;MS;A8722;00019200000013234846;MultiModal;22/06/2026 00:51;22/06/2026 20:48;22/06/2026 01:22;22/06/2026 20:48
557946;MS;A6811;00019200000013234854;MultiModal;22/06/2026 00:51;22/06/2026 20:48;22/06/2026 00:51;23/06/2026 18:30
557946;MS;A4253;00019200000013234862;MultiModal;22/06/2026 00:51;22/06/2026 20:48;22/06/2026 00:51;23/06/2026 18:30
557946;MS;A7611;00019200000013234870;MultiModal;22/06/2026 00:51;22/06/2026 20:48;22/06/2026 00:51;23/06/2026 18:30
557946;MS;A8751;00019200000013234889;MultiModal;22/06/2026 00:51;22/06/2026 20:48;22/06/2026 00:51;23/06/2026 18:30
557946;MS;A6209;00019200000013234897;MultiModal;22/06/2026 00:51;22/06/2026 20:48;22/06/2026 00:51;23/06/2026 18:30
557946;MS;A7241;00019200000013234900;MultiModal;22/06/2026 00:51;22/06/2026 20:48;22/06/2026 00:51;23/06/2026 18:30
557946;MS;A7776;00019200000013234919;MultiModal;22/06/2026 00:51;22/06/2026 20:48;22/06/2026 00:51;23/06/2026 18:30
557946;MS;A8679;00019200000013234927;MultiModal;22/06/2026 00:51;22/06/2026 20:48;22/06/2026 00:51;23/06/2026 18:30
557946;MS;A4065;00019200000013234935;MultiModal;22/06/2026 00:51;22/06/2026 20:48;22/06/2026 00:51;23/06/2026 18:30
557946;MS;A2608;00019200000013236512;MultiModal;22/06/2026 00:51;22/06/2026 20:48;22/06/2026 01:22;22/06/2026 20:48
557946;MS;A7682;00019200000013236520;MultiModal;22/06/2026 00:51;22/06/2026 20:48;22/06/2026 01:22;22/06/2026 20:48
557946;MS;A9311;00019200000013333801;MultiModal;22/06/2026 00:51;22/06/2026 20:48;22/06/2026 01:22;22/06/2026 20:48
557946;MS;A7879;00019200000013333810;MultiModal;22/06/2026 00:51;22/06/2026 20:48;22/06/2026 01:22;22/06/2026 20:48
557946;MS;A7934;00019200000013333828;MultiModal;22/06/2026 00:51;22/06/2026 20:48;22/06/2026 00:51;23/06/2026 18:30
557946;MS;A6813;00019200000013333836;MultiModal;22/06/2026 00:51;22/06/2026 20:48;22/06/2026 00:51;23/06/2026 18:30
557946;MS;A8524;00019200000013333844;MultiModal;22/06/2026 00:51;22/06/2026 20:48;22/06/2026 00:51;23/06/2026 18:30
557946;MS;A7460;00019200000013333909;MultiModal;22/06/2026 00:51;22/06/2026 20:48;22/06/2026 01:22;22/06/2026 20:48
557946;MS;A6532;00019200000013333917;MultiModal;22/06/2026 00:51;22/06/2026 20:48;22/06/2026 01:22;22/06/2026 20:48
557960;MS;A3313;00019200000013207180;MultiModal;18/06/2026 18:36;25/06/2026 14:47;24/06/2026 08:03;25/06/2026 14:47
557960;MS;A3336;00019200000013207199;MultiModal;18/06/2026 18:36;25/06/2026 14:47;24/06/2026 08:03;25/06/2026 14:47
557960;MS;TA0532;00019200000013240226;MultiModal;18/06/2026 18:36;25/06/2026 14:47;24/06/2026 08:03;25/06/2026 14:47
557960;MS;A0178;00019200000013240234;MultiModal;18/06/2026 18:36;25/06/2026 14:47;24/06/2026 08:03;25/06/2026 14:47
557960;MS;TA0668;00019200000013240242;MultiModal;18/06/2026 18:36;25/06/2026 14:47;24/06/2026 08:03;25/06/2026 14:47
557960;MS;A3429;00019200000013240250;MultiModal;18/06/2026 18:36;25/06/2026 14:47;24/06/2026 08:03;25/06/2026 14:47
557960;MS;A6427;00019200000013240269;MultiModal;18/06/2026 18:36;25/06/2026 14:47;24/06/2026 08:03;25/06/2026 14:47
557960;MS;A3796;00019200000013240277;MultiModal;18/06/2026 18:36;25/06/2026 14:47;24/06/2026 08:03;25/06/2026 14:47
557960;MS;A6709;00019200000013240285;MultiModal;18/06/2026 18:36;25/06/2026 14:47;24/06/2026 08:03;25/06/2026 14:47
557960;MS;A4800;00019200000013240293;MultiModal;18/06/2026 18:36;25/06/2026 14:47;24/06/2026 08:03;25/06/2026 14:47
557960;MS;A2122;00019200000013240307;MultiModal;18/06/2026 18:36;25/06/2026 14:47;24/06/2026 08:03;25/06/2026 14:47
557960;MS;A4838;00019200000013240315;MultiModal;18/06/2026 18:36;25/06/2026 14:47;24/06/2026 08:03;25/06/2026 14:47
557960;MS;TA0698;00019200000013240323;MultiModal;18/06/2026 18:36;25/06/2026 14:47;24/06/2026 08:03;25/06/2026 14:47
557960;MS;A9086;00019200000013240331;MultiModal;18/06/2026 18:36;25/06/2026 14:47;24/06/2026 08:03;25/06/2026 14:47
558377;MS;A9191;00019200000013417924;MultiModal;07/07/2026 04:40;08/07/2026 14:00;07/07/2026 04:40;08/07/2026 14:00
558377;MS;A8998;00019200000013417932;MultiModal;07/07/2026 04:40;08/07/2026 14:00;07/07/2026 04:40;08/07/2026 14:00
558377;MS;A5627;00019200000013417940;MultiModal;07/07/2026 04:40;08/07/2026 14:00;07/07/2026 04:40;08/07/2026 14:00
558377;MS;A5498;00019200000013417959;MultiModal;07/07/2026 04:40;08/07/2026 14:00;07/07/2026 04:40;08/07/2026 14:00
558377;MS;A5394;00019200000013417967;MultiModal;07/07/2026 04:40;08/07/2026 14:00;07/07/2026 04:40;08/07/2026 14:00
558377;MS;A8536;00019200000013417975;MultiModal;07/07/2026 04:40;08/07/2026 14:00;07/07/2026 04:40;08/07/2026 14:00
558377;MS;A6641;00019200000013417983;MultiModal;07/07/2026 04:40;08/07/2026 14:00;07/07/2026 04:40;08/07/2026 14:00
558377;MS;TA0827;00019200000013417991;MultiModal;07/07/2026 04:40;08/07/2026 14:00;07/07/2026 04:40;08/07/2026 14:00
558377;MS;A6557;00019200000013418009;MultiModal;07/07/2026 04:40;08/07/2026 14:00;07/07/2026 04:40;08/07/2026 14:00
558377;MS;A0387;00019200000013418017;MultiModal;07/07/2026 04:40;08/07/2026 14:00;07/07/2026 04:40;08/07/2026 14:00
558377;MS;A9619;00019200000013418025;MultiModal;07/07/2026 04:40;08/07/2026 14:00;07/07/2026 04:40;08/07/2026 14:00
558377;MS;A2318;00019200000013418033;MultiModal;07/07/2026 04:40;08/07/2026 14:00;07/07/2026 04:40;08/07/2026 14:00
558377;MS;A7739;00019200000013418041;MultiModal;07/07/2026 04:40;08/07/2026 14:00;07/07/2026 04:40;08/07/2026 14:00
558377;MS;A9337;00019200000013418050;MultiModal;07/07/2026 04:40;08/07/2026 14:00;07/07/2026 04:40;08/07/2026 14:00
558377;MS;A2079;00019200000013418068;MultiModal;07/07/2026 04:40;08/07/2026 14:00;07/07/2026 04:40;08/07/2026 14:00
558377;MS;TA0996;00019200000013418076;MultiModal;07/07/2026 04:40;08/07/2026 14:00;07/07/2026 04:40;08/07/2026 14:00
558377;MS;A9650;00019200000013418084;MultiModal;07/07/2026 04:40;08/07/2026 14:00;07/07/2026 04:40;08/07/2026 14:00
558377;MS;A6556;00019200000013418092;MultiModal;07/07/2026 04:40;08/07/2026 14:00;07/07/2026 04:40;08/07/2026 14:00
558377;MS;A7005;00019200000013418106;MultiModal;07/07/2026 04:40;08/07/2026 14:00;07/07/2026 04:40;08/07/2026 14:00
558377;MS;TA0339;00019200000013418114;MultiModal;07/07/2026 04:40;08/07/2026 14:00;07/07/2026 04:40;08/07/2026 14:00
558377;MS;A7485;00019200000013418122;MultiModal;07/07/2026 04:40;08/07/2026 14:00;07/07/2026 04:40;08/07/2026 14:00
558377;MS;A7944;00019200000013418130;MultiModal;07/07/2026 04:40;08/07/2026 14:00;07/07/2026 04:40;08/07/2026 14:00
558377;MS;A5066;00019200000013418149;MultiModal;07/07/2026 04:40;08/07/2026 14:00;07/07/2026 04:40;08/07/2026 14:00
558377;MS;A9012;00019200000013418157;MultiModal;07/07/2026 04:40;08/07/2026 14:00;07/07/2026 04:40;08/07/2026 14:00
558377;MS;A4726;00019200000013418165;MultiModal;07/07/2026 04:40;08/07/2026 14:00;07/07/2026 04:40;08/07/2026 14:00
558377;MS;A6585;00019200000013418173;MultiModal;07/07/2026 04:40;08/07/2026 14:00;07/07/2026 04:40;08/07/2026 14:00
558377;MS;A4318;00019200000013418181;MultiModal;07/07/2026 04:40;08/07/2026 14:00;07/07/2026 04:40;08/07/2026 14:00
558377;MS;A8488;00019200000013418190;MultiModal;07/07/2026 04:40;08/07/2026 14:00;07/07/2026 04:40;08/07/2026 14:00
558951;MS;A8948;00019200000013492578;MultiModal;13/07/2026 00:47;-;13/07/2026 00:47;-
559887;MS;A8511;00019200000013419587;MultiModal;07/07/2026 04:54;09/07/2026 09:33;07/07/2026 04:54;09/07/2026 09:33
559889;MS;A6560;00019200000013419617;MultiModal;07/07/2026 00:58;09/07/2026 09:00;07/07/2026 00:58;09/07/2026 09:00
559971;MS;A8246;00019200000013408640;MultiModal;08/07/2026 06:45;09/07/2026 15:00;08/07/2026 06:45;09/07/2026 15:00
559971;MS;A0695;00019200000013408658;MultiModal;08/07/2026 06:45;09/07/2026 15:00;08/07/2026 06:45;09/07/2026 15:00
559971;MS;A5951;00019200000013408666;MultiModal;08/07/2026 06:45;09/07/2026 15:00;08/07/2026 06:45;09/07/2026 15:00
559971;MS;A6608;00019200000013408674;MultiModal;08/07/2026 06:45;09/07/2026 15:00;08/07/2026 06:45;09/07/2026 15:00
559971;MS;A1914;00019200000013408682;MultiModal;08/07/2026 06:45;09/07/2026 15:00;08/07/2026 06:45;09/07/2026 15:00
559971;MS;A7483;00019200000013408690;MultiModal;08/07/2026 06:45;09/07/2026 15:00;08/07/2026 06:45;09/07/2026 15:00
559971;MS;A8480;00019200000013408704;MultiModal;08/07/2026 06:45;09/07/2026 15:00;08/07/2026 06:45;09/07/2026 15:00
559971;MS;A5809;00019200000013408712;MultiModal;08/07/2026 06:45;09/07/2026 15:00;08/07/2026 06:45;09/07/2026 15:00
559971;MS;A9201;00019200000013409301;MultiModal;08/07/2026 06:45;09/07/2026 15:00;08/07/2026 06:45;09/07/2026 15:00
559971;MS;A6255;00019200000013409310;MultiModal;08/07/2026 06:45;09/07/2026 15:00;08/07/2026 06:45;09/07/2026 15:00
559971;MS;A9414;00019200000013409328;MultiModal;08/07/2026 06:45;09/07/2026 15:00;08/07/2026 06:45;09/07/2026 15:00
559971;MS;A6019;00019200000013409336;MultiModal;08/07/2026 06:45;09/07/2026 15:00;08/07/2026 06:45;09/07/2026 15:00
559971;MS;A8801;00019200000013409344;MultiModal;08/07/2026 06:45;09/07/2026 15:00;08/07/2026 06:45;09/07/2026 15:00
559971;MS;TA1098;00019200000013409352;MultiModal;08/07/2026 06:45;09/07/2026 15:00;08/07/2026 06:45;09/07/2026 15:00
559971;MS;A6796;00019200000013409360;MultiModal;08/07/2026 06:45;09/07/2026 15:00;08/07/2026 06:45;09/07/2026 15:00
560089;MS;A2203;00019200000013492632;MultiModal;13/07/2026 00:47;-;13/07/2026 00:47;-
560108;MS;A6687;00019200000013412906;MultiModal;13/07/2026 05:02;-;13/07/2026 05:02;-
560108;MS;A8379;00019200000013412914;MultiModal;13/07/2026 05:02;-;13/07/2026 05:02;-
560108;MS;TA0530;00019200000013412922;MultiModal;13/07/2026 05:02;-;13/07/2026 05:02;-
560108;MS;A8297;00019200000013412930;MultiModal;13/07/2026 05:02;-;13/07/2026 05:02;-
560108;MS;TA0701;00019200000013412949;MultiModal;13/07/2026 05:02;-;13/07/2026 05:02;-
560108;MS;A9134;00019200000013412957;MultiModal;13/07/2026 05:02;-;13/07/2026 05:02;-
560108;MS;A5366;00019200000013412965;MultiModal;13/07/2026 05:02;-;13/07/2026 05:02;-
560122;MS;A7904;00019200000013415271;MultiModal;08/07/2026 00:46;09/07/2026 16:00;08/07/2026 00:46;09/07/2026 16:00
560302;MS;A0376;00019200000013487752;MultiModal;13/07/2026 00:47;13/07/2026 18:00;13/07/2026 00:47;13/07/2026 18:00
560302;MS;A5620;00019200000013487760;MultiModal;13/07/2026 00:47;13/07/2026 18:00;13/07/2026 00:47;13/07/2026 18:00
560302;MS;A3724;00019200000013487779;MultiModal;13/07/2026 00:47;13/07/2026 18:00;13/07/2026 00:47;13/07/2026 18:00
560302;MS;A3358;00019200000013487787;MultiModal;13/07/2026 00:47;13/07/2026 18:00;13/07/2026 00:47;13/07/2026 18:00
560302;MS;A3417;00019200000013487795;MultiModal;13/07/2026 00:47;13/07/2026 18:00;13/07/2026 00:47;13/07/2026 18:00
560302;MS;TA0662;00019200000013487809;MultiModal;13/07/2026 00:47;13/07/2026 18:00;13/07/2026 00:47;13/07/2026 18:00
560302;MS;A5199;00019200000013487817;MultiModal;13/07/2026 00:47;13/07/2026 18:00;13/07/2026 00:47;13/07/2026 18:00
555905;MT;TA1127;00019200000012720607;MultiModal;06/06/2026 05:04;09/06/2026 09:30;-;-
556204;MT;A9236;00019200000012715247;MultiModal;08/06/2026 00:11;09/06/2026 09:53;-;-
556408;MT;A0503;00019200000013407392;MultiModal;07/07/2026 00:58;08/07/2026 15:00;07/07/2026 00:58;08/07/2026 15:00
556408;MT;A1433;00019200000013407406;MultiModal;07/07/2026 00:58;08/07/2026 15:00;07/07/2026 00:58;08/07/2026 15:00
556617;MT;A6579;00019200000013407244;MultiModal;07/07/2026 04:45;08/07/2026 15:00;07/07/2026 04:45;08/07/2026 15:00
556617;MT;A7123;00019200000013407252;MultiModal;07/07/2026 04:45;08/07/2026 15:00;07/07/2026 04:45;08/07/2026 15:00
556799;MT;A3520;00019200000012656070;MultiModal;15/06/2026 01:51;16/06/2026 17:30;15/06/2026 01:51;16/06/2026 17:30
556799;MT;A7915;00019200000012656089;MultiModal;15/06/2026 01:51;16/06/2026 17:30;15/06/2026 01:51;16/06/2026 17:30
556799;MT;A8445;00019200000012656097;MultiModal;15/06/2026 01:51;16/06/2026 17:30;15/06/2026 01:51;16/06/2026 17:30
556799;MT;TA0067;00019200000012656100;MultiModal;15/06/2026 01:51;16/06/2026 17:30;15/06/2026 01:51;16/06/2026 17:30
556799;MT;A2119;00019200000012656119;MultiModal;15/06/2026 01:51;16/06/2026 17:30;15/06/2026 01:51;16/06/2026 17:30
556799;MT;A3532;00019200000012656127;MultiModal;15/06/2026 01:51;16/06/2026 17:30;15/06/2026 01:51;16/06/2026 17:30
556799;MT;A2203;00019200000012656135;MultiModal;15/06/2026 01:51;16/06/2026 17:30;15/06/2026 01:51;16/06/2026 17:30
556799;MT;A7961;00019200000012656151;MultiModal;15/06/2026 01:51;16/06/2026 17:30;15/06/2026 01:51;16/06/2026 17:30
556799;MT;A4949;00019200000012656178;MultiModal;15/06/2026 01:51;16/06/2026 17:30;15/06/2026 01:51;16/06/2026 17:30
556799;MT;A2959;00019200000012656186;MultiModal;15/06/2026 01:51;16/06/2026 17:30;15/06/2026 01:51;16/06/2026 17:30
556799;MT;A9359;00019200000012656194;MultiModal;15/06/2026 01:51;16/06/2026 17:30;15/06/2026 01:51;16/06/2026 17:30
556799;MT;TA0016;00019200000012694380;MultiModal;15/06/2026 01:51;16/06/2026 17:30;15/06/2026 01:51;16/06/2026 17:30
556799;MT;A3990;00019200000012694398;MultiModal;15/06/2026 01:51;16/06/2026 17:30;15/06/2026 01:51;16/06/2026 17:30
556799;MT;A9496;00019200000012694401;MultiModal;15/06/2026 01:51;16/06/2026 17:30;15/06/2026 01:51;16/06/2026 17:30
556799;MT;A7163;00019200000012694410;MultiModal;15/06/2026 01:51;16/06/2026 17:30;15/06/2026 01:51;16/06/2026 17:30
556799;MT;A3346;00019200000012694428;MultiModal;15/06/2026 01:51;16/06/2026 17:30;15/06/2026 01:51;16/06/2026 17:30
556799;MT;A4246;00019200000012694436;MultiModal;15/06/2026 01:51;16/06/2026 17:30;15/06/2026 01:51;16/06/2026 17:30
556799;MT;A1180;00019200000012694452;MultiModal;15/06/2026 01:51;16/06/2026 17:30;-;-
556799;MT;A6643;00019200000012694460;MultiModal;15/06/2026 01:51;16/06/2026 17:30;-;-
556799;MT;A4696;00019200000012694479;MultiModal;15/06/2026 01:51;16/06/2026 17:30;-;-
556799;MT;A8576;00019200000012694584;MultiModal;15/06/2026 01:51;16/06/2026 17:30;-;-
556799;MT;A4528;00019200000012704237;MultiModal;15/06/2026 01:51;16/06/2026 17:30;15/06/2026 01:51;16/06/2026 17:30
556799;MT;A8188;00019200000012704261;MultiModal;15/06/2026 01:51;16/06/2026 17:30;-;-
556799;MT;A9588;00019200000012704431;MultiModal;15/06/2026 01:51;16/06/2026 17:30;15/06/2026 01:51;16/06/2026 17:30
556799;MT;A4460;00019200000013209108;MultiModal;15/06/2026 01:51;16/06/2026 17:30;-;-
557263;MT;A6161;00019200000012696455;MultiModal;07/07/2026 04:53;08/07/2026 15:00;09/07/2026 03:27;14/07/2026 10:03
557263;MT;A9234;00019200000012696463;MultiModal;07/07/2026 04:53;08/07/2026 15:00;09/07/2026 03:27;14/07/2026 10:03
557263;MT;A6335;00019200000012696471;MultiModal;07/07/2026 04:53;08/07/2026 15:00;09/07/2026 03:27;14/07/2026 10:07
557263;MT;A4784;00019200000012920681;MultiModal;07/07/2026 04:53;08/07/2026 15:00;09/07/2026 03:27;14/07/2026 10:07
557263;MT;A2026;00019200000012920690;MultiModal;07/07/2026 04:53;08/07/2026 15:00;09/07/2026 03:27;14/07/2026 10:07
557263;MT;A2158;00019200000012920703;MultiModal;07/07/2026 04:53;08/07/2026 15:00;09/07/2026 03:27;14/07/2026 10:03
557263;MT;A0981;00019200000012920711;MultiModal;07/07/2026 04:53;08/07/2026 15:00;08/07/2026 04:20;14/07/2026 10:15
557263;MT;A8237;00019200000012920720;MultiModal;07/07/2026 04:53;08/07/2026 15:00;08/07/2026 04:20;14/07/2026 10:15
557263;MT;A8781;00019200000012920738;MultiModal;07/07/2026 04:53;08/07/2026 15:00;08/07/2026 04:20;14/07/2026 10:15
557263;MT;A9569;00019200000012920746;MultiModal;07/07/2026 04:53;08/07/2026 15:00;08/07/2026 04:20;14/07/2026 10:15
557263;MT;A8569;00019200000012923702;MultiModal;07/07/2026 04:53;08/07/2026 15:00;09/07/2026 03:27;14/07/2026 10:07
557263;MT;A8796;00019200000012923710;MultiModal;07/07/2026 04:53;08/07/2026 15:00;09/07/2026 03:27;14/07/2026 10:07
557263;MT;A8042;00019200000012923729;MultiModal;07/07/2026 04:53;08/07/2026 15:00;09/07/2026 03:27;14/07/2026 10:07
557263;MT;A4694;00019200000012923737;MultiModal;07/07/2026 04:53;08/07/2026 15:00;09/07/2026 03:27;14/07/2026 10:07
557263;MT;A6775;00019200000012923745;MultiModal;07/07/2026 04:53;08/07/2026 15:00;09/07/2026 03:27;14/07/2026 10:07
557263;MT;A7008;00019200000012923753;MultiModal;07/07/2026 04:53;08/07/2026 15:00;09/07/2026 03:27;14/07/2026 10:07
557263;MT;A9476;00019200000012923761;MultiModal;07/07/2026 04:53;08/07/2026 15:00;07/07/2026 04:53;08/07/2026 17:15
557263;MT;A9577;00019200000012925918;MultiModal;07/07/2026 04:53;08/07/2026 15:00;09/07/2026 03:27;14/07/2026 10:07
557263;MT;A5524;00019200000012925926;MultiModal;07/07/2026 04:53;08/07/2026 15:00;09/07/2026 03:27;14/07/2026 10:07
557263;MT;TA0409;00019200000012925934;MultiModal;07/07/2026 04:53;08/07/2026 15:00;09/07/2026 03:27;14/07/2026 10:07
557263;MT;A9270;00019200000012925942;MultiModal;07/07/2026 04:53;08/07/2026 15:00;07/07/2026 04:53;08/07/2026 17:15
557263;MT;A1081;00019200000012925950;MultiModal;07/07/2026 04:53;08/07/2026 15:00;07/07/2026 04:53;08/07/2026 17:15
557263;MT;A0185;00019200000012925969;MultiModal;07/07/2026 04:53;08/07/2026 15:00;09/07/2026 03:27;14/07/2026 10:03
557263;MT;TA0711;00019200000012925977;MultiModal;07/07/2026 04:53;08/07/2026 15:00;09/07/2026 03:27;14/07/2026 10:07
557263;MT;A5686;00019200000012925985;MultiModal;07/07/2026 04:53;08/07/2026 15:00;09/07/2026 03:27;14/07/2026 10:03
557263;MT;A1510;00019200000012925993;MultiModal;07/07/2026 04:53;08/07/2026 15:00;09/07/2026 03:27;14/07/2026 10:03
557263;MT;A3028;00019200000012926116;MultiModal;07/07/2026 04:53;08/07/2026 15:00;09/07/2026 03:27;14/07/2026 10:07
557263;MT;A3302;00019200000012926124;MultiModal;07/07/2026 04:53;08/07/2026 15:00;09/07/2026 03:27;14/07/2026 10:03
557263;MT;A2883;00019200000012926132;MultiModal;07/07/2026 04:53;08/07/2026 15:00;09/07/2026 03:27;14/07/2026 10:03
557263;MT;A1275;00019200000012926140;MultiModal;07/07/2026 04:53;08/07/2026 15:00;09/07/2026 03:27;14/07/2026 10:07
557263;MT;TA0971;00019200000012926159;MultiModal;07/07/2026 04:53;08/07/2026 15:00;09/07/2026 03:27;14/07/2026 10:03
557263;MT;A6302;00019200000012926167;MultiModal;07/07/2026 04:53;08/07/2026 15:00;09/07/2026 03:27;14/07/2026 10:07
557263;MT;A0135;00019200000012926175;MultiModal;07/07/2026 04:53;08/07/2026 15:00;09/07/2026 03:27;14/07/2026 10:03
557263;MT;A9413;00019200000013210602;MultiModal;07/07/2026 04:53;08/07/2026 15:00;09/07/2026 03:27;14/07/2026 10:03
557263;MT;A9032;00019200000013210610;MultiModal;07/07/2026 04:53;08/07/2026 15:00;09/07/2026 03:27;14/07/2026 10:03
557263;MT;TA0598;00019200000013210629;MultiModal;07/07/2026 04:53;08/07/2026 15:00;09/07/2026 03:27;14/07/2026 10:03
557263;MT;A8782;00019200000013210637;MultiModal;07/07/2026 04:53;08/07/2026 15:00;09/07/2026 03:27;14/07/2026 10:03
557263;MT;A4571;00019200000013225685;MultiModal;07/07/2026 04:53;08/07/2026 15:00;07/07/2026 04:53;08/07/2026 17:15
557263;MT;A2568;00019200000013225693;MultiModal;07/07/2026 04:53;08/07/2026 15:00;07/07/2026 04:53;08/07/2026 17:15
557263;MT;A5370;00019200000013225707;MultiModal;07/07/2026 04:53;08/07/2026 15:00;07/07/2026 04:53;08/07/2026 17:15
557263;MT;A8318;00019200000013225715;MultiModal;07/07/2026 04:53;08/07/2026 15:00;08/07/2026 04:20;14/07/2026 10:15
557263;MT;A0854;00019200000013225723;MultiModal;07/07/2026 04:53;08/07/2026 15:00;08/07/2026 04:20;14/07/2026 10:15
557263;MT;A4774;00019200000013225731;MultiModal;07/07/2026 04:53;08/07/2026 15:00;07/07/2026 04:53;08/07/2026 17:15
557263;MT;TA1072;00019200000013225740;MultiModal;07/07/2026 04:53;08/07/2026 15:00;08/07/2026 04:20;14/07/2026 10:15
557263;MT;A3519;00019200000013225758;MultiModal;07/07/2026 04:53;08/07/2026 15:00;08/07/2026 04:20;14/07/2026 10:15
557263;MT;A4443;00019200000013225766;MultiModal;07/07/2026 04:53;08/07/2026 15:00;08/07/2026 04:20;14/07/2026 10:15
557263;MT;A6621;00019200000013225774;MultiModal;07/07/2026 04:53;08/07/2026 15:00;08/07/2026 04:20;14/07/2026 10:15
557263;MT;A1201;00019200000013225782;MultiModal;07/07/2026 04:53;08/07/2026 15:00;08/07/2026 04:20;14/07/2026 10:15
557263;MT;TA1084;00019200000013225790;MultiModal;07/07/2026 04:53;08/07/2026 15:00;08/07/2026 04:20;14/07/2026 10:15
557263;MT;A7813;00019200000013225804;MultiModal;07/07/2026 04:53;08/07/2026 15:00;08/07/2026 04:20;14/07/2026 10:15
557263;MT;A5803;00019200000013225812;MultiModal;07/07/2026 04:53;08/07/2026 15:00;08/07/2026 04:20;14/07/2026 10:15
557263;MT;A4009;00019200000013225820;MultiModal;07/07/2026 04:53;08/07/2026 15:00;08/07/2026 04:20;14/07/2026 10:15
557263;MT;A3330;00019200000013225839;MultiModal;07/07/2026 04:53;08/07/2026 15:00;08/07/2026 04:20;14/07/2026 10:15
557263;MT;A9205;00019200000013225847;MultiModal;07/07/2026 04:53;08/07/2026 15:00;08/07/2026 04:20;14/07/2026 10:15
557263;MT;A4620;00019200000013225855;MultiModal;07/07/2026 04:53;08/07/2026 15:00;08/07/2026 04:20;14/07/2026 10:15
557263;MT;A9630;00019200000013225863;MultiModal;07/07/2026 04:53;08/07/2026 15:00;08/07/2026 04:20;14/07/2026 10:15
557263;MT;A5327;00019200000013225871;MultiModal;07/07/2026 04:53;08/07/2026 15:00;08/07/2026 04:20;14/07/2026 10:15
557263;MT;A6704;00019200000013225880;MultiModal;07/07/2026 04:53;08/07/2026 15:00;09/07/2026 03:27;14/07/2026 10:07
557263;MT;A8921;00019200000013225898;MultiModal;07/07/2026 04:53;08/07/2026 15:00;09/07/2026 03:27;14/07/2026 10:07
557263;MT;TA0509;00019200000013225901;MultiModal;07/07/2026 04:53;08/07/2026 15:00;09/07/2026 03:27;14/07/2026 10:07
557263;MT;A1220;00019200000013225910;MultiModal;07/07/2026 04:53;08/07/2026 15:00;09/07/2026 03:27;14/07/2026 10:07
557263;MT;A6915;00019200000013226282;MultiModal;07/07/2026 04:53;08/07/2026 15:00;08/07/2026 04:20;14/07/2026 10:15
557263;MT;A7929;00019200000013226290;MultiModal;07/07/2026 04:53;08/07/2026 15:00;07/07/2026 04:53;08/07/2026 17:15
557263;MT;A7714;00019200000013226304;MultiModal;07/07/2026 04:53;08/07/2026 15:00;07/07/2026 04:53;08/07/2026 17:15
557263;MT;A8185;00019200000013226312;MultiModal;07/07/2026 04:53;08/07/2026 15:00;09/07/2026 03:27;14/07/2026 10:03
557263;MT;A9232;00019200000013226320;MultiModal;07/07/2026 04:53;08/07/2026 15:00;09/07/2026 03:27;14/07/2026 10:03
557263;MT;A9299;00019200000013226339;MultiModal;07/07/2026 04:53;08/07/2026 15:00;09/07/2026 03:27;14/07/2026 10:03
557263;MT;A1768;00019200000013226347;MultiModal;07/07/2026 04:53;08/07/2026 15:00;09/07/2026 03:27;14/07/2026 10:03
557263;MT;A6035;00019200000013226355;MultiModal;07/07/2026 04:53;08/07/2026 15:00;09/07/2026 03:27;14/07/2026 10:03
557263;MT;A6984;00019200000013226363;MultiModal;07/07/2026 04:53;08/07/2026 15:00;07/07/2026 04:53;08/07/2026 17:15
557263;MT;A3853;00019200000013226371;MultiModal;07/07/2026 04:53;08/07/2026 15:00;07/07/2026 04:53;08/07/2026 17:15
557263;MT;A1958;00019200000013226380;MultiModal;07/07/2026 04:53;08/07/2026 15:00;07/07/2026 04:53;08/07/2026 17:15
557263;MT;A6458;00019200000013226398;MultiModal;07/07/2026 04:53;08/07/2026 15:00;07/07/2026 04:53;08/07/2026 17:15
557263;MT;A3033;00019200000013226401;MultiModal;07/07/2026 04:53;08/07/2026 15:00;07/07/2026 04:53;08/07/2026 17:15
557263;MT;A6572;00019200000013226410;MultiModal;07/07/2026 04:53;08/07/2026 15:00;07/07/2026 04:53;08/07/2026 17:15
557263;MT;A7642;00019200000013226428;MultiModal;07/07/2026 04:53;08/07/2026 15:00;07/07/2026 04:53;08/07/2026 17:15
557263;MT;A3773;00019200000013226436;MultiModal;07/07/2026 04:53;08/07/2026 15:00;07/07/2026 04:53;08/07/2026 17:15
557263;MT;A3106;00019200000013226444;MultiModal;07/07/2026 04:53;08/07/2026 15:00;07/07/2026 04:53;08/07/2026 17:15
557263;MT;A4597;00019200000013226452;MultiModal;07/07/2026 04:53;08/07/2026 15:00;07/07/2026 04:53;08/07/2026 17:15
557263;MT;A8910;00019200000013226460;MultiModal;07/07/2026 04:53;08/07/2026 15:00;07/07/2026 04:53;08/07/2026 17:15
557263;MT;A1477;00019200000013226479;MultiModal;07/07/2026 04:53;08/07/2026 15:00;07/07/2026 04:53;08/07/2026 17:15
557263;MT;TA0737;00019200000013226487;MultiModal;07/07/2026 04:53;08/07/2026 15:00;07/07/2026 04:53;08/07/2026 17:15
557263;MT;A1969;00019200000013243195;MultiModal;07/07/2026 04:53;08/07/2026 15:00;09/07/2026 03:27;14/07/2026 10:03
557263;MT;A9121;00019200000013243209;MultiModal;07/07/2026 04:53;08/07/2026 15:00;09/07/2026 03:27;14/07/2026 10:03
557263;MT;A8466;00019200000013243217;MultiModal;07/07/2026 04:53;08/07/2026 15:00;09/07/2026 03:27;14/07/2026 10:07
559972;MT;A7292;00019200000013492721;MultiModal;13/07/2026 04:09;-;13/07/2026 04:09;-
559972;MT;A5400;00019200000013492730;MultiModal;13/07/2026 04:09;-;13/07/2026 04:09;-
559972;MT;A3127;00019200000013492748;MultiModal;13/07/2026 04:09;-;13/07/2026 04:09;-
559972;MT;A8952;00019200000013492756;MultiModal;13/07/2026 04:09;-;13/07/2026 04:09;-
559972;MT;A2846;00019200000013492764;MultiModal;13/07/2026 04:09;-;13/07/2026 04:09;-
559972;MT;A1923;00019200000013492772;MultiModal;13/07/2026 04:09;-;13/07/2026 04:09;-
560105;MT;A1044;00019200000013247352;MultiModal;13/07/2026 05:02;14/07/2026 10:30;13/07/2026 05:02;14/07/2026 10:30
560105;MT;A1273;00019200000013247387;MultiModal;13/07/2026 05:02;14/07/2026 10:30;13/07/2026 05:02;14/07/2026 10:30
560105;MT;A9086;00019200000013247433;MultiModal;13/07/2026 05:02;14/07/2026 10:30;13/07/2026 05:02;14/07/2026 10:30
560105;MT;A5588;00019200000013247441;MultiModal;13/07/2026 05:02;14/07/2026 10:30;13/07/2026 05:02;14/07/2026 10:30
560105;MT;A1814;00019200000013247450;MultiModal;13/07/2026 05:02;14/07/2026 10:30;13/07/2026 05:02;14/07/2026 10:30
560105;MT;A4838;00019200000013488406;MultiModal;13/07/2026 05:02;14/07/2026 10:30;13/07/2026 05:02;14/07/2026 10:30
560105;MT;TA1075;00019200000013488414;MultiModal;13/07/2026 05:02;14/07/2026 10:30;13/07/2026 05:02;14/07/2026 10:30
560105;MT;A3075;00019200000013488422;MultiModal;13/07/2026 05:02;14/07/2026 10:30;13/07/2026 05:02;14/07/2026 10:30
560105;MT;A6144;00019200000013489216;MultiModal;13/07/2026 05:02;14/07/2026 10:30;13/07/2026 05:02;14/07/2026 10:30
560303;MT;A4120;00019200000013445073;MultiModal;14/07/2026 03:25;-;14/07/2026 03:25;-
560303;MT;A6484;00019200000013445081;MultiModal;14/07/2026 03:25;-;14/07/2026 03:25;-
560303;MT;A0570;00019200000013445090;MultiModal;14/07/2026 03:25;-;14/07/2026 03:25;-
560303;MT;TA0576;00019200000013445103;MultiModal;14/07/2026 03:25;-;14/07/2026 03:25;-
560303;MT;A4247;00019200000013445111;MultiModal;14/07/2026 03:25;-;14/07/2026 03:25;-
560303;MT;TA0610;00019200000013445120;MultiModal;14/07/2026 03:25;-;14/07/2026 03:25;-
560303;MT;TA0525;00019200000013445138;MultiModal;14/07/2026 03:25;-;14/07/2026 03:25;-
560303;MT;A3627;00019200000013445146;MultiModal;14/07/2026 03:25;-;14/07/2026 03:25;-
560303;MT;A8075;00019200000013445154;MultiModal;14/07/2026 03:25;-;14/07/2026 03:25;-
560303;MT;TA0911;00019200000013445162;MultiModal;14/07/2026 03:25;-;14/07/2026 03:25;-
560348;MT;A8437;00019200000013445260;MultiModal;14/07/2026 03:28;-;14/07/2026 03:28;-
560348;MT;A8714;00019200000013445278;MultiModal;14/07/2026 03:28;-;14/07/2026 03:28;-
560348;MT;A5750;00019200000013445286;MultiModal;14/07/2026 03:28;-;14/07/2026 03:49;-
560348;MT;A8271;00019200000013445294;MultiModal;14/07/2026 03:28;-;14/07/2026 03:49;-
560348;MT;A4887;00019200000013445308;MultiModal;14/07/2026 03:28;-;14/07/2026 03:28;-
560348;MT;TA0063;00019200000013445316;MultiModal;14/07/2026 03:28;-;14/07/2026 03:28;-
560348;MT;A6619;00019200000013445324;MultiModal;14/07/2026 03:28;-;14/07/2026 03:28;-
560348;MT;A4509;00019200000013445332;MultiModal;14/07/2026 03:28;-;14/07/2026 03:28;-
560348;MT;A2013;00019200000013445340;MultiModal;14/07/2026 03:28;-;14/07/2026 03:28;-
560348;MT;TA1175;00019200000013445359;MultiModal;14/07/2026 03:28;-;14/07/2026 03:49;-
560348;MT;A4708;00019200000013445367;MultiModal;14/07/2026 03:28;-;14/07/2026 03:28;-
560348;MT;TA1132;00019200000013445375;MultiModal;14/07/2026 03:28;-;14/07/2026 03:28;-
560348;MT;A2667;00019200000013445383;MultiModal;14/07/2026 03:28;-;14/07/2026 03:49;-
560348;MT;A7794;00019200000013445391;MultiModal;14/07/2026 03:28;-;14/07/2026 03:49;-
560348;MT;A3797;00019200000013445405;MultiModal;14/07/2026 03:28;-;14/07/2026 03:28;-
560348;MT;A4439;00019200000013445413;MultiModal;14/07/2026 03:28;-;14/07/2026 03:49;-
560348;MT;TA0771;00019200000013445421;MultiModal;14/07/2026 03:28;-;14/07/2026 03:28;-
560348;MT;A9622;00019200000013445430;MultiModal;14/07/2026 03:28;-;14/07/2026 03:49;-
560348;MT;A6303;00019200000013445448;MultiModal;14/07/2026 03:28;-;14/07/2026 03:49;-
560348;MT;A6074;00019200000013445456;MultiModal;14/07/2026 03:28;-;14/07/2026 03:49;-
560348;MT;A9416;00019200000013445464;MultiModal;14/07/2026 03:28;-;14/07/2026 03:49;-
560348;MT;A5455;00019200000013445472;MultiModal;14/07/2026 03:28;-;14/07/2026 03:28;-
560348;MT;A4307;00019200000013445480;MultiModal;14/07/2026 03:28;-;14/07/2026 03:28;-
560348;MT;A5244;00019200000013445499;MultiModal;14/07/2026 03:28;-;14/07/2026 03:28;-
560348;MT;A8325;00019200000013445502;MultiModal;14/07/2026 03:28;-;14/07/2026 03:28;-
560348;MT;TA0848;00019200000013445510;MultiModal;14/07/2026 03:28;-;14/07/2026 03:49;-
560348;MT;A9246;00019200000013445529;MultiModal;14/07/2026 03:28;-;14/07/2026 03:49;-
560348;MT;A2559;00019200000013445537;MultiModal;14/07/2026 03:28;-;14/07/2026 03:49;-
560348;MT;A0609;00019200000013445545;MultiModal;14/07/2026 03:28;-;14/07/2026 03:49;-
560348;MT;TA0558;00019200000013445553;MultiModal;14/07/2026 03:28;-;14/07/2026 03:49;-
560348;MT;A2347;00019200000013445561;MultiModal;14/07/2026 03:28;-;14/07/2026 03:49;-
560348;MT;A4220;00019200000013445570;MultiModal;14/07/2026 03:28;-;14/07/2026 03:49;-
560348;MT;A1068;00019200000013445588;MultiModal;14/07/2026 03:28;-;14/07/2026 03:49;-
560348;MT;A5703;00019200000013445596;MultiModal;14/07/2026 03:28;-;14/07/2026 03:49;-
560348;MT;TA0281;00019200000013445600;MultiModal;14/07/2026 03:28;-;14/07/2026 03:28;-
560348;MT;A7255;00019200000013445618;MultiModal;14/07/2026 03:28;-;14/07/2026 03:28;-
560348;MT;A3502;00019200000013445626;MultiModal;14/07/2026 03:28;-;14/07/2026 03:28;-
560348;MT;A7493;00019200000013445634;MultiModal;14/07/2026 03:28;-;14/07/2026 03:28;-
560348;MT;A7182;00019200000013445642;MultiModal;14/07/2026 03:28;-;14/07/2026 03:28;-
560348;MT;A8300;00019200000013445650;MultiModal;14/07/2026 03:28;-;14/07/2026 03:49;-
560348;MT;A3435;00019200000013445669;MultiModal;14/07/2026 03:28;-;14/07/2026 03:49;-
560348;MT;A9375;00019200000013445677;MultiModal;14/07/2026 03:28;-;14/07/2026 03:28;-
560443;MT;A3514;00019200000013452851;MultiModal;14/07/2026 03:21;-;14/07/2026 03:21;-
560443;MT;A0384;00019200000013452860;MultiModal;14/07/2026 03:21;-;14/07/2026 03:21;-
560443;MT;A8530;00019200000013452878;MultiModal;14/07/2026 03:21;-;14/07/2026 03:21;-
560443;MT;A4822;00019200000013452886;MultiModal;14/07/2026 03:21;-;14/07/2026 03:21;-
560443;MT;A6814;00019200000013452894;MultiModal;14/07/2026 03:21;-;14/07/2026 03:21;-
560443;MT;A6278;00019200000013452908;MultiModal;14/07/2026 03:21;-;14/07/2026 03:21;-
560443;MT;A4875;00019200000013453122;MultiModal;14/07/2026 03:21;-;14/07/2026 03:21;-
560443;MT;A1879;00019200000013453130;MultiModal;14/07/2026 03:21;-;14/07/2026 03:21;-
560443;MT;A7383;00019200000013453149;MultiModal;14/07/2026 03:21;-;14/07/2026 03:21;-
555984;PA;A2586;00019200000012718378;MultiModal;06/06/2026 05:09;09/06/2026 15:15;-;-
556084;PA;A7594;00019200000012721921;MultiModal;01/06/2026 22:17;03/06/2026 16:30;-;-
556170;PA;A6367;00019200000012718521;MultiModal;01/06/2026 22:17;08/06/2026 17:00;-;-
556170;PA;TA0161;00019200000012718530;MultiModal;01/06/2026 22:17;08/06/2026 17:00;-;-
556170;PA;TA0713;00019200000012718548;MultiModal;01/06/2026 22:17;08/06/2026 17:00;-;-
556330;PA;A8235;00019200000012728926;MultiModal;08/06/2026 22:37;10/06/2026 16:07;-;-
558171;PA;S0797;00019200000013210840;MultiModal;17/06/2026 23:50;20/06/2026 09:00;17/06/2026 23:50;20/06/2026 09:00
558656;PA;A3725;00019200000013234943;MultiModal;23/06/2026 03:36;26/06/2026 10:52;23/06/2026 03:36;26/06/2026 10:52
558656;PA;A4676;00019200000013234951;MultiModal;23/06/2026 03:36;26/06/2026 10:52;23/06/2026 03:36;26/06/2026 10:52
559927;PA;A0444;00019200000013415484;MultiModal;08/07/2026 00:54;09/07/2026 13:00;08/07/2026 23:44;10/07/2026 13:15
559927;PA;A5955;00019200000013415492;MultiModal;08/07/2026 00:54;09/07/2026 13:00;08/07/2026 23:44;10/07/2026 13:15
559927;PA;A6542;00019200000013415506;MultiModal;08/07/2026 00:54;09/07/2026 13:00;08/07/2026 23:44;10/07/2026 13:15
559927;PA;A5877;00019200000013415514;MultiModal;08/07/2026 00:54;09/07/2026 13:00;08/07/2026 23:44;10/07/2026 13:15
559927;PA;A7801;00019200000013415522;MultiModal;08/07/2026 00:54;09/07/2026 13:00;08/07/2026 00:54;09/07/2026 13:00
559927;PA;A7281;00019200000013415549;MultiModal;08/07/2026 00:54;09/07/2026 13:00;08/07/2026 23:44;10/07/2026 13:15
559927;PA;A6492;00019200000013415557;MultiModal;08/07/2026 00:54;09/07/2026 13:00;08/07/2026 23:44;10/07/2026 13:15
559927;PA;A8849;00019200000013415565;MultiModal;08/07/2026 00:54;09/07/2026 13:00;08/07/2026 23:44;10/07/2026 13:15
559927;PA;A7760;00019200000013415573;MultiModal;08/07/2026 00:54;09/07/2026 13:00;08/07/2026 23:44;10/07/2026 13:15
559927;PA;A8355;00019200000013415581;MultiModal;08/07/2026 00:54;09/07/2026 13:00;08/07/2026 23:44;10/07/2026 13:15
559927;PA;A9608;00019200000013415590;MultiModal;08/07/2026 00:54;09/07/2026 13:00;08/07/2026 23:44;10/07/2026 13:15
559927;PA;A1458;00019200000013415603;MultiModal;08/07/2026 00:54;09/07/2026 13:00;08/07/2026 23:44;10/07/2026 13:15
559927;PA;A6499;00019200000013415611;MultiModal;08/07/2026 00:54;09/07/2026 13:00;08/07/2026 23:44;10/07/2026 13:15
559927;PA;A5992;00019200000013415620;MultiModal;08/07/2026 00:54;09/07/2026 13:00;08/07/2026 23:44;10/07/2026 13:15
559927;PA;TA0349;00019200000013415638;MultiModal;08/07/2026 00:54;09/07/2026 13:00;08/07/2026 23:44;10/07/2026 13:15
559927;PA;A5456;00019200000013415646;MultiModal;08/07/2026 00:54;09/07/2026 13:00;08/07/2026 23:44;10/07/2026 13:15
559927;PA;A5677;00019200000013415654;MultiModal;08/07/2026 00:54;09/07/2026 13:00;08/07/2026 23:44;10/07/2026 13:15
559927;PA;A4231;00019200000013415662;MultiModal;08/07/2026 00:54;09/07/2026 13:00;08/07/2026 23:44;10/07/2026 13:15
559927;PA;A3633;00019200000013415670;MultiModal;08/07/2026 00:54;09/07/2026 13:00;08/07/2026 23:44;10/07/2026 13:15
559927;PA;A5271;00019200000013415689;MultiModal;08/07/2026 00:54;09/07/2026 13:00;08/07/2026 23:44;10/07/2026 13:15
559927;PA;A3872;00019200000013415697;MultiModal;08/07/2026 00:54;09/07/2026 13:00;08/07/2026 00:54;09/07/2026 13:00
559927;PA;A1069;00019200000013415700;MultiModal;08/07/2026 00:54;09/07/2026 13:00;08/07/2026 00:54;09/07/2026 13:00
559927;PA;A6649;00019200000013415719;MultiModal;08/07/2026 00:54;09/07/2026 13:00;08/07/2026 00:54;09/07/2026 13:00
559927;PA;A8931;00019200000013415727;MultiModal;08/07/2026 00:54;09/07/2026 13:00;08/07/2026 00:54;09/07/2026 13:00
559927;PA;A9267;00019200000013415735;MultiModal;08/07/2026 00:54;09/07/2026 13:00;08/07/2026 23:44;10/07/2026 13:15
559927;PA;A3760;00019200000013415743;MultiModal;08/07/2026 00:54;09/07/2026 13:00;08/07/2026 00:54;09/07/2026 13:00
559927;PA;A9444;00019200000013415751;MultiModal;08/07/2026 00:54;09/07/2026 13:00;08/07/2026 00:54;09/07/2026 13:00
559927;PA;A4538;00019200000013415760;MultiModal;08/07/2026 00:54;09/07/2026 13:00;08/07/2026 00:54;09/07/2026 13:00
559927;PA;TA0591;00019200000013415778;MultiModal;08/07/2026 00:54;09/07/2026 13:00;08/07/2026 00:54;09/07/2026 13:00
559927;PA;A4730;00019200000013415786;MultiModal;08/07/2026 00:54;09/07/2026 13:00;08/07/2026 00:54;09/07/2026 13:00
559927;PA;TA1012;00019200000013415794;MultiModal;08/07/2026 00:54;09/07/2026 13:00;08/07/2026 00:54;09/07/2026 13:00
559927;PA;A3918;00019200000013415808;MultiModal;08/07/2026 00:54;09/07/2026 13:00;08/07/2026 00:54;09/07/2026 13:00
559927;PA;A7099;00019200000013415816;MultiModal;08/07/2026 00:54;09/07/2026 13:00;08/07/2026 00:54;09/07/2026 13:00
559927;PA;A7375;00019200000013415824;MultiModal;08/07/2026 00:54;09/07/2026 13:00;08/07/2026 00:54;09/07/2026 13:00
559927;PA;TA0161;00019200000013415832;MultiModal;08/07/2026 00:54;09/07/2026 13:00;08/07/2026 00:54;09/07/2026 13:00
559927;PA;TA0908;00019200000013415840;MultiModal;08/07/2026 00:54;09/07/2026 13:00;08/07/2026 00:54;09/07/2026 13:00
559927;PA;TA0852;00019200000013415859;MultiModal;08/07/2026 00:54;09/07/2026 13:00;08/07/2026 00:54;09/07/2026 13:00
559927;PA;TA0904;00019200000013415867;MultiModal;08/07/2026 00:54;09/07/2026 13:00;08/07/2026 00:54;09/07/2026 13:00
559927;PA;A6451;00019200000013415875;MultiModal;08/07/2026 00:54;09/07/2026 13:00;08/07/2026 00:54;09/07/2026 13:00
559927;PA;A8454;00019200000013415883;MultiModal;08/07/2026 00:54;09/07/2026 13:00;08/07/2026 00:54;09/07/2026 13:00
559927;PA;A1049;00019200000013417320;MultiModal;08/07/2026 00:54;09/07/2026 13:00;08/07/2026 23:44;10/07/2026 13:15
560103;PA;A1971;00019200000013207881;MultiModal;08/07/2026 23:59;10/07/2026 11:16;08/07/2026 23:59;10/07/2026 11:16
560103;PA;A0278;00019200000013207911;MultiModal;08/07/2026 23:59;10/07/2026 11:16;08/07/2026 23:59;10/07/2026 11:16
560103;PA;A8650;00019200000013208039;MultiModal;08/07/2026 23:59;10/07/2026 11:16;08/07/2026 23:59;10/07/2026 11:16
560103;PA;A8683;00019200000013208160;MultiModal;08/07/2026 23:59;10/07/2026 11:16;08/07/2026 23:59;10/07/2026 11:16
560103;PA;A3891;00019200000013208179;MultiModal;08/07/2026 23:59;10/07/2026 11:16;08/07/2026 23:59;10/07/2026 11:16
560103;PA;A8690;00019200000013208187;MultiModal;08/07/2026 23:59;10/07/2026 11:16;08/07/2026 23:59;10/07/2026 11:16
560103;PA;A0923;00019200000013208195;MultiModal;08/07/2026 23:59;10/07/2026 11:16;08/07/2026 23:59;10/07/2026 11:16
560103;PA;A1531;00019200000013208209;MultiModal;08/07/2026 23:59;10/07/2026 11:16;08/07/2026 23:59;10/07/2026 11:16
560103;PA;A4624;00019200000013208217;MultiModal;08/07/2026 23:59;10/07/2026 11:16;08/07/2026 23:59;10/07/2026 11:16
560187;PA;A3222;00019200000013414372;MultiModal;08/07/2026 00:49;09/07/2026 15:00;08/07/2026 00:49;09/07/2026 15:00
560251;PA;A5822;00019200000013410989;MultiModal;09/07/2026 01:24;11/07/2026 16:00;09/07/2026 01:24;11/07/2026 16:00
560304;PA;A3217;00019200000013488473;MultiModal;13/07/2026 23:20;-;13/07/2026 23:20;-
560304;PA;A5816;00019200000013488511;MultiModal;13/07/2026 23:20;-;13/07/2026 23:20;-
560304;PA;TA0664;00019200000013489160;MultiModal;13/07/2026 23:20;-;13/07/2026 23:20;-
560304;PA;A4065;00019200000013489178;MultiModal;13/07/2026 23:20;-;13/07/2026 23:20;-
560304;PA;A9336;00019200000013489186;MultiModal;13/07/2026 23:20;-;13/07/2026 23:20;-
560304;PA;A5869;00019200000013489194;MultiModal;13/07/2026 23:20;-;13/07/2026 23:20;-
560304;PA;A0647;00019200000013489208;MultiModal;13/07/2026 23:20;-;13/07/2026 23:20;-
560304;PA;TA0784;00019200000013489224;MultiModal;13/07/2026 23:20;-;13/07/2026 23:20;-
560304;PA;A8056;00019200000013489232;MultiModal;13/07/2026 23:20;-;13/07/2026 23:20;-
560304;PA;A8346;00019200000013489240;MultiModal;13/07/2026 23:20;-;13/07/2026 23:20;-
560304;PA;A9311;00019200000013489259;MultiModal;13/07/2026 23:20;-;13/07/2026 23:20;-
560304;PA;A6709;00019200000013489267;MultiModal;13/07/2026 23:20;-;13/07/2026 23:20;-
560318;PA;TA0644;00019200000013488090;MultiModal;13/07/2026 00:41;-;13/07/2026 00:41;-
560319;PA;A5623;00019200000013488074;MultiModal;11/07/2026 13:43;13/07/2026 18:00;11/07/2026 13:43;13/07/2026 18:00
560457;PA;A6575;00019200000013488341;MultiModal;13/07/2026 00:36;-;13/07/2026 00:36;-
560661;PA;A3318;00019200000013451324;MultiModal;13/07/2026 00:41;-;13/07/2026 00:41;-
560661;PA;A0029;00019200000013451332;MultiModal;13/07/2026 00:41;-;13/07/2026 00:41;-
560661;PA;A6647;00019200000013451340;MultiModal;13/07/2026 00:41;-;13/07/2026 00:41;-
560661;PA;A4533;00019200000013451359;MultiModal;13/07/2026 00:41;-;13/07/2026 00:41;-
556173;PB;A5580;00019200000012714577;MultiModal;06/06/2026 09:17;08/06/2026 14:00;-;-
556173;PB;A4423;00019200000012714585;MultiModal;06/06/2026 09:17;08/06/2026 14:00;-;-
558001;PB;A3302;00019200000013319850;MultiModal;23/06/2026 03:56;24/06/2026 09:27;23/06/2026 03:56;24/06/2026 09:27
558001;PB;A6962;00019200000013319868;MultiModal;23/06/2026 03:56;24/06/2026 09:27;23/06/2026 03:56;24/06/2026 09:27
558001;PB;A3177;00019200000013319876;MultiModal;23/06/2026 03:56;24/06/2026 09:27;23/06/2026 03:56;24/06/2026 09:27
558001;PB;A1899;00019200000013319884;MultiModal;23/06/2026 03:56;24/06/2026 09:27;23/06/2026 03:56;24/06/2026 09:27
558001;PB;A8340;00019200000013319892;MultiModal;23/06/2026 03:56;24/06/2026 09:27;23/06/2026 03:56;24/06/2026 09:27
558001;PB;A6775;00019200000013319906;MultiModal;23/06/2026 03:56;24/06/2026 09:27;23/06/2026 03:56;24/06/2026 09:27
558001;PB;A4296;00019200000013320181;MultiModal;23/06/2026 03:56;24/06/2026 09:27;23/06/2026 04:24;25/06/2026 12:50
558001;PB;A5990;00019200000013320190;MultiModal;23/06/2026 03:56;24/06/2026 09:27;23/06/2026 04:24;25/06/2026 12:50
558001;PB;A2418;00019200000013320203;MultiModal;23/06/2026 03:56;24/06/2026 09:27;23/06/2026 04:24;25/06/2026 12:50
558001;PB;A1567;00019200000013320211;MultiModal;23/06/2026 03:56;24/06/2026 09:27;23/06/2026 04:24;25/06/2026 12:50
558001;PB;A7546;00019200000013320220;MultiModal;23/06/2026 03:56;24/06/2026 09:27;23/06/2026 04:24;25/06/2026 12:50
558001;PB;A6611;00019200000013320238;MultiModal;23/06/2026 03:56;24/06/2026 09:27;23/06/2026 04:24;25/06/2026 12:50
558001;PB;A3684;00019200000013320246;MultiModal;23/06/2026 03:56;24/06/2026 09:27;23/06/2026 03:56;24/06/2026 09:27
558001;PB;A6698;00019200000013321005;MultiModal;23/06/2026 03:56;24/06/2026 09:27;23/06/2026 03:56;24/06/2026 09:27
558001;PB;A8044;00019200000013321013;MultiModal;23/06/2026 03:56;24/06/2026 09:27;23/06/2026 04:24;25/06/2026 12:50
558001;PB;A6870;00019200000013321021;MultiModal;23/06/2026 03:56;24/06/2026 09:27;23/06/2026 04:24;25/06/2026 12:50
558001;PB;A4599;00019200000013321030;MultiModal;23/06/2026 03:56;24/06/2026 09:27;23/06/2026 04:24;25/06/2026 12:50
558001;PB;A4366;00019200000013321048;MultiModal;23/06/2026 03:56;24/06/2026 09:27;23/06/2026 03:56;24/06/2026 09:27
558001;PB;A3348;00019200000013321056;MultiModal;23/06/2026 03:56;24/06/2026 09:27;23/06/2026 04:24;25/06/2026 12:50
558001;PB;A3405;00019200000013321064;MultiModal;23/06/2026 03:56;24/06/2026 09:27;23/06/2026 04:24;25/06/2026 12:50
558001;PB;A7980;00019200000013321072;MultiModal;23/06/2026 03:56;24/06/2026 09:27;23/06/2026 03:56;24/06/2026 09:27
558001;PB;A6607;00019200000013321080;MultiModal;23/06/2026 03:56;24/06/2026 09:27;23/06/2026 04:24;25/06/2026 12:50
558001;PB;A7928;00019200000013321099;MultiModal;23/06/2026 03:56;24/06/2026 09:27;23/06/2026 04:24;25/06/2026 12:50
558001;PB;A3258;00019200000013321102;MultiModal;23/06/2026 03:56;24/06/2026 09:27;23/06/2026 03:56;24/06/2026 09:27
558001;PB;A6078;00019200000013321110;MultiModal;23/06/2026 03:56;24/06/2026 09:27;23/06/2026 04:24;25/06/2026 12:50
558001;PB;A2876;00019200000013321129;MultiModal;23/06/2026 03:56;24/06/2026 09:27;23/06/2026 04:24;25/06/2026 12:50
558001;PB;A3680;00019200000013321137;MultiModal;23/06/2026 03:56;24/06/2026 09:27;23/06/2026 04:24;25/06/2026 12:50
559962;PB;A8410;00019200000013408720;MultiModal;08/07/2026 13:12;10/07/2026 14:15;08/07/2026 13:12;14/07/2026 10:55
559962;PB;A4281;00019200000013408739;MultiModal;08/07/2026 13:12;10/07/2026 14:15;08/07/2026 13:12;14/07/2026 10:55
559962;PB;A7169;00019200000013408747;MultiModal;08/07/2026 13:12;10/07/2026 14:15;08/07/2026 13:12;14/07/2026 10:55
559962;PB;A0985;00019200000013408755;MultiModal;08/07/2026 13:12;10/07/2026 14:15;08/07/2026 13:12;14/07/2026 10:55
559962;PB;A7695;00019200000013408763;MultiModal;08/07/2026 13:12;10/07/2026 14:15;08/07/2026 13:12;14/07/2026 10:55
559962;PB;A8583;00019200000013408771;MultiModal;08/07/2026 13:12;10/07/2026 14:15;08/07/2026 13:12;14/07/2026 10:55
559962;PB;A3058;00019200000013408780;MultiModal;08/07/2026 13:12;10/07/2026 14:15;08/07/2026 13:12;14/07/2026 10:55
559962;PB;A6762;00019200000013409115;MultiModal;08/07/2026 13:12;10/07/2026 14:15;09/07/2026 00:02;-
559962;PB;A6936;00019200000013409123;MultiModal;08/07/2026 13:12;10/07/2026 14:15;09/07/2026 00:02;-
559962;PB;A2804;00019200000013409131;MultiModal;08/07/2026 13:12;10/07/2026 14:15;09/07/2026 00:02;-
559962;PB;A6524;00019200000013409140;MultiModal;08/07/2026 13:12;10/07/2026 14:15;09/07/2026 00:02;-
559962;PB;TA0081;00019200000013409158;MultiModal;08/07/2026 13:12;10/07/2026 14:15;09/07/2026 00:02;-
559962;PB;A1675;00019200000013409166;MultiModal;08/07/2026 13:12;10/07/2026 14:15;09/07/2026 00:02;-
559962;PB;A6843;00019200000013409174;MultiModal;08/07/2026 13:12;10/07/2026 14:15;09/07/2026 00:02;-
559962;PB;A8624;00019200000013409182;MultiModal;08/07/2026 13:12;10/07/2026 14:15;09/07/2026 00:02;-
559962;PB;A7871;00019200000013409204;MultiModal;08/07/2026 13:12;10/07/2026 14:15;09/07/2026 00:02;-
559962;PB;A7027;00019200000013409212;MultiModal;08/07/2026 13:12;10/07/2026 14:15;09/07/2026 00:02;-
559962;PB;TA0931;00019200000013409220;MultiModal;08/07/2026 13:12;10/07/2026 14:15;08/07/2026 13:12;14/07/2026 10:55
559962;PB;A4587;00019200000013409239;MultiModal;08/07/2026 13:12;10/07/2026 14:15;09/07/2026 00:02;-
559962;PB;A6696;00019200000013409247;MultiModal;08/07/2026 13:12;10/07/2026 14:15;09/07/2026 00:02;-
559962;PB;A6145;00019200000013409255;MultiModal;08/07/2026 13:12;10/07/2026 14:15;09/07/2026 00:02;-
559962;PB;A7456;00019200000013409263;MultiModal;08/07/2026 13:12;10/07/2026 14:15;09/07/2026 00:02;-
559962;PB;A8294;00019200000013409271;MultiModal;08/07/2026 13:12;10/07/2026 14:15;08/07/2026 13:12;14/07/2026 10:55
559962;PB;A2549;00019200000013409280;MultiModal;08/07/2026 13:12;10/07/2026 14:15;08/07/2026 13:12;14/07/2026 10:55
559962;PB;A6348;00019200000013414070;MultiModal;08/07/2026 13:12;10/07/2026 14:15;09/07/2026 00:02;-
559962;PB;A6433;00019200000013414089;MultiModal;08/07/2026 13:12;10/07/2026 14:15;09/07/2026 02:21;14/07/2026 11:00
559962;PB;A8506;00019200000013414097;MultiModal;08/07/2026 13:12;10/07/2026 14:15;09/07/2026 02:21;14/07/2026 11:00
559962;PB;A8122;00019200000013414100;MultiModal;08/07/2026 13:12;10/07/2026 14:15;09/07/2026 02:21;14/07/2026 11:00
559962;PB;A3012;00019200000013414119;MultiModal;08/07/2026 13:12;10/07/2026 14:15;09/07/2026 02:21;14/07/2026 11:00
559962;PB;TA1167;00019200000013414127;MultiModal;08/07/2026 13:12;10/07/2026 14:15;09/07/2026 02:21;14/07/2026 11:00
559962;PB;A8631;00019200000013414135;MultiModal;08/07/2026 13:12;10/07/2026 14:15;09/07/2026 02:21;14/07/2026 11:00
559962;PB;A9580;00019200000013414143;MultiModal;08/07/2026 13:12;10/07/2026 14:15;09/07/2026 02:21;14/07/2026 11:00
559962;PB;A2643;00019200000013414151;MultiModal;08/07/2026 13:12;10/07/2026 14:15;09/07/2026 02:21;14/07/2026 11:00
559962;PB;A4914;00019200000013414160;MultiModal;08/07/2026 13:12;10/07/2026 14:15;09/07/2026 02:21;14/07/2026 11:00
559962;PB;A4809;00019200000013414178;MultiModal;08/07/2026 13:12;10/07/2026 14:15;09/07/2026 02:21;14/07/2026 11:00
559962;PB;TA0429;00019200000013414186;MultiModal;08/07/2026 13:12;10/07/2026 14:15;09/07/2026 02:21;14/07/2026 11:00
559962;PB;A9603;00019200000013414194;MultiModal;08/07/2026 13:12;10/07/2026 14:15;09/07/2026 02:21;14/07/2026 11:00
559962;PB;A7379;00019200000013414208;MultiModal;08/07/2026 13:12;10/07/2026 14:15;09/07/2026 02:21;14/07/2026 11:00
559962;PB;A9080;00019200000013414216;MultiModal;08/07/2026 13:12;10/07/2026 14:15;09/07/2026 02:21;14/07/2026 11:00
559962;PB;A7835;00019200000013414224;MultiModal;08/07/2026 13:12;10/07/2026 14:15;09/07/2026 02:21;14/07/2026 11:00
560101;PB;A6683;00019200000013412531;MultiModal;09/07/2026 04:24;10/07/2026 14:51;09/07/2026 04:24;10/07/2026 14:51
560101;PB;A8209;00019200000013412540;MultiModal;09/07/2026 04:24;10/07/2026 14:51;09/07/2026 04:24;10/07/2026 14:51
560101;PB;A2733;00019200000013412558;MultiModal;09/07/2026 04:24;10/07/2026 14:51;09/07/2026 04:24;10/07/2026 14:51
560101;PB;A5529;00019200000013412566;MultiModal;09/07/2026 04:24;10/07/2026 14:51;09/07/2026 04:24;10/07/2026 14:51
560123;PB;A7619;00019200000013485482;MultiModal;13/07/2026 23:37;-;13/07/2026 23:37;-
560305;PB;A4336;00019200000013442546;MultiModal;14/07/2026 14:32;-;14/07/2026 14:32;-
560305;PB;A6946;00019200000013442554;MultiModal;14/07/2026 14:32;-;14/07/2026 14:32;-
560305;PB;A5927;00019200000013442562;MultiModal;14/07/2026 14:32;-;14/07/2026 14:32;-
560305;PB;A8492;00019200000013442570;MultiModal;14/07/2026 14:32;-;14/07/2026 14:32;-
560305;PB;A6919;00019200000013442589;MultiModal;14/07/2026 14:32;-;14/07/2026 14:32;-
560305;PB;A9150;00019200000013442597;MultiModal;14/07/2026 14:32;-;14/07/2026 14:32;-
560305;PB;A3475;00019200000013442600;MultiModal;14/07/2026 14:32;-;14/07/2026 14:32;-
560305;PB;A6308;00019200000013442619;MultiModal;14/07/2026 14:32;-;14/07/2026 14:32;-
560305;PB;A2998;00019200000013442627;MultiModal;14/07/2026 14:32;-;14/07/2026 14:32;-
560305;PB;A9076;00019200000013442635;MultiModal;14/07/2026 14:32;-;14/07/2026 14:32;-
560305;PB;A5416;00019200000013442643;MultiModal;14/07/2026 14:32;-;14/07/2026 14:32;-
560305;PB;TA0832;00019200000013442651;MultiModal;14/07/2026 14:32;-;14/07/2026 14:32;-
560305;PB;TA0873;00019200000013442660;MultiModal;14/07/2026 14:32;-;14/07/2026 14:32;-
560305;PB;A4602;00019200000013442678;MultiModal;14/07/2026 14:32;-;14/07/2026 14:32;-
560305;PB;A3103;00019200000013442686;MultiModal;14/07/2026 14:32;-;14/07/2026 14:32;-
560305;PB;A7896;00019200000013442694;MultiModal;14/07/2026 14:32;-;14/07/2026 14:32;-
560305;PB;A4841;00019200000013442708;MultiModal;14/07/2026 14:32;-;14/07/2026 14:32;-
560467;PB;A8713;00019200000013488244;MultiModal;13/07/2026 00:39;-;13/07/2026 00:39;-
555906;PE;TA1064;00019200000012718556;MultiModal;07/06/2026 22:51;09/06/2026 17:20;-;-
556105;PE;A0431;00019200000012717614;MultiModal;08/06/2026 22:37;10/06/2026 10:30;-;-
556187;PE;A8822;00019200000012864242;MultiModal;02/06/2026 21:57;04/06/2026 13:07;-;-
556406;PE;A4248;00019200000012704270;MultiModal;15/06/2026 04:45;16/06/2026 17:03;15/06/2026 04:45;16/06/2026 17:03
556406;PE;TA0330;00019200000012704296;MultiModal;15/06/2026 04:45;16/06/2026 17:03;15/06/2026 04:45;16/06/2026 17:03
556406;PE;A2496;00019200000012704300;MultiModal;15/06/2026 04:45;16/06/2026 17:03;15/06/2026 04:45;16/06/2026 17:03
556406;PE;A6046;00019200000012704326;MultiModal;15/06/2026 04:45;16/06/2026 17:03;15/06/2026 04:45;16/06/2026 17:03
556621;PE;A9300;00019200000012704202;MultiModal;15/06/2026 07:40;16/06/2026 17:05;15/06/2026 07:40;16/06/2026 17:05
556621;PE;A6669;00019200000012704210;MultiModal;15/06/2026 07:40;16/06/2026 17:05;15/06/2026 07:40;16/06/2026 17:05
556621;PE;A3590;00019200000012704229;MultiModal;15/06/2026 07:40;16/06/2026 17:05;15/06/2026 07:40;16/06/2026 17:05
556621;PE;A4299;00019200000012704245;MultiModal;15/06/2026 07:40;16/06/2026 17:05;15/06/2026 07:40;16/06/2026 17:05
556621;PE;TA0874;00019200000012704350;MultiModal;15/06/2026 07:40;16/06/2026 17:05;15/06/2026 07:40;16/06/2026 17:05
556621;PE;A5531;00019200000012704393;MultiModal;15/06/2026 07:40;16/06/2026 17:05;15/06/2026 07:40;16/06/2026 17:05
556621;PE;A9708;00019200000012704407;MultiModal;15/06/2026 07:40;16/06/2026 17:05;15/06/2026 07:40;16/06/2026 17:05
556621;PE;TA0033;00019200000012704415;MultiModal;15/06/2026 07:40;16/06/2026 17:05;15/06/2026 07:40;16/06/2026 17:05
558606;PE;A5681;00019200000013336444;MultiModal;23/06/2026 03:51;24/06/2026 11:56;23/06/2026 03:51;24/06/2026 11:56
559884;PE;A2177;00019200000013419510;MultiModal;07/07/2026 04:44;09/07/2026 11:16;07/07/2026 04:44;09/07/2026 11:16
559963;PE;A4399;00019200000013411276;MultiModal;14/07/2026 03:29;-;14/07/2026 03:29;-
559963;PE;A8986;00019200000013411284;MultiModal;14/07/2026 03:29;-;-;-
559963;PE;A5769;00019200000013411292;MultiModal;14/07/2026 03:29;-;-;-
559963;PE;A1612;00019200000013411306;MultiModal;14/07/2026 03:29;-;-;-
559963;PE;A5048;00019200000013411314;MultiModal;14/07/2026 03:29;-;-;-
559963;PE;A7101;00019200000013411322;MultiModal;14/07/2026 03:29;-;-;-
559963;PE;TA0369;00019200000013411330;MultiModal;14/07/2026 03:29;-;-;-
559963;PE;A5944;00019200000013411349;MultiModal;14/07/2026 03:29;-;-;-
559963;PE;A3679;00019200000013411357;MultiModal;14/07/2026 03:29;-;-;-
559963;PE;TA0682;00019200000013411365;MultiModal;14/07/2026 03:29;-;-;-
559963;PE;TA0188;00019200000013411373;MultiModal;14/07/2026 03:29;-;-;-
559963;PE;A8393;00019200000013411381;MultiModal;14/07/2026 03:29;-;-;-
559963;PE;A4894;00019200000013411390;MultiModal;14/07/2026 03:29;-;-;-
559963;PE;TA0433;00019200000013493060;MultiModal;14/07/2026 03:29;-;-;-
559963;PE;A8350;00019200000013493078;MultiModal;14/07/2026 03:29;-;-;-
559963;PE;TA1091;00019200000013493086;MultiModal;14/07/2026 03:29;-;-;-
559963;PE;A8413;00019200000013493094;MultiModal;14/07/2026 03:29;-;-;-
559963;PE;TA0070;00019200000013493108;MultiModal;14/07/2026 03:29;-;-;-
559963;PE;A6835;00019200000013493116;MultiModal;14/07/2026 03:29;-;-;-
559963;PE;A7981;00019200000013493132;MultiModal;14/07/2026 03:29;-;-;-
559963;PE;A1886;00019200000013493140;MultiModal;14/07/2026 03:29;-;-;-
559963;PE;A2321;00019200000013493159;MultiModal;14/07/2026 03:29;-;-;-
559963;PE;A8344;00019200000013493167;MultiModal;14/07/2026 03:29;-;-;-
559963;PE;A3800;00019200000013493175;MultiModal;14/07/2026 03:29;-;-;-
559963;PE;A5639;00019200000013493183;MultiModal;14/07/2026 03:29;-;-;-
559963;PE;A8979;00019200000013493191;MultiModal;14/07/2026 03:29;-;-;-
559963;PE;A5150;00019200000013493205;MultiModal;14/07/2026 03:29;-;14/07/2026 03:29;-
559963;PE;A8750;00019200000013493213;MultiModal;14/07/2026 03:29;-;14/07/2026 03:29;-
559963;PE;A4195;00019200000013493221;MultiModal;14/07/2026 03:29;-;14/07/2026 03:29;-
559963;PE;A7315;00019200000013493230;MultiModal;14/07/2026 03:29;-;-;-
559963;PE;A7130;00019200000013493248;MultiModal;14/07/2026 03:29;-;-;-
559963;PE;TA0829;00019200000013493256;MultiModal;14/07/2026 03:29;-;-;-
559963;PE;A3039;00019200000013493264;MultiModal;14/07/2026 03:29;-;-;-
559963;PE;TA0202;00019200000013493272;MultiModal;14/07/2026 03:29;-;-;-
559963;PE;A6867;00019200000013493280;MultiModal;14/07/2026 03:29;-;14/07/2026 03:29;-
559963;PE;A7274;00019200000013493299;MultiModal;14/07/2026 03:29;-;14/07/2026 03:29;-
559963;PE;TA1029;00019200000013493302;MultiModal;14/07/2026 03:29;-;14/07/2026 03:29;-
559963;PE;A8259;00019200000013493310;MultiModal;14/07/2026 03:29;-;14/07/2026 03:29;-
559963;PE;A7962;00019200000013493329;MultiModal;14/07/2026 03:29;-;14/07/2026 03:29;-
559963;PE;TA0672;00019200000013493337;MultiModal;14/07/2026 03:29;-;14/07/2026 03:29;-
559963;PE;TA0523;00019200000013493345;MultiModal;14/07/2026 03:29;-;14/07/2026 03:29;-
559963;PE;A5913;00019200000013493353;MultiModal;14/07/2026 03:29;-;14/07/2026 03:29;-
559963;PE;A3782;00019200000013493361;MultiModal;14/07/2026 03:29;-;14/07/2026 03:29;-
559963;PE;TA0210;00019200000013493370;MultiModal;14/07/2026 03:29;-;14/07/2026 03:29;-
559963;PE;A3619;00019200000013493388;MultiModal;14/07/2026 03:29;-;14/07/2026 03:29;-
559963;PE;A4725;00019200000013493396;MultiModal;14/07/2026 03:29;-;14/07/2026 03:29;-
559963;PE;A5904;00019200000013493400;MultiModal;14/07/2026 03:29;-;14/07/2026 03:29;-
559963;PE;TA1204;00019200000013493418;MultiModal;14/07/2026 03:29;-;14/07/2026 03:29;-
559963;PE;A8670;00019200000013493426;MultiModal;14/07/2026 03:29;-;14/07/2026 03:29;-
559963;PE;TA0916;00019200000013493434;MultiModal;14/07/2026 03:29;-;14/07/2026 03:29;-
559963;PE;A3730;00019200000013493442;MultiModal;14/07/2026 03:29;-;14/07/2026 03:29;-
559963;PE;A9553;00019200000013493450;MultiModal;14/07/2026 03:29;-;14/07/2026 03:29;-
559963;PE;A7551;00019200000013493469;MultiModal;14/07/2026 03:29;-;14/07/2026 03:29;-
559963;PE;A2298;00019200000013493477;MultiModal;14/07/2026 03:29;-;14/07/2026 03:29;-
559963;PE;A6708;00019200000013493485;MultiModal;14/07/2026 03:29;-;14/07/2026 03:29;-
559963;PE;TA0272;00019200000013493493;MultiModal;14/07/2026 03:29;-;14/07/2026 03:29;-
559963;PE;A9374;00019200000013493507;MultiModal;14/07/2026 03:29;-;14/07/2026 03:29;-
559963;PE;A2905;00019200000013493515;MultiModal;14/07/2026 03:29;-;14/07/2026 03:29;-
559963;PE;TA1049;00019200000013493523;MultiModal;14/07/2026 03:29;-;14/07/2026 03:29;-
559963;PE;TA0382;00019200000013493531;MultiModal;14/07/2026 03:29;-;14/07/2026 03:29;-
559963;PE;A8753;00019200000013493540;MultiModal;14/07/2026 03:29;-;14/07/2026 03:29;-
559963;PE;A6464;00019200000013493558;MultiModal;14/07/2026 03:29;-;14/07/2026 03:29;-
560063;PE;A5018;00019200000013413945;MultiModal;08/07/2026 06:03;13/07/2026 13:00;08/07/2026 06:03;13/07/2026 13:00
560063;PE;A2968;00019200000013413953;MultiModal;08/07/2026 06:03;13/07/2026 13:00;08/07/2026 06:03;13/07/2026 13:00
560063;PE;A5902;00019200000013413961;MultiModal;08/07/2026 06:03;13/07/2026 13:00;08/07/2026 06:03;13/07/2026 13:00
560063;PE;A0349;00019200000013413970;MultiModal;08/07/2026 06:03;13/07/2026 13:00;08/07/2026 06:03;13/07/2026 13:00
560063;PE;A0033;00019200000013413988;MultiModal;08/07/2026 06:03;13/07/2026 13:00;08/07/2026 06:03;13/07/2026 13:00
560063;PE;A2214;00019200000013413996;MultiModal;08/07/2026 06:03;13/07/2026 13:00;08/07/2026 06:03;13/07/2026 13:00
560063;PE;A8136;00019200000013414003;MultiModal;08/07/2026 06:03;13/07/2026 13:00;08/07/2026 06:03;13/07/2026 13:00
560063;PE;A6792;00019200000013414011;MultiModal;08/07/2026 06:03;13/07/2026 13:00;08/07/2026 06:03;13/07/2026 13:00
560063;PE;A0525;00019200000013414020;MultiModal;08/07/2026 06:03;13/07/2026 13:00;08/07/2026 06:03;13/07/2026 13:00
560063;PE;A4685;00019200000013414038;MultiModal;08/07/2026 06:03;13/07/2026 13:00;08/07/2026 06:03;13/07/2026 13:00
560063;PE;A6961;00019200000013414062;MultiModal;08/07/2026 06:03;13/07/2026 13:00;08/07/2026 06:03;13/07/2026 13:00
560080;PE;A2759;00019200000012468592;MultiModal;13/07/2026 04:11;-;13/07/2026 04:11;-
560080;PE;A5933;00019200000013451200;MultiModal;13/07/2026 04:11;-;13/07/2026 04:11;-
560080;PE;A4778;00019200000013451375;MultiModal;13/07/2026 04:11;-;13/07/2026 04:11;-
560080;PE;A7308;00019200000013451383;MultiModal;13/07/2026 04:11;-;13/07/2026 04:11;-
560080;PE;A6234;00019200000013451391;MultiModal;13/07/2026 04:11;-;13/07/2026 04:11;-
560080;PE;A1294;00019200000013451405;MultiModal;13/07/2026 04:11;-;13/07/2026 04:11;-
560080;PE;TA0663;00019200000013451413;MultiModal;13/07/2026 04:11;-;13/07/2026 04:11;-
560152;PE;A5582;00019200000013414879;MultiModal;08/07/2026 04:21;10/07/2026 12:57;08/07/2026 04:21;10/07/2026 12:57
560165;PE;A0841;00019200000013414682;MultiModal;08/07/2026 06:02;10/07/2026 15:08;08/07/2026 06:02;10/07/2026 15:08
560306;PE;A7887;00019200000013450921;MultiModal;14/07/2026 03:21;-;14/07/2026 03:21;-
560306;PE;A3899;00019200000013450930;MultiModal;14/07/2026 03:21;-;14/07/2026 03:21;-
560306;PE;TA1086;00019200000013450999;MultiModal;14/07/2026 03:21;-;14/07/2026 03:21;-
560306;PE;A1046;00019200000013451006;MultiModal;14/07/2026 03:21;-;14/07/2026 03:21;-
560306;PE;A9607;00019200000013451014;MultiModal;14/07/2026 03:21;-;14/07/2026 03:21;-
560306;PE;A6231;00019200000013451022;MultiModal;14/07/2026 03:21;-;14/07/2026 03:21;-
560306;PE;TA0890;00019200000013451030;MultiModal;14/07/2026 03:21;-;14/07/2026 03:21;-
560306;PE;A8145;00019200000013451049;MultiModal;14/07/2026 03:21;-;14/07/2026 03:21;-
560306;PE;A4967;00019200000013451057;MultiModal;14/07/2026 03:21;-;14/07/2026 03:21;-
560306;PE;A2556;00019200000013451111;MultiModal;14/07/2026 03:21;-;14/07/2026 03:21;-
560306;PE;A8045;00019200000013451120;MultiModal;14/07/2026 03:21;-;14/07/2026 03:21;-
560459;PE;A4284;00019200000013489100;MultiModal;09/07/2026 23:45;11/07/2026 19:54;09/07/2026 23:45;11/07/2026 19:54
560463;PE;A9197;00019200000013489089;MultiModal;09/07/2026 23:45;11/07/2026 11:48;09/07/2026 23:45;11/07/2026 11:48
560464;PE;A8679;00019200000013489070;MultiModal;09/07/2026 23:46;11/07/2026 15:00;09/07/2026 23:46;11/07/2026 15:00
557269;PI;S0944;00019200000012919519;MultiModal;24/06/2026 00:06;26/06/2026 15:00;25/06/2026 11:11;26/06/2026 15:00
557269;PI;A6325;00019200000013206915;MultiModal;24/06/2026 00:06;26/06/2026 15:00;24/06/2026 00:06;26/06/2026 17:00
557269;PI;A8254;00019200000013206923;MultiModal;24/06/2026 00:06;26/06/2026 15:00;24/06/2026 00:06;26/06/2026 17:00
557269;PI;A8352;00019200000013206931;MultiModal;24/06/2026 00:06;26/06/2026 15:00;24/06/2026 00:06;26/06/2026 17:00
557269;PI;A1548;00019200000013206940;MultiModal;24/06/2026 00:06;26/06/2026 15:00;24/06/2026 00:06;26/06/2026 17:00
557269;PI;A6941;00019200000013206958;MultiModal;24/06/2026 00:06;26/06/2026 15:00;24/06/2026 00:06;26/06/2026 17:00
557269;PI;A9428;00019200000013206966;MultiModal;24/06/2026 00:06;26/06/2026 15:00;24/06/2026 00:06;26/06/2026 17:00
557269;PI;S1663;00019200000013206974;MultiModal;24/06/2026 00:06;26/06/2026 15:00;25/06/2026 11:11;26/06/2026 15:00
557269;PI;S1710;00019200000013206990;MultiModal;24/06/2026 00:06;26/06/2026 15:00;25/06/2026 11:11;26/06/2026 15:00
557269;PI;S1305;00019200000013207008;MultiModal;24/06/2026 00:06;26/06/2026 15:00;25/06/2026 11:11;26/06/2026 15:00
557269;PI;S1331;00019200000013207016;MultiModal;24/06/2026 00:06;26/06/2026 15:00;25/06/2026 11:11;26/06/2026 15:00
557269;PI;TA0220;00019200000013207024;MultiModal;24/06/2026 00:06;26/06/2026 15:00;24/06/2026 00:06;26/06/2026 17:00
557269;PI;A6993;00019200000013207032;MultiModal;24/06/2026 00:06;26/06/2026 15:00;24/06/2026 00:06;26/06/2026 17:00
557269;PI;TA0551;00019200000013207040;MultiModal;24/06/2026 00:06;26/06/2026 15:00;24/06/2026 00:06;26/06/2026 17:00
557269;PI;A1932;00019200000013207059;MultiModal;24/06/2026 00:06;26/06/2026 15:00;24/06/2026 00:06;26/06/2026 17:00
557269;PI;S0738;00019200000013207067;MultiModal;24/06/2026 00:06;26/06/2026 15:00;25/06/2026 11:11;26/06/2026 15:00
557269;PI;S0850;00019200000013207075;MultiModal;24/06/2026 00:06;26/06/2026 15:00;25/06/2026 11:11;26/06/2026 15:00
557269;PI;S1646;00019200000013207083;MultiModal;24/06/2026 00:06;26/06/2026 15:00;25/06/2026 11:11;26/06/2026 15:00
557269;PI;S1104;00019200000013207091;MultiModal;24/06/2026 00:06;26/06/2026 15:00;25/06/2026 11:11;26/06/2026 15:00
557269;PI;S1175;00019200000013207105;MultiModal;24/06/2026 00:06;26/06/2026 15:00;25/06/2026 11:11;26/06/2026 15:00
557269;PI;S0699;00019200000013207113;MultiModal;24/06/2026 00:06;26/06/2026 15:00;25/06/2026 11:11;26/06/2026 15:00
557269;PI;A6571;00019200000013207121;MultiModal;24/06/2026 00:06;26/06/2026 15:00;24/06/2026 00:06;26/06/2026 17:00
557269;PI;A8940;00019200000013207130;MultiModal;24/06/2026 00:06;26/06/2026 15:00;24/06/2026 00:06;26/06/2026 17:00
557269;PI;S0854;00019200000013207148;MultiModal;24/06/2026 00:06;26/06/2026 15:00;25/06/2026 11:11;26/06/2026 15:00
557269;PI;A5633;00019200000013207156;MultiModal;24/06/2026 00:06;26/06/2026 15:00;24/06/2026 00:06;26/06/2026 17:00
557269;PI;A2475;00019200000013207164;MultiModal;24/06/2026 00:06;26/06/2026 15:00;24/06/2026 00:06;26/06/2026 17:00
557269;PI;TA0796;00019200000013207172;MultiModal;24/06/2026 00:06;26/06/2026 15:00;24/06/2026 00:06;26/06/2026 17:00
557269;PI;S1009;00019200000013207202;MultiModal;24/06/2026 00:06;26/06/2026 15:00;25/06/2026 11:11;26/06/2026 15:00
557269;PI;A8243;00019200000013207210;MultiModal;24/06/2026 00:06;26/06/2026 15:00;24/06/2026 00:06;26/06/2026 17:00
557269;PI;S0977;00019200000013207229;MultiModal;24/06/2026 00:06;26/06/2026 15:00;25/06/2026 11:11;26/06/2026 15:00
557269;PI;S1356;00019200000013207237;MultiModal;24/06/2026 00:06;26/06/2026 15:00;25/06/2026 11:11;26/06/2026 15:00
557269;PI;S1769;00019200000013207245;MultiModal;24/06/2026 00:06;26/06/2026 15:00;25/06/2026 11:11;26/06/2026 15:00
557269;PI;TA0245;00019200000013225928;MultiModal;24/06/2026 00:06;26/06/2026 15:00;24/06/2026 00:06;26/06/2026 17:00
557539;PI;A6581;00019200000013211250;MultiModal;24/06/2026 00:05;25/06/2026 10:00;24/06/2026 00:05;25/06/2026 10:00
558026;PI;A4365;00019200000012433217;MultiModal;24/06/2026 00:06;25/06/2026 08:46;24/06/2026 00:06;25/06/2026 08:46
558026;PI;A9213;00019200000012699209;MultiModal;24/06/2026 00:06;25/06/2026 08:46;24/06/2026 00:06;25/06/2026 08:46
558026;PI;A0119;00019200000012699241;MultiModal;24/06/2026 00:06;25/06/2026 08:46;24/06/2026 00:06;25/06/2026 08:46
558026;PI;A9049;00019200000012699250;MultiModal;24/06/2026 00:06;25/06/2026 08:46;24/06/2026 00:06;25/06/2026 08:46
558026;PI;A8534;00019200000012699268;MultiModal;24/06/2026 00:06;25/06/2026 08:46;24/06/2026 00:06;25/06/2026 08:46
558026;PI;A2149;00019200000012699276;MultiModal;24/06/2026 00:06;25/06/2026 08:46;24/06/2026 00:06;25/06/2026 08:46
558026;PI;A6531;00019200000012699284;MultiModal;24/06/2026 00:06;25/06/2026 08:46;24/06/2026 00:06;25/06/2026 08:46
558026;PI;A7230;00019200000012699330;MultiModal;24/06/2026 00:06;25/06/2026 08:46;24/06/2026 00:06;25/06/2026 08:46
558026;PI;A4263;00019200000012699365;MultiModal;24/06/2026 00:06;25/06/2026 08:46;24/06/2026 00:06;25/06/2026 08:46
558026;PI;A7314;00019200000012699772;MultiModal;24/06/2026 00:06;25/06/2026 08:46;24/06/2026 00:06;25/06/2026 08:46
558026;PI;A3932;00019200000012700053;MultiModal;24/06/2026 00:06;25/06/2026 08:46;24/06/2026 00:06;25/06/2026 08:46
558026;PI;A8154;00019200000012700061;MultiModal;24/06/2026 00:06;25/06/2026 08:46;24/06/2026 00:06;25/06/2026 08:46
559721;PI;A0781;00019200000013414925;MultiModal;08/07/2026 23:56;10/07/2026 17:00;13/07/2026 23:23;-
559721;PI;A1056;00019200000013414933;MultiModal;08/07/2026 23:56;10/07/2026 17:00;13/07/2026 23:23;-
559721;PI;A8250;00019200000013414941;MultiModal;08/07/2026 23:56;10/07/2026 17:00;13/07/2026 23:23;-
559721;PI;TA0585;00019200000013414950;MultiModal;08/07/2026 23:56;10/07/2026 17:00;13/07/2026 23:23;-
559721;PI;A7514;00019200000013414968;MultiModal;08/07/2026 23:56;10/07/2026 17:00;13/07/2026 23:23;-
559721;PI;A5878;00019200000013414976;MultiModal;08/07/2026 23:56;10/07/2026 17:00;08/07/2026 23:56;10/07/2026 17:00
559721;PI;A7928;00019200000013414984;MultiModal;08/07/2026 23:56;10/07/2026 17:00;08/07/2026 23:56;10/07/2026 17:00
559721;PI;TA1185;00019200000013414992;MultiModal;08/07/2026 23:56;10/07/2026 17:00;13/07/2026 23:23;-
559721;PI;A9618;00019200000013415000;MultiModal;08/07/2026 23:56;10/07/2026 17:00;13/07/2026 23:23;-
559721;PI;A9220;00019200000013415018;MultiModal;08/07/2026 23:56;10/07/2026 17:00;13/07/2026 23:23;-
559721;PI;A6595;00019200000013415026;MultiModal;08/07/2026 23:56;10/07/2026 17:00;13/07/2026 23:23;-
559721;PI;TA0207;00019200000013415034;MultiModal;08/07/2026 23:56;10/07/2026 17:00;13/07/2026 05:04;14/07/2026 08:45
559721;PI;TA0322;00019200000013415042;MultiModal;08/07/2026 23:56;10/07/2026 17:00;13/07/2026 05:04;14/07/2026 08:45
559721;PI;A3253;00019200000013415050;MultiModal;08/07/2026 23:56;10/07/2026 17:00;13/07/2026 05:04;14/07/2026 08:45
559721;PI;A4590;00019200000013415069;MultiModal;08/07/2026 23:56;10/07/2026 17:00;13/07/2026 05:04;14/07/2026 08:45
559721;PI;A9066;00019200000013415077;MultiModal;08/07/2026 23:56;10/07/2026 17:00;13/07/2026 05:04;14/07/2026 08:45
559721;PI;A5087;00019200000013415085;MultiModal;08/07/2026 23:56;10/07/2026 17:00;13/07/2026 05:04;14/07/2026 08:45
559721;PI;A2955;00019200000013415093;MultiModal;08/07/2026 23:56;10/07/2026 17:00;13/07/2026 05:04;14/07/2026 08:45
559721;PI;A6528;00019200000013415107;MultiModal;08/07/2026 23:56;10/07/2026 17:00;13/07/2026 23:23;-
559721;PI;A2367;00019200000013415115;MultiModal;08/07/2026 23:56;10/07/2026 17:00;13/07/2026 23:23;-
559721;PI;A5170;00019200000013415123;MultiModal;08/07/2026 23:56;10/07/2026 17:00;13/07/2026 23:23;-
559721;PI;A2204;00019200000013415131;MultiModal;08/07/2026 23:56;10/07/2026 17:00;08/07/2026 23:56;10/07/2026 17:00
559721;PI;A3289;00019200000013415140;MultiModal;08/07/2026 23:56;10/07/2026 17:00;08/07/2026 23:56;10/07/2026 17:00
559721;PI;A7259;00019200000013415158;MultiModal;08/07/2026 23:56;10/07/2026 17:00;08/07/2026 23:56;10/07/2026 17:00
559721;PI;A4426;00019200000013415166;MultiModal;08/07/2026 23:56;10/07/2026 17:00;08/07/2026 23:56;10/07/2026 17:00
559721;PI;A8069;00019200000013415174;MultiModal;08/07/2026 23:56;10/07/2026 17:00;08/07/2026 23:56;10/07/2026 17:00
559721;PI;A4723;00019200000013415182;MultiModal;08/07/2026 23:56;10/07/2026 17:00;08/07/2026 23:56;10/07/2026 17:00
559721;PI;A3467;00019200000013415190;MultiModal;08/07/2026 23:56;10/07/2026 17:00;08/07/2026 23:56;10/07/2026 17:00
559721;PI;TA0806;00019200000013415204;MultiModal;08/07/2026 23:56;10/07/2026 17:00;08/07/2026 23:56;10/07/2026 17:00
559721;PI;A7067;00019200000013415212;MultiModal;08/07/2026 23:56;10/07/2026 17:00;08/07/2026 23:56;10/07/2026 17:00
559721;PI;A4270;00019200000013415220;MultiModal;08/07/2026 23:56;10/07/2026 17:00;08/07/2026 23:56;10/07/2026 17:00
559721;PI;A8808;00019200000013415239;MultiModal;08/07/2026 23:56;10/07/2026 17:00;13/07/2026 05:04;14/07/2026 08:45
559721;PI;A9483;00019200000013415247;MultiModal;08/07/2026 23:56;10/07/2026 17:00;13/07/2026 05:04;14/07/2026 08:45
559721;PI;TA1219;00019200000013415255;MultiModal;08/07/2026 23:56;10/07/2026 17:00;13/07/2026 05:04;14/07/2026 08:45
559721;PI;A4752;00019200000013415530;MultiModal;08/07/2026 23:56;10/07/2026 17:00;13/07/2026 05:04;14/07/2026 08:45
559959;PI;A7978;00019200000013410474;MultiModal;08/07/2026 23:45;10/07/2026 14:00;08/07/2026 23:45;10/07/2026 14:00
559964;PI;A6088;00019200000013492799;MultiModal;13/07/2026 00:40;14/07/2026 11:30;13/07/2026 23:38;-
559964;PI;A6467;00019200000013492802;MultiModal;13/07/2026 00:40;14/07/2026 11:30;13/07/2026 00:40;14/07/2026 11:30
559964;PI;A8079;00019200000013492810;MultiModal;13/07/2026 00:40;14/07/2026 11:30;13/07/2026 00:40;14/07/2026 11:30
559964;PI;TA0878;00019200000013492829;MultiModal;13/07/2026 00:40;14/07/2026 11:30;13/07/2026 23:38;-
559964;PI;A0342;00019200000013492837;MultiModal;13/07/2026 00:40;14/07/2026 11:30;13/07/2026 23:38;-
559964;PI;A3758;00019200000013492845;MultiModal;13/07/2026 00:40;14/07/2026 11:30;13/07/2026 23:38;-
559964;PI;A6840;00019200000013492853;MultiModal;13/07/2026 00:40;14/07/2026 11:30;13/07/2026 23:38;-
559964;PI;A7092;00019200000013492861;MultiModal;13/07/2026 00:40;14/07/2026 11:30;13/07/2026 23:38;-
559964;PI;A3268;00019200000013492870;MultiModal;13/07/2026 00:40;14/07/2026 11:30;13/07/2026 23:38;-
559964;PI;A5559;00019200000013492888;MultiModal;13/07/2026 00:40;14/07/2026 11:30;13/07/2026 23:38;-
559964;PI;A4428;00019200000013492896;MultiModal;13/07/2026 00:40;14/07/2026 11:30;13/07/2026 00:40;14/07/2026 11:30
559964;PI;A6816;00019200000013492900;MultiModal;13/07/2026 00:40;14/07/2026 11:30;13/07/2026 00:40;14/07/2026 11:30
559964;PI;A5176;00019200000013492918;MultiModal;13/07/2026 00:40;14/07/2026 11:30;13/07/2026 00:40;14/07/2026 11:30
559964;PI;A9276;00019200000013492926;MultiModal;13/07/2026 00:40;14/07/2026 11:30;13/07/2026 00:40;14/07/2026 11:30
559964;PI;A7156;00019200000013492934;MultiModal;13/07/2026 00:40;14/07/2026 11:30;13/07/2026 00:40;14/07/2026 11:30
559964;PI;A4249;00019200000013492942;MultiModal;13/07/2026 00:40;14/07/2026 11:30;13/07/2026 00:40;14/07/2026 11:30
559964;PI;A7513;00019200000013492950;MultiModal;13/07/2026 00:40;14/07/2026 11:30;13/07/2026 23:38;-
559964;PI;A8655;00019200000013492969;MultiModal;13/07/2026 00:40;14/07/2026 11:30;13/07/2026 23:38;-
559964;PI;A9490;00019200000013492977;MultiModal;13/07/2026 00:40;14/07/2026 11:30;13/07/2026 00:40;14/07/2026 11:30
559964;PI;A8277;00019200000013492985;MultiModal;13/07/2026 00:40;14/07/2026 11:30;13/07/2026 00:40;14/07/2026 11:30
559964;PI;A6764;00019200000013492993;MultiModal;13/07/2026 00:40;14/07/2026 11:30;13/07/2026 00:40;14/07/2026 11:30
559964;PI;A8725;00019200000013493000;MultiModal;13/07/2026 00:40;14/07/2026 11:30;13/07/2026 23:38;-
559964;PI;A5730;00019200000013493019;MultiModal;13/07/2026 00:40;14/07/2026 11:30;13/07/2026 23:38;-
559964;PI;A8794;00019200000013493027;MultiModal;13/07/2026 00:40;14/07/2026 11:30;13/07/2026 23:38;-
559964;PI;A5401;00019200000013493035;MultiModal;13/07/2026 00:40;14/07/2026 11:30;13/07/2026 00:40;14/07/2026 11:30
559964;PI;A4383;00019200000013493043;MultiModal;13/07/2026 00:40;14/07/2026 11:30;13/07/2026 00:40;14/07/2026 11:30
559964;PI;TA0851;00019200000013493051;MultiModal;13/07/2026 00:40;14/07/2026 11:30;13/07/2026 00:40;14/07/2026 11:30
559964;PI;TA0421;00019200000013493124;MultiModal;13/07/2026 00:40;14/07/2026 11:30;13/07/2026 23:38;-
560051;PI;A8217;00019200000013410814;MultiModal;09/07/2026 01:14;10/07/2026 10:30;09/07/2026 01:14;10/07/2026 10:30
560051;PI;TA0232;00019200000013411403;MultiModal;09/07/2026 01:14;10/07/2026 10:30;09/07/2026 01:14;10/07/2026 10:30
560051;PI;A9136;00019200000013411411;MultiModal;09/07/2026 01:14;10/07/2026 10:30;09/07/2026 01:14;10/07/2026 10:30
560051;PI;A6705;00019200000013411420;MultiModal;09/07/2026 01:14;10/07/2026 10:30;09/07/2026 01:14;10/07/2026 10:30
560051;PI;A9604;00019200000013411438;MultiModal;09/07/2026 01:14;10/07/2026 10:30;09/07/2026 01:14;10/07/2026 10:30
560051;PI;A8600;00019200000013411446;MultiModal;09/07/2026 01:14;10/07/2026 10:30;09/07/2026 01:14;10/07/2026 10:30
560051;PI;A1773;00019200000013411489;MultiModal;09/07/2026 01:14;10/07/2026 10:30;09/07/2026 01:14;10/07/2026 10:30
560051;PI;A6405;00019200000013411497;MultiModal;09/07/2026 01:14;10/07/2026 10:30;09/07/2026 01:14;10/07/2026 10:30
560308;PI;A5831;00019200000013488430;MultiModal;13/07/2026 23:38;-;13/07/2026 23:38;-
560308;PI;TA0179;00019200000013488457;MultiModal;13/07/2026 23:38;-;13/07/2026 23:38;-
560308;PI;A8019;00019200000013488465;MultiModal;13/07/2026 23:38;-;13/07/2026 23:38;-
560308;PI;A1162;00019200000013488520;MultiModal;13/07/2026 23:38;-;13/07/2026 23:38;-
560308;PI;A7611;00019200000013489127;MultiModal;13/07/2026 23:38;-;13/07/2026 23:38;-
560308;PI;A6715;00019200000013489135;MultiModal;13/07/2026 23:38;-;13/07/2026 23:38;-
560308;PI;A7082;00019200000013489143;MultiModal;13/07/2026 23:38;-;13/07/2026 23:38;-
560308;PI;A2943;00019200000013489151;MultiModal;13/07/2026 23:38;-;13/07/2026 23:38;-
560586;PI;A5025;00019200000013452479;MultiModal;13/07/2026 00:40;-;13/07/2026 00:40;-
556113;PR;A9365;00019200000012714593;MultiModal;08/06/2026 10:53;11/06/2026 19:47;-;-
556113;PR;A7132;00019200000012714607;MultiModal;08/06/2026 10:53;11/06/2026 19:47;-;-
556113;PR;A6834;00019200000012714615;MultiModal;08/06/2026 10:53;11/06/2026 19:47;-;-
556113;PR;A8249;00019200000012714623;MultiModal;08/06/2026 10:53;11/06/2026 19:47;-;-
556113;PR;A8816;00019200000012714640;MultiModal;08/06/2026 10:53;11/06/2026 19:47;-;-
556339;PR;A7748;00019200000012729124;MultiModal;09/06/2026 03:51;10/06/2026 17:19;-;-
556549;PR;A7654;00019200000012730505;MultiModal;08/06/2026 05:31;09/06/2026 17:00;-;-
558607;PR;A5461;00019200000013336428;MultiModal;23/06/2026 08:30;26/06/2026 19:00;23/06/2026 08:30;26/06/2026 19:00
559838;PR;A8390;00019200000013485512;MultiModal;14/07/2026 03:18;-;14/07/2026 03:18;-
559996;PR;A7702;00019200000013419544;MultiModal;07/07/2026 00:59;08/07/2026 16:12;07/07/2026 00:59;08/07/2026 16:12
560049;PR;A6962;00019200000013412973;MultiModal;09/07/2026 04:58;10/07/2026 18:57;09/07/2026 04:58;10/07/2026 18:57
560049;PR;A7343;00019200000013412981;MultiModal;09/07/2026 04:58;10/07/2026 18:57;09/07/2026 04:58;10/07/2026 18:57
560049;PR;A0491;00019200000013412990;MultiModal;09/07/2026 04:58;10/07/2026 18:57;09/07/2026 04:58;10/07/2026 18:57
560049;PR;A7405;00019200000013413007;MultiModal;09/07/2026 04:58;10/07/2026 18:57;09/07/2026 04:58;10/07/2026 18:57
560049;PR;A7507;00019200000013413015;MultiModal;09/07/2026 04:58;10/07/2026 18:57;09/07/2026 04:58;10/07/2026 18:57
560049;PR;A5768;00019200000013413023;MultiModal;09/07/2026 04:58;10/07/2026 18:57;09/07/2026 04:58;10/07/2026 18:57
560049;PR;A4349;00019200000013413031;MultiModal;09/07/2026 04:58;10/07/2026 18:57;09/07/2026 04:58;10/07/2026 18:57
560078;PR;A3120;00019200000013409808;MultiModal;09/07/2026 04:48;10/07/2026 18:27;09/07/2026 04:48;10/07/2026 18:27
560078;PR;A0839;00019200000013409816;MultiModal;09/07/2026 04:48;10/07/2026 18:27;09/07/2026 04:48;10/07/2026 18:27
560078;PR;A4457;00019200000013409824;MultiModal;09/07/2026 04:48;10/07/2026 18:27;09/07/2026 04:48;10/07/2026 18:27
560170;PR;A6397;00019200000013414674;MultiModal;08/07/2026 06:29;09/07/2026 17:36;08/07/2026 06:29;09/07/2026 17:36
560309;PR;A3522;00019200000013489291;MultiModal;14/07/2026 03:13;-;14/07/2026 03:13;-
560309;PR;A1209;00019200000013489305;MultiModal;14/07/2026 03:13;-;14/07/2026 03:13;-
560309;PR;A8103;00019200000013489313;MultiModal;14/07/2026 03:13;-;14/07/2026 03:13;-
560309;PR;A1306;00019200000013489321;MultiModal;14/07/2026 03:13;-;14/07/2026 03:13;-
560309;PR;A3223;00019200000013489330;MultiModal;14/07/2026 03:13;-;14/07/2026 03:13;-
560309;PR;A5636;00019200000013489348;MultiModal;14/07/2026 03:13;-;14/07/2026 03:13;-
560309;PR;A5445;00019200000013489356;MultiModal;14/07/2026 03:13;-;14/07/2026 03:13;-
560309;PR;A3906;00019200000013489364;MultiModal;14/07/2026 03:13;-;14/07/2026 03:13;-
560309;PR;A8660;00019200000013490257;MultiModal;14/07/2026 03:13;-;14/07/2026 03:13;-
560309;PR;A7942;00019200000013490265;MultiModal;14/07/2026 03:13;-;14/07/2026 03:13;-
560309;PR;A8489;00019200000013490273;MultiModal;14/07/2026 03:13;-;14/07/2026 03:13;-
560309;PR;A6614;00019200000013490281;MultiModal;14/07/2026 03:13;-;14/07/2026 03:13;-
560309;PR;A6500;00019200000013490290;MultiModal;14/07/2026 03:13;-;14/07/2026 03:13;-
560309;PR;TA0324;00019200000013490303;MultiModal;14/07/2026 03:13;-;14/07/2026 03:13;-
560309;PR;A7831;00019200000013490311;MultiModal;14/07/2026 03:13;-;14/07/2026 03:13;-
560309;PR;A6538;00019200000013490320;MultiModal;14/07/2026 03:13;-;14/07/2026 03:13;-
560309;PR;A1535;00019200000013490338;MultiModal;14/07/2026 03:13;-;14/07/2026 03:13;-
560309;PR;A7087;00019200000013490346;MultiModal;14/07/2026 03:13;-;14/07/2026 03:13;-
560309;PR;A6317;00019200000013490354;MultiModal;14/07/2026 03:13;-;14/07/2026 03:13;-
560309;PR;A9343;00019200000013490362;MultiModal;14/07/2026 03:13;-;14/07/2026 03:13;-
560309;PR;A2269;00019200000013490370;MultiModal;14/07/2026 03:13;-;14/07/2026 03:13;-
560309;PR;A3653;00019200000013490397;MultiModal;14/07/2026 03:13;-;14/07/2026 03:13;-
560309;PR;TA1166;00019200000013490400;MultiModal;14/07/2026 03:13;-;14/07/2026 03:13;-
560309;PR;A7532;00019200000013490419;MultiModal;14/07/2026 03:13;-;14/07/2026 03:13;-
560309;PR;A0396;00019200000013490427;MultiModal;14/07/2026 03:13;-;14/07/2026 03:13;-
560309;PR;A5866;00019200000013490435;MultiModal;14/07/2026 03:13;-;14/07/2026 03:13;-
560309;PR;A6947;00019200000013490443;MultiModal;14/07/2026 03:13;-;14/07/2026 03:13;-
560309;PR;A9498;00019200000013490451;MultiModal;14/07/2026 03:13;-;14/07/2026 03:13;-
560309;PR;TA0824;00019200000013490460;MultiModal;14/07/2026 03:13;-;14/07/2026 03:13;-
560309;PR;A6159;00019200000013490478;MultiModal;14/07/2026 03:13;-;14/07/2026 03:13;-
560309;PR;A2904;00019200000013490486;MultiModal;14/07/2026 03:13;-;14/07/2026 03:13;-
20260717;RJ;A5970;00019200000012721034;MultiModal;02/06/2026 01:14;03/06/2026 13:12;-;-
20260963;RJ;A3472;00019200000013419382;MultiModal;07/07/2026 00:58;07/07/2026 19:00;07/07/2026 00:58;07/07/2026 19:00
20260966;RJ;A4151;00019200000013419390;MultiModal;07/07/2026 01:00;07/07/2026 19:00;07/07/2026 01:00;07/07/2026 19:00
20260966;RJ;A7251;00019200000013419404;MultiModal;07/07/2026 01:00;07/07/2026 19:00;07/07/2026 01:00;07/07/2026 19:00
20261141;RJ;A3422;00019200000013410440;MultiModal;09/07/2026 01:29;09/07/2026 19:00;09/07/2026 01:29;09/07/2026 19:00
556743;RJ;A7321;00019200000012723487;MultiModal;07/06/2026 22:50;09/06/2026 10:50;-;-
558413;RJ;A4484;00019200000013423223;MultiModal;07/07/2026 05:01;08/07/2026 12:02;07/07/2026 05:01;08/07/2026 12:02
558413;RJ;TA0202;00019200000013423240;MultiModal;07/07/2026 05:01;08/07/2026 12:02;07/07/2026 05:01;08/07/2026 12:02
559090;RJ;A6191;00019200000013490389;MultiModal;13/07/2026 04:05;-;14/07/2026 03:18;-
559090;RJ;A2619;00019200000013490605;MultiModal;13/07/2026 04:05;-;13/07/2026 04:05;-
559090;RJ;A7658;00019200000013490613;MultiModal;13/07/2026 04:05;-;14/07/2026 03:18;-
559090;RJ;A3677;00019200000013490621;MultiModal;13/07/2026 04:05;-;13/07/2026 04:05;-
559090;RJ;TA0057;00019200000013490672;MultiModal;13/07/2026 04:05;-;13/07/2026 04:05;-
559090;RJ;A5251;00019200000013490680;MultiModal;13/07/2026 04:05;-;13/07/2026 04:05;-
559090;RJ;A2520;00019200000013490699;MultiModal;13/07/2026 04:05;-;13/07/2026 04:05;-
559090;RJ;A6369;00019200000013490702;MultiModal;13/07/2026 04:05;-;13/07/2026 04:05;-
559090;RJ;A7108;00019200000013490710;MultiModal;13/07/2026 04:05;-;14/07/2026 03:18;-
559090;RJ;A7242;00019200000013490729;MultiModal;13/07/2026 04:05;-;14/07/2026 03:18;-
559090;RJ;TA0285;00019200000013490737;MultiModal;13/07/2026 04:05;-;14/07/2026 03:18;-
559090;RJ;A7556;00019200000013490745;MultiModal;13/07/2026 04:05;-;13/07/2026 04:05;-
559090;RJ;A0057;00019200000013490753;MultiModal;13/07/2026 04:05;-;14/07/2026 03:18;-
559090;RJ;A3570;00019200000013490761;MultiModal;13/07/2026 04:05;-;14/07/2026 03:18;-
559090;RJ;A0306;00019200000013490770;MultiModal;13/07/2026 04:05;-;13/07/2026 04:05;-
559090;RJ;A4542;00019200000013490788;MultiModal;13/07/2026 04:05;-;13/07/2026 04:05;-
559090;RJ;A4267;00019200000013490796;MultiModal;13/07/2026 04:05;-;13/07/2026 04:05;-
559090;RJ;A8095;00019200000013490800;MultiModal;13/07/2026 04:05;-;13/07/2026 04:05;-
559090;RJ;A4046;00019200000013490818;MultiModal;13/07/2026 04:05;-;14/07/2026 03:18;-
559090;RJ;A4512;00019200000013490826;MultiModal;13/07/2026 04:05;-;14/07/2026 03:18;-
559090;RJ;A9535;00019200000013490834;MultiModal;13/07/2026 04:05;-;14/07/2026 03:18;-
559090;RJ;A3395;00019200000013490842;MultiModal;13/07/2026 04:05;-;13/07/2026 04:05;-
559090;RJ;A1665;00019200000013490850;MultiModal;13/07/2026 04:05;-;13/07/2026 04:05;-
559090;RJ;A5118;00019200000013490869;MultiModal;13/07/2026 04:05;-;13/07/2026 04:05;-
559090;RJ;A8298;00019200000013490877;MultiModal;13/07/2026 04:05;-;13/07/2026 04:05;-
559090;RJ;A6568;00019200000013490885;MultiModal;13/07/2026 04:05;-;13/07/2026 04:05;-
559090;RJ;A3167;00019200000013490893;MultiModal;13/07/2026 04:05;-;13/07/2026 04:05;-
559090;RJ;A9474;00019200000013490907;MultiModal;13/07/2026 04:05;-;14/07/2026 03:18;-
559090;RJ;TA0472;00019200000013490915;MultiModal;13/07/2026 04:05;-;14/07/2026 03:18;-
559090;RJ;A5131;00019200000013490923;MultiModal;13/07/2026 04:05;-;14/07/2026 03:18;-
559090;RJ;A4161;00019200000013490931;MultiModal;13/07/2026 04:05;-;14/07/2026 03:18;-
559090;RJ;TA0351;00019200000013490940;MultiModal;13/07/2026 04:05;-;14/07/2026 03:18;-
559090;RJ;A4808;00019200000013490958;MultiModal;13/07/2026 04:05;-;14/07/2026 03:18;-
559090;RJ;A5120;00019200000013490966;MultiModal;13/07/2026 04:05;-;14/07/2026 03:18;-
559872;RJ;A1305;00019200000013419609;MultiModal;07/07/2026 00:58;08/07/2026 10:20;07/07/2026 00:58;08/07/2026 10:20
559883;RJ;A3641;00019200000013419633;MultiModal;07/07/2026 00:58;08/07/2026 10:40;07/07/2026 00:58;08/07/2026 10:40
559904;RJ;A7531;00019200000013411969;MultiModal;13/07/2026 04:05;-;13/07/2026 04:05;-
559904;RJ;A4269;00019200000013411977;MultiModal;13/07/2026 04:05;-;13/07/2026 04:05;-
559904;RJ;A7646;00019200000013411985;MultiModal;13/07/2026 04:05;-;13/07/2026 04:05;-
559904;RJ;A6665;00019200000013411993;MultiModal;13/07/2026 04:05;-;13/07/2026 04:05;-
559904;RJ;A4792;00019200000013412000;MultiModal;13/07/2026 04:05;-;13/07/2026 04:05;-
559904;RJ;A4554;00019200000013412019;MultiModal;13/07/2026 04:05;-;14/07/2026 04:34;-
559904;RJ;A0142;00019200000013412027;MultiModal;13/07/2026 04:05;-;14/07/2026 04:34;-
559904;RJ;A1541;00019200000013412035;MultiModal;13/07/2026 04:05;-;13/07/2026 04:05;-
559904;RJ;TA0814;00019200000013412043;MultiModal;13/07/2026 04:05;-;13/07/2026 04:05;-
559904;RJ;A3992;00019200000013412051;MultiModal;13/07/2026 04:05;-;13/07/2026 04:05;-
559904;RJ;TA0524;00019200000013412060;MultiModal;13/07/2026 04:05;-;13/07/2026 04:05;-
559904;RJ;TA0778;00019200000013412078;MultiModal;13/07/2026 04:05;-;13/07/2026 04:05;-
559904;RJ;A5887;00019200000013412086;MultiModal;13/07/2026 04:05;-;13/07/2026 04:05;-
559904;RJ;A3243;00019200000013412094;MultiModal;13/07/2026 04:05;-;13/07/2026 04:05;-
559904;RJ;A5181;00019200000013412108;MultiModal;13/07/2026 04:05;-;13/07/2026 04:05;-
559904;RJ;TA0454;00019200000013412116;MultiModal;13/07/2026 04:05;-;13/07/2026 04:05;-
559904;RJ;A4438;00019200000013412124;MultiModal;13/07/2026 04:05;-;13/07/2026 04:05;-
559904;RJ;A3134;00019200000013412132;MultiModal;13/07/2026 04:05;-;13/07/2026 04:05;-
559904;RJ;TA0743;00019200000013412140;MultiModal;13/07/2026 04:05;-;13/07/2026 04:05;-
559904;RJ;A6477;00019200000013412159;MultiModal;13/07/2026 04:05;-;13/07/2026 04:05;-
559904;RJ;A4070;00019200000013412167;MultiModal;13/07/2026 04:05;-;13/07/2026 04:05;-
559904;RJ;A0499;00019200000013412175;MultiModal;13/07/2026 04:05;-;13/07/2026 04:05;-
559904;RJ;A5712;00019200000013412310;MultiModal;13/07/2026 04:05;-;14/07/2026 04:34;-
559904;RJ;A3094;00019200000013412329;MultiModal;13/07/2026 04:05;-;14/07/2026 04:34;-
559904;RJ;A5262;00019200000013412337;MultiModal;13/07/2026 04:05;-;13/07/2026 04:05;-
559904;RJ;A1050;00019200000013412345;MultiModal;13/07/2026 04:05;-;13/07/2026 04:05;-
559904;RJ;TA0997;00019200000013412353;MultiModal;13/07/2026 04:05;-;13/07/2026 04:05;-
559904;RJ;A9313;00019200000013412361;MultiModal;13/07/2026 04:05;-;14/07/2026 04:34;-
559904;RJ;A6970;00019200000013412370;MultiModal;13/07/2026 04:05;-;13/07/2026 04:05;-
559904;RJ;A3314;00019200000013412388;MultiModal;13/07/2026 04:05;-;14/07/2026 04:34;-
559904;RJ;A7618;00019200000013412396;MultiModal;13/07/2026 04:05;-;14/07/2026 04:34;-
559904;RJ;TA0553;00019200000013412400;MultiModal;13/07/2026 04:05;-;14/07/2026 04:34;-
559904;RJ;TA0201;00019200000013412418;MultiModal;13/07/2026 04:05;-;14/07/2026 04:34;-
559904;RJ;A3761;00019200000013412426;MultiModal;13/07/2026 04:05;-;14/07/2026 04:34;-
559904;RJ;TA0176;00019200000013412434;MultiModal;13/07/2026 04:05;-;14/07/2026 04:34;-
559904;RJ;TA0941;00019200000013412442;MultiModal;13/07/2026 04:05;-;14/07/2026 04:34;-
559904;RJ;A6038;00019200000013412450;MultiModal;13/07/2026 04:05;-;14/07/2026 04:34;-
559904;RJ;TA0117;00019200000013412469;MultiModal;13/07/2026 04:05;-;14/07/2026 04:34;-
559904;RJ;A3682;00019200000013412477;MultiModal;13/07/2026 04:05;-;14/07/2026 04:34;-
559904;RJ;A7649;00019200000013412485;MultiModal;13/07/2026 04:05;-;14/07/2026 04:34;-
559904;RJ;TA1170;00019200000013412655;MultiModal;13/07/2026 04:05;-;13/07/2026 04:05;-
559904;RJ;A7353;00019200000013412868;MultiModal;13/07/2026 04:05;-;14/07/2026 04:34;-
559904;RJ;A3501;00019200000013412876;MultiModal;13/07/2026 04:05;-;14/07/2026 04:34;-
559904;RJ;TA1227;00019200000013414739;MultiModal;13/07/2026 04:05;-;14/07/2026 04:34;-
559904;RJ;A0310;00019200000013414747;MultiModal;13/07/2026 04:05;-;14/07/2026 04:34;-
559904;RJ;A0125;00019200000013414755;MultiModal;13/07/2026 04:05;-;14/07/2026 04:34;-
559904;RJ;TA0584;00019200000013414763;MultiModal;13/07/2026 04:05;-;14/07/2026 04:34;-
559904;RJ;A1152;00019200000013414771;MultiModal;13/07/2026 04:05;-;14/07/2026 04:34;-
559904;RJ;A4821;00019200000013414780;MultiModal;13/07/2026 04:05;-;14/07/2026 04:34;-
559904;RJ;TA0965;00019200000013414798;MultiModal;13/07/2026 04:05;-;14/07/2026 04:34;-
560039;RJ;A8178;00019200000013415387;MultiModal;08/07/2026 04:22;09/07/2026 15:40;08/07/2026 04:22;09/07/2026 15:40
560039;RJ;TA0682;00019200000013415395;MultiModal;08/07/2026 04:22;09/07/2026 15:40;08/07/2026 04:22;09/07/2026 15:40
560039;RJ;A1657;00019200000013415409;MultiModal;08/07/2026 04:22;09/07/2026 15:40;08/07/2026 04:22;09/07/2026 15:40
560039;RJ;A6264;00019200000013415417;MultiModal;08/07/2026 04:22;09/07/2026 15:40;08/07/2026 04:22;09/07/2026 15:40
560039;RJ;A7917;00019200000013415425;MultiModal;08/07/2026 04:22;09/07/2026 15:40;08/07/2026 04:22;09/07/2026 15:40
560039;RJ;A3079;00019200000013415433;MultiModal;08/07/2026 04:22;09/07/2026 15:40;08/07/2026 04:22;09/07/2026 15:40
560039;RJ;A6836;00019200000013415441;MultiModal;08/07/2026 04:22;09/07/2026 15:40;08/07/2026 04:22;09/07/2026 15:40
560039;RJ;TA0253;00019200000013415450;MultiModal;08/07/2026 04:22;09/07/2026 15:40;08/07/2026 04:22;09/07/2026 15:40
560039;RJ;TA0395;00019200000013415468;MultiModal;08/07/2026 04:22;09/07/2026 15:40;08/07/2026 04:22;09/07/2026 15:40
560039;RJ;A2924;00019200000013415476;MultiModal;08/07/2026 04:22;09/07/2026 15:40;08/07/2026 04:22;09/07/2026 15:40
560039;RJ;A7354;00019200000013417339;MultiModal;08/07/2026 04:22;09/07/2026 15:40;08/07/2026 04:22;09/07/2026 15:40
560039;RJ;A8338;00019200000013417347;MultiModal;08/07/2026 04:22;09/07/2026 15:40;08/07/2026 04:22;09/07/2026 15:40
560039;RJ;A8321;00019200000013417363;MultiModal;08/07/2026 04:22;09/07/2026 15:40;08/07/2026 04:22;09/07/2026 15:40
560042;RJ;A8560;00019200000013415379;MultiModal;08/07/2026 04:22;10/07/2026 12:33;08/07/2026 04:22;10/07/2026 12:33
560044;RJ;A9333;00019200000013407449;MultiModal;09/07/2026 04:51;10/07/2026 13:30;09/07/2026 04:51;10/07/2026 13:30
560044;RJ;A2250;00019200000013407457;MultiModal;09/07/2026 04:51;10/07/2026 13:30;09/07/2026 04:51;10/07/2026 13:30
560044;RJ;A7293;00019200000013407465;MultiModal;09/07/2026 04:51;10/07/2026 13:30;09/07/2026 04:51;10/07/2026 13:30
560044;RJ;TA0475;00019200000013407473;MultiModal;09/07/2026 04:51;10/07/2026 13:30;09/07/2026 04:51;10/07/2026 13:30
560044;RJ;A9264;00019200000013407481;MultiModal;09/07/2026 04:51;10/07/2026 13:30;09/07/2026 04:51;10/07/2026 13:30
560044;RJ;TA0573;00019200000013407490;MultiModal;09/07/2026 04:51;10/07/2026 13:30;09/07/2026 04:51;10/07/2026 13:30
560044;RJ;A6586;00019200000013407503;MultiModal;09/07/2026 04:51;10/07/2026 13:30;09/07/2026 04:51;10/07/2026 13:30
560044;RJ;TA0739;00019200000013407511;MultiModal;09/07/2026 04:51;10/07/2026 13:30;09/07/2026 04:51;10/07/2026 13:30
560044;RJ;A1513;00019200000013407520;MultiModal;09/07/2026 04:51;10/07/2026 13:30;09/07/2026 04:51;10/07/2026 13:30
560044;RJ;A7678;00019200000013407538;MultiModal;09/07/2026 04:51;10/07/2026 13:30;09/07/2026 04:51;10/07/2026 13:30
560044;RJ;TA0110;00019200000013409689;MultiModal;09/07/2026 04:51;10/07/2026 13:30;09/07/2026 04:51;10/07/2026 13:30
560044;RJ;A6826;00019200000013409697;MultiModal;09/07/2026 04:51;10/07/2026 13:30;09/07/2026 04:51;10/07/2026 13:30
560044;RJ;A2990;00019200000013409700;MultiModal;09/07/2026 04:51;10/07/2026 13:30;09/07/2026 04:51;10/07/2026 13:30
560044;RJ;A7364;00019200000013409719;MultiModal;09/07/2026 04:51;10/07/2026 13:30;09/07/2026 04:51;10/07/2026 13:30
560044;RJ;A3366;00019200000013409727;MultiModal;09/07/2026 04:51;10/07/2026 13:30;09/07/2026 04:51;10/07/2026 13:30
560044;RJ;TA0348;00019200000013409735;MultiModal;09/07/2026 04:51;10/07/2026 13:30;09/07/2026 04:51;10/07/2026 13:30
560044;RJ;A9067;00019200000013409743;MultiModal;09/07/2026 04:51;10/07/2026 13:30;09/07/2026 04:51;10/07/2026 13:30
560076;RJ;A7757;00019200000013488813;MultiModal;09/07/2026 23:44;10/07/2026 19:00;09/07/2026 23:44;10/07/2026 19:00
560076;RJ;A7399;00019200000013488821;MultiModal;09/07/2026 23:44;10/07/2026 19:00;09/07/2026 23:44;10/07/2026 19:00
560076;RJ;A0299;00019200000013488830;MultiModal;09/07/2026 23:44;10/07/2026 19:00;09/07/2026 23:44;10/07/2026 19:00
560076;RJ;TA0597;00019200000013488848;MultiModal;09/07/2026 23:44;10/07/2026 19:00;09/07/2026 23:44;10/07/2026 19:00
560076;RJ;A9538;00019200000013488856;MultiModal;09/07/2026 23:44;10/07/2026 19:00;09/07/2026 23:44;10/07/2026 19:00
560076;RJ;A7694;00019200000013488864;MultiModal;09/07/2026 23:44;10/07/2026 19:00;09/07/2026 23:44;10/07/2026 19:00
560076;RJ;A5208;00019200000013488872;MultiModal;09/07/2026 23:44;10/07/2026 19:00;09/07/2026 23:44;10/07/2026 19:00
560162;RJ;A6819;00019200000013414666;MultiModal;08/07/2026 06:02;09/07/2026 10:55;08/07/2026 06:02;09/07/2026 10:55
560219;RJ;A3184;00019200000013410393;MultiModal;09/07/2026 03:26;10/07/2026 16:56;09/07/2026 03:26;10/07/2026 16:56
560239;RJ;A3160;00019200000013411004;MultiModal;09/07/2026 03:26;10/07/2026 12:14;09/07/2026 03:26;10/07/2026 12:14
560293;RJ;TA0820;00019200000013485393;MultiModal;14/07/2026 03:33;-;14/07/2026 03:33;-
560293;RJ;A6564;00019200000013485407;MultiModal;14/07/2026 03:33;-;14/07/2026 03:33;-
560293;RJ;A2795;00019200000013485415;MultiModal;14/07/2026 03:33;-;14/07/2026 03:33;-
560293;RJ;A6186;00019200000013485423;MultiModal;14/07/2026 03:33;-;14/07/2026 03:33;-
560293;RJ;TA0769;00019200000013485431;MultiModal;14/07/2026 03:33;-;14/07/2026 03:33;-
560293;RJ;A7960;00019200000013485440;MultiModal;14/07/2026 03:33;-;14/07/2026 03:33;-
560293;RJ;A8967;00019200000013485458;MultiModal;14/07/2026 03:33;-;14/07/2026 03:33;-
560293;RJ;A7143;00019200000013485970;MultiModal;14/07/2026 03:33;-;14/07/2026 03:33;-
560293;RJ;A6097;00019200000013485989;MultiModal;14/07/2026 03:33;-;14/07/2026 03:33;-
560293;RJ;A9244;00019200000013485997;MultiModal;14/07/2026 03:33;-;14/07/2026 03:33;-
560474;RJ;A8751;00019200000013489119;MultiModal;09/07/2026 23:44;13/07/2026 15:19;09/07/2026 23:44;13/07/2026 15:19
556083;RN;A5844;00019200000012721867;MultiModal;01/06/2026 22:05;03/06/2026 17:29;-;-
556083;RN;A4723;00019200000012721891;MultiModal;01/06/2026 22:05;03/06/2026 17:29;-;-
556156;RN;A3013;00019200000012731722;MultiModal;22/06/2026 06:03;23/06/2026 14:30;22/06/2026 06:03;23/06/2026 14:30
556156;RN;A7692;00019200000012731730;MultiModal;22/06/2026 06:03;23/06/2026 14:30;22/06/2026 06:03;23/06/2026 14:30
556156;RN;A5353;00019200000012731749;MultiModal;22/06/2026 06:03;23/06/2026 14:30;22/06/2026 06:03;23/06/2026 14:30
556156;RN;A8510;00019200000012731757;MultiModal;22/06/2026 06:03;23/06/2026 14:30;22/06/2026 06:03;23/06/2026 14:30
556156;RN;A7261;00019200000012731765;MultiModal;22/06/2026 06:03;23/06/2026 14:30;22/06/2026 06:03;23/06/2026 14:30
556156;RN;A8978;00019200000012731773;MultiModal;22/06/2026 06:03;23/06/2026 14:30;22/06/2026 06:03;23/06/2026 14:30
556156;RN;A7801;00019200000012731781;MultiModal;22/06/2026 06:03;23/06/2026 14:30;22/06/2026 06:03;23/06/2026 14:30
556156;RN;A9673;00019200000012731790;MultiModal;22/06/2026 06:03;23/06/2026 14:30;22/06/2026 06:03;23/06/2026 14:30
556156;RN;A4601;00019200000012731811;MultiModal;22/06/2026 06:03;23/06/2026 14:30;22/06/2026 06:03;23/06/2026 14:30
556156;RN;A5555;00019200000012731820;MultiModal;22/06/2026 06:03;23/06/2026 14:30;22/06/2026 06:03;23/06/2026 14:30
556156;RN;A2282;00019200000012731838;MultiModal;22/06/2026 06:03;23/06/2026 14:30;22/06/2026 06:03;23/06/2026 14:30
556156;RN;A9371;00019200000012731846;MultiModal;22/06/2026 06:03;23/06/2026 14:30;22/06/2026 06:03;23/06/2026 14:30
556156;RN;A2107;00019200000012731854;MultiModal;22/06/2026 06:03;23/06/2026 14:30;22/06/2026 06:03;23/06/2026 14:30
556156;RN;A1170;00019200000012731862;MultiModal;22/06/2026 06:03;23/06/2026 14:30;22/06/2026 06:03;23/06/2026 14:30
556156;RN;A3448;00019200000012731870;MultiModal;22/06/2026 06:03;23/06/2026 14:30;22/06/2026 06:03;23/06/2026 14:30
556156;RN;A6475;00019200000012731889;MultiModal;22/06/2026 06:03;23/06/2026 14:30;22/06/2026 06:03;23/06/2026 14:30
556156;RN;TA0579;00019200000012731897;MultiModal;22/06/2026 06:03;23/06/2026 14:30;22/06/2026 06:03;23/06/2026 14:30
556156;RN;A0857;00019200000012755168;MultiModal;22/06/2026 06:03;23/06/2026 14:30;22/06/2026 06:03;23/06/2026 14:30
556156;RN;TA0271;00019200000012755176;MultiModal;22/06/2026 06:03;23/06/2026 14:30;22/06/2026 06:03;23/06/2026 14:30
556156;RN;A1577;00019200000012755184;MultiModal;22/06/2026 06:03;23/06/2026 14:30;22/06/2026 06:03;23/06/2026 14:30
556156;RN;A8592;00019200000012755192;MultiModal;22/06/2026 06:03;23/06/2026 14:30;22/06/2026 06:03;23/06/2026 14:30
556156;RN;TA0215;00019200000012755230;MultiModal;22/06/2026 06:03;23/06/2026 14:30;22/06/2026 06:03;23/06/2026 14:30
556156;RN;A1677;00019200000012755249;MultiModal;22/06/2026 06:03;23/06/2026 14:30;22/06/2026 06:03;23/06/2026 14:30
556156;RN;A3784;00019200000012755257;MultiModal;22/06/2026 06:03;23/06/2026 14:30;22/06/2026 06:03;23/06/2026 14:30
556156;RN;A7138;00019200000012755265;MultiModal;22/06/2026 06:03;23/06/2026 14:30;22/06/2026 06:03;23/06/2026 14:30
556156;RN;TA0944;00019200000012755273;MultiModal;22/06/2026 06:03;23/06/2026 14:30;22/06/2026 06:03;23/06/2026 14:30
556156;RN;A0500;00019200000012756164;MultiModal;22/06/2026 06:03;23/06/2026 14:30;22/06/2026 06:03;23/06/2026 14:30
556294;RN;A3519;00019200000012714704;MultiModal;02/06/2026 13:37;03/06/2026 16:38;-;-
556294;RN;A9135;00019200000012714712;MultiModal;02/06/2026 13:37;03/06/2026 16:38;-;-
556294;RN;TA0487;00019200000012714720;MultiModal;02/06/2026 13:37;03/06/2026 16:38;-;-
556294;RN;TA1114;00019200000012714739;MultiModal;02/06/2026 13:37;03/06/2026 16:38;-;-
556294;RN;A8445;00019200000012714747;MultiModal;02/06/2026 13:37;03/06/2026 16:38;-;-
556294;RN;A6194;00019200000012714763;MultiModal;02/06/2026 13:37;03/06/2026 16:38;-;-
556294;RN;A9186;00019200000012714771;MultiModal;02/06/2026 13:37;03/06/2026 16:38;-;-
556294;RN;A8034;00019200000012714780;MultiModal;02/06/2026 13:37;03/06/2026 16:38;-;-
556294;RN;A0774;00019200000012714798;MultiModal;02/06/2026 13:37;03/06/2026 16:38;-;-
556294;RN;A8373;00019200000012714801;MultiModal;02/06/2026 13:37;03/06/2026 16:38;-;-
556294;RN;A8792;00019200000012714810;MultiModal;02/06/2026 13:37;03/06/2026 16:38;-;-
556294;RN;A0162;00019200000012714828;MultiModal;02/06/2026 13:37;03/06/2026 16:38;-;-
556923;RN;TA0216;00019200000012656143;MultiModal;15/06/2026 06:58;16/06/2026 14:00;15/06/2026 06:58;16/06/2026 14:00
557148;RN;A6857;00019200000012614718;MultiModal;20/06/2026 22:29;22/06/2026 15:00;20/06/2026 22:29;22/06/2026 15:00
557148;RN;A3821;00019200000012614726;MultiModal;20/06/2026 22:29;22/06/2026 15:00;20/06/2026 22:29;22/06/2026 15:00
557148;RN;TA0676;00019200000012614734;MultiModal;20/06/2026 22:29;22/06/2026 15:00;20/06/2026 22:29;22/06/2026 15:00
557148;RN;A7877;00019200000012614742;MultiModal;20/06/2026 22:29;22/06/2026 15:00;20/06/2026 22:29;22/06/2026 15:00
557148;RN;A5804;00019200000012614750;MultiModal;20/06/2026 22:29;22/06/2026 15:00;20/06/2026 22:29;22/06/2026 15:00
557148;RN;A8256;00019200000012614769;MultiModal;20/06/2026 22:29;22/06/2026 15:00;20/06/2026 22:29;22/06/2026 15:00
557148;RN;A4571;00019200000012614777;MultiModal;20/06/2026 22:29;22/06/2026 15:00;20/06/2026 22:29;22/06/2026 15:00
557148;RN;A9303;00019200000012614785;MultiModal;20/06/2026 22:29;22/06/2026 15:00;20/06/2026 22:29;22/06/2026 15:00
557148;RN;A1299;00019200000012614793;MultiModal;20/06/2026 22:29;22/06/2026 15:00;20/06/2026 22:29;22/06/2026 15:00
557148;RN;A8612;00019200000012614815;MultiModal;20/06/2026 22:29;22/06/2026 15:00;20/06/2026 22:29;22/06/2026 15:00
557148;RN;A2041;00019200000012614823;MultiModal;20/06/2026 22:29;22/06/2026 15:00;20/06/2026 22:29;22/06/2026 15:00
557148;RN;A6980;00019200000012614831;MultiModal;20/06/2026 22:29;22/06/2026 15:00;20/06/2026 22:29;22/06/2026 15:00
557148;RN;A3221;00019200000012614840;MultiModal;20/06/2026 22:29;22/06/2026 15:00;20/06/2026 22:29;22/06/2026 15:00
557148;RN;A2981;00019200000012614858;MultiModal;20/06/2026 22:29;22/06/2026 15:00;20/06/2026 22:29;22/06/2026 15:00
557148;RN;A3185;00019200000012614866;MultiModal;20/06/2026 22:29;22/06/2026 15:00;20/06/2026 22:29;22/06/2026 15:00
557148;RN;A8089;00019200000013235176;MultiModal;20/06/2026 22:29;22/06/2026 15:00;20/06/2026 22:29;22/06/2026 15:00
557148;RN;TA0904;00019200000013235192;MultiModal;20/06/2026 22:29;22/06/2026 15:00;20/06/2026 22:29;22/06/2026 15:00
557148;RN;TA0735;00019200000013235206;MultiModal;20/06/2026 22:29;22/06/2026 15:00;20/06/2026 22:29;22/06/2026 15:00
557148;RN;A8613;00019200000013235214;MultiModal;20/06/2026 22:29;22/06/2026 15:00;20/06/2026 22:29;22/06/2026 15:00
557148;RN;A4919;00019200000013235222;MultiModal;20/06/2026 22:29;22/06/2026 15:00;20/06/2026 22:29;22/06/2026 15:00
557148;RN;A8671;00019200000013235230;MultiModal;20/06/2026 22:29;22/06/2026 15:00;20/06/2026 22:29;22/06/2026 15:00
557148;RN;TA0948;00019200000013235249;MultiModal;20/06/2026 22:29;22/06/2026 15:00;20/06/2026 22:29;22/06/2026 15:00
557148;RN;A5839;00019200000013235257;MultiModal;20/06/2026 22:29;22/06/2026 15:00;20/06/2026 22:29;22/06/2026 15:00
557148;RN;TA1128;00019200000013235265;MultiModal;20/06/2026 22:29;22/06/2026 15:00;20/06/2026 22:29;22/06/2026 15:00
557148;RN;A0092;00019200000013235273;MultiModal;20/06/2026 22:29;22/06/2026 15:00;20/06/2026 22:29;22/06/2026 15:00
557148;RN;A6505;00019200000013235281;MultiModal;20/06/2026 22:29;22/06/2026 15:00;20/06/2026 22:29;22/06/2026 15:00
557148;RN;A9467;00019200000013235290;MultiModal;20/06/2026 22:29;22/06/2026 15:00;20/06/2026 22:29;22/06/2026 15:00
557148;RN;A1958;00019200000013235303;MultiModal;20/06/2026 22:29;22/06/2026 15:00;20/06/2026 22:29;22/06/2026 15:00
557148;RN;A5236;00019200000013235311;MultiModal;20/06/2026 22:29;22/06/2026 15:00;20/06/2026 22:29;22/06/2026 15:00
557148;RN;A5884;00019200000013235320;MultiModal;20/06/2026 22:29;22/06/2026 15:00;20/06/2026 22:29;22/06/2026 15:00
557148;RN;A6556;00019200000013235338;MultiModal;20/06/2026 22:29;22/06/2026 15:00;20/06/2026 22:29;22/06/2026 15:00
557148;RN;TA1188;00019200000013235346;MultiModal;20/06/2026 22:29;22/06/2026 15:00;20/06/2026 22:29;22/06/2026 15:00
557148;RN;A9628;00019200000013235354;MultiModal;20/06/2026 22:29;22/06/2026 15:00;20/06/2026 22:29;22/06/2026 15:00
557148;RN;A8177;00019200000013235362;MultiModal;20/06/2026 22:29;22/06/2026 15:00;20/06/2026 22:29;22/06/2026 15:00
557148;RN;TA0554;00019200000013235370;MultiModal;20/06/2026 22:29;22/06/2026 15:00;20/06/2026 22:29;22/06/2026 15:00
557148;RN;A7818;00019200000013235389;MultiModal;20/06/2026 22:29;22/06/2026 15:00;20/06/2026 22:29;22/06/2026 15:00
557148;RN;TA0714;00019200000013235397;MultiModal;20/06/2026 22:29;22/06/2026 15:00;20/06/2026 22:29;22/06/2026 15:00
557148;RN;A3514;00019200000013235400;MultiModal;20/06/2026 22:29;22/06/2026 15:00;20/06/2026 22:29;22/06/2026 15:00
557148;RN;A8007;00019200000013235419;MultiModal;20/06/2026 22:29;22/06/2026 15:00;20/06/2026 22:29;22/06/2026 15:00
557148;RN;A8454;00019200000013235427;MultiModal;20/06/2026 22:29;22/06/2026 15:00;20/06/2026 22:29;22/06/2026 15:00
557148;RN;A6657;00019200000013235435;MultiModal;20/06/2026 22:29;22/06/2026 15:00;20/06/2026 22:29;22/06/2026 15:00
557148;RN;A6021;00019200000013235443;MultiModal;20/06/2026 22:29;22/06/2026 15:00;20/06/2026 22:29;22/06/2026 15:00
557148;RN;TA0937;00019200000013235451;MultiModal;20/06/2026 22:29;22/06/2026 15:00;20/06/2026 22:29;22/06/2026 15:00
557148;RN;A0550;00019200000013235460;MultiModal;20/06/2026 22:29;22/06/2026 15:00;20/06/2026 22:29;22/06/2026 15:00
557148;RN;A8434;00019200000013235478;MultiModal;20/06/2026 22:29;22/06/2026 15:00;20/06/2026 22:29;22/06/2026 15:00
557148;RN;TA1061;00019200000013235486;MultiModal;20/06/2026 22:29;22/06/2026 15:00;20/06/2026 22:29;22/06/2026 15:00
557148;RN;A9696;00019200000013235494;MultiModal;20/06/2026 22:29;22/06/2026 15:00;20/06/2026 22:29;22/06/2026 15:00
557148;RN;A6313;00019200000013235508;MultiModal;20/06/2026 22:29;22/06/2026 15:00;20/06/2026 22:29;22/06/2026 15:00
557148;RN;A7746;00019200000013235516;MultiModal;20/06/2026 22:29;22/06/2026 15:00;20/06/2026 22:29;22/06/2026 15:00
559253;RN;TA0512;00019200000013249371;MultiModal;29/06/2026 01:11;01/07/2026 15:21;29/06/2026 01:11;01/07/2026 15:21
559253;RN;A6147;00019200000013249380;MultiModal;29/06/2026 01:11;01/07/2026 15:21;29/06/2026 01:11;01/07/2026 15:21
559960;RN;A9714;00019200000013414496;MultiModal;08/07/2026 04:22;10/07/2026 17:00;08/07/2026 04:22;10/07/2026 17:00
559960;RN;A6000;00019200000013414500;MultiModal;08/07/2026 04:22;10/07/2026 17:00;08/07/2026 04:22;10/07/2026 17:00
559960;RN;A7425;00019200000013414518;MultiModal;08/07/2026 04:22;10/07/2026 17:00;08/07/2026 04:22;10/07/2026 17:00
559960;RN;A2662;00019200000013414526;MultiModal;08/07/2026 04:22;10/07/2026 17:00;08/07/2026 04:22;10/07/2026 17:00
559965;RN;A3034;00019200000013411756;MultiModal;13/07/2026 04:06;-;13/07/2026 04:06;-
559965;RN;A7007;00019200000013411764;MultiModal;13/07/2026 04:06;-;13/07/2026 04:06;-
559965;RN;A6343;00019200000013411829;MultiModal;13/07/2026 04:06;-;13/07/2026 04:06;-
559965;RN;A0707;00019200000013411837;MultiModal;13/07/2026 04:06;-;13/07/2026 04:06;-
559965;RN;A5365;00019200000013411845;MultiModal;13/07/2026 04:06;-;13/07/2026 04:06;-
559965;RN;TA0602;00019200000013411853;MultiModal;13/07/2026 04:06;-;13/07/2026 04:06;-
559965;RN;A8914;00019200000013411861;MultiModal;13/07/2026 04:06;-;13/07/2026 04:06;-
559965;RN;A9153;00019200000013411870;MultiModal;13/07/2026 04:06;-;13/07/2026 04:06;-
559965;RN;TA0418;00019200000013411888;MultiModal;13/07/2026 04:06;-;13/07/2026 04:06;-
559965;RN;A2814;00019200000013411896;MultiModal;13/07/2026 04:06;-;13/07/2026 04:06;-
559965;RN;A4377;00019200000013411900;MultiModal;13/07/2026 04:06;-;13/07/2026 04:06;-
559965;RN;A6336;00019200000013411918;MultiModal;13/07/2026 04:06;-;13/07/2026 04:06;-
559965;RN;A5404;00019200000013411926;MultiModal;13/07/2026 04:06;-;13/07/2026 04:06;-
559965;RN;A7876;00019200000013411934;MultiModal;13/07/2026 04:06;-;13/07/2026 04:06;-
559965;RN;A3443;00019200000013411942;MultiModal;13/07/2026 04:06;-;13/07/2026 04:06;-
559965;RN;A3645;00019200000013411950;MultiModal;13/07/2026 04:06;-;13/07/2026 04:06;-
559965;RN;A5079;00019200000013412248;MultiModal;13/07/2026 04:06;-;13/07/2026 04:06;-
559965;RN;A0078;00019200000013412256;MultiModal;13/07/2026 04:06;-;13/07/2026 04:06;-
559965;RN;TA0825;00019200000013412264;MultiModal;13/07/2026 04:06;-;13/07/2026 04:06;-
559965;RN;A3939;00019200000013412272;MultiModal;13/07/2026 04:06;-;13/07/2026 04:06;-
559965;RN;A5542;00019200000013412280;MultiModal;13/07/2026 04:06;-;13/07/2026 04:06;-
559981;RN;A7079;00019200000013417762;MultiModal;07/07/2026 05:52;08/07/2026 17:32;07/07/2026 05:52;08/07/2026 17:32
559981;RN;A8401;00019200000013417770;MultiModal;07/07/2026 05:52;08/07/2026 17:32;07/07/2026 05:52;08/07/2026 17:32
559981;RN;A2428;00019200000013417789;MultiModal;07/07/2026 05:52;08/07/2026 17:32;07/07/2026 05:52;08/07/2026 17:32
559981;RN;A8587;00019200000013417797;MultiModal;07/07/2026 05:52;08/07/2026 17:32;07/07/2026 05:52;08/07/2026 17:32
559981;RN;TA0988;00019200000013417800;MultiModal;07/07/2026 05:52;08/07/2026 17:32;07/07/2026 05:52;08/07/2026 17:32
559981;RN;A4626;00019200000013417819;MultiModal;07/07/2026 05:52;08/07/2026 17:32;07/07/2026 05:52;08/07/2026 17:32
559981;RN;A5820;00019200000013417827;MultiModal;07/07/2026 05:52;08/07/2026 17:32;07/07/2026 05:52;08/07/2026 17:32
559981;RN;A8568;00019200000013417835;MultiModal;07/07/2026 05:52;08/07/2026 17:32;07/07/2026 05:52;08/07/2026 17:32
559981;RN;A4985;00019200000013417843;MultiModal;07/07/2026 05:52;08/07/2026 17:32;07/07/2026 05:52;08/07/2026 17:32
559981;RN;A8004;00019200000013417851;MultiModal;07/07/2026 05:52;08/07/2026 17:32;07/07/2026 05:52;08/07/2026 17:32
559981;RN;A4696;00019200000013417860;MultiModal;07/07/2026 05:52;08/07/2026 17:32;07/07/2026 05:52;08/07/2026 17:32
559981;RN;A1603;00019200000013417878;MultiModal;07/07/2026 05:52;08/07/2026 17:32;07/07/2026 05:52;08/07/2026 17:32
559981;RN;A1802;00019200000013417886;MultiModal;07/07/2026 05:52;08/07/2026 17:32;07/07/2026 05:52;08/07/2026 17:32
559981;RN;A7239;00019200000013417894;MultiModal;07/07/2026 05:52;08/07/2026 17:32;07/07/2026 05:52;08/07/2026 17:32
559981;RN;TA0747;00019200000013417908;MultiModal;07/07/2026 05:52;08/07/2026 17:32;07/07/2026 05:52;08/07/2026 17:32
559981;RN;TA0086;00019200000013417916;MultiModal;07/07/2026 05:52;08/07/2026 17:32;07/07/2026 05:52;08/07/2026 17:32
560091;RN;A2229;00019200000013492551;MultiModal;13/07/2026 10:31;13/07/2026 15:15;13/07/2026 10:31;13/07/2026 15:15
560289;RN;A9236;00019200000013488538;MultiModal;14/07/2026 03:19;-;14/07/2026 03:19;-
560289;RN;A2378;00019200000013488546;MultiModal;14/07/2026 03:19;-;14/07/2026 03:19;-
560289;RN;A6727;00019200000013488554;MultiModal;14/07/2026 03:19;-;14/07/2026 03:19;-
560289;RN;A2348;00019200000013488562;MultiModal;14/07/2026 03:19;-;14/07/2026 03:19;-
560289;RN;A4803;00019200000013488570;MultiModal;14/07/2026 03:19;-;14/07/2026 03:19;-
555911;RO;A4881;00019200000012715298;MultiModal;06/06/2026 05:02;10/06/2026 11:00;-;-
556157;RO;TA0188;00019200000012730203;MultiModal;06/06/2026 05:02;09/06/2026 14:00;-;-
556157;RO;TA0670;00019200000012730211;MultiModal;06/06/2026 05:02;09/06/2026 14:00;-;-
556157;RO;A3810;00019200000012730220;MultiModal;06/06/2026 05:02;09/06/2026 14:00;-;-
556157;RO;A0800;00019200000012730238;MultiModal;06/06/2026 05:02;09/06/2026 14:00;-;-
556157;RO;A5751;00019200000012730246;MultiModal;06/06/2026 05:02;09/06/2026 14:00;-;-
556157;RO;A3830;00019200000012730254;MultiModal;06/06/2026 05:02;09/06/2026 14:00;-;-
556157;RO;A2419;00019200000012730262;MultiModal;06/06/2026 05:02;09/06/2026 14:00;-;-
556157;RO;A7535;00019200000012730270;MultiModal;06/06/2026 05:02;09/06/2026 14:00;-;-
556157;RO;A5563;00019200000012730289;MultiModal;06/06/2026 05:02;09/06/2026 14:00;-;-
556157;RO;A9066;00019200000012730297;MultiModal;06/06/2026 05:02;09/06/2026 14:00;-;-
556157;RO;A5828;00019200000012730300;MultiModal;06/06/2026 05:02;09/06/2026 14:00;-;-
556157;RO;A4055;00019200000012730319;MultiModal;06/06/2026 05:02;09/06/2026 14:00;-;-
556157;RO;A0130;00019200000012730327;MultiModal;06/06/2026 05:02;09/06/2026 14:00;-;-
556157;RO;A7797;00019200000012730335;MultiModal;06/06/2026 05:02;09/06/2026 14:00;-;-
556157;RO;A9654;00019200000012730343;MultiModal;06/06/2026 05:02;09/06/2026 14:00;-;-
556157;RO;A7482;00019200000012730351;MultiModal;06/06/2026 05:02;09/06/2026 14:00;-;-
556157;RO;A7723;00019200000012730360;MultiModal;06/06/2026 05:02;09/06/2026 14:00;-;-
556157;RO;A7997;00019200000012730378;MultiModal;06/06/2026 05:02;09/06/2026 14:00;-;-
556258;RO;A6961;00019200000012729159;MultiModal;06/06/2026 05:01;09/06/2026 14:00;-;-
559931;RO;A4479;00019200000013413376;MultiModal;13/07/2026 06:43;-;13/07/2026 23:32;-
559931;RO;A2200;00019200000013413384;MultiModal;13/07/2026 06:43;-;13/07/2026 23:32;-
559931;RO;A6720;00019200000013413392;MultiModal;13/07/2026 06:43;-;13/07/2026 23:32;-
559931;RO;A7614;00019200000013413406;MultiModal;13/07/2026 06:43;-;13/07/2026 06:43;-
559931;RO;A5740;00019200000013413414;MultiModal;13/07/2026 06:43;-;13/07/2026 06:43;-
559931;RO;A9423;00019200000013413422;MultiModal;13/07/2026 06:43;-;13/07/2026 23:32;-
559931;RO;TA0481;00019200000013413430;MultiModal;13/07/2026 06:43;-;13/07/2026 23:32;-
559931;RO;A2148;00019200000013413449;MultiModal;13/07/2026 06:43;-;13/07/2026 23:32;-
559931;RO;A7420;00019200000013413457;MultiModal;13/07/2026 06:43;-;13/07/2026 23:32;-
559931;RO;A8485;00019200000013413465;MultiModal;13/07/2026 06:43;-;13/07/2026 23:32;-
559931;RO;A1858;00019200000013413473;MultiModal;13/07/2026 06:43;-;13/07/2026 23:32;-
559931;RO;A7664;00019200000013413481;MultiModal;13/07/2026 06:43;-;13/07/2026 06:43;-
559931;RO;A7608;00019200000013413490;MultiModal;13/07/2026 06:43;-;13/07/2026 06:43;-
559931;RO;A6554;00019200000013413503;MultiModal;13/07/2026 06:43;-;13/07/2026 06:43;-
559931;RO;A6134;00019200000013413511;MultiModal;13/07/2026 06:43;-;13/07/2026 06:43;-
559931;RO;A6866;00019200000013413520;MultiModal;13/07/2026 06:43;-;13/07/2026 06:43;-
559931;RO;A4366;00019200000013413538;MultiModal;13/07/2026 06:43;-;13/07/2026 06:43;-
559931;RO;A2031;00019200000013413546;MultiModal;13/07/2026 06:43;-;13/07/2026 06:43;-
560240;RO;A8308;00019200000013410970;MultiModal;09/07/2026 01:25;-;09/07/2026 01:25;-
560286;RO;TA0668;00019200000013247360;MultiModal;13/07/2026 23:34;-;13/07/2026 23:34;-
560286;RO;TA0199;00019200000013247379;MultiModal;13/07/2026 23:34;-;13/07/2026 23:34;-
560286;RO;A2632;00019200000013247417;MultiModal;13/07/2026 23:34;-;13/07/2026 23:34;-
560286;RO;A0930;00019200000013247425;MultiModal;13/07/2026 23:34;-;13/07/2026 23:34;-
560286;RO;A7200;00019200000013488295;MultiModal;13/07/2026 23:34;-;13/07/2026 23:34;-
560387;RO;A8875;00019200000013488279;MultiModal;13/07/2026 23:34;-;13/07/2026 23:34;-
556158;RR;A8351;00019200000012715344;MultiModal;06/06/2026 05:01;09/06/2026 10:00;-;-
556158;RR;A6522;00019200000012715352;MultiModal;06/06/2026 05:01;09/06/2026 10:00;-;-
556158;RR;A7263;00019200000012715360;MultiModal;06/06/2026 05:01;09/06/2026 10:00;-;-
556158;RR;A9019;00019200000012715379;MultiModal;06/06/2026 05:01;09/06/2026 10:00;-;-
556158;RR;A4823;00019200000012715387;MultiModal;06/06/2026 05:01;09/06/2026 10:00;-;-
556158;RR;A5775;00019200000012715395;MultiModal;06/06/2026 05:01;09/06/2026 10:00;-;-
556158;RR;A6931;00019200000012715409;MultiModal;06/06/2026 05:01;09/06/2026 10:00;-;-
557941;RR;A4836;00019200000013234714;MultiModal;22/06/2026 00:58;25/06/2026 11:00;22/06/2026 00:58;25/06/2026 11:00
557941;RR;A8763;00019200000013234722;MultiModal;22/06/2026 00:58;25/06/2026 11:00;22/06/2026 00:58;25/06/2026 11:00
557941;RR;A9270;00019200000013235044;MultiModal;22/06/2026 00:58;25/06/2026 11:00;23/06/2026 02:56;30/06/2026 10:00
557941;RR;A7606;00019200000013333852;MultiModal;22/06/2026 00:58;25/06/2026 11:00;22/06/2026 00:58;25/06/2026 11:00
557941;RR;A9400;00019200000013333860;MultiModal;22/06/2026 00:58;25/06/2026 11:00;22/06/2026 00:58;25/06/2026 11:00
557941;RR;A8203;00019200000013333879;MultiModal;22/06/2026 00:58;25/06/2026 11:00;22/06/2026 00:58;25/06/2026 11:00
557941;RR;A6881;00019200000013333887;MultiModal;22/06/2026 00:58;25/06/2026 11:00;22/06/2026 00:58;25/06/2026 11:00
557941;RR;A7509;00019200000013333895;MultiModal;22/06/2026 00:58;25/06/2026 11:00;22/06/2026 00:58;25/06/2026 11:00
557941;RR;A7626;00019200000013333925;MultiModal;22/06/2026 00:58;25/06/2026 11:00;22/06/2026 00:58;25/06/2026 11:00
557941;RR;A0163;00019200000013333933;MultiModal;22/06/2026 00:58;25/06/2026 11:00;23/06/2026 02:56;30/06/2026 10:00
557941;RR;TA0949;00019200000013333941;MultiModal;22/06/2026 00:58;25/06/2026 11:00;22/06/2026 00:58;25/06/2026 11:00
557941;RR;A8828;00019200000013333950;MultiModal;22/06/2026 00:58;25/06/2026 11:00;22/06/2026 00:58;25/06/2026 11:00
557941;RR;A9577;00019200000013333968;MultiModal;22/06/2026 00:58;25/06/2026 11:00;22/06/2026 00:58;25/06/2026 11:00
557941;RR;A8106;00019200000013333984;MultiModal;22/06/2026 00:58;25/06/2026 11:00;23/06/2026 02:56;30/06/2026 10:00
557941;RR;A9617;00019200000013333992;MultiModal;22/06/2026 00:58;25/06/2026 11:00;23/06/2026 02:56;30/06/2026 10:00
557941;RR;A7013;00019200000013334000;MultiModal;22/06/2026 00:58;25/06/2026 11:00;23/06/2026 02:56;30/06/2026 10:00
557941;RR;A8803;00019200000013334018;MultiModal;22/06/2026 00:58;25/06/2026 11:00;23/06/2026 02:56;30/06/2026 10:00
557941;RR;TA0525;00019200000013334026;MultiModal;22/06/2026 00:58;25/06/2026 11:00;22/06/2026 00:58;25/06/2026 11:00
557941;RR;A5458;00019200000013334034;MultiModal;22/06/2026 00:58;25/06/2026 11:00;22/06/2026 00:58;25/06/2026 11:00
557941;RR;A5500;00019200000013334042;MultiModal;22/06/2026 00:58;25/06/2026 11:00;22/06/2026 00:58;25/06/2026 11:00
557941;RR;A6547;00019200000013336290;MultiModal;22/06/2026 00:58;25/06/2026 11:00;23/06/2026 02:56;30/06/2026 10:00
557941;RR;A3760;00019200000013336312;MultiModal;22/06/2026 00:58;25/06/2026 11:00;23/06/2026 02:56;30/06/2026 10:00
557941;RR;A8936;00019200000013336320;MultiModal;22/06/2026 00:58;25/06/2026 11:00;23/06/2026 02:56;30/06/2026 10:00
557941;RR;A6574;00019200000013336339;MultiModal;22/06/2026 00:58;25/06/2026 11:00;23/06/2026 02:56;30/06/2026 10:00
557941;RR;A4730;00019200000013336347;MultiModal;22/06/2026 00:58;25/06/2026 11:00;23/06/2026 02:56;30/06/2026 10:00
557941;RR;A1603;00019200000013336355;MultiModal;22/06/2026 00:58;25/06/2026 11:00;23/06/2026 02:56;30/06/2026 10:00
557941;RR;A6849;00019200000013336363;MultiModal;22/06/2026 00:58;25/06/2026 11:00;23/06/2026 02:56;30/06/2026 10:00
557941;RR;A5860;00019200000013336371;MultiModal;22/06/2026 00:58;25/06/2026 11:00;23/06/2026 02:56;30/06/2026 10:00
557941;RR;A3865;00019200000013336380;MultiModal;22/06/2026 00:58;25/06/2026 11:00;23/06/2026 02:56;30/06/2026 10:00
557941;RR;A1051;00019200000013336398;MultiModal;22/06/2026 00:58;25/06/2026 11:00;23/06/2026 02:56;30/06/2026 10:00
560279;RR;A3867;00019200000013487892;MultiModal;13/07/2026 04:06;-;13/07/2026 04:06;-
560279;RR;A3968;00019200000013487965;MultiModal;13/07/2026 04:06;-;13/07/2026 04:06;-
560279;RR;A2769;00019200000013487973;MultiModal;13/07/2026 04:06;-;13/07/2026 04:06;-
560279;RR;A7426;00019200000013487981;MultiModal;13/07/2026 04:06;-;13/07/2026 04:06;-
560279;RR;A9533;00019200000013487990;MultiModal;13/07/2026 04:06;-;13/07/2026 04:06;-
560279;RR;A7153;00019200000013488007;MultiModal;13/07/2026 04:06;-;13/07/2026 04:06;-
560279;RR;A8941;00019200000013488015;MultiModal;13/07/2026 04:06;-;13/07/2026 04:06;-
560279;RR;A1292;00019200000013488023;MultiModal;13/07/2026 04:06;-;13/07/2026 04:06;-
556159;RS;TA1119;00019200000012753440;MultiModal;09/06/2026 09:08;11/06/2026 13:30;-;-
556159;RS;A6893;00019200000012753459;MultiModal;09/06/2026 09:08;11/06/2026 13:30;-;-
556159;RS;A8127;00019200000012753467;MultiModal;09/06/2026 09:08;11/06/2026 13:30;-;-
556159;RS;A6189;00019200000012753475;MultiModal;09/06/2026 09:08;11/06/2026 13:30;-;-
556159;RS;TA0776;00019200000012753483;MultiModal;09/06/2026 09:08;11/06/2026 13:30;-;-
556159;RS;A8534;00019200000012753491;MultiModal;09/06/2026 09:08;11/06/2026 13:30;-;-
556159;RS;A7575;00019200000012753505;MultiModal;09/06/2026 09:08;11/06/2026 13:30;-;-
556159;RS;A0609;00019200000012753513;MultiModal;09/06/2026 09:08;11/06/2026 13:30;-;-
556159;RS;A9499;00019200000012753521;MultiModal;09/06/2026 09:08;11/06/2026 13:30;-;-
556159;RS;A6581;00019200000012753530;MultiModal;09/06/2026 09:08;11/06/2026 13:30;-;-
556159;RS;A8536;00019200000012753548;MultiModal;09/06/2026 09:08;11/06/2026 13:30;-;-
556159;RS;A9316;00019200000012753556;MultiModal;09/06/2026 09:08;11/06/2026 13:30;-;-
556159;RS;TA0880;00019200000012753564;MultiModal;09/06/2026 09:08;11/06/2026 13:30;-;-
556159;RS;A1933;00019200000012753572;MultiModal;09/06/2026 09:08;11/06/2026 13:30;-;-
556159;RS;A0504;00019200000012753882;MultiModal;09/06/2026 09:08;11/06/2026 13:30;-;-
556159;RS;TA0704;00019200000012753890;MultiModal;09/06/2026 09:08;11/06/2026 13:30;-;-
556159;RS;A8967;00019200000012753904;MultiModal;09/06/2026 09:08;11/06/2026 13:30;-;-
556159;RS;A4337;00019200000012753912;MultiModal;09/06/2026 09:08;11/06/2026 13:30;-;-
556159;RS;A5175;00019200000012753920;MultiModal;09/06/2026 09:08;11/06/2026 13:30;-;-
556159;RS;TA0974;00019200000012753939;MultiModal;09/06/2026 09:08;11/06/2026 13:30;-;-
556159;RS;A6700;00019200000012753947;MultiModal;09/06/2026 09:08;11/06/2026 13:30;-;-
556159;RS;A8361;00019200000012753955;MultiModal;09/06/2026 09:08;11/06/2026 13:30;-;-
556159;RS;A3121;00019200000012753963;MultiModal;09/06/2026 09:08;11/06/2026 13:30;-;-
556159;RS;A8154;00019200000012753971;MultiModal;09/06/2026 09:08;11/06/2026 13:30;-;-
556159;RS;TA0597;00019200000012753980;MultiModal;09/06/2026 09:08;11/06/2026 13:30;-;-
556159;RS;A6883;00019200000012753998;MultiModal;09/06/2026 09:08;11/06/2026 13:30;-;-
556159;RS;A9704;00019200000012754005;MultiModal;09/06/2026 09:08;11/06/2026 13:30;-;-
556159;RS;A9302;00019200000012754013;MultiModal;09/06/2026 09:08;11/06/2026 13:30;-;-
556159;RS;A0119;00019200000012754021;MultiModal;09/06/2026 09:08;11/06/2026 13:30;-;-
556159;RS;A9040;00019200000012754048;MultiModal;09/06/2026 09:08;11/06/2026 13:30;-;-
556159;RS;A7876;00019200000012754056;MultiModal;09/06/2026 09:08;11/06/2026 13:30;-;-
556159;RS;A8919;00019200000012754064;MultiModal;09/06/2026 09:08;11/06/2026 13:30;-;-
556159;RS;A6393;00019200000012754072;MultiModal;09/06/2026 09:08;11/06/2026 13:30;-;-
556159;RS;A4317;00019200000012754080;MultiModal;09/06/2026 09:08;11/06/2026 13:30;-;-
556159;RS;A8657;00019200000012754099;MultiModal;09/06/2026 09:08;11/06/2026 13:30;-;-
556159;RS;A8940;00019200000012754102;MultiModal;09/06/2026 09:08;11/06/2026 13:30;-;-
556159;RS;A6261;00019200000012754110;MultiModal;09/06/2026 09:08;11/06/2026 13:30;-;-
556159;RS;A5569;00019200000012754129;MultiModal;09/06/2026 09:08;11/06/2026 13:30;-;-
556159;RS;A8748;00019200000012754137;MultiModal;09/06/2026 09:08;11/06/2026 13:30;-;-
556159;RS;A9213;00019200000012754145;MultiModal;09/06/2026 09:08;11/06/2026 13:30;-;-
556159;RS;TA0226;00019200000012754153;MultiModal;09/06/2026 09:08;11/06/2026 13:30;-;-
556159;RS;A8485;00019200000012754161;MultiModal;09/06/2026 09:08;11/06/2026 13:30;-;-
556159;RS;A8095;00019200000012754170;MultiModal;09/06/2026 09:08;11/06/2026 13:30;-;-
556159;RS;A9152;00019200000012754188;MultiModal;09/06/2026 09:08;11/06/2026 13:30;-;-
556159;RS;A7849;00019200000012754196;MultiModal;09/06/2026 09:08;11/06/2026 13:30;-;-
556159;RS;A6854;00019200000012754200;MultiModal;09/06/2026 09:08;11/06/2026 13:30;-;-
556159;RS;A8670;00019200000012754218;MultiModal;09/06/2026 09:08;11/06/2026 13:30;-;-
556159;RS;A8352;00019200000012754226;MultiModal;09/06/2026 09:08;11/06/2026 13:30;-;-
556159;RS;A6584;00019200000012754234;MultiModal;09/06/2026 09:08;11/06/2026 13:30;-;-
556159;RS;A5394;00019200000012754242;MultiModal;09/06/2026 09:08;11/06/2026 13:30;-;-
556159;RS;A9258;00019200000012754250;MultiModal;09/06/2026 09:08;11/06/2026 13:30;-;-
556159;RS;A2475;00019200000012754269;MultiModal;09/06/2026 09:08;11/06/2026 13:30;-;-
556159;RS;A8952;00019200000012754277;MultiModal;09/06/2026 09:08;11/06/2026 13:30;-;-
556159;RS;A6781;00019200000012754285;MultiModal;09/06/2026 09:08;11/06/2026 13:30;-;-
556159;RS;A8379;00019200000012754293;MultiModal;09/06/2026 09:08;11/06/2026 13:30;-;-
556159;RS;A8243;00019200000012754307;MultiModal;09/06/2026 09:08;11/06/2026 13:30;-;-
556159;RS;A7097;00019200000012754315;MultiModal;09/06/2026 09:08;11/06/2026 13:30;-;-
556159;RS;TA0235;00019200000012754323;MultiModal;09/06/2026 09:08;11/06/2026 13:30;-;-
556159;RS;A8222;00019200000012754331;MultiModal;09/06/2026 09:08;11/06/2026 13:30;-;-
556159;RS;A1510;00019200000012754340;MultiModal;09/06/2026 09:08;11/06/2026 13:30;-;-
556159;RS;A0773;00019200000012754358;MultiModal;09/06/2026 09:08;11/06/2026 13:30;-;-
556159;RS;A8448;00019200000012754366;MultiModal;09/06/2026 09:08;11/06/2026 13:30;-;-
556159;RS;A7767;00019200000012754374;MultiModal;09/06/2026 09:08;11/06/2026 13:30;-;-
556159;RS;A8254;00019200000012754382;MultiModal;09/06/2026 09:08;11/06/2026 13:30;-;-
556159;RS;A9361;00019200000012754390;MultiModal;09/06/2026 09:08;11/06/2026 13:30;-;-
556159;RS;A5087;00019200000012754404;MultiModal;09/06/2026 09:08;11/06/2026 13:30;-;-
556159;RS;A0387;00019200000012754412;MultiModal;09/06/2026 09:08;11/06/2026 13:30;-;-
556159;RS;A6996;00019200000012754420;MultiModal;09/06/2026 09:08;11/06/2026 13:30;-;-
556159;RS;A7094;00019200000012754439;MultiModal;09/06/2026 09:08;11/06/2026 13:30;-;-
556159;RS;A7194;00019200000012754447;MultiModal;09/06/2026 09:08;11/06/2026 13:30;-;-
556159;RS;A6941;00019200000012754455;MultiModal;09/06/2026 09:08;11/06/2026 13:30;-;-
556159;RS;A6571;00019200000012754463;MultiModal;09/06/2026 09:08;11/06/2026 13:30;-;-
556159;RS;A5633;00019200000012754471;MultiModal;09/06/2026 09:08;11/06/2026 13:30;-;-
556159;RS;A9483;00019200000012754480;MultiModal;09/06/2026 09:08;11/06/2026 13:30;-;-
556159;RS;A9277;00019200000012754498;MultiModal;09/06/2026 09:08;11/06/2026 13:30;-;-
556159;RS;A6305;00019200000012754501;MultiModal;09/06/2026 09:08;11/06/2026 13:30;-;-
556159;RS;A0745;00019200000012754510;MultiModal;09/06/2026 09:08;11/06/2026 13:30;-;-
556159;RS;A7451;00019200000012755958;MultiModal;09/06/2026 09:08;11/06/2026 13:30;-;-
556159;RS;A9324;00019200000012755966;MultiModal;09/06/2026 09:08;11/06/2026 13:30;-;-
556159;RS;A8491;00019200000012755974;MultiModal;09/06/2026 09:08;11/06/2026 13:30;-;-
556159;RS;A9490;00019200000012755982;MultiModal;09/06/2026 09:08;11/06/2026 13:30;-;-
556159;RS;A9202;00019200000012755990;MultiModal;09/06/2026 09:08;11/06/2026 13:30;-;-
556159;RS;A5679;00019200000012756008;MultiModal;09/06/2026 09:08;11/06/2026 13:30;-;-
556744;RS;A6519;00019200000012723479;MultiModal;08/06/2026 05:33;09/06/2026 12:15;-;-
557908;RS;A6276;00019200000013207750;Rodoviário;23/06/2026 12:51;25/06/2026 10:06;23/06/2026 12:56;25/06/2026 10:06
557908;RS;TA0802;00019200000013207768;Rodoviário;23/06/2026 12:51;25/06/2026 10:06;23/06/2026 12:56;25/06/2026 10:06
557908;RS;A7108;00019200000013207776;Rodoviário;23/06/2026 12:51;25/06/2026 10:06;23/06/2026 12:56;25/06/2026 10:06
557908;RS;A2570;00019200000013321501;Rodoviário;23/06/2026 12:51;25/06/2026 10:06;23/06/2026 12:56;25/06/2026 10:06
557908;RS;A5031;00019200000013321510;Rodoviário;23/06/2026 12:51;25/06/2026 10:06;23/06/2026 12:56;25/06/2026 10:06
557908;RS;A7601;00019200000013321528;Rodoviário;23/06/2026 12:51;25/06/2026 10:06;23/06/2026 12:56;25/06/2026 10:06
557908;RS;A7664;00019200000013321536;Rodoviário;23/06/2026 12:51;25/06/2026 10:06;23/06/2026 12:56;25/06/2026 10:06
557908;RS;A7614;00019200000013321544;Rodoviário;23/06/2026 12:51;25/06/2026 10:06;23/06/2026 12:56;25/06/2026 10:06
557908;RS;TA0210;00019200000013321560;Rodoviário;23/06/2026 12:51;25/06/2026 10:06;23/06/2026 12:56;25/06/2026 10:06
557908;RS;A9398;00019200000013321579;Rodoviário;23/06/2026 12:51;25/06/2026 10:06;23/06/2026 12:56;25/06/2026 10:06
557908;RS;A3874;00019200000013321587;Rodoviário;23/06/2026 12:51;25/06/2026 10:06;23/06/2026 12:56;25/06/2026 10:06
557908;RS;A6919;00019200000013321595;Rodoviário;23/06/2026 12:51;25/06/2026 10:06;23/06/2026 12:56;25/06/2026 10:06
557908;RS;A9558;00019200000013321609;Rodoviário;23/06/2026 12:51;25/06/2026 10:06;23/06/2026 12:56;25/06/2026 10:06
557908;RS;A2963;00019200000013321617;Rodoviário;23/06/2026 12:51;25/06/2026 10:06;23/06/2026 12:56;25/06/2026 10:06
557908;RS;A6727;00019200000013321625;Rodoviário;23/06/2026 12:51;25/06/2026 10:06;23/06/2026 12:56;25/06/2026 10:06
557908;RS;A5537;00019200000013321633;Rodoviário;23/06/2026 12:51;25/06/2026 10:06;23/06/2026 12:56;25/06/2026 10:06
557908;RS;A9158;00019200000013321641;Rodoviário;23/06/2026 12:51;25/06/2026 10:06;23/06/2026 12:56;25/06/2026 10:06
557908;RS;A7199;00019200000013321650;Rodoviário;23/06/2026 12:51;25/06/2026 10:06;23/06/2026 12:56;25/06/2026 10:06
557908;RS;A9073;00019200000013321668;Rodoviário;23/06/2026 12:51;25/06/2026 10:06;23/06/2026 12:56;25/06/2026 10:06
557908;RS;A5913;00019200000013321676;Rodoviário;23/06/2026 12:51;25/06/2026 10:06;23/06/2026 12:56;25/06/2026 10:06
557908;RS;A6373;00019200000013321684;Rodoviário;23/06/2026 12:51;25/06/2026 10:06;23/06/2026 12:56;25/06/2026 10:06
557908;RS;A7142;00019200000013321692;Rodoviário;23/06/2026 12:51;25/06/2026 10:06;23/06/2026 12:56;25/06/2026 10:06
557908;RS;A3098;00019200000013321706;Rodoviário;23/06/2026 12:51;25/06/2026 10:06;23/06/2026 12:56;25/06/2026 10:06
557908;RS;A7795;00019200000013321714;Rodoviário;23/06/2026 12:51;25/06/2026 10:06;23/06/2026 12:56;25/06/2026 10:06
557908;RS;A5653;00019200000013321722;Rodoviário;23/06/2026 12:51;25/06/2026 10:06;23/06/2026 12:56;25/06/2026 10:06
557908;RS;A5559;00019200000013321730;Rodoviário;23/06/2026 12:51;25/06/2026 10:06;23/06/2026 12:56;25/06/2026 10:06
557908;RS;A1904;00019200000013321749;Rodoviário;23/06/2026 12:51;25/06/2026 10:06;23/06/2026 12:56;25/06/2026 10:06
557908;RS;A5740;00019200000013321757;Rodoviário;23/06/2026 12:51;25/06/2026 10:06;23/06/2026 12:56;25/06/2026 10:06
557908;RS;A5911;00019200000013321765;Rodoviário;23/06/2026 12:51;25/06/2026 10:06;23/06/2026 12:56;25/06/2026 10:06
557908;RS;A6191;00019200000013321773;Rodoviário;23/06/2026 12:51;25/06/2026 10:06;23/06/2026 12:56;25/06/2026 10:06
557908;RS;A1128;00019200000013321781;Rodoviário;23/06/2026 12:51;25/06/2026 10:06;23/06/2026 12:56;25/06/2026 10:06
559925;RS;TA0237;00019200000013419188;MultiModal;07/07/2026 06:51;09/07/2026 13:09;07/07/2026 06:51;09/07/2026 13:09
559925;RS;A3480;00019200000013419196;MultiModal;07/07/2026 06:51;09/07/2026 13:09;07/07/2026 06:51;09/07/2026 13:09
559997;RS;A1579;00019200000013419560;MultiModal;07/07/2026 06:51;09/07/2026 13:08;07/07/2026 06:51;09/07/2026 13:08
560127;RS;A8301;00019200000013486411;MultiModal;14/07/2026 03:21;-;14/07/2026 03:21;-
560276;RS;A5954;00019200000013420798;MultiModal;14/07/2026 03:33;-;14/07/2026 03:33;-
560276;RS;A5368;00019200000013420801;MultiModal;14/07/2026 03:33;-;14/07/2026 03:33;-
560276;RS;A6732;00019200000013420810;MultiModal;14/07/2026 03:33;-;14/07/2026 03:33;-
560276;RS;A6082;00019200000013420828;MultiModal;14/07/2026 03:33;-;14/07/2026 03:33;-
560276;RS;A8307;00019200000013420836;MultiModal;14/07/2026 03:33;-;14/07/2026 03:33;-
560276;RS;A5671;00019200000013485857;MultiModal;14/07/2026 03:33;-;14/07/2026 03:33;-
560276;RS;A8524;00019200000013485865;MultiModal;14/07/2026 03:33;-;14/07/2026 03:33;-
560276;RS;A6073;00019200000013486365;MultiModal;14/07/2026 03:33;-;14/07/2026 03:33;-
560276;RS;A7291;00019200000013486403;MultiModal;14/07/2026 03:33;-;14/07/2026 03:33;-
560307;RS;A6801;00019200000013492519;MultiModal;13/07/2026 06:45;14/07/2026 14:55;13/07/2026 06:45;14/07/2026 14:55
560307;RS;A0373;00019200000013492527;MultiModal;13/07/2026 06:45;14/07/2026 14:55;13/07/2026 06:45;14/07/2026 14:55
556160;SC;A9538;00019200000012730009;Rodoviário;06/06/2026 11:33;08/06/2026 11:46;-;-
556160;SC;TA0617;00019200000012730882;Rodoviário;06/06/2026 11:33;08/06/2026 11:46;-;-
556160;SC;A5841;00019200000012730890;Rodoviário;06/06/2026 11:33;08/06/2026 11:46;-;-
556160;SC;A7704;00019200000012730904;Rodoviário;06/06/2026 11:33;08/06/2026 11:46;-;-
556160;SC;A6707;00019200000012730912;Rodoviário;06/06/2026 11:33;08/06/2026 11:46;-;-
556160;SC;;00019200000012730920;Rodoviário;06/06/2026 11:33;08/06/2026 11:46;-;-
556160;SC;A5971;00019200000012730939;Rodoviário;06/06/2026 11:33;08/06/2026 11:46;-;-
556160;SC;A1210;00019200000012731005;Rodoviário;06/06/2026 11:33;08/06/2026 11:46;-;-
556160;SC;A7331;00019200000012731560;Rodoviário;06/06/2026 11:33;08/06/2026 11:46;-;-
556160;SC;A2361;00019200000012731579;Rodoviário;06/06/2026 11:33;08/06/2026 11:46;-;-
556160;SC;A9716;00019200000012731587;Rodoviário;06/06/2026 11:33;08/06/2026 11:46;-;-
556160;SC;A9274;00019200000012731595;Rodoviário;06/06/2026 11:33;08/06/2026 11:46;-;-
556160;SC;A7020;00019200000012731609;Rodoviário;06/06/2026 11:33;08/06/2026 11:46;-;-
556160;SC;A8090;00019200000012731617;Rodoviário;06/06/2026 11:33;08/06/2026 11:46;-;-
556160;SC;A2173;00019200000012731625;Rodoviário;06/06/2026 11:33;08/06/2026 11:46;-;-
556160;SC;A5456;00019200000012731633;Rodoviário;06/06/2026 11:33;08/06/2026 11:46;-;-
556160;SC;A8993;00019200000012731641;Rodoviário;06/06/2026 11:33;08/06/2026 11:46;-;-
556160;SC;A7043;00019200000012731650;Rodoviário;06/06/2026 11:33;08/06/2026 11:46;-;-
556160;SC;A6600;00019200000012731668;Rodoviário;06/06/2026 11:33;08/06/2026 11:46;-;-
556160;SC;A6518;00019200000012731676;Rodoviário;06/06/2026 11:33;08/06/2026 11:46;-;-
556160;SC;A6804;00019200000012731684;Rodoviário;06/06/2026 11:33;08/06/2026 11:46;-;-
556160;SC;A1679;00019200000012731692;Rodoviário;06/06/2026 11:33;08/06/2026 11:46;-;-
556160;SC;A6311;00019200000012731803;Rodoviário;06/06/2026 11:33;08/06/2026 11:46;-;-
556160;SC;TA0484;00019200000012731900;Rodoviário;06/06/2026 11:33;08/06/2026 11:46;-;-
556160;SC;A9205;00019200000012731919;Rodoviário;06/06/2026 11:33;08/06/2026 11:46;-;-
556160;SC;A1019;00019200000012731927;Rodoviário;06/06/2026 11:33;08/06/2026 11:46;-;-
556160;SC;A6694;00019200000012731935;Rodoviário;06/06/2026 11:33;08/06/2026 11:46;-;-
556160;SC;A4625;00019200000012731943;Rodoviário;06/06/2026 11:33;08/06/2026 11:46;-;-
556160;SC;A7288;00019200000012731951;Rodoviário;06/06/2026 11:33;08/06/2026 11:46;-;-
556160;SC;A7878;00019200000012731960;Rodoviário;06/06/2026 11:33;08/06/2026 11:46;-;-
556160;SC;A0974;00019200000012731978;Rodoviário;06/06/2026 11:33;08/06/2026 11:46;-;-
556160;SC;A8869;00019200000012731986;Rodoviário;06/06/2026 11:33;08/06/2026 11:46;-;-
556160;SC;A7491;00019200000012731994;Rodoviário;06/06/2026 11:33;08/06/2026 11:46;-;-
556160;SC;A6871;00019200000012732001;Rodoviário;06/06/2026 11:33;08/06/2026 11:46;-;-
556160;SC;A1824;00019200000012732010;Rodoviário;06/06/2026 11:33;08/06/2026 11:46;-;-
556160;SC;A9207;00019200000012732028;Rodoviário;06/06/2026 11:33;08/06/2026 11:46;-;-
556160;SC;A9638;00019200000012732036;Rodoviário;06/06/2026 11:33;08/06/2026 11:46;-;-
556160;SC;TA1173;00019200000012732044;Rodoviário;06/06/2026 11:33;08/06/2026 11:46;-;-
556160;SC;A9280;00019200000012732052;Rodoviário;06/06/2026 11:33;08/06/2026 11:46;-;-
556160;SC;A6843;00019200000012732060;Rodoviário;06/06/2026 11:33;08/06/2026 11:46;-;-
556160;SC;A8045;00019200000012732079;Rodoviário;06/06/2026 11:33;08/06/2026 11:46;-;-
556160;SC;A9230;00019200000012732087;Rodoviário;06/06/2026 11:33;08/06/2026 11:46;-;-
556160;SC;A1989;00019200000012732095;Rodoviário;06/06/2026 11:33;08/06/2026 11:46;-;-
556160;SC;TA0654;00019200000012732109;Rodoviário;06/06/2026 11:33;08/06/2026 11:46;-;-
556160;SC;A4447;00019200000012732117;Rodoviário;06/06/2026 11:33;08/06/2026 11:46;-;-
556160;SC;A8046;00019200000012732125;Rodoviário;06/06/2026 11:33;08/06/2026 11:46;-;-
556160;SC;A3920;00019200000012732133;Rodoviário;06/06/2026 11:33;08/06/2026 11:46;-;-
556160;SC;A7425;00019200000012732141;Rodoviário;06/06/2026 11:33;08/06/2026 11:46;-;-
556160;SC;A3679;00019200000012732150;Rodoviário;06/06/2026 11:33;08/06/2026 11:46;-;-
556160;SC;A7985;00019200000012732168;Rodoviário;06/06/2026 11:33;08/06/2026 11:46;-;-
556160;SC;A6562;00019200000012732176;Rodoviário;06/06/2026 11:33;08/06/2026 11:46;-;-
556160;SC;A4360;00019200000012732184;Rodoviário;06/06/2026 11:33;08/06/2026 11:46;-;-
556160;SC;A9173;00019200000012732192;Rodoviário;06/06/2026 11:33;08/06/2026 11:46;-;-
556160;SC;A2809;00019200000012732206;Rodoviário;06/06/2026 11:33;08/06/2026 11:46;-;-
556160;SC;TA0960;00019200000012732214;Rodoviário;06/06/2026 11:33;08/06/2026 11:46;-;-
556160;SC;A8179;00019200000012732222;Rodoviário;06/06/2026 11:33;08/06/2026 11:46;-;-
556160;SC;A9307;00019200000012732230;Rodoviário;06/06/2026 11:33;08/06/2026 11:46;-;-
556160;SC;A7068;00019200000012732249;Rodoviário;06/06/2026 11:33;08/06/2026 11:46;-;-
556160;SC;A3376;00019200000012732257;Rodoviário;06/06/2026 11:33;08/06/2026 11:46;-;-
556160;SC;A3287;00019200000012732265;Rodoviário;06/06/2026 11:33;08/06/2026 11:46;-;-
556160;SC;A9200;00019200000012732273;Rodoviário;06/06/2026 11:33;08/06/2026 11:46;-;-
556160;SC;A5037;00019200000012732281;Rodoviário;06/06/2026 11:33;08/06/2026 11:46;-;-
556160;SC;A9610;00019200000012732290;Rodoviário;06/06/2026 11:33;08/06/2026 11:46;-;-
556160;SC;A1420;00019200000012857750;Rodoviário;06/06/2026 11:33;08/06/2026 11:46;-;-
556224;SC;A4220;00019200000012729043;MultiModal;11/06/2026 05:11;12/06/2026 16:00;-;-
556409;SC;A8078;00019200000012723550;MultiModal;10/06/2026 06:40;11/06/2026 17:18;-;-
556409;SC;A0401;00019200000012723568;MultiModal;10/06/2026 06:40;11/06/2026 17:18;-;-
556409;SC;A8580;00019200000012723592;MultiModal;10/06/2026 06:40;11/06/2026 17:18;-;-
558496;SC;A7286;00019200000013336410;MultiModal;23/06/2026 08:29;25/06/2026 17:00;23/06/2026 08:29;25/06/2026 17:00
558499;SC;A2078;00019200000013235010;MultiModal;23/06/2026 05:32;24/06/2026 16:00;23/06/2026 05:32;24/06/2026 16:00
559880;SC;A7516;00019200000013414720;MultiModal;09/07/2026 05:48;10/07/2026 17:00;09/07/2026 05:48;10/07/2026 17:00
559880;SC;A0168;00019200000013414801;MultiModal;09/07/2026 05:48;10/07/2026 17:00;09/07/2026 05:48;10/07/2026 17:00
559880;SC;A6366;00019200000013414836;MultiModal;09/07/2026 05:48;10/07/2026 17:00;09/07/2026 05:48;10/07/2026 17:00
559880;SC;A4287;00019200000013414844;MultiModal;09/07/2026 05:48;10/07/2026 17:00;09/07/2026 05:48;10/07/2026 17:00
559880;SC;A2173;00019200000013414852;MultiModal;09/07/2026 05:48;10/07/2026 17:00;09/07/2026 05:48;10/07/2026 17:00
559880;SC;A6526;00019200000013414860;MultiModal;09/07/2026 05:48;10/07/2026 17:00;09/07/2026 05:48;10/07/2026 17:00
560158;SC;A4670;00019200000013414712;MultiModal;08/07/2026 05:55;10/07/2026 09:59;08/07/2026 05:55;10/07/2026 09:59
560275;SC;A8674;00019200000013485520;MultiModal;14/07/2026 04:34;-;14/07/2026 04:34;-
560275;SC;A7563;00019200000013485539;MultiModal;14/07/2026 04:34;-;14/07/2026 04:34;-
560275;SC;TA0532;00019200000013485547;MultiModal;14/07/2026 04:34;-;14/07/2026 04:34;-
560275;SC;A1742;00019200000013485555;MultiModal;14/07/2026 04:34;-;14/07/2026 04:34;-
560275;SC;A5546;00019200000013485563;MultiModal;14/07/2026 04:34;-;14/07/2026 04:34;-
560275;SC;A8722;00019200000013485571;MultiModal;14/07/2026 04:34;-;14/07/2026 04:34;-
560275;SC;A4734;00019200000013485580;MultiModal;14/07/2026 04:34;-;14/07/2026 04:34;-
560275;SC;A8760;00019200000013485741;MultiModal;14/07/2026 04:34;-;14/07/2026 04:34;-
560275;SC;A2469;00019200000013485750;MultiModal;14/07/2026 04:34;-;14/07/2026 04:34;-
560275;SC;TA0338;00019200000013485768;MultiModal;14/07/2026 04:34;-;14/07/2026 04:34;-
560275;SC;A8060;00019200000013485776;MultiModal;14/07/2026 04:34;-;14/07/2026 04:34;-
560275;SC;A4789;00019200000013485784;MultiModal;14/07/2026 04:34;-;14/07/2026 04:34;-
560275;SC;A2122;00019200000013485792;MultiModal;14/07/2026 04:34;-;14/07/2026 04:34;-
560275;SC;A8486;00019200000013486829;MultiModal;14/07/2026 04:34;-;14/07/2026 04:34;-
555932;SE;A4257;00019200000012721840;MultiModal;01/06/2026 22:18;03/06/2026 09:33;-;-
555932;SE;A9287;00019200000012723061;MultiModal;01/06/2026 22:18;03/06/2026 09:33;-;-
556161;SE;A7008;00019200000012730491;MultiModal;06/06/2026 05:01;08/06/2026 14:51;-;-
556161;SE;A7785;00019200000012730670;MultiModal;06/06/2026 05:01;08/06/2026 14:51;-;-
556161;SE;A6386;00019200000012730688;MultiModal;06/06/2026 05:01;08/06/2026 14:51;-;-
556161;SE;A8302;00019200000012730696;MultiModal;06/06/2026 05:01;08/06/2026 14:51;-;-
556161;SE;A6870;00019200000012730700;MultiModal;06/06/2026 05:01;08/06/2026 14:51;-;-
556161;SE;A8192;00019200000012731331;MultiModal;06/06/2026 05:01;08/06/2026 14:51;-;-
556161;SE;A1045;00019200000012731340;MultiModal;06/06/2026 05:01;08/06/2026 14:51;-;-
556161;SE;A3603;00019200000012731358;MultiModal;06/06/2026 05:01;08/06/2026 14:51;-;-
556161;SE;A9427;00019200000012731366;MultiModal;06/06/2026 05:01;08/06/2026 14:51;-;-
556161;SE;A4068;00019200000012731374;MultiModal;06/06/2026 05:01;08/06/2026 14:51;-;-
556161;SE;A2753;00019200000012731382;MultiModal;06/06/2026 05:01;08/06/2026 14:51;-;-
556161;SE;TA0353;00019200000012731390;MultiModal;06/06/2026 05:01;08/06/2026 14:51;-;-
556161;SE;A7155;00019200000012731404;MultiModal;06/06/2026 05:01;08/06/2026 14:51;-;-
556161;SE;A6665;00019200000012731412;MultiModal;06/06/2026 05:01;08/06/2026 14:51;-;-
556161;SE;TA0675;00019200000012731420;MultiModal;06/06/2026 05:01;08/06/2026 14:51;-;-
556161;SE;A7142;00019200000012731439;MultiModal;06/06/2026 05:01;08/06/2026 14:51;-;-
556161;SE;TA0136;00019200000012731447;MultiModal;06/06/2026 05:01;08/06/2026 14:51;-;-
556161;SE;TA0818;00019200000012731455;MultiModal;06/06/2026 05:01;08/06/2026 14:51;-;-
556161;SE;A6147;00019200000012731463;MultiModal;06/06/2026 05:01;08/06/2026 14:51;-;-
556161;SE;A4999;00019200000012731471;MultiModal;06/06/2026 05:01;08/06/2026 14:51;-;-
556161;SE;A5847;00019200000012731498;MultiModal;06/06/2026 05:01;08/06/2026 14:51;-;-
556161;SE;A2981;00019200000012731501;MultiModal;06/06/2026 05:01;08/06/2026 14:51;-;-
556161;SE;A7462;00019200000012731510;MultiModal;06/06/2026 05:01;08/06/2026 14:51;-;-
556161;SE;A4340;00019200000012731528;MultiModal;06/06/2026 05:01;08/06/2026 14:51;-;-
556161;SE;A8938;00019200000012731536;MultiModal;06/06/2026 05:01;08/06/2026 14:51;-;-
556300;SE;TA0506;00019200000012728918;MultiModal;06/06/2026 10:36;08/06/2026 10:54;-;-
557190;SE;S1208;00019200000013324470;MultiModal;25/06/2026 00:56;26/06/2026 16:00;25/06/2026 00:56;26/06/2026 16:00
557190;SE;S0833;00019200000013324489;MultiModal;25/06/2026 00:56;26/06/2026 16:00;25/06/2026 00:56;26/06/2026 16:00
557190;SE;S1245;00019200000013324497;MultiModal;25/06/2026 00:56;26/06/2026 16:00;25/06/2026 00:56;26/06/2026 16:00
557190;SE;S1629;00019200000013324500;MultiModal;25/06/2026 00:56;26/06/2026 16:00;25/06/2026 00:56;26/06/2026 16:00
557784;SE;A8625;00019200000013210866;MultiModal;24/06/2026 00:19;25/06/2026 11:49;24/06/2026 00:19;25/06/2026 11:49
557784;SE;TA0776;00019200000013210874;MultiModal;24/06/2026 00:19;25/06/2026 11:49;24/06/2026 00:19;25/06/2026 11:49
557784;SE;TA0880;00019200000013210882;MultiModal;24/06/2026 00:19;25/06/2026 11:49;24/06/2026 00:19;25/06/2026 11:49
557784;SE;A8850;00019200000013210890;MultiModal;24/06/2026 00:19;25/06/2026 11:49;24/06/2026 00:19;25/06/2026 11:49
557870;SE;A7202;00019200000013417380;MultiModal;08/07/2026 00:19;13/07/2026 11:05;08/07/2026 00:19;13/07/2026 11:05
557870;SE;A8913;00019200000013417398;MultiModal;08/07/2026 00:19;13/07/2026 11:05;08/07/2026 00:19;13/07/2026 11:05
557870;SE;A4339;00019200000013417606;MultiModal;08/07/2026 00:19;13/07/2026 11:05;08/07/2026 00:19;13/07/2026 11:05
557870;SE;A6547;00019200000013417614;MultiModal;08/07/2026 00:19;13/07/2026 11:05;08/07/2026 00:19;13/07/2026 11:05
557870;SE;A3702;00019200000013417649;MultiModal;08/07/2026 00:19;13/07/2026 11:05;08/07/2026 00:19;13/07/2026 11:05
557870;SE;A6309;00019200000013417657;MultiModal;08/07/2026 00:19;13/07/2026 11:05;08/07/2026 00:19;13/07/2026 11:05
557870;SE;A0745;00019200000013417665;MultiModal;08/07/2026 00:19;13/07/2026 11:05;08/07/2026 00:19;13/07/2026 11:05
557870;SE;TA0005;00019200000013417673;MultiModal;08/07/2026 00:19;13/07/2026 11:05;08/07/2026 00:19;13/07/2026 11:05
557870;SE;A8203;00019200000013417681;MultiModal;08/07/2026 00:19;13/07/2026 11:05;08/07/2026 00:19;13/07/2026 11:05
557870;SE;TA0512;00019200000013417690;MultiModal;08/07/2026 00:19;13/07/2026 11:05;08/07/2026 00:19;13/07/2026 11:05
557870;SE;A3675;00019200000013417703;MultiModal;08/07/2026 00:19;13/07/2026 11:05;08/07/2026 00:19;13/07/2026 11:05
557870;SE;A7527;00019200000013417711;MultiModal;08/07/2026 00:19;13/07/2026 11:05;08/07/2026 00:19;13/07/2026 11:05
557870;SE;A3674;00019200000013417720;MultiModal;08/07/2026 00:19;13/07/2026 11:05;08/07/2026 00:19;13/07/2026 11:05
557870;SE;A5377;00019200000013417738;MultiModal;08/07/2026 00:19;13/07/2026 11:05;08/07/2026 00:19;13/07/2026 11:05
557870;SE;TA0205;00019200000013417746;MultiModal;08/07/2026 00:19;13/07/2026 11:05;08/07/2026 00:19;13/07/2026 11:05
557870;SE;A1051;00019200000013417754;MultiModal;08/07/2026 00:19;13/07/2026 11:05;08/07/2026 00:19;13/07/2026 11:05
557875;SE;A4627;00019200000013207857;MultiModal;08/07/2026 00:40;09/07/2026 10:00;08/07/2026 00:40;09/07/2026 10:00
557875;SE;A4476;00019200000013207865;MultiModal;08/07/2026 00:40;09/07/2026 10:00;08/07/2026 00:40;09/07/2026 10:00
557875;SE;A5005;00019200000013207873;MultiModal;08/07/2026 00:40;09/07/2026 10:00;08/07/2026 00:40;09/07/2026 10:00
557875;SE;A8822;00019200000013418785;MultiModal;08/07/2026 00:40;09/07/2026 10:00;08/07/2026 00:40;09/07/2026 10:00
557875;SE;A8991;00019200000013418793;MultiModal;08/07/2026 00:40;09/07/2026 10:00;08/07/2026 00:40;09/07/2026 10:00
557875;SE;A6628;00019200000013418807;MultiModal;08/07/2026 00:40;09/07/2026 10:00;08/07/2026 00:40;09/07/2026 10:00
557875;SE;A3065;00019200000013418815;MultiModal;08/07/2026 00:40;09/07/2026 10:00;08/07/2026 00:40;09/07/2026 10:00
557875;SE;A6327;00019200000013418823;MultiModal;08/07/2026 00:40;09/07/2026 10:00;08/07/2026 00:40;09/07/2026 10:00
557875;SE;TA1079;00019200000013418831;MultiModal;08/07/2026 00:40;09/07/2026 10:00;08/07/2026 00:40;09/07/2026 10:00
557875;SE;A3193;00019200000013418840;MultiModal;08/07/2026 00:40;09/07/2026 10:00;08/07/2026 00:40;09/07/2026 10:00
557875;SE;A2988;00019200000013418858;MultiModal;08/07/2026 00:40;09/07/2026 10:00;08/07/2026 00:40;09/07/2026 10:00
557875;SE;A3580;00019200000013418866;MultiModal;08/07/2026 00:40;09/07/2026 10:00;08/07/2026 00:40;09/07/2026 10:00
557875;SE;A4751;00019200000013418874;MultiModal;08/07/2026 00:40;09/07/2026 10:00;08/07/2026 00:40;09/07/2026 10:00
557875;SE;A9364;00019200000013418882;MultiModal;08/07/2026 00:40;09/07/2026 10:00;08/07/2026 00:40;09/07/2026 10:00
557875;SE;A7329;00019200000013418890;MultiModal;08/07/2026 00:40;09/07/2026 10:00;08/07/2026 00:40;09/07/2026 10:00
557875;SE;A7031;00019200000013418904;MultiModal;08/07/2026 00:40;09/07/2026 10:00;08/07/2026 00:40;09/07/2026 10:00
557875;SE;A8335;00019200000013418912;MultiModal;08/07/2026 00:40;09/07/2026 10:00;08/07/2026 00:40;09/07/2026 10:00
557875;SE;A8963;00019200000013418920;MultiModal;08/07/2026 00:40;09/07/2026 10:00;08/07/2026 00:40;09/07/2026 10:00
557875;SE;A4520;00019200000013418939;MultiModal;08/07/2026 00:40;09/07/2026 10:00;08/07/2026 00:40;09/07/2026 10:00
557875;SE;A1144;00019200000013418947;MultiModal;08/07/2026 00:40;09/07/2026 10:00;08/07/2026 00:40;09/07/2026 10:00
557875;SE;A2621;00019200000013418955;MultiModal;08/07/2026 00:40;09/07/2026 10:00;08/07/2026 00:40;09/07/2026 10:00
557875;SE;A8260;00019200000013418963;MultiModal;08/07/2026 00:40;09/07/2026 10:00;08/07/2026 00:40;09/07/2026 10:00
557875;SE;A0322;00019200000013418971;MultiModal;08/07/2026 00:40;09/07/2026 10:00;08/07/2026 00:40;09/07/2026 10:00
557875;SE;A8880;00019200000013418980;MultiModal;08/07/2026 00:40;09/07/2026 10:00;08/07/2026 00:40;09/07/2026 10:00
559967;SE;A4909;00019200000013413120;MultiModal;08/07/2026 23:41;10/07/2026 15:20;08/07/2026 23:41;10/07/2026 15:20
559967;SE;A8696;00019200000013413139;MultiModal;08/07/2026 23:41;10/07/2026 15:20;08/07/2026 23:41;10/07/2026 15:20
559967;SE;A6204;00019200000013413147;MultiModal;08/07/2026 23:41;10/07/2026 15:20;08/07/2026 23:41;10/07/2026 15:20
559967;SE;A4562;00019200000013413155;MultiModal;08/07/2026 23:41;10/07/2026 15:20;08/07/2026 23:41;10/07/2026 15:20
559967;SE;A4186;00019200000013413163;MultiModal;08/07/2026 23:41;10/07/2026 15:20;08/07/2026 23:41;10/07/2026 15:20
559967;SE;A4153;00019200000013413171;MultiModal;08/07/2026 23:41;10/07/2026 15:20;08/07/2026 23:41;10/07/2026 15:20
559967;SE;A9689;00019200000013413180;MultiModal;08/07/2026 23:41;10/07/2026 15:20;08/07/2026 23:41;10/07/2026 15:20
559967;SE;A9254;00019200000013413198;MultiModal;08/07/2026 23:41;10/07/2026 15:20;08/07/2026 23:41;10/07/2026 15:20
559967;SE;A9281;00019200000013413317;MultiModal;08/07/2026 23:41;10/07/2026 15:20;08/07/2026 23:41;10/07/2026 15:20
559967;SE;A2986;00019200000013413325;MultiModal;08/07/2026 23:41;10/07/2026 15:20;08/07/2026 23:41;10/07/2026 15:20
559967;SE;A9183;00019200000013413333;MultiModal;08/07/2026 23:41;10/07/2026 15:20;08/07/2026 23:41;10/07/2026 15:20
559967;SE;A8633;00019200000013413341;MultiModal;08/07/2026 23:41;10/07/2026 15:20;08/07/2026 23:41;10/07/2026 15:20
559967;SE;A6875;00019200000013413350;MultiModal;08/07/2026 23:41;10/07/2026 15:20;08/07/2026 23:41;10/07/2026 15:20
559967;SE;A6267;00019200000013413368;MultiModal;08/07/2026 23:41;10/07/2026 15:20;08/07/2026 23:41;10/07/2026 15:20
560151;SE;A5487;00019200000013486144;MultiModal;13/07/2026 23:34;-;13/07/2026 23:34;-
556176;SP;TA0739;00019200000012721247;Rodoviário;03/06/2026 01:17;03/06/2026 11:00;-;-
556176;SP;A9099;00019200000012864250;Rodoviário;03/06/2026 01:17;03/06/2026 11:00;-;-
556176;SP;A8780;00019200000012864269;Rodoviário;03/06/2026 01:17;03/06/2026 11:00;-;-
558604;SP;TA0996;00019200000013336460;Rodoviário;23/06/2026 03:54;23/06/2026 21:35;23/06/2026 03:54;23/06/2026 21:35
558604;SP;A2883;00019200000013336479;Rodoviário;23/06/2026 03:54;23/06/2026 21:35;23/06/2026 03:54;23/06/2026 21:35
558714;SP;A5902;00019200000013234994;Rodoviário;23/06/2026 03:54;23/06/2026 21:39;23/06/2026 03:54;23/06/2026 21:39
560153;SP;A6650;00019200000013414887;Rodoviário;08/07/2026 04:40;08/07/2026 15:41;08/07/2026 04:40;08/07/2026 15:41
560159;SP;A2551;00019200000013414640;Rodoviário;08/07/2026 02:22;08/07/2026 10:23;08/07/2026 02:22;08/07/2026 10:23
560161;SP;A6242;00019200000013414895;Rodoviário;08/07/2026 03:58;08/07/2026 13:44;08/07/2026 03:58;08/07/2026 13:44
560168;SP;A0447;00019200000013207920;Rodoviário;08/07/2026 03:23;08/07/2026 16:40;08/07/2026 03:23;08/07/2026 16:40
560168;SP;A9629;00019200000013414291;Rodoviário;08/07/2026 03:23;08/07/2026 16:40;08/07/2026 03:23;08/07/2026 16:40
560169;SP;A4297;00019200000013414658;Rodoviário;08/07/2026 02:46;08/07/2026 10:17;08/07/2026 02:46;08/07/2026 10:17
560241;SP;TA0978;00019200000013410431;Rodoviário;10/07/2026 03:41;-;10/07/2026 03:41;-
560246;SP;A8735;00019200000013410997;Rodoviário;10/07/2026 02:29;10/07/2026 12:50;10/07/2026 02:29;10/07/2026 12:50
560315;SP;TA0340;00019200000013488198;Rodoviário;14/07/2026 03:02;14/07/2026 16:40;14/07/2026 03:02;14/07/2026 16:40
560321;SP;A6310;00019200000013488104;Rodoviário;14/07/2026 02:53;14/07/2026 12:52;14/07/2026 02:53;14/07/2026 12:52
555916;TO;A4580;00019200000012721859;MultiModal;01/06/2026 22:21;03/06/2026 14:00;-;-
556137;TO;A0830;00019200000013211269;MultiModal;22/06/2026 06:03;23/06/2026 11:00;22/06/2026 06:03;23/06/2026 11:00
556137;TO;A0222;00019200000013211277;MultiModal;22/06/2026 06:03;23/06/2026 11:00;22/06/2026 06:03;23/06/2026 11:00
556137;TO;A8417;00019200000013211285;MultiModal;22/06/2026 06:03;23/06/2026 11:00;22/06/2026 06:03;23/06/2026 11:00
556163;TO;A6892;00019200000012729990;MultiModal;06/06/2026 05:01;09/06/2026 14:40;-;-
556163;TO;A9466;00019200000012730017;MultiModal;06/06/2026 05:01;09/06/2026 14:40;-;-
556163;TO;TA0682;00019200000012730025;MultiModal;06/06/2026 05:01;09/06/2026 14:40;-;-
556163;TO;A1433;00019200000012730033;MultiModal;06/06/2026 05:01;09/06/2026 14:40;-;-
556163;TO;TA0977;00019200000012730041;MultiModal;06/06/2026 05:01;09/06/2026 14:40;-;-
556163;TO;A6225;00019200000012730050;MultiModal;06/06/2026 05:01;09/06/2026 14:40;-;-
556163;TO;A3875;00019200000012730068;MultiModal;06/06/2026 05:01;09/06/2026 14:40;-;-
556163;TO;A9643;00019200000012730076;MultiModal;06/06/2026 05:01;09/06/2026 14:40;-;-
556163;TO;A6758;00019200000012730084;MultiModal;06/06/2026 05:01;09/06/2026 14:40;-;-
556163;TO;A9095;00019200000012730092;MultiModal;06/06/2026 05:01;09/06/2026 14:40;-;-
556163;TO;A7630;00019200000012730106;MultiModal;06/06/2026 05:01;09/06/2026 14:40;-;-
556163;TO;A2166;00019200000012730114;MultiModal;06/06/2026 05:01;09/06/2026 14:40;-;-
556163;TO;A7031;00019200000012730122;MultiModal;06/06/2026 05:01;09/06/2026 14:40;-;-
556163;TO;A8477;00019200000012730769;MultiModal;06/06/2026 05:01;09/06/2026 14:40;-;-
556163;TO;A3086;00019200000012730980;MultiModal;06/06/2026 05:01;09/06/2026 14:40;-;-
556236;TO;A6151;00019200000012728721;MultiModal;09/06/2026 02:06;10/06/2026 11:00;-;-
556236;TO;A9532;00019200000012728730;MultiModal;09/06/2026 02:06;10/06/2026 11:00;-;-
556236;TO;A5035;00019200000012728748;MultiModal;09/06/2026 02:06;10/06/2026 11:00;-;-
556236;TO;A6598;00019200000012728756;MultiModal;09/06/2026 02:06;10/06/2026 11:00;-;-
556236;TO;A8196;00019200000012728802;MultiModal;09/06/2026 02:06;10/06/2026 11:00;-;-
559781;TO;A6374;00019200000013419200;MultiModal;07/07/2026 01:13;08/07/2026 18:00;07/07/2026 01:13;08/07/2026 18:00
559781;TO;A4452;00019200000013419218;MultiModal;07/07/2026 01:13;08/07/2026 18:00;07/07/2026 01:13;08/07/2026 18:00
559781;TO;A2241;00019200000013419340;MultiModal;07/07/2026 01:13;08/07/2026 18:00;07/07/2026 01:13;08/07/2026 18:00
559781;TO;A9562;00019200000013419358;MultiModal;07/07/2026 01:13;08/07/2026 18:00;07/07/2026 01:13;08/07/2026 18:00
559936;TO;TA1122;00019200000013413201;MultiModal;13/07/2026 00:40;13/07/2026 18:00;13/07/2026 00:40;13/07/2026 18:00
559936;TO;TA1113;00019200000013413210;MultiModal;13/07/2026 00:40;13/07/2026 18:00;13/07/2026 00:40;13/07/2026 18:00
559936;TO;A9093;00019200000013413228;MultiModal;13/07/2026 00:40;13/07/2026 18:00;13/07/2026 00:40;13/07/2026 18:00
559936;TO;TA0243;00019200000013413236;MultiModal;13/07/2026 00:40;13/07/2026 18:00;13/07/2026 00:40;13/07/2026 18:00
559936;TO;A7672;00019200000013413244;MultiModal;13/07/2026 00:40;13/07/2026 18:00;13/07/2026 00:40;13/07/2026 18:00
559936;TO;A6746;00019200000013413252;MultiModal;13/07/2026 00:40;13/07/2026 18:00;13/07/2026 00:40;13/07/2026 18:00
559936;TO;A8553;00019200000013413260;MultiModal;13/07/2026 00:40;13/07/2026 18:00;13/07/2026 00:40;13/07/2026 18:00
559936;TO;A3399;00019200000013413279;MultiModal;13/07/2026 00:40;13/07/2026 18:00;13/07/2026 00:40;13/07/2026 18:00
559936;TO;A8397;00019200000013413287;MultiModal;13/07/2026 00:40;13/07/2026 18:00;13/07/2026 00:40;13/07/2026 18:00
559936;TO;A7826;00019200000013413295;MultiModal;13/07/2026 00:40;13/07/2026 18:00;13/07/2026 00:40;13/07/2026 18:00
559936;TO;A3202;00019200000013413309;MultiModal;13/07/2026 00:40;13/07/2026 18:00;13/07/2026 00:40;13/07/2026 18:00
559946;TO;A9230;00019200000013414380;MultiModal;08/07/2026 00:41;09/07/2026 18:00;08/07/2026 00:41;09/07/2026 18:00
559946;TO;A9207;00019200000013414399;MultiModal;08/07/2026 00:41;09/07/2026 18:00;08/07/2026 00:41;09/07/2026 18:00
559975;TO;TA0880;00019200000013419242;MultiModal;07/07/2026 00:59;08/07/2026 18:00;07/07/2026 00:59;08/07/2026 18:00
560260;TO;A3612;00019200000013486098;MultiModal;13/07/2026 23:38;-;13/07/2026 23:38;-
560260;TO;A1736;00019200000013486101;MultiModal;13/07/2026 23:38;-;13/07/2026 23:38;-
560260;TO;A8360;00019200000013486110;MultiModal;13/07/2026 23:38;-;13/07/2026 23:38;-
560260;TO;A5977;00019200000013486128;MultiModal;13/07/2026 23:38;-;13/07/2026 23:38;-
560260;TO;A5725;00019200000013486136;MultiModal;13/07/2026 23:38;-;13/07/2026 23:38;-
560260;TO;TA0608;00019200000013486330;MultiModal;13/07/2026 23:38;-;13/07/2026 23:38;-
