Caixa;Tipo de caixa;Tipo térmico;Pedido;UF;Logger;LPN;MODAL;Data da coleta;Data da entrega;COLETA EMBARQUE;ENTREGA EMBARQUE
CAIXA 130L;CAIXA 130L COM BERÇO;2 C a 8 C;555088;AC;A0239;00019200000013202200;MultiModal;02/07/2026 00:10;07/07/2026 18:00;02/07/2026 00:10;07/07/2026 18:00
CAIXA 130L;CAIXA 130L COM BERÇO;2 C a 8 C;555088;AC;TA0335;00019200000013202219;MultiModal;02/07/2026 00:10;07/07/2026 18:00;02/07/2026 00:10;07/07/2026 18:00
CAIXA 130L;CAIXA 130L COM BERÇO;2 C a 8 C;557837;AC;A9047;00019200000013429230;MultiModal;07/07/2026 01:05;09/07/2026 18:00;07/07/2026 01:05;09/07/2026 18:00
CAIXA 130L;CAIXA 130L COM BERÇO;2 C a 8 C;557837;AC;A4478;00019200000013429248;MultiModal;07/07/2026 01:05;09/07/2026 18:00;07/07/2026 01:05;09/07/2026 18:00
CAIXA 130L;CAIXA 130L COM BERÇO;2 C a 8 C;557837;AC;A5861;00019200000013429256;MultiModal;07/07/2026 01:05;09/07/2026 18:00;07/07/2026 01:05;09/07/2026 18:00
CAIXA 130L;CAIXA 130L COM BERÇO;2 C a 8 C;557837;AC;A6786;00019200000013429264;MultiModal;07/07/2026 01:05;09/07/2026 18:00;07/07/2026 01:05;09/07/2026 18:00
CAIXA 130L;CAIXA 130L COM BERÇO;2 C a 8 C;557837;AC;A2047;00019200000013429272;MultiModal;07/07/2026 01:05;09/07/2026 18:00;07/07/2026 01:05;09/07/2026 18:00
CAIXA 130L;CAIXA 130L COM BERÇO;2 C a 8 C;557837;AC;A1927;00019200000013429280;MultiModal;07/07/2026 01:05;09/07/2026 18:00;07/07/2026 01:05;09/07/2026 18:00
CAIXA 130L;CAIXA 130L COM BERÇO;2 C a 8 C;557837;AC;A6236;00019200000013429299;MultiModal;07/07/2026 01:05;09/07/2026 18:00;07/07/2026 01:05;09/07/2026 18:00
CAIXA 130L;CAIXA 130L COM BERÇO;2 C a 8 C;557837;AC;TA0195;00019200000013429302;MultiModal;07/07/2026 01:05;09/07/2026 18:00;07/07/2026 01:05;09/07/2026 18:00
CAIXA 130L;CAIXA 130L COM BERÇO;2 C a 8 C;557837;AC;TA0513;00019200000013429310;MultiModal;07/07/2026 01:05;09/07/2026 18:00;07/07/2026 01:05;09/07/2026 18:00
CAIXA 130L;CAIXA 130L COM BERÇO;2 C a 8 C;557837;AC;TA1007;00019200000013429329;MultiModal;07/07/2026 01:05;09/07/2026 18:00;07/07/2026 01:05;09/07/2026 18:00
CAIXA 130L;CAIXA 130L COM BERÇO;2 C a 8 C;557837;AC;TA0037;00019200000013429337;MultiModal;07/07/2026 01:05;09/07/2026 18:00;07/07/2026 01:05;09/07/2026 18:00
CAIXA 130L;CAIXA 130L COM BERÇO;2 C a 8 C;557837;AC;A9208;00019200000013429345;MultiModal;07/07/2026 01:05;09/07/2026 18:00;07/07/2026 01:05;09/07/2026 18:00
CAIXA 130L;CAIXA 130L COM BERÇO;2 C a 8 C;557837;AC;TA0407;00019200000013429353;MultiModal;07/07/2026 01:05;09/07/2026 18:00;07/07/2026 01:05;09/07/2026 18:00
CAIXA 130L;CAIXA 130L COM BERÇO;2 C a 8 C;557837;AC;TA0354;00019200000013429361;MultiModal;07/07/2026 01:05;09/07/2026 18:00;07/07/2026 01:05;09/07/2026 18:00
CAIXA 130L;CAIXA 130L COM BERÇO;2 C a 8 C;557837;AC;A8023;00019200000013429370;MultiModal;07/07/2026 01:05;09/07/2026 18:00;07/07/2026 01:05;09/07/2026 18:00
CAIXA 130L;CAIXA 130L COM BERÇO;2 C a 8 C;557837;AC;A9431;00019200000013429388;MultiModal;07/07/2026 01:05;09/07/2026 18:00;07/07/2026 01:05;09/07/2026 18:00
CAIXA 130L;CAIXA 130L COM BERÇO;2 C a 8 C;557837;AC;A9609;00019200000013429396;MultiModal;07/07/2026 01:05;09/07/2026 18:00;07/07/2026 01:05;09/07/2026 18:00
CAIXA 130L;CAIXA 130L COM BERÇO;2 C a 8 C;557837;AC;A6244;00019200000013429400;MultiModal;07/07/2026 01:05;09/07/2026 18:00;07/07/2026 01:05;09/07/2026 18:00
CAIXA 130L;CAIXA 130L COM BERÇO;2 C a 8 C;557837;AC;A8055;00019200000013429418;MultiModal;07/07/2026 01:05;09/07/2026 18:00;07/07/2026 01:05;09/07/2026 18:00
CAIXA 130L;CAIXA 130L COM BERÇO;2 C a 8 C;557837;AC;A8216;00019200000013429426;MultiModal;07/07/2026 01:05;09/07/2026 18:00;07/07/2026 01:05;09/07/2026 18:00
CAIXA 130L;CAIXA 130L COM BERÇO;2 C a 8 C;557837;AC;A9107;00019200000013429434;MultiModal;07/07/2026 01:05;09/07/2026 18:00;07/07/2026 01:05;09/07/2026 18:00
CAIXA 130L;CAIXA 130L COM BERÇO;2 C a 8 C;557837;AC;A2449;00019200000013429442;MultiModal;07/07/2026 01:05;09/07/2026 18:00;07/07/2026 01:05;09/07/2026 18:00
CAIXA 130L;CAIXA 130L COM BERÇO;2 C a 8 C;558494;AC;A7884;00019200000013486489;MultiModal;13/07/2026 23:14;20/07/2026 18:00;14/07/2026 22:51;-
CAIXA 130L;CAIXA 130L COM BERÇO;2 C a 8 C;560388;AC;A6102;00019200000013488201;MultiModal;13/07/2026 00:46;15/07/2026 15:00;13/07/2026 00:46;15/07/2026 15:00
CAIXA 130L;CAIXA 130L COM BERÇO;2 C a 8 C;557839;AL;TA0074;00019200000013325639;MultiModal;02/07/2026 04:24;03/07/2026 14:38;02/07/2026 04:24;03/07/2026 14:38
CAIXA 130L;CAIXA 130L COM BERÇO;2 C a 8 C;557839;AL;A3596;00019200000013325647;MultiModal;02/07/2026 04:24;03/07/2026 14:38;02/07/2026 04:24;03/07/2026 14:38
CAIXA 130L;CAIXA 130L COM BERÇO;2 C a 8 C;557839;AL;A0168;00019200000013325655;MultiModal;02/07/2026 04:24;03/07/2026 14:38;02/07/2026 04:24;03/07/2026 14:38
CAIXA 130L;CAIXA 130L COM BERÇO;2 C a 8 C;557839;AL;A1824;00019200000013325663;MultiModal;02/07/2026 04:24;03/07/2026 14:38;02/07/2026 04:24;03/07/2026 14:38
CAIXA 130L;CAIXA 130L COM BERÇO;2 C a 8 C;557839;AL;A9560;00019200000013326236;MultiModal;02/07/2026 04:24;03/07/2026 14:38;02/07/2026 04:24;03/07/2026 14:38
CAIXA 130L;CAIXA 130L COM BERÇO;2 C a 8 C;557839;AL;TA0110;00019200000013326244;MultiModal;02/07/2026 04:24;03/07/2026 14:38;02/07/2026 04:24;03/07/2026 14:38
CAIXA 130L;CAIXA 130L COM BERÇO;2 C a 8 C;557839;AL;A9102;00019200000013326414;MultiModal;02/07/2026 04:24;03/07/2026 14:38;02/07/2026 04:24;03/07/2026 14:38
CAIXA 130L;CAIXA 130L COM BERÇO;2 C a 8 C;557839;AL;A0014;00019200000013326422;MultiModal;02/07/2026 04:24;03/07/2026 14:38;02/07/2026 04:24;03/07/2026 14:38
CAIXA 130L;CAIXA 130L COM BERÇO;2 C a 8 C;557839;AL;A4775;00019200000013326430;MultiModal;02/07/2026 04:24;03/07/2026 14:38;02/07/2026 04:24;03/07/2026 14:38
CAIXA 130L;CAIXA 130L COM BERÇO;2 C a 8 C;557839;AL;A7763;00019200000013326449;MultiModal;02/07/2026 04:24;03/07/2026 14:38;02/07/2026 04:24;03/07/2026 14:38
CAIXA 130L;CAIXA 130L COM BERÇO;2 C a 8 C;557839;AL;A0094;00019200000013326457;MultiModal;02/07/2026 04:24;03/07/2026 14:38;02/07/2026 04:24;03/07/2026 14:38
CAIXA 130L;CAIXA 130L COM BERÇO;2 C a 8 C;557839;AL;A4457;00019200000013326465;MultiModal;02/07/2026 04:24;03/07/2026 14:38;02/07/2026 04:24;03/07/2026 14:38
CAIXA 130L;CAIXA 130L COM BERÇO;2 C a 8 C;557839;AL;A5736;00019200000013326473;MultiModal;02/07/2026 04:24;03/07/2026 14:38;02/07/2026 04:24;03/07/2026 14:38
CAIXA 130L;CAIXA 130L COM BERÇO;2 C a 8 C;557839;AL;A6526;00019200000013326481;MultiModal;02/07/2026 04:24;03/07/2026 14:38;02/07/2026 04:24;03/07/2026 14:38
CAIXA 130L;CAIXA 130L COM BERÇO;2 C a 8 C;557839;AL;A3553;00019200000013326490;MultiModal;02/07/2026 04:24;03/07/2026 14:38;02/07/2026 04:24;03/07/2026 14:38
CAIXA 130L;CAIXA 130L COM BERÇO;2 C a 8 C;557839;AL;A6903;00019200000013326503;MultiModal;02/07/2026 04:24;03/07/2026 14:38;02/07/2026 04:24;03/07/2026 14:38
CAIXA 130L;CAIXA 130L COM BERÇO;2 C a 8 C;557839;AL;A7286;00019200000013326511;MultiModal;02/07/2026 04:24;03/07/2026 14:38;02/07/2026 04:24;03/07/2026 14:38
CAIXA 130L;CAIXA 130L COM BERÇO;2 C a 8 C;557839;AL;TA0739;00019200000013326520;MultiModal;02/07/2026 04:24;03/07/2026 14:38;02/07/2026 04:24;03/07/2026 14:38
CAIXA 130L;CAIXA 130L COM BERÇO;2 C a 8 C;557839;AL;A2990;00019200000013326538;MultiModal;02/07/2026 04:24;03/07/2026 14:38;02/07/2026 04:24;03/07/2026 14:38
CAIXA 130L;CAIXA 130L COM BERÇO;2 C a 8 C;557839;AL;A7678;00019200000013326546;MultiModal;02/07/2026 04:24;03/07/2026 14:38;02/07/2026 04:24;03/07/2026 14:38
CAIXA 130L;CAIXA 130L COM BERÇO;2 C a 8 C;557839;AL;A1406;00019200000013326554;MultiModal;02/07/2026 04:24;03/07/2026 14:38;02/07/2026 04:24;03/07/2026 14:38
CAIXA 130L;CAIXA 130L COM BERÇO;2 C a 8 C;557839;AL;TA0895;00019200000013326562;MultiModal;02/07/2026 04:24;03/07/2026 14:38;02/07/2026 04:24;03/07/2026 14:38
CAIXA 130L;CAIXA 130L COM BERÇO;2 C a 8 C;557839;AL;A6307;00019200000013326570;MultiModal;02/07/2026 04:24;03/07/2026 14:38;02/07/2026 04:24;03/07/2026 14:38
CAIXA 130L;CAIXA 130L COM BERÇO;2 C a 8 C;558643;AL;A6351;00019200000013245066;MultiModal;01/07/2026 04:32;02/07/2026 14:19;01/07/2026 04:32;02/07/2026 14:19
CAIXA 130L;CAIXA 130L COM BERÇO;2 C a 8 C;558643;AL;A0654;00019200000013245074;MultiModal;01/07/2026 04:32;02/07/2026 14:19;01/07/2026 04:32;02/07/2026 14:19
CAIXA 130L;CAIXA 130L COM BERÇO;2 C a 8 C;558643;AL;A3489;00019200000013245082;MultiModal;01/07/2026 04:32;02/07/2026 14:19;01/07/2026 04:32;02/07/2026 14:19
CAIXA 130L;CAIXA 130L COM BERÇO;2 C a 8 C;558643;AL;A8069;00019200000013245090;MultiModal;01/07/2026 04:32;02/07/2026 14:19;01/07/2026 04:32;02/07/2026 14:19
CAIXA 130L;CAIXA 130L COM BERÇO;2 C a 8 C;558643;AL;A6524;00019200000013245864;MultiModal;01/07/2026 04:32;02/07/2026 14:19;01/07/2026 04:32;02/07/2026 14:19
CAIXA 130L;CAIXA 130L COM BERÇO;2 C a 8 C;558643;AL;A6961;00019200000013245872;MultiModal;01/07/2026 04:32;02/07/2026 14:19;01/07/2026 04:32;02/07/2026 14:19
CAIXA 130L;CAIXA 130L COM BERÇO;2 C a 8 C;558362;AM;A0029;00019200000013423207;MultiModal;06/07/2026 00:02;07/07/2026 16:14;06/07/2026 00:02;07/07/2026 16:16
CAIXA 130L;CAIXA 130L COM BERÇO;2 C a 8 C;558449;AM;A8540;00019200000013197509;MultiModal;06/07/2026 00:22;07/07/2026 16:07;13/07/2026 00:34;14/07/2026 16:05
CAIXA 130L;CAIXA 130L COM BERÇO;2 C a 8 C;558449;AM;A8818;00019200000013198319;MultiModal;06/07/2026 00:22;07/07/2026 16:07;06/07/2026 00:22;08/07/2026 12:41
CAIXA 130L;CAIXA 130L COM BERÇO;2 C a 8 C;558449;AM;A5155;00019200000013198327;MultiModal;06/07/2026 00:22;07/07/2026 16:07;06/07/2026 00:22;08/07/2026 12:41
CAIXA 130L;CAIXA 130L COM BERÇO;2 C a 8 C;558449;AM;TA0821;00019200000013198394;MultiModal;06/07/2026 00:22;07/07/2026 16:07;06/07/2026 00:22;08/07/2026 12:41
CAIXA 130L;CAIXA 130L COM BERÇO;2 C a 8 C;558449;AM;A0250;00019200000013198408;MultiModal;06/07/2026 00:22;07/07/2026 16:07;06/07/2026 00:22;08/07/2026 12:41
CAIXA 130L;CAIXA 130L COM BERÇO;2 C a 8 C;558449;AM;A8519;00019200000013198416;MultiModal;06/07/2026 00:22;07/07/2026 16:07;06/07/2026 00:22;08/07/2026 12:41
CAIXA 130L;CAIXA 130L COM BERÇO;2 C a 8 C;558449;AM;A1577;00019200000013198424;MultiModal;06/07/2026 00:22;07/07/2026 16:07;06/07/2026 00:22;08/07/2026 12:41
CAIXA 130L;CAIXA 130L COM BERÇO;2 C a 8 C;558449;AM;A3980;00019200000013198432;MultiModal;06/07/2026 00:22;07/07/2026 16:07;06/07/2026 00:22;08/07/2026 12:41
CAIXA 130L;CAIXA 130L COM BERÇO;2 C a 8 C;558449;AM;A9594;00019200000013198440;MultiModal;06/07/2026 00:22;07/07/2026 16:07;06/07/2026 00:22;08/07/2026 12:41
CAIXA 130L;CAIXA 130L COM BERÇO;2 C a 8 C;558449;AM;A1046;00019200000013198459;MultiModal;06/07/2026 00:22;07/07/2026 16:07;06/07/2026 00:22;08/07/2026 12:41
CAIXA 130L;CAIXA 130L COM BERÇO;2 C a 8 C;558449;AM;A8734;00019200000013198467;MultiModal;06/07/2026 00:22;07/07/2026 16:07;06/07/2026 00:22;08/07/2026 12:41
CAIXA 130L;CAIXA 130L COM BERÇO;2 C a 8 C;558449;AM;A6613;00019200000013198475;MultiModal;06/07/2026 00:22;07/07/2026 16:07;07/07/2026 01:02;07/07/2026 16:10
CAIXA 130L;CAIXA 130L COM BERÇO;2 C a 8 C;558449;AM;A8438;00019200000013198483;MultiModal;06/07/2026 00:22;07/07/2026 16:07;07/07/2026 01:02;07/07/2026 16:10
CAIXA 130L;CAIXA 130L COM BERÇO;2 C a 8 C;558449;AM;TA1034;00019200000013198491;MultiModal;06/07/2026 00:22;07/07/2026 16:07;07/07/2026 01:02;07/07/2026 16:10
CAIXA 130L;CAIXA 130L COM BERÇO;2 C a 8 C;558449;AM;A8559;00019200000013198505;MultiModal;06/07/2026 00:22;07/07/2026 16:07;07/07/2026 01:02;07/07/2026 16:10
CAIXA 130L;CAIXA 130L COM BERÇO;2 C a 8 C;558449;AM;A7785;00019200000013198513;MultiModal;06/07/2026 00:22;07/07/2026 16:07;07/07/2026 01:02;07/07/2026 16:10
CAIXA 130L;CAIXA 130L COM BERÇO;2 C a 8 C;558449;AM;A5752;00019200000013198521;MultiModal;06/07/2026 00:22;07/07/2026 16:07;07/07/2026 01:02;07/07/2026 16:10
CAIXA 130L;CAIXA 130L COM BERÇO;2 C a 8 C;558449;AM;A8507;00019200000013198530;MultiModal;06/07/2026 00:22;07/07/2026 16:07;06/07/2026 00:22;08/07/2026 12:41
CAIXA 130L;CAIXA 130L COM BERÇO;2 C a 8 C;558449;AM;A3751;00019200000013198548;MultiModal;06/07/2026 00:22;07/07/2026 16:07;06/07/2026 00:22;08/07/2026 12:41
CAIXA 130L;CAIXA 130L COM BERÇO;2 C a 8 C;558449;AM;A3468;00019200000013198556;MultiModal;06/07/2026 00:22;07/07/2026 16:07;13/07/2026 00:34;14/07/2026 16:05
CAIXA 130L;CAIXA 130L COM BERÇO;2 C a 8 C;558449;AM;A5615;00019200000013198564;MultiModal;06/07/2026 00:22;07/07/2026 16:07;13/07/2026 00:34;14/07/2026 16:05
CAIXA 130L;CAIXA 130L COM BERÇO;2 C a 8 C;558449;AM;A7193;00019200000013198572;MultiModal;06/07/2026 00:22;07/07/2026 16:07;13/07/2026 00:34;14/07/2026 16:05
CAIXA 130L;CAIXA 130L COM BERÇO;2 C a 8 C;558449;AM;A5749;00019200000013198580;MultiModal;06/07/2026 00:22;07/07/2026 16:07;09/07/2026 03:27;13/07/2026 13:20
CAIXA 130L;CAIXA 130L COM BERÇO;2 C a 8 C;558449;AM;A6430;00019200000013198599;MultiModal;06/07/2026 00:22;07/07/2026 16:07;13/07/2026 00:34;14/07/2026 16:05
CAIXA 130L;CAIXA 130L COM BERÇO;2 C a 8 C;558449;AM;A6765;00019200000013198602;MultiModal;06/07/2026 00:22;07/07/2026 16:07;13/07/2026 00:34;14/07/2026 16:05
CAIXA 130L;CAIXA 130L COM BERÇO;2 C a 8 C;558449;AM;A7431;00019200000013198610;MultiModal;06/07/2026 00:22;07/07/2026 16:07;07/07/2026 01:02;07/07/2026 16:10
CAIXA 130L;CAIXA 130L COM BERÇO;2 C a 8 C;558449;AM;A8381;00019200000013198629;MultiModal;06/07/2026 00:22;07/07/2026 16:07;07/07/2026 01:02;07/07/2026 16:10
CAIXA 130L;CAIXA 130L COM BERÇO;2 C a 8 C;558449;AM;A2701;00019200000013198637;MultiModal;06/07/2026 00:22;07/07/2026 16:07;07/07/2026 01:02;07/07/2026 16:10
CAIXA 130L;CAIXA 130L COM BERÇO;2 C a 8 C;558449;AM;A0718;00019200000013198645;MultiModal;06/07/2026 00:22;07/07/2026 16:07;07/07/2026 01:02;07/07/2026 16:10
CAIXA 130L;CAIXA 130L COM BERÇO;2 C a 8 C;558449;AM;TA0898;00019200000013198653;MultiModal;06/07/2026 00:22;07/07/2026 16:07;13/07/2026 00:34;14/07/2026 16:05
CAIXA 130L;CAIXA 130L COM BERÇO;2 C a 8 C;558449;AM;A3017;00019200000013198661;MultiModal;06/07/2026 00:22;07/07/2026 16:07;13/07/2026 10:50;14/07/2026 16:00
CAIXA 130L;CAIXA 130L COM BERÇO;2 C a 8 C;558449;AM;A8181;00019200000013198670;MultiModal;06/07/2026 00:22;07/07/2026 16:07;09/07/2026 03:27;13/07/2026 13:20
CAIXA 130L;CAIXA 130L COM BERÇO;2 C a 8 C;558449;AM;A8733;00019200000013198688;MultiModal;06/07/2026 00:22;07/07/2026 16:07;13/07/2026 10:50;14/07/2026 16:00
CAIXA 130L;CAIXA 130L COM BERÇO;2 C a 8 C;558449;AM;A3077;00019200000013199331;MultiModal;06/07/2026 00:22;07/07/2026 16:07;07/07/2026 01:02;07/07/2026 16:10
CAIXA 130L;CAIXA 130L COM BERÇO;2 C a 8 C;558449;AM;A9327;00019200000013199340;MultiModal;06/07/2026 00:22;07/07/2026 16:07;07/07/2026 01:02;07/07/2026 16:10
CAIXA 130L;CAIXA 130L COM BERÇO;2 C a 8 C;558449;AM;A6615;00019200000013199358;MultiModal;06/07/2026 00:22;07/07/2026 16:07;07/07/2026 01:02;07/07/2026 16:10
CAIXA 130L;CAIXA 130L COM BERÇO;2 C a 8 C;558449;AM;A6017;00019200000013199366;MultiModal;06/07/2026 00:22;07/07/2026 16:07;07/07/2026 01:02;07/07/2026 16:10
CAIXA 130L;CAIXA 130L COM BERÇO;2 C a 8 C;558449;AM;A1108;00019200000013199374;MultiModal;06/07/2026 00:22;07/07/2026 16:07;07/07/2026 01:02;07/07/2026 16:10
CAIXA 130L;CAIXA 130L COM BERÇO;2 C a 8 C;558449;AM;TA1208;00019200000013199382;MultiModal;06/07/2026 00:22;07/07/2026 16:07;07/07/2026 01:02;07/07/2026 16:10
CAIXA 130L;CAIXA 130L COM BERÇO;2 C a 8 C;558449;AM;A7961;00019200000013199390;MultiModal;06/07/2026 00:22;07/07/2026 16:07;07/07/2026 01:02;07/07/2026 16:10
CAIXA 130L;CAIXA 130L COM BERÇO;2 C a 8 C;558449;AM;A3693;00019200000013199404;MultiModal;06/07/2026 00:22;07/07/2026 16:07;09/07/2026 03:27;13/07/2026 13:20
CAIXA 130L;CAIXA 130L COM BERÇO;2 C a 8 C;558449;AM;A7805;00019200000013199412;MultiModal;06/07/2026 00:22;07/07/2026 16:07;09/07/2026 03:27;13/07/2026 13:20
CAIXA 130L;CAIXA 130L COM BERÇO;2 C a 8 C;558449;AM;A4748;00019200000013199420;MultiModal;06/07/2026 00:22;07/07/2026 16:07;09/07/2026 03:27;13/07/2026 13:20
CAIXA 130L;CAIXA 130L COM BERÇO;2 C a 8 C;558449;AM;TA0776;00019200000013199439;MultiModal;06/07/2026 00:22;07/07/2026 16:07;07/07/2026 01:02;07/07/2026 16:10
CAIXA 130L;CAIXA 130L COM BERÇO;2 C a 8 C;558449;AM;A4754;00019200000013199447;MultiModal;06/07/2026 00:22;07/07/2026 16:07;07/07/2026 01:02;07/07/2026 16:10
CAIXA 130L;CAIXA 130L COM BERÇO;2 C a 8 C;558449;AM;A3532;00019200000013199455;MultiModal;06/07/2026 00:22;07/07/2026 16:07;09/07/2026 03:27;13/07/2026 13:20
CAIXA 130L;CAIXA 130L COM BERÇO;2 C a 8 C;558449;AM;A6428;00019200000013199463;MultiModal;06/07/2026 00:22;07/07/2026 16:07;09/07/2026 03:27;13/07/2026 13:20
CAIXA 130L;CAIXA 130L COM BERÇO;2 C a 8 C;558449;AM;A6337;00019200000013199471;MultiModal;06/07/2026 00:22;07/07/2026 16:07;09/07/2026 03:27;13/07/2026 13:20
CAIXA 130L;CAIXA 130L COM BERÇO;2 C a 8 C;558449;AM;A3613;00019200000013199480;MultiModal;06/07/2026 00:22;07/07/2026 16:07;09/07/2026 03:27;13/07/2026 13:20
CAIXA 130L;CAIXA 130L COM BERÇO;2 C a 8 C;558449;AM;A4987;00019200000013199498;MultiModal;06/07/2026 00:22;07/07/2026 16:07;09/07/2026 03:27;13/07/2026 13:20
CAIXA 130L;CAIXA 130L COM BERÇO;2 C a 8 C;558449;AM;A8008;00019200000013199501;MultiModal;06/07/2026 00:22;07/07/2026 16:07;09/07/2026 03:27;13/07/2026 13:20
CAIXA 130L;CAIXA 130L COM BERÇO;2 C a 8 C;558449;AM;A5870;00019200000013199510;MultiModal;06/07/2026 00:22;07/07/2026 16:07;09/07/2026 03:27;13/07/2026 13:20
CAIXA 130L;CAIXA 130L COM BERÇO;2 C a 8 C;558449;AM;A9436;00019200000013199528;MultiModal;06/07/2026 00:22;07/07/2026 16:07;09/07/2026 03:27;13/07/2026 13:20
CAIXA 130L;CAIXA 130L COM BERÇO;2 C a 8 C;558449;AM;A2575;00019200000013199536;MultiModal;06/07/2026 00:22;07/07/2026 16:07;07/07/2026 01:02;07/07/2026 16:10
CAIXA 130L;CAIXA 130L COM BERÇO;2 C a 8 C;558449;AM;A4165;00019200000013199544;MultiModal;06/07/2026 00:22;07/07/2026 16:07;13/07/2026 10:50;14/07/2026 16:00
CAIXA 130L;CAIXA 130L COM BERÇO;2 C a 8 C;558449;AM;A1984;00019200000013199552;MultiModal;06/07/2026 00:22;07/07/2026 16:07;13/07/2026 00:34;14/07/2026 16:05
CAIXA 130L;CAIXA 130L COM BERÇO;2 C a 8 C;558449;AM;A8552;00019200000013199560;MultiModal;06/07/2026 00:22;07/07/2026 16:07;09/07/2026 03:27;13/07/2026 13:20
CAIXA 130L;CAIXA 130L COM BERÇO;2 C a 8 C;558449;AM;TA0411;00019200000013199579;MultiModal;06/07/2026 00:22;07/07/2026 16:07;13/07/2026 00:34;14/07/2026 16:05
CAIXA 130L;CAIXA 130L COM BERÇO;2 C a 8 C;558449;AM;A5611;00019200000013199587;MultiModal;06/07/2026 00:22;07/07/2026 16:07;09/07/2026 03:27;13/07/2026 13:20
CAIXA 130L;CAIXA 130L COM BERÇO;2 C a 8 C;558449;AM;TA0520;00019200000013199595;MultiModal;06/07/2026 00:22;07/07/2026 16:07;13/07/2026 00:34;14/07/2026 16:05
CAIXA 130L;CAIXA 130L COM BERÇO;2 C a 8 C;558449;AM;A2874;00019200000013199609;MultiModal;06/07/2026 00:22;07/07/2026 16:07;06/07/2026 00:22;08/07/2026 12:41
CAIXA 130L;CAIXA 130L COM BERÇO;2 C a 8 C;558449;AM;TA0876;00019200000013199617;MultiModal;06/07/2026 00:22;07/07/2026 16:07;06/07/2026 00:22;08/07/2026 12:41
CAIXA 130L;CAIXA 130L COM BERÇO;2 C a 8 C;558449;AM;A9027;00019200000013199625;MultiModal;06/07/2026 00:22;07/07/2026 16:07;09/07/2026 03:27;13/07/2026 13:20
CAIXA 130L;CAIXA 130L COM BERÇO;2 C a 8 C;558449;AM;A9676;00019200000013199633;MultiModal;06/07/2026 00:22;07/07/2026 16:07;09/07/2026 03:27;13/07/2026 13:20
CAIXA 130L;CAIXA 130L COM BERÇO;2 C a 8 C;558449;AM;A8988;00019200000013199641;MultiModal;06/07/2026 00:22;07/07/2026 16:07;13/07/2026 00:34;14/07/2026 16:05
CAIXA 130L;CAIXA 130L COM BERÇO;2 C a 8 C;558449;AM;A2957;00019200000013199650;MultiModal;06/07/2026 00:22;07/07/2026 16:07;13/07/2026 00:34;14/07/2026 16:05
CAIXA 130L;CAIXA 130L COM BERÇO;2 C a 8 C;558449;AM;A0218;00019200000013199668;MultiModal;06/07/2026 00:22;07/07/2026 16:07;13/07/2026 00:34;14/07/2026 16:05
CAIXA 130L;CAIXA 130L COM BERÇO;2 C a 8 C;558449;AM;A4082;00019200000013199676;MultiModal;06/07/2026 00:22;07/07/2026 16:07;13/07/2026 00:34;14/07/2026 16:05
CAIXA 130L;CAIXA 130L COM BERÇO;2 C a 8 C;558449;AM;A3603;00019200000013199684;MultiModal;06/07/2026 00:22;07/07/2026 16:07;13/07/2026 00:34;14/07/2026 16:05
CAIXA 130L;CAIXA 130L COM BERÇO;2 C a 8 C;558449;AM;A9489;00019200000013199692;MultiModal;06/07/2026 00:22;07/07/2026 16:07;13/07/2026 00:34;14/07/2026 16:05
CAIXA 130L;CAIXA 130L COM BERÇO;2 C a 8 C;558449;AM;A4311;00019200000013199706;MultiModal;06/07/2026 00:22;07/07/2026 16:07;13/07/2026 00:34;14/07/2026 16:05
CAIXA 130L;CAIXA 130L COM BERÇO;2 C a 8 C;558449;AM;A2661;00019200000013199714;MultiModal;06/07/2026 00:22;07/07/2026 16:07;07/07/2026 01:02;07/07/2026 16:10
CAIXA 130L;CAIXA 130L COM BERÇO;2 C a 8 C;558449;AM;A8879;00019200000013199722;MultiModal;06/07/2026 00:22;07/07/2026 16:07;13/07/2026 00:34;14/07/2026 16:05
CAIXA 130L;CAIXA 130L COM BERÇO;2 C a 8 C;558449;AM;A7231;00019200000013199730;MultiModal;06/07/2026 00:22;07/07/2026 16:07;07/07/2026 01:02;07/07/2026 16:10
CAIXA 130L;CAIXA 130L COM BERÇO;2 C a 8 C;558449;AM;A8598;00019200000013199749;MultiModal;06/07/2026 00:22;07/07/2026 16:07;13/07/2026 00:34;14/07/2026 16:05
CAIXA 130L;CAIXA 130L COM BERÇO;2 C a 8 C;558449;AM;A7784;00019200000013199757;MultiModal;06/07/2026 00:22;07/07/2026 16:07;13/07/2026 00:34;14/07/2026 16:05
CAIXA 130L;CAIXA 130L COM BERÇO;2 C a 8 C;558449;AM;A3655;00019200000013199765;MultiModal;06/07/2026 00:22;07/07/2026 16:07;07/07/2026 01:02;07/07/2026 16:10
CAIXA 130L;CAIXA 130L COM BERÇO;2 C a 8 C;558449;AM;A2505;00019200000013199773;MultiModal;06/07/2026 00:22;07/07/2026 16:07;13/07/2026 00:34;14/07/2026 16:05
CAIXA 130L;CAIXA 130L COM BERÇO;2 C a 8 C;558449;AM;A7450;00019200000013199781;MultiModal;06/07/2026 00:22;07/07/2026 16:07;13/07/2026 00:34;14/07/2026 16:05
CAIXA 130L;CAIXA 130L COM BERÇO;2 C a 8 C;558449;AM;A9214;00019200000013199790;MultiModal;06/07/2026 00:22;07/07/2026 16:07;09/07/2026 03:27;13/07/2026 13:20
CAIXA 130L;CAIXA 130L COM BERÇO;2 C a 8 C;558449;AM;A5828;00019200000013199803;MultiModal;06/07/2026 00:22;07/07/2026 16:07;09/07/2026 03:27;13/07/2026 13:20
CAIXA 130L;CAIXA 130L COM BERÇO;2 C a 8 C;558449;AM;A9052;00019200000013199811;MultiModal;06/07/2026 00:22;07/07/2026 16:07;13/07/2026 10:50;14/07/2026 16:00
CAIXA 130L;CAIXA 130L COM BERÇO;2 C a 8 C;558449;AM;A0163;00019200000013199820;MultiModal;06/07/2026 00:22;07/07/2026 16:07;13/07/2026 10:50;14/07/2026 16:00
CAIXA 130L;CAIXA 130L COM BERÇO;2 C a 8 C;558449;AM;A4010;00019200000013199838;MultiModal;06/07/2026 00:22;07/07/2026 16:07;13/07/2026 10:50;14/07/2026 16:00
CAIXA 130L;CAIXA 130L COM BERÇO;2 C a 8 C;558449;AM;A8469;00019200000013199846;MultiModal;06/07/2026 00:22;07/07/2026 16:07;13/07/2026 10:50;14/07/2026 16:00
CAIXA 130L;CAIXA 130L COM BERÇO;2 C a 8 C;558449;AM;A2187;00019200000013199854;MultiModal;06/07/2026 00:22;07/07/2026 16:07;13/07/2026 10:50;14/07/2026 16:00
CAIXA 130L;CAIXA 130L COM BERÇO;2 C a 8 C;558449;AM;A5175;00019200000013199862;MultiModal;06/07/2026 00:22;07/07/2026 16:07;13/07/2026 10:50;14/07/2026 16:00
CAIXA 130L;CAIXA 130L COM BERÇO;2 C a 8 C;558449;AM;A4472;00019200000013199870;MultiModal;06/07/2026 00:22;07/07/2026 16:07;13/07/2026 10:50;14/07/2026 16:00
CAIXA 130L;CAIXA 130L COM BERÇO;2 C a 8 C;558449;AM;A1940;00019200000013199900;MultiModal;06/07/2026 00:22;07/07/2026 16:07;13/07/2026 10:50;14/07/2026 16:00
CAIXA 130L;CAIXA 130L COM BERÇO;2 C a 8 C;558449;AM;A8105;00019200000013199919;MultiModal;06/07/2026 00:22;07/07/2026 16:07;13/07/2026 10:50;14/07/2026 16:00
CAIXA 130L;CAIXA 130L COM BERÇO;2 C a 8 C;558449;AM;A7935;00019200000013199927;MultiModal;06/07/2026 00:22;07/07/2026 16:07;13/07/2026 10:50;14/07/2026 16:00
CAIXA 130L;CAIXA 130L COM BERÇO;2 C a 8 C;558449;AM;A6441;00019200000013199935;MultiModal;06/07/2026 00:22;07/07/2026 16:07;13/07/2026 10:50;14/07/2026 16:00
CAIXA 130L;CAIXA 130L COM BERÇO;2 C a 8 C;558449;AM;A5635;00019200000013199943;MultiModal;06/07/2026 00:22;07/07/2026 16:07;09/07/2026 03:27;13/07/2026 13:20
CAIXA 130L;CAIXA 130L COM BERÇO;2 C a 8 C;558449;AM;TA0060;00019200000013199951;MultiModal;06/07/2026 00:22;07/07/2026 16:07;09/07/2026 03:27;13/07/2026 13:20
CAIXA 130L;CAIXA 130L COM BERÇO;2 C a 8 C;558449;AM;A5790;00019200000013199960;MultiModal;06/07/2026 00:22;07/07/2026 16:07;09/07/2026 03:27;13/07/2026 13:20
CAIXA 130L;CAIXA 130L COM BERÇO;2 C a 8 C;558449;AM;A3479;00019200000013199978;MultiModal;06/07/2026 00:22;07/07/2026 16:07;09/07/2026 03:27;13/07/2026 13:20
CAIXA 130L;CAIXA 130L COM BERÇO;2 C a 8 C;558449;AM;A0130;00019200000013199986;MultiModal;06/07/2026 00:22;07/07/2026 16:07;13/07/2026 10:50;14/07/2026 16:00
CAIXA 130L;CAIXA 130L COM BERÇO;2 C a 8 C;558449;AM;A9335;00019200000013199994;MultiModal;06/07/2026 00:22;07/07/2026 16:07;13/07/2026 10:50;14/07/2026 16:00
CAIXA 130L;CAIXA 130L COM BERÇO;2 C a 8 C;558449;AM;A0693;00019200000013200003;MultiModal;06/07/2026 00:22;07/07/2026 16:07;13/07/2026 10:50;14/07/2026 16:00
CAIXA 130L;CAIXA 130L COM BERÇO;2 C a 8 C;558449;AM;A6456;00019200000013200011;MultiModal;06/07/2026 00:22;07/07/2026 16:07;13/07/2026 10:50;14/07/2026 16:00
CAIXA 130L;CAIXA 130L COM BERÇO;2 C a 8 C;558449;AM;A7372;00019200000013200020;MultiModal;06/07/2026 00:22;07/07/2026 16:07;13/07/2026 10:50;14/07/2026 16:00
CAIXA 130L;CAIXA 130L COM BERÇO;2 C a 8 C;558449;AM;A8936;00019200000013200038;MultiModal;06/07/2026 00:22;07/07/2026 16:07;13/07/2026 10:50;14/07/2026 16:00
CAIXA 130L;CAIXA 130L COM BERÇO;2 C a 8 C;558449;AM;A9340;00019200000013200046;MultiModal;06/07/2026 00:22;07/07/2026 16:07;13/07/2026 10:50;14/07/2026 16:00
CAIXA 130L;CAIXA 130L COM BERÇO;2 C a 8 C;558449;AM;TA1052;00019200000013200054;MultiModal;06/07/2026 00:22;07/07/2026 16:07;13/07/2026 10:50;14/07/2026 16:00
CAIXA 130L;CAIXA 130L COM BERÇO;2 C a 8 C;558449;AM;A0514;00019200000013200062;MultiModal;06/07/2026 00:22;07/07/2026 16:07;13/07/2026 10:50;14/07/2026 16:00
CAIXA 130L;CAIXA 130L COM BERÇO;2 C a 8 C;558449;AM;A3277;00019200000013200070;MultiModal;06/07/2026 00:22;07/07/2026 16:07;06/07/2026 00:22;08/07/2026 12:41
CAIXA 130L;CAIXA 130L COM BERÇO;2 C a 8 C;558449;AM;TA0857;00019200000013200089;MultiModal;06/07/2026 00:22;07/07/2026 16:07;06/07/2026 00:22;08/07/2026 12:41
CAIXA 130L;CAIXA 130L COM BERÇO;2 C a 8 C;558449;AM;A5092;00019200000013200097;MultiModal;06/07/2026 00:22;07/07/2026 16:07;13/07/2026 00:34;14/07/2026 16:05
CAIXA 130L;CAIXA 130L COM BERÇO;2 C a 8 C;558449;AM;A7328;00019200000013200100;MultiModal;06/07/2026 00:22;07/07/2026 16:07;06/07/2026 00:22;08/07/2026 12:41
CAIXA 130L;CAIXA 130L COM BERÇO;2 C a 8 C;558449;AM;A6231;00019200000013200119;MultiModal;06/07/2026 00:22;07/07/2026 16:07;06/07/2026 00:22;08/07/2026 12:41
CAIXA 130L;CAIXA 130L COM BERÇO;2 C a 8 C;558449;AM;TA1124;00019200000013201255;MultiModal;06/07/2026 00:22;07/07/2026 16:07;06/07/2026 00:22;08/07/2026 12:41
CAIXA 130L;CAIXA 130L COM BERÇO;2 C a 8 C;558449;AM;A6262;00019200000013201263;MultiModal;06/07/2026 00:22;07/07/2026 16:07;06/07/2026 00:22;08/07/2026 12:41
CAIXA 130L;CAIXA 130L COM BERÇO;2 C a 8 C;558449;AM;A6438;00019200000013201271;MultiModal;06/07/2026 00:22;07/07/2026 16:07;06/07/2026 00:22;08/07/2026 12:41
CAIXA 130L;CAIXA 130L COM BERÇO;2 C a 8 C;558449;AM;A5339;00019200000013201280;MultiModal;06/07/2026 00:22;07/07/2026 16:07;06/07/2026 00:22;08/07/2026 12:41
CAIXA 130L;CAIXA 130L COM BERÇO;2 C a 8 C;558449;AM;TA0714;00019200000013201298;MultiModal;06/07/2026 00:22;07/07/2026 16:07;06/07/2026 00:22;08/07/2026 12:41
CAIXA 130L;CAIXA 130L COM BERÇO;2 C a 8 C;558449;AM;A3245;00019200000013201336;MultiModal;06/07/2026 00:22;07/07/2026 16:07;06/07/2026 00:22;08/07/2026 12:41
CAIXA 130L;CAIXA 130L COM BERÇO;2 C a 8 C;558450;AM;A5832;00019200000013197584;MultiModal;02/07/2026 00:10;03/07/2026 11:34;02/07/2026 00:10;03/07/2026 11:37
CAIXA 130L;CAIXA 130L COM BERÇO;2 C a 8 C;558450;AM;TA1160;00019200000013197592;MultiModal;02/07/2026 00:10;03/07/2026 11:34;02/07/2026 03:18;03/07/2026 11:45
CAIXA 130L;CAIXA 130L COM BERÇO;2 C a 8 C;558450;AM;A5079;00019200000013197606;MultiModal;02/07/2026 00:10;03/07/2026 11:34;06/07/2026 04:05;07/07/2026 11:00
CAIXA 130L;CAIXA 130L COM BERÇO;2 C a 8 C;558450;AM;A3470;00019200000013197614;MultiModal;02/07/2026 00:10;03/07/2026 11:34;02/07/2026 00:10;03/07/2026 11:37
CAIXA 130L;CAIXA 130L COM BERÇO;2 C a 8 C;558450;AM;A2833;00019200000013197622;MultiModal;02/07/2026 00:10;03/07/2026 11:34;06/07/2026 04:05;07/07/2026 11:00
CAIXA 130L;CAIXA 130L COM BERÇO;2 C a 8 C;558450;AM;TA1086;00019200000013197630;MultiModal;02/07/2026 00:10;03/07/2026 11:34;06/07/2026 04:05;07/07/2026 11:00
CAIXA 130L;CAIXA 130L COM BERÇO;2 C a 8 C;558450;AM;TA0425;00019200000013197649;MultiModal;02/07/2026 00:10;03/07/2026 11:34;02/07/2026 00:10;03/07/2026 11:37
CAIXA 130L;CAIXA 130L COM BERÇO;2 C a 8 C;558450;AM;A8097;00019200000013197657;MultiModal;02/07/2026 00:10;03/07/2026 11:34;02/07/2026 00:10;03/07/2026 11:37
CAIXA 130L;CAIXA 130L COM BERÇO;2 C a 8 C;558450;AM;A7535;00019200000013197665;MultiModal;02/07/2026 00:10;03/07/2026 11:34;02/07/2026 00:10;03/07/2026 11:37
CAIXA 130L;CAIXA 130L COM BERÇO;2 C a 8 C;558450;AM;A6865;00019200000013197673;MultiModal;02/07/2026 00:10;03/07/2026 11:34;06/07/2026 04:05;07/07/2026 11:00
CAIXA 130L;CAIXA 130L COM BERÇO;2 C a 8 C;558450;AM;A7745;00019200000013197681;MultiModal;02/07/2026 00:10;03/07/2026 11:34;06/07/2026 04:05;07/07/2026 11:00
CAIXA 130L;CAIXA 130L COM BERÇO;2 C a 8 C;558450;AM;A3899;00019200000013197690;MultiModal;02/07/2026 00:10;03/07/2026 11:34;06/07/2026 04:05;07/07/2026 11:00
CAIXA 130L;CAIXA 130L COM BERÇO;2 C a 8 C;558450;AM;TA0600;00019200000013197703;MultiModal;02/07/2026 00:10;03/07/2026 11:34;06/07/2026 04:05;07/07/2026 11:00
CAIXA 130L;CAIXA 130L COM BERÇO;2 C a 8 C;558450;AM;A7430;00019200000013197711;MultiModal;02/07/2026 00:10;03/07/2026 11:34;02/07/2026 03:18;03/07/2026 11:45
CAIXA 130L;CAIXA 130L COM BERÇO;2 C a 8 C;558450;AM;A2759;00019200000013197720;MultiModal;02/07/2026 00:10;03/07/2026 11:34;06/07/2026 04:05;07/07/2026 11:00
CAIXA 130L;CAIXA 130L COM BERÇO;2 C a 8 C;558450;AM;A7421;00019200000013197738;MultiModal;02/07/2026 00:10;03/07/2026 11:34;06/07/2026 04:05;07/07/2026 11:00
CAIXA 130L;CAIXA 130L COM BERÇO;2 C a 8 C;558450;AM;A3719;00019200000013197746;MultiModal;02/07/2026 00:10;03/07/2026 11:34;06/07/2026 04:05;07/07/2026 11:00
CAIXA 130L;CAIXA 130L COM BERÇO;2 C a 8 C;558450;AM;A3238;00019200000013197754;MultiModal;02/07/2026 00:10;03/07/2026 11:34;02/07/2026 00:10;03/07/2026 11:37
CAIXA 130L;CAIXA 130L COM BERÇO;2 C a 8 C;558450;AM;A6375;00019200000013197762;MultiModal;02/07/2026 00:10;03/07/2026 11:34;06/07/2026 04:05;07/07/2026 11:00
CAIXA 130L;CAIXA 130L COM BERÇO;2 C a 8 C;558450;AM;A3315;00019200000013197770;MultiModal;02/07/2026 00:10;03/07/2026 11:34;02/07/2026 00:10;03/07/2026 11:37
CAIXA 130L;CAIXA 130L COM BERÇO;2 C a 8 C;558450;AM;A3916;00019200000013197789;MultiModal;02/07/2026 00:10;03/07/2026 11:34;06/07/2026 04:05;07/07/2026 11:00
CAIXA 130L;CAIXA 130L COM BERÇO;2 C a 8 C;558450;AM;A3327;00019200000013197797;MultiModal;02/07/2026 00:10;03/07/2026 11:34;06/07/2026 04:05;07/07/2026 11:00
CAIXA 130L;CAIXA 130L COM BERÇO;2 C a 8 C;558450;AM;A2863;00019200000013197800;MultiModal;02/07/2026 00:10;03/07/2026 11:34;06/07/2026 04:05;07/07/2026 11:00
CAIXA 130L;CAIXA 130L COM BERÇO;2 C a 8 C;558450;AM;A6820;00019200000013197819;MultiModal;02/07/2026 00:10;03/07/2026 11:34;02/07/2026 03:18;03/07/2026 11:45
CAIXA 130L;CAIXA 130L COM BERÇO;2 C a 8 C;558450;AM;A4053;00019200000013197827;MultiModal;02/07/2026 00:10;03/07/2026 11:34;02/07/2026 03:18;03/07/2026 11:45
CAIXA 130L;CAIXA 130L COM BERÇO;2 C a 8 C;558450;AM;A1077;00019200000013197835;MultiModal;02/07/2026 00:10;03/07/2026 11:34;02/07/2026 03:18;03/07/2026 11:45
CAIXA 130L;CAIXA 130L COM BERÇO;2 C a 8 C;558450;AM;A7206;00019200000013197843;MultiModal;02/07/2026 00:10;03/07/2026 11:34;02/07/2026 00:10;03/07/2026 11:37
CAIXA 130L;CAIXA 130L COM BERÇO;2 C a 8 C;558450;AM;A5929;00019200000013197851;MultiModal;02/07/2026 00:10;03/07/2026 11:34;02/07/2026 03:18;03/07/2026 11:45
CAIXA 130L;CAIXA 130L COM BERÇO;2 C a 8 C;558450;AM;A3318;00019200000013197860;MultiModal;02/07/2026 00:10;03/07/2026 11:34;02/07/2026 00:10;03/07/2026 11:37
CAIXA 130L;CAIXA 130L COM BERÇO;2 C a 8 C;558450;AM;A2625;00019200000013197878;MultiModal;02/07/2026 00:10;03/07/2026 11:34;06/07/2026 04:05;07/07/2026 11:00
CAIXA 130L;CAIXA 130L COM BERÇO;2 C a 8 C;558450;AM;A3514;00019200000013197886;MultiModal;02/07/2026 00:10;03/07/2026 11:34;06/07/2026 04:05;07/07/2026 11:00
CAIXA 130L;CAIXA 130L COM BERÇO;2 C a 8 C;558450;AM;A3576;00019200000013197894;MultiModal;02/07/2026 00:10;03/07/2026 11:34;06/07/2026 04:05;07/07/2026 11:00
CAIXA 130L;CAIXA 130L COM BERÇO;2 C a 8 C;558450;AM;A7477;00019200000013197908;MultiModal;02/07/2026 00:10;03/07/2026 11:34;06/07/2026 04:05;07/07/2026 11:00
CAIXA 130L;CAIXA 130L COM BERÇO;2 C a 8 C;558450;AM;A8476;00019200000013197916;MultiModal;02/07/2026 00:10;03/07/2026 11:34;06/07/2026 04:05;07/07/2026 11:00
CAIXA 130L;CAIXA 130L COM BERÇO;2 C a 8 C;558450;AM;A9160;00019200000013197924;MultiModal;02/07/2026 00:10;03/07/2026 11:34;06/07/2026 04:05;07/07/2026 11:00
CAIXA 130L;CAIXA 130L COM BERÇO;2 C a 8 C;558450;AM;A8462;00019200000013197932;MultiModal;02/07/2026 00:10;03/07/2026 11:34;02/07/2026 03:18;03/07/2026 11:45
CAIXA 130L;CAIXA 130L COM BERÇO;2 C a 8 C;558450;AM;A8949;00019200000013197940;MultiModal;02/07/2026 00:10;03/07/2026 11:34;02/07/2026 03:18;03/07/2026 11:45
CAIXA 130L;CAIXA 130L COM BERÇO;2 C a 8 C;558450;AM;A7278;00019200000013197959;MultiModal;02/07/2026 00:10;03/07/2026 11:34;06/07/2026 04:05;07/07/2026 11:00
CAIXA 130L;CAIXA 130L COM BERÇO;2 C a 8 C;558450;AM;A6955;00019200000013197967;MultiModal;02/07/2026 00:10;03/07/2026 11:34;02/07/2026 03:18;03/07/2026 11:45
CAIXA 130L;CAIXA 130L COM BERÇO;2 C a 8 C;558450;AM;A8640;00019200000013197975;MultiModal;02/07/2026 00:10;03/07/2026 11:34;06/07/2026 04:05;07/07/2026 11:00
CAIXA 130L;CAIXA 130L COM BERÇO;2 C a 8 C;558450;AM;A4940;00019200000013197983;MultiModal;02/07/2026 00:10;03/07/2026 11:34;06/07/2026 04:05;07/07/2026 11:00
CAIXA 130L;CAIXA 130L COM BERÇO;2 C a 8 C;558450;AM;A3813;00019200000013197991;MultiModal;02/07/2026 00:10;03/07/2026 11:34;06/07/2026 04:05;07/07/2026 11:00
CAIXA 130L;CAIXA 130L COM BERÇO;2 C a 8 C;558450;AM;A9566;00019200000013198009;MultiModal;02/07/2026 00:10;03/07/2026 11:34;06/07/2026 04:05;07/07/2026 11:00
CAIXA 130L;CAIXA 130L COM BERÇO;2 C a 8 C;558450;AM;A4967;00019200000013198017;MultiModal;02/07/2026 00:10;03/07/2026 11:34;06/07/2026 04:05;07/07/2026 11:00
CAIXA 130L;CAIXA 130L COM BERÇO;2 C a 8 C;558450;AM;A6278;00019200000013198025;MultiModal;02/07/2026 00:10;03/07/2026 11:34;02/07/2026 03:18;03/07/2026 11:45
CAIXA 130L;CAIXA 130L COM BERÇO;2 C a 8 C;558450;AM;A4387;00019200000013198033;MultiModal;02/07/2026 00:10;03/07/2026 11:34;06/07/2026 04:05;07/07/2026 11:00
CAIXA 130L;CAIXA 130L COM BERÇO;2 C a 8 C;558450;AM;A2119;00019200000013198041;MultiModal;02/07/2026 00:10;03/07/2026 11:34;02/07/2026 00:10;03/07/2026 11:37
CAIXA 130L;CAIXA 130L COM BERÇO;2 C a 8 C;558450;AM;A7501;00019200000013198050;MultiModal;02/07/2026 00:10;03/07/2026 11:34;06/07/2026 04:05;07/07/2026 11:00
CAIXA 130L;CAIXA 130L COM BERÇO;2 C a 8 C;558450;AM;A5924;00019200000013198068;MultiModal;02/07/2026 00:10;03/07/2026 11:34;06/07/2026 04:05;07/07/2026 11:00
CAIXA 130L;CAIXA 130L COM BERÇO;2 C a 8 C;558450;AM;A1072;00019200000013198076;MultiModal;02/07/2026 00:10;03/07/2026 11:34;02/07/2026 00:10;03/07/2026 11:37
CAIXA 130L;CAIXA 130L COM BERÇO;2 C a 8 C;558450;AM;A3351;00019200000013198190;MultiModal;02/07/2026 00:10;03/07/2026 11:34;02/07/2026 03:18;03/07/2026 11:45
CAIXA 130L;CAIXA 130L COM BERÇO;2 C a 8 C;558450;AM;A5315;00019200000013198203;MultiModal;02/07/2026 00:10;03/07/2026 11:34;02/07/2026 00:10;03/07/2026 11:37
CAIXA 130L;CAIXA 130L COM BERÇO;2 C a 8 C;558450;AM;A4140;00019200000013198211;MultiModal;02/07/2026 00:10;03/07/2026 11:34;02/07/2026 03:18;03/07/2026 11:45
CAIXA 130L;CAIXA 130L COM BERÇO;2 C a 8 C;558450;AM;A2753;00019200000013198220;MultiModal;02/07/2026 00:10;03/07/2026 11:34;02/07/2026 00:10;03/07/2026 11:37
CAIXA 130L;CAIXA 130L COM BERÇO;2 C a 8 C;558450;AM;A7716;00019200000013198238;MultiModal;02/07/2026 00:10;03/07/2026 11:34;02/07/2026 00:10;03/07/2026 11:37
CAIXA 130L;CAIXA 130L COM BERÇO;2 C a 8 C;558450;AM;A0280;00019200000013198246;MultiModal;02/07/2026 00:10;03/07/2026 11:34;02/07/2026 03:18;03/07/2026 11:45
CAIXA 130L;CAIXA 130L COM BERÇO;2 C a 8 C;558450;AM;TA0042;00019200000013198254;MultiModal;02/07/2026 00:10;03/07/2026 11:34;02/07/2026 03:18;03/07/2026 11:45
CAIXA 130L;CAIXA 130L COM BERÇO;2 C a 8 C;558450;AM;A6407;00019200000013198262;MultiModal;02/07/2026 00:10;03/07/2026 11:34;02/07/2026 03:18;03/07/2026 11:45
CAIXA 130L;CAIXA 130L COM BERÇO;2 C a 8 C;558450;AM;TA0960;00019200000013198270;MultiModal;02/07/2026 00:10;03/07/2026 11:34;02/07/2026 03:18;03/07/2026 11:45
CAIXA 130L;CAIXA 130L COM BERÇO;2 C a 8 C;558450;AM;A4359;00019200000013198289;MultiModal;02/07/2026 00:10;03/07/2026 11:34;02/07/2026 00:10;03/07/2026 11:37
CAIXA 130L;CAIXA 130L COM BERÇO;2 C a 8 C;558450;AM;TA0772;00019200000013198297;MultiModal;02/07/2026 00:10;03/07/2026 11:34;02/07/2026 03:18;03/07/2026 11:45
CAIXA 130L;CAIXA 130L COM BERÇO;2 C a 8 C;558450;AM;A1908;00019200000013198300;MultiModal;02/07/2026 00:10;03/07/2026 11:34;02/07/2026 03:18;03/07/2026 11:45
CAIXA 130L;CAIXA 130L COM BERÇO;2 C a 8 C;558450;AM;A3405;00019200000013198335;MultiModal;02/07/2026 00:10;03/07/2026 11:34;02/07/2026 00:10;03/07/2026 11:37
CAIXA 130L;CAIXA 130L COM BERÇO;2 C a 8 C;558450;AM;A6647;00019200000013198343;MultiModal;02/07/2026 00:10;03/07/2026 11:34;02/07/2026 00:10;03/07/2026 11:37
CAIXA 130L;CAIXA 130L COM BERÇO;2 C a 8 C;558450;AM;A3836;00019200000013198351;MultiModal;02/07/2026 00:10;03/07/2026 11:34;02/07/2026 00:10;03/07/2026 11:37
CAIXA 130L;CAIXA 130L COM BERÇO;2 C a 8 C;558450;AM;A3681;00019200000013198360;MultiModal;02/07/2026 00:10;03/07/2026 11:34;02/07/2026 00:10;03/07/2026 11:37
CAIXA 130L;CAIXA 130L COM BERÇO;2 C a 8 C;558450;AM;TA1022;00019200000013198378;MultiModal;02/07/2026 00:10;03/07/2026 11:34;02/07/2026 00:10;03/07/2026 11:37
CAIXA 130L;CAIXA 130L COM BERÇO;2 C a 8 C;558450;AM;A6501;00019200000013198386;MultiModal;02/07/2026 00:10;03/07/2026 11:34;02/07/2026 03:18;03/07/2026 11:45
CAIXA 130L;CAIXA 130L COM BERÇO;2 C a 8 C;558450;AM;A6599;00019200000013198858;MultiModal;02/07/2026 00:10;03/07/2026 11:34;02/07/2026 03:18;03/07/2026 11:45
CAIXA 130L;CAIXA 130L COM BERÇO;2 C a 8 C;558450;AM;A6356;00019200000013199889;MultiModal;02/07/2026 00:10;03/07/2026 11:34;06/07/2026 04:05;07/07/2026 11:00
CAIXA 130L;CAIXA 130L COM BERÇO;2 C a 8 C;558450;AM;TA0275;00019200000013200984;MultiModal;02/07/2026 00:10;03/07/2026 11:34;06/07/2026 04:05;07/07/2026 11:00
CAIXA 130L;CAIXA 130L COM BERÇO;2 C a 8 C;558450;AM;A4188;00019200000013200992;MultiModal;02/07/2026 00:10;03/07/2026 11:34;06/07/2026 04:05;07/07/2026 11:00
CAIXA 130L;CAIXA 130L COM BERÇO;2 C a 8 C;558450;AM;A7644;00019200000013201000;MultiModal;02/07/2026 00:10;03/07/2026 11:34;06/07/2026 04:05;07/07/2026 11:00
CAIXA 130L;CAIXA 130L COM BERÇO;2 C a 8 C;558450;AM;A7756;00019200000013201018;MultiModal;02/07/2026 00:10;03/07/2026 11:34;06/07/2026 04:05;07/07/2026 11:00
CAIXA 130L;CAIXA 130L COM BERÇO;2 C a 8 C;558450;AM;A6893;00019200000013201026;MultiModal;02/07/2026 00:10;03/07/2026 11:34;06/07/2026 04:05;07/07/2026 11:00
CAIXA 130L;CAIXA 130L COM BERÇO;2 C a 8 C;558829;AM;A5005;00019200000013253387;MultiModal;01/07/2026 04:24;02/07/2026 14:53;01/07/2026 04:24;02/07/2026 15:42
CAIXA 130L;CAIXA 130L COM BERÇO;2 C a 8 C;558829;AM;A9342;00019200000013253395;MultiModal;01/07/2026 04:24;02/07/2026 14:53;01/07/2026 04:24;02/07/2026 15:42
CAIXA 130L;CAIXA 130L COM BERÇO;2 C a 8 C;558829;AM;A7425;00019200000013253409;MultiModal;01/07/2026 04:24;02/07/2026 14:53;01/07/2026 04:24;02/07/2026 15:42
CAIXA 130L;CAIXA 130L COM BERÇO;2 C a 8 C;558830;AM;A5181;00019200000013246763;MultiModal;01/07/2026 05:33;02/07/2026 12:52;01/07/2026 05:33;02/07/2026 12:54
CAIXA 130L;CAIXA 130L COM BERÇO;2 C a 8 C;558830;AM;TA1047;00019200000013246771;MultiModal;01/07/2026 05:33;02/07/2026 12:52;01/07/2026 05:33;02/07/2026 12:54
CAIXA 130L;CAIXA 130L COM BERÇO;2 C a 8 C;558830;AM;A5675;00019200000013246780;MultiModal;01/07/2026 05:33;02/07/2026 12:52;01/07/2026 05:33;02/07/2026 12:54
CAIXA 130L;CAIXA 130L COM BERÇO;2 C a 8 C;558830;AM;A7279;00019200000013246798;MultiModal;01/07/2026 05:33;02/07/2026 12:52;01/07/2026 05:33;02/07/2026 12:54
CAIXA 130L;CAIXA 130L COM BERÇO;2 C a 8 C;558830;AM;TA1052;00019200000013246801;MultiModal;01/07/2026 05:33;02/07/2026 12:52;01/07/2026 05:33;02/07/2026 12:54
CAIXA 130L;CAIXA 130L COM BERÇO;2 C a 8 C;558830;AM;A6165;00019200000013246810;MultiModal;01/07/2026 05:33;02/07/2026 12:52;01/07/2026 05:33;02/07/2026 12:54
CAIXA 130L;CAIXA 130L COM BERÇO;2 C a 8 C;558830;AM;A8325;00019200000013246828;MultiModal;01/07/2026 05:33;02/07/2026 12:52;01/07/2026 05:33;02/07/2026 12:54
CAIXA 130L;CAIXA 130L COM BERÇO;2 C a 8 C;558830;AM;A9444;00019200000013246836;MultiModal;01/07/2026 05:33;02/07/2026 12:52;01/07/2026 05:33;02/07/2026 12:54
CAIXA 130L;CAIXA 130L COM BERÇO;2 C a 8 C;558830;AM;A8505;00019200000013246844;MultiModal;01/07/2026 05:33;02/07/2026 12:52;01/07/2026 05:33;02/07/2026 12:54
CAIXA 130L;CAIXA 130L COM BERÇO;2 C a 8 C;558830;AM;A6323;00019200000013246852;MultiModal;01/07/2026 05:33;02/07/2026 12:52;01/07/2026 05:33;02/07/2026 12:54
CAIXA 130L;CAIXA 130L COM BERÇO;2 C a 8 C;558830;AM;A6451;00019200000013246860;MultiModal;01/07/2026 05:33;02/07/2026 12:52;01/07/2026 05:33;02/07/2026 12:54
CAIXA 130L;CAIXA 130L COM BERÇO;2 C a 8 C;559388;AM;A3702;00019200000013254421;MultiModal;01/07/2026 04:24;02/07/2026 08:31;01/07/2026 04:24;09/07/2026 13:17
CAIXA 130L;CAIXA 130L COM BERÇO;2 C a 8 C;559388;AM;A7494;00019200000013254430;MultiModal;01/07/2026 04:24;02/07/2026 08:31;01/07/2026 04:24;09/07/2026 13:17
CAIXA 130L;CAIXA 130L COM BERÇO;2 C a 8 C;559388;AM;A7671;00019200000013254448;MultiModal;01/07/2026 04:24;02/07/2026 08:31;01/07/2026 04:24;09/07/2026 13:17
CAIXA 130L;CAIXA 130L COM BERÇO;2 C a 8 C;559388;AM;A2419;00019200000013254456;MultiModal;01/07/2026 04:24;02/07/2026 08:31;01/07/2026 04:24;09/07/2026 13:17
CAIXA 130L;CAIXA 130L COM BERÇO;2 C a 8 C;559636;AM;A6852;00019200000013428349;MultiModal;02/07/2026 00:10;03/07/2026 13:07;02/07/2026 00:10;03/07/2026 13:09
CAIXA 130L;CAIXA 130L COM BERÇO;2 C a 8 C;559636;AM;A2083;00019200000013428357;MultiModal;02/07/2026 00:10;03/07/2026 13:07;02/07/2026 00:10;03/07/2026 13:09
CAIXA 130L;CAIXA 130L COM BERÇO;2 C a 8 C;559643;AM;A3999;00019200000013428179;MultiModal;02/07/2026 00:18;03/07/2026 13:34;02/07/2026 00:18;03/07/2026 13:34
CAIXA 130L;CAIXA 130L COM BERÇO;2 C a 8 C;559985;AM;A8699;00019200000013419650;MultiModal;07/07/2026 06:03;08/07/2026 12:16;07/07/2026 06:03;08/07/2026 12:17
CAIXA 130L;CAIXA 130L COM BERÇO;2 C a 8 C;559985;AM;A7029;00019200000013419668;MultiModal;07/07/2026 06:03;08/07/2026 12:16;07/07/2026 06:03;08/07/2026 12:17
CAIXA 130L;CAIXA 130L COM BERÇO;2 C a 8 C;559985;AM;A9122;00019200000013419676;MultiModal;07/07/2026 06:03;08/07/2026 12:16;07/07/2026 06:03;08/07/2026 12:17
CAIXA 130L;CAIXA 130L COM BERÇO;2 C a 8 C;559985;AM;A7276;00019200000013419684;MultiModal;07/07/2026 06:03;08/07/2026 12:16;07/07/2026 06:03;08/07/2026 12:17
CAIXA 130L;CAIXA 130L COM BERÇO;2 C a 8 C;559985;AM;TA0211;00019200000013419692;MultiModal;07/07/2026 06:03;08/07/2026 12:16;07/07/2026 06:03;08/07/2026 12:17
CAIXA 130L;CAIXA 130L COM BERÇO;2 C a 8 C;560809;AM;A3096;00019200000013475401;MultiModal;20/07/2026 04:20;21/07/2026 15:00;20/07/2026 04:20;21/07/2026 16:16
CAIXA 130L;CAIXA 130L COM BERÇO;2 C a 8 C;560849;AM;A7372;00019200000013472704;MultiModal;20/07/2026 04:20;21/07/2026 12:15;20/07/2026 04:20;21/07/2026 12:15
CAIXA 130L;CAIXA 130L COM BERÇO;2 C a 8 C;560849;AM;A7776;00019200000013472712;MultiModal;20/07/2026 04:20;21/07/2026 12:15;20/07/2026 04:20;21/07/2026 12:15
CAIXA 130L;CAIXA 130L COM BERÇO;2 C a 8 C;560849;AM;A9468;00019200000013472720;MultiModal;20/07/2026 04:20;21/07/2026 12:15;20/07/2026 04:20;21/07/2026 12:15
CAIXA 130L;CAIXA 130L COM BERÇO;2 C a 8 C;560849;AM;A9453;00019200000013472739;MultiModal;20/07/2026 04:20;21/07/2026 12:15;20/07/2026 04:20;21/07/2026 12:15
CAIXA 130L;CAIXA 130L COM BERÇO;2 C a 8 C;560849;AM;A0041;00019200000013472747;MultiModal;20/07/2026 04:20;21/07/2026 12:15;20/07/2026 04:20;21/07/2026 12:15
CAIXA 130L;CAIXA 130L COM BERÇO;2 C a 8 C;560849;AM;A5555;00019200000013472844;MultiModal;20/07/2026 04:20;21/07/2026 12:15;20/07/2026 04:20;21/07/2026 12:15
CAIXA 130L;CAIXA 130L COM BERÇO;2 C a 8 C;560849;AM;A0618;00019200000013472852;MultiModal;20/07/2026 04:20;21/07/2026 12:15;20/07/2026 04:20;21/07/2026 12:15
CAIXA 130L;CAIXA 130L COM BERÇO;2 C a 8 C;560849;AM;TA0453;00019200000013472860;MultiModal;20/07/2026 04:20;21/07/2026 12:15;20/07/2026 04:20;21/07/2026 12:15
CAIXA 130L;CAIXA 130L COM BERÇO;2 C a 8 C;560849;AM;A9158;00019200000013472984;MultiModal;20/07/2026 04:20;21/07/2026 12:15;20/07/2026 04:20;21/07/2026 12:15
CAIXA 130L;CAIXA 130L COM BERÇO;2 C a 8 C;560849;AM;A7195;00019200000013473182;MultiModal;20/07/2026 04:20;21/07/2026 12:15;20/07/2026 04:20;21/07/2026 12:15
CAIXA 130L;CAIXA 130L COM BERÇO;2 C a 8 C;560854;AM;A8616;00019200000013475282;MultiModal;20/07/2026 00:16;21/07/2026 12:15;20/07/2026 00:16;21/07/2026 12:15
CAIXA 130L;CAIXA 130L COM BERÇO;2 C a 8 C;560854;AM;TA1235;00019200000013475290;MultiModal;20/07/2026 00:16;21/07/2026 12:15;20/07/2026 00:16;21/07/2026 12:15
CAIXA 130L;CAIXA 130L COM BERÇO;2 C a 8 C;560854;AM;A9489;00019200000013475304;MultiModal;20/07/2026 00:16;21/07/2026 12:15;20/07/2026 00:16;21/07/2026 12:15
CAIXA 130L;CAIXA 130L COM BERÇO;2 C a 8 C;560854;AM;TA0834;00019200000013475312;MultiModal;20/07/2026 00:16;21/07/2026 12:15;20/07/2026 00:16;21/07/2026 12:15
CAIXA 130L;CAIXA 130L COM BERÇO;2 C a 8 C;560854;AM;TA0076;00019200000013475320;MultiModal;20/07/2026 00:16;21/07/2026 12:15;20/07/2026 00:16;21/07/2026 12:15
CAIXA 130L;CAIXA 130L COM BERÇO;2 C a 8 C;560854;AM;A6240;00019200000013475339;MultiModal;20/07/2026 00:16;21/07/2026 12:15;20/07/2026 00:16;21/07/2026 12:15
CAIXA 130L;CAIXA 130L COM BERÇO;2 C a 8 C;560854;AM;A6426;00019200000013475347;MultiModal;20/07/2026 00:16;21/07/2026 12:15;20/07/2026 00:16;21/07/2026 12:15
CAIXA 130L;CAIXA 130L COM BERÇO;2 C a 8 C;560854;AM;A6468;00019200000013475355;MultiModal;20/07/2026 00:16;21/07/2026 12:15;20/07/2026 00:16;21/07/2026 12:15
CAIXA 130L;CAIXA 130L COM BERÇO;2 C a 8 C;560854;AM;A0499;00019200000013475428;MultiModal;20/07/2026 00:16;21/07/2026 12:15;20/07/2026 00:16;21/07/2026 12:15
CAIXA 130L;CAIXA 130L COM BERÇO;2 C a 8 C;561295;AM;A6336;00019200000013773607;MultiModal;28/07/2026 22:20;-;28/07/2026 22:20;-
CAIXA 130L;CAIXA 130L COM BERÇO;2 C a 8 C;561295;AM;A7760;00019200000013773615;MultiModal;28/07/2026 22:20;-;28/07/2026 22:20;-
CAIXA 130L;CAIXA 130L COM BERÇO;2 C a 8 C;561295;AM;A5756;00019200000013773623;MultiModal;28/07/2026 22:20;-;28/07/2026 22:20;-
CAIXA 130L;CAIXA 130L COM BERÇO;2 C a 8 C;561295;AM;A6545;00019200000013773631;MultiModal;28/07/2026 22:20;-;28/07/2026 22:20;-
CAIXA 130L;CAIXA 130L COM BERÇO;2 C a 8 C;561295;AM;A0618;00019200000013773640;MultiModal;28/07/2026 22:20;-;28/07/2026 22:20;-
CAIXA 130L;CAIXA 130L COM BERÇO;2 C a 8 C;561295;AM;A5611;00019200000013773658;MultiModal;28/07/2026 22:20;-;28/07/2026 22:20;-
CAIXA 130L;CAIXA 130L COM BERÇO;2 C a 8 C;561295;AM;A6435;00019200000013773666;MultiModal;28/07/2026 22:20;-;28/07/2026 22:20;-
CAIXA 130L;CAIXA 130L COM BERÇO;2 C a 8 C;561295;AM;A9361;00019200000013773674;MultiModal;28/07/2026 22:20;-;28/07/2026 22:20;-
CAIXA 130L;CAIXA 130L COM BERÇO;2 C a 8 C;561295;AM;A6758;00019200000013773682;MultiModal;28/07/2026 22:20;-;28/07/2026 22:20;-
CAIXA 130L;CAIXA 130L COM BERÇO;2 C a 8 C;561295;AM;A1360;00019200000013773690;MultiModal;28/07/2026 22:20;-;28/07/2026 22:20;-
CAIXA 130L;CAIXA 130L COM BERÇO;2 C a 8 C;561295;AM;A6691;00019200000013773747;MultiModal;28/07/2026 22:20;-;-;-
CAIXA 130L;CAIXA 130L COM BERÇO;2 C a 8 C;561295;AM;A8270;00019200000013773828;MultiModal;28/07/2026 22:20;-;28/07/2026 22:20;-
CAIXA 130L;CAIXA 130L COM BERÇO;2 C a 8 C;561295;AM;TA0550;00019200000013773836;MultiModal;28/07/2026 22:20;-;28/07/2026 22:20;-
CAIXA 130L;CAIXA 130L COM BERÇO;2 C a 8 C;561295;AM;A4803;00019200000013773844;MultiModal;28/07/2026 22:20;-;-;-
CAIXA 130L;CAIXA 130L COM BERÇO;2 C a 8 C;561295;AM;A8590;00019200000013773852;MultiModal;28/07/2026 22:20;-;-;-
CAIXA 130L;CAIXA 130L COM BERÇO;2 C a 8 C;561295;AM;A6661;00019200000013773860;MultiModal;28/07/2026 22:20;-;28/07/2026 22:20;-
CAIXA 130L;CAIXA 130L COM BERÇO;2 C a 8 C;561295;AM;A6611;00019200000013773879;MultiModal;28/07/2026 22:20;-;-;-
CAIXA 130L;CAIXA 130L COM BERÇO;2 C a 8 C;561295;AM;A9085;00019200000013773887;MultiModal;28/07/2026 22:20;-;28/07/2026 22:20;-
CAIXA 130L;CAIXA 130L COM BERÇO;2 C a 8 C;561295;AM;A6985;00019200000013773895;MultiModal;28/07/2026 22:20;-;-;-
CAIXA 130L;CAIXA 130L COM BERÇO;2 C a 8 C;561295;AM;A2459;00019200000013776509;MultiModal;28/07/2026 22:20;-;28/07/2026 22:20;-
CAIXA 130L;CAIXA 130L COM BERÇO;2 C a 8 C;561295;AM;A7752;00019200000013776517;MultiModal;28/07/2026 22:20;-;28/07/2026 22:20;-
CAIXA 130L;CAIXA 130L COM BERÇO;2 C a 8 C;561295;AM;A2856;00019200000013776541;MultiModal;28/07/2026 22:20;-;28/07/2026 22:20;-
CAIXA 130L;CAIXA 130L COM BERÇO;2 C a 8 C;561295;AM;A5568;00019200000013780573;MultiModal;28/07/2026 22:20;-;28/07/2026 22:20;-
CAIXA 130L;CAIXA 130L COM BERÇO;2 C a 8 C;561295;AM;TA0349;00019200000013780581;MultiModal;28/07/2026 22:20;-;28/07/2026 22:20;-
CAIXA 130L;CAIXA 130L COM BERÇO;2 C a 8 C;561295;AM;A2785;00019200000013780590;MultiModal;28/07/2026 22:20;-;28/07/2026 22:20;-
CAIXA 130L;CAIXA 130L COM BERÇO;2 C a 8 C;561458;AM;A2641;00019200000013475363;MultiModal;20/07/2026 06:03;21/07/2026 14:18;20/07/2026 06:03;21/07/2026 19:16
CAIXA 130L;CAIXA 130L COM BERÇO;2 C a 8 C;558451;AP;A9241;00019200000013253271;MultiModal;01/07/2026 01:10;02/07/2026 15:10;01/07/2026 01:10;02/07/2026 15:10
CAIXA 130L;CAIXA 130L COM BERÇO;2 C a 8 C;558451;AP;A6733;00019200000013253280;MultiModal;01/07/2026 01:10;02/07/2026 15:10;01/07/2026 01:10;02/07/2026 15:10
CAIXA 130L;CAIXA 130L COM BERÇO;2 C a 8 C;558451;AP;TA0508;00019200000013253298;MultiModal;01/07/2026 01:10;02/07/2026 15:10;01/07/2026 01:10;02/07/2026 15:10
CAIXA 130L;CAIXA 130L COM BERÇO;2 C a 8 C;558451;AP;A7885;00019200000013253301;MultiModal;01/07/2026 01:10;02/07/2026 15:10;01/07/2026 01:10;02/07/2026 15:10
CAIXA 130L;CAIXA 130L COM BERÇO;2 C a 8 C;558451;AP;A8096;00019200000013253310;MultiModal;01/07/2026 01:10;02/07/2026 15:10;01/07/2026 01:10;02/07/2026 15:10
CAIXA 130L;CAIXA 130L COM BERÇO;2 C a 8 C;558451;AP;A6823;00019200000013253328;MultiModal;01/07/2026 01:10;02/07/2026 15:10;01/07/2026 01:10;02/07/2026 15:10
CAIXA 130L;CAIXA 130L COM BERÇO;2 C a 8 C;558451;AP;A8738;00019200000013253336;MultiModal;01/07/2026 01:10;02/07/2026 15:10;01/07/2026 01:10;02/07/2026 15:10
CAIXA 130L;CAIXA 130L COM BERÇO;2 C a 8 C;558451;AP;A5726;00019200000013253344;MultiModal;01/07/2026 01:10;02/07/2026 15:10;01/07/2026 01:10;02/07/2026 15:10
CAIXA 130L;CAIXA 130L COM BERÇO;2 C a 8 C;560654;AP;TA1034;00019200000013472950;MultiModal;20/07/2026 22:21;22/07/2026 16:46;20/07/2026 22:21;22/07/2026 16:46
CAIXA 130L;CAIXA 130L COM BERÇO;2 C a 8 C;560654;AP;A7860;00019200000013472968;MultiModal;20/07/2026 22:21;22/07/2026 16:46;20/07/2026 22:21;22/07/2026 16:46
CAIXA 130L;CAIXA 130L COM BERÇO;2 C a 8 C;560654;AP;A6811;00019200000013472976;MultiModal;20/07/2026 22:21;22/07/2026 16:46;20/07/2026 22:21;22/07/2026 16:46
CAIXA 130L;CAIXA 130L COM BERÇO;2 C a 8 C;560654;AP;A9621;00019200000013473034;MultiModal;20/07/2026 22:21;22/07/2026 16:46;20/07/2026 22:21;22/07/2026 16:46
CAIXA 130L;CAIXA 130L COM BERÇO;2 C a 8 C;560654;AP;A8552;00019200000013473042;MultiModal;20/07/2026 22:21;22/07/2026 16:46;20/07/2026 22:21;22/07/2026 16:46
CAIXA 130L;CAIXA 130L COM BERÇO;2 C a 8 C;560654;AP;A2944;00019200000013473050;MultiModal;20/07/2026 22:21;22/07/2026 16:46;20/07/2026 22:21;22/07/2026 16:46
CAIXA 130L;CAIXA 130L COM BERÇO;2 C a 8 C;560654;AP;TA0475;00019200000013473069;MultiModal;20/07/2026 22:21;22/07/2026 16:46;20/07/2026 22:21;22/07/2026 16:46
CAIXA 130L;CAIXA 130L COM BERÇO;2 C a 8 C;560654;AP;TA0698;00019200000013473077;MultiModal;20/07/2026 22:21;22/07/2026 16:46;20/07/2026 22:21;22/07/2026 16:46
CAIXA 130L;CAIXA 130L COM BERÇO;2 C a 8 C;560654;AP;TA0727;00019200000013473085;MultiModal;20/07/2026 22:21;22/07/2026 16:46;20/07/2026 22:21;22/07/2026 16:46
CAIXA 130L;CAIXA 130L COM BERÇO;2 C a 8 C;560654;AP;A2957;00019200000013473093;MultiModal;20/07/2026 22:21;22/07/2026 16:46;20/07/2026 22:21;22/07/2026 16:46
CAIXA 130L;CAIXA 130L COM BERÇO;2 C a 8 C;560654;AP;A6063;00019200000013473107;MultiModal;20/07/2026 22:21;22/07/2026 16:46;20/07/2026 22:21;22/07/2026 16:46
CAIXA 130L;CAIXA 130L COM BERÇO;2 C a 8 C;560654;AP;TA1229;00019200000013473115;MultiModal;20/07/2026 22:21;22/07/2026 16:46;21/07/2026 23:55;23/07/2026 11:40
CAIXA 130L;CAIXA 130L COM BERÇO;2 C a 8 C;560654;AP;A2428;00019200000013473123;MultiModal;20/07/2026 22:21;22/07/2026 16:46;21/07/2026 23:55;23/07/2026 11:40
CAIXA 130L;CAIXA 130L COM BERÇO;2 C a 8 C;560654;AP;A2697;00019200000013473131;MultiModal;20/07/2026 22:21;22/07/2026 16:46;21/07/2026 23:55;23/07/2026 11:40
CAIXA 130L;CAIXA 130L COM BERÇO;2 C a 8 C;560654;AP;TA0742;00019200000013473140;MultiModal;20/07/2026 22:21;22/07/2026 16:46;21/07/2026 23:55;23/07/2026 11:40
CAIXA 130L;CAIXA 130L COM BERÇO;2 C a 8 C;560654;AP;A9617;00019200000013473158;MultiModal;20/07/2026 22:21;22/07/2026 16:46;21/07/2026 23:55;23/07/2026 11:40
CAIXA 130L;CAIXA 130L COM BERÇO;2 C a 8 C;560654;AP;TA0267;00019200000013473166;MultiModal;20/07/2026 22:21;22/07/2026 16:46;21/07/2026 23:55;23/07/2026 11:40
CAIXA 130L;CAIXA 130L COM BERÇO;2 C a 8 C;560654;AP;A7519;00019200000013473174;MultiModal;20/07/2026 22:21;22/07/2026 16:46;21/07/2026 23:55;23/07/2026 11:40
CAIXA 130L;CAIXA 130L COM BERÇO;2 C a 8 C;560654;AP;A4181;00019200000013473190;MultiModal;20/07/2026 22:21;22/07/2026 16:46;21/07/2026 23:55;23/07/2026 11:40
CAIXA 130L;CAIXA 130L COM BERÇO;2 C a 8 C;560654;AP;A4117;00019200000013473204;MultiModal;20/07/2026 22:21;22/07/2026 16:46;21/07/2026 23:55;23/07/2026 11:40
CAIXA 130L;CAIXA 130L COM BERÇO;2 C a 8 C;560654;AP;TA0238;00019200000013473212;MultiModal;20/07/2026 22:21;22/07/2026 16:46;21/07/2026 23:55;23/07/2026 11:40
CAIXA 130L;CAIXA 130L COM BERÇO;2 C a 8 C;557015;BA;A8491;00019200000013316184;MultiModal;05/07/2026 23:57;08/07/2026 10:30;05/07/2026 23:57;08/07/2026 10:30
CAIXA 130L;CAIXA 130L COM BERÇO;2 C a 8 C;557015;BA;A7336;00019200000013329812;MultiModal;05/07/2026 23:57;08/07/2026 10:30;05/07/2026 23:57;08/07/2026 10:30
CAIXA 130L;CAIXA 130L COM BERÇO;2 C a 8 C;557015;BA;A7382;00019200000013329820;MultiModal;05/07/2026 23:57;08/07/2026 10:30;05/07/2026 23:57;08/07/2026 10:30
CAIXA 130L;CAIXA 130L COM BERÇO;2 C a 8 C;557015;BA;A2107;00019200000013329839;MultiModal;05/07/2026 23:57;08/07/2026 10:30;05/07/2026 23:57;08/07/2026 10:30
CAIXA 130L;CAIXA 130L COM BERÇO;2 C a 8 C;557015;BA;A0971;00019200000013329847;MultiModal;05/07/2026 23:57;08/07/2026 10:30;05/07/2026 23:57;08/07/2026 10:30
CAIXA 130L;CAIXA 130L COM BERÇO;2 C a 8 C;557015;BA;A6481;00019200000013329863;MultiModal;05/07/2026 23:57;08/07/2026 10:30;05/07/2026 23:57;08/07/2026 10:30
CAIXA 130L;CAIXA 130L COM BERÇO;2 C a 8 C;557015;BA;A4038;00019200000013329871;MultiModal;05/07/2026 23:57;08/07/2026 10:30;05/07/2026 23:57;08/07/2026 10:30
CAIXA 130L;CAIXA 130L COM BERÇO;2 C a 8 C;557015;BA;A0075;00019200000013329880;MultiModal;05/07/2026 23:57;08/07/2026 10:30;05/07/2026 23:57;08/07/2026 10:30
CAIXA 130L;CAIXA 130L COM BERÇO;2 C a 8 C;557015;BA;A6313;00019200000013329898;MultiModal;05/07/2026 23:57;08/07/2026 10:30;05/07/2026 23:57;08/07/2026 10:30
CAIXA 130L;CAIXA 130L COM BERÇO;2 C a 8 C;557015;BA;A5190;00019200000013329901;MultiModal;05/07/2026 23:57;08/07/2026 10:30;05/07/2026 23:57;08/07/2026 10:30
CAIXA 130L;CAIXA 130L COM BERÇO;2 C a 8 C;557015;BA;A9641;00019200000013329910;MultiModal;05/07/2026 23:57;08/07/2026 10:30;05/07/2026 23:57;08/07/2026 10:30
CAIXA 130L;CAIXA 130L COM BERÇO;2 C a 8 C;557015;BA;A5328;00019200000013330012;MultiModal;05/07/2026 23:57;08/07/2026 10:30;05/07/2026 23:57;08/07/2026 10:30
CAIXA 130L;CAIXA 130L COM BERÇO;2 C a 8 C;557015;BA;A7464;00019200000013330020;MultiModal;05/07/2026 23:57;08/07/2026 10:30;05/07/2026 23:57;08/07/2026 10:30
CAIXA 130L;CAIXA 130L COM BERÇO;2 C a 8 C;557015;BA;A9392;00019200000013330039;MultiModal;05/07/2026 23:57;08/07/2026 10:30;05/07/2026 23:57;08/07/2026 10:30
CAIXA 130L;CAIXA 130L COM BERÇO;2 C a 8 C;557015;BA;A6483;00019200000013330047;MultiModal;05/07/2026 23:57;08/07/2026 10:30;05/07/2026 23:57;08/07/2026 10:30
CAIXA 130L;CAIXA 130L COM BERÇO;2 C a 8 C;557015;BA;A0734;00019200000013330055;MultiModal;05/07/2026 23:57;08/07/2026 10:30;05/07/2026 23:57;08/07/2026 10:30
CAIXA 130L;CAIXA 130L COM BERÇO;2 C a 8 C;557015;BA;A6694;00019200000013330063;MultiModal;05/07/2026 23:57;08/07/2026 10:30;05/07/2026 23:57;08/07/2026 10:30
CAIXA 130L;CAIXA 130L COM BERÇO;2 C a 8 C;557015;BA;TA0998;00019200000013330071;MultiModal;05/07/2026 23:57;08/07/2026 10:30;05/07/2026 23:57;08/07/2026 10:30
CAIXA 130L;CAIXA 130L COM BERÇO;2 C a 8 C;557753;BA;A9628;00019200000013334891;MultiModal;06/07/2026 05:41;07/07/2026 11:00;06/07/2026 05:41;07/07/2026 11:00
CAIXA 130L;CAIXA 130L COM BERÇO;2 C a 8 C;557753;BA;A8448;00019200000013334905;MultiModal;06/07/2026 05:41;07/07/2026 11:00;06/07/2026 05:41;07/07/2026 11:00
CAIXA 130L;CAIXA 130L COM BERÇO;2 C a 8 C;557753;BA;A7684;00019200000013334913;MultiModal;06/07/2026 05:41;07/07/2026 11:00;06/07/2026 05:41;07/07/2026 11:00
CAIXA 130L;CAIXA 130L COM BERÇO;2 C a 8 C;557753;BA;A6027;00019200000013334921;MultiModal;06/07/2026 05:41;07/07/2026 11:00;06/07/2026 05:41;07/07/2026 11:00
CAIXA 130L;CAIXA 130L COM BERÇO;2 C a 8 C;557753;BA;A2586;00019200000013334956;MultiModal;06/07/2026 05:41;07/07/2026 11:00;06/07/2026 05:41;07/07/2026 11:00
CAIXA 130L;CAIXA 130L COM BERÇO;2 C a 8 C;557753;BA;TA0948;00019200000013334972;MultiModal;06/07/2026 05:41;07/07/2026 11:00;06/07/2026 05:41;07/07/2026 11:00
CAIXA 130L;CAIXA 130L COM BERÇO;2 C a 8 C;557753;BA;A2442;00019200000013334980;MultiModal;06/07/2026 05:41;07/07/2026 11:00;06/07/2026 05:41;07/07/2026 11:00
CAIXA 130L;CAIXA 130L COM BERÇO;2 C a 8 C;557753;BA;A5744;00019200000013335022;MultiModal;06/07/2026 05:41;07/07/2026 11:00;06/07/2026 05:41;07/07/2026 11:00
CAIXA 130L;CAIXA 130L COM BERÇO;2 C a 8 C;557753;BA;A7873;00019200000013335030;MultiModal;06/07/2026 05:41;07/07/2026 11:00;06/07/2026 05:41;07/07/2026 11:00
CAIXA 130L;CAIXA 130L COM BERÇO;2 C a 8 C;557880;BA;A8168;00019200000013320556;MultiModal;06/07/2026 04:04;07/07/2026 08:30;06/07/2026 05:41;07/07/2026 08:30
CAIXA 130L;CAIXA 130L COM BERÇO;2 C a 8 C;557880;BA;A6493;00019200000013320564;MultiModal;06/07/2026 04:04;07/07/2026 08:30;06/07/2026 04:04;07/07/2026 08:30
CAIXA 130L;CAIXA 130L COM BERÇO;2 C a 8 C;557880;BA;A9581;00019200000013320572;MultiModal;06/07/2026 04:04;07/07/2026 08:30;06/07/2026 04:04;07/07/2026 08:30
CAIXA 130L;CAIXA 130L COM BERÇO;2 C a 8 C;557880;BA;A2999;00019200000013320580;MultiModal;06/07/2026 04:04;07/07/2026 08:30;06/07/2026 05:41;07/07/2026 08:30
CAIXA 130L;CAIXA 130L COM BERÇO;2 C a 8 C;557880;BA;A5545;00019200000013320599;MultiModal;06/07/2026 04:04;07/07/2026 08:30;06/07/2026 05:41;07/07/2026 08:30
CAIXA 130L;CAIXA 130L COM BERÇO;2 C a 8 C;557880;BA;TA1128;00019200000013320602;MultiModal;06/07/2026 04:04;07/07/2026 08:30;06/07/2026 04:04;07/07/2026 08:30
CAIXA 130L;CAIXA 130L COM BERÇO;2 C a 8 C;557880;BA;A6782;00019200000013320610;MultiModal;06/07/2026 04:04;07/07/2026 08:30;06/07/2026 04:04;07/07/2026 08:30
CAIXA 130L;CAIXA 130L COM BERÇO;2 C a 8 C;557880;BA;A8230;00019200000013320769;MultiModal;06/07/2026 04:04;07/07/2026 08:30;06/07/2026 04:04;07/07/2026 08:30
CAIXA 130L;CAIXA 130L COM BERÇO;2 C a 8 C;557880;BA;A6873;00019200000013320777;MultiModal;06/07/2026 04:04;07/07/2026 08:30;06/07/2026 05:41;07/07/2026 08:30
CAIXA 130L;CAIXA 130L COM BERÇO;2 C a 8 C;557880;BA;A2648;00019200000013320785;MultiModal;06/07/2026 04:04;07/07/2026 08:30;06/07/2026 04:04;07/07/2026 08:30
CAIXA 130L;CAIXA 130L COM BERÇO;2 C a 8 C;557880;BA;A3142;00019200000013320793;MultiModal;06/07/2026 04:04;07/07/2026 08:30;06/07/2026 05:41;07/07/2026 08:30
CAIXA 130L;CAIXA 130L COM BERÇO;2 C a 8 C;557880;BA;A7495;00019200000013320807;MultiModal;06/07/2026 04:04;07/07/2026 08:30;06/07/2026 05:41;07/07/2026 08:30
CAIXA 130L;CAIXA 130L COM BERÇO;2 C a 8 C;557880;BA;A7189;00019200000013320815;MultiModal;06/07/2026 04:04;07/07/2026 08:30;06/07/2026 04:04;07/07/2026 08:30
CAIXA 130L;CAIXA 130L COM BERÇO;2 C a 8 C;557880;BA;A7907;00019200000013320823;MultiModal;06/07/2026 04:04;07/07/2026 08:30;06/07/2026 05:41;07/07/2026 08:30
CAIXA 130L;CAIXA 130L COM BERÇO;2 C a 8 C;557880;BA;TA0353;00019200000013320831;MultiModal;06/07/2026 04:04;07/07/2026 08:30;06/07/2026 05:41;07/07/2026 08:30
CAIXA 130L;CAIXA 130L COM BERÇO;2 C a 8 C;557880;BA;A8745;00019200000013320840;MultiModal;06/07/2026 04:04;07/07/2026 08:30;06/07/2026 05:41;07/07/2026 08:30
CAIXA 130L;CAIXA 130L COM BERÇO;2 C a 8 C;557880;BA;A3185;00019200000013320858;MultiModal;06/07/2026 04:04;07/07/2026 08:30;06/07/2026 04:04;07/07/2026 08:30
CAIXA 130L;CAIXA 130L COM BERÇO;2 C a 8 C;557880;BA;A7752;00019200000013320866;MultiModal;06/07/2026 04:04;07/07/2026 08:30;06/07/2026 04:04;07/07/2026 08:30
CAIXA 130L;CAIXA 130L COM BERÇO;2 C a 8 C;557880;BA;A2587;00019200000013320874;MultiModal;06/07/2026 04:04;07/07/2026 08:30;06/07/2026 04:04;07/07/2026 08:30
CAIXA 130L;CAIXA 130L COM BERÇO;2 C a 8 C;557880;BA;A7818;00019200000013320882;MultiModal;06/07/2026 04:04;07/07/2026 08:30;06/07/2026 05:41;07/07/2026 08:30
CAIXA 130L;CAIXA 130L COM BERÇO;2 C a 8 C;557880;BA;A5755;00019200000013320890;MultiModal;06/07/2026 04:04;07/07/2026 08:30;06/07/2026 05:41;07/07/2026 08:30
CAIXA 130L;CAIXA 130L COM BERÇO;2 C a 8 C;557880;BA;TA1235;00019200000013320904;MultiModal;06/07/2026 04:04;07/07/2026 08:30;06/07/2026 05:41;07/07/2026 08:30
CAIXA 130L;CAIXA 130L COM BERÇO;2 C a 8 C;557880;BA;TA0383;00019200000013320912;MultiModal;06/07/2026 04:04;07/07/2026 08:30;06/07/2026 05:41;07/07/2026 08:30
CAIXA 130L;CAIXA 130L COM BERÇO;2 C a 8 C;557880;BA;TA0469;00019200000013320920;MultiModal;06/07/2026 04:04;07/07/2026 08:30;06/07/2026 05:41;07/07/2026 08:30
CAIXA 130L;CAIXA 130L COM BERÇO;2 C a 8 C;557880;BA;A0287;00019200000013320939;MultiModal;06/07/2026 04:04;07/07/2026 08:30;06/07/2026 04:04;07/07/2026 08:30
CAIXA 130L;CAIXA 130L COM BERÇO;2 C a 8 C;557880;BA;TA0310;00019200000013320947;MultiModal;06/07/2026 04:04;07/07/2026 08:30;06/07/2026 04:04;07/07/2026 08:30
CAIXA 130L;CAIXA 130L COM BERÇO;2 C a 8 C;557880;BA;A8365;00019200000013320955;MultiModal;06/07/2026 04:04;07/07/2026 08:30;06/07/2026 04:04;07/07/2026 08:30
CAIXA 130L;CAIXA 130L COM BERÇO;2 C a 8 C;557880;BA;A8978;00019200000013320963;MultiModal;06/07/2026 04:04;07/07/2026 08:30;06/07/2026 04:04;07/07/2026 08:30
CAIXA 130L;CAIXA 130L COM BERÇO;2 C a 8 C;557880;BA;A6774;00019200000013320971;MultiModal;06/07/2026 04:04;07/07/2026 08:30;06/07/2026 04:04;07/07/2026 08:30
CAIXA 130L;CAIXA 130L COM BERÇO;2 C a 8 C;557880;BA;A8845;00019200000013320980;MultiModal;06/07/2026 04:04;07/07/2026 08:30;06/07/2026 04:04;07/07/2026 08:30
CAIXA 130L;CAIXA 130L COM BERÇO;2 C a 8 C;557880;BA;A7261;00019200000013320998;MultiModal;06/07/2026 04:04;07/07/2026 08:30;06/07/2026 05:41;07/07/2026 08:30
CAIXA 130L;CAIXA 130L COM BERÇO;2 C a 8 C;557880;BA;A9202;00019200000013321455;MultiModal;06/07/2026 04:04;07/07/2026 08:30;06/07/2026 05:41;07/07/2026 08:30
CAIXA 130L;CAIXA 130L COM BERÇO;2 C a 8 C;557880;BA;A2614;00019200000013321463;MultiModal;06/07/2026 04:04;07/07/2026 08:30;06/07/2026 05:41;07/07/2026 08:30
CAIXA 130L;CAIXA 130L COM BERÇO;2 C a 8 C;557880;BA;A3291;00019200000013321471;MultiModal;06/07/2026 04:04;07/07/2026 08:30;06/07/2026 05:41;07/07/2026 08:30
CAIXA 130L;CAIXA 130L COM BERÇO;2 C a 8 C;557880;BA;A0143;00019200000013321480;MultiModal;06/07/2026 04:04;07/07/2026 08:30;06/07/2026 05:41;07/07/2026 08:30
CAIXA 130L;CAIXA 130L COM BERÇO;2 C a 8 C;557880;BA;TA0365;00019200000013321498;MultiModal;06/07/2026 04:04;07/07/2026 08:30;06/07/2026 05:41;07/07/2026 08:30
CAIXA 130L;CAIXA 130L COM BERÇO;2 C a 8 C;557880;BA;A8669;00019200000013323342;MultiModal;06/07/2026 04:04;07/07/2026 08:30;06/07/2026 04:04;07/07/2026 08:30
CAIXA 130L;CAIXA 130L COM BERÇO;2 C a 8 C;557880;BA;A8898;00019200000013323350;MultiModal;06/07/2026 04:04;07/07/2026 08:30;06/07/2026 04:04;07/07/2026 08:30
CAIXA 130L;CAIXA 130L COM BERÇO;2 C a 8 C;557880;BA;A5555;00019200000013323369;MultiModal;06/07/2026 04:04;07/07/2026 08:30;06/07/2026 04:04;07/07/2026 08:30
CAIXA 130L;CAIXA 130L COM BERÇO;2 C a 8 C;557880;BA;A7227;00019200000013323377;MultiModal;06/07/2026 04:04;07/07/2026 08:30;06/07/2026 04:04;07/07/2026 08:30
CAIXA 130L;CAIXA 130L COM BERÇO;2 C a 8 C;557880;BA;A7927;00019200000013323385;MultiModal;06/07/2026 04:04;07/07/2026 08:30;06/07/2026 04:04;07/07/2026 08:30
CAIXA 130L;CAIXA 130L COM BERÇO;2 C a 8 C;557880;BA;A7269;00019200000013323393;MultiModal;06/07/2026 04:04;07/07/2026 08:30;06/07/2026 05:41;07/07/2026 08:30
CAIXA 130L;CAIXA 130L COM BERÇO;2 C a 8 C;557880;BA;TA0744;00019200000013323407;MultiModal;06/07/2026 04:04;07/07/2026 08:30;06/07/2026 04:04;07/07/2026 08:30
CAIXA 130L;CAIXA 130L COM BERÇO;2 C a 8 C;557880;BA;A6634;00019200000013323415;MultiModal;06/07/2026 04:04;07/07/2026 08:30;06/07/2026 04:04;07/07/2026 08:30
CAIXA 130L;CAIXA 130L COM BERÇO;2 C a 8 C;557880;BA;A9453;00019200000013326775;MultiModal;06/07/2026 04:04;07/07/2026 08:30;06/07/2026 05:41;07/07/2026 08:30
CAIXA 130L;CAIXA 130L COM BERÇO;2 C a 8 C;557880;BA;A0597;00019200000013326783;MultiModal;06/07/2026 04:04;07/07/2026 08:30;06/07/2026 05:41;07/07/2026 08:30
CAIXA 130L;CAIXA 130L COM BERÇO;2 C a 8 C;557880;BA;A5434;00019200000013326791;MultiModal;06/07/2026 04:04;07/07/2026 08:30;06/07/2026 04:04;07/07/2026 08:30
CAIXA 130L;CAIXA 130L COM BERÇO;2 C a 8 C;557888;BA;A7338;00019200000013238531;MultiModal;02/07/2026 03:21;04/07/2026 10:00;02/07/2026 03:21;04/07/2026 10:00
CAIXA 130L;CAIXA 130L COM BERÇO;2 C a 8 C;557888;BA;A6785;00019200000013324195;MultiModal;02/07/2026 03:21;04/07/2026 10:00;02/07/2026 03:21;04/07/2026 10:00
CAIXA 130L;CAIXA 130L COM BERÇO;2 C a 8 C;557888;BA;A3715;00019200000013324209;MultiModal;02/07/2026 03:21;04/07/2026 10:00;02/07/2026 03:21;04/07/2026 10:00
CAIXA 130L;CAIXA 130L COM BERÇO;2 C a 8 C;557888;BA;A4642;00019200000013324217;MultiModal;02/07/2026 03:21;04/07/2026 10:00;02/07/2026 03:21;04/07/2026 10:00
CAIXA 130L;CAIXA 130L COM BERÇO;2 C a 8 C;557888;BA;A8389;00019200000013327070;MultiModal;02/07/2026 03:21;04/07/2026 10:00;02/07/2026 03:21;04/07/2026 10:00
CAIXA 130L;CAIXA 130L COM BERÇO;2 C a 8 C;557888;BA;A7312;00019200000013327097;MultiModal;02/07/2026 03:21;04/07/2026 10:00;02/07/2026 03:21;04/07/2026 10:00
CAIXA 130L;CAIXA 130L COM BERÇO;2 C a 8 C;557888;BA;A8969;00019200000013327100;MultiModal;02/07/2026 03:21;04/07/2026 10:00;02/07/2026 03:21;04/07/2026 10:00
CAIXA 130L;CAIXA 130L COM BERÇO;2 C a 8 C;557888;BA;A3018;00019200000013327119;MultiModal;02/07/2026 03:21;04/07/2026 10:00;02/07/2026 03:21;04/07/2026 10:00
CAIXA 130L;CAIXA 130L COM BERÇO;2 C a 8 C;557888;BA;TA0196;00019200000013327127;MultiModal;02/07/2026 03:21;04/07/2026 10:00;02/07/2026 03:21;04/07/2026 10:00
CAIXA 130L;CAIXA 130L COM BERÇO;2 C a 8 C;557888;BA;A7197;00019200000013334476;MultiModal;02/07/2026 03:21;04/07/2026 10:00;02/07/2026 03:21;04/07/2026 10:00
CAIXA 130L;CAIXA 130L COM BERÇO;2 C a 8 C;557888;BA;A8986;00019200000013334760;MultiModal;02/07/2026 03:21;04/07/2026 10:00;02/07/2026 03:21;04/07/2026 10:00
CAIXA 130L;CAIXA 130L COM BERÇO;2 C a 8 C;557888;BA;A6510;00019200000013334778;MultiModal;02/07/2026 03:21;04/07/2026 10:00;02/07/2026 03:21;04/07/2026 10:00
CAIXA 130L;CAIXA 130L COM BERÇO;2 C a 8 C;557888;BA;A0117;00019200000013334786;MultiModal;02/07/2026 03:21;04/07/2026 10:00;02/07/2026 03:21;04/07/2026 10:00
CAIXA 130L;CAIXA 130L COM BERÇO;2 C a 8 C;557888;BA;A3755;00019200000013334794;MultiModal;02/07/2026 03:21;04/07/2026 10:00;02/07/2026 03:21;04/07/2026 10:00
CAIXA 130L;CAIXA 130L COM BERÇO;2 C a 8 C;557888;BA;A3487;00019200000013334808;MultiModal;02/07/2026 03:21;04/07/2026 10:00;02/07/2026 03:21;04/07/2026 10:00
CAIXA 130L;CAIXA 130L COM BERÇO;2 C a 8 C;557888;BA;A9588;00019200000013334816;MultiModal;02/07/2026 03:21;04/07/2026 10:00;02/07/2026 03:21;04/07/2026 10:00
CAIXA 130L;CAIXA 130L COM BERÇO;2 C a 8 C;557888;BA;A3933;00019200000013334824;MultiModal;02/07/2026 03:21;04/07/2026 10:00;02/07/2026 03:21;04/07/2026 10:00
CAIXA 130L;CAIXA 130L COM BERÇO;2 C a 8 C;557888;BA;A7789;00019200000013334832;MultiModal;02/07/2026 03:21;04/07/2026 10:00;02/07/2026 03:21;04/07/2026 10:00
CAIXA 130L;CAIXA 130L COM BERÇO;2 C a 8 C;557888;BA;A8960;00019200000013336029;MultiModal;02/07/2026 03:21;04/07/2026 10:00;02/07/2026 03:21;04/07/2026 10:00
CAIXA 130L;CAIXA 130L COM BERÇO;2 C a 8 C;559084;BA;TA0735;00019200000013424378;MultiModal;06/07/2026 04:05;07/07/2026 08:30;06/07/2026 04:05;07/07/2026 08:30
CAIXA 130L;CAIXA 130L COM BERÇO;2 C a 8 C;559084;BA;A5061;00019200000013424386;MultiModal;06/07/2026 04:05;07/07/2026 08:30;06/07/2026 04:05;07/07/2026 08:30
CAIXA 130L;CAIXA 130L COM BERÇO;2 C a 8 C;559084;BA;A5884;00019200000013424394;MultiModal;06/07/2026 04:05;07/07/2026 08:30;06/07/2026 04:05;07/07/2026 08:30
CAIXA 130L;CAIXA 130L COM BERÇO;2 C a 8 C;559084;BA;A5421;00019200000013424408;MultiModal;06/07/2026 04:05;07/07/2026 08:30;06/07/2026 04:05;07/07/2026 08:30
CAIXA 130L;CAIXA 130L COM BERÇO;2 C a 8 C;559084;BA;TA1177;00019200000013424416;MultiModal;06/07/2026 04:05;07/07/2026 08:30;06/07/2026 04:05;07/07/2026 08:30
CAIXA 130L;CAIXA 130L COM BERÇO;2 C a 8 C;559084;BA;A3121;00019200000013424424;MultiModal;06/07/2026 04:05;07/07/2026 08:30;06/07/2026 04:05;07/07/2026 08:30
CAIXA 130L;CAIXA 130L COM BERÇO;2 C a 8 C;559084;BA;A3705;00019200000013424432;MultiModal;06/07/2026 04:05;07/07/2026 08:30;06/07/2026 04:05;07/07/2026 08:30
CAIXA 130L;CAIXA 130L COM BERÇO;2 C a 8 C;559084;BA;A8432;00019200000013424440;MultiModal;06/07/2026 04:05;07/07/2026 08:30;06/07/2026 04:05;07/07/2026 08:30
CAIXA 130L;CAIXA 130L COM BERÇO;2 C a 8 C;559084;BA;A1127;00019200000013424459;MultiModal;06/07/2026 04:05;07/07/2026 08:30;06/07/2026 04:05;07/07/2026 08:30
CAIXA 130L;CAIXA 130L COM BERÇO;2 C a 8 C;559084;BA;A7648;00019200000013424467;MultiModal;06/07/2026 04:05;07/07/2026 08:30;06/07/2026 04:05;07/07/2026 08:30
CAIXA 130L;CAIXA 130L COM BERÇO;2 C a 8 C;559084;BA;A4735;00019200000013424475;MultiModal;06/07/2026 04:05;07/07/2026 08:30;06/07/2026 04:05;07/07/2026 08:30
CAIXA 130L;CAIXA 130L COM BERÇO;2 C a 8 C;559084;BA;A5514;00019200000013424483;MultiModal;06/07/2026 04:05;07/07/2026 08:30;06/07/2026 04:05;07/07/2026 08:30
CAIXA 130L;CAIXA 130L COM BERÇO;2 C a 8 C;559084;BA;TA1135;00019200000013424491;MultiModal;06/07/2026 04:05;07/07/2026 08:30;06/07/2026 04:05;07/07/2026 08:30
CAIXA 130L;CAIXA 130L COM BERÇO;2 C a 8 C;559084;BA;A6475;00019200000013424505;MultiModal;06/07/2026 04:05;07/07/2026 08:30;06/07/2026 04:05;07/07/2026 08:30
CAIXA 130L;CAIXA 130L COM BERÇO;2 C a 8 C;559084;BA;TA0486;00019200000013424513;MultiModal;06/07/2026 04:05;07/07/2026 08:30;06/07/2026 04:05;07/07/2026 08:30
CAIXA 130L;CAIXA 130L COM BERÇO;2 C a 8 C;559084;BA;A7340;00019200000013424521;MultiModal;06/07/2026 04:05;07/07/2026 08:30;06/07/2026 04:05;07/07/2026 08:30
CAIXA 130L;CAIXA 130L COM BERÇO;2 C a 8 C;559084;BA;A5035;00019200000013424530;MultiModal;06/07/2026 04:05;07/07/2026 08:30;06/07/2026 04:05;07/07/2026 08:30
CAIXA 130L;CAIXA 130L COM BERÇO;2 C a 8 C;559084;BA;A7288;00019200000013424548;MultiModal;06/07/2026 04:05;07/07/2026 08:30;06/07/2026 04:05;07/07/2026 08:30
CAIXA 130L;CAIXA 130L COM BERÇO;2 C a 8 C;559084;BA;A8347;00019200000013424556;MultiModal;06/07/2026 04:05;07/07/2026 08:30;06/07/2026 04:05;07/07/2026 08:30
CAIXA 130L;CAIXA 130L COM BERÇO;2 C a 8 C;559084;BA;TA0257;00019200000013424564;MultiModal;06/07/2026 04:05;07/07/2026 08:30;06/07/2026 04:05;07/07/2026 08:30
CAIXA 130L;CAIXA 130L COM BERÇO;2 C a 8 C;559084;BA;TA1071;00019200000013424572;MultiModal;06/07/2026 04:05;07/07/2026 08:30;06/07/2026 04:05;07/07/2026 08:30
CAIXA 130L;CAIXA 130L COM BERÇO;2 C a 8 C;559084;BA;A5001;00019200000013424580;MultiModal;06/07/2026 04:05;07/07/2026 08:30;06/07/2026 04:05;07/07/2026 08:30
CAIXA 130L;CAIXA 130L COM BERÇO;2 C a 8 C;559084;BA;A4553;00019200000013424599;MultiModal;06/07/2026 04:05;07/07/2026 08:30;06/07/2026 04:05;07/07/2026 08:30
CAIXA 130L;CAIXA 130L COM BERÇO;2 C a 8 C;559084;BA;A8179;00019200000013424602;MultiModal;06/07/2026 04:05;07/07/2026 08:30;06/07/2026 04:05;07/07/2026 08:30
CAIXA 130L;CAIXA 130L COM BERÇO;2 C a 8 C;559543;BA;A3082;00019200000013428888;MultiModal;02/07/2026 05:57;03/07/2026 11:30;02/07/2026 05:57;03/07/2026 11:30
CAIXA 130L;CAIXA 130L COM BERÇO;2 C a 8 C;559543;BA;A9020;00019200000013428896;MultiModal;02/07/2026 05:57;03/07/2026 11:30;02/07/2026 05:57;03/07/2026 11:30
CAIXA 130L;CAIXA 130L COM BERÇO;2 C a 8 C;559543;BA;A4236;00019200000013428900;MultiModal;02/07/2026 05:57;03/07/2026 11:30;02/07/2026 05:57;03/07/2026 11:30
CAIXA 130L;CAIXA 130L COM BERÇO;2 C a 8 C;559543;BA;A6856;00019200000013428934;MultiModal;02/07/2026 05:57;03/07/2026 11:30;02/07/2026 05:57;03/07/2026 11:30
CAIXA 130L;CAIXA 130L COM BERÇO;2 C a 8 C;559543;BA;A7807;00019200000013428942;MultiModal;02/07/2026 05:57;03/07/2026 11:30;02/07/2026 05:57;03/07/2026 11:30
CAIXA 130L;CAIXA 130L COM BERÇO;2 C a 8 C;559543;BA;A7064;00019200000013428950;MultiModal;02/07/2026 05:57;03/07/2026 11:30;02/07/2026 05:57;03/07/2026 11:30
CAIXA 130L;CAIXA 130L COM BERÇO;2 C a 8 C;559543;BA;A6385;00019200000013428969;MultiModal;02/07/2026 05:57;03/07/2026 11:30;02/07/2026 05:57;03/07/2026 11:30
CAIXA 130L;CAIXA 130L COM BERÇO;2 C a 8 C;559543;BA;A6835;00019200000013428977;MultiModal;02/07/2026 05:57;03/07/2026 11:30;02/07/2026 05:57;03/07/2026 11:30
CAIXA 130L;CAIXA 130L COM BERÇO;2 C a 8 C;559543;BA;A3976;00019200000013428985;MultiModal;02/07/2026 05:57;03/07/2026 11:30;02/07/2026 05:57;03/07/2026 11:30
CAIXA 130L;CAIXA 130L COM BERÇO;2 C a 8 C;559543;BA;A6633;00019200000013428993;MultiModal;02/07/2026 05:57;03/07/2026 11:30;02/07/2026 05:57;03/07/2026 11:30
CAIXA 130L;CAIXA 130L COM BERÇO;2 C a 8 C;559641;BA;A9149;00019200000013428160;MultiModal;02/07/2026 04:05;04/07/2026 12:01;02/07/2026 04:05;04/07/2026 12:01
CAIXA 130L;CAIXA 130L COM BERÇO;2 C a 8 C;559675;BA;A6723;00019200000013428110;MultiModal;02/07/2026 04:05;04/07/2026 10:19;02/07/2026 04:05;04/07/2026 10:19
CAIXA 130L;CAIXA 130L COM BERÇO;2 C a 8 C;559700;BA;A3186;00019200000013422995;MultiModal;02/07/2026 23:53;03/07/2026 16:00;02/07/2026 23:53;03/07/2026 16:00
CAIXA 130L;CAIXA 130L COM BERÇO;2 C a 8 C;559728;BA;A8344;00019200000013423002;MultiModal;02/07/2026 23:53;03/07/2026 16:00;02/07/2026 23:53;03/07/2026 16:00
CAIXA 130L;CAIXA 130L COM BERÇO;2 C a 8 C;560675;BA;A2249;00019200000013473450;MultiModal;22/07/2026 03:00;23/07/2026 18:30;22/07/2026 03:00;23/07/2026 18:30
CAIXA 130L;CAIXA 130L COM BERÇO;2 C a 8 C;560675;BA;A9348;00019200000013473468;MultiModal;22/07/2026 03:00;23/07/2026 18:30;22/07/2026 03:00;23/07/2026 18:30
CAIXA 130L;CAIXA 130L COM BERÇO;2 C a 8 C;560675;BA;A4441;00019200000013473530;MultiModal;22/07/2026 03:00;23/07/2026 18:30;22/07/2026 03:00;23/07/2026 18:30
CAIXA 130L;CAIXA 130L COM BERÇO;2 C a 8 C;560675;BA;A1210;00019200000013473549;MultiModal;22/07/2026 03:00;23/07/2026 18:30;22/07/2026 03:00;23/07/2026 18:30
CAIXA 130L;CAIXA 130L COM BERÇO;2 C a 8 C;560675;BA;A3322;00019200000013473557;MultiModal;22/07/2026 03:00;23/07/2026 18:30;22/07/2026 03:00;23/07/2026 18:30
CAIXA 130L;CAIXA 130L COM BERÇO;2 C a 8 C;560675;BA;A4772;00019200000013473565;MultiModal;22/07/2026 03:00;23/07/2026 18:30;22/07/2026 03:00;23/07/2026 18:30
CAIXA 130L;CAIXA 130L COM BERÇO;2 C a 8 C;560675;BA;A3689;00019200000013473573;MultiModal;22/07/2026 03:00;23/07/2026 18:30;22/07/2026 03:00;23/07/2026 18:30
CAIXA 130L;CAIXA 130L COM BERÇO;2 C a 8 C;560675;BA;A7050;00019200000013473581;MultiModal;22/07/2026 03:00;23/07/2026 18:30;22/07/2026 03:00;23/07/2026 18:30
CAIXA 130L;CAIXA 130L COM BERÇO;2 C a 8 C;560675;BA;A5700;00019200000013473590;MultiModal;22/07/2026 03:00;23/07/2026 18:30;22/07/2026 03:00;23/07/2026 18:30
CAIXA 130L;CAIXA 130L COM BERÇO;2 C a 8 C;560675;BA;A8561;00019200000013473603;MultiModal;22/07/2026 03:00;23/07/2026 18:30;22/07/2026 03:00;23/07/2026 18:30
CAIXA 130L;CAIXA 130L COM BERÇO;2 C a 8 C;560675;BA;A5991;00019200000013473611;MultiModal;22/07/2026 03:00;23/07/2026 18:30;22/07/2026 03:00;23/07/2026 18:30
CAIXA 130L;CAIXA 130L COM BERÇO;2 C a 8 C;560675;BA;A6617;00019200000013473620;MultiModal;22/07/2026 03:00;23/07/2026 18:30;22/07/2026 03:00;23/07/2026 18:30
CAIXA 130L;CAIXA 130L COM BERÇO;2 C a 8 C;560675;BA;A9190;00019200000013473638;MultiModal;22/07/2026 03:00;23/07/2026 18:30;22/07/2026 03:00;23/07/2026 18:30
CAIXA 130L;CAIXA 130L COM BERÇO;2 C a 8 C;560675;BA;A4068;00019200000013473646;MultiModal;22/07/2026 03:00;23/07/2026 18:30;22/07/2026 03:00;23/07/2026 18:30
CAIXA 130L;CAIXA 130L COM BERÇO;2 C a 8 C;560675;BA;TA0529;00019200000013473654;MultiModal;22/07/2026 03:00;23/07/2026 18:30;22/07/2026 03:00;23/07/2026 18:30
CAIXA 130L;CAIXA 130L COM BERÇO;2 C a 8 C;560675;BA;A7941;00019200000013473662;MultiModal;22/07/2026 03:00;23/07/2026 18:30;22/07/2026 03:00;23/07/2026 18:30
CAIXA 130L;CAIXA 130L COM BERÇO;2 C a 8 C;560675;BA;A5391;00019200000013473670;MultiModal;22/07/2026 03:00;23/07/2026 18:30;22/07/2026 03:00;23/07/2026 18:30
CAIXA 130L;CAIXA 130L COM BERÇO;2 C a 8 C;560675;BA;A7057;00019200000013473689;MultiModal;22/07/2026 03:00;23/07/2026 18:30;22/07/2026 03:00;23/07/2026 18:30
CAIXA 130L;CAIXA 130L COM BERÇO;2 C a 8 C;560675;BA;A5034;00019200000013475410;MultiModal;22/07/2026 03:00;23/07/2026 18:30;22/07/2026 03:00;23/07/2026 18:30
CAIXA 130L;CAIXA 130L COM BERÇO;2 C a 8 C;557018;CE;A8948;00019200000013249614;MultiModal;01/07/2026 04:16;03/07/2026 18:00;02/07/2026 03:18;03/07/2026 18:00
CAIXA 130L;CAIXA 130L COM BERÇO;2 C a 8 C;557018;CE;A7156;00019200000013249622;MultiModal;01/07/2026 04:16;03/07/2026 18:00;02/07/2026 03:18;03/07/2026 18:00
CAIXA 130L;CAIXA 130L COM BERÇO;2 C a 8 C;557018;CE;TA0411;00019200000013249630;MultiModal;01/07/2026 04:16;03/07/2026 18:00;02/07/2026 03:18;03/07/2026 18:00
CAIXA 130L;CAIXA 130L COM BERÇO;2 C a 8 C;557018;CE;A8723;00019200000013249649;MultiModal;01/07/2026 04:16;03/07/2026 18:00;02/07/2026 03:18;03/07/2026 18:00
CAIXA 130L;CAIXA 130L COM BERÇO;2 C a 8 C;557018;CE;A1292;00019200000013249657;MultiModal;01/07/2026 04:16;03/07/2026 18:00;02/07/2026 03:18;03/07/2026 18:00
CAIXA 130L;CAIXA 130L COM BERÇO;2 C a 8 C;557018;CE;A4471;00019200000013249665;MultiModal;01/07/2026 04:16;03/07/2026 18:00;01/07/2026 04:16;03/07/2026 18:00
CAIXA 130L;CAIXA 130L COM BERÇO;2 C a 8 C;557018;CE;A3614;00019200000013250140;MultiModal;01/07/2026 04:16;03/07/2026 18:00;02/07/2026 03:18;03/07/2026 18:00
CAIXA 130L;CAIXA 130L COM BERÇO;2 C a 8 C;557018;CE;A2203;00019200000013250159;MultiModal;01/07/2026 04:16;03/07/2026 18:00;02/07/2026 03:18;03/07/2026 18:00
CAIXA 130L;CAIXA 130L COM BERÇO;2 C a 8 C;557018;CE;A3625;00019200000013250167;MultiModal;01/07/2026 04:16;03/07/2026 18:00;02/07/2026 03:18;03/07/2026 18:00
CAIXA 130L;CAIXA 130L COM BERÇO;2 C a 8 C;557018;CE;A5741;00019200000013250175;MultiModal;01/07/2026 04:16;03/07/2026 18:00;02/07/2026 03:18;03/07/2026 18:00
CAIXA 130L;CAIXA 130L COM BERÇO;2 C a 8 C;557018;CE;A8776;00019200000013250183;MultiModal;01/07/2026 04:16;03/07/2026 18:00;02/07/2026 03:18;03/07/2026 18:00
CAIXA 130L;CAIXA 130L COM BERÇO;2 C a 8 C;557018;CE;A8598;00019200000013250191;MultiModal;01/07/2026 04:16;03/07/2026 18:00;02/07/2026 03:18;03/07/2026 18:00
CAIXA 130L;CAIXA 130L COM BERÇO;2 C a 8 C;557018;CE;A1969;00019200000013250205;MultiModal;01/07/2026 04:16;03/07/2026 18:00;01/07/2026 04:16;03/07/2026 18:00
CAIXA 130L;CAIXA 130L COM BERÇO;2 C a 8 C;557018;CE;A3414;00019200000013250213;MultiModal;01/07/2026 04:16;03/07/2026 18:00;02/07/2026 03:18;03/07/2026 18:00
CAIXA 130L;CAIXA 130L COM BERÇO;2 C a 8 C;557018;CE;A8941;00019200000013250221;MultiModal;01/07/2026 04:16;03/07/2026 18:00;02/07/2026 03:18;03/07/2026 18:00
CAIXA 130L;CAIXA 130L COM BERÇO;2 C a 8 C;557018;CE;A7026;00019200000013250230;MultiModal;01/07/2026 04:16;03/07/2026 18:00;02/07/2026 03:18;03/07/2026 18:00
CAIXA 130L;CAIXA 130L COM BERÇO;2 C a 8 C;557018;CE;A7219;00019200000013250248;MultiModal;01/07/2026 04:16;03/07/2026 18:00;01/07/2026 04:16;03/07/2026 18:00
CAIXA 130L;CAIXA 130L COM BERÇO;2 C a 8 C;557018;CE;A5768;00019200000013250256;MultiModal;01/07/2026 04:16;03/07/2026 18:00;01/07/2026 04:16;03/07/2026 18:00
CAIXA 130L;CAIXA 130L COM BERÇO;2 C a 8 C;557018;CE;A6467;00019200000013250264;MultiModal;01/07/2026 04:16;03/07/2026 18:00;02/07/2026 03:18;03/07/2026 18:00
CAIXA 130L;CAIXA 130L COM BERÇO;2 C a 8 C;557018;CE;A0444;00019200000013250272;MultiModal;01/07/2026 04:16;03/07/2026 18:00;01/07/2026 04:16;03/07/2026 18:00
CAIXA 130L;CAIXA 130L COM BERÇO;2 C a 8 C;557018;CE;A5271;00019200000013250280;MultiModal;01/07/2026 04:16;03/07/2026 18:00;01/07/2026 04:16;03/07/2026 18:00
CAIXA 130L;CAIXA 130L COM BERÇO;2 C a 8 C;557018;CE;A6775;00019200000013250299;MultiModal;01/07/2026 04:16;03/07/2026 18:00;01/07/2026 04:16;03/07/2026 18:00
CAIXA 130L;CAIXA 130L COM BERÇO;2 C a 8 C;557018;CE;A4949;00019200000013250302;MultiModal;01/07/2026 04:16;03/07/2026 18:00;02/07/2026 03:18;03/07/2026 18:00
CAIXA 130L;CAIXA 130L COM BERÇO;2 C a 8 C;557018;CE;A7826;00019200000013250310;MultiModal;01/07/2026 04:16;03/07/2026 18:00;02/07/2026 03:18;03/07/2026 18:00
CAIXA 130L;CAIXA 130L COM BERÇO;2 C a 8 C;557018;CE;A7089;00019200000013250329;MultiModal;01/07/2026 04:16;03/07/2026 18:00;02/07/2026 03:18;03/07/2026 18:00
CAIXA 130L;CAIXA 130L COM BERÇO;2 C a 8 C;557018;CE;A9439;00019200000013250337;MultiModal;01/07/2026 04:16;03/07/2026 18:00;02/07/2026 03:18;03/07/2026 18:00
CAIXA 130L;CAIXA 130L COM BERÇO;2 C a 8 C;557018;CE;A6225;00019200000013250345;MultiModal;01/07/2026 04:16;03/07/2026 18:00;02/07/2026 03:18;03/07/2026 18:00
CAIXA 130L;CAIXA 130L COM BERÇO;2 C a 8 C;557018;CE;A2556;00019200000013250353;MultiModal;01/07/2026 04:16;03/07/2026 18:00;02/07/2026 03:18;03/07/2026 18:00
CAIXA 130L;CAIXA 130L COM BERÇO;2 C a 8 C;557018;CE;A7426;00019200000013250361;MultiModal;01/07/2026 04:16;03/07/2026 18:00;02/07/2026 03:18;03/07/2026 18:00
CAIXA 130L;CAIXA 130L COM BERÇO;2 C a 8 C;557018;CE;A2505;00019200000013250370;MultiModal;01/07/2026 04:16;03/07/2026 18:00;02/07/2026 03:18;03/07/2026 18:00
CAIXA 130L;CAIXA 130L COM BERÇO;2 C a 8 C;557018;CE;A6920;00019200000013250388;MultiModal;01/07/2026 04:16;03/07/2026 18:00;02/07/2026 03:18;03/07/2026 18:00
CAIXA 130L;CAIXA 130L COM BERÇO;2 C a 8 C;557018;CE;A7405;00019200000013250396;MultiModal;01/07/2026 04:16;03/07/2026 18:00;01/07/2026 04:16;03/07/2026 18:00
CAIXA 130L;CAIXA 130L COM BERÇO;2 C a 8 C;557018;CE;A6302;00019200000013250400;MultiModal;01/07/2026 04:16;03/07/2026 18:00;01/07/2026 04:16;03/07/2026 18:00
CAIXA 130L;CAIXA 130L COM BERÇO;2 C a 8 C;557018;CE;A6962;00019200000013250418;MultiModal;01/07/2026 04:16;03/07/2026 18:00;01/07/2026 04:16;03/07/2026 18:00
CAIXA 130L;CAIXA 130L COM BERÇO;2 C a 8 C;557018;CE;A7651;00019200000013250426;MultiModal;01/07/2026 04:16;03/07/2026 18:00;01/07/2026 04:16;03/07/2026 18:00
CAIXA 130L;CAIXA 130L COM BERÇO;2 C a 8 C;557018;CE;A3740;00019200000013250434;MultiModal;01/07/2026 04:16;03/07/2026 18:00;02/07/2026 03:18;03/07/2026 18:00
CAIXA 130L;CAIXA 130L COM BERÇO;2 C a 8 C;557018;CE;A6205;00019200000013250442;MultiModal;01/07/2026 04:16;03/07/2026 18:00;02/07/2026 03:18;03/07/2026 18:00
CAIXA 130L;CAIXA 130L COM BERÇO;2 C a 8 C;557018;CE;A8988;00019200000013250450;MultiModal;01/07/2026 04:16;03/07/2026 18:00;02/07/2026 03:18;03/07/2026 18:00
CAIXA 130L;CAIXA 130L COM BERÇO;2 C a 8 C;557018;CE;A9518;00019200000013250469;MultiModal;01/07/2026 04:16;03/07/2026 18:00;02/07/2026 03:18;03/07/2026 18:00
CAIXA 130L;CAIXA 130L COM BERÇO;2 C a 8 C;557018;CE;A8045;00019200000013250477;MultiModal;01/07/2026 04:16;03/07/2026 18:00;02/07/2026 03:18;03/07/2026 18:00
CAIXA 130L;CAIXA 130L COM BERÇO;2 C a 8 C;557018;CE;A7526;00019200000013250485;MultiModal;01/07/2026 04:16;03/07/2026 18:00;02/07/2026 03:18;03/07/2026 18:00
CAIXA 130L;CAIXA 130L COM BERÇO;2 C a 8 C;557018;CE;A1984;00019200000013250493;MultiModal;01/07/2026 04:16;03/07/2026 18:00;02/07/2026 03:18;03/07/2026 18:00
CAIXA 130L;CAIXA 130L COM BERÇO;2 C a 8 C;557018;CE;A2518;00019200000013250507;MultiModal;01/07/2026 04:16;03/07/2026 18:00;02/07/2026 03:18;03/07/2026 18:00
CAIXA 130L;CAIXA 130L COM BERÇO;2 C a 8 C;557018;CE;A8149;00019200000013250515;MultiModal;01/07/2026 04:16;03/07/2026 18:00;02/07/2026 03:18;03/07/2026 18:00
CAIXA 130L;CAIXA 130L COM BERÇO;2 C a 8 C;557018;CE;TA0527;00019200000013250523;MultiModal;01/07/2026 04:16;03/07/2026 18:00;02/07/2026 03:18;03/07/2026 18:00
CAIXA 130L;CAIXA 130L COM BERÇO;2 C a 8 C;557018;CE;A3152;00019200000013250531;MultiModal;01/07/2026 04:16;03/07/2026 18:00;02/07/2026 03:18;03/07/2026 18:00
CAIXA 130L;CAIXA 130L COM BERÇO;2 C a 8 C;557018;CE;A7259;00019200000013250540;MultiModal;01/07/2026 04:16;03/07/2026 18:00;01/07/2026 04:16;03/07/2026 18:00
CAIXA 130L;CAIXA 130L COM BERÇO;2 C a 8 C;557018;CE;A8569;00019200000013250558;MultiModal;01/07/2026 04:16;03/07/2026 18:00;01/07/2026 04:16;03/07/2026 18:00
CAIXA 130L;CAIXA 130L COM BERÇO;2 C a 8 C;557018;CE;A6499;00019200000013250566;MultiModal;01/07/2026 04:16;03/07/2026 18:00;01/07/2026 04:16;03/07/2026 18:00
CAIXA 130L;CAIXA 130L COM BERÇO;2 C a 8 C;557018;CE;A7928;00019200000013250574;MultiModal;01/07/2026 04:16;03/07/2026 18:00;01/07/2026 04:16;03/07/2026 18:00
CAIXA 130L;CAIXA 130L COM BERÇO;2 C a 8 C;557018;CE;A6677;00019200000013250582;MultiModal;01/07/2026 04:16;03/07/2026 18:00;01/07/2026 04:16;03/07/2026 18:00
CAIXA 130L;CAIXA 130L COM BERÇO;2 C a 8 C;557018;CE;A7019;00019200000013250590;MultiModal;01/07/2026 04:16;03/07/2026 18:00;01/07/2026 04:16;03/07/2026 18:00
CAIXA 130L;CAIXA 130L COM BERÇO;2 C a 8 C;557018;CE;A5635;00019200000013250604;MultiModal;01/07/2026 04:16;03/07/2026 18:00;01/07/2026 04:16;03/07/2026 18:00
CAIXA 130L;CAIXA 130L COM BERÇO;2 C a 8 C;557018;CE;A8506;00019200000013250612;MultiModal;01/07/2026 04:16;03/07/2026 18:00;01/07/2026 04:16;03/07/2026 18:00
CAIXA 130L;CAIXA 130L COM BERÇO;2 C a 8 C;557018;CE;A6665;00019200000013250620;MultiModal;01/07/2026 04:16;03/07/2026 18:00;02/07/2026 03:18;03/07/2026 18:00
CAIXA 130L;CAIXA 130L COM BERÇO;2 C a 8 C;557018;CE;A9534;00019200000013250639;MultiModal;01/07/2026 04:16;03/07/2026 18:00;02/07/2026 03:18;03/07/2026 18:00
CAIXA 130L;CAIXA 130L COM BERÇO;2 C a 8 C;557018;CE;A8879;00019200000013250647;MultiModal;01/07/2026 04:16;03/07/2026 18:00;02/07/2026 03:18;03/07/2026 18:00
CAIXA 130L;CAIXA 130L COM BERÇO;2 C a 8 C;557018;CE;A3468;00019200000013250655;MultiModal;01/07/2026 04:16;03/07/2026 18:00;02/07/2026 03:18;03/07/2026 18:00
CAIXA 130L;CAIXA 130L COM BERÇO;2 C a 8 C;557018;CE;A4652;00019200000013250663;MultiModal;01/07/2026 04:16;03/07/2026 18:00;02/07/2026 03:18;03/07/2026 18:00
CAIXA 130L;CAIXA 130L COM BERÇO;2 C a 8 C;557018;CE;A5735;00019200000013250671;MultiModal;01/07/2026 04:16;03/07/2026 18:00;02/07/2026 03:18;03/07/2026 18:00
CAIXA 130L;CAIXA 130L COM BERÇO;2 C a 8 C;557018;CE;A2487;00019200000013250680;MultiModal;01/07/2026 04:16;03/07/2026 18:00;02/07/2026 03:18;03/07/2026 18:00
CAIXA 130L;CAIXA 130L COM BERÇO;2 C a 8 C;557018;CE;A6433;00019200000013250698;MultiModal;01/07/2026 04:16;03/07/2026 18:00;01/07/2026 04:16;03/07/2026 18:00
CAIXA 130L;CAIXA 130L COM BERÇO;2 C a 8 C;558645;CE;A8150;00019200000013245120;MultiModal;01/07/2026 04:37;02/07/2026 10:40;01/07/2026 04:37;02/07/2026 10:40
CAIXA 130L;CAIXA 130L COM BERÇO;2 C a 8 C;558645;CE;A0222;00019200000013245139;MultiModal;01/07/2026 04:37;02/07/2026 10:40;01/07/2026 04:37;02/07/2026 10:40
CAIXA 130L;CAIXA 130L COM BERÇO;2 C a 8 C;558645;CE;A5751;00019200000013245147;MultiModal;01/07/2026 04:37;02/07/2026 10:40;01/07/2026 04:37;02/07/2026 10:40
CAIXA 130L;CAIXA 130L COM BERÇO;2 C a 8 C;558645;CE;A4511;00019200000013245155;MultiModal;01/07/2026 04:37;02/07/2026 10:40;01/07/2026 04:37;02/07/2026 10:40
CAIXA 130L;CAIXA 130L COM BERÇO;2 C a 8 C;558645;CE;A2120;00019200000013245163;MultiModal;01/07/2026 04:37;02/07/2026 10:40;01/07/2026 04:37;02/07/2026 10:40
CAIXA 130L;CAIXA 130L COM BERÇO;2 C a 8 C;558645;CE;A6611;00019200000013245171;MultiModal;01/07/2026 04:37;02/07/2026 10:40;01/07/2026 04:37;02/07/2026 10:40
CAIXA 130L;CAIXA 130L COM BERÇO;2 C a 8 C;558645;CE;A7690;00019200000013245180;MultiModal;01/07/2026 04:37;02/07/2026 10:40;01/07/2026 04:37;02/07/2026 10:40
CAIXA 130L;CAIXA 130L COM BERÇO;2 C a 8 C;558645;CE;A3177;00019200000013245198;MultiModal;01/07/2026 04:37;02/07/2026 10:40;01/07/2026 04:37;02/07/2026 10:40
CAIXA 130L;CAIXA 130L COM BERÇO;2 C a 8 C;558645;CE;A7799;00019200000013245201;MultiModal;01/07/2026 04:37;02/07/2026 10:40;01/07/2026 04:37;02/07/2026 10:40
CAIXA 130L;CAIXA 130L COM BERÇO;2 C a 8 C;558645;CE;A5334;00019200000013245210;MultiModal;01/07/2026 04:37;02/07/2026 10:40;01/07/2026 04:37;02/07/2026 10:40
CAIXA 130L;CAIXA 130L COM BERÇO;2 C a 8 C;558857;CE;A2324;00019200000012330035;MultiModal;06/07/2026 04:09;07/07/2026 09:40;06/07/2026 04:09;07/07/2026 09:40
CAIXA 130L;CAIXA 130L COM BERÇO;2 C a 8 C;558857;CE;A6832;00019200000012330043;MultiModal;06/07/2026 04:09;07/07/2026 09:40;06/07/2026 04:09;07/07/2026 09:40
CAIXA 130L;CAIXA 130L COM BERÇO;2 C a 8 C;558857;CE;A2170;00019200000012330051;MultiModal;06/07/2026 04:09;07/07/2026 09:40;06/07/2026 04:09;07/07/2026 09:40
CAIXA 130L;CAIXA 130L COM BERÇO;2 C a 8 C;558857;CE;A4919;00019200000012330060;MultiModal;06/07/2026 04:09;07/07/2026 09:40;06/07/2026 04:09;07/07/2026 09:40
CAIXA 130L;CAIXA 130L COM BERÇO;2 C a 8 C;558857;CE;A7511;00019200000012330078;MultiModal;06/07/2026 04:09;07/07/2026 09:40;06/07/2026 04:09;07/07/2026 09:40
CAIXA 130L;CAIXA 130L COM BERÇO;2 C a 8 C;558857;CE;A8036;00019200000012330086;MultiModal;06/07/2026 04:09;07/07/2026 09:40;06/07/2026 04:09;07/07/2026 09:40
CAIXA 130L;CAIXA 130L COM BERÇO;2 C a 8 C;558857;CE;TA1169;00019200000012330094;MultiModal;06/07/2026 04:09;07/07/2026 09:40;06/07/2026 04:09;07/07/2026 09:40
CAIXA 130L;CAIXA 130L COM BERÇO;2 C a 8 C;558857;CE;A7110;00019200000012330108;MultiModal;06/07/2026 04:09;07/07/2026 09:40;06/07/2026 04:09;07/07/2026 09:40
CAIXA 130L;CAIXA 130L COM BERÇO;2 C a 8 C;558857;CE;TA1101;00019200000012330116;MultiModal;06/07/2026 04:09;07/07/2026 09:40;07/07/2026 05:51;08/07/2026 17:00
CAIXA 130L;CAIXA 130L COM BERÇO;2 C a 8 C;558857;CE;TA0572;00019200000012330124;MultiModal;06/07/2026 04:09;07/07/2026 09:40;07/07/2026 05:51;08/07/2026 17:00
CAIXA 130L;CAIXA 130L COM BERÇO;2 C a 8 C;558857;CE;A2597;00019200000012330132;MultiModal;06/07/2026 04:09;07/07/2026 09:40;07/07/2026 02:48;08/07/2026 13:00
CAIXA 130L;CAIXA 130L COM BERÇO;2 C a 8 C;558857;CE;A5868;00019200000012330140;MultiModal;06/07/2026 04:09;07/07/2026 09:40;07/07/2026 05:51;08/07/2026 17:00
CAIXA 130L;CAIXA 130L COM BERÇO;2 C a 8 C;558857;CE;A0547;00019200000012330159;MultiModal;06/07/2026 04:09;07/07/2026 09:40;07/07/2026 05:51;08/07/2026 17:00
CAIXA 130L;CAIXA 130L COM BERÇO;2 C a 8 C;558857;CE;A8220;00019200000012330167;MultiModal;06/07/2026 04:09;07/07/2026 09:40;06/07/2026 04:09;07/07/2026 09:40
CAIXA 130L;CAIXA 130L COM BERÇO;2 C a 8 C;558857;CE;A2633;00019200000012330175;MultiModal;06/07/2026 04:09;07/07/2026 09:40;06/07/2026 04:09;07/07/2026 09:40
CAIXA 130L;CAIXA 130L COM BERÇO;2 C a 8 C;558857;CE;A4354;00019200000013425536;MultiModal;06/07/2026 04:09;07/07/2026 09:40;07/07/2026 02:48;08/07/2026 13:00
CAIXA 130L;CAIXA 130L COM BERÇO;2 C a 8 C;558857;CE;A3771;00019200000013425544;MultiModal;06/07/2026 04:09;07/07/2026 09:40;07/07/2026 05:51;08/07/2026 17:00
CAIXA 130L;CAIXA 130L COM BERÇO;2 C a 8 C;558857;CE;A9303;00019200000013425552;MultiModal;06/07/2026 04:09;07/07/2026 09:40;07/07/2026 05:51;08/07/2026 17:00
CAIXA 130L;CAIXA 130L COM BERÇO;2 C a 8 C;558857;CE;TA0949;00019200000013425560;MultiModal;06/07/2026 04:09;07/07/2026 09:40;07/07/2026 05:51;08/07/2026 17:00
CAIXA 130L;CAIXA 130L COM BERÇO;2 C a 8 C;558857;CE;A7146;00019200000013425579;MultiModal;06/07/2026 04:09;07/07/2026 09:40;07/07/2026 05:51;08/07/2026 17:00
CAIXA 130L;CAIXA 130L COM BERÇO;2 C a 8 C;558857;CE;A6812;00019200000013425587;MultiModal;06/07/2026 04:09;07/07/2026 09:40;06/07/2026 04:09;07/07/2026 09:40
CAIXA 130L;CAIXA 130L COM BERÇO;2 C a 8 C;558857;CE;A9144;00019200000013425595;MultiModal;06/07/2026 04:09;07/07/2026 09:40;07/07/2026 02:48;08/07/2026 13:00
CAIXA 130L;CAIXA 130L COM BERÇO;2 C a 8 C;558857;CE;A8697;00019200000013425617;MultiModal;06/07/2026 04:09;07/07/2026 09:40;06/07/2026 04:09;07/07/2026 09:40
CAIXA 130L;CAIXA 130L COM BERÇO;2 C a 8 C;558857;CE;A7878;00019200000013425633;MultiModal;06/07/2026 04:09;07/07/2026 09:40;07/07/2026 02:48;08/07/2026 13:00
CAIXA 130L;CAIXA 130L COM BERÇO;2 C a 8 C;558857;CE;A5860;00019200000013425765;MultiModal;06/07/2026 04:09;07/07/2026 09:40;07/07/2026 02:48;08/07/2026 13:00
CAIXA 130L;CAIXA 130L COM BERÇO;2 C a 8 C;558857;CE;A5785;00019200000013425773;MultiModal;06/07/2026 04:09;07/07/2026 09:40;07/07/2026 02:48;08/07/2026 13:00
CAIXA 130L;CAIXA 130L COM BERÇO;2 C a 8 C;558857;CE;A8757;00019200000013425781;MultiModal;06/07/2026 04:09;07/07/2026 09:40;06/07/2026 04:09;07/07/2026 09:40
CAIXA 130L;CAIXA 130L COM BERÇO;2 C a 8 C;558857;CE;TA0242;00019200000013425935;MultiModal;06/07/2026 04:09;07/07/2026 09:40;07/07/2026 02:48;08/07/2026 13:00
CAIXA 130L;CAIXA 130L COM BERÇO;2 C a 8 C;558857;CE;A9612;00019200000013425943;MultiModal;06/07/2026 04:09;07/07/2026 09:40;07/07/2026 02:48;08/07/2026 13:00
CAIXA 130L;CAIXA 130L COM BERÇO;2 C a 8 C;558857;CE;A1808;00019200000013425951;MultiModal;06/07/2026 04:09;07/07/2026 09:40;07/07/2026 02:48;08/07/2026 13:00
CAIXA 130L;CAIXA 130L COM BERÇO;2 C a 8 C;558857;CE;A4836;00019200000013425960;MultiModal;06/07/2026 04:09;07/07/2026 09:40;07/07/2026 02:48;08/07/2026 13:00
CAIXA 130L;CAIXA 130L COM BERÇO;2 C a 8 C;558857;CE;A0288;00019200000013425978;MultiModal;06/07/2026 04:09;07/07/2026 09:40;07/07/2026 02:48;08/07/2026 13:00
CAIXA 130L;CAIXA 130L COM BERÇO;2 C a 8 C;558857;CE;A9632;00019200000013425986;MultiModal;06/07/2026 04:09;07/07/2026 09:40;07/07/2026 02:48;08/07/2026 13:00
CAIXA 130L;CAIXA 130L COM BERÇO;2 C a 8 C;558857;CE;A6574;00019200000013425994;MultiModal;06/07/2026 04:09;07/07/2026 09:40;07/07/2026 02:48;08/07/2026 13:00
CAIXA 130L;CAIXA 130L COM BERÇO;2 C a 8 C;558857;CE;A4233;00019200000013426087;MultiModal;06/07/2026 04:09;07/07/2026 09:40;06/07/2026 04:09;07/07/2026 09:40
CAIXA 130L;CAIXA 130L COM BERÇO;2 C a 8 C;558857;CE;A7070;00019200000013426095;MultiModal;06/07/2026 04:09;07/07/2026 09:40;07/07/2026 02:48;08/07/2026 13:00
CAIXA 130L;CAIXA 130L COM BERÇO;2 C a 8 C;558857;CE;A6364;00019200000013426109;MultiModal;06/07/2026 04:09;07/07/2026 09:40;07/07/2026 02:48;08/07/2026 13:00
CAIXA 130L;CAIXA 130L COM BERÇO;2 C a 8 C;558857;CE;A1495;00019200000013426117;MultiModal;06/07/2026 04:09;07/07/2026 09:40;07/07/2026 02:48;08/07/2026 13:00
CAIXA 130L;CAIXA 130L COM BERÇO;2 C a 8 C;558857;CE;A1968;00019200000013426125;MultiModal;06/07/2026 04:09;07/07/2026 09:40;07/07/2026 02:48;08/07/2026 13:00
CAIXA 130L;CAIXA 130L COM BERÇO;2 C a 8 C;558857;CE;A7671;00019200000013426133;MultiModal;06/07/2026 04:09;07/07/2026 09:40;07/07/2026 02:48;08/07/2026 13:00
CAIXA 130L;CAIXA 130L COM BERÇO;2 C a 8 C;558857;CE;A3247;00019200000013426141;MultiModal;06/07/2026 04:09;07/07/2026 09:40;07/07/2026 02:48;08/07/2026 13:00
CAIXA 130L;CAIXA 130L COM BERÇO;2 C a 8 C;558857;CE;A6849;00019200000013426150;MultiModal;06/07/2026 04:09;07/07/2026 09:40;07/07/2026 02:48;08/07/2026 13:00
CAIXA 130L;CAIXA 130L COM BERÇO;2 C a 8 C;558857;CE;A6831;00019200000013426168;MultiModal;06/07/2026 04:09;07/07/2026 09:40;07/07/2026 05:51;08/07/2026 17:00
CAIXA 130L;CAIXA 130L COM BERÇO;2 C a 8 C;558857;CE;A3562;00019200000013426184;MultiModal;06/07/2026 04:09;07/07/2026 09:40;07/07/2026 05:51;08/07/2026 17:00
CAIXA 130L;CAIXA 130L COM BERÇO;2 C a 8 C;558857;CE;TA0620;00019200000013426192;MultiModal;06/07/2026 04:09;07/07/2026 09:40;07/07/2026 05:51;08/07/2026 17:00
CAIXA 130L;CAIXA 130L COM BERÇO;2 C a 8 C;558857;CE;A1815;00019200000013426206;MultiModal;06/07/2026 04:09;07/07/2026 09:40;07/07/2026 05:51;08/07/2026 17:00
CAIXA 130L;CAIXA 130L COM BERÇO;2 C a 8 C;558857;CE;A8862;00019200000013426214;MultiModal;06/07/2026 04:09;07/07/2026 09:40;07/07/2026 02:48;08/07/2026 13:00
CAIXA 130L;CAIXA 130L COM BERÇO;2 C a 8 C;558857;CE;TA0943;00019200000013426222;MultiModal;06/07/2026 04:09;07/07/2026 09:40;07/07/2026 05:51;08/07/2026 17:00
CAIXA 130L;CAIXA 130L COM BERÇO;2 C a 8 C;558857;CE;A7637;00019200000013426230;MultiModal;06/07/2026 04:09;07/07/2026 09:40;07/07/2026 05:51;08/07/2026 17:00
CAIXA 130L;CAIXA 130L COM BERÇO;2 C a 8 C;558857;CE;A8289;00019200000013426249;MultiModal;06/07/2026 04:09;07/07/2026 09:40;07/07/2026 05:51;08/07/2026 17:00
CAIXA 130L;CAIXA 130L COM BERÇO;2 C a 8 C;558857;CE;A7606;00019200000013426257;MultiModal;06/07/2026 04:09;07/07/2026 09:40;07/07/2026 05:51;08/07/2026 17:00
CAIXA 130L;CAIXA 130L COM BERÇO;2 C a 8 C;558857;CE;A3139;00019200000013426265;MultiModal;06/07/2026 04:09;07/07/2026 09:40;07/07/2026 05:51;08/07/2026 17:00
CAIXA 130L;CAIXA 130L COM BERÇO;2 C a 8 C;558857;CE;A5033;00019200000013426273;MultiModal;06/07/2026 04:09;07/07/2026 09:40;07/07/2026 05:51;08/07/2026 17:00
CAIXA 130L;CAIXA 130L COM BERÇO;2 C a 8 C;558857;CE;TA0986;00019200000013426281;MultiModal;06/07/2026 04:09;07/07/2026 09:40;07/07/2026 05:51;08/07/2026 17:00
CAIXA 130L;CAIXA 130L COM BERÇO;2 C a 8 C;558857;CE;A6821;00019200000013426290;MultiModal;06/07/2026 04:09;07/07/2026 09:40;07/07/2026 05:51;08/07/2026 17:00
CAIXA 130L;CAIXA 130L COM BERÇO;2 C a 8 C;558857;CE;A9272;00019200000013426303;MultiModal;06/07/2026 04:09;07/07/2026 09:40;07/07/2026 05:51;08/07/2026 17:00
CAIXA 130L;CAIXA 130L COM BERÇO;2 C a 8 C;558857;CE;TA0713;00019200000013426311;MultiModal;06/07/2026 04:09;07/07/2026 09:40;07/07/2026 05:51;08/07/2026 17:00
CAIXA 130L;CAIXA 130L COM BERÇO;2 C a 8 C;558857;CE;A3821;00019200000013426320;MultiModal;06/07/2026 04:09;07/07/2026 09:40;06/07/2026 04:09;07/07/2026 09:40
CAIXA 130L;CAIXA 130L COM BERÇO;2 C a 8 C;558857;CE;A6021;00019200000013426338;MultiModal;06/07/2026 04:09;07/07/2026 09:40;06/07/2026 04:09;07/07/2026 09:40
CAIXA 130L;CAIXA 130L COM BERÇO;2 C a 8 C;558857;CE;A4618;00019200000013426346;MultiModal;06/07/2026 04:09;07/07/2026 09:40;06/07/2026 04:09;07/07/2026 09:40
CAIXA 130L;CAIXA 130L COM BERÇO;2 C a 8 C;558857;CE;A2706;00019200000013426354;MultiModal;06/07/2026 04:09;07/07/2026 09:40;06/07/2026 04:09;07/07/2026 09:40
CAIXA 130L;CAIXA 130L COM BERÇO;2 C a 8 C;558857;CE;A4871;00019200000013426362;MultiModal;06/07/2026 04:09;07/07/2026 09:40;06/07/2026 04:09;07/07/2026 09:40
CAIXA 130L;CAIXA 130L COM BERÇO;2 C a 8 C;558857;CE;A9466;00019200000013426370;MultiModal;06/07/2026 04:09;07/07/2026 09:40;06/07/2026 04:09;07/07/2026 09:40
CAIXA 130L;CAIXA 130L COM BERÇO;2 C a 8 C;558857;CE;A1070;00019200000013426389;MultiModal;06/07/2026 04:09;07/07/2026 09:40;06/07/2026 04:09;07/07/2026 09:40
CAIXA 130L;CAIXA 130L COM BERÇO;2 C a 8 C;558857;CE;A2282;00019200000013426397;MultiModal;06/07/2026 04:09;07/07/2026 09:40;06/07/2026 04:09;07/07/2026 09:40
CAIXA 130L;CAIXA 130L COM BERÇO;2 C a 8 C;558857;CE;A2006;00019200000013426400;MultiModal;06/07/2026 04:09;07/07/2026 09:40;06/07/2026 04:09;07/07/2026 09:40
CAIXA 130L;CAIXA 130L COM BERÇO;2 C a 8 C;558857;CE;A1197;00019200000013426419;MultiModal;06/07/2026 04:09;07/07/2026 09:40;06/07/2026 04:09;07/07/2026 09:40
CAIXA 130L;CAIXA 130L COM BERÇO;2 C a 8 C;558857;CE;TA0982;00019200000013426427;MultiModal;06/07/2026 04:09;07/07/2026 09:40;06/07/2026 04:09;07/07/2026 09:40
CAIXA 130L;CAIXA 130L COM BERÇO;2 C a 8 C;558857;CE;A7680;00019200000013426435;MultiModal;06/07/2026 04:09;07/07/2026 09:40;06/07/2026 04:09;07/07/2026 09:40
CAIXA 130L;CAIXA 130L COM BERÇO;2 C a 8 C;558857;CE;A8980;00019200000013426443;MultiModal;06/07/2026 04:09;07/07/2026 09:40;06/07/2026 04:09;07/07/2026 09:40
CAIXA 130L;CAIXA 130L COM BERÇO;2 C a 8 C;558857;CE;A0805;00019200000013426451;MultiModal;06/07/2026 04:09;07/07/2026 09:40;06/07/2026 04:09;07/07/2026 09:40
CAIXA 130L;CAIXA 130L COM BERÇO;2 C a 8 C;558857;CE;A6409;00019200000013426460;MultiModal;06/07/2026 04:09;07/07/2026 09:40;06/07/2026 04:09;07/07/2026 09:40
CAIXA 130L;CAIXA 130L COM BERÇO;2 C a 8 C;558857;CE;A4665;00019200000013427369;MultiModal;06/07/2026 04:09;07/07/2026 09:40;06/07/2026 04:09;07/07/2026 09:40
CAIXA 130L;CAIXA 130L COM BERÇO;2 C a 8 C;558857;CE;A7898;00019200000013427377;MultiModal;06/07/2026 04:09;07/07/2026 09:40;06/07/2026 04:09;07/07/2026 09:40
CAIXA 130L;CAIXA 130L COM BERÇO;2 C a 8 C;558857;CE;A8686;00019200000013427385;MultiModal;06/07/2026 04:09;07/07/2026 09:40;06/07/2026 04:09;07/07/2026 09:40
CAIXA 130L;CAIXA 130L COM BERÇO;2 C a 8 C;558857;CE;A8126;00019200000013427393;MultiModal;06/07/2026 04:09;07/07/2026 09:40;06/07/2026 04:09;07/07/2026 09:40
CAIXA 130L;CAIXA 130L COM BERÇO;2 C a 8 C;558857;CE;A4937;00019200000013427407;MultiModal;06/07/2026 04:09;07/07/2026 09:40;06/07/2026 04:09;07/07/2026 09:40
CAIXA 130L;CAIXA 130L COM BERÇO;2 C a 8 C;558857;CE;A4998;00019200000013427415;MultiModal;06/07/2026 04:09;07/07/2026 09:40;06/07/2026 04:09;07/07/2026 09:40
CAIXA 130L;CAIXA 130L COM BERÇO;2 C a 8 C;558857;CE;A7164;00019200000013427423;MultiModal;06/07/2026 04:09;07/07/2026 09:40;06/07/2026 04:09;07/07/2026 09:40
CAIXA 130L;CAIXA 130L COM BERÇO;2 C a 8 C;558857;CE;A6367;00019200000013427431;MultiModal;06/07/2026 04:09;07/07/2026 09:40;06/07/2026 04:09;07/07/2026 09:40
CAIXA 130L;CAIXA 130L COM BERÇO;2 C a 8 C;558857;CE;A0760;00019200000013427440;MultiModal;06/07/2026 04:09;07/07/2026 09:40;06/07/2026 04:09;07/07/2026 09:40
CAIXA 130L;CAIXA 130L COM BERÇO;2 C a 8 C;558857;CE;A8235;00019200000013427547;MultiModal;06/07/2026 04:09;07/07/2026 09:40;06/07/2026 04:09;07/07/2026 09:40
CAIXA 130L;CAIXA 130L COM BERÇO;2 C a 8 C;558857;CE;A0256;00019200000013427555;MultiModal;06/07/2026 04:09;07/07/2026 09:40;06/07/2026 04:09;07/07/2026 09:40
CAIXA 130L;CAIXA 130L COM BERÇO;2 C a 8 C;558857;CE;A6652;00019200000013427563;MultiModal;06/07/2026 04:09;07/07/2026 09:40;06/07/2026 04:09;07/07/2026 09:40
CAIXA 130L;CAIXA 130L COM BERÇO;2 C a 8 C;558857;CE;A5930;00019200000013427571;MultiModal;06/07/2026 04:09;07/07/2026 09:40;06/07/2026 04:09;07/07/2026 09:40
CAIXA 130L;CAIXA 130L COM BERÇO;2 C a 8 C;558857;CE;A5212;00019200000013427580;MultiModal;06/07/2026 04:09;07/07/2026 09:40;06/07/2026 04:09;07/07/2026 09:40
CAIXA 130L;CAIXA 130L COM BERÇO;2 C a 8 C;558857;CE;A7560;00019200000013427598;MultiModal;06/07/2026 04:09;07/07/2026 09:40;06/07/2026 04:09;07/07/2026 09:40
CAIXA 130L;CAIXA 130L COM BERÇO;2 C a 8 C;558857;CE;A3549;00019200000013427687;MultiModal;06/07/2026 04:09;07/07/2026 09:40;07/07/2026 02:48;08/07/2026 13:00
CAIXA 130L;CAIXA 130L COM BERÇO;2 C a 8 C;559649;CE;A3212;00019200000013423444;MultiModal;06/07/2026 03:24;07/07/2026 09:40;06/07/2026 03:24;07/07/2026 09:40
CAIXA 130L;CAIXA 130L COM BERÇO;2 C a 8 C;559649;CE;A6590;00019200000013423452;MultiModal;06/07/2026 03:24;07/07/2026 09:40;06/07/2026 03:24;07/07/2026 09:40
CAIXA 130L;CAIXA 130L COM BERÇO;2 C a 8 C;559649;CE;A3977;00019200000013423550;MultiModal;06/07/2026 03:24;07/07/2026 09:40;06/07/2026 03:24;07/07/2026 09:40
CAIXA 130L;CAIXA 130L COM BERÇO;2 C a 8 C;560340;CE;A7477;00019200000013448560;MultiModal;15/07/2026 23:23;17/07/2026 14:00;20/07/2026 23:43;17/07/2026 14:20
CAIXA 130L;CAIXA 130L COM BERÇO;2 C a 25 C;556700;DF;TA0349;00019200000013427458;MultiModal;02/07/2026 05:59;03/07/2026 11:02;02/07/2026 05:59;03/07/2026 11:53
CAIXA 130L;CAIXA 130L COM BERÇO;2 C a 25 C;556700;DF;A9183;00019200000013427466;MultiModal;02/07/2026 05:59;03/07/2026 11:02;02/07/2026 05:59;03/07/2026 11:53
CAIXA 130L;CAIXA 130L COM BERÇO;2 C a 25 C;556700;DF;A7067;00019200000013427474;MultiModal;02/07/2026 05:59;03/07/2026 11:02;02/07/2026 05:59;03/07/2026 11:53
CAIXA 130L;CAIXA 130L COM BERÇO;2 C a 25 C;556700;DF;A7805;00019200000013427482;MultiModal;02/07/2026 05:59;03/07/2026 11:02;02/07/2026 05:59;03/07/2026 11:53
CAIXA 130L;CAIXA 130L COM BERÇO;2 C a 8 C;559635;DF;A5998;00019200000013428136;MultiModal;02/07/2026 04:51;03/07/2026 12:26;02/07/2026 04:51;03/07/2026 12:29
CAIXA 130L;CAIXA 130L COM BERÇO;2 C a 8 C;559663;DF;A5439;00019200000013428268;MultiModal;06/07/2026 05:41;07/07/2026 11:17;06/07/2026 05:41;07/07/2026 11:17
CAIXA 130L;CAIXA 130L COM BERÇO;2 C a 8 C;560593;DF;A4232;00019200000013475550;Rodoviário;23/07/2026 08:14;24/07/2026 11:11;23/07/2026 10:28;24/07/2026 11:11
CAIXA 130L;CAIXA 130L COM BERÇO;2 C a 8 C;561499;DF;A6235;00019200000013595229;Rodoviário;27/07/2026 04:49;28/07/2026 10:54;27/07/2026 04:49;28/07/2026 10:54
CAIXA 130L;CAIXA 130L COM BERÇO;2 C a 8 C;562501;DF;TA0876;00019200000013729829;MultiModal;29/07/2026 00:58;-;29/07/2026 00:58;-
CAIXA 130L;CAIXA 130L COM BERÇO;2 C a 8 C;559085;ES;A9461;00019200000013423827;MultiModal;06/07/2026 03:24;07/07/2026 12:15;06/07/2026 03:24;07/07/2026 12:15
CAIXA 130L;CAIXA 130L COM BERÇO;2 C a 8 C;559085;ES;A8378;00019200000013423835;MultiModal;06/07/2026 03:24;07/07/2026 12:15;06/07/2026 03:24;07/07/2026 12:15
CAIXA 130L;CAIXA 130L COM BERÇO;2 C a 8 C;559085;ES;A7881;00019200000013423843;MultiModal;06/07/2026 03:24;07/07/2026 12:15;06/07/2026 03:24;07/07/2026 12:15
CAIXA 130L;CAIXA 130L COM BERÇO;2 C a 8 C;559085;ES;A5971;00019200000013423851;MultiModal;06/07/2026 03:24;07/07/2026 12:15;06/07/2026 03:24;07/07/2026 12:15
CAIXA 130L;CAIXA 130L COM BERÇO;2 C a 8 C;559085;ES;A8592;00019200000013423860;MultiModal;06/07/2026 03:24;07/07/2026 12:15;06/07/2026 03:24;07/07/2026 12:15
CAIXA 130L;CAIXA 130L COM BERÇO;2 C a 8 C;559085;ES;A7977;00019200000013423878;MultiModal;06/07/2026 03:24;07/07/2026 12:15;06/07/2026 03:24;07/07/2026 12:15
CAIXA 130L;CAIXA 130L COM BERÇO;2 C a 8 C;559085;ES;A2954;00019200000013423886;MultiModal;06/07/2026 03:24;07/07/2026 12:15;06/07/2026 03:24;07/07/2026 12:15
CAIXA 130L;CAIXA 130L COM BERÇO;2 C a 8 C;559085;ES;A6994;00019200000013423894;MultiModal;06/07/2026 03:24;07/07/2026 12:15;06/07/2026 03:24;07/07/2026 12:15
CAIXA 130L;CAIXA 130L COM BERÇO;2 C a 8 C;559085;ES;A5423;00019200000013424130;MultiModal;06/07/2026 03:24;07/07/2026 12:15;06/07/2026 03:24;07/07/2026 12:15
CAIXA 130L;CAIXA 130L COM BERÇO;2 C a 8 C;559863;ES;A8051;00019200000013421280;MultiModal;06/07/2026 00:01;07/07/2026 09:30;06/07/2026 00:01;07/07/2026 09:30
CAIXA 130L;CAIXA 130L COM BERÇO;2 C a 8 C;560407;ES;A8032;00019200000013481231;MultiModal;15/07/2026 03:28;16/07/2026 14:00;15/07/2026 03:28;16/07/2026 14:00
CAIXA 130L;CAIXA 130L COM BERÇO;2 C a 8 C;560709;ES;A2318;00019200000013466143;MultiModal;21/07/2026 05:23;22/07/2026 15:39;21/07/2026 05:23;22/07/2026 15:39
CAIXA 130L;CAIXA 130L COM BERÇO;2 C a 8 C;560709;ES;A6611;00019200000013466178;MultiModal;21/07/2026 05:23;22/07/2026 15:39;21/07/2026 05:23;22/07/2026 15:39
CAIXA 130L;CAIXA 130L COM BERÇO;2 C a 8 C;560709;ES;A2999;00019200000013466186;MultiModal;21/07/2026 05:23;22/07/2026 15:39;21/07/2026 05:23;22/07/2026 15:39
CAIXA 130L;CAIXA 130L COM BERÇO;2 C a 8 C;560709;ES;A1077;00019200000013466194;MultiModal;21/07/2026 05:23;22/07/2026 15:39;21/07/2026 05:23;22/07/2026 15:39
CAIXA 130L;CAIXA 130L COM BERÇO;2 C a 30 C;560709;ES;A9435;00019200000013466208;MultiModal;21/07/2026 05:23;22/07/2026 15:39;21/07/2026 05:23;22/07/2026 15:39
CAIXA 130L;CAIXA 130L COM BERÇO;2 C a 8 C;560709;ES;A6917;00019200000013466216;MultiModal;21/07/2026 05:23;22/07/2026 15:39;21/07/2026 05:23;22/07/2026 15:39
CAIXA 130L;CAIXA 130L COM BERÇO;2 C a 8 C;560709;ES;TA0340;00019200000013466224;MultiModal;21/07/2026 05:23;22/07/2026 15:39;21/07/2026 05:23;22/07/2026 15:39
CAIXA 130L;CAIXA 130L COM BERÇO;2 C a 8 C;560709;ES;A5440;00019200000013466232;MultiModal;21/07/2026 05:23;22/07/2026 15:39;21/07/2026 05:23;22/07/2026 15:39
CAIXA 130L;CAIXA 130L COM BERÇO;2 C a 8 C;560709;ES;A7133;00019200000013466240;MultiModal;21/07/2026 05:23;22/07/2026 15:39;21/07/2026 05:23;22/07/2026 15:39
CAIXA 130L;CAIXA 130L COM BERÇO;2 C a 8 C;560709;ES;TA0353;00019200000013466259;MultiModal;21/07/2026 05:23;22/07/2026 15:39;21/07/2026 05:23;22/07/2026 15:39
CAIXA 130L;CAIXA 130L COM BERÇO;2 C a 30 C;560709;ES;A4176;00019200000013466348;MultiModal;21/07/2026 05:23;22/07/2026 15:39;21/07/2026 05:23;22/07/2026 15:39
CAIXA 130L;CAIXA 130L COM BERÇO;2 C a 30 C;560709;ES;A1463;00019200000013466356;MultiModal;21/07/2026 05:23;22/07/2026 15:39;21/07/2026 05:23;22/07/2026 15:39
CAIXA 130L;CAIXA 130L COM BERÇO;2 C a 8 C;560709;ES;A2214;00019200000013466364;MultiModal;21/07/2026 05:23;22/07/2026 15:39;21/07/2026 05:23;22/07/2026 15:39
CAIXA 130L;CAIXA 130L COM BERÇO;2 C a 8 C;560709;ES;A8432;00019200000013466372;MultiModal;21/07/2026 05:23;22/07/2026 15:39;21/07/2026 05:23;22/07/2026 15:39
CAIXA 130L;CAIXA 130L COM BERÇO;2 C a 8 C;560709;ES;A7946;00019200000013466380;MultiModal;21/07/2026 05:23;22/07/2026 15:39;21/07/2026 05:23;22/07/2026 15:39
CAIXA 130L;CAIXA 130L COM BERÇO;2 C a 8 C;560709;ES;A0322;00019200000013466399;MultiModal;21/07/2026 05:23;22/07/2026 15:39;21/07/2026 05:23;22/07/2026 15:39
CAIXA 130L;CAIXA 130L COM BERÇO;2 C a 8 C;560709;ES;A0597;00019200000013466402;MultiModal;21/07/2026 05:23;22/07/2026 15:39;21/07/2026 05:23;22/07/2026 15:39
CAIXA 130L;CAIXA 130L COM BERÇO;2 C a 30 C;560709;ES;A8477;00019200000013466410;MultiModal;21/07/2026 05:23;22/07/2026 15:39;21/07/2026 05:23;22/07/2026 15:39
CAIXA 130L;CAIXA 130L COM BERÇO;2 C a 8 C;560709;ES;A5005;00019200000013466429;MultiModal;21/07/2026 05:23;22/07/2026 15:39;21/07/2026 05:23;22/07/2026 15:39
CAIXA 130L;CAIXA 130L COM BERÇO;2 C a 8 C;560709;ES;A7799;00019200000013466437;MultiModal;21/07/2026 05:23;22/07/2026 15:39;21/07/2026 05:23;22/07/2026 15:39
CAIXA 130L;CAIXA 130L COM BERÇO;2 C a 8 C;560709;ES;A7613;00019200000013466445;MultiModal;21/07/2026 05:23;22/07/2026 15:39;21/07/2026 05:23;22/07/2026 15:39
CAIXA 130L;CAIXA 130L COM BERÇO;2 C a 8 C;560709;ES;A5043;00019200000013577964;MultiModal;21/07/2026 05:23;22/07/2026 15:39;21/07/2026 05:23;22/07/2026 15:39
CAIXA 130L;CAIXA 130L COM BERÇO;2 C a 8 C;558340;GO;A3737;00019200000013423215;MultiModal;06/07/2026 05:41;07/07/2026 11:58;06/07/2026 05:41;07/07/2026 11:58
CAIXA 130L;CAIXA 130L COM BERÇO;2 C a 8 C;558948;GO;A3195;00019200000013407376;MultiModal;08/07/2026 05:30;09/07/2026 14:45;08/07/2026 05:30;09/07/2026 14:45
CAIXA 130L;CAIXA 130L COM BERÇO;2 C a 8 C;558948;GO;A5057;00019200000013407384;MultiModal;08/07/2026 05:30;09/07/2026 14:45;08/07/2026 05:30;09/07/2026 14:45
CAIXA 130L;CAIXA 130L COM BERÇO;2 C a 8 C;559086;GO;A9362;00019200000013423266;MultiModal;06/07/2026 05:41;07/07/2026 13:14;06/07/2026 05:41;07/07/2026 13:14
CAIXA 130L;CAIXA 130L COM BERÇO;2 C a 8 C;559086;GO;A7843;00019200000013423274;MultiModal;06/07/2026 05:41;07/07/2026 13:14;06/07/2026 05:41;07/07/2026 13:14
CAIXA 130L;CAIXA 130L COM BERÇO;2 C a 8 C;559086;GO;A3287;00019200000013423282;MultiModal;06/07/2026 05:41;07/07/2026 13:14;06/07/2026 05:41;07/07/2026 13:14
CAIXA 130L;CAIXA 130L COM BERÇO;2 C a 8 C;559086;GO;A8502;00019200000013423290;MultiModal;06/07/2026 05:41;07/07/2026 13:14;06/07/2026 05:41;07/07/2026 13:14
CAIXA 130L;CAIXA 130L COM BERÇO;2 C a 8 C;559086;GO;TA0361;00019200000013423304;MultiModal;06/07/2026 05:41;07/07/2026 13:14;06/07/2026 05:41;07/07/2026 13:14
CAIXA 130L;CAIXA 130L COM BERÇO;2 C a 8 C;559086;GO;A6714;00019200000013423312;MultiModal;06/07/2026 05:41;07/07/2026 13:14;06/07/2026 05:41;07/07/2026 13:14
CAIXA 130L;CAIXA 130L COM BERÇO;2 C a 8 C;559086;GO;A4846;00019200000013423320;MultiModal;06/07/2026 05:41;07/07/2026 13:14;06/07/2026 05:41;07/07/2026 13:14
CAIXA 130L;CAIXA 130L COM BERÇO;2 C a 8 C;559086;GO;A9547;00019200000013423339;MultiModal;06/07/2026 05:41;07/07/2026 13:14;06/07/2026 05:41;07/07/2026 13:14
CAIXA 130L;CAIXA 130L COM BERÇO;2 C a 8 C;559086;GO;TA0710;00019200000013423592;MultiModal;06/07/2026 05:41;07/07/2026 13:14;06/07/2026 05:41;07/07/2026 13:14
CAIXA 130L;CAIXA 130L COM BERÇO;2 C a 8 C;559086;GO;A9075;00019200000013423606;MultiModal;06/07/2026 05:41;07/07/2026 13:14;06/07/2026 05:41;07/07/2026 13:14
CAIXA 130L;CAIXA 130L COM BERÇO;2 C a 8 C;559086;GO;A7979;00019200000013423614;MultiModal;06/07/2026 05:41;07/07/2026 13:14;06/07/2026 05:41;07/07/2026 13:14
CAIXA 130L;CAIXA 130L COM BERÇO;2 C a 8 C;559086;GO;A0052;00019200000013423622;MultiModal;06/07/2026 05:41;07/07/2026 13:14;06/07/2026 05:41;07/07/2026 13:14
CAIXA 130L;CAIXA 130L COM BERÇO;2 C a 8 C;559086;GO;A7174;00019200000013423630;MultiModal;06/07/2026 05:41;07/07/2026 13:14;06/07/2026 05:41;07/07/2026 13:14
CAIXA 130L;CAIXA 130L COM BERÇO;2 C a 8 C;559650;GO;A4444;00019200000013428365;MultiModal;06/07/2026 05:41;07/07/2026 13:16;06/07/2026 05:41;07/07/2026 13:16
CAIXA 130L;CAIXA 130L COM BERÇO;2 C a 8 C;559650;GO;A8161;00019200000013428373;MultiModal;06/07/2026 05:41;07/07/2026 13:16;06/07/2026 05:41;07/07/2026 13:16
CAIXA 130L;CAIXA 130L COM BERÇO;2 C a 8 C;559650;GO;A8303;00019200000013428497;MultiModal;06/07/2026 05:41;07/07/2026 13:16;06/07/2026 05:41;07/07/2026 13:16
CAIXA 130L;CAIXA 130L COM BERÇO;2 C a 8 C;559747;GO;TA0484;00019200000013422790;MultiModal;02/07/2026 23:49;03/07/2026 16:10;02/07/2026 23:49;03/07/2026 16:10
CAIXA 130L;CAIXA 130L COM BERÇO;2 C a 8 C;560716;GO;A1914;00019200000013466321;MultiModal;21/07/2026 04:57;23/07/2026 11:33;21/07/2026 04:57;23/07/2026 11:33
CAIXA 130L;CAIXA 130L COM BERÇO;2 C a 8 C;560716;GO;A9566;00019200000013466330;MultiModal;21/07/2026 04:57;23/07/2026 11:33;21/07/2026 04:57;23/07/2026 11:33
CAIXA 130L;CAIXA 130L COM BERÇO;2 C a 8 C;560716;GO;A6182;00019200000013466461;MultiModal;21/07/2026 04:57;23/07/2026 11:33;21/07/2026 04:57;23/07/2026 11:33
CAIXA 130L;CAIXA 130L COM BERÇO;2 C a 8 C;560716;GO;A9667;00019200000013466488;MultiModal;21/07/2026 04:57;23/07/2026 11:33;21/07/2026 04:57;23/07/2026 11:33
CAIXA 130L;CAIXA 130L COM BERÇO;2 C a 8 C;560716;GO;A1264;00019200000013466496;MultiModal;21/07/2026 04:57;23/07/2026 11:33;21/07/2026 04:57;23/07/2026 11:33
CAIXA 130L;CAIXA 130L COM BERÇO;2 C a 8 C;560716;GO;A5757;00019200000013466500;MultiModal;21/07/2026 04:57;23/07/2026 11:33;21/07/2026 04:57;23/07/2026 11:33
CAIXA 130L;CAIXA 130L COM BERÇO;2 C a 8 C;560716;GO;A8633;00019200000013466518;MultiModal;21/07/2026 04:57;23/07/2026 11:33;21/07/2026 04:57;23/07/2026 11:33
CAIXA 130L;CAIXA 130L COM BERÇO;2 C a 30 C;560716;GO;TA0713;00019200000013466526;MultiModal;21/07/2026 04:57;23/07/2026 11:33;21/07/2026 04:57;23/07/2026 11:33
CAIXA 130L;CAIXA 130L COM BERÇO;2 C a 30 C;560716;GO;A0315;00019200000013466534;MultiModal;21/07/2026 04:57;23/07/2026 11:33;21/07/2026 04:57;23/07/2026 11:33
CAIXA 130L;CAIXA 130L COM BERÇO;2 C a 30 C;560716;GO;A7680;00019200000013466542;MultiModal;21/07/2026 04:57;23/07/2026 11:33;21/07/2026 04:57;23/07/2026 11:33
CAIXA 130L;CAIXA 130L COM BERÇO;2 C a 30 C;560716;GO;TA0004;00019200000013466550;MultiModal;21/07/2026 04:57;23/07/2026 11:33;21/07/2026 04:57;23/07/2026 11:33
CAIXA 130L;CAIXA 130L COM BERÇO;2 C a 30 C;560716;GO;A3261;00019200000013466569;MultiModal;21/07/2026 04:57;23/07/2026 11:33;21/07/2026 04:57;23/07/2026 11:33
CAIXA 130L;CAIXA 130L COM BERÇO;2 C a 30 C;560716;GO;A4106;00019200000013466577;MultiModal;21/07/2026 04:57;23/07/2026 11:33;21/07/2026 04:57;23/07/2026 11:33
CAIXA 130L;CAIXA 130L COM BERÇO;2 C a 30 C;560716;GO;A6514;00019200000013466585;MultiModal;21/07/2026 04:57;23/07/2026 11:33;21/07/2026 04:57;23/07/2026 11:33
CAIXA 130L;CAIXA 130L COM BERÇO;2 C a 30 C;560716;GO;A0162;00019200000013466593;MultiModal;21/07/2026 04:57;23/07/2026 11:33;21/07/2026 04:57;23/07/2026 11:33
CAIXA 130L;CAIXA 130L COM BERÇO;2 C a 30 C;560716;GO;A3448;00019200000013466607;MultiModal;21/07/2026 04:57;23/07/2026 11:33;21/07/2026 04:57;23/07/2026 11:33
CAIXA 130L;CAIXA 130L COM BERÇO;2 C a 30 C;560716;GO;TA0996;00019200000013466615;MultiModal;21/07/2026 04:57;23/07/2026 11:33;21/07/2026 04:57;23/07/2026 11:33
CAIXA 130L;CAIXA 130L COM BERÇO;2 C a 8 C;560716;GO;A7371;00019200000013466690;MultiModal;21/07/2026 04:57;23/07/2026 11:33;21/07/2026 04:57;23/07/2026 11:33
CAIXA 130L;CAIXA 130L COM BERÇO;2 C a 8 C;560716;GO;A0288;00019200000013466704;MultiModal;21/07/2026 04:57;23/07/2026 11:33;21/07/2026 04:57;23/07/2026 11:33
CAIXA 130L;CAIXA 130L COM BERÇO;2 C a 8 C;560716;GO;A8182;00019200000013466712;MultiModal;21/07/2026 04:57;23/07/2026 11:33;21/07/2026 04:57;23/07/2026 11:33
CAIXA 130L;CAIXA 130L COM BERÇO;2 C a 8 C;560716;GO;A8697;00019200000013466720;MultiModal;21/07/2026 04:57;23/07/2026 11:33;21/07/2026 04:57;23/07/2026 11:33
CAIXA 130L;CAIXA 130L COM BERÇO;2 C a 8 C;560716;GO;A4679;00019200000013476580;MultiModal;21/07/2026 04:57;23/07/2026 11:33;21/07/2026 04:57;23/07/2026 11:33
CAIXA 130L;CAIXA 130L COM BERÇO;2 C a 8 C;560716;GO;A7233;00019200000013476599;MultiModal;21/07/2026 04:57;23/07/2026 11:33;21/07/2026 04:57;23/07/2026 11:33
CAIXA 130L;CAIXA 130L COM BERÇO;2 C a 8 C;560716;GO;A8757;00019200000013476602;MultiModal;21/07/2026 04:57;23/07/2026 11:33;21/07/2026 04:57;23/07/2026 11:33
CAIXA 130L;CAIXA 130L COM BERÇO;2 C a 8 C;560722;GO;A6085;00019200000013465910;MultiModal;21/07/2026 05:41;22/07/2026 17:29;21/07/2026 05:41;22/07/2026 17:29
CAIXA 130L;CAIXA 130L COM BERÇO;2 C a 8 C;560722;GO;A0580;00019200000013465929;MultiModal;21/07/2026 05:41;22/07/2026 17:29;21/07/2026 05:41;22/07/2026 17:29
CAIXA 130L;CAIXA 130L COM BERÇO;2 C a 8 C;560722;GO;A9691;00019200000013465937;MultiModal;21/07/2026 05:41;22/07/2026 17:29;21/07/2026 05:41;22/07/2026 17:29
CAIXA 130L;CAIXA 130L COM BERÇO;2 C a 8 C;560722;GO;A7566;00019200000013465945;MultiModal;21/07/2026 05:41;22/07/2026 17:29;21/07/2026 05:41;22/07/2026 17:29
CAIXA 130L;CAIXA 130L COM BERÇO;2 C a 8 C;560722;GO;A5498;00019200000013465953;MultiModal;21/07/2026 05:41;22/07/2026 17:29;21/07/2026 05:41;22/07/2026 17:29
CAIXA 130L;CAIXA 130L COM BERÇO;2 C a 8 C;560722;GO;TA0106;00019200000013465961;MultiModal;21/07/2026 05:41;22/07/2026 17:29;21/07/2026 05:41;22/07/2026 17:29
CAIXA 130L;CAIXA 130L COM BERÇO;2 C a 8 C;560722;GO;A4658;00019200000013465970;MultiModal;21/07/2026 05:41;22/07/2026 17:29;21/07/2026 05:41;22/07/2026 17:29
CAIXA 130L;CAIXA 130L COM BERÇO;2 C a 8 C;560722;GO;A8307;00019200000013465988;MultiModal;21/07/2026 05:41;22/07/2026 17:29;21/07/2026 05:41;22/07/2026 17:29
CAIXA 130L;CAIXA 130L COM BERÇO;2 C a 8 C;560722;GO;A1853;00019200000013465996;MultiModal;21/07/2026 05:41;22/07/2026 17:29;21/07/2026 05:41;22/07/2026 17:29
CAIXA 130L;CAIXA 130L COM BERÇO;2 C a 8 C;560722;GO;TA0127;00019200000013466003;MultiModal;21/07/2026 05:41;22/07/2026 17:29;21/07/2026 05:41;22/07/2026 17:29
CAIXA 130L;CAIXA 130L COM BERÇO;2 C a 8 C;560722;GO;A6585;00019200000013466011;MultiModal;21/07/2026 05:41;22/07/2026 17:29;21/07/2026 05:41;22/07/2026 17:29
CAIXA 130L;CAIXA 130L COM BERÇO;2 C a 8 C;560722;GO;A7457;00019200000013466020;MultiModal;21/07/2026 05:41;22/07/2026 17:29;21/07/2026 05:41;22/07/2026 17:29
CAIXA 130L;CAIXA 130L COM BERÇO;2 C a 8 C;560722;GO;TA0649;00019200000013466038;MultiModal;21/07/2026 05:41;22/07/2026 17:29;21/07/2026 05:41;22/07/2026 17:29
CAIXA 130L;CAIXA 130L COM BERÇO;2 C a 8 C;560722;GO;TA1133;00019200000013466046;MultiModal;21/07/2026 05:41;22/07/2026 17:29;21/07/2026 05:41;22/07/2026 17:29
CAIXA 130L;CAIXA 130L COM BERÇO;2 C a 8 C;560722;GO;A7601;00019200000013466054;MultiModal;21/07/2026 05:41;22/07/2026 17:29;21/07/2026 05:41;22/07/2026 17:29
CAIXA 130L;CAIXA 130L COM BERÇO;2 C a 8 C;560722;GO;TA0856;00019200000013466062;MultiModal;21/07/2026 05:41;22/07/2026 17:29;21/07/2026 05:41;22/07/2026 17:29
CAIXA 130L;CAIXA 130L COM BERÇO;2 C a 8 C;560722;GO;A7499;00019200000013466070;MultiModal;21/07/2026 05:41;22/07/2026 17:29;21/07/2026 05:41;22/07/2026 17:29
CAIXA 130L;CAIXA 130L COM BERÇO;2 C a 8 C;560722;GO;A4242;00019200000013466089;MultiModal;21/07/2026 05:41;22/07/2026 17:29;21/07/2026 05:41;22/07/2026 17:29
CAIXA 130L;CAIXA 130L COM BERÇO;2 C a 8 C;560722;GO;TA1159;00019200000013466097;MultiModal;21/07/2026 05:41;22/07/2026 17:29;21/07/2026 05:41;22/07/2026 17:29
CAIXA 130L;CAIXA 130L COM BERÇO;2 C a 8 C;560722;GO;A8807;00019200000013466100;MultiModal;21/07/2026 05:41;22/07/2026 17:29;21/07/2026 05:41;22/07/2026 17:29
CAIXA 130L;CAIXA 130L COM BERÇO;2 C a 8 C;560722;GO;A8335;00019200000013466119;MultiModal;21/07/2026 05:41;22/07/2026 17:29;21/07/2026 05:41;22/07/2026 17:29
CAIXA 130L;CAIXA 130L COM BERÇO;2 C a 8 C;560722;GO;A8155;00019200000013466127;MultiModal;21/07/2026 05:41;22/07/2026 17:29;21/07/2026 05:41;22/07/2026 17:29
CAIXA 130L;CAIXA 130L COM BERÇO;2 C a 8 C;557869;MA;A5841;00019200000013334050;MultiModal;02/07/2026 00:19;03/07/2026 16:00;02/07/2026 00:19;03/07/2026 16:00
CAIXA 130L;CAIXA 130L COM BERÇO;2 C a 8 C;557869;MA;A9112;00019200000013334069;MultiModal;02/07/2026 00:19;03/07/2026 16:00;02/07/2026 00:19;03/07/2026 16:00
CAIXA 130L;CAIXA 130L COM BERÇO;2 C a 8 C;557869;MA;A9681;00019200000013334077;MultiModal;02/07/2026 00:19;03/07/2026 16:00;02/07/2026 00:19;03/07/2026 16:00
CAIXA 130L;CAIXA 130L COM BERÇO;2 C a 8 C;557869;MA;A1105;00019200000013334085;MultiModal;02/07/2026 00:19;03/07/2026 16:00;02/07/2026 00:19;03/07/2026 16:00
CAIXA 130L;CAIXA 130L COM BERÇO;2 C a 8 C;557869;MA;A6301;00019200000013334093;MultiModal;02/07/2026 00:19;03/07/2026 16:00;02/07/2026 00:19;03/07/2026 16:00
CAIXA 130L;CAIXA 130L COM BERÇO;2 C a 8 C;557869;MA;A4599;00019200000013334107;MultiModal;02/07/2026 00:19;03/07/2026 16:00;02/07/2026 00:19;03/07/2026 16:00
CAIXA 130L;CAIXA 130L COM BERÇO;2 C a 8 C;557869;MA;A7827;00019200000013334115;MultiModal;02/07/2026 00:19;03/07/2026 16:00;02/07/2026 00:19;03/07/2026 16:00
CAIXA 130L;CAIXA 130L COM BERÇO;2 C a 8 C;557869;MA;A3722;00019200000013334123;MultiModal;02/07/2026 00:19;03/07/2026 16:00;02/07/2026 00:19;03/07/2026 16:00
CAIXA 130L;CAIXA 130L COM BERÇO;2 C a 8 C;557869;MA;A7571;00019200000013334166;MultiModal;02/07/2026 00:19;03/07/2026 16:00;02/07/2026 00:19;03/07/2026 16:00
CAIXA 130L;CAIXA 130L COM BERÇO;2 C a 8 C;557869;MA;A3488;00019200000013334930;MultiModal;02/07/2026 00:19;03/07/2026 16:00;02/07/2026 00:19;03/07/2026 16:00
CAIXA 130L;CAIXA 130L COM BERÇO;2 C a 8 C;557869;MA;A7824;00019200000013334948;MultiModal;02/07/2026 00:19;03/07/2026 16:00;02/07/2026 00:19;03/07/2026 16:00
CAIXA 130L;CAIXA 130L COM BERÇO;2 C a 8 C;557869;MA;A8700;00019200000013334964;MultiModal;02/07/2026 00:19;03/07/2026 16:00;02/07/2026 00:19;03/07/2026 16:00
CAIXA 130L;CAIXA 130L COM BERÇO;2 C a 8 C;557869;MA;TA1162;00019200000013334999;MultiModal;02/07/2026 00:19;03/07/2026 16:00;02/07/2026 00:19;03/07/2026 16:00
CAIXA 130L;CAIXA 130L COM BERÇO;2 C a 8 C;559087;MA;A9108;00019200000013423657;MultiModal;06/07/2026 00:01;07/07/2026 08:00;06/07/2026 00:01;07/07/2026 08:00
CAIXA 130L;CAIXA 130L COM BERÇO;2 C a 8 C;559087;MA;A7999;00019200000013423665;MultiModal;06/07/2026 00:01;07/07/2026 08:00;06/07/2026 00:01;07/07/2026 08:00
CAIXA 130L;CAIXA 130L COM BERÇO;2 C a 8 C;559087;MA;A5670;00019200000013423673;MultiModal;06/07/2026 00:01;07/07/2026 08:00;06/07/2026 00:01;07/07/2026 08:00
CAIXA 130L;CAIXA 130L COM BERÇO;2 C a 8 C;559087;MA;A3201;00019200000013423681;MultiModal;06/07/2026 00:01;07/07/2026 08:00;06/07/2026 00:01;07/07/2026 08:00
CAIXA 130L;CAIXA 130L COM BERÇO;2 C a 8 C;559087;MA;A9009;00019200000013423690;MultiModal;06/07/2026 00:01;07/07/2026 08:00;06/07/2026 00:01;07/07/2026 08:00
CAIXA 130L;CAIXA 130L COM BERÇO;2 C a 8 C;559087;MA;A9367;00019200000013423703;MultiModal;06/07/2026 00:01;07/07/2026 08:00;06/07/2026 00:01;07/07/2026 08:00
CAIXA 130L;CAIXA 130L COM BERÇO;2 C a 8 C;559087;MA;A3349;00019200000013423711;MultiModal;06/07/2026 00:01;07/07/2026 08:00;06/07/2026 00:01;07/07/2026 08:00
CAIXA 130L;CAIXA 130L COM BERÇO;2 C a 8 C;559087;MA;A5932;00019200000013423720;MultiModal;06/07/2026 00:01;07/07/2026 08:00;06/07/2026 00:01;07/07/2026 08:00
CAIXA 130L;CAIXA 130L COM BERÇO;2 C a 8 C;559087;MA;A9648;00019200000013423738;MultiModal;06/07/2026 00:01;07/07/2026 08:00;06/07/2026 00:01;07/07/2026 08:00
CAIXA 130L;CAIXA 130L COM BERÇO;2 C a 8 C;559087;MA;A6218;00019200000013424114;MultiModal;06/07/2026 00:01;07/07/2026 08:00;06/07/2026 00:01;07/07/2026 08:00
CAIXA 130L;CAIXA 130L COM BERÇO;2 C a 8 C;559087;MA;A5547;00019200000013424122;MultiModal;06/07/2026 00:01;07/07/2026 08:00;06/07/2026 00:01;07/07/2026 08:00
CAIXA 130L;CAIXA 130L COM BERÇO;2 C a 8 C;560770;MA;A3081;00019200000013441906;MultiModal;14/07/2026 23:02;16/07/2026 15:00;14/07/2026 23:02;16/07/2026 15:00
CAIXA 130L;CAIXA 130L COM BERÇO;2 C a 8 C;561160;MA;A4263;00019200000013454595;MultiModal;15/07/2026 22:44;17/07/2026 10:00;15/07/2026 22:44;17/07/2026 10:00
CAIXA 130L;CAIXA 130L COM BERÇO;2 C a 8 C;561261;MA;A4698;00019200000013465368;MultiModal;22/07/2026 23:35;24/07/2026 15:00;22/07/2026 23:35;24/07/2026 15:00
CAIXA 130L;CAIXA 130L COM BERÇO;2 C a 8 C;557889;MG;A8916;00019200000013197142;Rodoviário;07/07/2026 10:31;08/07/2026 14:43;07/07/2026 10:31;08/07/2026 14:43
CAIXA 130L;CAIXA 130L COM BERÇO;2 C a 8 C;557889;MG;A7920;00019200000013197169;Rodoviário;07/07/2026 10:31;08/07/2026 14:43;07/07/2026 10:31;08/07/2026 14:43
CAIXA 130L;CAIXA 130L COM BERÇO;2 C a 8 C;557889;MG;A3244;00019200000013197185;Rodoviário;07/07/2026 10:31;08/07/2026 14:43;07/07/2026 10:31;08/07/2026 14:43
CAIXA 130L;CAIXA 130L COM BERÇO;2 C a 8 C;557889;MG;A7242;00019200000013197193;Rodoviário;07/07/2026 10:31;08/07/2026 14:43;07/07/2026 10:31;08/07/2026 14:43
CAIXA 130L;CAIXA 130L COM BERÇO;2 C a 8 C;557889;MG;A8492;00019200000013197223;Rodoviário;07/07/2026 10:31;08/07/2026 14:43;07/07/2026 10:31;08/07/2026 14:43
CAIXA 130L;CAIXA 130L COM BERÇO;2 C a 8 C;557889;MG;A7864;00019200000013197231;Rodoviário;07/07/2026 10:31;08/07/2026 14:43;07/07/2026 10:31;08/07/2026 14:43
CAIXA 130L;CAIXA 130L COM BERÇO;2 C a 8 C;557889;MG;A8660;00019200000013201603;Rodoviário;07/07/2026 10:31;08/07/2026 14:43;07/07/2026 10:31;08/07/2026 14:43
CAIXA 130L;CAIXA 130L COM BERÇO;2 C a 8 C;557889;MG;A9246;00019200000013201611;Rodoviário;07/07/2026 10:31;08/07/2026 14:43;07/07/2026 10:31;08/07/2026 14:43
CAIXA 130L;CAIXA 130L COM BERÇO;2 C a 8 C;557889;MG;A5927;00019200000013201620;Rodoviário;07/07/2026 10:31;08/07/2026 14:43;07/07/2026 10:31;08/07/2026 14:43
CAIXA 130L;CAIXA 130L COM BERÇO;2 C a 8 C;557889;MG;A2492;00019200000013201638;Rodoviário;07/07/2026 10:31;08/07/2026 14:43;07/07/2026 10:31;08/07/2026 14:43
CAIXA 130L;CAIXA 130L COM BERÇO;2 C a 8 C;557889;MG;A2021;00019200000013201646;Rodoviário;07/07/2026 10:31;08/07/2026 14:43;07/07/2026 10:31;08/07/2026 14:43
CAIXA 130L;CAIXA 130L COM BERÇO;2 C a 8 C;557889;MG;A4988;00019200000013201654;Rodoviário;07/07/2026 10:31;08/07/2026 14:43;07/07/2026 10:31;08/07/2026 14:43
CAIXA 130L;CAIXA 130L COM BERÇO;2 C a 8 C;557889;MG;A9338;00019200000013201662;Rodoviário;07/07/2026 10:31;08/07/2026 14:43;07/07/2026 10:31;08/07/2026 14:43
CAIXA 130L;CAIXA 130L COM BERÇO;2 C a 8 C;557889;MG;TA0447;00019200000013201670;Rodoviário;07/07/2026 10:31;08/07/2026 14:43;07/07/2026 10:31;08/07/2026 14:43
CAIXA 130L;CAIXA 130L COM BERÇO;2 C a 8 C;557889;MG;A5457;00019200000013201689;Rodoviário;07/07/2026 10:31;08/07/2026 14:43;07/07/2026 10:31;08/07/2026 14:43
CAIXA 130L;CAIXA 130L COM BERÇO;2 C a 8 C;557889;MG;A9096;00019200000013201697;Rodoviário;07/07/2026 10:31;08/07/2026 14:43;07/07/2026 10:31;08/07/2026 14:43
CAIXA 130L;CAIXA 130L COM BERÇO;2 C a 8 C;557889;MG;A8007;00019200000013201700;Rodoviário;07/07/2026 10:31;08/07/2026 14:43;07/07/2026 10:31;08/07/2026 14:43
CAIXA 130L;CAIXA 130L COM BERÇO;2 C a 8 C;557889;MG;A1679;00019200000013201719;Rodoviário;07/07/2026 10:31;08/07/2026 14:43;07/07/2026 10:31;08/07/2026 14:43
CAIXA 130L;CAIXA 130L COM BERÇO;2 C a 8 C;557889;MG;A7457;00019200000013201727;Rodoviário;07/07/2026 10:31;08/07/2026 14:43;07/07/2026 10:31;08/07/2026 14:43
CAIXA 130L;CAIXA 130L COM BERÇO;2 C a 8 C;557889;MG;A5712;00019200000013201735;Rodoviário;07/07/2026 10:31;08/07/2026 14:43;07/07/2026 10:31;08/07/2026 14:43
CAIXA 130L;CAIXA 130L COM BERÇO;2 C a 8 C;557889;MG;A8689;00019200000013201743;Rodoviário;07/07/2026 10:31;08/07/2026 14:43;07/07/2026 10:31;08/07/2026 14:43
CAIXA 130L;CAIXA 130L COM BERÇO;2 C a 8 C;557889;MG;A6906;00019200000013201751;Rodoviário;07/07/2026 10:31;08/07/2026 14:43;07/07/2026 10:31;08/07/2026 14:43
CAIXA 130L;CAIXA 130L COM BERÇO;2 C a 8 C;557889;MG;A6692;00019200000013201760;Rodoviário;07/07/2026 10:31;08/07/2026 14:43;07/07/2026 10:31;08/07/2026 14:43
CAIXA 130L;CAIXA 130L COM BERÇO;2 C a 8 C;557889;MG;A2370;00019200000013201778;Rodoviário;07/07/2026 10:31;08/07/2026 14:43;07/07/2026 10:31;08/07/2026 14:43
CAIXA 130L;CAIXA 130L COM BERÇO;2 C a 8 C;557889;MG;A8678;00019200000013201786;Rodoviário;07/07/2026 10:31;08/07/2026 14:43;07/07/2026 10:31;08/07/2026 14:43
CAIXA 130L;CAIXA 130L COM BERÇO;2 C a 8 C;557889;MG;A9635;00019200000013201794;Rodoviário;07/07/2026 10:31;08/07/2026 14:43;07/07/2026 10:31;08/07/2026 14:43
CAIXA 130L;CAIXA 130L COM BERÇO;2 C a 8 C;557889;MG;A7720;00019200000013201808;Rodoviário;07/07/2026 10:31;08/07/2026 14:43;07/07/2026 10:31;08/07/2026 14:43
CAIXA 130L;CAIXA 130L COM BERÇO;2 C a 8 C;557889;MG;A4171;00019200000013201816;Rodoviário;07/07/2026 10:31;08/07/2026 14:43;07/07/2026 10:31;08/07/2026 14:43
CAIXA 130L;CAIXA 130L COM BERÇO;2 C a 8 C;557889;MG;TA0911;00019200000013201824;Rodoviário;07/07/2026 10:31;08/07/2026 14:43;07/07/2026 10:31;08/07/2026 14:43
CAIXA 130L;CAIXA 130L COM BERÇO;2 C a 8 C;557889;MG;A6476;00019200000013201832;Rodoviário;07/07/2026 10:31;08/07/2026 14:43;07/07/2026 10:31;08/07/2026 14:43
CAIXA 130L;CAIXA 130L COM BERÇO;2 C a 8 C;557889;MG;A6478;00019200000013201840;Rodoviário;07/07/2026 10:31;08/07/2026 14:43;07/07/2026 10:31;08/07/2026 14:43
CAIXA 130L;CAIXA 130L COM BERÇO;2 C a 8 C;557889;MG;TA0899;00019200000013201859;Rodoviário;07/07/2026 10:31;08/07/2026 14:43;07/07/2026 10:31;08/07/2026 14:43
CAIXA 130L;CAIXA 130L COM BERÇO;2 C a 8 C;557889;MG;A5801;00019200000013201867;Rodoviário;07/07/2026 10:31;08/07/2026 14:43;07/07/2026 10:31;08/07/2026 14:43
CAIXA 130L;CAIXA 130L COM BERÇO;2 C a 8 C;557889;MG;A1395;00019200000013201875;Rodoviário;07/07/2026 10:31;08/07/2026 14:43;07/07/2026 10:31;08/07/2026 14:43
CAIXA 130L;CAIXA 130L COM BERÇO;2 C a 8 C;557889;MG;A8413;00019200000013201883;Rodoviário;07/07/2026 10:31;08/07/2026 14:43;07/07/2026 10:31;08/07/2026 14:43
CAIXA 130L;CAIXA 130L COM BERÇO;2 C a 8 C;557889;MG;A3502;00019200000013201891;Rodoviário;07/07/2026 10:31;08/07/2026 14:43;07/07/2026 10:31;08/07/2026 14:43
CAIXA 130L;CAIXA 130L COM BERÇO;2 C a 8 C;557889;MG;A1798;00019200000013201905;Rodoviário;07/07/2026 10:31;08/07/2026 14:43;07/07/2026 10:31;08/07/2026 14:43
CAIXA 130L;CAIXA 130L COM BERÇO;2 C a 8 C;557889;MG;TA0579;00019200000013201913;Rodoviário;07/07/2026 10:31;08/07/2026 14:43;07/07/2026 10:31;08/07/2026 14:43
CAIXA 130L;CAIXA 130L COM BERÇO;2 C a 8 C;557889;MG;A8967;00019200000013201921;Rodoviário;07/07/2026 10:31;08/07/2026 14:43;07/07/2026 10:31;08/07/2026 14:43
CAIXA 130L;CAIXA 130L COM BERÇO;2 C a 8 C;557889;MG;A5353;00019200000013201930;Rodoviário;07/07/2026 10:31;08/07/2026 14:43;07/07/2026 10:31;08/07/2026 14:43
CAIXA 130L;CAIXA 130L COM BERÇO;2 C a 8 C;557889;MG;A3784;00019200000013201948;Rodoviário;07/07/2026 10:31;08/07/2026 14:43;07/07/2026 10:31;08/07/2026 14:43
CAIXA 130L;CAIXA 130L COM BERÇO;2 C a 8 C;557889;MG;A8250;00019200000013201956;Rodoviário;07/07/2026 10:31;08/07/2026 14:43;07/07/2026 10:31;08/07/2026 14:43
CAIXA 130L;CAIXA 130L COM BERÇO;2 C a 8 C;557889;MG;A6564;00019200000013201964;Rodoviário;07/07/2026 10:31;08/07/2026 14:43;07/07/2026 10:31;08/07/2026 14:43
CAIXA 130L;CAIXA 130L COM BERÇO;2 C a 8 C;557889;MG;A7840;00019200000013201972;Rodoviário;07/07/2026 10:31;08/07/2026 14:43;07/07/2026 10:31;08/07/2026 14:43
CAIXA 130L;CAIXA 130L COM BERÇO;2 C a 8 C;557889;MG;A2660;00019200000013201980;Rodoviário;07/07/2026 10:31;08/07/2026 14:43;07/07/2026 10:31;08/07/2026 14:43
CAIXA 130L;CAIXA 130L COM BERÇO;2 C a 8 C;557889;MG;A8052;00019200000013201999;Rodoviário;07/07/2026 10:31;08/07/2026 14:43;07/07/2026 10:31;08/07/2026 14:43
CAIXA 130L;CAIXA 130L COM BERÇO;2 C a 8 C;557889;MG;A7618;00019200000013202006;Rodoviário;07/07/2026 10:31;08/07/2026 14:43;07/07/2026 10:31;08/07/2026 14:43
CAIXA 130L;CAIXA 130L COM BERÇO;2 C a 8 C;557889;MG;A6464;00019200000013202014;Rodoviário;07/07/2026 10:31;08/07/2026 14:43;07/07/2026 10:31;08/07/2026 14:43
CAIXA 130L;CAIXA 130L COM BERÇO;2 C a 8 C;557889;MG;TA0433;00019200000013202022;Rodoviário;07/07/2026 10:31;08/07/2026 14:43;07/07/2026 10:31;08/07/2026 14:43
CAIXA 130L;CAIXA 130L COM BERÇO;2 C a 8 C;557889;MG;A4309;00019200000013202030;Rodoviário;07/07/2026 10:31;08/07/2026 14:43;07/07/2026 10:31;08/07/2026 14:43
CAIXA 130L;CAIXA 130L COM BERÇO;2 C a 8 C;557889;MG;A6763;00019200000013202049;Rodoviário;07/07/2026 10:31;08/07/2026 14:43;07/07/2026 10:31;08/07/2026 14:43
CAIXA 130L;CAIXA 130L COM BERÇO;2 C a 8 C;557889;MG;A4343;00019200000013202057;Rodoviário;07/07/2026 10:31;08/07/2026 14:43;07/07/2026 10:31;08/07/2026 14:43
CAIXA 130L;CAIXA 130L COM BERÇO;2 C a 8 C;557889;MG;A3448;00019200000013202065;Rodoviário;07/07/2026 10:31;08/07/2026 14:43;07/07/2026 10:31;08/07/2026 14:43
CAIXA 130L;CAIXA 130L COM BERÇO;2 C a 8 C;557889;MG;A0550;00019200000013202073;Rodoviário;07/07/2026 10:31;08/07/2026 14:43;07/07/2026 10:31;08/07/2026 14:43
CAIXA 130L;CAIXA 130L COM BERÇO;2 C a 8 C;557889;MG;A8753;00019200000013202081;Rodoviário;07/07/2026 10:31;08/07/2026 14:43;07/07/2026 10:31;08/07/2026 14:43
CAIXA 130L;CAIXA 130L COM BERÇO;2 C a 8 C;557889;MG;A8436;00019200000013202146;Rodoviário;07/07/2026 10:31;08/07/2026 14:43;07/07/2026 10:31;08/07/2026 14:43
CAIXA 130L;CAIXA 130L COM BERÇO;2 C a 8 C;557889;MG;TA0972;00019200000013202367;Rodoviário;07/07/2026 10:31;08/07/2026 14:43;07/07/2026 10:31;08/07/2026 14:43
CAIXA 130L;CAIXA 130L COM BERÇO;2 C a 8 C;557889;MG;A1474;00019200000013246267;Rodoviário;07/07/2026 10:31;08/07/2026 14:43;07/07/2026 10:31;08/07/2026 14:43
CAIXA 130L;CAIXA 130L COM BERÇO;2 C a 8 C;557889;MG;A4821;00019200000013246275;Rodoviário;07/07/2026 10:31;08/07/2026 14:43;07/07/2026 10:31;08/07/2026 14:43
CAIXA 130L;CAIXA 130L COM BERÇO;2 C a 8 C;557889;MG;A8937;00019200000013246283;Rodoviário;07/07/2026 10:31;08/07/2026 14:43;07/07/2026 10:31;08/07/2026 14:43
CAIXA 130L;CAIXA 130L COM BERÇO;2 C a 8 C;557889;MG;A7514;00019200000013246291;Rodoviário;07/07/2026 10:31;08/07/2026 14:43;07/07/2026 10:31;08/07/2026 14:43
CAIXA 130L;CAIXA 130L COM BERÇO;2 C a 8 C;557889;MG;TA0234;00019200000013246305;Rodoviário;07/07/2026 10:31;08/07/2026 14:43;07/07/2026 10:31;08/07/2026 14:43
CAIXA 130L;CAIXA 130L COM BERÇO;2 C a 8 C;557889;MG;A2935;00019200000013246313;Rodoviário;07/07/2026 10:31;08/07/2026 14:43;07/07/2026 10:31;08/07/2026 14:43
CAIXA 130L;CAIXA 130L COM BERÇO;2 C a 8 C;557889;MG;A8407;00019200000013246321;Rodoviário;07/07/2026 10:31;08/07/2026 14:43;07/07/2026 10:31;08/07/2026 14:43
CAIXA 130L;CAIXA 130L COM BERÇO;2 C a 8 C;557889;MG;A9063;00019200000013246330;Rodoviário;07/07/2026 10:31;08/07/2026 14:43;07/07/2026 10:31;08/07/2026 14:43
CAIXA 130L;CAIXA 130L COM BERÇO;2 C a 8 C;557889;MG;A2981;00019200000013246348;Rodoviário;07/07/2026 10:31;08/07/2026 14:43;07/07/2026 10:31;08/07/2026 14:43
CAIXA 130L;CAIXA 130L COM BERÇO;2 C a 8 C;557889;MG;A6333;00019200000013246356;Rodoviário;07/07/2026 10:31;08/07/2026 14:43;07/07/2026 10:31;08/07/2026 14:43
CAIXA 130L;CAIXA 130L COM BERÇO;2 C a 8 C;557889;MG;A9423;00019200000013246364;Rodoviário;07/07/2026 10:31;08/07/2026 14:43;07/07/2026 10:31;08/07/2026 14:43
CAIXA 130L;CAIXA 130L COM BERÇO;2 C a 8 C;557889;MG;A1618;00019200000013246372;Rodoviário;07/07/2026 10:31;08/07/2026 14:43;07/07/2026 10:31;08/07/2026 14:43
CAIXA 130L;CAIXA 130L COM BERÇO;2 C a 8 C;557889;MG;A8160;00019200000013246380;Rodoviário;07/07/2026 10:31;08/07/2026 14:43;07/07/2026 10:31;08/07/2026 14:43
CAIXA 130L;CAIXA 130L COM BERÇO;2 C a 8 C;557889;MG;A6500;00019200000013246399;Rodoviário;07/07/2026 10:31;08/07/2026 14:43;07/07/2026 10:31;08/07/2026 14:43
CAIXA 130L;CAIXA 130L COM BERÇO;2 C a 8 C;557889;MG;A7331;00019200000013246402;Rodoviário;07/07/2026 10:31;08/07/2026 14:43;07/07/2026 10:31;08/07/2026 14:43
CAIXA 130L;CAIXA 130L COM BERÇO;2 C a 8 C;557889;MG;A0092;00019200000013246410;Rodoviário;07/07/2026 10:31;08/07/2026 14:43;07/07/2026 10:31;08/07/2026 14:43
CAIXA 130L;CAIXA 130L COM BERÇO;2 C a 8 C;557889;MG;A9150;00019200000013246429;Rodoviário;07/07/2026 10:31;08/07/2026 14:43;07/07/2026 10:31;08/07/2026 14:43
CAIXA 130L;CAIXA 130L COM BERÇO;2 C a 8 C;557889;MG;A7101;00019200000013246437;Rodoviário;07/07/2026 10:31;08/07/2026 14:43;07/07/2026 10:31;08/07/2026 14:43
CAIXA 130L;CAIXA 130L COM BERÇO;2 C a 8 C;557889;MG;A8102;00019200000013246445;Rodoviário;07/07/2026 10:31;08/07/2026 14:43;07/07/2026 10:31;08/07/2026 14:43
CAIXA 130L;CAIXA 130L COM BERÇO;2 C a 8 C;557889;MG;A8022;00019200000013246453;Rodoviário;07/07/2026 10:31;08/07/2026 14:43;07/07/2026 10:31;08/07/2026 14:43
CAIXA 130L;CAIXA 130L COM BERÇO;2 C a 8 C;557889;MG;A2147;00019200000013246461;Rodoviário;07/07/2026 10:31;08/07/2026 14:43;07/07/2026 10:31;08/07/2026 14:43
CAIXA 130L;CAIXA 130L COM BERÇO;2 C a 8 C;557889;MG;TA0665;00019200000013246470;Rodoviário;07/07/2026 10:31;08/07/2026 14:43;07/07/2026 10:31;08/07/2026 14:43
CAIXA 130L;CAIXA 130L COM BERÇO;2 C a 8 C;557889;MG;A8725;00019200000013246488;Rodoviário;07/07/2026 10:31;08/07/2026 14:43;07/07/2026 10:31;08/07/2026 14:43
CAIXA 130L;CAIXA 130L COM BERÇO;2 C a 8 C;557889;MG;TA0934;00019200000013246496;Rodoviário;07/07/2026 10:31;08/07/2026 14:43;07/07/2026 10:31;08/07/2026 14:43
CAIXA 130L;CAIXA 130L COM BERÇO;2 C a 8 C;557889;MG;A8613;00019200000013246500;Rodoviário;07/07/2026 10:31;08/07/2026 14:43;07/07/2026 10:31;08/07/2026 14:43
CAIXA 130L;CAIXA 130L COM BERÇO;2 C a 8 C;557889;MG;A6074;00019200000013246518;Rodoviário;07/07/2026 10:31;08/07/2026 14:43;07/07/2026 10:31;08/07/2026 14:43
CAIXA 130L;CAIXA 130L COM BERÇO;2 C a 8 C;557889;MG;A8945;00019200000013246526;Rodoviário;07/07/2026 10:31;08/07/2026 14:43;07/07/2026 10:31;08/07/2026 14:43
CAIXA 130L;CAIXA 130L COM BERÇO;2 C a 8 C;557889;MG;A6729;00019200000013246534;Rodoviário;07/07/2026 10:31;08/07/2026 14:43;07/07/2026 10:31;08/07/2026 14:43
CAIXA 130L;CAIXA 130L COM BERÇO;2 C a 8 C;557889;MG;TA0966;00019200000013246542;Rodoviário;07/07/2026 10:31;08/07/2026 14:43;07/07/2026 10:31;08/07/2026 14:43
CAIXA 130L;CAIXA 130L COM BERÇO;2 C a 8 C;557889;MG;A3013;00019200000013246550;Rodoviário;07/07/2026 10:31;08/07/2026 14:43;07/07/2026 10:31;08/07/2026 14:43
CAIXA 130L;CAIXA 130L COM BERÇO;2 C a 8 C;557889;MG;A8612;00019200000013246569;Rodoviário;07/07/2026 10:31;08/07/2026 14:43;07/07/2026 10:31;08/07/2026 14:43
CAIXA 130L;CAIXA 130L COM BERÇO;2 C a 8 C;557889;MG;A3679;00019200000013246577;Rodoviário;07/07/2026 10:31;08/07/2026 14:43;07/07/2026 10:31;08/07/2026 14:43
CAIXA 130L;CAIXA 130L COM BERÇO;2 C a 8 C;557889;MG;A3464;00019200000013246585;Rodoviário;07/07/2026 10:31;08/07/2026 14:43;07/07/2026 10:31;08/07/2026 14:43
CAIXA 130L;CAIXA 130L COM BERÇO;2 C a 8 C;557889;MG;A6632;00019200000013246593;Rodoviário;07/07/2026 10:31;08/07/2026 14:43;07/07/2026 10:31;08/07/2026 14:43
CAIXA 130L;CAIXA 130L COM BERÇO;2 C a 8 C;557889;MG;A3438;00019200000013246607;Rodoviário;07/07/2026 10:31;08/07/2026 14:43;07/07/2026 10:31;08/07/2026 14:43
CAIXA 130L;CAIXA 130L COM BERÇO;2 C a 8 C;557889;MG;A8437;00019200000013246615;Rodoviário;07/07/2026 10:31;08/07/2026 14:43;07/07/2026 10:31;08/07/2026 14:43
CAIXA 130L;CAIXA 130L COM BERÇO;2 C a 8 C;557889;MG;A9379;00019200000013246631;Rodoviário;07/07/2026 10:31;08/07/2026 14:43;07/07/2026 10:31;08/07/2026 14:43
CAIXA 130L;CAIXA 130L COM BERÇO;2 C a 8 C;557889;MG;A7195;00019200000013246640;Rodoviário;07/07/2026 10:31;08/07/2026 14:43;07/07/2026 10:31;08/07/2026 14:43
CAIXA 130L;CAIXA 130L COM BERÇO;2 C a 8 C;557889;MG;A5622;00019200000013246658;Rodoviário;07/07/2026 10:31;08/07/2026 14:43;07/07/2026 10:31;08/07/2026 14:43
CAIXA 130L;CAIXA 130L COM BERÇO;2 C a 8 C;557889;MG;A0364;00019200000013246666;Rodoviário;07/07/2026 10:31;08/07/2026 14:43;07/07/2026 10:31;08/07/2026 14:43
CAIXA 130L;CAIXA 130L COM BERÇO;2 C a 8 C;557889;MG;A7964;00019200000013246674;Rodoviário;07/07/2026 10:31;08/07/2026 14:43;07/07/2026 10:31;08/07/2026 14:43
CAIXA 130L;CAIXA 130L COM BERÇO;2 C a 8 C;557889;MG;A6439;00019200000013246682;Rodoviário;07/07/2026 10:31;08/07/2026 14:43;07/07/2026 10:31;08/07/2026 14:43
CAIXA 130L;CAIXA 130L COM BERÇO;2 C a 8 C;557889;MG;A5488;00019200000013246690;Rodoviário;07/07/2026 10:31;08/07/2026 14:43;07/07/2026 10:31;08/07/2026 14:43
CAIXA 130L;CAIXA 130L COM BERÇO;2 C a 8 C;557889;MG;A6867;00019200000013246704;Rodoviário;07/07/2026 10:31;08/07/2026 14:43;07/07/2026 10:31;08/07/2026 14:43
CAIXA 130L;CAIXA 130L COM BERÇO;2 C a 8 C;557889;MG;A7143;00019200000013246712;Rodoviário;07/07/2026 10:31;08/07/2026 14:43;07/07/2026 10:31;08/07/2026 14:43
CAIXA 130L;CAIXA 130L COM BERÇO;2 C a 8 C;557889;MG;A8156;00019200000013246720;Rodoviário;07/07/2026 10:31;08/07/2026 14:43;07/07/2026 10:31;08/07/2026 14:43
CAIXA 130L;CAIXA 130L COM BERÇO;2 C a 8 C;557889;MG;A8147;00019200000013246739;Rodoviário;07/07/2026 10:31;08/07/2026 14:43;07/07/2026 10:31;08/07/2026 14:43
CAIXA 130L;CAIXA 130L COM BERÇO;2 C a 8 C;557889;MG;A6631;00019200000013246755;Rodoviário;07/07/2026 10:31;08/07/2026 14:43;07/07/2026 10:31;08/07/2026 14:43
CAIXA 130L;CAIXA 130L COM BERÇO;2 C a 8 C;557889;MG;A1599;00019200000013247000;Rodoviário;07/07/2026 10:31;08/07/2026 14:43;07/07/2026 10:31;08/07/2026 14:43
CAIXA 130L;CAIXA 130L COM BERÇO;2 C a 8 C;557889;MG;A7491;00019200000013247018;Rodoviário;07/07/2026 10:31;08/07/2026 14:43;07/07/2026 10:31;08/07/2026 14:43
CAIXA 130L;CAIXA 130L COM BERÇO;2 C a 8 C;557889;MG;A7467;00019200000013247026;Rodoviário;07/07/2026 10:31;08/07/2026 14:43;07/07/2026 10:31;08/07/2026 14:43
CAIXA 130L;CAIXA 130L COM BERÇO;2 C a 8 C;557889;MG;A5678;00019200000013247034;Rodoviário;07/07/2026 10:31;08/07/2026 14:43;07/07/2026 10:31;08/07/2026 14:43
CAIXA 130L;CAIXA 130L COM BERÇO;2 C a 8 C;557889;MG;A4502;00019200000013247042;Rodoviário;07/07/2026 10:31;08/07/2026 14:43;07/07/2026 10:31;08/07/2026 14:43
CAIXA 130L;CAIXA 130L COM BERÇO;2 C a 8 C;557889;MG;A3638;00019200000013247050;Rodoviário;07/07/2026 10:31;08/07/2026 14:43;07/07/2026 10:31;08/07/2026 14:43
CAIXA 130L;CAIXA 130L COM BERÇO;2 C a 8 C;557889;MG;A7697;00019200000013247069;Rodoviário;07/07/2026 10:31;08/07/2026 14:43;07/07/2026 10:31;08/07/2026 14:43
CAIXA 130L;CAIXA 130L COM BERÇO;2 C a 8 C;557889;MG;TA0215;00019200000013247077;Rodoviário;07/07/2026 10:31;08/07/2026 14:43;07/07/2026 10:31;08/07/2026 14:43
CAIXA 130L;CAIXA 130L COM BERÇO;2 C a 8 C;557889;MG;A7249;00019200000013247085;Rodoviário;07/07/2026 10:31;08/07/2026 14:43;07/07/2026 10:31;08/07/2026 14:43
CAIXA 130L;CAIXA 130L COM BERÇO;2 C a 8 C;557889;MG;A0852;00019200000013247093;Rodoviário;07/07/2026 10:31;08/07/2026 14:43;07/07/2026 10:31;08/07/2026 14:43
CAIXA 130L;CAIXA 130L COM BERÇO;2 C a 8 C;557889;MG;A6308;00019200000013247107;Rodoviário;07/07/2026 10:31;08/07/2026 14:43;07/07/2026 10:31;08/07/2026 14:43
CAIXA 130L;CAIXA 130L COM BERÇO;2 C a 8 C;557889;MG;A9076;00019200000013247115;Rodoviário;07/07/2026 10:31;08/07/2026 14:43;07/07/2026 10:31;08/07/2026 14:43
CAIXA 130L;CAIXA 130L COM BERÇO;2 C a 8 C;557889;MG;TA0505;00019200000013247123;Rodoviário;07/07/2026 10:31;08/07/2026 14:43;07/07/2026 10:31;08/07/2026 14:43
CAIXA 130L;CAIXA 130L COM BERÇO;2 C a 8 C;557889;MG;A8899;00019200000013247131;Rodoviário;07/07/2026 10:31;08/07/2026 14:43;07/07/2026 10:31;08/07/2026 14:43
CAIXA 130L;CAIXA 130L COM BERÇO;2 C a 8 C;557889;MG;A7960;00019200000013247140;Rodoviário;07/07/2026 10:31;08/07/2026 14:43;07/07/2026 10:31;08/07/2026 14:43
CAIXA 130L;CAIXA 130L COM BERÇO;2 C a 8 C;557889;MG;A2534;00019200000013247158;Rodoviário;07/07/2026 10:31;08/07/2026 14:43;07/07/2026 10:31;08/07/2026 14:43
CAIXA 130L;CAIXA 130L COM BERÇO;2 C a 8 C;557889;MG;A8485;00019200000013247166;Rodoviário;07/07/2026 10:31;08/07/2026 14:43;07/07/2026 10:31;08/07/2026 14:43
CAIXA 130L;CAIXA 130L COM BERÇO;2 C a 8 C;557889;MG;A8957;00019200000013247174;Rodoviário;07/07/2026 10:31;08/07/2026 14:43;07/07/2026 10:31;08/07/2026 14:43
CAIXA 130L;CAIXA 130L COM BERÇO;2 C a 8 C;557889;MG;A7849;00019200000013247182;Rodoviário;07/07/2026 10:31;08/07/2026 14:43;07/07/2026 10:31;08/07/2026 14:43
CAIXA 130L;CAIXA 130L COM BERÇO;2 C a 8 C;557889;MG;A5234;00019200000013247190;Rodoviário;07/07/2026 10:31;08/07/2026 14:43;07/07/2026 10:31;08/07/2026 14:43
CAIXA 130L;CAIXA 130L COM BERÇO;2 C a 8 C;557889;MG;A6317;00019200000013247204;Rodoviário;07/07/2026 10:31;08/07/2026 14:43;07/07/2026 10:31;08/07/2026 14:43
CAIXA 130L;CAIXA 130L COM BERÇO;2 C a 8 C;557889;MG;A0414;00019200000013247212;Rodoviário;07/07/2026 10:31;08/07/2026 14:43;07/07/2026 10:31;08/07/2026 14:43
CAIXA 130L;CAIXA 130L COM BERÇO;2 C a 8 C;557889;MG;A4797;00019200000013247220;Rodoviário;07/07/2026 10:31;08/07/2026 14:43;07/07/2026 10:31;08/07/2026 14:43
CAIXA 130L;CAIXA 130L COM BERÇO;2 C a 8 C;557889;MG;A4509;00019200000013247239;Rodoviário;07/07/2026 10:31;08/07/2026 14:43;07/07/2026 10:31;08/07/2026 14:43
CAIXA 130L;CAIXA 130L COM BERÇO;2 C a 8 C;557889;MG;A4565;00019200000013247247;Rodoviário;07/07/2026 10:31;08/07/2026 14:43;07/07/2026 10:31;08/07/2026 14:43
CAIXA 130L;CAIXA 130L COM BERÇO;2 C a 8 C;557889;MG;A3585;00019200000013247255;Rodoviário;07/07/2026 10:31;08/07/2026 14:43;07/07/2026 10:31;08/07/2026 14:43
CAIXA 130L;CAIXA 130L COM BERÇO;2 C a 8 C;557889;MG;A0621;00019200000013247263;Rodoviário;07/07/2026 10:31;08/07/2026 14:43;07/07/2026 10:31;08/07/2026 14:43
CAIXA 130L;CAIXA 130L COM BERÇO;2 C a 8 C;557889;MG;A6710;00019200000013247271;Rodoviário;07/07/2026 10:31;08/07/2026 14:43;07/07/2026 10:31;08/07/2026 14:43
CAIXA 130L;CAIXA 130L COM BERÇO;2 C a 8 C;557889;MG;A9639;00019200000013247280;Rodoviário;07/07/2026 10:31;08/07/2026 14:43;07/07/2026 10:31;08/07/2026 14:43
CAIXA 130L;CAIXA 130L COM BERÇO;2 C a 8 C;557889;MG;A5845;00019200000013247298;Rodoviário;07/07/2026 10:31;08/07/2026 14:43;07/07/2026 10:31;08/07/2026 14:43
CAIXA 130L;CAIXA 130L COM BERÇO;2 C a 8 C;557889;MG;A3296;00019200000013247301;Rodoviário;07/07/2026 10:31;08/07/2026 14:43;07/07/2026 10:31;08/07/2026 14:43
CAIXA 130L;CAIXA 130L COM BERÇO;2 C a 8 C;557889;MG;A9535;00019200000013247310;Rodoviário;07/07/2026 10:31;08/07/2026 14:43;07/07/2026 10:31;08/07/2026 14:43
CAIXA 130L;CAIXA 130L COM BERÇO;2 C a 8 C;557889;MG;TA0773;00019200000013247328;Rodoviário;07/07/2026 10:31;08/07/2026 14:43;07/07/2026 10:31;08/07/2026 14:43
CAIXA 130L;CAIXA 130L COM BERÇO;2 C a 8 C;557889;MG;A4098;00019200000013247336;Rodoviário;07/07/2026 10:31;08/07/2026 14:43;07/07/2026 10:31;08/07/2026 14:43
CAIXA 130L;CAIXA 130L COM BERÇO;2 C a 8 C;557889;MG;A2041;00019200000013247344;Rodoviário;07/07/2026 10:31;08/07/2026 14:43;07/07/2026 10:31;08/07/2026 14:43
CAIXA 130L;CAIXA 130L COM BERÇO;2 C a 8 C;557889;MG;A2192;00019200000013405233;Rodoviário;07/07/2026 10:31;08/07/2026 14:43;07/07/2026 10:31;08/07/2026 14:43
CAIXA 130L;CAIXA 130L COM BERÇO;2 C a 8 C;557889;MG;A1535;00019200000013405241;Rodoviário;07/07/2026 10:31;08/07/2026 14:43;07/07/2026 10:31;08/07/2026 14:43
CAIXA 130L;CAIXA 130L COM BERÇO;2 C a 8 C;557889;MG;A7987;00019200000013405250;Rodoviário;07/07/2026 10:31;08/07/2026 14:43;07/07/2026 10:31;08/07/2026 14:43
CAIXA 130L;CAIXA 130L COM BERÇO;2 C a 8 C;557889;MG;A9631;00019200000013405268;Rodoviário;07/07/2026 10:31;08/07/2026 14:43;07/07/2026 10:31;08/07/2026 14:43
CAIXA 130L;CAIXA 130L COM BERÇO;2 C a 8 C;557889;MG;A8794;00019200000013405276;Rodoviário;07/07/2026 10:31;08/07/2026 14:43;07/07/2026 10:31;08/07/2026 14:43
CAIXA 130L;CAIXA 130L COM BERÇO;2 C a 8 C;557889;MG;A8301;00019200000013406736;Rodoviário;07/07/2026 10:31;08/07/2026 14:43;07/07/2026 10:31;08/07/2026 14:43
CAIXA 130L;CAIXA 130L COM BERÇO;2 C a 8 C;557889;MG;A5944;00019200000013406744;Rodoviário;07/07/2026 10:31;08/07/2026 14:43;07/07/2026 10:31;08/07/2026 14:43
CAIXA 130L;CAIXA 130L COM BERÇO;2 C a 8 C;557889;MG;A2712;00019200000013406833;Rodoviário;07/07/2026 10:31;08/07/2026 14:43;07/07/2026 10:31;08/07/2026 14:43
CAIXA 130L;CAIXA 130L COM BERÇO;2 C a 8 C;557889;MG;A6254;00019200000013406922;Rodoviário;07/07/2026 10:31;08/07/2026 14:43;07/07/2026 10:31;08/07/2026 14:43
CAIXA 130L;CAIXA 130L COM BERÇO;2 C a 8 C;557889;MG;A0791;00019200000013406930;Rodoviário;07/07/2026 10:31;08/07/2026 14:43;07/07/2026 10:31;08/07/2026 14:43
CAIXA 130L;CAIXA 130L COM BERÇO;2 C a 8 C;557889;MG;A8257;00019200000013406949;Rodoviário;07/07/2026 10:31;08/07/2026 14:43;07/07/2026 10:31;08/07/2026 14:43
CAIXA 130L;CAIXA 130L COM BERÇO;2 C a 8 C;557889;MG;A6484;00019200000013406957;Rodoviário;07/07/2026 10:31;08/07/2026 14:43;07/07/2026 10:31;08/07/2026 14:43
CAIXA 130L;CAIXA 130L COM BERÇO;2 C a 8 C;557889;MG;A2078;00019200000013406965;Rodoviário;07/07/2026 10:31;08/07/2026 14:43;07/07/2026 10:31;08/07/2026 14:43
CAIXA 130L;CAIXA 130L COM BERÇO;2 C a 8 C;557889;MG;A3122;00019200000013406973;Rodoviário;07/07/2026 10:31;08/07/2026 14:43;07/07/2026 10:31;08/07/2026 14:43
CAIXA 130L;CAIXA 130L COM BERÇO;2 C a 8 C;557889;MG;A3630;00019200000013406981;Rodoviário;07/07/2026 10:31;08/07/2026 14:43;07/07/2026 10:31;08/07/2026 14:43
CAIXA 130L;CAIXA 130L COM BERÇO;2 C a 8 C;557889;MG;A3008;00019200000013406990;Rodoviário;07/07/2026 10:31;08/07/2026 14:43;07/07/2026 10:31;08/07/2026 14:43
CAIXA 130L;CAIXA 130L COM BERÇO;2 C a 8 C;557889;MG;A0857;00019200000013407007;Rodoviário;07/07/2026 10:31;08/07/2026 14:43;07/07/2026 10:31;08/07/2026 14:43
CAIXA 130L;CAIXA 130L COM BERÇO;2 C a 8 C;557889;MG;TA0937;00019200000013407015;Rodoviário;07/07/2026 10:31;08/07/2026 14:43;07/07/2026 10:31;08/07/2026 14:43
CAIXA 130L;CAIXA 130L COM BERÇO;2 C a 8 C;557889;MG;A4479;00019200000013407023;Rodoviário;07/07/2026 10:31;08/07/2026 14:43;07/07/2026 10:31;08/07/2026 14:43
CAIXA 130L;CAIXA 130L COM BERÇO;2 C a 8 C;557889;MG;A4554;00019200000013407031;Rodoviário;07/07/2026 10:31;08/07/2026 14:43;07/07/2026 10:31;08/07/2026 14:43
CAIXA 130L;CAIXA 130L COM BERÇO;2 C a 8 C;557889;MG;A9599;00019200000013407040;Rodoviário;07/07/2026 10:31;08/07/2026 14:43;07/07/2026 10:31;08/07/2026 14:43
CAIXA 130L;CAIXA 130L COM BERÇO;2 C a 8 C;557889;MG;A5775;00019200000013425412;Rodoviário;07/07/2026 10:31;08/07/2026 14:43;07/07/2026 10:31;08/07/2026 14:43
CAIXA 130L;CAIXA 130L COM BERÇO;2 C a 8 C;557889;MG;A8810;00019200000013425420;Rodoviário;07/07/2026 10:31;08/07/2026 14:43;07/07/2026 10:31;08/07/2026 14:43
CAIXA 130L;CAIXA 130L COM BERÇO;2 C a 8 C;557889;MG;A6713;00019200000013425439;Rodoviário;07/07/2026 10:31;08/07/2026 14:43;07/07/2026 10:31;08/07/2026 14:43
CAIXA 130L;CAIXA 130L COM BERÇO;2 C a 8 C;557889;MG;A8730;00019200000013425447;Rodoviário;07/07/2026 10:31;08/07/2026 14:43;07/07/2026 10:31;08/07/2026 14:43
CAIXA 130L;CAIXA 130L COM BERÇO;2 C a 8 C;557889;MG;A0026;00019200000013425455;Rodoviário;07/07/2026 10:31;08/07/2026 14:43;07/07/2026 10:31;08/07/2026 14:43
CAIXA 130L;CAIXA 130L COM BERÇO;2 C a 8 C;557889;MG;A1390;00019200000013425463;Rodoviário;07/07/2026 10:31;08/07/2026 14:43;07/07/2026 10:31;08/07/2026 14:43
CAIXA 130L;CAIXA 130L COM BERÇO;2 C a 8 C;557889;MG;A4601;00019200000013425471;Rodoviário;07/07/2026 10:31;08/07/2026 14:43;07/07/2026 10:31;08/07/2026 14:43
CAIXA 130L;CAIXA 130L COM BERÇO;2 C a 8 C;557889;MG;A6720;00019200000013425480;Rodoviário;07/07/2026 10:31;08/07/2026 14:43;07/07/2026 10:31;08/07/2026 14:43
CAIXA 130L;CAIXA 130L COM BERÇO;2 C a 8 C;557889;MG;TA0859;00019200000013425498;Rodoviário;07/07/2026 10:31;08/07/2026 14:43;07/07/2026 10:31;08/07/2026 14:43
CAIXA 130L;CAIXA 130L COM BERÇO;2 C a 8 C;557889;MG;A6595;00019200000013425501;Rodoviário;07/07/2026 10:31;08/07/2026 14:43;07/07/2026 10:31;08/07/2026 14:43
CAIXA 130L;CAIXA 130L COM BERÇO;2 C a 8 C;557889;MG;A5170;00019200000013425510;Rodoviário;07/07/2026 10:31;08/07/2026 14:43;07/07/2026 10:31;08/07/2026 14:43
CAIXA 130L;CAIXA 130L COM BERÇO;2 C a 8 C;557889;MG;A7831;00019200000013425528;Rodoviário;07/07/2026 10:31;08/07/2026 14:43;07/07/2026 10:31;08/07/2026 14:43
CAIXA 130L;CAIXA 130L COM BERÇO;2 C a 8 C;557889;MG;TA0923;00019200000013425609;Rodoviário;07/07/2026 10:31;08/07/2026 14:43;07/07/2026 10:31;08/07/2026 14:43
CAIXA 130L;CAIXA 130L COM BERÇO;2 C a 8 C;557889;MG;TA0610;00019200000013429035;Rodoviário;07/07/2026 10:31;08/07/2026 14:43;07/07/2026 10:31;08/07/2026 14:43
CAIXA 130L;CAIXA 130L COM BERÇO;2 C a 8 C;558342;MG;TA0729;00019200000013421255;MultiModal;06/07/2026 05:42;07/07/2026 15:45;06/07/2026 05:42;07/07/2026 15:47
CAIXA 130L;CAIXA 130L COM BERÇO;2 C a 8 C;558650;MG;A4134;00019200000012926450;Rodoviário;07/07/2026 10:30;08/07/2026 14:45;07/07/2026 10:30;08/07/2026 14:45
CAIXA 130L;CAIXA 130L COM BERÇO;2 C a 8 C;558650;MG;A7499;00019200000012926469;Rodoviário;07/07/2026 10:30;08/07/2026 14:45;07/07/2026 10:30;08/07/2026 14:45
CAIXA 130L;CAIXA 130L COM BERÇO;2 C a 8 C;558650;MG;A1583;00019200000012926477;Rodoviário;07/07/2026 10:30;08/07/2026 14:45;07/07/2026 10:30;08/07/2026 14:45
CAIXA 130L;CAIXA 130L COM BERÇO;2 C a 8 C;558650;MG;A7136;00019200000012926485;Rodoviário;07/07/2026 10:30;08/07/2026 14:45;07/07/2026 10:30;08/07/2026 14:45
CAIXA 130L;CAIXA 130L COM BERÇO;2 C a 8 C;558650;MG;A3272;00019200000012926493;Rodoviário;07/07/2026 10:30;08/07/2026 14:45;07/07/2026 10:30;08/07/2026 14:45
CAIXA 130L;CAIXA 130L COM BERÇO;2 C a 8 C;558650;MG;A2795;00019200000012926507;Rodoviário;07/07/2026 10:30;08/07/2026 14:45;07/07/2026 10:30;08/07/2026 14:45
CAIXA 130L;CAIXA 130L COM BERÇO;2 C a 8 C;558650;MG;A3622;00019200000012926515;Rodoviário;07/07/2026 10:30;08/07/2026 14:45;07/07/2026 10:30;08/07/2026 14:45
CAIXA 130L;CAIXA 130L COM BERÇO;2 C a 8 C;558650;MG;A9375;00019200000012926523;Rodoviário;07/07/2026 10:30;08/07/2026 14:45;07/07/2026 10:30;08/07/2026 14:45
CAIXA 130L;CAIXA 130L COM BERÇO;2 C a 8 C;558650;MG;A6267;00019200000012926531;Rodoviário;07/07/2026 10:30;08/07/2026 14:45;07/07/2026 10:30;08/07/2026 14:45
CAIXA 130L;CAIXA 130L COM BERÇO;2 C a 8 C;558650;MG;TA1045;00019200000012926540;Rodoviário;07/07/2026 10:30;08/07/2026 14:45;07/07/2026 10:30;08/07/2026 14:45
CAIXA 130L;CAIXA 130L COM BERÇO;2 C a 8 C;558650;MG;TA0944;00019200000012926558;Rodoviário;07/07/2026 10:30;08/07/2026 14:45;07/07/2026 10:30;08/07/2026 14:45
CAIXA 130L;CAIXA 130L COM BERÇO;2 C a 8 C;558650;MG;A8714;00019200000012926566;Rodoviário;07/07/2026 10:30;08/07/2026 14:45;07/07/2026 10:30;08/07/2026 14:45
CAIXA 130L;CAIXA 130L COM BERÇO;2 C a 8 C;558650;MG;TA0554;00019200000012926574;Rodoviário;07/07/2026 10:30;08/07/2026 14:45;07/07/2026 10:30;08/07/2026 14:45
CAIXA 130L;CAIXA 130L COM BERÇO;2 C a 8 C;558650;MG;A6946;00019200000012926582;Rodoviário;07/07/2026 10:30;08/07/2026 14:45;07/07/2026 10:30;08/07/2026 14:45
CAIXA 130L;CAIXA 130L COM BERÇO;2 C a 8 C;558650;MG;A7619;00019200000012926590;Rodoviário;07/07/2026 10:30;08/07/2026 14:45;07/07/2026 10:30;08/07/2026 14:45
CAIXA 130L;CAIXA 130L COM BERÇO;2 C a 8 C;558650;MG;A3758;00019200000012926604;Rodoviário;07/07/2026 10:30;08/07/2026 14:45;07/07/2026 10:30;08/07/2026 14:45
CAIXA 130L;CAIXA 130L COM BERÇO;2 C a 8 C;558650;MG;A4399;00019200000012926612;Rodoviário;07/07/2026 10:30;08/07/2026 14:45;07/07/2026 10:30;08/07/2026 14:45
CAIXA 130L;CAIXA 130L COM BERÇO;2 C a 8 C;558650;MG;A7092;00019200000012926620;Rodoviário;07/07/2026 10:30;08/07/2026 14:45;07/07/2026 10:30;08/07/2026 14:45
CAIXA 130L;CAIXA 130L COM BERÇO;2 C a 8 C;558650;MG;A6514;00019200000012926639;Rodoviário;07/07/2026 10:30;08/07/2026 14:45;07/07/2026 10:30;08/07/2026 14:45
CAIXA 130L;CAIXA 130L COM BERÇO;2 C a 8 C;558650;MG;A3161;00019200000012926647;Rodoviário;07/07/2026 10:30;08/07/2026 14:45;07/07/2026 10:30;08/07/2026 14:45
CAIXA 130L;CAIXA 130L COM BERÇO;2 C a 8 C;558650;MG;A0500;00019200000012926655;Rodoviário;07/07/2026 10:30;08/07/2026 14:45;07/07/2026 10:30;08/07/2026 14:45
CAIXA 130L;CAIXA 130L COM BERÇO;2 C a 8 C;558650;MG;TA0525;00019200000012926663;Rodoviário;07/07/2026 10:30;08/07/2026 14:45;07/07/2026 10:30;08/07/2026 14:45
CAIXA 130L;CAIXA 130L COM BERÇO;2 C a 8 C;558650;MG;A1980;00019200000012926671;Rodoviário;07/07/2026 10:30;08/07/2026 14:45;07/07/2026 10:30;08/07/2026 14:45
CAIXA 130L;CAIXA 130L COM BERÇO;2 C a 8 C;558650;MG;A8607;00019200000012926680;Rodoviário;07/07/2026 10:30;08/07/2026 14:45;07/07/2026 10:30;08/07/2026 14:45
CAIXA 130L;CAIXA 130L COM BERÇO;2 C a 8 C;558650;MG;A7255;00019200000012926698;Rodoviário;07/07/2026 10:30;08/07/2026 14:45;07/07/2026 10:30;08/07/2026 14:45
CAIXA 130L;CAIXA 130L COM BERÇO;2 C a 8 C;558650;MG;A4242;00019200000012926701;Rodoviário;07/07/2026 10:30;08/07/2026 14:45;07/07/2026 10:30;08/07/2026 14:45
CAIXA 130L;CAIXA 130L COM BERÇO;2 C a 8 C;558650;MG;A9696;00019200000012926710;Rodoviário;07/07/2026 10:30;08/07/2026 14:45;07/07/2026 10:30;08/07/2026 14:45
CAIXA 130L;CAIXA 130L COM BERÇO;2 C a 8 C;558650;MG;A7388;00019200000013324748;Rodoviário;07/07/2026 10:30;08/07/2026 14:45;07/07/2026 10:30;08/07/2026 14:45
CAIXA 130L;CAIXA 130L COM BERÇO;2 C a 8 C;558650;MG;A7493;00019200000013324756;Rodoviário;07/07/2026 10:30;08/07/2026 14:45;07/07/2026 10:30;08/07/2026 14:45
CAIXA 130L;CAIXA 130L COM BERÇO;2 C a 8 C;558650;MG;A2378;00019200000013324764;Rodoviário;07/07/2026 10:30;08/07/2026 14:45;07/07/2026 10:30;08/07/2026 14:45
CAIXA 130L;CAIXA 130L COM BERÇO;2 C a 8 C;558650;MG;A8325;00019200000013324772;Rodoviário;07/07/2026 10:30;08/07/2026 14:45;07/07/2026 10:30;08/07/2026 14:45
CAIXA 130L;CAIXA 130L COM BERÇO;2 C a 8 C;558650;MG;A3583;00019200000013324780;Rodoviário;07/07/2026 10:30;08/07/2026 14:45;07/07/2026 10:30;08/07/2026 14:45
CAIXA 130L;CAIXA 130L COM BERÇO;2 C a 8 C;558650;MG;A9467;00019200000013324799;Rodoviário;07/07/2026 10:30;08/07/2026 14:45;07/07/2026 10:30;08/07/2026 14:45
CAIXA 130L;CAIXA 130L COM BERÇO;2 C a 8 C;558650;MG;A8228;00019200000013324802;Rodoviário;07/07/2026 10:30;08/07/2026 14:45;07/07/2026 10:30;08/07/2026 14:45
CAIXA 130L;CAIXA 130L COM BERÇO;2 C a 8 C;558650;MG;A4725;00019200000013324810;Rodoviário;07/07/2026 10:30;08/07/2026 14:45;07/07/2026 10:30;08/07/2026 14:45
CAIXA 130L;CAIXA 130L COM BERÇO;2 C a 8 C;558650;MG;A8834;00019200000013324829;Rodoviário;07/07/2026 10:30;08/07/2026 14:45;07/07/2026 10:30;08/07/2026 14:45
CAIXA 130L;CAIXA 130L COM BERÇO;2 C a 8 C;558650;MG;A9321;00019200000013324837;Rodoviário;07/07/2026 10:30;08/07/2026 14:45;07/07/2026 10:30;08/07/2026 14:45
CAIXA 130L;CAIXA 130L COM BERÇO;2 C a 8 C;558650;MG;A5675;00019200000013324845;Rodoviário;07/07/2026 10:30;08/07/2026 14:45;07/07/2026 10:30;08/07/2026 14:45
CAIXA 130L;CAIXA 130L COM BERÇO;2 C a 8 C;558650;MG;A9390;00019200000013324853;Rodoviário;07/07/2026 10:30;08/07/2026 14:45;07/07/2026 10:30;08/07/2026 14:45
CAIXA 130L;CAIXA 130L COM BERÇO;2 C a 8 C;558650;MG;TA0228;00019200000013325256;Rodoviário;07/07/2026 10:30;08/07/2026 14:45;07/07/2026 10:30;08/07/2026 14:45
CAIXA 130L;CAIXA 130L COM BERÇO;2 C a 8 C;558650;MG;A1285;00019200000013325264;Rodoviário;07/07/2026 10:30;08/07/2026 14:45;07/07/2026 10:30;08/07/2026 14:45
CAIXA 130L;CAIXA 130L COM BERÇO;2 C a 8 C;558650;MG;A7209;00019200000013325272;Rodoviário;07/07/2026 10:30;08/07/2026 14:45;07/07/2026 10:30;08/07/2026 14:45
CAIXA 130L;CAIXA 130L COM BERÇO;2 C a 8 C;558650;MG;A8282;00019200000013325280;Rodoviário;07/07/2026 10:30;08/07/2026 14:45;07/07/2026 10:30;08/07/2026 14:45
CAIXA 130L;CAIXA 130L COM BERÇO;2 C a 8 C;558650;MG;A3223;00019200000013325299;Rodoviário;07/07/2026 10:30;08/07/2026 14:45;07/07/2026 10:30;08/07/2026 14:45
CAIXA 130L;CAIXA 130L COM BERÇO;2 C a 8 C;558650;MG;A8300;00019200000013325302;Rodoviário;07/07/2026 10:30;08/07/2026 14:45;07/07/2026 10:30;08/07/2026 14:45
CAIXA 130L;CAIXA 130L COM BERÇO;2 C a 8 C;559389;MG;A8433;00019200000013428926;MultiModal;02/07/2026 04:52;03/07/2026 12:32;02/07/2026 04:52;03/07/2026 12:35
CAIXA 130L;CAIXA 130L COM BERÇO;2 C a 8 C;559389;MG;A1787;00019200000013429027;MultiModal;02/07/2026 04:52;03/07/2026 12:32;02/07/2026 04:52;03/07/2026 12:35
CAIXA 130L;CAIXA 130L COM BERÇO;2 C a 8 C;559623;MG;A3761;00019200000013429000;MultiModal;02/07/2026 04:52;03/07/2026 11:08;02/07/2026 04:52;03/07/2026 11:12
CAIXA 130L;CAIXA 130L COM BERÇO;2 C a 8 C;559623;MG;A9244;00019200000013429019;MultiModal;02/07/2026 04:52;03/07/2026 11:08;02/07/2026 04:52;03/07/2026 11:12
CAIXA 130L;CAIXA 130L COM BERÇO;2 C a 8 C;559631;MG;A3746;00019200000013428322;MultiModal;02/07/2026 04:52;03/07/2026 13:08;02/07/2026 04:52;03/07/2026 13:09
CAIXA 130L;CAIXA 130L COM BERÇO;2 C a 8 C;559639;MG;A7165;00019200000013428314;MultiModal;02/07/2026 04:52;03/07/2026 13:35;02/07/2026 04:52;03/07/2026 13:37
CAIXA 130L;CAIXA 130L COM BERÇO;2 C a 8 C;559651;MG;A3782;00019200000013423983;Rodoviário;07/07/2026 10:28;08/07/2026 14:48;07/07/2026 10:28;08/07/2026 14:48
CAIXA 130L;CAIXA 130L COM BERÇO;2 C a 8 C;559651;MG;A4220;00019200000013423991;Rodoviário;07/07/2026 10:28;08/07/2026 14:48;07/07/2026 10:28;08/07/2026 14:48
CAIXA 130L;CAIXA 130L COM BERÇO;2 C a 8 C;559651;MG;A9501;00019200000013424009;Rodoviário;07/07/2026 10:28;08/07/2026 14:48;07/07/2026 10:28;08/07/2026 14:48
CAIXA 130L;CAIXA 130L COM BERÇO;2 C a 8 C;559651;MG;A7166;00019200000013424017;Rodoviário;07/07/2026 10:28;08/07/2026 14:48;07/07/2026 10:28;08/07/2026 14:48
CAIXA 130L;CAIXA 130L COM BERÇO;2 C a 8 C;559651;MG;A6882;00019200000013424025;Rodoviário;07/07/2026 10:28;08/07/2026 14:48;07/07/2026 10:28;08/07/2026 14:48
CAIXA 130L;CAIXA 130L COM BERÇO;2 C a 8 C;559651;MG;A9548;00019200000013424033;Rodoviário;07/07/2026 10:28;08/07/2026 14:48;07/07/2026 10:28;08/07/2026 14:48
CAIXA 130L;CAIXA 130L COM BERÇO;2 C a 8 C;559651;MG;A1170;00019200000013424041;Rodoviário;07/07/2026 10:28;08/07/2026 14:48;07/07/2026 10:28;08/07/2026 14:48
CAIXA 130L;CAIXA 130L COM BERÇO;2 C a 8 C;559651;MG;A8238;00019200000013424050;Rodoviário;07/07/2026 10:28;08/07/2026 14:48;07/07/2026 10:28;08/07/2026 14:48
CAIXA 130L;CAIXA 130L COM BERÇO;2 C a 8 C;559651;MG;A3435;00019200000013424068;Rodoviário;07/07/2026 10:28;08/07/2026 14:48;07/07/2026 10:28;08/07/2026 14:48
CAIXA 130L;CAIXA 130L COM BERÇO;2 C a 8 C;559651;MG;A8043;00019200000013424076;Rodoviário;07/07/2026 10:28;08/07/2026 14:48;07/07/2026 10:28;08/07/2026 14:48
CAIXA 130L;CAIXA 130L COM BERÇO;2 C a 8 C;559651;MG;A9343;00019200000013424084;Rodoviário;07/07/2026 10:28;08/07/2026 14:48;07/07/2026 10:28;08/07/2026 14:48
CAIXA 130L;CAIXA 130L COM BERÇO;2 C a 8 C;559651;MG;A4823;00019200000013424092;Rodoviário;07/07/2026 10:28;08/07/2026 14:48;07/07/2026 10:28;08/07/2026 14:48
CAIXA 130L;CAIXA 130L COM BERÇO;2 C a 8 C;559651;MG;A7597;00019200000013424106;Rodoviário;07/07/2026 10:28;08/07/2026 14:48;07/07/2026 10:28;08/07/2026 14:48
CAIXA 130L;CAIXA 130L COM BERÇO;2 C a 8 C;559666;MG;A3193;00019200000013428390;MultiModal;02/07/2026 03:38;03/07/2026 11:42;02/07/2026 03:38;03/07/2026 11:42
CAIXA 130L;CAIXA 130L COM BERÇO;2 C a 8 C;559670;MG;A2472;00019200000013428144;MultiModal;02/07/2026 04:52;03/07/2026 11:26;02/07/2026 04:52;03/07/2026 11:29
CAIXA 130L;CAIXA 130L COM BERÇO;2 C a 8 C;559695;MG;A8648;00019200000013423029;MultiModal;02/07/2026 23:52;03/07/2026 16:01;02/07/2026 23:52;03/07/2026 17:01
CAIXA 130L;CAIXA 130L COM BERÇO;2 C a 8 C;559702;MG;A0339;00019200000013422669;MultiModal;06/07/2026 00:28;07/07/2026 10:25;06/07/2026 00:28;07/07/2026 10:25
CAIXA 130L;CAIXA 130L COM BERÇO;2 C a 8 C;559748;MG;A8551;00019200000013422774;MultiModal;02/07/2026 23:52;04/07/2026 08:34;02/07/2026 23:52;04/07/2026 08:37
CAIXA 130L;CAIXA 130L COM BERÇO;2 C a 8 C;559832;MG;A0312;00019200000013421298;MultiModal;06/07/2026 05:41;09/07/2026 08:26;06/07/2026 05:41;09/07/2026 08:29
CAIXA 130L;CAIXA 130L COM BERÇO;2 C a 8 C;559836;MG;TA1105;00019200000013406230;MultiModal;06/07/2026 06:22;07/07/2026 11:23;06/07/2026 06:22;07/07/2026 11:32
CAIXA 130L;CAIXA 130L COM BERÇO;2 C a 8 C;559885;MG;A3461;00019200000013419226;MultiModal;07/07/2026 06:50;09/07/2026 07:58;07/07/2026 06:50;09/07/2026 08:01
CAIXA 130L;CAIXA 130L COM BERÇO;2 C a 8 C;560346;MG;A3999;00019200000013207997;Rodoviário;11/07/2026 14:14;13/07/2026 12:53;11/07/2026 14:14;13/07/2026 12:53
CAIXA 130L;CAIXA 130L COM BERÇO;2 C a 8 C;560346;MG;A6438;00019200000013208004;Rodoviário;11/07/2026 14:14;13/07/2026 12:53;11/07/2026 14:14;13/07/2026 12:53
CAIXA 130L;CAIXA 130L COM BERÇO;2 C a 8 C;560346;MG;A8734;00019200000013208012;Rodoviário;11/07/2026 14:14;13/07/2026 12:53;11/07/2026 14:14;13/07/2026 12:53
CAIXA 130L;CAIXA 130L COM BERÇO;2 C a 8 C;560346;MG;A3924;00019200000013208020;Rodoviário;11/07/2026 14:14;13/07/2026 12:53;11/07/2026 14:14;13/07/2026 12:53
CAIXA 130L;CAIXA 130L COM BERÇO;2 C a 8 C;560346;MG;A5361;00019200000013415921;Rodoviário;11/07/2026 14:14;13/07/2026 12:53;11/07/2026 14:14;13/07/2026 12:53
CAIXA 130L;CAIXA 130L COM BERÇO;2 C a 8 C;560346;MG;A7856;00019200000013415930;Rodoviário;11/07/2026 14:14;13/07/2026 12:53;11/07/2026 14:14;13/07/2026 12:53
CAIXA 130L;CAIXA 130L COM BERÇO;2 C a 8 C;560346;MG;A5706;00019200000013415948;Rodoviário;11/07/2026 14:14;13/07/2026 12:53;11/07/2026 14:14;13/07/2026 12:53
CAIXA 130L;CAIXA 130L COM BERÇO;2 C a 8 C;560346;MG;A6891;00019200000013415964;Rodoviário;11/07/2026 14:14;13/07/2026 12:53;11/07/2026 14:14;13/07/2026 12:53
CAIXA 130L;CAIXA 130L COM BERÇO;2 C a 8 C;560346;MG;A2864;00019200000013423568;Rodoviário;11/07/2026 14:14;13/07/2026 12:53;11/07/2026 14:14;13/07/2026 12:53
CAIXA 130L;CAIXA 130L COM BERÇO;2 C a 8 C;560346;MG;A4118;00019200000013453009;Rodoviário;11/07/2026 14:14;13/07/2026 12:53;11/07/2026 14:14;13/07/2026 12:53
CAIXA 130L;CAIXA 130L COM BERÇO;2 C a 8 C;560346;MG;A7109;00019200000013453017;Rodoviário;11/07/2026 14:14;13/07/2026 12:53;11/07/2026 14:14;13/07/2026 12:53
CAIXA 130L;CAIXA 130L COM BERÇO;2 C a 8 C;560346;MG;A9323;00019200000013453025;Rodoviário;11/07/2026 14:14;13/07/2026 12:53;11/07/2026 14:14;13/07/2026 12:53
CAIXA 130L;CAIXA 130L COM BERÇO;2 C a 8 C;560346;MG;A6513;00019200000013453033;Rodoviário;11/07/2026 14:14;13/07/2026 12:53;11/07/2026 14:14;13/07/2026 12:53
CAIXA 130L;CAIXA 130L COM BERÇO;2 C a 8 C;560346;MG;A7745;00019200000013453041;Rodoviário;11/07/2026 14:14;13/07/2026 12:53;11/07/2026 14:14;13/07/2026 12:53
CAIXA 130L;CAIXA 130L COM BERÇO;2 C a 8 C;560346;MG;A3681;00019200000013453050;Rodoviário;11/07/2026 14:14;13/07/2026 12:53;11/07/2026 14:14;13/07/2026 12:53
CAIXA 130L;CAIXA 130L COM BERÇO;2 C a 8 C;560346;MG;A8097;00019200000013453394;Rodoviário;11/07/2026 14:14;13/07/2026 12:53;11/07/2026 14:14;13/07/2026 12:53
CAIXA 130L;CAIXA 130L COM BERÇO;2 C a 8 C;560346;MG;A6852;00019200000013453408;Rodoviário;11/07/2026 14:14;13/07/2026 12:53;11/07/2026 14:14;13/07/2026 12:53
CAIXA 130L;CAIXA 130L COM BERÇO;2 C a 8 C;560346;MG;A8067;00019200000013453416;Rodoviário;11/07/2026 14:14;13/07/2026 12:53;11/07/2026 14:14;13/07/2026 12:53
CAIXA 130L;CAIXA 130L COM BERÇO;2 C a 8 C;560346;MG;A4999;00019200000013453424;Rodoviário;11/07/2026 14:14;13/07/2026 12:53;11/07/2026 14:14;13/07/2026 12:53
CAIXA 130L;CAIXA 130L COM BERÇO;2 C a 8 C;560346;MG;A0175;00019200000013453432;Rodoviário;11/07/2026 14:14;13/07/2026 12:53;11/07/2026 14:14;13/07/2026 12:53
CAIXA 130L;CAIXA 130L COM BERÇO;2 C a 8 C;560346;MG;A4839;00019200000013453440;Rodoviário;11/07/2026 14:14;13/07/2026 12:53;11/07/2026 14:14;13/07/2026 12:53
CAIXA 130L;CAIXA 130L COM BERÇO;2 C a 8 C;560346;MG;A1236;00019200000013453530;Rodoviário;11/07/2026 14:14;13/07/2026 12:53;11/07/2026 14:14;13/07/2026 12:53
CAIXA 130L;CAIXA 130L COM BERÇO;2 C a 8 C;560346;MG;A4163;00019200000013453548;Rodoviário;11/07/2026 14:14;13/07/2026 12:53;11/07/2026 14:14;13/07/2026 12:53
CAIXA 130L;CAIXA 130L COM BERÇO;2 C a 8 C;560346;MG;TA0305;00019200000013453556;Rodoviário;11/07/2026 14:14;13/07/2026 12:53;11/07/2026 14:14;13/07/2026 12:53
CAIXA 130L;CAIXA 130L COM BERÇO;2 C a 8 C;560346;MG;A4925;00019200000013453564;Rodoviário;11/07/2026 14:14;13/07/2026 12:53;11/07/2026 14:14;13/07/2026 12:53
CAIXA 130L;CAIXA 130L COM BERÇO;2 C a 8 C;560346;MG;A8083;00019200000013453572;Rodoviário;11/07/2026 14:14;13/07/2026 12:53;11/07/2026 14:14;13/07/2026 12:53
CAIXA 130L;CAIXA 130L COM BERÇO;2 C a 8 C;560346;MG;A3552;00019200000013453580;Rodoviário;11/07/2026 14:14;13/07/2026 12:53;11/07/2026 14:14;13/07/2026 12:53
CAIXA 130L;CAIXA 130L COM BERÇO;2 C a 8 C;560346;MG;A8818;00019200000013453599;Rodoviário;11/07/2026 14:14;13/07/2026 12:53;11/07/2026 14:14;13/07/2026 12:53
CAIXA 130L;CAIXA 130L COM BERÇO;2 C a 8 C;560346;MG;A7250;00019200000013453610;Rodoviário;11/07/2026 14:14;13/07/2026 12:53;11/07/2026 14:14;13/07/2026 12:53
CAIXA 130L;CAIXA 130L COM BERÇO;2 C a 8 C;560346;MG;A7591;00019200000013453629;Rodoviário;11/07/2026 14:14;13/07/2026 12:53;11/07/2026 14:14;13/07/2026 12:53
CAIXA 130L;CAIXA 130L COM BERÇO;2 C a 8 C;560346;MG;A9170;00019200000013453637;Rodoviário;11/07/2026 14:14;13/07/2026 12:53;11/07/2026 14:14;13/07/2026 12:53
CAIXA 130L;CAIXA 130L COM BERÇO;2 C a 8 C;560346;MG;A9614;00019200000013453645;Rodoviário;11/07/2026 14:14;13/07/2026 12:53;11/07/2026 14:14;13/07/2026 12:53
CAIXA 130L;CAIXA 130L COM BERÇO;2 C a 8 C;560346;MG;A3238;00019200000013453653;Rodoviário;11/07/2026 14:14;13/07/2026 12:53;11/07/2026 14:14;13/07/2026 12:53
CAIXA 130L;CAIXA 130L COM BERÇO;2 C a 8 C;560346;MG;A8567;00019200000013453661;Rodoviário;11/07/2026 14:14;13/07/2026 12:53;11/07/2026 14:14;13/07/2026 12:53
CAIXA 130L;CAIXA 130L COM BERÇO;2 C a 8 C;560346;MG;A6669;00019200000013453670;Rodoviário;11/07/2026 14:14;13/07/2026 12:53;11/07/2026 14:14;13/07/2026 12:53
CAIXA 130L;CAIXA 130L COM BERÇO;2 C a 8 C;560346;MG;A5133;00019200000013453688;Rodoviário;11/07/2026 14:14;13/07/2026 12:53;11/07/2026 14:14;13/07/2026 12:53
CAIXA 130L;CAIXA 130L COM BERÇO;2 C a 8 C;560346;MG;A7830;00019200000013453696;Rodoviário;11/07/2026 14:14;13/07/2026 12:53;11/07/2026 14:14;13/07/2026 12:53
CAIXA 130L;CAIXA 130L COM BERÇO;2 C a 8 C;560346;MG;A3863;00019200000013453742;Rodoviário;11/07/2026 14:14;13/07/2026 12:53;11/07/2026 14:14;13/07/2026 12:53
CAIXA 130L;CAIXA 130L COM BERÇO;2 C a 8 C;560346;MG;A7802;00019200000013453750;Rodoviário;11/07/2026 14:14;13/07/2026 12:53;11/07/2026 14:14;13/07/2026 12:53
CAIXA 130L;CAIXA 130L COM BERÇO;2 C a 8 C;560346;MG;A8968;00019200000013453769;Rodoviário;11/07/2026 14:14;13/07/2026 12:53;11/07/2026 14:14;13/07/2026 12:53
CAIXA 130L;CAIXA 130L COM BERÇO;2 C a 8 C;560346;MG;A7328;00019200000013453777;Rodoviário;11/07/2026 14:14;13/07/2026 12:53;11/07/2026 14:14;13/07/2026 12:53
CAIXA 130L;CAIXA 130L COM BERÇO;2 C a 8 C;560346;MG;A7823;00019200000013453785;Rodoviário;11/07/2026 14:14;13/07/2026 12:53;11/07/2026 14:14;13/07/2026 12:53
CAIXA 130L;CAIXA 130L COM BERÇO;2 C a 8 C;560346;MG;A2684;00019200000013453793;Rodoviário;11/07/2026 14:14;13/07/2026 12:53;11/07/2026 14:14;13/07/2026 12:53
CAIXA 130L;CAIXA 130L COM BERÇO;2 C a 8 C;560346;MG;A6933;00019200000013453807;Rodoviário;11/07/2026 14:14;13/07/2026 12:53;11/07/2026 14:14;13/07/2026 12:53
CAIXA 130L;CAIXA 130L COM BERÇO;2 C a 8 C;560346;MG;A7496;00019200000013453815;Rodoviário;11/07/2026 14:14;13/07/2026 12:53;11/07/2026 14:14;13/07/2026 12:53
CAIXA 130L;CAIXA 130L COM BERÇO;2 C a 8 C;560346;MG;A3692;00019200000013453823;Rodoviário;11/07/2026 14:14;13/07/2026 12:53;11/07/2026 14:14;13/07/2026 12:53
CAIXA 130L;CAIXA 130L COM BERÇO;2 C a 8 C;560346;MG;A6978;00019200000013453831;Rodoviário;11/07/2026 14:14;13/07/2026 12:53;11/07/2026 14:14;13/07/2026 12:53
CAIXA 130L;CAIXA 130L COM BERÇO;2 C a 8 C;560346;MG;A8586;00019200000013453840;Rodoviário;11/07/2026 14:14;13/07/2026 12:53;11/07/2026 14:14;13/07/2026 12:53
CAIXA 130L;CAIXA 130L COM BERÇO;2 C a 8 C;560346;MG;A6758;00019200000013453858;Rodoviário;11/07/2026 14:14;13/07/2026 12:53;11/07/2026 14:14;13/07/2026 12:53
CAIXA 130L;CAIXA 130L COM BERÇO;2 C a 8 C;560346;MG;TA0953;00019200000013453866;Rodoviário;11/07/2026 14:14;13/07/2026 12:53;11/07/2026 14:14;13/07/2026 12:53
CAIXA 130L;CAIXA 130L COM BERÇO;2 C a 8 C;560346;MG;A0280;00019200000013453874;Rodoviário;11/07/2026 14:14;13/07/2026 12:53;11/07/2026 14:14;13/07/2026 12:53
CAIXA 130L;CAIXA 130L COM BERÇO;2 C a 8 C;560346;MG;A9708;00019200000013453882;Rodoviário;11/07/2026 14:14;13/07/2026 12:53;11/07/2026 14:14;13/07/2026 12:53
CAIXA 130L;CAIXA 130L COM BERÇO;2 C a 8 C;560346;MG;A9087;00019200000013453890;Rodoviário;11/07/2026 14:14;13/07/2026 12:53;11/07/2026 14:14;13/07/2026 12:53
CAIXA 130L;CAIXA 130L COM BERÇO;2 C a 8 C;560346;MG;A5999;00019200000013453904;Rodoviário;11/07/2026 14:14;13/07/2026 12:53;11/07/2026 14:14;13/07/2026 12:53
CAIXA 130L;CAIXA 130L COM BERÇO;2 C a 8 C;560346;MG;TA0366;00019200000013453912;Rodoviário;11/07/2026 14:14;13/07/2026 12:53;11/07/2026 14:14;13/07/2026 12:53
CAIXA 130L;CAIXA 130L COM BERÇO;2 C a 8 C;560346;MG;A7808;00019200000013453920;Rodoviário;11/07/2026 14:14;13/07/2026 12:53;11/07/2026 14:14;13/07/2026 12:53
CAIXA 130L;CAIXA 130L COM BERÇO;2 C a 8 C;560346;MG;A8807;00019200000013453939;Rodoviário;11/07/2026 14:14;13/07/2026 12:53;11/07/2026 14:14;13/07/2026 12:53
CAIXA 130L;CAIXA 130L COM BERÇO;2 C a 8 C;560346;MG;A5960;00019200000013453947;Rodoviário;11/07/2026 14:14;13/07/2026 12:53;11/07/2026 14:14;13/07/2026 12:53
CAIXA 130L;CAIXA 130L COM BERÇO;2 C a 8 C;560346;MG;A6407;00019200000013453955;Rodoviário;11/07/2026 14:14;13/07/2026 12:53;11/07/2026 14:14;13/07/2026 12:53
CAIXA 130L;CAIXA 130L COM BERÇO;2 C a 8 C;560346;MG;A9044;00019200000013453963;Rodoviário;11/07/2026 14:14;13/07/2026 12:53;11/07/2026 14:14;13/07/2026 12:53
CAIXA 130L;CAIXA 130L COM BERÇO;2 C a 8 C;560346;MG;A0250;00019200000013453971;Rodoviário;11/07/2026 14:14;13/07/2026 12:53;11/07/2026 14:14;13/07/2026 12:53
CAIXA 130L;CAIXA 130L COM BERÇO;2 C a 8 C;560346;MG;A8865;00019200000013453980;Rodoviário;11/07/2026 14:14;13/07/2026 12:53;11/07/2026 14:14;13/07/2026 12:53
CAIXA 130L;CAIXA 130L COM BERÇO;2 C a 8 C;560346;MG;A7623;00019200000013453998;Rodoviário;11/07/2026 14:14;13/07/2026 12:53;11/07/2026 14:14;13/07/2026 12:53
CAIXA 130L;CAIXA 130L COM BERÇO;2 C a 8 C;560346;MG;A9015;00019200000013454005;Rodoviário;11/07/2026 14:14;13/07/2026 12:53;11/07/2026 14:14;13/07/2026 12:53
CAIXA 130L;CAIXA 130L COM BERÇO;2 C a 8 C;560346;MG;A4518;00019200000013454013;Rodoviário;11/07/2026 14:14;13/07/2026 12:53;11/07/2026 14:14;13/07/2026 12:53
CAIXA 130L;CAIXA 130L COM BERÇO;2 C a 8 C;560346;MG;A3703;00019200000013454021;Rodoviário;11/07/2026 14:14;13/07/2026 12:53;11/07/2026 14:14;13/07/2026 12:53
CAIXA 130L;CAIXA 130L COM BERÇO;2 C a 8 C;560346;MG;A9091;00019200000013454030;Rodoviário;11/07/2026 14:14;13/07/2026 12:53;11/07/2026 14:14;13/07/2026 12:53
CAIXA 130L;CAIXA 130L COM BERÇO;2 C a 8 C;560346;MG;A3749;00019200000013454048;Rodoviário;11/07/2026 14:14;13/07/2026 12:53;11/07/2026 14:14;13/07/2026 12:53
CAIXA 130L;CAIXA 130L COM BERÇO;2 C a 8 C;560346;MG;TA0033;00019200000013454056;Rodoviário;11/07/2026 14:14;13/07/2026 12:53;11/07/2026 14:14;13/07/2026 12:53
CAIXA 130L;CAIXA 130L COM BERÇO;2 C a 8 C;560346;MG;A6386;00019200000013454064;Rodoviário;11/07/2026 14:14;13/07/2026 12:53;11/07/2026 14:14;13/07/2026 12:53
CAIXA 130L;CAIXA 130L COM BERÇO;2 C a 8 C;560346;MG;A1593;00019200000013454072;Rodoviário;11/07/2026 14:14;13/07/2026 12:53;11/07/2026 14:14;13/07/2026 12:53
CAIXA 130L;CAIXA 130L COM BERÇO;2 C a 8 C;560346;MG;A3741;00019200000013454080;Rodoviário;11/07/2026 14:14;13/07/2026 12:53;11/07/2026 14:14;13/07/2026 12:53
CAIXA 130L;CAIXA 130L COM BERÇO;2 C a 8 C;560346;MG;A7653;00019200000013454099;Rodoviário;11/07/2026 14:14;13/07/2026 12:53;11/07/2026 14:14;13/07/2026 12:53
CAIXA 130L;CAIXA 130L COM BERÇO;2 C a 8 C;560346;MG;TA0478;00019200000013454102;Rodoviário;11/07/2026 14:14;13/07/2026 12:53;11/07/2026 14:14;13/07/2026 12:53
CAIXA 130L;CAIXA 130L COM BERÇO;2 C a 8 C;560346;MG;A5883;00019200000013454110;Rodoviário;11/07/2026 14:14;13/07/2026 12:53;11/07/2026 14:14;13/07/2026 12:53
CAIXA 130L;CAIXA 130L COM BERÇO;2 C a 8 C;560346;MG;A3688;00019200000013454129;Rodoviário;11/07/2026 14:14;13/07/2026 12:53;11/07/2026 14:14;13/07/2026 12:53
CAIXA 130L;CAIXA 130L COM BERÇO;2 C a 8 C;560346;MG;A4791;00019200000013454137;Rodoviário;11/07/2026 14:14;13/07/2026 12:53;11/07/2026 14:14;13/07/2026 12:53
CAIXA 130L;CAIXA 130L COM BERÇO;2 C a 8 C;560346;MG;TA1236;00019200000013454145;Rodoviário;11/07/2026 14:14;13/07/2026 12:53;11/07/2026 14:14;13/07/2026 12:53
CAIXA 130L;CAIXA 130L COM BERÇO;2 C a 8 C;560346;MG;A6582;00019200000013454153;Rodoviário;11/07/2026 14:14;13/07/2026 12:53;11/07/2026 14:14;13/07/2026 12:53
CAIXA 130L;CAIXA 130L COM BERÇO;2 C a 8 C;560346;MG;A2077;00019200000013454161;Rodoviário;11/07/2026 14:14;13/07/2026 12:53;11/07/2026 14:14;13/07/2026 12:53
CAIXA 130L;CAIXA 130L COM BERÇO;2 C a 8 C;560346;MG;A7073;00019200000013454170;Rodoviário;11/07/2026 14:14;13/07/2026 12:53;11/07/2026 14:14;13/07/2026 12:53
CAIXA 130L;CAIXA 130L COM BERÇO;2 C a 8 C;560346;MG;A7023;00019200000013454188;Rodoviário;11/07/2026 14:14;13/07/2026 12:53;11/07/2026 14:14;13/07/2026 12:53
CAIXA 130L;CAIXA 130L COM BERÇO;2 C a 8 C;560346;MG;A8966;00019200000013454196;Rodoviário;11/07/2026 14:14;13/07/2026 12:53;11/07/2026 14:14;13/07/2026 12:53
CAIXA 130L;CAIXA 130L COM BERÇO;2 C a 8 C;560346;MG;A6501;00019200000013454200;Rodoviário;11/07/2026 14:14;13/07/2026 12:53;11/07/2026 14:14;13/07/2026 12:53
CAIXA 130L;CAIXA 130L COM BERÇO;2 C a 8 C;560346;MG;A0411;00019200000013454218;Rodoviário;11/07/2026 14:14;13/07/2026 12:53;11/07/2026 14:14;13/07/2026 12:53
CAIXA 130L;CAIXA 130L COM BERÇO;2 C a 8 C;560346;MG;A3277;00019200000013454226;Rodoviário;11/07/2026 14:14;13/07/2026 12:53;11/07/2026 14:14;13/07/2026 12:53
CAIXA 130L;CAIXA 130L COM BERÇO;2 C a 8 C;560346;MG;A3533;00019200000013454234;Rodoviário;11/07/2026 14:14;13/07/2026 12:53;11/07/2026 14:14;13/07/2026 12:53
CAIXA 130L;CAIXA 130L COM BERÇO;2 C a 8 C;560346;MG;A6645;00019200000013454242;Rodoviário;11/07/2026 14:14;13/07/2026 12:53;11/07/2026 14:14;13/07/2026 12:53
CAIXA 130L;CAIXA 130L COM BERÇO;2 C a 8 C;560346;MG;A8117;00019200000013454250;Rodoviário;11/07/2026 14:14;13/07/2026 12:53;11/07/2026 14:14;13/07/2026 12:53
CAIXA 130L;CAIXA 130L COM BERÇO;2 C a 8 C;560346;MG;A5155;00019200000013454269;Rodoviário;11/07/2026 14:14;13/07/2026 12:53;11/07/2026 14:14;13/07/2026 12:53
CAIXA 130L;CAIXA 130L COM BERÇO;2 C a 8 C;560346;MG;A8507;00019200000013454277;Rodoviário;11/07/2026 14:14;13/07/2026 12:53;11/07/2026 14:14;13/07/2026 12:53
CAIXA 130L;CAIXA 130L COM BERÇO;2 C a 8 C;560346;MG;TA0811;00019200000013454293;Rodoviário;11/07/2026 14:14;13/07/2026 12:53;11/07/2026 14:14;13/07/2026 12:53
CAIXA 130L;CAIXA 130L COM BERÇO;2 C a 8 C;560346;MG;A7421;00019200000013454307;Rodoviário;11/07/2026 14:14;13/07/2026 12:53;11/07/2026 14:14;13/07/2026 12:53
CAIXA 130L;CAIXA 130L COM BERÇO;2 C a 8 C;560346;MG;A2863;00019200000013454315;Rodoviário;11/07/2026 14:14;13/07/2026 12:53;11/07/2026 14:14;13/07/2026 12:53
CAIXA 130L;CAIXA 130L COM BERÇO;2 C a 8 C;560346;MG;TA0714;00019200000013454323;Rodoviário;11/07/2026 14:14;13/07/2026 12:53;11/07/2026 14:14;13/07/2026 12:53
CAIXA 130L;CAIXA 130L COM BERÇO;2 C a 8 C;560346;MG;A9160;00019200000013454331;Rodoviário;11/07/2026 14:14;13/07/2026 12:53;11/07/2026 14:14;13/07/2026 12:53
CAIXA 130L;CAIXA 130L COM BERÇO;2 C a 8 C;560346;MG;A3001;00019200000013454692;Rodoviário;11/07/2026 14:14;13/07/2026 12:53;11/07/2026 14:14;13/07/2026 12:53
CAIXA 130L;CAIXA 130L COM BERÇO;2 C a 8 C;560346;MG;A7814;00019200000013454706;Rodoviário;11/07/2026 14:14;13/07/2026 12:53;11/07/2026 14:14;13/07/2026 12:53
CAIXA 130L;CAIXA 130L COM BERÇO;2 C a 8 C;560346;MG;A3429;00019200000013454714;Rodoviário;11/07/2026 14:14;13/07/2026 12:53;11/07/2026 14:14;13/07/2026 12:53
CAIXA 130L;CAIXA 130L COM BERÇO;2 C a 8 C;560346;MG;A2973;00019200000013454722;Rodoviário;11/07/2026 14:14;13/07/2026 12:53;11/07/2026 14:14;13/07/2026 12:53
CAIXA 130L;CAIXA 130L COM BERÇO;2 C a 8 C;560346;MG;A8737;00019200000013454730;Rodoviário;11/07/2026 14:14;13/07/2026 12:53;11/07/2026 14:14;13/07/2026 12:53
CAIXA 130L;CAIXA 130L COM BERÇO;2 C a 8 C;560346;MG;A1514;00019200000013454749;Rodoviário;11/07/2026 14:14;13/07/2026 12:53;11/07/2026 14:14;13/07/2026 12:53
CAIXA 130L;CAIXA 130L COM BERÇO;2 C a 8 C;560346;MG;A7894;00019200000013455044;Rodoviário;11/07/2026 14:14;13/07/2026 12:53;11/07/2026 14:14;13/07/2026 12:53
CAIXA 130L;CAIXA 130L COM BERÇO;2 C a 8 C;560346;MG;TA1226;00019200000013455052;Rodoviário;11/07/2026 14:14;13/07/2026 12:53;11/07/2026 14:14;13/07/2026 12:53
CAIXA 130L;CAIXA 130L COM BERÇO;2 C a 8 C;560346;MG;A6427;00019200000013455060;Rodoviário;11/07/2026 14:14;13/07/2026 12:53;11/07/2026 14:14;13/07/2026 12:53
CAIXA 130L;CAIXA 130L COM BERÇO;2 C a 8 C;560346;MG;A3336;00019200000013455079;Rodoviário;11/07/2026 14:14;13/07/2026 12:53;11/07/2026 14:14;13/07/2026 12:53
CAIXA 130L;CAIXA 130L COM BERÇO;2 C a 8 C;560346;MG;TA0332;00019200000013455087;Rodoviário;11/07/2026 14:14;13/07/2026 12:53;11/07/2026 14:14;13/07/2026 12:53
CAIXA 130L;CAIXA 130L COM BERÇO;2 C a 8 C;560346;MG;A6937;00019200000013455095;Rodoviário;11/07/2026 14:14;13/07/2026 12:53;11/07/2026 14:14;13/07/2026 12:53
CAIXA 130L;CAIXA 130L COM BERÇO;2 C a 8 C;560346;MG;A8529;00019200000013455109;Rodoviário;11/07/2026 14:14;13/07/2026 12:53;11/07/2026 14:14;13/07/2026 12:53
CAIXA 130L;CAIXA 130L COM BERÇO;2 C a 8 C;560346;MG;A6249;00019200000013455117;Rodoviário;11/07/2026 14:14;13/07/2026 12:53;11/07/2026 14:14;13/07/2026 12:53
CAIXA 130L;CAIXA 130L COM BERÇO;2 C a 8 C;560346;MG;A5189;00019200000013455125;Rodoviário;11/07/2026 14:14;13/07/2026 12:53;11/07/2026 14:14;13/07/2026 12:53
CAIXA 130L;CAIXA 130L COM BERÇO;2 C a 8 C;560346;MG;A1150;00019200000013455133;Rodoviário;11/07/2026 14:14;13/07/2026 12:53;11/07/2026 14:14;13/07/2026 12:53
CAIXA 130L;CAIXA 130L COM BERÇO;2 C a 8 C;560346;MG;A9048;00019200000013455141;Rodoviário;11/07/2026 14:14;13/07/2026 12:53;11/07/2026 14:14;13/07/2026 12:53
CAIXA 130L;CAIXA 130L COM BERÇO;2 C a 8 C;560346;MG;A8911;00019200000013455150;Rodoviário;11/07/2026 14:14;13/07/2026 12:53;11/07/2026 14:14;13/07/2026 12:53
CAIXA 130L;CAIXA 130L COM BERÇO;2 C a 8 C;560346;MG;A5909;00019200000013455168;Rodoviário;11/07/2026 14:14;13/07/2026 12:53;11/07/2026 14:14;13/07/2026 12:53
CAIXA 130L;CAIXA 130L COM BERÇO;2 C a 8 C;560346;MG;A9084;00019200000013455176;Rodoviário;11/07/2026 14:14;13/07/2026 12:53;11/07/2026 14:14;13/07/2026 12:53
CAIXA 130L;CAIXA 130L COM BERÇO;2 C a 8 C;560346;MG;A3796;00019200000013455184;Rodoviário;11/07/2026 14:14;13/07/2026 12:53;11/07/2026 14:14;13/07/2026 12:53
CAIXA 130L;CAIXA 130L COM BERÇO;2 C a 8 C;560346;MG;TA0821;00019200000013455192;Rodoviário;11/07/2026 14:14;13/07/2026 12:53;11/07/2026 14:14;13/07/2026 12:53
CAIXA 130L;CAIXA 130L COM BERÇO;2 C a 8 C;560346;MG;A3315;00019200000013455206;Rodoviário;11/07/2026 14:14;13/07/2026 12:53;11/07/2026 14:14;13/07/2026 12:53
CAIXA 130L;CAIXA 130L COM BERÇO;2 C a 8 C;560346;MG;A6955;00019200000013455214;Rodoviário;11/07/2026 14:14;13/07/2026 12:53;11/07/2026 14:14;13/07/2026 12:53
CAIXA 130L;CAIXA 130L COM BERÇO;2 C a 8 C;560346;MG;A6056;00019200000013455222;Rodoviário;11/07/2026 14:14;13/07/2026 12:53;11/07/2026 14:14;13/07/2026 12:53
CAIXA 130L;CAIXA 130L COM BERÇO;2 C a 8 C;560346;MG;TA0275;00019200000013455230;Rodoviário;11/07/2026 14:14;13/07/2026 12:53;11/07/2026 14:14;13/07/2026 12:53
CAIXA 130L;CAIXA 130L COM BERÇO;2 C a 8 C;560346;MG;A1844;00019200000013455249;Rodoviário;11/07/2026 14:14;13/07/2026 12:53;11/07/2026 14:14;13/07/2026 12:53
CAIXA 130L;CAIXA 130L COM BERÇO;2 C a 8 C;560346;MG;TA1217;00019200000013485253;Rodoviário;11/07/2026 14:14;13/07/2026 12:53;11/07/2026 14:14;13/07/2026 12:53
CAIXA 130L;CAIXA 130L COM BERÇO;2 C a 8 C;560346;MG;A4800;00019200000013485261;Rodoviário;11/07/2026 14:14;13/07/2026 12:53;11/07/2026 14:14;13/07/2026 12:53
CAIXA 130L;CAIXA 130L COM BERÇO;2 C a 8 C;560346;MG;A5543;00019200000013485270;Rodoviário;11/07/2026 14:14;13/07/2026 12:53;11/07/2026 14:14;13/07/2026 12:53
CAIXA 130L;CAIXA 130L COM BERÇO;2 C a 8 C;560346;MG;A8608;00019200000013485288;Rodoviário;11/07/2026 14:14;13/07/2026 12:53;11/07/2026 14:14;13/07/2026 12:53
CAIXA 130L;CAIXA 130L COM BERÇO;2 C a 8 C;560346;MG;A2946;00019200000013485296;Rodoviário;11/07/2026 14:14;13/07/2026 12:53;11/07/2026 14:14;13/07/2026 12:53
CAIXA 130L;CAIXA 130L COM BERÇO;2 C a 8 C;560346;MG;A0640;00019200000013485300;Rodoviário;11/07/2026 14:14;13/07/2026 12:53;11/07/2026 14:14;13/07/2026 12:53
CAIXA 130L;CAIXA 130L COM BERÇO;2 C a 8 C;560346;MG;A6813;00019200000013485318;Rodoviário;11/07/2026 14:14;13/07/2026 12:53;11/07/2026 14:14;13/07/2026 12:53
CAIXA 130L;CAIXA 130L COM BERÇO;2 C a 8 C;560346;MG;A6851;00019200000013485326;Rodoviário;11/07/2026 14:14;13/07/2026 12:53;11/07/2026 14:14;13/07/2026 12:53
CAIXA 130L;CAIXA 130L COM BERÇO;2 C a 8 C;560346;MG;A5649;00019200000013485334;Rodoviário;11/07/2026 14:14;13/07/2026 12:53;11/07/2026 14:14;13/07/2026 12:53
CAIXA 130L;CAIXA 130L COM BERÇO;2 C a 8 C;560346;MG;A9427;00019200000013485342;Rodoviário;11/07/2026 14:14;13/07/2026 12:53;11/07/2026 14:14;13/07/2026 12:53
CAIXA 130L;CAIXA 130L COM BERÇO;2 C a 8 C;560346;MG;A9643;00019200000013485369;Rodoviário;11/07/2026 14:14;13/07/2026 12:53;11/07/2026 14:14;13/07/2026 12:53
CAIXA 130L;CAIXA 130L COM BERÇO;2 C a 8 C;560346;MG;A9292;00019200000013485377;Rodoviário;11/07/2026 14:14;13/07/2026 12:53;11/07/2026 14:14;13/07/2026 12:53
CAIXA 130L;CAIXA 130L COM BERÇO;2 C a 8 C;560346;MG;A8188;00019200000013485385;Rodoviário;11/07/2026 14:14;13/07/2026 12:53;11/07/2026 14:14;13/07/2026 12:53
CAIXA 130L;CAIXA 130L COM BERÇO;2 C a 8 C;560346;MG;A5910;00019200000013486004;Rodoviário;11/07/2026 14:14;13/07/2026 12:53;11/07/2026 14:14;13/07/2026 12:53
CAIXA 130L;CAIXA 130L COM BERÇO;2 C a 8 C;560346;MG;A7988;00019200000013486012;Rodoviário;11/07/2026 14:14;13/07/2026 12:53;11/07/2026 14:14;13/07/2026 12:53
CAIXA 130L;CAIXA 130L COM BERÇO;2 C a 8 C;560413;MG;A6230;00019200000013452088;Rodoviário;11/07/2026 14:14;13/07/2026 12:51;11/07/2026 14:14;13/07/2026 12:51
CAIXA 130L;CAIXA 130L COM BERÇO;2 C a 8 C;560413;MG;A6751;00019200000013452096;Rodoviário;11/07/2026 14:14;13/07/2026 12:51;11/07/2026 14:14;13/07/2026 12:51
CAIXA 130L;CAIXA 130L COM BERÇO;2 C a 8 C;560413;MG;A2874;00019200000013452100;Rodoviário;11/07/2026 14:14;13/07/2026 12:51;11/07/2026 14:14;13/07/2026 12:51
CAIXA 130L;CAIXA 130L COM BERÇO;2 C a 8 C;560413;MG;A3813;00019200000013452118;Rodoviário;11/07/2026 14:14;13/07/2026 12:51;11/07/2026 14:14;13/07/2026 12:51
CAIXA 130L;CAIXA 130L COM BERÇO;2 C a 8 C;560413;MG;A6842;00019200000013452126;Rodoviário;11/07/2026 14:14;13/07/2026 12:51;11/07/2026 14:14;13/07/2026 12:51
CAIXA 130L;CAIXA 130L COM BERÇO;2 C a 8 C;560413;MG;A1312;00019200000013452134;Rodoviário;11/07/2026 14:14;13/07/2026 12:51;11/07/2026 14:14;13/07/2026 12:51
CAIXA 130L;CAIXA 130L COM BERÇO;2 C a 8 C;560413;MG;A7477;00019200000013452142;Rodoviário;11/07/2026 14:14;13/07/2026 12:51;11/07/2026 14:14;13/07/2026 12:51
CAIXA 130L;CAIXA 130L COM BERÇO;2 C a 8 C;560413;MG;A3960;00019200000013452150;Rodoviário;11/07/2026 14:14;13/07/2026 12:51;11/07/2026 14:14;13/07/2026 12:51
CAIXA 130L;CAIXA 130L COM BERÇO;2 C a 8 C;560413;MG;A7778;00019200000013452169;Rodoviário;11/07/2026 14:14;13/07/2026 12:51;11/07/2026 14:14;13/07/2026 12:51
CAIXA 130L;CAIXA 130L COM BERÇO;2 C a 8 C;560413;MG;A1016;00019200000013452177;Rodoviário;11/07/2026 14:14;13/07/2026 12:51;11/07/2026 14:14;13/07/2026 12:51
CAIXA 130L;CAIXA 130L COM BERÇO;2 C a 8 C;560413;MG;A5481;00019200000013452185;Rodoviário;11/07/2026 14:14;13/07/2026 12:51;11/07/2026 14:14;13/07/2026 12:51
CAIXA 130L;CAIXA 130L COM BERÇO;2 C a 8 C;560413;MG;A0713;00019200000013452193;Rodoviário;11/07/2026 14:14;13/07/2026 12:51;11/07/2026 14:14;13/07/2026 12:51
CAIXA 130L;CAIXA 130L COM BERÇO;2 C a 8 C;560413;MG;A8387;00019200000013452223;Rodoviário;11/07/2026 14:14;13/07/2026 12:51;11/07/2026 14:14;13/07/2026 12:51
CAIXA 130L;CAIXA 130L COM BERÇO;2 C a 8 C;560413;MG;A5834;00019200000013452231;Rodoviário;11/07/2026 14:14;13/07/2026 12:51;11/07/2026 14:14;13/07/2026 12:51
CAIXA 130L;CAIXA 130L COM BERÇO;2 C a 8 C;560413;MG;A1997;00019200000013452240;Rodoviário;11/07/2026 14:14;13/07/2026 12:51;11/07/2026 14:14;13/07/2026 12:51
CAIXA 130L;CAIXA 130L COM BERÇO;2 C a 8 C;560413;MG;A3466;00019200000013452258;Rodoviário;11/07/2026 14:14;13/07/2026 12:51;11/07/2026 14:14;13/07/2026 12:51
CAIXA 130L;CAIXA 130L COM BERÇO;2 C a 8 C;560413;MG;A2964;00019200000013452266;Rodoviário;11/07/2026 14:14;13/07/2026 12:51;11/07/2026 14:14;13/07/2026 12:51
CAIXA 130L;CAIXA 130L COM BERÇO;2 C a 8 C;560413;MG;A7744;00019200000013452274;Rodoviário;11/07/2026 14:14;13/07/2026 12:51;11/07/2026 14:14;13/07/2026 12:51
CAIXA 130L;CAIXA 130L COM BERÇO;2 C a 8 C;560413;MG;A9137;00019200000013452282;Rodoviário;11/07/2026 14:14;13/07/2026 12:51;11/07/2026 14:14;13/07/2026 12:51
CAIXA 130L;CAIXA 130L COM BERÇO;2 C a 8 C;560413;MG;A0719;00019200000013452290;Rodoviário;11/07/2026 14:14;13/07/2026 12:51;11/07/2026 14:14;13/07/2026 12:51
CAIXA 130L;CAIXA 130L COM BERÇO;2 C a 8 C;560413;MG;A5794;00019200000013452304;Rodoviário;11/07/2026 14:14;13/07/2026 12:51;11/07/2026 14:14;13/07/2026 12:51
CAIXA 130L;CAIXA 130L COM BERÇO;2 C a 8 C;560413;MG;A5701;00019200000013452312;Rodoviário;11/07/2026 14:14;13/07/2026 12:51;11/07/2026 14:14;13/07/2026 12:51
CAIXA 130L;CAIXA 130L COM BERÇO;2 C a 8 C;560413;MG;A9698;00019200000013452320;Rodoviário;11/07/2026 14:14;13/07/2026 12:51;11/07/2026 14:14;13/07/2026 12:51
CAIXA 130L;CAIXA 130L COM BERÇO;2 C a 8 C;560413;MG;A5679;00019200000013452339;Rodoviário;11/07/2026 14:14;13/07/2026 12:51;11/07/2026 14:14;13/07/2026 12:51
CAIXA 130L;CAIXA 130L COM BERÇO;2 C a 8 C;560413;MG;A6755;00019200000013452347;Rodoviário;11/07/2026 14:14;13/07/2026 12:51;11/07/2026 14:14;13/07/2026 12:51
CAIXA 130L;CAIXA 130L COM BERÇO;2 C a 8 C;560413;MG;A9613;00019200000013452355;Rodoviário;11/07/2026 14:14;13/07/2026 12:51;11/07/2026 14:14;13/07/2026 12:51
CAIXA 130L;CAIXA 130L COM BERÇO;2 C a 8 C;560413;MG;A6825;00019200000013452363;Rodoviário;11/07/2026 14:14;13/07/2026 12:51;11/07/2026 14:14;13/07/2026 12:51
CAIXA 130L;CAIXA 130L COM BERÇO;2 C a 8 C;560505;MG;A6904;00019200000013439383;Rodoviário;29/07/2026 03:58;-;29/07/2026 03:58;-
CAIXA 130L;CAIXA 130L COM BERÇO;2 C a 8 C;560505;MG;TA0696;00019200000013439391;Rodoviário;29/07/2026 03:58;-;29/07/2026 03:58;-
CAIXA 130L;CAIXA 130L COM BERÇO;2 C a 8 C;560505;MG;A2588;00019200000013439405;Rodoviário;29/07/2026 03:58;-;29/07/2026 03:58;-
CAIXA 130L;CAIXA 130L COM BERÇO;2 C a 8 C;560505;MG;A8477;00019200000013439421;Rodoviário;29/07/2026 03:58;-;29/07/2026 03:58;-
CAIXA 130L;CAIXA 130L COM BERÇO;2 C a 8 C;560505;MG;A3616;00019200000013439430;Rodoviário;29/07/2026 03:58;-;29/07/2026 03:58;-
CAIXA 130L;CAIXA 130L COM BERÇO;2 C a 8 C;560505;MG;A0866;00019200000013439448;Rodoviário;29/07/2026 03:58;-;29/07/2026 03:58;-
CAIXA 130L;CAIXA 130L COM BERÇO;2 C a 8 C;560505;MG;A3724;00019200000013439456;Rodoviário;29/07/2026 03:58;-;29/07/2026 03:58;-
CAIXA 130L;CAIXA 130L COM BERÇO;2 C a 8 C;560505;MG;TA0923;00019200000013439464;Rodoviário;29/07/2026 03:58;-;29/07/2026 03:58;-
CAIXA 130L;CAIXA 130L COM BERÇO;2 C a 8 C;560505;MG;A9083;00019200000013439472;Rodoviário;29/07/2026 03:58;-;29/07/2026 03:58;-
CAIXA 130L;CAIXA 130L COM BERÇO;2 C a 8 C;560505;MG;A6737;00019200000013439480;Rodoviário;29/07/2026 03:58;-;29/07/2026 03:58;-
CAIXA 130L;CAIXA 130L COM BERÇO;2 C a 8 C;560505;MG;A3571;00019200000013439499;Rodoviário;29/07/2026 03:58;-;29/07/2026 03:58;-
CAIXA 130L;CAIXA 130L COM BERÇO;2 C a 8 C;560505;MG;A8000;00019200000013439502;Rodoviário;29/07/2026 03:58;-;29/07/2026 03:58;-
CAIXA 130L;CAIXA 130L COM BERÇO;2 C a 8 C;560505;MG;A8579;00019200000013439510;Rodoviário;29/07/2026 03:58;-;29/07/2026 03:58;-
CAIXA 130L;CAIXA 130L COM BERÇO;2 C a 8 C;560505;MG;TA1134;00019200000013439529;Rodoviário;29/07/2026 03:58;-;29/07/2026 03:58;-
CAIXA 130L;CAIXA 130L COM BERÇO;2 C a 8 C;560505;MG;A9485;00019200000013439537;Rodoviário;29/07/2026 03:58;-;29/07/2026 03:58;-
CAIXA 130L;CAIXA 130L COM BERÇO;2 C a 8 C;560505;MG;A9106;00019200000013439545;Rodoviário;29/07/2026 03:58;-;29/07/2026 03:58;-
CAIXA 130L;CAIXA 130L COM BERÇO;2 C a 8 C;560505;MG;A2757;00019200000013439553;Rodoviário;29/07/2026 03:58;-;29/07/2026 03:58;-
CAIXA 130L;CAIXA 130L COM BERÇO;2 C a 8 C;560505;MG;TA0872;00019200000013439561;Rodoviário;29/07/2026 03:58;-;29/07/2026 03:58;-
CAIXA 130L;CAIXA 130L COM BERÇO;2 C a 8 C;560505;MG;A4949;00019200000013439570;Rodoviário;29/07/2026 03:58;-;29/07/2026 03:58;-
CAIXA 130L;CAIXA 130L COM BERÇO;2 C a 8 C;560505;MG;TA1209;00019200000013439588;Rodoviário;29/07/2026 03:58;-;29/07/2026 03:58;-
CAIXA 130L;CAIXA 130L COM BERÇO;2 C a 8 C;560505;MG;A7904;00019200000013439596;Rodoviário;29/07/2026 03:58;-;29/07/2026 03:58;-
CAIXA 130L;CAIXA 130L COM BERÇO;2 C a 8 C;560505;MG;TA0530;00019200000013439600;Rodoviário;29/07/2026 03:58;-;29/07/2026 03:58;-
CAIXA 130L;CAIXA 130L COM BERÇO;2 C a 8 C;560505;MG;A1377;00019200000013439618;Rodoviário;29/07/2026 03:58;-;29/07/2026 03:58;-
CAIXA 130L;CAIXA 130L COM BERÇO;2 C a 8 C;560505;MG;A6609;00019200000013439642;Rodoviário;29/07/2026 03:58;-;29/07/2026 03:58;-
CAIXA 130L;CAIXA 130L COM BERÇO;2 C a 8 C;560505;MG;A5808;00019200000013446576;Rodoviário;29/07/2026 03:58;-;29/07/2026 03:58;-
CAIXA 130L;CAIXA 130L COM BERÇO;2 C a 8 C;560505;MG;A5922;00019200000013446622;Rodoviário;29/07/2026 03:58;-;29/07/2026 03:58;-
CAIXA 130L;CAIXA 130L COM BERÇO;2 C a 8 C;560505;MG;A6687;00019200000013446630;Rodoviário;29/07/2026 03:58;-;29/07/2026 03:58;-
CAIXA 130L;CAIXA 130L COM BERÇO;2 C a 8 C;560505;MG;A0905;00019200000013446649;Rodoviário;29/07/2026 03:58;-;29/07/2026 03:58;-
CAIXA 130L;CAIXA 130L COM BERÇO;2 C a 8 C;560505;MG;A7640;00019200000013446657;Rodoviário;29/07/2026 03:58;-;29/07/2026 03:58;-
CAIXA 130L;CAIXA 130L COM BERÇO;2 C a 8 C;560505;MG;TA0250;00019200000013446665;Rodoviário;29/07/2026 03:58;-;29/07/2026 03:58;-
CAIXA 130L;CAIXA 130L COM BERÇO;2 C a 8 C;560505;MG;A8101;00019200000013446673;Rodoviário;29/07/2026 03:58;-;29/07/2026 03:58;-
CAIXA 130L;CAIXA 130L COM BERÇO;2 C a 8 C;560505;MG;A9123;00019200000013446681;Rodoviário;29/07/2026 03:58;-;29/07/2026 03:58;-
CAIXA 130L;CAIXA 130L COM BERÇO;2 C a 8 C;560505;MG;TA0778;00019200000013446690;Rodoviário;29/07/2026 03:58;-;29/07/2026 03:58;-
CAIXA 130L;CAIXA 130L COM BERÇO;2 C a 8 C;560505;MG;A8988;00019200000013446703;Rodoviário;29/07/2026 03:58;-;29/07/2026 03:58;-
CAIXA 130L;CAIXA 130L COM BERÇO;2 C a 8 C;560505;MG;A0376;00019200000013446746;Rodoviário;29/07/2026 03:58;-;29/07/2026 03:58;-
CAIXA 130L;CAIXA 130L COM BERÇO;2 C a 8 C;560505;MG;A5332;00019200000013446754;Rodoviário;29/07/2026 03:58;-;29/07/2026 03:58;-
CAIXA 130L;CAIXA 130L COM BERÇO;2 C a 8 C;560505;MG;A9111;00019200000013446762;Rodoviário;29/07/2026 03:58;-;29/07/2026 03:58;-
CAIXA 130L;CAIXA 130L COM BERÇO;2 C a 8 C;560505;MG;A4688;00019200000013446770;Rodoviário;29/07/2026 03:58;-;29/07/2026 03:58;-
CAIXA 130L;CAIXA 130L COM BERÇO;2 C a 8 C;560505;MG;A9056;00019200000013446789;Rodoviário;29/07/2026 03:58;-;29/07/2026 03:58;-
CAIXA 130L;CAIXA 130L COM BERÇO;2 C a 8 C;560505;MG;TA0425;00019200000013446797;Rodoviário;29/07/2026 03:58;-;29/07/2026 03:58;-
CAIXA 130L;CAIXA 130L COM BERÇO;2 C a 8 C;560505;MG;A2341;00019200000013446800;Rodoviário;29/07/2026 03:58;-;29/07/2026 03:58;-
CAIXA 130L;CAIXA 130L COM BERÇO;2 C a 8 C;560505;MG;A6522;00019200000013446819;Rodoviário;29/07/2026 03:58;-;29/07/2026 03:58;-
CAIXA 130L;CAIXA 130L COM BERÇO;2 C a 8 C;560505;MG;A8738;00019200000013446827;Rodoviário;29/07/2026 03:58;-;29/07/2026 03:58;-
CAIXA 130L;CAIXA 130L COM BERÇO;2 C a 8 C;560505;MG;A6084;00019200000013446835;Rodoviário;29/07/2026 03:58;-;29/07/2026 03:58;-
CAIXA 130L;CAIXA 130L COM BERÇO;2 C a 8 C;560505;MG;A0675;00019200000013446843;Rodoviário;29/07/2026 03:58;-;29/07/2026 03:58;-
CAIXA 130L;CAIXA 130L COM BERÇO;2 C a 8 C;560505;MG;A6962;00019200000013446851;Rodoviário;29/07/2026 03:58;-;29/07/2026 03:58;-
CAIXA 130L;CAIXA 130L COM BERÇO;2 C a 8 C;560505;MG;TA1230;00019200000013446860;Rodoviário;29/07/2026 03:58;-;29/07/2026 03:58;-
CAIXA 130L;CAIXA 130L COM BERÇO;2 C a 8 C;560505;MG;TA0740;00019200000013446878;Rodoviário;29/07/2026 03:58;-;29/07/2026 03:58;-
CAIXA 130L;CAIXA 130L COM BERÇO;2 C a 8 C;560505;MG;TA0340;00019200000013446886;Rodoviário;29/07/2026 03:58;-;29/07/2026 03:58;-
CAIXA 130L;CAIXA 130L COM BERÇO;2 C a 8 C;560505;MG;A5582;00019200000013446894;Rodoviário;29/07/2026 03:58;-;29/07/2026 03:58;-
CAIXA 130L;CAIXA 130L COM BERÇO;2 C a 8 C;560505;MG;A5292;00019200000013446908;Rodoviário;29/07/2026 03:58;-;29/07/2026 03:58;-
CAIXA 130L;CAIXA 130L COM BERÇO;2 C a 8 C;560505;MG;A6407;00019200000013446916;Rodoviário;29/07/2026 03:58;-;29/07/2026 03:58;-
CAIXA 130L;CAIXA 130L COM BERÇO;2 C a 8 C;560505;MG;TA0190;00019200000013446924;Rodoviário;29/07/2026 03:58;-;29/07/2026 03:58;-
CAIXA 130L;CAIXA 130L COM BERÇO;2 C a 8 C;560505;MG;A3438;00019200000013446932;Rodoviário;29/07/2026 03:58;-;29/07/2026 03:58;-
CAIXA 130L;CAIXA 130L COM BERÇO;2 C a 8 C;560505;MG;A8095;00019200000013446940;Rodoviário;29/07/2026 03:58;-;29/07/2026 03:58;-
CAIXA 130L;CAIXA 130L COM BERÇO;2 C a 8 C;560505;MG;A9217;00019200000013446959;Rodoviário;29/07/2026 03:58;-;29/07/2026 03:58;-
CAIXA 130L;CAIXA 130L COM BERÇO;2 C a 8 C;560505;MG;A9645;00019200000013446967;Rodoviário;29/07/2026 03:58;-;29/07/2026 03:58;-
CAIXA 130L;CAIXA 130L COM BERÇO;2 C a 8 C;560505;MG;A7567;00019200000013446975;Rodoviário;29/07/2026 03:58;-;29/07/2026 03:58;-
CAIXA 130L;CAIXA 130L COM BERÇO;2 C a 8 C;560505;MG;A6337;00019200000013446983;Rodoviário;29/07/2026 03:58;-;29/07/2026 03:58;-
CAIXA 130L;CAIXA 130L COM BERÇO;2 C a 8 C;560505;MG;A3480;00019200000013446991;Rodoviário;29/07/2026 03:58;-;29/07/2026 03:58;-
CAIXA 130L;CAIXA 130L COM BERÇO;2 C a 8 C;560505;MG;A1831;00019200000013447009;Rodoviário;29/07/2026 03:58;-;29/07/2026 03:58;-
CAIXA 130L;CAIXA 130L COM BERÇO;2 C a 8 C;560505;MG;TA1034;00019200000013447017;Rodoviário;29/07/2026 03:58;-;29/07/2026 03:58;-
CAIXA 130L;CAIXA 130L COM BERÇO;2 C a 8 C;560505;MG;A7230;00019200000013447025;Rodoviário;29/07/2026 03:58;-;29/07/2026 03:58;-
CAIXA 130L;CAIXA 130L COM BERÇO;2 C a 8 C;560505;MG;TA0764;00019200000013447033;Rodoviário;29/07/2026 03:58;-;29/07/2026 03:58;-
CAIXA 130L;CAIXA 130L COM BERÇO;2 C a 8 C;560505;MG;TA0401;00019200000013447041;Rodoviário;29/07/2026 03:58;-;29/07/2026 03:58;-
CAIXA 130L;CAIXA 130L COM BERÇO;2 C a 8 C;560505;MG;A7391;00019200000013447050;Rodoviário;29/07/2026 03:58;-;29/07/2026 03:58;-
CAIXA 130L;CAIXA 130L COM BERÇO;2 C a 8 C;560505;MG;A6565;00019200000013447068;Rodoviário;29/07/2026 03:58;-;29/07/2026 03:58;-
CAIXA 130L;CAIXA 130L COM BERÇO;2 C a 8 C;560505;MG;A7926;00019200000013447076;Rodoviário;29/07/2026 03:58;-;29/07/2026 03:58;-
CAIXA 130L;CAIXA 130L COM BERÇO;2 C a 8 C;560505;MG;A3047;00019200000013447084;Rodoviário;29/07/2026 03:58;-;29/07/2026 03:58;-
CAIXA 130L;CAIXA 130L COM BERÇO;2 C a 8 C;560505;MG;A6469;00019200000013447092;Rodoviário;29/07/2026 03:58;-;29/07/2026 03:58;-
CAIXA 130L;CAIXA 130L COM BERÇO;2 C a 8 C;560505;MG;A9044;00019200000013447106;Rodoviário;29/07/2026 03:58;-;29/07/2026 03:58;-
CAIXA 130L;CAIXA 130L COM BERÇO;2 C a 8 C;560505;MG;TA0302;00019200000013447114;Rodoviário;29/07/2026 03:58;-;29/07/2026 03:58;-
CAIXA 130L;CAIXA 130L COM BERÇO;2 C a 8 C;560505;MG;A4057;00019200000013447122;Rodoviário;29/07/2026 03:58;-;29/07/2026 03:58;-
CAIXA 130L;CAIXA 130L COM BERÇO;2 C a 8 C;560505;MG;A9613;00019200000013447130;Rodoviário;29/07/2026 03:58;-;29/07/2026 03:58;-
CAIXA 130L;CAIXA 130L COM BERÇO;2 C a 8 C;560505;MG;A3013;00019200000013447149;Rodoviário;29/07/2026 03:58;-;29/07/2026 03:58;-
CAIXA 130L;CAIXA 130L COM BERÇO;2 C a 8 C;560505;MG;A6582;00019200000013447157;Rodoviário;29/07/2026 03:58;-;29/07/2026 03:58;-
CAIXA 130L;CAIXA 130L COM BERÇO;2 C a 8 C;560505;MG;A3525;00019200000013447165;Rodoviário;29/07/2026 03:58;-;29/07/2026 03:58;-
CAIXA 130L;CAIXA 130L COM BERÇO;2 C a 8 C;560505;MG;A8373;00019200000013447173;Rodoviário;29/07/2026 03:58;-;29/07/2026 03:58;-
CAIXA 130L;CAIXA 130L COM BERÇO;2 C a 8 C;560505;MG;A1339;00019200000013447181;Rodoviário;29/07/2026 03:58;-;29/07/2026 03:58;-
CAIXA 130L;CAIXA 130L COM BERÇO;2 C a 8 C;560505;MG;TA0662;00019200000013447190;Rodoviário;29/07/2026 03:58;-;29/07/2026 03:58;-
CAIXA 130L;CAIXA 130L COM BERÇO;2 C a 8 C;560505;MG;A7518;00019200000013447203;Rodoviário;29/07/2026 03:58;-;29/07/2026 03:58;-
CAIXA 130L;CAIXA 130L COM BERÇO;2 C a 8 C;560505;MG;A1415;00019200000013447211;Rodoviário;29/07/2026 03:58;-;29/07/2026 03:58;-
CAIXA 130L;CAIXA 130L COM BERÇO;2 C a 8 C;560505;MG;A8034;00019200000013447220;Rodoviário;29/07/2026 03:58;-;29/07/2026 03:58;-
CAIXA 130L;CAIXA 130L COM BERÇO;2 C a 8 C;560505;MG;A5788;00019200000013447238;Rodoviário;29/07/2026 03:58;-;29/07/2026 03:58;-
CAIXA 130L;CAIXA 130L COM BERÇO;2 C a 8 C;560505;MG;A3960;00019200000013447246;Rodoviário;29/07/2026 03:58;-;29/07/2026 03:58;-
CAIXA 130L;CAIXA 130L COM BERÇO;2 C a 8 C;560505;MG;A7338;00019200000013447254;Rodoviário;29/07/2026 03:58;-;29/07/2026 03:58;-
CAIXA 130L;CAIXA 130L COM BERÇO;2 C a 8 C;560505;MG;A6645;00019200000013447262;Rodoviário;29/07/2026 03:58;-;29/07/2026 03:58;-
CAIXA 130L;CAIXA 130L COM BERÇO;2 C a 8 C;560505;MG;A3680;00019200000013447270;Rodoviário;29/07/2026 03:58;-;29/07/2026 03:58;-
CAIXA 130L;CAIXA 130L COM BERÇO;2 C a 8 C;560505;MG;A8105;00019200000013447289;Rodoviário;29/07/2026 03:58;-;29/07/2026 03:58;-
CAIXA 130L;CAIXA 130L COM BERÇO;2 C a 8 C;560505;MG;A5339;00019200000013447297;Rodoviário;29/07/2026 03:58;-;29/07/2026 03:58;-
CAIXA 130L;CAIXA 130L COM BERÇO;2 C a 8 C;560505;MG;A8535;00019200000013447300;Rodoviário;29/07/2026 03:58;-;29/07/2026 03:58;-
CAIXA 130L;CAIXA 130L COM BERÇO;2 C a 8 C;560505;MG;A6351;00019200000013447319;Rodoviário;29/07/2026 03:58;-;29/07/2026 03:58;-
CAIXA 130L;CAIXA 130L COM BERÇO;2 C a 8 C;560505;MG;A6969;00019200000013447327;Rodoviário;29/07/2026 03:58;-;29/07/2026 03:58;-
CAIXA 130L;CAIXA 130L COM BERÇO;2 C a 8 C;560505;MG;A1069;00019200000013447335;Rodoviário;29/07/2026 03:58;-;29/07/2026 03:58;-
CAIXA 130L;CAIXA 130L COM BERÇO;2 C a 8 C;560505;MG;A6217;00019200000013447343;Rodoviário;29/07/2026 03:58;-;29/07/2026 03:58;-
CAIXA 130L;CAIXA 130L COM BERÇO;2 C a 8 C;560505;MG;A8898;00019200000013447351;Rodoviário;29/07/2026 03:58;-;29/07/2026 03:58;-
CAIXA 130L;CAIXA 130L COM BERÇO;2 C a 8 C;560505;MG;A6936;00019200000013447360;Rodoviário;29/07/2026 03:58;-;29/07/2026 03:58;-
CAIXA 130L;CAIXA 130L COM BERÇO;2 C a 8 C;560505;MG;A0512;00019200000013447378;Rodoviário;29/07/2026 03:58;-;29/07/2026 03:58;-
CAIXA 130L;CAIXA 130L COM BERÇO;2 C a 8 C;560505;MG;A6865;00019200000013447386;Rodoviário;29/07/2026 03:58;-;29/07/2026 03:58;-
CAIXA 130L;CAIXA 130L COM BERÇO;2 C a 8 C;560505;MG;A9525;00019200000013447394;Rodoviário;29/07/2026 03:58;-;29/07/2026 03:58;-
CAIXA 130L;CAIXA 130L COM BERÇO;2 C a 8 C;560505;MG;A6560;00019200000013447408;Rodoviário;29/07/2026 03:58;-;29/07/2026 03:58;-
CAIXA 130L;CAIXA 130L COM BERÇO;2 C a 8 C;560505;MG;A1599;00019200000013447416;Rodoviário;29/07/2026 03:58;-;29/07/2026 03:58;-
CAIXA 130L;CAIXA 130L COM BERÇO;2 C a 8 C;560505;MG;A7829;00019200000013447424;Rodoviário;29/07/2026 03:58;-;29/07/2026 03:58;-
CAIXA 130L;CAIXA 130L COM BERÇO;2 C a 8 C;560505;MG;A7684;00019200000013447432;Rodoviário;29/07/2026 03:58;-;29/07/2026 03:58;-
CAIXA 130L;CAIXA 130L COM BERÇO;2 C a 8 C;560505;MG;A9583;00019200000013447440;Rodoviário;29/07/2026 03:58;-;29/07/2026 03:58;-
CAIXA 130L;CAIXA 130L COM BERÇO;2 C a 8 C;560505;MG;A5531;00019200000013447459;Rodoviário;29/07/2026 03:58;-;29/07/2026 03:58;-
CAIXA 130L;CAIXA 130L COM BERÇO;2 C a 8 C;560505;MG;A8371;00019200000013447467;Rodoviário;29/07/2026 03:58;-;29/07/2026 03:58;-
CAIXA 130L;CAIXA 130L COM BERÇO;2 C a 8 C;560505;MG;A5648;00019200000013447475;Rodoviário;29/07/2026 03:58;-;29/07/2026 03:58;-
CAIXA 130L;CAIXA 130L COM BERÇO;2 C a 8 C;560505;MG;A0482;00019200000013447483;Rodoviário;29/07/2026 03:58;-;29/07/2026 03:58;-
CAIXA 130L;CAIXA 130L COM BERÇO;2 C a 8 C;560505;MG;A6032;00019200000013447491;Rodoviário;29/07/2026 03:58;-;29/07/2026 03:58;-
CAIXA 130L;CAIXA 130L COM BERÇO;2 C a 8 C;560505;MG;A6510;00019200000013447505;Rodoviário;29/07/2026 03:58;-;29/07/2026 03:58;-
CAIXA 130L;CAIXA 130L COM BERÇO;2 C a 8 C;560505;MG;TA0933;00019200000013447513;Rodoviário;29/07/2026 03:58;-;29/07/2026 03:58;-
CAIXA 130L;CAIXA 130L COM BERÇO;2 C a 8 C;560505;MG;A6375;00019200000013447521;Rodoviário;29/07/2026 03:58;-;29/07/2026 03:58;-
CAIXA 130L;CAIXA 130L COM BERÇO;2 C a 8 C;560505;MG;A0189;00019200000013447530;Rodoviário;29/07/2026 03:58;-;29/07/2026 03:58;-
CAIXA 130L;CAIXA 130L COM BERÇO;2 C a 8 C;560505;MG;A7137;00019200000013447548;Rodoviário;29/07/2026 03:58;-;29/07/2026 03:58;-
CAIXA 130L;CAIXA 130L COM BERÇO;2 C a 8 C;560505;MG;A2924;00019200000013447556;Rodoviário;29/07/2026 03:58;-;29/07/2026 03:58;-
CAIXA 130L;CAIXA 130L COM BERÇO;2 C a 8 C;560505;MG;A8052;00019200000013447564;Rodoviário;29/07/2026 03:58;-;29/07/2026 03:58;-
CAIXA 130L;CAIXA 130L COM BERÇO;2 C a 8 C;560505;MG;A7819;00019200000013447572;Rodoviário;29/07/2026 03:58;-;29/07/2026 03:58;-
CAIXA 130L;CAIXA 130L COM BERÇO;2 C a 8 C;560505;MG;A8819;00019200000013447580;Rodoviário;29/07/2026 03:58;-;29/07/2026 03:58;-
CAIXA 130L;CAIXA 130L COM BERÇO;2 C a 8 C;560505;MG;A7877;00019200000013447599;Rodoviário;29/07/2026 03:58;-;29/07/2026 03:58;-
CAIXA 130L;CAIXA 130L COM BERÇO;2 C a 8 C;560505;MG;TA0458;00019200000013447602;Rodoviário;29/07/2026 03:58;-;29/07/2026 03:58;-
CAIXA 130L;CAIXA 130L COM BERÇO;2 C a 8 C;560505;MG;A6456;00019200000013447629;Rodoviário;29/07/2026 03:58;-;29/07/2026 03:58;-
CAIXA 130L;CAIXA 130L COM BERÇO;2 C a 8 C;560505;MG;A7025;00019200000013447637;Rodoviário;29/07/2026 03:58;-;29/07/2026 03:58;-
CAIXA 130L;CAIXA 130L COM BERÇO;2 C a 8 C;560505;MG;A1125;00019200000013447645;Rodoviário;29/07/2026 03:58;-;29/07/2026 03:58;-
CAIXA 130L;CAIXA 130L COM BERÇO;2 C a 8 C;560505;MG;A9267;00019200000013447653;Rodoviário;29/07/2026 03:58;-;29/07/2026 03:58;-
CAIXA 130L;CAIXA 130L COM BERÇO;2 C a 8 C;560505;MG;TA0938;00019200000013447661;Rodoviário;29/07/2026 03:58;-;29/07/2026 03:58;-
CAIXA 130L;CAIXA 130L COM BERÇO;2 C a 8 C;560505;MG;TA0508;00019200000013447670;Rodoviário;29/07/2026 03:58;-;29/07/2026 03:58;-
CAIXA 130L;CAIXA 130L COM BERÇO;2 C a 8 C;560505;MG;A4502;00019200000013447688;Rodoviário;29/07/2026 03:58;-;29/07/2026 03:58;-
CAIXA 130L;CAIXA 130L COM BERÇO;2 C a 8 C;560505;MG;TA0904;00019200000013447696;Rodoviário;29/07/2026 03:58;-;29/07/2026 03:58;-
CAIXA 130L;CAIXA 130L COM BERÇO;2 C a 8 C;560505;MG;A7281;00019200000013447700;Rodoviário;29/07/2026 03:58;-;29/07/2026 03:58;-
CAIXA 130L;CAIXA 130L COM BERÇO;2 C a 8 C;560505;MG;A8209;00019200000013447718;Rodoviário;29/07/2026 03:58;-;29/07/2026 03:58;-
CAIXA 130L;CAIXA 130L COM BERÇO;2 C a 8 C;560505;MG;A9455;00019200000013447726;Rodoviário;29/07/2026 03:58;-;29/07/2026 03:58;-
CAIXA 130L;CAIXA 130L COM BERÇO;2 C a 8 C;560505;MG;A6600;00019200000013447734;Rodoviário;29/07/2026 03:58;-;29/07/2026 03:58;-
CAIXA 130L;CAIXA 130L COM BERÇO;2 C a 8 C;560505;MG;A1940;00019200000013447742;Rodoviário;29/07/2026 03:58;-;29/07/2026 03:58;-
CAIXA 130L;CAIXA 130L COM BERÇO;2 C a 8 C;560505;MG;TA0487;00019200000013447750;Rodoviário;29/07/2026 03:58;-;29/07/2026 03:58;-
CAIXA 130L;CAIXA 130L COM BERÇO;2 C a 8 C;560505;MG;TA0236;00019200000013447769;Rodoviário;29/07/2026 03:58;-;29/07/2026 03:58;-
CAIXA 130L;CAIXA 130L COM BERÇO;2 C a 8 C;560505;MG;A6478;00019200000013447777;Rodoviário;29/07/2026 03:58;-;29/07/2026 03:58;-
CAIXA 130L;CAIXA 130L COM BERÇO;2 C a 8 C;560505;MG;TA0722;00019200000013447785;Rodoviário;29/07/2026 03:58;-;29/07/2026 03:58;-
CAIXA 130L;CAIXA 130L COM BERÇO;2 C a 8 C;560505;MG;A9165;00019200000013447793;Rodoviário;29/07/2026 03:58;-;29/07/2026 03:58;-
CAIXA 130L;CAIXA 130L COM BERÇO;2 C a 8 C;560505;MG;A9666;00019200000013447807;Rodoviário;29/07/2026 03:58;-;29/07/2026 03:58;-
CAIXA 130L;CAIXA 130L COM BERÇO;2 C a 8 C;560505;MG;A6185;00019200000013447815;Rodoviário;29/07/2026 03:58;-;29/07/2026 03:58;-
CAIXA 130L;CAIXA 130L COM BERÇO;2 C a 8 C;560505;MG;A1705;00019200000013447823;Rodoviário;29/07/2026 03:58;-;29/07/2026 03:58;-
CAIXA 130L;CAIXA 130L COM BERÇO;2 C a 8 C;560505;MG;A8849;00019200000013447831;Rodoviário;29/07/2026 03:58;-;29/07/2026 03:58;-
CAIXA 130L;CAIXA 130L COM BERÇO;2 C a 8 C;560505;MG;A6843;00019200000013447840;Rodoviário;29/07/2026 03:58;-;29/07/2026 03:58;-
CAIXA 130L;CAIXA 130L COM BERÇO;2 C a 8 C;560505;MG;A1312;00019200000013447858;Rodoviário;29/07/2026 03:58;-;29/07/2026 03:58;-
CAIXA 130L;CAIXA 130L COM BERÇO;2 C a 8 C;560505;MG;A2814;00019200000013447874;Rodoviário;29/07/2026 03:58;-;29/07/2026 03:58;-
CAIXA 130L;CAIXA 130L COM BERÇO;2 C a 8 C;560505;MG;A5365;00019200000013447882;Rodoviário;29/07/2026 03:58;-;29/07/2026 03:58;-
CAIXA 130L;CAIXA 130L COM BERÇO;2 C a 8 C;560505;MG;A7102;00019200000013447890;Rodoviário;29/07/2026 03:58;-;29/07/2026 03:58;-
CAIXA 130L;CAIXA 130L COM BERÇO;2 C a 8 C;560505;MG;A6535;00019200000013447904;Rodoviário;29/07/2026 03:58;-;29/07/2026 03:58;-
CAIXA 130L;CAIXA 130L COM BERÇO;2 C a 8 C;560505;MG;A6333;00019200000013447912;Rodoviário;29/07/2026 03:58;-;29/07/2026 03:58;-
CAIXA 130L;CAIXA 130L COM BERÇO;2 C a 8 C;560505;MG;A3017;00019200000013447920;Rodoviário;29/07/2026 03:58;-;29/07/2026 03:58;-
CAIXA 130L;CAIXA 130L COM BERÇO;2 C a 8 C;560505;MG;A0363;00019200000013447939;Rodoviário;29/07/2026 03:58;-;29/07/2026 03:58;-
CAIXA 130L;CAIXA 130L COM BERÇO;2 C a 8 C;560505;MG;A8932;00019200000013447947;Rodoviário;29/07/2026 03:58;-;29/07/2026 03:58;-
CAIXA 130L;CAIXA 130L COM BERÇO;2 C a 8 C;560505;MG;A5572;00019200000013447955;Rodoviário;29/07/2026 03:58;-;29/07/2026 03:58;-
CAIXA 130L;CAIXA 130L COM BERÇO;2 C a 8 C;560505;MG;A4997;00019200000013447963;Rodoviário;29/07/2026 03:58;-;29/07/2026 03:58;-
CAIXA 130L;CAIXA 130L COM BERÇO;2 C a 8 C;560505;MG;A6707;00019200000013447971;Rodoviário;29/07/2026 03:58;-;29/07/2026 03:58;-
CAIXA 130L;CAIXA 130L COM BERÇO;2 C a 8 C;560505;MG;A2203;00019200000013447980;Rodoviário;29/07/2026 03:58;-;29/07/2026 03:58;-
CAIXA 130L;CAIXA 130L COM BERÇO;2 C a 8 C;560505;MG;A8675;00019200000013447998;Rodoviário;29/07/2026 03:58;-;29/07/2026 03:58;-
CAIXA 130L;CAIXA 130L COM BERÇO;2 C a 8 C;560505;MG;A5199;00019200000013448005;Rodoviário;29/07/2026 03:58;-;29/07/2026 03:58;-
CAIXA 130L;CAIXA 130L COM BERÇO;2 C a 8 C;560505;MG;A8598;00019200000013448013;Rodoviário;29/07/2026 03:58;-;29/07/2026 03:58;-
CAIXA 130L;CAIXA 130L PFIZER;-90 C a -60 C;560540;MG;869170034890153;00019200000013439987;MultiModal;15/07/2026 23:23;17/07/2026 13:11;15/07/2026 23:23;17/07/2026 13:09
CAIXA 130L;CAIXA 130L PFIZER;-90 C a -60 C;560540;MG;869170034875378;00019200000013439995;MultiModal;15/07/2026 23:23;17/07/2026 13:11;15/07/2026 23:23;17/07/2026 13:09
CAIXA 130L;CAIXA 130L PFIZER;-90 C a -60 C;560540;MG;869170034887530;00019200000013440004;MultiModal;15/07/2026 23:23;17/07/2026 13:11;15/07/2026 23:23;17/07/2026 13:09
CAIXA 130L;CAIXA 130L PFIZER;-90 C a -60 C;560540;MG;869170034874447;00019200000013440012;MultiModal;15/07/2026 23:23;17/07/2026 13:11;15/07/2026 23:23;17/07/2026 13:09
CAIXA 130L;CAIXA 130L PFIZER;-90 C a -60 C;560540;MG;869170035519025;00019200000013440020;MultiModal;15/07/2026 23:23;17/07/2026 13:11;15/07/2026 23:23;17/07/2026 13:09
CAIXA 130L;CAIXA 130L PFIZER;-90 C a -60 C;560540;MG;869170035502492;00019200000013440039;MultiModal;15/07/2026 23:23;17/07/2026 13:11;15/07/2026 23:23;17/07/2026 13:09
CAIXA 130L;CAIXA 130L PFIZER;-90 C a -60 C;560540;MG;869170035503755;00019200000013440047;MultiModal;15/07/2026 23:23;17/07/2026 13:11;15/07/2026 23:23;17/07/2026 13:09
CAIXA 130L;CAIXA 130L PFIZER;-90 C a -60 C;560540;MG;869170034880725;00019200000013440055;MultiModal;15/07/2026 23:23;17/07/2026 13:11;15/07/2026 23:23;17/07/2026 13:09
CAIXA 130L;CAIXA 130L PFIZER;-90 C a -60 C;560540;MG;AS-0635;00019200000013440063;MultiModal;15/07/2026 23:23;17/07/2026 13:11;15/07/2026 23:23;17/07/2026 13:09
CAIXA 130L;CAIXA 130L PFIZER;-90 C a -60 C;560540;MG;AS-0453;00019200000013440071;MultiModal;15/07/2026 23:23;17/07/2026 13:11;15/07/2026 23:23;17/07/2026 13:09
CAIXA 130L;CAIXA 130L PFIZER;-90 C a -60 C;560540;MG;AS-0623;00019200000013440080;MultiModal;15/07/2026 23:23;17/07/2026 13:11;15/07/2026 23:23;17/07/2026 13:09
CAIXA 130L;CAIXA 130L PFIZER;-90 C a -60 C;560540;MG;AS-0171;00019200000013440098;MultiModal;15/07/2026 23:23;17/07/2026 13:11;15/07/2026 23:23;17/07/2026 13:09
CAIXA 130L;CAIXA 130L PFIZER;-90 C a -60 C;560540;MG;AS-0559;00019200000013440101;MultiModal;15/07/2026 23:23;17/07/2026 13:11;15/07/2026 23:23;17/07/2026 13:09
CAIXA 130L;CAIXA 130L PFIZER;-90 C a -60 C;560540;MG;869170034888512;00019200000013440110;MultiModal;15/07/2026 23:23;17/07/2026 13:11;15/07/2026 23:23;17/07/2026 13:09
CAIXA 130L;CAIXA 130L PFIZER;-90 C a -60 C;560540;MG;869170034875493;00019200000013440128;MultiModal;15/07/2026 23:23;17/07/2026 13:11;15/07/2026 23:23;17/07/2026 13:09
CAIXA 130L;CAIXA 130L PFIZER;-90 C a -60 C;560540;MG;869170034885583;00019200000013440136;MultiModal;15/07/2026 23:23;17/07/2026 13:11;15/07/2026 23:23;17/07/2026 13:09
CAIXA 130L;CAIXA 130L PFIZER;-90 C a -60 C;560540;MG;869170034882366;00019200000013440144;MultiModal;15/07/2026 23:23;17/07/2026 13:11;15/07/2026 23:23;17/07/2026 13:09
CAIXA 130L;CAIXA 130L PFIZER;-90 C a -60 C;560540;MG;AS-0001;00019200000013440152;MultiModal;15/07/2026 23:23;17/07/2026 13:11;15/07/2026 23:23;17/07/2026 13:09
CAIXA 130L;CAIXA 130L PFIZER;-90 C a -60 C;560540;MG;AS-0229;00019200000013440160;MultiModal;15/07/2026 23:23;17/07/2026 13:11;15/07/2026 23:23;17/07/2026 13:09
CAIXA 130L;CAIXA 130L PFIZER;-90 C a -60 C;560540;MG;869170034872300;00019200000013440179;MultiModal;15/07/2026 23:23;17/07/2026 13:11;15/07/2026 23:23;17/07/2026 13:09
CAIXA 130L;CAIXA 130L PFIZER;-90 C a -60 C;560540;MG;869170034888124;00019200000013440187;MultiModal;15/07/2026 23:23;17/07/2026 13:11;15/07/2026 23:23;17/07/2026 13:09
CAIXA 130L;CAIXA 130L PFIZER;-90 C a -60 C;560540;MG;869170035491530;00019200000013440195;MultiModal;15/07/2026 23:23;17/07/2026 13:11;15/07/2026 23:23;17/07/2026 13:09
CAIXA 130L;CAIXA 130L PFIZER;-90 C a -60 C;560540;MG;869170034882341;00019200000013440209;MultiModal;15/07/2026 23:23;17/07/2026 13:11;15/07/2026 23:23;17/07/2026 13:09
CAIXA 130L;CAIXA 130L PFIZER;-90 C a -60 C;560540;MG;869170034879677;00019200000013440217;MultiModal;15/07/2026 23:23;17/07/2026 13:11;15/07/2026 23:23;17/07/2026 13:09
CAIXA 130L;CAIXA 130L PFIZER;-90 C a -60 C;560540;MG;AS-0380;00019200000013440225;MultiModal;15/07/2026 23:23;17/07/2026 13:11;15/07/2026 23:23;17/07/2026 13:09
CAIXA 130L;CAIXA 130L PFIZER;-90 C a -60 C;560540;MG;869170035502021;00019200000013440233;MultiModal;15/07/2026 23:23;17/07/2026 13:11;15/07/2026 23:23;17/07/2026 13:09
CAIXA 130L;CAIXA 130L PFIZER;-90 C a -60 C;560540;MG;AS-0608;00019200000013440241;MultiModal;15/07/2026 23:23;17/07/2026 13:11;15/07/2026 23:23;17/07/2026 13:09
CAIXA 130L;CAIXA 130L PFIZER;-90 C a -60 C;560540;MG;AS-0164;00019200000013440250;MultiModal;15/07/2026 23:23;17/07/2026 13:11;15/07/2026 23:23;17/07/2026 13:09
CAIXA 130L;CAIXA 130L PFIZER;-90 C a -60 C;560540;MG;AS-0897;00019200000013440268;MultiModal;15/07/2026 23:23;17/07/2026 13:11;15/07/2026 23:23;17/07/2026 13:09
CAIXA 130L;CAIXA 130L PFIZER;-90 C a -60 C;560540;MG;AS-0497;00019200000013440276;MultiModal;15/07/2026 23:23;17/07/2026 13:11;15/07/2026 23:23;17/07/2026 13:09
CAIXA 130L;CAIXA 130L PFIZER;-90 C a -60 C;560540;MG;869170034888181;00019200000013440284;MultiModal;15/07/2026 23:23;17/07/2026 13:11;15/07/2026 23:23;17/07/2026 13:09
CAIXA 130L;CAIXA 130L PFIZER;-90 C a -60 C;560540;MG;869170035517771;00019200000013440292;MultiModal;15/07/2026 23:23;17/07/2026 13:11;15/07/2026 23:23;17/07/2026 13:09
CAIXA 130L;CAIXA 130L COM BERÇO;2 C a 8 C;560741;MG;A5538;00019200000013592459;Rodoviário;18/07/2026 14:55;20/07/2026 12:36;18/07/2026 14:55;20/07/2026 12:36
CAIXA 130L;CAIXA 130L COM BERÇO;2 C a 8 C;560741;MG;A8970;00019200000013592467;Rodoviário;18/07/2026 14:55;20/07/2026 12:36;18/07/2026 14:55;20/07/2026 12:36
CAIXA 130L;CAIXA 130L COM BERÇO;2 C a 8 C;560741;MG;A4613;00019200000013592475;Rodoviário;18/07/2026 14:55;20/07/2026 12:36;18/07/2026 14:55;20/07/2026 12:36
CAIXA 130L;CAIXA 130L COM BERÇO;2 C a 8 C;560741;MG;A4891;00019200000013592483;Rodoviário;18/07/2026 14:55;20/07/2026 12:36;18/07/2026 14:55;20/07/2026 12:36
CAIXA 130L;CAIXA 130L COM BERÇO;2 C a 8 C;560741;MG;A7116;00019200000013592491;Rodoviário;18/07/2026 14:55;20/07/2026 12:36;18/07/2026 14:55;20/07/2026 12:36
CAIXA 130L;CAIXA 130L COM BERÇO;2 C a 8 C;560741;MG;A5115;00019200000013592505;Rodoviário;18/07/2026 14:55;20/07/2026 12:36;18/07/2026 14:55;20/07/2026 12:36
CAIXA 130L;CAIXA 130L COM BERÇO;2 C a 8 C;560741;MG;A4476;00019200000013592513;Rodoviário;18/07/2026 14:55;20/07/2026 12:36;18/07/2026 14:55;20/07/2026 12:36
CAIXA 130L;CAIXA 130L COM BERÇO;2 C a 8 C;560741;MG;A7910;00019200000013592521;Rodoviário;18/07/2026 14:55;20/07/2026 12:36;18/07/2026 14:55;20/07/2026 12:36
CAIXA 130L;CAIXA 130L COM BERÇO;2 C a 8 C;560741;MG;TA0005;00019200000013592530;Rodoviário;18/07/2026 14:55;20/07/2026 12:36;18/07/2026 14:55;20/07/2026 12:36
CAIXA 130L;CAIXA 130L COM BERÇO;2 C a 8 C;560741;MG;A7058;00019200000013592548;Rodoviário;18/07/2026 14:55;20/07/2026 12:36;18/07/2026 14:55;20/07/2026 12:36
CAIXA 130L;CAIXA 130L COM BERÇO;2 C a 8 C;560741;MG;A8764;00019200000013592556;Rodoviário;18/07/2026 14:55;20/07/2026 12:36;18/07/2026 14:55;20/07/2026 12:36
CAIXA 130L;CAIXA 130L COM BERÇO;2 C a 8 C;560741;MG;A8543;00019200000013592564;Rodoviário;18/07/2026 14:55;20/07/2026 12:36;18/07/2026 14:55;20/07/2026 12:36
CAIXA 130L;CAIXA 130L COM BERÇO;2 C a 8 C;560741;MG;A6475;00019200000013592572;Rodoviário;18/07/2026 14:55;20/07/2026 12:36;18/07/2026 14:55;20/07/2026 12:36
CAIXA 130L;CAIXA 130L COM BERÇO;2 C a 8 C;560741;MG;A7175;00019200000013592580;Rodoviário;18/07/2026 14:55;20/07/2026 12:36;18/07/2026 14:55;20/07/2026 12:36
CAIXA 130L;CAIXA 130L COM BERÇO;2 C a 8 C;560741;MG;A6246;00019200000013592599;Rodoviário;18/07/2026 14:55;20/07/2026 12:36;18/07/2026 14:55;20/07/2026 12:36
CAIXA 130L;CAIXA 130L COM BERÇO;2 C a 8 C;560741;MG;A9269;00019200000013592602;Rodoviário;18/07/2026 14:55;20/07/2026 12:36;18/07/2026 14:55;20/07/2026 12:36
CAIXA 130L;CAIXA 130L COM BERÇO;2 C a 8 C;560741;MG;A7062;00019200000013592610;Rodoviário;18/07/2026 14:55;20/07/2026 12:36;18/07/2026 14:55;20/07/2026 12:36
CAIXA 130L;CAIXA 130L COM BERÇO;2 C a 8 C;560741;MG;TA0802;00019200000013592629;Rodoviário;18/07/2026 14:55;20/07/2026 12:36;18/07/2026 14:55;20/07/2026 12:36
CAIXA 130L;CAIXA 130L COM BERÇO;2 C a 8 C;560741;MG;TA1024;00019200000013592637;Rodoviário;18/07/2026 14:55;20/07/2026 12:36;18/07/2026 14:55;20/07/2026 12:36
CAIXA 130L;CAIXA 130L COM BERÇO;2 C a 8 C;560741;MG;A6156;00019200000013592645;Rodoviário;18/07/2026 14:55;20/07/2026 12:36;18/07/2026 14:55;20/07/2026 12:36
CAIXA 130L;CAIXA 130L COM BERÇO;2 C a 8 C;560741;MG;A8109;00019200000013592653;Rodoviário;18/07/2026 14:55;20/07/2026 12:36;18/07/2026 14:55;20/07/2026 12:36
CAIXA 130L;CAIXA 130L COM BERÇO;2 C a 8 C;560741;MG;TA0915;00019200000013592661;Rodoviário;18/07/2026 14:55;20/07/2026 12:36;18/07/2026 14:55;20/07/2026 12:36
CAIXA 130L;CAIXA 130L COM BERÇO;2 C a 8 C;560741;MG;A1051;00019200000013592670;Rodoviário;18/07/2026 14:55;20/07/2026 12:36;18/07/2026 14:55;20/07/2026 12:36
CAIXA 130L;CAIXA 130L COM BERÇO;2 C a 8 C;560741;MG;TA0219;00019200000013592688;Rodoviário;18/07/2026 14:55;20/07/2026 12:36;18/07/2026 14:55;20/07/2026 12:36
CAIXA 130L;CAIXA 130L COM BERÇO;2 C a 8 C;560741;MG;A0393;00019200000013592696;Rodoviário;18/07/2026 14:55;20/07/2026 12:36;18/07/2026 14:55;20/07/2026 12:36
CAIXA 130L;CAIXA 130L COM BERÇO;2 C a 8 C;560741;MG;A2614;00019200000013592700;Rodoviário;18/07/2026 14:55;20/07/2026 12:36;18/07/2026 14:55;20/07/2026 12:36
CAIXA 130L;CAIXA 130L COM BERÇO;2 C a 8 C;560741;MG;A8516;00019200000013592718;Rodoviário;18/07/2026 14:55;20/07/2026 12:36;18/07/2026 14:55;20/07/2026 12:36
CAIXA 130L;CAIXA 130L COM BERÇO;2 C a 8 C;560741;MG;A9247;00019200000013592726;Rodoviário;18/07/2026 14:55;20/07/2026 12:36;18/07/2026 14:55;20/07/2026 12:36
CAIXA 130L;CAIXA 130L COM BERÇO;2 C a 8 C;560741;MG;A5504;00019200000013592734;Rodoviário;18/07/2026 14:55;20/07/2026 12:36;18/07/2026 14:55;20/07/2026 12:36
CAIXA 130L;CAIXA 130L COM BERÇO;2 C a 8 C;560741;MG;A8971;00019200000013592742;Rodoviário;18/07/2026 14:55;20/07/2026 12:36;18/07/2026 14:55;20/07/2026 12:36
CAIXA 130L;CAIXA 130L COM BERÇO;2 C a 8 C;560741;MG;A8680;00019200000013592750;Rodoviário;18/07/2026 14:55;20/07/2026 12:36;18/07/2026 14:55;20/07/2026 12:36
CAIXA 130L;CAIXA 130L COM BERÇO;2 C a 8 C;560741;MG;A8102;00019200000013592769;Rodoviário;18/07/2026 14:55;20/07/2026 12:36;18/07/2026 14:55;20/07/2026 12:36
CAIXA 130L;CAIXA 130L COM BERÇO;2 C a 8 C;560741;MG;TA0570;00019200000013592777;Rodoviário;18/07/2026 14:55;20/07/2026 12:36;18/07/2026 14:55;20/07/2026 12:36
CAIXA 130L;CAIXA 130L COM BERÇO;2 C a 8 C;560741;MG;A8451;00019200000013592785;Rodoviário;18/07/2026 14:55;20/07/2026 12:36;18/07/2026 14:55;20/07/2026 12:36
CAIXA 130L;CAIXA 130L COM BERÇO;2 C a 8 C;560741;MG;A4566;00019200000013592793;Rodoviário;18/07/2026 14:55;20/07/2026 12:36;18/07/2026 14:55;20/07/2026 12:36
CAIXA 130L;CAIXA 130L COM BERÇO;2 C a 8 C;560741;MG;A4562;00019200000013592807;Rodoviário;18/07/2026 14:55;20/07/2026 12:36;18/07/2026 14:55;20/07/2026 12:36
CAIXA 130L;CAIXA 130L COM BERÇO;2 C a 8 C;560741;MG;A3656;00019200000013592815;Rodoviário;18/07/2026 14:55;20/07/2026 12:36;18/07/2026 14:55;20/07/2026 12:36
CAIXA 130L;CAIXA 130L COM BERÇO;2 C a 8 C;560741;MG;A7602;00019200000013592823;Rodoviário;18/07/2026 14:55;20/07/2026 12:36;18/07/2026 14:55;20/07/2026 12:36
CAIXA 130L;CAIXA 130L COM BERÇO;2 C a 8 C;560741;MG;A8203;00019200000013592831;Rodoviário;18/07/2026 14:55;20/07/2026 12:36;18/07/2026 14:55;20/07/2026 12:36
CAIXA 130L;CAIXA 130L COM BERÇO;2 C a 8 C;560741;MG;A8775;00019200000013592840;Rodoviário;18/07/2026 14:55;20/07/2026 12:36;18/07/2026 14:55;20/07/2026 12:36
CAIXA 130L;CAIXA 130L COM BERÇO;2 C a 8 C;560741;MG;A6327;00019200000013592858;Rodoviário;18/07/2026 14:55;20/07/2026 12:36;18/07/2026 14:55;20/07/2026 12:36
CAIXA 130L;CAIXA 130L COM BERÇO;2 C a 8 C;560741;MG;A7031;00019200000013592866;Rodoviário;18/07/2026 14:55;20/07/2026 12:36;18/07/2026 14:55;20/07/2026 12:36
CAIXA 130L;CAIXA 130L COM BERÇO;2 C a 8 C;560741;MG;A6353;00019200000013592890;Rodoviário;18/07/2026 14:55;20/07/2026 12:36;18/07/2026 14:55;20/07/2026 12:36
CAIXA 130L;CAIXA 130L COM BERÇO;2 C a 8 C;560741;MG;A3046;00019200000013592904;Rodoviário;18/07/2026 14:55;20/07/2026 12:36;18/07/2026 14:55;20/07/2026 12:36
CAIXA 130L;CAIXA 130L COM BERÇO;2 C a 8 C;560741;MG;A8913;00019200000013592912;Rodoviário;18/07/2026 14:55;20/07/2026 12:36;18/07/2026 14:55;20/07/2026 12:36
CAIXA 130L;CAIXA 130L COM BERÇO;2 C a 8 C;560741;MG;TA0998;00019200000013592920;Rodoviário;18/07/2026 14:55;20/07/2026 12:36;18/07/2026 14:55;20/07/2026 12:36
CAIXA 130L;CAIXA 130L COM BERÇO;2 C a 8 C;560741;MG;A7466;00019200000013592939;Rodoviário;18/07/2026 14:55;20/07/2026 12:36;18/07/2026 14:55;20/07/2026 12:36
CAIXA 130L;CAIXA 130L COM BERÇO;2 C a 8 C;560741;MG;A7798;00019200000013592947;Rodoviário;18/07/2026 14:55;20/07/2026 12:36;18/07/2026 14:55;20/07/2026 12:36
CAIXA 130L;CAIXA 130L COM BERÇO;2 C a 8 C;560741;MG;A6747;00019200000013592955;Rodoviário;18/07/2026 14:55;20/07/2026 12:36;18/07/2026 14:55;20/07/2026 12:36
CAIXA 130L;CAIXA 130L COM BERÇO;2 C a 8 C;560741;MG;A2890;00019200000013592963;Rodoviário;18/07/2026 14:55;20/07/2026 12:36;18/07/2026 14:55;20/07/2026 12:36
CAIXA 130L;CAIXA 130L COM BERÇO;2 C a 8 C;560741;MG;A2107;00019200000013592971;Rodoviário;18/07/2026 14:55;20/07/2026 12:36;18/07/2026 14:55;20/07/2026 12:36
CAIXA 130L;CAIXA 130L COM BERÇO;2 C a 8 C;560741;MG;A8779;00019200000013592980;Rodoviário;18/07/2026 14:55;20/07/2026 12:36;18/07/2026 14:55;20/07/2026 12:36
CAIXA 130L;CAIXA 130L COM BERÇO;2 C a 8 C;560741;MG;A7494;00019200000013592998;Rodoviário;18/07/2026 14:55;20/07/2026 12:36;18/07/2026 14:55;20/07/2026 12:36
CAIXA 130L;CAIXA 130L COM BERÇO;2 C a 8 C;560741;MG;TA0206;00019200000013593005;Rodoviário;18/07/2026 14:55;20/07/2026 12:36;18/07/2026 14:55;20/07/2026 12:36
CAIXA 130L;CAIXA 130L COM BERÇO;2 C a 8 C;560741;MG;A4751;00019200000013593013;Rodoviário;18/07/2026 14:55;20/07/2026 12:36;18/07/2026 14:55;20/07/2026 12:36
CAIXA 130L;CAIXA 130L COM BERÇO;2 C a 8 C;560741;MG;A7196;00019200000013593021;Rodoviário;18/07/2026 14:55;20/07/2026 12:36;18/07/2026 14:55;20/07/2026 12:36
CAIXA 130L;CAIXA 130L COM BERÇO;2 C a 8 C;560741;MG;A7269;00019200000013593030;Rodoviário;18/07/2026 14:55;20/07/2026 12:36;18/07/2026 14:55;20/07/2026 12:36
CAIXA 130L;CAIXA 130L COM BERÇO;2 C a 8 C;560741;MG;A8230;00019200000013593048;Rodoviário;18/07/2026 14:55;20/07/2026 12:36;18/07/2026 14:55;20/07/2026 12:36
CAIXA 130L;CAIXA 130L COM BERÇO;2 C a 8 C;560741;MG;A9185;00019200000013593056;Rodoviário;18/07/2026 14:55;20/07/2026 12:36;18/07/2026 14:55;20/07/2026 12:36
CAIXA 130L;CAIXA 130L COM BERÇO;2 C a 8 C;560741;MG;A7227;00019200000013593064;Rodoviário;18/07/2026 14:55;20/07/2026 12:36;18/07/2026 14:55;20/07/2026 12:36
CAIXA 130L;CAIXA 130L COM BERÇO;2 C a 8 C;560741;MG;A9202;00019200000013593072;Rodoviário;18/07/2026 14:55;20/07/2026 12:36;18/07/2026 14:55;20/07/2026 12:36
CAIXA 130L;CAIXA 130L COM BERÇO;2 C a 8 C;560741;MG;A7270;00019200000013593080;Rodoviário;18/07/2026 14:55;20/07/2026 12:36;18/07/2026 14:55;20/07/2026 12:36
CAIXA 130L;CAIXA 130L COM BERÇO;2 C a 8 C;560741;MG;A1420;00019200000013593099;Rodoviário;18/07/2026 14:55;20/07/2026 12:36;18/07/2026 14:55;20/07/2026 12:36
CAIXA 130L;CAIXA 130L COM BERÇO;2 C a 8 C;560741;MG;TA1051;00019200000013593102;Rodoviário;18/07/2026 14:55;20/07/2026 12:36;18/07/2026 14:55;20/07/2026 12:36
CAIXA 130L;CAIXA 130L COM BERÇO;2 C a 8 C;560741;MG;A6983;00019200000013593110;Rodoviário;18/07/2026 14:55;20/07/2026 12:36;18/07/2026 14:55;20/07/2026 12:36
CAIXA 130L;CAIXA 130L COM BERÇO;2 C a 8 C;560741;MG;A6177;00019200000013593129;Rodoviário;18/07/2026 14:55;20/07/2026 12:36;18/07/2026 14:55;20/07/2026 12:36
CAIXA 130L;CAIXA 130L COM BERÇO;2 C a 8 C;560741;MG;A6547;00019200000013593137;Rodoviário;18/07/2026 14:55;20/07/2026 12:36;18/07/2026 14:55;20/07/2026 12:36
CAIXA 130L;CAIXA 130L COM BERÇO;2 C a 8 C;560741;MG;A1173;00019200000013593145;Rodoviário;18/07/2026 14:55;20/07/2026 12:36;18/07/2026 14:55;20/07/2026 12:36
CAIXA 130L;CAIXA 130L COM BERÇO;2 C a 8 C;560741;MG;A6157;00019200000013593153;Rodoviário;18/07/2026 14:55;20/07/2026 12:36;18/07/2026 14:55;20/07/2026 12:36
CAIXA 130L;CAIXA 130L COM BERÇO;2 C a 8 C;560741;MG;A4482;00019200000013593161;Rodoviário;18/07/2026 14:55;20/07/2026 12:36;18/07/2026 14:55;20/07/2026 12:36
CAIXA 130L;CAIXA 130L COM BERÇO;2 C a 8 C;560741;MG;A6634;00019200000013593170;Rodoviário;18/07/2026 14:55;20/07/2026 12:36;18/07/2026 14:55;20/07/2026 12:36
CAIXA 130L;CAIXA 130L COM BERÇO;2 C a 8 C;560741;MG;A7086;00019200000013593188;Rodoviário;18/07/2026 14:55;20/07/2026 12:36;18/07/2026 14:55;20/07/2026 12:36
CAIXA 130L;CAIXA 130L COM BERÇO;2 C a 8 C;560741;MG;A0525;00019200000013593196;Rodoviário;18/07/2026 14:55;20/07/2026 12:36;18/07/2026 14:55;20/07/2026 12:36
CAIXA 130L;CAIXA 130L COM BERÇO;2 C a 8 C;560741;MG;A7636;00019200000013593200;Rodoviário;18/07/2026 14:55;20/07/2026 12:36;18/07/2026 14:55;20/07/2026 12:36
CAIXA 130L;CAIXA 130L COM BERÇO;2 C a 8 C;560741;MG;A8392;00019200000013593218;Rodoviário;18/07/2026 14:55;20/07/2026 12:36;18/07/2026 14:55;20/07/2026 12:36
CAIXA 130L;CAIXA 130L COM BERÇO;2 C a 8 C;560741;MG;A6090;00019200000013593226;Rodoviário;18/07/2026 14:55;20/07/2026 12:36;18/07/2026 14:55;20/07/2026 12:36
CAIXA 130L;CAIXA 130L COM BERÇO;2 C a 8 C;560741;MG;A5577;00019200000013593234;Rodoviário;18/07/2026 14:55;20/07/2026 12:36;18/07/2026 14:55;20/07/2026 12:36
CAIXA 130L;CAIXA 130L COM BERÇO;2 C a 8 C;560741;MG;A9099;00019200000013593242;Rodoviário;18/07/2026 14:55;20/07/2026 12:36;18/07/2026 14:55;20/07/2026 12:36
CAIXA 130L;CAIXA 130L COM BERÇO;2 C a 8 C;560741;MG;A6170;00019200000013593250;Rodoviário;18/07/2026 14:55;20/07/2026 12:36;18/07/2026 14:55;20/07/2026 12:36
CAIXA 130L;CAIXA 130L COM BERÇO;2 C a 8 C;560741;MG;A7470;00019200000013593269;Rodoviário;18/07/2026 14:55;20/07/2026 12:36;18/07/2026 14:55;20/07/2026 12:36
CAIXA 130L;CAIXA 130L COM BERÇO;2 C a 8 C;560741;MG;A4827;00019200000013593277;Rodoviário;18/07/2026 14:55;20/07/2026 12:36;18/07/2026 14:55;20/07/2026 12:36
CAIXA 130L;CAIXA 130L COM BERÇO;2 C a 8 C;560741;MG;A7288;00019200000013593285;Rodoviário;18/07/2026 14:55;20/07/2026 12:36;18/07/2026 14:55;20/07/2026 12:36
CAIXA 130L;CAIXA 130L COM BERÇO;2 C a 8 C;560741;MG;A8260;00019200000013593293;Rodoviário;18/07/2026 14:55;20/07/2026 12:36;18/07/2026 14:55;20/07/2026 12:36
CAIXA 130L;CAIXA 130L COM BERÇO;2 C a 8 C;560741;MG;A8669;00019200000013593307;Rodoviário;18/07/2026 14:55;20/07/2026 12:36;18/07/2026 14:55;20/07/2026 12:36
CAIXA 130L;CAIXA 130L COM BERÇO;2 C a 8 C;560741;MG;A6313;00019200000013593315;Rodoviário;18/07/2026 14:55;20/07/2026 12:36;18/07/2026 14:55;20/07/2026 12:36
CAIXA 130L;CAIXA 130L COM BERÇO;2 C a 8 C;560741;MG;A0003;00019200000013593323;Rodoviário;18/07/2026 14:55;20/07/2026 12:36;18/07/2026 14:55;20/07/2026 12:36
CAIXA 130L;CAIXA 130L COM BERÇO;2 C a 8 C;560741;MG;A2762;00019200000013593331;Rodoviário;18/07/2026 14:55;20/07/2026 12:36;18/07/2026 14:55;20/07/2026 12:36
CAIXA 130L;CAIXA 130L COM BERÇO;2 C a 8 C;560741;MG;A7527;00019200000013593340;Rodoviário;18/07/2026 14:55;20/07/2026 12:36;18/07/2026 14:55;20/07/2026 12:36
CAIXA 130L;CAIXA 130L COM BERÇO;2 C a 8 C;560741;MG;A3966;00019200000013593358;Rodoviário;18/07/2026 14:55;20/07/2026 12:36;18/07/2026 14:55;20/07/2026 12:36
CAIXA 130L;CAIXA 130L COM BERÇO;2 C a 8 C;560741;MG;A5190;00019200000013593366;Rodoviário;18/07/2026 14:55;20/07/2026 12:36;18/07/2026 14:55;20/07/2026 12:36
CAIXA 130L;CAIXA 130L COM BERÇO;2 C a 8 C;560741;MG;A7284;00019200000013593374;Rodoviário;18/07/2026 14:55;20/07/2026 12:36;18/07/2026 14:55;20/07/2026 12:36
CAIXA 130L;CAIXA 130L COM BERÇO;2 C a 8 C;560741;MG;A6267;00019200000013593382;Rodoviário;18/07/2026 14:55;20/07/2026 12:36;18/07/2026 14:55;20/07/2026 12:36
CAIXA 130L;CAIXA 130L COM BERÇO;2 C a 8 C;560741;MG;A0075;00019200000013593390;Rodoviário;18/07/2026 14:55;20/07/2026 12:36;18/07/2026 14:55;20/07/2026 12:36
CAIXA 130L;CAIXA 130L COM BERÇO;2 C a 8 C;560741;MG;A4846;00019200000013593404;Rodoviário;18/07/2026 14:55;20/07/2026 12:36;18/07/2026 14:55;20/07/2026 12:36
CAIXA 130L;CAIXA 130L COM BERÇO;2 C a 8 C;560741;MG;A4878;00019200000013593412;Rodoviário;18/07/2026 14:55;20/07/2026 12:36;18/07/2026 14:55;20/07/2026 12:36
CAIXA 130L;CAIXA 130L COM BERÇO;2 C a 8 C;560741;MG;A0287;00019200000013593420;Rodoviário;18/07/2026 14:55;20/07/2026 12:36;18/07/2026 14:55;20/07/2026 12:36
CAIXA 130L;CAIXA 130L COM BERÇO;2 C a 8 C;560741;MG;A3727;00019200000013593439;Rodoviário;18/07/2026 14:55;20/07/2026 12:36;18/07/2026 14:55;20/07/2026 12:36
CAIXA 130L;CAIXA 130L COM BERÇO;2 C a 8 C;560741;MG;A2716;00019200000013593455;Rodoviário;18/07/2026 14:55;20/07/2026 12:36;18/07/2026 14:55;20/07/2026 12:36
CAIXA 130L;CAIXA 130L COM BERÇO;2 C a 8 C;560743;MG;A0477;00019200000013592017;Rodoviário;18/07/2026 14:55;20/07/2026 12:34;18/07/2026 14:55;20/07/2026 12:34
CAIXA 130L;CAIXA 130L COM BERÇO;2 C a 8 C;560743;MG;A9254;00019200000013592025;Rodoviário;18/07/2026 14:55;20/07/2026 12:34;18/07/2026 14:55;20/07/2026 12:34
CAIXA 130L;CAIXA 130L COM BERÇO;2 C a 8 C;560743;MG;A6804;00019200000013592033;Rodoviário;18/07/2026 14:55;20/07/2026 12:34;18/07/2026 14:55;20/07/2026 12:34
CAIXA 130L;CAIXA 130L COM BERÇO;2 C a 8 C;560743;MG;TA1082;00019200000013592041;Rodoviário;18/07/2026 14:55;20/07/2026 12:34;18/07/2026 14:55;20/07/2026 12:34
CAIXA 130L;CAIXA 130L COM BERÇO;2 C a 8 C;560743;MG;A7976;00019200000013592050;Rodoviário;18/07/2026 14:55;20/07/2026 12:34;18/07/2026 14:55;20/07/2026 12:34
CAIXA 130L;CAIXA 130L COM BERÇO;2 C a 8 C;560743;MG;A8063;00019200000013592068;Rodoviário;18/07/2026 14:55;20/07/2026 12:34;18/07/2026 14:55;20/07/2026 12:34
CAIXA 130L;CAIXA 130L COM BERÇO;2 C a 8 C;560743;MG;A5219;00019200000013592076;Rodoviário;18/07/2026 14:55;20/07/2026 12:34;18/07/2026 14:55;20/07/2026 12:34
CAIXA 130L;CAIXA 130L COM BERÇO;2 C a 8 C;560743;MG;A0734;00019200000013592084;Rodoviário;18/07/2026 14:55;20/07/2026 12:34;18/07/2026 14:55;20/07/2026 12:34
CAIXA 130L;CAIXA 130L COM BERÇO;2 C a 8 C;560743;MG;A3112;00019200000013592092;Rodoviário;18/07/2026 14:55;20/07/2026 12:34;18/07/2026 14:55;20/07/2026 12:34
CAIXA 130L;CAIXA 130L COM BERÇO;2 C a 8 C;560743;MG;A5791;00019200000013592106;Rodoviário;18/07/2026 14:55;20/07/2026 12:34;18/07/2026 14:55;20/07/2026 12:34
CAIXA 130L;CAIXA 130L COM BERÇO;2 C a 8 C;560743;MG;A4909;00019200000013592114;Rodoviário;18/07/2026 14:55;20/07/2026 12:34;18/07/2026 14:55;20/07/2026 12:34
CAIXA 130L;CAIXA 130L COM BERÇO;2 C a 8 C;560743;MG;A2660;00019200000013592122;Rodoviário;18/07/2026 14:55;20/07/2026 12:34;18/07/2026 14:55;20/07/2026 12:34
CAIXA 130L;CAIXA 130L COM BERÇO;2 C a 8 C;560743;MG;A0033;00019200000013592130;Rodoviário;18/07/2026 14:55;20/07/2026 12:34;18/07/2026 14:55;20/07/2026 12:34
CAIXA 130L;CAIXA 130L COM BERÇO;2 C a 8 C;560743;MG;A5123;00019200000013592149;Rodoviário;18/07/2026 14:55;20/07/2026 12:34;18/07/2026 14:55;20/07/2026 12:34
CAIXA 130L;CAIXA 130L COM BERÇO;2 C a 8 C;560743;MG;TA0471;00019200000013592157;Rodoviário;18/07/2026 14:55;20/07/2026 12:34;18/07/2026 14:55;20/07/2026 12:34
CAIXA 130L;CAIXA 130L COM BERÇO;2 C a 8 C;560743;MG;A1646;00019200000013592165;Rodoviário;18/07/2026 14:55;20/07/2026 12:34;18/07/2026 14:55;20/07/2026 12:34
CAIXA 130L;CAIXA 130L COM BERÇO;2 C a 8 C;560743;MG;A7793;00019200000013592173;Rodoviário;18/07/2026 14:55;20/07/2026 12:34;18/07/2026 14:55;20/07/2026 12:34
CAIXA 130L;CAIXA 130L COM BERÇO;2 C a 8 C;560743;MG;A7603;00019200000013592181;Rodoviário;18/07/2026 14:55;20/07/2026 12:34;18/07/2026 14:55;20/07/2026 12:34
CAIXA 130L;CAIXA 130L COM BERÇO;2 C a 8 C;560743;MG;A3409;00019200000013592190;Rodoviário;18/07/2026 14:55;20/07/2026 12:34;18/07/2026 14:55;20/07/2026 12:34
CAIXA 130L;CAIXA 130L COM BERÇO;2 C a 8 C;560743;MG;A8336;00019200000013592203;Rodoviário;18/07/2026 14:55;20/07/2026 12:34;18/07/2026 14:55;20/07/2026 12:34
CAIXA 130L;CAIXA 130L COM BERÇO;2 C a 25 C;560743;MG;A9392;00019200000013592211;Rodoviário;18/07/2026 14:55;20/07/2026 12:34;18/07/2026 14:55;20/07/2026 12:34
CAIXA 130L;CAIXA 130L COM BERÇO;2 C a 25 C;560743;MG;A6027;00019200000013592220;Rodoviário;18/07/2026 14:55;20/07/2026 12:34;18/07/2026 14:55;20/07/2026 12:34
CAIXA 130L;CAIXA 130L COM BERÇO;2 C a 8 C;560743;MG;A0971;00019200000013592238;Rodoviário;18/07/2026 14:55;20/07/2026 12:34;18/07/2026 14:55;20/07/2026 12:34
CAIXA 130L;CAIXA 130L COM BERÇO;2 C a 8 C;560743;MG;A7382;00019200000013592246;Rodoviário;18/07/2026 14:55;20/07/2026 12:34;18/07/2026 14:55;20/07/2026 12:34
CAIXA 130L;CAIXA 130L COM BERÇO;2 C a 8 C;560743;MG;A8723;00019200000013592254;Rodoviário;18/07/2026 14:55;20/07/2026 12:34;18/07/2026 14:55;20/07/2026 12:34
CAIXA 130L;CAIXA 130L COM BERÇO;2 C a 8 C;560743;MG;A3121;00019200000013592262;Rodoviário;18/07/2026 14:55;20/07/2026 12:34;18/07/2026 14:55;20/07/2026 12:34
CAIXA 130L;CAIXA 130L COM BERÇO;2 C a 8 C;560743;MG;A7037;00019200000013592270;Rodoviário;18/07/2026 14:55;20/07/2026 12:34;18/07/2026 14:55;20/07/2026 12:34
CAIXA 130L;CAIXA 130L COM BERÇO;2 C a 8 C;560743;MG;A0663;00019200000013592289;Rodoviário;18/07/2026 14:55;20/07/2026 12:34;18/07/2026 14:55;20/07/2026 12:34
CAIXA 130L;CAIXA 130L COM BERÇO;2 C a 8 C;560743;MG;A8566;00019200000013592297;Rodoviário;18/07/2026 14:55;20/07/2026 12:34;18/07/2026 14:55;20/07/2026 12:34
CAIXA 130L;CAIXA 130L COM BERÇO;2 C a 25 C;560743;MG;TA1128;00019200000013592300;Rodoviário;18/07/2026 14:55;20/07/2026 12:34;18/07/2026 14:55;20/07/2026 12:34
CAIXA 130L;CAIXA 130L COM BERÇO;2 C a 8 C;560743;MG;A5884;00019200000013592319;Rodoviário;18/07/2026 14:55;20/07/2026 12:34;18/07/2026 14:55;20/07/2026 12:34
CAIXA 130L;CAIXA 130L COM BERÇO;2 C a 8 C;560743;MG;A6143;00019200000013592327;Rodoviário;18/07/2026 14:55;20/07/2026 12:34;18/07/2026 14:55;20/07/2026 12:34
CAIXA 130L;CAIXA 130L COM BERÇO;2 C a 8 C;560743;MG;A7736;00019200000013592335;Rodoviário;18/07/2026 14:55;20/07/2026 12:34;18/07/2026 14:55;20/07/2026 12:34
CAIXA 130L;CAIXA 130L COM BERÇO;2 C a 8 C;560743;MG;A9079;00019200000013592343;Rodoviário;18/07/2026 14:55;20/07/2026 12:34;18/07/2026 14:55;20/07/2026 12:34
CAIXA 130L;CAIXA 130L COM BERÇO;2 C a 8 C;560743;MG;A8448;00019200000013592351;Rodoviário;18/07/2026 14:55;20/07/2026 12:34;18/07/2026 14:55;20/07/2026 12:34
CAIXA 130L;CAIXA 130L COM BERÇO;2 C a 8 C;560743;MG;A9555;00019200000013592360;Rodoviário;18/07/2026 14:55;20/07/2026 12:34;18/07/2026 14:55;20/07/2026 12:34
CAIXA 130L;CAIXA 130L COM BERÇO;2 C a 8 C;560743;MG;A4611;00019200000013592378;Rodoviário;18/07/2026 14:55;20/07/2026 12:34;18/07/2026 14:55;20/07/2026 12:34
CAIXA 130L;CAIXA 130L COM BERÇO;2 C a 8 C;560743;MG;A0379;00019200000013592386;Rodoviário;18/07/2026 14:55;20/07/2026 12:34;18/07/2026 14:55;20/07/2026 12:34
CAIXA 130L;CAIXA 130L COM BERÇO;2 C a 8 C;560743;MG;A7638;00019200000013592394;Rodoviário;18/07/2026 14:55;20/07/2026 12:34;18/07/2026 14:55;20/07/2026 12:34
CAIXA 130L;CAIXA 130L COM BERÇO;2 C a 8 C;560743;MG;A6543;00019200000013592408;Rodoviário;18/07/2026 14:55;20/07/2026 12:34;18/07/2026 14:55;20/07/2026 12:34
CAIXA 130L;CAIXA 130L COM BERÇO;2 C a 8 C;560743;MG;A6706;00019200000013592416;Rodoviário;18/07/2026 14:55;20/07/2026 12:34;18/07/2026 14:55;20/07/2026 12:34
CAIXA 130L;CAIXA 130L COM BERÇO;2 C a 8 C;560743;MG;A6519;00019200000013592440;Rodoviário;18/07/2026 14:55;20/07/2026 12:34;18/07/2026 14:55;20/07/2026 12:34
CAIXA 130L;CAIXA 130L COM BERÇO;2 C a 8 C;560743;MG;TA0596;00019200000013592874;Rodoviário;18/07/2026 14:55;20/07/2026 12:34;18/07/2026 14:55;20/07/2026 12:34
CAIXA 130L;CAIXA 130L COM BERÇO;2 C a 8 C;560743;MG;A5496;00019200000013592882;Rodoviário;18/07/2026 14:55;20/07/2026 12:34;18/07/2026 14:55;20/07/2026 12:34
CAIXA 130L;CAIXA 130L COM BERÇO;2 C a 8 C;560743;MG;A5059;00019200000013596233;Rodoviário;18/07/2026 14:55;20/07/2026 12:34;18/07/2026 14:55;20/07/2026 12:34
CAIXA 130L;CAIXA 130L COM BERÇO;2 C a 8 C;560743;MG;A4232;00019200000013596241;Rodoviário;18/07/2026 14:55;20/07/2026 12:34;18/07/2026 14:55;20/07/2026 12:34
CAIXA 130L;CAIXA 130L COM BERÇO;2 C a 8 C;560743;MG;A8978;00019200000013596250;Rodoviário;18/07/2026 14:55;20/07/2026 12:34;18/07/2026 14:55;20/07/2026 12:34
CAIXA 130L;CAIXA 130L COM BERÇO;2 C a 8 C;560743;MG;A4394;00019200000013596268;Rodoviário;18/07/2026 14:55;20/07/2026 12:34;18/07/2026 14:55;20/07/2026 12:34
CAIXA 130L;CAIXA 130L COM BERÇO;2 C a 8 C;560743;MG;A8050;00019200000013596276;Rodoviário;18/07/2026 14:55;20/07/2026 12:34;18/07/2026 14:55;20/07/2026 12:34
CAIXA 130L;CAIXA 130L COM BERÇO;2 C a 8 C;560743;MG;A6948;00019200000013596284;Rodoviário;18/07/2026 14:55;20/07/2026 12:34;18/07/2026 14:55;20/07/2026 12:34
CAIXA 130L;CAIXA 130L COM BERÇO;2 C a 8 C;560743;MG;A6589;00019200000013596292;Rodoviário;18/07/2026 14:55;20/07/2026 12:34;18/07/2026 14:55;20/07/2026 12:34
CAIXA 130L;CAIXA 130L COM BERÇO;2 C a 8 C;560743;MG;TA0295;00019200000013596306;Rodoviário;18/07/2026 14:55;20/07/2026 12:34;18/07/2026 14:55;20/07/2026 12:34
CAIXA 130L;CAIXA 130L COM BERÇO;2 C a 8 C;560743;MG;TA1239;00019200000013596314;Rodoviário;18/07/2026 14:55;20/07/2026 12:34;18/07/2026 14:55;20/07/2026 12:34
CAIXA 130L;CAIXA 130L COM BERÇO;2 C a 8 C;560743;MG;A7336;00019200000013596322;Rodoviário;18/07/2026 14:55;20/07/2026 12:34;18/07/2026 14:55;20/07/2026 12:34
CAIXA 130L;CAIXA 130L COM BERÇO;2 C a 8 C;560743;MG;A0807;00019200000013596330;Rodoviário;18/07/2026 14:55;20/07/2026 12:34;18/07/2026 14:55;20/07/2026 12:34
CAIXA 130L;CAIXA 130L COM BERÇO;2 C a 8 C;560743;MG;A6655;00019200000013596349;Rodoviário;18/07/2026 14:55;20/07/2026 12:34;18/07/2026 14:55;20/07/2026 12:34
CAIXA 130L;CAIXA 130L COM BERÇO;2 C a 8 C;560743;MG;TA0964;00019200000013596357;Rodoviário;18/07/2026 14:55;20/07/2026 12:34;18/07/2026 14:55;20/07/2026 12:34
CAIXA 130L;CAIXA 130L COM BERÇO;2 C a 8 C;560743;MG;A8080;00019200000013596365;Rodoviário;18/07/2026 14:55;20/07/2026 12:34;18/07/2026 14:55;20/07/2026 12:34
CAIXA 130L;CAIXA 130L COM BERÇO;2 C a 8 C;560743;MG;A8140;00019200000013596373;Rodoviário;18/07/2026 14:55;20/07/2026 12:34;18/07/2026 14:55;20/07/2026 12:34
CAIXA 130L;CAIXA 130L COM BERÇO;2 C a 8 C;560743;MG;A8997;00019200000013596381;Rodoviário;18/07/2026 14:55;20/07/2026 12:34;18/07/2026 14:55;20/07/2026 12:34
CAIXA 130L;CAIXA 130L COM BERÇO;2 C a 8 C;560743;MG;A7648;00019200000013596390;Rodoviário;18/07/2026 14:55;20/07/2026 12:34;18/07/2026 14:55;20/07/2026 12:34
CAIXA 130L;CAIXA 130L COM BERÇO;2 C a 8 C;560743;MG;A6440;00019200000013596403;Rodoviário;18/07/2026 14:55;20/07/2026 12:34;18/07/2026 14:55;20/07/2026 12:34
CAIXA 130L;CAIXA 130L COM BERÇO;2 C a 8 C;560970;MG;A3938;00019200000013441930;MultiModal;14/07/2026 22:56;16/07/2026 14:35;14/07/2026 22:56;16/07/2026 14:35
CAIXA 130L;CAIXA 130L COM BERÇO;2 C a 8 C;557260;MS;A0930;00019200000013204971;MultiModal;02/07/2026 04:24;03/07/2026 15:40;02/07/2026 04:24;03/07/2026 15:40
CAIXA 130L;CAIXA 130L COM BERÇO;2 C a 8 C;557260;MS;TA0432;00019200000013204980;MultiModal;02/07/2026 04:24;03/07/2026 15:40;02/07/2026 04:24;03/07/2026 15:40
CAIXA 130L;CAIXA 130L COM BERÇO;2 C a 8 C;557260;MS;A0719;00019200000013204998;MultiModal;02/07/2026 04:24;03/07/2026 15:40;02/07/2026 04:24;03/07/2026 15:40
CAIXA 130L;CAIXA 130L COM BERÇO;2 C a 8 C;557260;MS;A0647;00019200000013205005;MultiModal;02/07/2026 04:24;03/07/2026 15:40;02/07/2026 04:24;03/07/2026 15:40
CAIXA 130L;CAIXA 130L COM BERÇO;2 C a 8 C;557260;MS;A8826;00019200000013207431;MultiModal;02/07/2026 04:24;03/07/2026 15:40;02/07/2026 04:24;03/07/2026 15:40
CAIXA 130L;CAIXA 130L COM BERÇO;2 C a 8 C;557260;MS;A6851;00019200000013207440;MultiModal;02/07/2026 04:24;03/07/2026 15:40;02/07/2026 04:24;03/07/2026 15:40
CAIXA 130L;CAIXA 130L COM BERÇO;2 C a 8 C;557260;MS;A3311;00019200000013207458;MultiModal;02/07/2026 04:24;03/07/2026 15:40;02/07/2026 04:24;03/07/2026 15:40
CAIXA 130L;CAIXA 130L COM BERÇO;2 C a 8 C;557260;MS;A1273;00019200000013207466;MultiModal;02/07/2026 04:24;03/07/2026 15:40;02/07/2026 04:24;03/07/2026 15:40
CAIXA 130L;CAIXA 130L COM BERÇO;2 C a 8 C;557260;MS;A2142;00019200000013207474;MultiModal;02/07/2026 04:24;03/07/2026 15:40;02/07/2026 04:24;03/07/2026 15:40
CAIXA 130L;CAIXA 130L COM BERÇO;2 C a 8 C;557260;MS;A6391;00019200000013207482;MultiModal;02/07/2026 04:24;03/07/2026 15:40;02/07/2026 04:24;03/07/2026 15:40
CAIXA 130L;CAIXA 130L COM BERÇO;2 C a 8 C;557260;MS;A2469;00019200000013207490;MultiModal;02/07/2026 04:24;03/07/2026 15:40;02/07/2026 04:24;03/07/2026 15:40
CAIXA 130L;CAIXA 130L COM BERÇO;2 C a 8 C;557260;MS;A6755;00019200000013207504;MultiModal;02/07/2026 04:24;03/07/2026 15:40;02/07/2026 04:24;03/07/2026 15:40
CAIXA 130L;CAIXA 130L COM BERÇO;2 C a 8 C;557260;MS;TA0833;00019200000013207512;MultiModal;02/07/2026 04:24;03/07/2026 15:40;02/07/2026 04:24;03/07/2026 15:40
CAIXA 130L;CAIXA 130L COM BERÇO;2 C a 8 C;557260;MS;A8060;00019200000013207520;MultiModal;02/07/2026 04:24;03/07/2026 15:40;02/07/2026 04:24;03/07/2026 15:40
CAIXA 130L;CAIXA 130L COM BERÇO;2 C a 8 C;557260;MS;A7694;00019200000013207539;MultiModal;02/07/2026 04:24;03/07/2026 15:40;02/07/2026 04:24;03/07/2026 15:40
CAIXA 130L;CAIXA 130L COM BERÇO;2 C a 8 C;557260;MS;A7814;00019200000013207547;MultiModal;02/07/2026 04:24;03/07/2026 15:40;02/07/2026 04:24;03/07/2026 15:40
CAIXA 130L;CAIXA 130L COM BERÇO;2 C a 8 C;557260;MS;TA0784;00019200000013207555;MultiModal;02/07/2026 04:24;03/07/2026 15:40;02/07/2026 04:24;03/07/2026 15:40
CAIXA 130L;CAIXA 130L COM BERÇO;2 C a 8 C;557260;MS;TA1217;00019200000013207563;MultiModal;02/07/2026 04:24;03/07/2026 15:40;02/07/2026 04:24;03/07/2026 15:40
CAIXA 130L;CAIXA 130L COM BERÇO;2 C a 8 C;557260;MS;A7894;00019200000013207571;MultiModal;02/07/2026 04:24;03/07/2026 15:40;02/07/2026 04:24;03/07/2026 15:40
CAIXA 130L;CAIXA 130L COM BERÇO;2 C a 8 C;557260;MS;A4284;00019200000013207580;MultiModal;02/07/2026 04:24;03/07/2026 15:40;02/07/2026 04:24;03/07/2026 15:40
CAIXA 130L;CAIXA 130L COM BERÇO;2 C a 8 C;557260;MS;A3924;00019200000013207598;MultiModal;02/07/2026 04:24;03/07/2026 15:40;02/07/2026 04:24;03/07/2026 15:40
CAIXA 130L;CAIXA 130L COM BERÇO;2 C a 8 C;557260;MS;A9292;00019200000013207601;MultiModal;02/07/2026 04:24;03/07/2026 15:40;02/07/2026 04:24;03/07/2026 15:40
CAIXA 130L;CAIXA 130L COM BERÇO;2 C a 8 C;557278;MS;A6521;00019200000012697362;MultiModal;07/07/2026 06:21;08/07/2026 15:40;07/07/2026 06:21;08/07/2026 15:40
CAIXA 130L;CAIXA 130L COM BERÇO;2 C a 8 C;557278;MS;A9171;00019200000012697370;MultiModal;07/07/2026 06:21;08/07/2026 15:40;07/07/2026 06:21;08/07/2026 15:40
CAIXA 130L;CAIXA 130L COM BERÇO;2 C a 8 C;557278;MS;A0315;00019200000012697389;MultiModal;07/07/2026 06:21;08/07/2026 15:40;07/07/2026 06:21;08/07/2026 15:40
CAIXA 130L;CAIXA 130L COM BERÇO;2 C a 8 C;557278;MS;A5668;00019200000012697397;MultiModal;07/07/2026 06:21;08/07/2026 15:40;07/07/2026 06:21;08/07/2026 15:40
CAIXA 130L;CAIXA 130L COM BERÇO;2 C a 8 C;557278;MS;A6773;00019200000012697400;MultiModal;07/07/2026 06:21;08/07/2026 15:40;07/07/2026 06:21;08/07/2026 15:40
CAIXA 130L;CAIXA 130L COM BERÇO;2 C a 8 C;558646;MS;A8875;00019200000013244884;MultiModal;01/07/2026 04:40;02/07/2026 09:00;01/07/2026 04:40;02/07/2026 09:00
CAIXA 130L;CAIXA 130L COM BERÇO;2 C a 8 C;558646;MS;A6063;00019200000013244892;MultiModal;01/07/2026 04:40;02/07/2026 09:00;01/07/2026 04:40;02/07/2026 09:00
CAIXA 130L;CAIXA 130L COM BERÇO;2 C a 8 C;558646;MS;A3001;00019200000013244906;MultiModal;01/07/2026 04:40;02/07/2026 09:00;01/07/2026 04:40;02/07/2026 09:00
CAIXA 130L;CAIXA 130L COM BERÇO;2 C a 8 C;558646;MS;TA0978;00019200000013244914;MultiModal;01/07/2026 04:40;02/07/2026 09:00;01/07/2026 04:40;02/07/2026 09:00
CAIXA 130L;CAIXA 130L COM BERÇO;2 C a 8 C;558646;MS;A8056;00019200000013244922;MultiModal;01/07/2026 04:40;02/07/2026 09:00;01/07/2026 04:40;02/07/2026 09:00
CAIXA 130L;CAIXA 130L COM BERÇO;2 C a 8 C;558646;MS;A4055;00019200000013244930;MultiModal;01/07/2026 04:40;02/07/2026 09:00;01/07/2026 04:40;02/07/2026 09:00
CAIXA 130L;CAIXA 130L COM BERÇO;2 C a 8 C;558646;MS;A9538;00019200000013244949;MultiModal;01/07/2026 04:40;02/07/2026 09:00;01/07/2026 04:40;02/07/2026 09:00
CAIXA 130L;CAIXA 130L COM BERÇO;2 C a 8 C;558837;MS;A9111;00019200000013423347;MultiModal;11/07/2026 13:56;14/07/2026 15:30;11/07/2026 13:56;14/07/2026 15:30
CAIXA 130L;CAIXA 130L COM BERÇO;2 C a 8 C;558837;MS;A8462;00019200000013423355;MultiModal;11/07/2026 13:56;14/07/2026 15:30;11/07/2026 13:56;14/07/2026 15:30
CAIXA 130L;CAIXA 130L COM BERÇO;2 C a 8 C;558837;MS;A3047;00019200000013423363;MultiModal;11/07/2026 13:56;14/07/2026 15:30;11/07/2026 13:56;14/07/2026 15:30
CAIXA 130L;CAIXA 130L COM BERÇO;2 C a 8 C;558837;MS;A7983;00019200000013423371;MultiModal;11/07/2026 13:56;14/07/2026 15:30;11/07/2026 13:56;14/07/2026 15:30
CAIXA 130L;CAIXA 130L COM BERÇO;2 C a 8 C;558837;MS;TA0425;00019200000013423380;MultiModal;11/07/2026 13:56;14/07/2026 15:30;11/07/2026 13:56;14/07/2026 15:30
CAIXA 130L;CAIXA 130L COM BERÇO;2 C a 8 C;558837;MS;A0942;00019200000013423398;MultiModal;11/07/2026 13:56;14/07/2026 15:30;11/07/2026 13:56;14/07/2026 15:30
CAIXA 130L;CAIXA 130L COM BERÇO;2 C a 8 C;558837;MS;A9083;00019200000013423401;MultiModal;11/07/2026 13:56;14/07/2026 15:30;11/07/2026 13:56;14/07/2026 15:30
CAIXA 130L;CAIXA 130L COM BERÇO;2 C a 8 C;558837;MS;A5943;00019200000013423410;MultiModal;11/07/2026 13:56;14/07/2026 15:30;11/07/2026 13:56;14/07/2026 15:30
CAIXA 130L;CAIXA 130L COM BERÇO;2 C a 8 C;558837;MS;A6565;00019200000013423428;MultiModal;11/07/2026 13:56;14/07/2026 15:30;11/07/2026 13:56;14/07/2026 15:30
CAIXA 130L;CAIXA 130L COM BERÇO;2 C a 8 C;559323;MS;TA0857;00019200000013406264;MultiModal;11/07/2026 12:12;13/07/2026 18:00;11/07/2026 13:29;14/07/2026 14:40
CAIXA 130L;CAIXA 130L COM BERÇO;2 C a 8 C;559323;MS;A8932;00019200000013406272;MultiModal;11/07/2026 12:12;13/07/2026 18:00;11/07/2026 13:30;13/07/2026 18:00
CAIXA 130L;CAIXA 130L COM BERÇO;2 C a 8 C;559323;MS;A7168;00019200000013406280;MultiModal;11/07/2026 12:12;13/07/2026 18:00;11/07/2026 13:29;14/07/2026 14:40
CAIXA 130L;CAIXA 130L COM BERÇO;2 C a 8 C;559323;MS;A6609;00019200000013406299;MultiModal;11/07/2026 12:12;13/07/2026 18:00;11/07/2026 13:30;13/07/2026 18:00
CAIXA 130L;CAIXA 130L COM BERÇO;2 C a 8 C;559323;MS;A8429;00019200000013406302;MultiModal;11/07/2026 12:12;13/07/2026 18:00;11/07/2026 13:29;14/07/2026 14:40
CAIXA 130L;CAIXA 130L COM BERÇO;2 C a 8 C;559323;MS;A7518;00019200000013406310;MultiModal;11/07/2026 12:12;13/07/2026 18:00;11/07/2026 13:29;14/07/2026 14:40
CAIXA 130L;CAIXA 130L COM BERÇO;2 C a 8 C;559323;MS;A5832;00019200000013406329;MultiModal;11/07/2026 12:12;13/07/2026 18:00;11/07/2026 13:29;14/07/2026 14:40
CAIXA 130L;CAIXA 130L COM BERÇO;2 C a 8 C;559323;MS;A1339;00019200000013406337;MultiModal;11/07/2026 12:12;13/07/2026 18:00;11/07/2026 13:30;13/07/2026 18:00
CAIXA 130L;CAIXA 130L COM BERÇO;2 C a 8 C;559323;MS;A6356;00019200000013406345;MultiModal;11/07/2026 12:12;13/07/2026 18:00;11/07/2026 13:30;13/07/2026 18:00
CAIXA 130L;CAIXA 130L COM BERÇO;2 C a 8 C;559323;MS;A8372;00019200000013406353;MultiModal;11/07/2026 12:12;13/07/2026 18:00;11/07/2026 13:30;13/07/2026 18:00
CAIXA 130L;CAIXA 130L COM BERÇO;2 C a 8 C;559323;MS;A6119;00019200000013406361;MultiModal;11/07/2026 12:12;13/07/2026 18:00;11/07/2026 13:30;13/07/2026 18:00
CAIXA 130L;CAIXA 130L COM BERÇO;2 C a 8 C;559323;MS;A9300;00019200000013406370;MultiModal;11/07/2026 12:12;13/07/2026 18:00;11/07/2026 13:29;14/07/2026 14:40
CAIXA 130L;CAIXA 130L COM BERÇO;2 C a 8 C;559323;MS;A8253;00019200000013406388;MultiModal;11/07/2026 12:12;13/07/2026 18:00;11/07/2026 13:29;14/07/2026 14:40
CAIXA 130L;CAIXA 130L COM BERÇO;2 C a 8 C;559323;MS;A5929;00019200000013406396;MultiModal;11/07/2026 12:12;13/07/2026 18:00;11/07/2026 13:29;14/07/2026 14:40
CAIXA 130L;CAIXA 130L COM BERÇO;2 C a 8 C;559323;MS;TA0764;00019200000013406400;MultiModal;11/07/2026 12:12;13/07/2026 18:00;11/07/2026 13:29;14/07/2026 14:40
CAIXA 130L;CAIXA 130L COM BERÇO;2 C a 8 C;559323;MS;A3525;00019200000013406418;MultiModal;11/07/2026 12:12;13/07/2026 18:00;11/07/2026 13:29;14/07/2026 14:40
CAIXA 130L;CAIXA 130L COM BERÇO;2 C a 8 C;559323;MS;A8829;00019200000013406426;MultiModal;11/07/2026 12:12;13/07/2026 18:00;11/07/2026 13:29;14/07/2026 14:40
CAIXA 130L;CAIXA 130L COM BERÇO;2 C a 8 C;559323;MS;A7206;00019200000013406434;MultiModal;11/07/2026 12:12;13/07/2026 18:00;11/07/2026 13:30;13/07/2026 18:00
CAIXA 130L;CAIXA 130L COM BERÇO;2 C a 8 C;559323;MS;TA0600;00019200000013406442;MultiModal;11/07/2026 12:12;13/07/2026 18:00;11/07/2026 13:30;13/07/2026 18:00
CAIXA 130L;CAIXA 130L COM BERÇO;2 C a 8 C;559323;MS;A4991;00019200000013407619;MultiModal;11/07/2026 12:12;13/07/2026 18:00;11/07/2026 13:30;13/07/2026 18:00
CAIXA 130L;CAIXA 130L COM BERÇO;2 C a 8 C;559323;MS;TA0574;00019200000013407651;MultiModal;11/07/2026 12:12;13/07/2026 18:00;11/07/2026 13:30;13/07/2026 18:00
CAIXA 130L;CAIXA 130L COM BERÇO;2 C a 8 C;559323;MS;A3643;00019200000013407660;MultiModal;11/07/2026 12:12;13/07/2026 18:00;11/07/2026 13:30;13/07/2026 18:00
CAIXA 130L;CAIXA 130L COM BERÇO;2 C a 8 C;559323;MS;TA0250;00019200000013407678;MultiModal;11/07/2026 12:12;13/07/2026 18:00;11/07/2026 13:30;13/07/2026 18:00
CAIXA 130L;CAIXA 130L COM BERÇO;2 C a 8 C;559323;MS;A7567;00019200000013407686;MultiModal;11/07/2026 12:12;13/07/2026 18:00;11/07/2026 13:30;13/07/2026 18:00
CAIXA 130L;CAIXA 130L COM BERÇO;2 C a 8 C;559323;MS;A6865;00019200000013407694;MultiModal;11/07/2026 12:12;13/07/2026 18:00;11/07/2026 13:30;13/07/2026 18:00
CAIXA 130L;CAIXA 130L COM BERÇO;2 C a 8 C;559323;MS;A7819;00019200000013407708;MultiModal;11/07/2026 12:12;13/07/2026 18:00;11/07/2026 13:30;13/07/2026 18:00
CAIXA 130L;CAIXA 130L COM BERÇO;2 C a 8 C;559323;MS;A7829;00019200000013407716;MultiModal;11/07/2026 12:12;13/07/2026 18:00;11/07/2026 13:30;13/07/2026 18:00
CAIXA 130L;CAIXA 130L COM BERÇO;2 C a 8 C;559323;MS;A3751;00019200000013407724;MultiModal;11/07/2026 12:12;13/07/2026 18:00;11/07/2026 13:30;13/07/2026 18:00
CAIXA 130L;CAIXA 130L COM BERÇO;2 C a 8 C;559323;MS;A7391;00019200000013407732;MultiModal;11/07/2026 12:12;13/07/2026 18:00;11/07/2026 13:30;13/07/2026 18:00
CAIXA 130L;CAIXA 130L COM BERÇO;2 C a 8 C;559323;MS;A7863;00019200000013407740;MultiModal;11/07/2026 12:12;13/07/2026 18:00;11/07/2026 13:30;13/07/2026 18:00
CAIXA 130L;CAIXA 130L COM BERÇO;2 C a 8 C;559323;MS;A6262;00019200000013407759;MultiModal;11/07/2026 12:12;13/07/2026 18:00;11/07/2026 13:29;14/07/2026 14:40
CAIXA 130L;CAIXA 130L COM BERÇO;2 C a 8 C;559323;MS;A6375;00019200000013407767;MultiModal;11/07/2026 12:12;13/07/2026 18:00;11/07/2026 13:30;13/07/2026 18:00
CAIXA 130L;CAIXA 130L COM BERÇO;2 C a 8 C;559323;MS;A1377;00019200000013407775;MultiModal;11/07/2026 12:12;13/07/2026 18:00;11/07/2026 13:29;14/07/2026 14:40
CAIXA 130L;CAIXA 130L COM BERÇO;2 C a 8 C;559323;MS;A8819;00019200000013407783;MultiModal;11/07/2026 12:12;13/07/2026 18:00;11/07/2026 13:29;14/07/2026 14:40
CAIXA 130L;CAIXA 130L COM BERÇO;2 C a 8 C;559323;MS;A6549;00019200000013407791;MultiModal;11/07/2026 12:12;13/07/2026 18:00;11/07/2026 13:29;14/07/2026 14:40
CAIXA 130L;CAIXA 130L COM BERÇO;2 C a 8 C;559323;MS;A9125;00019200000013407805;MultiModal;11/07/2026 12:12;13/07/2026 18:00;11/07/2026 13:30;13/07/2026 18:00
CAIXA 130L;CAIXA 130L COM BERÇO;2 C a 8 C;559323;MS;A3274;00019200000013407813;MultiModal;11/07/2026 12:12;13/07/2026 18:00;11/07/2026 13:30;13/07/2026 18:00
CAIXA 130L;CAIXA 130L COM BERÇO;2 C a 8 C;559323;MS;A8101;00019200000013407821;MultiModal;11/07/2026 12:12;13/07/2026 18:00;11/07/2026 13:30;13/07/2026 18:00
CAIXA 130L;CAIXA 130L COM BERÇO;2 C a 8 C;559323;MS;A6651;00019200000013407830;MultiModal;11/07/2026 12:12;13/07/2026 18:00;11/07/2026 13:30;13/07/2026 18:00
CAIXA 130L;CAIXA 130L COM BERÇO;2 C a 8 C;559323;MS;A7926;00019200000013417355;MultiModal;11/07/2026 12:12;13/07/2026 18:00;11/07/2026 13:30;13/07/2026 18:00
CAIXA 130L;CAIXA 130L COM BERÇO;2 C a 8 C;559939;MS;A1637;00019200000013419250;MultiModal;07/07/2026 04:54;08/07/2026 14:00;07/07/2026 04:54;08/07/2026 14:00
CAIXA 130L;CAIXA 130L COM BERÇO;2 C a 8 C;559939;MS;A4470;00019200000013419269;MultiModal;07/07/2026 04:54;08/07/2026 14:00;07/07/2026 04:54;08/07/2026 14:00
CAIXA 130L;CAIXA 130L COM BERÇO;2 C a 8 C;559939;MS;TA1180;00019200000013419277;MultiModal;07/07/2026 04:54;08/07/2026 14:00;07/07/2026 04:54;08/07/2026 14:00
CAIXA 130L;CAIXA 130L COM BERÇO;2 C a 8 C;559939;MS;A5655;00019200000013419285;MultiModal;07/07/2026 04:54;08/07/2026 14:00;07/07/2026 04:54;08/07/2026 14:00
CAIXA 130L;CAIXA 130L COM BERÇO;2 C a 8 C;559939;MS;A9261;00019200000013419293;MultiModal;07/07/2026 04:54;08/07/2026 14:00;07/07/2026 04:54;08/07/2026 14:00
CAIXA 130L;CAIXA 130L COM BERÇO;2 C a 8 C;559939;MS;A7435;00019200000013419307;MultiModal;07/07/2026 04:54;08/07/2026 14:00;07/07/2026 04:54;08/07/2026 14:00
CAIXA 130L;CAIXA 130L COM BERÇO;2 C a 8 C;559939;MS;A8405;00019200000013419315;MultiModal;07/07/2026 04:54;08/07/2026 14:00;07/07/2026 04:54;08/07/2026 14:00
CAIXA 130L;CAIXA 130L COM BERÇO;2 C a 8 C;559939;MS;A7240;00019200000013419323;MultiModal;07/07/2026 04:54;08/07/2026 14:00;07/07/2026 04:54;08/07/2026 14:00
CAIXA 130L;CAIXA 130L COM BERÇO;2 C a 8 C;559939;MS;A8565;00019200000013419331;MultiModal;07/07/2026 04:54;08/07/2026 14:00;07/07/2026 04:54;08/07/2026 14:00
CAIXA 130L;CAIXA 130L COM BERÇO;2 C a 8 C;556573;MT;A9705;00019200000013423541;MultiModal;06/07/2026 03:24;07/07/2026 15:00;06/07/2026 03:24;07/07/2026 15:00
CAIXA 130L;CAIXA 130L COM BERÇO;2 C a 8 C;556653;MT;A6767;00019200000013423649;MultiModal;06/07/2026 03:24;07/07/2026 15:20;06/07/2026 03:24;07/07/2026 15:20
CAIXA 130L;CAIXA 130L COM BERÇO;2 C a 25 C;556703;MT;A0979;00019200000013427490;MultiModal;02/07/2026 04:42;03/07/2026 15:45;02/07/2026 04:42;03/07/2026 15:45
CAIXA 130L;CAIXA 130L COM BERÇO;2 C a 25 C;556703;MT;A8599;00019200000013427504;MultiModal;02/07/2026 04:42;03/07/2026 15:45;02/07/2026 04:42;03/07/2026 15:45
CAIXA 130L;CAIXA 130L COM BERÇO;2 C a 25 C;556703;MT;A7529;00019200000013427512;MultiModal;02/07/2026 04:42;03/07/2026 15:45;02/07/2026 04:42;03/07/2026 15:45
CAIXA 130L;CAIXA 130L COM BERÇO;2 C a 8 C;557327;MT;A5156;00019200000012696480;MultiModal;07/07/2026 06:05;08/07/2026 15:00;08/07/2026 04:19;14/07/2026 09:53
CAIXA 130L;CAIXA 130L COM BERÇO;2 C a 8 C;557327;MT;A6328;00019200000012696498;MultiModal;07/07/2026 06:05;08/07/2026 15:00;08/07/2026 04:19;14/07/2026 09:53
CAIXA 130L;CAIXA 130L COM BERÇO;2 C a 8 C;557327;MT;A6104;00019200000012696501;MultiModal;07/07/2026 06:05;08/07/2026 15:00;08/07/2026 04:19;14/07/2026 09:53
CAIXA 130L;CAIXA 130L COM BERÇO;2 C a 8 C;557327;MT;A9114;00019200000012696510;MultiModal;07/07/2026 06:05;08/07/2026 15:00;07/07/2026 06:05;14/07/2026 09:35
CAIXA 130L;CAIXA 130L COM BERÇO;2 C a 8 C;557327;MT;A6859;00019200000012696528;MultiModal;07/07/2026 06:05;08/07/2026 15:00;08/07/2026 04:19;14/07/2026 09:53
CAIXA 130L;CAIXA 130L COM BERÇO;2 C a 8 C;557327;MT;TA0262;00019200000012696536;MultiModal;07/07/2026 06:05;08/07/2026 15:00;08/07/2026 04:19;14/07/2026 09:53
CAIXA 130L;CAIXA 130L COM BERÇO;2 C a 8 C;557327;MT;A4623;00019200000012696544;MultiModal;07/07/2026 06:05;08/07/2026 15:00;08/07/2026 04:19;14/07/2026 09:53
CAIXA 130L;CAIXA 130L COM BERÇO;2 C a 8 C;557327;MT;TA0135;00019200000012696552;MultiModal;07/07/2026 06:05;08/07/2026 15:00;08/07/2026 04:19;14/07/2026 09:53
CAIXA 130L;CAIXA 130L COM BERÇO;2 C a 8 C;557327;MT;A6725;00019200000012696560;MultiModal;07/07/2026 06:05;08/07/2026 15:00;08/07/2026 04:19;14/07/2026 09:53
CAIXA 130L;CAIXA 130L COM BERÇO;2 C a 8 C;557327;MT;A6802;00019200000012696579;MultiModal;07/07/2026 06:05;08/07/2026 15:00;08/07/2026 04:19;14/07/2026 09:53
CAIXA 130L;CAIXA 130L COM BERÇO;2 C a 8 C;557327;MT;A7163;00019200000012696595;MultiModal;07/07/2026 06:05;08/07/2026 15:00;08/07/2026 04:19;14/07/2026 09:53
CAIXA 130L;CAIXA 130L COM BERÇO;2 C a 8 C;557327;MT;A5508;00019200000012696609;MultiModal;07/07/2026 06:05;08/07/2026 15:00;08/07/2026 04:19;14/07/2026 09:53
CAIXA 130L;CAIXA 130L COM BERÇO;2 C a 8 C;557327;MT;A8803;00019200000012696617;MultiModal;07/07/2026 06:05;08/07/2026 15:00;07/07/2026 06:05;14/07/2026 09:35
CAIXA 130L;CAIXA 130L COM BERÇO;2 C a 8 C;557327;MT;A9039;00019200000012696625;MultiModal;07/07/2026 06:05;08/07/2026 15:00;07/07/2026 06:05;14/07/2026 09:35
CAIXA 130L;CAIXA 130L COM BERÇO;2 C a 8 C;557327;MT;A3382;00019200000012696633;MultiModal;07/07/2026 06:05;08/07/2026 15:00;08/07/2026 04:19;14/07/2026 09:53
CAIXA 130L;CAIXA 130L COM BERÇO;2 C a 8 C;557327;MT;TA0746;00019200000012696641;MultiModal;07/07/2026 06:05;08/07/2026 15:00;08/07/2026 04:19;14/07/2026 09:53
CAIXA 130L;CAIXA 130L COM BERÇO;2 C a 8 C;557327;MT;A5458;00019200000012696650;MultiModal;07/07/2026 06:05;08/07/2026 15:00;08/07/2026 04:19;14/07/2026 09:53
CAIXA 130L;CAIXA 130L COM BERÇO;2 C a 8 C;557327;MT;A9400;00019200000012696668;MultiModal;07/07/2026 06:05;08/07/2026 15:00;08/07/2026 04:19;14/07/2026 09:53
CAIXA 130L;CAIXA 130L COM BERÇO;2 C a 8 C;557327;MT;A5781;00019200000012696676;MultiModal;07/07/2026 06:05;08/07/2026 15:00;08/07/2026 04:19;14/07/2026 09:53
CAIXA 130L;CAIXA 130L COM BERÇO;2 C a 8 C;557327;MT;A1464;00019200000012696684;MultiModal;07/07/2026 06:05;08/07/2026 15:00;08/07/2026 04:19;14/07/2026 09:53
CAIXA 130L;CAIXA 130L COM BERÇO;2 C a 8 C;557327;MT;A6559;00019200000012696692;MultiModal;07/07/2026 06:05;08/07/2026 15:00;07/07/2026 06:05;14/07/2026 09:35
CAIXA 130L;CAIXA 130L COM BERÇO;2 C a 8 C;557327;MT;A6323;00019200000012696706;MultiModal;07/07/2026 06:05;08/07/2026 15:00;07/07/2026 06:05;14/07/2026 09:35
CAIXA 130L;CAIXA 130L COM BERÇO;2 C a 8 C;557327;MT;A7994;00019200000012696722;MultiModal;07/07/2026 06:05;08/07/2026 15:00;07/07/2026 06:05;14/07/2026 09:35
CAIXA 130L;CAIXA 130L COM BERÇO;2 C a 8 C;557327;MT;A2419;00019200000012696730;MultiModal;07/07/2026 06:05;08/07/2026 15:00;07/07/2026 06:05;14/07/2026 09:35
CAIXA 130L;CAIXA 130L COM BERÇO;2 C a 8 C;557327;MT;A7357;00019200000012697494;MultiModal;07/07/2026 06:05;08/07/2026 15:00;07/07/2026 06:05;14/07/2026 09:35
CAIXA 130L;CAIXA 130L COM BERÇO;2 C a 8 C;557327;MT;A9528;00019200000012697508;MultiModal;07/07/2026 06:05;08/07/2026 15:00;07/07/2026 06:05;14/07/2026 09:35
CAIXA 130L;CAIXA 130L COM BERÇO;2 C a 8 C;557327;MT;A9685;00019200000013210939;MultiModal;07/07/2026 06:05;08/07/2026 15:00;08/07/2026 04:19;14/07/2026 09:53
CAIXA 130L;CAIXA 130L COM BERÇO;2 C a 8 C;557327;MT;TA0742;00019200000013211099;MultiModal;07/07/2026 06:05;08/07/2026 15:00;07/07/2026 06:05;14/07/2026 09:35
CAIXA 130L;CAIXA 130L COM BERÇO;2 C a 8 C;557327;MT;A4815;00019200000013211137;MultiModal;07/07/2026 06:05;08/07/2026 15:00;07/07/2026 06:05;14/07/2026 09:35
CAIXA 130L;CAIXA 130L COM BERÇO;2 C a 8 C;557327;MT;A8222;00019200000013211145;MultiModal;07/07/2026 06:05;08/07/2026 15:00;07/07/2026 06:05;14/07/2026 09:35
CAIXA 130L;CAIXA 130L COM BERÇO;2 C a 8 C;557327;MT;A6721;00019200000013211170;MultiModal;07/07/2026 06:05;08/07/2026 15:00;07/07/2026 06:05;14/07/2026 09:35
CAIXA 130L;CAIXA 130L COM BERÇO;2 C a 8 C;557327;MT;A6881;00019200000013211188;MultiModal;07/07/2026 06:05;08/07/2026 15:00;07/07/2026 06:05;14/07/2026 09:35
CAIXA 130L;CAIXA 130L COM BERÇO;2 C a 8 C;557327;MT;A2225;00019200000013211196;MultiModal;07/07/2026 06:05;08/07/2026 15:00;07/07/2026 06:05;14/07/2026 09:35
CAIXA 130L;CAIXA 130L COM BERÇO;2 C a 8 C;557327;MT;A2566;00019200000013211200;MultiModal;07/07/2026 06:05;08/07/2026 15:00;07/07/2026 06:05;14/07/2026 09:35
CAIXA 130L;CAIXA 130L COM BERÇO;2 C a 8 C;557327;MT;A5893;00019200000013211218;MultiModal;07/07/2026 06:05;08/07/2026 15:00;07/07/2026 06:05;14/07/2026 09:35
CAIXA 130L;CAIXA 130L COM BERÇO;2 C a 8 C;557327;MT;A8942;00019200000013211226;MultiModal;07/07/2026 06:05;08/07/2026 15:00;07/07/2026 06:05;14/07/2026 09:35
CAIXA 130L;CAIXA 130L COM BERÇO;2 C a 8 C;557327;MT;A7217;00019200000013211234;MultiModal;07/07/2026 06:05;08/07/2026 15:00;07/07/2026 06:05;14/07/2026 09:35
CAIXA 130L;CAIXA 130L COM BERÇO;2 C a 8 C;557327;MT;TA0912;00019200000013211242;MultiModal;07/07/2026 06:05;08/07/2026 15:00;08/07/2026 04:19;14/07/2026 09:53
CAIXA 130L;CAIXA 130L COM BERÇO;2 C a 8 C;557327;MT;A8245;00019200000013211609;MultiModal;07/07/2026 06:05;08/07/2026 15:00;08/07/2026 04:19;14/07/2026 09:53
CAIXA 130L;CAIXA 130L COM BERÇO;2 C a 8 C;557327;MT;A8876;00019200000013211617;MultiModal;07/07/2026 06:05;08/07/2026 15:00;07/07/2026 06:05;14/07/2026 09:35
CAIXA 130L;CAIXA 130L COM BERÇO;2 C a 8 C;557327;MT;A1509;00019200000013211625;MultiModal;07/07/2026 06:05;08/07/2026 15:00;07/07/2026 06:05;14/07/2026 09:35
CAIXA 130L;CAIXA 130L COM BERÇO;2 C a 8 C;557327;MT;A6053;00019200000013211633;MultiModal;07/07/2026 06:05;08/07/2026 15:00;08/07/2026 04:19;14/07/2026 09:53
CAIXA 130L;CAIXA 130L COM BERÇO;2 C a 8 C;557327;MT;A6326;00019200000013226894;MultiModal;07/07/2026 06:05;08/07/2026 15:00;07/07/2026 06:05;14/07/2026 09:35
CAIXA 130L;CAIXA 130L COM BERÇO;2 C a 8 C;557763;MT;A8538;00019200000013211030;MultiModal;01/07/2026 04:57;02/07/2026 14:30;01/07/2026 04:57;02/07/2026 14:30
CAIXA 130L;CAIXA 130L COM BERÇO;2 C a 8 C;557763;MT;TA0765;00019200000013211048;MultiModal;01/07/2026 04:57;02/07/2026 14:30;01/07/2026 04:57;02/07/2026 14:30
CAIXA 130L;CAIXA 130L COM BERÇO;2 C a 8 C;557763;MT;A9517;00019200000013211056;MultiModal;01/07/2026 04:57;02/07/2026 14:30;01/07/2026 04:57;02/07/2026 14:30
CAIXA 130L;CAIXA 130L COM BERÇO;2 C a 8 C;557763;MT;A8907;00019200000013211064;MultiModal;01/07/2026 04:57;02/07/2026 14:30;01/07/2026 04:57;02/07/2026 14:30
CAIXA 130L;CAIXA 130L COM BERÇO;2 C a 8 C;557763;MT;A8148;00019200000013211072;MultiModal;01/07/2026 04:57;02/07/2026 14:30;01/07/2026 04:57;02/07/2026 14:30
CAIXA 130L;CAIXA 130L COM BERÇO;2 C a 8 C;557763;MT;A7232;00019200000013211080;MultiModal;01/07/2026 04:57;02/07/2026 14:30;01/07/2026 04:57;02/07/2026 14:30
CAIXA 130L;CAIXA 130L COM BERÇO;2 C a 8 C;559088;MT;A4257;00019200000013423487;MultiModal;06/07/2026 04:05;07/07/2026 16:00;06/07/2026 04:05;07/07/2026 16:00
CAIXA 130L;CAIXA 130L COM BERÇO;2 C a 8 C;559088;MT;TA0271;00019200000013423495;MultiModal;06/07/2026 04:05;07/07/2026 16:00;06/07/2026 04:05;07/07/2026 16:00
CAIXA 130L;CAIXA 130L COM BERÇO;2 C a 8 C;559088;MT;A6636;00019200000013423509;MultiModal;06/07/2026 04:05;07/07/2026 16:00;06/07/2026 04:05;07/07/2026 16:00
CAIXA 130L;CAIXA 130L COM BERÇO;2 C a 8 C;559088;MT;A1677;00019200000013423517;MultiModal;06/07/2026 04:05;07/07/2026 16:00;06/07/2026 04:05;07/07/2026 16:00
CAIXA 130L;CAIXA 130L COM BERÇO;2 C a 8 C;559088;MT;A5731;00019200000013423525;MultiModal;06/07/2026 04:05;07/07/2026 16:00;06/07/2026 04:05;07/07/2026 16:00
CAIXA 130L;CAIXA 130L COM BERÇO;2 C a 8 C;559088;MT;A7290;00019200000013423533;MultiModal;06/07/2026 04:05;07/07/2026 16:00;06/07/2026 04:05;07/07/2026 16:00
CAIXA 130L;CAIXA 130L COM BERÇO;2 C a 8 C;560669;MT;A9039;00019200000013476726;MultiModal;21/07/2026 03:26;22/07/2026 10:00;22/07/2026 03:38;23/07/2026 10:00
CAIXA 130L;CAIXA 130L COM BERÇO;2 C a 8 C;560683;MT;TA0897;00019200000013466623;MultiModal;21/07/2026 04:07;22/07/2026 10:30;21/07/2026 04:07;22/07/2026 10:30
CAIXA 130L;CAIXA 130L COM BERÇO;2 C a 8 C;560683;MT;A7739;00019200000013466631;MultiModal;21/07/2026 04:07;22/07/2026 10:30;21/07/2026 04:07;22/07/2026 10:30
CAIXA 130L;CAIXA 130L COM BERÇO;2 C a 8 C;560683;MT;TA0986;00019200000013466640;MultiModal;21/07/2026 04:07;22/07/2026 10:30;21/07/2026 04:07;22/07/2026 10:30
CAIXA 130L;CAIXA 130L COM BERÇO;2 C a 8 C;560683;MT;A6590;00019200000013466658;MultiModal;21/07/2026 04:07;22/07/2026 10:30;21/07/2026 04:07;22/07/2026 10:30
CAIXA 130L;CAIXA 130L COM BERÇO;2 C a 8 C;560683;MT;A8623;00019200000013466666;MultiModal;21/07/2026 04:07;22/07/2026 10:30;21/07/2026 04:07;22/07/2026 10:30
CAIXA 130L;CAIXA 130L COM BERÇO;2 C a 8 C;560683;MT;A6663;00019200000013466674;MultiModal;21/07/2026 04:07;22/07/2026 10:30;21/07/2026 04:07;22/07/2026 10:30
CAIXA 130L;CAIXA 130L COM BERÇO;2 C a 8 C;560683;MT;A7944;00019200000013466682;MultiModal;21/07/2026 04:07;22/07/2026 10:30;21/07/2026 04:07;22/07/2026 10:30
CAIXA 130L;CAIXA 130L COM BERÇO;2 C a 8 C;560683;MT;A2706;00019200000013466739;MultiModal;21/07/2026 04:07;22/07/2026 10:30;21/07/2026 04:07;22/07/2026 10:30
CAIXA 130L;CAIXA 130L COM BERÇO;2 C a 8 C;560683;MT;TA0374;00019200000013466747;MultiModal;21/07/2026 04:07;22/07/2026 10:30;21/07/2026 04:07;22/07/2026 10:30
CAIXA 130L;CAIXA 130L COM BERÇO;2 C a 8 C;560683;MT;A6062;00019200000013466755;MultiModal;21/07/2026 04:07;22/07/2026 10:30;21/07/2026 04:07;22/07/2026 10:30
CAIXA 130L;CAIXA 130L COM BERÇO;2 C a 8 C;560683;MT;A7110;00019200000013466763;MultiModal;21/07/2026 04:07;22/07/2026 10:30;21/07/2026 04:07;22/07/2026 10:30
CAIXA 130L;CAIXA 130L COM BERÇO;2 C a 8 C;560683;MT;A5212;00019200000013466771;MultiModal;21/07/2026 04:07;22/07/2026 10:30;21/07/2026 04:07;22/07/2026 10:30
CAIXA 130L;CAIXA 130L COM BERÇO;2 C a 8 C;560683;MT;A9014;00019200000013466801;MultiModal;21/07/2026 04:07;22/07/2026 10:30;21/07/2026 04:07;22/07/2026 10:30
CAIXA 130L;CAIXA 130L COM BERÇO;2 C a 8 C;561146;MT;A5169;00019200000013454374;MultiModal;15/07/2026 22:32;17/07/2026 10:00;15/07/2026 22:32;17/07/2026 10:00
CAIXA 130L;CAIXA 130L COM BERÇO;2 C a 8 C;561579;MT;TA0739;00019200000013475533;MultiModal;20/07/2026 04:20;21/07/2026 15:00;20/07/2026 04:20;21/07/2026 15:00
CAIXA 130L;CAIXA 130L COM BERÇO;2 C a 8 C;557974;PA;A6900;00019200000013248685;MultiModal;01/07/2026 00:59;02/07/2026 18:00;01/07/2026 00:59;07/07/2026 17:00
CAIXA 130L;CAIXA 130L COM BERÇO;2 C a 8 C;557974;PA;A6473;00019200000013252240;MultiModal;01/07/2026 00:59;02/07/2026 18:00;01/07/2026 00:59;07/07/2026 17:00
CAIXA 130L;CAIXA 130L COM BERÇO;2 C a 8 C;557974;PA;A5836;00019200000013252259;MultiModal;01/07/2026 00:59;02/07/2026 18:00;01/07/2026 00:59;07/07/2026 17:00
CAIXA 130L;CAIXA 130L COM BERÇO;2 C a 8 C;557974;PA;A5569;00019200000013252267;MultiModal;01/07/2026 00:59;02/07/2026 18:00;01/07/2026 00:59;07/07/2026 17:00
CAIXA 130L;CAIXA 130L COM BERÇO;2 C a 8 C;557974;PA;A6972;00019200000013252275;MultiModal;01/07/2026 00:59;02/07/2026 18:00;01/07/2026 00:59;07/07/2026 17:00
CAIXA 130L;CAIXA 130L COM BERÇO;2 C a 8 C;557974;PA;A0800;00019200000013252283;MultiModal;01/07/2026 00:59;02/07/2026 18:00;01/07/2026 00:59;07/07/2026 17:00
CAIXA 130L;CAIXA 130L COM BERÇO;2 C a 8 C;557974;PA;A0668;00019200000013252291;MultiModal;01/07/2026 00:59;02/07/2026 18:00;01/07/2026 00:59;07/07/2026 17:00
CAIXA 130L;CAIXA 130L COM BERÇO;2 C a 8 C;557974;PA;A7402;00019200000013252305;MultiModal;01/07/2026 00:59;02/07/2026 18:00;01/07/2026 00:59;07/07/2026 17:00
CAIXA 130L;CAIXA 130L COM BERÇO;2 C a 8 C;557974;PA;A4993;00019200000013252313;MultiModal;01/07/2026 00:59;02/07/2026 18:00;01/07/2026 00:59;07/07/2026 17:00
CAIXA 130L;CAIXA 130L COM BERÇO;2 C a 8 C;557974;PA;A6617;00019200000013252321;MultiModal;01/07/2026 00:59;02/07/2026 18:00;01/07/2026 00:59;07/07/2026 17:00
CAIXA 130L;CAIXA 130L COM BERÇO;2 C a 8 C;557974;PA;A7997;00019200000013252330;MultiModal;01/07/2026 00:59;02/07/2026 18:00;01/07/2026 00:59;07/07/2026 17:00
CAIXA 130L;CAIXA 130L COM BERÇO;2 C a 8 C;557974;PA;A0967;00019200000013252348;MultiModal;01/07/2026 00:59;02/07/2026 18:00;01/07/2026 00:59;07/07/2026 17:00
CAIXA 130L;CAIXA 130L COM BERÇO;2 C a 8 C;557974;PA;A0255;00019200000013252356;MultiModal;01/07/2026 00:59;02/07/2026 18:00;01/07/2026 00:59;07/07/2026 17:00
CAIXA 130L;CAIXA 130L COM BERÇO;2 C a 8 C;557974;PA;A2876;00019200000013252364;MultiModal;01/07/2026 00:59;02/07/2026 18:00;01/07/2026 00:59;07/07/2026 17:00
CAIXA 130L;CAIXA 130L COM BERÇO;2 C a 8 C;557974;PA;TA0575;00019200000013252372;MultiModal;01/07/2026 00:59;02/07/2026 18:00;01/07/2026 00:59;07/07/2026 17:00
CAIXA 130L;CAIXA 130L COM BERÇO;2 C a 8 C;557974;PA;A3830;00019200000013252380;MultiModal;01/07/2026 00:59;02/07/2026 18:00;01/07/2026 00:59;07/07/2026 17:00
CAIXA 130L;CAIXA 130L COM BERÇO;2 C a 8 C;557974;PA;A3844;00019200000013252399;MultiModal;01/07/2026 00:59;02/07/2026 18:00;01/07/2026 00:59;07/07/2026 17:00
CAIXA 130L;CAIXA 130L COM BERÇO;2 C a 8 C;557974;PA;A8580;00019200000013252402;MultiModal;01/07/2026 00:59;02/07/2026 18:00;01/07/2026 00:59;07/07/2026 17:00
CAIXA 130L;CAIXA 130L COM BERÇO;2 C a 8 C;557974;PA;A4417;00019200000013252410;MultiModal;01/07/2026 00:59;02/07/2026 18:00;01/07/2026 00:59;07/07/2026 17:00
CAIXA 130L;CAIXA 130L COM BERÇO;2 C a 8 C;557974;PA;A0204;00019200000013252429;MultiModal;01/07/2026 00:59;02/07/2026 18:00;01/07/2026 00:59;07/07/2026 17:00
CAIXA 130L;CAIXA 130L COM BERÇO;2 C a 8 C;557974;PA;A8026;00019200000013252437;MultiModal;01/07/2026 00:59;02/07/2026 18:00;01/07/2026 00:59;07/07/2026 17:00
CAIXA 130L;CAIXA 130L COM BERÇO;2 C a 8 C;557974;PA;A2739;00019200000013252445;MultiModal;01/07/2026 00:59;02/07/2026 18:00;01/07/2026 00:59;07/07/2026 17:00
CAIXA 130L;CAIXA 130L COM BERÇO;2 C a 8 C;557974;PA;TA0364;00019200000013252453;MultiModal;01/07/2026 00:59;02/07/2026 18:00;01/07/2026 00:59;07/07/2026 17:00
CAIXA 130L;CAIXA 130L COM BERÇO;2 C a 8 C;557974;PA;A1574;00019200000013252461;MultiModal;01/07/2026 00:59;02/07/2026 18:00;01/07/2026 00:59;07/07/2026 17:00
CAIXA 130L;CAIXA 130L COM BERÇO;2 C a 8 C;557979;PA;A4169;00019200000013317601;MultiModal;05/07/2026 23:44;07/07/2026 14:21;05/07/2026 23:44;07/07/2026 14:21
CAIXA 130L;CAIXA 130L COM BERÇO;2 C a 8 C;557979;PA;A8287;00019200000013317610;MultiModal;05/07/2026 23:44;07/07/2026 14:21;05/07/2026 23:44;07/07/2026 14:21
CAIXA 130L;CAIXA 130L COM BERÇO;2 C a 8 C;557979;PA;A2361;00019200000013317628;MultiModal;05/07/2026 23:44;07/07/2026 14:21;05/07/2026 23:44;07/07/2026 14:21
CAIXA 130L;CAIXA 130L COM BERÇO;2 C a 8 C;557979;PA;TA0920;00019200000013317636;MultiModal;05/07/2026 23:44;07/07/2026 14:21;05/07/2026 23:44;07/07/2026 14:21
CAIXA 130L;CAIXA 130L COM BERÇO;2 C a 8 C;557979;PA;TA1114;00019200000013317644;MultiModal;05/07/2026 23:44;07/07/2026 14:21;05/07/2026 23:44;07/07/2026 14:21
CAIXA 130L;CAIXA 130L COM BERÇO;2 C a 8 C;557979;PA;A9190;00019200000013317652;MultiModal;05/07/2026 23:44;07/07/2026 14:21;05/07/2026 23:44;07/07/2026 14:21
CAIXA 130L;CAIXA 130L COM BERÇO;2 C a 8 C;557979;PA;A9360;00019200000013317660;MultiModal;05/07/2026 23:44;07/07/2026 14:21;05/07/2026 23:44;07/07/2026 14:21
CAIXA 130L;CAIXA 130L COM BERÇO;2 C a 8 C;557979;PA;A7138;00019200000013317679;MultiModal;05/07/2026 23:44;07/07/2026 14:21;05/07/2026 23:44;07/07/2026 14:21
CAIXA 130L;CAIXA 130L COM BERÇO;2 C a 8 C;557979;PA;A7993;00019200000013317687;MultiModal;05/07/2026 23:44;07/07/2026 14:21;05/07/2026 23:44;07/07/2026 14:21
CAIXA 130L;CAIXA 130L COM BERÇO;2 C a 8 C;557979;PA;A4772;00019200000013317695;MultiModal;05/07/2026 23:44;07/07/2026 14:21;05/07/2026 23:44;07/07/2026 14:21
CAIXA 130L;CAIXA 130L COM BERÇO;2 C a 8 C;557979;PA;A5072;00019200000013317709;MultiModal;05/07/2026 23:44;07/07/2026 14:21;05/07/2026 23:44;07/07/2026 14:21
CAIXA 130L;CAIXA 130L COM BERÇO;2 C a 8 C;557979;PA;A9441;00019200000013317717;MultiModal;05/07/2026 23:44;07/07/2026 14:21;05/07/2026 23:44;07/07/2026 14:21
CAIXA 130L;CAIXA 130L COM BERÇO;2 C a 8 C;557979;PA;A4178;00019200000013317725;MultiModal;05/07/2026 23:44;07/07/2026 14:21;05/07/2026 23:44;07/07/2026 14:21
CAIXA 130L;CAIXA 130L COM BERÇO;2 C a 8 C;557979;PA;A7474;00019200000013317733;MultiModal;05/07/2026 23:44;07/07/2026 14:21;05/07/2026 23:44;07/07/2026 14:21
CAIXA 130L;CAIXA 130L COM BERÇO;2 C a 8 C;557979;PA;A8354;00019200000013317741;MultiModal;05/07/2026 23:44;07/07/2026 14:21;05/07/2026 23:44;07/07/2026 14:21
CAIXA 130L;CAIXA 130L COM BERÇO;2 C a 8 C;557979;PA;A5988;00019200000013317750;MultiModal;05/07/2026 23:44;07/07/2026 14:21;05/07/2026 23:44;07/07/2026 14:21
CAIXA 130L;CAIXA 130L COM BERÇO;2 C a 8 C;557979;PA;A9585;00019200000013317768;MultiModal;05/07/2026 23:44;07/07/2026 14:21;05/07/2026 23:44;07/07/2026 14:21
CAIXA 130L;CAIXA 130L COM BERÇO;2 C a 8 C;557979;PA;A7519;00019200000013317776;MultiModal;05/07/2026 23:44;07/07/2026 14:21;05/07/2026 23:44;07/07/2026 14:21
CAIXA 130L;CAIXA 130L COM BERÇO;2 C a 8 C;557979;PA;A6918;00019200000013317962;MultiModal;05/07/2026 23:44;07/07/2026 14:21;05/07/2026 23:44;07/07/2026 14:21
CAIXA 130L;CAIXA 130L COM BERÇO;2 C a 8 C;557979;PA;A1807;00019200000013320327;MultiModal;05/07/2026 23:44;07/07/2026 14:21;05/07/2026 23:44;07/07/2026 14:21
CAIXA 130L;CAIXA 130L COM BERÇO;2 C a 8 C;557984;PA;A1290;00019200000013197371;MultiModal;02/07/2026 00:20;03/07/2026 17:08;02/07/2026 00:20;03/07/2026 17:08
CAIXA 130L;CAIXA 130L COM BERÇO;2 C a 8 C;557984;PA;A5906;00019200000013197380;MultiModal;02/07/2026 00:20;03/07/2026 17:08;02/07/2026 00:20;03/07/2026 17:08
CAIXA 130L;CAIXA 130L COM BERÇO;2 C a 8 C;557984;PA;A8054;00019200000013197398;MultiModal;02/07/2026 00:20;03/07/2026 17:08;02/07/2026 00:20;03/07/2026 17:08
CAIXA 130L;CAIXA 130L COM BERÇO;2 C a 8 C;557984;PA;A4245;00019200000013197401;MultiModal;02/07/2026 00:20;03/07/2026 17:08;02/07/2026 00:20;03/07/2026 17:08
CAIXA 130L;CAIXA 130L COM BERÇO;2 C a 8 C;557984;PA;A4929;00019200000013197410;MultiModal;02/07/2026 00:20;03/07/2026 17:08;02/07/2026 00:20;03/07/2026 17:08
CAIXA 130L;CAIXA 130L COM BERÇO;2 C a 8 C;557984;PA;A0974;00019200000013197428;MultiModal;02/07/2026 00:20;03/07/2026 17:08;02/07/2026 00:20;03/07/2026 17:08
CAIXA 130L;CAIXA 130L COM BERÇO;2 C a 8 C;557984;PA;A4519;00019200000013197436;MultiModal;02/07/2026 00:20;03/07/2026 17:08;02/07/2026 00:20;03/07/2026 17:08
CAIXA 130L;CAIXA 130L COM BERÇO;2 C a 8 C;557984;PA;A0586;00019200000013197444;MultiModal;02/07/2026 00:20;03/07/2026 17:08;02/07/2026 00:20;03/07/2026 17:08
CAIXA 130L;CAIXA 130L COM BERÇO;2 C a 8 C;557984;PA;A6883;00019200000013197452;MultiModal;02/07/2026 00:20;03/07/2026 17:08;02/07/2026 00:20;03/07/2026 17:08
CAIXA 130L;CAIXA 130L COM BERÇO;2 C a 8 C;557984;PA;A2926;00019200000013197460;MultiModal;02/07/2026 00:20;03/07/2026 17:08;02/07/2026 00:20;03/07/2026 17:08
CAIXA 130L;CAIXA 130L COM BERÇO;2 C a 8 C;557984;PA;A1751;00019200000013197495;MultiModal;02/07/2026 00:20;03/07/2026 17:08;02/07/2026 00:20;03/07/2026 17:08
CAIXA 130L;CAIXA 130L COM BERÇO;2 C a 8 C;557984;PA;A2150;00019200000013197568;MultiModal;02/07/2026 00:20;03/07/2026 17:08;02/07/2026 00:20;03/07/2026 17:08
CAIXA 130L;CAIXA 130L COM BERÇO;2 C a 8 C;557984;PA;A7701;00019200000013200364;MultiModal;02/07/2026 00:20;03/07/2026 17:08;02/07/2026 00:20;03/07/2026 17:08
CAIXA 130L;CAIXA 130L COM BERÇO;2 C a 8 C;557984;PA;A6479;00019200000013200372;MultiModal;02/07/2026 00:20;03/07/2026 17:08;02/07/2026 00:20;03/07/2026 17:08
CAIXA 130L;CAIXA 130L COM BERÇO;2 C a 8 C;557984;PA;A2731;00019200000013200380;MultiModal;02/07/2026 00:20;03/07/2026 17:08;02/07/2026 00:20;03/07/2026 17:08
CAIXA 130L;CAIXA 130L COM BERÇO;2 C a 8 C;557984;PA;A5325;00019200000013200399;MultiModal;02/07/2026 00:20;03/07/2026 17:08;02/07/2026 00:20;03/07/2026 17:08
CAIXA 130L;CAIXA 130L COM BERÇO;2 C a 8 C;557984;PA;A9003;00019200000013200402;MultiModal;02/07/2026 00:20;03/07/2026 17:08;02/07/2026 00:20;03/07/2026 17:08
CAIXA 130L;CAIXA 130L COM BERÇO;2 C a 8 C;557984;PA;TA0402;00019200000013200410;MultiModal;02/07/2026 00:20;03/07/2026 17:08;02/07/2026 00:20;03/07/2026 17:08
CAIXA 130L;CAIXA 130L COM BERÇO;2 C a 8 C;557984;PA;A6671;00019200000013200429;MultiModal;02/07/2026 00:20;03/07/2026 17:08;02/07/2026 00:20;03/07/2026 17:08
CAIXA 130L;CAIXA 130L COM BERÇO;2 C a 8 C;557984;PA;A3214;00019200000013200437;MultiModal;02/07/2026 00:20;03/07/2026 17:08;02/07/2026 00:20;03/07/2026 17:08
CAIXA 130L;CAIXA 130L COM BERÇO;2 C a 8 C;557984;PA;A5849;00019200000013200445;MultiModal;02/07/2026 00:20;03/07/2026 17:08;02/07/2026 00:20;03/07/2026 17:08
CAIXA 130L;CAIXA 130L COM BERÇO;2 C a 8 C;557984;PA;A1645;00019200000013200453;MultiModal;02/07/2026 00:20;03/07/2026 17:08;02/07/2026 00:20;03/07/2026 17:08
CAIXA 130L;CAIXA 130L COM BERÇO;2 C a 8 C;557984;PA;A7897;00019200000013200461;MultiModal;02/07/2026 00:20;03/07/2026 17:08;02/07/2026 00:20;03/07/2026 17:08
CAIXA 130L;CAIXA 130L COM BERÇO;2 C a 8 C;557984;PA;A7650;00019200000013200470;MultiModal;02/07/2026 00:20;03/07/2026 17:08;02/07/2026 00:20;03/07/2026 17:08
CAIXA 130L;CAIXA 130L COM BERÇO;2 C a 8 C;558667;PA;A9647;00019200000013244795;MultiModal;01/07/2026 01:13;02/07/2026 18:00;01/07/2026 01:13;02/07/2026 18:00
CAIXA 130L;CAIXA 130L COM BERÇO;2 C a 8 C;558667;PA;A7677;00019200000013244809;MultiModal;01/07/2026 01:13;02/07/2026 18:00;01/07/2026 01:13;02/07/2026 18:00
CAIXA 130L;CAIXA 130L COM BERÇO;2 C a 8 C;558667;PA;A5128;00019200000013244817;MultiModal;01/07/2026 01:13;02/07/2026 18:00;01/07/2026 01:13;02/07/2026 18:00
CAIXA 130L;CAIXA 130L COM BERÇO;2 C a 8 C;558667;PA;A8494;00019200000013244825;MultiModal;01/07/2026 01:13;02/07/2026 18:00;01/07/2026 01:13;02/07/2026 18:00
CAIXA 130L;CAIXA 130L COM BERÇO;2 C a 8 C;558667;PA;TA0917;00019200000013244833;MultiModal;01/07/2026 01:13;02/07/2026 18:00;01/07/2026 01:13;02/07/2026 18:00
CAIXA 130L;CAIXA 130L COM BERÇO;2 C a 8 C;558955;PA;A8890;00019200000013421220;MultiModal;08/07/2026 00:49;10/07/2026 14:15;08/07/2026 00:49;10/07/2026 14:15
CAIXA 130L;CAIXA 130L COM BERÇO;2 C a 8 C;558955;PA;A5052;00019200000013421239;MultiModal;08/07/2026 00:49;10/07/2026 14:15;08/07/2026 00:49;10/07/2026 14:15
CAIXA 130L;CAIXA 130L COM BERÇO;2 C a 8 C;560349;PA;A6781;00019200000013438255;MultiModal;15/07/2026 22:20;17/07/2026 15:35;15/07/2026 22:20;17/07/2026 15:35
CAIXA 130L;CAIXA 130L COM BERÇO;2 C a 8 C;560349;PA;A4384;00019200000013438263;MultiModal;15/07/2026 22:20;17/07/2026 15:35;15/07/2026 22:20;17/07/2026 15:35
CAIXA 130L;CAIXA 130L COM BERÇO;2 C a 8 C;560349;PA;A8888;00019200000013438271;MultiModal;15/07/2026 22:20;17/07/2026 15:35;15/07/2026 22:20;17/07/2026 15:35
CAIXA 130L;CAIXA 130L COM BERÇO;2 C a 8 C;560349;PA;A7273;00019200000013438280;MultiModal;15/07/2026 22:20;17/07/2026 15:35;15/07/2026 22:20;17/07/2026 15:35
CAIXA 130L;CAIXA 130L COM BERÇO;2 C a 8 C;560349;PA;A8067;00019200000013438298;MultiModal;15/07/2026 22:20;17/07/2026 15:35;15/07/2026 22:20;17/07/2026 15:35
CAIXA 130L;CAIXA 130L COM BERÇO;2 C a 8 C;560349;PA;A7129;00019200000013438301;MultiModal;15/07/2026 22:20;17/07/2026 15:35;15/07/2026 22:20;17/07/2026 15:35
CAIXA 130L;CAIXA 130L COM BERÇO;2 C a 8 C;560349;PA;A8387;00019200000013438310;MultiModal;15/07/2026 22:20;17/07/2026 15:35;15/07/2026 22:20;17/07/2026 15:35
CAIXA 130L;CAIXA 130L COM BERÇO;2 C a 8 C;560349;PA;A5794;00019200000013438328;MultiModal;15/07/2026 22:20;17/07/2026 15:35;15/07/2026 22:20;17/07/2026 15:35
CAIXA 130L;CAIXA 130L COM BERÇO;2 C a 8 C;560349;PA;A2973;00019200000013438336;MultiModal;15/07/2026 22:20;17/07/2026 15:35;15/07/2026 22:20;17/07/2026 15:35
CAIXA 130L;CAIXA 130L COM BERÇO;2 C a 8 C;560349;PA;A5649;00019200000013438344;MultiModal;15/07/2026 22:20;17/07/2026 15:35;15/07/2026 22:20;17/07/2026 15:35
CAIXA 130L;CAIXA 130L COM BERÇO;2 C a 8 C;560349;PA;A8742;00019200000013438352;MultiModal;15/07/2026 22:20;17/07/2026 15:35;15/07/2026 22:20;17/07/2026 15:35
CAIXA 130L;CAIXA 130L COM BERÇO;2 C a 8 C;560349;PA;A1935;00019200000013438360;MultiModal;15/07/2026 22:20;17/07/2026 15:35;15/07/2026 22:20;17/07/2026 15:35
CAIXA 130L;CAIXA 130L COM BERÇO;2 C a 8 C;560349;PA;A7023;00019200000013438379;MultiModal;15/07/2026 22:20;17/07/2026 15:35;15/07/2026 22:20;17/07/2026 15:35
CAIXA 130L;CAIXA 130L COM BERÇO;2 C a 8 C;560349;PA;A6971;00019200000013438387;MultiModal;15/07/2026 22:20;17/07/2026 15:35;15/07/2026 22:20;17/07/2026 15:35
CAIXA 130L;CAIXA 130L COM BERÇO;2 C a 8 C;560349;PA;A9449;00019200000013438760;MultiModal;15/07/2026 22:20;17/07/2026 15:35;15/07/2026 22:20;17/07/2026 15:35
CAIXA 130L;CAIXA 130L COM BERÇO;2 C a 8 C;560349;PA;A9064;00019200000013438778;MultiModal;15/07/2026 22:20;17/07/2026 15:35;15/07/2026 22:20;17/07/2026 15:35
CAIXA 130L;CAIXA 130L COM BERÇO;2 C a 8 C;560349;PA;A8966;00019200000013438786;MultiModal;15/07/2026 22:20;17/07/2026 15:35;15/07/2026 22:20;17/07/2026 15:35
CAIXA 130L;CAIXA 130L COM BERÇO;2 C a 8 C;560349;PA;A5867;00019200000013438794;MultiModal;15/07/2026 22:20;17/07/2026 15:35;15/07/2026 22:20;17/07/2026 15:35
CAIXA 130L;CAIXA 130L COM BERÇO;2 C a 8 C;560349;PA;A5552;00019200000013438808;MultiModal;15/07/2026 22:20;17/07/2026 15:35;15/07/2026 22:20;17/07/2026 15:35
CAIXA 130L;CAIXA 130L COM BERÇO;2 C a 8 C;560349;PA;TA1194;00019200000013438816;MultiModal;15/07/2026 22:20;17/07/2026 15:35;15/07/2026 22:20;17/07/2026 15:35
CAIXA 130L;CAIXA 130L COM BERÇO;2 C a 8 C;560349;PA;A8068;00019200000013438824;MultiModal;15/07/2026 22:20;17/07/2026 15:35;15/07/2026 22:20;17/07/2026 15:35
CAIXA 130L;CAIXA 130L COM BERÇO;2 C a 8 C;560349;PA;A8744;00019200000013439898;MultiModal;15/07/2026 22:20;17/07/2026 15:35;15/07/2026 22:20;17/07/2026 15:35
CAIXA 130L;CAIXA 130L COM BERÇO;2 C a 8 C;560349;PA;A5842;00019200000013439901;MultiModal;15/07/2026 22:20;17/07/2026 15:35;15/07/2026 22:20;17/07/2026 15:35
CAIXA 130L;CAIXA 130L COM BERÇO;2 C a 8 C;560349;PA;A5799;00019200000013439910;MultiModal;15/07/2026 22:20;17/07/2026 15:35;15/07/2026 22:20;17/07/2026 15:35
CAIXA 130L;CAIXA 130L COM BERÇO;2 C a 8 C;560349;PA;TA0519;00019200000013439928;MultiModal;15/07/2026 22:20;17/07/2026 15:35;15/07/2026 22:20;17/07/2026 15:35
CAIXA 130L;CAIXA 130L COM BERÇO;2 C a 8 C;560349;PA;TA0517;00019200000013439936;MultiModal;15/07/2026 22:20;17/07/2026 15:35;15/07/2026 22:20;17/07/2026 15:35
CAIXA 130L;CAIXA 130L COM BERÇO;2 C a 8 C;560349;PA;A0969;00019200000013439944;MultiModal;15/07/2026 22:20;17/07/2026 15:35;15/07/2026 22:20;17/07/2026 15:35
CAIXA 130L;CAIXA 130L COM BERÇO;2 C a 8 C;560349;PA;A3533;00019200000013480197;MultiModal;15/07/2026 22:20;17/07/2026 15:35;15/07/2026 22:20;17/07/2026 15:35
CAIXA 130L;CAIXA 130L COM BERÇO;2 C a 8 C;560349;PA;A5053;00019200000013480391;MultiModal;15/07/2026 22:20;17/07/2026 15:35;15/07/2026 22:20;17/07/2026 15:35
CAIXA 130L;CAIXA 130L COM BERÇO;2 C a 8 C;560349;PA;A5032;00019200000013480405;MultiModal;15/07/2026 22:20;17/07/2026 15:35;15/07/2026 22:20;17/07/2026 15:35
CAIXA 130L;CAIXA 130L COM BERÇO;2 C a 8 C;560349;PA;TA0763;00019200000013480413;MultiModal;15/07/2026 22:20;17/07/2026 15:35;15/07/2026 22:20;17/07/2026 15:35
CAIXA 130L;CAIXA 130L COM BERÇO;2 C a 8 C;560349;PA;TA0014;00019200000013481304;MultiModal;15/07/2026 22:20;17/07/2026 15:35;15/07/2026 22:20;17/07/2026 15:35
CAIXA 130L;CAIXA 130L COM BERÇO;2 C a 8 C;560349;PA;A9186;00019200000013481312;MultiModal;15/07/2026 22:20;17/07/2026 15:35;15/07/2026 22:20;17/07/2026 15:35
CAIXA 130L;CAIXA 130L COM BERÇO;2 C a 8 C;560349;PA;A0791;00019200000013481320;MultiModal;15/07/2026 22:20;17/07/2026 15:35;15/07/2026 22:20;17/07/2026 15:35
CAIXA 130L;CAIXA 130L COM BERÇO;2 C a 8 C;560349;PA;A9373;00019200000013481339;MultiModal;15/07/2026 22:20;17/07/2026 15:35;15/07/2026 22:20;17/07/2026 15:35
CAIXA 130L;CAIXA 130L COM BERÇO;2 C a 8 C;560349;PA;A3066;00019200000013481347;MultiModal;15/07/2026 22:20;17/07/2026 15:35;15/07/2026 22:20;17/07/2026 15:35
CAIXA 130L;CAIXA 130L COM BERÇO;2 C a 8 C;560349;PA;A5050;00019200000013481355;MultiModal;15/07/2026 22:20;17/07/2026 15:35;15/07/2026 22:20;17/07/2026 15:35
CAIXA 130L;CAIXA 130L COM BERÇO;2 C a 8 C;560349;PA;A5286;00019200000013481363;MultiModal;15/07/2026 22:20;17/07/2026 15:35;15/07/2026 22:20;17/07/2026 15:35
CAIXA 130L;CAIXA 130L COM BERÇO;2 C a 8 C;560349;PA;A2896;00019200000013481371;MultiModal;15/07/2026 22:20;17/07/2026 15:35;15/07/2026 22:20;17/07/2026 15:35
CAIXA 130L;CAIXA 130L COM BERÇO;2 C a 8 C;560444;PA;A6216;00019200000013441710;MultiModal;14/07/2026 23:03;23/07/2026 15:53;14/07/2026 23:03;23/07/2026 15:53
CAIXA 130L;CAIXA 130L COM BERÇO;2 C a 8 C;560444;PA;A6739;00019200000013441728;MultiModal;14/07/2026 23:03;23/07/2026 15:53;14/07/2026 23:03;23/07/2026 15:53
CAIXA 130L;CAIXA 130L COM BERÇO;2 C a 8 C;560444;PA;A7807;00019200000013441736;MultiModal;14/07/2026 23:03;23/07/2026 15:53;14/07/2026 23:03;23/07/2026 15:53
CAIXA 130L;CAIXA 130L COM BERÇO;2 C a 8 C;560444;PA;A0414;00019200000013441744;MultiModal;14/07/2026 23:03;23/07/2026 15:53;14/07/2026 23:03;23/07/2026 15:53
CAIXA 130L;CAIXA 130L COM BERÇO;2 C a 8 C;560444;PA;A6819;00019200000013441752;MultiModal;14/07/2026 23:03;23/07/2026 15:53;14/07/2026 23:03;23/07/2026 15:53
CAIXA 130L;CAIXA 130L COM BERÇO;2 C a 8 C;560444;PA;A9035;00019200000013441760;MultiModal;14/07/2026 23:03;23/07/2026 15:53;14/07/2026 23:03;23/07/2026 15:53
CAIXA 130L;CAIXA 130L COM BERÇO;2 C a 8 C;560444;PA;A6067;00019200000013441787;MultiModal;14/07/2026 23:03;23/07/2026 15:53;14/07/2026 23:03;23/07/2026 15:53
CAIXA 130L;CAIXA 130L COM BERÇO;2 C a 8 C;560444;PA;TA1030;00019200000013441795;MultiModal;14/07/2026 23:03;23/07/2026 15:53;14/07/2026 23:03;23/07/2026 15:53
CAIXA 130L;CAIXA 130L COM BERÇO;2 C a 8 C;560444;PA;A1657;00019200000013441809;MultiModal;14/07/2026 23:03;23/07/2026 15:53;14/07/2026 23:03;23/07/2026 15:53
CAIXA 130L;CAIXA 130L COM BERÇO;2 C a 8 C;560444;PA;A5353;00019200000013441817;MultiModal;14/07/2026 23:03;23/07/2026 15:53;14/07/2026 23:03;23/07/2026 15:53
CAIXA 130L;CAIXA 130L COM BERÇO;2 C a 8 C;560444;PA;A8249;00019200000013441825;MultiModal;14/07/2026 23:03;23/07/2026 15:53;14/07/2026 23:03;23/07/2026 15:53
CAIXA 130L;CAIXA 130L COM BERÇO;2 C a 8 C;560444;PA;TA0665;00019200000013441833;MultiModal;14/07/2026 23:03;23/07/2026 15:53;14/07/2026 23:03;23/07/2026 15:53
CAIXA 130L;CAIXA 130L COM BERÇO;2 C a 8 C;560444;PA;A7209;00019200000013441841;MultiModal;14/07/2026 23:03;23/07/2026 15:53;14/07/2026 23:03;23/07/2026 15:53
CAIXA 130L;CAIXA 130L COM BERÇO;2 C a 8 C;560444;PA;TA1119;00019200000013441850;MultiModal;14/07/2026 23:03;23/07/2026 15:53;14/07/2026 23:03;23/07/2026 15:53
CAIXA 130L;CAIXA 130L COM BERÇO;2 C a 8 C;560444;PA;A5685;00019200000013442082;MultiModal;14/07/2026 23:03;23/07/2026 15:53;14/07/2026 23:03;23/07/2026 15:53
CAIXA 130L;CAIXA 130L COM BERÇO;2 C a 8 C;560444;PA;A2656;00019200000013442090;MultiModal;14/07/2026 23:03;23/07/2026 15:53;14/07/2026 23:03;23/07/2026 15:53
CAIXA 130L;CAIXA 130L COM BERÇO;2 C a 8 C;560444;PA;A0406;00019200000013442104;MultiModal;14/07/2026 23:03;23/07/2026 15:53;14/07/2026 23:03;23/07/2026 15:53
CAIXA 130L;CAIXA 130L COM BERÇO;2 C a 8 C;560776;PA;TA0526;00019200000013441892;MultiModal;14/07/2026 23:19;16/07/2026 16:00;14/07/2026 23:19;16/07/2026 16:00
CAIXA 130L;CAIXA 130L COM BERÇO;2 C a 8 C;560950;PA;A9139;00019200000013441922;MultiModal;14/07/2026 23:03;17/07/2026 14:50;14/07/2026 23:03;17/07/2026 14:50
CAIXA 130L;CAIXA 130L COM BERÇO;2 C a 8 C;561157;PA;A1526;00019200000013454366;MultiModal;15/07/2026 22:32;20/07/2026 18:53;15/07/2026 22:32;20/07/2026 18:53
CAIXA 130L;CAIXA 130L COM BERÇO;2 C a 8 C;557120;PB;A4538;00019200000013322168;MultiModal;23/07/2026 03:41;28/07/2026 10:00;27/07/2026 23:42;-
CAIXA 130L;CAIXA 130L COM BERÇO;2 C a 8 C;557120;PB;A6604;00019200000013322176;MultiModal;23/07/2026 03:41;28/07/2026 10:00;27/07/2026 23:42;-
CAIXA 130L;CAIXA 130L COM BERÇO;2 C a 8 C;557120;PB;A8999;00019200000013322184;MultiModal;23/07/2026 03:41;28/07/2026 10:00;27/07/2026 23:42;-
CAIXA 130L;CAIXA 130L COM BERÇO;2 C a 8 C;557120;PB;A6724;00019200000013322192;MultiModal;23/07/2026 03:41;28/07/2026 10:00;27/07/2026 23:42;-
CAIXA 130L;CAIXA 130L COM BERÇO;2 C a 8 C;557120;PB;A7331;00019200000013322206;MultiModal;23/07/2026 03:41;28/07/2026 10:00;27/07/2026 23:42;-
CAIXA 130L;CAIXA 130L COM BERÇO;2 C a 8 C;557120;PB;A5792;00019200000013322214;MultiModal;23/07/2026 03:41;28/07/2026 10:00;27/07/2026 23:42;-
CAIXA 130L;CAIXA 130L COM BERÇO;2 C a 8 C;557120;PB;A1618;00019200000013322222;MultiModal;23/07/2026 03:41;28/07/2026 10:00;27/07/2026 03:36;28/07/2026 10:00
CAIXA 130L;CAIXA 130L COM BERÇO;2 C a 8 C;557120;PB;TA0931;00019200000013322230;MultiModal;23/07/2026 03:41;28/07/2026 10:00;27/07/2026 23:42;-
CAIXA 130L;CAIXA 130L COM BERÇO;2 C a 8 C;557120;PB;TA0275;00019200000013322249;MultiModal;23/07/2026 03:41;28/07/2026 10:00;27/07/2026 03:36;28/07/2026 10:00
CAIXA 130L;CAIXA 130L COM BERÇO;2 C a 8 C;557120;PB;A4756;00019200000013322257;MultiModal;23/07/2026 03:41;28/07/2026 10:00;27/07/2026 03:36;28/07/2026 10:00
CAIXA 130L;CAIXA 130L COM BERÇO;2 C a 8 C;557120;PB;A4088;00019200000013322265;MultiModal;23/07/2026 03:41;28/07/2026 10:00;27/07/2026 23:42;-
CAIXA 130L;CAIXA 130L COM BERÇO;2 C a 8 C;557120;PB;A0718;00019200000013322273;MultiModal;23/07/2026 03:41;28/07/2026 10:00;27/07/2026 23:42;-
CAIXA 130L;CAIXA 130L COM BERÇO;2 C a 8 C;557120;PB;A7060;00019200000013322281;MultiModal;23/07/2026 03:41;28/07/2026 10:00;27/07/2026 03:36;28/07/2026 10:00
CAIXA 130L;CAIXA 130L COM BERÇO;2 C a 8 C;557120;PB;A1679;00019200000013322290;MultiModal;23/07/2026 03:41;28/07/2026 10:00;27/07/2026 03:36;28/07/2026 10:00
CAIXA 130L;CAIXA 130L COM BERÇO;2 C a 8 C;557120;PB;A9273;00019200000013322303;MultiModal;23/07/2026 03:41;28/07/2026 10:00;27/07/2026 03:36;28/07/2026 10:00
CAIXA 130L;CAIXA 130L COM BERÇO;2 C a 8 C;557120;PB;A9461;00019200000013322311;MultiModal;23/07/2026 03:41;28/07/2026 10:00;27/07/2026 23:42;-
CAIXA 130L;CAIXA 130L COM BERÇO;2 C a 8 C;557120;PB;A7009;00019200000013322320;MultiModal;23/07/2026 03:41;28/07/2026 10:00;27/07/2026 03:36;28/07/2026 10:00
CAIXA 130L;CAIXA 130L COM BERÇO;2 C a 8 C;557120;PB;A8505;00019200000013322338;MultiModal;23/07/2026 03:41;28/07/2026 10:00;27/07/2026 23:42;-
CAIXA 130L;CAIXA 130L COM BERÇO;2 C a 8 C;557120;PB;TA0286;00019200000013322346;MultiModal;23/07/2026 03:41;28/07/2026 10:00;27/07/2026 23:42;-
CAIXA 130L;CAIXA 130L COM BERÇO;2 C a 8 C;557120;PB;A6165;00019200000013322354;MultiModal;23/07/2026 03:41;28/07/2026 10:00;27/07/2026 23:42;-
CAIXA 130L;CAIXA 130L COM BERÇO;2 C a 8 C;557120;PB;A5901;00019200000013322362;MultiModal;23/07/2026 03:41;28/07/2026 10:00;27/07/2026 23:42;-
CAIXA 130L;CAIXA 130L COM BERÇO;2 C a 8 C;557120;PB;A6666;00019200000013322370;MultiModal;23/07/2026 03:41;28/07/2026 10:00;27/07/2026 23:42;-
CAIXA 130L;CAIXA 130L COM BERÇO;2 C a 8 C;557120;PB;A3235;00019200000013322389;MultiModal;23/07/2026 03:41;28/07/2026 10:00;27/07/2026 03:36;28/07/2026 10:00
CAIXA 130L;CAIXA 130L COM BERÇO;2 C a 8 C;557120;PB;A5104;00019200000013323458;MultiModal;23/07/2026 03:41;28/07/2026 10:00;27/07/2026 03:36;28/07/2026 10:00
CAIXA 130L;CAIXA 130L COM BERÇO;2 C a 8 C;557120;PB;A5094;00019200000013323466;MultiModal;23/07/2026 03:41;28/07/2026 10:00;23/07/2026 03:41;27/07/2026 15:58
CAIXA 130L;CAIXA 130L COM BERÇO;2 C a 8 C;557120;PB;A8735;00019200000013323474;MultiModal;23/07/2026 03:41;28/07/2026 10:00;27/07/2026 03:36;28/07/2026 10:00
CAIXA 130L;CAIXA 130L COM BERÇO;2 C a 8 C;557120;PB;A7028;00019200000013323482;MultiModal;23/07/2026 03:41;28/07/2026 10:00;27/07/2026 03:36;28/07/2026 10:00
CAIXA 130L;CAIXA 130L COM BERÇO;2 C a 8 C;557120;PB;A5652;00019200000013323490;MultiModal;23/07/2026 03:41;28/07/2026 10:00;27/07/2026 03:36;28/07/2026 10:00
CAIXA 130L;CAIXA 130L COM BERÇO;2 C a 8 C;557120;PB;A0522;00019200000013323504;MultiModal;23/07/2026 03:41;28/07/2026 10:00;27/07/2026 03:36;28/07/2026 10:00
CAIXA 130L;CAIXA 130L COM BERÇO;2 C a 8 C;557120;PB;A7295;00019200000013323512;MultiModal;23/07/2026 03:41;28/07/2026 10:00;27/07/2026 23:42;-
CAIXA 130L;CAIXA 130L COM BERÇO;2 C a 8 C;557120;PB;A8818;00019200000013323520;MultiModal;23/07/2026 03:41;28/07/2026 10:00;23/07/2026 03:41;27/07/2026 15:58
CAIXA 130L;CAIXA 130L COM BERÇO;2 C a 8 C;557120;PB;TA0140;00019200000013323539;MultiModal;23/07/2026 03:41;28/07/2026 10:00;23/07/2026 03:41;27/07/2026 15:58
CAIXA 130L;CAIXA 130L COM BERÇO;2 C a 8 C;557120;PB;TA0289;00019200000013323547;MultiModal;23/07/2026 03:41;28/07/2026 10:00;23/07/2026 03:41;27/07/2026 15:58
CAIXA 130L;CAIXA 130L COM BERÇO;2 C a 8 C;557120;PB;A7399;00019200000013323555;MultiModal;23/07/2026 03:41;28/07/2026 10:00;23/07/2026 03:41;27/07/2026 15:58
CAIXA 130L;CAIXA 130L COM BERÇO;2 C a 8 C;557120;PB;A4277;00019200000013323563;MultiModal;23/07/2026 03:41;28/07/2026 10:00;23/07/2026 03:41;27/07/2026 15:58
CAIXA 130L;CAIXA 130L COM BERÇO;2 C a 8 C;557120;PB;A6184;00019200000013323571;MultiModal;23/07/2026 03:41;28/07/2026 10:00;23/07/2026 03:41;27/07/2026 15:58
CAIXA 130L;CAIXA 130L COM BERÇO;2 C a 8 C;557120;PB;A8766;00019200000013323580;MultiModal;23/07/2026 03:41;28/07/2026 10:00;27/07/2026 03:36;28/07/2026 10:00
CAIXA 130L;CAIXA 130L COM BERÇO;2 C a 8 C;557120;PB;A8181;00019200000013323598;MultiModal;23/07/2026 03:41;28/07/2026 10:00;27/07/2026 03:36;28/07/2026 10:00
CAIXA 130L;CAIXA 130L COM BERÇO;2 C a 8 C;557120;PB;A7415;00019200000013323601;MultiModal;23/07/2026 03:41;28/07/2026 10:00;27/07/2026 03:36;28/07/2026 10:00
CAIXA 130L;CAIXA 130L COM BERÇO;2 C a 8 C;557120;PB;A3911;00019200000013323610;MultiModal;23/07/2026 03:41;28/07/2026 10:00;27/07/2026 03:36;28/07/2026 10:00
CAIXA 130L;CAIXA 130L COM BERÇO;2 C a 8 C;557120;PB;A8529;00019200000013323628;MultiModal;23/07/2026 03:41;28/07/2026 10:00;27/07/2026 23:42;-
CAIXA 130L;CAIXA 130L COM BERÇO;2 C a 8 C;557120;PB;A6986;00019200000013323636;MultiModal;23/07/2026 03:41;28/07/2026 10:00;27/07/2026 23:42;-
CAIXA 130L;CAIXA 130L COM BERÇO;2 C a 8 C;557120;PB;A0431;00019200000013323644;MultiModal;23/07/2026 03:41;28/07/2026 10:00;27/07/2026 23:42;-
CAIXA 130L;CAIXA 130L COM BERÇO;2 C a 8 C;557120;PB;A6694;00019200000013323652;MultiModal;23/07/2026 03:41;28/07/2026 10:00;27/07/2026 23:42;-
CAIXA 130L;CAIXA 130L COM BERÇO;2 C a 8 C;557120;PB;A6842;00019200000013323660;MultiModal;23/07/2026 03:41;28/07/2026 10:00;27/07/2026 23:42;-
CAIXA 130L;CAIXA 130L COM BERÇO;2 C a 8 C;557120;PB;A5657;00019200000013323679;MultiModal;23/07/2026 03:41;28/07/2026 10:00;27/07/2026 23:42;-
CAIXA 130L;CAIXA 130L COM BERÇO;2 C a 8 C;557120;PB;A5955;00019200000013323687;MultiModal;23/07/2026 03:41;28/07/2026 10:00;27/07/2026 23:42;-
CAIXA 130L;CAIXA 130L COM BERÇO;2 C a 8 C;557120;PB;A7799;00019200000013323695;MultiModal;23/07/2026 03:41;28/07/2026 10:00;27/07/2026 23:42;-
CAIXA 130L;CAIXA 130L COM BERÇO;2 C a 8 C;557120;PB;A7948;00019200000013323709;MultiModal;23/07/2026 03:41;28/07/2026 10:00;27/07/2026 23:42;-
CAIXA 130L;CAIXA 130L COM BERÇO;2 C a 8 C;557120;PB;A8897;00019200000013323717;MultiModal;23/07/2026 03:41;28/07/2026 10:00;27/07/2026 23:42;-
CAIXA 130L;CAIXA 130L COM BERÇO;2 C a 8 C;557120;PB;A4408;00019200000013323725;MultiModal;23/07/2026 03:41;28/07/2026 10:00;27/07/2026 23:42;-
CAIXA 130L;CAIXA 130L COM BERÇO;2 C a 8 C;557120;PB;A8430;00019200000013323733;MultiModal;23/07/2026 03:41;28/07/2026 10:00;27/07/2026 23:42;-
CAIXA 130L;CAIXA 130L COM BERÇO;2 C a 8 C;557120;PB;A1815;00019200000013323741;MultiModal;23/07/2026 03:41;28/07/2026 10:00;23/07/2026 03:41;27/07/2026 15:58
CAIXA 130L;CAIXA 130L COM BERÇO;2 C a 8 C;557120;PB;TA1094;00019200000013323750;MultiModal;23/07/2026 03:41;28/07/2026 10:00;27/07/2026 23:42;-
CAIXA 130L;CAIXA 130L COM BERÇO;2 C a 8 C;557120;PB;A8452;00019200000013323768;MultiModal;23/07/2026 03:41;28/07/2026 10:00;27/07/2026 23:42;-
CAIXA 130L;CAIXA 130L COM BERÇO;2 C a 8 C;557120;PB;A8890;00019200000013323776;MultiModal;23/07/2026 03:41;28/07/2026 10:00;27/07/2026 23:42;-
CAIXA 130L;CAIXA 130L COM BERÇO;2 C a 8 C;557120;PB;A5337;00019200000013323784;MultiModal;23/07/2026 03:41;28/07/2026 10:00;27/07/2026 23:42;-
CAIXA 130L;CAIXA 130L COM BERÇO;2 C a 8 C;557120;PB;A2999;00019200000013323792;MultiModal;23/07/2026 03:41;28/07/2026 10:00;27/07/2026 23:42;-
CAIXA 130L;CAIXA 130L COM BERÇO;2 C a 8 C;557120;PB;A4792;00019200000013323806;MultiModal;23/07/2026 03:41;28/07/2026 10:00;27/07/2026 23:42;-
CAIXA 130L;CAIXA 130L COM BERÇO;2 C a 8 C;557120;PB;A0408;00019200000013323814;MultiModal;23/07/2026 03:41;28/07/2026 10:00;23/07/2026 03:41;27/07/2026 15:58
CAIXA 130L;CAIXA 130L COM BERÇO;2 C a 8 C;557120;PB;A8404;00019200000013323822;MultiModal;23/07/2026 03:41;28/07/2026 10:00;23/07/2026 03:41;27/07/2026 15:58
CAIXA 130L;CAIXA 130L COM BERÇO;2 C a 8 C;557120;PB;A6636;00019200000013323830;MultiModal;23/07/2026 03:41;28/07/2026 10:00;23/07/2026 03:41;27/07/2026 15:58
CAIXA 130L;CAIXA 130L COM BERÇO;2 C a 8 C;557120;PB;A1433;00019200000013323849;MultiModal;23/07/2026 03:41;28/07/2026 10:00;23/07/2026 03:41;27/07/2026 15:58
CAIXA 130L;CAIXA 130L COM BERÇO;2 C a 8 C;557120;PB;A6010;00019200000013323857;MultiModal;23/07/2026 03:41;28/07/2026 10:00;23/07/2026 03:41;27/07/2026 15:58
CAIXA 130L;CAIXA 130L COM BERÇO;2 C a 8 C;557120;PB;A5545;00019200000013323865;MultiModal;23/07/2026 03:41;28/07/2026 10:00;23/07/2026 03:41;27/07/2026 15:58
CAIXA 130L;CAIXA 130L COM BERÇO;2 C a 8 C;557120;PB;TA0676;00019200000013323873;MultiModal;23/07/2026 03:41;28/07/2026 10:00;23/07/2026 03:41;27/07/2026 15:58
CAIXA 130L;CAIXA 130L COM BERÇO;2 C a 8 C;557120;PB;A2431;00019200000013323881;MultiModal;23/07/2026 03:41;28/07/2026 10:00;23/07/2026 03:41;27/07/2026 15:58
CAIXA 130L;CAIXA 130L COM BERÇO;2 C a 8 C;557120;PB;A8156;00019200000013323890;MultiModal;23/07/2026 03:41;28/07/2026 10:00;23/07/2026 03:41;27/07/2026 15:58
CAIXA 130L;CAIXA 130L COM BERÇO;2 C a 8 C;557120;PB;A7792;00019200000013323903;MultiModal;23/07/2026 03:41;28/07/2026 10:00;23/07/2026 03:41;27/07/2026 15:58
CAIXA 130L;CAIXA 130L COM BERÇO;2 C a 8 C;557120;PB;A3238;00019200000013326120;MultiModal;23/07/2026 03:41;28/07/2026 10:00;23/07/2026 03:41;27/07/2026 15:58
CAIXA 130L;CAIXA 130L COM BERÇO;2 C a 8 C;557120;PB;TA0237;00019200000013326147;MultiModal;23/07/2026 03:41;28/07/2026 10:00;27/07/2026 23:42;-
CAIXA 130L;CAIXA 130L COM BERÇO;2 C a 8 C;557120;PB;A5641;00019200000013326333;MultiModal;23/07/2026 03:41;28/07/2026 10:00;27/07/2026 23:42;-
CAIXA 130L;CAIXA 130L COM BERÇO;2 C a 8 C;557120;PB;TA0579;00019200000013326341;MultiModal;23/07/2026 03:41;28/07/2026 10:00;27/07/2026 03:36;28/07/2026 10:00
CAIXA 130L;CAIXA 130L COM BERÇO;2 C a 8 C;557120;PB;A7750;00019200000013326350;MultiModal;23/07/2026 03:41;28/07/2026 10:00;27/07/2026 03:36;28/07/2026 10:00
CAIXA 130L;CAIXA 130L COM BERÇO;2 C a 8 C;557120;PB;TA1059;00019200000013326368;MultiModal;23/07/2026 03:41;28/07/2026 10:00;27/07/2026 03:36;28/07/2026 10:00
CAIXA 130L;CAIXA 130L COM BERÇO;2 C a 8 C;557120;PB;A8549;00019200000013326376;MultiModal;23/07/2026 03:41;28/07/2026 10:00;23/07/2026 03:41;27/07/2026 15:58
CAIXA 130L;CAIXA 130L COM BERÇO;2 C a 8 C;557120;PB;TA0714;00019200000013326384;MultiModal;23/07/2026 03:41;28/07/2026 10:00;27/07/2026 23:42;-
CAIXA 130L;CAIXA 130L COM BERÇO;2 C a 8 C;557120;PB;A9324;00019200000013326392;MultiModal;23/07/2026 03:41;28/07/2026 10:00;27/07/2026 23:42;-
CAIXA 130L;CAIXA 130L COM BERÇO;2 C a 8 C;557120;PB;A9384;00019200000013326406;MultiModal;23/07/2026 03:41;28/07/2026 10:00;27/07/2026 23:42;-
CAIXA 130L;CAIXA 130L COM BERÇO;2 C a 8 C;558634;PB;A6436;00019200000013245554;MultiModal;01/07/2026 04:35;03/07/2026 14:08;01/07/2026 04:35;03/07/2026 14:08
CAIXA 130L;CAIXA 130L COM BERÇO;2 C a 8 C;558634;PB;A0081;00019200000013245775;MultiModal;01/07/2026 04:35;03/07/2026 14:08;01/07/2026 04:35;03/07/2026 14:08
CAIXA 130L;CAIXA 130L COM BERÇO;2 C a 8 C;558634;PB;A9085;00019200000013245783;MultiModal;01/07/2026 04:35;03/07/2026 14:08;01/07/2026 04:35;03/07/2026 14:08
CAIXA 130L;CAIXA 130L COM BERÇO;2 C a 8 C;558634;PB;A8452;00019200000013245791;MultiModal;01/07/2026 04:35;03/07/2026 14:08;01/07/2026 04:35;03/07/2026 14:08
CAIXA 130L;CAIXA 130L COM BERÇO;2 C a 8 C;558634;PB;A1001;00019200000013245805;MultiModal;01/07/2026 04:35;03/07/2026 14:08;01/07/2026 04:35;03/07/2026 14:08
CAIXA 130L;CAIXA 130L COM BERÇO;2 C a 8 C;558634;PB;A6253;00019200000013245813;MultiModal;01/07/2026 04:35;03/07/2026 14:08;01/07/2026 04:35;03/07/2026 14:08
CAIXA 130L;CAIXA 130L COM BERÇO;2 C a 8 C;558634;PB;A7416;00019200000013245821;MultiModal;01/07/2026 04:35;03/07/2026 14:08;01/07/2026 04:35;03/07/2026 14:08
CAIXA 130L;CAIXA 130L COM BERÇO;2 C a 8 C;558634;PB;A9279;00019200000013245830;MultiModal;01/07/2026 04:35;03/07/2026 14:08;01/07/2026 04:35;03/07/2026 14:08
CAIXA 130L;CAIXA 130L COM BERÇO;2 C a 8 C;558990;PB;A5099;00019200000013422324;MultiModal;08/07/2026 00:46;09/07/2026 11:57;08/07/2026 00:46;09/07/2026 11:57
CAIXA 130L;CAIXA 130L COM BERÇO;2 C a 8 C;560350;PB;A0137;00019200000013438395;MultiModal;16/07/2026 00:01;17/07/2026 11:19;16/07/2026 00:01;17/07/2026 11:19
CAIXA 130L;CAIXA 130L COM BERÇO;2 C a 8 C;560350;PB;A9049;00019200000013438409;MultiModal;16/07/2026 00:01;17/07/2026 11:19;16/07/2026 00:01;17/07/2026 11:19
CAIXA 130L;CAIXA 130L COM BERÇO;2 C a 8 C;560350;PB;A6396;00019200000013438417;MultiModal;16/07/2026 00:01;17/07/2026 11:19;16/07/2026 00:01;17/07/2026 11:19
CAIXA 130L;CAIXA 130L COM BERÇO;2 C a 8 C;560350;PB;A7341;00019200000013438425;MultiModal;16/07/2026 00:01;17/07/2026 11:19;16/07/2026 00:01;17/07/2026 11:19
CAIXA 130L;CAIXA 130L COM BERÇO;2 C a 8 C;560350;PB;A9140;00019200000013438433;MultiModal;16/07/2026 00:01;17/07/2026 11:19;16/07/2026 00:01;17/07/2026 11:19
CAIXA 130L;CAIXA 130L COM BERÇO;2 C a 8 C;560350;PB;TA1105;00019200000013438441;MultiModal;16/07/2026 00:01;17/07/2026 11:19;19/07/2026 08:59;20/07/2026 13:00
CAIXA 130L;CAIXA 130L COM BERÇO;2 C a 8 C;560350;PB;A6485;00019200000013438450;MultiModal;16/07/2026 00:01;17/07/2026 11:19;16/07/2026 00:01;17/07/2026 11:19
CAIXA 130L;CAIXA 130L COM BERÇO;2 C a 8 C;560350;PB;A3434;00019200000013438468;MultiModal;16/07/2026 00:01;17/07/2026 11:19;16/07/2026 00:01;17/07/2026 11:19
CAIXA 130L;CAIXA 130L COM BERÇO;2 C a 8 C;560350;PB;TA0637;00019200000013438476;MultiModal;16/07/2026 00:01;17/07/2026 11:19;16/07/2026 00:01;17/07/2026 11:19
CAIXA 130L;CAIXA 130L COM BERÇO;2 C a 8 C;560350;PB;A3001;00019200000013438484;MultiModal;16/07/2026 00:01;17/07/2026 11:19;16/07/2026 00:01;17/07/2026 11:19
CAIXA 130L;CAIXA 130L COM BERÇO;2 C a 8 C;560350;PB;A6891;00019200000013438492;MultiModal;16/07/2026 00:01;17/07/2026 11:19;16/07/2026 00:01;17/07/2026 11:19
CAIXA 130L;CAIXA 130L COM BERÇO;2 C a 8 C;560350;PB;A4688;00019200000013438506;MultiModal;16/07/2026 00:01;17/07/2026 11:19;19/07/2026 08:59;20/07/2026 13:00
CAIXA 130L;CAIXA 130L COM BERÇO;2 C a 8 C;560350;PB;A7895;00019200000013438514;MultiModal;16/07/2026 00:01;17/07/2026 11:19;16/07/2026 00:01;17/07/2026 11:19
CAIXA 130L;CAIXA 130L COM BERÇO;2 C a 8 C;560350;PB;A9499;00019200000013438522;MultiModal;16/07/2026 00:01;17/07/2026 11:19;16/07/2026 00:01;17/07/2026 11:19
CAIXA 130L;CAIXA 130L COM BERÇO;2 C a 8 C;560350;PB;A3936;00019200000013438530;MultiModal;16/07/2026 00:01;17/07/2026 11:19;16/07/2026 00:01;17/07/2026 11:19
CAIXA 130L;CAIXA 130L COM BERÇO;2 C a 8 C;560350;PB;A6531;00019200000013438549;MultiModal;16/07/2026 00:01;17/07/2026 11:19;16/07/2026 00:01;17/07/2026 11:19
CAIXA 130L;CAIXA 130L COM BERÇO;2 C a 8 C;560350;PB;A5521;00019200000013438557;MultiModal;16/07/2026 00:01;17/07/2026 11:19;16/07/2026 00:01;17/07/2026 11:19
CAIXA 130L;CAIXA 130L COM BERÇO;2 C a 8 C;560350;PB;A7097;00019200000013438565;MultiModal;16/07/2026 00:01;17/07/2026 11:19;19/07/2026 08:59;20/07/2026 13:00
CAIXA 130L;CAIXA 130L COM BERÇO;2 C a 8 C;560350;PB;A7362;00019200000013438573;MultiModal;16/07/2026 00:01;17/07/2026 11:19;16/07/2026 00:01;17/07/2026 11:19
CAIXA 130L;CAIXA 130L COM BERÇO;2 C a 8 C;560350;PB;A8118;00019200000013438581;MultiModal;16/07/2026 00:01;17/07/2026 11:19;16/07/2026 00:01;17/07/2026 11:19
CAIXA 130L;CAIXA 130L COM BERÇO;2 C a 8 C;560350;PB;TA0708;00019200000013438590;MultiModal;16/07/2026 00:01;17/07/2026 11:19;16/07/2026 00:01;17/07/2026 11:19
CAIXA 130L;CAIXA 130L COM BERÇO;2 C a 8 C;560350;PB;A1904;00019200000013438603;MultiModal;16/07/2026 00:01;17/07/2026 11:19;19/07/2026 08:59;20/07/2026 13:00
CAIXA 130L;CAIXA 130L COM BERÇO;2 C a 8 C;560350;PB;A8534;00019200000013438611;MultiModal;16/07/2026 00:01;17/07/2026 11:19;16/07/2026 00:01;17/07/2026 11:19
CAIXA 130L;CAIXA 130L COM BERÇO;2 C a 8 C;560350;PB;A9151;00019200000013438620;MultiModal;16/07/2026 00:01;17/07/2026 11:19;16/07/2026 00:01;17/07/2026 11:19
CAIXA 130L;CAIXA 130L COM BERÇO;2 C a 8 C;560350;PB;A7768;00019200000013438638;MultiModal;16/07/2026 00:01;17/07/2026 11:19;16/07/2026 00:01;17/07/2026 11:19
CAIXA 130L;CAIXA 130L COM BERÇO;2 C a 8 C;560350;PB;A7844;00019200000013438646;MultiModal;16/07/2026 00:01;17/07/2026 11:19;16/07/2026 00:01;17/07/2026 11:19
CAIXA 130L;CAIXA 130L COM BERÇO;2 C a 8 C;560350;PB;A6168;00019200000013438654;MultiModal;16/07/2026 00:01;17/07/2026 11:19;16/07/2026 00:01;17/07/2026 11:19
CAIXA 130L;CAIXA 130L COM BERÇO;2 C a 8 C;560350;PB;A6861;00019200000013438662;MultiModal;16/07/2026 00:01;17/07/2026 11:19;19/07/2026 08:59;20/07/2026 13:00
CAIXA 130L;CAIXA 130L COM BERÇO;2 C a 8 C;560350;PB;A0284;00019200000013438670;MultiModal;16/07/2026 00:01;17/07/2026 11:19;16/07/2026 00:01;17/07/2026 11:19
CAIXA 130L;CAIXA 130L COM BERÇO;2 C a 8 C;560350;PB;A0250;00019200000013438689;MultiModal;16/07/2026 00:01;17/07/2026 11:19;16/07/2026 00:01;17/07/2026 11:19
CAIXA 130L;CAIXA 130L COM BERÇO;2 C a 8 C;560350;PB;A3946;00019200000013438697;MultiModal;16/07/2026 00:01;17/07/2026 11:19;19/07/2026 08:59;20/07/2026 13:00
CAIXA 130L;CAIXA 130L COM BERÇO;2 C a 8 C;560350;PB;A6158;00019200000013438700;MultiModal;16/07/2026 00:01;17/07/2026 11:19;19/07/2026 08:59;20/07/2026 13:00
CAIXA 130L;CAIXA 130L COM BERÇO;2 C a 8 C;560350;PB;TA0025;00019200000013438719;MultiModal;16/07/2026 00:01;17/07/2026 11:19;16/07/2026 00:01;17/07/2026 11:19
CAIXA 130L;CAIXA 130L COM BERÇO;2 C a 8 C;560350;PB;A3016;00019200000013438727;MultiModal;16/07/2026 00:01;17/07/2026 11:19;19/07/2026 08:59;20/07/2026 13:00
CAIXA 130L;CAIXA 130L COM BERÇO;2 C a 8 C;560350;PB;A1304;00019200000013438735;MultiModal;16/07/2026 00:01;17/07/2026 11:19;19/07/2026 08:59;20/07/2026 13:00
CAIXA 130L;CAIXA 130L COM BERÇO;2 C a 8 C;560350;PB;A1599;00019200000013438743;MultiModal;16/07/2026 00:01;17/07/2026 11:19;19/07/2026 08:59;20/07/2026 13:00
CAIXA 130L;CAIXA 130L COM BERÇO;2 C a 8 C;560350;PB;A5768;00019200000013438751;MultiModal;16/07/2026 00:01;17/07/2026 11:19;19/07/2026 08:59;20/07/2026 13:00
CAIXA 130L;CAIXA 130L COM BERÇO;2 C a 8 C;560350;PB;A8095;00019200000013438832;MultiModal;16/07/2026 00:01;17/07/2026 11:19;19/07/2026 08:59;20/07/2026 13:00
CAIXA 130L;CAIXA 130L COM BERÇO;2 C a 8 C;560350;PB;A7041;00019200000013438840;MultiModal;16/07/2026 00:01;17/07/2026 11:19;16/07/2026 00:01;17/07/2026 11:19
CAIXA 130L;CAIXA 130L COM BERÇO;2 C a 8 C;560350;PB;A2487;00019200000013438859;MultiModal;16/07/2026 00:01;17/07/2026 11:19;16/07/2026 00:01;17/07/2026 11:19
CAIXA 130L;CAIXA 130L COM BERÇO;2 C a 8 C;560350;PB;A3520;00019200000013438867;MultiModal;16/07/2026 00:01;17/07/2026 11:19;19/07/2026 08:59;20/07/2026 13:00
CAIXA 130L;CAIXA 130L COM BERÇO;2 C a 8 C;560350;PB;A9316;00019200000013442007;MultiModal;16/07/2026 00:01;17/07/2026 11:19;19/07/2026 08:59;20/07/2026 13:00
CAIXA 130L;CAIXA 130L COM BERÇO;2 C a 8 C;560445;PB;A7917;00019200000013441949;MultiModal;14/07/2026 22:54;16/07/2026 14:26;14/07/2026 22:54;16/07/2026 14:26
CAIXA 130L;CAIXA 130L COM BERÇO;2 C a 8 C;560445;PB;A8178;00019200000013441957;MultiModal;14/07/2026 22:54;16/07/2026 14:26;14/07/2026 22:54;16/07/2026 14:26
CAIXA 130L;CAIXA 130L COM BERÇO;2 C a 8 C;560445;PB;A1537;00019200000013441965;MultiModal;14/07/2026 22:54;16/07/2026 14:26;14/07/2026 22:54;16/07/2026 14:26
CAIXA 130L;CAIXA 130L COM BERÇO;2 C a 8 C;560445;PB;A6118;00019200000013441973;MultiModal;14/07/2026 22:54;16/07/2026 14:26;14/07/2026 22:54;16/07/2026 14:26
CAIXA 130L;CAIXA 130L COM BERÇO;2 C a 8 C;560445;PB;A8058;00019200000013441981;MultiModal;14/07/2026 22:54;16/07/2026 14:26;14/07/2026 22:54;16/07/2026 14:26
CAIXA 130L;CAIXA 130L COM BERÇO;2 C a 8 C;560445;PB;A2935;00019200000013445804;MultiModal;14/07/2026 22:54;16/07/2026 14:26;14/07/2026 22:54;16/07/2026 14:26
CAIXA 130L;CAIXA 130L COM BERÇO;2 C a 8 C;560445;PB;A8483;00019200000013445812;MultiModal;14/07/2026 22:54;16/07/2026 14:26;14/07/2026 22:54;16/07/2026 14:26
CAIXA 130L;CAIXA 130L COM BERÇO;2 C a 8 C;560445;PB;A0336;00019200000013445847;MultiModal;14/07/2026 22:54;16/07/2026 14:26;14/07/2026 22:54;16/07/2026 14:26
CAIXA 130L;CAIXA 130L COM BERÇO;2 C a 8 C;560445;PB;A9141;00019200000013445871;MultiModal;14/07/2026 22:54;16/07/2026 14:26;14/07/2026 22:54;16/07/2026 14:26
CAIXA 130L;CAIXA 130L COM BERÇO;2 C a 8 C;560445;PB;TA0440;00019200000013445880;MultiModal;14/07/2026 22:54;16/07/2026 14:26;14/07/2026 22:54;16/07/2026 14:26
CAIXA 130L;CAIXA 130L COM BERÇO;-90 C a -60 C;560547;PB;300188;00019200000013778919;MultiModal;27/07/2026 22:39;-;27/07/2026 23:12;-
CAIXA 130L;CAIXA 130L COM BERÇO;2 C a 8 C;560714;PB;A2587;00019200000013472755;MultiModal;20/07/2026 23:43;22/07/2026 09:40;21/07/2026 04:21;22/07/2026 09:40
CAIXA 130L;CAIXA 130L COM BERÇO;2 C a 8 C;560714;PB;A7309;00019200000013472763;MultiModal;20/07/2026 23:43;22/07/2026 09:40;20/07/2026 23:43;22/07/2026 09:40
CAIXA 130L;CAIXA 130L COM BERÇO;2 C a 8 C;560714;PB;TA0205;00019200000013472771;MultiModal;20/07/2026 23:43;22/07/2026 09:40;20/07/2026 23:43;22/07/2026 09:40
CAIXA 130L;CAIXA 130L COM BERÇO;2 C a 8 C;560714;PB;A3655;00019200000013472780;MultiModal;20/07/2026 23:43;22/07/2026 09:40;21/07/2026 04:21;22/07/2026 09:40
CAIXA 130L;CAIXA 130L COM BERÇO;2 C a 8 C;560714;PB;A9259;00019200000013472798;MultiModal;20/07/2026 23:43;22/07/2026 09:40;20/07/2026 23:43;22/07/2026 09:40
CAIXA 130L;CAIXA 130L COM BERÇO;2 C a 8 C;560714;PB;A4126;00019200000013472801;MultiModal;20/07/2026 23:43;22/07/2026 09:40;21/07/2026 04:21;22/07/2026 09:40
CAIXA 130L;CAIXA 130L COM BERÇO;2 C a 8 C;560714;PB;A4153;00019200000013472810;MultiModal;20/07/2026 23:43;22/07/2026 09:40;21/07/2026 04:21;22/07/2026 09:40
CAIXA 130L;CAIXA 130L COM BERÇO;2 C a 8 C;560714;PB;A7179;00019200000013472828;MultiModal;20/07/2026 23:43;22/07/2026 09:40;20/07/2026 23:43;22/07/2026 09:40
CAIXA 130L;CAIXA 130L COM BERÇO;2 C a 8 C;560714;PB;A7684;00019200000013472879;MultiModal;20/07/2026 23:43;22/07/2026 09:40;20/07/2026 23:43;22/07/2026 09:40
CAIXA 130L;CAIXA 130L COM BERÇO;2 C a 8 C;560714;PB;A6681;00019200000013472887;MultiModal;20/07/2026 23:43;22/07/2026 09:40;21/07/2026 04:21;22/07/2026 09:40
CAIXA 130L;CAIXA 130L COM BERÇO;2 C a 8 C;560714;PB;A6615;00019200000013472895;MultiModal;20/07/2026 23:43;22/07/2026 09:40;20/07/2026 23:43;22/07/2026 09:40
CAIXA 130L;CAIXA 130L COM BERÇO;2 C a 8 C;560714;PB;A1750;00019200000013472909;MultiModal;20/07/2026 23:43;22/07/2026 09:40;20/07/2026 23:43;22/07/2026 09:40
CAIXA 130L;CAIXA 130L COM BERÇO;2 C a 8 C;560714;PB;A8727;00019200000013472917;MultiModal;20/07/2026 23:43;22/07/2026 09:40;20/07/2026 23:43;22/07/2026 09:40
CAIXA 130L;CAIXA 130L COM BERÇO;2 C a 8 C;560714;PB;A9028;00019200000013472925;MultiModal;20/07/2026 23:43;22/07/2026 09:40;21/07/2026 04:21;22/07/2026 09:40
CAIXA 130L;CAIXA 130L COM BERÇO;2 C a 8 C;560714;PB;A7141;00019200000013472933;MultiModal;20/07/2026 23:43;22/07/2026 09:40;21/07/2026 04:21;22/07/2026 09:40
CAIXA 130L;CAIXA 130L COM BERÇO;2 C a 8 C;560714;PB;A7943;00019200000013472941;MultiModal;20/07/2026 23:43;22/07/2026 09:40;21/07/2026 04:21;22/07/2026 09:40
CAIXA 130L;CAIXA 130L COM BERÇO;2 C a 8 C;560714;PB;A0905;00019200000013472992;MultiModal;20/07/2026 23:43;22/07/2026 09:40;21/07/2026 04:21;22/07/2026 09:40
CAIXA 130L;CAIXA 130L COM BERÇO;2 C a 8 C;560714;PB;A5479;00019200000013473000;MultiModal;20/07/2026 23:43;22/07/2026 09:40;20/07/2026 23:43;22/07/2026 09:40
CAIXA 130L;CAIXA 130L COM BERÇO;2 C a 8 C;560714;PB;A7166;00019200000013473018;MultiModal;20/07/2026 23:43;22/07/2026 09:40;20/07/2026 23:43;22/07/2026 09:40
CAIXA 130L;CAIXA 130L COM BERÇO;2 C a 8 C;560714;PB;A7694;00019200000013473026;MultiModal;20/07/2026 23:43;22/07/2026 09:40;21/07/2026 04:21;22/07/2026 09:40
CAIXA 130L;CAIXA 130L COM BERÇO;2 C a 8 C;560714;PB;A8302;00019200000013473247;MultiModal;20/07/2026 23:43;22/07/2026 09:40;20/07/2026 23:43;22/07/2026 09:40
CAIXA 130L;CAIXA 130L COM BERÇO;2 C a 8 C;560714;PB;A6137;00019200000013473255;MultiModal;20/07/2026 23:43;22/07/2026 09:40;20/07/2026 23:43;22/07/2026 09:40
CAIXA 130L;CAIXA 130L COM BERÇO;2 C a 8 C;560714;PB;A5808;00019200000013473263;MultiModal;20/07/2026 23:43;22/07/2026 09:40;21/07/2026 04:21;22/07/2026 09:40
CAIXA 130L;CAIXA 130L COM BERÇO;2 C a 8 C;560714;PB;A8991;00019200000013473271;MultiModal;20/07/2026 23:43;22/07/2026 09:40;20/07/2026 23:43;22/07/2026 09:40
CAIXA 130L;CAIXA 130L COM BERÇO;2 C a 8 C;560714;PB;A5744;00019200000013473298;MultiModal;20/07/2026 23:43;22/07/2026 09:40;21/07/2026 04:21;22/07/2026 09:40
CAIXA 130L;CAIXA 130L COM BERÇO;2 C a 8 C;560714;PB;A9567;00019200000013473301;MultiModal;20/07/2026 23:43;22/07/2026 09:40;21/07/2026 04:21;22/07/2026 09:40
CAIXA 130L;CAIXA 130L COM BERÇO;2 C a 8 C;560714;PB;A6961;00019200000013473310;MultiModal;20/07/2026 23:43;22/07/2026 09:40;21/07/2026 04:21;22/07/2026 09:40
CAIXA 130L;CAIXA 130L COM BERÇO;2 C a 8 C;560725;PB;A6215;00019200000013439162;MultiModal;19/07/2026 02:18;20/07/2026 13:00;19/07/2026 02:18;20/07/2026 13:00
CAIXA 130L;CAIXA 130L COM BERÇO;2 C a 8 C;560725;PB;A1347;00019200000013439170;MultiModal;19/07/2026 02:18;20/07/2026 13:00;19/07/2026 02:18;20/07/2026 13:00
CAIXA 130L;CAIXA 130L COM BERÇO;2 C a 8 C;560725;PB;TA0677;00019200000013439189;MultiModal;19/07/2026 02:18;20/07/2026 13:00;19/07/2026 02:18;20/07/2026 13:00
CAIXA 130L;CAIXA 130L COM BERÇO;2 C a 8 C;560725;PB;A8759;00019200000013439197;MultiModal;19/07/2026 02:18;20/07/2026 13:00;19/07/2026 02:18;20/07/2026 13:00
CAIXA 130L;CAIXA 130L COM BERÇO;2 C a 8 C;560725;PB;A2981;00019200000013439200;MultiModal;19/07/2026 02:18;20/07/2026 13:00;19/07/2026 02:18;20/07/2026 13:00
CAIXA 130L;CAIXA 130L COM BERÇO;2 C a 8 C;560725;PB;A8149;00019200000013439219;MultiModal;19/07/2026 02:18;20/07/2026 13:00;19/07/2026 02:18;20/07/2026 13:00
CAIXA 130L;CAIXA 130L COM BERÇO;2 C a 8 C;560725;PB;A8686;00019200000013439227;MultiModal;19/07/2026 02:18;20/07/2026 13:00;19/07/2026 02:18;20/07/2026 13:00
CAIXA 130L;CAIXA 130L COM BERÇO;2 C a 8 C;560725;PB;A3027;00019200000013439235;MultiModal;19/07/2026 02:18;20/07/2026 13:00;19/07/2026 02:18;20/07/2026 13:00
CAIXA 130L;CAIXA 130L COM BERÇO;2 C a 8 C;560725;PB;A5759;00019200000013474154;MultiModal;19/07/2026 02:18;20/07/2026 13:00;19/07/2026 02:18;20/07/2026 13:00
CAIXA 130L;CAIXA 130L COM BERÇO;2 C a 8 C;560725;PB;A9278;00019200000013474162;MultiModal;19/07/2026 02:18;20/07/2026 13:00;19/07/2026 02:18;20/07/2026 13:00
CAIXA 130L;CAIXA 130L COM BERÇO;2 C a 8 C;560725;PB;TA0620;00019200000013474170;MultiModal;19/07/2026 02:18;20/07/2026 13:00;19/07/2026 02:18;20/07/2026 13:00
CAIXA 130L;CAIXA 130L COM BERÇO;2 C a 8 C;560725;PB;A1033;00019200000013474189;MultiModal;19/07/2026 02:18;20/07/2026 13:00;19/07/2026 02:18;20/07/2026 13:00
CAIXA 130L;CAIXA 130L COM BERÇO;2 C a 8 C;560725;PB;TA0404;00019200000013474197;MultiModal;19/07/2026 02:18;20/07/2026 13:00;19/07/2026 02:18;20/07/2026 13:00
CAIXA 130L;CAIXA 130L COM BERÇO;2 C a 8 C;560725;PB;A6996;00019200000013474200;MultiModal;19/07/2026 02:18;20/07/2026 13:00;19/07/2026 02:18;20/07/2026 13:00
CAIXA 130L;CAIXA 130L COM BERÇO;2 C a 8 C;560725;PB;TA0397;00019200000013474235;MultiModal;19/07/2026 02:18;20/07/2026 13:00;23/07/2026 00:26;24/07/2026 11:00
CAIXA 130L;CAIXA 130L COM BERÇO;2 C a 8 C;560725;PB;A2621;00019200000013474243;MultiModal;19/07/2026 02:18;20/07/2026 13:00;23/07/2026 00:26;24/07/2026 11:00
CAIXA 130L;CAIXA 130L COM BERÇO;2 C a 8 C;560725;PB;TA0244;00019200000013474251;MultiModal;19/07/2026 02:18;20/07/2026 13:00;23/07/2026 00:26;24/07/2026 11:00
CAIXA 130L;CAIXA 130L COM BERÇO;2 C a 8 C;560725;PB;A0402;00019200000013474260;MultiModal;19/07/2026 02:18;20/07/2026 13:00;23/07/2026 00:26;24/07/2026 11:00
CAIXA 130L;CAIXA 130L COM BERÇO;2 C a 8 C;560725;PB;A8533;00019200000013474278;MultiModal;19/07/2026 02:18;20/07/2026 13:00;23/07/2026 00:26;24/07/2026 11:00
CAIXA 130L;CAIXA 130L COM BERÇO;2 C a 8 C;560725;PB;A6767;00019200000013474286;MultiModal;19/07/2026 02:18;20/07/2026 13:00;23/07/2026 00:26;24/07/2026 11:00
CAIXA 130L;CAIXA 130L COM BERÇO;2 C a 8 C;560725;PB;A7587;00019200000013474294;MultiModal;19/07/2026 02:18;20/07/2026 13:00;23/07/2026 00:26;24/07/2026 11:00
CAIXA 130L;CAIXA 130L COM BERÇO;2 C a 8 C;560725;PB;A3734;00019200000013474308;MultiModal;19/07/2026 02:18;20/07/2026 13:00;23/07/2026 00:26;24/07/2026 11:00
CAIXA 130L;CAIXA 130L COM BERÇO;2 C a 8 C;560725;PB;A8708;00019200000013474316;MultiModal;19/07/2026 02:18;20/07/2026 13:00;23/07/2026 00:26;24/07/2026 11:00
CAIXA 130L;CAIXA 130L COM BERÇO;2 C a 8 C;560725;PB;A6263;00019200000013474324;MultiModal;19/07/2026 02:18;20/07/2026 13:00;23/07/2026 00:26;24/07/2026 11:00
CAIXA 130L;CAIXA 130L COM BERÇO;2 C a 8 C;560725;PB;TA0234;00019200000013474332;MultiModal;19/07/2026 02:18;20/07/2026 13:00;19/07/2026 02:18;20/07/2026 13:00
CAIXA 130L;CAIXA 130L COM BERÇO;2 C a 8 C;560725;PB;A9534;00019200000013474340;MultiModal;19/07/2026 02:18;20/07/2026 13:00;19/07/2026 02:18;20/07/2026 13:00
CAIXA 130L;CAIXA 130L COM BERÇO;2 C a 8 C;560725;PB;A1037;00019200000013474359;MultiModal;19/07/2026 02:18;20/07/2026 13:00;19/07/2026 02:18;20/07/2026 13:00
CAIXA 130L;CAIXA 130L COM BERÇO;2 C a 8 C;560725;PB;A4248;00019200000013474367;MultiModal;19/07/2026 02:18;20/07/2026 13:00;19/07/2026 02:18;20/07/2026 13:00
CAIXA 130L;CAIXA 130L COM BERÇO;2 C a 8 C;560725;PB;A7692;00019200000013474383;MultiModal;19/07/2026 02:18;20/07/2026 13:00;23/07/2026 00:26;24/07/2026 11:00
CAIXA 130L;CAIXA 130L COM BERÇO;2 C a 8 C;560725;PB;A7032;00019200000013474391;MultiModal;19/07/2026 02:18;20/07/2026 13:00;23/07/2026 00:26;24/07/2026 11:00
CAIXA 130L;CAIXA 130L COM BERÇO;2 C a 8 C;560725;PB;A6726;00019200000013474405;MultiModal;19/07/2026 02:18;20/07/2026 13:00;23/07/2026 00:26;24/07/2026 11:00
CAIXA 130L;CAIXA 130L COM BERÇO;2 C a 8 C;560725;PB;A7718;00019200000013474413;MultiModal;19/07/2026 02:18;20/07/2026 13:00;23/07/2026 00:26;24/07/2026 11:00
CAIXA 130L;CAIXA 130L COM BERÇO;2 C a 8 C;560725;PB;A3628;00019200000013474421;MultiModal;19/07/2026 02:18;20/07/2026 13:00;23/07/2026 00:26;24/07/2026 11:00
CAIXA 130L;CAIXA 130L COM BERÇO;2 C a 8 C;560725;PB;A0438;00019200000013474430;MultiModal;19/07/2026 02:18;20/07/2026 13:00;23/07/2026 00:26;24/07/2026 11:00
CAIXA 130L;CAIXA 130L COM BERÇO;2 C a 8 C;560725;PB;TA0616;00019200000013474448;MultiModal;19/07/2026 02:18;20/07/2026 13:00;23/07/2026 00:26;24/07/2026 11:00
CAIXA 130L;CAIXA 130L COM BERÇO;2 C a 8 C;560725;PB;A0017;00019200000013474456;MultiModal;19/07/2026 02:18;20/07/2026 13:00;23/07/2026 00:26;24/07/2026 11:00
CAIXA 130L;CAIXA 130L COM BERÇO;2 C a 8 C;560725;PB;A7100;00019200000013474464;MultiModal;19/07/2026 02:18;20/07/2026 13:00;19/07/2026 02:18;20/07/2026 13:00
CAIXA 130L;CAIXA 130L COM BERÇO;2 C a 8 C;560725;PB;A4082;00019200000013474472;MultiModal;19/07/2026 02:18;20/07/2026 13:00;19/07/2026 02:18;20/07/2026 13:00
CAIXA 130L;CAIXA 130L COM BERÇO;2 C a 8 C;560725;PB;A7142;00019200000013474480;MultiModal;19/07/2026 02:18;20/07/2026 13:00;19/07/2026 02:18;20/07/2026 13:00
CAIXA 130L;CAIXA 130L COM BERÇO;2 C a 8 C;560725;PB;A0839;00019200000013474685;MultiModal;19/07/2026 02:18;20/07/2026 13:00;19/07/2026 02:18;20/07/2026 13:00
CAIXA 130L;CAIXA 130L COM BERÇO;2 C a 8 C;560725;PB;A0491;00019200000013474707;MultiModal;19/07/2026 02:18;20/07/2026 13:00;19/07/2026 02:18;20/07/2026 13:00
CAIXA 130L;CAIXA 130L COM BERÇO;2 C a 8 C;560725;PB;A8381;00019200000013474715;MultiModal;19/07/2026 02:18;20/07/2026 13:00;19/07/2026 02:18;20/07/2026 13:00
CAIXA 130L;CAIXA 130L COM BERÇO;2 C a 8 C;560725;PB;A4949;00019200000013474723;MultiModal;19/07/2026 02:18;20/07/2026 13:00;19/07/2026 02:18;20/07/2026 13:00
CAIXA 130L;CAIXA 130L COM BERÇO;2 C a 8 C;560725;PB;A2926;00019200000013474758;MultiModal;19/07/2026 02:18;20/07/2026 13:00;23/07/2026 00:26;24/07/2026 11:00
CAIXA 130L;CAIXA 130L COM BERÇO;2 C a 8 C;560725;PB;A4919;00019200000013474766;MultiModal;19/07/2026 02:18;20/07/2026 13:00;19/07/2026 02:18;20/07/2026 13:00
CAIXA 130L;CAIXA 130L COM BERÇO;2 C a 8 C;560725;PB;TA0216;00019200000013474774;MultiModal;19/07/2026 02:18;20/07/2026 13:00;23/07/2026 00:26;24/07/2026 11:00
CAIXA 130L;CAIXA 130L COM BERÇO;2 C a 8 C;560974;PB;A6631;00019200000013441914;MultiModal;14/07/2026 22:57;16/07/2026 15:00;14/07/2026 22:57;16/07/2026 15:00
CAIXA 130L;CAIXA 130L COM BERÇO;2 C a 8 C;560981;PB;A8664;00019200000013441701;MultiModal;14/07/2026 22:56;17/07/2026 12:15;14/07/2026 22:56;17/07/2026 12:15
CAIXA 130L;CAIXA 130L COM BERÇO;2 C a 8 C;558017;PE;A0276;00019200000013324861;MultiModal;02/07/2026 04:04;03/07/2026 11:23;02/07/2026 04:06;03/07/2026 11:23
CAIXA 130L;CAIXA 130L COM BERÇO;2 C a 8 C;558017;PE;A8199;00019200000013324870;MultiModal;02/07/2026 04:04;03/07/2026 11:23;02/07/2026 04:06;03/07/2026 11:23
CAIXA 130L;CAIXA 130L COM BERÇO;2 C a 8 C;558017;PE;A5892;00019200000013324888;MultiModal;02/07/2026 04:04;03/07/2026 11:23;02/07/2026 04:06;03/07/2026 11:23
CAIXA 130L;CAIXA 130L COM BERÇO;2 C a 8 C;558017;PE;A3866;00019200000013324896;MultiModal;02/07/2026 04:04;03/07/2026 11:23;02/07/2026 04:06;03/07/2026 11:23
CAIXA 130L;CAIXA 130L COM BERÇO;2 C a 8 C;558017;PE;A4965;00019200000013324900;MultiModal;02/07/2026 04:04;03/07/2026 11:23;02/07/2026 04:04;06/07/2026 11:35
CAIXA 130L;CAIXA 130L COM BERÇO;2 C a 8 C;558017;PE;A8779;00019200000013324918;MultiModal;02/07/2026 04:04;03/07/2026 11:23;02/07/2026 04:06;03/07/2026 11:23
CAIXA 130L;CAIXA 130L COM BERÇO;2 C a 8 C;558017;PE;A2986;00019200000013324926;MultiModal;02/07/2026 04:04;03/07/2026 11:23;02/07/2026 04:04;06/07/2026 11:35
CAIXA 130L;CAIXA 130L COM BERÇO;2 C a 8 C;558017;PE;A8280;00019200000013324934;MultiModal;02/07/2026 04:04;03/07/2026 11:23;02/07/2026 04:06;03/07/2026 11:23
CAIXA 130L;CAIXA 130L COM BERÇO;2 C a 8 C;558017;PE;A5456;00019200000013325230;MultiModal;02/07/2026 04:04;03/07/2026 11:23;02/07/2026 04:04;06/07/2026 11:35
CAIXA 130L;CAIXA 130L COM BERÇO;2 C a 8 C;558017;PE;A8471;00019200000013325248;MultiModal;02/07/2026 04:04;03/07/2026 11:23;02/07/2026 04:04;06/07/2026 11:35
CAIXA 130L;CAIXA 130L COM BERÇO;2 C a 8 C;558017;PE;A4586;00019200000013325310;MultiModal;02/07/2026 04:04;03/07/2026 11:23;02/07/2026 04:06;03/07/2026 11:23
CAIXA 130L;CAIXA 130L COM BERÇO;2 C a 8 C;558017;PE;A0764;00019200000013325329;MultiModal;02/07/2026 04:04;03/07/2026 11:23;02/07/2026 04:04;06/07/2026 11:35
CAIXA 130L;CAIXA 130L COM BERÇO;2 C a 8 C;558017;PE;A9608;00019200000013325337;MultiModal;02/07/2026 04:04;03/07/2026 11:23;02/07/2026 04:04;06/07/2026 11:35
CAIXA 130L;CAIXA 130L COM BERÇO;2 C a 8 C;558017;PE;A8152;00019200000013325345;MultiModal;02/07/2026 04:04;03/07/2026 11:23;02/07/2026 04:06;03/07/2026 11:23
CAIXA 130L;CAIXA 130L COM BERÇO;2 C a 8 C;558017;PE;A3896;00019200000013325353;MultiModal;02/07/2026 04:04;03/07/2026 11:23;02/07/2026 04:04;06/07/2026 11:35
CAIXA 130L;CAIXA 130L COM BERÇO;2 C a 8 C;558017;PE;A8460;00019200000013325361;MultiModal;02/07/2026 04:04;03/07/2026 11:23;02/07/2026 04:04;06/07/2026 11:35
CAIXA 130L;CAIXA 130L COM BERÇO;2 C a 8 C;558017;PE;A4153;00019200000013325370;MultiModal;02/07/2026 04:04;03/07/2026 11:23;02/07/2026 04:04;06/07/2026 11:35
CAIXA 130L;CAIXA 130L COM BERÇO;2 C a 8 C;558017;PE;A6353;00019200000013325388;MultiModal;02/07/2026 04:04;03/07/2026 11:23;02/07/2026 04:06;03/07/2026 11:23
CAIXA 130L;CAIXA 130L COM BERÇO;2 C a 8 C;558017;PE;A2959;00019200000013325396;MultiModal;02/07/2026 04:04;03/07/2026 11:23;02/07/2026 04:06;03/07/2026 11:23
CAIXA 130L;CAIXA 130L COM BERÇO;2 C a 8 C;558017;PE;A7835;00019200000013325400;MultiModal;02/07/2026 04:04;03/07/2026 11:23;02/07/2026 04:04;06/07/2026 11:35
CAIXA 130L;CAIXA 130L COM BERÇO;2 C a 8 C;558017;PE;A4232;00019200000013325418;MultiModal;02/07/2026 04:04;03/07/2026 11:23;02/07/2026 04:06;03/07/2026 11:23
CAIXA 130L;CAIXA 130L COM BERÇO;2 C a 8 C;558017;PE;A8823;00019200000013325426;MultiModal;02/07/2026 04:04;03/07/2026 11:23;02/07/2026 04:06;03/07/2026 11:23
CAIXA 130L;CAIXA 130L COM BERÇO;2 C a 8 C;558017;PE;A6143;00019200000013325434;MultiModal;02/07/2026 04:04;03/07/2026 11:23;02/07/2026 04:06;03/07/2026 11:23
CAIXA 130L;CAIXA 130L COM BERÇO;2 C a 8 C;558017;PE;A1049;00019200000013325442;MultiModal;02/07/2026 04:04;03/07/2026 11:23;02/07/2026 04:04;06/07/2026 11:35
CAIXA 130L;CAIXA 130L COM BERÇO;2 C a 8 C;558017;PE;A9438;00019200000013325590;MultiModal;02/07/2026 04:04;03/07/2026 11:23;02/07/2026 04:04;06/07/2026 11:35
CAIXA 130L;CAIXA 130L COM BERÇO;2 C a 8 C;558017;PE;A3613;00019200000013325604;MultiModal;02/07/2026 04:04;03/07/2026 11:23;02/07/2026 04:04;06/07/2026 11:35
CAIXA 130L;CAIXA 130L COM BERÇO;2 C a 8 C;558017;PE;A6875;00019200000013325612;MultiModal;02/07/2026 04:04;03/07/2026 11:23;02/07/2026 04:04;06/07/2026 11:35
CAIXA 130L;CAIXA 130L COM BERÇO;2 C a 8 C;558017;PE;TA1024;00019200000013325620;MultiModal;02/07/2026 04:04;03/07/2026 11:23;02/07/2026 04:06;03/07/2026 11:23
CAIXA 130L;CAIXA 130L COM BERÇO;2 C a 8 C;558022;PE;TA0429;00019200000013200127;MultiModal;01/07/2026 04:50;02/07/2026 13:49;01/07/2026 04:50;02/07/2026 13:49
CAIXA 130L;CAIXA 130L COM BERÇO;2 C a 8 C;558022;PE;TA1039;00019200000013200135;MultiModal;01/07/2026 04:50;02/07/2026 13:49;01/07/2026 04:50;02/07/2026 13:49
CAIXA 130L;CAIXA 130L COM BERÇO;2 C a 8 C;558022;PE;A5256;00019200000013200143;MultiModal;01/07/2026 04:50;02/07/2026 13:49;01/07/2026 04:50;02/07/2026 13:49
CAIXA 130L;CAIXA 130L COM BERÇO;2 C a 8 C;558022;PE;A6927;00019200000013200151;MultiModal;01/07/2026 04:50;02/07/2026 13:49;01/07/2026 04:50;02/07/2026 13:49
CAIXA 130L;CAIXA 130L COM BERÇO;2 C a 8 C;558022;PE;A3974;00019200000013200160;MultiModal;01/07/2026 04:50;02/07/2026 13:49;01/07/2026 04:50;02/07/2026 13:49
CAIXA 130L;CAIXA 130L COM BERÇO;2 C a 8 C;558022;PE;A4039;00019200000013200178;MultiModal;01/07/2026 04:50;02/07/2026 13:49;01/07/2026 04:50;02/07/2026 13:49
CAIXA 130L;CAIXA 130L COM BERÇO;2 C a 8 C;558022;PE;A8042;00019200000013200186;MultiModal;01/07/2026 04:50;02/07/2026 13:49;01/07/2026 04:50;02/07/2026 13:49
CAIXA 130L;CAIXA 130L COM BERÇO;2 C a 8 C;558022;PE;A1510;00019200000013200194;MultiModal;01/07/2026 04:50;02/07/2026 13:49;01/07/2026 04:50;02/07/2026 13:49
CAIXA 130L;CAIXA 130L COM BERÇO;2 C a 8 C;558022;PE;A7343;00019200000013200208;MultiModal;01/07/2026 04:50;02/07/2026 13:49;01/07/2026 04:50;02/07/2026 13:49
CAIXA 130L;CAIXA 130L COM BERÇO;2 C a 8 C;558022;PE;A7507;00019200000013200216;MultiModal;01/07/2026 04:50;02/07/2026 13:49;01/07/2026 04:50;02/07/2026 13:49
CAIXA 130L;CAIXA 130L COM BERÇO;2 C a 8 C;558022;PE;TA0807;00019200000013200224;MultiModal;01/07/2026 04:50;02/07/2026 13:49;01/07/2026 04:50;02/07/2026 13:49
CAIXA 130L;CAIXA 130L COM BERÇO;2 C a 8 C;558022;PE;A8552;00019200000013200232;MultiModal;01/07/2026 04:50;02/07/2026 13:49;01/07/2026 04:50;02/07/2026 13:49
CAIXA 130L;CAIXA 130L COM BERÇO;2 C a 8 C;558022;PE;A6428;00019200000013200240;MultiModal;01/07/2026 04:50;02/07/2026 13:49;01/07/2026 04:50;02/07/2026 13:49
CAIXA 130L;CAIXA 130L COM BERÇO;2 C a 8 C;558022;PE;A2785;00019200000013200259;MultiModal;01/07/2026 04:50;02/07/2026 13:49;01/07/2026 04:50;02/07/2026 13:49
CAIXA 130L;CAIXA 130L COM BERÇO;2 C a 8 C;558022;PE;A3838;00019200000013200267;MultiModal;01/07/2026 04:50;02/07/2026 13:49;01/07/2026 04:50;02/07/2026 13:49
CAIXA 130L;CAIXA 130L COM BERÇO;2 C a 8 C;558022;PE;A9676;00019200000013200275;MultiModal;01/07/2026 04:50;02/07/2026 13:49;01/07/2026 04:50;02/07/2026 13:49
CAIXA 130L;CAIXA 130L COM BERÇO;2 C a 8 C;558022;PE;A0491;00019200000013200283;MultiModal;01/07/2026 04:50;02/07/2026 13:49;01/07/2026 04:50;02/07/2026 13:49
CAIXA 130L;CAIXA 130L COM BERÇO;2 C a 8 C;558022;PE;A8430;00019200000013200291;MultiModal;01/07/2026 04:50;02/07/2026 13:49;01/07/2026 04:50;02/07/2026 13:49
CAIXA 130L;CAIXA 130L COM BERÇO;2 C a 8 C;558022;PE;A9032;00019200000013200305;MultiModal;01/07/2026 04:50;02/07/2026 13:49;01/07/2026 04:50;02/07/2026 13:49
CAIXA 130L;CAIXA 130L COM BERÇO;2 C a 8 C;558022;PE;A6890;00019200000013200313;MultiModal;01/07/2026 04:50;02/07/2026 13:49;01/07/2026 04:50;02/07/2026 13:49
CAIXA 130L;CAIXA 130L COM BERÇO;2 C a 8 C;558022;PE;A8871;00019200000013200321;MultiModal;01/07/2026 04:50;02/07/2026 13:49;01/07/2026 04:50;02/07/2026 13:49
CAIXA 130L;CAIXA 130L COM BERÇO;2 C a 8 C;558022;PE;A3302;00019200000013200330;MultiModal;01/07/2026 04:50;02/07/2026 13:49;01/07/2026 04:50;02/07/2026 13:49
CAIXA 130L;CAIXA 130L COM BERÇO;2 C a 8 C;558022;PE;A6683;00019200000013200348;MultiModal;01/07/2026 04:50;02/07/2026 13:49;01/07/2026 04:50;02/07/2026 13:49
CAIXA 130L;CAIXA 130L COM BERÇO;2 C a 8 C;558022;PE;A2789;00019200000013200356;MultiModal;01/07/2026 04:50;02/07/2026 13:49;01/07/2026 04:50;02/07/2026 13:49
CAIXA 130L;CAIXA 130L COM BERÇO;2 C a 8 C;558659;PE;A5107;00019200000013424149;MultiModal;06/07/2026 02:37;07/07/2026 10:48;06/07/2026 02:37;07/07/2026 10:48
CAIXA 130L;CAIXA 130L COM BERÇO;2 C a 8 C;558659;PE;A6657;00019200000013424157;MultiModal;06/07/2026 02:37;07/07/2026 10:48;06/07/2026 02:37;07/07/2026 10:48
CAIXA 130L;CAIXA 130L COM BERÇO;2 C a 8 C;558659;PE;A6655;00019200000013424165;MultiModal;06/07/2026 02:37;07/07/2026 10:48;06/07/2026 02:37;07/07/2026 10:48
CAIXA 130L;CAIXA 130L COM BERÇO;2 C a 8 C;558659;PE;A5440;00019200000013424173;MultiModal;06/07/2026 02:37;07/07/2026 10:48;06/07/2026 02:37;07/07/2026 10:48
CAIXA 130L;CAIXA 130L COM BERÇO;2 C a 8 C;558659;PE;A4827;00019200000013424181;MultiModal;06/07/2026 02:37;07/07/2026 10:48;06/07/2026 02:37;07/07/2026 10:48
CAIXA 130L;CAIXA 130L COM BERÇO;2 C a 8 C;558659;PE;A8531;00019200000013424190;MultiModal;06/07/2026 02:37;07/07/2026 10:48;06/07/2026 02:37;07/07/2026 10:48
CAIXA 130L;CAIXA 130L COM BERÇO;2 C a 8 C;558659;PE;A5115;00019200000013424203;MultiModal;06/07/2026 02:37;07/07/2026 10:48;06/07/2026 02:37;07/07/2026 10:48
CAIXA 130L;CAIXA 130L COM BERÇO;2 C a 8 C;558659;PE;A9286;00019200000013424211;MultiModal;06/07/2026 02:37;07/07/2026 10:48;06/07/2026 02:37;07/07/2026 10:48
CAIXA 130L;CAIXA 130L COM BERÇO;2 C a 8 C;558659;PE;A3478;00019200000013424220;MultiModal;06/07/2026 02:37;07/07/2026 10:48;06/07/2026 02:37;07/07/2026 10:48
CAIXA 130L;CAIXA 130L COM BERÇO;2 C a 8 C;558659;PE;A7943;00019200000013424297;MultiModal;06/07/2026 02:37;07/07/2026 10:48;06/07/2026 02:37;07/07/2026 10:48
CAIXA 130L;CAIXA 130L COM BERÇO;2 C a 8 C;558659;PE;A3112;00019200000013424300;MultiModal;06/07/2026 02:37;07/07/2026 10:48;06/07/2026 02:37;07/07/2026 10:48
CAIXA 130L;CAIXA 130L COM BERÇO;2 C a 8 C;558659;PE;A5124;00019200000013424319;MultiModal;06/07/2026 02:37;07/07/2026 10:48;06/07/2026 02:37;07/07/2026 10:48
CAIXA 130L;CAIXA 130L COM BERÇO;2 C a 8 C;558659;PE;A9673;00019200000013424327;MultiModal;06/07/2026 02:37;07/07/2026 10:48;06/07/2026 02:37;07/07/2026 10:48
CAIXA 130L;CAIXA 130L COM BERÇO;2 C a 8 C;558659;PE;TA0346;00019200000013424335;MultiModal;06/07/2026 02:37;07/07/2026 10:48;06/07/2026 02:37;07/07/2026 10:48
CAIXA 130L;CAIXA 130L COM BERÇO;2 C a 8 C;558659;PE;A7478;00019200000013424343;MultiModal;06/07/2026 02:37;07/07/2026 10:48;06/07/2026 02:37;07/07/2026 10:48
CAIXA 130L;CAIXA 130L COM BERÇO;2 C a 8 C;558659;PE;TA1168;00019200000013424351;MultiModal;06/07/2026 02:37;07/07/2026 10:48;06/07/2026 02:37;07/07/2026 10:48
CAIXA 130L;CAIXA 130L COM BERÇO;2 C a 8 C;558659;PE;A7544;00019200000013424360;MultiModal;06/07/2026 02:37;07/07/2026 10:48;06/07/2026 02:37;07/07/2026 10:48
CAIXA 130L;CAIXA 130L COM BERÇO;2 C a 8 C;559703;PE;A6440;00019200000013422642;MultiModal;05/07/2026 23:52;08/07/2026 11:07;05/07/2026 23:52;08/07/2026 11:07
CAIXA 130L;CAIXA 130L COM BERÇO;2 C a 8 C;559834;PE;A7155;00019200000013421301;MultiModal;06/07/2026 03:35;07/07/2026 10:07;06/07/2026 03:35;07/07/2026 10:07
CAIXA 130L;CAIXA 130L COM BERÇO;2 C a 8 C;560749;PE;A1127;00019200000013474499;MultiModal;19/07/2026 03:54;20/07/2026 14:00;19/07/2026 03:54;20/07/2026 15:14
CAIXA 130L;CAIXA 130L COM BERÇO;2 C a 8 C;560749;PE;A3116;00019200000013474502;MultiModal;19/07/2026 03:54;20/07/2026 14:00;19/07/2026 03:54;20/07/2026 15:14
CAIXA 130L;CAIXA 130L COM BERÇO;2 C a 8 C;560749;PE;TA0527;00019200000013474510;MultiModal;19/07/2026 03:54;20/07/2026 14:00;19/07/2026 03:54;20/07/2026 15:14
CAIXA 130L;CAIXA 130L COM BERÇO;2 C a 8 C;560749;PE;A9556;00019200000013474529;MultiModal;19/07/2026 03:54;20/07/2026 14:00;19/07/2026 03:54;20/07/2026 15:14
CAIXA 130L;CAIXA 130L COM BERÇO;2 C a 8 C;560749;PE;A4665;00019200000013474537;MultiModal;19/07/2026 03:54;20/07/2026 14:00;19/07/2026 03:54;20/07/2026 15:14
CAIXA 130L;CAIXA 130L COM BERÇO;2 C a 8 C;560749;PE;A8924;00019200000013474545;MultiModal;19/07/2026 03:54;20/07/2026 14:00;19/07/2026 03:54;20/07/2026 15:14
CAIXA 130L;CAIXA 130L COM BERÇO;2 C a 8 C;560749;PE;A5398;00019200000013474553;MultiModal;19/07/2026 03:54;20/07/2026 14:00;19/07/2026 03:54;20/07/2026 15:14
CAIXA 130L;CAIXA 130L COM BERÇO;2 C a 8 C;560749;PE;A8020;00019200000013474561;MultiModal;19/07/2026 03:54;20/07/2026 14:00;19/07/2026 03:54;20/07/2026 15:14
CAIXA 130L;CAIXA 130L COM BERÇO;2 C a 8 C;560749;PE;A1618;00019200000013474570;MultiModal;19/07/2026 03:54;20/07/2026 14:00;19/07/2026 03:54;20/07/2026 15:14
CAIXA 130L;CAIXA 130L COM BERÇO;2 C a 8 C;560749;PE;A7936;00019200000013474588;MultiModal;19/07/2026 03:54;20/07/2026 14:00;19/07/2026 03:54;20/07/2026 15:14
CAIXA 130L;CAIXA 130L COM BERÇO;2 C a 8 C;560749;PE;A6397;00019200000013474596;MultiModal;19/07/2026 03:54;20/07/2026 14:00;19/07/2026 03:54;20/07/2026 15:14
CAIXA 130L;CAIXA 130L COM BERÇO;2 C a 8 C;560749;PE;A7231;00019200000013474600;MultiModal;19/07/2026 03:54;20/07/2026 14:00;19/07/2026 03:54;20/07/2026 15:14
CAIXA 130L;CAIXA 130L COM BERÇO;2 C a 8 C;560749;PE;A2983;00019200000013474618;MultiModal;19/07/2026 03:54;20/07/2026 14:00;19/07/2026 03:54;20/07/2026 15:14
CAIXA 130L;CAIXA 130L COM BERÇO;2 C a 8 C;560749;PE;A8765;00019200000013474626;MultiModal;19/07/2026 03:54;20/07/2026 14:00;19/07/2026 03:54;20/07/2026 15:14
CAIXA 130L;CAIXA 130L COM BERÇO;2 C a 8 C;560749;PE;A6774;00019200000013474634;MultiModal;19/07/2026 03:54;20/07/2026 14:00;19/07/2026 03:54;20/07/2026 15:14
CAIXA 130L;CAIXA 130L COM BERÇO;2 C a 8 C;560749;PE;A8136;00019200000013474642;MultiModal;19/07/2026 03:54;20/07/2026 14:00;19/07/2026 03:54;20/07/2026 15:14
CAIXA 130L;CAIXA 130L COM BERÇO;2 C a 8 C;560749;PE;A8918;00019200000013474650;MultiModal;19/07/2026 03:54;20/07/2026 14:00;19/07/2026 03:54;20/07/2026 15:14
CAIXA 130L;CAIXA 130L COM BERÇO;2 C a 8 C;560749;PE;A7013;00019200000013474669;MultiModal;19/07/2026 03:54;20/07/2026 14:00;19/07/2026 03:54;20/07/2026 15:14
CAIXA 130L;CAIXA 130L COM BERÇO;2 C a 8 C;560749;PE;A0662;00019200000013474677;MultiModal;19/07/2026 03:54;20/07/2026 14:00;19/07/2026 03:54;20/07/2026 15:14
CAIXA 130L;CAIXA 130L COM BERÇO;2 C a 8 C;560749;PE;A3839;00019200000013474693;MultiModal;19/07/2026 03:54;20/07/2026 14:00;19/07/2026 03:54;20/07/2026 15:14
CAIXA 130L;CAIXA 130L COM BERÇO;2 C a 8 C;560752;PE;A7149;00019200000013473891;MultiModal;19/07/2026 03:49;20/07/2026 14:00;19/07/2026 03:49;20/07/2026 15:31
CAIXA 130L;CAIXA 130L COM BERÇO;2 C a 8 C;560752;PE;A6713;00019200000013473913;MultiModal;19/07/2026 03:49;20/07/2026 14:00;19/07/2026 03:49;20/07/2026 15:31
CAIXA 130L;CAIXA 130L COM BERÇO;2 C a 8 C;560752;PE;A6153;00019200000013473921;MultiModal;19/07/2026 03:49;20/07/2026 14:00;19/07/2026 03:49;20/07/2026 15:31
CAIXA 130L;CAIXA 130L COM BERÇO;2 C a 8 C;560752;PE;A7825;00019200000013473930;MultiModal;19/07/2026 03:49;20/07/2026 14:00;19/07/2026 03:49;20/07/2026 15:31
CAIXA 130L;CAIXA 130L COM BERÇO;2 C a 8 C;560752;PE;A5104;00019200000013473948;MultiModal;19/07/2026 03:49;20/07/2026 14:00;19/07/2026 03:49;20/07/2026 15:31
CAIXA 130L;CAIXA 130L COM BERÇO;2 C a 8 C;560752;PE;A2642;00019200000013473956;MultiModal;19/07/2026 03:49;20/07/2026 14:00;19/07/2026 03:49;20/07/2026 15:31
CAIXA 130L;CAIXA 130L COM BERÇO;2 C a 8 C;560752;PE;A6562;00019200000013473964;MultiModal;19/07/2026 03:49;20/07/2026 14:00;19/07/2026 03:49;20/07/2026 15:31
CAIXA 130L;CAIXA 130L COM BERÇO;2 C a 8 C;560752;PE;A9353;00019200000013473972;MultiModal;19/07/2026 03:49;20/07/2026 14:00;19/07/2026 03:49;20/07/2026 15:31
CAIXA 130L;CAIXA 130L COM BERÇO;2 C a 8 C;560752;PE;A4477;00019200000013473980;MultiModal;19/07/2026 03:49;20/07/2026 14:00;19/07/2026 03:49;20/07/2026 15:31
CAIXA 130L;CAIXA 130L COM BERÇO;2 C a 8 C;560752;PE;A2496;00019200000013473999;MultiModal;19/07/2026 03:49;20/07/2026 14:00;19/07/2026 03:49;20/07/2026 15:31
CAIXA 130L;CAIXA 130L COM BERÇO;2 C a 8 C;560752;PE;A3911;00019200000013474006;MultiModal;19/07/2026 03:49;20/07/2026 14:00;19/07/2026 03:49;20/07/2026 15:31
CAIXA 130L;CAIXA 130L COM BERÇO;2 C a 8 C;560752;PE;A9181;00019200000013474014;MultiModal;19/07/2026 03:49;20/07/2026 14:00;19/07/2026 03:49;20/07/2026 15:31
CAIXA 130L;CAIXA 130L COM BERÇO;2 C a 8 C;560752;PE;A8735;00019200000013474022;MultiModal;19/07/2026 03:49;20/07/2026 14:00;19/07/2026 03:49;20/07/2026 15:31
CAIXA 130L;CAIXA 130L COM BERÇO;2 C a 8 C;560752;PE;TA0884;00019200000013474030;MultiModal;19/07/2026 03:49;20/07/2026 14:00;19/07/2026 03:49;20/07/2026 15:31
CAIXA 130L;CAIXA 130L COM BERÇO;2 C a 8 C;560752;PE;A5962;00019200000013474049;MultiModal;19/07/2026 03:49;20/07/2026 14:00;19/07/2026 03:49;20/07/2026 15:31
CAIXA 130L;CAIXA 130L COM BERÇO;2 C a 8 C;560752;PE;A9448;00019200000013474057;MultiModal;19/07/2026 03:49;20/07/2026 14:00;19/07/2026 03:49;20/07/2026 15:31
CAIXA 130L;CAIXA 130L COM BERÇO;2 C a 8 C;560752;PE;A1679;00019200000013474065;MultiModal;19/07/2026 03:49;20/07/2026 14:00;19/07/2026 03:49;20/07/2026 15:31
CAIXA 130L;CAIXA 130L COM BERÇO;2 C a 8 C;560752;PE;A3203;00019200000013474073;MultiModal;19/07/2026 03:49;20/07/2026 14:00;19/07/2026 03:49;20/07/2026 15:31
CAIXA 130L;CAIXA 130L COM BERÇO;2 C a 8 C;560752;PE;A1144;00019200000013474219;MultiModal;19/07/2026 03:49;20/07/2026 14:00;19/07/2026 03:49;20/07/2026 15:31
CAIXA 130L;CAIXA 130L COM BERÇO;2 C a 8 C;560752;PE;A7405;00019200000013474227;MultiModal;19/07/2026 03:49;20/07/2026 14:00;19/07/2026 03:49;20/07/2026 15:31
CAIXA 130L;CAIXA 130L COM BERÇO;2 C a 8 C;560850;PE;A8282;00019200000013445928;MultiModal;13/07/2026 23:10;17/07/2026 12:05;13/07/2026 23:10;17/07/2026 12:05
CAIXA 130L;CAIXA 130L COM BERÇO;2 C a 8 C;561454;PE;A9600;00019200000013475371;MultiModal;20/07/2026 06:02;21/07/2026 17:40;20/07/2026 06:02;21/07/2026 17:40
CAIXA 130L;CAIXA 130L COM BERÇO;2 C a 8 C;561532;PE;A4606;00019200000013695908;MultiModal;28/07/2026 02:28;-;28/07/2026 02:28;29/07/2026 12:00
CAIXA 130L;CAIXA 130L COM BERÇO;2 C a 8 C;561532;PE;TA0744;00019200000013695924;MultiModal;28/07/2026 02:28;-;28/07/2026 02:28;29/07/2026 12:00
CAIXA 130L;CAIXA 130L COM BERÇO;2 C a 8 C;561532;PE;A7501;00019200000013695983;MultiModal;28/07/2026 02:28;-;28/07/2026 02:28;29/07/2026 12:00
CAIXA 130L;CAIXA 130L COM BERÇO;2 C a 8 C;561532;PE;A4654;00019200000013695991;MultiModal;28/07/2026 02:28;-;28/07/2026 02:28;29/07/2026 12:00
CAIXA 130L;CAIXA 130L COM BERÇO;2 C a 8 C;561532;PE;A7174;00019200000013707396;MultiModal;28/07/2026 02:28;-;28/07/2026 02:28;29/07/2026 12:00
CAIXA 130L;CAIXA 130L COM BERÇO;2 C a 8 C;561532;PE;TA1103;00019200000013707434;MultiModal;28/07/2026 02:28;-;28/07/2026 02:28;29/07/2026 12:00
CAIXA 130L;CAIXA 130L COM BERÇO;2 C a 8 C;561532;PE;A5767;00019200000013707442;MultiModal;28/07/2026 02:28;-;28/07/2026 02:28;29/07/2026 12:00
CAIXA 130L;CAIXA 130L COM BERÇO;2 C a 8 C;561532;PE;A3104;00019200000013707450;MultiModal;28/07/2026 02:28;-;28/07/2026 02:28;29/07/2026 12:00
CAIXA 130L;CAIXA 130L COM BERÇO;2 C a 8 C;561532;PE;A4124;00019200000013707469;MultiModal;28/07/2026 02:28;-;28/07/2026 02:28;29/07/2026 12:00
CAIXA 130L;CAIXA 130L COM BERÇO;2 C a 8 C;561532;PE;A6655;00019200000013707477;MultiModal;28/07/2026 02:28;-;28/07/2026 02:28;29/07/2026 12:00
CAIXA 130L;CAIXA 130L COM BERÇO;2 C a 8 C;561532;PE;A8096;00019200000013707485;MultiModal;28/07/2026 02:28;-;28/07/2026 02:28;29/07/2026 12:00
CAIXA 130L;CAIXA 130L COM BERÇO;2 C a 8 C;561532;PE;A7745;00019200000013707493;MultiModal;28/07/2026 02:28;-;28/07/2026 02:28;29/07/2026 12:00
CAIXA 130L;CAIXA 130L COM BERÇO;2 C a 8 C;561532;PE;A3152;00019200000013707507;MultiModal;28/07/2026 02:28;-;28/07/2026 02:28;29/07/2026 12:00
CAIXA 130L;CAIXA 130L COM BERÇO;2 C a 8 C;561532;PE;TA0469;00019200000013707515;MultiModal;28/07/2026 02:28;-;28/07/2026 02:28;29/07/2026 12:00
CAIXA 130L;CAIXA 130L COM BERÇO;2 C a 8 C;561532;PE;A7317;00019200000013707523;MultiModal;28/07/2026 02:28;-;28/07/2026 02:28;29/07/2026 12:00
CAIXA 130L;CAIXA 130L COM BERÇO;2 C a 8 C;561532;PE;A9241;00019200000013707531;MultiModal;28/07/2026 02:28;-;28/07/2026 02:28;29/07/2026 12:00
CAIXA 130L;CAIXA 130L COM BERÇO;2 C a 8 C;561532;PE;A7384;00019200000013707540;MultiModal;28/07/2026 02:28;-;28/07/2026 02:28;29/07/2026 12:00
CAIXA 130L;CAIXA 130L COM BERÇO;2 C a 8 C;561532;PE;A6873;00019200000013707558;MultiModal;28/07/2026 02:28;-;28/07/2026 02:28;29/07/2026 12:00
CAIXA 130L;CAIXA 130L COM BERÇO;2 C a 8 C;561532;PE;A5707;00019200000013707566;MultiModal;28/07/2026 02:28;-;28/07/2026 02:28;29/07/2026 12:00
CAIXA 130L;CAIXA 130L COM BERÇO;2 C a 8 C;561532;PE;A6439;00019200000013707574;MultiModal;28/07/2026 02:28;-;28/07/2026 02:28;29/07/2026 12:00
CAIXA 130L;CAIXA 130L COM BERÇO;2 C a 8 C;561532;PE;A7173;00019200000013707582;MultiModal;28/07/2026 02:28;-;28/07/2026 02:28;29/07/2026 12:00
CAIXA 130L;CAIXA 130L COM BERÇO;2 C a 8 C;561532;PE;A1077;00019200000013707590;MultiModal;28/07/2026 02:28;-;28/07/2026 02:28;29/07/2026 12:00
CAIXA 130L;CAIXA 130L COM BERÇO;2 C a 8 C;561532;PE;A7885;00019200000013707604;MultiModal;28/07/2026 02:28;-;28/07/2026 02:28;29/07/2026 12:00
CAIXA 130L;CAIXA 130L COM BERÇO;2 C a 8 C;561532;PE;A6823;00019200000013707612;MultiModal;28/07/2026 02:28;-;28/07/2026 02:28;29/07/2026 12:00
CAIXA 130L;CAIXA 130L COM BERÇO;2 C a 8 C;561532;PE;A8740;00019200000013707620;MultiModal;28/07/2026 02:28;-;28/07/2026 02:28;29/07/2026 12:00
CAIXA 130L;CAIXA 130L COM BERÇO;2 C a 8 C;559089;PI;A7297;00019200000013423762;MultiModal;05/07/2026 23:44;07/07/2026 11:59;05/07/2026 23:44;07/07/2026 11:59
CAIXA 130L;CAIXA 130L COM BERÇO;2 C a 8 C;559089;PI;A8296;00019200000013423770;MultiModal;05/07/2026 23:44;07/07/2026 11:59;05/07/2026 23:44;07/07/2026 11:59
CAIXA 130L;CAIXA 130L COM BERÇO;2 C a 8 C;559089;PI;A0465;00019200000013423789;MultiModal;05/07/2026 23:44;07/07/2026 11:59;05/07/2026 23:44;07/07/2026 11:59
CAIXA 130L;CAIXA 130L COM BERÇO;2 C a 8 C;559089;PI;A7712;00019200000013423797;MultiModal;05/07/2026 23:44;07/07/2026 11:59;05/07/2026 23:44;07/07/2026 11:59
CAIXA 130L;CAIXA 130L COM BERÇO;2 C a 8 C;559089;PI;A8868;00019200000013423800;MultiModal;05/07/2026 23:44;07/07/2026 11:59;05/07/2026 23:44;07/07/2026 11:59
CAIXA 130L;CAIXA 130L COM BERÇO;2 C a 8 C;559089;PI;A8064;00019200000013423819;MultiModal;05/07/2026 23:44;07/07/2026 11:59;05/07/2026 23:44;07/07/2026 11:59
CAIXA 130L;CAIXA 130L COM BERÇO;2 C a 8 C;559228;PI;A0564;00019200000013207849;MultiModal;08/07/2026 00:52;09/07/2026 10:00;08/07/2026 00:52;09/07/2026 10:00
CAIXA 130L;CAIXA 130L COM BERÇO;2 C a 8 C;559228;PI;A9623;00019200000013408364;MultiModal;08/07/2026 00:52;09/07/2026 10:00;08/07/2026 00:52;09/07/2026 10:00
CAIXA 130L;CAIXA 130L COM BERÇO;2 C a 8 C;559228;PI;A2124;00019200000013408372;MultiModal;08/07/2026 00:52;09/07/2026 10:00;08/07/2026 00:52;09/07/2026 10:00
CAIXA 130L;CAIXA 130L COM BERÇO;2 C a 8 C;559228;PI;A6226;00019200000013408461;MultiModal;08/07/2026 00:52;09/07/2026 10:00;08/07/2026 00:52;09/07/2026 10:00
CAIXA 130L;CAIXA 130L COM BERÇO;2 C a 8 C;559228;PI;A9334;00019200000013408496;MultiModal;08/07/2026 00:52;09/07/2026 10:00;08/07/2026 00:52;09/07/2026 10:00
CAIXA 130L;CAIXA 130L COM BERÇO;2 C a 8 C;559228;PI;A6261;00019200000013408500;MultiModal;08/07/2026 00:52;09/07/2026 10:00;08/07/2026 00:52;09/07/2026 10:00
CAIXA 130L;CAIXA 130L COM BERÇO;2 C a 8 C;559228;PI;A7207;00019200000013408518;MultiModal;08/07/2026 00:52;09/07/2026 10:00;08/07/2026 00:52;09/07/2026 10:00
CAIXA 130L;CAIXA 130L COM BERÇO;2 C a 8 C;559228;PI;A4139;00019200000013408526;MultiModal;08/07/2026 00:52;09/07/2026 10:00;08/07/2026 00:52;09/07/2026 10:00
CAIXA 130L;CAIXA 130L COM BERÇO;2 C a 8 C;559228;PI;A6940;00019200000013408534;MultiModal;08/07/2026 00:52;09/07/2026 10:00;08/07/2026 00:52;09/07/2026 10:00
CAIXA 130L;CAIXA 130L COM BERÇO;2 C a 8 C;559228;PI;A8709;00019200000013408542;MultiModal;08/07/2026 00:52;09/07/2026 10:00;08/07/2026 00:52;09/07/2026 10:00
CAIXA 130L;CAIXA 130L COM BERÇO;2 C a 8 C;559228;PI;A3990;00019200000013408615;MultiModal;08/07/2026 00:52;09/07/2026 10:00;08/07/2026 00:52;09/07/2026 10:00
CAIXA 130L;CAIXA 130L COM BERÇO;2 C a 8 C;559228;PI;A7072;00019200000013421395;MultiModal;08/07/2026 00:52;09/07/2026 10:00;08/07/2026 00:52;09/07/2026 10:00
CAIXA 130L;CAIXA 130L COM BERÇO;2 C a 8 C;560447;PI;A8810;00019200000013441671;MultiModal;14/07/2026 22:58;16/07/2026 09:40;14/07/2026 22:58;16/07/2026 09:40
CAIXA 130L;CAIXA 130L COM BERÇO;2 C a 8 C;560447;PI;A6517;00019200000013441680;MultiModal;14/07/2026 22:58;16/07/2026 09:40;14/07/2026 22:58;16/07/2026 09:40
CAIXA 130L;CAIXA 130L COM BERÇO;2 C a 8 C;560447;PI;TA1148;00019200000013441698;MultiModal;14/07/2026 22:58;16/07/2026 09:40;14/07/2026 22:58;16/07/2026 09:40
CAIXA 130L;CAIXA 130L COM BERÇO;2 C a 8 C;560602;PI;A3630;00019200000013445910;MultiModal;13/07/2026 23:23;16/07/2026 15:15;13/07/2026 23:23;16/07/2026 15:15
CAIXA 130L;CAIXA 130L COM BERÇO;2 C a 8 C;560727;PI;A9084;00019200000013454358;MultiModal;15/07/2026 22:32;17/07/2026 19:13;15/07/2026 22:32;17/07/2026 19:13
CAIXA 130L;CAIXA 130L COM BERÇO;2 C a 8 C;560758;PI;A4055;00019200000013450190;MultiModal;20/07/2026 22:43;22/07/2026 15:30;20/07/2026 22:43;22/07/2026 15:30
CAIXA 130L;CAIXA 130L COM BERÇO;2 C a 8 C;560758;PI;A6180;00019200000013474782;MultiModal;20/07/2026 22:43;22/07/2026 15:30;20/07/2026 22:43;22/07/2026 15:30
CAIXA 130L;CAIXA 130L COM BERÇO;2 C a 8 C;560758;PI;A5858;00019200000013474790;MultiModal;20/07/2026 22:43;22/07/2026 15:30;20/07/2026 22:43;22/07/2026 15:30
CAIXA 130L;CAIXA 130L COM BERÇO;2 C a 8 C;560758;PI;TA0597;00019200000013474804;MultiModal;20/07/2026 22:43;22/07/2026 15:30;20/07/2026 22:43;22/07/2026 15:30
CAIXA 130L;CAIXA 130L COM BERÇO;2 C a 8 C;560758;PI;A0094;00019200000013474936;MultiModal;20/07/2026 22:43;22/07/2026 15:30;20/07/2026 22:43;22/07/2026 15:30
CAIXA 130L;CAIXA 130L COM BERÇO;2 C a 8 C;560758;PI;A8006;00019200000013474944;MultiModal;20/07/2026 22:43;22/07/2026 15:30;20/07/2026 22:43;22/07/2026 15:30
CAIXA 130L;CAIXA 130L COM BERÇO;2 C a 8 C;560758;PI;A6398;00019200000013474952;MultiModal;20/07/2026 22:43;22/07/2026 15:30;20/07/2026 22:43;22/07/2026 15:30
CAIXA 130L;CAIXA 130L COM BERÇO;2 C a 8 C;560758;PI;A2701;00019200000013474960;MultiModal;20/07/2026 22:43;22/07/2026 15:30;20/07/2026 22:43;22/07/2026 15:30
CAIXA 130L;CAIXA 130L COM BERÇO;2 C a 8 C;560758;PI;A7651;00019200000013474979;MultiModal;20/07/2026 22:43;22/07/2026 15:30;20/07/2026 22:43;22/07/2026 15:30
CAIXA 130L;CAIXA 130L COM BERÇO;2 C a 8 C;560758;PI;A4368;00019200000013474987;MultiModal;20/07/2026 22:43;22/07/2026 15:30;20/07/2026 22:43;22/07/2026 15:30
CAIXA 130L;CAIXA 130L COM BERÇO;2 C a 8 C;560758;PI;A7604;00019200000013474995;MultiModal;20/07/2026 22:43;22/07/2026 15:30;20/07/2026 22:43;22/07/2026 15:30
CAIXA 130L;CAIXA 130L COM BERÇO;2 C a 8 C;560758;PI;TA0248;00019200000013475002;MultiModal;20/07/2026 22:43;22/07/2026 15:30;20/07/2026 22:43;22/07/2026 15:30
CAIXA 130L;CAIXA 130L COM BERÇO;2 C a 8 C;560758;PI;A9297;00019200000013475010;MultiModal;20/07/2026 22:43;22/07/2026 15:30;20/07/2026 22:43;22/07/2026 15:30
CAIXA 130L;CAIXA 130L COM BERÇO;2 C a 8 C;560758;PI;A9264;00019200000013475029;MultiModal;20/07/2026 22:43;22/07/2026 15:30;20/07/2026 22:43;22/07/2026 15:30
CAIXA 130L;CAIXA 130L COM BERÇO;2 C a 8 C;560758;PI;A6493;00019200000013475037;MultiModal;20/07/2026 22:43;22/07/2026 15:30;20/07/2026 22:43;22/07/2026 15:30
CAIXA 130L;CAIXA 130L COM BERÇO;2 C a 8 C;560758;PI;A3098;00019200000013475207;MultiModal;20/07/2026 22:43;22/07/2026 15:30;20/07/2026 22:43;22/07/2026 15:30
CAIXA 130L;CAIXA 130L COM BERÇO;2 C a 8 C;560758;PI;A9628;00019200000013475215;MultiModal;20/07/2026 22:43;22/07/2026 15:30;20/07/2026 22:43;22/07/2026 15:30
CAIXA 130L;CAIXA 130L COM BERÇO;2 C a 8 C;560758;PI;A6832;00019200000013475223;MultiModal;20/07/2026 22:43;22/07/2026 15:30;20/07/2026 22:43;22/07/2026 15:30
CAIXA 130L;CAIXA 130L COM BERÇO;2 C a 8 C;560758;PI;A9689;00019200000013475231;MultiModal;20/07/2026 22:43;22/07/2026 15:30;20/07/2026 22:43;22/07/2026 15:30
CAIXA 130L;CAIXA 130L COM BERÇO;2 C a 8 C;560758;PI;A0980;00019200000013475240;MultiModal;20/07/2026 22:43;22/07/2026 15:30;20/07/2026 22:43;22/07/2026 15:30
CAIXA 130L;CAIXA 130L COM BERÇO;2 C a 8 C;560758;PI;A6470;00019200000013475258;MultiModal;20/07/2026 22:43;22/07/2026 15:30;20/07/2026 22:43;22/07/2026 15:30
CAIXA 130L;CAIXA 130L COM BERÇO;2 C a 8 C;560758;PI;A5482;00019200000013475266;MultiModal;20/07/2026 22:43;22/07/2026 15:30;20/07/2026 22:43;22/07/2026 15:30
CAIXA 130L;CAIXA 130L COM BERÇO;2 C a 8 C;558346;PR;A7294;00019200000013423193;MultiModal;06/07/2026 05:42;07/07/2026 18:45;06/07/2026 05:42;07/07/2026 18:45
CAIXA 130L;CAIXA 130L COM BERÇO;2 C a 8 C;558653;PR;A5327;00019200000013245236;MultiModal;02/07/2026 05:56;03/07/2026 15:30;02/07/2026 05:56;03/07/2026 15:30
CAIXA 130L;CAIXA 130L COM BERÇO;2 C a 8 C;558653;PR;A4600;00019200000013245244;MultiModal;02/07/2026 05:56;03/07/2026 15:30;02/07/2026 05:56;03/07/2026 15:30
CAIXA 130L;CAIXA 130L COM BERÇO;2 C a 8 C;558653;PR;A3990;00019200000013245252;MultiModal;02/07/2026 05:56;03/07/2026 15:30;02/07/2026 05:56;03/07/2026 15:30
CAIXA 130L;CAIXA 130L COM BERÇO;2 C a 8 C;558653;PR;A2910;00019200000013245260;MultiModal;02/07/2026 05:56;03/07/2026 15:30;02/07/2026 05:56;03/07/2026 15:30
CAIXA 130L;CAIXA 130L COM BERÇO;2 C a 8 C;558653;PR;A7329;00019200000013245279;MultiModal;02/07/2026 05:56;03/07/2026 15:30;02/07/2026 05:56;03/07/2026 15:30
CAIXA 130L;CAIXA 130L COM BERÇO;2 C a 8 C;558653;PR;A3541;00019200000013245287;MultiModal;02/07/2026 05:56;03/07/2026 15:30;02/07/2026 05:56;03/07/2026 15:30
CAIXA 130L;CAIXA 130L COM BERÇO;2 C a 8 C;558653;PR;A8245;00019200000013245295;MultiModal;02/07/2026 05:56;03/07/2026 15:30;02/07/2026 05:56;03/07/2026 15:30
CAIXA 130L;CAIXA 130L COM BERÇO;2 C a 8 C;558653;PR;A7917;00019200000013245309;MultiModal;02/07/2026 05:56;03/07/2026 15:30;02/07/2026 05:56;03/07/2026 15:30
CAIXA 130L;CAIXA 130L COM BERÇO;2 C a 8 C;558653;PR;A7057;00019200000013245317;MultiModal;02/07/2026 05:56;03/07/2026 15:30;02/07/2026 05:56;03/07/2026 15:30
CAIXA 130L;CAIXA 130L COM BERÇO;2 C a 8 C;558653;PR;A3065;00019200000013245325;MultiModal;02/07/2026 05:56;03/07/2026 15:30;02/07/2026 05:56;03/07/2026 15:30
CAIXA 130L;CAIXA 130L COM BERÇO;2 C a 8 C;558653;PR;A4777;00019200000013245333;MultiModal;02/07/2026 05:56;03/07/2026 15:30;02/07/2026 05:56;03/07/2026 15:30
CAIXA 130L;CAIXA 130L COM BERÇO;2 C a 8 C;558653;PR;A8517;00019200000013245341;MultiModal;02/07/2026 05:56;03/07/2026 15:30;02/07/2026 05:56;03/07/2026 15:30
CAIXA 130L;CAIXA 130L COM BERÇO;2 C a 8 C;558653;PR;A9013;00019200000013245350;MultiModal;02/07/2026 05:56;03/07/2026 15:30;02/07/2026 05:56;03/07/2026 15:30
CAIXA 130L;CAIXA 130L COM BERÇO;2 C a 8 C;558653;PR;A8704;00019200000013245368;MultiModal;02/07/2026 05:56;03/07/2026 15:30;02/07/2026 05:56;03/07/2026 15:30
CAIXA 130L;CAIXA 130L COM BERÇO;2 C a 8 C;558653;PR;A9334;00019200000013245376;MultiModal;02/07/2026 05:56;03/07/2026 15:30;02/07/2026 05:56;03/07/2026 15:30
CAIXA 130L;CAIXA 130L COM BERÇO;2 C a 8 C;558653;PR;A6621;00019200000013245384;MultiModal;02/07/2026 05:56;03/07/2026 15:30;02/07/2026 05:56;03/07/2026 15:30
CAIXA 130L;CAIXA 130L COM BERÇO;2 C a 8 C;558653;PR;A5830;00019200000013245392;MultiModal;02/07/2026 05:56;03/07/2026 15:30;02/07/2026 05:56;03/07/2026 15:30
CAIXA 130L;CAIXA 130L COM BERÇO;2 C a 8 C;558653;PR;A7072;00019200000013245406;MultiModal;02/07/2026 05:56;03/07/2026 15:30;02/07/2026 05:56;03/07/2026 15:30
CAIXA 130L;CAIXA 130L COM BERÇO;2 C a 8 C;558653;PR;A6829;00019200000013245414;MultiModal;02/07/2026 05:56;03/07/2026 15:30;02/07/2026 05:56;03/07/2026 15:30
CAIXA 130L;CAIXA 130L COM BERÇO;2 C a 8 C;558653;PR;A8178;00019200000013245422;MultiModal;02/07/2026 05:56;03/07/2026 15:30;02/07/2026 05:56;03/07/2026 15:30
CAIXA 130L;CAIXA 130L COM BERÇO;2 C a 8 C;558653;PR;A1539;00019200000013245430;MultiModal;02/07/2026 05:56;03/07/2026 15:30;02/07/2026 05:56;03/07/2026 15:30
CAIXA 130L;CAIXA 130L COM BERÇO;2 C a 8 C;558653;PR;A8338;00019200000013245490;MultiModal;02/07/2026 05:56;03/07/2026 15:30;02/07/2026 05:56;03/07/2026 15:30
CAIXA 130L;CAIXA 130L COM BERÇO;2 C a 8 C;558653;PR;A6839;00019200000013245503;MultiModal;02/07/2026 05:56;03/07/2026 15:30;02/07/2026 05:56;03/07/2026 15:30
CAIXA 130L;CAIXA 130L COM BERÇO;2 C a 8 C;558653;PR;A7031;00019200000013245511;MultiModal;02/07/2026 05:56;03/07/2026 15:30;02/07/2026 05:56;03/07/2026 15:30
CAIXA 130L;CAIXA 130L COM BERÇO;2 C a 8 C;558942;PR;TA0538;00019200000013202669;MultiModal;02/07/2026 05:57;03/07/2026 18:34;02/07/2026 05:57;03/07/2026 18:34
CAIXA 130L;CAIXA 130L COM BERÇO;2 C a 8 C;558942;PR;A5226;00019200000013202677;MultiModal;02/07/2026 05:57;03/07/2026 18:34;02/07/2026 05:57;03/07/2026 18:34
CAIXA 130L;CAIXA 130L COM BERÇO;2 C a 8 C;558942;PR;A9462;00019200000013202685;MultiModal;02/07/2026 05:57;03/07/2026 18:34;02/07/2026 05:57;03/07/2026 18:34
CAIXA 130L;CAIXA 130L COM BERÇO;2 C a 8 C;558942;PR;TA0861;00019200000013202693;MultiModal;02/07/2026 05:57;03/07/2026 18:34;02/07/2026 05:57;03/07/2026 18:34
CAIXA 130L;CAIXA 130L COM BERÇO;2 C a 8 C;558959;PR;A7179;00019200000013421247;MultiModal;08/07/2026 05:24;09/07/2026 17:24;08/07/2026 05:24;09/07/2026 17:24
CAIXA 130L;CAIXA 130L COM BERÇO;2 C a 8 C;559243;PR;A5989;00019200000013246887;MultiModal;01/07/2026 05:47;02/07/2026 14:01;01/07/2026 05:47;02/07/2026 14:01
CAIXA 130L;CAIXA 130L COM BERÇO;2 C a 8 C;559390;PR;A5512;00019200000013427520;MultiModal;06/07/2026 06:22;07/07/2026 19:35;06/07/2026 06:22;07/07/2026 19:35
CAIXA 130L;CAIXA 130L COM BERÇO;2 C a 8 C;559390;PR;A4035;00019200000013427539;MultiModal;06/07/2026 06:22;07/07/2026 19:35;06/07/2026 06:22;07/07/2026 19:35
CAIXA 130L;CAIXA 130L COM BERÇO;2 C a 8 C;559654;PR;TA0294;00019200000013423908;MultiModal;06/07/2026 05:42;07/07/2026 18:43;06/07/2026 05:42;07/07/2026 18:43
CAIXA 130L;CAIXA 130L COM BERÇO;2 C a 8 C;559654;PR;A8020;00019200000013423916;MultiModal;06/07/2026 05:42;07/07/2026 18:43;06/07/2026 05:42;07/07/2026 18:43
CAIXA 130L;CAIXA 130L COM BERÇO;2 C a 8 C;559654;PR;A8304;00019200000013423924;MultiModal;06/07/2026 05:42;07/07/2026 18:43;06/07/2026 05:42;07/07/2026 18:43
CAIXA 130L;CAIXA 130L COM BERÇO;2 C a 8 C;559654;PR;A6562;00019200000013423932;MultiModal;06/07/2026 05:42;07/07/2026 18:43;06/07/2026 05:42;07/07/2026 18:43
CAIXA 130L;CAIXA 130L COM BERÇO;2 C a 8 C;559654;PR;A8133;00019200000013423940;MultiModal;06/07/2026 05:42;07/07/2026 18:43;06/07/2026 05:42;07/07/2026 18:43
CAIXA 130L;CAIXA 130L COM BERÇO;2 C a 8 C;559654;PR;A7972;00019200000013423959;MultiModal;06/07/2026 05:42;07/07/2026 18:43;06/07/2026 05:42;07/07/2026 18:43
CAIXA 130L;CAIXA 130L COM BERÇO;2 C a 8 C;559654;PR;TA0834;00019200000013423967;MultiModal;06/07/2026 05:42;07/07/2026 18:43;06/07/2026 05:42;07/07/2026 18:43
CAIXA 130L;CAIXA 130L COM BERÇO;2 C a 8 C;559654;PR;A1299;00019200000013423975;MultiModal;06/07/2026 05:42;07/07/2026 18:43;06/07/2026 05:42;07/07/2026 18:43
CAIXA 130L;CAIXA 130L COM BERÇO;2 C a 8 C;559719;PR;A5844;00019200000013422987;MultiModal;05/07/2026 23:44;07/07/2026 13:37;05/07/2026 23:44;07/07/2026 13:37
CAIXA 130L;CAIXA 130L COM BERÇO;2 C a 8 C;559744;PR;A0406;00019200000013422677;MultiModal;06/07/2026 00:28;08/07/2026 15:00;06/07/2026 00:28;08/07/2026 15:00
CAIXA 130L;CAIXA 130L COM BERÇO;2 C a 8 C;559865;PR;TA1178;00019200000013421263;MultiModal;05/07/2026 23:44;07/07/2026 15:15;05/07/2026 23:44;13/07/2026 17:37
CAIXA 130L;CAIXA 130L COM BERÇO;2 C a 8 C;559869;PR;A3656;00019200000013421190;MultiModal;05/07/2026 23:45;06/07/2026 16:19;05/07/2026 23:45;06/07/2026 16:19
CAIXA 130L;CAIXA 130L COM BERÇO;-90 C a -60 C;560552;PR;869170035513507;00019200000013409000;Rodoviário;16/07/2026 10:13;17/07/2026 08:44;16/07/2026 10:13;17/07/2026 08:44
CAIXA 130L;CAIXA 130L COM BERÇO;-90 C a -60 C;560552;PR;AS-0213;00019200000013409018;Rodoviário;16/07/2026 10:13;17/07/2026 08:44;16/07/2026 10:13;17/07/2026 08:44
CAIXA 130L;CAIXA 130L COM BERÇO;-90 C a -60 C;560552;PR;869170034875006;00019200000013481967;Rodoviário;16/07/2026 10:13;17/07/2026 08:44;16/07/2026 10:13;17/07/2026 08:44
CAIXA 130L;CAIXA 130L COM BERÇO;-90 C a -60 C;560552;PR;AS-0628;00019200000013481975;Rodoviário;16/07/2026 10:13;17/07/2026 08:44;16/07/2026 10:13;17/07/2026 08:44
CAIXA 130L;CAIXA 130L COM BERÇO;-90 C a -60 C;560552;PR;AS-0570;00019200000013481983;Rodoviário;16/07/2026 10:13;17/07/2026 08:44;16/07/2026 10:13;17/07/2026 08:44
CAIXA 130L;CAIXA 130L COM BERÇO;-90 C a -60 C;560552;PR;AS-0226;00019200000013481991;Rodoviário;16/07/2026 10:13;17/07/2026 08:44;16/07/2026 10:13;17/07/2026 08:44
CAIXA 130L;CAIXA 130L COM BERÇO;-90 C a -60 C;560552;PR;869170035511287;00019200000013482009;Rodoviário;16/07/2026 10:13;17/07/2026 08:44;16/07/2026 10:13;17/07/2026 08:44
CAIXA 130L;CAIXA 130L COM BERÇO;-90 C a -60 C;560552;PR;AS-0442;00019200000013482017;Rodoviário;16/07/2026 10:13;17/07/2026 08:44;16/07/2026 10:13;17/07/2026 08:44
CAIXA 130L;CAIXA 130L COM BERÇO;-90 C a -60 C;560552;PR;869170035510313;00019200000013482025;Rodoviário;16/07/2026 10:13;17/07/2026 08:44;16/07/2026 10:13;17/07/2026 08:44
CAIXA 130L;CAIXA 130L COM BERÇO;-90 C a -60 C;560552;PR;AS-0284;00019200000013482033;Rodoviário;16/07/2026 10:13;17/07/2026 08:44;16/07/2026 10:13;17/07/2026 08:44
CAIXA 130L;CAIXA 130L COM BERÇO;-90 C a -60 C;560552;PR;AS-0228;00019200000013482041;Rodoviário;16/07/2026 10:13;17/07/2026 08:44;16/07/2026 10:13;17/07/2026 08:44
CAIXA 130L;CAIXA 130L COM BERÇO;-90 C a -60 C;560552;PR;AS-0351;00019200000013482050;Rodoviário;16/07/2026 10:13;17/07/2026 08:44;16/07/2026 10:13;17/07/2026 08:44
CAIXA 130L;CAIXA 130L COM BERÇO;-90 C a -60 C;560552;PR;869170035503748;00019200000013482068;Rodoviário;16/07/2026 10:13;17/07/2026 08:44;16/07/2026 10:13;17/07/2026 08:44
CAIXA 130L;CAIXA 130L COM BERÇO;-90 C a -60 C;560552;PR;AS-0037;00019200000013482076;Rodoviário;16/07/2026 10:13;17/07/2026 08:44;16/07/2026 10:13;17/07/2026 08:44
CAIXA 130L;CAIXA 130L COM BERÇO;-90 C a -60 C;560552;PR;869170034889494;00019200000013482084;Rodoviário;16/07/2026 10:13;17/07/2026 08:44;16/07/2026 10:13;17/07/2026 08:44
CAIXA 130L;CAIXA 130L COM BERÇO;-90 C a -60 C;560552;PR;869170034880824;00019200000013482092;Rodoviário;16/07/2026 10:13;17/07/2026 08:44;16/07/2026 10:13;17/07/2026 08:44
CAIXA 130L;CAIXA 130L COM BERÇO;-90 C a -60 C;560552;PR;869170034884347;00019200000013482106;Rodoviário;16/07/2026 10:13;17/07/2026 08:44;16/07/2026 10:13;17/07/2026 08:44
CAIXA 130L;CAIXA 130L COM BERÇO;-90 C a -60 C;560552;PR;AS-0673;00019200000013482114;Rodoviário;16/07/2026 10:13;17/07/2026 08:44;16/07/2026 10:13;17/07/2026 08:44
CAIXA 130L;CAIXA 130L COM BERÇO;-90 C a -60 C;560552;PR;869170034874280;00019200000013482122;Rodoviário;16/07/2026 10:13;17/07/2026 08:44;16/07/2026 10:13;17/07/2026 08:44
CAIXA 130L;CAIXA 130L COM BERÇO;-90 C a -60 C;560552;PR;869170035501593;00019200000013482130;Rodoviário;16/07/2026 10:13;17/07/2026 08:44;16/07/2026 10:13;17/07/2026 08:44
CAIXA 130L;CAIXA 130L COM BERÇO;-90 C a -60 C;560552;PR;AS-0877;00019200000013482149;Rodoviário;16/07/2026 10:13;17/07/2026 08:44;16/07/2026 10:13;17/07/2026 08:44
CAIXA 130L;CAIXA 130L COM BERÇO;-90 C a -60 C;560552;PR;AS-0448;00019200000013482157;Rodoviário;16/07/2026 10:13;17/07/2026 08:44;16/07/2026 10:13;17/07/2026 08:44
CAIXA 130L;CAIXA 130L COM BERÇO;-90 C a -60 C;560552;PR;869170034878521;00019200000013482165;Rodoviário;16/07/2026 10:13;17/07/2026 08:44;16/07/2026 10:13;17/07/2026 08:44
CAIXA 130L;CAIXA 130L COM BERÇO;-90 C a -60 C;560552;PR;AS-0817;00019200000013482173;Rodoviário;16/07/2026 10:13;17/07/2026 08:44;16/07/2026 10:13;17/07/2026 08:44
CAIXA 130L;CAIXA 130L COM BERÇO;-90 C a -60 C;560552;PR;869170034882424;00019200000013482181;Rodoviário;16/07/2026 10:13;17/07/2026 08:44;16/07/2026 10:13;17/07/2026 08:44
CAIXA 130L;CAIXA 130L COM BERÇO;-90 C a -60 C;560552;PR;869170034876020;00019200000013482190;Rodoviário;16/07/2026 10:13;17/07/2026 08:44;16/07/2026 10:13;17/07/2026 08:44
CAIXA 130L;CAIXA 130L COM BERÇO;-90 C a -60 C;560552;PR;869170034874512;00019200000013482203;Rodoviário;16/07/2026 10:13;17/07/2026 08:44;16/07/2026 10:13;17/07/2026 08:44
CAIXA 130L;CAIXA 130L COM BERÇO;-90 C a -60 C;560552;PR;869170035512376;00019200000013482211;Rodoviário;16/07/2026 10:13;17/07/2026 08:44;16/07/2026 10:13;17/07/2026 08:44
CAIXA 130L;CAIXA 130L COM BERÇO;-90 C a -60 C;560552;PR;869170035494781;00019200000013482220;Rodoviário;16/07/2026 10:13;17/07/2026 08:44;16/07/2026 10:13;17/07/2026 08:44
CAIXA 130L;CAIXA 130L COM BERÇO;-90 C a -60 C;560552;PR;869170035503607;00019200000013482238;Rodoviário;16/07/2026 10:13;17/07/2026 08:44;16/07/2026 10:13;17/07/2026 08:44
CAIXA 130L;CAIXA 130L COM BERÇO;-90 C a -60 C;560552;PR;869170035519066;00019200000013482246;Rodoviário;16/07/2026 10:13;17/07/2026 08:44;16/07/2026 10:13;17/07/2026 08:44
CAIXA 130L;CAIXA 130L COM BERÇO;-90 C a -60 C;560552;PR;AS-0154;00019200000013493884;Rodoviário;16/07/2026 10:13;17/07/2026 08:44;16/07/2026 10:13;17/07/2026 08:44
CAIXA 130L;CAIXA 130L COM BERÇO;-90 C a -60 C;560552;PR;AS-0569;00019200000013493892;Rodoviário;16/07/2026 10:13;17/07/2026 08:44;16/07/2026 10:13;17/07/2026 08:44
CAIXA 130L;CAIXA 130L COM BERÇO;-90 C a -60 C;560552;PR;AS-0490;00019200000013493906;Rodoviário;16/07/2026 10:13;17/07/2026 08:44;16/07/2026 10:13;17/07/2026 08:44
CAIXA 130L;CAIXA 130L COM BERÇO;-90 C a -60 C;560552;PR;869170034882895;00019200000013493914;Rodoviário;16/07/2026 10:13;17/07/2026 08:44;16/07/2026 10:13;17/07/2026 08:44
CAIXA 130L;CAIXA 130L COM BERÇO;-90 C a -60 C;560552;PR;AS-0679;00019200000013493922;Rodoviário;16/07/2026 10:13;17/07/2026 08:44;16/07/2026 10:13;17/07/2026 08:44
CAIXA 130L;CAIXA 130L COM BERÇO;2 C a 8 C;20260950;RJ;A4139;00019200000013422871;MultiModal;02/07/2026 23:47;03/07/2026 17:56;02/07/2026 23:47;03/07/2026 17:56
CAIXA 130L;CAIXA 130L COM BERÇO;2 C a 8 C;20260952;RJ;A4009;00019200000013429116;MultiModal;01/07/2026 01:10;01/07/2026 18:58;01/07/2026 01:10;01/07/2026 18:58
CAIXA 130L;CAIXA 130L COM BERÇO;2 C a 8 C;20260953;RJ;A5096;00019200000013208284;MultiModal;02/07/2026 23:47;03/07/2026 17:56;02/07/2026 23:47;03/07/2026 17:56
CAIXA 130L;CAIXA 130L COM BERÇO;2 C a 8 C;20260954;RJ;A8965;00019200000013419749;MultiModal;06/07/2026 00:21;06/07/2026 19:00;06/07/2026 00:21;06/07/2026 19:00
CAIXA 130L;CAIXA 130L COM BERÇO;2 C a 8 C;20261152;RJ;A6993;00019200000013445693;MultiModal;14/07/2026 00:40;14/07/2026 15:41;14/07/2026 00:40;14/07/2026 15:41
CAIXA 130L;CAIXA 130L COM BERÇO;2 C a 8 C;557292;RJ;A9342;00019200000013326112;MultiModal;19/07/2026 03:50;21/07/2026 19:00;19/07/2026 03:50;21/07/2026 19:00
CAIXA 130L;CAIXA 130L COM BERÇO;2 C a 8 C;557292;RJ;A3486;00019200000013326139;MultiModal;19/07/2026 03:50;21/07/2026 19:00;19/07/2026 03:50;21/07/2026 19:00
CAIXA 130L;CAIXA 130L COM BERÇO;2 C a 8 C;557292;RJ;A8133;00019200000013326155;MultiModal;19/07/2026 03:50;21/07/2026 19:00;19/07/2026 03:50;21/07/2026 19:00
CAIXA 130L;CAIXA 130L COM BERÇO;2 C a 8 C;557292;RJ;A8357;00019200000013326163;MultiModal;19/07/2026 03:50;21/07/2026 19:00;19/07/2026 03:50;21/07/2026 19:00
CAIXA 130L;CAIXA 130L COM BERÇO;2 C a 8 C;557292;RJ;TA0257;00019200000013326171;MultiModal;19/07/2026 03:50;21/07/2026 19:00;19/07/2026 03:50;21/07/2026 19:00
CAIXA 130L;CAIXA 130L COM BERÇO;2 C a 8 C;557292;RJ;A7544;00019200000013326180;MultiModal;19/07/2026 03:50;21/07/2026 19:00;19/07/2026 03:50;21/07/2026 19:00
CAIXA 130L;CAIXA 130L COM BERÇO;2 C a 8 C;557292;RJ;A5777;00019200000013326198;MultiModal;19/07/2026 03:50;21/07/2026 19:00;19/07/2026 03:50;21/07/2026 19:00
CAIXA 130L;CAIXA 130L COM BERÇO;2 C a 8 C;557292;RJ;A8456;00019200000013326201;MultiModal;19/07/2026 03:50;21/07/2026 19:00;19/07/2026 03:50;21/07/2026 19:00
CAIXA 130L;CAIXA 130L COM BERÇO;2 C a 8 C;557292;RJ;A6628;00019200000013326210;MultiModal;19/07/2026 03:50;21/07/2026 19:00;19/07/2026 03:50;21/07/2026 19:00
CAIXA 130L;CAIXA 130L COM BERÇO;2 C a 8 C;557292;RJ;A4391;00019200000013326228;MultiModal;19/07/2026 03:50;21/07/2026 19:00;19/07/2026 03:50;21/07/2026 19:00
CAIXA 130L;CAIXA 130L COM BERÇO;-90 C a -60 C;557492;RJ;869170034872300;00019200000013778021;MultiModal;27/07/2026 22:32;-;27/07/2026 22:32;-
CAIXA 130L;CAIXA 130L COM BERÇO;-90 C a -60 C;557492;RJ;300088;00019200000013778030;MultiModal;27/07/2026 22:32;-;27/07/2026 22:32;-
CAIXA 130L;CAIXA 130L COM BERÇO;-90 C a -60 C;557492;RJ;869170034874447;00019200000013778048;MultiModal;27/07/2026 22:32;-;27/07/2026 23:07;-
CAIXA 130L;CAIXA 130L COM BERÇO;-90 C a -60 C;557492;RJ;300089;00019200000013778056;MultiModal;27/07/2026 22:32;-;27/07/2026 22:32;-
CAIXA 130L;CAIXA 130L COM BERÇO;-90 C a -60 C;557492;RJ;300079;00019200000013778064;MultiModal;27/07/2026 22:32;-;27/07/2026 22:32;-
CAIXA 130L;CAIXA 130L COM BERÇO;-90 C a -60 C;557492;RJ;869170035519025;00019200000013778072;MultiModal;27/07/2026 22:32;-;27/07/2026 22:32;-
CAIXA 130L;CAIXA 130L COM BERÇO;-90 C a -60 C;557492;RJ;869170034888124;00019200000013778102;MultiModal;27/07/2026 22:32;-;27/07/2026 22:32;-
CAIXA 130L;CAIXA 130L COM BERÇO;-90 C a -60 C;557492;RJ;869170035510388;00019200000013778110;MultiModal;27/07/2026 22:32;-;27/07/2026 22:32;-
CAIXA 130L;CAIXA 130L COM BERÇO;-90 C a -60 C;557492;RJ;869170034885583;00019200000013778129;MultiModal;27/07/2026 22:32;-;27/07/2026 22:32;-
CAIXA 130L;CAIXA 130L COM BERÇO;-90 C a -60 C;557492;RJ;300055;00019200000013778137;MultiModal;27/07/2026 22:32;-;27/07/2026 23:07;-
CAIXA 130L;CAIXA 130L COM BERÇO;-90 C a -60 C;557492;RJ;300081;00019200000013778560;MultiModal;27/07/2026 22:32;-;27/07/2026 23:07;-
CAIXA 130L;CAIXA 130L COM BERÇO;-90 C a -60 C;557492;RJ;300170;00019200000013778579;MultiModal;27/07/2026 22:32;-;27/07/2026 22:32;-
CAIXA 130L;CAIXA 130L COM BERÇO;-90 C a -60 C;557492;RJ;300177;00019200000013778587;MultiModal;27/07/2026 22:32;-;27/07/2026 22:32;-
CAIXA 130L;CAIXA 130L COM BERÇO;-90 C a -60 C;557492;RJ;300214;00019200000013778595;MultiModal;27/07/2026 22:32;-;27/07/2026 22:32;-
CAIXA 130L;CAIXA 130L COM BERÇO;-90 C a -60 C;557492;RJ;300046;00019200000013778692;MultiModal;27/07/2026 22:32;-;27/07/2026 22:32;-
CAIXA 130L;CAIXA 130L COM BERÇO;-90 C a -60 C;557492;RJ;869170034882366;00019200000013778706;MultiModal;27/07/2026 22:32;-;27/07/2026 22:32;-
CAIXA 130L;CAIXA 130L COM BERÇO;-90 C a -60 C;557492;RJ;300196;00019200000013778714;MultiModal;27/07/2026 22:32;-;27/07/2026 22:32;-
CAIXA 130L;CAIXA 130L COM BERÇO;-90 C a -60 C;557492;RJ;AS-0897;00019200000013778722;MultiModal;27/07/2026 22:32;-;27/07/2026 22:32;-
CAIXA 130L;CAIXA 130L COM BERÇO;-90 C a -60 C;557492;RJ;300178;00019200000013778730;MultiModal;27/07/2026 22:32;-;27/07/2026 22:32;-
CAIXA 130L;CAIXA 130L COM BERÇO;-90 C a -60 C;557492;RJ;869170034875378;00019200000013778749;MultiModal;27/07/2026 22:32;-;27/07/2026 22:32;-
CAIXA 130L;CAIXA 130L COM BERÇO;-90 C a -60 C;557492;RJ;300031;00019200000013778757;MultiModal;27/07/2026 22:32;-;27/07/2026 22:32;-
CAIXA 130L;CAIXA 130L COM BERÇO;-90 C a -60 C;557492;RJ;869170034876368;00019200000013779494;MultiModal;27/07/2026 22:32;-;27/07/2026 23:07;-
CAIXA 130L;CAIXA 130L COM BERÇO;-90 C a -60 C;557492;RJ;869170034875493;00019200000013779508;MultiModal;27/07/2026 22:32;-;27/07/2026 23:07;-
CAIXA 130L;CAIXA 130L COM BERÇO;-90 C a -60 C;557492;RJ;869170035503755;00019200000013779516;MultiModal;27/07/2026 22:32;-;27/07/2026 23:07;-
CAIXA 130L;CAIXA 130L COM BERÇO;-90 C a -60 C;557492;RJ;AS-0623;00019200000013779524;MultiModal;27/07/2026 22:32;-;27/07/2026 23:07;-
CAIXA 130L;CAIXA 130L COM BERÇO;-90 C a -60 C;557492;RJ;869170035491530;00019200000013779532;MultiModal;27/07/2026 22:32;-;27/07/2026 23:07;-
CAIXA 130L;CAIXA 130L COM BERÇO;-90 C a -60 C;557492;RJ;869170034887530;00019200000013779540;MultiModal;27/07/2026 22:32;-;27/07/2026 23:07;-
CAIXA 130L;CAIXA 130L COM BERÇO;-90 C a -60 C;557492;RJ;869170034888181;00019200000013779559;MultiModal;27/07/2026 22:32;-;27/07/2026 23:07;-
CAIXA 130L;CAIXA 130L COM BERÇO;-90 C a -60 C;557492;RJ;869170034882424;00019200000013779567;MultiModal;27/07/2026 22:32;-;27/07/2026 23:07;-
CAIXA 130L;CAIXA 130L COM BERÇO;-90 C a -60 C;557492;RJ;869170034885815;00019200000013779575;MultiModal;27/07/2026 22:32;-;27/07/2026 23:07;-
CAIXA 130L;CAIXA 130L COM BERÇO;-90 C a -60 C;557492;RJ;869170034872896;00019200000013779583;MultiModal;27/07/2026 22:32;-;27/07/2026 23:07;-
CAIXA 130L;CAIXA 130L COM BERÇO;-90 C a -60 C;557492;RJ;869170034883513;00019200000013779591;MultiModal;27/07/2026 22:32;-;27/07/2026 23:07;-
CAIXA 130L;CAIXA 130L COM BERÇO;-90 C a -60 C;557492;RJ;869170034889734;00019200000013779605;MultiModal;27/07/2026 22:32;-;27/07/2026 23:07;-
CAIXA 130L;CAIXA 130L COM BERÇO;-90 C a -60 C;557492;RJ;300193;00019200000013779613;MultiModal;27/07/2026 22:32;-;27/07/2026 23:07;-
CAIXA 130L;CAIXA 130L COM BERÇO;-90 C a -60 C;557492;RJ;300175;00019200000013779621;MultiModal;27/07/2026 22:32;-;27/07/2026 22:32;-
CAIXA 130L;CAIXA 130L COM BERÇO;-90 C a -60 C;557492;RJ;300216;00019200000013779630;MultiModal;27/07/2026 22:32;-;27/07/2026 22:32;-
CAIXA 130L;CAIXA 130L COM BERÇO;-90 C a -60 C;557492;RJ;300009;00019200000013779656;MultiModal;27/07/2026 22:32;-;27/07/2026 23:07;-
CAIXA 130L;CAIXA 130L COM BERÇO;-90 C a -60 C;557492;RJ;869170034888512;00019200000013779664;MultiModal;27/07/2026 22:32;-;27/07/2026 22:32;-
CAIXA 130L;CAIXA 130L COM BERÇO;-90 C a -60 C;557492;RJ;869170034886110;00019200000013779672;MultiModal;27/07/2026 22:32;-;27/07/2026 22:32;-
CAIXA 130L;CAIXA 130L COM BERÇO;-90 C a -60 C;557492;RJ;300035;00019200000013779680;MultiModal;27/07/2026 22:32;-;27/07/2026 23:07;-
CAIXA 130L;CAIXA 130L COM BERÇO;-90 C a -60 C;557492;RJ;869170035501791;00019200000013779699;MultiModal;27/07/2026 22:32;-;27/07/2026 22:32;-
CAIXA 130L;CAIXA 130L COM BERÇO;-90 C a -60 C;557492;RJ;869170034871708;00019200000013779702;MultiModal;27/07/2026 22:32;-;27/07/2026 23:07;-
CAIXA 130L;CAIXA 130L COM BERÇO;-90 C a -60 C;557492;RJ;300085;00019200000013779710;MultiModal;27/07/2026 22:32;-;27/07/2026 23:07;-
CAIXA 130L;CAIXA 130L COM BERÇO;-90 C a -60 C;557492;RJ;300010;00019200000013779729;MultiModal;27/07/2026 22:32;-;27/07/2026 23:07;-
CAIXA 130L;CAIXA 130L PFIZER;-90 C a -60 C;557492;RJ;300182;00019200000013779737;MultiModal;27/07/2026 22:32;-;27/07/2026 23:07;-
CAIXA 130L;CAIXA 130L COM BERÇO;-90 C a -60 C;557492;RJ;300183;00019200000013779745;MultiModal;27/07/2026 22:32;-;27/07/2026 23:07;-
CAIXA 130L;CAIXA 130L COM BERÇO;2 C a 8 C;558947;RJ;A1340;00019200000013407368;MultiModal;08/07/2026 04:21;09/07/2026 16:50;08/07/2026 04:21;09/07/2026 16:50
CAIXA 130L;CAIXA 130L COM BERÇO;2 C a 8 C;559644;RJ;A6078;00019200000013428187;MultiModal;02/07/2026 04:05;03/07/2026 10:20;02/07/2026 04:05;03/07/2026 10:20
CAIXA 130L;CAIXA 130L COM BERÇO;2 C a 8 C;559684;RJ;A8991;00019200000013429108;MultiModal;01/07/2026 01:10;02/07/2026 11:15;01/07/2026 01:10;02/07/2026 11:15
CAIXA 130L;CAIXA 130L COM BERÇO;2 C a 8 C;559729;RJ;TA0682;00019200000013423037;MultiModal;02/07/2026 23:46;06/07/2026 14:00;02/07/2026 23:46;06/07/2026 14:00
CAIXA 130L;CAIXA 130L COM BERÇO;2 C a 8 C;559866;RJ;A4935;00019200000013421271;MultiModal;06/07/2026 03:35;07/07/2026 16:00;06/07/2026 03:35;07/07/2026 16:00
CAIXA 130L;CAIXA 130L COM BERÇO;2 C a 8 C;560041;RJ;A9141;00019200000013408631;MultiModal;08/07/2026 09:58;09/07/2026 15:20;08/07/2026 09:58;09/07/2026 15:20
CAIXA 130L;CAIXA 130L COM BERÇO;2 C a 8 C;557275;RN;A8517;00019200000013325450;MultiModal;08/07/2026 04:30;09/07/2026 16:42;08/07/2026 04:30;09/07/2026 16:43
CAIXA 130L;CAIXA 130L COM BERÇO;2 C a 8 C;557275;RN;A0773;00019200000013325469;MultiModal;08/07/2026 04:30;09/07/2026 16:42;08/07/2026 04:30;09/07/2026 16:43
CAIXA 130L;CAIXA 130L COM BERÇO;2 C a 8 C;557275;RN;A7298;00019200000013325477;MultiModal;08/07/2026 04:30;09/07/2026 16:42;08/07/2026 04:30;09/07/2026 16:43
CAIXA 130L;CAIXA 130L COM BERÇO;2 C a 8 C;557275;RN;A3689;00019200000013325485;MultiModal;08/07/2026 04:30;09/07/2026 16:42;08/07/2026 04:30;09/07/2026 16:43
CAIXA 130L;CAIXA 130L COM BERÇO;2 C a 8 C;557275;RN;A3126;00019200000013325493;MultiModal;08/07/2026 04:30;09/07/2026 16:42;08/07/2026 04:30;09/07/2026 16:43
CAIXA 130L;CAIXA 130L COM BERÇO;2 C a 8 C;557275;RN;A6078;00019200000013325507;MultiModal;08/07/2026 04:30;09/07/2026 16:42;08/07/2026 04:30;09/07/2026 16:43
CAIXA 130L;CAIXA 130L COM BERÇO;2 C a 8 C;557275;RN;A6429;00019200000013325515;MultiModal;08/07/2026 04:30;09/07/2026 16:42;09/07/2026 02:20;13/07/2026 14:00
CAIXA 130L;CAIXA 130L COM BERÇO;2 C a 8 C;557275;RN;A8763;00019200000013325523;MultiModal;08/07/2026 04:30;09/07/2026 16:42;09/07/2026 02:20;13/07/2026 14:00
CAIXA 130L;CAIXA 130L COM BERÇO;2 C a 8 C;557275;RN;A9583;00019200000013325531;MultiModal;08/07/2026 04:30;09/07/2026 16:42;09/07/2026 02:20;13/07/2026 14:00
CAIXA 130L;CAIXA 130L COM BERÇO;2 C a 8 C;557275;RN;A5601;00019200000013325540;MultiModal;08/07/2026 04:30;09/07/2026 16:42;09/07/2026 02:20;13/07/2026 14:00
CAIXA 130L;CAIXA 130L COM BERÇO;2 C a 8 C;557275;RN;A9426;00019200000013325558;MultiModal;08/07/2026 04:30;09/07/2026 16:42;09/07/2026 02:20;13/07/2026 14:00
CAIXA 130L;CAIXA 130L COM BERÇO;2 C a 8 C;557275;RN;A8460;00019200000013325566;MultiModal;08/07/2026 04:30;09/07/2026 16:42;09/07/2026 02:20;13/07/2026 14:00
CAIXA 130L;CAIXA 130L COM BERÇO;2 C a 8 C;557275;RN;A4776;00019200000013325574;MultiModal;08/07/2026 04:30;09/07/2026 16:42;09/07/2026 02:20;13/07/2026 14:00
CAIXA 130L;CAIXA 130L COM BERÇO;2 C a 8 C;557275;RN;A8871;00019200000013325582;MultiModal;08/07/2026 04:30;09/07/2026 16:42;09/07/2026 02:20;13/07/2026 14:00
CAIXA 130L;CAIXA 130L COM BERÇO;2 C a 8 C;557275;RN;A9408;00019200000013325779;MultiModal;08/07/2026 04:30;09/07/2026 16:42;08/07/2026 04:30;09/07/2026 16:43
CAIXA 130L;CAIXA 130L COM BERÇO;2 C a 8 C;557275;RN;A2175;00019200000013325825;MultiModal;08/07/2026 04:30;09/07/2026 16:42;09/07/2026 02:20;13/07/2026 14:00
CAIXA 130L;CAIXA 130L COM BERÇO;2 C a 8 C;557275;RN;A7279;00019200000013325833;MultiModal;08/07/2026 04:30;09/07/2026 16:42;08/07/2026 04:30;09/07/2026 16:43
CAIXA 130L;CAIXA 130L COM BERÇO;2 C a 8 C;557275;RN;A8428;00019200000013325841;MultiModal;08/07/2026 04:30;09/07/2026 16:42;08/07/2026 04:30;09/07/2026 16:43
CAIXA 130L;CAIXA 130L COM BERÇO;2 C a 8 C;557275;RN;A0764;00019200000013325850;MultiModal;08/07/2026 04:30;09/07/2026 16:42;09/07/2026 02:20;13/07/2026 14:00
CAIXA 130L;CAIXA 130L COM BERÇO;2 C a 8 C;557275;RN;A1539;00019200000013325868;MultiModal;08/07/2026 04:30;09/07/2026 16:42;08/07/2026 04:30;09/07/2026 16:43
CAIXA 130L;CAIXA 130L COM BERÇO;2 C a 8 C;557275;RN;A2785;00019200000013325876;MultiModal;08/07/2026 04:30;09/07/2026 16:42;09/07/2026 02:20;13/07/2026 14:00
CAIXA 130L;CAIXA 130L COM BERÇO;2 C a 8 C;557275;RN;A5289;00019200000013325884;MultiModal;08/07/2026 04:30;09/07/2026 16:42;08/07/2026 04:30;09/07/2026 16:43
CAIXA 130L;CAIXA 130L COM BERÇO;2 C a 8 C;557275;RN;A6890;00019200000013325892;MultiModal;08/07/2026 04:30;09/07/2026 16:42;09/07/2026 02:20;13/07/2026 14:00
CAIXA 130L;CAIXA 130L COM BERÇO;2 C a 8 C;557275;RN;A9438;00019200000013325906;MultiModal;08/07/2026 04:30;09/07/2026 16:42;09/07/2026 02:20;13/07/2026 14:00
CAIXA 130L;CAIXA 130L COM BERÇO;2 C a 8 C;557275;RN;A8285;00019200000013325914;MultiModal;08/07/2026 04:30;09/07/2026 16:42;08/07/2026 04:30;09/07/2026 16:43
CAIXA 130L;CAIXA 130L COM BERÇO;2 C a 8 C;557275;RN;A3838;00019200000013325922;MultiModal;08/07/2026 04:30;09/07/2026 16:42;09/07/2026 02:20;13/07/2026 14:00
CAIXA 130L;CAIXA 130L COM BERÇO;2 C a 8 C;557275;RN;A7019;00019200000013325930;MultiModal;08/07/2026 04:30;09/07/2026 16:42;09/07/2026 02:20;13/07/2026 14:00
CAIXA 130L;CAIXA 130L COM BERÇO;2 C a 8 C;557275;RN;A4039;00019200000013325949;MultiModal;08/07/2026 04:30;09/07/2026 16:42;09/07/2026 02:20;13/07/2026 14:00
CAIXA 130L;CAIXA 130L COM BERÇO;2 C a 8 C;557275;RN;A3080;00019200000013325957;MultiModal;08/07/2026 04:30;09/07/2026 16:42;09/07/2026 02:20;13/07/2026 14:00
CAIXA 130L;CAIXA 130L COM BERÇO;2 C a 8 C;557275;RN;A8541;00019200000013325965;MultiModal;08/07/2026 04:30;09/07/2026 16:42;09/07/2026 02:20;13/07/2026 14:00
CAIXA 130L;CAIXA 130L COM BERÇO;2 C a 8 C;557275;RN;A6662;00019200000013325973;MultiModal;08/07/2026 04:30;09/07/2026 16:42;09/07/2026 02:20;13/07/2026 14:00
CAIXA 130L;CAIXA 130L COM BERÇO;2 C a 8 C;557275;RN;A3854;00019200000013326252;MultiModal;08/07/2026 04:30;09/07/2026 16:42;08/07/2026 04:30;09/07/2026 16:43
CAIXA 130L;CAIXA 130L COM BERÇO;2 C a 8 C;557275;RN;A4447;00019200000013326260;MultiModal;08/07/2026 04:30;09/07/2026 16:42;08/07/2026 04:30;09/07/2026 16:43
CAIXA 130L;CAIXA 130L COM BERÇO;2 C a 8 C;557275;RN;A3713;00019200000013326279;MultiModal;08/07/2026 04:30;09/07/2026 16:42;08/07/2026 04:30;09/07/2026 16:43
CAIXA 130L;CAIXA 130L COM BERÇO;2 C a 8 C;557275;RN;A3865;00019200000013326287;MultiModal;08/07/2026 04:30;09/07/2026 16:42;08/07/2026 04:30;09/07/2026 16:43
CAIXA 130L;CAIXA 130L COM BERÇO;2 C a 8 C;557275;RN;A2435;00019200000013326295;MultiModal;08/07/2026 04:30;09/07/2026 16:42;08/07/2026 04:30;09/07/2026 16:43
CAIXA 130L;CAIXA 130L COM BERÇO;2 C a 8 C;557275;RN;A9295;00019200000013326309;MultiModal;08/07/2026 04:30;09/07/2026 16:42;08/07/2026 04:30;09/07/2026 16:43
CAIXA 130L;CAIXA 130L COM BERÇO;2 C a 8 C;557275;RN;A3221;00019200000013326317;MultiModal;08/07/2026 04:30;09/07/2026 16:42;08/07/2026 04:30;09/07/2026 16:43
CAIXA 130L;CAIXA 130L COM BERÇO;2 C a 8 C;557275;RN;A2910;00019200000013326325;MultiModal;08/07/2026 04:30;09/07/2026 16:42;08/07/2026 04:30;09/07/2026 16:43
CAIXA 130L;CAIXA 130L COM BERÇO;2 C a 8 C;557962;RN;A9314;00019200000013254464;MultiModal;06/07/2026 03:34;07/07/2026 15:00;06/07/2026 03:34;07/07/2026 15:00
CAIXA 130L;CAIXA 130L COM BERÇO;2 C a 8 C;557962;RN;A6516;00019200000013254472;MultiModal;06/07/2026 03:34;07/07/2026 15:00;06/07/2026 03:34;07/07/2026 15:00
CAIXA 130L;CAIXA 130L COM BERÇO;2 C a 8 C;557966;RN;A5187;00019200000013428500;MultiModal;06/07/2026 02:37;08/07/2026 09:00;06/07/2026 02:37;08/07/2026 09:00
CAIXA 130L;CAIXA 130L COM BERÇO;2 C a 8 C;557966;RN;TA0983;00019200000013428519;MultiModal;06/07/2026 02:37;08/07/2026 09:00;06/07/2026 02:37;08/07/2026 09:00
CAIXA 130L;CAIXA 130L COM BERÇO;2 C a 8 C;557966;RN;A3843;00019200000013428527;MultiModal;06/07/2026 02:37;08/07/2026 09:00;06/07/2026 02:37;08/07/2026 09:00
CAIXA 130L;CAIXA 130L COM BERÇO;2 C a 8 C;557966;RN;A5318;00019200000013428535;MultiModal;06/07/2026 02:37;08/07/2026 09:00;06/07/2026 02:37;08/07/2026 09:00
CAIXA 130L;CAIXA 130L COM BERÇO;2 C a 8 C;557966;RN;A6664;00019200000013428543;MultiModal;06/07/2026 02:37;08/07/2026 09:00;06/07/2026 02:37;08/07/2026 09:00
CAIXA 130L;CAIXA 130L COM BERÇO;2 C a 8 C;557966;RN;A6256;00019200000013428551;MultiModal;06/07/2026 02:37;08/07/2026 09:00;06/07/2026 02:37;08/07/2026 09:00
CAIXA 130L;CAIXA 130L COM BERÇO;2 C a 8 C;557966;RN;A6296;00019200000013428560;MultiModal;06/07/2026 02:37;08/07/2026 09:00;06/07/2026 02:37;08/07/2026 09:00
CAIXA 130L;CAIXA 130L COM BERÇO;2 C a 8 C;557966;RN;A9238;00019200000013428578;MultiModal;06/07/2026 02:37;08/07/2026 09:00;06/07/2026 02:37;08/07/2026 09:00
CAIXA 130L;CAIXA 130L COM BERÇO;2 C a 8 C;557966;RN;A9519;00019200000013428586;MultiModal;06/07/2026 02:37;08/07/2026 09:00;06/07/2026 02:37;08/07/2026 09:00
CAIXA 130L;CAIXA 130L COM BERÇO;2 C a 8 C;557966;RN;A9559;00019200000013428594;MultiModal;06/07/2026 02:37;08/07/2026 09:00;06/07/2026 02:37;08/07/2026 09:00
CAIXA 130L;CAIXA 130L COM BERÇO;2 C a 8 C;557966;RN;A5700;00019200000013428608;MultiModal;06/07/2026 02:37;08/07/2026 09:00;06/07/2026 02:37;08/07/2026 09:00
CAIXA 130L;CAIXA 130L COM BERÇO;2 C a 8 C;557966;RN;A3678;00019200000013428616;MultiModal;06/07/2026 02:37;08/07/2026 09:00;06/07/2026 02:37;08/07/2026 09:00
CAIXA 130L;CAIXA 130L COM BERÇO;2 C a 8 C;557966;RN;A1261;00019200000013428624;MultiModal;06/07/2026 02:37;08/07/2026 09:00;06/07/2026 02:37;08/07/2026 09:00
CAIXA 130L;CAIXA 130L COM BERÇO;2 C a 8 C;557966;RN;A1094;00019200000013428632;MultiModal;06/07/2026 02:37;08/07/2026 09:00;06/07/2026 02:37;08/07/2026 09:00
CAIXA 130L;CAIXA 130L COM BERÇO;2 C a 8 C;557966;RN;A7018;00019200000013428640;MultiModal;06/07/2026 02:37;08/07/2026 09:00;06/07/2026 02:37;08/07/2026 09:00
CAIXA 130L;CAIXA 130L COM BERÇO;2 C a 8 C;557966;RN;A4619;00019200000013428659;MultiModal;06/07/2026 02:37;08/07/2026 09:00;06/07/2026 02:37;08/07/2026 09:00
CAIXA 130L;CAIXA 130L COM BERÇO;2 C a 8 C;557966;RN;TA1104;00019200000013428667;MultiModal;06/07/2026 02:37;08/07/2026 09:00;06/07/2026 02:37;08/07/2026 09:00
CAIXA 130L;CAIXA 130L COM BERÇO;2 C a 8 C;557966;RN;A8366;00019200000013428675;MultiModal;06/07/2026 02:37;08/07/2026 09:00;06/07/2026 02:37;08/07/2026 09:00
CAIXA 130L;CAIXA 130L COM BERÇO;2 C a 8 C;557966;RN;A9251;00019200000013428683;MultiModal;06/07/2026 02:37;08/07/2026 09:00;06/07/2026 02:37;08/07/2026 09:00
CAIXA 130L;CAIXA 130L COM BERÇO;2 C a 8 C;557966;RN;A4369;00019200000013428691;MultiModal;06/07/2026 02:37;08/07/2026 09:00;06/07/2026 02:37;08/07/2026 09:00
CAIXA 130L;CAIXA 130L COM BERÇO;2 C a 8 C;557966;RN;A5083;00019200000013428705;MultiModal;06/07/2026 02:37;08/07/2026 09:00;06/07/2026 02:37;08/07/2026 09:00
CAIXA 130L;CAIXA 130L COM BERÇO;2 C a 8 C;557966;RN;A0940;00019200000013428713;MultiModal;06/07/2026 02:37;08/07/2026 09:00;06/07/2026 02:37;08/07/2026 09:00
CAIXA 130L;CAIXA 130L COM BERÇO;2 C a 8 C;557966;RN;A7050;00019200000013428918;MultiModal;06/07/2026 02:37;08/07/2026 09:00;06/07/2026 02:37;08/07/2026 09:00
CAIXA 130L;CAIXA 130L COM BERÇO;2 C a 8 C;558583;RN;A3207;00019200000013328174;MultiModal;06/07/2026 03:34;07/07/2026 15:15;06/07/2026 03:34;07/07/2026 15:15
CAIXA 130L;CAIXA 130L COM BERÇO;2 C a 8 C;559091;RN;TA0581;00019200000013424238;MultiModal;06/07/2026 04:05;07/07/2026 08:30;06/07/2026 04:05;07/07/2026 08:30
CAIXA 130L;CAIXA 130L COM BERÇO;2 C a 8 C;559091;RN;TA0616;00019200000013424246;MultiModal;06/07/2026 04:05;07/07/2026 08:30;06/07/2026 04:05;07/07/2026 08:30
CAIXA 130L;CAIXA 130L COM BERÇO;2 C a 8 C;559091;RN;A8510;00019200000013424254;MultiModal;06/07/2026 04:05;07/07/2026 08:30;06/07/2026 04:05;07/07/2026 08:30
CAIXA 130L;CAIXA 130L COM BERÇO;2 C a 8 C;559091;RN;A7264;00019200000013424262;MultiModal;06/07/2026 04:05;07/07/2026 08:30;06/07/2026 04:05;07/07/2026 08:30
CAIXA 130L;CAIXA 130L COM BERÇO;2 C a 8 C;559091;RN;TA0223;00019200000013424270;MultiModal;06/07/2026 04:05;07/07/2026 08:30;06/07/2026 04:05;07/07/2026 08:30
CAIXA 130L;CAIXA 130L COM BERÇO;2 C a 8 C;559091;RN;A4780;00019200000013424289;MultiModal;06/07/2026 04:05;07/07/2026 08:30;06/07/2026 04:05;07/07/2026 08:30
CAIXA 130L;CAIXA 130L COM BERÇO;2 C a 8 C;559137;RN;A2975;00019200000013408356;MultiModal;08/07/2026 04:22;13/07/2026 14:21;08/07/2026 04:22;13/07/2026 14:21
CAIXA 130L;CAIXA 130L COM BERÇO;2 C a 8 C;559137;RN;A7091;00019200000013408380;MultiModal;08/07/2026 04:22;13/07/2026 14:21;08/07/2026 04:22;13/07/2026 14:21
CAIXA 130L;CAIXA 130L COM BERÇO;2 C a 8 C;559137;RN;A7266;00019200000013408399;MultiModal;08/07/2026 04:22;13/07/2026 14:21;08/07/2026 04:22;13/07/2026 14:21
CAIXA 130L;CAIXA 130L COM BERÇO;2 C a 8 C;559137;RN;A7882;00019200000013408402;MultiModal;08/07/2026 04:22;13/07/2026 14:21;08/07/2026 04:22;13/07/2026 14:21
CAIXA 130L;CAIXA 130L COM BERÇO;2 C a 8 C;559137;RN;A9036;00019200000013408410;MultiModal;08/07/2026 04:22;13/07/2026 14:21;08/07/2026 04:22;13/07/2026 14:21
CAIXA 130L;CAIXA 130L COM BERÇO;2 C a 8 C;559137;RN;A2690;00019200000013408429;MultiModal;08/07/2026 04:22;13/07/2026 14:21;08/07/2026 04:22;13/07/2026 14:21
CAIXA 130L;CAIXA 130L COM BERÇO;2 C a 8 C;559137;RN;A3889;00019200000013408437;MultiModal;08/07/2026 04:22;13/07/2026 14:21;08/07/2026 04:22;13/07/2026 14:21
CAIXA 130L;CAIXA 130L COM BERÇO;2 C a 8 C;559137;RN;TA0091;00019200000013408445;MultiModal;08/07/2026 04:22;13/07/2026 14:21;08/07/2026 04:22;13/07/2026 14:21
CAIXA 130L;CAIXA 130L COM BERÇO;2 C a 8 C;560750;RN;A5735;00019200000013473476;MultiModal;20/07/2026 06:01;22/07/2026 12:00;20/07/2026 06:01;22/07/2026 12:00
CAIXA 130L;CAIXA 130L COM BERÇO;2 C a 8 C;560750;RN;A2505;00019200000013473484;MultiModal;20/07/2026 06:01;22/07/2026 12:00;20/07/2026 06:01;22/07/2026 12:00
CAIXA 130L;CAIXA 130L COM BERÇO;2 C a 8 C;560750;RN;TA0121;00019200000013473492;MultiModal;20/07/2026 06:01;22/07/2026 12:00;20/07/2026 06:01;22/07/2026 12:00
CAIXA 130L;CAIXA 130L COM BERÇO;2 C a 8 C;560769;RN;A3741;00019200000013695894;MultiModal;26/07/2026 01:31;27/07/2026 17:00;26/07/2026 01:31;27/07/2026 17:00
CAIXA 130L;CAIXA 130L COM BERÇO;2 C a 8 C;560769;RN;A8083;00019200000013695916;MultiModal;26/07/2026 01:31;27/07/2026 17:00;26/07/2026 01:31;27/07/2026 17:00
CAIXA 130L;CAIXA 130L COM BERÇO;2 C a 8 C;560769;RN;A6501;00019200000013695975;MultiModal;26/07/2026 01:31;27/07/2026 17:00;26/07/2026 01:31;27/07/2026 17:00
CAIXA 130L;CAIXA 130L COM BERÇO;2 C a 8 C;560769;RN;A1613;00019200000013696009;MultiModal;26/07/2026 01:31;27/07/2026 17:00;26/07/2026 01:31;27/07/2026 17:00
CAIXA 130L;CAIXA 130L COM BERÇO;2 C a 8 C;560769;RN;A6775;00019200000013706047;MultiModal;26/07/2026 01:31;27/07/2026 17:00;26/07/2026 01:31;27/07/2026 17:00
CAIXA 130L;CAIXA 130L COM BERÇO;2 C a 8 C;560769;RN;A1152;00019200000013707310;MultiModal;26/07/2026 01:31;27/07/2026 17:00;26/07/2026 01:31;27/07/2026 17:00
CAIXA 130L;CAIXA 130L COM BERÇO;2 C a 8 C;560769;RN;A9102;00019200000013707329;MultiModal;26/07/2026 01:31;27/07/2026 17:00;26/07/2026 01:31;27/07/2026 17:00
CAIXA 130L;CAIXA 130L COM BERÇO;2 C a 8 C;560769;RN;A6191;00019200000013707337;MultiModal;26/07/2026 01:31;27/07/2026 17:00;26/07/2026 01:31;27/07/2026 17:00
CAIXA 130L;CAIXA 130L COM BERÇO;2 C a 8 C;560769;RN;A5555;00019200000013707345;MultiModal;26/07/2026 01:31;27/07/2026 17:00;26/07/2026 01:31;27/07/2026 17:00
CAIXA 130L;CAIXA 130L COM BERÇO;2 C a 8 C;560769;RN;A4161;00019200000013707353;MultiModal;26/07/2026 01:31;27/07/2026 17:00;26/07/2026 01:31;27/07/2026 17:00
CAIXA 130L;CAIXA 130L COM BERÇO;2 C a 8 C;560769;RN;A8008;00019200000013707361;MultiModal;26/07/2026 01:31;27/07/2026 17:00;26/07/2026 01:31;27/07/2026 17:00
CAIXA 130L;CAIXA 130L COM BERÇO;2 C a 8 C;560769;RN;A8556;00019200000013707388;MultiModal;26/07/2026 01:31;27/07/2026 17:00;26/07/2026 01:31;27/07/2026 17:00
CAIXA 130L;CAIXA 130L COM BERÇO;2 C a 8 C;560769;RN;TA0285;00019200000013707400;MultiModal;26/07/2026 01:31;27/07/2026 17:00;26/07/2026 01:31;27/07/2026 17:00
CAIXA 130L;CAIXA 130L COM BERÇO;2 C a 8 C;560769;RN;A9698;00019200000013707418;MultiModal;26/07/2026 01:31;27/07/2026 17:00;26/07/2026 01:31;27/07/2026 17:00
CAIXA 130L;CAIXA 130L COM BERÇO;2 C a 8 C;560769;RN;A9436;00019200000013707426;MultiModal;26/07/2026 01:31;27/07/2026 17:00;26/07/2026 01:31;27/07/2026 17:00
CAIXA 130L;CAIXA 130L COM BERÇO;2 C a 8 C;560769;RN;A8281;00019200000013707850;MultiModal;26/07/2026 01:31;27/07/2026 17:00;26/07/2026 01:31;27/07/2026 17:00
CAIXA 130L;CAIXA 130L COM BERÇO;2 C a 8 C;560769;RN;A6903;00019200000013707868;MultiModal;26/07/2026 01:31;27/07/2026 17:00;26/07/2026 01:31;27/07/2026 17:00
CAIXA 130L;CAIXA 130L COM BERÇO;2 C a 8 C;560769;RN;A5595;00019200000013709119;MultiModal;26/07/2026 01:31;27/07/2026 17:00;26/07/2026 01:31;27/07/2026 17:00
CAIXA 130L;CAIXA 130L COM BERÇO;2 C a 8 C;560769;RN;A2120;00019200000013709127;MultiModal;26/07/2026 01:31;27/07/2026 17:00;26/07/2026 01:31;27/07/2026 17:00
CAIXA 130L;CAIXA 130L COM BERÇO;2 C a 8 C;560769;RN;A7153;00019200000013709135;MultiModal;26/07/2026 01:31;27/07/2026 17:00;26/07/2026 01:31;27/07/2026 17:00
CAIXA 130L;CAIXA 130L COM BERÇO;2 C a 8 C;561278;RN;A5334;00019200000013466313;MultiModal;21/07/2026 04:34;22/07/2026 13:00;21/07/2026 04:34;22/07/2026 13:00
CAIXA 130L;CAIXA 130L COM BERÇO;2 C a 8 C;558482;RO;A6684;00019200000013198084;MultiModal;01/07/2026 01:00;07/07/2026 18:00;08/07/2026 00:40;16/07/2026 10:33
CAIXA 130L;CAIXA 130L COM BERÇO;2 C a 8 C;558482;RO;A6827;00019200000013198092;MultiModal;01/07/2026 01:00;07/07/2026 18:00;06/07/2026 00:51;16/07/2026 10:37
CAIXA 130L;CAIXA 130L COM BERÇO;2 C a 8 C;558482;RO;TA1164;00019200000013198106;MultiModal;01/07/2026 01:00;07/07/2026 18:00;07/07/2026 00:59;16/07/2026 10:38
CAIXA 130L;CAIXA 130L COM BERÇO;2 C a 8 C;558482;RO;A5000;00019200000013198114;MultiModal;01/07/2026 01:00;07/07/2026 18:00;08/07/2026 00:40;16/07/2026 10:33
CAIXA 130L;CAIXA 130L COM BERÇO;2 C a 8 C;558482;RO;A6141;00019200000013198122;MultiModal;01/07/2026 01:00;07/07/2026 18:00;08/07/2026 00:40;16/07/2026 10:33
CAIXA 130L;CAIXA 130L COM BERÇO;2 C a 8 C;558482;RO;A8554;00019200000013198130;MultiModal;01/07/2026 01:00;07/07/2026 18:00;08/07/2026 00:40;16/07/2026 10:33
CAIXA 130L;CAIXA 130L COM BERÇO;2 C a 8 C;558482;RO;A7437;00019200000013198149;MultiModal;01/07/2026 01:00;07/07/2026 18:00;09/07/2026 01:26;14/07/2026 18:00
CAIXA 130L;CAIXA 130L COM BERÇO;2 C a 8 C;558482;RO;A3067;00019200000013198157;MultiModal;01/07/2026 01:00;07/07/2026 18:00;09/07/2026 01:26;14/07/2026 18:00
CAIXA 130L;CAIXA 130L COM BERÇO;2 C a 8 C;558482;RO;A5721;00019200000013198165;MultiModal;01/07/2026 01:00;07/07/2026 18:00;07/07/2026 00:59;16/07/2026 10:38
CAIXA 130L;CAIXA 130L COM BERÇO;2 C a 8 C;558482;RO;A5417;00019200000013198173;MultiModal;01/07/2026 01:00;07/07/2026 18:00;06/07/2026 00:51;16/07/2026 10:37
CAIXA 130L;CAIXA 130L COM BERÇO;2 C a 8 C;558482;RO;A2152;00019200000013198181;MultiModal;01/07/2026 01:00;07/07/2026 18:00;06/07/2026 00:51;16/07/2026 10:37
CAIXA 130L;CAIXA 130L COM BERÇO;2 C a 8 C;558482;RO;A7424;00019200000013198696;MultiModal;01/07/2026 01:00;07/07/2026 18:00;07/07/2026 00:59;16/07/2026 10:38
CAIXA 130L;CAIXA 130L COM BERÇO;2 C a 8 C;558482;RO;A0102;00019200000013198700;MultiModal;01/07/2026 01:00;07/07/2026 18:00;09/07/2026 01:26;14/07/2026 18:00
CAIXA 130L;CAIXA 130L COM BERÇO;2 C a 8 C;558482;RO;A3789;00019200000013198718;MultiModal;01/07/2026 01:00;07/07/2026 18:00;07/07/2026 00:59;16/07/2026 10:38
CAIXA 130L;CAIXA 130L COM BERÇO;2 C a 8 C;558482;RO;A3810;00019200000013198726;MultiModal;01/07/2026 01:00;07/07/2026 18:00;09/07/2026 01:26;14/07/2026 18:00
CAIXA 130L;CAIXA 130L COM BERÇO;2 C a 8 C;558482;RO;A6266;00019200000013198734;MultiModal;01/07/2026 01:00;07/07/2026 18:00;08/07/2026 00:40;16/07/2026 10:33
CAIXA 130L;CAIXA 130L COM BERÇO;2 C a 8 C;558482;RO;TA1112;00019200000013198742;MultiModal;01/07/2026 01:00;07/07/2026 18:00;07/07/2026 00:59;16/07/2026 10:38
CAIXA 130L;CAIXA 130L COM BERÇO;2 C a 8 C;558482;RO;A4660;00019200000013198750;MultiModal;01/07/2026 01:00;07/07/2026 18:00;08/07/2026 00:40;16/07/2026 10:33
CAIXA 130L;CAIXA 130L COM BERÇO;2 C a 8 C;558482;RO;A6202;00019200000013198769;MultiModal;01/07/2026 01:00;07/07/2026 18:00;06/07/2026 00:51;16/07/2026 10:37
CAIXA 130L;CAIXA 130L COM BERÇO;2 C a 8 C;558482;RO;A6321;00019200000013198777;MultiModal;01/07/2026 01:00;07/07/2026 18:00;09/07/2026 01:26;14/07/2026 18:00
CAIXA 130L;CAIXA 130L COM BERÇO;2 C a 8 C;558482;RO;A4254;00019200000013198785;MultiModal;01/07/2026 01:00;07/07/2026 18:00;07/07/2026 00:59;16/07/2026 10:38
CAIXA 130L;CAIXA 130L COM BERÇO;2 C a 8 C;558482;RO;A9526;00019200000013198793;MultiModal;01/07/2026 01:00;07/07/2026 18:00;06/07/2026 00:51;16/07/2026 10:37
CAIXA 130L;CAIXA 130L COM BERÇO;2 C a 8 C;558482;RO;A0381;00019200000013198807;MultiModal;01/07/2026 01:00;07/07/2026 18:00;06/07/2026 00:51;16/07/2026 10:37
CAIXA 130L;CAIXA 130L COM BERÇO;2 C a 8 C;558482;RO;A2985;00019200000013198815;MultiModal;01/07/2026 01:00;07/07/2026 18:00;08/07/2026 00:40;16/07/2026 10:33
CAIXA 130L;CAIXA 130L COM BERÇO;2 C a 8 C;558482;RO;A9460;00019200000013198823;MultiModal;01/07/2026 01:00;07/07/2026 18:00;09/07/2026 01:26;14/07/2026 18:00
CAIXA 130L;CAIXA 130L COM BERÇO;2 C a 8 C;558482;RO;A8572;00019200000013198831;MultiModal;01/07/2026 01:00;07/07/2026 18:00;08/07/2026 00:40;16/07/2026 10:33
CAIXA 130L;CAIXA 130L COM BERÇO;2 C a 8 C;558482;RO;A7223;00019200000013198840;MultiModal;01/07/2026 01:00;07/07/2026 18:00;06/07/2026 00:51;16/07/2026 10:37
CAIXA 130L;CAIXA 130L COM BERÇO;2 C a 8 C;558482;RO;A5632;00019200000013198866;MultiModal;01/07/2026 01:00;07/07/2026 18:00;06/07/2026 00:51;16/07/2026 10:37
CAIXA 130L;CAIXA 130L COM BERÇO;2 C a 8 C;558482;RO;A3348;00019200000013198874;MultiModal;01/07/2026 01:00;07/07/2026 18:00;08/07/2026 00:40;16/07/2026 10:33
CAIXA 130L;CAIXA 130L COM BERÇO;2 C a 8 C;558482;RO;A8202;00019200000013198882;MultiModal;01/07/2026 01:00;07/07/2026 18:00;09/07/2026 01:26;14/07/2026 18:00
CAIXA 130L;CAIXA 130L COM BERÇO;2 C a 8 C;558482;RO;A7970;00019200000013198890;MultiModal;01/07/2026 01:00;07/07/2026 18:00;07/07/2026 00:59;16/07/2026 10:38
CAIXA 130L;CAIXA 130L COM BERÇO;2 C a 8 C;558482;RO;A7628;00019200000013198904;MultiModal;01/07/2026 01:00;07/07/2026 18:00;06/07/2026 00:51;16/07/2026 10:37
CAIXA 130L;CAIXA 130L COM BERÇO;2 C a 8 C;558482;RO;A6601;00019200000013198912;MultiModal;01/07/2026 01:00;07/07/2026 18:00;09/07/2026 01:26;14/07/2026 18:00
CAIXA 130L;CAIXA 130L COM BERÇO;2 C a 8 C;558482;RO;A6490;00019200000013198920;MultiModal;01/07/2026 01:00;07/07/2026 18:00;07/07/2026 00:59;16/07/2026 10:38
CAIXA 130L;CAIXA 130L COM BERÇO;2 C a 8 C;558482;RO;A9176;00019200000013198939;MultiModal;01/07/2026 01:00;07/07/2026 18:00;09/07/2026 01:26;14/07/2026 18:00
CAIXA 130L;CAIXA 130L COM BERÇO;2 C a 8 C;558482;RO;A7482;00019200000013198947;MultiModal;01/07/2026 01:00;07/07/2026 18:00;08/07/2026 00:40;16/07/2026 10:33
CAIXA 130L;CAIXA 130L COM BERÇO;2 C a 8 C;558482;RO;A5818;00019200000013198955;MultiModal;01/07/2026 01:00;07/07/2026 18:00;07/07/2026 00:59;16/07/2026 10:38
CAIXA 130L;CAIXA 130L COM BERÇO;2 C a 8 C;558482;RO;A5952;00019200000013198963;MultiModal;01/07/2026 01:00;07/07/2026 18:00;07/07/2026 00:59;16/07/2026 10:38
CAIXA 130L;CAIXA 130L COM BERÇO;2 C a 8 C;558482;RO;A8581;00019200000013198971;MultiModal;01/07/2026 01:00;07/07/2026 18:00;07/07/2026 00:59;16/07/2026 10:38
CAIXA 130L;CAIXA 130L COM BERÇO;2 C a 8 C;558482;RO;TA0511;00019200000013198980;MultiModal;01/07/2026 01:00;07/07/2026 18:00;09/07/2026 01:26;14/07/2026 18:00
CAIXA 130L;CAIXA 130L COM BERÇO;2 C a 8 C;558482;RO;A4819;00019200000013198998;MultiModal;01/07/2026 01:00;07/07/2026 18:00;07/07/2026 00:59;16/07/2026 10:38
CAIXA 130L;CAIXA 130L COM BERÇO;2 C a 8 C;558482;RO;A8440;00019200000013199005;MultiModal;01/07/2026 01:00;07/07/2026 18:00;07/07/2026 00:59;16/07/2026 10:38
CAIXA 130L;CAIXA 130L COM BERÇO;2 C a 8 C;558482;RO;A6892;00019200000013199013;MultiModal;01/07/2026 01:00;07/07/2026 18:00;09/07/2026 01:26;14/07/2026 18:00
CAIXA 130L;CAIXA 130L COM BERÇO;2 C a 8 C;558482;RO;A7921;00019200000013199021;MultiModal;01/07/2026 01:00;07/07/2026 18:00;06/07/2026 00:51;16/07/2026 10:37
CAIXA 130L;CAIXA 130L COM BERÇO;2 C a 8 C;558482;RO;A6288;00019200000013199030;MultiModal;01/07/2026 01:00;07/07/2026 18:00;06/07/2026 00:51;16/07/2026 10:37
CAIXA 130L;CAIXA 130L COM BERÇO;2 C a 8 C;558482;RO;A8210;00019200000013199048;MultiModal;01/07/2026 01:00;07/07/2026 18:00;06/07/2026 00:51;16/07/2026 10:37
CAIXA 130L;CAIXA 130L COM BERÇO;2 C a 8 C;558482;RO;A6594;00019200000013199056;MultiModal;01/07/2026 01:00;07/07/2026 18:00;06/07/2026 00:51;16/07/2026 10:37
CAIXA 130L;CAIXA 130L COM BERÇO;2 C a 8 C;558482;RO;A9118;00019200000013199064;MultiModal;01/07/2026 01:00;07/07/2026 18:00;09/07/2026 01:26;14/07/2026 18:00
CAIXA 130L;CAIXA 130L COM BERÇO;2 C a 8 C;558482;RO;A7111;00019200000013199072;MultiModal;01/07/2026 01:00;07/07/2026 18:00;06/07/2026 00:51;16/07/2026 10:37
CAIXA 130L;CAIXA 130L COM BERÇO;2 C a 8 C;558482;RO;A3935;00019200000013199080;MultiModal;01/07/2026 01:00;07/07/2026 18:00;06/07/2026 00:51;16/07/2026 10:37
CAIXA 130L;CAIXA 130L COM BERÇO;2 C a 8 C;558482;RO;A8756;00019200000013199099;MultiModal;01/07/2026 01:00;07/07/2026 18:00;09/07/2026 01:26;14/07/2026 18:00
CAIXA 130L;CAIXA 130L COM BERÇO;2 C a 8 C;558482;RO;A7641;00019200000013199102;MultiModal;01/07/2026 01:00;07/07/2026 18:00;09/07/2026 01:26;14/07/2026 18:00
CAIXA 130L;CAIXA 130L COM BERÇO;2 C a 8 C;558482;RO;A2705;00019200000013199110;MultiModal;01/07/2026 01:00;07/07/2026 18:00;06/07/2026 00:51;16/07/2026 10:37
CAIXA 130L;CAIXA 130L COM BERÇO;2 C a 8 C;558482;RO;A2907;00019200000013199129;MultiModal;01/07/2026 01:00;07/07/2026 18:00;06/07/2026 00:51;16/07/2026 10:37
CAIXA 130L;CAIXA 130L COM BERÇO;2 C a 8 C;558482;RO;A5563;00019200000013199137;MultiModal;01/07/2026 01:00;07/07/2026 18:00;09/07/2026 01:26;14/07/2026 18:00
CAIXA 130L;CAIXA 130L COM BERÇO;2 C a 8 C;558482;RO;A6992;00019200000013199145;MultiModal;01/07/2026 01:00;07/07/2026 18:00;08/07/2026 00:40;16/07/2026 10:33
CAIXA 130L;CAIXA 130L COM BERÇO;2 C a 8 C;558482;RO;A7271;00019200000013199153;MultiModal;01/07/2026 01:00;07/07/2026 18:00;07/07/2026 00:59;16/07/2026 10:38
CAIXA 130L;CAIXA 130L COM BERÇO;2 C a 8 C;558482;RO;A8221;00019200000013199161;MultiModal;01/07/2026 01:00;07/07/2026 18:00;09/07/2026 01:26;14/07/2026 18:00
CAIXA 130L;CAIXA 130L COM BERÇO;2 C a 8 C;558482;RO;A9200;00019200000013199170;MultiModal;01/07/2026 01:00;07/07/2026 18:00;07/07/2026 00:59;16/07/2026 10:38
CAIXA 130L;CAIXA 130L COM BERÇO;2 C a 8 C;558482;RO;A5715;00019200000013199188;MultiModal;01/07/2026 01:00;07/07/2026 18:00;08/07/2026 00:40;16/07/2026 10:33
CAIXA 130L;CAIXA 130L COM BERÇO;2 C a 8 C;558482;RO;A5687;00019200000013199196;MultiModal;01/07/2026 01:00;07/07/2026 18:00;09/07/2026 01:26;14/07/2026 18:00
CAIXA 130L;CAIXA 130L COM BERÇO;2 C a 8 C;558482;RO;A5990;00019200000013199200;MultiModal;01/07/2026 01:00;07/07/2026 18:00;06/07/2026 00:51;16/07/2026 10:37
CAIXA 130L;CAIXA 130L COM BERÇO;2 C a 8 C;558482;RO;A8532;00019200000013199218;MultiModal;01/07/2026 01:00;07/07/2026 18:00;09/07/2026 01:26;14/07/2026 18:00
CAIXA 130L;CAIXA 130L COM BERÇO;2 C a 8 C;558482;RO;A3424;00019200000013199226;MultiModal;01/07/2026 01:00;07/07/2026 18:00;08/07/2026 00:40;16/07/2026 10:33
CAIXA 130L;CAIXA 130L COM BERÇO;2 C a 8 C;558482;RO;A5014;00019200000013199234;MultiModal;01/07/2026 01:00;07/07/2026 18:00;08/07/2026 00:40;16/07/2026 10:33
CAIXA 130L;CAIXA 130L COM BERÇO;2 C a 8 C;558482;RO;A6120;00019200000013199242;MultiModal;01/07/2026 01:00;07/07/2026 18:00;08/07/2026 00:40;16/07/2026 10:33
CAIXA 130L;CAIXA 130L COM BERÇO;2 C a 8 C;558482;RO;A6759;00019200000013199250;MultiModal;01/07/2026 01:00;07/07/2026 18:00;09/07/2026 01:26;14/07/2026 18:00
CAIXA 130L;CAIXA 130L COM BERÇO;2 C a 8 C;558482;RO;A9520;00019200000013199269;MultiModal;01/07/2026 01:00;07/07/2026 18:00;07/07/2026 00:59;16/07/2026 10:38
CAIXA 130L;CAIXA 130L COM BERÇO;2 C a 8 C;558482;RO;A9659;00019200000013199277;MultiModal;01/07/2026 01:00;07/07/2026 18:00;08/07/2026 00:40;16/07/2026 10:33
CAIXA 130L;CAIXA 130L COM BERÇO;2 C a 8 C;558482;RO;A7380;00019200000013199285;MultiModal;01/07/2026 01:00;07/07/2026 18:00;08/07/2026 00:40;16/07/2026 10:33
CAIXA 130L;CAIXA 130L COM BERÇO;2 C a 8 C;558482;RO;A7036;00019200000013199293;MultiModal;01/07/2026 01:00;07/07/2026 18:00;08/07/2026 00:40;16/07/2026 10:33
CAIXA 130L;CAIXA 130L COM BERÇO;2 C a 8 C;558482;RO;A3822;00019200000013199307;MultiModal;01/07/2026 01:00;07/07/2026 18:00;07/07/2026 00:59;16/07/2026 10:38
CAIXA 130L;CAIXA 130L COM BERÇO;2 C a 8 C;558482;RO;A3124;00019200000013199315;MultiModal;01/07/2026 01:00;07/07/2026 18:00;07/07/2026 00:59;16/07/2026 10:38
CAIXA 130L;CAIXA 130L COM BERÇO;2 C a 8 C;558482;RO;TA0844;00019200000013199323;MultiModal;01/07/2026 01:00;07/07/2026 18:00;07/07/2026 00:59;16/07/2026 10:38
CAIXA 130L;CAIXA 130L COM BERÇO;2 C a 8 C;558845;RO;A2135;00019200000013201549;MultiModal;02/07/2026 00:22;03/07/2026 18:00;02/07/2026 00:22;03/07/2026 18:00
CAIXA 130L;CAIXA 130L COM BERÇO;2 C a 8 C;558845;RO;A9365;00019200000013201565;MultiModal;02/07/2026 00:22;03/07/2026 18:00;02/07/2026 00:22;03/07/2026 18:00
CAIXA 130L;CAIXA 130L COM BERÇO;2 C a 8 C;558845;RO;TA1171;00019200000013201573;MultiModal;02/07/2026 00:22;03/07/2026 18:00;02/07/2026 00:22;03/07/2026 18:00
CAIXA 130L;CAIXA 130L COM BERÇO;2 C a 8 C;558845;RO;A3921;00019200000013201581;MultiModal;02/07/2026 00:22;03/07/2026 18:00;02/07/2026 00:22;03/07/2026 18:00
CAIXA 130L;CAIXA 130L COM BERÇO;2 C a 8 C;558845;RO;A7686;00019200000013201590;MultiModal;02/07/2026 00:22;03/07/2026 18:00;02/07/2026 00:22;03/07/2026 18:00
CAIXA 130L;CAIXA 130L COM BERÇO;2 C a 8 C;559746;RO;A3632;00019200000013422650;MultiModal;05/07/2026 23:57;07/07/2026 18:00;05/07/2026 23:57;07/07/2026 18:00
CAIXA 130L;CAIXA 130L COM BERÇO;2 C a 8 C;560356;RO;A2041;00019200000013441990;MultiModal;14/07/2026 22:57;16/07/2026 18:00;14/07/2026 22:57;16/07/2026 18:00
CAIXA 130L;CAIXA 130L COM BERÇO;2 C a 8 C;560356;RO;A2460;00019200000013442031;MultiModal;14/07/2026 22:57;16/07/2026 18:00;14/07/2026 22:57;16/07/2026 18:00
CAIXA 130L;CAIXA 130L COM BERÇO;2 C a 8 C;560356;RO;A4468;00019200000013442040;MultiModal;14/07/2026 22:57;16/07/2026 18:00;14/07/2026 22:57;16/07/2026 18:00
CAIXA 130L;CAIXA 130L COM BERÇO;2 C a 8 C;560356;RO;A5971;00019200000013442058;MultiModal;14/07/2026 22:57;16/07/2026 18:00;14/07/2026 22:57;16/07/2026 18:00
CAIXA 130L;CAIXA 130L COM BERÇO;2 C a 8 C;560356;RO;TA0100;00019200000013442066;MultiModal;14/07/2026 22:57;16/07/2026 18:00;14/07/2026 22:57;16/07/2026 18:00
CAIXA 130L;CAIXA 130L COM BERÇO;2 C a 8 C;560356;RO;A8361;00019200000013442074;MultiModal;14/07/2026 22:57;16/07/2026 18:00;14/07/2026 22:57;16/07/2026 18:00
CAIXA 130L;CAIXA 130L COM BERÇO;2 C a 8 C;560356;RO;A7354;00019200000013445782;MultiModal;14/07/2026 22:57;16/07/2026 18:00;14/07/2026 22:57;16/07/2026 18:00
CAIXA 130L;CAIXA 130L COM BERÇO;2 C a 8 C;560356;RO;A1305;00019200000013445790;MultiModal;14/07/2026 22:57;16/07/2026 18:00;14/07/2026 22:57;16/07/2026 18:00
CAIXA 130L;CAIXA 130L COM BERÇO;2 C a 8 C;560356;RO;A8523;00019200000013445820;MultiModal;14/07/2026 22:57;16/07/2026 18:00;14/07/2026 22:57;16/07/2026 18:00
CAIXA 130L;CAIXA 130L COM BERÇO;2 C a 8 C;560356;RO;A4675;00019200000013445863;MultiModal;14/07/2026 22:57;16/07/2026 18:00;14/07/2026 22:57;16/07/2026 18:00
CAIXA 130L;CAIXA 130L COM BERÇO;2 C a 8 C;560356;RO;A3585;00019200000013445898;MultiModal;14/07/2026 22:57;16/07/2026 18:00;14/07/2026 22:57;16/07/2026 18:00
CAIXA 130L;CAIXA 130L COM BERÇO;2 C a 8 C;560450;RO;A5444;00019200000013441639;MultiModal;14/07/2026 22:56;16/07/2026 14:00;14/07/2026 22:56;16/07/2026 14:00
CAIXA 130L;CAIXA 130L COM BERÇO;2 C a 8 C;560450;RO;A5054;00019200000013441647;MultiModal;14/07/2026 22:56;16/07/2026 14:00;14/07/2026 22:56;16/07/2026 14:00
CAIXA 130L;CAIXA 130L COM BERÇO;2 C a 8 C;560450;RO;A9192;00019200000013441655;MultiModal;14/07/2026 22:56;16/07/2026 14:00;14/07/2026 22:56;16/07/2026 14:00
CAIXA 130L;CAIXA 130L COM BERÇO;2 C a 8 C;560805;RO;A0811;00019200000013475380;MultiModal;20/07/2026 04:20;21/07/2026 18:00;20/07/2026 04:20;21/07/2026 18:00
CAIXA 130L;CAIXA 130L COM BERÇO;2 C a 8 C;558483;RR;TA0946;00019200000013422413;MultiModal;08/07/2026 00:20;10/07/2026 16:39;08/07/2026 00:46;10/07/2026 16:42
CAIXA 130L;CAIXA 130L COM BERÇO;2 C a 8 C;558483;RR;TA0589;00019200000013422421;MultiModal;08/07/2026 00:20;10/07/2026 16:39;08/07/2026 00:46;10/07/2026 16:42
CAIXA 130L;CAIXA 130L COM BERÇO;2 C a 8 C;558483;RR;A1674;00019200000013422430;MultiModal;08/07/2026 00:20;10/07/2026 16:39;08/07/2026 00:46;10/07/2026 16:42
CAIXA 130L;CAIXA 130L COM BERÇO;2 C a 8 C;558483;RR;A6948;00019200000013422448;MultiModal;08/07/2026 00:20;10/07/2026 16:39;08/07/2026 00:46;10/07/2026 16:42
CAIXA 130L;CAIXA 130L COM BERÇO;2 C a 8 C;558483;RR;A3762;00019200000013422464;MultiModal;08/07/2026 00:20;10/07/2026 16:39;08/07/2026 00:20;10/07/2026 16:39
CAIXA 130L;CAIXA 130L COM BERÇO;2 C a 8 C;558483;RR;A3520;00019200000013422472;MultiModal;08/07/2026 00:20;10/07/2026 16:39;08/07/2026 00:46;10/07/2026 16:42
CAIXA 130L;CAIXA 130L COM BERÇO;2 C a 8 C;558483;RR;A0401;00019200000013422480;MultiModal;08/07/2026 00:20;10/07/2026 16:39;08/07/2026 00:46;10/07/2026 16:42
CAIXA 130L;CAIXA 130L COM BERÇO;2 C a 8 C;558483;RR;A3733;00019200000013422499;MultiModal;08/07/2026 00:20;10/07/2026 16:39;08/07/2026 00:46;10/07/2026 16:42
CAIXA 130L;CAIXA 130L COM BERÇO;2 C a 8 C;558483;RR;TA0964;00019200000013422502;MultiModal;08/07/2026 00:20;10/07/2026 16:39;08/07/2026 00:46;10/07/2026 16:42
CAIXA 130L;CAIXA 130L COM BERÇO;2 C a 8 C;558483;RR;A9463;00019200000013422510;MultiModal;08/07/2026 00:20;10/07/2026 16:39;08/07/2026 00:46;10/07/2026 16:42
CAIXA 130L;CAIXA 130L COM BERÇO;2 C a 8 C;558483;RR;A8516;00019200000013422529;MultiModal;08/07/2026 00:20;10/07/2026 16:39;08/07/2026 00:46;10/07/2026 16:42
CAIXA 130L;CAIXA 130L COM BERÇO;2 C a 8 C;558483;RR;A4837;00019200000013422537;MultiModal;08/07/2026 00:20;10/07/2026 16:39;08/07/2026 00:20;10/07/2026 16:39
CAIXA 130L;CAIXA 130L COM BERÇO;2 C a 8 C;558483;RR;A2762;00019200000013422545;MultiModal;08/07/2026 00:20;10/07/2026 16:39;08/07/2026 00:46;10/07/2026 16:42
CAIXA 130L;CAIXA 130L COM BERÇO;2 C a 8 C;558483;RR;A5132;00019200000013422553;MultiModal;08/07/2026 00:20;10/07/2026 16:39;08/07/2026 00:20;10/07/2026 16:39
CAIXA 130L;CAIXA 130L COM BERÇO;2 C a 8 C;558483;RR;A1766;00019200000013422561;MultiModal;08/07/2026 00:20;10/07/2026 16:39;08/07/2026 00:20;10/07/2026 16:39
CAIXA 130L;CAIXA 130L COM BERÇO;2 C a 8 C;558483;RR;A2715;00019200000013422570;MultiModal;08/07/2026 00:20;10/07/2026 16:39;08/07/2026 00:20;10/07/2026 16:39
CAIXA 130L;CAIXA 130L COM BERÇO;2 C a 8 C;558483;RR;A9269;00019200000013422588;MultiModal;08/07/2026 00:20;10/07/2026 16:39;08/07/2026 00:20;10/07/2026 16:39
CAIXA 130L;CAIXA 130L COM BERÇO;2 C a 8 C;558483;RR;A7427;00019200000013422596;MultiModal;08/07/2026 00:20;10/07/2026 16:39;08/07/2026 00:20;10/07/2026 16:39
CAIXA 130L;CAIXA 130L COM BERÇO;2 C a 8 C;558483;RR;A0393;00019200000013422600;MultiModal;08/07/2026 00:20;10/07/2026 16:39;08/07/2026 00:20;10/07/2026 16:39
CAIXA 130L;CAIXA 130L COM BERÇO;2 C a 8 C;558483;RR;A6284;00019200000013422618;MultiModal;08/07/2026 00:20;10/07/2026 16:39;08/07/2026 00:20;10/07/2026 16:39
CAIXA 130L;CAIXA 130L COM BERÇO;2 C a 8 C;558483;RR;A9563;00019200000013422626;MultiModal;08/07/2026 00:20;10/07/2026 16:39;08/07/2026 00:20;10/07/2026 16:39
CAIXA 130L;CAIXA 130L COM BERÇO;2 C a 8 C;558846;RR;A0832;00019200000013423576;MultiModal;08/07/2026 00:20;10/07/2026 16:37;08/07/2026 00:20;10/07/2026 16:37
CAIXA 130L;CAIXA 130L COM BERÇO;2 C a 8 C;558846;RR;A3861;00019200000013423584;MultiModal;08/07/2026 00:20;10/07/2026 16:37;08/07/2026 00:20;10/07/2026 16:37
CAIXA 130L;CAIXA 130L COM BERÇO;2 C a 8 C;559532;RR;A5156;00019200000013429124;MultiModal;01/07/2026 00:58;02/07/2026 10:00;01/07/2026 00:58;02/07/2026 10:00
CAIXA 130L;CAIXA 130L COM BERÇO;2 C a 8 C;559944;RR;A0313;00019200000013419048;MultiModal;07/07/2026 06:51;10/07/2026 18:00;07/07/2026 06:51;10/07/2026 18:00
CAIXA 130L;CAIXA 130L COM BERÇO;2 C a 8 C;559944;RR;TA0932;00019200000013419056;MultiModal;07/07/2026 06:51;10/07/2026 18:00;07/07/2026 06:51;10/07/2026 18:00
CAIXA 130L;CAIXA 130L COM BERÇO;2 C a 8 C;560711;RR;A1108;00019200000013473778;MultiModal;20/07/2026 04:21;22/07/2026 14:15;20/07/2026 04:21;22/07/2026 14:15
CAIXA 130L;CAIXA 130L COM BERÇO;2 C a 8 C;560711;RR;A1984;00019200000013473786;MultiModal;20/07/2026 04:21;22/07/2026 14:15;20/07/2026 04:21;22/07/2026 14:15
CAIXA 130L;CAIXA 130L COM BERÇO;2 C a 8 C;560711;RR;A8420;00019200000013473794;MultiModal;20/07/2026 04:21;22/07/2026 14:15;20/07/2026 04:21;22/07/2026 14:15
CAIXA 130L;CAIXA 130L COM BERÇO;2 C a 8 C;560711;RR;A2661;00019200000013473808;MultiModal;20/07/2026 04:21;22/07/2026 14:15;20/07/2026 04:21;22/07/2026 14:15
CAIXA 130L;CAIXA 130L COM BERÇO;2 C a 8 C;560711;RR;TA1079;00019200000013473816;MultiModal;20/07/2026 04:21;22/07/2026 14:15;20/07/2026 04:21;22/07/2026 14:15
CAIXA 130L;CAIXA 130L COM BERÇO;2 C a 8 C;560711;RR;A3566;00019200000013473824;MultiModal;20/07/2026 04:21;22/07/2026 14:15;20/07/2026 04:21;22/07/2026 14:15
CAIXA 130L;CAIXA 130L COM BERÇO;2 C a 8 C;560711;RR;A7289;00019200000013473832;MultiModal;20/07/2026 04:21;22/07/2026 14:15;20/07/2026 04:21;22/07/2026 14:15
CAIXA 130L;CAIXA 130L COM BERÇO;2 C a 8 C;560711;RR;A6875;00019200000013473840;MultiModal;20/07/2026 04:21;22/07/2026 14:15;20/07/2026 04:21;22/07/2026 14:15
CAIXA 130L;CAIXA 130L COM BERÇO;2 C a 8 C;560711;RR;A7478;00019200000013473859;MultiModal;20/07/2026 04:21;22/07/2026 14:15;20/07/2026 04:21;22/07/2026 14:15
CAIXA 130L;CAIXA 130L COM BERÇO;2 C a 8 C;560711;RR;A3313;00019200000013474081;MultiModal;20/07/2026 04:21;22/07/2026 14:15;20/07/2026 04:21;22/07/2026 14:15
CAIXA 130L;CAIXA 130L COM BERÇO;2 C a 8 C;560711;RR;A8385;00019200000013474090;MultiModal;20/07/2026 04:21;22/07/2026 14:15;20/07/2026 04:21;22/07/2026 14:15
CAIXA 130L;CAIXA 130L COM BERÇO;2 C a 8 C;560711;RR;A3422;00019200000013474103;MultiModal;20/07/2026 04:21;22/07/2026 14:15;20/07/2026 04:21;22/07/2026 14:15
CAIXA 130L;CAIXA 130L COM BERÇO;2 C a 8 C;560711;RR;A8304;00019200000013474111;MultiModal;20/07/2026 04:21;22/07/2026 14:15;20/07/2026 04:21;22/07/2026 14:15
CAIXA 130L;CAIXA 130L COM BERÇO;2 C a 8 C;560711;RR;A3674;00019200000013474120;MultiModal;20/07/2026 04:21;22/07/2026 14:15;20/07/2026 04:21;22/07/2026 14:15
CAIXA 130L;CAIXA 130L COM BERÇO;2 C a 8 C;560711;RR;A3478;00019200000013474138;MultiModal;20/07/2026 04:21;22/07/2026 14:15;20/07/2026 04:21;22/07/2026 14:15
CAIXA 130L;CAIXA 130L COM BERÇO;2 C a 8 C;560711;RR;A6483;00019200000013474146;MultiModal;20/07/2026 04:21;22/07/2026 14:15;20/07/2026 04:21;22/07/2026 14:15
CAIXA 130L;CAIXA 130L COM BERÇO;2 C a 8 C;556459;RS;A7795;00019200000013408453;MultiModal;14/07/2026 04:34;-;14/07/2026 04:34;-
CAIXA 130L;CAIXA 130L COM BERÇO;2 C a 8 C;556459;RS;A6011;00019200000013408470;MultiModal;14/07/2026 04:34;-;14/07/2026 04:34;-
CAIXA 130L;CAIXA 130L COM BERÇO;2 C a 8 C;556459;RS;A9684;00019200000013408488;MultiModal;14/07/2026 04:34;-;14/07/2026 04:34;-
CAIXA 130L;CAIXA 130L COM BERÇO;2 C a 8 C;556459;RS;A2672;00019200000013408569;MultiModal;14/07/2026 04:34;-;14/07/2026 04:34;-
CAIXA 130L;CAIXA 130L COM BERÇO;2 C a 8 C;558376;RS;TA0288;00019200000013196901;MultiModal;01/07/2026 04:16;02/07/2026 15:35;01/07/2026 04:16;02/07/2026 15:35
CAIXA 130L;CAIXA 130L COM BERÇO;2 C a 8 C;558376;RS;A1369;00019200000013196910;MultiModal;01/07/2026 04:16;02/07/2026 15:35;01/07/2026 04:16;02/07/2026 15:35
CAIXA 130L;CAIXA 130L COM BERÇO;2 C a 8 C;558376;RS;TA0272;00019200000013196928;MultiModal;01/07/2026 04:16;02/07/2026 15:35;01/07/2026 04:16;02/07/2026 15:35
CAIXA 130L;CAIXA 130L COM BERÇO;2 C a 8 C;558376;RS;A7513;00019200000013196936;MultiModal;01/07/2026 04:16;02/07/2026 15:35;01/07/2026 04:16;02/07/2026 15:35
CAIXA 130L;CAIXA 130L COM BERÇO;2 C a 8 C;558376;RS;TA0489;00019200000013196944;MultiModal;01/07/2026 04:16;02/07/2026 15:35;01/07/2026 04:16;02/07/2026 15:35
CAIXA 130L;CAIXA 130L COM BERÇO;2 C a 8 C;558376;RS;TA0824;00019200000013196952;MultiModal;01/07/2026 04:16;02/07/2026 15:35;01/07/2026 04:16;02/07/2026 15:35
CAIXA 130L;CAIXA 130L COM BERÇO;2 C a 8 C;558376;RS;A9239;00019200000013196960;MultiModal;01/07/2026 04:16;02/07/2026 15:35;01/07/2026 04:16;02/07/2026 15:35
CAIXA 130L;CAIXA 130L COM BERÇO;2 C a 8 C;558376;RS;A2474;00019200000013196979;MultiModal;01/07/2026 04:16;02/07/2026 15:35;01/07/2026 04:16;02/07/2026 15:35
CAIXA 130L;CAIXA 130L COM BERÇO;2 C a 8 C;558376;RS;A6303;00019200000013196987;MultiModal;01/07/2026 04:16;02/07/2026 15:35;01/07/2026 04:16;02/07/2026 15:35
CAIXA 130L;CAIXA 130L COM BERÇO;2 C a 8 C;558376;RS;A1632;00019200000013196995;MultiModal;01/07/2026 04:16;02/07/2026 15:35;01/07/2026 04:16;02/07/2026 15:35
CAIXA 130L;CAIXA 130L COM BERÇO;2 C a 8 C;558376;RS;A7971;00019200000013197002;MultiModal;01/07/2026 04:16;02/07/2026 15:35;01/07/2026 04:16;02/07/2026 15:35
CAIXA 130L;CAIXA 130L COM BERÇO;2 C a 8 C;558376;RS;A6947;00019200000013197010;MultiModal;01/07/2026 04:16;02/07/2026 15:35;01/07/2026 04:16;02/07/2026 15:35
CAIXA 130L;CAIXA 130L COM BERÇO;2 C a 8 C;558376;RS;A4366;00019200000013197029;MultiModal;01/07/2026 04:16;02/07/2026 15:35;01/07/2026 04:16;02/07/2026 15:35
CAIXA 130L;CAIXA 130L COM BERÇO;2 C a 8 C;558376;RS;A6528;00019200000013202103;MultiModal;01/07/2026 04:16;02/07/2026 15:35;01/07/2026 04:16;02/07/2026 15:35
CAIXA 130L;CAIXA 130L COM BERÇO;2 C a 8 C;558376;RS;A7274;00019200000013202111;MultiModal;01/07/2026 04:16;02/07/2026 15:35;01/07/2026 04:16;02/07/2026 15:35
CAIXA 130L;CAIXA 130L COM BERÇO;2 C a 8 C;558376;RS;A7608;00019200000013202138;MultiModal;01/07/2026 04:16;02/07/2026 15:35;01/07/2026 04:16;02/07/2026 15:35
CAIXA 130L;CAIXA 130L COM BERÇO;2 C a 8 C;558376;RS;A1915;00019200000013202154;MultiModal;01/07/2026 04:16;02/07/2026 15:35;01/07/2026 04:16;02/07/2026 15:35
CAIXA 130L;CAIXA 130L COM BERÇO;2 C a 8 C;558376;RS;A8655;00019200000013202162;MultiModal;01/07/2026 04:16;02/07/2026 15:35;01/07/2026 04:16;02/07/2026 15:35
CAIXA 130L;CAIXA 130L COM BERÇO;2 C a 8 C;558376;RS;TA0819;00019200000013202170;MultiModal;01/07/2026 04:16;02/07/2026 15:35;01/07/2026 04:16;02/07/2026 15:35
CAIXA 130L;CAIXA 130L COM BERÇO;2 C a 8 C;558376;RS;A6660;00019200000013202189;MultiModal;01/07/2026 04:16;02/07/2026 15:35;01/07/2026 04:16;02/07/2026 15:35
CAIXA 130L;CAIXA 130L COM BERÇO;2 C a 8 C;558376;RS;A8075;00019200000013202197;MultiModal;01/07/2026 04:16;02/07/2026 15:35;01/07/2026 04:16;02/07/2026 15:35
CAIXA 130L;CAIXA 130L COM BERÇO;2 C a 8 C;558664;RS;A4396;00019200000013245104;MultiModal;01/07/2026 05:47;02/07/2026 15:34;01/07/2026 05:47;02/07/2026 15:34
CAIXA 130L;CAIXA 130L COM BERÇO;2 C a 8 C;558664;RS;A8182;00019200000013245112;MultiModal;01/07/2026 05:47;02/07/2026 15:34;01/07/2026 05:47;02/07/2026 15:34
CAIXA 130L;CAIXA 130L COM BERÇO;2 C a 8 C;558664;RS;A2622;00019200000013245228;MultiModal;01/07/2026 05:47;02/07/2026 15:34;01/07/2026 05:47;02/07/2026 15:34
CAIXA 130L;CAIXA 130L COM BERÇO;2 C a 8 C;558664;RS;A6554;00019200000013245449;MultiModal;01/07/2026 05:47;02/07/2026 15:34;01/07/2026 05:47;02/07/2026 15:34
CAIXA 130L;CAIXA 130L COM BERÇO;2 C a 8 C;558664;RS;A7896;00019200000013245457;MultiModal;01/07/2026 05:47;02/07/2026 15:34;01/07/2026 05:47;02/07/2026 15:34
CAIXA 130L;CAIXA 130L COM BERÇO;2 C a 8 C;558664;RS;TA0752;00019200000013245465;MultiModal;01/07/2026 05:47;02/07/2026 15:34;01/07/2026 05:47;02/07/2026 15:34
CAIXA 130L;CAIXA 130L COM BERÇO;2 C a 8 C;558664;RS;A8680;00019200000013245473;MultiModal;01/07/2026 05:47;02/07/2026 15:34;01/07/2026 05:47;02/07/2026 15:34
CAIXA 130L;CAIXA 130L COM BERÇO;2 C a 8 C;558664;RS;A5987;00019200000013245481;MultiModal;01/07/2026 05:47;02/07/2026 15:34;01/07/2026 05:47;02/07/2026 15:34
CAIXA 130L;CAIXA 130L COM BERÇO;2 C a 8 C;558664;RS;A8139;00019200000013245520;MultiModal;01/07/2026 05:47;02/07/2026 15:34;01/07/2026 05:47;02/07/2026 15:34
CAIXA 130L;CAIXA 130L COM BERÇO;2 C a 8 C;558664;RS;A2672;00019200000013245538;MultiModal;01/07/2026 05:47;02/07/2026 15:34;01/07/2026 05:47;02/07/2026 15:34
CAIXA 130L;CAIXA 130L COM BERÇO;2 C a 8 C;558664;RS;A9455;00019200000013245546;MultiModal;01/07/2026 05:47;02/07/2026 15:34;01/07/2026 05:47;02/07/2026 15:34
CAIXA 130L;CAIXA 130L COM BERÇO;2 C a 8 C;558664;RS;A1567;00019200000013245562;MultiModal;01/07/2026 05:47;02/07/2026 15:34;01/07/2026 05:47;02/07/2026 15:34
CAIXA 130L;CAIXA 130L COM BERÇO;2 C a 8 C;558664;RS;A2148;00019200000013245570;MultiModal;01/07/2026 05:47;02/07/2026 15:34;01/07/2026 05:47;02/07/2026 15:34
CAIXA 130L;CAIXA 130L COM BERÇO;2 C a 8 C;558664;RS;A4841;00019200000013245589;MultiModal;01/07/2026 05:47;02/07/2026 15:34;01/07/2026 05:47;02/07/2026 15:34
CAIXA 130L;CAIXA 130L COM BERÇO;2 C a 8 C;558664;RS;TA0050;00019200000013245597;MultiModal;01/07/2026 05:47;02/07/2026 15:34;01/07/2026 05:47;02/07/2026 15:34
CAIXA 130L;CAIXA 130L COM BERÇO;2 C a 8 C;558664;RS;TA0281;00019200000013245600;MultiModal;01/07/2026 05:47;02/07/2026 15:34;01/07/2026 05:47;02/07/2026 15:34
CAIXA 130L;CAIXA 130L COM BERÇO;2 C a 8 C;558664;RS;A2699;00019200000013245619;MultiModal;01/07/2026 05:47;02/07/2026 15:34;01/07/2026 05:47;02/07/2026 15:34
CAIXA 130L;CAIXA 130L COM BERÇO;2 C a 8 C;558664;RS;A2031;00019200000013245627;MultiModal;01/07/2026 05:47;02/07/2026 15:34;01/07/2026 05:47;02/07/2026 15:34
CAIXA 130L;CAIXA 130L COM BERÇO;2 C a 8 C;558664;RS;A7624;00019200000013245635;MultiModal;01/07/2026 05:47;02/07/2026 15:34;01/07/2026 05:47;02/07/2026 15:34
CAIXA 130L;CAIXA 130L COM BERÇO;2 C a 8 C;558664;RS;A9551;00019200000013245643;MultiModal;01/07/2026 05:47;02/07/2026 15:34;01/07/2026 05:47;02/07/2026 15:34
CAIXA 130L;CAIXA 130L COM BERÇO;2 C a 8 C;558664;RS;A8360;00019200000013245651;MultiModal;01/07/2026 05:47;02/07/2026 15:34;01/07/2026 05:47;02/07/2026 15:34
CAIXA 130L;CAIXA 130L COM BERÇO;2 C a 8 C;558664;RS;A6698;00019200000013245660;MultiModal;01/07/2026 05:47;02/07/2026 15:34;01/07/2026 05:47;02/07/2026 15:34
CAIXA 130L;CAIXA 130L COM BERÇO;2 C a 8 C;558664;RS;TA0818;00019200000013245848;MultiModal;01/07/2026 05:47;02/07/2026 15:34;01/07/2026 05:47;02/07/2026 15:34
CAIXA 130L;CAIXA 130L COM BERÇO;2 C a 8 C;558664;RS;A9374;00019200000013245856;MultiModal;01/07/2026 05:47;02/07/2026 15:34;01/07/2026 05:47;02/07/2026 15:34
CAIXA 130L;CAIXA 130L COM BERÇO;2 C a 8 C;559632;RS;A3135;00019200000013428128;MultiModal;02/07/2026 04:51;07/07/2026 15:30;02/07/2026 04:51;07/07/2026 15:30
CAIXA 130L;CAIXA 130L COM BERÇO;2 C a 8 C;559730;RS;A3744;00019200000013423231;MultiModal;02/07/2026 23:51;04/07/2026 13:00;02/07/2026 23:51;04/07/2026 13:00
CAIXA 130L;CAIXA 130L COM BERÇO;2 C a 8 C;559731;RS;A4877;00019200000013423436;MultiModal;06/07/2026 06:23;09/07/2026 13:10;06/07/2026 06:23;09/07/2026 13:10
CAIXA 130L;CAIXA 130L COM BERÇO;2 C a 8 C;559750;RS;TA0822;00019200000013422782;MultiModal;02/07/2026 23:51;04/07/2026 12:12;02/07/2026 23:51;04/07/2026 12:12
CAIXA 130L;CAIXA 130L COM BERÇO;2 C a 8 C;559867;RS;TA0987;00019200000013421212;MultiModal;06/07/2026 05:43;09/07/2026 13:00;06/07/2026 05:43;09/07/2026 13:00
CAIXA 130L;CAIXA 130L COM BERÇO;2 C a 8 C;560359;RS;A8257;00019200000013449311;Rodoviário;14/07/2026 09:16;16/07/2026 11:25;14/07/2026 09:16;16/07/2026 11:25
CAIXA 130L;CAIXA 130L COM BERÇO;2 C a 8 C;560359;RS;A4802;00019200000013449320;Rodoviário;14/07/2026 09:16;16/07/2026 11:25;14/07/2026 09:16;16/07/2026 11:25
CAIXA 130L;CAIXA 130L COM BERÇO;2 C a 8 C;560359;RS;A6228;00019200000013449338;Rodoviário;14/07/2026 09:16;16/07/2026 11:25;14/07/2026 09:16;16/07/2026 11:25
CAIXA 130L;CAIXA 130L COM BERÇO;2 C a 8 C;560359;RS;A9106;00019200000013449346;Rodoviário;14/07/2026 09:16;16/07/2026 11:25;14/07/2026 09:16;16/07/2026 11:25
CAIXA 130L;CAIXA 130L COM BERÇO;2 C a 8 C;560359;RS;A6209;00019200000013449354;Rodoviário;14/07/2026 09:16;16/07/2026 11:25;14/07/2026 09:16;16/07/2026 11:25
CAIXA 130L;CAIXA 130L COM BERÇO;2 C a 8 C;560359;RS;A8834;00019200000013449362;Rodoviário;14/07/2026 09:16;16/07/2026 11:25;14/07/2026 09:16;16/07/2026 11:25
CAIXA 130L;CAIXA 130L COM BERÇO;2 C a 8 C;560359;RS;A7964;00019200000013449389;Rodoviário;14/07/2026 09:16;16/07/2026 11:25;14/07/2026 09:16;16/07/2026 11:25
CAIXA 130L;CAIXA 130L COM BERÇO;2 C a 8 C;560359;RS;A5548;00019200000013449397;Rodoviário;14/07/2026 09:16;16/07/2026 11:25;14/07/2026 09:16;16/07/2026 11:25
CAIXA 130L;CAIXA 130L COM BERÇO;2 C a 8 C;560359;RS;A2757;00019200000013449400;Rodoviário;14/07/2026 09:16;16/07/2026 11:25;14/07/2026 09:16;16/07/2026 11:25
CAIXA 130L;CAIXA 130L COM BERÇO;2 C a 8 C;560359;RS;A7864;00019200000013449419;Rodoviário;14/07/2026 09:16;16/07/2026 11:25;14/07/2026 09:16;16/07/2026 11:25
CAIXA 130L;CAIXA 130L COM BERÇO;2 C a 8 C;560359;RS;A1354;00019200000013449427;Rodoviário;14/07/2026 09:16;16/07/2026 11:25;14/07/2026 09:16;16/07/2026 11:25
CAIXA 130L;CAIXA 130L COM BERÇO;2 C a 8 C;560359;RS;TA0798;00019200000013449435;Rodoviário;14/07/2026 09:16;16/07/2026 11:25;14/07/2026 09:16;16/07/2026 11:25
CAIXA 130L;CAIXA 130L COM BERÇO;2 C a 8 C;560359;RS;A0092;00019200000013449443;Rodoviário;14/07/2026 09:16;16/07/2026 11:25;14/07/2026 09:16;16/07/2026 11:25
CAIXA 130L;CAIXA 130L COM BERÇO;2 C a 8 C;560359;RS;A1583;00019200000013449451;Rodoviário;14/07/2026 09:16;16/07/2026 11:25;14/07/2026 09:16;16/07/2026 11:25
CAIXA 130L;CAIXA 130L COM BERÇO;2 C a 8 C;560359;RS;A0852;00019200000013449460;Rodoviário;14/07/2026 09:16;16/07/2026 11:25;14/07/2026 09:16;16/07/2026 11:25
CAIXA 130L;CAIXA 130L COM BERÇO;2 C a 8 C;560359;RS;A8160;00019200000013449478;Rodoviário;14/07/2026 09:16;16/07/2026 11:25;14/07/2026 09:16;16/07/2026 11:25
CAIXA 130L;CAIXA 130L COM BERÇO;2 C a 8 C;560359;RS;A3646;00019200000013449486;Rodoviário;14/07/2026 09:16;16/07/2026 11:25;14/07/2026 09:16;16/07/2026 11:25
CAIXA 130L;CAIXA 130L COM BERÇO;2 C a 8 C;560359;RS;A0077;00019200000013449494;Rodoviário;14/07/2026 09:16;16/07/2026 11:25;14/07/2026 09:16;16/07/2026 11:25
CAIXA 130L;CAIXA 130L COM BERÇO;2 C a 8 C;560359;RS;TA0867;00019200000013449508;Rodoviário;14/07/2026 09:16;16/07/2026 11:25;14/07/2026 09:16;16/07/2026 11:25
CAIXA 130L;CAIXA 130L COM BERÇO;2 C a 8 C;560359;RS;A3072;00019200000013449516;Rodoviário;14/07/2026 09:16;16/07/2026 11:25;14/07/2026 09:16;16/07/2026 11:25
CAIXA 130L;CAIXA 130L COM BERÇO;2 C a 8 C;560359;RS;TA1134;00019200000013449524;Rodoviário;14/07/2026 09:16;16/07/2026 11:25;14/07/2026 09:16;16/07/2026 11:25
CAIXA 130L;CAIXA 130L COM BERÇO;2 C a 8 C;560359;RS;A3181;00019200000013449532;Rodoviário;14/07/2026 09:16;16/07/2026 11:25;14/07/2026 09:16;16/07/2026 11:25
CAIXA 130L;CAIXA 130L COM BERÇO;2 C a 8 C;560359;RS;A7225;00019200000013449540;Rodoviário;14/07/2026 09:16;16/07/2026 11:25;14/07/2026 09:16;16/07/2026 11:25
CAIXA 130L;CAIXA 130L COM BERÇO;2 C a 8 C;560359;RS;A3325;00019200000013449559;Rodoviário;14/07/2026 09:16;16/07/2026 11:25;14/07/2026 09:16;16/07/2026 11:25
CAIXA 130L;CAIXA 130L COM BERÇO;2 C a 8 C;560359;RS;TA0819;00019200000013449567;Rodoviário;14/07/2026 09:16;16/07/2026 11:25;14/07/2026 09:16;16/07/2026 11:25
CAIXA 130L;CAIXA 130L COM BERÇO;2 C a 8 C;560359;RS;A5843;00019200000013449575;Rodoviário;14/07/2026 09:16;16/07/2026 11:25;14/07/2026 09:16;16/07/2026 11:25
CAIXA 130L;CAIXA 130L COM BERÇO;2 C a 8 C;560359;RS;A0184;00019200000013449583;Rodoviário;14/07/2026 09:16;16/07/2026 11:25;14/07/2026 09:16;16/07/2026 11:25
CAIXA 130L;CAIXA 130L COM BERÇO;2 C a 8 C;560359;RS;A8945;00019200000013449591;Rodoviário;14/07/2026 09:16;16/07/2026 11:25;14/07/2026 09:16;16/07/2026 11:25
CAIXA 130L;CAIXA 130L COM BERÇO;2 C a 8 C;560359;RS;A6763;00019200000013449605;Rodoviário;14/07/2026 09:16;16/07/2026 11:25;14/07/2026 09:16;16/07/2026 11:25
CAIXA 130L;CAIXA 130L COM BERÇO;2 C a 8 C;560359;RS;A3874;00019200000013449613;Rodoviário;14/07/2026 09:16;16/07/2026 11:25;14/07/2026 09:16;16/07/2026 11:25
CAIXA 130L;CAIXA 130L COM BERÇO;2 C a 8 C;560359;RS;TA0740;00019200000013449621;Rodoviário;14/07/2026 09:16;16/07/2026 11:25;14/07/2026 09:16;16/07/2026 11:25
CAIXA 130L;CAIXA 130L COM BERÇO;2 C a 8 C;560359;RS;A0199;00019200000013449630;Rodoviário;14/07/2026 09:16;16/07/2026 11:25;14/07/2026 09:16;16/07/2026 11:25
CAIXA 130L;CAIXA 130L COM BERÇO;2 C a 8 C;560359;RS;TA0134;00019200000013449648;Rodoviário;14/07/2026 09:16;16/07/2026 11:25;14/07/2026 09:16;16/07/2026 11:25
CAIXA 130L;CAIXA 130L COM BERÇO;2 C a 8 C;560359;RS;A0409;00019200000013449656;Rodoviário;14/07/2026 09:16;16/07/2026 11:25;14/07/2026 09:16;16/07/2026 11:25
CAIXA 130L;CAIXA 130L COM BERÇO;2 C a 8 C;560359;RS;A4558;00019200000013449664;Rodoviário;14/07/2026 09:16;16/07/2026 11:25;14/07/2026 09:16;16/07/2026 11:25
CAIXA 130L;CAIXA 130L COM BERÇO;2 C a 8 C;560359;RS;A5457;00019200000013449672;Rodoviário;14/07/2026 09:16;16/07/2026 11:25;14/07/2026 09:16;16/07/2026 11:25
CAIXA 130L;CAIXA 130L COM BERÇO;2 C a 8 C;560359;RS;TA0945;00019200000013449680;Rodoviário;14/07/2026 09:16;16/07/2026 11:25;14/07/2026 09:16;16/07/2026 11:25
CAIXA 130L;CAIXA 130L COM BERÇO;2 C a 8 C;560359;RS;TA0934;00019200000013449699;Rodoviário;14/07/2026 09:16;16/07/2026 11:25;14/07/2026 09:16;16/07/2026 11:25
CAIXA 130L;CAIXA 130L COM BERÇO;2 C a 8 C;560359;RS;TA0288;00019200000013449702;Rodoviário;14/07/2026 09:16;16/07/2026 11:25;14/07/2026 09:16;16/07/2026 11:25
CAIXA 130L;CAIXA 130L COM BERÇO;2 C a 8 C;560359;RS;TA0858;00019200000013449710;Rodoviário;14/07/2026 09:16;16/07/2026 11:25;14/07/2026 09:16;16/07/2026 11:25
CAIXA 130L;CAIXA 130L COM BERÇO;2 C a 8 C;560359;RS;TA0777;00019200000013449729;Rodoviário;14/07/2026 09:16;16/07/2026 11:25;14/07/2026 09:16;16/07/2026 11:25
CAIXA 130L;CAIXA 130L COM BERÇO;2 C a 8 C;560359;RS;A8436;00019200000013449737;Rodoviário;14/07/2026 09:16;16/07/2026 11:25;14/07/2026 09:16;16/07/2026 11:25
CAIXA 130L;CAIXA 130L COM BERÇO;2 C a 8 C;560359;RS;A2503;00019200000013449745;Rodoviário;14/07/2026 09:16;16/07/2026 11:25;14/07/2026 09:16;16/07/2026 11:25
CAIXA 130L;CAIXA 130L COM BERÇO;2 C a 8 C;560359;RS;A5950;00019200000013449753;Rodoviário;14/07/2026 09:16;16/07/2026 11:25;14/07/2026 09:16;16/07/2026 11:25
CAIXA 130L;CAIXA 130L COM BERÇO;2 C a 8 C;560359;RS;TA0972;00019200000013449761;Rodoviário;14/07/2026 09:16;16/07/2026 11:25;14/07/2026 09:16;16/07/2026 11:25
CAIXA 130L;CAIXA 130L COM BERÇO;2 C a 8 C;560359;RS;A9338;00019200000013449770;Rodoviário;14/07/2026 09:16;16/07/2026 11:25;14/07/2026 09:16;16/07/2026 11:25
CAIXA 130L;CAIXA 130L COM BERÇO;2 C a 8 C;560359;RS;A6692;00019200000013449788;Rodoviário;14/07/2026 09:16;16/07/2026 11:25;14/07/2026 09:16;16/07/2026 11:25
CAIXA 130L;CAIXA 130L COM BERÇO;2 C a 8 C;560359;RS;A6043;00019200000013449796;Rodoviário;14/07/2026 09:16;16/07/2026 11:25;14/07/2026 09:16;16/07/2026 11:25
CAIXA 130L;CAIXA 130L COM BERÇO;2 C a 8 C;560359;RS;A7987;00019200000013449800;Rodoviário;14/07/2026 09:16;16/07/2026 11:25;14/07/2026 09:16;16/07/2026 11:25
CAIXA 130L;CAIXA 130L COM BERÇO;2 C a 8 C;560359;RS;TA0924;00019200000013449818;Rodoviário;14/07/2026 09:16;16/07/2026 11:25;14/07/2026 09:16;16/07/2026 11:25
CAIXA 130L;CAIXA 130L COM BERÇO;2 C a 8 C;560359;RS;A5863;00019200000013449826;Rodoviário;14/07/2026 09:16;16/07/2026 11:25;14/07/2026 09:16;16/07/2026 11:25
CAIXA 130L;CAIXA 130L COM BERÇO;2 C a 8 C;560359;RS;A4134;00019200000013449834;Rodoviário;14/07/2026 09:16;16/07/2026 11:25;14/07/2026 09:16;16/07/2026 11:25
CAIXA 130L;CAIXA 130L COM BERÇO;2 C a 8 C;560359;RS;A3122;00019200000013449842;Rodoviário;14/07/2026 09:16;16/07/2026 11:25;14/07/2026 09:16;16/07/2026 11:25
CAIXA 130L;CAIXA 130L COM BERÇO;2 C a 8 C;560359;RS;A8705;00019200000013449850;Rodoviário;14/07/2026 09:16;16/07/2026 11:25;14/07/2026 09:16;16/07/2026 11:25
CAIXA 130L;CAIXA 130L COM BERÇO;2 C a 8 C;560359;RS;TA0783;00019200000013449869;Rodoviário;14/07/2026 09:16;16/07/2026 11:25;14/07/2026 09:16;16/07/2026 11:25
CAIXA 130L;CAIXA 130L COM BERÇO;2 C a 8 C;560359;RS;A9073;00019200000013449877;Rodoviário;14/07/2026 09:16;16/07/2026 11:25;14/07/2026 09:16;16/07/2026 11:25
CAIXA 130L;CAIXA 130L COM BERÇO;2 C a 8 C;560359;RS;A9467;00019200000013449885;Rodoviário;14/07/2026 09:16;16/07/2026 11:25;14/07/2026 09:16;16/07/2026 11:25
CAIXA 130L;CAIXA 130L COM BERÇO;2 C a 8 C;560359;RS;A6254;00019200000013449893;Rodoviário;14/07/2026 09:16;16/07/2026 11:25;14/07/2026 09:16;16/07/2026 11:25
CAIXA 130L;CAIXA 130L COM BERÇO;2 C a 8 C;560359;RS;A4440;00019200000013449907;Rodoviário;14/07/2026 09:16;16/07/2026 11:25;14/07/2026 09:16;16/07/2026 11:25
CAIXA 130L;CAIXA 130L COM BERÇO;2 C a 8 C;560359;RS;TA0902;00019200000013449915;Rodoviário;14/07/2026 09:16;16/07/2026 11:25;14/07/2026 09:16;16/07/2026 11:25
CAIXA 130L;CAIXA 130L COM BERÇO;2 C a 8 C;560359;RS;A7697;00019200000013449923;Rodoviário;14/07/2026 09:16;16/07/2026 11:25;14/07/2026 09:16;16/07/2026 11:25
CAIXA 130L;CAIXA 130L COM BERÇO;2 C a 8 C;560359;RS;A8957;00019200000013449931;Rodoviário;14/07/2026 09:16;16/07/2026 11:25;14/07/2026 09:16;16/07/2026 11:25
CAIXA 130L;CAIXA 130L COM BERÇO;2 C a 8 C;560359;RS;A8899;00019200000013449940;Rodoviário;14/07/2026 09:16;16/07/2026 11:25;14/07/2026 09:16;16/07/2026 11:25
CAIXA 130L;CAIXA 130L COM BERÇO;2 C a 8 C;560359;RS;A6449;00019200000013449958;Rodoviário;14/07/2026 09:16;16/07/2026 11:25;14/07/2026 09:16;16/07/2026 11:25
CAIXA 130L;CAIXA 130L COM BERÇO;2 C a 8 C;560359;RS;A5292;00019200000013449966;Rodoviário;14/07/2026 09:16;16/07/2026 11:25;14/07/2026 09:16;16/07/2026 11:25
CAIXA 130L;CAIXA 130L COM BERÇO;2 C a 8 C;560359;RS;A2966;00019200000013449974;Rodoviário;14/07/2026 09:16;16/07/2026 11:25;14/07/2026 09:16;16/07/2026 11:25
CAIXA 130L;CAIXA 130L COM BERÇO;2 C a 8 C;560359;RS;A2897;00019200000013449982;Rodoviário;14/07/2026 09:16;16/07/2026 11:25;14/07/2026 09:16;16/07/2026 11:25
CAIXA 130L;CAIXA 130L COM BERÇO;2 C a 8 C;560359;RS;A5775;00019200000013449990;Rodoviário;14/07/2026 09:16;16/07/2026 11:25;14/07/2026 09:16;16/07/2026 11:25
CAIXA 130L;CAIXA 130L COM BERÇO;2 C a 8 C;560359;RS;A5019;00019200000013450000;Rodoviário;14/07/2026 09:16;16/07/2026 11:25;14/07/2026 09:16;16/07/2026 11:25
CAIXA 130L;CAIXA 130L COM BERÇO;2 C a 8 C;560359;RS;TA0313;00019200000013450018;Rodoviário;14/07/2026 09:16;16/07/2026 11:25;14/07/2026 09:16;16/07/2026 11:25
CAIXA 130L;CAIXA 130L COM BERÇO;2 C a 8 C;560359;RS;A6886;00019200000013450026;Rodoviário;14/07/2026 09:16;16/07/2026 11:25;14/07/2026 09:16;16/07/2026 11:25
CAIXA 130L;CAIXA 130L COM BERÇO;2 C a 8 C;560359;RS;A7033;00019200000013450034;Rodoviário;14/07/2026 09:16;16/07/2026 11:25;14/07/2026 09:16;16/07/2026 11:25
CAIXA 130L;CAIXA 130L COM BERÇO;2 C a 8 C;560359;RS;A4011;00019200000013450042;Rodoviário;14/07/2026 09:16;16/07/2026 11:25;14/07/2026 09:16;16/07/2026 11:25
CAIXA 130L;CAIXA 130L COM BERÇO;2 C a 8 C;560359;RS;TA0039;00019200000013450050;Rodoviário;14/07/2026 09:16;16/07/2026 11:25;14/07/2026 09:16;16/07/2026 11:25
CAIXA 130L;CAIXA 130L COM BERÇO;2 C a 8 C;560359;RS;A6639;00019200000013450069;Rodoviário;14/07/2026 09:16;16/07/2026 11:25;14/07/2026 09:16;16/07/2026 11:25
CAIXA 130L;CAIXA 130L COM BERÇO;2 C a 8 C;560359;RS;A7971;00019200000013450077;Rodoviário;14/07/2026 09:16;16/07/2026 11:25;14/07/2026 09:16;16/07/2026 11:25
CAIXA 130L;CAIXA 130L COM BERÇO;2 C a 8 C;560359;RS;A3161;00019200000013450085;Rodoviário;14/07/2026 09:16;16/07/2026 11:25;14/07/2026 09:16;16/07/2026 11:25
CAIXA 130L;CAIXA 130L COM BERÇO;2 C a 8 C;560359;RS;TA0311;00019200000013450093;Rodoviário;14/07/2026 09:16;16/07/2026 11:25;14/07/2026 09:16;16/07/2026 11:25
CAIXA 130L;CAIXA 130L COM BERÇO;2 C a 8 C;560359;RS;A5185;00019200000013450107;Rodoviário;14/07/2026 09:16;16/07/2026 11:25;14/07/2026 09:16;16/07/2026 11:25
CAIXA 130L;CAIXA 130L COM BERÇO;2 C a 8 C;560359;RS;A5678;00019200000013450115;Rodoviário;14/07/2026 09:16;16/07/2026 11:25;14/07/2026 09:16;16/07/2026 11:25
CAIXA 130L;CAIXA 130L COM BERÇO;2 C a 8 C;560359;RS;A8022;00019200000013450123;Rodoviário;14/07/2026 09:16;16/07/2026 11:25;14/07/2026 09:16;16/07/2026 11:25
CAIXA 130L;CAIXA 130L COM BERÇO;2 C a 8 C;560359;RS;A5801;00019200000013450131;Rodoviário;14/07/2026 09:16;16/07/2026 11:25;14/07/2026 09:16;16/07/2026 11:25
CAIXA 130L;CAIXA 130L COM BERÇO;2 C a 8 C;560359;RS;A3746;00019200000013450140;Rodoviário;14/07/2026 09:16;16/07/2026 11:25;14/07/2026 09:16;16/07/2026 11:25
CAIXA 130L;CAIXA 130L COM BERÇO;2 C a 8 C;560359;RS;TA0957;00019200000013450158;Rodoviário;14/07/2026 09:16;16/07/2026 11:25;14/07/2026 09:16;16/07/2026 11:25
CAIXA 130L;CAIXA 130L COM BERÇO;2 C a 8 C;560359;RS;TA1182;00019200000013450166;Rodoviário;14/07/2026 09:16;16/07/2026 11:25;14/07/2026 09:16;16/07/2026 11:25
CAIXA 130L;CAIXA 130L COM BERÇO;2 C a 8 C;560359;RS;A0014;00019200000013450174;Rodoviário;14/07/2026 09:16;16/07/2026 11:25;14/07/2026 09:16;16/07/2026 11:25
CAIXA 130L;CAIXA 130L COM BERÇO;2 C a 8 C;560359;RS;A6029;00019200000013450182;Rodoviário;14/07/2026 09:16;16/07/2026 11:25;14/07/2026 09:16;16/07/2026 11:25
CAIXA 130L;CAIXA 130L COM BERÇO;2 C a 8 C;560359;RS;A9485;00019200000013450204;Rodoviário;14/07/2026 09:16;16/07/2026 11:25;14/07/2026 09:16;16/07/2026 11:25
CAIXA 130L;CAIXA 130L COM BERÇO;2 C a 8 C;560359;RS;A1824;00019200000013450212;Rodoviário;14/07/2026 09:16;16/07/2026 11:25;14/07/2026 09:16;16/07/2026 11:25
CAIXA 130L;CAIXA 130L COM BERÇO;2 C a 8 C;560359;RS;A5900;00019200000013453068;Rodoviário;14/07/2026 09:16;16/07/2026 11:25;14/07/2026 09:16;16/07/2026 11:25
CAIXA 130L;CAIXA 130L COM BERÇO;2 C a 8 C;560359;RS;A7165;00019200000013453076;Rodoviário;14/07/2026 09:16;16/07/2026 11:25;14/07/2026 09:16;16/07/2026 11:25
CAIXA 130L;CAIXA 130L COM BERÇO;2 C a 8 C;560359;RS;TA0872;00019200000013453092;Rodoviário;14/07/2026 09:16;16/07/2026 11:25;14/07/2026 09:16;16/07/2026 11:25
CAIXA 130L;CAIXA 130L COM BERÇO;2 C a 30 C;560684;RS;A1180;00019200000013457756;Rodoviário;27/07/2026 06:05;29/07/2026 10:40;27/07/2026 06:05;29/07/2026 10:16
CAIXA 130L;CAIXA 130L COM BERÇO;2 C a 30 C;560684;RS;TA0523;00019200000013457764;Rodoviário;27/07/2026 06:05;29/07/2026 10:40;27/07/2026 06:05;29/07/2026 10:16
CAIXA 130L;CAIXA 130L COM BERÇO;2 C a 30 C;560684;RS;A6713;00019200000013457772;Rodoviário;27/07/2026 06:05;29/07/2026 10:40;27/07/2026 06:05;29/07/2026 10:16
CAIXA 130L;CAIXA 130L COM BERÇO;2 C a 30 C;560684;RS;A9625;00019200000013457780;Rodoviário;27/07/2026 06:05;29/07/2026 10:40;27/07/2026 06:05;29/07/2026 10:16
CAIXA 130L;CAIXA 130L COM BERÇO;2 C a 30 C;560684;RS;A4685;00019200000013457799;Rodoviário;27/07/2026 06:05;29/07/2026 10:40;27/07/2026 06:05;29/07/2026 10:16
CAIXA 130L;CAIXA 130L COM BERÇO;2 C a 30 C;560684;RS;A6867;00019200000013457802;Rodoviário;27/07/2026 06:05;29/07/2026 10:40;27/07/2026 06:05;29/07/2026 10:16
CAIXA 130L;CAIXA 130L COM BERÇO;2 C a 30 C;560684;RS;A2496;00019200000013457810;Rodoviário;27/07/2026 06:05;29/07/2026 10:40;27/07/2026 06:05;29/07/2026 10:16
CAIXA 130L;CAIXA 130L COM BERÇO;2 C a 30 C;560684;RS;TA0916;00019200000013457829;Rodoviário;27/07/2026 06:05;29/07/2026 10:40;27/07/2026 06:05;29/07/2026 10:16
CAIXA 130L;CAIXA 130L COM BERÇO;2 C a 30 C;560684;RS;A6153;00019200000013457837;Rodoviário;27/07/2026 06:05;29/07/2026 10:40;27/07/2026 06:05;29/07/2026 10:16
CAIXA 130L;CAIXA 130L COM BERÇO;2 C a 30 C;560684;RS;A6231;00019200000013457845;Rodoviário;27/07/2026 06:05;29/07/2026 10:40;27/07/2026 06:05;29/07/2026 10:16
CAIXA 130L;CAIXA 130L COM BERÇO;2 C a 30 C;560684;RS;A9296;00019200000013457853;Rodoviário;27/07/2026 06:05;29/07/2026 10:40;27/07/2026 06:05;29/07/2026 10:16
CAIXA 130L;CAIXA 130L COM BERÇO;2 C a 30 C;560684;RS;A9181;00019200000013457861;Rodoviário;27/07/2026 06:05;29/07/2026 10:40;27/07/2026 06:05;29/07/2026 10:16
CAIXA 130L;CAIXA 130L COM BERÇO;2 C a 30 C;560684;RS;A7304;00019200000013457870;Rodoviário;27/07/2026 06:05;29/07/2026 10:40;27/07/2026 06:05;29/07/2026 10:16
CAIXA 130L;CAIXA 130L COM BERÇO;2 C a 30 C;560684;RS;A4580;00019200000013457888;Rodoviário;27/07/2026 06:05;29/07/2026 10:40;27/07/2026 06:05;29/07/2026 10:16
CAIXA 130L;CAIXA 130L COM BERÇO;2 C a 30 C;560684;RS;A0339;00019200000013457896;Rodoviário;27/07/2026 06:05;29/07/2026 10:40;27/07/2026 06:05;29/07/2026 10:16
CAIXA 130L;CAIXA 130L COM BERÇO;2 C a 30 C;560684;RS;A3203;00019200000013457900;Rodoviário;27/07/2026 06:05;29/07/2026 10:40;27/07/2026 06:05;29/07/2026 10:16
CAIXA 130L;CAIXA 130L COM BERÇO;2 C a 30 C;560684;RS;TA0515;00019200000013457918;Rodoviário;27/07/2026 06:05;29/07/2026 10:40;27/07/2026 06:05;29/07/2026 10:16
CAIXA 130L;CAIXA 130L COM BERÇO;2 C a 8 C;560684;RS;A8670;00019200000013457926;Rodoviário;27/07/2026 06:05;29/07/2026 10:40;27/07/2026 06:05;29/07/2026 10:16
CAIXA 130L;CAIXA 130L COM BERÇO;2 C a 30 C;560684;RS;TA0210;00019200000013457934;Rodoviário;27/07/2026 06:05;29/07/2026 10:40;27/07/2026 06:05;29/07/2026 10:16
CAIXA 130L;CAIXA 130L COM BERÇO;2 C a 30 C;560684;RS;A9399;00019200000013457942;Rodoviário;27/07/2026 06:05;29/07/2026 10:40;27/07/2026 06:05;29/07/2026 10:16
CAIXA 130L;CAIXA 130L COM BERÇO;2 C a 30 C;560684;RS;A8678;00019200000013457950;Rodoviário;27/07/2026 06:05;29/07/2026 10:40;27/07/2026 06:05;29/07/2026 10:16
CAIXA 130L;CAIXA 130L COM BERÇO;2 C a 30 C;560684;RS;A4399;00019200000013457969;Rodoviário;27/07/2026 06:05;29/07/2026 10:40;27/07/2026 06:05;29/07/2026 10:16
CAIXA 130L;CAIXA 130L COM BERÇO;2 C a 30 C;560684;RS;A3839;00019200000013457977;Rodoviário;27/07/2026 06:05;29/07/2026 10:40;27/07/2026 06:05;29/07/2026 10:16
CAIXA 130L;CAIXA 130L COM BERÇO;2 C a 30 C;560684;RS;A7065;00019200000013457985;Rodoviário;27/07/2026 06:05;29/07/2026 10:40;27/07/2026 06:05;29/07/2026 10:16
CAIXA 130L;CAIXA 130L COM BERÇO;2 C a 30 C;560684;RS;A3899;00019200000013457993;Rodoviário;27/07/2026 06:05;29/07/2026 10:40;27/07/2026 06:05;29/07/2026 10:16
CAIXA 130L;CAIXA 130L COM BERÇO;2 C a 8 C;560684;RS;TA0382;00019200000013458000;Rodoviário;27/07/2026 06:05;29/07/2026 10:40;27/07/2026 06:05;29/07/2026 10:16
CAIXA 130L;CAIXA 130L COM BERÇO;2 C a 8 C;560684;RS;A8918;00019200000013458019;Rodoviário;27/07/2026 06:05;29/07/2026 10:40;27/07/2026 06:05;29/07/2026 10:16
CAIXA 130L;CAIXA 130L COM BERÇO;2 C a 8 C;560684;RS;A6774;00019200000013458027;Rodoviário;27/07/2026 06:05;29/07/2026 10:40;27/07/2026 06:05;29/07/2026 10:16
CAIXA 130L;CAIXA 130L COM BERÇO;2 C a 8 C;560684;RS;A8594;00019200000013458035;Rodoviário;27/07/2026 06:05;29/07/2026 10:40;27/07/2026 06:05;29/07/2026 10:16
CAIXA 130L;CAIXA 130L COM BERÇO;2 C a 8 C;560684;RS;A7871;00019200000013458043;Rodoviário;27/07/2026 06:05;29/07/2026 10:40;27/07/2026 06:05;29/07/2026 10:16
CAIXA 130L;CAIXA 130L COM BERÇO;2 C a 8 C;560684;RS;A4195;00019200000013458051;Rodoviário;27/07/2026 06:05;29/07/2026 10:40;27/07/2026 06:05;29/07/2026 10:16
CAIXA 130L;CAIXA 130L COM BERÇO;2 C a 8 C;560684;RS;A8526;00019200000013458060;Rodoviário;27/07/2026 06:05;29/07/2026 10:40;27/07/2026 06:05;29/07/2026 10:16
CAIXA 130L;CAIXA 130L COM BERÇO;2 C a 8 C;560684;RS;A7962;00019200000013458078;Rodoviário;27/07/2026 06:05;29/07/2026 10:40;27/07/2026 06:05;29/07/2026 10:16
CAIXA 130L;CAIXA 130L COM BERÇO;2 C a 8 C;560684;RS;A3875;00019200000013458086;Rodoviário;27/07/2026 06:05;29/07/2026 10:40;27/07/2026 06:05;29/07/2026 10:16
CAIXA 130L;CAIXA 130L COM BERÇO;2 C a 8 C;560684;RS;A4327;00019200000013458094;Rodoviário;27/07/2026 06:05;29/07/2026 10:40;27/07/2026 06:05;29/07/2026 10:16
CAIXA 130L;CAIXA 130L COM BERÇO;2 C a 8 C;560684;RS;TA1086;00019200000013458108;Rodoviário;27/07/2026 06:05;29/07/2026 10:40;27/07/2026 06:05;29/07/2026 10:16
CAIXA 130L;CAIXA 130L COM BERÇO;2 C a 8 C;560684;RS;A9353;00019200000013458116;Rodoviário;27/07/2026 06:05;29/07/2026 10:40;27/07/2026 06:05;29/07/2026 10:16
CAIXA 130L;CAIXA 130L COM BERÇO;2 C a 8 C;560684;RS;A5902;00019200000013458124;Rodoviário;27/07/2026 06:05;29/07/2026 10:40;27/07/2026 06:05;29/07/2026 10:16
CAIXA 130L;CAIXA 130L COM BERÇO;2 C a 8 C;560684;RS;A8605;00019200000013458132;Rodoviário;27/07/2026 06:05;29/07/2026 10:40;27/07/2026 06:05;29/07/2026 10:16
CAIXA 130L;CAIXA 130L COM BERÇO;2 C a 8 C;560684;RS;TA0235;00019200000013458140;Rodoviário;27/07/2026 06:05;29/07/2026 10:40;27/07/2026 06:05;29/07/2026 10:16
CAIXA 130L;CAIXA 130L COM BERÇO;2 C a 8 C;560684;RS;A8924;00019200000013458159;Rodoviário;27/07/2026 06:05;29/07/2026 10:40;27/07/2026 06:05;29/07/2026 10:16
CAIXA 130L;CAIXA 130L COM BERÇO;2 C a 8 C;560684;RS;A8668;00019200000013458167;Rodoviário;27/07/2026 06:05;29/07/2026 10:40;27/07/2026 06:05;29/07/2026 10:16
CAIXA 130L;CAIXA 130L COM BERÇO;2 C a 8 C;560684;RS;A3116;00019200000013458175;Rodoviário;27/07/2026 06:05;29/07/2026 10:40;27/07/2026 06:05;29/07/2026 10:16
CAIXA 130L;CAIXA 130L COM BERÇO;2 C a 8 C;560684;RS;TA0156;00019200000013458183;Rodoviário;27/07/2026 06:05;29/07/2026 10:40;27/07/2026 06:05;29/07/2026 10:16
CAIXA 130L;CAIXA 130L COM BERÇO;2 C a 8 C;560684;RS;A0071;00019200000013458191;Rodoviário;27/07/2026 06:05;29/07/2026 10:40;27/07/2026 06:05;29/07/2026 10:16
CAIXA 130L;CAIXA 130L COM BERÇO;2 C a 8 C;560684;RS;A0532;00019200000013458205;Rodoviário;27/07/2026 06:05;29/07/2026 10:40;27/07/2026 06:05;29/07/2026 10:16
CAIXA 130L;CAIXA 130L COM BERÇO;2 C a 8 C;560684;RS;A4665;00019200000013458213;Rodoviário;27/07/2026 06:05;29/07/2026 10:40;27/07/2026 06:05;29/07/2026 10:16
CAIXA 130L;CAIXA 130L COM BERÇO;2 C a 8 C;560684;RS;A7342;00019200000013458760;Rodoviário;27/07/2026 06:05;29/07/2026 10:40;27/07/2026 06:05;29/07/2026 10:16
CAIXA 130L;CAIXA 130L COM BERÇO;2 C a 8 C;560684;RS;A5579;00019200000013458779;Rodoviário;27/07/2026 06:05;29/07/2026 10:40;27/07/2026 06:05;29/07/2026 10:16
CAIXA 130L;CAIXA 130L COM BERÇO;2 C a 8 C;560686;RS;A5457;00019200000013458221;Rodoviário;27/07/2026 06:05;29/07/2026 10:32;27/07/2026 06:05;29/07/2026 10:27
CAIXA 130L;CAIXA 130L COM BERÇO;2 C a 8 C;560686;RS;A6851;00019200000013458230;Rodoviário;27/07/2026 06:05;29/07/2026 10:32;27/07/2026 06:05;29/07/2026 10:27
CAIXA 130L;CAIXA 130L COM BERÇO;2 C a 8 C;560686;RS;A4558;00019200000013458248;Rodoviário;27/07/2026 06:05;29/07/2026 10:32;27/07/2026 06:05;29/07/2026 10:27
CAIXA 130L;CAIXA 130L COM BERÇO;2 C a 8 C;560686;RS;A6692;00019200000013458256;Rodoviário;27/07/2026 06:05;29/07/2026 10:32;27/07/2026 06:05;29/07/2026 10:27
CAIXA 130L;CAIXA 130L COM BERÇO;2 C a 8 C;560686;RS;A5775;00019200000013458264;Rodoviário;27/07/2026 06:05;29/07/2026 10:32;27/07/2026 06:05;29/07/2026 10:27
CAIXA 130L;CAIXA 130L COM BERÇO;2 C a 8 C;560686;RS;A3161;00019200000013458272;Rodoviário;27/07/2026 06:05;29/07/2026 10:32;27/07/2026 06:05;29/07/2026 10:27
CAIXA 130L;CAIXA 130L COM BERÇO;2 C a 8 C;560686;RS;A7591;00019200000013458280;Rodoviário;27/07/2026 06:05;29/07/2026 10:32;27/07/2026 06:05;29/07/2026 10:27
CAIXA 130L;CAIXA 130L COM BERÇO;2 C a 8 C;560686;RS;A9708;00019200000013458299;Rodoviário;27/07/2026 06:05;29/07/2026 10:32;27/07/2026 06:05;29/07/2026 10:27
CAIXA 130L;CAIXA 130L COM BERÇO;2 C a 8 C;560686;RS;A2948;00019200000013458302;Rodoviário;27/07/2026 06:05;29/07/2026 10:32;27/07/2026 06:05;29/07/2026 10:27
CAIXA 130L;CAIXA 130L COM BERÇO;2 C a 8 C;560686;RS;A5863;00019200000013458310;Rodoviário;27/07/2026 06:05;29/07/2026 10:32;27/07/2026 06:05;29/07/2026 10:27
CAIXA 130L;CAIXA 130L COM BERÇO;2 C a 8 C;560686;RS;TA0934;00019200000013458329;Rodoviário;27/07/2026 06:05;29/07/2026 10:32;27/07/2026 06:05;29/07/2026 10:27
CAIXA 130L;CAIXA 130L COM BERÇO;2 C a 8 C;560686;RS;A9664;00019200000013458337;Rodoviário;27/07/2026 06:05;29/07/2026 10:32;27/07/2026 06:05;29/07/2026 10:27
CAIXA 130L;CAIXA 130L COM BERÇO;2 C a 8 C;560686;RS;A6056;00019200000013458345;Rodoviário;27/07/2026 06:05;29/07/2026 10:32;27/07/2026 06:05;29/07/2026 10:27
CAIXA 130L;CAIXA 130L COM BERÇO;2 C a 8 C;560686;RS;A5451;00019200000013458353;Rodoviário;27/07/2026 06:05;29/07/2026 10:32;27/07/2026 06:05;29/07/2026 10:27
CAIXA 130L;CAIXA 130L COM BERÇO;2 C a 8 C;560686;RS;A5900;00019200000013458361;Rodoviário;27/07/2026 06:05;29/07/2026 10:32;27/07/2026 06:05;29/07/2026 10:27
CAIXA 130L;CAIXA 130L COM BERÇO;2 C a 8 C;560686;RS;A9279;00019200000013458370;Rodoviário;27/07/2026 06:05;29/07/2026 10:32;27/07/2026 06:05;29/07/2026 10:27
CAIXA 130L;CAIXA 130L COM BERÇO;2 C a 8 C;560686;RS;A6762;00019200000013458388;Rodoviário;27/07/2026 06:05;29/07/2026 10:32;27/07/2026 06:05;29/07/2026 10:27
CAIXA 130L;CAIXA 130L COM BERÇO;2 C a 8 C;560686;RS;A6994;00019200000013458396;Rodoviário;27/07/2026 06:05;29/07/2026 10:32;27/07/2026 06:05;29/07/2026 10:27
CAIXA 130L;CAIXA 130L COM BERÇO;2 C a 8 C;560686;RS;A6145;00019200000013458400;Rodoviário;27/07/2026 06:05;29/07/2026 10:32;27/07/2026 06:05;29/07/2026 10:27
CAIXA 130L;CAIXA 130L COM BERÇO;2 C a 8 C;560686;RS;A1046;00019200000013458418;Rodoviário;27/07/2026 06:05;29/07/2026 10:32;27/07/2026 06:05;29/07/2026 10:27
CAIXA 130L;CAIXA 130L COM BERÇO;2 C a 8 C;560686;RS;A4802;00019200000013458426;Rodoviário;27/07/2026 06:05;29/07/2026 10:32;27/07/2026 06:05;29/07/2026 10:27
CAIXA 130L;CAIXA 130L COM BERÇO;2 C a 8 C;560686;RS;A2503;00019200000013458434;Rodoviário;27/07/2026 06:05;29/07/2026 10:32;27/07/2026 06:05;29/07/2026 10:27
CAIXA 130L;CAIXA 130L COM BERÇO;2 C a 8 C;560686;RS;A6886;00019200000013458442;Rodoviário;27/07/2026 06:05;29/07/2026 10:32;27/07/2026 06:05;29/07/2026 10:27
CAIXA 130L;CAIXA 130L COM BERÇO;2 C a 8 C;560686;RS;A3746;00019200000013458450;Rodoviário;27/07/2026 06:05;29/07/2026 10:32;27/07/2026 06:05;29/07/2026 10:27
CAIXA 130L;CAIXA 130L COM BERÇO;2 C a 8 C;560686;RS;A0184;00019200000013458469;Rodoviário;27/07/2026 06:05;29/07/2026 10:32;27/07/2026 06:05;29/07/2026 10:27
CAIXA 130L;CAIXA 130L COM BERÇO;2 C a 8 C;560686;RS;A9135;00019200000013458477;Rodoviário;27/07/2026 06:05;29/07/2026 10:32;27/07/2026 06:05;29/07/2026 10:27
CAIXA 130L;CAIXA 130L COM BERÇO;2 C a 8 C;560686;RS;TA0783;00019200000013458485;Rodoviário;27/07/2026 06:05;29/07/2026 10:32;27/07/2026 06:05;29/07/2026 10:27
CAIXA 130L;CAIXA 130L COM BERÇO;2 C a 8 C;560686;RS;A5843;00019200000013458493;Rodoviário;27/07/2026 06:05;29/07/2026 10:32;27/07/2026 06:05;29/07/2026 10:27
CAIXA 130L;CAIXA 130L COM BERÇO;2 C a 8 C;560686;RS;A4011;00019200000013458507;Rodoviário;27/07/2026 06:05;29/07/2026 10:32;27/07/2026 06:05;29/07/2026 10:27
CAIXA 130L;CAIXA 130L COM BERÇO;2 C a 8 C;560686;RS;A2298;00019200000013458515;Rodoviário;27/07/2026 06:05;29/07/2026 10:32;27/07/2026 06:05;29/07/2026 10:27
CAIXA 130L;CAIXA 130L COM BERÇO;2 C a 8 C;560686;RS;A3730;00019200000013458523;Rodoviário;27/07/2026 06:05;29/07/2026 10:32;27/07/2026 06:05;29/07/2026 10:27
CAIXA 130L;CAIXA 130L COM BERÇO;2 C a 8 C;560686;RS;A5378;00019200000013458531;Rodoviário;27/07/2026 06:05;29/07/2026 10:32;27/07/2026 06:05;29/07/2026 10:27
CAIXA 130L;CAIXA 130L COM BERÇO;2 C a 8 C;560686;RS;A6348;00019200000013458540;Rodoviário;27/07/2026 06:05;29/07/2026 10:32;27/07/2026 06:05;29/07/2026 10:27
CAIXA 130L;CAIXA 130L COM BERÇO;2 C a 8 C;560686;RS;TA0313;00019200000013458558;Rodoviário;27/07/2026 06:05;29/07/2026 10:32;27/07/2026 06:05;29/07/2026 10:27
CAIXA 130L;CAIXA 130L COM BERÇO;2 C a 8 C;560686;RS;A8145;00019200000013458566;Rodoviário;27/07/2026 06:05;29/07/2026 10:32;27/07/2026 06:05;29/07/2026 10:27
CAIXA 130L;CAIXA 130L COM BERÇO;2 C a 8 C;560686;RS;A9513;00019200000013458574;Rodoviário;27/07/2026 06:05;29/07/2026 10:32;27/07/2026 06:05;29/07/2026 10:27
CAIXA 130L;CAIXA 130L COM BERÇO;2 C a 8 C;560686;RS;A2804;00019200000013458582;Rodoviário;27/07/2026 06:05;29/07/2026 10:32;27/07/2026 06:05;29/07/2026 10:27
CAIXA 130L;CAIXA 130L COM BERÇO;2 C a 8 C;560686;RS;TA0884;00019200000013458590;Rodoviário;27/07/2026 06:05;29/07/2026 10:32;27/07/2026 06:05;29/07/2026 10:27
CAIXA 130L;CAIXA 130L COM BERÇO;2 C a 8 C;560686;RS;TA0134;00019200000013458604;Rodoviário;27/07/2026 06:05;29/07/2026 10:32;27/07/2026 06:05;29/07/2026 10:27
CAIXA 130L;CAIXA 130L COM BERÇO;2 C a 8 C;560686;RS;TA0819;00019200000013458612;Rodoviário;27/07/2026 06:05;29/07/2026 10:32;27/07/2026 06:05;29/07/2026 10:27
CAIXA 130L;CAIXA 130L COM BERÇO;2 C a 8 C;560686;RS;A8436;00019200000013458620;Rodoviário;27/07/2026 06:05;29/07/2026 10:32;27/07/2026 06:05;29/07/2026 10:27
CAIXA 130L;CAIXA 130L COM BERÇO;2 C a 8 C;560686;RS;A7971;00019200000013458639;Rodoviário;27/07/2026 06:05;29/07/2026 10:32;27/07/2026 06:05;29/07/2026 10:27
CAIXA 130L;CAIXA 130L COM BERÇO;2 C a 8 C;560686;RS;A1128;00019200000013458647;Rodoviário;27/07/2026 06:05;29/07/2026 10:32;27/07/2026 06:05;29/07/2026 10:27
CAIXA 130L;CAIXA 130L COM BERÇO;2 C a 8 C;560686;RS;A5548;00019200000013458655;Rodoviário;27/07/2026 06:05;29/07/2026 10:32;27/07/2026 06:05;29/07/2026 10:27
CAIXA 130L;CAIXA 130L COM BERÇO;2 C a 8 C;560686;RS;A1354;00019200000013458663;Rodoviário;27/07/2026 06:05;29/07/2026 10:32;27/07/2026 06:05;29/07/2026 10:27
CAIXA 130L;CAIXA 130L COM BERÇO;2 C a 8 C;560686;RS;A3646;00019200000013458671;Rodoviário;27/07/2026 06:05;29/07/2026 10:32;27/07/2026 06:05;29/07/2026 10:27
CAIXA 130L;CAIXA 130L COM BERÇO;2 C a 8 C;560686;RS;A0014;00019200000013458680;Rodoviário;27/07/2026 06:05;29/07/2026 10:32;27/07/2026 06:05;29/07/2026 10:27
CAIXA 130L;CAIXA 130L COM BERÇO;2 C a 8 C;560686;RS;A0409;00019200000013458698;Rodoviário;27/07/2026 06:05;29/07/2026 10:32;27/07/2026 06:05;29/07/2026 10:27
CAIXA 130L;CAIXA 130L COM BERÇO;2 C a 8 C;560686;RS;A3325;00019200000013458701;Rodoviário;27/07/2026 06:05;29/07/2026 10:32;27/07/2026 06:05;29/07/2026 10:27
CAIXA 130L;CAIXA 130L COM BERÇO;2 C a 8 C;560686;RS;A5888;00019200000013458710;Rodoviário;27/07/2026 06:05;29/07/2026 10:32;27/07/2026 06:05;29/07/2026 10:27
CAIXA 130L;CAIXA 130L COM BERÇO;2 C a 8 C;560686;RS;A3062;00019200000013458728;Rodoviário;27/07/2026 06:05;29/07/2026 10:32;27/07/2026 06:05;29/07/2026 10:27
CAIXA 130L;CAIXA 130L COM BERÇO;2 C a 8 C;560686;RS;A8957;00019200000013458736;Rodoviário;27/07/2026 06:05;29/07/2026 10:32;27/07/2026 06:05;29/07/2026 10:27
CAIXA 130L;CAIXA 130L COM BERÇO;2 C a 8 C;560686;RS;A2966;00019200000013458744;Rodoviário;27/07/2026 06:05;29/07/2026 10:32;27/07/2026 06:05;29/07/2026 10:27
CAIXA 130L;CAIXA 130L COM BERÇO;2 C a 8 C;560686;RS;A9073;00019200000013458752;Rodoviário;27/07/2026 06:05;29/07/2026 10:32;27/07/2026 06:05;29/07/2026 10:27
CAIXA 130L;CAIXA 130L COM BERÇO;2 C a 8 C;560688;RS;A6696;00019200000013695959;Rodoviário;27/07/2026 06:04;29/07/2026 10:36;27/07/2026 06:04;29/07/2026 10:23
CAIXA 130L;CAIXA 130L COM BERÇO;2 C a 8 C;560688;RS;A4360;00019200000013695967;Rodoviário;27/07/2026 06:04;29/07/2026 10:36;27/07/2026 06:04;29/07/2026 10:23
CAIXA 130L;CAIXA 130L COM BERÇO;2 C a 8 C;560688;RS;TA0594;00019200000013696017;Rodoviário;27/07/2026 06:04;29/07/2026 10:36;27/07/2026 06:04;29/07/2026 10:23
CAIXA 130L;CAIXA 130L COM BERÇO;2 C a 8 C;560688;RS;A1731;00019200000013696025;Rodoviário;27/07/2026 06:04;29/07/2026 10:36;27/07/2026 06:04;29/07/2026 10:23
CAIXA 130L;CAIXA 130L COM BERÇO;2 C a 8 C;560688;RS;A4967;00019200000013696033;Rodoviário;27/07/2026 06:04;29/07/2026 10:36;27/07/2026 06:04;29/07/2026 10:23
CAIXA 130L;CAIXA 130L COM BERÇO;2 C a 8 C;560688;RS;A8753;00019200000013696041;Rodoviário;27/07/2026 06:04;29/07/2026 10:36;27/07/2026 06:04;29/07/2026 10:23
CAIXA 130L;CAIXA 130L COM BERÇO;2 C a 8 C;560688;RS;A3503;00019200000013696050;Rodoviário;27/07/2026 06:04;29/07/2026 10:36;27/07/2026 06:04;29/07/2026 10:23
CAIXA 130L;CAIXA 130L COM BERÇO;2 C a 8 C;560688;RS;A6708;00019200000013696068;Rodoviário;27/07/2026 06:04;29/07/2026 10:36;27/07/2026 06:04;29/07/2026 10:23
CAIXA 130L;CAIXA 130L COM BERÇO;2 C a 8 C;560688;RS;A7011;00019200000013696076;Rodoviário;27/07/2026 06:04;29/07/2026 10:36;27/07/2026 06:04;29/07/2026 10:23
CAIXA 130L;CAIXA 130L COM BERÇO;2 C a 8 C;560688;RS;A6894;00019200000013696084;Rodoviário;27/07/2026 06:04;29/07/2026 10:36;27/07/2026 06:04;29/07/2026 10:23
CAIXA 130L;CAIXA 130L COM BERÇO;2 C a 8 C;560688;RS;A4987;00019200000013696092;Rodoviário;27/07/2026 06:04;29/07/2026 10:36;27/07/2026 06:04;29/07/2026 10:23
CAIXA 130L;CAIXA 130L COM BERÇO;2 C a 8 C;560688;RS;A4156;00019200000013696106;Rodoviário;27/07/2026 06:04;29/07/2026 10:36;27/07/2026 06:04;29/07/2026 10:23
CAIXA 130L;CAIXA 130L COM BERÇO;2 C a 8 C;560688;RS;TA0978;00019200000013696114;Rodoviário;27/07/2026 06:04;29/07/2026 10:36;27/07/2026 06:04;29/07/2026 10:23
CAIXA 130L;CAIXA 130L COM BERÇO;2 C a 8 C;560688;RS;A8136;00019200000013696122;Rodoviário;27/07/2026 06:04;29/07/2026 10:36;27/07/2026 06:04;29/07/2026 10:23
CAIXA 130L;CAIXA 130L COM BERÇO;2 C a 8 C;560688;RS;A3637;00019200000013696130;Rodoviário;27/07/2026 06:04;29/07/2026 10:36;27/07/2026 06:04;29/07/2026 10:23
CAIXA 130L;CAIXA 130L COM BERÇO;2 C a 8 C;560688;RS;TA0989;00019200000013696149;Rodoviário;27/07/2026 06:04;29/07/2026 10:36;27/07/2026 06:04;29/07/2026 10:23
CAIXA 130L;CAIXA 130L COM BERÇO;2 C a 8 C;560688;RS;A9580;00019200000013696157;Rodoviário;27/07/2026 06:04;29/07/2026 10:36;27/07/2026 06:04;29/07/2026 10:23
CAIXA 130L;CAIXA 130L COM BERÇO;2 C a 8 C;560688;RS;A8020;00019200000013696165;Rodoviário;27/07/2026 06:04;29/07/2026 10:36;27/07/2026 06:04;29/07/2026 10:23
CAIXA 130L;CAIXA 130L COM BERÇO;2 C a 8 C;560688;RS;A7936;00019200000013696173;Rodoviário;27/07/2026 06:04;29/07/2026 10:36;27/07/2026 06:04;29/07/2026 10:23
CAIXA 130L;CAIXA 130L COM BERÇO;2 C a 8 C;560688;RS;TA1049;00019200000013696181;Rodoviário;27/07/2026 06:04;29/07/2026 10:36;27/07/2026 06:04;29/07/2026 10:23
CAIXA 130L;CAIXA 130L COM BERÇO;2 C a 8 C;560688;RS;A5398;00019200000013696190;Rodoviário;27/07/2026 06:04;29/07/2026 10:36;27/07/2026 06:04;29/07/2026 10:23
CAIXA 130L;CAIXA 130L COM BERÇO;2 C a 8 C;560688;RS;A6976;00019200000013696203;Rodoviário;27/07/2026 06:04;29/07/2026 10:36;27/07/2026 06:04;29/07/2026 10:23
CAIXA 130L;CAIXA 130L COM BERÇO;2 C a 8 C;560688;RS;A4729;00019200000013696211;Rodoviário;27/07/2026 06:04;29/07/2026 10:36;27/07/2026 06:04;29/07/2026 10:23
CAIXA 130L;CAIXA 130L COM BERÇO;2 C a 8 C;560688;RS;A2578;00019200000013696220;Rodoviário;27/07/2026 06:04;29/07/2026 10:36;27/07/2026 06:04;29/07/2026 10:23
CAIXA 130L;CAIXA 130L COM BERÇO;2 C a 8 C;560688;RS;A7456;00019200000013696238;Rodoviário;27/07/2026 06:04;29/07/2026 10:36;27/07/2026 06:04;29/07/2026 10:23
CAIXA 130L;CAIXA 130L COM BERÇO;2 C a 8 C;560688;RS;A7810;00019200000013696491;Rodoviário;27/07/2026 06:04;29/07/2026 10:36;27/07/2026 06:04;29/07/2026 10:23
CAIXA 130L;CAIXA 130L COM BERÇO;2 C a 8 C;560688;RS;A3968;00019200000013696505;Rodoviário;27/07/2026 06:04;29/07/2026 10:36;27/07/2026 06:04;29/07/2026 10:23
CAIXA 130L;CAIXA 130L COM BERÇO;2 C a 8 C;560688;RS;A1633;00019200000013696513;Rodoviário;27/07/2026 06:04;29/07/2026 10:36;27/07/2026 06:04;29/07/2026 10:23
CAIXA 130L;CAIXA 130L COM BERÇO;2 C a 8 C;560688;RS;A6051;00019200000013696521;Rodoviário;27/07/2026 06:04;29/07/2026 10:36;27/07/2026 06:04;29/07/2026 10:23
CAIXA 130L;CAIXA 130L COM BERÇO;2 C a 8 C;560688;RS;A9553;00019200000013696530;Rodoviário;27/07/2026 06:04;29/07/2026 10:36;27/07/2026 06:04;29/07/2026 10:23
CAIXA 130L;CAIXA 130L COM BERÇO;2 C a 8 C;560688;RS;A5908;00019200000013696548;Rodoviário;27/07/2026 06:04;29/07/2026 10:36;27/07/2026 06:04;29/07/2026 10:23
CAIXA 130L;CAIXA 130L COM BERÇO;2 C a 8 C;560688;RS;A2065;00019200000013696556;Rodoviário;27/07/2026 06:04;29/07/2026 10:36;27/07/2026 06:04;29/07/2026 10:23
CAIXA 130L;CAIXA 130L COM BERÇO;2 C a 8 C;560688;RS;A9600;00019200000013696564;Rodoviário;27/07/2026 06:04;29/07/2026 10:36;27/07/2026 06:04;29/07/2026 10:23
CAIXA 130L;CAIXA 130L COM BERÇO;2 C a 8 C;560688;RS;A9448;00019200000013696572;Rodoviário;27/07/2026 06:04;29/07/2026 10:36;27/07/2026 06:04;29/07/2026 10:23
CAIXA 130L;CAIXA 130L COM BERÇO;2 C a 8 C;560688;RS;A9054;00019200000013696580;Rodoviário;27/07/2026 06:04;29/07/2026 10:36;27/07/2026 06:04;29/07/2026 10:23
CAIXA 130L;CAIXA 130L COM BERÇO;2 C a 8 C;560688;RS;A7447;00019200000013696637;Rodoviário;27/07/2026 06:04;29/07/2026 10:36;27/07/2026 06:04;29/07/2026 10:23
CAIXA 130L;CAIXA 130L COM BERÇO;2 C a 8 C;560688;RS;TA1204;00019200000013696645;Rodoviário;27/07/2026 06:04;29/07/2026 10:36;27/07/2026 06:04;29/07/2026 10:23
CAIXA 130L;CAIXA 130L COM BERÇO;2 C a 8 C;560688;RS;A8340;00019200000013697056;Rodoviário;27/07/2026 06:04;29/07/2026 10:36;27/07/2026 06:04;29/07/2026 10:23
CAIXA 130L;CAIXA 130L COM BERÇO;2 C a 8 C;560688;RS;TA0272;00019200000013697064;Rodoviário;27/07/2026 06:04;29/07/2026 10:36;27/07/2026 06:04;29/07/2026 10:23
CAIXA 130L;CAIXA 130L COM BERÇO;2 C a 8 C;560688;RS;A8765;00019200000013697072;Rodoviário;27/07/2026 06:04;29/07/2026 10:36;27/07/2026 06:04;29/07/2026 10:23
CAIXA 130L;CAIXA 130L COM BERÇO;2 C a 8 C;560688;RS;A4901;00019200000013697080;Rodoviário;27/07/2026 06:04;29/07/2026 10:36;27/07/2026 06:04;29/07/2026 10:23
CAIXA 130L;CAIXA 130L COM BERÇO;2 C a 8 C;557286;SC;A2337;00019200000013322397;MultiModal;07/07/2026 04:44;09/07/2026 16:00;07/07/2026 13:55;17/07/2026 12:24
CAIXA 130L;CAIXA 130L COM BERÇO;2 C a 8 C;557286;SC;A9348;00019200000013322400;MultiModal;07/07/2026 04:44;09/07/2026 16:00;07/07/2026 05:52;10/07/2026 17:00
CAIXA 130L;CAIXA 130L COM BERÇO;2 C a 8 C;557286;SC;TA0238;00019200000013322419;MultiModal;07/07/2026 04:44;09/07/2026 16:00;07/07/2026 13:55;17/07/2026 12:24
CAIXA 130L;CAIXA 130L COM BERÇO;2 C a 8 C;557286;SC;A8828;00019200000013322427;MultiModal;07/07/2026 04:44;09/07/2026 16:00;07/07/2026 13:55;17/07/2026 12:24
CAIXA 130L;CAIXA 130L COM BERÇO;2 C a 8 C;557286;SC;A6039;00019200000013322435;MultiModal;07/07/2026 04:44;09/07/2026 16:00;07/07/2026 13:55;17/07/2026 12:24
CAIXA 130L;CAIXA 130L COM BERÇO;2 C a 8 C;557286;SC;TA0482;00019200000013322443;MultiModal;07/07/2026 04:44;09/07/2026 16:00;07/07/2026 05:52;10/07/2026 17:00
CAIXA 130L;CAIXA 130L COM BERÇO;2 C a 8 C;557286;SC;A9420;00019200000013322451;MultiModal;07/07/2026 04:44;09/07/2026 16:00;07/07/2026 05:52;10/07/2026 17:00
CAIXA 130L;CAIXA 130L COM BERÇO;2 C a 8 C;557286;SC;A8671;00019200000013322460;MultiModal;07/07/2026 04:44;09/07/2026 16:00;07/07/2026 13:55;17/07/2026 12:24
CAIXA 130L;CAIXA 130L COM BERÇO;2 C a 8 C;557286;SC;A6007;00019200000013322478;MultiModal;07/07/2026 04:44;09/07/2026 16:00;07/07/2026 04:44;10/07/2026 17:00
CAIXA 130L;CAIXA 130L COM BERÇO;2 C a 8 C;557286;SC;A3505;00019200000013322486;MultiModal;07/07/2026 04:44;09/07/2026 16:00;07/07/2026 05:52;10/07/2026 17:00
CAIXA 130L;CAIXA 130L COM BERÇO;2 C a 8 C;557286;SC;A5838;00019200000013322494;MultiModal;07/07/2026 04:44;09/07/2026 16:00;07/07/2026 13:55;17/07/2026 12:24
CAIXA 130L;CAIXA 130L COM BERÇO;2 C a 8 C;557286;SC;A3913;00019200000013322508;MultiModal;07/07/2026 04:44;09/07/2026 16:00;07/07/2026 13:55;17/07/2026 12:24
CAIXA 130L;CAIXA 130L COM BERÇO;2 C a 8 C;557286;SC;A9155;00019200000013322516;MultiModal;07/07/2026 04:44;09/07/2026 16:00;07/07/2026 05:52;10/07/2026 17:00
CAIXA 130L;CAIXA 130L COM BERÇO;2 C a 8 C;557286;SC;A6969;00019200000013322540;MultiModal;07/07/2026 04:44;09/07/2026 16:00;07/07/2026 13:55;17/07/2026 12:24
CAIXA 130L;CAIXA 130L COM BERÇO;2 C a 8 C;557286;SC;A3130;00019200000013322559;MultiModal;07/07/2026 04:44;09/07/2026 16:00;07/07/2026 13:55;17/07/2026 12:24
CAIXA 130L;CAIXA 130L COM BERÇO;2 C a 8 C;557286;SC;A6644;00019200000013322567;MultiModal;07/07/2026 04:44;09/07/2026 16:00;07/07/2026 13:55;17/07/2026 12:24
CAIXA 130L;CAIXA 130L COM BERÇO;2 C a 8 C;557286;SC;A9617;00019200000013322575;MultiModal;07/07/2026 04:44;09/07/2026 16:00;07/07/2026 13:55;17/07/2026 12:24
CAIXA 130L;CAIXA 130L COM BERÇO;2 C a 8 C;557286;SC;TA0307;00019200000013322583;MultiModal;07/07/2026 04:44;09/07/2026 16:00;07/07/2026 13:55;17/07/2026 12:24
CAIXA 130L;CAIXA 130L COM BERÇO;2 C a 8 C;557286;SC;A4595;00019200000013322591;MultiModal;07/07/2026 04:44;09/07/2026 16:00;07/07/2026 13:55;17/07/2026 12:24
CAIXA 130L;CAIXA 130L COM BERÇO;2 C a 8 C;557286;SC;A2651;00019200000013322605;MultiModal;07/07/2026 04:44;09/07/2026 16:00;07/07/2026 05:52;10/07/2026 17:00
CAIXA 130L;CAIXA 130L COM BERÇO;2 C a 8 C;557286;SC;A8912;00019200000013322613;MultiModal;07/07/2026 04:44;09/07/2026 16:00;07/07/2026 13:55;17/07/2026 12:24
CAIXA 130L;CAIXA 130L COM BERÇO;2 C a 8 C;557286;SC;A5500;00019200000013322621;MultiModal;07/07/2026 04:44;09/07/2026 16:00;07/07/2026 13:55;17/07/2026 12:24
CAIXA 130L;CAIXA 130L COM BERÇO;2 C a 8 C;557286;SC;TA0255;00019200000013322630;MultiModal;07/07/2026 04:44;09/07/2026 16:00;07/07/2026 13:55;17/07/2026 12:24
CAIXA 130L;CAIXA 130L COM BERÇO;2 C a 8 C;557286;SC;A7327;00019200000013322648;MultiModal;07/07/2026 04:44;09/07/2026 16:00;07/07/2026 05:52;10/07/2026 17:00
CAIXA 130L;CAIXA 130L COM BERÇO;2 C a 8 C;557286;SC;A3628;00019200000013322656;MultiModal;07/07/2026 04:44;09/07/2026 16:00;07/07/2026 05:52;10/07/2026 17:00
CAIXA 130L;CAIXA 130L COM BERÇO;2 C a 8 C;557286;SC;A8847;00019200000013322664;MultiModal;07/07/2026 04:44;09/07/2026 16:00;07/07/2026 13:55;17/07/2026 12:24
CAIXA 130L;CAIXA 130L COM BERÇO;2 C a 8 C;557286;SC;TA0611;00019200000013322672;MultiModal;07/07/2026 04:44;09/07/2026 16:00;07/07/2026 13:55;17/07/2026 12:24
CAIXA 130L;CAIXA 130L COM BERÇO;2 C a 8 C;557286;SC;A7057;00019200000013322680;MultiModal;07/07/2026 04:44;09/07/2026 16:00;08/07/2026 04:20;10/07/2026 17:00
CAIXA 130L;CAIXA 130L COM BERÇO;2 C a 8 C;557286;SC;A3084;00019200000013322699;MultiModal;07/07/2026 04:44;09/07/2026 16:00;07/07/2026 05:52;10/07/2026 17:00
CAIXA 130L;CAIXA 130L COM BERÇO;2 C a 8 C;557286;SC;A6071;00019200000013322702;MultiModal;07/07/2026 04:44;09/07/2026 16:00;07/07/2026 05:52;10/07/2026 17:00
CAIXA 130L;CAIXA 130L COM BERÇO;2 C a 8 C;557286;SC;A4062;00019200000013322710;MultiModal;07/07/2026 04:44;09/07/2026 16:00;07/07/2026 05:52;10/07/2026 17:00
CAIXA 130L;CAIXA 130L COM BERÇO;2 C a 8 C;557286;SC;A6829;00019200000013322729;MultiModal;07/07/2026 04:44;09/07/2026 16:00;08/07/2026 04:20;10/07/2026 17:00
CAIXA 130L;CAIXA 130L COM BERÇO;2 C a 8 C;557286;SC;A6726;00019200000013322737;MultiModal;07/07/2026 04:44;09/07/2026 16:00;08/07/2026 04:20;10/07/2026 17:00
CAIXA 130L;CAIXA 130L COM BERÇO;2 C a 8 C;557286;SC;A8229;00019200000013322745;MultiModal;07/07/2026 04:44;09/07/2026 16:00;08/07/2026 04:20;10/07/2026 17:00
CAIXA 130L;CAIXA 130L COM BERÇO;2 C a 8 C;557286;SC;A4441;00019200000013322753;MultiModal;07/07/2026 04:44;09/07/2026 16:00;08/07/2026 04:20;10/07/2026 17:00
CAIXA 130L;CAIXA 130L COM BERÇO;2 C a 8 C;557286;SC;TA0522;00019200000013322761;MultiModal;07/07/2026 04:44;09/07/2026 16:00;08/07/2026 04:20;10/07/2026 17:00
CAIXA 130L;CAIXA 130L COM BERÇO;2 C a 8 C;557286;SC;A4068;00019200000013322770;MultiModal;07/07/2026 04:44;09/07/2026 16:00;08/07/2026 04:20;10/07/2026 17:00
CAIXA 130L;CAIXA 130L COM BERÇO;2 C a 8 C;557286;SC;A7017;00019200000013322788;MultiModal;07/07/2026 04:44;09/07/2026 16:00;08/07/2026 04:20;10/07/2026 17:00
CAIXA 130L;CAIXA 130L COM BERÇO;2 C a 8 C;557286;SC;A4425;00019200000013322796;MultiModal;07/07/2026 04:44;09/07/2026 16:00;08/07/2026 04:20;10/07/2026 17:00
CAIXA 130L;CAIXA 130L COM BERÇO;2 C a 8 C;557286;SC;A7299;00019200000013322800;MultiModal;07/07/2026 04:44;09/07/2026 16:00;08/07/2026 04:20;10/07/2026 17:00
CAIXA 130L;CAIXA 130L COM BERÇO;2 C a 8 C;557286;SC;TA0456;00019200000013322818;MultiModal;07/07/2026 04:44;09/07/2026 16:00;08/07/2026 04:20;10/07/2026 17:00
CAIXA 130L;CAIXA 130L COM BERÇO;2 C a 8 C;557286;SC;A2051;00019200000013322826;MultiModal;07/07/2026 04:44;09/07/2026 16:00;08/07/2026 04:20;10/07/2026 17:00
CAIXA 130L;CAIXA 130L COM BERÇO;2 C a 8 C;557286;SC;A5772;00019200000013322834;MultiModal;07/07/2026 04:44;09/07/2026 16:00;08/07/2026 04:20;10/07/2026 17:00
CAIXA 130L;CAIXA 130L COM BERÇO;2 C a 8 C;557286;SC;A7859;00019200000013322842;MultiModal;07/07/2026 04:44;09/07/2026 16:00;07/07/2026 04:44;10/07/2026 17:00
CAIXA 130L;CAIXA 130L COM BERÇO;2 C a 8 C;557286;SC;A6279;00019200000013322850;MultiModal;07/07/2026 04:44;09/07/2026 16:00;07/07/2026 04:44;10/07/2026 17:00
CAIXA 130L;CAIXA 130L COM BERÇO;2 C a 8 C;557286;SC;A3541;00019200000013322869;MultiModal;07/07/2026 04:44;09/07/2026 16:00;08/07/2026 04:20;10/07/2026 17:00
CAIXA 130L;CAIXA 130L COM BERÇO;2 C a 8 C;557286;SC;A5595;00019200000013322877;MultiModal;07/07/2026 04:44;09/07/2026 16:00;08/07/2026 04:20;10/07/2026 17:00
CAIXA 130L;CAIXA 130L COM BERÇO;2 C a 8 C;557286;SC;A5956;00019200000013322885;MultiModal;07/07/2026 04:44;09/07/2026 16:00;07/07/2026 04:44;10/07/2026 17:00
CAIXA 130L;CAIXA 130L COM BERÇO;2 C a 8 C;557286;SC;A2213;00019200000013322893;MultiModal;07/07/2026 04:44;09/07/2026 16:00;07/07/2026 04:44;10/07/2026 17:00
CAIXA 130L;CAIXA 130L COM BERÇO;2 C a 8 C;557286;SC;TA1188;00019200000013322907;MultiModal;07/07/2026 04:44;09/07/2026 16:00;07/07/2026 04:44;10/07/2026 17:00
CAIXA 130L;CAIXA 130L COM BERÇO;2 C a 8 C;557286;SC;A1324;00019200000013322915;MultiModal;07/07/2026 04:44;09/07/2026 16:00;07/07/2026 04:44;10/07/2026 17:00
CAIXA 130L;CAIXA 130L COM BERÇO;2 C a 8 C;557286;SC;A7356;00019200000013322923;MultiModal;07/07/2026 04:44;09/07/2026 16:00;07/07/2026 04:44;10/07/2026 17:00
CAIXA 130L;CAIXA 130L COM BERÇO;2 C a 8 C;557286;SC;A9256;00019200000013322931;MultiModal;07/07/2026 04:44;09/07/2026 16:00;07/07/2026 04:44;10/07/2026 17:00
CAIXA 130L;CAIXA 130L COM BERÇO;2 C a 8 C;557286;SC;A8555;00019200000013322940;MultiModal;07/07/2026 04:44;09/07/2026 16:00;07/07/2026 04:44;10/07/2026 17:00
CAIXA 130L;CAIXA 130L COM BERÇO;2 C a 8 C;557286;SC;A5940;00019200000013322958;MultiModal;07/07/2026 04:44;09/07/2026 16:00;07/07/2026 04:44;10/07/2026 17:00
CAIXA 130L;CAIXA 130L COM BERÇO;2 C a 8 C;557286;SC;TA0449;00019200000013322966;MultiModal;07/07/2026 04:44;09/07/2026 16:00;08/07/2026 05:29;10/07/2026 17:00
CAIXA 130L;CAIXA 130L COM BERÇO;2 C a 8 C;557286;SC;A3806;00019200000013322974;MultiModal;07/07/2026 04:44;09/07/2026 16:00;07/07/2026 13:55;17/07/2026 12:24
CAIXA 130L;CAIXA 130L COM BERÇO;2 C a 8 C;557286;SC;A4528;00019200000013322982;MultiModal;07/07/2026 04:44;09/07/2026 16:00;08/07/2026 05:29;10/07/2026 17:00
CAIXA 130L;CAIXA 130L COM BERÇO;2 C a 8 C;557286;SC;A7769;00019200000013322990;MultiModal;07/07/2026 04:44;09/07/2026 16:00;07/07/2026 13:55;17/07/2026 12:24
CAIXA 130L;CAIXA 130L COM BERÇO;2 C a 8 C;557286;SC;A4112;00019200000013323008;MultiModal;07/07/2026 04:44;09/07/2026 16:00;08/07/2026 05:29;10/07/2026 17:00
CAIXA 130L;CAIXA 130L COM BERÇO;2 C a 8 C;557286;SC;A4783;00019200000013323016;MultiModal;07/07/2026 04:44;09/07/2026 16:00;08/07/2026 04:20;10/07/2026 17:00
CAIXA 130L;CAIXA 130L COM BERÇO;2 C a 8 C;557286;SC;A4289;00019200000013323024;MultiModal;07/07/2026 04:44;09/07/2026 16:00;08/07/2026 05:29;10/07/2026 17:00
CAIXA 130L;CAIXA 130L COM BERÇO;2 C a 8 C;557286;SC;A3020;00019200000013323032;MultiModal;07/07/2026 04:44;09/07/2026 16:00;08/07/2026 05:29;10/07/2026 17:00
CAIXA 130L;CAIXA 130L COM BERÇO;2 C a 8 C;557286;SC;A6701;00019200000013323040;MultiModal;07/07/2026 04:44;09/07/2026 16:00;07/07/2026 13:55;17/07/2026 12:24
CAIXA 130L;CAIXA 130L COM BERÇO;2 C a 8 C;557286;SC;A7150;00019200000013323059;MultiModal;07/07/2026 04:44;09/07/2026 16:00;07/07/2026 13:55;17/07/2026 12:24
CAIXA 130L;CAIXA 130L COM BERÇO;2 C a 8 C;557286;SC;A4811;00019200000013323067;MultiModal;07/07/2026 04:44;09/07/2026 16:00;08/07/2026 05:29;10/07/2026 17:00
CAIXA 130L;CAIXA 130L COM BERÇO;2 C a 8 C;557286;SC;A1210;00019200000013323075;MultiModal;07/07/2026 04:44;09/07/2026 16:00;08/07/2026 04:20;10/07/2026 17:00
CAIXA 130L;CAIXA 130L COM BERÇO;2 C a 8 C;557286;SC;A3331;00019200000013323083;MultiModal;07/07/2026 04:44;09/07/2026 16:00;08/07/2026 04:20;10/07/2026 17:00
CAIXA 130L;CAIXA 130L COM BERÇO;2 C a 8 C;557286;SC;A6901;00019200000013323091;MultiModal;07/07/2026 04:44;09/07/2026 16:00;08/07/2026 04:20;10/07/2026 17:00
CAIXA 130L;CAIXA 130L COM BERÇO;2 C a 8 C;557286;SC;A6839;00019200000013323105;MultiModal;07/07/2026 04:44;09/07/2026 16:00;08/07/2026 05:29;10/07/2026 17:00
CAIXA 130L;CAIXA 130L COM BERÇO;2 C a 8 C;557286;SC;A3265;00019200000013323113;MultiModal;07/07/2026 04:44;09/07/2026 16:00;08/07/2026 05:29;10/07/2026 17:00
CAIXA 130L;CAIXA 130L COM BERÇO;2 C a 8 C;557286;SC;A8394;00019200000013323121;MultiModal;07/07/2026 04:44;09/07/2026 16:00;08/07/2026 05:29;10/07/2026 17:00
CAIXA 130L;CAIXA 130L COM BERÇO;2 C a 8 C;557286;SC;A9013;00019200000013323130;MultiModal;07/07/2026 04:44;09/07/2026 16:00;08/07/2026 05:29;10/07/2026 17:00
CAIXA 130L;CAIXA 130L COM BERÇO;2 C a 8 C;557286;SC;A3734;00019200000013323148;MultiModal;07/07/2026 04:44;09/07/2026 16:00;08/07/2026 05:29;10/07/2026 17:00
CAIXA 130L;CAIXA 130L COM BERÇO;2 C a 8 C;557286;SC;A6360;00019200000013323156;MultiModal;07/07/2026 04:44;09/07/2026 16:00;08/07/2026 05:29;10/07/2026 17:00
CAIXA 130L;CAIXA 130L COM BERÇO;2 C a 8 C;557286;SC;A8749;00019200000013323164;MultiModal;07/07/2026 04:44;09/07/2026 16:00;08/07/2026 05:29;10/07/2026 17:00
CAIXA 130L;CAIXA 130L COM BERÇO;2 C a 8 C;557286;SC;A1466;00019200000013323172;MultiModal;07/07/2026 04:44;09/07/2026 16:00;08/07/2026 05:29;10/07/2026 17:00
CAIXA 130L;CAIXA 130L COM BERÇO;2 C a 8 C;557286;SC;A6001;00019200000013323180;MultiModal;07/07/2026 04:44;09/07/2026 16:00;07/07/2026 13:55;17/07/2026 12:24
CAIXA 130L;CAIXA 130L COM BERÇO;2 C a 8 C;557286;SC;A9406;00019200000013323199;MultiModal;07/07/2026 04:44;09/07/2026 16:00;07/07/2026 04:44;10/07/2026 17:00
CAIXA 130L;CAIXA 130L COM BERÇO;2 C a 8 C;557286;SC;A8500;00019200000013323202;MultiModal;07/07/2026 04:44;09/07/2026 16:00;07/07/2026 04:44;10/07/2026 17:00
CAIXA 130L;CAIXA 130L COM BERÇO;2 C a 8 C;557286;SC;A7094;00019200000013323210;MultiModal;07/07/2026 04:44;09/07/2026 16:00;07/07/2026 04:44;10/07/2026 17:00
CAIXA 130L;CAIXA 130L COM BERÇO;2 C a 8 C;557286;SC;A8813;00019200000013323229;MultiModal;07/07/2026 04:44;09/07/2026 16:00;07/07/2026 04:44;10/07/2026 17:00
CAIXA 130L;CAIXA 130L COM BERÇO;2 C a 8 C;557286;SC;A0252;00019200000013323237;MultiModal;07/07/2026 04:44;09/07/2026 16:00;07/07/2026 04:44;10/07/2026 17:00
CAIXA 130L;CAIXA 130L COM BERÇO;2 C a 8 C;557286;SC;A4198;00019200000013323245;MultiModal;07/07/2026 04:44;09/07/2026 16:00;07/07/2026 04:44;10/07/2026 17:00
CAIXA 130L;CAIXA 130L COM BERÇO;2 C a 8 C;557286;SC;A8291;00019200000013323253;MultiModal;07/07/2026 04:44;09/07/2026 16:00;08/07/2026 05:29;10/07/2026 17:00
CAIXA 130L;CAIXA 130L COM BERÇO;2 C a 8 C;557286;SC;A7792;00019200000013323261;MultiModal;07/07/2026 04:44;09/07/2026 16:00;07/07/2026 04:44;10/07/2026 17:00
CAIXA 130L;CAIXA 130L COM BERÇO;2 C a 8 C;557286;SC;A7335;00019200000013323270;MultiModal;07/07/2026 04:44;09/07/2026 16:00;07/07/2026 04:44;10/07/2026 17:00
CAIXA 130L;CAIXA 130L COM BERÇO;2 C a 8 C;557286;SC;A6283;00019200000013323288;MultiModal;07/07/2026 04:44;09/07/2026 16:00;07/07/2026 13:55;17/07/2026 12:24
CAIXA 130L;CAIXA 130L COM BERÇO;2 C a 8 C;557286;SC;A7746;00019200000013323296;MultiModal;07/07/2026 04:44;09/07/2026 16:00;07/07/2026 05:52;10/07/2026 17:00
CAIXA 130L;CAIXA 130L COM BERÇO;2 C a 8 C;557286;SC;A9210;00019200000013323300;MultiModal;07/07/2026 04:44;09/07/2026 16:00;07/07/2026 04:44;10/07/2026 17:00
CAIXA 130L;CAIXA 130L COM BERÇO;2 C a 8 C;557286;SC;A8972;00019200000013323318;MultiModal;07/07/2026 04:44;09/07/2026 16:00;07/07/2026 05:52;10/07/2026 17:00
CAIXA 130L;CAIXA 130L COM BERÇO;2 C a 8 C;557286;SC;A7692;00019200000013323326;MultiModal;07/07/2026 04:44;09/07/2026 16:00;07/07/2026 05:52;10/07/2026 17:00
CAIXA 130L;CAIXA 130L COM BERÇO;2 C a 8 C;557286;SC;A5430;00019200000013323334;MultiModal;07/07/2026 04:44;09/07/2026 16:00;07/07/2026 05:52;10/07/2026 17:00
CAIXA 130L;CAIXA 130L COM BERÇO;2 C a 8 C;557286;SC;A0317;00019200000013323423;MultiModal;07/07/2026 04:44;09/07/2026 16:00;08/07/2026 04:20;10/07/2026 17:00
CAIXA 130L;CAIXA 130L COM BERÇO;2 C a 8 C;557286;SC;A5006;00019200000013323431;MultiModal;07/07/2026 04:44;09/07/2026 16:00;08/07/2026 04:20;10/07/2026 17:00
CAIXA 130L;CAIXA 130L COM BERÇO;2 C a 8 C;557286;SC;A1942;00019200000013326600;MultiModal;07/07/2026 04:44;09/07/2026 16:00;07/07/2026 05:52;10/07/2026 17:00
CAIXA 130L;CAIXA 130L COM BERÇO;2 C a 8 C;557286;SC;A1833;00019200000013326619;MultiModal;07/07/2026 04:44;09/07/2026 16:00;07/07/2026 05:52;10/07/2026 17:00
CAIXA 130L;CAIXA 130L COM BERÇO;2 C a 8 C;557286;SC;A5509;00019200000013326627;MultiModal;07/07/2026 04:44;09/07/2026 16:00;07/07/2026 04:44;10/07/2026 17:00
CAIXA 130L;CAIXA 130L COM BERÇO;2 C a 8 C;557286;SC;A7748;00019200000013326635;MultiModal;07/07/2026 04:44;09/07/2026 16:00;07/07/2026 05:52;10/07/2026 17:00
CAIXA 130L;CAIXA 130L COM BERÇO;2 C a 8 C;557286;SC;A6768;00019200000013326643;MultiModal;07/07/2026 04:44;09/07/2026 16:00;07/07/2026 05:52;10/07/2026 17:00
CAIXA 130L;CAIXA 130L COM BERÇO;2 C a 8 C;557286;SC;A9105;00019200000013326651;MultiModal;07/07/2026 04:44;09/07/2026 16:00;07/07/2026 05:52;10/07/2026 17:00
CAIXA 130L;CAIXA 130L COM BERÇO;2 C a 8 C;557286;SC;A6793;00019200000013326660;MultiModal;07/07/2026 04:44;09/07/2026 16:00;07/07/2026 04:44;10/07/2026 17:00
CAIXA 130L;CAIXA 130L COM BERÇO;2 C a 8 C;557286;SC;A7234;00019200000013326678;MultiModal;07/07/2026 04:44;09/07/2026 16:00;07/07/2026 05:52;10/07/2026 17:00
CAIXA 130L;CAIXA 130L COM BERÇO;2 C a 8 C;557286;SC;A4117;00019200000013326686;MultiModal;07/07/2026 04:44;09/07/2026 16:00;07/07/2026 04:44;10/07/2026 17:00
CAIXA 130L;CAIXA 130L COM BERÇO;2 C a 8 C;557286;SC;A8625;00019200000013326694;MultiModal;07/07/2026 04:44;09/07/2026 16:00;07/07/2026 04:44;10/07/2026 17:00
CAIXA 130L;CAIXA 130L COM BERÇO;2 C a 8 C;557286;SC;A8010;00019200000013326708;MultiModal;07/07/2026 04:44;09/07/2026 16:00;07/07/2026 05:52;10/07/2026 17:00
CAIXA 130L;CAIXA 130L COM BERÇO;2 C a 8 C;557286;SC;A9371;00019200000013326716;MultiModal;07/07/2026 04:44;09/07/2026 16:00;07/07/2026 04:44;10/07/2026 17:00
CAIXA 130L;CAIXA 130L COM BERÇO;2 C a 8 C;557286;SC;A5192;00019200000013326724;MultiModal;07/07/2026 04:44;09/07/2026 16:00;07/07/2026 05:52;10/07/2026 17:00
CAIXA 130L;CAIXA 130L COM BERÇO;2 C a 8 C;557286;SC;A9527;00019200000013326732;MultiModal;07/07/2026 04:44;09/07/2026 16:00;07/07/2026 05:52;10/07/2026 17:00
CAIXA 130L;CAIXA 130L COM BERÇO;2 C a 8 C;557286;SC;A6871;00019200000013326740;MultiModal;07/07/2026 04:44;09/07/2026 16:00;07/07/2026 05:52;10/07/2026 17:00
CAIXA 130L;CAIXA 130L COM BERÇO;2 C a 8 C;557286;SC;A5096;00019200000013326805;MultiModal;07/07/2026 04:44;09/07/2026 16:00;08/07/2026 05:29;10/07/2026 17:00
CAIXA 130L;CAIXA 130L COM BERÇO;2 C a 8 C;557286;SC;A6518;00019200000013326813;MultiModal;07/07/2026 04:44;09/07/2026 16:00;08/07/2026 05:29;10/07/2026 17:00
CAIXA 130L;CAIXA 130L COM BERÇO;2 C a 8 C;557286;SC;TA0441;00019200000013326821;MultiModal;07/07/2026 04:44;09/07/2026 16:00;07/07/2026 13:55;17/07/2026 12:24
CAIXA 130L;CAIXA 130L COM BERÇO;2 C a 8 C;557286;SC;A9606;00019200000013326872;MultiModal;07/07/2026 04:44;09/07/2026 16:00;08/07/2026 05:29;10/07/2026 17:00
CAIXA 130L;CAIXA 130L COM BERÇO;2 C a 8 C;557286;SC;A7820;00019200000013326880;MultiModal;07/07/2026 04:44;09/07/2026 16:00;08/07/2026 05:29;10/07/2026 17:00
CAIXA 130L;CAIXA 130L COM BERÇO;2 C a 8 C;557286;SC;A0806;00019200000013326899;MultiModal;07/07/2026 04:44;09/07/2026 16:00;08/07/2026 05:29;10/07/2026 17:00
CAIXA 130L;CAIXA 130L COM BERÇO;2 C a 8 C;557286;SC;A9378;00019200000013326902;MultiModal;07/07/2026 04:44;09/07/2026 16:00;08/07/2026 05:29;10/07/2026 17:00
CAIXA 130L;CAIXA 130L COM BERÇO;2 C a 8 C;557286;SC;A9401;00019200000013326910;MultiModal;07/07/2026 04:44;09/07/2026 16:00;08/07/2026 05:29;10/07/2026 17:00
CAIXA 130L;CAIXA 130L COM BERÇO;2 C a 8 C;557286;SC;A5830;00019200000013326929;MultiModal;07/07/2026 04:44;09/07/2026 16:00;08/07/2026 05:29;10/07/2026 17:00
CAIXA 130L;CAIXA 130L COM BERÇO;2 C a 8 C;557286;SC;A4600;00019200000013326937;MultiModal;07/07/2026 04:44;09/07/2026 16:00;08/07/2026 05:29;10/07/2026 17:00
CAIXA 130L;CAIXA 130L COM BERÇO;2 C a 8 C;557286;SC;A3476;00019200000013326945;MultiModal;07/07/2026 04:44;09/07/2026 16:00;08/07/2026 05:29;10/07/2026 17:00
CAIXA 130L;CAIXA 130L COM BERÇO;2 C a 8 C;557296;SC;A3886;00019200000013325990;MultiModal;02/07/2026 03:57;03/07/2026 15:00;02/07/2026 03:57;03/07/2026 15:00
CAIXA 130L;CAIXA 130L COM BERÇO;2 C a 8 C;557296;SC;A8573;00019200000013326007;MultiModal;02/07/2026 03:57;03/07/2026 15:00;02/07/2026 03:57;03/07/2026 15:00
CAIXA 130L;CAIXA 130L COM BERÇO;2 C a 8 C;557296;SC;A7537;00019200000013326015;MultiModal;02/07/2026 03:57;03/07/2026 15:00;02/07/2026 03:57;03/07/2026 15:00
CAIXA 130L;CAIXA 130L COM BERÇO;2 C a 8 C;557296;SC;A4418;00019200000013326023;MultiModal;02/07/2026 03:57;03/07/2026 15:00;02/07/2026 03:57;03/07/2026 15:00
CAIXA 130L;CAIXA 130L COM BERÇO;2 C a 8 C;557296;SC;A7473;00019200000013326031;MultiModal;02/07/2026 03:57;03/07/2026 15:00;02/07/2026 03:57;03/07/2026 15:00
CAIXA 130L;CAIXA 130L COM BERÇO;2 C a 8 C;557296;SC;A6975;00019200000013326040;MultiModal;02/07/2026 03:57;03/07/2026 15:00;02/07/2026 03:57;03/07/2026 15:00
CAIXA 130L;CAIXA 130L COM BERÇO;2 C a 8 C;557296;SC;A5680;00019200000013326058;MultiModal;02/07/2026 03:57;03/07/2026 15:00;02/07/2026 03:57;03/07/2026 15:00
CAIXA 130L;CAIXA 130L COM BERÇO;2 C a 8 C;557296;SC;A5380;00019200000013326066;MultiModal;02/07/2026 03:57;03/07/2026 15:00;02/07/2026 03:57;03/07/2026 15:00
CAIXA 130L;CAIXA 130L COM BERÇO;2 C a 8 C;557296;SC;A3334;00019200000013326074;MultiModal;02/07/2026 03:57;03/07/2026 15:00;02/07/2026 03:57;03/07/2026 15:00
CAIXA 130L;CAIXA 130L COM BERÇO;2 C a 8 C;557296;SC;A4460;00019200000013326082;MultiModal;02/07/2026 03:57;03/07/2026 15:00;02/07/2026 03:57;03/07/2026 15:00
CAIXA 130L;CAIXA 130L COM BERÇO;2 C a 8 C;557296;SC;A2960;00019200000013326090;MultiModal;02/07/2026 03:57;03/07/2026 15:00;02/07/2026 03:57;03/07/2026 15:00
CAIXA 130L;CAIXA 130L COM BERÇO;2 C a 8 C;557296;SC;A6041;00019200000013326104;MultiModal;02/07/2026 03:57;03/07/2026 15:00;02/07/2026 03:57;03/07/2026 15:00
CAIXA 130L;CAIXA 130L COM BERÇO;2 C a 8 C;557326;SC;A8177;00019200000013328204;MultiModal;06/07/2026 06:22;10/07/2026 20:00;06/07/2026 06:22;10/07/2026 20:00
CAIXA 130L;CAIXA 130L COM BERÇO;2 C a 25 C;558161;SC;A7726;00019200000013425790;MultiModal;02/07/2026 05:59;03/07/2026 09:57;02/07/2026 05:59;03/07/2026 09:57
CAIXA 130L;CAIXA 130L COM BERÇO;2 C a 8 C;558984;SC;A6967;00019200000013422278;MultiModal;08/07/2026 06:29;09/07/2026 16:00;08/07/2026 06:29;09/07/2026 16:00
CAIXA 130L;CAIXA 130L COM BERÇO;2 C a 8 C;559008;SC;A5942;00019200000013407422;MultiModal;08/07/2026 05:53;09/07/2026 16:00;08/07/2026 05:53;09/07/2026 16:00
CAIXA 130L;CAIXA 130L COM BERÇO;2 C a 8 C;559370;SC;A2735;00019200000013408550;MultiModal;08/07/2026 13:44;14/07/2026 12:00;08/07/2026 13:44;14/07/2026 12:00
CAIXA 130L;CAIXA 130L COM BERÇO;2 C a 8 C;559376;SC;A6716;00019200000013419714;MultiModal;08/07/2026 06:28;09/07/2026 16:00;08/07/2026 06:28;09/07/2026 16:00
CAIXA 130L;CAIXA 130L COM BERÇO;2 C a 8 C;559637;SC;A1305;00019200000013428152;MultiModal;02/07/2026 00:22;02/07/2026 17:00;02/07/2026 00:22;13/07/2026 17:44
CAIXA 130L;CAIXA 130L COM BERÇO;2 C a 8 C;559727;SC;A9695;00019200000013423010;MultiModal;06/07/2026 05:43;08/07/2026 20:00;06/07/2026 05:43;08/07/2026 20:00
CAIXA 130L;CAIXA 130L COM BERÇO;2 C a 8 C;559861;SC;A2868;00019200000013406221;MultiModal;06/07/2026 06:37;08/07/2026 15:36;06/07/2026 06:37;08/07/2026 15:36
CAIXA 130L;CAIXA 130L COM BERÇO;2 C a 8 C;560360;SC;A2555;00019200000013445987;Rodoviário;14/07/2026 09:15;15/07/2026 14:52;14/07/2026 09:15;15/07/2026 14:52
CAIXA 130L;CAIXA 130L COM BERÇO;2 C a 8 C;560360;SC;A4823;00019200000013445995;Rodoviário;14/07/2026 09:15;15/07/2026 14:52;14/07/2026 09:15;15/07/2026 14:52
CAIXA 130L;CAIXA 130L COM BERÇO;2 C a 8 C;560360;SC;A0480;00019200000013446002;Rodoviário;14/07/2026 09:15;15/07/2026 14:52;14/07/2026 09:15;15/07/2026 14:52
CAIXA 130L;CAIXA 130L COM BERÇO;2 C a 8 C;560360;SC;A9691;00019200000013446010;Rodoviário;14/07/2026 09:15;15/07/2026 14:52;14/07/2026 09:15;15/07/2026 14:52
CAIXA 130L;CAIXA 130L COM BERÇO;2 C a 8 C;560360;SC;A1264;00019200000013446029;Rodoviário;14/07/2026 09:15;15/07/2026 14:52;14/07/2026 09:15;15/07/2026 14:52
CAIXA 130L;CAIXA 130L COM BERÇO;2 C a 8 C;560360;SC;A6057;00019200000013446037;Rodoviário;14/07/2026 09:15;15/07/2026 14:52;14/07/2026 09:15;15/07/2026 14:52
CAIXA 130L;CAIXA 130L COM BERÇO;2 C a 8 C;560360;SC;A6917;00019200000013446045;Rodoviário;14/07/2026 09:15;15/07/2026 14:52;14/07/2026 09:15;15/07/2026 14:52
CAIXA 130L;CAIXA 130L COM BERÇO;2 C a 8 C;560360;SC;A9421;00019200000013446053;Rodoviário;14/07/2026 09:15;15/07/2026 14:52;14/07/2026 09:15;15/07/2026 14:52
CAIXA 130L;CAIXA 130L COM BERÇO;2 C a 8 C;560360;SC;TA0448;00019200000013446061;Rodoviário;14/07/2026 09:15;15/07/2026 14:52;14/07/2026 09:15;15/07/2026 14:52
CAIXA 130L;CAIXA 130L COM BERÇO;2 C a 8 C;560360;SC;A6514;00019200000013446070;Rodoviário;14/07/2026 09:15;15/07/2026 14:52;14/07/2026 09:15;15/07/2026 14:52
CAIXA 130L;CAIXA 130L COM BERÇO;2 C a 8 C;560360;SC;A5736;00019200000013446088;Rodoviário;14/07/2026 09:15;15/07/2026 14:52;14/07/2026 09:15;15/07/2026 14:52
CAIXA 130L;CAIXA 130L COM BERÇO;2 C a 8 C;560360;SC;A3638;00019200000013446096;Rodoviário;14/07/2026 09:15;15/07/2026 14:52;14/07/2026 09:15;15/07/2026 14:52
CAIXA 130L;CAIXA 130L COM BERÇO;2 C a 8 C;560360;SC;TA0030;00019200000013446100;Rodoviário;14/07/2026 09:15;15/07/2026 14:52;14/07/2026 09:15;15/07/2026 14:52
CAIXA 130L;CAIXA 130L COM BERÇO;2 C a 8 C;560360;SC;A8612;00019200000013446118;Rodoviário;14/07/2026 09:15;15/07/2026 14:52;14/07/2026 09:15;15/07/2026 14:52
CAIXA 130L;CAIXA 130L COM BERÇO;2 C a 8 C;560360;SC;A1170;00019200000013446126;Rodoviário;14/07/2026 09:15;15/07/2026 14:52;14/07/2026 09:15;15/07/2026 14:52
CAIXA 130L;CAIXA 130L COM BERÇO;2 C a 8 C;560360;SC;A7601;00019200000013446134;Rodoviário;14/07/2026 09:15;15/07/2026 14:52;14/07/2026 09:15;15/07/2026 14:52
CAIXA 130L;CAIXA 130L COM BERÇO;2 C a 8 C;560360;SC;A4242;00019200000013446142;Rodoviário;14/07/2026 09:15;15/07/2026 14:52;14/07/2026 09:15;15/07/2026 14:52
CAIXA 130L;CAIXA 130L COM BERÇO;2 C a 8 C;560360;SC;A7457;00019200000013446150;Rodoviário;14/07/2026 09:15;15/07/2026 14:52;14/07/2026 09:15;15/07/2026 14:52
CAIXA 130L;CAIXA 130L COM BERÇO;2 C a 8 C;560360;SC;A8223;00019200000013446169;Rodoviário;14/07/2026 09:15;15/07/2026 14:52;14/07/2026 09:15;15/07/2026 14:52
CAIXA 130L;CAIXA 130L COM BERÇO;2 C a 8 C;560360;SC;TA0434;00019200000013446177;Rodoviário;14/07/2026 09:15;15/07/2026 14:52;14/07/2026 09:15;15/07/2026 14:52
CAIXA 130L;CAIXA 130L COM BERÇO;2 C a 8 C;560360;SC;A9321;00019200000013446185;Rodoviário;14/07/2026 09:15;15/07/2026 14:52;14/07/2026 09:15;15/07/2026 14:52
CAIXA 130L;CAIXA 130L COM BERÇO;2 C a 8 C;560360;SC;A5675;00019200000013446193;Rodoviário;14/07/2026 09:15;15/07/2026 14:52;14/07/2026 09:15;15/07/2026 14:52
CAIXA 130L;CAIXA 130L COM BERÇO;2 C a 8 C;560360;SC;A2370;00019200000013446207;Rodoviário;14/07/2026 09:15;15/07/2026 14:52;14/07/2026 09:15;15/07/2026 14:52
CAIXA 130L;CAIXA 130L COM BERÇO;2 C a 8 C;560360;SC;TA0489;00019200000013446215;Rodoviário;14/07/2026 09:15;15/07/2026 14:52;14/07/2026 09:15;15/07/2026 14:52
CAIXA 130L;CAIXA 130L COM BERÇO;2 C a 8 C;560360;SC;A7233;00019200000013446223;Rodoviário;14/07/2026 09:15;15/07/2026 14:52;14/07/2026 09:15;15/07/2026 14:52
CAIXA 130L;CAIXA 130L COM BERÇO;2 C a 8 C;560360;SC;A6643;00019200000013446231;Rodoviário;14/07/2026 09:15;15/07/2026 14:52;14/07/2026 09:15;15/07/2026 14:52
CAIXA 130L;CAIXA 130L COM BERÇO;2 C a 8 C;560360;SC;A5358;00019200000013446240;Rodoviário;14/07/2026 09:15;15/07/2026 14:52;14/07/2026 09:15;15/07/2026 14:52
CAIXA 130L;CAIXA 130L COM BERÇO;2 C a 8 C;560360;SC;A9667;00019200000013446258;Rodoviário;14/07/2026 09:15;15/07/2026 14:52;14/07/2026 09:15;15/07/2026 14:52
CAIXA 130L;CAIXA 130L COM BERÇO;2 C a 8 C;560360;SC;A6710;00019200000013446266;Rodoviário;14/07/2026 09:15;15/07/2026 14:52;14/07/2026 09:15;15/07/2026 14:52
CAIXA 130L;CAIXA 130L COM BERÇO;2 C a 8 C;560360;SC;A7849;00019200000013446274;Rodoviário;14/07/2026 09:15;15/07/2026 14:52;14/07/2026 09:15;15/07/2026 14:52
CAIXA 130L;CAIXA 130L COM BERÇO;2 C a 8 C;560360;SC;TA0599;00019200000013446282;Rodoviário;14/07/2026 09:15;15/07/2026 14:52;14/07/2026 09:15;15/07/2026 14:52
CAIXA 130L;CAIXA 130L COM BERÇO;2 C a 8 C;560360;SC;A3448;00019200000013446290;Rodoviário;14/07/2026 09:15;15/07/2026 14:52;14/07/2026 09:15;15/07/2026 14:52
CAIXA 130L;CAIXA 130L COM BERÇO;2 C a 8 C;560360;SC;A5779;00019200000013446304;Rodoviário;14/07/2026 09:15;15/07/2026 14:52;14/07/2026 09:15;15/07/2026 14:52
CAIXA 130L;CAIXA 130L COM BERÇO;2 C a 8 C;560360;SC;A1915;00019200000013446312;Rodoviário;14/07/2026 09:15;15/07/2026 14:52;14/07/2026 09:15;15/07/2026 14:52
CAIXA 130L;CAIXA 130L COM BERÇO;2 C a 8 C;560360;SC;A3871;00019200000013446320;Rodoviário;14/07/2026 09:15;15/07/2026 14:52;14/07/2026 09:15;15/07/2026 14:52
CAIXA 130L;CAIXA 130L COM BERÇO;2 C a 8 C;560360;SC;A4098;00019200000013446339;Rodoviário;14/07/2026 09:15;15/07/2026 14:52;14/07/2026 09:15;15/07/2026 14:52
CAIXA 130L;CAIXA 130L COM BERÇO;2 C a 8 C;560360;SC;A1866;00019200000013446347;Rodoviário;14/07/2026 09:15;15/07/2026 14:52;14/07/2026 09:15;15/07/2026 14:52
CAIXA 130L;CAIXA 130L COM BERÇO;2 C a 8 C;560360;SC;A6190;00019200000013446355;Rodoviário;14/07/2026 09:15;15/07/2026 14:52;14/07/2026 09:15;15/07/2026 14:52
CAIXA 130L;CAIXA 130L COM BERÇO;2 C a 8 C;560360;SC;A5845;00019200000013446363;Rodoviário;14/07/2026 09:15;15/07/2026 14:52;14/07/2026 09:15;15/07/2026 14:52
CAIXA 130L;CAIXA 130L COM BERÇO;2 C a 8 C;560360;SC;A0621;00019200000013446371;Rodoviário;14/07/2026 09:15;15/07/2026 14:52;14/07/2026 09:15;15/07/2026 14:52
CAIXA 130L;CAIXA 130L COM BERÇO;2 C a 8 C;560360;SC;A8043;00019200000013446380;Rodoviário;14/07/2026 09:15;15/07/2026 14:52;14/07/2026 09:15;15/07/2026 14:52
CAIXA 130L;CAIXA 130L COM BERÇO;2 C a 8 C;560360;SC;A6750;00019200000013446398;Rodoviário;14/07/2026 09:15;15/07/2026 14:52;14/07/2026 09:15;15/07/2026 14:52
CAIXA 130L;CAIXA 130L COM BERÇO;2 C a 8 C;560360;SC;A4882;00019200000013446401;Rodoviário;14/07/2026 09:15;15/07/2026 14:52;14/07/2026 09:15;15/07/2026 14:52
CAIXA 130L;CAIXA 130L COM BERÇO;2 C a 8 C;560360;SC;TA0228;00019200000013446410;Rodoviário;14/07/2026 09:15;15/07/2026 14:52;14/07/2026 09:15;15/07/2026 14:52
CAIXA 130L;CAIXA 130L COM BERÇO;2 C a 8 C;560360;SC;A0388;00019200000013446428;Rodoviário;14/07/2026 09:15;15/07/2026 14:52;14/07/2026 09:15;15/07/2026 14:52
CAIXA 130L;CAIXA 130L COM BERÇO;2 C a 8 C;560360;SC;TA0731;00019200000013446436;Rodoviário;14/07/2026 09:15;15/07/2026 14:52;14/07/2026 09:15;15/07/2026 14:52
CAIXA 130L;CAIXA 130L COM BERÇO;2 C a 8 C;560360;SC;A3402;00019200000013446444;Rodoviário;14/07/2026 09:15;15/07/2026 14:52;14/07/2026 09:15;15/07/2026 14:52
CAIXA 130L;CAIXA 130L COM BERÇO;2 C a 8 C;560360;SC;A5299;00019200000013446452;Rodoviário;14/07/2026 09:15;15/07/2026 14:52;14/07/2026 09:15;15/07/2026 14:52
CAIXA 130L;CAIXA 130L COM BERÇO;2 C a 8 C;560360;SC;A4907;00019200000013446460;Rodoviário;14/07/2026 09:15;15/07/2026 14:52;14/07/2026 09:15;15/07/2026 14:52
CAIXA 130L;CAIXA 130L COM BERÇO;2 C a 8 C;560360;SC;A5698;00019200000013446479;Rodoviário;14/07/2026 09:15;15/07/2026 14:52;14/07/2026 09:15;15/07/2026 14:52
CAIXA 130L;CAIXA 130L COM BERÇO;2 C a 8 C;560360;SC;TA0374;00019200000013446487;Rodoviário;14/07/2026 09:15;15/07/2026 14:52;14/07/2026 09:15;15/07/2026 14:52
CAIXA 130L;CAIXA 130L COM BERÇO;2 C a 8 C;560360;SC;A7499;00019200000013446495;Rodoviário;14/07/2026 09:15;15/07/2026 14:52;14/07/2026 09:15;15/07/2026 14:52
CAIXA 130L;CAIXA 130L COM BERÇO;2 C a 8 C;560360;SC;A8689;00019200000013446584;Rodoviário;14/07/2026 09:15;15/07/2026 14:52;14/07/2026 09:15;15/07/2026 14:52
CAIXA 130L;CAIXA 130L COM BERÇO;2 C a 8 C;560360;SC;A7504;00019200000013446592;Rodoviário;14/07/2026 09:15;15/07/2026 14:52;14/07/2026 09:15;15/07/2026 14:52
CAIXA 130L;CAIXA 130L COM BERÇO;2 C a 8 C;560360;SC;A9616;00019200000013446606;Rodoviário;14/07/2026 09:15;15/07/2026 14:52;14/07/2026 09:15;15/07/2026 14:52
CAIXA 130L;CAIXA 130L COM BERÇO;2 C a 8 C;560360;SC;TA0859;00019200000013446614;Rodoviário;14/07/2026 09:15;15/07/2026 14:52;14/07/2026 09:15;15/07/2026 14:52
CAIXA 130L;CAIXA 130L COM BERÇO;2 C a 8 C;560360;SC;A0632;00019200000013453106;Rodoviário;14/07/2026 09:15;15/07/2026 14:52;14/07/2026 09:15;15/07/2026 14:52
CAIXA 130L;CAIXA 130L COM BERÇO;2 C a 8 C;560453;SC;A4781;00019200000013415891;Rodoviário;14/07/2026 09:14;15/07/2026 14:53;14/07/2026 09:14;15/07/2026 14:53
CAIXA 130L;CAIXA 130L COM BERÇO;2 C a 8 C;560453;SC;A2699;00019200000013415905;Rodoviário;14/07/2026 09:14;15/07/2026 14:53;14/07/2026 09:14;15/07/2026 14:53
CAIXA 130L;CAIXA 130L COM BERÇO;2 C a 8 C;560453;SC;A1567;00019200000013415956;Rodoviário;14/07/2026 09:14;15/07/2026 14:53;14/07/2026 09:14;15/07/2026 14:53
CAIXA 130L;CAIXA 130L COM BERÇO;2 C a 8 C;560453;SC;TA0818;00019200000013415972;Rodoviário;14/07/2026 09:14;15/07/2026 14:53;14/07/2026 09:14;15/07/2026 14:53
CAIXA 130L;CAIXA 130L COM BERÇO;2 C a 8 C;560453;SC;A6780;00019200000013415980;Rodoviário;14/07/2026 09:14;15/07/2026 14:53;14/07/2026 09:14;15/07/2026 14:53
CAIXA 130L;CAIXA 130L COM BERÇO;2 C a 8 C;560453;SC;A7199;00019200000013415999;Rodoviário;14/07/2026 09:14;15/07/2026 14:53;14/07/2026 09:14;15/07/2026 14:53
CAIXA 130L;CAIXA 130L COM BERÇO;2 C a 8 C;560453;SC;A6062;00019200000013416006;Rodoviário;14/07/2026 09:14;15/07/2026 14:53;14/07/2026 09:14;15/07/2026 14:53
CAIXA 130L;CAIXA 130L COM BERÇO;2 C a 8 C;560453;SC;A7135;00019200000013416014;Rodoviário;14/07/2026 09:14;15/07/2026 14:53;14/07/2026 09:14;15/07/2026 14:53
CAIXA 130L;CAIXA 130L COM BERÇO;2 C a 8 C;560453;SC;A9398;00019200000013416022;Rodoviário;14/07/2026 09:14;15/07/2026 14:53;14/07/2026 09:14;15/07/2026 14:53
CAIXA 130L;CAIXA 130L COM BERÇO;-90 C a -60 C;560569;SC;AS-0284;00019200000013468685;MultiModal;20/07/2026 22:43;23/07/2026 15:47;20/07/2026 22:47;23/07/2026 15:47
CAIXA 130L;CAIXA 130L COM BERÇO;-90 C a -60 C;560569;SC;AS-0448;00019200000013468693;MultiModal;20/07/2026 22:43;23/07/2026 15:47;20/07/2026 22:47;23/07/2026 15:47
CAIXA 130L;CAIXA 130L COM BERÇO;-90 C a -60 C;560569;SC;AS-0631;00019200000013468707;MultiModal;20/07/2026 22:43;23/07/2026 15:47;20/07/2026 22:47;23/07/2026 15:47
CAIXA 130L;CAIXA 130L COM BERÇO;-90 C a -60 C;560569;SC;AS-0569;00019200000013468715;MultiModal;20/07/2026 22:43;23/07/2026 15:47;20/07/2026 22:47;23/07/2026 15:47
CAIXA 130L;CAIXA 130L COM BERÇO;-90 C a -60 C;560569;SC;AS-0699;00019200000013468723;MultiModal;20/07/2026 22:43;23/07/2026 15:47;20/07/2026 22:47;23/07/2026 15:47
CAIXA 130L;CAIXA 130L COM BERÇO;-90 C a -60 C;560569;SC;AS-0893;00019200000013468731;MultiModal;20/07/2026 22:43;23/07/2026 15:47;20/07/2026 22:47;23/07/2026 15:47
CAIXA 130L;CAIXA 130L COM BERÇO;-90 C a -60 C;560569;SC;AS-0490;00019200000013468740;MultiModal;20/07/2026 22:43;23/07/2026 15:47;20/07/2026 22:47;23/07/2026 15:47
CAIXA 130L;CAIXA 130L COM BERÇO;-90 C a -60 C;560569;SC;AS-0087;00019200000013468758;MultiModal;20/07/2026 22:43;23/07/2026 15:47;20/07/2026 22:47;23/07/2026 15:47
CAIXA 130L;CAIXA 130L COM BERÇO;-90 C a -60 C;560569;SC;AS-0228;00019200000013468766;MultiModal;20/07/2026 22:43;23/07/2026 15:47;20/07/2026 22:47;23/07/2026 15:47
CAIXA 130L;CAIXA 130L COM BERÇO;-90 C a -60 C;560569;SC;AS-0351;00019200000013468774;MultiModal;20/07/2026 22:43;23/07/2026 15:47;20/07/2026 22:47;23/07/2026 15:47
CAIXA 130L;CAIXA 130L COM BERÇO;-90 C a -60 C;560569;SC;AS-0570;00019200000013468782;MultiModal;20/07/2026 22:43;23/07/2026 15:47;20/07/2026 22:47;23/07/2026 15:47
CAIXA 130L;CAIXA 130L COM BERÇO;-90 C a -60 C;560569;SC;AS-0425;00019200000013468790;MultiModal;20/07/2026 22:43;23/07/2026 15:47;20/07/2026 22:47;23/07/2026 15:47
CAIXA 130L;CAIXA 130L COM BERÇO;-90 C a -60 C;560569;SC;AS-0679;00019200000013468804;MultiModal;20/07/2026 22:43;23/07/2026 15:47;20/07/2026 22:47;23/07/2026 15:47
CAIXA 130L;CAIXA 130L COM BERÇO;-90 C a -60 C;560569;SC;AS-0877;00019200000013468812;MultiModal;20/07/2026 22:43;23/07/2026 15:47;20/07/2026 22:47;23/07/2026 15:47
CAIXA 130L;CAIXA 130L COM BERÇO;-90 C a -60 C;560569;SC;AS-0872;00019200000013468820;MultiModal;20/07/2026 22:43;23/07/2026 15:47;20/07/2026 22:47;23/07/2026 15:47
CAIXA 130L;CAIXA 130L COM BERÇO;-90 C a -60 C;560569;SC;AS-0037;00019200000013468839;MultiModal;20/07/2026 22:43;23/07/2026 15:47;20/07/2026 22:47;23/07/2026 15:47
CAIXA 130L;CAIXA 130L COM BERÇO;2 C a 30 C;560664;SC;A3938;00019200000013695258;Rodoviário;25/07/2026 12:47;27/07/2026 14:55;25/07/2026 12:47;27/07/2026 14:55
CAIXA 130L;CAIXA 130L COM BERÇO;2 C a 30 C;560664;SC;A5037;00019200000013695266;Rodoviário;25/07/2026 12:47;27/07/2026 14:55;25/07/2026 12:47;27/07/2026 14:55
CAIXA 130L;CAIXA 130L COM BERÇO;2 C a 30 C;560664;SC;A1306;00019200000013695274;Rodoviário;25/07/2026 12:47;27/07/2026 14:55;25/07/2026 12:47;27/07/2026 14:55
CAIXA 130L;CAIXA 130L COM BERÇO;2 C a 30 C;560664;SC;A6104;00019200000013695282;Rodoviário;25/07/2026 12:47;27/07/2026 14:55;25/07/2026 12:47;27/07/2026 14:55
CAIXA 130L;CAIXA 130L COM BERÇO;2 C a 8 C;560664;SC;A9141;00019200000013695290;Rodoviário;25/07/2026 12:47;27/07/2026 14:55;25/07/2026 12:47;27/07/2026 14:55
CAIXA 130L;CAIXA 130L COM BERÇO;2 C a 30 C;560664;SC;A2026;00019200000013695304;Rodoviário;25/07/2026 12:47;27/07/2026 14:55;25/07/2026 12:47;27/07/2026 14:55
CAIXA 130L;CAIXA 130L COM BERÇO;2 C a 30 C;560664;SC;A7895;00019200000013695312;Rodoviário;25/07/2026 12:47;27/07/2026 14:55;25/07/2026 12:47;27/07/2026 14:55
CAIXA 130L;CAIXA 130L COM BERÇO;2 C a 8 C;560664;SC;A8318;00019200000013695320;Rodoviário;25/07/2026 12:47;27/07/2026 14:55;25/07/2026 12:47;27/07/2026 14:55
CAIXA 130L;CAIXA 130L COM BERÇO;2 C a 8 C;560664;SC;A6177;00019200000013695339;Rodoviário;25/07/2026 12:47;27/07/2026 14:55;25/07/2026 12:47;27/07/2026 14:55
CAIXA 130L;CAIXA 130L COM BERÇO;2 C a 8 C;560664;SC;A9663;00019200000013695347;Rodoviário;25/07/2026 12:47;27/07/2026 14:55;25/07/2026 12:47;27/07/2026 14:55
CAIXA 130L;CAIXA 130L COM BERÇO;2 C a 8 C;560664;SC;A6538;00019200000013695380;Rodoviário;25/07/2026 12:47;27/07/2026 14:55;25/07/2026 12:47;27/07/2026 14:55
CAIXA 130L;CAIXA 130L COM BERÇO;2 C a 8 C;560664;SC;A8781;00019200000013695401;Rodoviário;25/07/2026 12:47;27/07/2026 14:55;25/07/2026 12:47;27/07/2026 14:55
CAIXA 130L;CAIXA 130L COM BERÇO;2 C a 30 C;560664;SC;A5400;00019200000013695410;Rodoviário;25/07/2026 12:47;27/07/2026 14:55;25/07/2026 12:47;27/07/2026 14:55
CAIXA 130L;CAIXA 130L COM BERÇO;2 C a 8 C;560664;SC;A6396;00019200000013695428;Rodoviário;25/07/2026 12:47;27/07/2026 14:55;25/07/2026 12:47;27/07/2026 14:55
CAIXA 130L;CAIXA 130L COM BERÇO;2 C a 8 C;560664;SC;A1273;00019200000013697013;Rodoviário;25/07/2026 12:47;27/07/2026 14:55;25/07/2026 12:47;27/07/2026 14:55
CAIXA 130L;CAIXA 130L COM BERÇO;2 C a 8 C;560664;SC;A6915;00019200000013697021;Rodoviário;25/07/2026 12:47;27/07/2026 14:55;25/07/2026 12:47;27/07/2026 14:55
CAIXA 130L;CAIXA 130L COM BERÇO;2 C a 8 C;560664;SC;A5370;00019200000013697099;Rodoviário;25/07/2026 12:47;27/07/2026 14:55;25/07/2026 12:47;27/07/2026 14:55
CAIXA 130L;CAIXA 130L COM BERÇO;2 C a 8 C;560664;SC;TA0971;00019200000013697102;Rodoviário;25/07/2026 12:47;27/07/2026 14:55;25/07/2026 12:47;27/07/2026 14:55
CAIXA 130L;CAIXA 130L COM BERÇO;2 C a 8 C;560664;SC;A9049;00019200000013697110;Rodoviário;25/07/2026 12:47;27/07/2026 14:55;25/07/2026 12:47;27/07/2026 14:55
CAIXA 130L;CAIXA 130L COM BERÇO;2 C a 8 C;560664;SC;A2883;00019200000013697129;Rodoviário;25/07/2026 12:47;27/07/2026 14:55;25/07/2026 12:47;27/07/2026 14:55
CAIXA 130L;CAIXA 130L COM BERÇO;2 C a 8 C;560664;SC;A3028;00019200000013697137;Rodoviário;25/07/2026 12:47;27/07/2026 14:55;25/07/2026 12:47;27/07/2026 14:55
CAIXA 130L;CAIXA 130L COM BERÇO;2 C a 8 C;560664;SC;A6984;00019200000013697145;Rodoviário;25/07/2026 12:47;27/07/2026 14:55;25/07/2026 12:47;27/07/2026 14:55
CAIXA 130L;CAIXA 130L COM BERÇO;2 C a 8 C;560664;SC;A8601;00019200000013697153;Rodoviário;25/07/2026 12:47;27/07/2026 14:55;25/07/2026 12:47;27/07/2026 14:55
CAIXA 130L;CAIXA 130L COM BERÇO;2 C a 8 C;560664;SC;A8483;00019200000013697161;Rodoviário;25/07/2026 12:47;27/07/2026 14:55;25/07/2026 12:47;27/07/2026 14:55
CAIXA 130L;CAIXA 130L COM BERÇO;2 C a 8 C;560664;SC;A8952;00019200000013697170;Rodoviário;25/07/2026 12:47;27/07/2026 14:55;25/07/2026 12:47;27/07/2026 14:55
CAIXA 130L;CAIXA 130L COM BERÇO;2 C a 8 C;560664;SC;A5694;00019200000013697188;Rodoviário;25/07/2026 12:47;27/07/2026 14:55;25/07/2026 12:47;27/07/2026 14:55
CAIXA 130L;CAIXA 130L COM BERÇO;2 C a 8 C;560664;SC;A5458;00019200000013697196;Rodoviário;25/07/2026 12:47;27/07/2026 14:55;25/07/2026 12:47;27/07/2026 14:55
CAIXA 130L;CAIXA 130L COM BERÇO;2 C a 8 C;560664;SC;A3519;00019200000013697200;Rodoviário;25/07/2026 12:47;27/07/2026 14:55;25/07/2026 12:47;27/07/2026 14:55
CAIXA 130L;CAIXA 130L COM BERÇO;2 C a 8 C;560664;SC;A4838;00019200000013697218;Rodoviário;25/07/2026 12:47;27/07/2026 14:55;25/07/2026 12:47;27/07/2026 14:55
CAIXA 130L;CAIXA 130L COM BERÇO;2 C a 8 C;560664;SC;A8185;00019200000013697226;Rodoviário;25/07/2026 12:47;27/07/2026 14:55;25/07/2026 12:47;27/07/2026 14:55
CAIXA 130L;CAIXA 130L COM BERÇO;2 C a 30 C;560664;SC;A4694;00019200000013697234;Rodoviário;25/07/2026 12:47;27/07/2026 14:55;25/07/2026 12:47;27/07/2026 14:55
CAIXA 130L;CAIXA 130L COM BERÇO;2 C a 8 C;560664;SC;A7123;00019200000013697242;Rodoviário;25/07/2026 12:47;27/07/2026 14:55;25/07/2026 12:47;27/07/2026 14:55
CAIXA 130L;CAIXA 130L COM BERÇO;2 C a 8 C;560664;SC;TA0596;00019200000013697250;Rodoviário;25/07/2026 12:47;27/07/2026 14:55;25/07/2026 12:47;27/07/2026 14:55
CAIXA 130L;CAIXA 130L COM BERÇO;2 C a 8 C;560664;SC;A1938;00019200000013697269;Rodoviário;25/07/2026 12:47;27/07/2026 14:55;25/07/2026 12:47;27/07/2026 14:55
CAIXA 130L;CAIXA 130L COM BERÇO;2 C a 8 C;560664;SC;A8796;00019200000013697277;Rodoviário;25/07/2026 12:47;27/07/2026 14:55;25/07/2026 12:47;27/07/2026 14:55
CAIXA 130L;CAIXA 130L COM BERÇO;2 C a 8 C;560664;SC;A0284;00019200000013697285;Rodoviário;25/07/2026 12:47;27/07/2026 14:55;25/07/2026 12:47;27/07/2026 14:55
CAIXA 130L;CAIXA 130L COM BERÇO;2 C a 8 C;560664;SC;A4774;00019200000013697293;Rodoviário;25/07/2026 12:47;27/07/2026 14:55;25/07/2026 12:47;27/07/2026 14:55
CAIXA 130L;CAIXA 130L COM BERÇO;2 C a 8 C;560664;SC;TA1075;00019200000013697307;Rodoviário;25/07/2026 12:47;27/07/2026 14:55;25/07/2026 12:47;27/07/2026 14:55
CAIXA 130L;CAIXA 130L COM BERÇO;2 C a 8 C;560664;SC;A6859;00019200000013697315;Rodoviário;25/07/2026 12:47;27/07/2026 14:55;25/07/2026 12:47;27/07/2026 14:55
CAIXA 130L;CAIXA 130L COM BERÇO;2 C a 30 C;560664;SC;TA0708;00019200000013697331;Rodoviário;25/07/2026 12:47;27/07/2026 14:55;25/07/2026 12:47;27/07/2026 14:55
CAIXA 130L;CAIXA 130L COM BERÇO;2 C a 30 C;560664;SC;A8118;00019200000013697340;Rodoviário;25/07/2026 12:47;27/07/2026 14:55;25/07/2026 12:47;27/07/2026 14:55
CAIXA 130L;CAIXA 130L COM BERÇO;2 C a 8 C;560664;SC;A8489;00019200000013697358;Rodoviário;25/07/2026 12:47;27/07/2026 14:55;25/07/2026 12:47;27/07/2026 14:55
CAIXA 130L;CAIXA 130L COM BERÇO;2 C a 30 C;560664;SC;A7929;00019200000013697366;Rodoviário;25/07/2026 12:47;27/07/2026 14:55;25/07/2026 12:47;27/07/2026 14:55
CAIXA 130L;CAIXA 130L COM BERÇO;2 C a 30 C;560664;SC;A6579;00019200000013697374;Rodoviário;25/07/2026 12:47;27/07/2026 14:55;25/07/2026 12:47;27/07/2026 14:55
CAIXA 130L;CAIXA 130L COM BERÇO;2 C a 8 C;560664;SC;A6168;00019200000013697382;Rodoviário;25/07/2026 12:47;27/07/2026 14:55;25/07/2026 12:47;27/07/2026 14:55
CAIXA 130L;CAIXA 130L COM BERÇO;2 C a 8 C;560664;SC;A1768;00019200000013697390;Rodoviário;25/07/2026 12:47;27/07/2026 14:55;25/07/2026 12:47;27/07/2026 14:55
CAIXA 130L;CAIXA 130L COM BERÇO;2 C a 8 C;560664;SC;A7058;00019200000013697404;Rodoviário;25/07/2026 12:47;27/07/2026 14:55;25/07/2026 12:47;27/07/2026 14:55
CAIXA 130L;CAIXA 130L COM BERÇO;2 C a 8 C;560664;SC;A6531;00019200000013698044;Rodoviário;25/07/2026 12:47;27/07/2026 14:55;25/07/2026 12:47;27/07/2026 14:55
CAIXA 130L;CAIXA 130L COM BERÇO;2 C a 8 C;560665;SC;A9569;00019200000013694847;Rodoviário;25/07/2026 12:53;27/07/2026 14:53;25/07/2026 12:53;27/07/2026 14:53
CAIXA 130L;CAIXA 130L COM BERÇO;2 C a 8 C;560665;SC;TA0509;00019200000013694855;Rodoviário;25/07/2026 12:53;27/07/2026 14:53;25/07/2026 12:53;27/07/2026 14:53
CAIXA 130L;CAIXA 130L COM BERÇO;2 C a 8 C;560665;SC;A6631;00019200000013694863;Rodoviário;25/07/2026 12:53;27/07/2026 14:53;25/07/2026 12:53;27/07/2026 14:53
CAIXA 130L;CAIXA 130L COM BERÇO;2 C a 8 C;560665;SC;A9151;00019200000013694871;Rodoviário;25/07/2026 12:53;27/07/2026 14:53;25/07/2026 12:53;27/07/2026 14:53
CAIXA 130L;CAIXA 130L COM BERÇO;2 C a 8 C;560665;SC;A8569;00019200000013694880;Rodoviário;25/07/2026 12:53;27/07/2026 14:53;25/07/2026 12:53;27/07/2026 14:53
CAIXA 130L;CAIXA 130L COM BERÇO;2 C a 8 C;560665;SC;A8782;00019200000013694898;Rodoviário;25/07/2026 12:53;27/07/2026 14:53;25/07/2026 12:53;27/07/2026 14:53
CAIXA 130L;CAIXA 130L COM BERÇO;2 C a 8 C;560665;SC;A6891;00019200000013694901;Rodoviário;25/07/2026 12:53;27/07/2026 14:53;25/07/2026 12:53;27/07/2026 14:53
CAIXA 130L;CAIXA 130L COM BERÇO;2 C a 8 C;560665;SC;A7346;00019200000013694910;Rodoviário;25/07/2026 12:53;27/07/2026 14:53;25/07/2026 12:53;27/07/2026 14:53
CAIXA 130L;CAIXA 130L COM BERÇO;2 C a 8 C;560665;SC;A9299;00019200000013694928;Rodoviário;25/07/2026 12:53;27/07/2026 14:53;25/07/2026 12:53;27/07/2026 14:53
CAIXA 130L;CAIXA 130L COM BERÇO;2 C a 8 C;560665;SC;A3127;00019200000013694936;Rodoviário;25/07/2026 12:53;27/07/2026 14:53;25/07/2026 12:53;27/07/2026 14:53
CAIXA 130L;CAIXA 130L COM BERÇO;2 C a 8 C;560665;SC;A5521;00019200000013694944;Rodoviário;25/07/2026 12:53;27/07/2026 14:53;25/07/2026 12:53;27/07/2026 14:53
CAIXA 130L;CAIXA 130L COM BERÇO;2 C a 8 C;560665;SC;A2568;00019200000013694952;Rodoviário;25/07/2026 12:53;27/07/2026 14:53;25/07/2026 12:53;27/07/2026 14:53
CAIXA 130L;CAIXA 130L COM BERÇO;2 C a 8 C;560665;SC;A6328;00019200000013694960;Rodoviário;25/07/2026 12:53;27/07/2026 14:53;25/07/2026 12:53;27/07/2026 14:53
CAIXA 130L;CAIXA 130L COM BERÇO;2 C a 8 C;560665;SC;TA1247;00019200000013694979;Rodoviário;25/07/2026 12:53;27/07/2026 14:53;25/07/2026 12:53;27/07/2026 14:53
CAIXA 130L;CAIXA 130L COM BERÇO;2 C a 8 C;560665;SC;A8356;00019200000013694987;Rodoviário;25/07/2026 12:53;27/07/2026 14:53;25/07/2026 12:53;27/07/2026 14:53
CAIXA 130L;CAIXA 130L COM BERÇO;2 C a 8 C;560665;SC;A6572;00019200000013694995;Rodoviário;25/07/2026 12:53;27/07/2026 14:53;25/07/2026 12:53;27/07/2026 14:53
CAIXA 130L;CAIXA 130L COM BERÇO;2 C a 8 C;560665;SC;A6485;00019200000013695002;Rodoviário;25/07/2026 12:53;27/07/2026 14:53;25/07/2026 12:53;27/07/2026 14:53
CAIXA 130L;CAIXA 130L COM BERÇO;2 C a 8 C;560665;SC;A9270;00019200000013695010;Rodoviário;25/07/2026 12:53;27/07/2026 14:53;25/07/2026 12:53;27/07/2026 14:53
CAIXA 130L;CAIXA 130L COM BERÇO;2 C a 8 C;560665;SC;A3330;00019200000013695029;Rodoviário;25/07/2026 12:53;27/07/2026 14:53;25/07/2026 12:53;27/07/2026 14:53
CAIXA 130L;CAIXA 130L COM BERÇO;2 C a 8 C;560665;SC;A1510;00019200000013695037;Rodoviário;25/07/2026 12:53;27/07/2026 14:53;25/07/2026 12:53;27/07/2026 14:53
CAIXA 130L;CAIXA 130L COM BERÇO;2 C a 8 C;560665;SC;A6802;00019200000013695045;Rodoviário;25/07/2026 12:53;27/07/2026 14:53;25/07/2026 12:53;27/07/2026 14:53
CAIXA 130L;CAIXA 130L COM BERÇO;2 C a 8 C;560665;SC;A1969;00019200000013695053;Rodoviário;25/07/2026 12:53;27/07/2026 14:53;25/07/2026 12:53;27/07/2026 14:53
CAIXA 130L;CAIXA 130L COM BERÇO;2 C a 8 C;560665;SC;A5327;00019200000013695061;Rodoviário;25/07/2026 12:53;27/07/2026 14:53;25/07/2026 12:53;27/07/2026 14:53
CAIXA 130L;CAIXA 130L COM BERÇO;2 C a 8 C;560665;SC;A3936;00019200000013695070;Rodoviário;25/07/2026 12:53;27/07/2026 14:53;25/07/2026 12:53;27/07/2026 14:53
CAIXA 130L;CAIXA 130L COM BERÇO;2 C a 8 C;560665;SC;A6053;00019200000013695088;Rodoviário;25/07/2026 12:53;27/07/2026 14:53;25/07/2026 12:53;27/07/2026 14:53
CAIXA 130L;CAIXA 130L COM BERÇO;2 C a 8 C;560665;SC;A2935;00019200000013695096;Rodoviário;25/07/2026 12:53;27/07/2026 14:53;25/07/2026 12:53;27/07/2026 14:53
CAIXA 130L;CAIXA 130L COM BERÇO;2 C a 8 C;560665;SC;A2846;00019200000013695100;Rodoviário;25/07/2026 12:53;27/07/2026 14:53;25/07/2026 12:53;27/07/2026 14:53
CAIXA 130L;CAIXA 130L COM BERÇO;2 C a 8 C;560665;SC;A8042;00019200000013695118;Rodoviário;25/07/2026 12:53;27/07/2026 14:53;25/07/2026 12:53;27/07/2026 14:53
CAIXA 130L;CAIXA 130L COM BERÇO;2 C a 8 C;560665;SC;A7008;00019200000013695126;Rodoviário;25/07/2026 12:53;27/07/2026 14:53;25/07/2026 12:53;27/07/2026 14:53
CAIXA 130L;CAIXA 130L COM BERÇO;2 C a 8 C;560665;SC;A7714;00019200000013695134;Rodoviário;25/07/2026 12:53;27/07/2026 14:53;25/07/2026 12:53;27/07/2026 14:53
CAIXA 130L;CAIXA 130L COM BERÇO;2 C a 8 C;560665;SC;A9032;00019200000013695142;Rodoviário;25/07/2026 12:53;27/07/2026 14:53;25/07/2026 12:53;27/07/2026 14:53
CAIXA 130L;CAIXA 130L COM BERÇO;2 C a 8 C;560665;SC;A1081;00019200000013695150;Rodoviário;25/07/2026 12:53;27/07/2026 14:53;25/07/2026 12:53;27/07/2026 14:53
CAIXA 130L;CAIXA 130L COM BERÇO;2 C a 8 C;560665;SC;A7362;00019200000013695169;Rodoviário;25/07/2026 12:53;27/07/2026 14:53;25/07/2026 12:53;27/07/2026 14:53
CAIXA 130L;CAIXA 130L COM BERÇO;2 C a 8 C;560665;SC;A2487;00019200000013695177;Rodoviário;25/07/2026 12:53;27/07/2026 14:53;25/07/2026 12:53;27/07/2026 14:53
CAIXA 130L;CAIXA 130L COM BERÇO;2 C a 8 C;560665;SC;A0250;00019200000013695185;Rodoviário;25/07/2026 12:53;27/07/2026 14:53;25/07/2026 12:53;27/07/2026 14:53
CAIXA 130L;CAIXA 130L COM BERÇO;2 C a 8 C;560665;SC;A7619;00019200000013695193;Rodoviário;25/07/2026 12:53;27/07/2026 14:53;25/07/2026 12:53;27/07/2026 14:53
CAIXA 130L;CAIXA 130L COM BERÇO;2 C a 8 C;560665;SC;A4009;00019200000013695207;Rodoviário;25/07/2026 12:53;27/07/2026 14:53;25/07/2026 12:53;27/07/2026 14:53
CAIXA 130L;CAIXA 130L COM BERÇO;2 C a 8 C;560665;SC;A5803;00019200000013695215;Rodoviário;25/07/2026 12:53;27/07/2026 14:53;25/07/2026 12:53;27/07/2026 14:53
CAIXA 130L;CAIXA 130L COM BERÇO;2 C a 8 C;560665;SC;A6335;00019200000013695223;Rodoviário;25/07/2026 12:53;27/07/2026 14:53;25/07/2026 12:53;27/07/2026 14:53
CAIXA 130L;CAIXA 130L COM BERÇO;2 C a 8 C;560665;SC;A0336;00019200000013695231;Rodoviário;25/07/2026 12:53;27/07/2026 14:53;25/07/2026 12:53;27/07/2026 14:53
CAIXA 130L;CAIXA 130L COM BERÇO;2 C a 8 C;560665;SC;A7642;00019200000013695355;Rodoviário;25/07/2026 12:53;27/07/2026 14:53;25/07/2026 12:53;27/07/2026 14:53
CAIXA 130L;CAIXA 130L COM BERÇO;2 C a 8 C;560665;SC;TA0711;00019200000013695363;Rodoviário;25/07/2026 12:53;27/07/2026 14:53;25/07/2026 12:53;27/07/2026 14:53
CAIXA 130L;CAIXA 130L COM BERÇO;2 C a 8 C;560665;SC;A2158;00019200000013695371;Rodoviário;25/07/2026 12:53;27/07/2026 14:53;25/07/2026 12:53;27/07/2026 14:53
CAIXA 130L;CAIXA 130L COM BERÇO;2 C a 8 C;560670;SC;A8238;00019200000013696483;Rodoviário;25/07/2026 12:53;27/07/2026 14:50;25/07/2026 12:53;27/07/2026 14:50
CAIXA 130L;CAIXA 130L COM BERÇO;2 C a 8 C;560670;SC;A9577;00019200000013696599;Rodoviário;25/07/2026 12:53;27/07/2026 14:50;25/07/2026 12:53;27/07/2026 14:50
CAIXA 130L;CAIXA 130L COM BERÇO;2 C a 8 C;560670;SC;A8237;00019200000013696653;Rodoviário;25/07/2026 12:53;27/07/2026 14:50;25/07/2026 12:53;27/07/2026 14:50
CAIXA 130L;CAIXA 130L COM BERÇO;2 C a 8 C;560670;SC;A8551;00019200000013696661;Rodoviário;25/07/2026 12:53;27/07/2026 14:50;25/07/2026 12:53;27/07/2026 14:50
CAIXA 130L;CAIXA 130L COM BERÇO;2 C a 8 C;560670;SC;A6280;00019200000013696688;Rodoviário;25/07/2026 12:53;27/07/2026 14:50;25/07/2026 12:53;27/07/2026 14:50
CAIXA 130L;CAIXA 130L COM BERÇO;2 C a 8 C;560670;SC;A1275;00019200000013696696;Rodoviário;25/07/2026 12:53;27/07/2026 14:50;25/07/2026 12:53;27/07/2026 14:50
CAIXA 130L;CAIXA 130L COM BERÇO;2 C a 8 C;560670;SC;A0185;00019200000013696700;Rodoviário;25/07/2026 12:53;27/07/2026 14:50;25/07/2026 12:53;27/07/2026 14:50
CAIXA 130L;CAIXA 130L COM BERÇO;2 C a 8 C;560670;SC;A0137;00019200000013696718;Rodoviário;25/07/2026 12:53;27/07/2026 14:50;25/07/2026 12:53;27/07/2026 14:50
CAIXA 130L;CAIXA 130L COM BERÇO;2 C a 8 C;560670;SC;A3001;00019200000013696726;Rodoviário;25/07/2026 12:53;27/07/2026 14:50;25/07/2026 12:53;27/07/2026 14:50
CAIXA 130L;CAIXA 130L COM BERÇO;2 C a 8 C;560670;SC;A5291;00019200000013696734;Rodoviário;25/07/2026 12:53;27/07/2026 14:50;25/07/2026 12:53;27/07/2026 14:50
CAIXA 130L;CAIXA 130L COM BERÇO;2 C a 8 C;560670;SC;A9499;00019200000013696742;Rodoviário;25/07/2026 12:53;27/07/2026 14:50;25/07/2026 12:53;27/07/2026 14:50
CAIXA 130L;CAIXA 130L COM BERÇO;2 C a 8 C;560670;SC;A5588;00019200000013696750;Rodoviário;25/07/2026 12:53;27/07/2026 14:50;25/07/2026 12:53;27/07/2026 14:50
CAIXA 130L;CAIXA 130L COM BERÇO;2 C a 8 C;560670;SC;A3678;00019200000013696769;Rodoviário;25/07/2026 12:53;27/07/2026 14:50;25/07/2026 12:53;27/07/2026 14:50
CAIXA 130L;CAIXA 130L COM BERÇO;2 C a 8 C;560670;SC;A3033;00019200000013696777;Rodoviário;25/07/2026 12:53;27/07/2026 14:50;25/07/2026 12:53;27/07/2026 14:50
CAIXA 130L;CAIXA 130L COM BERÇO;2 C a 8 C;560670;SC;A6704;00019200000013696785;Rodoviário;25/07/2026 12:53;27/07/2026 14:50;25/07/2026 12:53;27/07/2026 14:50
CAIXA 130L;CAIXA 130L COM BERÇO;2 C a 8 C;560670;SC;A9121;00019200000013696793;Rodoviário;25/07/2026 12:53;27/07/2026 14:50;25/07/2026 12:53;27/07/2026 14:50
CAIXA 130L;CAIXA 130L COM BERÇO;2 C a 8 C;560670;SC;TA0746;00019200000013696807;Rodoviário;25/07/2026 12:53;27/07/2026 14:50;25/07/2026 12:53;27/07/2026 14:50
CAIXA 130L;CAIXA 130L COM BERÇO;2 C a 8 C;560670;SC;A9400;00019200000013696815;Rodoviário;25/07/2026 12:53;27/07/2026 14:50;25/07/2026 12:53;27/07/2026 14:50
CAIXA 130L;CAIXA 130L COM BERÇO;2 C a 8 C;560670;SC;A9232;00019200000013696823;Rodoviário;25/07/2026 12:53;27/07/2026 14:50;25/07/2026 12:53;27/07/2026 14:50
CAIXA 130L;CAIXA 130L COM BERÇO;2 C a 8 C;560670;SC;A9140;00019200000013696831;Rodoviário;25/07/2026 12:53;27/07/2026 14:50;25/07/2026 12:53;27/07/2026 14:50
CAIXA 130L;CAIXA 130L COM BERÇO;2 C a 8 C;560670;SC;A4443;00019200000013696840;Rodoviário;25/07/2026 12:53;27/07/2026 14:50;25/07/2026 12:53;27/07/2026 14:50
CAIXA 130L;CAIXA 130L COM BERÇO;2 C a 8 C;560670;SC;A9234;00019200000013696858;Rodoviário;25/07/2026 12:53;27/07/2026 14:50;25/07/2026 12:53;27/07/2026 14:50
CAIXA 130L;CAIXA 130L COM BERÇO;2 C a 8 C;560670;SC;A6161;00019200000013696866;Rodoviário;25/07/2026 12:53;27/07/2026 14:50;25/07/2026 12:53;27/07/2026 14:50
CAIXA 130L;CAIXA 130L COM BERÇO;2 C a 8 C;560670;SC;A9610;00019200000013696874;Rodoviário;25/07/2026 12:53;27/07/2026 14:50;25/07/2026 12:53;27/07/2026 14:50
CAIXA 130L;CAIXA 130L COM BERÇO;2 C a 8 C;560670;SC;A0981;00019200000013696882;Rodoviário;25/07/2026 12:53;27/07/2026 14:50;25/07/2026 12:53;27/07/2026 14:50
CAIXA 130L;CAIXA 130L COM BERÇO;2 C a 8 C;560670;SC;A3302;00019200000013696890;Rodoviário;25/07/2026 12:53;27/07/2026 14:50;25/07/2026 12:53;27/07/2026 14:50
CAIXA 130L;CAIXA 130L COM BERÇO;2 C a 8 C;560670;SC;A9630;00019200000013696904;Rodoviário;25/07/2026 12:53;27/07/2026 14:50;25/07/2026 12:53;27/07/2026 14:50
CAIXA 130L;CAIXA 130L COM BERÇO;2 C a 8 C;560670;SC;A8058;00019200000013696912;Rodoviário;25/07/2026 12:53;27/07/2026 14:50;25/07/2026 12:53;27/07/2026 14:50
CAIXA 130L;CAIXA 130L COM BERÇO;2 C a 8 C;560670;SC;A4472;00019200000013696920;Rodoviário;25/07/2026 12:53;27/07/2026 14:50;25/07/2026 12:53;27/07/2026 14:50
CAIXA 130L;CAIXA 130L COM BERÇO;2 C a 8 C;560670;SC;A8534;00019200000013696939;Rodoviário;25/07/2026 12:53;27/07/2026 14:50;25/07/2026 12:53;27/07/2026 14:50
CAIXA 130L;CAIXA 130L COM BERÇO;2 C a 8 C;560670;SC;A1923;00019200000013696947;Rodoviário;25/07/2026 12:53;27/07/2026 14:50;25/07/2026 12:53;27/07/2026 14:50
CAIXA 130L;CAIXA 130L COM BERÇO;2 C a 8 C;560670;SC;A3434;00019200000013696955;Rodoviário;25/07/2026 12:53;27/07/2026 14:50;25/07/2026 12:53;27/07/2026 14:50
CAIXA 130L;CAIXA 130L COM BERÇO;2 C a 8 C;560670;SC;TA0435;00019200000013696963;Rodoviário;25/07/2026 12:53;27/07/2026 14:50;25/07/2026 12:53;27/07/2026 14:50
CAIXA 130L;CAIXA 130L COM BERÇO;2 C a 8 C;560670;SC;A8921;00019200000013696971;Rodoviário;25/07/2026 12:53;27/07/2026 14:50;25/07/2026 12:53;27/07/2026 14:50
CAIXA 130L;CAIXA 130L COM BERÇO;2 C a 8 C;560670;SC;TA0637;00019200000013696980;Rodoviário;25/07/2026 12:53;27/07/2026 14:50;25/07/2026 12:53;27/07/2026 14:50
CAIXA 130L;CAIXA 130L COM BERÇO;2 C a 8 C;560670;SC;A8910;00019200000013696998;Rodoviário;25/07/2026 12:53;27/07/2026 14:50;25/07/2026 12:53;27/07/2026 14:50
CAIXA 130L;CAIXA 130L COM BERÇO;2 C a 8 C;560670;SC;A6725;00019200000013697005;Rodoviário;25/07/2026 12:53;27/07/2026 14:50;25/07/2026 12:53;27/07/2026 14:50
CAIXA 130L;CAIXA 130L COM BERÇO;2 C a 8 C;560845;SC;TA0897;00019200000013445901;MultiModal;13/07/2026 23:12;15/07/2026 14:35;13/07/2026 23:12;20/07/2026 19:54
CAIXA 130L;CAIXA 130L COM BERÇO;2 C a 8 C;558488;SE;TA1209;00019200000013208268;MultiModal;07/07/2026 00:59;10/07/2026 16:02;07/07/2026 00:59;10/07/2026 17:00
CAIXA 130L;CAIXA 130L COM BERÇO;2 C a 8 C;558488;SE;TA0547;00019200000013208276;MultiModal;07/07/2026 00:59;10/07/2026 16:02;07/07/2026 00:59;10/07/2026 17:00
CAIXA 130L;CAIXA 130L COM BERÇO;2 C a 8 C;558488;SE;A5219;00019200000013405284;MultiModal;07/07/2026 00:59;10/07/2026 16:02;07/07/2026 04:44;10/07/2026 16:02
CAIXA 130L;CAIXA 130L COM BERÇO;2 C a 8 C;558488;SE;A2716;00019200000013405292;MultiModal;07/07/2026 00:59;10/07/2026 16:02;07/07/2026 00:59;10/07/2026 17:00
CAIXA 130L;CAIXA 130L COM BERÇO;2 C a 8 C;558488;SE;A6227;00019200000013405306;MultiModal;07/07/2026 00:59;10/07/2026 16:02;07/07/2026 00:59;10/07/2026 17:00
CAIXA 130L;CAIXA 130L COM BERÇO;2 C a 8 C;558488;SE;A0662;00019200000013405314;MultiModal;07/07/2026 00:59;10/07/2026 16:02;07/07/2026 04:44;10/07/2026 16:02
CAIXA 130L;CAIXA 130L COM BERÇO;2 C a 8 C;558488;SE;A5359;00019200000013405322;MultiModal;07/07/2026 00:59;10/07/2026 16:02;14/07/2026 03:18;15/07/2026 08:00
CAIXA 130L;CAIXA 130L COM BERÇO;2 C a 8 C;558488;SE;TA0915;00019200000013405330;MultiModal;07/07/2026 00:59;10/07/2026 16:02;07/07/2026 04:44;10/07/2026 16:02
CAIXA 130L;CAIXA 130L COM BERÇO;2 C a 8 C;558488;SE;A2040;00019200000013405349;MultiModal;07/07/2026 00:59;10/07/2026 16:02;14/07/2026 03:18;15/07/2026 08:00
CAIXA 130L;CAIXA 130L COM BERÇO;2 C a 8 C;558488;SE;A7494;00019200000013405357;MultiModal;07/07/2026 00:59;10/07/2026 16:02;07/07/2026 04:44;10/07/2026 16:02
CAIXA 130L;CAIXA 130L COM BERÇO;2 C a 8 C;558488;SE;A6702;00019200000013405365;MultiModal;07/07/2026 00:59;10/07/2026 16:02;07/07/2026 00:59;10/07/2026 17:00
CAIXA 130L;CAIXA 130L COM BERÇO;2 C a 8 C;558488;SE;A8451;00019200000013405373;MultiModal;07/07/2026 00:59;10/07/2026 16:02;07/07/2026 00:59;10/07/2026 17:00
CAIXA 130L;CAIXA 130L COM BERÇO;2 C a 8 C;558488;SE;A4268;00019200000013405381;MultiModal;07/07/2026 00:59;10/07/2026 16:02;16/07/2026 03:34;17/07/2026 11:00
CAIXA 130L;CAIXA 130L COM BERÇO;2 C a 8 C;558488;SE;A3012;00019200000013405390;MultiModal;07/07/2026 00:59;10/07/2026 16:02;-;-
CAIXA 130L;CAIXA 130L COM BERÇO;2 C a 8 C;558488;SE;TA0459;00019200000013405403;MultiModal;07/07/2026 00:59;10/07/2026 16:02;-;-
CAIXA 130L;CAIXA 130L COM BERÇO;2 C a 8 C;558488;SE;TA1063;00019200000013405411;MultiModal;07/07/2026 00:59;10/07/2026 16:02;-;-
CAIXA 130L;CAIXA 130L COM BERÇO;2 C a 8 C;558488;SE;A3058;00019200000013405420;MultiModal;07/07/2026 00:59;10/07/2026 16:02;-;-
CAIXA 130L;CAIXA 130L COM BERÇO;2 C a 8 C;558488;SE;A8539;00019200000013405438;MultiModal;07/07/2026 00:59;10/07/2026 16:02;-;-
CAIXA 130L;CAIXA 130L COM BERÇO;2 C a 8 C;558488;SE;A0041;00019200000013405462;MultiModal;07/07/2026 00:59;10/07/2026 16:02;07/07/2026 00:59;10/07/2026 17:00
CAIXA 130L;CAIXA 130L COM BERÇO;2 C a 8 C;558488;SE;A2641;00019200000013405659;MultiModal;07/07/2026 00:59;10/07/2026 16:02;07/07/2026 04:44;10/07/2026 16:02
CAIXA 130L;CAIXA 130L COM BERÇO;2 C a 8 C;558488;SE;A6974;00019200000013405667;MultiModal;07/07/2026 00:59;10/07/2026 16:02;07/07/2026 04:44;10/07/2026 16:02
CAIXA 130L;CAIXA 130L COM BERÇO;2 C a 8 C;558488;SE;A6109;00019200000013405675;MultiModal;07/07/2026 00:59;10/07/2026 16:02;07/07/2026 04:44;10/07/2026 16:02
CAIXA 130L;CAIXA 130L COM BERÇO;2 C a 8 C;558488;SE;A0400;00019200000013405683;MultiModal;07/07/2026 00:59;10/07/2026 16:02;-;-
CAIXA 130L;CAIXA 130L COM BERÇO;2 C a 8 C;558488;SE;A6932;00019200000013405691;MultiModal;07/07/2026 00:59;10/07/2026 16:02;16/07/2026 03:34;17/07/2026 11:00
CAIXA 130L;CAIXA 130L COM BERÇO;2 C a 8 C;558488;SE;A8410;00019200000013405705;MultiModal;07/07/2026 00:59;10/07/2026 16:02;-;-
CAIXA 130L;CAIXA 130L COM BERÇO;2 C a 8 C;558488;SE;A3199;00019200000013405713;MultiModal;07/07/2026 00:59;10/07/2026 16:02;16/07/2026 03:34;17/07/2026 11:00
CAIXA 130L;CAIXA 130L COM BERÇO;2 C a 8 C;558488;SE;A5545;00019200000013405721;MultiModal;07/07/2026 00:59;10/07/2026 16:02;16/07/2026 03:34;17/07/2026 11:00
CAIXA 130L;CAIXA 130L COM BERÇO;2 C a 8 C;558488;SE;TA0278;00019200000013405730;MultiModal;07/07/2026 00:59;10/07/2026 16:02;-;-
CAIXA 130L;CAIXA 130L COM BERÇO;2 C a 8 C;558488;SE;A4236;00019200000013405748;MultiModal;07/07/2026 00:59;10/07/2026 16:02;-;-
CAIXA 130L;CAIXA 130L COM BERÇO;2 C a 8 C;558488;SE;A7909;00019200000013405756;MultiModal;07/07/2026 00:59;10/07/2026 16:02;07/07/2026 04:44;10/07/2026 16:02
CAIXA 130L;CAIXA 130L COM BERÇO;2 C a 8 C;558488;SE;A9257;00019200000013405764;MultiModal;07/07/2026 00:59;10/07/2026 16:02;07/07/2026 04:44;10/07/2026 16:02
CAIXA 130L;CAIXA 130L COM BERÇO;2 C a 8 C;558488;SE;A5408;00019200000013405772;MultiModal;07/07/2026 00:59;10/07/2026 16:02;07/07/2026 04:44;10/07/2026 16:02
CAIXA 130L;CAIXA 130L COM BERÇO;2 C a 8 C;558488;SE;A0810;00019200000013405780;MultiModal;07/07/2026 00:59;10/07/2026 16:02;07/07/2026 00:59;10/07/2026 17:00
CAIXA 130L;CAIXA 130L COM BERÇO;2 C a 8 C;558488;SE;A5058;00019200000013405799;MultiModal;07/07/2026 00:59;10/07/2026 16:02;16/07/2026 03:34;17/07/2026 11:00
CAIXA 130L;CAIXA 130L COM BERÇO;2 C a 8 C;558488;SE;A2660;00019200000013406752;MultiModal;07/07/2026 00:59;10/07/2026 16:02;14/07/2026 22:57;17/07/2026 11:00
CAIXA 130L;CAIXA 130L COM BERÇO;2 C a 8 C;558488;SE;A7609;00019200000013406760;MultiModal;07/07/2026 00:59;10/07/2026 16:02;14/07/2026 22:57;17/07/2026 11:00
CAIXA 130L;CAIXA 130L COM BERÇO;2 C a 8 C;558488;SE;A5319;00019200000013406779;MultiModal;07/07/2026 00:59;10/07/2026 16:02;14/07/2026 03:18;15/07/2026 08:00
CAIXA 130L;CAIXA 130L COM BERÇO;2 C a 8 C;558488;SE;A3255;00019200000013406787;MultiModal;07/07/2026 00:59;10/07/2026 16:02;14/07/2026 03:18;15/07/2026 08:00
CAIXA 130L;CAIXA 130L COM BERÇO;2 C a 8 C;558488;SE;TA1214;00019200000013406795;MultiModal;07/07/2026 00:59;10/07/2026 16:02;14/07/2026 03:18;15/07/2026 08:00
CAIXA 130L;CAIXA 130L COM BERÇO;2 C a 8 C;558488;SE;A3450;00019200000013406809;MultiModal;07/07/2026 00:59;10/07/2026 16:02;14/07/2026 03:18;15/07/2026 08:00
CAIXA 130L;CAIXA 130L COM BERÇO;2 C a 8 C;558488;SE;A3453;00019200000013406817;MultiModal;07/07/2026 00:59;10/07/2026 16:02;14/07/2026 03:18;15/07/2026 08:00
CAIXA 130L;CAIXA 130L COM BERÇO;2 C a 8 C;558488;SE;A9555;00019200000013406825;MultiModal;07/07/2026 00:59;10/07/2026 16:02;14/07/2026 03:18;15/07/2026 08:00
CAIXA 130L;CAIXA 130L COM BERÇO;2 C a 8 C;558488;SE;A2989;00019200000013406841;MultiModal;07/07/2026 00:59;10/07/2026 16:02;14/07/2026 22:57;17/07/2026 11:00
CAIXA 130L;CAIXA 130L COM BERÇO;2 C a 8 C;558488;SE;A6180;00019200000013406850;MultiModal;07/07/2026 00:59;10/07/2026 16:02;14/07/2026 22:57;17/07/2026 11:00
CAIXA 130L;CAIXA 130L COM BERÇO;2 C a 8 C;558488;SE;A1502;00019200000013406868;MultiModal;07/07/2026 00:59;10/07/2026 16:02;-;-
CAIXA 130L;CAIXA 130L COM BERÇO;2 C a 8 C;558488;SE;A6983;00019200000013406876;MultiModal;07/07/2026 00:59;10/07/2026 16:02;14/07/2026 22:57;17/07/2026 11:00
CAIXA 130L;CAIXA 130L COM BERÇO;2 C a 8 C;558488;SE;A6548;00019200000013406884;MultiModal;07/07/2026 00:59;10/07/2026 16:02;14/07/2026 22:57;17/07/2026 11:00
CAIXA 130L;CAIXA 130L COM BERÇO;2 C a 8 C;558488;SE;A3457;00019200000013406892;MultiModal;07/07/2026 00:59;10/07/2026 16:02;-;-
CAIXA 130L;CAIXA 130L COM BERÇO;2 C a 8 C;558488;SE;A6541;00019200000013406906;MultiModal;07/07/2026 00:59;10/07/2026 16:02;14/07/2026 22:57;17/07/2026 11:00
CAIXA 130L;CAIXA 130L COM BERÇO;2 C a 8 C;558488;SE;TA0076;00019200000013406914;MultiModal;07/07/2026 00:59;10/07/2026 16:02;14/07/2026 22:57;17/07/2026 11:00
CAIXA 130L;CAIXA 130L COM BERÇO;2 C a 8 C;558488;SE;A5235;00019200000013407627;MultiModal;07/07/2026 00:59;10/07/2026 16:02;07/07/2026 00:59;10/07/2026 17:00
CAIXA 130L;CAIXA 130L COM BERÇO;2 C a 8 C;558488;SE;A8461;00019200000013407635;MultiModal;07/07/2026 00:59;10/07/2026 16:02;07/07/2026 04:44;10/07/2026 16:02
CAIXA 130L;CAIXA 130L COM BERÇO;2 C a 8 C;558488;SE;A9524;00019200000013407643;MultiModal;07/07/2026 00:59;10/07/2026 16:02;-;-
CAIXA 130L;CAIXA 130L COM BERÇO;2 C a 8 C;558488;SE;A8850;00019200000013421379;MultiModal;07/07/2026 00:59;10/07/2026 16:02;07/07/2026 00:59;10/07/2026 17:00
CAIXA 130L;CAIXA 130L COM BERÇO;2 C a 8 C;558488;SE;A7915;00019200000013421409;MultiModal;07/07/2026 00:59;10/07/2026 16:02;07/07/2026 00:59;10/07/2026 17:00
CAIXA 130L;CAIXA 130L COM BERÇO;2 C a 8 C;558488;SE;A9390;00019200000013421417;MultiModal;07/07/2026 00:59;10/07/2026 16:02;16/07/2026 03:34;17/07/2026 11:00
CAIXA 130L;CAIXA 130L COM BERÇO;2 C a 8 C;558488;SE;A4891;00019200000013421450;MultiModal;07/07/2026 00:59;10/07/2026 16:02;07/07/2026 00:59;10/07/2026 17:00
CAIXA 130L;CAIXA 130L COM BERÇO;2 C a 8 C;558488;SE;A7466;00019200000013421484;MultiModal;07/07/2026 00:59;10/07/2026 16:02;07/07/2026 00:59;10/07/2026 17:00
CAIXA 130L;CAIXA 130L COM BERÇO;2 C a 8 C;558488;SE;A2030;00019200000013421492;MultiModal;07/07/2026 00:59;10/07/2026 16:02;07/07/2026 04:44;10/07/2026 16:02
CAIXA 130L;CAIXA 130L COM BERÇO;2 C a 8 C;558488;SE;A6380;00019200000013421506;MultiModal;07/07/2026 00:59;10/07/2026 16:02;07/07/2026 04:44;10/07/2026 16:02
CAIXA 130L;CAIXA 130L COM BERÇO;2 C a 8 C;558488;SE;A7013;00019200000013421514;MultiModal;07/07/2026 00:59;10/07/2026 16:02;07/07/2026 04:44;10/07/2026 16:02
CAIXA 130L;CAIXA 130L COM BERÇO;2 C a 8 C;558488;SE;TA0219;00019200000013421522;MultiModal;07/07/2026 00:59;10/07/2026 16:02;14/07/2026 03:18;15/07/2026 08:00
CAIXA 130L;CAIXA 130L COM BERÇO;2 C a 8 C;558488;SE;TA0981;00019200000013421530;MultiModal;07/07/2026 00:59;10/07/2026 16:02;14/07/2026 03:18;15/07/2026 08:00
CAIXA 130L;CAIXA 130L COM BERÇO;2 C a 8 C;558488;SE;A0003;00019200000013421557;MultiModal;07/07/2026 00:59;10/07/2026 16:02;07/07/2026 00:59;10/07/2026 17:00
CAIXA 130L;CAIXA 130L COM BERÇO;2 C a 8 C;558488;SE;A8120;00019200000013421565;MultiModal;07/07/2026 00:59;10/07/2026 16:02;07/07/2026 00:59;10/07/2026 17:00
CAIXA 130L;CAIXA 130L COM BERÇO;2 C a 8 C;558488;SE;A8631;00019200000013421573;MultiModal;07/07/2026 00:59;10/07/2026 16:02;-;-
CAIXA 130L;CAIXA 130L COM BERÇO;2 C a 8 C;558488;SE;A3839;00019200000013421581;MultiModal;07/07/2026 00:59;10/07/2026 16:02;07/07/2026 00:59;10/07/2026 17:00
CAIXA 130L;CAIXA 130L COM BERÇO;2 C a 8 C;558488;SE;A8155;00019200000013421590;MultiModal;07/07/2026 00:59;10/07/2026 16:02;07/07/2026 00:59;10/07/2026 17:00
CAIXA 130L;CAIXA 130L COM BERÇO;2 C a 8 C;558488;SE;A7056;00019200000013421603;MultiModal;07/07/2026 00:59;10/07/2026 16:02;07/07/2026 04:44;10/07/2026 16:02
CAIXA 130L;CAIXA 130L COM BERÇO;2 C a 8 C;558488;SE;A4003;00019200000013421611;MultiModal;07/07/2026 00:59;10/07/2026 16:02;07/07/2026 04:44;10/07/2026 16:02
CAIXA 130L;CAIXA 130L COM BERÇO;2 C a 8 C;558488;SE;A0027;00019200000013421620;MultiModal;07/07/2026 00:59;10/07/2026 16:02;07/07/2026 04:44;10/07/2026 16:02
CAIXA 130L;CAIXA 130L COM BERÇO;2 C a 8 C;558488;SE;A4278;00019200000013421638;MultiModal;07/07/2026 00:59;10/07/2026 16:02;07/07/2026 00:59;10/07/2026 17:00
CAIXA 130L;CAIXA 130L COM BERÇO;2 C a 8 C;558488;SE;A1494;00019200000013421646;MultiModal;07/07/2026 00:59;10/07/2026 16:02;07/07/2026 00:59;10/07/2026 17:00
CAIXA 130L;CAIXA 130L COM BERÇO;2 C a 8 C;558488;SE;TA0452;00019200000013421743;MultiModal;07/07/2026 00:59;10/07/2026 16:02;14/07/2026 22:57;17/07/2026 11:00
CAIXA 130L;CAIXA 130L COM BERÇO;2 C a 8 C;558488;SE;A6090;00019200000013421751;MultiModal;07/07/2026 00:59;10/07/2026 16:02;14/07/2026 22:57;17/07/2026 11:00
CAIXA 130L;CAIXA 130L COM BERÇO;2 C a 8 C;558488;SE;A8661;00019200000013421760;MultiModal;07/07/2026 00:59;10/07/2026 16:02;14/07/2026 22:57;17/07/2026 11:00
CAIXA 130L;CAIXA 130L COM BERÇO;2 C a 8 C;558488;SE;A8776;00019200000013421778;MultiModal;07/07/2026 00:59;10/07/2026 16:02;14/07/2026 03:18;15/07/2026 08:00
CAIXA 130L;CAIXA 130L COM BERÇO;2 C a 8 C;558488;SE;A5287;00019200000013421786;MultiModal;07/07/2026 00:59;10/07/2026 16:02;14/07/2026 03:18;15/07/2026 08:00
CAIXA 130L;CAIXA 130L COM BERÇO;2 C a 8 C;558488;SE;A1445;00019200000013421794;MultiModal;07/07/2026 00:59;10/07/2026 16:02;07/07/2026 04:44;10/07/2026 16:02
CAIXA 130L;CAIXA 130L COM BERÇO;2 C a 8 C;558488;SE;A2622;00019200000013421808;MultiModal;07/07/2026 00:59;10/07/2026 16:02;14/07/2026 22:57;17/07/2026 11:00
CAIXA 130L;CAIXA 130L COM BERÇO;2 C a 8 C;558488;SE;A7195;00019200000013421816;MultiModal;07/07/2026 00:59;10/07/2026 16:02;14/07/2026 22:57;17/07/2026 11:00
CAIXA 130L;CAIXA 130L COM BERÇO;2 C a 8 C;558488;SE;A3215;00019200000013421832;MultiModal;07/07/2026 00:59;10/07/2026 16:02;14/07/2026 22:57;17/07/2026 11:00
CAIXA 130L;CAIXA 130L COM BERÇO;2 C a 8 C;558488;SE;A7166;00019200000013421840;MultiModal;07/07/2026 00:59;10/07/2026 16:02;14/07/2026 22:57;17/07/2026 11:00
CAIXA 130L;CAIXA 130L COM BERÇO;2 C a 8 C;558488;SE;A4676;00019200000013421859;MultiModal;07/07/2026 00:59;10/07/2026 16:02;16/07/2026 03:34;17/07/2026 11:00
CAIXA 130L;CAIXA 130L COM BERÇO;2 C a 8 C;558488;SE;A8657;00019200000013421867;MultiModal;07/07/2026 00:59;10/07/2026 16:02;16/07/2026 03:34;17/07/2026 11:00
CAIXA 130L;CAIXA 130L COM BERÇO;2 C a 8 C;558488;SE;A6419;00019200000013421875;MultiModal;07/07/2026 00:59;10/07/2026 16:02;14/07/2026 03:18;15/07/2026 08:00
CAIXA 130L;CAIXA 130L COM BERÇO;2 C a 8 C;558488;SE;TA0261;00019200000013421883;MultiModal;07/07/2026 00:59;10/07/2026 16:02;14/07/2026 03:18;15/07/2026 08:00
CAIXA 130L;CAIXA 130L COM BERÇO;2 C a 8 C;558488;SE;A4391;00019200000013421891;MultiModal;07/07/2026 00:59;10/07/2026 16:02;07/07/2026 04:44;10/07/2026 16:02
CAIXA 130L;CAIXA 130L COM BERÇO;2 C a 8 C;558488;SE;A3759;00019200000013421905;MultiModal;07/07/2026 00:59;10/07/2026 16:02;14/07/2026 03:18;15/07/2026 08:00
CAIXA 130L;CAIXA 130L COM BERÇO;2 C a 8 C;558488;SE;A7289;00019200000013421913;MultiModal;07/07/2026 00:59;10/07/2026 16:02;14/07/2026 03:18;15/07/2026 08:00
CAIXA 130L;CAIXA 130L COM BERÇO;2 C a 8 C;558488;SE;A2029;00019200000013421921;MultiModal;07/07/2026 00:59;10/07/2026 16:02;-;-
CAIXA 130L;CAIXA 130L COM BERÇO;2 C a 8 C;558488;SE;A8455;00019200000013421930;MultiModal;07/07/2026 00:59;10/07/2026 16:02;-;-
CAIXA 130L;CAIXA 130L COM BERÇO;2 C a 8 C;558488;SE;A7169;00019200000013421948;MultiModal;07/07/2026 00:59;10/07/2026 16:02;-;-
CAIXA 130L;CAIXA 130L COM BERÇO;2 C a 8 C;558488;SE;A7754;00019200000013421956;MultiModal;07/07/2026 00:59;10/07/2026 16:02;14/07/2026 03:18;15/07/2026 08:00
CAIXA 130L;CAIXA 130L COM BERÇO;2 C a 8 C;558488;SE;A7098;00019200000013421964;MultiModal;07/07/2026 00:59;10/07/2026 16:02;14/07/2026 03:18;15/07/2026 08:00
CAIXA 130L;CAIXA 130L COM BERÇO;2 C a 8 C;558488;SE;A7881;00019200000013421980;MultiModal;07/07/2026 00:59;10/07/2026 16:02;16/07/2026 03:34;17/07/2026 11:00
CAIXA 130L;CAIXA 130L COM BERÇO;2 C a 8 C;558488;SE;A4693;00019200000013421999;MultiModal;07/07/2026 00:59;10/07/2026 16:02;16/07/2026 03:34;17/07/2026 11:00
CAIXA 130L;CAIXA 130L COM BERÇO;2 C a 8 C;558488;SE;A6633;00019200000013422006;MultiModal;07/07/2026 00:59;10/07/2026 16:02;16/07/2026 03:34;17/07/2026 11:00
CAIXA 130L;CAIXA 130L COM BERÇO;2 C a 8 C;558488;SE;A8775;00019200000013422022;MultiModal;07/07/2026 00:59;10/07/2026 16:02;14/07/2026 22:57;17/07/2026 11:00
CAIXA 130L;CAIXA 130L COM BERÇO;2 C a 8 C;558488;SE;TA1074;00019200000013422057;MultiModal;07/07/2026 00:59;10/07/2026 16:02;-;-
CAIXA 130L;CAIXA 130L COM BERÇO;2 C a 8 C;558488;SE;A7974;00019200000013422065;MultiModal;07/07/2026 00:59;10/07/2026 16:02;-;-
CAIXA 130L;CAIXA 130L COM BERÇO;2 C a 8 C;558488;SE;A3486;00019200000013422073;MultiModal;07/07/2026 00:59;10/07/2026 16:02;14/07/2026 22:57;17/07/2026 11:00
CAIXA 130L;CAIXA 130L COM BERÇO;2 C a 8 C;558488;SE;A7197;00019200000013422081;MultiModal;07/07/2026 00:59;10/07/2026 16:02;16/07/2026 03:34;17/07/2026 11:00
CAIXA 130L;CAIXA 130L COM BERÇO;2 C a 8 C;558488;SE;A8156;00019200000013422090;MultiModal;07/07/2026 00:59;10/07/2026 16:02;16/07/2026 03:34;17/07/2026 11:00
CAIXA 130L;CAIXA 130L COM BERÇO;2 C a 8 C;558488;SE;A9631;00019200000013422103;MultiModal;07/07/2026 00:59;10/07/2026 16:02;14/07/2026 22:57;17/07/2026 11:00
CAIXA 130L;CAIXA 130L COM BERÇO;2 C a 8 C;558488;SE;A7626;00019200000013422170;MultiModal;07/07/2026 00:59;10/07/2026 16:02;16/07/2026 03:34;17/07/2026 11:00
CAIXA 130L;CAIXA 130L COM BERÇO;2 C a 8 C;558488;SE;A7668;00019200000013422189;MultiModal;07/07/2026 00:59;10/07/2026 16:02;16/07/2026 03:34;17/07/2026 11:00
CAIXA 130L;CAIXA 130L COM BERÇO;2 C a 8 C;558488;SE;A8218;00019200000013422197;MultiModal;07/07/2026 00:59;10/07/2026 16:02;16/07/2026 03:34;17/07/2026 11:00
CAIXA 130L;CAIXA 130L COM BERÇO;2 C a 8 C;558488;SE;A8969;00019200000013422251;MultiModal;07/07/2026 00:59;10/07/2026 16:02;16/07/2026 03:34;17/07/2026 11:00
CAIXA 130L;CAIXA 130L COM BERÇO;2 C a 8 C;558488;SE;TA0395;00019200000013422260;MultiModal;07/07/2026 00:59;10/07/2026 16:02;16/07/2026 03:34;17/07/2026 11:00
CAIXA 130L;CAIXA 130L COM BERÇO;2 C a 8 C;558489;SE;A3434;00019200000013248448;MultiModal;01/07/2026 05:28;03/07/2026 11:01;02/07/2026 00:26;03/07/2026 11:01
CAIXA 130L;CAIXA 130L COM BERÇO;2 C a 8 C;558489;SE;A7153;00019200000013248456;MultiModal;01/07/2026 05:28;03/07/2026 11:01;02/07/2026 00:26;03/07/2026 11:01
CAIXA 130L;CAIXA 130L COM BERÇO;2 C a 8 C;558489;SE;A7498;00019200000013248464;MultiModal;01/07/2026 05:28;03/07/2026 11:01;02/07/2026 00:26;03/07/2026 11:01
CAIXA 130L;CAIXA 130L COM BERÇO;2 C a 8 C;558489;SE;A9605;00019200000013248472;MultiModal;01/07/2026 05:28;03/07/2026 11:01;02/07/2026 00:26;03/07/2026 11:01
CAIXA 130L;CAIXA 130L COM BERÇO;2 C a 8 C;558489;SE;A0191;00019200000013248480;MultiModal;01/07/2026 05:28;03/07/2026 11:01;02/07/2026 00:26;03/07/2026 11:01
CAIXA 130L;CAIXA 130L COM BERÇO;2 C a 8 C;558489;SE;A9219;00019200000013248499;MultiModal;01/07/2026 05:28;03/07/2026 11:01;01/07/2026 05:28;03/07/2026 11:01
CAIXA 130L;CAIXA 130L COM BERÇO;2 C a 8 C;558489;SE;A6889;00019200000013248502;MultiModal;01/07/2026 05:28;03/07/2026 11:01;02/07/2026 00:26;03/07/2026 11:01
CAIXA 130L;CAIXA 130L COM BERÇO;2 C a 8 C;558489;SE;A0431;00019200000013248510;MultiModal;01/07/2026 05:28;03/07/2026 11:01;01/07/2026 05:28;03/07/2026 11:01
CAIXA 130L;CAIXA 130L COM BERÇO;2 C a 8 C;558489;SE;TA1172;00019200000013248529;MultiModal;01/07/2026 05:28;03/07/2026 11:01;02/07/2026 00:26;03/07/2026 11:01
CAIXA 130L;CAIXA 130L COM BERÇO;2 C a 8 C;558489;SE;A6477;00019200000013248537;MultiModal;01/07/2026 05:28;03/07/2026 11:01;01/07/2026 05:28;03/07/2026 11:01
CAIXA 130L;CAIXA 130L COM BERÇO;2 C a 8 C;558489;SE;A6970;00019200000013248545;MultiModal;01/07/2026 05:28;03/07/2026 11:01;02/07/2026 00:26;03/07/2026 11:01
CAIXA 130L;CAIXA 130L COM BERÇO;2 C a 8 C;558489;SE;A8079;00019200000013248553;MultiModal;01/07/2026 05:28;03/07/2026 11:01;02/07/2026 00:26;03/07/2026 11:01
CAIXA 130L;CAIXA 130L COM BERÇO;2 C a 8 C;558489;SE;A0499;00019200000013248561;MultiModal;01/07/2026 05:28;03/07/2026 11:01;01/07/2026 05:28;03/07/2026 11:01
CAIXA 130L;CAIXA 130L COM BERÇO;2 C a 8 C;558489;SE;A9318;00019200000013248570;MultiModal;01/07/2026 05:28;03/07/2026 11:01;02/07/2026 00:26;03/07/2026 11:01
CAIXA 130L;CAIXA 130L COM BERÇO;2 C a 8 C;558489;SE;A7100;00019200000013248588;MultiModal;01/07/2026 05:28;03/07/2026 11:01;01/07/2026 05:28;03/07/2026 11:01
CAIXA 130L;CAIXA 130L COM BERÇO;2 C a 8 C;558489;SE;TA0892;00019200000013252089;MultiModal;01/07/2026 05:28;03/07/2026 11:01;01/07/2026 05:28;03/07/2026 11:01
CAIXA 130L;CAIXA 130L COM BERÇO;2 C a 8 C;558489;SE;A9533;00019200000013252097;MultiModal;01/07/2026 05:28;03/07/2026 11:01;01/07/2026 05:28;03/07/2026 11:01
CAIXA 130L;CAIXA 130L COM BERÇO;2 C a 8 C;558489;SE;TA0243;00019200000013252100;MultiModal;01/07/2026 05:28;03/07/2026 11:01;01/07/2026 05:28;03/07/2026 11:01
CAIXA 130L;CAIXA 130L COM BERÇO;2 C a 8 C;558489;SE;A6008;00019200000013252119;MultiModal;01/07/2026 05:28;03/07/2026 11:01;02/07/2026 00:26;03/07/2026 11:01
CAIXA 130L;CAIXA 130L COM BERÇO;2 C a 8 C;558489;SE;TA1122;00019200000013252127;MultiModal;01/07/2026 05:28;03/07/2026 11:01;02/07/2026 00:26;03/07/2026 11:01
CAIXA 130L;CAIXA 130L COM BERÇO;2 C a 8 C;558489;SE;TA0886;00019200000013252135;MultiModal;01/07/2026 05:28;03/07/2026 11:01;02/07/2026 00:26;03/07/2026 11:01
CAIXA 130L;CAIXA 130L COM BERÇO;2 C a 8 C;558489;SE;A7289;00019200000013252143;MultiModal;01/07/2026 05:28;03/07/2026 11:01;02/07/2026 00:26;03/07/2026 11:01
CAIXA 130L;CAIXA 130L COM BERÇO;2 C a 8 C;558489;SE;A4200;00019200000013252151;MultiModal;01/07/2026 05:28;03/07/2026 11:01;02/07/2026 00:26;03/07/2026 11:01
CAIXA 130L;CAIXA 130L COM BERÇO;2 C a 8 C;558489;SE;A7588;00019200000013252160;MultiModal;01/07/2026 05:28;03/07/2026 11:01;01/07/2026 05:28;03/07/2026 11:01
CAIXA 130L;CAIXA 130L COM BERÇO;2 C a 8 C;558489;SE;A8062;00019200000013252178;MultiModal;01/07/2026 05:28;03/07/2026 11:01;01/07/2026 05:28;03/07/2026 11:01
CAIXA 130L;CAIXA 130L COM BERÇO;2 C a 8 C;558489;SE;A8397;00019200000013252186;MultiModal;01/07/2026 05:28;03/07/2026 11:01;01/07/2026 05:28;03/07/2026 11:01
CAIXA 130L;CAIXA 130L COM BERÇO;2 C a 8 C;558489;SE;TA0851;00019200000013252194;MultiModal;01/07/2026 05:28;03/07/2026 11:01;01/07/2026 05:28;03/07/2026 11:01
CAIXA 130L;CAIXA 130L COM BERÇO;2 C a 8 C;558489;SE;TA0898;00019200000013252208;MultiModal;01/07/2026 05:28;03/07/2026 11:01;01/07/2026 05:28;03/07/2026 11:01
CAIXA 130L;CAIXA 130L COM BERÇO;2 C a 8 C;558489;SE;A5092;00019200000013252216;MultiModal;01/07/2026 05:28;03/07/2026 11:01;01/07/2026 05:28;03/07/2026 11:01
CAIXA 130L;CAIXA 130L COM BERÇO;2 C a 8 C;558489;SE;A8989;00019200000013252224;MultiModal;01/07/2026 05:28;03/07/2026 11:01;01/07/2026 05:28;03/07/2026 11:01
CAIXA 130L;CAIXA 130L COM BERÇO;2 C a 8 C;558850;SE;A7450;00019200000013248677;MultiModal;01/07/2026 04:39;02/07/2026 14:00;02/07/2026 00:19;02/07/2026 14:00
CAIXA 130L;CAIXA 130L COM BERÇO;2 C a 8 C;558850;SE;A7774;00019200000013248758;MultiModal;01/07/2026 04:39;02/07/2026 14:00;01/07/2026 04:39;03/07/2026 11:00
CAIXA 130L;CAIXA 130L COM BERÇO;2 C a 8 C;558850;SE;A0707;00019200000013248766;MultiModal;01/07/2026 04:39;02/07/2026 14:00;01/07/2026 04:39;03/07/2026 11:00
CAIXA 130L;CAIXA 130L COM BERÇO;2 C a 8 C;558850;SE;A7525;00019200000013248774;MultiModal;01/07/2026 04:39;02/07/2026 14:00;01/07/2026 04:39;03/07/2026 11:00
CAIXA 130L;CAIXA 130L COM BERÇO;2 C a 8 C;558850;SE;A4250;00019200000013248782;MultiModal;01/07/2026 04:39;02/07/2026 14:00;01/07/2026 04:39;03/07/2026 11:00
CAIXA 130L;CAIXA 130L COM BERÇO;2 C a 8 C;558850;SE;A3399;00019200000013248790;MultiModal;01/07/2026 04:39;02/07/2026 14:00;02/07/2026 00:19;02/07/2026 14:00
CAIXA 130L;CAIXA 130L COM BERÇO;2 C a 8 C;558850;SE;A4752;00019200000013248804;MultiModal;01/07/2026 04:39;02/07/2026 14:00;01/07/2026 04:39;03/07/2026 11:00
CAIXA 130L;CAIXA 130L COM BERÇO;2 C a 8 C;558850;SE;A6117;00019200000013248812;MultiModal;01/07/2026 04:39;02/07/2026 14:00;02/07/2026 00:19;02/07/2026 14:00
CAIXA 130L;CAIXA 130L COM BERÇO;2 C a 8 C;558850;SE;A4286;00019200000013248820;MultiModal;01/07/2026 04:39;02/07/2026 14:00;01/07/2026 04:39;03/07/2026 11:00
CAIXA 130L;CAIXA 130L COM BERÇO;2 C a 8 C;558850;SE;A3856;00019200000013248839;MultiModal;01/07/2026 04:39;02/07/2026 14:00;01/07/2026 04:39;03/07/2026 11:00
CAIXA 130L;CAIXA 130L COM BERÇO;2 C a 8 C;558850;SE;A6419;00019200000013248847;MultiModal;01/07/2026 04:39;02/07/2026 14:00;01/07/2026 04:39;03/07/2026 11:00
CAIXA 130L;CAIXA 130L COM BERÇO;2 C a 8 C;558850;SE;A8320;00019200000013248855;MultiModal;01/07/2026 04:39;02/07/2026 14:00;01/07/2026 04:39;03/07/2026 11:00
CAIXA 130L;CAIXA 130L COM BERÇO;2 C a 8 C;558850;SE;A4688;00019200000013248863;MultiModal;01/07/2026 04:39;02/07/2026 14:00;01/07/2026 04:39;03/07/2026 11:00
CAIXA 130L;CAIXA 130L COM BERÇO;2 C a 8 C;558850;SE;A8914;00019200000013248871;MultiModal;01/07/2026 04:39;02/07/2026 14:00;01/07/2026 04:39;03/07/2026 11:00
CAIXA 130L;CAIXA 130L COM BERÇO;2 C a 8 C;558850;SE;A8417;00019200000013248880;MultiModal;01/07/2026 04:39;02/07/2026 14:00;02/07/2026 00:19;02/07/2026 14:00
CAIXA 130L;CAIXA 130L COM BERÇO;2 C a 8 C;558850;SE;A6931;00019200000013248898;MultiModal;01/07/2026 04:39;02/07/2026 14:00;02/07/2026 00:19;02/07/2026 14:00
CAIXA 130L;CAIXA 130L COM BERÇO;2 C a 8 C;558850;SE;A4047;00019200000013248901;MultiModal;01/07/2026 04:39;02/07/2026 14:00;02/07/2026 00:19;02/07/2026 14:00
CAIXA 130L;CAIXA 130L COM BERÇO;2 C a 8 C;558850;SE;A7646;00019200000013248910;MultiModal;01/07/2026 04:39;02/07/2026 14:00;01/07/2026 04:39;03/07/2026 11:00
CAIXA 130L;CAIXA 130L COM BERÇO;2 C a 8 C;558850;SE;TA0092;00019200000013248928;MultiModal;01/07/2026 04:39;02/07/2026 14:00;01/07/2026 04:39;03/07/2026 11:00
CAIXA 130L;CAIXA 130L COM BERÇO;2 C a 8 C;558850;SE;A9489;00019200000013248936;MultiModal;01/07/2026 04:39;02/07/2026 14:00;01/07/2026 04:39;03/07/2026 11:00
CAIXA 130L;CAIXA 130L COM BERÇO;2 C a 8 C;558850;SE;A4383;00019200000013248944;MultiModal;01/07/2026 04:39;02/07/2026 14:00;01/07/2026 04:39;03/07/2026 11:00
CAIXA 130L;CAIXA 130L COM BERÇO;2 C a 8 C;558850;SE;A4462;00019200000013248952;MultiModal;01/07/2026 04:39;02/07/2026 14:00;01/07/2026 04:39;03/07/2026 11:00
CAIXA 130L;CAIXA 130L COM BERÇO;2 C a 8 C;558850;SE;A4058;00019200000013248960;MultiModal;01/07/2026 04:39;02/07/2026 14:00;02/07/2026 00:19;02/07/2026 14:00
CAIXA 130L;CAIXA 130L COM BERÇO;2 C a 8 C;558850;SE;A9276;00019200000013248979;MultiModal;01/07/2026 04:39;02/07/2026 14:00;02/07/2026 00:19;02/07/2026 14:00
CAIXA 130L;CAIXA 130L COM BERÇO;2 C a 8 C;558850;SE;A0218;00019200000013248987;MultiModal;01/07/2026 04:39;02/07/2026 14:00;02/07/2026 00:19;02/07/2026 14:00
CAIXA 130L;CAIXA 130L COM BERÇO;2 C a 8 C;558850;SE;A5176;00019200000013248995;MultiModal;01/07/2026 04:39;02/07/2026 14:00;02/07/2026 00:19;02/07/2026 14:00
CAIXA 130L;CAIXA 130L COM BERÇO;2 C a 8 C;558850;SE;A6816;00019200000013249002;MultiModal;01/07/2026 04:39;02/07/2026 14:00;02/07/2026 00:19;02/07/2026 14:00
CAIXA 130L;CAIXA 130L COM BERÇO;2 C a 8 C;558850;SE;A6444;00019200000013249010;MultiModal;01/07/2026 04:39;02/07/2026 14:00;02/07/2026 00:19;02/07/2026 14:00
CAIXA 130L;CAIXA 130L COM BERÇO;2 C a 8 C;558850;SE;A9217;00019200000013249029;MultiModal;01/07/2026 04:39;02/07/2026 14:00;02/07/2026 00:19;02/07/2026 14:00
CAIXA 130L;CAIXA 130L COM BERÇO;2 C a 8 C;558850;SE;A0244;00019200000013249037;MultiModal;01/07/2026 04:39;02/07/2026 14:00;02/07/2026 00:19;02/07/2026 14:00
CAIXA 130L;CAIXA 130L COM BERÇO;2 C a 8 C;558850;SE;A8553;00019200000013249045;MultiModal;01/07/2026 04:39;02/07/2026 14:00;02/07/2026 00:19;02/07/2026 14:00
CAIXA 130L;CAIXA 130L COM BERÇO;2 C a 8 C;558850;SE;A6280;00019200000013249053;MultiModal;01/07/2026 04:39;02/07/2026 14:00;02/07/2026 00:19;02/07/2026 14:00
CAIXA 130L;CAIXA 130L COM BERÇO;2 C a 8 C;558850;SE;A3929;00019200000013249061;MultiModal;01/07/2026 04:39;02/07/2026 14:00;01/07/2026 04:39;03/07/2026 11:00
CAIXA 130L;CAIXA 130L COM BERÇO;2 C a 8 C;558851;SE;A3202;00019200000013248600;MultiModal;01/07/2026 01:13;03/07/2026 11:01;01/07/2026 01:13;03/07/2026 11:01
CAIXA 130L;CAIXA 130L COM BERÇO;2 C a 8 C;558851;SE;TA0520;00019200000013248618;MultiModal;01/07/2026 01:13;03/07/2026 11:01;01/07/2026 01:13;03/07/2026 11:01
CAIXA 130L;CAIXA 130L COM BERÇO;2 C a 8 C;558851;SE;A8961;00019200000013248626;MultiModal;01/07/2026 01:13;03/07/2026 11:01;01/07/2026 01:13;03/07/2026 11:01
CAIXA 130L;CAIXA 130L COM BERÇO;2 C a 8 C;558851;SE;A4705;00019200000013248634;MultiModal;01/07/2026 01:13;03/07/2026 11:01;01/07/2026 01:13;03/07/2026 11:01
CAIXA 130L;CAIXA 130L COM BERÇO;2 C a 8 C;558851;SE;A9483;00019200000013248642;MultiModal;01/07/2026 01:13;03/07/2026 11:01;01/07/2026 01:13;03/07/2026 11:01
CAIXA 130L;CAIXA 130L COM BERÇO;2 C a 8 C;558851;SE;A3766;00019200000013248650;MultiModal;01/07/2026 01:13;03/07/2026 11:01;01/07/2026 01:13;03/07/2026 11:01
CAIXA 130L;CAIXA 130L COM BERÇO;2 C a 8 C;558851;SE;A9645;00019200000013248669;MultiModal;01/07/2026 01:13;03/07/2026 11:01;01/07/2026 01:13;03/07/2026 11:01
CAIXA 130L;CAIXA 130L COM BERÇO;2 C a 8 C;558851;SE;A0676;00019200000013248693;MultiModal;01/07/2026 01:13;03/07/2026 11:01;01/07/2026 01:13;03/07/2026 11:01
CAIXA 130L;CAIXA 130L COM BERÇO;2 C a 8 C;558851;SE;A4282;00019200000013248707;MultiModal;01/07/2026 01:13;03/07/2026 11:01;01/07/2026 01:13;03/07/2026 11:01
CAIXA 130L;CAIXA 130L COM BERÇO;2 C a 8 C;558851;SE;A9448;00019200000013248715;MultiModal;01/07/2026 01:13;03/07/2026 11:01;01/07/2026 01:13;03/07/2026 11:01
CAIXA 130L;CAIXA 130L COM BERÇO;2 C a 8 C;558851;SE;A0830;00019200000013248723;MultiModal;01/07/2026 01:13;03/07/2026 11:01;01/07/2026 01:13;03/07/2026 11:01
CAIXA 130L;CAIXA 130L COM BERÇO;2 C a 8 C;558851;SE;A5094;00019200000013248731;MultiModal;01/07/2026 01:13;03/07/2026 11:01;01/07/2026 01:13;03/07/2026 11:01
CAIXA 130L;CAIXA 130L COM BERÇO;2 C a 8 C;558851;SE;TA1113;00019200000013248740;MultiModal;01/07/2026 01:13;03/07/2026 11:01;01/07/2026 01:13;03/07/2026 11:01
CAIXA 130L;CAIXA 130L COM BERÇO;2 C a 8 C;559094;SE;A6724;00019200000013423460;MultiModal;05/07/2026 23:49;06/07/2026 14:31;05/07/2026 23:49;06/07/2026 14:31
CAIXA 130L;CAIXA 130L COM BERÇO;2 C a 8 C;559094;SE;A8870;00019200000013423479;MultiModal;05/07/2026 23:49;06/07/2026 14:31;05/07/2026 23:49;06/07/2026 14:31
CAIXA 130L;CAIXA 130L COM BERÇO;2 C a 8 C;559094;SE;A0476;00019200000013423746;MultiModal;05/07/2026 23:49;06/07/2026 14:31;05/07/2026 23:49;06/07/2026 14:31
CAIXA 130L;CAIXA 130L COM BERÇO;2 C a 8 C;559094;SE;A9066;00019200000013423754;MultiModal;05/07/2026 23:49;06/07/2026 14:31;05/07/2026 23:49;06/07/2026 14:31
CAIXA 130L;CAIXA 130L COM BERÇO;2 C a 8 C;559242;SE;A5378;00019200000013246879;MultiModal;01/07/2026 04:57;02/07/2026 17:30;01/07/2026 04:57;02/07/2026 17:30
CAIXA 130L;CAIXA 130L COM BERÇO;2 C a 8 C;559533;SE;A0137;00019200000013428381;MultiModal;02/07/2026 00:23;03/07/2026 15:00;02/07/2026 00:23;03/07/2026 15:00
CAIXA 130L;CAIXA 130L COM BERÇO;2 C a 8 C;559876;SE;A7037;00019200000013419064;MultiModal;07/07/2026 00:57;17/07/2026 15:00;07/07/2026 00:57;17/07/2026 15:00
CAIXA 130L;CAIXA 130L COM BERÇO;2 C a 8 C;559876;SE;A7490;00019200000013419072;MultiModal;07/07/2026 00:57;17/07/2026 15:00;07/07/2026 00:57;17/07/2026 15:00
CAIXA 130L;CAIXA 130L COM BERÇO;2 C a 8 C;560269;SE;A8613;00019200000013445936;MultiModal;13/07/2026 23:12;14/07/2026 15:00;13/07/2026 23:12;14/07/2026 15:00
CAIXA 130L;CAIXA 130L COM BERÇO;2 C a 8 C;560269;SE;A7503;00019200000013445944;MultiModal;13/07/2026 23:12;14/07/2026 15:00;13/07/2026 23:12;14/07/2026 15:00
CAIXA 130L;CAIXA 130L COM BERÇO;2 C a 8 C;560269;SE;A5824;00019200000013445952;MultiModal;13/07/2026 23:12;14/07/2026 15:00;13/07/2026 23:12;14/07/2026 15:00
CAIXA 130L;CAIXA 130L COM BERÇO;2 C a 8 C;560269;SE;A3430;00019200000013445960;MultiModal;13/07/2026 23:12;14/07/2026 15:00;13/07/2026 23:12;14/07/2026 15:00
CAIXA 130L;CAIXA 130L COM BERÇO;2 C a 8 C;560658;SE;A3414;00019200000013473328;MultiModal;19/07/2026 02:08;20/07/2026 11:00;19/07/2026 02:08;20/07/2026 11:00
CAIXA 130L;CAIXA 130L COM BERÇO;2 C a 8 C;560658;SE;A3108;00019200000013473336;MultiModal;19/07/2026 02:08;20/07/2026 11:00;19/07/2026 02:08;20/07/2026 11:00
CAIXA 130L;CAIXA 130L COM BERÇO;2 C a 8 C;560658;SE;A6945;00019200000013473344;MultiModal;19/07/2026 02:08;20/07/2026 11:00;19/07/2026 02:08;20/07/2026 11:00
CAIXA 130L;CAIXA 130L COM BERÇO;2 C a 8 C;560658;SE;A9333;00019200000013473352;MultiModal;19/07/2026 02:08;20/07/2026 11:00;19/07/2026 02:08;20/07/2026 11:00
CAIXA 130L;CAIXA 130L COM BERÇO;2 C a 8 C;560658;SE;A6409;00019200000013473360;MultiModal;19/07/2026 02:08;20/07/2026 11:00;19/07/2026 02:08;20/07/2026 11:00
CAIXA 130L;CAIXA 130L COM BERÇO;2 C a 8 C;560658;SE;TA0537;00019200000013473379;MultiModal;19/07/2026 02:08;20/07/2026 11:00;19/07/2026 02:08;20/07/2026 11:00
CAIXA 130L;CAIXA 130L COM BERÇO;2 C a 8 C;560658;SE;A2078;00019200000013473387;MultiModal;19/07/2026 02:08;20/07/2026 11:00;19/07/2026 02:08;20/07/2026 11:00
CAIXA 130L;CAIXA 130L COM BERÇO;2 C a 8 C;560658;SE;A1610;00019200000013473395;MultiModal;19/07/2026 02:08;20/07/2026 11:00;19/07/2026 02:08;20/07/2026 11:00
CAIXA 130L;CAIXA 130L COM BERÇO;2 C a 8 C;560658;SE;A4090;00019200000013473409;MultiModal;19/07/2026 02:08;20/07/2026 11:00;19/07/2026 02:08;20/07/2026 11:00
CAIXA 130L;CAIXA 130L COM BERÇO;2 C a 8 C;560658;SE;A8062;00019200000013473417;MultiModal;19/07/2026 02:08;20/07/2026 11:00;19/07/2026 02:08;20/07/2026 11:00
CAIXA 130L;CAIXA 130L COM BERÇO;2 C a 8 C;560658;SE;A5911;00019200000013473425;MultiModal;19/07/2026 02:08;20/07/2026 11:00;19/07/2026 02:08;20/07/2026 11:00
CAIXA 130L;CAIXA 130L COM BERÇO;2 C a 8 C;560658;SE;A3673;00019200000013473433;MultiModal;19/07/2026 02:08;20/07/2026 11:00;19/07/2026 02:08;20/07/2026 11:00
CAIXA 130L;CAIXA 130L COM BERÇO;2 C a 8 C;560658;SE;A3468;00019200000013473441;MultiModal;19/07/2026 02:08;20/07/2026 11:00;19/07/2026 02:08;20/07/2026 11:00
CAIXA 130L;CAIXA 130L COM BERÇO;2 C a 8 C;560658;SE;A2324;00019200000013473867;MultiModal;19/07/2026 02:08;20/07/2026 11:00;19/07/2026 02:08;20/07/2026 11:00
CAIXA 130L;CAIXA 130L COM BERÇO;2 C a 8 C;560658;SE;TA0792;00019200000013473875;MultiModal;19/07/2026 02:08;20/07/2026 11:00;19/07/2026 02:08;20/07/2026 11:00
CAIXA 130L;CAIXA 130L COM BERÇO;2 C a 8 C;560658;SE;TA0435;00019200000013473883;MultiModal;19/07/2026 02:08;20/07/2026 11:00;19/07/2026 02:08;20/07/2026 11:00
CAIXA 130L;CAIXA 130L COM BERÇO;2 C a 8 C;560658;SE;A5226;00019200000013473905;MultiModal;19/07/2026 02:08;20/07/2026 11:00;19/07/2026 02:08;20/07/2026 11:00
CAIXA 130L;CAIXA 130L COM BERÇO;2 C a 8 C;558160;SP;TA1195;00019200000013241150;Rodoviário;08/07/2026 04:58;-;-;-
CAIXA 130L;CAIXA 130L COM BERÇO;2 C a 8 C;559319;SP;A9230;00019200000013248383;Rodoviário;01/07/2026 03:55;01/07/2026 13:54;01/07/2026 03:55;01/07/2026 13:54
CAIXA 130L;CAIXA 130L COM BERÇO;2 C a 8 C;559501;SP;A9600;00019200000013254413;Rodoviário;01/07/2026 04:08;01/07/2026 13:35;01/07/2026 04:08;01/07/2026 13:35
CAIXA 130L;CAIXA 130L COM BERÇO;2 C a 8 C;559501;SP;A4881;00019200000013254502;Rodoviário;01/07/2026 04:08;01/07/2026 13:35;01/07/2026 04:08;01/07/2026 13:35
CAIXA 130L;CAIXA 130L COM BERÇO;2 C a 8 C;559629;SP;A2298;00019200000013428225;Rodoviário;02/07/2026 06:10;02/07/2026 16:07;02/07/2026 06:10;02/07/2026 16:07
CAIXA 130L;CAIXA 130L COM BERÇO;2 C a 8 C;559630;SP;A5312;00019200000013428284;Rodoviário;02/07/2026 06:09;02/07/2026 16:12;02/07/2026 06:09;02/07/2026 16:12
CAIXA 130L;CAIXA 130L COM BERÇO;2 C a 8 C;559745;SP;A7119;00019200000013422715;Rodoviário;03/07/2026 04:27;03/07/2026 11:13;03/07/2026 04:27;03/07/2026 12:24
CAIXA 130L;CAIXA 130L COM BERÇO;2 C a 8 C;559749;SP;TA0620;00019200000013422707;Rodoviário;03/07/2026 04:14;03/07/2026 14:46;03/07/2026 04:14;03/07/2026 14:51
CAIXA 130L;CAIXA 130L COM BERÇO;2 C a 8 C;559835;SP;A8633;00019200000013421310;Rodoviário;06/07/2026 02:43;06/07/2026 12:41;06/07/2026 02:43;06/07/2026 12:41
CAIXA 130L;CAIXA 130L COM BERÇO;2 C a 8 C;559835;SP;A3289;00019200000013421328;Rodoviário;06/07/2026 02:43;06/07/2026 12:41;06/07/2026 02:43;06/07/2026 12:41
CAIXA 130L;CAIXA 130L COM BERÇO;2 C a 8 C;559864;SP;A8796;00019200000013421204;Rodoviário;06/07/2026 02:43;07/07/2026 14:48;06/07/2026 02:43;07/07/2026 14:48
CAIXA 130L;CAIXA 130L COM BERÇO;2 C a 8 C;559870;SP;A8557;00019200000013416030;Rodoviário;17/07/2026 04:54;17/07/2026 10:18;17/07/2026 04:54;20/07/2026 14:05
CAIXA 130L;CAIXA 130L COM BERÇO;2 C a 8 C;559870;SP;TA0500;00019200000013416049;Rodoviário;17/07/2026 04:54;17/07/2026 10:18;17/07/2026 04:54;20/07/2026 14:05
CAIXA 130L;CAIXA 130L COM BERÇO;2 C a 8 C;559870;SP;A3959;00019200000013416057;Rodoviário;17/07/2026 04:54;17/07/2026 10:18;17/07/2026 04:54;20/07/2026 14:05
CAIXA 130L;CAIXA 130L COM BERÇO;2 C a 8 C;559870;SP;A2964;00019200000013416065;Rodoviário;17/07/2026 04:54;17/07/2026 10:18;17/07/2026 04:54;20/07/2026 14:05
CAIXA 130L;CAIXA 130L COM BERÇO;2 C a 8 C;559870;SP;A5186;00019200000013416073;Rodoviário;17/07/2026 04:54;17/07/2026 10:18;17/07/2026 04:54;20/07/2026 14:05
CAIXA 130L;CAIXA 130L COM BERÇO;2 C a 8 C;559870;SP;A5070;00019200000013416081;Rodoviário;17/07/2026 04:54;17/07/2026 10:18;17/07/2026 10:31;17/07/2026 16:20
CAIXA 130L;CAIXA 130L COM BERÇO;2 C a 8 C;559870;SP;A4348;00019200000013416090;Rodoviário;17/07/2026 04:54;17/07/2026 10:18;17/07/2026 10:31;17/07/2026 16:20
CAIXA 130L;CAIXA 130L COM BERÇO;2 C a 8 C;559870;SP;A3666;00019200000013416103;Rodoviário;17/07/2026 04:54;17/07/2026 10:18;17/07/2026 04:54;20/07/2026 14:10
CAIXA 130L;CAIXA 130L COM BERÇO;2 C a 8 C;559870;SP;A4999;00019200000013416111;Rodoviário;17/07/2026 04:54;17/07/2026 10:18;17/07/2026 04:54;20/07/2026 14:05
CAIXA 130L;CAIXA 130L COM BERÇO;2 C a 8 C;559870;SP;TA0356;00019200000013416120;Rodoviário;17/07/2026 04:54;17/07/2026 10:18;17/07/2026 04:54;20/07/2026 14:10
CAIXA 130L;CAIXA 130L COM BERÇO;2 C a 8 C;559870;SP;A2181;00019200000013416138;Rodoviário;17/07/2026 04:54;17/07/2026 10:18;17/07/2026 04:54;20/07/2026 14:05
CAIXA 130L;CAIXA 130L COM BERÇO;2 C a 8 C;559870;SP;TA1003;00019200000013416146;Rodoviário;17/07/2026 04:54;17/07/2026 10:18;17/07/2026 04:54;20/07/2026 14:10
CAIXA 130L;CAIXA 130L COM BERÇO;2 C a 8 C;559870;SP;TA0368;00019200000013416154;Rodoviário;17/07/2026 04:54;17/07/2026 10:18;17/07/2026 04:54;20/07/2026 14:10
CAIXA 130L;CAIXA 130L COM BERÇO;2 C a 8 C;559870;SP;TA0216;00019200000013416162;Rodoviário;17/07/2026 04:54;17/07/2026 10:18;17/07/2026 04:54;20/07/2026 14:05
CAIXA 130L;CAIXA 130L COM BERÇO;2 C a 8 C;559870;SP;A4490;00019200000013416170;Rodoviário;17/07/2026 04:54;17/07/2026 10:18;17/07/2026 04:54;20/07/2026 14:05
CAIXA 130L;CAIXA 130L COM BERÇO;2 C a 8 C;559870;SP;A5875;00019200000013416189;Rodoviário;17/07/2026 04:54;17/07/2026 10:18;17/07/2026 04:54;20/07/2026 14:05
CAIXA 130L;CAIXA 130L COM BERÇO;2 C a 8 C;559870;SP;A7587;00019200000013416197;Rodoviário;17/07/2026 04:54;17/07/2026 10:18;17/07/2026 04:54;20/07/2026 14:05
CAIXA 130L;CAIXA 130L COM BERÇO;2 C a 8 C;559870;SP;A7578;00019200000013416200;Rodoviário;17/07/2026 04:54;17/07/2026 10:18;17/07/2026 04:54;20/07/2026 14:10
CAIXA 130L;CAIXA 130L COM BERÇO;2 C a 8 C;559870;SP;A3997;00019200000013416219;Rodoviário;17/07/2026 04:54;17/07/2026 10:18;17/07/2026 04:54;20/07/2026 14:10
CAIXA 130L;CAIXA 130L COM BERÇO;2 C a 8 C;559870;SP;A0117;00019200000013416227;Rodoviário;17/07/2026 04:54;17/07/2026 10:18;17/07/2026 04:54;20/07/2026 14:10
CAIXA 130L;CAIXA 130L COM BERÇO;2 C a 8 C;559870;SP;A4256;00019200000013416235;Rodoviário;17/07/2026 04:54;17/07/2026 10:18;17/07/2026 04:54;20/07/2026 14:10
CAIXA 130L;CAIXA 130L COM BERÇO;2 C a 8 C;559870;SP;TA0888;00019200000013416243;Rodoviário;17/07/2026 04:54;17/07/2026 10:18;17/07/2026 04:54;20/07/2026 14:10
CAIXA 130L;CAIXA 130L COM BERÇO;2 C a 8 C;559870;SP;A5161;00019200000013416251;Rodoviário;17/07/2026 04:54;17/07/2026 10:18;17/07/2026 04:54;20/07/2026 14:10
CAIXA 130L;CAIXA 130L COM BERÇO;2 C a 8 C;559870;SP;A4286;00019200000013416260;Rodoviário;17/07/2026 04:54;17/07/2026 10:18;17/07/2026 04:54;20/07/2026 14:05
CAIXA 130L;CAIXA 130L COM BERÇO;2 C a 8 C;559870;SP;TA0308;00019200000013416278;Rodoviário;17/07/2026 04:54;17/07/2026 10:18;17/07/2026 04:54;20/07/2026 14:10
CAIXA 130L;CAIXA 130L COM BERÇO;2 C a 8 C;559870;SP;A3423;00019200000013416286;Rodoviário;17/07/2026 04:54;17/07/2026 10:18;17/07/2026 04:54;20/07/2026 14:10
CAIXA 130L;CAIXA 130L COM BERÇO;2 C a 8 C;559870;SP;A2945;00019200000013416294;Rodoviário;17/07/2026 04:54;17/07/2026 10:18;17/07/2026 04:54;20/07/2026 14:05
CAIXA 130L;CAIXA 130L COM BERÇO;2 C a 8 C;559870;SP;A5423;00019200000013416308;Rodoviário;17/07/2026 04:54;17/07/2026 10:18;17/07/2026 04:54;20/07/2026 14:10
CAIXA 130L;CAIXA 130L COM BERÇO;2 C a 8 C;559870;SP;TA1155;00019200000013416316;Rodoviário;17/07/2026 04:54;17/07/2026 10:18;17/07/2026 04:54;20/07/2026 14:10
CAIXA 130L;CAIXA 130L COM BERÇO;2 C a 8 C;559870;SP;A3530;00019200000013416324;Rodoviário;17/07/2026 04:54;17/07/2026 10:18;17/07/2026 10:31;17/07/2026 16:20
CAIXA 130L;CAIXA 130L COM BERÇO;2 C a 8 C;559870;SP;TA0562;00019200000013416332;Rodoviário;17/07/2026 04:54;17/07/2026 10:18;17/07/2026 10:31;17/07/2026 16:20
CAIXA 130L;CAIXA 130L COM BERÇO;2 C a 8 C;559870;SP;TA0392;00019200000013416340;Rodoviário;17/07/2026 04:54;17/07/2026 10:18;17/07/2026 04:54;20/07/2026 14:05
CAIXA 130L;CAIXA 130L COM BERÇO;2 C a 8 C;559870;SP;A4056;00019200000013416359;Rodoviário;17/07/2026 04:54;17/07/2026 10:18;17/07/2026 04:54;20/07/2026 14:05
CAIXA 130L;CAIXA 130L COM BERÇO;2 C a 8 C;559870;SP;A3380;00019200000013416367;Rodoviário;17/07/2026 04:54;17/07/2026 10:18;17/07/2026 04:54;20/07/2026 14:05
CAIXA 130L;CAIXA 130L COM BERÇO;2 C a 8 C;559870;SP;A8755;00019200000013416375;Rodoviário;17/07/2026 04:54;17/07/2026 10:18;17/07/2026 04:54;20/07/2026 14:05
CAIXA 130L;CAIXA 130L COM BERÇO;2 C a 8 C;559870;SP;A1596;00019200000013416383;Rodoviário;17/07/2026 04:54;17/07/2026 10:18;17/07/2026 10:31;17/07/2026 16:20
CAIXA 130L;CAIXA 130L COM BERÇO;2 C a 8 C;559870;SP;A3156;00019200000013416391;Rodoviário;17/07/2026 04:54;17/07/2026 10:18;17/07/2026 04:54;20/07/2026 14:05
CAIXA 130L;CAIXA 130L COM BERÇO;2 C a 8 C;559870;SP;TA0556;00019200000013416405;Rodoviário;17/07/2026 04:54;17/07/2026 10:18;17/07/2026 10:31;17/07/2026 16:20
CAIXA 130L;CAIXA 130L COM BERÇO;2 C a 8 C;559870;SP;TA0914;00019200000013416413;Rodoviário;17/07/2026 04:54;17/07/2026 10:18;17/07/2026 10:31;17/07/2026 16:20
CAIXA 130L;CAIXA 130L COM BERÇO;2 C a 8 C;559870;SP;TA1229;00019200000013416421;Rodoviário;17/07/2026 04:54;17/07/2026 10:18;17/07/2026 04:54;20/07/2026 14:05
CAIXA 130L;CAIXA 130L COM BERÇO;2 C a 8 C;559870;SP;A4274;00019200000013416430;Rodoviário;17/07/2026 04:54;17/07/2026 10:18;17/07/2026 04:54;20/07/2026 14:10
CAIXA 130L;CAIXA 130L COM BERÇO;2 C a 8 C;559870;SP;A1252;00019200000013416448;Rodoviário;17/07/2026 04:54;17/07/2026 10:18;17/07/2026 10:31;17/07/2026 16:20
CAIXA 130L;CAIXA 130L COM BERÇO;2 C a 8 C;559870;SP;A3322;00019200000013416456;Rodoviário;17/07/2026 04:54;17/07/2026 10:18;17/07/2026 10:31;17/07/2026 16:20
CAIXA 130L;CAIXA 130L COM BERÇO;2 C a 8 C;559870;SP;A3461;00019200000013416464;Rodoviário;17/07/2026 04:54;17/07/2026 10:18;17/07/2026 10:31;17/07/2026 16:20
CAIXA 130L;CAIXA 130L COM BERÇO;2 C a 8 C;559870;SP;A3659;00019200000013416472;Rodoviário;17/07/2026 04:54;17/07/2026 10:18;17/07/2026 10:31;17/07/2026 16:20
CAIXA 130L;CAIXA 130L COM BERÇO;2 C a 8 C;559870;SP;A2655;00019200000013416480;Rodoviário;17/07/2026 04:54;17/07/2026 10:18;17/07/2026 10:31;17/07/2026 16:20
CAIXA 130L;CAIXA 130L COM BERÇO;2 C a 8 C;559870;SP;A4181;00019200000013416499;Rodoviário;17/07/2026 04:54;17/07/2026 10:18;17/07/2026 10:31;17/07/2026 16:20
CAIXA 130L;CAIXA 130L COM BERÇO;2 C a 8 C;559870;SP;TA0770;00019200000013416502;Rodoviário;17/07/2026 04:54;17/07/2026 10:18;17/07/2026 04:54;20/07/2026 14:05
CAIXA 130L;CAIXA 130L COM BERÇO;2 C a 8 C;559870;SP;A3957;00019200000013416596;Rodoviário;17/07/2026 04:54;17/07/2026 10:18;17/07/2026 04:54;20/07/2026 14:05
CAIXA 130L;CAIXA 130L COM BERÇO;2 C a 8 C;559870;SP;TA0244;00019200000013416600;Rodoviário;17/07/2026 04:54;17/07/2026 10:18;17/07/2026 04:54;20/07/2026 14:10
CAIXA 130L;CAIXA 130L COM BERÇO;2 C a 8 C;559870;SP;A1602;00019200000013416618;Rodoviário;17/07/2026 04:54;17/07/2026 10:18;17/07/2026 04:54;20/07/2026 14:10
CAIXA 130L;CAIXA 130L COM BERÇO;2 C a 8 C;559870;SP;TA1046;00019200000013416626;Rodoviário;17/07/2026 04:54;17/07/2026 10:18;17/07/2026 04:54;20/07/2026 14:10
CAIXA 130L;CAIXA 130L COM BERÇO;2 C a 8 C;559870;SP;A5379;00019200000013416634;Rodoviário;17/07/2026 04:54;17/07/2026 10:18;17/07/2026 04:54;20/07/2026 14:10
CAIXA 130L;CAIXA 130L COM BERÇO;2 C a 8 C;559870;SP;A4459;00019200000013416642;Rodoviário;17/07/2026 04:54;17/07/2026 10:18;17/07/2026 04:54;20/07/2026 14:10
CAIXA 130L;CAIXA 130L COM BERÇO;2 C a 8 C;559870;SP;A5261;00019200000013416650;Rodoviário;17/07/2026 04:54;17/07/2026 10:18;17/07/2026 04:54;20/07/2026 14:10
CAIXA 130L;CAIXA 130L COM BERÇO;2 C a 8 C;559870;SP;A3554;00019200000013416669;Rodoviário;17/07/2026 04:54;17/07/2026 10:18;17/07/2026 04:54;20/07/2026 14:10
CAIXA 130L;CAIXA 130L COM BERÇO;2 C a 8 C;559870;SP;A3766;00019200000013416677;Rodoviário;17/07/2026 04:54;17/07/2026 10:18;17/07/2026 04:54;20/07/2026 14:05
CAIXA 130L;CAIXA 130L COM BERÇO;2 C a 8 C;559870;SP;TA0529;00019200000013416685;Rodoviário;17/07/2026 04:54;17/07/2026 10:18;17/07/2026 04:54;20/07/2026 14:05
CAIXA 130L;CAIXA 130L COM BERÇO;2 C a 8 C;559870;SP;A4797;00019200000013416693;Rodoviário;17/07/2026 04:54;17/07/2026 10:18;17/07/2026 04:54;20/07/2026 14:05
CAIXA 130L;CAIXA 130L COM BERÇO;2 C a 8 C;559870;SP;A4573;00019200000013416707;Rodoviário;17/07/2026 04:54;17/07/2026 10:18;17/07/2026 04:54;20/07/2026 14:10
CAIXA 130L;CAIXA 130L COM BERÇO;2 C a 8 C;559870;SP;TA1136;00019200000013416715;Rodoviário;17/07/2026 04:54;17/07/2026 10:18;17/07/2026 04:54;20/07/2026 14:10
CAIXA 130L;CAIXA 130L COM BERÇO;2 C a 8 C;559870;SP;TA0267;00019200000013416723;Rodoviário;17/07/2026 04:54;17/07/2026 10:18;17/07/2026 04:54;20/07/2026 14:05
CAIXA 130L;CAIXA 130L COM BERÇO;2 C a 8 C;559870;SP;A5230;00019200000013416731;Rodoviário;17/07/2026 04:54;17/07/2026 10:18;17/07/2026 04:54;20/07/2026 14:05
CAIXA 130L;CAIXA 130L COM BERÇO;2 C a 8 C;559870;SP;A5714;00019200000013416740;Rodoviário;17/07/2026 04:54;17/07/2026 10:18;17/07/2026 04:54;20/07/2026 14:05
CAIXA 130L;CAIXA 130L COM BERÇO;2 C a 8 C;559870;SP;A5386;00019200000013416758;Rodoviário;17/07/2026 04:54;17/07/2026 10:18;17/07/2026 04:54;20/07/2026 14:10
CAIXA 130L;CAIXA 130L COM BERÇO;2 C a 8 C;559870;SP;TA0367;00019200000013416766;Rodoviário;17/07/2026 04:54;17/07/2026 10:18;17/07/2026 04:54;20/07/2026 14:10
CAIXA 130L;CAIXA 130L COM BERÇO;2 C a 8 C;559870;SP;TA0767;00019200000013416774;Rodoviário;17/07/2026 04:54;17/07/2026 10:18;17/07/2026 04:54;20/07/2026 14:10
CAIXA 130L;CAIXA 130L COM BERÇO;2 C a 8 C;559870;SP;A4577;00019200000013416782;Rodoviário;17/07/2026 04:54;17/07/2026 10:18;17/07/2026 10:31;17/07/2026 16:20
CAIXA 130L;CAIXA 130L COM BERÇO;2 C a 8 C;559870;SP;A5397;00019200000013416790;Rodoviário;17/07/2026 04:54;17/07/2026 10:18;17/07/2026 04:54;20/07/2026 14:10
CAIXA 130L;CAIXA 130L COM BERÇO;2 C a 8 C;559870;SP;A3419;00019200000013416804;Rodoviário;17/07/2026 04:54;17/07/2026 10:18;17/07/2026 10:31;17/07/2026 16:20
CAIXA 130L;CAIXA 130L COM BERÇO;2 C a 8 C;559870;SP;A4454;00019200000013416812;Rodoviário;17/07/2026 04:54;17/07/2026 10:18;17/07/2026 04:54;20/07/2026 14:05
CAIXA 130L;CAIXA 130L COM BERÇO;2 C a 8 C;559870;SP;A2431;00019200000013416820;Rodoviário;17/07/2026 04:54;17/07/2026 10:18;17/07/2026 04:54;20/07/2026 14:05
CAIXA 130L;CAIXA 130L COM BERÇO;2 C a 8 C;559870;SP;TA0299;00019200000013416839;Rodoviário;17/07/2026 04:54;17/07/2026 10:18;17/07/2026 04:54;20/07/2026 14:10
CAIXA 130L;CAIXA 130L COM BERÇO;2 C a 8 C;559870;SP;A5304;00019200000013416847;Rodoviário;17/07/2026 04:54;17/07/2026 10:18;17/07/2026 04:54;20/07/2026 14:10
CAIXA 130L;CAIXA 130L COM BERÇO;2 C a 8 C;559870;SP;TA1236;00019200000013416855;Rodoviário;17/07/2026 04:54;17/07/2026 10:18;17/07/2026 10:31;17/07/2026 16:20
CAIXA 130L;CAIXA 130L COM BERÇO;2 C a 8 C;559870;SP;TA1248;00019200000013416863;Rodoviário;17/07/2026 04:54;17/07/2026 10:18;17/07/2026 04:54;20/07/2026 14:10
CAIXA 130L;CAIXA 130L COM BERÇO;2 C a 8 C;559870;SP;A0623;00019200000013416871;Rodoviário;17/07/2026 04:54;17/07/2026 10:18;17/07/2026 10:31;17/07/2026 16:20
CAIXA 130L;CAIXA 130L COM BERÇO;2 C a 8 C;559870;SP;A8820;00019200000013416880;Rodoviário;17/07/2026 04:54;17/07/2026 10:18;17/07/2026 10:31;17/07/2026 16:20
CAIXA 130L;CAIXA 130L COM BERÇO;2 C a 8 C;559870;SP;TA0350;00019200000013416898;Rodoviário;17/07/2026 04:54;17/07/2026 10:18;17/07/2026 10:31;17/07/2026 16:20
CAIXA 130L;CAIXA 130L COM BERÇO;2 C a 8 C;559870;SP;A4365;00019200000013416901;Rodoviário;17/07/2026 04:54;17/07/2026 10:18;17/07/2026 04:54;20/07/2026 14:10
CAIXA 130L;CAIXA 130L COM BERÇO;2 C a 8 C;559870;SP;A8114;00019200000013416910;Rodoviário;17/07/2026 04:54;17/07/2026 10:18;17/07/2026 10:31;17/07/2026 16:20
CAIXA 130L;CAIXA 130L COM BERÇO;2 C a 8 C;559870;SP;A5391;00019200000013416928;Rodoviário;17/07/2026 04:54;17/07/2026 10:18;17/07/2026 04:54;20/07/2026 14:10
CAIXA 130L;CAIXA 130L COM BERÇO;2 C a 8 C;559870;SP;A5034;00019200000013416936;Rodoviário;17/07/2026 04:54;17/07/2026 10:18;17/07/2026 10:31;17/07/2026 16:20
CAIXA 130L;CAIXA 130L COM BERÇO;2 C a 8 C;559870;SP;TA0684;00019200000013416944;Rodoviário;17/07/2026 04:54;17/07/2026 10:18;17/07/2026 04:54;20/07/2026 14:10
CAIXA 130L;CAIXA 130L COM BERÇO;2 C a 8 C;559870;SP;A5999;00019200000013416952;Rodoviário;17/07/2026 04:54;17/07/2026 10:18;17/07/2026 10:31;17/07/2026 16:20
CAIXA 130L;CAIXA 130L COM BERÇO;2 C a 8 C;559870;SP;A5071;00019200000013416960;Rodoviário;17/07/2026 04:54;17/07/2026 10:18;17/07/2026 10:31;17/07/2026 16:20
CAIXA 130L;CAIXA 130L COM BERÇO;2 C a 8 C;559870;SP;TA0231;00019200000013416979;Rodoviário;17/07/2026 04:54;17/07/2026 10:18;17/07/2026 04:54;20/07/2026 14:10
CAIXA 130L;CAIXA 130L COM BERÇO;2 C a 8 C;559870;SP;A4403;00019200000013416987;Rodoviário;17/07/2026 04:54;17/07/2026 10:18;17/07/2026 10:31;17/07/2026 16:20
CAIXA 130L;CAIXA 130L COM BERÇO;2 C a 8 C;559870;SP;A8787;00019200000013416995;Rodoviário;17/07/2026 04:54;17/07/2026 10:18;17/07/2026 10:31;17/07/2026 16:20
CAIXA 130L;CAIXA 130L COM BERÇO;2 C a 8 C;559870;SP;A1980;00019200000013417002;Rodoviário;17/07/2026 04:54;17/07/2026 10:18;17/07/2026 10:31;17/07/2026 16:20
CAIXA 130L;CAIXA 130L COM BERÇO;2 C a 8 C;559870;SP;A2649;00019200000013417010;Rodoviário;17/07/2026 04:54;17/07/2026 10:18;17/07/2026 04:54;20/07/2026 14:05
CAIXA 130L;CAIXA 130L COM BERÇO;2 C a 8 C;559870;SP;TA1078;00019200000013417029;Rodoviário;17/07/2026 04:54;17/07/2026 10:18;17/07/2026 10:31;17/07/2026 16:20
CAIXA 130L;CAIXA 130L COM BERÇO;2 C a 8 C;559870;SP;A7472;00019200000013417037;Rodoviário;17/07/2026 04:54;17/07/2026 10:18;17/07/2026 10:31;17/07/2026 16:20
CAIXA 130L;CAIXA 130L COM BERÇO;2 C a 8 C;559870;SP;A0438;00019200000013417045;Rodoviário;17/07/2026 04:54;17/07/2026 10:18;17/07/2026 10:31;17/07/2026 16:20
CAIXA 130L;CAIXA 130L COM BERÇO;2 C a 8 C;559870;SP;A5414;00019200000013417053;Rodoviário;17/07/2026 04:54;17/07/2026 10:18;17/07/2026 04:54;20/07/2026 14:05
CAIXA 130L;CAIXA 130L COM BERÇO;2 C a 8 C;559870;SP;TA0761;00019200000013417061;Rodoviário;17/07/2026 04:54;17/07/2026 10:18;17/07/2026 10:31;17/07/2026 16:20
CAIXA 130L;CAIXA 130L COM BERÇO;2 C a 8 C;559871;SP;TA0420;00019200000013419501;Rodoviário;08/07/2026 04:58;08/07/2026 16:42;08/07/2026 04:58;08/07/2026 16:42
CAIXA 130L;CAIXA 130L COM BERÇO;2 C a 8 C;559890;SP;A2077;00019200000013419641;Rodoviário;08/07/2026 03:08;08/07/2026 10:44;08/07/2026 03:08;08/07/2026 10:44
CAIXA 130L;CAIXA 130L COM BERÇO;2 C a 8 C;559989;SP;A2173;00019200000013419234;Rodoviário;08/07/2026 03:22;08/07/2026 10:29;08/07/2026 03:22;08/07/2026 10:29
CAIXA 130L;CAIXA 130L COM BERÇO;2 C a 8 C;560124;SP;A8866;00019200000013414305;Rodoviário;08/07/2026 02:22;08/07/2026 14:12;08/07/2026 02:22;08/07/2026 14:12
CAIXA 130L;CAIXA 130L COM BERÇO;2 C a 8 C;560146;SP;A6229;00019200000013416529;Rodoviário;08/07/2026 04:40;08/07/2026 15:32;08/07/2026 04:40;08/07/2026 15:32
CAIXA 130L;CAIXA 130L COM BERÇO;2 C a 8 C;562493;SP;A8939;00019200000013729802;Rodoviário;29/07/2026 00:55;29/07/2026 09:11;29/07/2026 00:55;29/07/2026 09:11
CAIXA 130L;CAIXA 130L COM BERÇO;2 C a 8 C;560456;TO;A9379;00019200000013441868;MultiModal;14/07/2026 22:51;16/07/2026 11:00;14/07/2026 22:51;16/07/2026 11:00
CAIXA 130L;CAIXA 130L COM BERÇO;2 C a 8 C;560456;TO;TA0385;00019200000013441876;MultiModal;14/07/2026 22:51;16/07/2026 11:00;14/07/2026 22:51;16/07/2026 11:00
CAIXA 130L;CAIXA 130L COM BERÇO;2 C a 8 C;560456;TO;TA1127;00019200000013441884;MultiModal;14/07/2026 22:51;16/07/2026 11:00;14/07/2026 22:51;16/07/2026 11:00
CAIXA 130L;CAIXA 130L COM BERÇO;2 C a 25 C;560646;TO;A8199;00019200000013474812;MultiModal;20/07/2026 04:21;21/07/2026 14:00;20/07/2026 04:21;21/07/2026 14:00
CAIXA 130L;CAIXA 130L COM BERÇO;2 C a 25 C;560646;TO;TA0365;00019200000013474820;MultiModal;20/07/2026 04:21;21/07/2026 14:00;20/07/2026 04:21;21/07/2026 14:00
CAIXA 130L;CAIXA 130L COM BERÇO;2 C a 25 C;560646;TO;A7003;00019200000013474839;MultiModal;20/07/2026 04:21;21/07/2026 14:00;20/07/2026 04:21;21/07/2026 14:00
CAIXA 130L;CAIXA 130L COM BERÇO;2 C a 8 C;560646;TO;A9257;00019200000013474847;MultiModal;20/07/2026 04:21;21/07/2026 14:00;20/07/2026 04:21;21/07/2026 14:00
CAIXA 130L;CAIXA 130L COM BERÇO;2 C a 8 C;560646;TO;A9581;00019200000013474855;MultiModal;20/07/2026 04:21;21/07/2026 14:00;20/07/2026 04:21;21/07/2026 14:00
CAIXA 130L;CAIXA 130L COM BERÇO;2 C a 8 C;560646;TO;A6541;00019200000013474863;MultiModal;20/07/2026 04:21;21/07/2026 14:00;20/07/2026 04:21;21/07/2026 14:00
CAIXA 130L;CAIXA 130L COM BERÇO;2 C a 8 C;560646;TO;A7481;00019200000013474871;MultiModal;20/07/2026 04:21;21/07/2026 14:00;20/07/2026 04:21;21/07/2026 14:00
CAIXA 130L;CAIXA 130L COM BERÇO;2 C a 8 C;560646;TO;A9223;00019200000013474880;MultiModal;20/07/2026 04:21;21/07/2026 14:00;20/07/2026 04:21;21/07/2026 14:00
CAIXA 130L;CAIXA 130L COM BERÇO;2 C a 8 C;560646;TO;A8280;00019200000013474898;MultiModal;20/07/2026 04:21;21/07/2026 14:00;20/07/2026 04:21;21/07/2026 14:00
CAIXA 130L;CAIXA 130L COM BERÇO;2 C a 8 C;560646;TO;A5421;00019200000013474901;MultiModal;20/07/2026 04:21;21/07/2026 14:00;20/07/2026 04:21;21/07/2026 14:00
CAIXA 130L;CAIXA 130L COM BERÇO;2 C a 8 C;560646;TO;A8070;00019200000013474910;MultiModal;20/07/2026 04:21;21/07/2026 14:00;20/07/2026 04:21;21/07/2026 14:00
CAIXA 130L;CAIXA 130L COM BERÇO;2 C a 8 C;560646;TO;A6653;00019200000013474928;MultiModal;20/07/2026 04:21;21/07/2026 14:00;20/07/2026 04:21;21/07/2026 14:00
CAIXA 130L;CAIXA 130L COM BERÇO;2 C a 8 C;560648;TO;TA0330;00019200000013475045;MultiModal;19/07/2026 02:09;20/07/2026 11:41;19/07/2026 02:09;20/07/2026 11:41
CAIXA 130L;CAIXA 130L COM BERÇO;2 C a 8 C;560648;TO;A6765;00019200000013475053;MultiModal;19/07/2026 02:09;20/07/2026 11:41;19/07/2026 02:09;20/07/2026 11:41
CAIXA 130L;CAIXA 130L COM BERÇO;2 C a 8 C;560648;TO;A8131;00019200000013475061;MultiModal;19/07/2026 02:09;20/07/2026 11:41;19/07/2026 02:09;20/07/2026 11:41
CAIXA 130L;CAIXA 130L COM BERÇO;2 C a 8 C;560648;TO;A3247;00019200000013475070;MultiModal;19/07/2026 02:09;20/07/2026 11:41;19/07/2026 02:09;20/07/2026 11:41
CAIXA 130L;CAIXA 130L COM BERÇO;2 C a 8 C;560648;TO;A7438;00019200000013475088;MultiModal;19/07/2026 02:09;20/07/2026 11:41;19/07/2026 02:09;20/07/2026 11:41
CAIXA 130L;CAIXA 130L COM BERÇO;2 C a 8 C;560648;TO;A4998;00019200000013475096;MultiModal;19/07/2026 02:09;20/07/2026 11:41;19/07/2026 02:09;20/07/2026 11:41
CAIXA 130L;CAIXA 130L COM BERÇO;2 C a 8 C;560648;TO;A6276;00019200000013475100;MultiModal;19/07/2026 02:09;20/07/2026 11:41;19/07/2026 02:09;20/07/2026 11:41
CAIXA 130L;CAIXA 130L COM BERÇO;2 C a 8 C;560648;TO;TA0002;00019200000013475126;MultiModal;19/07/2026 02:09;20/07/2026 11:41;19/07/2026 02:09;20/07/2026 11:41
CAIXA 130L;CAIXA 130L COM BERÇO;2 C a 8 C;560648;TO;A0020;00019200000013475134;MultiModal;19/07/2026 02:09;20/07/2026 11:41;19/07/2026 02:09;20/07/2026 11:41
CAIXA 130L;CAIXA 130L COM BERÇO;2 C a 8 C;560648;TO;A7294;00019200000013475142;MultiModal;19/07/2026 02:09;20/07/2026 11:41;19/07/2026 02:09;20/07/2026 11:41
CAIXA 130L;CAIXA 130L COM BERÇO;2 C a 8 C;560648;TO;A8139;00019200000013475150;MultiModal;19/07/2026 02:09;20/07/2026 11:41;19/07/2026 02:09;20/07/2026 11:41
CAIXA 130L;CAIXA 130L COM BERÇO;2 C a 8 C;560648;TO;A3004;00019200000013475169;MultiModal;19/07/2026 02:09;20/07/2026 11:41;19/07/2026 02:09;20/07/2026 11:41
CAIXA 130L;CAIXA 130L COM BERÇO;2 C a 8 C;560648;TO;A8051;00019200000013475177;MultiModal;19/07/2026 02:09;20/07/2026 11:41;19/07/2026 02:09;20/07/2026 11:41
CAIXA 130L;CAIXA 130L COM BERÇO;2 C a 8 C;560648;TO;A6093;00019200000013475185;MultiModal;19/07/2026 02:09;20/07/2026 11:41;19/07/2026 02:09;20/07/2026 11:41
CAIXA 130L;CAIXA 130L COM BERÇO;2 C a 8 C;560648;TO;A5439;00019200000013475193;MultiModal;19/07/2026 02:09;20/07/2026 11:41;19/07/2026 02:09;20/07/2026 11:41
CAIXA 130L;CAIXA 130L COM BERÇO;2 C a 8 C;560648;TO;A9710;00019200000013475274;MultiModal;19/07/2026 02:09;20/07/2026 11:41;19/07/2026 02:09;20/07/2026 11:41
