Caixa;Tipo de caixa;Tipo térmico;Pedido;UF;Logger;LPN;MODAL;Data da coleta;Data da entrega;CHEGADA CLIENTE;COLETA EMBARQUE;ENTREGA EMBARQUE
CAIXA 33L + FRACAO 33L;FRAÇÃO 33L;2 C a 8 C;560742;AC;A9639;00019200000013445731;MultiModal;13/07/2026 23:15;20/07/2026 13:17;-;13/07/2026 23:15;20/07/2026 13:17
CAIXA 33L + FRACAO 33L;FRAÇÃO 33L;2 C a 8 C;560781;AC;A6242;00019200000013778196;MultiModal;28/07/2026 00:46;31/07/2026 16:30;-;28/07/2026 00:46;31/07/2026 16:30
CAIXA 33L + FRACAO 33L;FRAÇÃO 33L;2 C a 8 C;560808;AC;A7249;00019200000013441574;MultiModal;14/07/2026 22:53;21/07/2026 15:00;-;14/07/2026 22:53;21/07/2026 15:00
CAIXA 33L + FRACAO 33L;FRAÇÃO 33L;2 C a 8 C;560839;AC;A6520;00019200000013445774;MultiModal;13/07/2026 23:14;20/07/2026 18:00;-;13/07/2026 23:14;20/07/2026 18:00
CAIXA 33L + FRACAO 33L;FRAÇÃO 33L;2 C a 8 C;561259;AC;A0986;00019200000013465767;MultiModal;21/07/2026 23:55;25/07/2026 11:30;-;21/07/2026 23:55;25/07/2026 11:30
CAIXA 33L + FRACAO 33L;FRAÇÃO 33L;2 C a 8 C;561485;AC;A0902;00019200000013472640;MultiModal;20/07/2026 23:43;24/07/2026 17:52;-;20/07/2026 23:43;24/07/2026 17:52
CAIXA 33L + FRACAO 33L;FRAÇÃO 33L;2 C a 8 C;562604;AC;A4919;00019200000013821539;MultiModal;29/07/2026 11:34;31/07/2026 15:22;-;29/07/2026 11:34;31/07/2026 15:22
CAIXA 33L + FRACAO 33L;FRAÇÃO 33L;2 C a 8 C;562865;AC;A5559;00019200000013823647;MultiModal;03/08/2026 00:00;06/08/2026 14:00;-;03/08/2026 00:00;06/08/2026 14:00
CAIXA 33L + FRACAO 33L;FRAÇÃO 33L;2 C a 8 C;562900;AC;A6467;00019200000013823264;MultiModal;03/08/2026 00:00;06/08/2026 14:00;-;03/08/2026 00:00;06/08/2026 14:00
CAIXA 33L + FRACAO 33L;FRAÇÃO 33L;2 C a 8 C;563239;AC;A3103;00019200000013860992;MultiModal;10/08/2026 00:22;14/08/2026 14:00;-;10/08/2026 00:22;14/08/2026 14:00
CAIXA 33L + FRACAO 33L;FRAÇÃO 33L;2 C a 8 C;563425;AC;A6732;00019200000013871625;MultiModal;18/08/2026 22:55;24/08/2026 10:25;-;18/08/2026 22:55;24/08/2026 10:25
CAIXA 33L + FRACAO 33L;FRAÇÃO 33L;2 C a 8 C;564263;AC;A5190;00019200000013868187;MultiModal;13/08/2026 04:41;17/08/2026 10:00;-;13/08/2026 04:41;17/08/2026 10:00
CAIXA 33L + FRACAO 33L;FRAÇÃO 33L;2 C a 8 C;565788;AC;TA0521;00019200000014028441;MultiModal;24/08/2026 23:09;27/08/2026 11:00;-;24/08/2026 23:09;27/08/2026 11:00
CAIXA 33L + FRACAO 33L;CAIXA 33L GELO PCM;2 C a 8 C;566115;AC;A6971;00019200000014058855;MultiModal;29/08/2026 23:33;02/09/2026 15:17;-;29/08/2026 23:33;02/09/2026 15:17
CAIXA 33L + FRACAO 33L;FRAÇÃO 33L;2 C a 8 C;566728;AC;TA0045;00019200000014186705;MultiModal;01/09/2026 22:42;-;-;01/09/2026 22:42;-
CAIXA 33L + FRACAO 33L;FRAÇÃO 33L;2 C a 8 C;558731;AL;A7723;00019200000013244957;MultiModal;01/07/2026 04:24;02/07/2026 14:55;-;01/07/2026 04:24;02/07/2026 14:55
CAIXA 33L + FRACAO 33L;FRAÇÃO 33L;2 C a 8 C;561489;AL;A8281;00019200000013477463;MultiModal;20/07/2026 06:00;21/07/2026 14:05;-;20/07/2026 06:00;21/07/2026 14:05
CAIXA 33L + FRACAO 33L;CAIXA 33L COM BERÇO S/GELO;2 C a 8 C;561604;AL;A4041;00019200000013465791;MultiModal;22/07/2026 03:47;23/07/2026 17:06;-;22/07/2026 03:47;23/07/2026 17:06
CAIXA 33L + FRACAO 33L;FRAÇÃO 33L;2 C a 8 C;561638;AL;A7494;00019200000013462792;MultiModal;23/07/2026 16:19;24/07/2026 12:00;-;23/07/2026 16:19;24/07/2026 12:00
CAIXA 33L + FRACAO 33L;FRAÇÃO 33L;2 C a 8 C;561684;AL;A5930;00019200000013467166;MultiModal;21/07/2026 04:14;22/07/2026 14:00;-;21/07/2026 04:14;22/07/2026 14:00
CAIXA 33L + FRACAO 33L;FRAÇÃO 33L;2 C a 8 C;561863;AL;A8054;00019200000013456776;MultiModal;23/07/2026 05:55;24/07/2026 14:46;-;23/07/2026 05:55;24/07/2026 14:46
CAIXA 33L + FRACAO 33L;FRAÇÃO 33L;2 C a 8 C;562156;AL;A6628;00019200000013462741;MultiModal;26/07/2026 03:52;28/07/2026 14:00;-;26/07/2026 03:52;28/07/2026 14:00
CAIXA 33L + FRACAO 33L;FRAÇÃO 33L;2 C a 8 C;562542;AL;A8952;00019200000013824244;MultiModal;03/08/2026 03:38;04/08/2026 14:49;-;03/08/2026 03:38;04/08/2026 14:49
CAIXA 33L + FRACAO 33L;FRAÇÃO 33L;2 C a 8 C;562582;AL;A7498;00019200000013820850;MultiModal;30/07/2026 00:09;31/07/2026 10:50;-;30/07/2026 00:09;31/07/2026 10:50
CAIXA 33L + FRACAO 33L;FRAÇÃO 33L;2 C a 8 C;562674;AL;A7619;00019200000013820486;MultiModal;01/08/2026 15:37;03/08/2026 15:21;-;01/08/2026 15:37;03/08/2026 15:21
CAIXA 33L + FRACAO 33L;FRAÇÃO 33L;2 C a 8 C;563146;AL;A8192;00019200000013776665;MultiModal;04/08/2026 23:17;06/08/2026 13:13;06/08/2026 16:11;04/08/2026 23:17;06/08/2026 16:27
CAIXA 33L + FRACAO 33L;FRAÇÃO 33L;2 C a 8 C;563243;AL;A6931;00019200000013861190;MultiModal;10/08/2026 05:09;11/08/2026 12:00;-;10/08/2026 05:09;11/08/2026 12:00
CAIXA 33L + FRACAO 33L;FRAÇÃO 33L;2 C a 8 C;563413;AL;A9107;00019200000013871510;MultiModal;06/08/2026 03:28;07/08/2026 16:51;-;06/08/2026 03:28;07/08/2026 16:51
CAIXA 33L + FRACAO 33L;FRAÇÃO 33L;2 C a 8 C;563426;AL;A1657;00019200000013871714;MultiModal;06/08/2026 03:28;07/08/2026 16:27;-;06/08/2026 03:28;07/08/2026 16:27
CAIXA 33L + FRACAO 33L;FRAÇÃO 33L;2 C a 8 C;564344;AL;A1377;00019200000013974823;MultiModal;15/08/2026 23:29;18/08/2026 14:00;-;15/08/2026 23:29;18/08/2026 14:00
CAIXA 33L + FRACAO 33L;FRAÇÃO 33L;2 C a 8 C;564394;AL;A8533;00019200000013984861;MultiModal;15/08/2026 23:30;17/08/2026 15:40;-;15/08/2026 23:30;17/08/2026 15:40
CAIXA 33L + FRACAO 33L;FRAÇÃO 33L;2 C a 8 C;564407;AL;A0094;00019200000013984853;MultiModal;15/08/2026 23:29;17/08/2026 15:37;-;15/08/2026 23:29;17/08/2026 15:37
CAIXA 33L + FRACAO 33L;FRAÇÃO 33L;2 C a 8 C;564411;AL;A5599;00019200000013972693;MultiModal;16/08/2026 01:05;17/08/2026 15:38;-;16/08/2026 01:05;17/08/2026 15:38
CAIXA 33L + FRACAO 33L;FRAÇÃO 33L;2 C a 8 C;564468;AL;A1044;00019200000013972910;MultiModal;15/08/2026 23:30;17/08/2026 14:00;-;15/08/2026 23:30;17/08/2026 14:00
CAIXA 33L + FRACAO 33L;FRAÇÃO 33L;2 C a 8 C;564684;AL;A8379;00019200000013998676;MultiModal;19/08/2026 23:21;21/08/2026 10:52;-;19/08/2026 23:21;21/08/2026 10:52
CAIXA 33L + FRACAO 33L;FRAÇÃO 33L;2 C a 8 C;565127;AL;A6649;00019200000013998544;MultiModal;19/08/2026 03:14;20/08/2026 14:08;-;19/08/2026 03:14;20/08/2026 14:08
CAIXA 33L + FRACAO 33L;FRAÇÃO 33L;2 C a 8 C;565614;AL;A4475;00019200000014044374;MultiModal;24/08/2026 05:25;25/08/2026 15:25;-;24/08/2026 05:25;25/08/2026 15:25
CAIXA 33L + FRACAO 33L;CAIXA 33L GELO PCM;2 C a 8 C;565791;AL;A7672;00019200000014028450;MultiModal;31/08/2026 02:18;01/09/2026 13:44;-;31/08/2026 02:18;01/09/2026 13:44
CAIXA 33L + FRACAO 33L;FRAÇÃO 33L;2 C a 8 C;565967;AL;A5050;00019200000014019612;MultiModal;26/08/2026 01:44;28/08/2026 15:49;-;26/08/2026 01:44;28/08/2026 15:49
CAIXA 33L + FRACAO 33L;FRAÇÃO 33L;2 C a 8 C;566084;AL;TA1176;00019200000014037190;MultiModal;27/08/2026 03:20;28/08/2026 15:50;28/08/2026 15:50;27/08/2026 03:20;28/08/2026 16:05
CAIXA 33L + FRACAO 33L;FRAÇÃO 33L;2 C a 8 C;566126;AL;A4178;00019200000014015498;MultiModal;27/08/2026 03:21;28/08/2026 15:38;-;27/08/2026 03:21;28/08/2026 15:38
CAIXA 33L + FRACAO 33L;FRAÇÃO 33L;2 C a 8 C;566129;AL;A5715;00019200000014015471;MultiModal;27/08/2026 03:20;31/08/2026 14:00;-;27/08/2026 03:20;31/08/2026 14:00
CAIXA 33L + FRACAO 33L;FRAÇÃO 33L;2 C a 8 C;566153;AL;A2926;00019200000014015420;MultiModal;27/08/2026 03:20;28/08/2026 14:21;28/08/2026 14:21;27/08/2026 03:20;28/08/2026 15:13
CAIXA 33L + FRACAO 33L;FRAÇÃO 33L;2 C a 8 C;566475;AL;A7637;00019200000014148951;MultiModal;31/08/2026 22:56;02/09/2026 14:35;-;31/08/2026 22:56;02/09/2026 14:35
CAIXA 33L + FRACAO 33L;FRAÇÃO 33L;2 C a 8 C;566573;AL;A6727;00019200000014152320;MultiModal;31/08/2026 22:56;02/09/2026 14:00;-;31/08/2026 22:56;02/09/2026 14:00
CAIXA 33L + FRACAO 33L;FRAÇÃO 33L;2 C a 8 C;566584;AL;A8694;00019200000014149168;MultiModal;31/08/2026 22:56;02/09/2026 14:54;-;31/08/2026 22:56;02/09/2026 14:54
CAIXA 33L + FRACAO 33L;FRAÇÃO 33L;2 C a 8 C;558240;AM;A9125;00019200000013423142;MultiModal;05/07/2026 23:51;07/07/2026 16:11;07/07/2026 16:11;05/07/2026 23:51;07/07/2026 16:13
CAIXA 33L + FRACAO 33L;FRAÇÃO 33L;2 C a 8 C;561257;AM;A5216;00019200000013465864;MultiModal;23/07/2026 08:07;29/07/2026 10:54;29/07/2026 20:05;23/07/2026 08:07;29/07/2026 20:07
CAIXA 33L + FRACAO 33L;FRAÇÃO 33L;2 C a 8 C;563427;AM;A2545;00019200000013870882;MultiModal;05/08/2026 22:57;07/08/2026 12:21;-;05/08/2026 22:57;07/08/2026 12:21
CAIXA 33L + FRACAO 33L;FRAÇÃO 33L;2 C a 8 C;564371;AM;A1559;00019200000013973029;MultiModal;15/08/2026 23:33;17/08/2026 17:23;17/08/2026 17:23;15/08/2026 23:33;17/08/2026 17:24
CAIXA 33L + FRACAO 33L;FRAÇÃO 33L;2 C a 8 C;564685;AM;A3217;00019200000013998854;MultiModal;19/08/2026 23:20;21/08/2026 11:32;21/08/2026 11:32;19/08/2026 23:20;21/08/2026 11:33
CAIXA 33L + FRACAO 33L;FRAÇÃO 33L;2 C a 8 C;565578;AM;A7013;00019200000013993070;MultiModal;23/08/2026 00:32;24/08/2026 14:49;24/08/2026 14:49;23/08/2026 00:32;24/08/2026 14:50
CAIXA 33L + FRACAO 33L;FRAÇÃO 33L;2 C a 8 C;565755;AM;A7038;00019200000014044323;MultiModal;23/08/2026 23:44;25/08/2026 17:13;25/08/2026 17:13;23/08/2026 23:44;25/08/2026 17:14
CAIXA 33L + FRACAO 33L;CAIXA 33L GELO PCM;2 C a 8 C;567149;AM;A5064;00019200000014195747;MultiModal;03/09/2026 03:59;-;-;03/09/2026 03:59;-
CAIXA 33L + FRACAO 33L;FRAÇÃO 33L;2 C a 8 C;558669;AP;A9688;00019200000013244990;MultiModal;01/07/2026 01:10;02/07/2026 15:30;-;01/07/2026 01:10;02/07/2026 15:30
CAIXA 33L + FRACAO 33L;FRAÇÃO 33L;2 C a 8 C;560341;AP;A5998;00019200000013410830;MultiModal;08/07/2026 23:42;10/07/2026 11:55;-;08/07/2026 23:42;10/07/2026 11:55
CAIXA 33L + FRACAO 33L;FRAÇÃO 33L;2 C a 8 C;560638;AP;TA0976;00019200000013445740;MultiModal;13/07/2026 23:32;15/07/2026 10:42;-;13/07/2026 23:32;15/07/2026 10:42
CAIXA 33L + FRACAO 33L;CAIXA 33L COM BERÇO S/GELO;2 C a 8 C;561256;AP;TA1042;00019200000013465813;MultiModal;22/07/2026 23:37;24/07/2026 10:48;-;22/07/2026 23:37;24/07/2026 10:48
CAIXA 33L + FRACAO 33L;FRAÇÃO 33L;2 C a 8 C;562676;AP;A9567;00019200000013788442;MultiModal;03/08/2026 00:01;04/08/2026 16:03;-;03/08/2026 00:01;04/08/2026 16:03
CAIXA 33L + FRACAO 33L;FRAÇÃO 33L;2 C a 8 C;563241;AP;A8674;00019200000013871250;MultiModal;10/08/2026 00:13;12/08/2026 10:17;12/08/2026 10:17;10/08/2026 00:13;12/08/2026 10:19
CAIXA 33L + FRACAO 33L;FRAÇÃO 33L;2 C a 8 C;563429;AP;A8807;00019200000013871668;MultiModal;05/08/2026 22:58;07/08/2026 11:00;-;05/08/2026 22:58;07/08/2026 11:00
CAIXA 33L + FRACAO 33L;FRAÇÃO 33L;2 C a 8 C;563711;AP;A9197;00019200000013855603;MultiModal;10/08/2026 00:15;12/08/2026 10:07;12/08/2026 10:07;10/08/2026 00:15;12/08/2026 10:09
CAIXA 33L + FRACAO 33L;FRAÇÃO 33L;2 C a 30 C;564004;AP;A1415;00019200000013861875;MultiModal;11/08/2026 23:26;13/08/2026 11:42;-;11/08/2026 23:26;13/08/2026 11:42
CAIXA 33L + FRACAO 33L;FRAÇÃO 33L;2 C a 8 C;564265;AP;A6702;00019200000013868268;MultiModal;13/08/2026 04:37;17/08/2026 16:58;-;13/08/2026 04:37;17/08/2026 16:58
CAIXA 33L + FRACAO 33L;FRAÇÃO 33L;2 C a 8 C;565793;AP;TA0872;00019200000014028476;MultiModal;25/08/2026 22:33;27/08/2026 16:42;27/08/2026 16:42;25/08/2026 22:33;27/08/2026 16:44
CAIXA 33L + FRACAO 33L;FRAÇÃO 33L;2 C a 8 C;566011;AP;A5645;00019200000014059002;MultiModal;01/09/2026 22:42;03/09/2026 18:36;03/09/2026 18:36;01/09/2026 22:42;03/09/2026 18:37
CAIXA 33L + FRACAO 33L;FRAÇÃO 33L;2 C a 8 C;559638;BA;A7346;00019200000013428250;MultiModal;02/07/2026 00:19;03/07/2026 18:00;-;02/07/2026 00:19;03/07/2026 18:00
CAIXA 33L + FRACAO 33L;FRAÇÃO 33L;2 C a 8 C;559640;BA;A3023;00019200000013428306;MultiModal;02/07/2026 03:21;04/07/2026 13:06;-;02/07/2026 03:21;04/07/2026 13:06
CAIXA 33L + FRACAO 33L;FRAÇÃO 33L;2 C a 8 C;560118;BA;A8356;00019200000013414348;MultiModal;08/07/2026 00:43;10/07/2026 17:00;-;08/07/2026 00:43;10/07/2026 17:00
CAIXA 33L + FRACAO 33L;FRAÇÃO 33L;2 C a 8 C;560238;BA;A7809;00019200000013410954;MultiModal;09/07/2026 02:35;10/07/2026 10:37;-;09/07/2026 02:35;10/07/2026 10:37
CAIXA 33L + FRACAO 33L;FRAÇÃO 33L;2 C a 8 C;560247;BA;A3249;00019200000013411144;MultiModal;09/07/2026 02:35;13/07/2026 09:43;-;09/07/2026 02:35;13/07/2026 09:43
CAIXA 33L + FRACAO 33L;FRAÇÃO 33L;2 C a 8 C;560485;BA;TA0432;00019200000013488058;MultiModal;13/07/2026 00:46;14/07/2026 08:11;-;13/07/2026 00:46;14/07/2026 08:11
CAIXA 33L + FRACAO 33L;FRAÇÃO 33L;2 C a 8 C;560588;BA;A9219;00019200000013452541;MultiModal;13/07/2026 01:35;14/07/2026 09:58;-;13/07/2026 01:44;14/07/2026 09:58
CAIXA 33L + FRACAO 33L;FRAÇÃO 33L;2 C a 8 C;561165;BA;A5681;00019200000013439979;MultiModal;15/07/2026 22:32;17/07/2026 11:43;-;15/07/2026 22:32;17/07/2026 11:43
CAIXA 33L + FRACAO 33L;FRAÇÃO 33L;2 C a 8 C;561470;BA;A1501;00019200000013478885;MultiModal;20/07/2026 03:06;23/07/2026 12:00;-;20/07/2026 03:06;23/07/2026 12:00
CAIXA 33L + FRACAO 33L;FRAÇÃO 33L;2 C a 8 C;561605;BA;A2817;00019200000013465856;MultiModal;22/07/2026 11:54;23/07/2026 10:07;-;22/07/2026 11:54;23/07/2026 10:07
CAIXA 33L + FRACAO 33L;FRAÇÃO 33L;2 C a 8 C;561647;BA;A6957;00019200000013468642;MultiModal;20/07/2026 22:52;22/07/2026 14:40;-;20/07/2026 22:52;22/07/2026 14:40
CAIXA 33L + FRACAO 33L;FRAÇÃO 33L;2 C a 8 C;561689;BA;A8981;00019200000013694502;MultiModal;29/07/2026 00:24;30/07/2026 10:00;-;29/07/2026 00:24;30/07/2026 10:00
CAIXA 33L + FRACAO 33L;FRAÇÃO 33L;2 C a 8 C;561959;BA;A5289;00019200000013456792;MultiModal;22/07/2026 23:37;31/07/2026 16:03;-;22/07/2026 23:37;31/07/2026 16:03
CAIXA 33L + FRACAO 33L;FRAÇÃO 33L;2 C a 8 C;562167;BA;A3762;00019200000013704745;MultiModal;26/07/2026 01:27;29/07/2026 16:54;-;26/07/2026 01:27;29/07/2026 16:54
CAIXA 33L + FRACAO 33L;FRAÇÃO 33L;2 C a 8 C;562292;BA;TA1192;00019200000013776894;MultiModal;28/07/2026 03:42;29/07/2026 12:00;-;28/07/2026 03:42;29/07/2026 12:00
CAIXA 33L + FRACAO 33L;FRAÇÃO 33L;2 C a 8 C;562587;BA;A5303;00019200000013820893;MultiModal;30/07/2026 03:38;30/07/2026 13:00;-;30/07/2026 03:38;30/07/2026 13:00
CAIXA 33L + FRACAO 33L;FRAÇÃO 33L;2 C a 8 C;562684;BA;A2883;00019200000013820419;MultiModal;01/08/2026 16:53;05/08/2026 09:52;-;01/08/2026 16:54;05/08/2026 09:52
CAIXA 33L + FRACAO 33L;FRAÇÃO 33L;2 C a 8 C;562702;BA;TA0637;00019200000013820362;MultiModal;01/08/2026 15:44;03/08/2026 09:52;-;01/08/2026 15:44;03/08/2026 09:52
CAIXA 33L + FRACAO 33L;FRAÇÃO 33L;2 C a 8 C;562731;BA;TA0484;00019200000013788531;MultiModal;01/08/2026 15:42;05/08/2026 10:50;-;01/08/2026 15:42;05/08/2026 10:50
CAIXA 33L + FRACAO 33L;FRAÇÃO 33L;2 C a 8 C;562751;BA;A0342;00019200000013823396;MultiModal;03/08/2026 03:56;04/08/2026 12:00;-;03/08/2026 03:56;04/08/2026 12:00
CAIXA 33L + FRACAO 33L;FRAÇÃO 33L;2 C a 8 C;562836;BA;A5185;00019200000013822993;MultiModal;01/08/2026 22:52;05/08/2026 10:50;-;01/08/2026 22:52;05/08/2026 10:50
CAIXA 33L + FRACAO 33L;FRAÇÃO 33L;2 C a 8 C;562911;BA;TA0213;00019200000013823540;MultiModal;03/08/2026 03:56;06/08/2026 14:00;-;03/08/2026 03:56;06/08/2026 14:00
CAIXA 33L + FRACAO 33L;FRAÇÃO 33L;2 C a 8 C;562913;BA;A4925;00019200000013823655;MultiModal;03/08/2026 03:54;05/08/2026 14:00;05/08/2026 14:00;03/08/2026 03:54;05/08/2026 14:11
CAIXA 33L + FRACAO 33L;FRAÇÃO 33L;2 C a 8 C;563102;BA;A3328;00019200000013860933;MultiModal;10/08/2026 05:09;11/08/2026 14:21;11/08/2026 14:21;10/08/2026 05:09;11/08/2026 14:26
CAIXA 33L + FRACAO 33L;FRAÇÃO 33L;2 C a 8 C;563150;BA;A9090;00019200000013856812;MultiModal;04/08/2026 23:33;06/08/2026 11:50;-;04/08/2026 23:33;06/08/2026 11:50
CAIXA 33L + FRACAO 33L;FRAÇÃO 33L;2 C a 8 C;563246;BA;A8424;00019200000013855590;MultiModal;10/08/2026 22:32;12/08/2026 13:42;-;10/08/2026 22:32;12/08/2026 13:42
CAIXA 33L + FRACAO 33L;FRAÇÃO 33L;2 C a 8 C;563278;BA;A4270;00019200000013776614;MultiModal;04/08/2026 23:33;06/08/2026 11:50;-;04/08/2026 23:33;06/08/2026 11:50
CAIXA 33L + FRACAO 33L;FRAÇÃO 33L;2 C a 8 C;563348;BA;A7130;00019200000013871455;MultiModal;06/08/2026 06:32;07/08/2026 13:05;-;06/08/2026 06:32;07/08/2026 13:05
CAIXA 33L + FRACAO 33L;FRAÇÃO 33L;2 C a 8 C;563354;BA;TA0030;00019200000013861255;MultiModal;06/08/2026 06:33;07/08/2026 14:00;-;06/08/2026 06:33;07/08/2026 14:00
CAIXA 33L + FRACAO 33L;FRAÇÃO 33L;2 C a 8 C;563431;BA;A7169;00019200000013871684;MultiModal;06/08/2026 03:27;07/08/2026 16:25;07/08/2026 16:25;06/08/2026 03:27;07/08/2026 16:39
CAIXA 33L + FRACAO 33L;FRAÇÃO 33L;2 C a 8 C;563545;BA;A9389;00019200000013871552;MultiModal;05/08/2026 22:57;10/08/2026 10:50;-;05/08/2026 22:57;10/08/2026 10:50
CAIXA 33L + FRACAO 33L;FRAÇÃO 33L;2 C a 8 C;563548;BA;A6913;00019200000013866788;MultiModal;06/08/2026 06:33;07/08/2026 13:00;-;06/08/2026 06:33;07/08/2026 13:00
CAIXA 33L + FRACAO 33L;FRAÇÃO 33L;2 C a 8 C;563674;BA;A0533;00019200000013861115;MultiModal;10/08/2026 08:47;12/08/2026 14:46;12/08/2026 14:46;10/08/2026 08:47;12/08/2026 14:53
CAIXA 33L + FRACAO 33L;FRAÇÃO 33L;2 C a 8 C;563686;BA;A8960;00019200000013861050;MultiModal;08/08/2026 18:09;10/08/2026 12:56;10/08/2026 12:56;08/08/2026 18:09;10/08/2026 13:06
CAIXA 33L + FRACAO 33L;FRAÇÃO 33L;2 C a 8 C;563876;BA;TA0014;00019200000013863428;MultiModal;10/08/2026 00:08;11/08/2026 09:33;-;10/08/2026 00:08;11/08/2026 09:33
CAIXA 33L + FRACAO 33L;FRAÇÃO 33L;2 C a 8 C;564340;BA;A8574;00019200000013974793;MultiModal;15/08/2026 23:33;18/08/2026 12:00;-;15/08/2026 23:33;18/08/2026 12:00
CAIXA 33L + FRACAO 33L;FRAÇÃO 33L;2 C a 8 C;564406;BA;TA0126;00019200000013984756;MultiModal;15/08/2026 23:33;17/08/2026 11:29;-;15/08/2026 23:33;17/08/2026 11:29
CAIXA 33L + FRACAO 33L;FRAÇÃO 33L;2 C a 8 C;564413;BA;A4151;00019200000013972740;MultiModal;15/08/2026 23:33;17/08/2026 11:51;17/08/2026 11:51;15/08/2026 23:33;17/08/2026 11:59
CAIXA 33L + FRACAO 33L;FRAÇÃO 33L;2 C a 8 C;564701;BA;A8935;00019200000013969641;MultiModal;16/08/2026 23:35;19/08/2026 09:20;-;16/08/2026 23:35;19/08/2026 09:20
CAIXA 33L + FRACAO 33L;FRAÇÃO 33L;2 C a 8 C;564703;BA;A6510;00019200000013991914;MultiModal;18/08/2026 03:50;19/08/2026 14:30;-;18/08/2026 03:50;19/08/2026 14:30
CAIXA 33L + FRACAO 33L;FRAÇÃO 33L;2 C a 8 C;564844;BA;A7374;00019200000013991337;MultiModal;18/08/2026 07:41;19/08/2026 11:39;-;18/08/2026 07:41;19/08/2026 11:39
CAIXA 33L + FRACAO 33L;FRAÇÃO 33L;2 C a 8 C;564943;BA;A4606;00019200000013991892;MultiModal;18/08/2026 06:03;20/08/2026 19:25;-;18/08/2026 06:03;20/08/2026 19:25
CAIXA 33L + FRACAO 33L;FRAÇÃO 33L;2 C a 8 C;565124;BA;A3184;00019200000013998587;MultiModal;19/08/2026 03:01;21/08/2026 09:00;-;19/08/2026 03:01;21/08/2026 09:00
CAIXA 33L + FRACAO 33L;FRAÇÃO 33L;2 C a 8 C;565763;BA;A2900;00019200000014037114;MultiModal;24/08/2026 05:44;25/08/2026 12:00;-;24/08/2026 05:44;25/08/2026 12:00
CAIXA 33L + FRACAO 33L;FRAÇÃO 33L;2 C a 8 C;565893;BA;A4033;00019200000014049163;MultiModal;26/08/2026 05:09;27/08/2026 16:00;-;26/08/2026 05:09;27/08/2026 16:00
CAIXA 33L + FRACAO 33L;FRAÇÃO 33L;2 C a 8 C;565959;BA;A8023;00019200000014049368;MultiModal;25/08/2026 22:28;28/08/2026 17:44;-;25/08/2026 22:28;28/08/2026 17:44
CAIXA 33L + FRACAO 33L;FRAÇÃO 33L;2 C a 8 C;565963;BA;A0923;00019200000014049210;MultiModal;26/08/2026 05:20;27/08/2026 16:00;-;26/08/2026 05:20;27/08/2026 16:00
CAIXA 33L + FRACAO 33L;FRAÇÃO 33L;2 C a 8 C;566071;BA;A1579;00019200000014014823;MultiModal;27/08/2026 04:53;29/08/2026 13:20;29/08/2026 13:20;27/08/2026 04:53;29/08/2026 13:32
CAIXA 33L + FRACAO 33L;FRAÇÃO 33L;2 C a 8 C;566091;BA;A5404;00019200000014015510;MultiModal;27/08/2026 04:52;31/08/2026 14:00;-;27/08/2026 04:52;31/08/2026 14:00
CAIXA 33L + FRACAO 33L;CAIXA 33L GELO PCM;2 C a 8 C;566412;BA;A2935;00019200000014152789;MultiModal;01/09/2026 04:59;02/09/2026 12:17;02/09/2026 12:17;01/09/2026 04:59;02/09/2026 12:30
CAIXA 33L + FRACAO 33L;FRAÇÃO 33L;2 C a 8 C;566736;BA;A3018;00019200000014186616;MultiModal;01/09/2026 22:45;-;-;01/09/2026 22:45;-
CAIXA 33L + FRACAO 33L;FRAÇÃO 33L;2 C a 8 C;566971;BA;A6007;00019200000014186799;MultiModal;01/09/2026 22:45;-;-;01/09/2026 22:45;-
CAIXA 33L + FRACAO 33L;FRAÇÃO 33L;2 C a 8 C;566984;BA;A8877;00019200000014187841;MultiModal;02/09/2026 01:15;03/09/2026 12:08;03/09/2026 12:08;02/09/2026 01:15;03/09/2026 12:14
CAIXA 33L + FRACAO 33L;FRAÇÃO 33L;2 C a 8 C;558260;CE;A9433;00019200000013423150;MultiModal;06/07/2026 03:02;08/07/2026 16:00;-;06/07/2026 03:02;08/07/2026 16:00
CAIXA 33L + FRACAO 33L;FRAÇÃO 33L;2 C a 8 C;559634;CE;A5615;00019200000013428276;MultiModal;02/07/2026 00:20;03/07/2026 16:00;-;02/07/2026 00:20;03/07/2026 16:00
CAIXA 33L + FRACAO 33L;FRAÇÃO 33L;2 C a 8 C;560121;CE;A7048;00019200000013413597;MultiModal;08/07/2026 07:31;09/07/2026 16:44;-;08/07/2026 07:31;09/07/2026 16:44
CAIXA 33L + FRACAO 33L;FRAÇÃO 33L;2 C a 8 C;560133;CE;A6783;00019200000013413627;MultiModal;08/07/2026 07:29;09/07/2026 10:39;-;08/07/2026 07:29;09/07/2026 10:39
CAIXA 33L + FRACAO 33L;FRAÇÃO 33L;2 C a 8 C;560141;CE;A5195;00019200000013413643;MultiModal;08/07/2026 08:09;09/07/2026 10:39;-;08/07/2026 08:09;09/07/2026 10:39
CAIXA 33L + FRACAO 33L;FRAÇÃO 33L;2 C a 8 C;560143;CE;A6778;00019200000013413570;MultiModal;08/07/2026 07:30;-;-;08/07/2026 07:30;-
CAIXA 33L + FRACAO 33L;FRAÇÃO 33L;2 C a 8 C;560211;CE;A8459;00019200000013411020;MultiModal;09/07/2026 00:03;10/07/2026 16:34;-;09/07/2026 00:03;10/07/2026 16:34
CAIXA 33L + FRACAO 33L;FRAÇÃO 33L;2 C a 8 C;560225;CE;TA0537;00019200000013411128;MultiModal;09/07/2026 00:03;10/07/2026 11:54;-;09/07/2026 00:03;10/07/2026 11:54
CAIXA 33L + FRACAO 33L;FRAÇÃO 33L;2 C a 8 C;560227;CE;A4865;00019200000013411047;MultiModal;09/07/2026 00:03;10/07/2026 11:58;-;09/07/2026 00:03;10/07/2026 11:58
CAIXA 33L + FRACAO 33L;FRAÇÃO 33L;2 C a 8 C;560229;CE;A5907;00019200000013411209;MultiModal;09/07/2026 00:02;10/07/2026 11:54;-;09/07/2026 00:02;10/07/2026 11:54
CAIXA 33L + FRACAO 33L;FRAÇÃO 33L;2 C a 8 C;560236;CE;A5720;00019200000013411241;MultiModal;09/07/2026 00:02;10/07/2026 16:36;-;09/07/2026 00:02;10/07/2026 16:36
CAIXA 33L + FRACAO 33L;FRAÇÃO 33L;2 C a 8 C;560955;CE;A7389;00019200000013442198;MultiModal;15/07/2026 03:32;16/07/2026 15:30;-;15/07/2026 03:32;16/07/2026 15:30
CAIXA 33L + FRACAO 33L;FRAÇÃO 33L;2 C a 8 C;561132;CE;TA0744;00019200000013594141;MultiModal;20/07/2026 06:00;21/07/2026 14:00;-;20/07/2026 06:00;21/07/2026 14:00
CAIXA 33L + FRACAO 33L;FRAÇÃO 33L;2 C a 8 C;561168;CE;A2561;00019200000013478761;MultiModal;16/07/2026 03:30;17/07/2026 17:00;-;16/07/2026 03:30;17/07/2026 17:00
CAIXA 33L + FRACAO 33L;FRAÇÃO 33L;2 C a 8 C;561172;CE;A4492;00019200000013454382;MultiModal;15/07/2026 23:21;17/07/2026 15:20;-;15/07/2026 23:21;17/07/2026 15:20
CAIXA 33L + FRACAO 33L;FRAÇÃO 33L;2 C a 8 C;561466;CE;A0403;00019200000013477536;MultiModal;20/07/2026 04:59;21/07/2026 14:26;-;20/07/2026 04:59;21/07/2026 14:26
CAIXA 33L + FRACAO 33L;FRAÇÃO 33L;2 C a 8 C;561606;CE;A6969;00019200000013465880;MultiModal;22/07/2026 05:49;23/07/2026 14:50;-;22/07/2026 05:49;23/07/2026 14:50
CAIXA 33L + FRACAO 33L;FRAÇÃO 33L;2 C a 8 C;561688;CE;A1513;00019200000013468626;MultiModal;20/07/2026 23:43;22/07/2026 15:50;-;20/07/2026 23:43;22/07/2026 15:50
CAIXA 33L + FRACAO 33L;FRAÇÃO 33L;2 C a 8 C;561697;CE;A2566;00019200000013462768;MultiModal;22/07/2026 04:54;23/07/2026 11:33;-;22/07/2026 04:54;23/07/2026 11:33
CAIXA 33L + FRACAO 33L;FRAÇÃO 33L;2 C a 8 C;562183;CE;TA0092;00019200000013690396;MultiModal;26/07/2026 03:51;28/07/2026 14:00;-;26/07/2026 03:51;28/07/2026 14:00
CAIXA 33L + FRACAO 33L;FRAÇÃO 33L;2 C a 8 C;562442;CE;A6890;00019200000013729675;MultiModal;29/07/2026 00:08;30/07/2026 11:22;-;-;-
CAIXA 33L + FRACAO 33L;FRAÇÃO 33L;2 C a 8 C;562486;CE;A0199;00019200000013777025;MultiModal;28/07/2026 02:28;29/07/2026 13:12;-;28/07/2026 02:28;29/07/2026 13:12
CAIXA 33L + FRACAO 33L;FRAÇÃO 33L;2 C a 8 C;562540;CE;A3336;00019200000013729667;MultiModal;29/07/2026 00:45;30/07/2026 18:06;-;-;-
CAIXA 33L + FRACAO 33L;FRAÇÃO 33L;2 C a 8 C;562573;CE;A9327;00019200000013824252;MultiModal;30/07/2026 00:09;01/08/2026 12:00;-;30/07/2026 00:09;01/08/2026 12:00
CAIXA 33L + FRACAO 33L;FRAÇÃO 33L;2 C a 8 C;562631;CE;A7142;00019200000013788507;MultiModal;01/08/2026 15:46;04/08/2026 16:35;-;01/08/2026 15:46;04/08/2026 16:35
CAIXA 33L + FRACAO 33L;FRAÇÃO 33L;2 C a 8 C;562655;CE;A6906;00019200000013788558;MultiModal;31/07/2026 11:46;01/08/2026 13:00;-;31/07/2026 11:46;01/08/2026 13:00
CAIXA 33L + FRACAO 33L;FRAÇÃO 33L;2 C a 8 C;562672;CE;A6538;00019200000013820400;MultiModal;01/08/2026 15:48;03/08/2026 14:55;-;01/08/2026 15:48;03/08/2026 14:55
CAIXA 33L + FRACAO 33L;FRAÇÃO 33L;2 C a 8 C;562714;CE;A6802;00019200000013820397;MultiModal;01/08/2026 15:47;03/08/2026 14:58;-;01/08/2026 15:47;03/08/2026 14:58
CAIXA 33L + FRACAO 33L;FRAÇÃO 33L;2 C a 8 C;562761;CE;A3253;00019200000013823132;MultiModal;01/08/2026 15:49;03/08/2026 14:02;-;01/08/2026 15:49;03/08/2026 14:02
CAIXA 33L + FRACAO 33L;FRAÇÃO 33L;2 C a 8 C;562963;CE;TA1052;00019200000013823353;MultiModal;03/08/2026 23:29;05/08/2026 12:00;-;03/08/2026 23:29;05/08/2026 12:00
CAIXA 33L + FRACAO 33L;FRAÇÃO 33L;2 C a 8 C;563336;CE;A7286;00019200000013776673;MultiModal;04/08/2026 23:23;07/08/2026 15:29;-;04/08/2026 23:23;07/08/2026 15:29
CAIXA 33L + FRACAO 33L;FRAÇÃO 33L;2 C a 8 C;563432;CE;A9205;00019200000013871633;MultiModal;06/08/2026 03:27;07/08/2026 11:20;-;06/08/2026 03:27;07/08/2026 11:20
CAIXA 33L + FRACAO 33L;FRAÇÃO 33L;2 C a 8 C;563854;CE;A0135;00019200000013859196;MultiModal;10/08/2026 05:09;11/08/2026 15:00;-;10/08/2026 05:09;11/08/2026 15:00
CAIXA 33L + FRACAO 33L;FRAÇÃO 33L;2 C a 8 C;564347;CE;A3977;00019200000013974750;MultiModal;15/08/2026 23:32;19/08/2026 11:28;19/08/2026 11:28;15/08/2026 23:32;19/08/2026 11:54
CAIXA 33L + FRACAO 33L;FRAÇÃO 33L;2 C a 8 C;564409;CE;A8259;00019200000013972731;MultiModal;15/08/2026 23:33;17/08/2026 11:33;-;15/08/2026 23:33;17/08/2026 11:33
CAIXA 33L + FRACAO 33L;FRAÇÃO 33L;2 C a 8 C;564648;CE;A3272;00019200000013970755;MultiModal;16/08/2026 23:35;19/08/2026 11:40;-;16/08/2026 23:35;19/08/2026 11:40
CAIXA 33L + FRACAO 33L;FRAÇÃO 33L;2 C a 8 C;564652;CE;A0284;00019200000013859722;MultiModal;17/08/2026 04:00;18/08/2026 12:00;-;17/08/2026 04:00;18/08/2026 12:00
CAIXA 33L + FRACAO 33L;FRAÇÃO 33L;2 C a 8 C;564696;CE;A0905;00019200000013991949;MultiModal;02/09/2026 00:42;-;-;02/09/2026 00:42;-
CAIXA 33L + FRACAO 33L;FRAÇÃO 33L;2 C a 8 C;564799;CE;A6628;00019200000013859773;MultiModal;17/08/2026 04:00;18/08/2026 14:17;-;17/08/2026 04:00;18/08/2026 14:17
CAIXA 33L + FRACAO 33L;FRAÇÃO 33L;2 C a 8 C;565387;CE;A9427;00019200000013995545;MultiModal;23/08/2026 04:05;25/08/2026 18:00;-;23/08/2026 04:05;25/08/2026 18:00
CAIXA 33L + FRACAO 33L;FRAÇÃO 33L;2 C a 8 C;565411;CE;A4992;00019200000013995677;MultiModal;23/08/2026 04:05;24/08/2026 14:36;-;23/08/2026 04:05;24/08/2026 14:36
CAIXA 33L + FRACAO 33L;FRAÇÃO 33L;2 C a 8 C;565581;CE;A4617;00019200000013992252;MultiModal;23/08/2026 04:05;25/08/2026 18:00;-;23/08/2026 04:05;25/08/2026 18:00
CAIXA 33L + FRACAO 33L;FRAÇÃO 33L;2 C a 8 C;565588;CE;A8613;00019200000013992970;MultiModal;23/08/2026 04:05;24/08/2026 11:38;-;23/08/2026 04:05;24/08/2026 11:38
CAIXA 33L + FRACAO 33L;FRAÇÃO 33L;2 C a 8 C;565592;CE;A5803;00019200000013992937;MultiModal;23/08/2026 04:05;24/08/2026 11:38;-;23/08/2026 04:05;24/08/2026 11:38
CAIXA 33L + FRACAO 33L;FRAÇÃO 33L;2 C a 8 C;565604;CE;A3889;00019200000014037025;MultiModal;24/08/2026 04:11;25/08/2026 10:45;25/08/2026 11:13;24/08/2026 04:11;25/08/2026 11:30
CAIXA 33L + FRACAO 33L;FRAÇÃO 33L;2 C a 8 C;565719;CE;A7188;00019200000014037084;MultiModal;24/08/2026 03:54;25/08/2026 16:09;-;24/08/2026 03:54;25/08/2026 16:09
CAIXA 33L + FRACAO 33L;FRAÇÃO 33L;2 C a 8 C;565746;CE;TA0958;00019200000014044366;MultiModal;24/08/2026 04:11;25/08/2026 13:43;25/08/2026 13:43;24/08/2026 04:11;25/08/2026 13:56
CAIXA 33L + FRACAO 33L;FRAÇÃO 33L;2 C a 8 C;565747;CE;A9639;00019200000014041618;MultiModal;24/08/2026 04:30;25/08/2026 13:18;-;24/08/2026 04:30;25/08/2026 13:18
CAIXA 33L + FRACAO 33L;FRAÇÃO 33L;2 C a 8 C;565748;CE;A7743;00019200000014044277;MultiModal;24/08/2026 04:10;25/08/2026 14:38;25/08/2026 15:25;24/08/2026 04:10;25/08/2026 15:32
CAIXA 33L + FRACAO 33L;FRAÇÃO 33L;2 C a 8 C;565798;CE;A1247;00019200000014028433;MultiModal;26/08/2026 01:32;27/08/2026 16:45;-;26/08/2026 01:32;27/08/2026 16:45
CAIXA 33L + FRACAO 33L;FRAÇÃO 33L;2 C a 8 C;565822;CE;A7779;00019200000014037416;MultiModal;24/08/2026 03:56;25/08/2026 18:00;-;24/08/2026 03:56;25/08/2026 18:00
CAIXA 33L + FRACAO 33L;FRAÇÃO 33L;2 C a 8 C;565894;CE;A5865;00019200000014049139;MultiModal;26/08/2026 01:32;27/08/2026 17:00;-;26/08/2026 01:32;27/08/2026 17:00
CAIXA 33L + FRACAO 33L;FRAÇÃO 33L;2 C a 8 C;566154;CE;TA1024;00019200000014037211;MultiModal;27/08/2026 03:21;28/08/2026 11:45;-;27/08/2026 03:21;28/08/2026 11:45
CAIXA 33L + FRACAO 33L;FRAÇÃO 33L;2 C a 8 C;566575;CE;TA0013;00019200000014152193;MultiModal;31/08/2026 22:41;02/09/2026 11:36;-;31/08/2026 22:41;02/09/2026 11:36
CAIXA 33L + FRACAO 33L;CAIXA 33L GELO PCM;2 C a 8 C;566649;CE;A3653;00019200000014149150;MultiModal;01/09/2026 03:35;03/09/2026 16:01;-;01/09/2026 03:35;03/09/2026 16:01
CAIXA 33L + FRACAO 33L;CAIXA 33L GELO PCM;2 C a 8 C;566804;CE;TA0234;00019200000014032643;MultiModal;01/09/2026 03:35;-;-;01/09/2026 03:35;-
CAIXA 33L + FRACAO 33L;FRAÇÃO 33L;2 C a 8 C;558351;DF;A0980;00019200000013422316;MultiModal;07/07/2026 06:49;08/07/2026 11:36;08/07/2026 11:36;07/07/2026 06:49;08/07/2026 11:38
CAIXA 33L + FRACAO 33L;FRAÇÃO 33L;2 C a 8 C;558989;DF;A7038;00019200000013422456;MultiModal;09/07/2026 02:35;10/07/2026 10:24;10/07/2026 10:24;09/07/2026 02:35;10/07/2026 11:10
CAIXA 33L + FRACAO 33L;FRAÇÃO 33L;2 C a 8 C;559737;DF;A3012;00019200000013422910;MultiModal;02/07/2026 23:46;03/07/2026 17:16;03/07/2026 17:04;02/07/2026 23:46;03/07/2026 17:18
CAIXA 33L + FRACAO 33L;FRAÇÃO 33L;2 C a 8 C;559786;DF;A6908;00019200000013419080;MultiModal;07/07/2026 06:49;08/07/2026 11:11;08/07/2026 11:11;07/07/2026 06:49;08/07/2026 11:14
CAIXA 33L + FRACAO 33L;FRAÇÃO 33L;2 C a 8 C;559842;DF;A9050;00019200000013421131;MultiModal;06/07/2026 06:22;07/07/2026 11:57;-;06/07/2026 06:22;07/07/2026 11:57
CAIXA 33L + FRACAO 33L;FRAÇÃO 33L;2 C a 8 C;559894;DF;A8070;00019200000013419439;MultiModal;07/07/2026 06:49;08/07/2026 11:50;08/07/2026 11:50;07/07/2026 06:49;08/07/2026 11:52
CAIXA 33L + FRACAO 33L;FRAÇÃO 33L;2 C a 8 C;560072;DF;S1494;00019200000013408330;MultiModal;08/07/2026 04:21;31/07/2026 09:56;31/07/2026 09:38;08/07/2026 04:21;31/07/2026 09:54
CAIXA 33L + FRACAO 33L;FRAÇÃO 33L;2 C a 8 C;560167;DF;A6945;00019200000013414046;MultiModal;08/07/2026 07:25;10/07/2026 15:37;-;08/07/2026 07:25;10/07/2026 15:37
CAIXA 33L + FRACAO 33L;FRAÇÃO 33L;2 C a 8 C;560194;DF;A9596;00019200000013414542;MultiModal;08/07/2026 04:21;-;-;08/07/2026 04:21;-
CAIXA 33L + FRACAO 33L;FRAÇÃO 33L;2 C a 8 C;560209;DF;A3974;00019200000013410873;MultiModal;09/07/2026 04:50;10/07/2026 16:12;-;09/07/2026 04:50;10/07/2026 16:12
CAIXA 33L + FRACAO 33L;FRAÇÃO 33L;2 C a 8 C;560224;DF;A4702;00019200000013410946;MultiModal;09/07/2026 05:53;10/07/2026 16:42;15/07/2026 16:09;09/07/2026 05:53;15/07/2026 16:13
CAIXA 33L + FRACAO 33L;FRAÇÃO 33L;2 C a 8 C;560245;DF;A5759;00019200000013410962;MultiModal;09/07/2026 04:50;10/07/2026 15:02;10/07/2026 15:02;09/07/2026 04:50;10/07/2026 15:28
CAIXA 33L + FRACAO 33L;FRAÇÃO 33L;2 C a 8 C;560325;DF;TA0698;00019200000013489062;MultiModal;10/07/2026 00:27;10/07/2026 16:10;-;10/07/2026 00:27;10/07/2026 16:10
CAIXA 33L + FRACAO 33L;FRAÇÃO 33L;2 C a 8 C;560490;DF;A2468;00019200000013452568;MultiModal;13/07/2026 09:17;14/07/2026 10:26;-;13/07/2026 09:19;14/07/2026 10:26
CAIXA 33L + FRACAO 33L;FRAÇÃO 33L;2 C a 8 C;560915;DF;A8228;00019200000013442228;MultiModal;15/07/2026 03:31;16/07/2026 16:11;16/07/2026 16:11;15/07/2026 03:31;16/07/2026 16:23
CAIXA 33L + FRACAO 33L;FRAÇÃO 33L;2 C a 8 C;561473;DF;A4724;00019200000013477528;MultiModal;20/07/2026 06:08;21/07/2026 10:38;21/07/2026 10:07;20/07/2026 06:08;21/07/2026 10:35
CAIXA 33L + FRACAO 33L;FRAÇÃO 33L;2 C a 8 C;561575;DF;A4745;00019200000013472500;MultiModal;20/07/2026 06:08;21/07/2026 11:14;21/07/2026 11:28;20/07/2026 06:08;21/07/2026 11:29
CAIXA 33L + FRACAO 33L;FRAÇÃO 33L;2 C a 8 C;562171;DF;A4985;00019200000013691015;MultiModal;26/07/2026 03:52;27/07/2026 11:14;-;26/07/2026 03:52;27/07/2026 11:14
CAIXA 33L + FRACAO 33L;FRAÇÃO 33L;2 C a 8 C;562216;DF;A1220;00019200000013691031;MultiModal;26/07/2026 03:52;27/07/2026 15:45;-;26/07/2026 03:52;27/07/2026 15:45
CAIXA 33L + FRACAO 33L;FRAÇÃO 33L;2 C a 8 C;562220;DF;A2900;00019200000013690264;MultiModal;26/07/2026 03:52;29/07/2026 15:13;29/07/2026 14:51;26/07/2026 03:52;29/07/2026 15:09
CAIXA 33L + FRACAO 33L;FRAÇÃO 33L;2 C a 8 C;563024;DF;A8760;00019200000013776827;MultiModal;04/08/2026 23:19;06/08/2026 12:04;06/08/2026 12:04;04/08/2026 23:19;06/08/2026 12:27
CAIXA 33L + FRACAO 33L;FRAÇÃO 33L;2 C a 8 C;563296;DF;A0244;00019200000013861280;MultiModal;04/08/2026 23:30;06/08/2026 11:08;06/08/2026 11:42;04/08/2026 23:30;06/08/2026 11:44
CAIXA 33L + FRACAO 33L;FRAÇÃO 33L;2 C a 8 C;563434;DF;A5865;00019200000013871676;MultiModal;06/08/2026 03:11;10/08/2026 10:41;10/08/2026 10:41;06/08/2026 03:11;10/08/2026 11:00
CAIXA 33L + FRACAO 33L;FRAÇÃO 33L;2 C a 8 C;563612;DF;A3912;00019200000013867776;MultiModal;06/08/2026 23:17;07/08/2026 17:36;07/08/2026 17:36;06/08/2026 23:17;07/08/2026 17:38
CAIXA 33L + FRACAO 33L;FRAÇÃO 33L;2 C a 8 C;564402;DF;A7457;00019200000013972936;MultiModal;15/08/2026 23:32;18/08/2026 10:19;18/08/2026 10:19;15/08/2026 23:32;18/08/2026 10:42
CAIXA 33L + FRACAO 33L;FRAÇÃO 33L;2 C a 8 C;564415;DF;A4533;00019200000013972766;MultiModal;15/08/2026 23:32;17/08/2026 10:42;17/08/2026 10:42;15/08/2026 23:32;17/08/2026 11:12
CAIXA 33L + FRACAO 33L;FRAÇÃO 33L;2 C a 8 C;564934;DF;A9313;00019200000013992007;MultiModal;18/08/2026 06:08;19/08/2026 11:49;19/08/2026 11:49;18/08/2026 06:08;19/08/2026 12:14
CAIXA 33L + FRACAO 33L;FRAÇÃO 33L;2 C a 8 C;565475;DF;A7495;00019200000014042924;MultiModal;23/08/2026 04:06;24/08/2026 16:37;24/08/2026 16:37;23/08/2026 04:06;24/08/2026 16:39
CAIXA 33L + FRACAO 33L;FRAÇÃO 33L;2 C a 8 C;565542;DF;A5311;00019200000013993046;MultiModal;23/08/2026 04:06;-;-;23/08/2026 04:06;24/08/2026 15:42
CAIXA 33L + FRACAO 33L;FRAÇÃO 33L;2 C a 8 C;565737;DF;A8784;00019200000014037068;MultiModal;24/08/2026 05:44;31/08/2026 15:23;31/08/2026 15:15;24/08/2026 05:44;31/08/2026 15:25
CAIXA 33L + FRACAO 33L;FRAÇÃO 33L;2 C a 8 C;565757;DF;A0447;00019200000014044358;MultiModal;24/08/2026 08:54;25/08/2026 11:26;25/08/2026 11:26;24/08/2026 08:54;25/08/2026 11:44
CAIXA 33L + FRACAO 33L;FRAÇÃO 33L;2 C a 8 C;565762;DF;A7160;00019200000014044285;MultiModal;24/08/2026 08:54;25/08/2026 10:13;25/08/2026 10:13;24/08/2026 08:54;25/08/2026 10:28
CAIXA 33L + FRACAO 33L;FRAÇÃO 33L;2 C a 8 C;565938;DF;A0941;00019200000014049201;MultiModal;26/08/2026 05:25;27/08/2026 10:43;27/08/2026 10:43;26/08/2026 05:25;27/08/2026 11:04
CAIXA 33L + FRACAO 33L;CAIXA 33L GELO PCM;2 C a 8 C;566204;DF;A5391;00019200000014153564;MultiModal;29/08/2026 23:47;-;-;29/08/2026 23:47;-
CAIXA 33L + FRACAO 33L;CAIXA 33L GELO PCM;2 C a 8 C;566415;DF;A4843;00019200000014152797;MultiModal;01/09/2026 05:04;02/09/2026 09:59;02/09/2026 09:59;01/09/2026 05:04;02/09/2026 10:12
CAIXA 33L + FRACAO 33L;CAIXA 33L GELO PCM;2 C a 8 C;566580;DF;A6848;00019200000014032392;MultiModal;01/09/2026 05:04;02/09/2026 10:43;02/09/2026 10:43;01/09/2026 05:04;02/09/2026 11:17
CAIXA 33L + FRACAO 33L;FRAÇÃO 33L;2 C a 8 C;560132;ES;A5477;00019200000013413589;MultiModal;08/07/2026 07:29;13/07/2026 13:03;-;08/07/2026 07:29;13/07/2026 13:03
CAIXA 33L + FRACAO 33L;FRAÇÃO 33L;2 C a 8 C;560235;ES;TA0002;00019200000013411233;MultiModal;09/07/2026 02:35;13/07/2026 13:03;-;09/07/2026 02:35;13/07/2026 13:03
CAIXA 33L + FRACAO 33L;FRAÇÃO 33L;2 C a 8 C;560486;ES;A8759;00019200000013247468;MultiModal;11/07/2026 13:43;13/07/2026 15:45;-;11/07/2026 13:43;13/07/2026 15:45
CAIXA 33L + FRACAO 33L;FRAÇÃO 33L;2 C a 8 C;561040;ES;A9455;00019200000013477420;MultiModal;21/07/2026 03:22;22/07/2026 15:40;-;21/07/2026 03:22;22/07/2026 15:40
CAIXA 33L + FRACAO 33L;FRAÇÃO 33L;2 C a 8 C;561136;ES;A5487;00019200000013477455;MultiModal;21/07/2026 03:22;22/07/2026 15:40;-;21/07/2026 03:22;22/07/2026 15:40
CAIXA 33L + FRACAO 33L;FRAÇÃO 33L;2 C a 8 C;561285;ES;A6498;00019200000013594125;MultiModal;16/07/2026 22:36;20/07/2026 16:00;-;16/07/2026 22:36;20/07/2026 16:00
CAIXA 33L + FRACAO 33L;FRAÇÃO 33L;2 C a 8 C;561500;ES;A0852;00019200000013968378;MultiModal;19/08/2026 03:13;20/08/2026 13:17;20/08/2026 13:17;19/08/2026 03:13;20/08/2026 13:34
CAIXA 33L + FRACAO 33L;FRAÇÃO 33L;2 C a 8 C;562748;ES;A0771;00019200000013824058;MultiModal;01/08/2026 16:06;03/08/2026 11:23;-;01/08/2026 16:06;03/08/2026 11:23
CAIXA 33L + FRACAO 33L;FRAÇÃO 33L;2 C a 8 C;562754;ES;TA0806;00019200000013823426;MultiModal;03/08/2026 04:07;04/08/2026 15:18;-;03/08/2026 04:07;04/08/2026 15:18
CAIXA 33L + FRACAO 33L;FRAÇÃO 33L;2 C a 8 C;562798;ES;TA0810;00019200000013819968;MultiModal;01/08/2026 15:53;03/08/2026 11:45;-;01/08/2026 15:53;03/08/2026 11:45
CAIXA 33L + FRACAO 33L;FRAÇÃO 33L;2 C a 8 C;563440;ES;A6267;00019200000013871650;MultiModal;06/08/2026 13:29;07/08/2026 11:25;-;06/08/2026 13:29;07/08/2026 11:25
CAIXA 33L + FRACAO 33L;FRAÇÃO 33L;2 C a 8 C;564385;ES;A5953;00019200000013972880;MultiModal;15/08/2026 23:31;17/08/2026 15:51;17/08/2026 15:51;15/08/2026 23:31;17/08/2026 15:57
CAIXA 33L + FRACAO 33L;FRAÇÃO 33L;2 C a 8 C;564404;ES;A8106;00019200000013972669;MultiModal;15/08/2026 23:44;17/08/2026 15:29;17/08/2026 15:29;15/08/2026 23:44;17/08/2026 15:50
CAIXA 33L + FRACAO 33L;FRAÇÃO 33L;2 C a 8 C;564946;ES;A6691;00019200000013991868;MultiModal;18/08/2026 06:06;19/08/2026 15:08;-;18/08/2026 06:06;19/08/2026 15:08
CAIXA 33L + FRACAO 33L;FRAÇÃO 33L;2 C a 8 C;565612;ES;A6525;00019200000014044234;MultiModal;24/08/2026 08:54;25/08/2026 12:00;-;24/08/2026 08:54;25/08/2026 12:00
CAIXA 33L + FRACAO 33L;CAIXA 33L GELO PCM;2 C a 8 C;565913;ES;A9047;00019200000014059746;MultiModal;31/08/2026 02:20;01/09/2026 16:00;-;31/08/2026 02:20;01/09/2026 16:00
CAIXA 33L + FRACAO 33L;FRAÇÃO 33L;2 C a 8 C;566147;ES;A6538;00019200000014015439;MultiModal;27/08/2026 03:21;28/08/2026 14:51;-;27/08/2026 03:21;28/08/2026 14:51
CAIXA 33L + FRACAO 33L;CAIXA 33L GELO PCM;2 C a 8 C;566233;ES;A6930;00019200000014153742;MultiModal;29/08/2026 23:47;02/09/2026 10:17;-;29/08/2026 23:47;02/09/2026 10:17
CAIXA 33L + FRACAO 33L;CAIXA 33L GELO PCM;2 C a 8 C;566242;ES;A4434;00019200000014153670;MultiModal;29/08/2026 23:47;31/08/2026 15:00;-;29/08/2026 23:47;31/08/2026 15:00
CAIXA 33L + FRACAO 33L;CAIXA 33L GELO PCM;2 C a 8 C;566376;ES;A6478;00019200000014153610;MultiModal;29/08/2026 23:47;31/08/2026 15:37;-;29/08/2026 23:47;31/08/2026 15:37
CAIXA 33L + FRACAO 33L;CAIXA 33L GELO PCM;2 C a 8 C;566387;ES;A3464;00019200000014153599;MultiModal;29/08/2026 23:47;01/09/2026 11:40;-;29/08/2026 23:47;01/09/2026 11:40
CAIXA 33L + FRACAO 33L;CAIXA 33L GELO PCM;2 C a 8 C;566416;ES;A5011;00019200000014152770;MultiModal;01/09/2026 03:31;-;-;01/09/2026 03:31;-
CAIXA 33L + FRACAO 33L;CAIXA 33L GELO PCM;2 C a 8 C;566418;ES;A8787;00019200000014152762;MultiModal;01/09/2026 03:31;-;-;01/09/2026 03:31;-
CAIXA 33L + FRACAO 33L;FRAÇÃO 33L;2 C a 8 C;560218;GO;A6153;00019200000013410849;MultiModal;09/07/2026 05:26;10/07/2026 10:10;-;09/07/2026 05:26;10/07/2026 10:10
CAIXA 33L + FRACAO 33L;FRAÇÃO 33L;2 C a 8 C;560584;GO;A4090;00019200000012858889;MultiModal;13/07/2026 06:42;14/07/2026 15:34;-;13/07/2026 06:42;14/07/2026 15:34
CAIXA 33L + FRACAO 33L;FRAÇÃO 33L;2 C a 8 C;560802;GO;A5622;00019200000013442236;MultiModal;16/07/2026 03:33;17/07/2026 13:03;-;16/07/2026 03:33;17/07/2026 13:03
CAIXA 33L + FRACAO 33L;FRAÇÃO 33L;2 C a 8 C;561052;GO;A9133;00019200000013440322;MultiModal;16/07/2026 03:30;17/07/2026 17:00;-;16/07/2026 03:30;17/07/2026 17:00
CAIXA 33L + FRACAO 33L;FRAÇÃO 33L;2 C a 8 C;561456;GO;A4497;00019200000013478893;MultiModal;20/07/2026 06:07;21/07/2026 13:00;-;20/07/2026 06:07;21/07/2026 13:00
CAIXA 33L + FRACAO 33L;FRAÇÃO 33L;2 C a 8 C;562208;GO;TA0262;00019200000013690370;MultiModal;26/07/2026 04:09;-;-;26/07/2026 04:09;-
CAIXA 33L + FRACAO 33L;FRAÇÃO 33L;2 C a 8 C;562222;GO;A3106;00019200000013691732;MultiModal;26/07/2026 03:53;27/07/2026 14:55;-;26/07/2026 03:53;27/07/2026 14:55
CAIXA 33L + FRACAO 33L;FRAÇÃO 33L;2 C a 8 C;562760;GO;A5825;00019200000013788396;MultiModal;03/08/2026 03:55;04/08/2026 09:53;04/08/2026 09:53;03/08/2026 03:55;04/08/2026 10:12
CAIXA 33L + FRACAO 33L;FRAÇÃO 33L;2 C a 8 C;562802;GO;A7241;00019200000013820001;MultiModal;01/08/2026 16:41;03/08/2026 11:54;-;01/08/2026 16:41;03/08/2026 11:54
CAIXA 33L + FRACAO 33L;FRAÇÃO 33L;2 C a 8 C;562860;GO;A6440;00019200000013841084;MultiModal;04/08/2026 23:21;06/08/2026 11:04;-;04/08/2026 23:21;06/08/2026 11:04
CAIXA 33L + FRACAO 33L;FRAÇÃO 33L;2 C a 8 C;562919;GO;A6346;00019200000013776835;MultiModal;06/08/2026 06:33;07/08/2026 11:37;-;06/08/2026 06:33;07/08/2026 11:37
CAIXA 33L + FRACAO 33L;FRAÇÃO 33L;2 C a 8 C;563231;GO;A8191;00019200000013860984;MultiModal;10/08/2026 08:48;11/08/2026 10:28;11/08/2026 10:28;10/08/2026 08:48;11/08/2026 10:36
CAIXA 33L + FRACAO 33L;FRAÇÃO 33L;2 C a 8 C;563266;GO;TA0512;00019200000013776762;MultiModal;04/08/2026 23:20;06/08/2026 12:25;-;04/08/2026 23:20;06/08/2026 12:25
CAIXA 33L + FRACAO 33L;FRAÇÃO 33L;2 C a 8 C;563409;GO;TA1017;00019200000013871790;MultiModal;06/08/2026 06:34;-;-;06/08/2026 06:34;-
CAIXA 33L + FRACAO 33L;FRAÇÃO 33L;2 C a 8 C;563441;GO;A1502;00019200000013871617;MultiModal;10/08/2026 08:49;11/08/2026 09:35;11/08/2026 09:35;10/08/2026 08:49;11/08/2026 09:45
CAIXA 33L + FRACAO 33L;FRAÇÃO 33L;2 C a 8 C;563574;GO;A8354;00019200000013871315;MultiModal;06/08/2026 06:34;07/08/2026 13:13;-;06/08/2026 06:34;07/08/2026 13:13
CAIXA 33L + FRACAO 33L;FRAÇÃO 33L;2 C a 8 C;564323;GO;A7581;00019200000013974742;MultiModal;16/08/2026 01:35;17/08/2026 14:10;17/08/2026 14:10;16/08/2026 01:35;17/08/2026 14:12
CAIXA 33L + FRACAO 33L;FRAÇÃO 33L;2 C a 8 C;564324;GO;A5052;00019200000013977490;MultiModal;15/08/2026 23:32;18/08/2026 10:51;18/08/2026 10:51;15/08/2026 23:32;18/08/2026 11:00
CAIXA 33L + FRACAO 33L;FRAÇÃO 33L;2 C a 8 C;564410;GO;A8892;00019200000013973088;MultiModal;15/08/2026 23:34;18/08/2026 10:28;-;15/08/2026 23:34;18/08/2026 10:28
CAIXA 33L + FRACAO 33L;FRAÇÃO 33L;2 C a 8 C;564472;GO;A0077;00019200000013973169;MultiModal;15/08/2026 23:34;17/08/2026 13:56;17/08/2026 13:56;15/08/2026 23:34;17/08/2026 14:08
CAIXA 33L + FRACAO 33L;FRAÇÃO 33L;2 C a 8 C;565024;GO;TA0544;00019200000014037378;MultiModal;23/08/2026 04:16;25/08/2026 10:37;25/08/2026 10:37;23/08/2026 04:16;25/08/2026 10:48
CAIXA 33L + FRACAO 33L;FRAÇÃO 33L;2 C a 8 C;565974;GO;A9003;00019200000014049171;MultiModal;26/08/2026 05:25;27/08/2026 11:00;-;26/08/2026 05:25;27/08/2026 11:00
CAIXA 33L + FRACAO 33L;FRAÇÃO 33L;2 C a 8 C;566103;GO;A7370;00019200000014015544;MultiModal;27/08/2026 04:54;28/08/2026 15:14;-;27/08/2026 04:54;28/08/2026 15:14
CAIXA 33L + FRACAO 33L;FRAÇÃO 33L;2 C a 8 C;566114;GO;A6011;00019200000014037319;MultiModal;27/08/2026 04:55;28/08/2026 15:15;-;27/08/2026 04:55;28/08/2026 15:15
CAIXA 33L + FRACAO 33L;FRAÇÃO 33L;2 C a 8 C;566137;GO;A7270;00019200000014015390;MultiModal;27/08/2026 04:54;28/08/2026 15:13;-;27/08/2026 04:54;28/08/2026 15:13
CAIXA 33L + FRACAO 33L;FRAÇÃO 33L;2 C a 8 C;559691;MA;TA0700;00019200000013422936;MultiModal;06/07/2026 00:01;07/07/2026 08:00;-;06/07/2026 00:01;07/07/2026 08:00
CAIXA 33L + FRACAO 33L;FRAÇÃO 33L;2 C a 8 C;559698;MA;A6345;00019200000013422928;MultiModal;02/07/2026 23:47;04/07/2026 10:57;-;02/07/2026 23:47;04/07/2026 10:57
CAIXA 33L + FRACAO 33L;FRAÇÃO 33L;2 C a 8 C;559833;MA;A3993;00019200000013421182;MultiModal;06/07/2026 00:02;08/07/2026 08:00;-;06/07/2026 00:02;08/07/2026 08:00
CAIXA 33L + FRACAO 33L;FRAÇÃO 33L;2 C a 8 C;560166;MA;A6312;00019200000013414577;MultiModal;08/07/2026 00:17;09/07/2026 08:00;-;08/07/2026 00:17;09/07/2026 08:00
CAIXA 33L + FRACAO 33L;FRAÇÃO 33L;2 C a 8 C;560713;MA;A5068;00019200000013478672;MultiModal;16/07/2026 00:11;17/07/2026 10:00;-;16/07/2026 00:11;17/07/2026 10:00
CAIXA 33L + FRACAO 33L;FRAÇÃO 33L;2 C a 8 C;561501;MA;TA0906;00019200000013465775;MultiModal;22/07/2026 03:47;23/07/2026 18:00;-;22/07/2026 03:47;23/07/2026 18:00
CAIXA 33L + FRACAO 33L;FRAÇÃO 33L;2 C a 8 C;561517;MA;A2520;00019200000013465805;MultiModal;22/07/2026 03:48;23/07/2026 15:00;-;22/07/2026 03:48;23/07/2026 15:00
CAIXA 33L + FRACAO 33L;FRAÇÃO 33L;2 C a 8 C;561646;MA;TA0348;00019200000013468669;MultiModal;20/07/2026 22:52;22/07/2026 17:00;-;20/07/2026 22:52;22/07/2026 17:00
CAIXA 33L + FRACAO 33L;FRAÇÃO 33L;2 C a 8 C;561867;MA;TA1003;00019200000013456342;MultiModal;22/07/2026 23:35;24/07/2026 15:00;-;22/07/2026 23:35;24/07/2026 15:00
CAIXA 33L + FRACAO 33L;FRAÇÃO 33L;2 C a 8 C;562020;MA;A7425;00019200000013698060;MultiModal;26/07/2026 01:46;27/07/2026 16:03;-;26/07/2026 01:46;27/07/2026 16:03
CAIXA 33L + FRACAO 33L;FRAÇÃO 33L;2 C a 8 C;562027;MA;A8941;00019200000013694499;MultiModal;26/07/2026 01:46;29/07/2026 16:00;-;26/07/2026 01:46;29/07/2026 16:00
CAIXA 33L + FRACAO 33L;FRAÇÃO 33L;2 C a 8 C;562195;MA;A1888;00019200000013776576;MultiModal;28/07/2026 00:49;30/07/2026 17:15;-;28/07/2026 00:49;30/07/2026 17:15
CAIXA 33L + FRACAO 33L;FRAÇÃO 33L;2 C a 8 C;562221;MA;A5187;00019200000013690302;MultiModal;26/07/2026 01:46;27/07/2026 16:00;-;26/07/2026 01:46;27/07/2026 16:00
CAIXA 33L + FRACAO 33L;FRAÇÃO 33L;2 C a 8 C;562283;MA;A7814;00019200000013778269;MultiModal;28/07/2026 00:50;30/07/2026 14:30;-;28/07/2026 00:50;30/07/2026 14:30
CAIXA 33L + FRACAO 33L;FRAÇÃO 33L;2 C a 8 C;562289;MA;A7697;00019200000013778242;MultiModal;28/07/2026 00:50;30/07/2026 16:00;-;28/07/2026 00:50;30/07/2026 16:00
CAIXA 33L + FRACAO 33L;FRAÇÃO 33L;2 C a 8 C;562494;MA;A3479;00019200000013729632;MultiModal;28/07/2026 22:17;30/07/2026 18:00;-;28/07/2026 22:17;30/07/2026 18:00
CAIXA 33L + FRACAO 33L;FRAÇÃO 33L;2 C a 8 C;562556;MA;A3278;00019200000013788477;MultiModal;02/08/2026 23:49;04/08/2026 15:00;-;02/08/2026 23:49;04/08/2026 15:00
CAIXA 33L + FRACAO 33L;FRAÇÃO 33L;2 C a 8 C;562581;MA;TA0478;00019200000013820907;MultiModal;29/07/2026 22:54;31/07/2026 11:30;-;29/07/2026 22:54;31/07/2026 11:30
CAIXA 33L + FRACAO 33L;FRAÇÃO 33L;2 C a 8 C;562867;MA;A8879;00019200000013790005;MultiModal;04/08/2026 23:16;11/08/2026 16:00;-;04/08/2026 23:16;11/08/2026 16:00
CAIXA 33L + FRACAO 33L;FRAÇÃO 33L;2 C a 8 C;562966;MA;A9490;00019200000013823370;MultiModal;03/08/2026 23:33;05/08/2026 10:00;-;03/08/2026 23:33;05/08/2026 10:00
CAIXA 33L + FRACAO 33L;FRAÇÃO 33L;2 C a 8 C;563021;MA;A1390;00019200000013973002;MultiModal;26/08/2026 01:32;27/08/2026 16:00;-;26/08/2026 01:32;27/08/2026 16:00
CAIXA 33L + FRACAO 33L;FRAÇÃO 33L;2 C a 8 C;563254;MA;A2224;00019200000013868306;MultiModal;16/08/2026 23:37;17/08/2026 14:00;-;16/08/2026 23:37;17/08/2026 14:00
CAIXA 33L + FRACAO 33L;FRAÇÃO 33L;2 C a 8 C;563412;MA;A3705;00019200000013871480;MultiModal;05/08/2026 22:57;07/08/2026 17:00;-;05/08/2026 22:57;07/08/2026 17:00
CAIXA 33L + FRACAO 33L;FRAÇÃO 33L;2 C a 8 C;563443;MA;TA0197;00019200000013871706;MultiModal;10/08/2026 22:35;12/08/2026 15:00;-;10/08/2026 22:35;12/08/2026 15:00
CAIXA 33L + FRACAO 33L;FRAÇÃO 33L;2 C a 8 C;563610;MA;A6238;00019200000013861638;MultiModal;08/08/2026 18:06;13/08/2026 15:00;-;08/08/2026 18:06;13/08/2026 15:00
CAIXA 33L + FRACAO 33L;FRAÇÃO 33L;2 C a 8 C;563797;MA;A9134;00019200000013861026;MultiModal;08/08/2026 18:06;10/08/2026 15:32;10/08/2026 15:32;08/08/2026 18:06;10/08/2026 15:45
CAIXA 33L + FRACAO 33L;FRAÇÃO 33L;2 C a 8 C;563804;MA;A7673;00019200000013954725;MultiModal;16/08/2026 23:37;17/08/2026 14:00;-;16/08/2026 23:37;17/08/2026 14:00
CAIXA 33L + FRACAO 33L;FRAÇÃO 33L;2 C a 8 C;563869;MA;A3520;00019200000013859218;MultiModal;10/08/2026 00:12;11/08/2026 14:20;-;10/08/2026 00:12;11/08/2026 14:20
CAIXA 33L + FRACAO 33L;FRAÇÃO 33L;2 C a 8 C;563877;MA;A3541;00019200000013863509;MultiModal;10/08/2026 00:12;11/08/2026 16:00;-;10/08/2026 00:12;11/08/2026 16:00
CAIXA 33L + FRACAO 33L;FRAÇÃO 33L;2 C a 8 C;564029;MA;A9583;00019200000013859897;MultiModal;11/08/2026 23:32;13/08/2026 16:22;-;11/08/2026 23:32;13/08/2026 16:22
CAIXA 33L + FRACAO 33L;FRAÇÃO 33L;2 C a 8 C;564034;MA;A3079;00019200000013859978;MultiModal;11/08/2026 23:33;13/08/2026 15:04;-;11/08/2026 23:33;13/08/2026 15:04
CAIXA 33L + FRACAO 33L;FRAÇÃO 33L;2 C a 8 C;564293;MA;TA1162;00019200000013868225;MultiModal;13/08/2026 04:39;14/08/2026 16:00;-;13/08/2026 04:39;14/08/2026 16:00
CAIXA 33L + FRACAO 33L;FRAÇÃO 33L;2 C a 8 C;564526;MA;A5161;00019200000013972723;MultiModal;15/08/2026 23:27;17/08/2026 16:40;-;15/08/2026 23:27;17/08/2026 16:40
CAIXA 33L + FRACAO 33L;FRAÇÃO 33L;2 C a 8 C;564848;MA;A7230;00019200000013991965;MultiModal;18/08/2026 03:34;19/08/2026 14:00;-;18/08/2026 03:34;19/08/2026 14:00
CAIXA 33L + FRACAO 33L;FRAÇÃO 33L;2 C a 8 C;565385;MA;TA0152;00019200000013995693;MultiModal;23/08/2026 00:37;24/08/2026 14:00;-;23/08/2026 00:37;24/08/2026 14:00
CAIXA 33L + FRACAO 33L;FRAÇÃO 33L;2 C a 8 C;565466;MA;A1102;00019200000013992961;MultiModal;23/08/2026 00:37;25/08/2026 14:52;-;23/08/2026 00:37;25/08/2026 14:52
CAIXA 33L + FRACAO 33L;FRAÇÃO 33L;2 C a 8 C;565560;MA;A8633;00019200000014037009;MultiModal;23/08/2026 00:36;24/08/2026 15:12;-;23/08/2026 00:36;24/08/2026 15:12
CAIXA 33L + FRACAO 33L;FRAÇÃO 33L;2 C a 8 C;565561;MA;A0143;00019200000014036967;MultiModal;23/08/2026 00:37;24/08/2026 17:45;-;23/08/2026 00:37;24/08/2026 17:45
CAIXA 33L + FRACAO 33L;FRAÇÃO 33L;2 C a 8 C;565809;MA;TA0092;00019200000014049287;MultiModal;26/08/2026 01:32;27/08/2026 16:29;27/08/2026 16:29;26/08/2026 01:32;27/08/2026 16:35
CAIXA 33L + FRACAO 33L;FRAÇÃO 33L;2 C a 8 C;556337;MG;A2716;00019200000013462750;MultiModal;23/07/2026 08:05;24/07/2026 14:54;-;23/07/2026 08:05;24/07/2026 14:54
CAIXA 33L + FRACAO 33L;FRAÇÃO 33L;2 C a 8 C;558352;MG;A4858;00019200000013421158;MultiModal;06/07/2026 06:22;07/07/2026 15:16;07/07/2026 15:16;06/07/2026 06:22;07/07/2026 15:45
CAIXA 33L + FRACAO 33L;FRAÇÃO 33L;2 C a 8 C;558981;MG;A9717;00019200000013419420;MultiModal;08/07/2026 05:32;09/07/2026 16:36;09/07/2026 16:36;08/07/2026 05:32;09/07/2026 16:42
CAIXA 33L + FRACAO 33L;FRAÇÃO 33L;2 C a 8 C;559292;MG;A3040;00019200000013254758;Rodoviário;03/07/2026 05:28;04/07/2026 10:30;-;03/07/2026 05:28;04/07/2026 10:30
CAIXA 33L + FRACAO 33L;FRAÇÃO 33L;2 C a 8 C;559479;MG;A3560;00019200000013202510;Rodoviário;03/07/2026 05:28;03/07/2026 15:37;-;03/07/2026 05:28;03/07/2026 15:37
CAIXA 33L + FRACAO 33L;FRAÇÃO 33L;2 C a 8 C;559613;MG;A8101;00019200000013428411;Rodoviário;03/07/2026 05:28;08/07/2026 16:20;-;03/07/2026 05:28;08/07/2026 16:20
CAIXA 33L + FRACAO 33L;FRAÇÃO 33L;2 C a 8 C;559633;MG;TA0730;00019200000013428195;MultiModal;02/07/2026 04:52;03/07/2026 10:19;03/07/2026 10:19;02/07/2026 04:52;03/07/2026 10:21
CAIXA 33L + FRACAO 33L;FRAÇÃO 33L;2 C a 8 C;559699;MG;A7245;00019200000013422952;MultiModal;06/07/2026 00:28;07/07/2026 13:58;-;06/07/2026 00:28;07/07/2026 13:58
CAIXA 33L + FRACAO 33L;FRAÇÃO 33L;2 C a 8 C;559766;MG;A4790;00019200000013422960;MultiModal;02/07/2026 23:52;03/07/2026 15:00;03/07/2026 16:22;02/07/2026 23:52;03/07/2026 16:34
CAIXA 33L + FRACAO 33L;FRAÇÃO 33L;2 C a 8 C;559794;MG;A1033;00019200000013419099;MultiModal;07/07/2026 06:50;08/07/2026 11:24;08/07/2026 11:24;07/07/2026 06:50;08/07/2026 11:28
CAIXA 33L + FRACAO 33L;FRAÇÃO 33L;2 C a 8 C;559827;MG;A9106;00019200000013421093;MultiModal;06/07/2026 06:22;07/07/2026 12:39;07/07/2026 12:39;06/07/2026 06:22;07/07/2026 12:41
CAIXA 33L + FRACAO 33L;FRAÇÃO 33L;2 C a 8 C;559831;MG;A9028;00019200000013406205;MultiModal;06/07/2026 04:10;10/07/2026 12:47;-;06/07/2026 04:10;10/07/2026 12:47
CAIXA 33L + FRACAO 33L;FRAÇÃO 33L;2 C a 8 C;559840;MG;A3081;00019200000013421107;MultiModal;06/07/2026 06:22;07/07/2026 12:29;07/07/2026 12:29;06/07/2026 06:22;07/07/2026 12:36
CAIXA 33L + FRACAO 33L;FRAÇÃO 33L;2 C a 8 C;559882;MG;A6905;00019200000013492322;MultiModal;13/07/2026 06:42;14/07/2026 17:04;-;13/07/2026 06:42;14/07/2026 17:04
CAIXA 33L + FRACAO 33L;FRAÇÃO 33L;2 C a 8 C;559990;MG;A3572;00019200000013419455;MultiModal;07/07/2026 06:50;08/07/2026 12:05;08/07/2026 12:05;07/07/2026 06:50;08/07/2026 12:08
CAIXA 33L + FRACAO 33L;FRAÇÃO 33L;2 C a 8 C;560126;MG;A6681;00019200000013413554;MultiModal;08/07/2026 07:13;10/07/2026 16:23;-;08/07/2026 07:13;10/07/2026 16:23
CAIXA 33L + FRACAO 33L;FRAÇÃO 33L;2 C a 8 C;560221;MG;A6351;00019200000013411250;Rodoviário;14/07/2026 02:22;14/07/2026 13:53;-;14/07/2026 02:22;14/07/2026 13:53
CAIXA 33L + FRACAO 33L;FRAÇÃO 33L;2 C a 8 C;560232;MG;A8205;00019200000013411217;Rodoviário;14/07/2026 02:22;14/07/2026 14:19;-;14/07/2026 02:22;14/07/2026 14:19
CAIXA 33L + FRACAO 33L;FRAÇÃO 33L;2 C a 8 C;560250;MG;A2561;00019200000013411012;MultiModal;09/07/2026 04:50;10/07/2026 09:27;10/07/2026 09:29;09/07/2026 04:50;10/07/2026 09:31
CAIXA 33L + FRACAO 33L;FRAÇÃO 33L;2 C a 8 C;560331;MG;A5589;00019200000013488147;MultiModal;11/07/2026 13:01;13/07/2026 15:09;13/07/2026 15:09;11/07/2026 13:01;13/07/2026 15:12
CAIXA 33L + FRACAO 33L;FRAÇÃO 33L;2 C a 8 C;560368;MG;TA0493;00019200000013488040;MultiModal;11/07/2026 13:33;14/07/2026 08:23;-;-;-
CAIXA 33L + FRACAO 33L;FRAÇÃO 33L;2 C a 8 C;560460;MG;A5228;00019200000013488031;MultiModal;13/07/2026 06:42;14/07/2026 13:35;14/07/2026 13:35;13/07/2026 06:42;14/07/2026 13:37
CAIXA 33L + FRACAO 33L;FRAÇÃO 33L;2 C a 8 C;560590;MG;A8723;00019200000013452592;MultiModal;13/07/2026 00:47;14/07/2026 16:10;-;13/07/2026 00:47;14/07/2026 16:10
CAIXA 33L + FRACAO 33L;FRAÇÃO 33L;2 C a 8 C;560723;MG;A8676;00019200000013440349;MultiModal;16/07/2026 03:18;17/07/2026 16:46;17/07/2026 16:46;16/07/2026 03:18;17/07/2026 16:48
CAIXA 33L + FRACAO 33L;FRAÇÃO 33L;2 C a 8 C;561140;MG;A8043;00019200000013472631;MultiModal;21/07/2026 05:41;22/07/2026 14:38;22/07/2026 14:24;21/07/2026 05:41;22/07/2026 14:36
CAIXA 33L + FRACAO 33L;FRAÇÃO 33L;2 C a 8 C;561161;MG;A8601;00019200000013454390;MultiModal;15/07/2026 23:21;17/07/2026 10:44;-;15/07/2026 23:21;17/07/2026 10:44
CAIXA 33L + FRACAO 33L;FRAÇÃO 33L;2 C a 8 C;561163;MG;A0411;00019200000013478532;MultiModal;16/07/2026 03:25;17/07/2026 13:34;17/07/2026 13:23;16/07/2026 03:25;17/07/2026 13:33
CAIXA 33L + FRACAO 33L;FRAÇÃO 33L;2 C a 8 C;561426;MG;TA0432;00019200000013594095;MultiModal;20/07/2026 06:06;22/07/2026 08:06;22/07/2026 08:07;20/07/2026 06:06;22/07/2026 08:08
CAIXA 33L + FRACAO 33L;FRAÇÃO 33L;2 C a 8 C;561474;MG;TA0305;00019200000013477501;MultiModal;20/07/2026 03:06;21/07/2026 13:31;-;20/07/2026 03:06;21/07/2026 13:31
CAIXA 33L + FRACAO 33L;FRAÇÃO 33L;2 C a 8 C;561480;MG;A3430;00019200000013475878;MultiModal;20/07/2026 06:06;21/07/2026 10:15;21/07/2026 09:23;20/07/2026 06:06;21/07/2026 09:29
CAIXA 33L + FRACAO 33L;FRAÇÃO 33L;2 C a 8 C;561587;MG;A4935;00019200000013472534;MultiModal;20/07/2026 06:06;22/07/2026 09:19;22/07/2026 08:57;20/07/2026 06:06;22/07/2026 09:17
CAIXA 33L + FRACAO 33L;FRAÇÃO 33L;2 C a 8 C;561627;MG;A7849;00019200000013467204;MultiModal;21/07/2026 04:13;22/07/2026 17:15;-;21/07/2026 04:13;22/07/2026 17:15
CAIXA 33L + FRACAO 33L;FRAÇÃO 33L;2 C a 8 C;561691;MG;TA0858;00019200000013694316;MultiModal;28/07/2026 03:41;29/07/2026 15:01;29/07/2026 11:38;28/07/2026 03:41;29/07/2026 11:57
CAIXA 33L + FRACAO 33L;FRAÇÃO 33L;2 C a 8 C;561865;MG;A6600;00019200000013456334;MultiModal;22/07/2026 23:34;24/07/2026 09:17;-;22/07/2026 23:34;24/07/2026 09:17
CAIXA 33L + FRACAO 33L;FRAÇÃO 33L;2 C a 8 C;561983;MG;A0944;00019200000013773585;MultiModal;29/07/2026 00:58;30/07/2026 15:04;30/07/2026 15:00;29/07/2026 00:58;30/07/2026 15:03
CAIXA 33L + FRACAO 33L;FRAÇÃO 33L;2 C a 8 C;562172;MG;A7526;00019200000013690345;MultiModal;26/07/2026 03:55;29/07/2026 14:00;-;26/07/2026 03:55;29/07/2026 14:00
CAIXA 33L + FRACAO 33L;FRAÇÃO 33L;2 C a 8 C;562201;MG;A9685;00019200000013690310;MultiModal;26/07/2026 03:56;28/07/2026 10:48;-;26/07/2026 03:56;28/07/2026 10:48
CAIXA 33L + FRACAO 33L;FRAÇÃO 33L;2 C a 8 C;562211;MG;A5678;00019200000013690388;MultiModal;27/07/2026 04:49;30/07/2026 12:35;-;27/07/2026 04:49;30/07/2026 12:35
CAIXA 33L + FRACAO 33L;FRAÇÃO 33L;2 C a 8 C;562279;MG;A6029;00019200000013776975;MultiModal;28/07/2026 03:42;31/07/2026 09:24;31/07/2026 08:50;28/07/2026 03:42;31/07/2026 09:22
CAIXA 33L + FRACAO 33L;FRAÇÃO 33L;2 C a 8 C;562541;MG;A6014;00019200000013820877;MultiModal;30/07/2026 03:37;31/07/2026 11:13;31/07/2026 11:02;30/07/2026 03:37;31/07/2026 11:10
CAIXA 33L + FRACAO 33L;FRAÇÃO 33L;2 C a 8 C;562554;MG;A2823;00019200000013820915;MultiModal;30/07/2026 03:35;03/08/2026 11:31;-;30/07/2026 03:35;03/08/2026 11:31
CAIXA 33L + FRACAO 33L;FRAÇÃO 33L;2 C a 8 C;562580;MG;TA0677;00019200000013820869;MultiModal;30/07/2026 03:37;31/07/2026 13:25;31/07/2026 13:13;30/07/2026 03:37;31/07/2026 13:24
CAIXA 33L + FRACAO 33L;FRAÇÃO 33L;2 C a 8 C;562664;MG;A1574;00019200000013824074;MultiModal;01/08/2026 16:01;03/08/2026 15:00;-;01/08/2026 16:01;03/08/2026 15:00
CAIXA 33L + FRACAO 33L;FRAÇÃO 33L;2 C a 8 C;562668;MG;A9121;00019200000013820478;MultiModal;30/07/2026 22:04;01/08/2026 09:42;01/08/2026 09:29;30/07/2026 22:04;01/08/2026 09:41
CAIXA 33L + FRACAO 33L;FRAÇÃO 33L;2 C a 8 C;562671;MG;A4907;00019200000013820443;MultiModal;30/07/2026 22:04;03/08/2026 10:38;03/08/2026 10:38;30/07/2026 22:04;03/08/2026 10:51
CAIXA 33L + FRACAO 33L;FRAÇÃO 33L;2 C a 8 C;562673;MG;A6572;00019200000013820532;MultiModal;01/08/2026 16:42;05/08/2026 10:09;-;01/08/2026 16:42;05/08/2026 10:09
CAIXA 33L + FRACAO 33L;FRAÇÃO 33L;2 C a 8 C;562688;MG;A2846;00019200000013820427;MultiModal;01/08/2026 16:00;-;-;01/08/2026 16:00;-
CAIXA 33L + FRACAO 33L;FRAÇÃO 33L;2 C a 8 C;562692;MG;TA0486;00019200000013820389;Rodoviário;06/08/2026 04:51;06/08/2026 13:04;-;06/08/2026 04:51;06/08/2026 13:04
CAIXA 33L + FRACAO 33L;FRAÇÃO 33L;2 C a 8 C;562709;MG;A9577;00019200000013820508;MultiModal;01/08/2026 15:58;03/08/2026 14:42;03/08/2026 14:42;01/08/2026 15:58;03/08/2026 14:48
CAIXA 33L + FRACAO 33L;FRAÇÃO 33L;2 C a 8 C;562772;MG;A8892;00019200000013823116;MultiModal;01/08/2026 15:32;03/08/2026 11:00;-;01/08/2026 15:32;03/08/2026 11:00
CAIXA 33L + FRACAO 33L;FRAÇÃO 33L;2 C a 8 C;562862;MG;A9618;00019200000013823256;MultiModal;03/08/2026 03:54;04/08/2026 11:42;04/08/2026 11:42;03/08/2026 03:54;04/08/2026 11:53
CAIXA 33L + FRACAO 33L;FRAÇÃO 33L;2 C a 8 C;562909;MG;A5870;00019200000013823663;Rodoviário;06/08/2026 04:50;06/08/2026 13:02;-;06/08/2026 04:50;06/08/2026 13:02
CAIXA 33L + FRACAO 33L;FRAÇÃO 33L;2 C a 8 C;562958;MG;A7154;00019200000013823302;MultiModal;03/08/2026 23:34;06/08/2026 12:00;-;03/08/2026 23:34;06/08/2026 12:00
CAIXA 33L + FRACAO 33L;FRAÇÃO 33L;2 C a 8 C;563026;MG;A3448;00019200000013776630;MultiModal;04/08/2026 23:12;10/08/2026 14:35;-;04/08/2026 23:12;10/08/2026 14:35
CAIXA 33L + FRACAO 33L;FRAÇÃO 33L;2 C a 8 C;563342;MG;A1339;00019200000013776584;MultiModal;04/08/2026 23:23;06/08/2026 10:20;06/08/2026 10:20;04/08/2026 23:23;06/08/2026 10:28
CAIXA 33L + FRACAO 33L;FRAÇÃO 33L;2 C a 8 C;563356;MG;TA0049;00019200000013871781;MultiModal;05/08/2026 22:59;07/08/2026 11:40;-;05/08/2026 22:59;07/08/2026 11:40
CAIXA 33L + FRACAO 33L;FRAÇÃO 33L;2 C a 8 C;563444;MG;A7017;00019200000013871641;MultiModal;06/08/2026 03:21;07/08/2026 15:03;07/08/2026 15:03;06/08/2026 03:21;07/08/2026 15:17
CAIXA 33L + FRACAO 33L;FRAÇÃO 33L;2 C a 8 C;563546;MG;TA0106;00019200000013866770;MultiModal;06/08/2026 06:36;07/08/2026 10:19;07/08/2026 10:19;06/08/2026 06:36;07/08/2026 10:37
CAIXA 33L + FRACAO 33L;FRAÇÃO 33L;2 C a 8 C;563601;MG;A8062;00019200000013861140;MultiModal;08/08/2026 18:04;12/08/2026 14:00;-;08/08/2026 18:04;12/08/2026 14:00
CAIXA 33L + FRACAO 33L;FRAÇÃO 33L;2 C a 8 C;563604;MG;A5416;00019200000013867784;MultiModal;06/08/2026 23:18;07/08/2026 15:51;07/08/2026 15:51;06/08/2026 23:18;07/08/2026 15:56
CAIXA 33L + FRACAO 33L;FRAÇÃO 33L;2 C a 8 C;563790;MG;A2431;00019200000013861042;MultiModal;08/08/2026 17:57;11/08/2026 12:14;11/08/2026 12:14;08/08/2026 17:57;11/08/2026 13:23
CAIXA 33L + FRACAO 33L;FRAÇÃO 33L;2 C a 8 C;563856;MG;A7061;00019200000013859838;MultiModal;10/08/2026 08:41;11/08/2026 10:31;11/08/2026 10:31;10/08/2026 08:41;11/08/2026 10:57
CAIXA 33L + FRACAO 33L;FRAÇÃO 33L;2 C a 8 C;564027;MG;A6484;00019200000013859889;MultiModal;11/08/2026 23:19;13/08/2026 10:27;-;11/08/2026 23:19;13/08/2026 10:27
CAIXA 33L + FRACAO 33L;FRAÇÃO 33L;2 C a 8 C;564082;MG;A8018;00019200000013859951;Rodoviário;12/08/2026 01:35;12/08/2026 16:28;-;12/08/2026 01:35;12/08/2026 16:28
CAIXA 33L + FRACAO 33L;FRAÇÃO 33L;2 C a 8 C;564226;MG;TA0897;00019200000013856600;MultiModal;12/08/2026 22:54;14/08/2026 10:12;-;12/08/2026 22:54;14/08/2026 10:12
CAIXA 33L + FRACAO 33L;FRAÇÃO 33L;2 C a 8 C;564339;MG;A8569;00019200000013974815;MultiModal;15/08/2026 23:26;18/08/2026 13:45;18/08/2026 13:45;15/08/2026 23:26;18/08/2026 13:46
CAIXA 33L + FRACAO 33L;FRAÇÃO 33L;2 C a 8 C;564368;MG;A8410;00019200000013973037;MultiModal;15/08/2026 23:34;19/08/2026 09:16;19/08/2026 09:16;15/08/2026 23:34;19/08/2026 09:17
CAIXA 33L + FRACAO 33L;FRAÇÃO 33L;2 C a 8 C;564369;MG;A4065;00019200000013973010;MultiModal;15/08/2026 23:38;19/08/2026 10:33;-;15/08/2026 23:38;19/08/2026 10:33
CAIXA 33L + FRACAO 33L;FRAÇÃO 33L;2 C a 8 C;564390;MG;A8846;00019200000013972928;MultiModal;15/08/2026 23:26;19/08/2026 17:00;-;15/08/2026 23:26;19/08/2026 17:00
CAIXA 33L + FRACAO 33L;FRAÇÃO 33L;2 C a 8 C;564401;MG;TA0882;00019200000013973100;MultiModal;15/08/2026 23:34;19/08/2026 09:18;19/08/2026 09:18;15/08/2026 23:34;19/08/2026 09:19
CAIXA 33L + FRACAO 33L;FRAÇÃO 33L;2 C a 8 C;564403;MG;TA0414;00019200000013973061;MultiModal;15/08/2026 23:34;17/08/2026 15:02;-;15/08/2026 23:34;17/08/2026 15:02
CAIXA 33L + FRACAO 33L;FRAÇÃO 33L;2 C a 8 C;564408;MG;A5860;00019200000013984764;MultiModal;15/08/2026 23:33;18/08/2026 13:26;18/08/2026 13:26;15/08/2026 23:33;18/08/2026 13:43
CAIXA 33L + FRACAO 33L;FRAÇÃO 33L;2 C a 8 C;564414;MG;A5801;00019200000013984772;MultiModal;15/08/2026 23:35;18/08/2026 11:17;-;15/08/2026 23:35;18/08/2026 11:17
CAIXA 33L + FRACAO 33L;FRAÇÃO 33L;2 C a 8 C;564441;MG;A0651;00019200000013972995;MultiModal;15/08/2026 23:35;18/08/2026 13:43;18/08/2026 13:43;15/08/2026 23:35;18/08/2026 13:44
CAIXA 33L + FRACAO 33L;FRAÇÃO 33L;2 C a 8 C;564451;MG;A2697;00019200000013998862;MultiModal;19/08/2026 23:43;21/08/2026 10:01;21/08/2026 10:01;19/08/2026 23:43;21/08/2026 10:15
CAIXA 33L + FRACAO 33L;FRAÇÃO 33L;2 C a 8 C;564455;MG;A1657;00019200000013972774;MultiModal;15/08/2026 23:41;19/08/2026 10:32;-;15/08/2026 23:41;19/08/2026 10:32
CAIXA 33L + FRACAO 33L;FRAÇÃO 33L;2 C a 8 C;564456;MG;A8192;00019200000013984900;MultiModal;15/08/2026 23:34;19/08/2026 09:13;19/08/2026 09:13;15/08/2026 23:34;19/08/2026 09:15
CAIXA 33L + FRACAO 33L;FRAÇÃO 33L;2 C a 8 C;564466;MG;A8559;00019200000013972901;MultiModal;15/08/2026 23:34;17/08/2026 15:04;-;15/08/2026 23:34;17/08/2026 15:04
CAIXA 33L + FRACAO 33L;FRAÇÃO 33L;2 C a 8 C;564477;MG;A7139;00019200000013972677;Rodoviário;17/08/2026 03:13;17/08/2026 09:15;-;17/08/2026 03:13;17/08/2026 09:15
CAIXA 33L + FRACAO 33L;FRAÇÃO 33L;2 C a 8 C;564549;MG;A3844;00019200000013972090;MultiModal;17/08/2026 07:43;18/08/2026 13:43;18/08/2026 13:46;17/08/2026 07:43;18/08/2026 13:48
CAIXA 33L + FRACAO 33L;FRAÇÃO 33L;2 C a 8 C;564698;MG;A2496;00019200000013971603;MultiModal;17/08/2026 07:43;19/08/2026 08:51;19/08/2026 08:51;17/08/2026 07:43;19/08/2026 09:10
CAIXA 33L + FRACAO 33L;FRAÇÃO 33L;2 C a 8 C;564938;MG;A3730;00019200000013992015;MultiModal;18/08/2026 06:01;20/08/2026 16:11;-;18/08/2026 06:01;20/08/2026 16:11
CAIXA 33L + FRACAO 33L;FRAÇÃO 33L;2 C a 8 C;565056;MG;A4188;00019200000014018756;MultiModal;27/08/2026 04:53;28/08/2026 16:59;31/08/2026 11:20;27/08/2026 04:53;31/08/2026 11:22
CAIXA 33L + FRACAO 33L;FRAÇÃO 33L;2 C a 8 C;565079;MG;A0525;00019200000013995596;MultiModal;23/08/2026 00:36;27/08/2026 15:00;-;23/08/2026 00:36;27/08/2026 15:00
CAIXA 33L + FRACAO 33L;FRAÇÃO 33L;2 C a 8 C;565125;MG;TA0819;00019200000013998536;MultiModal;19/08/2026 04:11;20/08/2026 11:32;20/08/2026 11:32;19/08/2026 04:11;20/08/2026 11:33
CAIXA 33L + FRACAO 33L;FRAÇÃO 33L;2 C a 8 C;565140;MG;TA0104;00019200000013993151;MultiModal;23/08/2026 04:06;24/08/2026 12:17;24/08/2026 12:17;23/08/2026 04:06;24/08/2026 12:31
CAIXA 33L + FRACAO 33L;FRAÇÃO 33L;2 C a 8 C;565152;MG;A2832;00019200000013995685;MultiModal;23/08/2026 04:06;24/08/2026 12:34;24/08/2026 12:34;23/08/2026 04:06;24/08/2026 12:35
CAIXA 33L + FRACAO 33L;FRAÇÃO 33L;2 C a 8 C;565298;MG;A4247;00019200000013995600;Rodoviário;24/08/2026 05:08;24/08/2026 12:09;-;24/08/2026 05:08;24/08/2026 12:09
CAIXA 33L + FRACAO 33L;FRAÇÃO 33L;2 C a 8 C;565417;MG;TA0471;00019200000013995553;MultiModal;23/08/2026 04:06;24/08/2026 12:32;24/08/2026 12:32;23/08/2026 04:06;24/08/2026 12:33
CAIXA 33L + FRACAO 33L;FRAÇÃO 33L;2 C a 8 C;565559;MG;A7748;00019200000014036991;MultiModal;23/08/2026 04:07;24/08/2026 15:28;24/08/2026 16:50;23/08/2026 04:07;24/08/2026 16:52
CAIXA 33L + FRACAO 33L;FRAÇÃO 33L;2 C a 8 C;565568;MG;A8306;00019200000014036983;MultiModal;23/08/2026 04:07;25/08/2026 07:04;25/08/2026 07:04;23/08/2026 04:07;25/08/2026 07:05
CAIXA 33L + FRACAO 33L;FRAÇÃO 33L;2 C a 8 C;565591;MG;A6170;00019200000013992910;MultiModal;23/08/2026 04:06;24/08/2026 13:30;24/08/2026 16:48;23/08/2026 04:06;24/08/2026 16:50
CAIXA 33L + FRACAO 33L;FRAÇÃO 33L;2 C a 8 C;565601;MG;A5567;00019200000013992929;MultiModal;23/08/2026 04:06;25/08/2026 09:22;25/08/2026 09:22;23/08/2026 04:06;25/08/2026 09:34
CAIXA 33L + FRACAO 33L;FRAÇÃO 33L;2 C a 8 C;565716;MG;A9540;00019200000014044269;MultiModal;24/08/2026 08:54;26/08/2026 08:01;26/08/2026 08:01;24/08/2026 08:54;26/08/2026 08:47
CAIXA 33L + FRACAO 33L;FRAÇÃO 33L;2 C a 8 C;565740;MG;A7109;00019200000014037017;MultiModal;24/08/2026 08:54;25/08/2026 11:24;25/08/2026 11:24;24/08/2026 08:54;25/08/2026 11:46
CAIXA 33L + FRACAO 33L;FRAÇÃO 33L;2 C a 8 C;565741;MG;A1494;00019200000014037050;MultiModal;24/08/2026 08:54;25/08/2026 11:46;25/08/2026 11:46;24/08/2026 08:54;25/08/2026 11:48
CAIXA 33L + FRACAO 33L;FRAÇÃO 33L;2 C a 8 C;565749;MG;A7494;00019200000013996100;MultiModal;24/08/2026 08:54;25/08/2026 10:41;25/08/2026 10:41;24/08/2026 08:54;25/08/2026 10:42
CAIXA 33L + FRACAO 33L;FRAÇÃO 33L;2 C a 8 C;565751;MG;A6117;00019200000014044331;MultiModal;24/08/2026 03:58;25/08/2026 10:26;-;24/08/2026 03:58;25/08/2026 10:26
CAIXA 33L + FRACAO 33L;FRAÇÃO 33L;2 C a 8 C;565759;MG;A5816;00019200000014044315;MultiModal;24/08/2026 00:00;27/08/2026 15:45;-;24/08/2026 00:00;27/08/2026 15:45
CAIXA 33L + FRACAO 33L;FRAÇÃO 33L;2 C a 8 C;565774;MG;TA0095;00019200000014041626;MultiModal;24/08/2026 09:23;25/08/2026 11:22;25/08/2026 11:22;24/08/2026 09:23;25/08/2026 11:23
CAIXA 33L + FRACAO 33L;FRAÇÃO 33L;2 C a 8 C;565790;MG;TA0331;00019200000014037394;MultiModal;24/08/2026 05:48;25/08/2026 11:14;25/08/2026 11:14;24/08/2026 05:48;25/08/2026 11:19
CAIXA 33L + FRACAO 33L;FRAÇÃO 33L;2 C a 8 C;565895;MG;TA0004;00019200000014049147;MultiModal;26/08/2026 05:09;27/08/2026 15:02;-;26/08/2026 05:09;27/08/2026 15:02
CAIXA 33L + FRACAO 33L;FRAÇÃO 33L;2 C a 8 C;565978;MG;A3607;00019200000014019655;MultiModal;26/08/2026 05:21;28/08/2026 08:54;28/08/2026 08:54;26/08/2026 05:21;28/08/2026 08:57
CAIXA 33L + FRACAO 33L;CAIXA 33L GELO PCM;2 C a 8 C;566079;MG;A4881;00019200000014015455;Rodoviário;31/08/2026 01:24;01/09/2026 05:46;01/09/2026 05:46;31/08/2026 01:24;01/09/2026 05:47
CAIXA 33L + FRACAO 33L;CAIXA 33L GELO PCM;2 C a 8 C;566082;MG;A7442;00019200000014015447;Rodoviário;31/08/2026 01:23;01/09/2026 05:48;01/09/2026 05:48;31/08/2026 01:23;01/09/2026 05:49
CAIXA 33L + FRACAO 33L;FRAÇÃO 33L;2 C a 8 C;566120;MG;A7098;00019200000014037181;MultiModal;27/08/2026 04:53;28/08/2026 14:30;28/08/2026 14:30;27/08/2026 04:53;28/08/2026 14:31
CAIXA 33L + FRACAO 33L;FRAÇÃO 33L;2 C a 8 C;566133;MG;A5961;00019200000014037246;MultiModal;27/08/2026 04:53;31/08/2026 15:50;-;27/08/2026 04:53;31/08/2026 15:50
CAIXA 33L + FRACAO 33L;FRAÇÃO 33L;2 C a 8 C;566139;MG;A2619;00019200000014015501;MultiModal;27/08/2026 04:53;28/08/2026 11:57;28/08/2026 11:57;27/08/2026 04:53;28/08/2026 11:58
CAIXA 33L + FRACAO 33L;CAIXA 33L GELO PCM;2 C a 8 C;566140;MG;A8548;00019200000014058391;MultiModal;31/08/2026 02:21;02/09/2026 15:15;-;31/08/2026 02:21;02/09/2026 15:15
CAIXA 33L + FRACAO 33L;FRAÇÃO 33L;2 C a 8 C;566143;MG;A3676;00019200000014037203;MultiModal;27/08/2026 05:01;-;-;27/08/2026 05:01;-
CAIXA 33L + FRACAO 33L;CAIXA 33L GELO PCM;2 C a 8 C;566235;MG;A7635;00019200000014153777;MultiModal;31/08/2026 02:22;01/09/2026 15:58;-;31/08/2026 02:22;01/09/2026 15:58
CAIXA 33L + FRACAO 33L;CAIXA 33L GELO PCM;2 C a 8 C;566356;MG;A9708;00019200000014153637;Rodoviário;31/08/2026 01:24;01/09/2026 09:13;01/09/2026 09:15;31/08/2026 01:24;01/09/2026 09:16
CAIXA 33L + FRACAO 33L;CAIXA 33L GELO PCM;2 C a 8 C;566469;MG;TA0251;00019200000014152746;MultiModal;01/09/2026 04:58;03/09/2026 13:24;-;01/09/2026 04:58;03/09/2026 13:24
CAIXA 33L + FRACAO 33L;FRAÇÃO 33L;2 C a 8 C;566579;MG;TA1230;00019200000014152738;MultiModal;31/08/2026 22:42;02/09/2026 16:05;-;31/08/2026 22:42;02/09/2026 16:05
CAIXA 33L + FRACAO 33L;CAIXA 33L GELO PCM;2 C a 8 C;566623;MG;A6048;00019200000014149141;MultiModal;01/09/2026 05:05;02/09/2026 10:08;02/09/2026 10:08;01/09/2026 05:05;02/09/2026 10:18
CAIXA 33L + FRACAO 33L;FRAÇÃO 33L;2 C a 8 C;566731;MG;A6263;00019200000014186675;MultiModal;02/09/2026 01:11;-;-;02/09/2026 01:11;-
CAIXA 33L + FRACAO 33L;FRAÇÃO 33L;2 C a 8 C;566735;MG;A7182;00019200000014186721;MultiModal;02/09/2026 01:11;03/09/2026 15:00;-;02/09/2026 01:11;03/09/2026 15:00
CAIXA 33L + FRACAO 33L;FRAÇÃO 33L;2 C a 8 C;566755;MG;A2716;00019200000014186683;MultiModal;02/09/2026 01:15;-;-;02/09/2026 01:15;-
CAIXA 33L + FRACAO 33L;CAIXA 33L GELO PCM;2 C a 8 C;566815;MG;A7297;00019200000014032660;MultiModal;01/09/2026 05:24;03/09/2026 14:22;-;01/09/2026 05:24;03/09/2026 14:22
CAIXA 33L + FRACAO 33L;FRAÇÃO 33L;2 C a 8 C;567330;MG;A6776;00019200000014196972;MultiModal;03/09/2026 22:30;-;-;03/09/2026 22:30;-
CAIXA 33L + FRACAO 33L;FRAÇÃO 33L;2 C a 8 C;567333;MG;A7805;00019200000014197006;MultiModal;03/09/2026 22:30;-;-;03/09/2026 22:30;-
CAIXA 33L + FRACAO 33L;FRAÇÃO 33L;2 C a 8 C;558343;MS;A8675;00019200000013413660;MultiModal;13/07/2026 00:47;14/07/2026 15:00;-;13/07/2026 00:47;14/07/2026 15:00
CAIXA 33L + FRACAO 33L;FRAÇÃO 33L;2 C a 8 C;560717;MS;A6510;00019200000013440314;MultiModal;15/07/2026 22:43;20/07/2026 15:40;-;15/07/2026 22:43;20/07/2026 15:40
CAIXA 33L + FRACAO 33L;FRAÇÃO 33L;2 C a 8 C;560772;MS;A7388;00019200000013442155;MultiModal;15/07/2026 03:29;16/07/2026 15:33;-;15/07/2026 03:29;16/07/2026 15:33
CAIXA 33L + FRACAO 33L;FRAÇÃO 33L;2 C a 8 C;561142;MS;A2361;00019200000013472470;MultiModal;22/07/2026 04:38;23/07/2026 15:29;-;22/07/2026 04:38;23/07/2026 15:29
CAIXA 33L + FRACAO 33L;FRAÇÃO 33L;2 C a 8 C;561158;MS;A6238;00019200000013454609;MultiModal;15/07/2026 22:43;20/07/2026 11:10;-;15/07/2026 22:43;20/07/2026 11:10
CAIXA 33L + FRACAO 33L;FRAÇÃO 33L;2 C a 8 C;561468;MS;A3916;00019200000013478842;MultiModal;20/07/2026 04:59;21/07/2026 17:00;-;20/07/2026 04:59;21/07/2026 17:00
CAIXA 33L + FRACAO 33L;FRAÇÃO 33L;2 C a 8 C;561518;MS;A9528;00019200000013462776;MultiModal;22/07/2026 04:38;23/07/2026 15:26;-;22/07/2026 04:38;23/07/2026 15:26
CAIXA 33L + FRACAO 33L;FRAÇÃO 33L;2 C a 8 C;561574;MS;A9286;00019200000013472615;MultiModal;20/07/2026 04:59;21/07/2026 17:00;-;20/07/2026 04:59;21/07/2026 17:00
CAIXA 33L + FRACAO 33L;FRAÇÃO 33L;2 C a 8 C;562189;MS;A1964;00019200000013778234;MultiModal;28/07/2026 00:49;29/07/2026 17:00;-;28/07/2026 00:49;29/07/2026 17:00
CAIXA 33L + FRACAO 33L;FRAÇÃO 33L;2 C a 8 C;562284;MS;A3872;00019200000013778250;MultiModal;28/07/2026 00:49;29/07/2026 17:00;-;28/07/2026 00:49;29/07/2026 17:00
CAIXA 33L + FRACAO 33L;FRAÇÃO 33L;2 C a 8 C;562943;MS;A9362;00019200000013787608;MultiModal;03/08/2026 23:20;05/08/2026 15:33;-;03/08/2026 23:20;05/08/2026 15:33
CAIXA 33L + FRACAO 33L;FRAÇÃO 33L;2 C a 8 C;563277;MS;A0807;00019200000013855620;MultiModal;10/08/2026 22:47;12/08/2026 17:00;-;10/08/2026 22:47;12/08/2026 17:00
CAIXA 33L + FRACAO 33L;FRAÇÃO 33L;2 C a 8 C;563369;MS;A0719;00019200000013871110;MultiModal;05/08/2026 22:53;07/08/2026 15:45;-;05/08/2026 22:53;07/08/2026 15:45
CAIXA 33L + FRACAO 33L;FRAÇÃO 33L;2 C a 8 C;563445;MS;TA0373;00019200000013871412;MultiModal;10/08/2026 22:47;12/08/2026 15:29;-;10/08/2026 22:47;12/08/2026 15:29
CAIXA 33L + FRACAO 33L;FRAÇÃO 33L;2 C a 8 C;563736;MS;A7750;00019200000013971557;MultiModal;19/08/2026 03:02;20/08/2026 15:10;-;19/08/2026 03:02;20/08/2026 15:10
CAIXA 33L + FRACAO 33L;FRAÇÃO 33L;2 C a 8 C;564319;MS;TA0750;00019200000013977504;MultiModal;15/08/2026 23:41;17/08/2026 18:00;-;15/08/2026 23:41;17/08/2026 18:00
CAIXA 33L + FRACAO 33L;FRAÇÃO 33L;2 C a 8 C;564333;MS;A6751;00019200000013974785;MultiModal;15/08/2026 23:41;18/08/2026 10:00;-;15/08/2026 23:41;18/08/2026 10:00
CAIXA 33L + FRACAO 33L;FRAÇÃO 33L;2 C a 8 C;564361;MS;A6359;00019200000013998846;MultiModal;19/08/2026 23:25;21/08/2026 15:00;21/08/2026 15:00;19/08/2026 23:25;21/08/2026 15:11
CAIXA 33L + FRACAO 33L;FRAÇÃO 33L;2 C a 8 C;564704;MS;A8505;00019200000013970720;MultiModal;17/08/2026 03:59;18/08/2026 15:09;18/08/2026 15:09;17/08/2026 03:59;18/08/2026 15:13
CAIXA 33L + FRACAO 33L;FRAÇÃO 33L;2 C a 8 C;565059;MS;A8942;00019200000013996320;MultiModal;23/08/2026 00:37;24/08/2026 14:00;-;23/08/2026 00:37;24/08/2026 14:00
CAIXA 33L + FRACAO 33L;FRAÇÃO 33L;2 C a 8 C;565639;MS;TA0504;00019200000014037041;MultiModal;24/08/2026 04:09;26/08/2026 12:00;-;24/08/2026 04:09;26/08/2026 12:00
CAIXA 33L + FRACAO 33L;FRAÇÃO 33L;2 C a 8 C;565811;MS;A7111;00019200000014049333;MultiModal;26/08/2026 01:32;27/08/2026 14:51;27/08/2026 14:51;26/08/2026 01:32;27/08/2026 15:01
CAIXA 33L + FRACAO 33L;FRAÇÃO 33L;2 C a 8 C;565986;MS;A9210;00019200000014058375;MultiModal;02/09/2026 00:43;03/09/2026 14:00;-;02/09/2026 00:43;03/09/2026 14:00
CAIXA 33L + FRACAO 33L;FRAÇÃO 33L;2 C a 8 C;556505;MT;A6525;00019200000013423053;MultiModal;06/07/2026 03:34;07/07/2026 15:00;-;06/07/2026 03:34;07/07/2026 15:00
CAIXA 33L + FRACAO 33L;FRAÇÃO 33L;2 C a 8 C;560088;MT;A7526;00019200000013492349;MultiModal;13/07/2026 00:46;14/07/2026 10:00;-;13/07/2026 00:46;14/07/2026 10:00
CAIXA 33L + FRACAO 33L;FRAÇÃO 33L;2 C a 8 C;560237;MT;TA0506;00019200000013411055;MultiModal;09/07/2026 02:34;10/07/2026 10:30;-;09/07/2026 02:34;10/07/2026 10:30
CAIXA 33L + FRACAO 33L;FRAÇÃO 33L;2 C a 8 C;560837;MT;A8238;00019200000013445723;MultiModal;13/07/2026 23:11;16/07/2026 09:00;-;13/07/2026 23:11;16/07/2026 09:00
CAIXA 33L + FRACAO 33L;FRAÇÃO 33L;2 C a 8 C;561491;MT;A3065;00019200000013477439;MultiModal;20/07/2026 03:58;21/07/2026 14:00;-;20/07/2026 03:58;21/07/2026 14:00
CAIXA 33L + FRACAO 33L;FRAÇÃO 33L;2 C a 8 C;561790;MT;TA0394;00019200000013694324;MultiModal;28/07/2026 02:35;29/07/2026 14:30;-;28/07/2026 02:35;29/07/2026 14:30
CAIXA 33L + FRACAO 33L;FRAÇÃO 33L;2 C a 8 C;561963;MT;A8257;00019200000013773577;MultiModal;28/07/2026 22:17;30/07/2026 15:30;-;28/07/2026 22:17;30/07/2026 15:30
CAIXA 33L + FRACAO 33L;FRAÇÃO 33L;2 C a 8 C;562251;MT;A9534;00019200000013820923;MultiModal;03/08/2026 00:03;03/08/2026 14:30;-;03/08/2026 00:03;03/08/2026 14:30
CAIXA 33L + FRACAO 33L;FRAÇÃO 33L;2 C a 8 C;562558;MT;A6255;00019200000013786083;MultiModal;03/08/2026 00:04;03/08/2026 14:30;-;03/08/2026 00:04;03/08/2026 14:30
CAIXA 33L + FRACAO 33L;FRAÇÃO 33L;2 C a 8 C;563088;MT;A6936;00019200000013855611;MultiModal;10/08/2026 04:53;11/08/2026 15:00;-;10/08/2026 04:53;11/08/2026 15:00
CAIXA 33L + FRACAO 33L;FRAÇÃO 33L;2 C a 8 C;563096;MT;A5701;00019200000013859048;MultiModal;10/08/2026 04:53;11/08/2026 15:00;-;10/08/2026 04:53;11/08/2026 15:00
CAIXA 33L + FRACAO 33L;FRAÇÃO 33L;2 C a 8 C;563446;MT;A7855;00019200000013871757;MultiModal;05/08/2026 22:59;06/08/2026 15:00;-;05/08/2026 22:59;06/08/2026 15:00
CAIXA 33L + FRACAO 33L;FRAÇÃO 33L;2 C a 8 C;563549;MT;A3830;00019200000013871129;MultiModal;05/08/2026 22:59;06/08/2026 15:30;-;05/08/2026 22:59;06/08/2026 15:30
CAIXA 33L + FRACAO 33L;FRAÇÃO 33L;2 C a 8 C;563780;MT;A6880;00019200000013861727;MultiModal;08/08/2026 17:57;10/08/2026 14:00;-;08/08/2026 17:57;10/08/2026 14:00
CAIXA 33L + FRACAO 33L;FRAÇÃO 33L;2 C a 8 C;563890;MT;A6070;00019200000013863452;MultiModal;10/08/2026 04:53;11/08/2026 14:10;-;10/08/2026 04:53;11/08/2026 14:10
CAIXA 33L + FRACAO 33L;FRAÇÃO 33L;2 C a 8 C;564184;MT;A4935;00019200000013921533;MultiModal;12/08/2026 23:12;14/08/2026 12:00;-;12/08/2026 23:12;14/08/2026 12:00
CAIXA 33L + FRACAO 33L;FRAÇÃO 33L;2 C a 8 C;564269;MT;A4412;00019200000013974319;MultiModal;18/08/2026 03:40;19/08/2026 14:30;-;18/08/2026 03:40;19/08/2026 14:30
CAIXA 33L + FRACAO 33L;FRAÇÃO 33L;2 C a 8 C;564709;MT;A6564;00019200000013971565;MultiModal;17/08/2026 04:00;18/08/2026 09:00;-;17/08/2026 04:00;18/08/2026 09:00
CAIXA 33L + FRACAO 33L;FRAÇÃO 33L;2 C a 8 C;565539;MT;TA0173;00019200000013992945;MultiModal;23/08/2026 00:38;25/08/2026 09:26;-;23/08/2026 00:38;25/08/2026 09:26
CAIXA 33L + FRACAO 33L;FRAÇÃO 33L;2 C a 8 C;565812;MT;A6622;00019200000014028409;MultiModal;26/08/2026 01:32;27/08/2026 13:40;-;26/08/2026 01:32;27/08/2026 13:40
CAIXA 33L + FRACAO 33L;FRAÇÃO 33L;2 C a 8 C;565896;MT;A2496;00019200000014049112;MultiModal;26/08/2026 01:44;27/08/2026 14:00;-;26/08/2026 01:44;27/08/2026 14:00
CAIXA 33L + FRACAO 33L;CAIXA 33L GELO PCM;2 C a 8 C;566240;MT;A8590;00019200000014153785;MultiModal;29/08/2026 23:47;31/08/2026 15:00;-;29/08/2026 23:47;31/08/2026 15:00
CAIXA 33L + FRACAO 33L;FRAÇÃO 33L;2 C a 8 C;566420;MT;A1501;00019200000014152819;MultiModal;31/08/2026 22:42;03/09/2026 10:03;-;31/08/2026 22:42;03/09/2026 10:03
CAIXA 33L + FRACAO 33L;FRAÇÃO 33L;2 C a 8 C;558345;PA;A6880;00019200000013423177;MultiModal;06/07/2026 00:28;07/07/2026 14:22;-;06/07/2026 00:28;07/07/2026 14:22
CAIXA 33L + FRACAO 33L;FRAÇÃO 33L;2 C a 8 C;559070;PA;A3032;00019200000013422308;MultiModal;08/07/2026 00:22;10/07/2026 10:00;-;08/07/2026 00:21;10/07/2026 10:00
CAIXA 33L + FRACAO 33L;FRAÇÃO 33L;2 C a 8 C;559668;PA;A9654;00019200000013428209;MultiModal;02/07/2026 00:20;03/07/2026 17:39;-;02/07/2026 00:20;03/07/2026 17:39
CAIXA 33L + FRACAO 33L;FRAÇÃO 33L;2 C a 8 C;559799;PA;A7755;00019200000013419102;MultiModal;07/07/2026 01:04;08/07/2026 18:00;-;07/07/2026 01:04;08/07/2026 18:00
CAIXA 33L + FRACAO 33L;FRAÇÃO 33L;2 C a 8 C;559841;PA;A9712;00019200000013488120;MultiModal;13/07/2026 23:21;15/07/2026 15:00;-;13/07/2026 23:21;15/07/2026 15:00
CAIXA 33L + FRACAO 33L;FRAÇÃO 33L;2 C a 8 C;561439;PA;A7460;00019200000013472666;MultiModal;20/07/2026 04:21;23/07/2026 15:55;-;20/07/2026 04:21;23/07/2026 15:55
CAIXA 33L + FRACAO 33L;FRAÇÃO 33L;2 C a 8 C;561520;PA;A3162;00019200000013465783;MultiModal;21/07/2026 23:19;23/07/2026 15:25;-;21/07/2026 23:19;23/07/2026 15:25
CAIXA 33L + FRACAO 33L;FRAÇÃO 33L;2 C a 8 C;561716;PA;A1528;00019200000013456750;MultiModal;22/07/2026 23:34;24/07/2026 15:40;-;22/07/2026 23:34;24/07/2026 15:40
CAIXA 33L + FRACAO 33L;FRAÇÃO 33L;2 C a 8 C;562024;PA;A7753;00019200000013694472;MultiModal;26/07/2026 01:28;27/07/2026 15:13;-;26/07/2026 01:28;27/07/2026 15:13
CAIXA 33L + FRACAO 33L;FRAÇÃO 33L;2 C a 8 C;562026;PA;A9207;00019200000013694464;MultiModal;26/07/2026 01:29;27/07/2026 15:18;-;26/07/2026 01:29;27/07/2026 15:18
CAIXA 33L + FRACAO 33L;FRAÇÃO 33L;2 C a 8 C;562288;PA;A7864;00019200000013778200;MultiModal;28/07/2026 00:48;29/07/2026 16:00;-;28/07/2026 00:48;29/07/2026 16:00
CAIXA 33L + FRACAO 33L;FRAÇÃO 33L;2 C a 8 C;562290;PA;A8536;00019200000013778218;MultiModal;28/07/2026 00:47;29/07/2026 16:58;-;28/07/2026 00:47;29/07/2026 16:58
CAIXA 33L + FRACAO 33L;FRAÇÃO 33L;2 C a 8 C;562584;PA;A1904;00019200000013820885;MultiModal;29/07/2026 22:54;31/07/2026 15:00;-;29/07/2026 22:54;31/07/2026 15:00
CAIXA 33L + FRACAO 33L;FRAÇÃO 33L;2 C a 8 C;563145;PA;A0142;00019200000013856804;MultiModal;04/08/2026 23:28;10/08/2026 12:10;-;04/08/2026 23:28;10/08/2026 12:10
CAIXA 33L + FRACAO 33L;FRAÇÃO 33L;2 C a 8 C;563448;PA;A4010;00019200000013871404;MultiModal;11/08/2026 23:15;13/08/2026 16:00;-;11/08/2026 23:15;13/08/2026 16:00
CAIXA 33L + FRACAO 33L;FRAÇÃO 33L;2 C a 8 C;563898;PA;A6263;00019200000013863410;MultiModal;10/08/2026 00:40;11/08/2026 14:00;-;10/08/2026 00:40;11/08/2026 14:00
CAIXA 33L + FRACAO 33L;FRAÇÃO 33L;2 C a 8 C;564177;PA;A3342;00019200000013856405;MultiModal;11/08/2026 23:09;13/08/2026 14:00;-;11/08/2026 23:09;13/08/2026 14:00
CAIXA 33L + FRACAO 33L;FRAÇÃO 33L;2 C a 8 C;564281;PA;A1514;00019200000013868284;MultiModal;13/08/2026 04:38;14/08/2026 15:06;-;13/08/2026 04:38;14/08/2026 15:06
CAIXA 33L + FRACAO 33L;FRAÇÃO 33L;2 C a 8 C;565148;PA;A8646;00019200000013995570;MultiModal;23/08/2026 00:38;24/08/2026 10:00;-;23/08/2026 00:38;24/08/2026 10:00
CAIXA 33L + FRACAO 33L;FRAÇÃO 33L;2 C a 8 C;565163;PA;A0893;00019200000014042932;MultiModal;26/08/2026 22:39;28/08/2026 15:59;28/08/2026 15:59;26/08/2026 22:39;28/08/2026 16:16
CAIXA 33L + FRACAO 33L;FRAÇÃO 33L;2 C a 8 C;565817;PA;TA1079;00019200000014046652;MultiModal;24/08/2026 22:35;26/08/2026 16:15;-;24/08/2026 22:35;26/08/2026 16:15
CAIXA 33L + FRACAO 33L;FRAÇÃO 33L;2 C a 8 C;565910;PA;TA0459;00019200000014049317;MultiModal;26/08/2026 01:44;27/08/2026 14:20;-;26/08/2026 01:44;27/08/2026 14:20
CAIXA 33L + FRACAO 33L;CAIXA 33L GELO PCM;2 C a 8 C;566362;PA;A9510;00019200000014153718;MultiModal;29/08/2026 23:33;31/08/2026 18:00;-;29/08/2026 23:33;31/08/2026 18:00
CAIXA 33L + FRACAO 33L;CAIXA 33L GELO PCM;2 C a 8 C;566916;PA;A4356;00019200000014195720;MultiModal;03/09/2026 03:59;-;-;03/09/2026 03:59;-
CAIXA 33L + FRACAO 33L;FRAÇÃO 33L;2 C a 8 C;559676;PB;A7317;00019200000013428241;MultiModal;02/07/2026 00:21;03/07/2026 11:30;-;02/07/2026 00:21;03/07/2026 11:30
CAIXA 33L + FRACAO 33L;FRAÇÃO 33L;2 C a 8 C;559803;PB;A6797;00019200000013418238;MultiModal;07/07/2026 00:57;08/07/2026 12:08;-;07/07/2026 00:57;08/07/2026 12:08
CAIXA 33L + FRACAO 33L;FRAÇÃO 33L;2 C a 8 C;560164;PB;A2029;00019200000013414607;MultiModal;08/07/2026 04:20;10/07/2026 15:00;-;08/07/2026 04:20;10/07/2026 15:00
CAIXA 33L + FRACAO 33L;FRAÇÃO 33L;2 C a 8 C;560208;PB;A1317;00019200000013410903;MultiModal;09/07/2026 00:02;10/07/2026 15:11;-;09/07/2026 00:02;10/07/2026 15:11
CAIXA 33L + FRACAO 33L;FRAÇÃO 33L;2 C a 8 C;560361;PB;A9605;00019200000013492276;MultiModal;13/07/2026 01:35;14/07/2026 08:15;-;13/07/2026 01:44;14/07/2026 08:15
CAIXA 33L + FRACAO 33L;FRAÇÃO 33L;2 C a 8 C;560810;PB;A8551;00019200000013442139;MultiModal;14/07/2026 22:55;16/07/2026 14:30;-;14/07/2026 22:55;16/07/2026 14:30
CAIXA 33L + FRACAO 33L;FRAÇÃO 33L;2 C a 8 C;560840;PB;A5727;00019200000013445766;MultiModal;13/07/2026 23:37;15/07/2026 15:00;-;13/07/2026 23:37;15/07/2026 15:00
CAIXA 33L + FRACAO 33L;FRAÇÃO 33L;2 C a 8 C;561570;PB;A4749;00019200000013472526;MultiModal;20/07/2026 04:20;21/07/2026 12:00;-;20/07/2026 04:20;21/07/2026 12:00
CAIXA 33L + FRACAO 33L;FRAÇÃO 33L;2 C a 8 C;561608;PB;A9605;00019200000013694430;MultiModal;28/07/2026 22:16;30/07/2026 15:30;-;28/07/2026 22:16;30/07/2026 15:30
CAIXA 33L + FRACAO 33L;FRAÇÃO 33L;2 C a 8 C;561805;PB;A7994;00019200000013456350;MultiModal;22/07/2026 23:37;24/07/2026 12:00;-;22/07/2026 23:37;24/07/2026 12:00
CAIXA 33L + FRACAO 33L;FRAÇÃO 33L;2 C a 8 C;562021;PB;TA0553;00019200000013694448;MultiModal;26/07/2026 01:46;27/07/2026 11:15;-;26/07/2026 01:46;27/07/2026 11:15
CAIXA 33L + FRACAO 33L;FRAÇÃO 33L;2 C a 8 C;562168;PB;TA1021;00019200000013691023;MultiModal;26/07/2026 01:46;27/07/2026 15:00;-;26/07/2026 01:46;27/07/2026 15:00
CAIXA 33L + FRACAO 33L;FRAÇÃO 33L;2 C a 8 C;562561;PB;TA0772;00019200000013820354;MultiModal;02/08/2026 23:50;04/08/2026 11:00;-;02/08/2026 23:50;04/08/2026 11:00
CAIXA 33L + FRACAO 33L;FRAÇÃO 33L;2 C a 8 C;562574;PB;TA0215;00019200000013820931;MultiModal;29/07/2026 22:57;03/08/2026 16:45;-;29/07/2026 22:57;03/08/2026 16:45
CAIXA 33L + FRACAO 33L;FRAÇÃO 33L;2 C a 8 C;563249;PB;A7493;00019200000013776797;MultiModal;04/08/2026 23:29;06/08/2026 13:52;-;04/08/2026 23:29;06/08/2026 13:52
CAIXA 33L + FRACAO 33L;FRAÇÃO 33L;2 C a 8 C;563291;PB;A9401;00019200000013776770;MultiModal;04/08/2026 23:18;06/08/2026 12:25;-;04/08/2026 23:18;06/08/2026 12:25
CAIXA 33L + FRACAO 33L;FRAÇÃO 33L;2 C a 8 C;563455;PB;A4958;00019200000013871730;MultiModal;10/08/2026 22:35;12/08/2026 10:20;-;10/08/2026 22:35;12/08/2026 10:20
CAIXA 33L + FRACAO 33L;FRAÇÃO 33L;2 C a 8 C;563677;PB;A6498;00019200000013861158;MultiModal;10/08/2026 04:55;11/08/2026 12:35;-;10/08/2026 04:55;11/08/2026 12:35
CAIXA 33L + FRACAO 33L;FRAÇÃO 33L;2 C a 8 C;564225;PB;A8140;00019200000013977440;MultiModal;12/08/2026 22:56;14/08/2026 10:30;-;12/08/2026 22:56;14/08/2026 10:30
CAIXA 33L + FRACAO 33L;FRAÇÃO 33L;2 C a 8 C;564374;PB;A7519;00019200000013984837;MultiModal;15/08/2026 23:51;17/08/2026 10:18;17/08/2026 10:18;15/08/2026 23:51;17/08/2026 10:25
CAIXA 33L + FRACAO 33L;FRAÇÃO 33L;2 C a 8 C;564378;PB;A8967;00019200000013984926;MultiModal;15/08/2026 23:35;18/08/2026 08:40;-;15/08/2026 23:35;18/08/2026 08:40
CAIXA 33L + FRACAO 33L;FRAÇÃO 33L;2 C a 8 C;564465;PB;A8598;00019200000013973070;MultiModal;15/08/2026 23:35;17/08/2026 14:16;-;15/08/2026 23:35;17/08/2026 14:16
CAIXA 33L + FRACAO 33L;FRAÇÃO 33L;2 C a 8 C;564538;PB;A1072;00019200000013973053;MultiModal;15/08/2026 23:50;17/08/2026 14:07;-;15/08/2026 23:50;17/08/2026 14:07
CAIXA 33L + FRACAO 33L;FRAÇÃO 33L;2 C a 8 C;564646;PB;TA0385;00019200000013971581;MultiModal;16/08/2026 23:37;18/08/2026 15:46;-;16/08/2026 23:37;18/08/2026 15:46
CAIXA 33L + FRACAO 33L;FRAÇÃO 33L;2 C a 8 C;564687;PB;A6889;00019200000013998684;MultiModal;19/08/2026 23:29;21/08/2026 09:00;-;19/08/2026 23:29;21/08/2026 09:00
CAIXA 33L + FRACAO 33L;FRAÇÃO 33L;2 C a 8 C;564824;PB;A0298;00019200000013969587;MultiModal;16/08/2026 23:37;19/08/2026 14:00;-;16/08/2026 23:37;19/08/2026 14:00
CAIXA 33L + FRACAO 33L;FRAÇÃO 33L;2 C a 8 C;565813;PB;A6910;00019200000014028395;MultiModal;26/08/2026 01:32;27/08/2026 14:30;-;26/08/2026 01:32;27/08/2026 14:30
CAIXA 33L + FRACAO 33L;CAIXA 33L GELO PCM;2 C a 8 C;566096;PB;A0714;00019200000014058863;MultiModal;29/08/2026 23:47;31/08/2026 09:51;31/08/2026 09:51;29/08/2026 23:47;31/08/2026 09:56
CAIXA 33L + FRACAO 33L;FRAÇÃO 33L;2 C a 8 C;566106;PB;TA0490;00019200000014037335;MultiModal;27/08/2026 03:21;28/08/2026 18:00;-;27/08/2026 03:21;28/08/2026 18:00
CAIXA 33L + FRACAO 33L;FRAÇÃO 33L;2 C a 8 C;566111;PB;TA0937;00019200000014037300;MultiModal;27/08/2026 03:21;28/08/2026 15:44;-;27/08/2026 03:21;28/08/2026 15:44
CAIXA 33L + FRACAO 33L;FRAÇÃO 33L;2 C a 8 C;566409;PB;A9600;00019200000014149117;MultiModal;01/09/2026 22:39;03/09/2026 09:25;-;01/09/2026 22:39;03/09/2026 09:25
CAIXA 33L + FRACAO 33L;CAIXA 33L GELO PCM;2 C a 8 C;566951;PB;A6479;00019200000014195739;MultiModal;03/09/2026 04:00;-;-;03/09/2026 04:00;-
CAIXA 33L + FRACAO 33L;FRAÇÃO 33L;2 C a 8 C;559738;PE;A9297;00019200000013423118;MultiModal;06/07/2026 03:03;07/07/2026 11:26;-;06/07/2026 03:03;07/07/2026 11:26
CAIXA 33L + FRACAO 33L;FRAÇÃO 33L;2 C a 8 C;559742;PE;A7321;00019200000013422901;MultiModal;02/07/2026 23:49;04/07/2026 09:22;-;02/07/2026 23:49;04/07/2026 09:22
CAIXA 33L + FRACAO 33L;FRAÇÃO 33L;2 C a 8 C;559991;PE;A9342;00019200000013419463;MultiModal;07/07/2026 06:03;10/07/2026 10:38;-;07/07/2026 06:03;10/07/2026 10:38
CAIXA 33L + FRACAO 33L;FRAÇÃO 33L;2 C a 8 C;560120;PE;A6804;00019200000013413686;MultiModal;08/07/2026 07:27;10/07/2026 11:35;-;08/07/2026 07:27;10/07/2026 11:35
CAIXA 33L + FRACAO 33L;FRAÇÃO 33L;2 C a 8 C;560243;PE;A7481;00019200000013410890;MultiModal;09/07/2026 02:34;10/07/2026 17:11;-;09/07/2026 02:34;10/07/2026 17:11
CAIXA 33L + FRACAO 33L;FRAÇÃO 33L;2 C a 8 C;560357;PE;A3437;00019200000013492330;MultiModal;13/07/2026 05:02;15/07/2026 11:48;-;13/07/2026 05:02;15/07/2026 11:48
CAIXA 33L + FRACAO 33L;FRAÇÃO 33L;2 C a 8 C;560358;PE;A2626;00019200000013489046;MultiModal;09/07/2026 23:46;11/07/2026 18:10;-;09/07/2026 23:46;11/07/2026 18:10
CAIXA 33L + FRACAO 33L;FRAÇÃO 33L;2 C a 8 C;560466;PE;A1420;00019200000013489020;MultiModal;09/07/2026 23:46;11/07/2026 19:02;-;09/07/2026 23:46;11/07/2026 19:02
CAIXA 33L + FRACAO 33L;FRAÇÃO 33L;2 C a 8 C;560582;PE;A6976;00019200000013452401;MultiModal;13/07/2026 05:02;15/07/2026 13:15;-;13/07/2026 05:02;15/07/2026 13:15
CAIXA 33L + FRACAO 33L;FRAÇÃO 33L;2 C a 8 C;560754;PE;A1964;00019200000013444905;MultiModal;14/07/2026 03:21;15/07/2026 16:34;-;14/07/2026 03:21;15/07/2026 16:34
CAIXA 33L + FRACAO 33L;FRAÇÃO 33L;2 C a 8 C;560844;PE;A8013;00019200000013444921;MultiModal;14/07/2026 03:21;15/07/2026 18:08;-;14/07/2026 03:21;15/07/2026 18:08
CAIXA 33L + FRACAO 33L;FRAÇÃO 33L;2 C a 8 C;560958;PE;TA0989;00019200000013480812;MultiModal;15/07/2026 03:28;16/07/2026 10:41;-;15/07/2026 03:28;16/07/2026 10:41
CAIXA 33L + FRACAO 33L;FRAÇÃO 33L;2 C a 8 C;562025;PE;A5686;00019200000013694480;MultiModal;26/07/2026 04:04;28/07/2026 09:29;28/07/2026 09:01;26/07/2026 04:04;28/07/2026 16:18
CAIXA 33L + FRACAO 33L;FRAÇÃO 33L;2 C a 8 C;562190;PE;TA0957;00019200000013777041;MultiModal;28/07/2026 02:28;30/07/2026 10:51;30/07/2026 11:02;28/07/2026 02:28;30/07/2026 11:06
CAIXA 33L + FRACAO 33L;FRAÇÃO 33L;2 C a 8 C;562278;PE;A4134;00019200000013777033;MultiModal;28/07/2026 02:28;30/07/2026 10:47;30/07/2026 11:02;28/07/2026 02:28;30/07/2026 11:06
CAIXA 33L + FRACAO 33L;FRAÇÃO 33L;2 C a 8 C;562698;PE;A9593;00019200000013820524;MultiModal;01/08/2026 16:11;03/08/2026 12:05;03/08/2026 12:05;01/08/2026 16:11;03/08/2026 12:08
CAIXA 33L + FRACAO 33L;FRAÇÃO 33L;2 C a 8 C;563167;PE;A1989;00019200000013776800;MultiModal;04/08/2026 23:19;06/08/2026 13:43;06/08/2026 13:44;04/08/2026 23:19;06/08/2026 13:48
CAIXA 33L + FRACAO 33L;FRAÇÃO 33L;2 C a 8 C;563341;PE;TA0865;00019200000013776606;MultiModal;04/08/2026 23:19;06/08/2026 13:32;06/08/2026 13:32;04/08/2026 23:19;06/08/2026 13:36
CAIXA 33L + FRACAO 33L;FRAÇÃO 33L;2 C a 8 C;563415;PE;A3077;00019200000013871145;MultiModal;06/08/2026 03:21;07/08/2026 15:37;07/08/2026 15:37;06/08/2026 03:21;07/08/2026 15:59
CAIXA 33L + FRACAO 33L;FRAÇÃO 33L;2 C a 8 C;563456;PE;A2078;00019200000013871765;MultiModal;06/08/2026 03:47;08/08/2026 11:33;08/08/2026 11:33;06/08/2026 03:47;08/08/2026 11:35
CAIXA 33L + FRACAO 33L;FRAÇÃO 33L;2 C a 8 C;563543;PE;A1099;00019200000013871846;MultiModal;05/08/2026 22:54;07/08/2026 14:42;-;05/08/2026 22:54;07/08/2026 14:42
CAIXA 33L + FRACAO 33L;FRAÇÃO 33L;2 C a 8 C;563605;PE;A3475;00019200000013869485;MultiModal;06/08/2026 03:16;07/08/2026 16:39;07/08/2026 16:39;06/08/2026 03:16;07/08/2026 16:48
CAIXA 33L + FRACAO 33L;FRAÇÃO 33L;2 C a 8 C;563796;PE;A8206;00019200000013855239;MultiModal;06/08/2026 23:18;08/08/2026 09:14;08/08/2026 09:14;06/08/2026 23:18;08/08/2026 09:21
CAIXA 33L + FRACAO 33L;FRAÇÃO 33L;2 C a 8 C;563874;PE;A7979;00019200000013859226;MultiModal;10/08/2026 04:55;11/08/2026 10:46;11/08/2026 10:46;10/08/2026 04:55;11/08/2026 10:48
CAIXA 33L + FRACAO 33L;FRAÇÃO 33L;2 C a 8 C;564182;PE;TA0469;00019200000013856332;MultiModal;11/08/2026 23:23;13/08/2026 12:29;-;11/08/2026 23:23;13/08/2026 12:29
CAIXA 33L + FRACAO 33L;FRAÇÃO 33L;2 C a 8 C;564346;PE;A8146;00019200000013974610;MultiModal;13/08/2026 22:52;15/08/2026 12:40;15/08/2026 12:40;13/08/2026 22:52;15/08/2026 12:46
CAIXA 33L + FRACAO 33L;FRAÇÃO 33L;2 C a 8 C;564469;PE;A3197;00019200000013972120;MultiModal;17/08/2026 04:01;18/08/2026 11:25;18/08/2026 11:27;17/08/2026 04:01;18/08/2026 11:28
CAIXA 33L + FRACAO 33L;FRAÇÃO 33L;2 C a 8 C;564525;PE;A8952;00019200000013972812;MultiModal;15/08/2026 23:28;18/08/2026 11:24;18/08/2026 11:29;15/08/2026 23:28;18/08/2026 11:30
CAIXA 33L + FRACAO 33L;FRAÇÃO 33L;2 C a 8 C;564700;PE;A2804;00019200000013971611;MultiModal;17/08/2026 04:01;18/08/2026 13:28;18/08/2026 13:21;17/08/2026 04:01;18/08/2026 13:30
CAIXA 33L + FRACAO 33L;FRAÇÃO 33L;2 C a 8 C;564842;PE;A0322;00019200000013991329;MultiModal;18/08/2026 03:46;19/08/2026 11:25;-;18/08/2026 03:46;19/08/2026 11:25
CAIXA 33L + FRACAO 33L;FRAÇÃO 33L;2 C a 8 C;564940;PE;A9281;00019200000013992031;MultiModal;18/08/2026 04:11;19/08/2026 11:25;-;18/08/2026 04:11;19/08/2026 11:25
CAIXA 33L + FRACAO 33L;FRAÇÃO 33L;2 C a 8 C;564944;PE;A0057;00019200000013991957;MultiModal;18/08/2026 03:35;19/08/2026 10:40;-;18/08/2026 03:35;19/08/2026 10:40
CAIXA 33L + FRACAO 33L;CAIXA 33L GELO PCM;2 C a 8 C;565098;PE;A2065;00019200000014059754;MultiModal;31/08/2026 02:16;-;-;31/08/2026 02:16;-
CAIXA 33L + FRACAO 33L;FRAÇÃO 33L;2 C a 8 C;565742;PE;A8196;00019200000014044242;MultiModal;24/08/2026 04:36;25/08/2026 11:35;25/08/2026 11:35;24/08/2026 04:36;25/08/2026 11:37
CAIXA 33L + FRACAO 33L;FRAÇÃO 33L;2 C a 8 C;565750;PE;TA1113;00019200000014044340;MultiModal;24/08/2026 06:15;25/08/2026 15:00;25/08/2026 14:56;24/08/2026 06:15;25/08/2026 15:05
CAIXA 33L + FRACAO 33L;FRAÇÃO 33L;2 C a 8 C;565758;PE;A8838;00019200000014039257;MultiModal;24/08/2026 04:15;25/08/2026 11:05;25/08/2026 11:05;24/08/2026 04:15;25/08/2026 11:23
CAIXA 33L + FRACAO 33L;FRAÇÃO 33L;2 C a 8 C;565769;PE;A7980;00019200000014039249;MultiModal;24/08/2026 04:36;25/08/2026 14:18;25/08/2026 14:54;24/08/2026 04:36;25/08/2026 14:56
CAIXA 33L + FRACAO 33L;FRAÇÃO 33L;2 C a 8 C;565796;PE;A3443;00019200000014037408;MultiModal;24/08/2026 04:14;25/08/2026 14:20;25/08/2026 14:51;24/08/2026 04:14;25/08/2026 14:53
CAIXA 33L + FRACAO 33L;FRAÇÃO 33L;2 C a 8 C;565800;PE;A1940;00019200000014037360;MultiModal;24/08/2026 04:14;25/08/2026 13:40;25/08/2026 13:40;24/08/2026 04:14;25/08/2026 14:04
CAIXA 33L + FRACAO 33L;FRAÇÃO 33L;2 C a 8 C;565818;PE;A6477;00019200000014028417;MultiModal;26/08/2026 01:32;27/08/2026 12:22;27/08/2026 12:22;26/08/2026 01:32;27/08/2026 12:25
CAIXA 33L + FRACAO 33L;FRAÇÃO 33L;2 C a 8 C;565899;PE;A3836;00019200000014049155;MultiModal;26/08/2026 01:44;27/08/2026 13:32;27/08/2026 13:32;26/08/2026 01:44;27/08/2026 13:44
CAIXA 33L + FRACAO 33L;FRAÇÃO 33L;2 C a 8 C;566135;PE;TA0977;00019200000014037254;MultiModal;27/08/2026 03:20;28/08/2026 10:21;28/08/2026 10:21;27/08/2026 03:20;28/08/2026 10:33
CAIXA 33L + FRACAO 33L;FRAÇÃO 33L;2 C a 8 C;566146;PE;A3094;00019200000014037327;MultiModal;27/08/2026 03:20;28/08/2026 11:03;28/08/2026 11:03;27/08/2026 03:20;28/08/2026 11:07
CAIXA 33L + FRACAO 33L;CAIXA 33L GELO PCM;2 C a 8 C;566358;PE;A5868;00019200000014153696;MultiModal;29/08/2026 23:47;31/08/2026 12:46;31/08/2026 12:26;29/08/2026 23:47;31/08/2026 12:50
CAIXA 33L + FRACAO 33L;CAIXA 33L GELO PCM;2 C a 8 C;566374;PE;A4416;00019200000014153629;MultiModal;29/08/2026 23:47;31/08/2026 11:45;31/08/2026 15:13;29/08/2026 23:47;31/08/2026 15:15
CAIXA 33L + FRACAO 33L;FRAÇÃO 33L;2 C a 8 C;566378;PE;A7942;00019200000014059053;MultiModal;27/08/2026 22:54;29/08/2026 10:44;29/08/2026 10:44;27/08/2026 22:54;29/08/2026 11:28
CAIXA 33L + FRACAO 33L;CAIXA 33L GELO PCM;2 C a 8 C;566388;PE;TA0364;00019200000014153734;MultiModal;29/08/2026 23:47;31/08/2026 11:30;31/08/2026 15:16;29/08/2026 23:47;31/08/2026 15:18
CAIXA 33L + FRACAO 33L;CAIXA 33L GELO PCM;2 C a 8 C;566810;PE;A6849;00019200000014149222;MultiModal;01/09/2026 03:51;03/09/2026 10:18;03/09/2026 10:18;01/09/2026 03:51;03/09/2026 10:21
CAIXA 33L + FRACAO 33L;FRAÇÃO 33L;2 C a 8 C;567339;PE;A8025;00019200000014202905;MultiModal;03/09/2026 22:31;-;-;03/09/2026 22:31;-
CAIXA 33L + FRACAO 33L;FRAÇÃO 33L;2 C a 8 C;560196;PI;TA0979;00019200000013410857;MultiModal;08/07/2026 23:45;10/07/2026 12:36;-;08/07/2026 23:45;10/07/2026 12:36
CAIXA 33L + FRACAO 33L;FRAÇÃO 33L;2 C a 8 C;560491;PI;A4389;00019200000013452428;MultiModal;13/07/2026 07:29;17/07/2026 13:23;17/07/2026 13:15;13/07/2026 07:29;17/07/2026 13:17
CAIXA 33L + FRACAO 33L;FRAÇÃO 33L;2 C a 8 C;561055;PI;A1706;00019200000013440330;MultiModal;15/07/2026 23:03;17/07/2026 17:33;-;15/07/2026 23:03;17/07/2026 17:33
CAIXA 33L + FRACAO 33L;FRAÇÃO 33L;2 C a 8 C;562160;PI;A7618;00019200000013704761;MultiModal;26/07/2026 01:45;27/07/2026 17:30;-;26/07/2026 01:45;27/07/2026 17:30
CAIXA 33L + FRACAO 33L;FRAÇÃO 33L;2 C a 8 C;562181;PI;TA1072;00019200000013690957;MultiModal;26/07/2026 01:45;27/07/2026 17:40;-;26/07/2026 01:45;27/07/2026 17:40
CAIXA 33L + FRACAO 33L;FRAÇÃO 33L;2 C a 8 C;562182;PI;TA0941;00019200000013690329;MultiModal;26/07/2026 01:46;27/07/2026 17:40;-;26/07/2026 01:46;27/07/2026 17:40
CAIXA 33L + FRACAO 33L;FRAÇÃO 33L;2 C a 8 C;562564;PI;A7806;00019200000013788469;MultiModal;02/08/2026 23:49;04/08/2026 16:00;-;02/08/2026 23:49;04/08/2026 16:00
CAIXA 33L + FRACAO 33L;FRAÇÃO 33L;2 C a 8 C;562699;PI;TA0132;00019200000013788361;MultiModal;03/08/2026 23:34;05/08/2026 12:00;-;03/08/2026 23:34;05/08/2026 12:00
CAIXA 33L + FRACAO 33L;FRAÇÃO 33L;2 C a 8 C;563374;PI;A6137;00019200000013871579;MultiModal;06/08/2026 06:39;08/08/2026 14:17;08/08/2026 14:17;06/08/2026 06:39;08/08/2026 14:54
CAIXA 33L + FRACAO 33L;FRAÇÃO 33L;2 C a 8 C;563375;PI;A4511;00019200000013871595;MultiModal;06/08/2026 06:39;08/08/2026 14:56;08/08/2026 14:56;06/08/2026 06:39;08/08/2026 14:58
CAIXA 33L + FRACAO 33L;FRAÇÃO 33L;2 C a 8 C;563376;PI;A5816;00019200000013870874;MultiModal;06/08/2026 06:39;08/08/2026 14:59;08/08/2026 14:59;06/08/2026 06:39;08/08/2026 15:01
CAIXA 33L + FRACAO 33L;FRAÇÃO 33L;2 C a 8 C;563457;PI;A2789;00019200000013871420;MultiModal;05/08/2026 22:57;07/08/2026 16:50;-;05/08/2026 22:57;07/08/2026 16:50
CAIXA 33L + FRACAO 33L;FRAÇÃO 33L;2 C a 8 C;564321;PI;A7789;00019200000013977482;MultiModal;15/08/2026 23:51;18/08/2026 17:18;-;15/08/2026 23:51;18/08/2026 17:18
CAIXA 33L + FRACAO 33L;FRAÇÃO 33L;2 C a 8 C;564458;PI;A9620;00019200000013972782;MultiModal;15/08/2026 23:51;18/08/2026 12:00;-;15/08/2026 23:51;18/08/2026 12:00
CAIXA 33L + FRACAO 33L;FRAÇÃO 33L;2 C a 8 C;564823;PI;A2216;00019200000013971638;MultiModal;16/08/2026 23:39;19/08/2026 12:00;-;16/08/2026 23:39;19/08/2026 12:00
CAIXA 33L + FRACAO 33L;FRAÇÃO 33L;2 C a 8 C;565617;PI;A8146;00019200000014039311;MultiModal;24/08/2026 00:45;25/08/2026 12:00;-;24/08/2026 00:45;25/08/2026 12:00
CAIXA 33L + FRACAO 33L;CAIXA 33L GELO PCM;2 C a 8 C;566353;PI;A7929;00019200000014153750;MultiModal;29/08/2026 23:33;01/09/2026 15:41;-;29/08/2026 23:33;01/09/2026 15:41
CAIXA 33L + FRACAO 33L;FRAÇÃO 33L;2 C a 8 C;566835;PI;A4683;00019200000014186632;MultiModal;01/09/2026 22:37;03/09/2026 11:00;-;01/09/2026 22:37;03/09/2026 11:00
CAIXA 33L + FRACAO 33L;FRAÇÃO 33L;2 C a 8 C;558364;PR;A8456;00019200000013423185;MultiModal;06/07/2026 05:42;07/07/2026 18:44;-;06/07/2026 05:42;07/07/2026 18:44
CAIXA 33L + FRACAO 33L;FRAÇÃO 33L;2 C a 8 C;559529;PR;A4043;00019200000013428470;MultiModal;02/07/2026 06:10;04/07/2026 21:00;-;02/07/2026 06:10;04/07/2026 21:00
CAIXA 33L + FRACAO 33L;FRAÇÃO 33L;2 C a 8 C;559534;PR;A1760;00019200000013428454;MultiModal;02/07/2026 04:52;03/07/2026 18:15;-;02/07/2026 04:52;03/07/2026 18:15
CAIXA 33L + FRACAO 33L;FRAÇÃO 33L;2 C a 8 C;559626;PR;A9312;00019200000013428403;MultiModal;02/07/2026 04:51;03/07/2026 18:53;-;02/07/2026 04:51;03/07/2026 18:53
CAIXA 33L + FRACAO 33L;FRAÇÃO 33L;2 C a 8 C;559717;PR;A7910;00019200000013423100;MultiModal;05/07/2026 23:44;07/07/2026 13:37;-;05/07/2026 23:44;07/07/2026 13:37
CAIXA 33L + FRACAO 33L;FRAÇÃO 33L;2 C a 8 C;560047;PR;A5819;00019200000013413694;MultiModal;09/07/2026 04:58;10/07/2026 17:52;-;09/07/2026 04:58;10/07/2026 17:52
CAIXA 33L + FRACAO 33L;FRAÇÃO 33L;2 C a 8 C;560195;PR;A6415;00019200000013414593;MultiModal;08/07/2026 05:25;09/07/2026 17:28;-;08/07/2026 05:25;09/07/2026 17:28
CAIXA 33L + FRACAO 33L;FRAÇÃO 33L;2 C a 8 C;560327;PR;A1992;00019200000013488139;MultiModal;11/07/2026 13:43;13/07/2026 16:42;-;11/07/2026 13:43;13/07/2026 16:42
CAIXA 33L + FRACAO 33L;FRAÇÃO 33L;2 C a 8 C;560332;PR;A9381;00019200000013488112;MultiModal;11/07/2026 13:43;13/07/2026 16:40;-;11/07/2026 13:43;13/07/2026 16:40
CAIXA 33L + FRACAO 33L;FRAÇÃO 33L;2 C a 8 C;560333;PR;A0262;00019200000013488066;MultiModal;13/07/2026 00:40;14/07/2026 10:16;-;13/07/2026 00:40;14/07/2026 10:16
CAIXA 33L + FRACAO 33L;FRAÇÃO 33L;2 C a 8 C;560492;PR;A0676;00019200000013452371;MultiModal;13/07/2026 00:41;14/07/2026 11:26;-;13/07/2026 00:41;14/07/2026 11:26
CAIXA 33L + FRACAO 33L;FRAÇÃO 33L;2 C a 8 C;560851;PR;A2700;00019200000013444913;MultiModal;14/07/2026 04:34;16/07/2026 15:42;-;14/07/2026 04:34;16/07/2026 15:42
CAIXA 33L + FRACAO 33L;FRAÇÃO 33L;2 C a 8 C;560961;PR;A2818;00019200000013442120;MultiModal;15/07/2026 04:09;17/07/2026 20:07;-;15/07/2026 04:09;17/07/2026 20:07
CAIXA 33L + FRACAO 33L;FRAÇÃO 33L;2 C a 8 C;561225;PR;TA1221;00019200000013465830;MultiModal;22/07/2026 07:37;23/07/2026 13:31;-;22/07/2026 07:37;23/07/2026 13:31
CAIXA 33L + FRACAO 33L;FRAÇÃO 33L;2 C a 8 C;561451;PR;A5432;00019200000013478877;MultiModal;20/07/2026 06:06;21/07/2026 17:05;-;20/07/2026 06:06;21/07/2026 17:05
CAIXA 33L + FRACAO 33L;FRAÇÃO 33L;2 C a 8 C;561476;PR;A7464;00019200000013475908;MultiModal;20/07/2026 03:06;21/07/2026 17:05;21/07/2026 17:09;20/07/2026 03:06;21/07/2026 17:12
CAIXA 33L + FRACAO 33L;FRAÇÃO 33L;2 C a 8 C;561869;PR;A6882;00019200000013788515;MultiModal;30/07/2026 16:22;01/08/2026 11:00;-;30/07/2026 16:22;01/08/2026 11:00
CAIXA 33L + FRACAO 33L;FRAÇÃO 33L;2 C a 8 C;562023;PR;A7086;00019200000013694456;MultiModal;24/07/2026 00:21;27/07/2026 13:50;-;24/07/2026 00:21;27/07/2026 13:50
CAIXA 33L + FRACAO 33L;FRAÇÃO 33L;2 C a 8 C;562141;PR;A2570;00019200000013690280;MultiModal;26/07/2026 01:29;27/07/2026 15:40;-;26/07/2026 01:29;27/07/2026 15:40
CAIXA 33L + FRACAO 33L;FRAÇÃO 33L;2 C a 8 C;562180;PR;A9474;00019200000013690965;MultiModal;26/07/2026 01:30;28/07/2026 10:15;28/07/2026 10:17;26/07/2026 01:30;28/07/2026 10:21
CAIXA 33L + FRACAO 33L;FRAÇÃO 33L;2 C a 8 C;562194;PR;A7964;00019200000013776878;MultiModal;28/07/2026 03:41;29/07/2026 18:38;-;28/07/2026 03:41;29/07/2026 18:38
CAIXA 33L + FRACAO 33L;FRAÇÃO 33L;2 C a 8 C;562350;PR;A2733;00019200000013777017;MultiModal;28/07/2026 03:41;30/07/2026 18:00;-;28/07/2026 03:41;30/07/2026 18:00
CAIXA 33L + FRACAO 33L;FRAÇÃO 33L;2 C a 8 C;562683;PR;A8489;00019200000013820370;MultiModal;01/08/2026 16:21;04/08/2026 10:56;-;01/08/2026 16:21;04/08/2026 10:56
CAIXA 33L + FRACAO 33L;FRAÇÃO 33L;2 C a 8 C;562694;PR;A5596;00019200000013820451;MultiModal;01/08/2026 18:21;04/08/2026 10:57;-;01/08/2026 18:21;04/08/2026 10:57
CAIXA 33L + FRACAO 33L;FRAÇÃO 33L;2 C a 8 C;562861;PR;A4118;00019200000013823124;MultiModal;01/08/2026 16:23;03/08/2026 17:30;-;01/08/2026 16:23;03/08/2026 17:30
CAIXA 33L + FRACAO 33L;FRAÇÃO 33L;2 C a 8 C;563098;PR;A2050;00019200000013860968;MultiModal;10/08/2026 08:44;11/08/2026 15:44;11/08/2026 15:44;10/08/2026 08:44;11/08/2026 16:16
CAIXA 33L + FRACAO 33L;FRAÇÃO 33L;2 C a 8 C;563166;PR;TA0856;00019200000013776789;MultiModal;04/08/2026 23:12;06/08/2026 09:05;-;04/08/2026 23:12;06/08/2026 09:05
CAIXA 33L + FRACAO 33L;FRAÇÃO 33L;2 C a 8 C;563300;PR;A8393;00019200000013776592;MultiModal;04/08/2026 23:32;10/08/2026 17:40;-;04/08/2026 23:32;10/08/2026 17:40
CAIXA 33L + FRACAO 33L;FRAÇÃO 33L;2 C a 8 C;563309;PR;A7529;00019200000013776657;MultiModal;04/08/2026 23:33;06/08/2026 18:36;-;04/08/2026 23:33;06/08/2026 18:36
CAIXA 33L + FRACAO 33L;FRAÇÃO 33L;2 C a 8 C;563458;PR;TA0996;00019200000013871439;MultiModal;05/08/2026 22:51;06/08/2026 21:25;-;05/08/2026 22:51;06/08/2026 21:25
CAIXA 33L + FRACAO 33L;FRAÇÃO 33L;2 C a 8 C;563547;PR;A8576;00019200000013871862;MultiModal;05/08/2026 22:57;07/08/2026 11:00;-;05/08/2026 22:57;07/08/2026 11:00
CAIXA 33L + FRACAO 33L;FRAÇÃO 33L;2 C a 8 C;563688;PR;A7070;00019200000013861620;MultiModal;08/08/2026 18:05;10/08/2026 16:00;-;08/08/2026 18:05;10/08/2026 16:00
CAIXA 33L + FRACAO 33L;FRAÇÃO 33L;2 C a 8 C;563870;PR;A7875;00019200000013860887;MultiModal;10/08/2026 00:20;11/08/2026 12:53;11/08/2026 17:09;10/08/2026 00:20;11/08/2026 17:10
CAIXA 33L + FRACAO 33L;FRAÇÃO 33L;2 C a 8 C;564008;PR;A7034;00019200000013862910;MultiModal;10/08/2026 08:45;11/08/2026 15:59;-;10/08/2026 08:45;11/08/2026 15:59
CAIXA 33L + FRACAO 33L;FRAÇÃO 33L;2 C a 8 C;564060;PR;A7292;00019200000013859943;MultiModal;11/08/2026 23:22;13/08/2026 13:15;-;11/08/2026 23:22;13/08/2026 13:15
CAIXA 33L + FRACAO 33L;FRAÇÃO 33L;2 C a 8 C;564284;PR;A3619;00019200000013868233;MultiModal;13/08/2026 04:41;17/08/2026 16:00;-;13/08/2026 04:41;17/08/2026 16:00
CAIXA 33L + FRACAO 33L;FRAÇÃO 33L;2 C a 8 C;564304;PR;A4059;00019200000013868217;MultiModal;13/08/2026 05:20;17/08/2026 19:00;-;13/08/2026 05:20;17/08/2026 19:00
CAIXA 33L + FRACAO 33L;FRAÇÃO 33L;2 C a 8 C;564305;PR;A5361;00019200000013868195;MultiModal;13/08/2026 05:20;14/08/2026 18:00;-;13/08/2026 05:20;14/08/2026 18:00
CAIXA 33L + FRACAO 33L;FRAÇÃO 33L;2 C a 8 C;564318;PR;A2074;00019200000013868250;MultiModal;13/08/2026 04:41;14/08/2026 16:00;-;13/08/2026 04:41;14/08/2026 16:00
CAIXA 33L + FRACAO 33L;FRAÇÃO 33L;2 C a 8 C;564352;PR;A7651;00019200000013972898;MultiModal;15/08/2026 23:51;18/08/2026 11:00;-;15/08/2026 23:51;18/08/2026 11:00
CAIXA 33L + FRACAO 33L;FRAÇÃO 33L;2 C a 8 C;564372;PR;TA1032;00019200000013973045;MultiModal;15/08/2026 23:52;18/08/2026 12:20;-;15/08/2026 23:52;18/08/2026 12:20
CAIXA 33L + FRACAO 33L;FRAÇÃO 33L;2 C a 8 C;564375;PR;TA1101;00019200000013972871;MultiModal;15/08/2026 23:25;18/08/2026 09:20;-;15/08/2026 23:25;18/08/2026 09:20
CAIXA 33L + FRACAO 33L;FRAÇÃO 33L;2 C a 8 C;564400;PR;TA0086;00019200000013973096;MultiModal;15/08/2026 23:51;18/08/2026 17:00;-;15/08/2026 23:51;18/08/2026 17:00
CAIXA 33L + FRACAO 33L;FRAÇÃO 33L;2 C a 8 C;564444;PR;A6456;00019200000013972804;MultiModal;15/08/2026 23:51;17/08/2026 18:12;-;15/08/2026 23:51;17/08/2026 18:12
CAIXA 33L + FRACAO 33L;FRAÇÃO 33L;2 C a 8 C;564448;PR;A8673;00019200000013984888;MultiModal;15/08/2026 23:51;18/08/2026 17:00;-;15/08/2026 23:51;18/08/2026 17:00
CAIXA 33L + FRACAO 33L;FRAÇÃO 33L;2 C a 8 C;564689;PR;A8311;00019200000013998668;MultiModal;19/08/2026 23:23;21/08/2026 17:00;-;19/08/2026 23:23;21/08/2026 17:00
CAIXA 33L + FRACAO 33L;FRAÇÃO 33L;2 C a 8 C;564702;PR;A0315;00019200000013971620;MultiModal;17/08/2026 07:14;19/08/2026 17:00;-;17/08/2026 07:14;19/08/2026 17:00
CAIXA 33L + FRACAO 33L;FRAÇÃO 33L;2 C a 8 C;564819;PR;A3503;00019200000013970747;MultiModal;17/08/2026 07:14;18/08/2026 17:00;-;17/08/2026 07:14;18/08/2026 17:00
CAIXA 33L + FRACAO 33L;FRAÇÃO 33L;2 C a 8 C;564947;PR;TA0978;00019200000013991850;MultiModal;18/08/2026 06:05;21/08/2026 17:00;-;18/08/2026 06:05;21/08/2026 17:00
CAIXA 33L + FRACAO 33L;CAIXA 33L GELO PCM;2 C a 8 C;565022;PR;TA0227;00019200000014059770;MultiModal;31/08/2026 02:23;01/09/2026 20:01;-;31/08/2026 02:23;01/09/2026 20:01
CAIXA 33L + FRACAO 33L;FRAÇÃO 33L;2 C a 8 C;565066;PR;A3366;00019200000014036940;MultiModal;24/08/2026 05:48;25/08/2026 13:30;-;24/08/2026 05:48;25/08/2026 13:30
CAIXA 33L + FRACAO 33L;FRAÇÃO 33L;2 C a 8 C;565115;PR;A8734;00019200000013995650;MultiModal;23/08/2026 04:07;25/08/2026 14:00;-;23/08/2026 04:07;25/08/2026 14:00
CAIXA 33L + FRACAO 33L;FRAÇÃO 33L;2 C a 8 C;565144;PR;TA0620;00019200000013995642;MultiModal;23/08/2026 00:38;25/08/2026 12:00;-;23/08/2026 00:38;25/08/2026 12:00
CAIXA 33L + FRACAO 33L;FRAÇÃO 33L;2 C a 8 C;565372;PR;A3976;00019200000013993143;MultiModal;23/08/2026 04:07;25/08/2026 14:00;-;23/08/2026 04:07;25/08/2026 14:00
CAIXA 33L + FRACAO 33L;FRAÇÃO 33L;2 C a 8 C;565404;PR;A8429;00019200000013993097;MultiModal;24/08/2026 05:48;25/08/2026 13:30;-;24/08/2026 05:48;25/08/2026 13:30
CAIXA 33L + FRACAO 33L;FRAÇÃO 33L;2 C a 8 C;565743;PR;A6984;00019200000014044293;MultiModal;24/08/2026 08:54;26/08/2026 13:00;-;24/08/2026 08:54;26/08/2026 13:00
CAIXA 33L + FRACAO 33L;FRAÇÃO 33L;2 C a 8 C;565821;PR;A7935;00019200000014028425;MultiModal;26/08/2026 05:09;27/08/2026 17:00;-;26/08/2026 05:09;27/08/2026 17:00
CAIXA 33L + FRACAO 33L;FRAÇÃO 33L;2 C a 8 C;565900;PR;A1621;00019200000014049309;MultiModal;26/08/2026 05:09;27/08/2026 19:00;-;26/08/2026 05:09;27/08/2026 19:00
CAIXA 33L + FRACAO 33L;FRAÇÃO 33L;2 C a 8 C;565936;PR;A8228;00019200000014049228;MultiModal;26/08/2026 05:09;27/08/2026 17:00;-;26/08/2026 05:09;27/08/2026 17:00
CAIXA 33L + FRACAO 33L;FRAÇÃO 33L;2 C a 8 C;565976;PR;A7163;00019200000014049260;MultiModal;26/08/2026 05:37;27/08/2026 19:00;-;26/08/2026 05:37;27/08/2026 19:00
CAIXA 33L + FRACAO 33L;FRAÇÃO 33L;2 C a 8 C;566083;PR;A3571;00019200000014015480;MultiModal;27/08/2026 03:29;28/08/2026 15:00;-;27/08/2026 03:29;28/08/2026 15:00
CAIXA 33L + FRACAO 33L;FRAÇÃO 33L;2 C a 8 C;566085;PR;A8226;00019200000014037238;MultiModal;27/08/2026 03:29;28/08/2026 17:00;-;27/08/2026 03:29;28/08/2026 17:00
CAIXA 33L + FRACAO 33L;FRAÇÃO 33L;2 C a 8 C;566086;PR;TA0103;00019200000014018705;MultiModal;26/08/2026 23:00;28/08/2026 08:00;-;26/08/2026 23:00;28/08/2026 08:00
CAIXA 33L + FRACAO 33L;FRAÇÃO 33L;2 C a 8 C;566095;PR;A1510;00019200000014015536;MultiModal;27/08/2026 03:29;28/08/2026 15:00;-;27/08/2026 03:29;28/08/2026 15:00
CAIXA 33L + FRACAO 33L;FRAÇÃO 33L;2 C a 8 C;566113;PR;TA0650;00019200000014024152;MultiModal;27/08/2026 22:30;31/08/2026 19:00;-;27/08/2026 22:30;31/08/2026 19:00
CAIXA 33L + FRACAO 33L;FRAÇÃO 33L;2 C a 8 C;566131;PR;A3732;00019200000014037262;MultiModal;27/08/2026 04:53;28/08/2026 14:00;-;27/08/2026 04:53;28/08/2026 14:00
CAIXA 33L + FRACAO 33L;CAIXA 33L GELO PCM;2 C a 8 C;566232;PR;A8998;00019200000014153688;MultiModal;29/08/2026 23:47;01/09/2026 17:00;-;29/08/2026 23:47;01/09/2026 17:00
CAIXA 33L + FRACAO 33L;CAIXA 33L GELO PCM;2 C a 8 C;566236;PR;TA0526;00019200000014153726;MultiModal;29/08/2026 23:33;01/09/2026 15:20;-;29/08/2026 23:33;01/09/2026 15:20
CAIXA 33L + FRACAO 33L;CAIXA 33L GELO PCM;2 C a 8 C;566352;PR;TA1136;00019200000014153548;MultiModal;29/08/2026 23:33;01/09/2026 15:41;-;29/08/2026 23:33;01/09/2026 15:41
CAIXA 33L + FRACAO 33L;CAIXA 33L GELO PCM;2 C a 8 C;566354;PR;A7017;00019200000014153645;MultiModal;29/08/2026 23:33;02/09/2026 19:00;-;29/08/2026 23:33;02/09/2026 19:00
CAIXA 33L + FRACAO 33L;CAIXA 33L GELO PCM;2 C a 8 C;566366;PR;A3916;00019200000014150875;MultiModal;29/08/2026 23:33;01/09/2026 14:00;-;29/08/2026 23:33;01/09/2026 14:00
CAIXA 33L + FRACAO 33L;CAIXA 33L GELO PCM;2 C a 8 C;566367;PR;A8702;00019200000014153580;MultiModal;29/08/2026 23:33;01/09/2026 14:35;-;29/08/2026 23:33;01/09/2026 14:35
CAIXA 33L + FRACAO 33L;CAIXA 33L GELO PCM;2 C a 8 C;566373;PR;A5542;00019200000014153530;MultiModal;29/08/2026 23:33;01/09/2026 16:50;-;29/08/2026 23:33;01/09/2026 16:50
CAIXA 33L + FRACAO 33L;CAIXA 33L GELO PCM;2 C a 8 C;566385;PR;A1056;00019200000014153793;MultiModal;29/08/2026 23:33;01/09/2026 13:49;-;29/08/2026 23:33;01/09/2026 13:49
CAIXA 33L + FRACAO 33L;FRAÇÃO 33L;2 C a 8 C;566834;PR;A7754;00019200000014186659;MultiModal;01/09/2026 22:43;03/09/2026 09:50;-;01/09/2026 22:43;03/09/2026 09:50
CAIXA 33L + FRACAO 33L;FRAÇÃO 33L;2 C a 8 C;20260955;RJ;A3039;00019200000013419730;MultiModal;06/07/2026 00:25;06/07/2026 19:00;-;06/07/2026 00:25;06/07/2026 19:00
CAIXA 33L + FRACAO 33L;FRAÇÃO 33L;2 C a 8 C;20260956;RJ;A8291;00019200000013422880;MultiModal;03/07/2026 02:44;03/07/2026 17:56;-;03/07/2026 02:44;03/07/2026 17:56
CAIXA 33L + FRACAO 33L;FRAÇÃO 33L;2 C a 8 C;20260957;RJ;A5781;00019200000013422804;MultiModal;03/07/2026 02:45;03/07/2026 17:56;-;03/07/2026 02:45;03/07/2026 17:56
CAIXA 33L + FRACAO 33L;FRAÇÃO 33L;2 C a 8 C;20260959;RJ;A5048;00019200000013421174;MultiModal;06/07/2026 00:16;06/07/2026 19:00;-;06/07/2026 00:16;06/07/2026 19:00
CAIXA 33L + FRACAO 33L;FRAÇÃO 33L;2 C a 8 C;20260960;RJ;A3346;00019200000013421166;MultiModal;05/07/2026 23:58;06/07/2026 19:00;-;05/07/2026 23:58;06/07/2026 19:00
CAIXA 33L + FRACAO 33L;FRAÇÃO 33L;2 C a 8 C;20260961;RJ;A7315;00019200000013419722;MultiModal;06/07/2026 00:16;06/07/2026 19:00;-;06/07/2026 00:16;06/07/2026 19:00
CAIXA 33L + FRACAO 33L;FRAÇÃO 33L;2 C a 8 C;20260962;RJ;A5522;00019200000013419706;MultiModal;06/07/2026 00:55;06/07/2026 19:00;-;06/07/2026 00:55;06/07/2026 19:00
CAIXA 33L + FRACAO 33L;FRAÇÃO 33L;2 C a 8 C;20260965;RJ;TA1242;00019200000013418777;MultiModal;07/07/2026 00:58;07/07/2026 19:00;-;07/07/2026 00:58;07/07/2026 19:00
CAIXA 33L + FRACAO 33L;FRAÇÃO 33L;2 C a 30 C;20260967;RJ;A7626;00019200000013414275;MultiModal;08/07/2026 02:57;09/07/2026 12:30;-;08/07/2026 02:57;09/07/2026 12:30
CAIXA 33L + FRACAO 33L;FRAÇÃO 33L;2 C a 8 C;20261137;RJ;A6993;00019200000013414267;MultiModal;08/07/2026 02:56;09/07/2026 12:30;-;08/07/2026 02:56;09/07/2026 12:30
CAIXA 33L + FRACAO 33L;FRAÇÃO 33L;2 C a 8 C;20261138;RJ;A5192;00019200000013414313;MultiModal;08/07/2026 03:14;09/07/2026 12:30;-;08/07/2026 03:14;09/07/2026 12:30
CAIXA 33L + FRACAO 33L;FRAÇÃO 33L;2 C a 8 C;20261139;RJ;A4248;00019200000013452967;MultiModal;11/07/2026 14:30;13/07/2026 12:41;-;11/07/2026 14:30;13/07/2026 12:41
CAIXA 33L + FRACAO 33L;FRAÇÃO 33L;2 C a 8 C;20261140;RJ;TA1030;00019200000013414283;MultiModal;08/07/2026 02:57;09/07/2026 12:30;-;08/07/2026 02:57;09/07/2026 12:30
CAIXA 33L + FRACAO 33L;FRAÇÃO 33L;2 C a 8 C;20261143;RJ;A7651;00019200000013410466;MultiModal;09/07/2026 01:29;09/07/2026 19:00;-;09/07/2026 01:29;09/07/2026 19:00
CAIXA 33L + FRACAO 33L;FRAÇÃO 33L;2 C a 30 C;20261144;RJ;A4124;00019200000013410865;MultiModal;09/07/2026 01:29;09/07/2026 19:00;-;09/07/2026 01:29;09/07/2026 19:00
CAIXA 33L + FRACAO 33L;FRAÇÃO 33L;2 C a 8 C;20261145;RJ;A1436;00019200000013410938;MultiModal;09/07/2026 01:29;09/07/2026 19:00;-;09/07/2026 01:29;09/07/2026 19:00
CAIXA 33L + FRACAO 33L;FRAÇÃO 33L;2 C a 8 C;20261147;RJ;A8589;00019200000013452983;MultiModal;11/07/2026 13:06;13/07/2026 12:41;-;11/07/2026 13:06;13/07/2026 12:41
CAIXA 33L + FRACAO 33L;FRAÇÃO 33L;2 C a 8 C;20261148;RJ;A7054;00019200000013452975;MultiModal;11/07/2026 13:06;13/07/2026 12:41;-;11/07/2026 13:06;13/07/2026 12:41
CAIXA 33L + FRACAO 33L;FRAÇÃO 33L;2 C a 8 C;20261149;RJ;A3013;00019200000013445758;MultiModal;14/07/2026 00:20;14/07/2026 15:41;-;14/07/2026 00:20;14/07/2026 15:41
CAIXA 33L + FRACAO 33L;FRAÇÃO 33L;2 C a 8 C;20261150;RJ;A0905;00019200000013452380;MultiModal;11/07/2026 14:30;13/07/2026 12:41;-;11/07/2026 14:30;13/07/2026 12:41
CAIXA 33L + FRACAO 33L;FRAÇÃO 33L;2 C a 8 C;20261151;RJ;A2808;00019200000013452398;MultiModal;11/07/2026 13:57;13/07/2026 12:41;-;11/07/2026 13:57;13/07/2026 12:41
CAIXA 33L + FRACAO 33L;FRAÇÃO 33L;2 C a 8 C;20261153;RJ;A9551;00019200000013445707;MultiModal;14/07/2026 00:20;14/07/2026 15:41;-;14/07/2026 00:56;14/07/2026 15:41
CAIXA 33L + FRACAO 33L;FRAÇÃO 33L;2 C a 8 C;20261155;RJ;TA0276;00019200000013445715;MultiModal;14/07/2026 00:21;14/07/2026 15:41;-;14/07/2026 00:55;14/07/2026 15:41
CAIXA 33L + FRACAO 33L;FRAÇÃO 33L;2 C a 8 C;20261156;RJ;A3079;00019200000013441558;MultiModal;14/07/2026 23:03;16/07/2026 12:12;-;14/07/2026 23:03;16/07/2026 12:12
CAIXA 33L + FRACAO 33L;FRAÇÃO 33L;2 C a 8 C;20261191;RJ;A8312;00019200000013441531;MultiModal;14/07/2026 23:03;16/07/2026 12:12;-;14/07/2026 23:03;16/07/2026 12:12
CAIXA 33L + FRACAO 33L;FRAÇÃO 33L;2 C a 8 C;20261192;RJ;A2756;00019200000013441540;MultiModal;14/07/2026 23:03;16/07/2026 12:12;-;14/07/2026 23:03;16/07/2026 12:12
CAIXA 33L + FRACAO 33L;FRAÇÃO 33L;2 C a 8 C;20261193;RJ;TA0352;00019200000013441523;MultiModal;14/07/2026 23:03;16/07/2026 12:12;-;14/07/2026 23:03;16/07/2026 12:12
CAIXA 33L + FRACAO 33L;FRAÇÃO 33L;2 C a 8 C;20261194;RJ;A5993;00019200000013454412;MultiModal;16/07/2026 00:06;17/07/2026 15:50;-;16/07/2026 00:06;17/07/2026 15:50
CAIXA 33L + FRACAO 33L;FRAÇÃO 33L;2 C a 8 C;20261195;RJ;A7475;00019200000013472682;MultiModal;19/07/2026 23:29;20/07/2026 14:10;-;19/07/2026 23:29;20/07/2026 14:10
CAIXA 33L + FRACAO 33L;FRAÇÃO 33L;2 C a 8 C;20261196;RJ;A2149;00019200000013595946;MultiModal;16/07/2026 22:35;17/07/2026 19:00;-;16/07/2026 22:35;17/07/2026 19:00
CAIXA 33L + FRACAO 33L;FRAÇÃO 33L;2 C a 8 C;20261197;RJ;A0793;00019200000013595962;MultiModal;16/07/2026 22:36;17/07/2026 19:00;-;16/07/2026 22:36;17/07/2026 19:00
CAIXA 33L + FRACAO 33L;FRAÇÃO 33L;2 C a 8 C;20261198;RJ;A5132;00019200000013475541;MultiModal;19/07/2026 02:00;20/07/2026 14:10;-;19/07/2026 02:00;20/07/2026 14:10
CAIXA 33L + FRACAO 33L;FRAÇÃO 33L;2 C a 8 C;20261199;RJ;A6307;00019200000013472658;MultiModal;19/07/2026 02:01;20/07/2026 14:10;-;19/07/2026 02:01;20/07/2026 14:10
CAIXA 33L + FRACAO 33L;FRAÇÃO 33L;2 C a 8 C;20261200;RJ;A3142;00019200000013472674;MultiModal;19/07/2026 02:00;20/07/2026 14:10;-;19/07/2026 02:00;20/07/2026 14:10
CAIXA 33L + FRACAO 33L;FRAÇÃO 33L;2 C a 8 C;20261226;RJ;A4521;00019200000013468634;MultiModal;20/07/2026 23:39;22/07/2026 13:20;-;20/07/2026 23:39;22/07/2026 13:20
CAIXA 33L + FRACAO 33L;FRAÇÃO 33L;2 C a 8 C;20261227;RJ;A6782;00019200000013468650;MultiModal;20/07/2026 23:39;22/07/2026 13:20;-;20/07/2026 23:39;22/07/2026 13:20
CAIXA 33L + FRACAO 33L;FRAÇÃO 33L;2 C a 8 C;20261228;RJ;A1480;00019200000013468677;MultiModal;21/07/2026 02:50;22/07/2026 13:20;-;21/07/2026 02:50;22/07/2026 13:20
CAIXA 33L + FRACAO 33L;FRAÇÃO 33L;2 C a 8 C;20261231;RJ;A4430;00019200000013468499;MultiModal;20/07/2026 23:39;22/07/2026 13:20;-;20/07/2026 23:39;22/07/2026 13:20
CAIXA 33L + FRACAO 33L;FRAÇÃO 33L;2 C a 30 C;20261232;RJ;A2715;00019200000013468510;MultiModal;20/07/2026 23:39;22/07/2026 13:20;-;20/07/2026 23:39;22/07/2026 13:20
CAIXA 33L + FRACAO 33L;FRAÇÃO 33L;2 C a 8 C;20261233;RJ;A0143;00019200000013468502;MultiModal;20/07/2026 23:39;22/07/2026 13:20;-;20/07/2026 23:39;22/07/2026 13:20
CAIXA 33L + FRACAO 33L;FRAÇÃO 33L;2 C a 8 C;20261234;RJ;A8989;00019200000013467255;MultiModal;20/07/2026 23:39;22/07/2026 13:20;-;20/07/2026 23:39;22/07/2026 13:20
CAIXA 33L + FRACAO 33L;FRAÇÃO 33L;2 C a 8 C;20261235;RJ;A5907;00019200000013467271;MultiModal;20/07/2026 23:39;22/07/2026 13:20;-;20/07/2026 23:39;22/07/2026 13:20
CAIXA 33L + FRACAO 33L;FRAÇÃO 33L;2 C a 8 C;20261236;RJ;A6646;00019200000013467263;MultiModal;20/07/2026 23:40;22/07/2026 13:20;-;20/07/2026 23:40;22/07/2026 13:20
CAIXA 33L + FRACAO 33L;FRAÇÃO 33L;2 C a 8 C;20261237;RJ;A9247;00019200000013698214;MultiModal;23/07/2026 17:22;24/07/2026 19:00;-;23/07/2026 17:22;24/07/2026 19:00
CAIXA 33L + FRACAO 33L;FRAÇÃO 33L;2 C a 8 C;20261238;RJ;A7288;00019200000013698222;MultiModal;23/07/2026 17:21;24/07/2026 19:00;-;23/07/2026 17:21;24/07/2026 19:00
CAIXA 33L + FRACAO 33L;FRAÇÃO 33L;2 C a 8 C;20261239;RJ;A8451;00019200000013698052;MultiModal;23/07/2026 17:21;24/07/2026 19:00;-;23/07/2026 17:21;24/07/2026 19:00
CAIXA 33L + FRACAO 33L;FRAÇÃO 33L;2 C a 8 C;20261242;RJ;A1604;00019200000013705652;MultiModal;26/07/2026 01:30;27/07/2026 11:47;-;26/07/2026 01:30;27/07/2026 11:47
CAIXA 33L + FRACAO 33L;FRAÇÃO 33L;2 C a 8 C;20261243;RJ;A7946;00019200000013729691;MultiModal;28/07/2026 22:17;29/07/2026 19:00;-;28/07/2026 22:17;29/07/2026 19:00
CAIXA 33L + FRACAO 33L;FRAÇÃO 33L;2 C a 8 C;20261245;RJ;A3847;00019200000013820800;MultiModal;29/07/2026 22:58;30/07/2026 17:30;-;29/07/2026 22:58;30/07/2026 17:30
CAIXA 33L + FRACAO 33L;FRAÇÃO 33L;2 C a 8 C;20261289;RJ;TA0187;00019200000013820583;MultiModal;29/07/2026 22:58;30/07/2026 17:30;-;29/07/2026 22:58;30/07/2026 17:30
CAIXA 33L + FRACAO 33L;FRAÇÃO 33L;2 C a 8 C;20261290;RJ;A6623;00019200000013820575;MultiModal;29/07/2026 22:57;30/07/2026 17:30;-;29/07/2026 22:57;30/07/2026 17:30
CAIXA 33L + FRACAO 33L;FRAÇÃO 33L;2 C a 8 C;20261321;RJ;A7383;00019200000013841092;MultiModal;04/08/2026 00:11;04/08/2026 19:45;-;04/08/2026 00:11;04/08/2026 19:45
CAIXA 33L + FRACAO 33L;FRAÇÃO 33L;2 C a 8 C;20261322;RJ;A1193;00019200000013788434;MultiModal;30/07/2026 22:04;31/07/2026 18:00;31/07/2026 17:30;30/07/2026 22:04;31/07/2026 17:52
CAIXA 33L + FRACAO 33L;FRAÇÃO 33L;2 C a 8 C;20261323;RJ;A3879;00019200000013823469;MultiModal;02/08/2026 23:51;03/08/2026 19:31;-;02/08/2026 23:51;03/08/2026 19:31
CAIXA 33L + FRACAO 33L;FRAÇÃO 33L;2 C a 8 C;20261325;RJ;TA0256;00019200000013823400;MultiModal;02/08/2026 23:51;03/08/2026 19:30;-;02/08/2026 23:51;03/08/2026 19:30
CAIXA 33L + FRACAO 33L;FRAÇÃO 33L;2 C a 8 C;20261326;RJ;A2768;00019200000013841220;MultiModal;03/08/2026 23:38;04/08/2026 19:38;-;03/08/2026 23:38;04/08/2026 19:38
CAIXA 33L + FRACAO 33L;FRAÇÃO 33L;2 C a 8 C;20261327;RJ;A7416;00019200000013861263;MultiModal;04/08/2026 23:38;05/08/2026 18:30;-;04/08/2026 23:38;05/08/2026 18:30
CAIXA 33L + FRACAO 33L;FRAÇÃO 33L;2 C a 8 C;20261329;RJ;A7695;00019200000013867814;MultiModal;06/08/2026 23:18;07/08/2026 13:20;07/08/2026 13:20;06/08/2026 23:18;07/08/2026 13:28
CAIXA 33L + FRACAO 33L;FRAÇÃO 33L;2 C a 8 C;20261330;RJ;A4439;00019200000013861905;MultiModal;11/08/2026 23:28;12/08/2026 19:16;12/08/2026 19:16;11/08/2026 23:28;12/08/2026 19:21
CAIXA 33L + FRACAO 33L;FRAÇÃO 33L;2 C a 8 C;20261332;RJ;A9200;00019200000013977431;MultiModal;12/08/2026 22:51;13/08/2026 18:00;-;12/08/2026 22:51;13/08/2026 18:00
CAIXA 33L + FRACAO 33L;FRAÇÃO 33L;2 C a 8 C;20261333;RJ;A6618;00019200000013977423;MultiModal;12/08/2026 23:21;13/08/2026 18:00;-;12/08/2026 23:21;13/08/2026 18:00
CAIXA 33L + FRACAO 33L;FRAÇÃO 33L;2 C a 8 C;20261335;RJ;A6537;00019200000013862286;MultiModal;12/08/2026 23:21;13/08/2026 18:00;-;12/08/2026 23:21;13/08/2026 18:00
CAIXA 33L + FRACAO 33L;FRAÇÃO 33L;2 C a 8 C;20261337;RJ;A9269;00019200000013972081;MultiModal;15/08/2026 23:24;17/08/2026 11:20;-;15/08/2026 23:24;17/08/2026 11:20
CAIXA 33L + FRACAO 33L;FRAÇÃO 33L;2 C a 8 C;20261338;RJ;A5550;00019200000013967428;MultiModal;17/08/2026 22:57;18/08/2026 18:15;-;17/08/2026 22:57;18/08/2026 18:15
CAIXA 33L + FRACAO 33L;FRAÇÃO 33L;2 C a 8 C;20261381;RJ;A1081;00019200000013998692;MultiModal;18/08/2026 23:16;19/08/2026 19:00;-;18/08/2026 23:16;19/08/2026 19:00
CAIXA 33L + FRACAO 33L;FRAÇÃO 33L;2 C a 8 C;20261382;RJ;A9256;00019200000013998870;MultiModal;18/08/2026 23:07;19/08/2026 19:00;-;18/08/2026 23:07;19/08/2026 19:00
CAIXA 33L + FRACAO 33L;FRAÇÃO 33L;2 C a 8 C;20261383;RJ;TA0668;00019200000013998978;MultiModal;19/08/2026 23:20;20/08/2026 19:35;-;19/08/2026 23:20;20/08/2026 19:35
CAIXA 33L + FRACAO 33L;FRAÇÃO 33L;2 C a 8 C;20261385;RJ;A5840;00019200000014037122;MultiModal;23/08/2026 00:33;24/08/2026 15:45;-;23/08/2026 00:33;24/08/2026 15:45
CAIXA 33L + FRACAO 33L;FRAÇÃO 33L;2 C a 30 C;20261386;RJ;A0979;00019200000014046598;MultiModal;24/08/2026 22:32;25/08/2026 19:45;-;24/08/2026 22:32;25/08/2026 19:45
CAIXA 33L + FRACAO 33L;FRAÇÃO 33L;2 C a 8 C;20261387;RJ;A4056;00019200000014049350;MultiModal;25/08/2026 23:37;26/08/2026 18:15;-;25/08/2026 23:37;26/08/2026 18:15
CAIXA 33L + FRACAO 33L;FRAÇÃO 33L;2 C a 30 C;20261388;RJ;A8478;00019200000014045281;MultiModal;25/08/2026 22:29;26/08/2026 18:15;-;25/08/2026 22:29;26/08/2026 18:15
CAIXA 33L + FRACAO 33L;CAIXA 33L GELO PCM;2 C a 8 C;20261389;RJ;TA0444;00019200000014153572;MultiModal;30/08/2026 00:23;31/08/2026 11:38;-;30/08/2026 00:23;31/08/2026 11:38
CAIXA 33L + FRACAO 33L;CAIXA 33L GELO PCM;2 C a 8 C;20261390;RJ;A4695;00019200000014150867;MultiModal;29/08/2026 23:47;31/08/2026 11:38;-;29/08/2026 23:47;31/08/2026 11:38
CAIXA 33L + FRACAO 33L;FRAÇÃO 33L;2 C a 8 C;20261391;RJ;A6647;00019200000014032406;MultiModal;31/08/2026 22:41;01/09/2026 19:10;-;31/08/2026 22:41;01/09/2026 19:10
CAIXA 33L + FRACAO 33L;FRAÇÃO 33L;2 C a 8 C;20261392;RJ;A6582;00019200000014187922;MultiModal;01/09/2026 23:16;-;-;01/09/2026 23:16;-
CAIXA 33L + FRACAO 33L;FRAÇÃO 33L;2 C a 8 C;20261393;RJ;A6621;00019200000014187981;MultiModal;01/09/2026 22:43;-;-;01/09/2026 22:43;-
CAIXA 33L + FRACAO 33L;FRAÇÃO 33L;2 C a 8 C;20261394;RJ;A6623;00019200000014186730;MultiModal;01/09/2026 22:44;-;-;01/09/2026 22:44;-
CAIXA 33L + FRACAO 33L;FRAÇÃO 33L;2 C a 8 C;20261395;RJ;A9122;00019200000014197561;MultiModal;03/09/2026 23:51;-;-;03/09/2026 23:51;-
CAIXA 33L + FRACAO 33L;FRAÇÃO 33L;2 C a 8 C;558287;RJ;A3715;00019200000013440306;MultiModal;20/07/2026 04:59;21/07/2026 19:00;-;20/07/2026 04:59;21/07/2026 19:00
CAIXA 33L + FRACAO 33L;FRAÇÃO 33L;2 C a 8 C;559563;RJ;A3983;00019200000013428420;MultiModal;02/07/2026 03:19;03/07/2026 12:00;-;02/07/2026 03:19;03/07/2026 12:00
CAIXA 33L + FRACAO 33L;FRAÇÃO 33L;2 C a 8 C;559584;RJ;A3476;00019200000013428489;MultiModal;02/07/2026 03:19;03/07/2026 14:20;-;02/07/2026 03:19;03/07/2026 14:20
CAIXA 33L + FRACAO 33L;FRAÇÃO 33L;2 C a 8 C;559628;RJ;A4018;00019200000013428438;MultiModal;02/07/2026 03:19;-;-;02/07/2026 03:19;-
CAIXA 33L + FRACAO 33L;FRAÇÃO 33L;2 C a 8 C;559645;RJ;A2919;00019200000013428217;MultiModal;02/07/2026 03:19;-;-;02/07/2026 03:19;-
CAIXA 33L + FRACAO 33L;FRAÇÃO 33L;2 C a 8 C;559664;RJ;A1531;00019200000013428446;MultiModal;02/07/2026 03:19;03/07/2026 12:46;-;02/07/2026 03:19;03/07/2026 12:46
CAIXA 33L + FRACAO 33L;FRAÇÃO 33L;2 C a 8 C;559671;RJ;A8335;00019200000013428233;MultiModal;02/07/2026 03:19;03/07/2026 11:08;-;02/07/2026 03:19;03/07/2026 11:08
CAIXA 33L + FRACAO 33L;FRAÇÃO 33L;2 C a 8 C;559736;RJ;A4443;00019200000013422898;MultiModal;02/07/2026 23:47;06/07/2026 14:00;-;02/07/2026 23:47;06/07/2026 14:00
CAIXA 33L + FRACAO 33L;FRAÇÃO 33L;2 C a 8 C;559821;RJ;A6247;00019200000013421140;MultiModal;06/07/2026 03:02;07/07/2026 13:00;-;06/07/2026 03:02;07/07/2026 13:00
CAIXA 33L + FRACAO 33L;FRAÇÃO 33L;2 C a 8 C;560142;RJ;TA0882;00019200000013413619;MultiModal;08/07/2026 07:27;10/07/2026 14:43;-;08/07/2026 07:27;10/07/2026 14:43
CAIXA 33L + FRACAO 33L;FRAÇÃO 33L;2 C a 8 C;560200;RJ;A4853;00019200000013410881;MultiModal;09/07/2026 02:35;13/07/2026 14:00;-;09/07/2026 02:35;13/07/2026 14:00
CAIXA 33L + FRACAO 33L;FRAÇÃO 33L;2 C a 8 C;560228;RJ;A6113;00019200000013411136;MultiModal;09/07/2026 02:35;13/07/2026 14:00;-;09/07/2026 02:35;13/07/2026 14:00
CAIXA 33L + FRACAO 33L;FRAÇÃO 33L;2 C a 8 C;560248;RJ;A3271;00019200000013411039;MultiModal;09/07/2026 02:35;10/07/2026 15:04;-;09/07/2026 02:35;10/07/2026 15:04
CAIXA 33L + FRACAO 33L;FRAÇÃO 33L;2 C a 8 C;560324;RJ;A9002;00019200000013489275;MultiModal;09/07/2026 23:45;15/07/2026 14:25;-;09/07/2026 23:45;15/07/2026 14:25
CAIXA 33L + FRACAO 33L;FRAÇÃO 33L;2 C a 8 C;560919;RJ;TA1021;00019200000013442163;MultiModal;15/07/2026 03:28;16/07/2026 19:00;-;15/07/2026 03:28;16/07/2026 19:00
CAIXA 33L + FRACAO 33L;FRAÇÃO 33L;2 C a 8 C;561452;RJ;A4706;00019200000013478907;MultiModal;20/07/2026 04:59;21/07/2026 11:05;-;20/07/2026 04:59;21/07/2026 11:05
CAIXA 33L + FRACAO 33L;FRAÇÃO 33L;2 C a 8 C;561701;RJ;A6516;00019200000013465902;MultiModal;22/07/2026 04:38;23/07/2026 16:20;-;22/07/2026 04:38;23/07/2026 16:20
CAIXA 33L + FRACAO 33L;FRAÇÃO 33L;2 C a 8 C;562146;RJ;TA1113;00019200000013690337;MultiModal;26/07/2026 04:05;27/07/2026 14:45;-;26/07/2026 04:05;27/07/2026 14:45
CAIXA 33L + FRACAO 33L;FRAÇÃO 33L;2 C a 8 C;562185;RJ;A7544;00019200000013704753;MultiModal;26/07/2026 04:05;27/07/2026 12:40;-;26/07/2026 04:05;27/07/2026 12:40
CAIXA 33L + FRACAO 33L;FRAÇÃO 33L;2 C a 8 C;562205;RJ;A9205;00019200000013690299;MultiModal;26/07/2026 04:06;27/07/2026 13:40;-;26/07/2026 04:06;27/07/2026 13:40
CAIXA 33L + FRACAO 33L;FRAÇÃO 33L;2 C a 8 C;562535;RJ;A3645;00019200000013729683;MultiModal;29/07/2026 00:58;31/07/2026 12:10;31/07/2026 11:51;29/07/2026 00:58;31/07/2026 12:30
CAIXA 33L + FRACAO 33L;FRAÇÃO 33L;2 C a 8 C;562732;RJ;A7575;00019200000013788485;MultiModal;30/07/2026 22:04;01/08/2026 13:37;-;30/07/2026 22:04;01/08/2026 13:37
CAIXA 33L + FRACAO 33L;FRAÇÃO 33L;2 C a 8 C;562873;RJ;TA1007;00019200000013836781;MultiModal;04/08/2026 23:29;06/08/2026 17:00;-;04/08/2026 23:29;06/08/2026 17:00
CAIXA 33L + FRACAO 33L;FRAÇÃO 33L;2 C a 8 C;562939;RJ;A8648;00019200000013787632;MultiModal;03/08/2026 23:30;05/08/2026 14:13;05/08/2026 14:13;03/08/2026 23:30;05/08/2026 14:20
CAIXA 33L + FRACAO 33L;FRAÇÃO 33L;2 C a 8 C;562964;RJ;A7702;00019200000013823361;MultiModal;03/08/2026 23:34;06/08/2026 15:43;06/08/2026 15:43;03/08/2026 23:34;06/08/2026 16:10
CAIXA 33L + FRACAO 33L;FRAÇÃO 33L;2 C a 8 C;563270;RJ;A8171;00019200000013776622;MultiModal;04/08/2026 23:29;06/08/2026 15:00;-;04/08/2026 23:29;06/08/2026 15:00
CAIXA 33L + FRACAO 33L;FRAÇÃO 33L;2 C a 8 C;563286;RJ;A9375;00019200000013776754;MultiModal;04/08/2026 23:28;07/08/2026 14:45;07/08/2026 14:45;04/08/2026 23:28;07/08/2026 14:47
CAIXA 33L + FRACAO 33L;FRAÇÃO 33L;2 C a 8 C;563459;RJ;A6835;00019200000013871447;MultiModal;10/08/2026 08:47;11/08/2026 16:48;11/08/2026 16:48;10/08/2026 08:47;11/08/2026 17:00
CAIXA 33L + FRACAO 33L;FRAÇÃO 33L;2 C a 8 C;563533;RJ;A9111;00019200000013871340;MultiModal;06/08/2026 06:34;07/08/2026 10:36;07/08/2026 10:36;06/08/2026 06:34;07/08/2026 11:05
CAIXA 33L + FRACAO 33L;FRAÇÃO 33L;2 C a 8 C;564101;RJ;A7255;00019200000013859900;MultiModal;11/08/2026 23:23;13/08/2026 14:16;-;11/08/2026 23:23;13/08/2026 14:16
CAIXA 33L + FRACAO 33L;FRAÇÃO 33L;2 C a 8 C;564337;RJ;A5623;00019200000013974602;MultiModal;13/08/2026 22:52;17/08/2026 15:00;-;13/08/2026 22:52;17/08/2026 15:00
CAIXA 33L + FRACAO 33L;FRAÇÃO 33L;2 C a 8 C;564470;RJ;A6326;00019200000013973150;MultiModal;15/08/2026 23:52;17/08/2026 15:55;-;15/08/2026 23:52;17/08/2026 15:55
CAIXA 33L + FRACAO 33L;FRAÇÃO 33L;2 C a 8 C;564474;RJ;A8006;00019200000013984780;MultiModal;15/08/2026 23:52;17/08/2026 11:40;-;15/08/2026 23:52;17/08/2026 11:40
CAIXA 33L + FRACAO 33L;FRAÇÃO 33L;2 C a 8 C;564690;RJ;A7023;00019200000013969676;MultiModal;18/08/2026 06:29;20/08/2026 17:00;-;18/08/2026 06:29;20/08/2026 17:00
CAIXA 33L + FRACAO 33L;FRAÇÃO 33L;2 C a 8 C;564941;RJ;A1609;00019200000013991906;MultiModal;18/08/2026 06:29;19/08/2026 11:00;-;18/08/2026 06:29;19/08/2026 11:00
CAIXA 33L + FRACAO 33L;FRAÇÃO 33L;2 C a 8 C;565068;RJ;TA0236;00019200000013996339;MultiModal;24/08/2026 08:54;25/08/2026 16:00;-;24/08/2026 08:54;25/08/2026 16:00
CAIXA 33L + FRACAO 33L;FRAÇÃO 33L;2 C a 8 C;565070;RJ;A2103;00019200000013999133;MultiModal;24/08/2026 05:49;25/08/2026 14:32;-;24/08/2026 05:49;25/08/2026 14:32
CAIXA 33L + FRACAO 33L;FRAÇÃO 33L;2 C a 8 C;565407;RJ;TA0433;00019200000013995669;MultiModal;20/08/2026 23:53;24/08/2026 15:00;-;20/08/2026 23:53;24/08/2026 15:00
CAIXA 33L + FRACAO 33L;FRAÇÃO 33L;2 C a 8 C;565471;RJ;A6017;00019200000013992953;MultiModal;23/08/2026 04:08;-;-;23/08/2026 04:08;-
CAIXA 33L + FRACAO 33L;FRAÇÃO 33L;2 C a 8 C;565478;RJ;A6707;00019200000013992988;MultiModal;23/08/2026 04:08;26/08/2026 13:50;-;23/08/2026 04:08;26/08/2026 13:50
CAIXA 33L + FRACAO 33L;FRAÇÃO 33L;2 C a 8 C;565566;RJ;A8484;00019200000014036959;MultiModal;24/08/2026 05:49;25/08/2026 13:38;-;24/08/2026 05:49;25/08/2026 13:38
CAIXA 33L + FRACAO 33L;FRAÇÃO 33L;2 C a 8 C;565609;RJ;A3079;00019200000014037033;MultiModal;24/08/2026 08:54;25/08/2026 11:50;-;24/08/2026 08:54;25/08/2026 11:50
CAIXA 33L + FRACAO 33L;FRAÇÃO 33L;2 C a 8 C;565902;RJ;A8743;00019200000014049295;MultiModal;26/08/2026 05:09;27/08/2026 11:01;-;26/08/2026 05:09;27/08/2026 11:01
CAIXA 33L + FRACAO 33L;FRAÇÃO 33L;2 C a 8 C;565939;RJ;A2454;00019200000014019639;MultiModal;26/08/2026 05:25;27/08/2026 13:00;-;26/08/2026 05:25;27/08/2026 13:00
CAIXA 33L + FRACAO 33L;FRAÇÃO 33L;2 C a 8 C;565987;RJ;A4237;00019200000014018730;MultiModal;02/09/2026 01:11;03/09/2026 19:30;-;02/09/2026 01:11;03/09/2026 19:30
CAIXA 33L + FRACAO 33L;FRAÇÃO 33L;2 C a 8 C;566077;RJ;A7384;00019200000014015528;MultiModal;27/08/2026 05:02;-;-;27/08/2026 05:02;-
CAIXA 33L + FRACAO 33L;CAIXA 33L GELO PCM;2 C a 8 C;566364;RJ;TA0604;00019200000014153556;MultiModal;29/08/2026 23:47;01/09/2026 14:30;-;29/08/2026 23:47;01/09/2026 14:30
CAIXA 33L + FRACAO 33L;CAIXA 33L GELO PCM;2 C a 8 C;566411;RJ;A2229;00019200000014152827;MultiModal;01/09/2026 04:59;02/09/2026 15:30;-;01/09/2026 04:59;02/09/2026 15:30
CAIXA 33L + FRACAO 33L;FRAÇÃO 33L;2 C a 8 C;566837;RJ;A7467;00019200000014186667;MultiModal;02/09/2026 01:10;03/09/2026 13:00;-;02/09/2026 01:10;03/09/2026 13:00
CAIXA 33L + FRACAO 33L;FRAÇÃO 33L;2 C a 8 C;559718;RN;A9268;00019200000013407228;MultiModal;09/07/2026 01:33;10/07/2026 14:50;-;09/07/2026 01:33;10/07/2026 14:50
CAIXA 33L + FRACAO 33L;FRAÇÃO 33L;2 C a 8 C;560128;RN;A5064;00019200000013413600;MultiModal;08/07/2026 07:26;10/07/2026 10:51;-;08/07/2026 07:26;10/07/2026 10:51
CAIXA 33L + FRACAO 33L;FRAÇÃO 33L;2 C a 8 C;561046;RN;A5647;00019200000013477471;MultiModal;21/07/2026 03:22;22/07/2026 12:00;-;21/07/2026 03:22;22/07/2026 12:00
CAIXA 33L + FRACAO 33L;FRAÇÃO 33L;2 C a 8 C;561580;RN;A4652;00019200000013478869;MultiModal;20/07/2026 04:59;23/07/2026 17:00;-;20/07/2026 04:59;23/07/2026 17:00
CAIXA 33L + FRACAO 33L;FRAÇÃO 33L;2 C a 8 C;561859;RN;A2225;00019200000013456741;MultiModal;23/07/2026 08:53;24/07/2026 15:12;-;23/07/2026 08:53;24/07/2026 15:12
CAIXA 33L + FRACAO 33L;FRAÇÃO 33L;2 C a 8 C;562912;RN;A9160;00019200000013823604;MultiModal;03/08/2026 03:38;04/08/2026 15:30;-;03/08/2026 03:38;04/08/2026 15:30
CAIXA 33L + FRACAO 33L;FRAÇÃO 33L;2 C a 8 C;563127;RN;A8541;00019200000013861131;MultiModal;10/08/2026 04:52;12/08/2026 15:00;-;10/08/2026 04:52;12/08/2026 15:00
CAIXA 33L + FRACAO 33L;FRAÇÃO 33L;2 C a 8 C;563363;RN;TA0740;00019200000013871528;MultiModal;06/08/2026 03:46;07/08/2026 15:57;-;06/08/2026 03:46;07/08/2026 15:57
CAIXA 33L + FRACAO 33L;FRAÇÃO 33L;2 C a 8 C;563460;RN;A4806;00019200000013871471;MultiModal;10/08/2026 22:35;12/08/2026 15:15;-;10/08/2026 22:35;12/08/2026 15:15
CAIXA 33L + FRACAO 33L;FRAÇÃO 33L;2 C a 8 C;563678;RN;A9154;00019200000013861093;MultiModal;10/08/2026 04:52;12/08/2026 10:00;-;10/08/2026 04:52;12/08/2026 10:00
CAIXA 33L + FRACAO 33L;FRAÇÃO 33L;2 C a 8 C;563795;RN;A2989;00019200000013861018;MultiModal;08/08/2026 18:05;10/08/2026 15:02;-;08/08/2026 18:05;10/08/2026 15:02
CAIXA 33L + FRACAO 33L;FRAÇÃO 33L;2 C a 8 C;564303;RN;A9569;00019200000013868373;MultiModal;13/08/2026 04:38;14/08/2026 14:28;-;13/08/2026 04:38;14/08/2026 14:28
CAIXA 33L + FRACAO 33L;FRAÇÃO 33L;2 C a 8 C;564335;RN;A6849;00019200000013974769;MultiModal;15/08/2026 23:24;18/08/2026 14:40;-;15/08/2026 23:24;18/08/2026 14:40
CAIXA 33L + FRACAO 33L;FRAÇÃO 33L;2 C a 8 C;564572;RN;A7974;00019200000013972111;MultiModal;17/08/2026 04:01;18/08/2026 15:55;-;17/08/2026 04:01;18/08/2026 15:55
CAIXA 33L + FRACAO 33L;FRAÇÃO 33L;2 C a 8 C;564699;RN;A2578;00019200000013970739;MultiModal;17/08/2026 04:01;18/08/2026 15:24;-;17/08/2026 04:01;18/08/2026 15:24
CAIXA 33L + FRACAO 33L;FRAÇÃO 33L;2 C a 8 C;564708;RN;A5988;00019200000013971590;MultiModal;17/08/2026 04:02;18/08/2026 15:24;-;17/08/2026 04:02;18/08/2026 15:24
CAIXA 33L + FRACAO 33L;FRAÇÃO 33L;2 C a 8 C;565073;RN;A5451;00019200000013999176;MultiModal;24/08/2026 04:15;25/08/2026 15:19;-;24/08/2026 04:15;25/08/2026 15:19
CAIXA 33L + FRACAO 33L;FRAÇÃO 33L;2 C a 8 C;565292;RN;A1961;00019200000013995561;MultiModal;23/08/2026 00:33;24/08/2026 16:50;-;23/08/2026 00:33;24/08/2026 16:50
CAIXA 33L + FRACAO 33L;FRAÇÃO 33L;2 C a 8 C;565401;RN;A3348;00019200000013993127;MultiModal;24/08/2026 04:16;25/08/2026 16:17;-;24/08/2026 04:16;25/08/2026 16:17
CAIXA 33L + FRACAO 33L;FRAÇÃO 33L;2 C a 8 C;565776;RN;A5005;00019200000014039230;MultiModal;24/08/2026 04:15;27/08/2026 09:30;-;24/08/2026 04:15;27/08/2026 09:30
CAIXA 33L + FRACAO 33L;FRAÇÃO 33L;2 C a 8 C;565905;RN;A4875;00019200000014049120;MultiModal;26/08/2026 01:44;27/08/2026 14:59;-;26/08/2026 01:44;27/08/2026 14:59
CAIXA 33L + FRACAO 33L;FRAÇÃO 33L;2 C a 8 C;566107;RN;A5582;00019200000014015412;MultiModal;27/08/2026 03:21;28/08/2026 14:20;-;27/08/2026 03:21;28/08/2026 14:20
CAIXA 33L + FRACAO 33L;FRAÇÃO 33L;2 C a 8 C;566138;RN;A5424;00019200000014015463;MultiModal;27/08/2026 03:21;28/08/2026 15:28;-;27/08/2026 03:21;28/08/2026 15:28
CAIXA 33L + FRACAO 33L;CAIXA 33L GELO PCM;2 C a 8 C;566247;RN;A5240;00019200000014153807;MultiModal;29/08/2026 23:47;31/08/2026 15:31;31/08/2026 15:31;29/08/2026 23:47;31/08/2026 15:48
CAIXA 33L + FRACAO 33L;FRAÇÃO 33L;2 C a 8 C;566943;RN;TA0230;00019200000014195798;MultiModal;03/09/2026 03:59;-;-;03/09/2026 03:59;-
CAIXA 33L + FRACAO 33L;FRAÇÃO 33L;2 C a 8 C;566978;RN;A3015;00019200000014187833;MultiModal;02/09/2026 00:54;03/09/2026 15:10;-;02/09/2026 00:54;03/09/2026 15:10
CAIXA 33L + FRACAO 33L;FRAÇÃO 33L;2 C a 8 C;559733;RO;A3663;00019200000013423096;MultiModal;06/07/2026 00:51;08/07/2026 18:00;-;06/07/2026 00:51;08/07/2026 18:00
CAIXA 33L + FRACAO 33L;FRAÇÃO 33L;2 C a 8 C;559957;RO;TA0951;00019200000013418246;MultiModal;07/07/2026 01:00;08/07/2026 18:00;-;07/07/2026 01:00;08/07/2026 18:00
CAIXA 33L + FRACAO 33L;FRAÇÃO 33L;2 C a 8 C;560093;RO;TA0410;00019200000013492292;MultiModal;13/07/2026 04:28;14/07/2026 13:00;-;13/07/2026 04:28;14/07/2026 13:00
CAIXA 33L + FRACAO 33L;FRAÇÃO 33L;2 C a 8 C;560242;RO;A5109;00019200000013410911;MultiModal;09/07/2026 01:25;10/07/2026 14:00;-;09/07/2026 01:25;10/07/2026 14:00
CAIXA 33L + FRACAO 33L;FRAÇÃO 33L;2 C a 8 C;560784;RO;A4584;00019200000013442244;MultiModal;14/07/2026 22:57;16/07/2026 18:00;-;14/07/2026 22:57;16/07/2026 18:00
CAIXA 33L + FRACAO 33L;FRAÇÃO 33L;2 C a 8 C;561462;RO;A2039;00019200000013477498;MultiModal;20/07/2026 04:21;23/07/2026 08:53;-;20/07/2026 04:21;23/07/2026 08:53
CAIXA 33L + FRACAO 33L;FRAÇÃO 33L;2 C a 8 C;561758;RO;A8650;00019200000013465872;MultiModal;22/07/2026 05:05;24/07/2026 14:22;-;22/07/2026 05:05;24/07/2026 14:22
CAIXA 33L + FRACAO 33L;FRAÇÃO 33L;2 C a 8 C;561771;RO;A7301;00019200000013462784;MultiModal;22/07/2026 05:05;24/07/2026 14:04;-;22/07/2026 05:05;24/07/2026 14:04
CAIXA 33L + FRACAO 33L;FRAÇÃO 33L;2 C a 8 C;562568;RO;A8388;00019200000013820346;MultiModal;02/08/2026 23:50;04/08/2026 10:14;-;02/08/2026 23:50;04/08/2026 10:14
CAIXA 33L + FRACAO 33L;FRAÇÃO 33L;2 C a 8 C;562868;RO;A1480;00019200000013841076;MultiModal;04/08/2026 23:23;06/08/2026 10:30;-;04/08/2026 23:23;06/08/2026 10:30
CAIXA 33L + FRACAO 33L;FRAÇÃO 33L;2 C a 8 C;563087;RO;A7146;00019200000013860950;MultiModal;10/08/2026 00:09;11/08/2026 13:00;-;10/08/2026 00:09;11/08/2026 13:00
CAIXA 33L + FRACAO 33L;FRAÇÃO 33L;2 C a 8 C;563178;RO;A1877;00019200000013853538;MultiModal;10/08/2026 02:27;11/08/2026 13:50;-;10/08/2026 02:27;11/08/2026 13:50
CAIXA 33L + FRACAO 33L;FRAÇÃO 33L;2 C a 8 C;563185;RO;A5933;00019200000013861174;MultiModal;10/08/2026 00:20;11/08/2026 13:50;-;10/08/2026 00:20;11/08/2026 13:50
CAIXA 33L + FRACAO 33L;FRAÇÃO 33L;2 C a 8 C;563461;RO;A8034;00019200000013871463;MultiModal;05/08/2026 22:48;07/08/2026 11:47;-;06/08/2026 01:15;07/08/2026 11:47
CAIXA 33L + FRACAO 33L;FRAÇÃO 33L;2 C a 8 C;564019;RO;A8385;00019200000013856014;MultiModal;11/08/2026 23:28;13/08/2026 17:00;-;11/08/2026 23:28;13/08/2026 17:00
CAIXA 33L + FRACAO 33L;FRAÇÃO 33L;2 C a 8 C;565076;RO;A8114;00019200000013995707;MultiModal;23/08/2026 00:38;24/08/2026 15:00;-;23/08/2026 00:38;24/08/2026 15:00
CAIXA 33L + FRACAO 33L;FRAÇÃO 33L;2 C a 8 C;565825;RO;A7290;00019200000014028379;MultiModal;25/08/2026 22:37;28/08/2026 14:00;-;25/08/2026 22:37;28/08/2026 14:00
CAIXA 33L + FRACAO 33L;FRAÇÃO 33L;2 C a 8 C;565876;RO;A8291;00019200000014058383;MultiModal;01/09/2026 22:38;-;-;01/09/2026 22:38;-
CAIXA 33L + FRACAO 33L;FRAÇÃO 33L;2 C a 8 C;566741;RO;A6398;00019200000014186713;MultiModal;01/09/2026 22:38;-;-;01/09/2026 22:38;-
CAIXA 33L + FRACAO 33L;FRAÇÃO 33L;2 C a 8 C;559934;RR;A0830;00019200000013415263;MultiModal;13/07/2026 00:33;14/07/2026 18:00;-;13/07/2026 00:33;14/07/2026 18:00
CAIXA 33L + FRACAO 33L;FRAÇÃO 33L;2 C a 8 C;560451;RR;A8548;00019200000013441566;MultiModal;14/07/2026 22:48;17/07/2026 11:00;-;14/07/2026 22:48;17/07/2026 11:00
CAIXA 33L + FRACAO 33L;FRAÇÃO 33L;2 C a 8 C;560787;RR;A2021;00019200000013442201;MultiModal;15/07/2026 04:12;17/07/2026 13:00;-;15/07/2026 04:12;17/07/2026 13:00
CAIXA 33L + FRACAO 33L;FRAÇÃO 33L;2 C a 8 C;561276;RR;A9406;00019200000013472542;MultiModal;21/07/2026 23:19;23/07/2026 14:27;-;21/07/2026 23:19;23/07/2026 14:27
CAIXA 33L + FRACAO 33L;FRAÇÃO 33L;2 C a 8 C;561759;RR;A8010;00019200000013465899;MultiModal;21/07/2026 23:19;23/07/2026 14:23;-;21/07/2026 23:19;23/07/2026 14:23
CAIXA 33L + FRACAO 33L;FRAÇÃO 33L;2 C a 8 C;563094;RR;A8971;00019200000013853511;MultiModal;04/08/2026 23:20;06/08/2026 18:00;-;04/08/2026 23:20;06/08/2026 18:00
CAIXA 33L + FRACAO 33L;FRAÇÃO 33L;2 C a 8 C;563191;RR;A6746;00019200000013861182;MultiModal;10/08/2026 00:08;11/08/2026 15:51;-;10/08/2026 00:08;11/08/2026 15:51
CAIXA 33L + FRACAO 33L;FRAÇÃO 33L;2 C a 8 C;563465;RR;A4622;00019200000013871749;MultiModal;10/08/2026 22:35;12/08/2026 10:52;-;10/08/2026 22:35;12/08/2026 10:52
CAIXA 33L + FRACAO 33L;FRAÇÃO 33L;2 C a 8 C;563733;RR;A8102;00019200000013860976;MultiModal;10/08/2026 00:20;11/08/2026 10:00;-;10/08/2026 00:20;11/08/2026 10:00
CAIXA 33L + FRACAO 33L;FRAÇÃO 33L;2 C a 8 C;564114;RR;TA0208;00019200000013956167;MultiModal;16/08/2026 23:34;18/08/2026 10:00;-;16/08/2026 23:34;18/08/2026 10:00
CAIXA 33L + FRACAO 33L;FRAÇÃO 33L;2 C a 8 C;564387;RR;A9305;00019200000013984802;MultiModal;15/08/2026 23:39;17/08/2026 13:16;-;15/08/2026 23:39;17/08/2026 13:16
CAIXA 33L + FRACAO 33L;FRAÇÃO 33L;2 C a 8 C;565398;RR;A7206;00019200000013993100;MultiModal;23/08/2026 00:38;24/08/2026 11:00;-;23/08/2026 00:38;24/08/2026 11:00
CAIXA 33L + FRACAO 33L;FRAÇÃO 33L;2 C a 8 C;565827;RR;A6063;00019200000014028484;MultiModal;24/08/2026 22:32;26/08/2026 10:28;-;24/08/2026 22:32;26/08/2026 10:28
CAIXA 33L + FRACAO 33L;FRAÇÃO 33L;2 C a 8 C;565877;RR;A2158;00019200000014049325;MultiModal;25/08/2026 22:34;28/08/2026 14:45;-;25/08/2026 22:34;28/08/2026 14:45
CAIXA 33L + FRACAO 33L;FRAÇÃO 33L;2 C a 8 C;566024;RR;A7188;00019200000014058987;MultiModal;31/08/2026 22:55;03/09/2026 10:00;-;31/08/2026 22:55;03/09/2026 10:00
CAIXA 33L + FRACAO 33L;FRAÇÃO 33L;2 C a 8 C;566059;RR;A7997;00019200000014058979;MultiModal;31/08/2026 22:55;03/09/2026 10:00;-;31/08/2026 22:55;03/09/2026 10:00
CAIXA 33L + FRACAO 33L;FRAÇÃO 33L;2 C a 8 C;566345;RR;A4585;00019200000014152185;MultiModal;31/08/2026 22:55;03/09/2026 10:00;-;31/08/2026 22:55;03/09/2026 10:00
CAIXA 33L + FRACAO 33L;FRAÇÃO 33L;2 C a 8 C;558297;RS;A6387;00019200000013423061;MultiModal;06/07/2026 05:43;24/07/2026 10:30;-;06/07/2026 05:43;24/07/2026 10:30
CAIXA 33L + FRACAO 33L;FRAÇÃO 33L;2 C a 8 C;558347;RS;A8205;00019200000013410822;MultiModal;16/07/2026 04:16;31/07/2026 10:00;-;16/07/2026 04:16;31/07/2026 10:00
CAIXA 33L + FRACAO 33L;FRAÇÃO 33L;2 C a 8 C;558988;RS;A6036;00019200000013422367;MultiModal;08/07/2026 05:26;03/08/2026 09:40;-;08/07/2026 05:26;03/08/2026 09:40
CAIXA 33L + FRACAO 33L;FRAÇÃO 33L;2 C a 8 C;559071;RS;TA0073;00019200000013422286;MultiModal;08/07/2026 05:25;03/08/2026 09:45;-;08/07/2026 05:25;03/08/2026 09:45
CAIXA 33L + FRACAO 33L;FRAÇÃO 33L;2 C a 8 C;559743;RS;A8646;00019200000013422979;MultiModal;02/07/2026 23:50;04/07/2026 13:00;-;02/07/2026 23:50;04/07/2026 13:00
CAIXA 33L + FRACAO 33L;FRAÇÃO 33L;2 C a 8 C;559978;RS;A8332;00019200000013419447;MultiModal;07/07/2026 06:50;09/07/2026 09:49;-;07/07/2026 06:50;09/07/2026 09:49
CAIXA 33L + FRACAO 33L;FRAÇÃO 33L;2 C a 8 C;560092;RS;TA0039;00019200000013452452;MultiModal;03/08/2026 03:53;06/08/2026 10:30;-;03/08/2026 03:53;06/08/2026 10:30
CAIXA 33L + FRACAO 33L;FRAÇÃO 33L;2 C a 8 C;560130;RS;A6424;00019200000013413562;MultiModal;08/07/2026 07:16;09/07/2026 15:00;-;08/07/2026 07:16;09/07/2026 15:00
CAIXA 33L + FRACAO 33L;FRAÇÃO 33L;2 C a 8 C;560135;RS;A5451;00019200000013413651;MultiModal;08/07/2026 07:17;09/07/2026 17:00;-;08/07/2026 07:17;09/07/2026 17:00
CAIXA 33L + FRACAO 33L;FRAÇÃO 33L;2 C a 8 C;560136;RS;A3276;00019200000013414356;MultiModal;08/07/2026 00:18;10/07/2026 18:30;13/07/2026 17:32;08/07/2026 00:18;13/07/2026 17:34
CAIXA 33L + FRACAO 33L;FRAÇÃO 33L;2 C a 8 C;560138;RS;A8639;00019200000013413635;MultiModal;08/07/2026 07:15;09/07/2026 17:00;-;08/07/2026 07:15;09/07/2026 17:00
CAIXA 33L + FRACAO 33L;FRAÇÃO 33L;2 C a 8 C;560222;RS;A6189;00019200000013411225;MultiModal;09/07/2026 04:50;13/07/2026 18:00;-;09/07/2026 04:50;13/07/2026 18:00
CAIXA 33L + FRACAO 33L;FRAÇÃO 33L;2 C a 8 C;560226;RS;A7723;00019200000013411063;MultiModal;09/07/2026 04:50;10/07/2026 17:38;-;09/07/2026 04:50;10/07/2026 17:38
CAIXA 33L + FRACAO 33L;FRAÇÃO 33L;2 C a 8 C;560234;RS;A9252;00019200000013411187;MultiModal;09/07/2026 01:14;10/07/2026 18:30;13/07/2026 17:29;09/07/2026 01:14;13/07/2026 17:31
CAIXA 33L + FRACAO 33L;FRAÇÃO 33L;2 C a 8 C;560244;RS;A7192;00019200000013410920;MultiModal;09/07/2026 04:50;10/07/2026 17:39;-;09/07/2026 04:50;10/07/2026 17:39
CAIXA 33L + FRACAO 33L;FRAÇÃO 33L;2 C a 8 C;560462;RS;A7806;00019200000013489038;MultiModal;09/07/2026 23:43;13/07/2026 18:00;-;09/07/2026 23:43;13/07/2026 18:00
CAIXA 33L + FRACAO 33L;FRAÇÃO 33L;2 C a 8 C;560916;RS;TA0447;00019200000013442180;MultiModal;15/07/2026 04:06;17/07/2026 19:00;-;15/07/2026 04:06;17/07/2026 19:00
CAIXA 33L + FRACAO 33L;FRAÇÃO 33L;2 C a 8 C;560951;RS;TA0376;00019200000013480804;MultiModal;15/07/2026 04:07;17/07/2026 17:00;-;15/07/2026 04:07;17/07/2026 17:00
CAIXA 33L + FRACAO 33L;FRAÇÃO 33L;2 C a 8 C;560990;RS;A0944;00019200000013480715;MultiModal;15/07/2026 04:10;17/07/2026 16:00;-;15/07/2026 04:10;17/07/2026 16:00
CAIXA 33L + FRACAO 33L;FRAÇÃO 33L;2 C a 8 C;561234;RS;A0287;00019200000013472461;MultiModal;23/07/2026 08:18;06/08/2026 10:30;-;23/07/2026 08:18;06/08/2026 10:30
CAIXA 33L + FRACAO 33L;FRAÇÃO 33L;2 C a 8 C;561398;RS;A1445;00019200000013594184;MultiModal;20/07/2026 06:09;22/07/2026 08:00;-;20/07/2026 06:09;22/07/2026 08:00
CAIXA 33L + FRACAO 33L;FRAÇÃO 33L;2 C a 8 C;561419;RS;A3184;00019200000013594176;MultiModal;20/07/2026 06:09;21/07/2026 13:20;-;20/07/2026 06:09;21/07/2026 13:20
CAIXA 33L + FRACAO 33L;FRAÇÃO 33L;2 C a 8 C;561460;RS;A4777;00019200000013478850;MultiModal;20/07/2026 03:06;23/07/2026 14:51;-;20/07/2026 03:06;23/07/2026 14:51
CAIXA 33L + FRACAO 33L;FRAÇÃO 33L;2 C a 8 C;561464;RS;A3371;00019200000013477510;MultiModal;20/07/2026 06:08;22/07/2026 11:00;-;20/07/2026 06:08;22/07/2026 11:00
CAIXA 33L + FRACAO 33L;FRAÇÃO 33L;2 C a 8 C;561475;RS;A7503;00019200000013475886;MultiModal;20/07/2026 06:09;22/07/2026 17:00;-;20/07/2026 06:09;22/07/2026 17:00
CAIXA 33L + FRACAO 33L;FRAÇÃO 33L;2 C a 8 C;561477;RS;A2626;00019200000013477447;MultiModal;20/07/2026 06:09;22/07/2026 18:00;-;20/07/2026 06:09;22/07/2026 18:00
CAIXA 33L + FRACAO 33L;FRAÇÃO 33L;2 C a 8 C;561478;RS;TA0573;00019200000013475851;MultiModal;20/07/2026 06:08;22/07/2026 14:01;-;20/07/2026 06:08;22/07/2026 14:01
CAIXA 33L + FRACAO 33L;FRAÇÃO 33L;2 C a 8 C;561479;RS;A9193;00019200000013475894;MultiModal;20/07/2026 06:09;22/07/2026 17:00;-;20/07/2026 06:09;22/07/2026 17:00
CAIXA 33L + FRACAO 33L;FRAÇÃO 33L;2 C a 8 C;561481;RS;TA0828;00019200000013475860;MultiModal;20/07/2026 06:08;22/07/2026 17:00;-;20/07/2026 06:08;22/07/2026 17:00
CAIXA 33L + FRACAO 33L;FRAÇÃO 33L;2 C a 8 C;561614;RS;TA0972;00019200000013694421;MultiModal;29/07/2026 00:58;31/07/2026 10:00;-;29/07/2026 00:58;31/07/2026 10:00
CAIXA 33L + FRACAO 33L;FRAÇÃO 33L;2 C a 8 C;561984;RS;TA0924;00019200000013773569;MultiModal;29/07/2026 00:58;31/07/2026 09:30;-;29/07/2026 00:58;31/07/2026 09:30
CAIXA 33L + FRACAO 33L;FRAÇÃO 33L;2 C a 8 C;562670;RS;A6579;00019200000013820435;MultiModal;01/08/2026 15:30;04/08/2026 13:36;10/08/2026 14:52;01/08/2026 15:30;10/08/2026 14:53
CAIXA 33L + FRACAO 33L;FRAÇÃO 33L;2 C a 8 C;562710;RS;TA0395;00019200000013788450;MultiModal;01/08/2026 16:28;-;-;01/08/2026 16:28;-
CAIXA 33L + FRACAO 33L;FRAÇÃO 33L;2 C a 8 C;562726;RS;A3444;00019200000013788493;MultiModal;01/08/2026 16:26;05/08/2026 10:24;-;01/08/2026 16:26;05/08/2026 10:24
CAIXA 33L + FRACAO 33L;FRAÇÃO 33L;2 C a 8 C;562745;RS;A1347;00019200000013786075;MultiModal;01/08/2026 16:30;04/08/2026 15:30;-;01/08/2026 16:30;04/08/2026 15:30
CAIXA 33L + FRACAO 33L;FRAÇÃO 33L;2 C a 8 C;563173;RS;A0974;00019200000013776819;MultiModal;04/08/2026 23:23;06/08/2026 11:46;-;04/08/2026 23:23;06/08/2026 11:46
CAIXA 33L + FRACAO 33L;FRAÇÃO 33L;2 C a 8 C;563275;RS;A6182;00019200000013776649;MultiModal;04/08/2026 23:24;06/08/2026 13:37;-;04/08/2026 23:24;06/08/2026 13:37
CAIXA 33L + FRACAO 33L;FRAÇÃO 33L;2 C a 8 C;563347;RS;A6978;00019200000013866796;MultiModal;06/08/2026 06:34;10/08/2026 09:35;-;06/08/2026 06:34;10/08/2026 09:35
CAIXA 33L + FRACAO 33L;FRAÇÃO 33L;2 C a 8 C;563352;RS;A5861;00019200000013871773;MultiModal;06/08/2026 06:34;11/08/2026 19:00;-;06/08/2026 06:34;11/08/2026 19:00
CAIXA 33L + FRACAO 33L;FRAÇÃO 33L;2 C a 8 C;563466;RS;TA0458;00019200000013871722;MultiModal;05/08/2026 22:58;07/08/2026 08:30;-;05/08/2026 22:58;07/08/2026 08:30
CAIXA 33L + FRACAO 33L;FRAÇÃO 33L;2 C a 8 C;563679;RS;TA1114;00019200000013861123;MultiModal;10/08/2026 08:49;12/08/2026 10:02;-;10/08/2026 08:49;12/08/2026 10:02
CAIXA 33L + FRACAO 33L;FRAÇÃO 33L;2 C a 8 C;563689;RS;A7507;00019200000013861069;MultiModal;08/08/2026 17:58;10/08/2026 16:00;-;08/08/2026 17:58;10/08/2026 16:00
CAIXA 33L + FRACAO 33L;FRAÇÃO 33L;2 C a 8 C;563757;RS;A6082;00019200000013861034;MultiModal;08/08/2026 17:58;11/08/2026 19:00;-;08/08/2026 17:58;11/08/2026 19:00
CAIXA 33L + FRACAO 33L;FRAÇÃO 33L;2 C a 8 C;563852;RS;TA0614;00019200000013859820;MultiModal;10/08/2026 08:49;12/08/2026 13:31;-;10/08/2026 08:49;12/08/2026 13:31
CAIXA 33L + FRACAO 33L;FRAÇÃO 33L;2 C a 8 C;564028;RS;A7653;00019200000013859862;Rodoviário;12/08/2026 03:04;13/08/2026 16:05;-;12/08/2026 03:04;13/08/2026 16:05
CAIXA 33L + FRACAO 33L;FRAÇÃO 33L;2 C a 8 C;564262;RS;A8090;00019200000013868209;MultiModal;13/08/2026 05:19;17/08/2026 13:00;-;13/08/2026 05:19;17/08/2026 13:00
CAIXA 33L + FRACAO 33L;FRAÇÃO 33L;2 C a 8 C;564395;RS;A8270;00019200000013972987;MultiModal;15/08/2026 23:52;20/08/2026 15:00;20/08/2026 14:42;15/08/2026 23:52;20/08/2026 14:44
CAIXA 33L + FRACAO 33L;FRAÇÃO 33L;2 C a 8 C;564454;RS;TA0862;00019200000013984845;MultiModal;15/08/2026 23:52;18/08/2026 10:21;-;15/08/2026 23:52;18/08/2026 10:21
CAIXA 33L + FRACAO 33L;FRAÇÃO 33L;2 C a 8 C;564540;RS;A6677;00019200000013972103;MultiModal;17/08/2026 07:50;18/08/2026 17:00;-;17/08/2026 07:50;18/08/2026 17:00
CAIXA 33L + FRACAO 33L;FRAÇÃO 33L;2 C a 8 C;564653;RS;A9125;00019200000013859781;MultiModal;17/08/2026 07:50;19/08/2026 14:45;-;17/08/2026 07:50;19/08/2026 14:45
CAIXA 33L + FRACAO 33L;FRAÇÃO 33L;2 C a 8 C;564802;RS;A8985;00019200000013859765;MultiModal;17/08/2026 07:50;18/08/2026 22:33;21/08/2026 12:29;17/08/2026 07:50;31/08/2026 09:16
CAIXA 33L + FRACAO 33L;FRAÇÃO 33L;2 C a 8 C;564821;RS;A1420;00019200000013991310;MultiModal;18/08/2026 04:13;20/08/2026 12:04;26/08/2026 19:26;18/08/2026 04:13;26/08/2026 19:27
CAIXA 33L + FRACAO 33L;FRAÇÃO 33L;2 C a 8 C;564847;RS;A6987;00019200000013991922;MultiModal;18/08/2026 06:28;19/08/2026 14:58;-;18/08/2026 06:28;19/08/2026 14:58
CAIXA 33L + FRACAO 33L;FRAÇÃO 33L;2 C a 8 C;565128;RS;A6264;00019200000013998528;MultiModal;19/08/2026 03:02;20/08/2026 11:50;20/08/2026 20:13;19/08/2026 03:02;20/08/2026 20:14
CAIXA 33L + FRACAO 33L;FRAÇÃO 33L;2 C a 8 C;565130;RS;TA0176;00019200000013993062;MultiModal;23/08/2026 04:08;24/08/2026 16:00;-;23/08/2026 04:08;24/08/2026 16:00
CAIXA 33L + FRACAO 33L;FRAÇÃO 33L;2 C a 8 C;565371;RS;A4047;00019200000013993119;MultiModal;23/08/2026 04:08;26/08/2026 16:00;-;23/08/2026 04:08;26/08/2026 16:00
CAIXA 33L + FRACAO 33L;FRAÇÃO 33L;2 C a 8 C;565468;RS;TA0108;00019200000013993054;MultiModal;23/08/2026 04:08;26/08/2026 13:00;-;23/08/2026 04:08;26/08/2026 13:00
CAIXA 33L + FRACAO 33L;FRAÇÃO 33L;2 C a 8 C;565476;RS;TA0090;00019200000013993038;MultiModal;23/08/2026 04:17;24/08/2026 15:00;-;23/08/2026 04:17;24/08/2026 15:00
CAIXA 33L + FRACAO 33L;FRAÇÃO 33L;2 C a 8 C;565756;RS;A8459;00019200000014039303;MultiModal;24/08/2026 00:45;27/08/2026 14:03;27/08/2026 20:29;24/08/2026 00:45;27/08/2026 20:31
CAIXA 33L + FRACAO 33L;FRAÇÃO 33L;2 C a 8 C;565908;RS;A3465;00019200000014049198;MultiModal;26/08/2026 05:09;27/08/2026 13:00;-;26/08/2026 05:09;27/08/2026 13:00
CAIXA 33L + FRACAO 33L;FRAÇÃO 33L;2 C a 8 C;566089;RS;A9085;00019200000014018721;MultiModal;26/08/2026 22:58;29/08/2026 10:47;29/08/2026 10:47;26/08/2026 22:58;29/08/2026 10:49
CAIXA 33L + FRACAO 33L;FRAÇÃO 33L;2 C a 8 C;566101;RS;A8655;00019200000014037289;MultiModal;27/08/2026 05:02;28/08/2026 15:00;-;27/08/2026 05:02;28/08/2026 15:00
CAIXA 33L + FRACAO 33L;FRAÇÃO 33L;2 C a 8 C;566104;RS;A7131;00019200000014018713;MultiModal;26/08/2026 22:58;29/08/2026 10:44;29/08/2026 10:44;26/08/2026 22:58;29/08/2026 10:46
CAIXA 33L + FRACAO 33L;CAIXA 33L GELO PCM;2 C a 8 C;566246;RS;A9612;00019200000014153769;MultiModal;29/08/2026 23:47;01/09/2026 13:00;-;29/08/2026 23:47;01/09/2026 13:00
CAIXA 33L + FRACAO 33L;CAIXA 33L GELO PCM;2 C a 8 C;566355;RS;A1908;00019200000014153602;MultiModal;29/08/2026 23:33;01/09/2026 11:27;01/09/2026 11:27;29/08/2026 23:33;01/09/2026 11:30
CAIXA 33L + FRACAO 33L;FRAÇÃO 33L;2 C a 8 C;558299;SC;TA0694;00019200000013423169;MultiModal;06/07/2026 05:43;08/07/2026 15:24;-;06/07/2026 05:43;08/07/2026 15:24
CAIXA 33L + FRACAO 33L;FRAÇÃO 33L;2 C a 8 C;558349;SC;A7656;00019200000013423045;MultiModal;06/07/2026 05:43;08/07/2026 15:25;-;06/07/2026 05:43;08/07/2026 15:25
CAIXA 33L + FRACAO 33L;FRAÇÃO 33L;2 C a 8 C;559363;SC;A9397;00019200000013407236;MultiModal;08/07/2026 05:27;10/07/2026 20:00;-;08/07/2026 05:27;10/07/2026 20:00
CAIXA 33L + FRACAO 33L;FRAÇÃO 33L;2 C a 8 C;559696;SC;A7444;00019200000013422944;MultiModal;06/07/2026 05:43;08/07/2026 14:35;-;06/07/2026 05:43;08/07/2026 14:35
CAIXA 33L + FRACAO 33L;FRAÇÃO 33L;2 C a 8 C;559712;SC;A7121;00019200000013422294;MultiModal;07/07/2026 05:52;09/07/2026 16:00;-;07/07/2026 05:52;09/07/2026 16:00
CAIXA 33L + FRACAO 33L;FRAÇÃO 33L;2 C a 8 C;559858;SC;TA0641;00019200000013406191;MultiModal;06/07/2026 06:23;08/07/2026 15:32;-;06/07/2026 06:23;08/07/2026 15:32
CAIXA 33L + FRACAO 33L;FRAÇÃO 33L;2 C a 8 C;559859;SC;A8561;00019200000013421115;MultiModal;06/07/2026 06:23;08/07/2026 15:34;-;06/07/2026 06:23;08/07/2026 15:34
CAIXA 33L + FRACAO 33L;FRAÇÃO 33L;2 C a 8 C;560223;SC;A7198;00019200000013411268;MultiModal;09/07/2026 04:51;13/07/2026 14:45;-;09/07/2026 04:51;13/07/2026 14:45
CAIXA 33L + FRACAO 33L;FRAÇÃO 33L;2 C a 8 C;560487;SC;A4395;00019200000013489054;MultiModal;09/07/2026 23:44;13/07/2026 14:47;-;09/07/2026 23:44;13/07/2026 14:47
CAIXA 33L + FRACAO 33L;FRAÇÃO 33L;2 C a 8 C;560495;SC;A5525;00019200000013450832;MultiModal;13/07/2026 07:54;15/07/2026 11:29;-;-;-
CAIXA 33L + FRACAO 33L;FRAÇÃO 33L;2 C a 8 C;560621;SC;A2591;00019200000013452550;MultiModal;13/07/2026 06:44;14/07/2026 10:23;-;13/07/2026 06:44;14/07/2026 10:23
CAIXA 33L + FRACAO 33L;FRAÇÃO 33L;2 C a 8 C;560622;SC;TA1107;00019200000013452584;MultiModal;13/07/2026 06:44;14/07/2026 16:00;-;13/07/2026 06:44;16/07/2026 17:15
CAIXA 33L + FRACAO 33L;FRAÇÃO 33L;2 C a 8 C;560623;SC;A1456;00019200000013452444;MultiModal;13/07/2026 06:45;14/07/2026 16:00;-;13/07/2026 06:45;14/07/2026 16:00
CAIXA 33L + FRACAO 33L;FRAÇÃO 33L;2 C a 8 C;560624;SC;TA0463;00019200000013452576;MultiModal;13/07/2026 06:44;14/07/2026 16:00;-;13/07/2026 06:44;14/07/2026 16:00
CAIXA 33L + FRACAO 33L;FRAÇÃO 33L;2 C a 8 C;560626;SC;A3639;00019200000013452533;MultiModal;13/07/2026 06:44;14/07/2026 16:00;-;13/07/2026 06:44;14/07/2026 16:00
CAIXA 33L + FRACAO 33L;FRAÇÃO 33L;2 C a 8 C;560732;SC;A8687;00019200000013440357;MultiModal;16/07/2026 03:30;23/07/2026 16:34;-;16/07/2026 03:30;23/07/2026 16:34
CAIXA 33L + FRACAO 33L;FRAÇÃO 33L;2 C a 8 C;560920;SC;A8182;00019200000013442112;MultiModal;14/07/2026 22:48;17/07/2026 10:40;17/07/2026 12:15;14/07/2026 22:48;17/07/2026 12:16
CAIXA 33L + FRACAO 33L;FRAÇÃO 33L;2 C a 8 C;560993;SC;TA0729;00019200000013480790;MultiModal;15/07/2026 04:11;16/07/2026 15:59;-;15/07/2026 04:11;16/07/2026 15:59
CAIXA 33L + FRACAO 33L;FRAÇÃO 33L;2 C a 8 C;561235;SC;A8494;00019200000013472488;MultiModal;22/07/2026 07:35;23/07/2026 13:45;-;22/07/2026 07:35;23/07/2026 13:45
CAIXA 33L + FRACAO 33L;FRAÇÃO 33L;2 C a 8 C;561412;SC;A4520;00019200000013594192;MultiModal;20/07/2026 06:06;21/07/2026 16:10;-;20/07/2026 06:06;21/07/2026 16:10
CAIXA 33L + FRACAO 33L;FRAÇÃO 33L;2 C a 8 C;561623;SC;A8559;00019200000013467158;MultiModal;21/07/2026 05:42;23/07/2026 15:32;-;21/07/2026 05:42;23/07/2026 15:32
CAIXA 33L + FRACAO 33L;FRAÇÃO 33L;2 C a 8 C;561624;SC;A3008;00019200000013467140;MultiModal;21/07/2026 05:42;23/07/2026 15:21;-;21/07/2026 05:42;23/07/2026 15:21
CAIXA 33L + FRACAO 33L;FRAÇÃO 33L;2 C a 8 C;561626;SC;A5092;00019200000013467190;MultiModal;21/07/2026 05:42;23/07/2026 15:21;-;21/07/2026 05:42;23/07/2026 15:21
CAIXA 33L + FRACAO 33L;FRAÇÃO 33L;2 C a 8 C;562145;SC;A5822;00019200000013690353;MultiModal;26/07/2026 04:09;27/07/2026 16:05;-;26/07/2026 04:09;27/07/2026 16:05
CAIXA 33L + FRACAO 33L;FRAÇÃO 33L;2 C a 8 C;562148;SC;A3854;00019200000013691708;MultiModal;26/07/2026 04:10;28/07/2026 11:53;-;26/07/2026 04:10;28/07/2026 11:53
CAIXA 33L + FRACAO 33L;FRAÇÃO 33L;2 C a 8 C;562240;SC;A8445;00019200000013751581;MultiModal;28/07/2026 03:40;29/07/2026 13:10;-;28/07/2026 03:40;29/07/2026 13:10
CAIXA 33L + FRACAO 33L;FRAÇÃO 33L;2 C a 8 C;562241;SC;TA1001;00019200000013751654;MultiModal;28/07/2026 03:40;29/07/2026 13:10;-;28/07/2026 03:40;29/07/2026 13:10
CAIXA 33L + FRACAO 33L;FRAÇÃO 33L;2 C a 8 C;562242;SC;TA0351;00019200000013751620;MultiModal;28/07/2026 03:40;29/07/2026 13:10;-;28/07/2026 03:40;29/07/2026 13:10
CAIXA 33L + FRACAO 33L;FRAÇÃO 33L;2 C a 8 C;562243;SC;A7658;00019200000013751646;MultiModal;28/07/2026 03:40;29/07/2026 13:10;-;28/07/2026 03:40;29/07/2026 13:10
CAIXA 33L + FRACAO 33L;FRAÇÃO 33L;2 C a 8 C;562245;SC;TA0960;00019200000013751662;MultiModal;28/07/2026 03:40;29/07/2026 13:10;-;28/07/2026 03:40;29/07/2026 13:10
CAIXA 33L + FRACAO 33L;FRAÇÃO 33L;2 C a 8 C;562246;SC;TA1127;00019200000013751590;MultiModal;28/07/2026 03:40;29/07/2026 13:10;-;28/07/2026 03:40;29/07/2026 13:10
CAIXA 33L + FRACAO 33L;FRAÇÃO 33L;2 C a 8 C;562248;SC;TA0885;00019200000013751611;MultiModal;28/07/2026 03:40;29/07/2026 13:10;-;28/07/2026 03:40;29/07/2026 13:10
CAIXA 33L + FRACAO 33L;FRAÇÃO 33L;2 C a 8 C;562249;SC;A9063;00019200000013751638;MultiModal;28/07/2026 03:40;29/07/2026 13:15;-;28/07/2026 03:40;29/07/2026 13:15
CAIXA 33L + FRACAO 33L;FRAÇÃO 33L;2 C a 8 C;562271;SC;A9086;00019200000013751603;MultiModal;28/07/2026 03:40;29/07/2026 13:10;-;28/07/2026 03:40;29/07/2026 13:10
CAIXA 33L + FRACAO 33L;FRAÇÃO 33L;2 C a 8 C;562500;SC;A5208;00019200000013729616;MultiModal;29/07/2026 00:57;30/07/2026 15:15;-;29/07/2026 00:57;30/07/2026 15:15
CAIXA 33L + FRACAO 33L;FRAÇÃO 33L;2 C a 8 C;562502;SC;A6254;00019200000013729713;MultiModal;29/07/2026 00:57;30/07/2026 16:20;-;29/07/2026 00:57;30/07/2026 16:20
CAIXA 33L + FRACAO 33L;FRAÇÃO 33L;2 C a 8 C;562816;SC;A0003;00019200000013776843;MultiModal;04/08/2026 23:33;06/08/2026 17:00;-;04/08/2026 23:33;06/08/2026 17:00
CAIXA 33L + FRACAO 33L;FRAÇÃO 33L;2 C a 8 C;562892;SC;A2147;00019200000013789996;MultiModal;04/08/2026 23:22;06/08/2026 15:00;-;04/08/2026 23:22;06/08/2026 15:00
CAIXA 33L + FRACAO 33L;FRAÇÃO 33L;2 C a 8 C;562897;SC;A5401;00019200000013823477;MultiModal;03/08/2026 03:57;04/08/2026 16:00;-;03/08/2026 05:50;04/08/2026 17:00
CAIXA 33L + FRACAO 33L;FRAÇÃO 33L;2 C a 8 C;562898;SC;A5831;00019200000013823582;MultiModal;03/08/2026 03:55;04/08/2026 16:00;-;03/08/2026 03:55;04/08/2026 16:00
CAIXA 33L + FRACAO 33L;FRAÇÃO 33L;2 C a 8 C;562899;SC;A8069;00019200000013823590;MultiModal;03/08/2026 03:54;04/08/2026 16:00;-;03/08/2026 03:54;04/08/2026 16:00
CAIXA 33L + FRACAO 33L;FRAÇÃO 33L;2 C a 8 C;562902;SC;A9483;00019200000013823612;MultiModal;03/08/2026 03:55;04/08/2026 16:00;-;03/08/2026 03:55;04/08/2026 16:00
CAIXA 33L + FRACAO 33L;FRAÇÃO 33L;2 C a 8 C;562904;SC;A5953;00019200000013823639;MultiModal;03/08/2026 03:54;04/08/2026 16:00;-;03/08/2026 03:54;04/08/2026 16:00
CAIXA 33L + FRACAO 33L;FRAÇÃO 33L;2 C a 8 C;562905;SC;A8586;00019200000013823574;MultiModal;03/08/2026 04:21;04/08/2026 16:00;-;03/08/2026 04:21;04/08/2026 16:00
CAIXA 33L + FRACAO 33L;FRAÇÃO 33L;2 C a 8 C;562906;SC;A7156;00019200000013823620;MultiModal;03/08/2026 03:55;04/08/2026 16:00;-;03/08/2026 03:55;04/08/2026 16:00
CAIXA 33L + FRACAO 33L;FRAÇÃO 33L;2 C a 8 C;562907;SC;A7902;00019200000013823566;MultiModal;03/08/2026 04:04;04/08/2026 16:00;-;03/08/2026 04:04;04/08/2026 16:00
CAIXA 33L + FRACAO 33L;FRAÇÃO 33L;2 C a 8 C;562908;SC;TA0390;00019200000013823671;MultiModal;03/08/2026 03:55;04/08/2026 16:00;-;03/08/2026 03:55;04/08/2026 16:00
CAIXA 33L + FRACAO 33L;FRAÇÃO 33L;2 C a 8 C;563097;SC;TA0363;00019200000013861085;MultiModal;10/08/2026 08:49;11/08/2026 17:00;-;10/08/2026 08:49;11/08/2026 17:00
CAIXA 33L + FRACAO 33L;FRAÇÃO 33L;2 C a 8 C;563151;SC;A8405;00019200000013861298;MultiModal;04/08/2026 23:23;06/08/2026 12:30;-;04/08/2026 23:23;06/08/2026 12:30
CAIXA 33L + FRACAO 33L;FRAÇÃO 33L;2 C a 8 C;563467;SC;A6360;00019200000013871153;MultiModal;06/08/2026 03:27;07/08/2026 16:10;-;06/08/2026 03:27;07/08/2026 16:10
CAIXA 33L + FRACAO 33L;FRAÇÃO 33L;2 C a 8 C;563680;SC;A4277;00019200000013861166;MultiModal;10/08/2026 08:52;11/08/2026 17:00;-;10/08/2026 08:52;11/08/2026 17:00
CAIXA 33L + FRACAO 33L;FRAÇÃO 33L;2 C a 8 C;563878;SC;A3843;00019200000013863487;MultiModal;10/08/2026 08:51;11/08/2026 17:00;-;10/08/2026 08:51;11/08/2026 17:00
CAIXA 33L + FRACAO 33L;FRAÇÃO 33L;2 C a 8 C;563879;SC;A8397;00019200000013859170;MultiModal;10/08/2026 08:50;11/08/2026 17:00;-;10/08/2026 08:50;11/08/2026 17:00
CAIXA 33L + FRACAO 33L;FRAÇÃO 33L;2 C a 8 C;563880;SC;A8553;00019200000013862928;MultiModal;10/08/2026 08:50;11/08/2026 17:00;-;10/08/2026 08:50;11/08/2026 17:00
CAIXA 33L + FRACAO 33L;FRAÇÃO 33L;2 C a 8 C;563881;SC;A7716;00019200000013863479;MultiModal;10/08/2026 08:51;11/08/2026 17:00;-;10/08/2026 08:51;11/08/2026 17:00
CAIXA 33L + FRACAO 33L;FRAÇÃO 33L;2 C a 8 C;563882;SC;A9556;00019200000013859200;MultiModal;10/08/2026 08:51;11/08/2026 17:00;-;10/08/2026 08:51;11/08/2026 17:00
CAIXA 33L + FRACAO 33L;FRAÇÃO 33L;2 C a 8 C;563883;SC;A9685;00019200000013863460;MultiModal;10/08/2026 08:50;11/08/2026 17:00;-;10/08/2026 08:50;11/08/2026 17:00
CAIXA 33L + FRACAO 33L;FRAÇÃO 33L;2 C a 8 C;563884;SC;A0500;00019200000013863444;MultiModal;10/08/2026 08:52;11/08/2026 17:00;-;10/08/2026 08:52;11/08/2026 17:00
CAIXA 33L + FRACAO 33L;FRAÇÃO 33L;2 C a 8 C;564171;SC;A7264;00019200000013921541;MultiModal;13/08/2026 05:21;14/08/2026 16:00;-;13/08/2026 05:21;14/08/2026 16:00
CAIXA 33L + FRACAO 33L;FRAÇÃO 33L;2 C a 8 C;564367;SC;A1927;00019200000013984896;MultiModal;15/08/2026 23:23;18/08/2026 17:00;-;15/08/2026 23:23;18/08/2026 17:00
CAIXA 33L + FRACAO 33L;FRAÇÃO 33L;2 C a 8 C;564617;SC;A7600;00019200000013969781;MultiModal;17/08/2026 08:28;18/08/2026 15:19;18/08/2026 15:19;17/08/2026 08:28;18/08/2026 15:21
CAIXA 33L + FRACAO 33L;FRAÇÃO 33L;2 C a 8 C;564618;SC;A8763;00019200000013969722;MultiModal;17/08/2026 08:14;18/08/2026 16:42;18/08/2026 16:42;17/08/2026 08:14;18/08/2026 16:43
CAIXA 33L + FRACAO 33L;FRAÇÃO 33L;2 C a 8 C;564621;SC;A7928;00019200000013969765;MultiModal;17/08/2026 08:23;18/08/2026 15:25;18/08/2026 15:25;17/08/2026 08:23;18/08/2026 15:27
CAIXA 33L + FRACAO 33L;FRAÇÃO 33L;2 C a 8 C;564622;SC;A2013;00019200000013969811;MultiModal;17/08/2026 08:04;18/08/2026 15:12;18/08/2026 15:12;17/08/2026 08:04;18/08/2026 15:15
CAIXA 33L + FRACAO 33L;FRAÇÃO 33L;2 C a 8 C;564623;SC;A7993;00019200000013969749;MultiModal;17/08/2026 08:29;18/08/2026 15:17;18/08/2026 15:17;17/08/2026 08:29;18/08/2026 15:18
CAIXA 33L + FRACAO 33L;FRAÇÃO 33L;2 C a 8 C;564624;SC;A3921;00019200000013969854;MultiModal;17/08/2026 08:20;18/08/2026 15:36;18/08/2026 15:36;17/08/2026 08:20;18/08/2026 15:38
CAIXA 33L + FRACAO 33L;FRAÇÃO 33L;2 C a 8 C;564625;SC;A4802;00019200000013969820;MultiModal;17/08/2026 08:22;18/08/2026 15:01;18/08/2026 15:01;17/08/2026 08:22;18/08/2026 15:11
CAIXA 33L + FRACAO 33L;FRAÇÃO 33L;2 C a 8 C;564626;SC;A7863;00019200000013971573;MultiModal;17/08/2026 08:12;18/08/2026 16:35;18/08/2026 16:35;17/08/2026 08:12;18/08/2026 16:37
CAIXA 33L + FRACAO 33L;FRAÇÃO 33L;2 C a 8 C;564627;SC;A8371;00019200000013970011;MultiModal;17/08/2026 08:04;18/08/2026 16:28;18/08/2026 16:28;17/08/2026 08:04;18/08/2026 16:30
CAIXA 33L + FRACAO 33L;FRAÇÃO 33L;2 C a 8 C;564628;SC;A8101;00019200000013970003;MultiModal;17/08/2026 08:15;18/08/2026 16:49;18/08/2026 16:49;17/08/2026 08:15;18/08/2026 16:50
CAIXA 33L + FRACAO 33L;FRAÇÃO 33L;2 C a 8 C;564629;SC;A0317;00019200000013969846;MultiModal;17/08/2026 08:21;18/08/2026 15:34;18/08/2026 15:34;17/08/2026 08:21;18/08/2026 15:36
CAIXA 33L + FRACAO 33L;FRAÇÃO 33L;2 C a 8 C;564630;SC;A8527;00019200000013991990;MultiModal;18/08/2026 06:28;20/08/2026 16:00;21/08/2026 11:56;18/08/2026 06:28;21/08/2026 12:01
CAIXA 33L + FRACAO 33L;FRAÇÃO 33L;2 C a 8 C;564631;SC;A8373;00019200000013970020;MultiModal;17/08/2026 08:21;18/08/2026 15:32;18/08/2026 15:32;17/08/2026 08:21;18/08/2026 15:33
CAIXA 33L + FRACAO 33L;FRAÇÃO 33L;2 C a 8 C;564632;SC;TA1132;00019200000013969960;MultiModal;17/08/2026 08:05;18/08/2026 16:19;18/08/2026 16:19;17/08/2026 08:05;18/08/2026 16:20
CAIXA 33L + FRACAO 33L;FRAÇÃO 33L;2 C a 8 C;564633;SC;TA0251;00019200000013969838;MultiModal;17/08/2026 08:18;18/08/2026 16:13;18/08/2026 16:13;17/08/2026 08:18;18/08/2026 16:14
CAIXA 33L + FRACAO 33L;FRAÇÃO 33L;2 C a 8 C;564634;SC;TA1208;00019200000013859730;MultiModal;17/08/2026 08:13;18/08/2026 16:21;18/08/2026 16:21;17/08/2026 08:13;18/08/2026 16:23
CAIXA 33L + FRACAO 33L;FRAÇÃO 33L;2 C a 8 C;564636;SC;A8660;00019200000013969803;MultiModal;17/08/2026 08:17;18/08/2026 16:45;18/08/2026 16:45;17/08/2026 08:17;18/08/2026 16:46
CAIXA 33L + FRACAO 33L;FRAÇÃO 33L;2 C a 8 C;564637;SC;A8750;00019200000013969773;MultiModal;17/08/2026 08:18;18/08/2026 15:45;18/08/2026 15:45;17/08/2026 08:18;18/08/2026 16:12
CAIXA 33L + FRACAO 33L;FRAÇÃO 33L;2 C a 8 C;564638;SC;A9708;00019200000013969790;MultiModal;17/08/2026 08:19;18/08/2026 15:40;18/08/2026 15:40;17/08/2026 08:19;18/08/2026 15:42
CAIXA 33L + FRACAO 33L;FRAÇÃO 33L;2 C a 8 C;564639;SC;A6236;00019200000013969757;MultiModal;17/08/2026 08:04;18/08/2026 16:31;18/08/2026 16:31;17/08/2026 08:04;18/08/2026 16:32
CAIXA 33L + FRACAO 33L;FRAÇÃO 33L;2 C a 8 C;564640;SC;TA0866;00019200000013969625;MultiModal;17/08/2026 08:23;18/08/2026 15:28;18/08/2026 15:28;17/08/2026 08:23;18/08/2026 15:30
CAIXA 33L + FRACAO 33L;FRAÇÃO 33L;2 C a 8 C;564641;SC;A5123;00019200000013969730;MultiModal;17/08/2026 08:16;18/08/2026 16:47;18/08/2026 16:47;17/08/2026 08:16;18/08/2026 16:48
CAIXA 33L + FRACAO 33L;FRAÇÃO 33L;2 C a 8 C;564643;SC;A3960;00019200000013969714;MultiModal;17/08/2026 08:13;18/08/2026 16:24;18/08/2026 16:24;17/08/2026 08:13;18/08/2026 16:26
CAIXA 33L + FRACAO 33L;FRAÇÃO 33L;2 C a 8 C;564707;SC;A5555;00019200000013969951;MultiModal;17/08/2026 08:14;18/08/2026 16:39;18/08/2026 16:39;17/08/2026 08:14;18/08/2026 16:41
CAIXA 33L + FRACAO 33L;FRAÇÃO 33L;2 C a 8 C;564798;SC;A4232;00019200000013859757;MultiModal;17/08/2026 08:19;18/08/2026 15:43;18/08/2026 15:43;17/08/2026 08:19;18/08/2026 15:44
CAIXA 33L + FRACAO 33L;FRAÇÃO 33L;2 C a 8 C;564800;SC;A2021;00019200000013859749;MultiModal;17/08/2026 08:17;18/08/2026 16:16;18/08/2026 16:16;17/08/2026 08:17;18/08/2026 16:17
CAIXA 33L + FRACAO 33L;FRAÇÃO 33L;2 C a 8 C;564841;SC;A8043;00019200000013992040;MultiModal;18/08/2026 06:28;20/08/2026 15:19;-;18/08/2026 06:28;20/08/2026 15:19
CAIXA 33L + FRACAO 33L;CAIXA 33L GELO PCM;2 C a 8 C;565080;SC;A8735;00019200000014059762;MultiModal;31/08/2026 02:25;01/09/2026 17:00;-;31/08/2026 02:25;01/09/2026 17:00
CAIXA 33L + FRACAO 33L;FRAÇÃO 33L;2 C a 8 C;565571;SC;TA0003;00019200000014036932;MultiModal;23/08/2026 00:39;24/08/2026 15:23;24/08/2026 15:23;23/08/2026 00:39;24/08/2026 15:24
CAIXA 33L + FRACAO 33L;FRAÇÃO 33L;2 C a 8 C;565699;SC;TA0974;00019200000014039281;MultiModal;24/08/2026 08:54;25/08/2026 16:00;-;24/08/2026 08:54;25/08/2026 16:00
CAIXA 33L + FRACAO 33L;FRAÇÃO 33L;2 C a 8 C;565700;SC;TA0246;00019200000014039273;MultiModal;24/08/2026 08:54;25/08/2026 16:00;-;24/08/2026 08:54;25/08/2026 16:00
CAIXA 33L + FRACAO 33L;FRAÇÃO 33L;2 C a 8 C;565704;SC;A7150;00019200000014039290;MultiModal;24/08/2026 09:23;25/08/2026 16:00;-;24/08/2026 09:23;25/08/2026 16:00
CAIXA 33L + FRACAO 33L;FRAÇÃO 33L;2 C a 8 C;565706;SC;TA0602;00019200000014037076;MultiModal;24/08/2026 09:23;25/08/2026 16:00;-;24/08/2026 09:23;25/08/2026 16:00
CAIXA 33L + FRACAO 33L;FRAÇÃO 33L;2 C a 8 C;565708;SC;A2139;00019200000014039265;MultiModal;24/08/2026 08:54;25/08/2026 16:00;-;24/08/2026 08:54;25/08/2026 16:00
CAIXA 33L + FRACAO 33L;FRAÇÃO 33L;2 C a 8 C;565725;SC;A7614;00019200000014037092;MultiModal;24/08/2026 08:54;25/08/2026 16:00;-;24/08/2026 08:54;25/08/2026 16:00
CAIXA 33L + FRACAO 33L;FRAÇÃO 33L;2 C a 8 C;565753;SC;A4853;00019200000014044250;MultiModal;24/08/2026 09:23;26/08/2026 15:00;-;24/08/2026 09:23;26/08/2026 15:00
CAIXA 33L + FRACAO 33L;FRAÇÃO 33L;2 C a 8 C;565937;SC;A5061;00019200000014019647;MultiModal;26/08/2026 01:44;03/09/2026 09:00;-;26/08/2026 01:44;03/09/2026 09:00
CAIXA 33L + FRACAO 33L;FRAÇÃO 33L;2 C a 8 C;566069;SC;A0078;00019200000014014157;MultiModal;27/08/2026 05:02;28/08/2026 11:00;-;27/08/2026 05:02;28/08/2026 11:00
CAIXA 33L + FRACAO 33L;FRAÇÃO 33L;2 C a 8 C;566223;SC;A3802;00019200000014058960;MultiModal;27/08/2026 22:30;31/08/2026 11:00;-;27/08/2026 22:30;31/08/2026 11:00
CAIXA 33L + FRACAO 33L;CAIXA 33L GELO PCM;2 C a 8 C;566473;SC;A4365;00019200000014032635;MultiModal;01/09/2026 04:32;-;-;01/09/2026 04:32;-
CAIXA 33L + FRACAO 33L;CAIXA 33L GELO PCM;2 C a 8 C;566545;SC;A3327;00019200000014152398;MultiModal;01/09/2026 04:57;02/09/2026 17:00;-;01/09/2026 04:57;02/09/2026 17:00
CAIXA 33L + FRACAO 33L;CAIXA 33L GELO PCM;2 C a 8 C;566547;SC;A5647;00019200000014149095;MultiModal;01/09/2026 04:57;02/09/2026 17:00;-;01/09/2026 04:57;02/09/2026 17:00
CAIXA 33L + FRACAO 33L;CAIXA 33L GELO PCM;2 C a 8 C;566549;SC;A6856;00019200000014149133;MultiModal;01/09/2026 04:57;02/09/2026 17:00;-;01/09/2026 04:57;02/09/2026 17:00
CAIXA 33L + FRACAO 33L;CAIXA 33L GELO PCM;2 C a 8 C;566550;SC;TA0206;00019200000014152339;MultiModal;01/09/2026 04:57;02/09/2026 17:00;-;01/09/2026 04:57;02/09/2026 17:00
CAIXA 33L + FRACAO 33L;CAIXA 33L GELO PCM;2 C a 8 C;566551;SC;A0117;00019200000014152380;MultiModal;01/09/2026 04:57;02/09/2026 17:00;-;01/09/2026 04:57;02/09/2026 17:00
CAIXA 33L + FRACAO 33L;CAIXA 33L GELO PCM;2 C a 8 C;566552;SC;A0548;00019200000014152690;MultiModal;01/09/2026 04:57;02/09/2026 17:00;-;01/09/2026 04:57;02/09/2026 17:00
CAIXA 33L + FRACAO 33L;CAIXA 33L GELO PCM;2 C a 8 C;566553;SC;A4509;00019200000014149079;MultiModal;01/09/2026 04:58;02/09/2026 17:00;-;01/09/2026 04:58;02/09/2026 17:00
CAIXA 33L + FRACAO 33L;CAIXA 33L GELO PCM;2 C a 8 C;566554;SC;A2994;00019200000014149109;MultiModal;01/09/2026 04:58;02/09/2026 17:00;-;01/09/2026 04:58;02/09/2026 17:00
CAIXA 33L + FRACAO 33L;CAIXA 33L GELO PCM;2 C a 8 C;566555;SC;A9426;00019200000014149060;MultiModal;01/09/2026 04:58;02/09/2026 17:00;-;01/09/2026 04:58;02/09/2026 17:00
CAIXA 33L + FRACAO 33L;CAIXA 33L GELO PCM;2 C a 8 C;566556;SC;A5498;00019200000014149087;MultiModal;01/09/2026 04:58;02/09/2026 17:00;-;01/09/2026 04:58;02/09/2026 17:00
CAIXA 33L + FRACAO 33L;CAIXA 33L GELO PCM;2 C a 8 C;566557;SC;A8638;00019200000014151286;MultiModal;01/09/2026 04:58;02/09/2026 17:00;-;01/09/2026 04:58;02/09/2026 17:00
CAIXA 33L + FRACAO 33L;CAIXA 33L GELO PCM;2 C a 8 C;566558;SC;A3162;00019200000014152304;MultiModal;01/09/2026 04:58;02/09/2026 17:00;-;01/09/2026 04:58;02/09/2026 17:00
CAIXA 33L + FRACAO 33L;CAIXA 33L GELO PCM;2 C a 8 C;566559;SC;A5736;00019200000014152312;MultiModal;01/09/2026 04:58;02/09/2026 17:00;-;01/09/2026 04:58;02/09/2026 17:00
CAIXA 33L + FRACAO 33L;CAIXA 33L GELO PCM;2 C a 8 C;566560;SC;A6131;00019200000014032384;MultiModal;01/09/2026 04:58;02/09/2026 17:00;-;01/09/2026 04:58;02/09/2026 17:00
CAIXA 33L + FRACAO 33L;CAIXA 33L GELO PCM;2 C a 8 C;566561;SC;A8699;00019200000014152215;MultiModal;01/09/2026 04:58;02/09/2026 17:00;-;01/09/2026 04:58;02/09/2026 17:00
CAIXA 33L + FRACAO 33L;CAIXA 33L GELO PCM;2 C a 8 C;566562;SC;A8530;00019200000014152711;MultiModal;01/09/2026 04:58;02/09/2026 17:00;-;01/09/2026 04:58;02/09/2026 17:00
CAIXA 33L + FRACAO 33L;CAIXA 33L GELO PCM;2 C a 8 C;566565;SC;A4377;00019200000014149125;MultiModal;01/09/2026 04:59;02/09/2026 17:00;-;01/09/2026 04:59;02/09/2026 17:00
CAIXA 33L + FRACAO 33L;CAIXA 33L GELO PCM;2 C a 8 C;566566;SC;TA0416;00019200000014152703;MultiModal;01/09/2026 04:59;02/09/2026 17:00;-;01/09/2026 04:59;02/09/2026 17:00
CAIXA 33L + FRACAO 33L;CAIXA 33L GELO PCM;2 C a 8 C;566569;SC;A4289;00019200000014152355;MultiModal;01/09/2026 04:59;02/09/2026 17:00;-;01/09/2026 04:59;02/09/2026 17:00
CAIXA 33L + FRACAO 33L;CAIXA 33L GELO PCM;2 C a 8 C;566578;SC;A5863;00019200000014152371;MultiModal;01/09/2026 04:59;02/09/2026 17:00;-;01/09/2026 04:59;02/09/2026 17:01
CAIXA 33L + FRACAO 33L;CAIXA 33L GELO PCM;2 C a 8 C;566581;SC;A8765;00019200000014149192;MultiModal;01/09/2026 04:59;02/09/2026 17:00;-;01/09/2026 04:59;02/09/2026 17:00
CAIXA 33L + FRACAO 33L;CAIXA 33L GELO PCM;2 C a 8 C;566676;SC;A4529;00019200000014149206;MultiModal;01/09/2026 04:59;02/09/2026 17:00;-;01/09/2026 04:59;02/09/2026 17:00
CAIXA 33L + FRACAO 33L;CAIXA 33L GELO PCM;2 C a 8 C;566680;SC;A8480;00019200000014149729;MultiModal;01/09/2026 04:59;02/09/2026 17:00;-;01/09/2026 04:59;02/09/2026 17:00
CAIXA 33L + FRACAO 33L;FRAÇÃO 33L;2 C a 8 C;566894;SC;A9367;00019200000014195801;MultiModal;03/09/2026 06:01;-;-;03/09/2026 06:01;-
CAIXA 33L + FRACAO 33L;FRAÇÃO 33L;2 C a 8 C;560094;SE;A8989;00019200000013492306;MultiModal;13/07/2026 04:28;14/07/2026 15:00;-;13/07/2026 04:28;14/07/2026 15:00
CAIXA 33L + FRACAO 33L;FRAÇÃO 33L;2 C a 8 C;560129;SE;A0975;00019200000013485598;MultiModal;13/07/2026 23:32;15/07/2026 10:30;-;13/07/2026 23:32;15/07/2026 10:30
CAIXA 33L + FRACAO 33L;FRAÇÃO 33L;2 C a 8 C;560790;SE;A9558;00019200000013442147;MultiModal;15/07/2026 23:21;17/07/2026 14:45;-;15/07/2026 23:21;17/07/2026 14:45
CAIXA 33L + FRACAO 33L;FRAÇÃO 33L;2 C a 8 C;561273;SE;A3927;00019200000013465848;MultiModal;23/07/2026 06:45;24/07/2026 10:00;-;23/07/2026 06:45;24/07/2026 10:00
CAIXA 33L + FRACAO 33L;CAIXA 33L COM BERÇO S/GELO;2 C a 8 C;561538;SE;A5887;00019200000013465821;MultiModal;21/07/2026 22:15;23/07/2026 15:00;-;21/07/2026 22:15;23/07/2026 15:00
CAIXA 33L + FRACAO 33L;FRAÇÃO 33L;2 C a 8 C;561762;SE;TA0562;00019200000013462806;MultiModal;22/07/2026 04:54;23/07/2026 15:00;-;22/07/2026 04:54;23/07/2026 15:00
CAIXA 33L + FRACAO 33L;FRAÇÃO 33L;2 C a 8 C;562649;SE;A7067;00019200000013786091;MultiModal;01/08/2026 16:38;04/08/2026 07:40;-;01/08/2026 16:38;04/08/2026 08:00
CAIXA 33L + FRACAO 33L;FRAÇÃO 33L;2 C a 8 C;562687;SE;TA0596;00019200000013820494;MultiModal;01/08/2026 16:38;03/08/2026 13:00;-;01/08/2026 16:38;03/08/2026 13:00
CAIXA 33L + FRACAO 33L;FRAÇÃO 33L;2 C a 8 C;562707;SE;A2204;00019200000013821253;MultiModal;03/08/2026 23:29;04/08/2026 16:10;-;03/08/2026 23:29;04/08/2026 16:10
CAIXA 33L + FRACAO 33L;FRAÇÃO 33L;2 C a 8 C;562870;SE;TA0020;00019200000013790013;MultiModal;04/08/2026 23:28;05/08/2026 15:32;-;04/08/2026 23:28;05/08/2026 15:32
CAIXA 33L + FRACAO 33L;FRAÇÃO 33L;2 C a 8 C;563132;SE;A8623;00019200000013861077;MultiModal;10/08/2026 00:50;10/08/2026 16:26;10/08/2026 16:26;10/08/2026 00:50;10/08/2026 16:29
CAIXA 33L + FRACAO 33L;FRAÇÃO 33L;2 C a 8 C;563468;SE;TA0662;00019200000013871161;MultiModal;05/08/2026 22:58;06/08/2026 15:00;-;05/08/2026 22:58;06/08/2026 15:00
CAIXA 33L + FRACAO 33L;FRAÇÃO 33L;2 C a 8 C;564183;SE;A8506;00019200000013921525;MultiModal;12/08/2026 22:50;14/08/2026 10:48;-;12/08/2026 22:50;14/08/2026 10:48
CAIXA 33L + FRACAO 33L;FRAÇÃO 33L;2 C a 8 C;564380;SE;A8486;00019200000013973142;MultiModal;15/08/2026 23:52;17/08/2026 10:30;-;15/08/2026 23:52;17/08/2026 10:30
CAIXA 33L + FRACAO 33L;FRAÇÃO 33L;2 C a 8 C;564461;SE;A0727;00019200000013972685;MultiModal;15/08/2026 23:52;17/08/2026 11:20;-;15/08/2026 23:52;17/08/2026 11:20
CAIXA 33L + FRACAO 33L;FRAÇÃO 33L;2 C a 8 C;565082;SE;A7375;00019200000013999168;MultiModal;23/08/2026 23:42;25/08/2026 10:28;25/08/2026 10:28;23/08/2026 23:42;25/08/2026 10:46
CAIXA 33L + FRACAO 33L;FRAÇÃO 33L;2 C a 8 C;565104;SE;A0276;00019200000013995537;MultiModal;23/08/2026 00:33;24/08/2026 11:58;-;23/08/2026 00:33;24/08/2026 11:58
CAIXA 33L + FRACAO 33L;FRAÇÃO 33L;2 C a 8 C;565831;SE;A6980;00019200000014028387;MultiModal;26/08/2026 01:32;27/08/2026 15:22;27/08/2026 15:22;26/08/2026 01:32;27/08/2026 15:26
CAIXA 33L + FRACAO 33L;FRAÇÃO 33L;2 C a 8 C;565909;SE;A7174;00019200000014049180;MultiModal;26/08/2026 01:44;27/08/2026 15:27;27/08/2026 15:27;26/08/2026 01:44;27/08/2026 15:31
CAIXA 33L + FRACAO 33L;FRAÇÃO 33L;2 C a 8 C;566088;SE;A3630;00019200000014037270;MultiModal;27/08/2026 03:21;28/08/2026 17:03;28/08/2026 17:03;27/08/2026 03:21;28/08/2026 17:07
CAIXA 33L + FRACAO 33L;FRAÇÃO 33L;2 C a 8 C;566142;SE;A3693;00019200000014037220;MultiModal;27/08/2026 03:21;28/08/2026 17:00;-;27/08/2026 03:21;28/08/2026 17:00
CAIXA 33L + FRACAO 33L;CAIXA 33L GELO PCM;2 C a 8 C;566359;SE;A7513;00019200000014153700;MultiModal;29/08/2026 23:33;31/08/2026 13:13;-;29/08/2026 23:33;31/08/2026 13:13
CAIXA 33L + FRACAO 33L;FRAÇÃO 33L;2 C a 8 C;566748;SE;TA0933;00019200000014186640;MultiModal;01/09/2026 22:36;03/09/2026 11:35;03/09/2026 11:35;01/09/2026 22:36;03/09/2026 11:39
CAIXA 33L + FRACAO 33L;FRAÇÃO 33L;2 C a 8 C;558302;SP;TA0893;00019200000013423134;Rodoviário;08/07/2026 04:58;08/07/2026 10:51;-;08/07/2026 04:58;08/07/2026 10:51
CAIXA 33L + FRACAO 33L;FRAÇÃO 33L;2 C a 8 C;559531;SP;A5323;00019200000013428462;Rodoviário;02/07/2026 06:09;02/07/2026 09:58;-;02/07/2026 06:09;02/07/2026 09:58
CAIXA 33L + FRACAO 33L;FRAÇÃO 33L;2 C a 8 C;559692;SP;A8733;00019200000013423070;Rodoviário;03/07/2026 04:14;03/07/2026 17:08;-;03/07/2026 04:14;03/07/2026 17:08
CAIXA 33L + FRACAO 33L;FRAÇÃO 33L;2 C a 8 C;559693;SP;A8992;00019200000013423258;Rodoviário;03/07/2026 02:09;03/07/2026 12:34;-;03/07/2026 02:09;03/07/2026 12:34
CAIXA 33L + FRACAO 33L;FRAÇÃO 33L;2 C a 8 C;559735;SP;A3747;00019200000013423126;Rodoviário;03/07/2026 02:09;03/07/2026 13:03;-;03/07/2026 02:09;03/07/2026 13:03
CAIXA 33L + FRACAO 33L;FRAÇÃO 33L;2 C a 8 C;559826;SP;A4562;00019200000013405446;Rodoviário;06/07/2026 05:53;06/07/2026 12:43;-;06/07/2026 05:53;06/07/2026 12:43
CAIXA 33L + FRACAO 33L;FRAÇÃO 33L;2 C a 8 C;559837;SP;A8527;00019200000013405454;Rodoviário;06/07/2026 06:14;08/07/2026 12:32;-;06/07/2026 06:14;08/07/2026 12:32
CAIXA 33L + FRACAO 33L;FRAÇÃO 33L;2 C a 8 C;559839;SP;A7266;00019200000013421123;Rodoviário;06/07/2026 06:04;06/07/2026 12:58;-;06/07/2026 06:04;06/07/2026 12:58
CAIXA 33L + FRACAO 33L;FRAÇÃO 33L;2 C a 8 C;560125;SP;A8088;00019200000013416510;Rodoviário;08/07/2026 03:23;13/07/2026 14:36;-;08/07/2026 03:23;13/07/2026 14:36
CAIXA 33L + FRACAO 33L;FRAÇÃO 33L;2 C a 8 C;560137;SP;A7054;00019200000013414330;Rodoviário;08/07/2026 03:08;08/07/2026 11:26;-;08/07/2026 03:08;08/07/2026 11:26
CAIXA 33L + FRACAO 33L;FRAÇÃO 33L;2 C a 8 C;560139;SP;A6826;00019200000013207903;Rodoviário;08/07/2026 03:23;08/07/2026 11:30;-;08/07/2026 03:23;08/07/2026 11:30
CAIXA 33L + FRACAO 33L;FRAÇÃO 33L;2 C a 8 C;560191;SP;A9226;00019200000013414550;Rodoviário;08/07/2026 03:58;08/07/2026 13:41;-;08/07/2026 03:58;08/07/2026 13:41
CAIXA 33L + FRACAO 33L;FRAÇÃO 33L;2 C a 8 C;560192;SP;A7353;00019200000013414585;Rodoviário;08/07/2026 02:58;08/07/2026 11:09;08/07/2026 11:10;08/07/2026 02:58;08/07/2026 11:13
CAIXA 33L + FRACAO 33L;FRAÇÃO 33L;2 C a 8 C;560193;SP;A6402;00019200000013414569;Rodoviário;14/07/2026 03:09;14/07/2026 14:39;-;14/07/2026 03:09;14/07/2026 14:39
CAIXA 33L + FRACAO 33L;FRAÇÃO 33L;2 C a 8 C;560230;SP;TA0828;00019200000013411195;Rodoviário;10/07/2026 03:41;16/07/2026 14:06;-;10/07/2026 03:41;16/07/2026 14:06
CAIXA 33L + FRACAO 33L;FRAÇÃO 33L;2 C a 8 C;560233;SP;A3457;00019200000013411179;Rodoviário;14/07/2026 03:09;14/07/2026 10:06;-;14/07/2026 03:09;14/07/2026 10:06
CAIXA 33L + FRACAO 33L;FRAÇÃO 33L;2 C a 8 C;560249;SP;A7033;00019200000013411152;Rodoviário;10/07/2026 03:55;10/07/2026 10:38;-;10/07/2026 03:55;10/07/2026 10:38
CAIXA 33L + FRACAO 33L;FRAÇÃO 33L;2 C a 8 C;560461;SP;A8102;00019200000013492268;Rodoviário;14/07/2026 03:02;14/07/2026 13:11;-;14/07/2026 03:02;14/07/2026 13:11
CAIXA 33L + FRACAO 33L;FRAÇÃO 33L;2 C a 8 C;560595;SP;A4988;00019200000013452525;Rodoviário;14/07/2026 02:59;14/07/2026 13:03;-;14/07/2026 02:59;14/07/2026 13:03
CAIXA 33L + FRACAO 33L;FRAÇÃO 33L;2 C a 8 C;560906;SP;TA0387;00019200000013481452;Rodoviário;15/07/2026 01:37;16/07/2026 13:04;-;15/07/2026 01:37;16/07/2026 13:04
CAIXA 33L + FRACAO 33L;FRAÇÃO 33L;2 C a 8 C;560910;SP;A2981;00019200000013442171;Rodoviário;15/07/2026 02:27;15/07/2026 15:34;-;15/07/2026 02:27;15/07/2026 15:34
CAIXA 33L + FRACAO 33L;FRAÇÃO 33L;2 C a 8 C;561047;SP;A7606;00019200000013594133;Rodoviário;21/07/2026 06:13;21/07/2026 09:16;-;21/07/2026 06:13;21/07/2026 09:16
CAIXA 33L + FRACAO 33L;FRAÇÃO 33L;2 C a 8 C;561166;SP;A7477;00019200000013478753;Rodoviário;16/07/2026 04:42;16/07/2026 10:01;-;16/07/2026 04:42;16/07/2026 10:01
CAIXA 33L + FRACAO 33L;FRAÇÃO 33L;2 C a 8 C;561242;SP;A8012;00019200000013594168;Rodoviário;17/07/2026 01:36;17/07/2026 11:19;-;17/07/2026 01:36;17/07/2026 11:19
CAIXA 33L + FRACAO 33L;FRAÇÃO 33L;2 C a 8 C;561417;SP;A2712;00019200000013594150;Rodoviário;17/07/2026 01:15;18/07/2026 11:37;-;17/07/2026 01:15;18/07/2026 11:37
CAIXA 33L + FRACAO 33L;FRAÇÃO 33L;2 C a 8 C;561472;SP;TA0580;00019200000013477544;Rodoviário;20/07/2026 05:23;20/07/2026 16:58;-;20/07/2026 05:23;20/07/2026 16:58
CAIXA 33L + FRACAO 33L;FRAÇÃO 33L;2 C a 8 C;561571;SP;A5111;00019200000013472518;Rodoviário;20/07/2026 05:23;20/07/2026 17:00;-;20/07/2026 05:23;20/07/2026 17:00
CAIXA 33L + FRACAO 33L;FRAÇÃO 33L;2 C a 8 C;561572;SP;A6697;00019200000013472623;Rodoviário;20/07/2026 05:23;21/07/2026 18:46;-;20/07/2026 05:23;21/07/2026 18:46
CAIXA 33L + FRACAO 33L;FRAÇÃO 33L;2 C a 8 C;561576;SP;A2621;00019200000013472496;Rodoviário;20/07/2026 05:43;20/07/2026 16:01;-;20/07/2026 05:43;20/07/2026 16:01
CAIXA 33L + FRACAO 33L;FRAÇÃO 33L;2 C a 8 C;561577;SP;A8963;00019200000013471767;Rodoviário;20/07/2026 03:48;20/07/2026 10:03;-;20/07/2026 03:48;20/07/2026 10:03
CAIXA 33L + FRACAO 33L;FRAÇÃO 33L;2 C a 8 C;561643;SP;A6780;00019200000013467239;Rodoviário;21/07/2026 05:50;21/07/2026 11:07;-;21/07/2026 05:50;21/07/2026 11:07
CAIXA 33L + FRACAO 33L;FRAÇÃO 33L;2 C a 8 C;561645;SP;A3678;00019200000013467212;Rodoviário;22/07/2026 02:46;22/07/2026 10:24;-;22/07/2026 02:46;22/07/2026 10:24
CAIXA 33L + FRACAO 33L;FRAÇÃO 33L;2 C a 8 C;561649;SP;A1815;00019200000013467182;Rodoviário;21/07/2026 05:49;21/07/2026 09:37;-;21/07/2026 05:49;21/07/2026 09:37
CAIXA 33L + FRACAO 33L;FRAÇÃO 33L;2 C a 8 C;561668;SP;A5655;00019200000013467131;Rodoviário;21/07/2026 06:27;21/07/2026 16:44;-;21/07/2026 06:27;21/07/2026 16:44
CAIXA 33L + FRACAO 33L;FRAÇÃO 33L;2 C a 8 C;561793;SP;TA1247;00019200000013455460;Rodoviário;23/07/2026 05:35;23/07/2026 14:53;-;23/07/2026 05:35;23/07/2026 14:53
CAIXA 33L + FRACAO 33L;FRAÇÃO 33L;2 C a 8 C;562151;SP;A0363;00019200000013691716;Rodoviário;27/07/2026 08:56;27/07/2026 10:53;-;27/07/2026 08:56;27/07/2026 10:53
CAIXA 33L + FRACAO 33L;FRAÇÃO 33L;2 C a 8 C;562177;SP;A8634;00019200000013690361;Rodoviário;27/07/2026 04:29;27/07/2026 16:44;-;27/07/2026 04:29;27/07/2026 16:44
CAIXA 33L + FRACAO 33L;FRAÇÃO 33L;2 C a 8 C;562217;SP;A6397;00019200000013690914;Rodoviário;27/07/2026 00:26;27/07/2026 15:39;-;27/07/2026 00:26;27/07/2026 15:39
CAIXA 33L + FRACAO 33L;FRAÇÃO 33L;2 C a 8 C;562218;SP;A7013;00019200000013690272;Rodoviário;27/07/2026 00:43;28/07/2026 09:55;-;27/07/2026 00:43;28/07/2026 09:55
CAIXA 33L + FRACAO 33L;FRAÇÃO 33L;2 C a 8 C;562219;SP;A5494;00019200000013690922;Rodoviário;27/07/2026 01:04;27/07/2026 10:12;-;27/07/2026 01:04;27/07/2026 10:12
CAIXA 33L + FRACAO 33L;FRAÇÃO 33L;2 C a 8 C;562282;SP;TA0902;00019200000013778188;Rodoviário;28/07/2026 03:31;28/07/2026 13:47;28/07/2026 13:08;28/07/2026 03:31;28/07/2026 17:44
CAIXA 33L + FRACAO 33L;FRAÇÃO 33L;2 C a 8 C;562499;SP;A5185;00019200000013729608;Rodoviário;29/07/2026 00:55;29/07/2026 09:20;-;29/07/2026 00:55;29/07/2026 09:20
CAIXA 33L + FRACAO 33L;FRAÇÃO 33L;2 C a 8 C;562506;SP;A7861;00019200000013729624;Rodoviário;29/07/2026 00:56;29/07/2026 08:16;-;29/07/2026 00:56;29/07/2026 08:16
CAIXA 33L + FRACAO 33L;FRAÇÃO 33L;2 C a 8 C;562611;SP;A1273;00019200000013824112;Rodoviário;31/07/2026 05:35;31/07/2026 14:42;-;31/07/2026 05:35;31/07/2026 14:42
CAIXA 33L + FRACAO 33L;FRAÇÃO 33L;2 C a 8 C;562630;SP;A3001;00019200000013820567;Rodoviário;31/07/2026 05:37;31/07/2026 11:04;31/07/2026 14:59;31/07/2026 05:37;31/07/2026 15:03
CAIXA 33L + FRACAO 33L;FRAÇÃO 33L;2 C a 8 C;562663;SP;TA0509;00019200000013820559;Rodoviário;31/07/2026 04:57;31/07/2026 15:19;31/07/2026 18:03;31/07/2026 04:57;31/07/2026 18:05
CAIXA 33L + FRACAO 33L;FRAÇÃO 33L;2 C a 8 C;562666;SP;A7714;00019200000013820516;Rodoviário;31/07/2026 05:01;31/07/2026 16:36;-;31/07/2026 05:01;31/07/2026 16:36
CAIXA 33L + FRACAO 33L;FRAÇÃO 33L;2 C a 8 C;562678;SP;A3938;00019200000013820460;Rodoviário;31/07/2026 05:01;31/07/2026 16:38;-;31/07/2026 05:01;31/07/2026 16:38
CAIXA 33L + FRACAO 33L;FRAÇÃO 33L;2 C a 8 C;562743;SP;A5906;00019200000013786059;Rodoviário;31/07/2026 05:03;04/08/2026 07:50;-;31/07/2026 05:03;04/08/2026 07:50
CAIXA 33L + FRACAO 33L;FRAÇÃO 33L;2 C a 8 C;562747;SP;A7979;00019200000013788370;Rodoviário;31/07/2026 05:01;31/07/2026 16:40;-;31/07/2026 05:01;31/07/2026 16:40
CAIXA 33L + FRACAO 33L;FRAÇÃO 33L;2 C a 8 C;562763;SP;A5521;00019200000013819984;Rodoviário;03/08/2026 05:02;03/08/2026 16:59;-;03/08/2026 05:02;03/08/2026 16:59
CAIXA 33L + FRACAO 33L;FRAÇÃO 33L;2 C a 8 C;562828;SP;A4443;00019200000013819992;Rodoviário;03/08/2026 01:26;03/08/2026 16:41;-;03/08/2026 01:26;03/08/2026 16:41
CAIXA 33L + FRACAO 33L;FRAÇÃO 33L;2 C a 8 C;562830;SP;A6704;00019200000013819950;Rodoviário;03/08/2026 02:05;03/08/2026 10:11;-;03/08/2026 02:05;03/08/2026 10:11
CAIXA 33L + FRACAO 33L;FRAÇÃO 33L;2 C a 8 C;562835;SP;A5458;00019200000013819976;Rodoviário;03/08/2026 11:57;03/08/2026 16:58;-;03/08/2026 11:57;03/08/2026 16:58
CAIXA 33L + FRACAO 33L;FRAÇÃO 33L;2 C a 8 C;562956;SP;A7029;00019200000013787594;Rodoviário;04/08/2026 01:36;04/08/2026 13:16;-;04/08/2026 01:36;04/08/2026 13:16
CAIXA 33L + FRACAO 33L;FRAÇÃO 33L;2 C a 8 C;563170;SP;A8191;00019200000013861271;Rodoviário;06/08/2026 04:46;06/08/2026 16:42;-;06/08/2026 04:46;06/08/2026 16:42
CAIXA 33L + FRACAO 33L;FRAÇÃO 33L;2 C a 8 C;563373;SP;A8538;00019200000013871331;Rodoviário;06/08/2026 04:45;06/08/2026 16:46;-;06/08/2026 04:45;06/08/2026 16:46
CAIXA 33L + FRACAO 33L;FRAÇÃO 33L;2 C a 8 C;563378;SP;A0378;00019200000013871501;Rodoviário;06/08/2026 05:07;06/08/2026 11:41;-;06/08/2026 05:07;06/08/2026 11:41
CAIXA 33L + FRACAO 33L;FRAÇÃO 33L;2 C a 8 C;563411;SP;A8979;00019200000013871498;Rodoviário;06/08/2026 04:46;06/08/2026 16:40;-;06/08/2026 04:46;06/08/2026 16:40
CAIXA 33L + FRACAO 33L;FRAÇÃO 33L;2 C a 8 C;563414;SP;A4065;00019200000013871587;Rodoviário;06/08/2026 06:06;06/08/2026 17:10;06/08/2026 19:42;06/08/2026 06:06;06/08/2026 19:46
CAIXA 33L + FRACAO 33L;FRAÇÃO 33L;2 C a 8 C;563417;SP;A7068;00019200000013871803;Rodoviário;06/08/2026 06:06;06/08/2026 17:14;06/08/2026 19:49;06/08/2026 06:06;06/08/2026 19:52
CAIXA 33L + FRACAO 33L;FRAÇÃO 33L;2 C a 8 C;563420;SP;A6205;00019200000013861247;Rodoviário;06/08/2026 06:07;06/08/2026 17:17;06/08/2026 19:52;06/08/2026 06:07;06/08/2026 19:55
CAIXA 33L + FRACAO 33L;FRAÇÃO 33L;2 C a 8 C;563473;SP;TA0786;00019200000013867652;Rodoviário;06/08/2026 04:59;-;06/08/2026 12:13;06/08/2026 04:59;06/08/2026 13:28
CAIXA 33L + FRACAO 33L;FRAÇÃO 33L;2 C a 8 C;563527;SP;A8321;00019200000013871811;Rodoviário;06/08/2026 05:14;10/08/2026 17:11;-;06/08/2026 05:14;10/08/2026 17:11
CAIXA 33L + FRACAO 33L;FRAÇÃO 33L;2 C a 8 C;563544;SP;A4201;00019200000013871854;Rodoviário;06/08/2026 05:13;06/08/2026 10:29;-;06/08/2026 05:13;06/08/2026 10:29
CAIXA 33L + FRACAO 33L;FRAÇÃO 33L;2 C a 8 C;563613;SP;A9660;00019200000013854500;Rodoviário;07/08/2026 03:27;07/08/2026 14:12;-;07/08/2026 03:27;07/08/2026 14:12
CAIXA 33L + FRACAO 33L;FRAÇÃO 33L;2 C a 8 C;563631;SP;A5050;00019200000013854518;Rodoviário;07/08/2026 03:35;07/08/2026 15:03;-;07/08/2026 03:35;07/08/2026 15:03
CAIXA 33L + FRACAO 33L;FRAÇÃO 33L;2 C a 8 C;563809;SP;A6933;00019200000013854496;Rodoviário;07/08/2026 04:52;07/08/2026 14:44;-;07/08/2026 04:52;07/08/2026 14:44
CAIXA 33L + FRACAO 33L;FRAÇÃO 33L;2 C a 8 C;563845;SP;A6439;00019200000013859846;Rodoviário;10/08/2026 07:12;10/08/2026 16:47;10/08/2026 16:47;10/08/2026 07:12;10/08/2026 16:49
CAIXA 33L + FRACAO 33L;FRAÇÃO 33L;2 C a 8 C;563888;SP;TA0505;00019200000013863495;Rodoviário;10/08/2026 07:11;10/08/2026 15:10;-;10/08/2026 07:11;10/08/2026 15:10
CAIXA 33L + FRACAO 33L;FRAÇÃO 33L;2 C a 8 C;564033;SP;A0580;00019200000013859935;Rodoviário;12/08/2026 02:37;12/08/2026 15:50;-;12/08/2026 02:37;12/08/2026 15:50
CAIXA 33L + FRACAO 33L;FRAÇÃO 33L;2 C a 8 C;564122;SP;A4162;00019200000013921550;Rodoviário;13/08/2026 01:37;17/08/2026 16:01;-;13/08/2026 01:37;17/08/2026 16:01
CAIXA 33L + FRACAO 33L;FRAÇÃO 33L;2 C a 8 C;564170;SP;A9511;00019200000013860089;Rodoviário;12/08/2026 04:28;12/08/2026 17:09;-;12/08/2026 04:28;12/08/2026 17:09
CAIXA 33L + FRACAO 33L;FRAÇÃO 33L;2 C a 8 C;564178;SP;A7974;00019200000013856022;Rodoviário;12/08/2026 02:36;12/08/2026 15:54;-;12/08/2026 02:36;12/08/2026 15:54
CAIXA 33L + FRACAO 33L;FRAÇÃO 33L;2 C a 8 C;564223;SP;A9151;00019200000013868314;Rodoviário;13/08/2026 05:59;13/08/2026 14:41;-;13/08/2026 05:59;13/08/2026 14:41
CAIXA 33L + FRACAO 33L;FRAÇÃO 33L;2 C a 8 C;564249;SP;A9560;00019200000013868357;Rodoviário;14/08/2026 01:58;14/08/2026 15:57;-;14/08/2026 01:58;14/08/2026 15:57
CAIXA 33L + FRACAO 33L;FRAÇÃO 33L;2 C a 8 C;564276;SP;TA0911;00019200000013868276;Rodoviário;14/08/2026 01:58;14/08/2026 15:48;-;14/08/2026 01:58;14/08/2026 15:48
CAIXA 33L + FRACAO 33L;FRAÇÃO 33L;2 C a 8 C;564278;SP;A7447;00019200000013868322;Rodoviário;14/08/2026 01:32;14/08/2026 15:49;14/08/2026 15:49;14/08/2026 01:32;14/08/2026 15:51
CAIXA 33L + FRACAO 33L;FRAÇÃO 33L;2 C a 8 C;564286;SP;A3596;00019200000013868330;Rodoviário;14/08/2026 01:04;14/08/2026 11:10;-;14/08/2026 01:04;14/08/2026 11:10
CAIXA 33L + FRACAO 33L;FRAÇÃO 33L;2 C a 8 C;564292;SP;A7187;00019200000014037149;Rodoviário;25/08/2026 05:58;25/08/2026 10:28;-;25/08/2026 05:58;25/08/2026 10:28
CAIXA 33L + FRACAO 33L;FRAÇÃO 33L;2 C a 8 C;564294;SP;TA0982;00019200000013868349;Rodoviário;14/08/2026 01:32;14/08/2026 16:04;-;14/08/2026 01:32;14/08/2026 16:04
CAIXA 33L + FRACAO 33L;FRAÇÃO 33L;2 C a 8 C;564296;SP;A7966;00019200000013868365;Rodoviário;14/08/2026 01:32;14/08/2026 15:52;14/08/2026 15:52;14/08/2026 01:32;14/08/2026 15:53
CAIXA 33L + FRACAO 33L;FRAÇÃO 33L;2 C a 8 C;564313;SP;A6393;00019200000013868292;Rodoviário;17/08/2026 04:27;17/08/2026 22:59;17/08/2026 23:07;17/08/2026 04:27;17/08/2026 23:08
CAIXA 33L + FRACAO 33L;FRAÇÃO 33L;2 C a 8 C;564322;SP;A7450;00019200000013974734;Rodoviário;14/08/2026 01:58;14/08/2026 15:55;-;14/08/2026 01:58;14/08/2026 15:55
CAIXA 33L + FRACAO 33L;FRAÇÃO 33L;2 C a 8 C;564330;SP;A6718;00019200000013974939;Rodoviário;14/08/2026 00:24;14/08/2026 11:59;-;14/08/2026 00:24;14/08/2026 11:59
CAIXA 33L + FRACAO 33L;FRAÇÃO 33L;2 C a 8 C;564348;SP;A9300;00019200000013974777;Rodoviário;14/08/2026 01:58;14/08/2026 15:53;-;14/08/2026 01:58;14/08/2026 15:53
CAIXA 33L + FRACAO 33L;FRAÇÃO 33L;2 C a 8 C;564353;SP;A8102;00019200000013972960;Rodoviário;17/08/2026 05:29;19/08/2026 09:20;-;17/08/2026 05:29;19/08/2026 09:20
CAIXA 33L + FRACAO 33L;FRAÇÃO 33L;2 C a 8 C;564366;SP;A0734;00019200000013972944;Rodoviário;17/08/2026 03:13;20/08/2026 11:40;-;17/08/2026 03:13;20/08/2026 11:40
CAIXA 33L + FRACAO 33L;FRAÇÃO 33L;2 C a 8 C;564383;SP;TA1127;00019200000013984918;Rodoviário;17/08/2026 04:28;17/08/2026 22:56;17/08/2026 23:11;17/08/2026 04:28;17/08/2026 23:12
CAIXA 33L + FRACAO 33L;FRAÇÃO 33L;2 C a 8 C;564386;SP;A1537;00019200000013984870;Rodoviário;17/08/2026 05:32;19/08/2026 11:30;-;17/08/2026 05:32;19/08/2026 11:30
CAIXA 33L + FRACAO 33L;FRAÇÃO 33L;2 C a 8 C;564396;SP;A9321;00019200000013972979;Rodoviário;17/08/2026 06:05;17/08/2026 17:29;-;17/08/2026 06:05;17/08/2026 17:29
CAIXA 33L + FRACAO 33L;FRAÇÃO 33L;2 C a 8 C;564398;SP;A6473;00019200000013972952;Rodoviário;17/08/2026 04:02;17/08/2026 10:38;17/08/2026 10:38;17/08/2026 04:02;17/08/2026 10:47
CAIXA 33L + FRACAO 33L;FRAÇÃO 33L;2 C a 8 C;564447;SP;A0980;00019200000013984799;Rodoviário;17/08/2026 05:31;18/08/2026 09:18;-;17/08/2026 05:31;18/08/2026 09:18
CAIXA 33L + FRACAO 33L;FRAÇÃO 33L;2 C a 8 C;564459;SP;A0499;00019200000013972707;Rodoviário;17/08/2026 05:11;17/08/2026 22:53;17/08/2026 23:15;17/08/2026 05:11;17/08/2026 23:16
CAIXA 33L + FRACAO 33L;FRAÇÃO 33L;2 C a 8 C;564462;SP;A7835;00019200000013984829;Rodoviário;17/08/2026 05:32;18/08/2026 14:30;-;17/08/2026 05:32;18/08/2026 14:30
CAIXA 33L + FRACAO 33L;FRAÇÃO 33L;2 C a 8 C;564512;SP;A7692;00019200000013984810;Rodoviário;17/08/2026 05:32;18/08/2026 14:30;-;17/08/2026 05:32;18/08/2026 14:30
CAIXA 33L + FRACAO 33L;FRAÇÃO 33L;2 C a 8 C;564535;SP;A0444;00019200000013972715;Rodoviário;17/08/2026 05:31;18/08/2026 09:18;-;17/08/2026 05:31;18/08/2026 09:18
CAIXA 33L + FRACAO 33L;FRAÇÃO 33L;2 C a 8 C;564801;SP;A7309;00019200000013969994;Rodoviário;18/08/2026 04:53;18/08/2026 08:13;18/08/2026 08:14;18/08/2026 04:53;18/08/2026 08:16
CAIXA 33L + FRACAO 33L;FRAÇÃO 33L;2 C a 8 C;564806;SP;A9277;00019200000013969986;Rodoviário;18/08/2026 04:51;18/08/2026 14:51;-;18/08/2026 04:51;18/08/2026 14:51
CAIXA 33L + FRACAO 33L;FRAÇÃO 33L;2 C a 8 C;564808;SP;A4327;00019200000013969633;Rodoviário;18/08/2026 04:38;18/08/2026 09:13;18/08/2026 16:50;18/08/2026 04:38;18/08/2026 16:54
CAIXA 33L + FRACAO 33L;FRAÇÃO 33L;2 C a 8 C;564813;SP;A4340;00019200000013969617;Rodoviário;18/08/2026 04:38;18/08/2026 08:23;18/08/2026 16:43;18/08/2026 04:38;18/08/2026 16:49
CAIXA 33L + FRACAO 33L;FRAÇÃO 33L;2 C a 8 C;564814;SP;TA0512;00019200000013969595;Rodoviário;18/08/2026 05:27;18/08/2026 12:15;18/08/2026 12:16;18/08/2026 05:27;18/08/2026 12:21
CAIXA 33L + FRACAO 33L;FRAÇÃO 33L;2 C a 8 C;564816;SP;A7879;00019200000013969978;Rodoviário;18/08/2026 04:34;18/08/2026 11:33;18/08/2026 11:33;18/08/2026 04:34;18/08/2026 11:35
CAIXA 33L + FRACAO 33L;FRAÇÃO 33L;2 C a 8 C;564828;SP;A7844;00019200000013991981;Rodoviário;19/08/2026 00:50;19/08/2026 17:55;-;19/08/2026 00:50;19/08/2026 17:55
CAIXA 33L + FRACAO 33L;FRAÇÃO 33L;2 C a 8 C;564937;SP;A7960;00019200000013992023;Rodoviário;19/08/2026 03:57;19/08/2026 11:49;19/08/2026 18:14;19/08/2026 03:57;19/08/2026 18:18
CAIXA 33L + FRACAO 33L;FRAÇÃO 33L;2 C a 8 C;564945;SP;A7038;00019200000013991973;Rodoviário;19/08/2026 00:51;19/08/2026 14:13;19/08/2026 14:13;19/08/2026 00:51;19/08/2026 14:23
CAIXA 33L + FRACAO 33L;FRAÇÃO 33L;2 C a 8 C;565085;SP;A8403;00019200000014041545;Rodoviário;24/08/2026 04:59;24/08/2026 12:12;-;24/08/2026 04:59;24/08/2026 12:12
CAIXA 33L + FRACAO 33L;FRAÇÃO 33L;2 C a 8 C;565113;SP;A6209;00019200000013995715;Rodoviário;21/08/2026 03:21;21/08/2026 14:24;-;21/08/2026 03:21;21/08/2026 14:24
CAIXA 33L + FRACAO 33L;FRAÇÃO 33L;2 C a 8 C;565119;SP;A5054;00019200000013995618;Rodoviário;21/08/2026 04:10;21/08/2026 11:02;21/08/2026 11:02;21/08/2026 04:10;21/08/2026 11:09
CAIXA 33L + FRACAO 33L;FRAÇÃO 33L;2 C a 8 C;565129;SP;A3681;00019200000013995634;Rodoviário;21/08/2026 03:21;22/08/2026 11:23;-;21/08/2026 03:21;22/08/2026 11:23
CAIXA 33L + FRACAO 33L;FRAÇÃO 33L;2 C a 8 C;565133;SP;TA0353;00019200000013998404;Rodoviário;20/08/2026 03:16;20/08/2026 19:44;-;20/08/2026 03:16;20/08/2026 19:44
CAIXA 33L + FRACAO 33L;FRAÇÃO 33L;2 C a 8 C;565134;SP;A0102;00019200000013998439;Rodoviário;20/08/2026 03:16;20/08/2026 08:25;20/08/2026 08:25;20/08/2026 03:16;20/08/2026 08:34
CAIXA 33L + FRACAO 33L;FRAÇÃO 33L;2 C a 8 C;565135;SP;A3481;00019200000013995626;Rodoviário;21/08/2026 05:00;21/08/2026 10:02;21/08/2026 10:02;21/08/2026 05:00;21/08/2026 10:29
CAIXA 33L + FRACAO 33L;FRAÇÃO 33L;2 C a 8 C;565142;SP;A5000;00019200000013995588;Rodoviário;21/08/2026 04:03;21/08/2026 14:02;-;21/08/2026 04:03;21/08/2026 14:02
CAIXA 33L + FRACAO 33L;FRAÇÃO 33L;2 C a 8 C;565149;SP;TA1045;00019200000013993135;Rodoviário;21/08/2026 03:20;21/08/2026 17:35;-;21/08/2026 03:20;21/08/2026 17:35
CAIXA 33L + FRACAO 33L;FRAÇÃO 33L;2 C a 8 C;565386;SP;A8875;00019200000013995529;Rodoviário;21/08/2026 04:04;21/08/2026 13:59;-;21/08/2026 04:04;21/08/2026 13:59
CAIXA 33L + FRACAO 33L;FRAÇÃO 33L;2 C a 8 C;565480;SP;TA1240;00019200000013993011;Rodoviário;24/08/2026 03:13;24/08/2026 16:10;24/08/2026 16:10;24/08/2026 03:13;24/08/2026 16:14
CAIXA 33L + FRACAO 33L;FRAÇÃO 33L;2 C a 8 C;565538;SP;TA1047;00019200000013993003;Rodoviário;24/08/2026 03:39;24/08/2026 08:43;24/08/2026 08:43;24/08/2026 03:39;24/08/2026 08:45
CAIXA 33L + FRACAO 33L;FRAÇÃO 33L;2 C a 8 C;565546;SP;A6027;00019200000014010151;Rodoviário;24/08/2026 03:14;-;-;24/08/2026 03:14;-
CAIXA 33L + FRACAO 33L;FRAÇÃO 33L;2 C a 8 C;565582;SP;A2367;00019200000013992260;Rodoviário;24/08/2026 03:39;24/08/2026 14:06;24/08/2026 14:06;24/08/2026 03:39;24/08/2026 14:30
CAIXA 33L + FRACAO 33L;FRAÇÃO 33L;2 C a 8 C;565597;SP;A9029;00019200000013993089;Rodoviário;24/08/2026 05:16;24/08/2026 17:42;24/08/2026 17:42;24/08/2026 05:16;24/08/2026 17:44
CAIXA 33L + FRACAO 33L;FRAÇÃO 33L;2 C a 8 C;565599;SP;TA0716;00019200000013992996;Rodoviário;24/08/2026 04:36;24/08/2026 17:31;-;24/08/2026 04:36;24/08/2026 17:31
CAIXA 33L + FRACAO 33L;FRAÇÃO 33L;2 C a 8 C;565602;SP;A6168;00019200000014037130;Rodoviário;25/08/2026 04:28;26/08/2026 14:54;-;25/08/2026 04:28;26/08/2026 14:54
CAIXA 33L + FRACAO 33L;FRAÇÃO 33L;2 C a 8 C;565607;SP;A5881;00019200000014037106;Rodoviário;24/08/2026 04:41;24/08/2026 13:45;-;24/08/2026 04:41;24/08/2026 13:45
CAIXA 33L + FRACAO 33L;FRAÇÃO 33L;2 C a 8 C;565752;SP;A6895;00019200000014037157;Rodoviário;25/08/2026 04:23;25/08/2026 12:42;25/08/2026 12:43;25/08/2026 04:23;25/08/2026 12:44
CAIXA 33L + FRACAO 33L;FRAÇÃO 33L;2 C a 8 C;565754;SP;A8653;00019200000014037165;Rodoviário;25/08/2026 04:31;25/08/2026 16:54;25/08/2026 16:54;25/08/2026 04:31;25/08/2026 16:55
CAIXA 33L + FRACAO 33L;FRAÇÃO 33L;2 C a 8 C;565775;SP;A5031;00019200000014037386;Rodoviário;25/08/2026 04:02;25/08/2026 11:53;25/08/2026 11:53;25/08/2026 04:02;25/08/2026 11:56
CAIXA 33L + FRACAO 33L;FRAÇÃO 33L;2 C a 8 C;565803;SP;A6308;00019200000013985507;Rodoviário;25/08/2026 05:11;25/08/2026 12:34;25/08/2026 12:35;25/08/2026 05:11;25/08/2026 12:46
CAIXA 33L + FRACAO 33L;FRAÇÃO 33L;2 C a 8 C;565911;SP;A3805;00019200000014049104;Rodoviário;26/08/2026 04:06;26/08/2026 12:48;26/08/2026 12:48;26/08/2026 04:06;26/08/2026 12:50
CAIXA 33L + FRACAO 33L;FRAÇÃO 33L;2 C a 8 C;565979;SP;A2040;00019200000014038897;Rodoviário;26/08/2026 04:05;26/08/2026 12:54;26/08/2026 12:54;26/08/2026 04:05;26/08/2026 12:56
CAIXA 33L + FRACAO 33L;FRAÇÃO 33L;2 C a 8 C;566068;SP;TA0857;00019200000014014815;Rodoviário;27/08/2026 01:04;27/08/2026 13:18;-;27/08/2026 01:04;27/08/2026 13:18
CAIXA 33L + FRACAO 33L;CAIXA 33L GELO PCM;2 C a 8 C;566102;SP;TA0305;00019200000014024128;Rodoviário;31/08/2026 01:03;31/08/2026 15:29;-;31/08/2026 01:03;31/08/2026 15:29
CAIXA 33L + FRACAO 33L;FRAÇÃO 33L;2 C a 8 C;566112;SP;A8932;00019200000014059070;Rodoviário;28/08/2026 01:07;28/08/2026 16:42;-;28/08/2026 01:07;28/08/2026 16:42
CAIXA 33L + FRACAO 33L;FRAÇÃO 33L;2 C a 8 C;566149;SP;A7757;00019200000014024136;Rodoviário;28/08/2026 03:35;31/08/2026 16:39;-;28/08/2026 03:35;31/08/2026 16:39
CAIXA 33L + FRACAO 33L;FRAÇÃO 33L;2 C a 8 C;566206;SP;A4365;00019200000014059800;Rodoviário;27/08/2026 23:52;28/08/2026 11:18;28/08/2026 11:18;27/08/2026 23:52;28/08/2026 11:19
CAIXA 33L + FRACAO 33L;FRAÇÃO 33L;2 C a 8 C;566207;SP;A5956;00019200000014059738;Rodoviário;27/08/2026 23:53;28/08/2026 15:34;-;27/08/2026 23:53;28/08/2026 15:34
CAIXA 33L + FRACAO 33L;CAIXA 33L GELO PCM;2 C a 8 C;566365;SP;TA0426;00019200000014153653;Rodoviário;31/08/2026 04:10;31/08/2026 15:13;-;31/08/2026 04:10;31/08/2026 15:13
CAIXA 33L + FRACAO 33L;FRAÇÃO 33L;2 C a 8 C;566377;SP;TA0824;00019200000014185504;Rodoviário;02/09/2026 01:28;02/09/2026 13:49;02/09/2026 13:49;02/09/2026 01:28;02/09/2026 13:52
CAIXA 33L + FRACAO 33L;CAIXA 33L GELO PCM;2 C a 8 C;566384;SP;A6894;00019200000014153661;Rodoviário;31/08/2026 04:31;31/08/2026 16:40;-;31/08/2026 04:31;31/08/2026 16:40
CAIXA 33L + FRACAO 33L;CAIXA 33L GELO PCM;2 C a 8 C;566404;SP;A6609;00019200000014152800;Rodoviário;01/09/2026 02:03;01/09/2026 16:05;-;01/09/2026 02:03;01/09/2026 16:05
CAIXA 33L + FRACAO 33L;CAIXA 33L GELO PCM;2 C a 8 C;566408;SP;A8096;00019200000014152754;Rodoviário;01/09/2026 02:09;01/09/2026 10:11;01/09/2026 10:11;01/09/2026 02:09;01/09/2026 10:13
CAIXA 33L + FRACAO 33L;CAIXA 33L GELO PCM;2 C a 8 C;566457;SP;A3666;00019200000014149214;Rodoviário;01/09/2026 04:23;01/09/2026 14:34;-;01/09/2026 04:23;01/09/2026 14:34
CAIXA 33L + FRACAO 33L;CAIXA 33L GELO PCM;2 C a 8 C;566484;SP;A2985;00019200000014149230;Rodoviário;01/09/2026 03:53;01/09/2026 12:20;-;01/09/2026 03:53;01/09/2026 12:20
CAIXA 33L + FRACAO 33L;CAIXA 33L GELO PCM;2 C a 8 C;566485;SP;A9676;00019200000014149737;Rodoviário;01/09/2026 04:22;01/09/2026 17:53;-;01/09/2026 04:22;01/09/2026 17:53
CAIXA 33L + FRACAO 33L;CAIXA 33L GELO PCM;2 C a 8 C;566583;SP;TA1181;00019200000014149176;Rodoviário;01/09/2026 04:17;-;-;01/09/2026 04:17;-
CAIXA 33L + FRACAO 33L;CAIXA 33L GELO PCM;2 C a 8 C;566593;SP;A8607;00019200000014149184;Rodoviário;01/09/2026 04:17;-;-;01/09/2026 04:17;-
CAIXA 33L + FRACAO 33L;CAIXA 33L GELO PCM;2 C a 8 C;566642;SP;TA0663;00019200000014149710;Rodoviário;01/09/2026 02:02;02/09/2026 15:30;02/09/2026 15:30;01/09/2026 02:02;02/09/2026 15:32
CAIXA 33L + FRACAO 33L;CAIXA 33L GELO PCM;2 C a 8 C;566808;SP;TA0158;00019200000014149702;Rodoviário;01/09/2026 03:53;01/09/2026 12:19;-;01/09/2026 03:53;01/09/2026 12:19
CAIXA 33L + FRACAO 33L;FRAÇÃO 33L;2 C a 8 C;566836;SP;A8738;00019200000014186624;Rodoviário;02/09/2026 03:18;02/09/2026 13:46;-;02/09/2026 03:18;02/09/2026 13:46
CAIXA 33L + FRACAO 33L;CAIXA 33L GELO PCM;2 C a 8 C;567099;SP;A6327;00019200000014195771;Rodoviário;03/09/2026 04:10;03/09/2026 08:40;03/09/2026 08:41;03/09/2026 04:10;03/09/2026 08:44
CAIXA 33L + FRACAO 33L;CAIXA 33L GELO PCM;2 C a 8 C;567148;SP;A5434;00019200000014196514;Rodoviário;03/09/2026 03:39;03/09/2026 08:35;03/09/2026 08:35;03/09/2026 03:39;03/09/2026 08:37
CAIXA 33L + FRACAO 33L;CAIXA 33L GELO PCM;2 C a 8 C;567152;SP;A1622;00019200000014195763;Rodoviário;03/09/2026 04:18;03/09/2026 16:19;03/09/2026 16:19;03/09/2026 04:18;03/09/2026 16:22
CAIXA 33L + FRACAO 33L;CAIXA 33L GELO PCM;2 C a 8 C;567228;SP;A4293;00019200000014196999;Rodoviário;04/09/2026 02:59;-;-;04/09/2026 02:59;-
CAIXA 33L + FRACAO 33L;CAIXA 33L GELO PCM;2 C a 8 C;567235;SP;A8756;00019200000014202913;Rodoviário;04/09/2026 03:28;-;-;04/09/2026 03:28;-
CAIXA 33L + FRACAO 33L;FRAÇÃO 33L;2 C a 8 C;560095;TO;A6147;00019200000013414321;MultiModal;08/07/2026 00:41;09/07/2026 18:00;-;08/07/2026 00:41;09/07/2026 18:00
CAIXA 33L + FRACAO 33L;FRAÇÃO 33L;2 C a 8 C;560131;TO;A1961;00019200000013411160;MultiModal;13/07/2026 00:40;14/07/2026 14:54;-;13/07/2026 00:40;14/07/2026 14:54
CAIXA 33L + FRACAO 33L;FRAÇÃO 33L;2 C a 8 C;560364;TO;A0191;00019200000013492314;MultiModal;13/07/2026 01:44;15/07/2026 17:22;-;13/07/2026 01:44;15/07/2026 17:22
CAIXA 33L + FRACAO 33L;FRAÇÃO 33L;2 C a 8 C;560806;TO;A9206;00019200000013442210;MultiModal;14/07/2026 23:02;17/07/2026 14:00;-;14/07/2026 23:02;17/07/2026 14:00
CAIXA 33L + FRACAO 33L;FRAÇÃO 33L;2 C a 8 C;561763;TO;TA0307;00019200000013462814;MultiModal;21/07/2026 23:55;23/07/2026 19:00;-;21/07/2026 23:55;23/07/2026 19:00
CAIXA 33L + FRACAO 33L;FRAÇÃO 33L;2 C a 8 C;562571;TO;A7477;00019200000013729640;MultiModal;28/07/2026 22:17;03/08/2026 15:08;-;28/07/2026 22:17;03/08/2026 15:08
CAIXA 33L + FRACAO 33L;FRAÇÃO 33L;2 C a 8 C;562871;TO;A5234;00019200000013823531;MultiModal;02/08/2026 23:54;04/08/2026 16:00;-;02/08/2026 23:54;04/08/2026 16:00
CAIXA 33L + FRACAO 33L;FRAÇÃO 33L;2 C a 8 C;563133;TO;A7379;00019200000013853520;MultiModal;04/08/2026 23:33;06/08/2026 11:12;-;04/08/2026 23:33;06/08/2026 11:12
CAIXA 33L + FRACAO 33L;FRAÇÃO 33L;2 C a 8 C;563225;TO;A0675;00019200000013860941;MultiModal;10/08/2026 00:41;11/08/2026 14:10;-;10/08/2026 00:41;11/08/2026 14:10
CAIXA 33L + FRACAO 33L;FRAÇÃO 33L;2 C a 8 C;563321;TO;A5353;00019200000013871323;MultiModal;05/08/2026 22:58;07/08/2026 18:00;-;05/08/2026 22:58;07/08/2026 18:00
CAIXA 33L + FRACAO 33L;FRAÇÃO 33L;2 C a 8 C;563471;TO;A7323;00019200000013871692;MultiModal;05/08/2026 22:59;07/08/2026 11:33;-;05/08/2026 22:59;07/08/2026 11:33
CAIXA 33L + FRACAO 33L;FRAÇÃO 33L;2 C a 8 C;563682;TO;A2561;00019200000013861107;MultiModal;10/08/2026 01:25;11/08/2026 14:00;-;10/08/2026 01:25;11/08/2026 14:00
CAIXA 33L + FRACAO 33L;FRAÇÃO 33L;2 C a 8 C;563740;TO;A6758;00019200000013859056;MultiModal;10/08/2026 00:41;11/08/2026 16:20;-;10/08/2026 00:41;11/08/2026 16:20
CAIXA 33L + FRACAO 33L;FRAÇÃO 33L;2 C a 8 C;563922;TO;A3623;00019200000013861891;MultiModal;11/08/2026 23:28;14/08/2026 14:00;-;11/08/2026 23:28;14/08/2026 14:00
CAIXA 33L + FRACAO 33L;FRAÇÃO 33L;2 C a 8 C;564023;TO;A2249;00019200000013977458;MultiModal;12/08/2026 22:47;14/08/2026 14:00;-;12/08/2026 22:47;14/08/2026 14:00
CAIXA 33L + FRACAO 33L;FRAÇÃO 33L;2 C a 8 C;564037;TO;A3616;00019200000013859986;MultiModal;11/08/2026 23:28;14/08/2026 16:29;-;11/08/2026 23:28;14/08/2026 16:29
CAIXA 33L + FRACAO 33L;FRAÇÃO 33L;2 C a 8 C;564295;TO;A6729;00019200000013868241;MultiModal;13/08/2026 04:38;14/08/2026 14:00;-;13/08/2026 04:38;14/08/2026 14:00
CAIXA 33L + FRACAO 33L;FRAÇÃO 33L;2 C a 8 C;565744;TO;A7995;00019200000014044307;MultiModal;24/08/2026 00:46;25/08/2026 17:00;-;24/08/2026 00:46;25/08/2026 17:00
CAIXA 33L + FRACAO 33L;FRAÇÃO 33L;2 C a 8 C;565789;TO;TA0387;00019200000014041669;MultiModal;24/08/2026 06:15;25/08/2026 17:00;-;24/08/2026 06:15;25/08/2026 17:00
CAIXA 33L + FRACAO 33L;FRAÇÃO 33L;2 C a 8 C;565912;TO;A8013;00019200000014049376;MultiModal;25/08/2026 22:31;27/08/2026 16:45;-;25/08/2026 22:31;27/08/2026 16:45
CAIXA 33L + FRACAO 33L;FRAÇÃO 33L;2 C a 8 C;566020;TO;A5230;00019200000014058995;MultiModal;31/08/2026 22:40;-;-;31/08/2026 22:40;-
CAIXA 33L + FRACAO 33L;FRAÇÃO 33L;2 C a 8 C;566092;TO;TA0833;00019200000014152851;MultiModal;29/08/2026 23:33;31/08/2026 14:00;-;29/08/2026 23:33;31/08/2026 14:00
